source	genome	name	name_in_source	file_label	bfd_order	override	override_use	status	n_calls	locus_id	idiomorph	confidence	locus_class	detection_pass	margin	contig	locus_start	locus_end	genes_found	core_gene	core_status	core_start	core_end	core_strand	core_identity	core_aa	flank_status	left_flank	right_flank	locus_size_inner	two_idiomorphs
BFD	GCA_977092135.1_gzAbsCyli1	Absidia cylindrospora	Absidia cylindrospora		Mucorales			called	1	BFD__GCA_977092135.1_gzAbsCyli1__L0	Minus	medium	mat_locus	strict	55.22031	CDRYNH010000023.1	4846711	4867574	sexM,algA,glrA	sexM	polished_agree	4856220	4856753	-	38.51	178	both_sides	glrA	algA	17702	False
BFD	GCA_900079185.1_AG_v1	Absidia glauca CBS 101.48 substr. RVII-324 met	Absidia glauca		Mucorales			called	1	BFD__GCA_900079185.1_AG_v1__L0	Minus	medium	partial_locus	relaxed	112.26022	LT553527.1	531514	549727	sexM,algA	sexM	polished_agree	549011	549697	+	76.86	229	flank_one_side				False
BFD	GCA_019677225.1_ASM1967722v1	Absidia healeyae UoMAU1	Absidia healeyae		Mucorales			called	1	BFD__GCA_019677225.1_ASM1967722v1__L0	Minus	high	mat_locus	strict	61.480877	JAFHAR010000822.1	154	3749	tptA,sexM,algA	sexM	polished_disagree	3207	3749	+	40.68	181	flank_one_side				False
BFD	GCA_002105175.1_Absrep1	Absidia repens NRRL 1336	Absidia repens		Mucorales			called	1	BFD__GCA_002105175.1_Absrep1__L0	Plus	high	mat_locus	strict	228.009346	MCGE01000013.1	717627	782232	tptA,sexP,rnhA,algA,glrA	sexP	polished_agree	771619	772494	+	56.06	292	both_sides	algA	glrA	12343	False
BFD	GCA_019677255.1_ASM1967725v1	Absidia sp. UoMAU379 UoMAU379	Absidia sp. UoMAU379		Mucorales			uncalled	0																						
BFD	GCA_050656845.1_ASM5065684v1	Absidia sp. YW-2025a CGMCC 3.27810	Absidia sp. YW-2025a		Mucorales			called	1	BFD__GCA_050656845.1_ASM5065684v1__L0	Minus	medium	partial_locus	relaxed	62.401581	JBOEPV010000879.1	5487	14426	sexM,glrA	sexM	polished_agree	13770	14321	-	37.43	184	flank_one_side				False
BFD	GCA_050656855.1_ASM5065685v1	Absidia sp. YW-2025b CGMCC 3.27811	Absidia sp. YW-2025b		Mucorales			uncalled	0																						
BFD	GCA_026027325.1_ASM2602732v1	Actinomucor elegans CJ-6	Actinomucor elegans		Mucorales			called	1	BFD__GCA_026027325.1_ASM2602732v1__L0	Plus	high	mat_locus	strict	291.062466	JAMSLZ010000001.1	3744645	3788331	tptA,sexP,sexM,rnhA,algA,glrA	sexP	polished_disagree	3749020	3749880	+	39.37	287	both_sides	tptA	rnhA	2477	False
BFD	GCA_001599635.1_JCM_22485_assembly_v001	Actinomucor elegans JCM 22485	Actinomucor elegans		Mucorales			called	1	BFD__GCA_001599635.1_JCM_22485_assembly_v001__L0	Plus	high	mat_locus	strict	291.062466	BCHK01000042.1	211162	226044	tptA,sexP,rnhA,algA,glrA	sexP	polished_disagree	215537	216397	+	39.37	287	both_sides	tptA	rnhA	2477	False
BFD	GCA_000696995.1_ApoEleB7760-1.0	Apophysomyces elegans B7760	Apophysomyces elegans B7760		Mucorales			called	1	BFD__GCA_000696995.1_ApoEleB7760-1.0__L0	Minus	high	mat_locus	strict	87.522514	JNDQ01001420.1	63681	70569	tptA,sexP,sexM,algA	sexM	polished_disagree	63936	64187	-	65.48	84	flank_one_side				False
BFD	GCA_014839865.1_ASM1483986v1	Apophysomyces ossiformis NRRL A-21654	Apophysomyces ossiformis		Mucorales			called	1	BFD__GCA_014839865.1_ASM1483986v1__L0	Plus	high	mat_locus	strict	136.1679	JABAYA010000049.1	135274	142984	tptA,sexP,algA	sexP	polished_disagree	135592	136017	-	46.38	142	flank_one_side				False
BFD	GCA_016097715.1_ASM1609771v1	Apophysomyces sp. BC1015 BC1015	Apophysomyces sp. BC1015		Mucorales			called	1	BFD__GCA_016097715.1_ASM1609771v1__L0	Plus	high	mat_locus	strict	148.713295	JAAZWU010000575.1	6857	16341	tptA,sexP,algA	sexP	polished_disagree	15613	16158	+	35.2	182	flank_one_side				False
BFD	GCA_016097735.1_ASM1609773v1	Apophysomyces sp. BC1021 BC1021	Apophysomyces sp. BC1021		Mucorales			called	1	BFD__GCA_016097735.1_ASM1609773v1__L0	Plus	high	mat_locus	strict	148.713295	JAAZWV010000301.1	7086	16570	tptA,sexP,algA	sexP	polished_disagree	15842	16387	+	35.2	182	flank_one_side				False
BFD	GCA_016097755.1_ASM1609775v1	Apophysomyces sp. BC1034 BC1034	Apophysomyces sp. BC1034		Mucorales			called	1	BFD__GCA_016097755.1_ASM1609775v1__L0	Plus	high	mat_locus	strict	148.713295	JAAZWW010000327.1	19857	29341	tptA,sexP,algA	sexP	polished_disagree	20040	20585	-	35.2	182	flank_one_side				False
BFD	GCA_000696975.1_ApoTraB9324-1.0	Apophysomyces trapeziformis B9324	Apophysomyces trapeziformis B9324		Mucorales			called	1	BFD__GCA_000696975.1_ApoTraB9324-1.0__L0	Plus	high	mat_locus	strict	152.472446	JNDP01001082.1	17134	24947	tptA,sexP,algA	sexP	polished_disagree	17428	17877	-	44.52	150	flank_one_side				False
BFD	GCA_002749535.1_ASM274953v1	Apophysomyces variabilis NCCPF 102052	Apophysomyces variabilis		Mucorales			called	1	BFD__GCA_002749535.1_ASM274953v1__L0	Minus	high	mat_locus	strict	86.168037	MZZL01000138.1	192120	199388	tptA,sexP,sexM,algA	sexM	polished_disagree	192375	192626	-	65.48	84	flank_one_side				False
BFD	GCA_024140275.1_ASM2414027v1	Backusella australiensis UoMAU34	Backusella australiensis		Mucorales			called	1	BFD__GCA_024140275.1_ASM2414027v1__L0	Minus	high	mat_locus	strict	80.138786	VCJF01002266.1	53700	92839	tptA,sexM,algA,glrA	sexM	polished_disagree	89838	90089	-	50.0	84	both_sides	glrA	algA	5664	False
BFD	GCA_024140565.1_ASM2414056v1	Backusella australiensis UoMAU90	Backusella australiensis		Mucorales			called	1	BFD__GCA_024140565.1_ASM2414056v1__L0	Plus	high	mat_locus	strict	219.633759	VCJH01002494.1	56058	95541	tptA,sexP,algA,glrA	sexP	polished_disagree	92120	92560	-	48.61	147	both_sides	glrA	algA	5995	False
BFD	GCA_025399235.1_Bacci1	Backusella circina FSU 941	Backusella circina FSU 941		Mucorales			called	1	BFD__GCA_025399235.1_Bacci1__L0	Plus	medium	mat_locus	strict	240.579102	MU622345.1	79679	88872	sexP,algA,glrA	sexP	polished_disagree	82646	83182	+	39.89	179	both_sides	algA	glrA	6173	False
BFD	GCA_024140265.1_ASM2414026v1	Backusella liffmaniae UoMAU58	Backusella liffmaniae		Mucorales			called	1	BFD__GCA_024140265.1_ASM2414026v1__L0	Plus	medium	mat_locus	strict	222.390488	VCJE01002432.1	27442	36454	sexP,algA,glrA	sexP	polished_disagree	33116	33667	-	37.5	184	both_sides	glrA	algA	5954	False
BFD	GCA_024140195.1_ASM2414019v1	Backusella luteola UoMAU6	Backusella luteola		Mucorales			called	1	BFD__GCA_024140195.1_ASM2414019v1__L0	Minus	medium	mat_locus	strict	82.330132	VCJC01002502.1	22377	31818	sexM,algA,glrA	sexM	polished_disagree	25372	25983	+	43.79	157	both_sides	algA	glrA	6426	False
BFD	GCA_024139275.1_ASM2413927v1	Backusella macrospora UoMAU7	Backusella macrospora		Mucorales			called	1	BFD__GCA_024139275.1_ASM2413927v1__L0	Plus	medium	partial_locus	relaxed	244.940536	VCJA01002019.1	796	4701	sexP,algA	sexP	polished_disagree	1174	1614	-	52.08	147	flank_one_side				False
BFD	GCA_024139405.1_ASM2413940v1	Backusella mclennaniae UoMAU11	Backusella mclennaniae		Mucorales			called	1	BFD__GCA_024139405.1_ASM2413940v1__L0	Minus	high	mat_locus	strict	80.212296	VCJL01001223.1	18537	55888	tptA,sexM,algA,glrA	sexM	polished_disagree	21697	21975	+	45.16	93	both_sides	algA	glrA	6099	False
BFD	GCA_024139395.1_ASM2413939v1	Backusella morwellensis UoMAU16	Backusella morwellensis		Mucorales			called	1	BFD__GCA_024139395.1_ASM2413939v1__L0	Minus	medium	mat_locus	strict	84.03196	VCJI01001366.1	21890	30893	sexM,algA,glrA	sexM	polished_disagree	24916	25167	+	50.0	84	both_sides	algA	glrA	5960	False
BFD	GCA_024140155.1_ASM2414015v1	Backusella parvicylindrica UoMAU35	Backusella parvicylindrica		Mucorales			called	1	BFD__GCA_024140155.1_ASM2414015v1__L0	Plus	medium	mat_locus	strict	259.517761	VCJB01002633.1	6676	15687	sexP,algA,glrA	sexP	polished_disagree	12340	12864	-	42.86	175	both_sides	glrA	algA	5968	False
BFD	GCA_024139485.1_ASM2413948v1	Backusella psychrophila UoMAU55	Backusella psychrophila		Mucorales			called	1	BFD__GCA_024139485.1_ASM2413948v1__L0	Plus	high	mat_locus	strict	226.418945	VCJK01001374.1	38725	76997	tptA,sexP,algA,glrA	sexP	polished_disagree	41332	41886	+	37.84	185	both_sides	algA	glrA	5760	False
BFD	GCA_024139495.1_ASM2413949v1	Backusella sp. ASU-2019c UoMAU9	Backusella sp. ASU-2019c		Mucorales			called	1	BFD__GCA_024139495.1_ASM2413949v1__L0	Plus	medium	mat_locus	strict	223.482758	VCJM01001052.1	15010	24123	sexP,algA,glrA	sexP	polished_disagree	17874	18359	+	40.74	162	both_sides	algA	glrA	6087	False
BFD	GCA_024139415.1_ASM2413941v1	Backusella tarrabulga UoMAU5	Backusella tarrabulga		Mucorales			called	1	BFD__GCA_024139415.1_ASM2413941v1__L0	Plus	medium	mat_locus	strict	237.427555	VCJJ01001653.1	25459	34550	sexP,algA,glrA	sexP	polished_disagree	31085	31525	-	48.61	147	both_sides	glrA	algA	6019	False
BFD	GCA_024140245.1_ASM2414024v1	Backusella tuberculispora UoMAU80	Backusella tuberculispora		Mucorales			called	1	BFD__GCA_024140245.1_ASM2414024v1__L0	Plus	medium	mat_locus	strict	257.666153	VCJD01005173.1	2542	11757	sexP,algA,glrA	sexP	polished_disagree	5623	6063	+	50.69	147	both_sides	algA	glrA	6579	False
BFD	GCA_024140375.1_ASM2414037v1	Backusella westeae UoMAU4	Backusella westeae		Mucorales			called	1	BFD__GCA_024140375.1_ASM2414037v1__L0	Plus	medium	mat_locus	strict	220.342773	VCJG01003462.1	22301	31320	sexP,algA,glrA	sexP	polished_disagree	25191	25703	+	38.01	171	both_sides	algA	glrA	5991	False
BFD	GCA_025766325.1_Benpoi1	Benjaminiella poitrasii RSA 903	Benjaminiella poitrasii		Mucorales			called	1	BFD__GCA_025766325.1_Benpoi1__L0	Minus	high	mat_locus	strict	115.48793	JAMKHW010000001.1	2127990	2136048	sexM,rnhA,algA	sexM	polished_disagree	2133661	2134203	-	45.86	181	both_sides	rnhA	algA	2470	False
BFD	GCA_025331445.1_Blatri1	Blakeslea trispora NRRL 2456	Blakeslea trispora		Mucorales			called	1	BFD__GCA_025331445.1_Blatri1__L0	Plus	high	mat_locus	strict	236.036659	JAIWNE010000009.1	208107	328580	tptA,sexP,sexM,rnhA,algA,glrA,btbA	sexP	polished_disagree	300422	301153	+	35.66	244	both_sides	tptA	rnhA	1501	False
BFD	GCA_025330725.1_Chlpad1	Chlamydoabsidia padenii NRRL 2977	Chlamydoabsidia padenii		Mucorales			called	1	BFD__GCA_025330725.1_Chlpad1__L0	Plus	medium	mat_locus	strict	221.846527	JAIWND010000020.1	94747	126441	sexP,algA,glrA	sexP	polished_disagree	97004	97900	+	64.53	299	both_sides	algA	glrA	29243	False
BFD	GCA_001683725.1_ASM168372v1	Choanephora cucurbitarum KUS-F28377	Choanephora cucurbitarum		Mucorales			called	1	BFD__GCA_001683725.1_ASM168372v1__L0	Plus	high	mat_locus	strict	270.987183	LUGH01000105.1	8906	21625	tptA,sexP,rnhA,algA,glrA	sexP	polished_disagree	17831	18562	-	35.66	244	both_sides	rnhA	tptA	1494	False
BFD	GCA_025331435.1_Chocucu1	Choanephora cucurbitarum NRRL 2744	Choanephora cucurbitarum		Mucorales			called	1	BFD__GCA_025331435.1_Chocucu1__L0	Plus	high	mat_locus	strict	268.210228	JAIWNI010000021.1	246966	259697	tptA,sexP,rnhA,algA,glrA	sexP	polished_disagree	250045	250776	+	34.84	244	both_sides	tptA	rnhA	1500	False
BFD	GCA_049334105.2_ASM4933410v2	Choanephora infundibulifera BGC1	Choanephora infundibulifera		Mucorales			called	1	BFD__GCA_049334105.2_ASM4933410v2__L0	Plus	high	mat_locus	strict	268.210228	JBMIIC010000124.1	249155	261760	tptA,sexP,rnhA,algA,glrA	sexP	polished_disagree	252230	252961	+	34.84	244	both_sides	tptA	rnhA	1494	False
BFD	GCA_016758965.1_ASM1675896v1	Circinella minor CBS 143.56	Circinella minor		Mucorales			called	1	BFD__GCA_016758965.1_ASM1675896v1__L0	Plus	medium	partial_locus	relaxed	134.734823	JAEPRB010000020.1	310535	318222	sexP,rnhA	sexP	polished_agree	310535	311464	+	92.9	310	flank_one_side				False
BFD	GCA_025093555.1_Cirumb1	Circinella umbellata NRRL1351	Circinella umbellata		Mucorales			called	1	BFD__GCA_025093555.1_Cirumb1__L0	Plus	medium	partial_locus	relaxed	144.217707	JAIWNF010000086.1	114841	122522	sexP,rnhA	sexP	polished_agree	114841	115770	+	100.0	310	flank_one_side				False
BFD	GCA_000697235.1_CokRecB5483-1.0	Cokeromyces recurvatus B5483	Cokeromyces recurvatus B5483		Mucorales			called	1	BFD__GCA_000697235.1_CokRecB5483-1.0__L0	Minus	high	mat_locus	strict	118.234787	JNEH01001784.1	5885	13384	sexM,rnhA,algA	sexM	polished_disagree	8114	8638	+	48.57	175	both_sides	algA	rnhA	1794	False
BFD	GCF_025118155.1_Cokrec1	Cokeromyces recurvatus NRRL 2243	Cokeromyces recurvatus		Mucorales			called	2	BFD__GCF_025118155.1_Cokrec1__L0	Plus	medium	partial_locus	strict	296.092552	NW_026251417.1	142146	227728	sexP,sexM,rnhA	sexP	polished_disagree	165426	166307	+	43.15	294	flank_one_side				True
BFD	GCF_025118155.1_Cokrec1	Cokeromyces recurvatus NRRL 2243	Cokeromyces recurvatus		Mucorales			called	2	BFD__GCF_025118155.1_Cokrec1__L1	Minus	high	mat_locus	strict	118.234787	NW_026251389.1	465916	473414	sexM,rnhA,algA	sexM	polished_disagree	468155	468679	+	48.57	175	both_sides	algA	rnhA	1787	True
BFD	GCA_044232465.1_ASM4423246v1	Cunninghamella bainieri 2A1	Cunninghamella bainieri		Mucorales			called	1	BFD__GCA_044232465.1_ASM4423246v1__L0	Minus	high	mat_locus	strict	53.1507	JAOXMU010004158.1	1443	10406	tptA,sexM,rnhA,algA	sexM	polished_disagree	5819	6136	+	38.61	106	both_sides	tptA	rnhA	2292	False
BFD	GCA_000697215.1_CunBer175-1.0	Cunninghamella bertholletiae 175	Cunninghamella bertholletiae 175		Mucorales			called	1	BFD__GCA_000697215.1_CunBer175-1.0__L0	Plus	high	mat_locus	strict	219.562035	JNEG01000802.1	76004	86435	tptA,sexP,rnhA,algA	sexP	polished_disagree	80439	81017	+	45.6	193	both_sides	tptA	rnhA	2461	False
BFD	GCA_000697315.1_CunBerB7461-1.0	Cunninghamella bertholletiae B7461	Cunninghamella bertholletiae B7461		Mucorales			called	1	BFD__GCA_000697315.1_CunBerB7461-1.0__L0	Plus	high	mat_locus	strict	219.562035	JNEL01000814.1	147556	158001	tptA,sexP,rnhA,algA	sexP	polished_disagree	151993	152571	+	45.6	193	both_sides	tptA	rnhA	2473	False
BFD	GCA_037043795.1_Z2.assembly	Cunninghamella bertholletiae Z2	Cunninghamella bertholletiae		Mucorales			called	1	BFD__GCA_037043795.1_Z2.assembly__L0	Plus	high	mat_locus	strict	219.562035	JAZGVP010000001.1	7936967	7947406	tptA,sexP,rnhA,algA	sexP	polished_disagree	7942393	7942971	-	45.6	193	both_sides	rnhA	tptA	2467	False
BFD	GCA_977110925.1_gzCunBlak1	Cunninghamella blakesleeana	Cunninghamella blakesleeana		Mucorales			called	1	BFD__GCA_977110925.1_gzCunBlak1__L0	Plus	high	mat_locus	strict	161.269459	CDSBDC010000001.1	6061741	6072269	tptA,sexP,rnhA,algA	sexP	polished_single	6067198	6067866	-	39.37	223	both_sides	rnhA	tptA	2392	False
BFD	GCA_017871115.1_ASM1787111v1	Cunninghamella blakesleeana AS 3.970	Cunninghamella blakesleeana		Mucorales			called	1	BFD__GCA_017871115.1_ASM1787111v1__L0	Plus	high	mat_locus	strict	219.791031	JAFCIZ010000005.1	584006	594873	tptA,sexP,rnhA,algA	sexP	polished_disagree	588861	589538	+	45.54	226	both_sides	tptA	rnhA	2383	False
BFD	GCA_054130635.1_ASM5413063v1	Cunninghamella blakesleeana UFAC-CB2.1	Cunninghamella blakesleeana		Mucorales			called	1	BFD__GCA_054130635.1_ASM5413063v1__L0	Plus	high	mat_locus	strict	161.269459	CM134281.1	3015120	3025680	tptA,sexP,rnhA,algA	sexP	polished_single	3019542	3020210	+	39.37	223	both_sides	tptA	rnhA	2397	False
BFD	GCA_977110915.1_gzCunEchi1	Cunninghamella echinulata	Cunninghamella echinulata		Mucorales			called	1	BFD__GCA_977110915.1_gzCunEchi1__L0	Minus	high	mat_locus	strict	39.458351	CDSBDD010000017.1	3545112	3556023	tptA,sexM,rnhA,algA	sexM	polished_single	3550831	3551073	-	44.44	81	both_sides	rnhA	tptA	2198	False
BFD	GCA_025201675.1_Cunech1	Cunninghamella echinulata NRRL 1382	Cunninghamella echinulata		Mucorales			called	1	BFD__GCA_025201675.1_Cunech1__L0	Plus	high	mat_locus	strict	222.2127	MU612717.1	254	8570	tptA,sexP,rnhA	sexP	polished_disagree	2549	3226	+	44.64	226	both_sides	tptA	rnhA	2379	False
BFD	GCA_000697015.1_CunEleB9769-1.0	Cunninghamella elegans B9769	Cunninghamella elegans B9769		Mucorales			called	1	BFD__GCA_000697015.1_CunEleB9769-1.0__L0	Minus	high	mat_locus	strict	67.476372	JNDR01001106.1	117437	127633	tptA,sexM,rnhA,algA	sexM	polished_disagree	122679	123164	-	28.4	162	both_sides	rnhA	tptA	2218	False
BFD	GCA_025716815.1_Dicele1	Dichotomocladium elegans RSA 919	Dichotomocladium elegans		Mucorales			uncalled	0																						
BFD	GCA_025266875.1_Fenlin1	Fennellomyces sp. T-0311 T-0311	Fennellomyces sp. T-0311		Mucorales			called	1	BFD__GCA_025266875.1_Fenlin1__L0	Minus	medium	partial_locus	relaxed	85.004288	JALLLT010000045.1	310470	320920	sexM,rnhA	sexM	polished_disagree	320345	320902	-	59.14	186	flank_one_side				False
BFD	GCF_025201335.1_Gilper1	Gilbertella persicaria CBS 190.32	Gilbertella persicaria		Mucorales			called	1	BFD__GCF_025201335.1_Gilper1__L0	Minus	high	mat_locus	strict	75.732853	NW_026251964.1	237203	249574	tptA,sexM,rnhA,algA,glrA	sexM	polished_single	240528	241145	+	41.38	206	both_sides	tptA	rnhA	1390	False
BFD	GCA_054601915.1_FAM010_1.0	Gilbertella persicaria SHK1000	Gilbertella persicaria		Mucorales			called	1	BFD__GCA_054601915.1_FAM010_1.0__L0	Minus	high	mat_locus	strict	75.732853	BAAHPX010000008.1	289133	301512	tptA,sexM,rnhA,algA,glrA	sexM	polished_single	292458	293075	+	41.38	206	both_sides	tptA	rnhA	1388	False
BFD	GCA_024294565.1_ASM2429456v1	Gilbertella persicaria TFLB-J	Gilbertella persicaria		Mucorales			called	1	BFD__GCA_024294565.1_ASM2429456v1__L0	Plus	high	mat_locus	strict	283.038692	JAIZWB010000070.1	120189	132580	tptA,sexP,rnhA,algA,glrA	sexP	polished_agree	128641	129558	-	35.74	306	both_sides	rnhA	tptA	1578	False
BFD	GCA_025201375.1_Gonbut1	Gongronella butleri CBS 227.36	Gongronella butleri		Mucorales			called	1	BFD__GCA_025201375.1_Gonbut1__L0	Minus	high	mat_locus	strict	55.429712	JAIWZP010000006.1	214304	237937	tptA,sexM,rnhA,algA,glrA	sexM	polished_single	226528	226998	-	31.85	157	both_sides	rnhA	tptA	2378	False
BFD	GCA_001650995.1_ASM165099v1	Gongronella sp. w5 w5	Gongronella sp. w5		Mucorales			called	1	BFD__GCA_001650995.1_ASM165099v1__L0	Minus	high	mat_locus	strict	53.693687	KV441911.1	165003	189353	tptA,sexM,rnhA,algA,glrA	sexM	polished_single	177145	177678	-	32.02	160	both_sides	rnhA	tptA	2380	False
BFD	GCF_025201355.1_Halrad1	Halteromyces radiatus CBS 162.75	Halteromyces radiatus		Mucorales			called	1	BFD__GCF_025201355.1_Halrad1__L0	Minus	high	mat_locus	strict	56.882763	NW_026251697.1	141600	155185	tptA,sexM,rnhA,glrA	sexM	polished_single	152706	153170	-	43.23	155	both_sides	rnhA	tptA	2108	False
BFD	GCA_040366295.1_Hpulcur_1.0	Helicostylum pulchrum KT1b	Helicostylum pulchrum		Mucorales			called	1	BFD__GCA_040366295.1_Hpulcur_1.0__L0	Plus	high	mat_locus	strict	308.032715	BAABUJ010000022.1	429632	527907	tptA,sexP,rnhA,algA,glrA	sexP	polished_disagree	493114	493758	-	47.66	215	both_sides	rnhA	tptA	1590	False
BFD	GCA_025677825.1_Helpul1	Helicostylum pulchrum RSA 2064	Helicostylum pulchrum		Mucorales			called	1	BFD__GCA_025677825.1_Helpul1__L0	Plus	high	mat_locus	strict	305.86927	JAIXMO010000047.1	144893	184280	tptA,sexP,rnhA,algA,glrA	sexP	polished_disagree	179135	179779	+	47.66	215	both_sides	tptA	rnhA	1590	False
BFD	GCA_002104935.1_Hesve2	Hesseltinella vesiculosa NRRL 3301	Hesseltinella vesiculosa		Mucorales			called	1	BFD__GCA_002104935.1_Hesve2__L0	Minus	high	mat_locus	strict	54.205518	MCGT01000028.1	90945	120013	tptA,sexM,rnhA,algA,glrA	sexM	polished_single	117488	117967	-	29.53	150	both_sides	rnhA	tptA	2308	False
BFD	GCA_000697175.1_LicCor008-049-1.0	Lichtheimia corymbifera 008-049	Lichtheimia corymbifera 008-049		Mucorales			uncalled	0																						
BFD	GCA_000697475.1_LicCorB2541-1.0	Lichtheimia corymbifera B2541	Lichtheimia corymbifera B2541		Mucorales			uncalled	0																						
BFD	GCA_000723665.1_454Minimus	Lichtheimia corymbifera FSU 9682	Lichtheimia corymbifera JMRC:FSU:9682		Mucorales			uncalled	0																						
BFD	GCA_023629935.1_ASM2362993v1	Lichtheimia corymbifera PN006	Lichtheimia corymbifera		Mucorales			uncalled	0																						
BFD	GCA_037042095.1_ASM3704209v1	Lichtheimia corymbifera S6502	Lichtheimia corymbifera		Mucorales			uncalled	0																						
BFD	GCA_025094155.1_Lichy1	Lichtheimia hyalospora FSU 10163	Lichtheimia hyalospora FSU 10163		Mucorales			uncalled	0																						
BFD	GCF_029851405.1_ASM2985140v1	Lichtheimia ornata CBS 291.66	Lichtheimia ornata		Mucorales			uncalled	0																						
BFD	GCA_986280975.1_DAH1005FM	Lichtheimia ramosa	Lichtheimia ramosa		Mucorales			no_report																							
BFD	GCA_000738555.1_LicRamB5399-1.0	Lichtheimia ramosa B5399	Lichtheimia ramosa B5399		Mucorales			uncalled	0																						
BFD	GCA_000697395.1_LicCorB5792-1.0	Lichtheimia ramosa B5792	Lichtheimia ramosa B5792		Mucorales			uncalled	0																						
BFD	GCA_000945115.1_Lramosa_hybrid_454_Illumina	Lichtheimia ramosa JMRC FSU 6197	Lichtheimia ramosa		Mucorales			uncalled	0																						
BFD	GCA_029582045.1_ASM2958204v1	Lichtheimia ramosa KJ-WF-2022	Lichtheimia ramosa		Mucorales			uncalled	0																						
BFD	GCA_008728235.1_ASM872823v1	Lichtheimia ramosa KPH11	Lichtheimia ramosa		Mucorales			uncalled	0																						
BFD	GCA_023629915.1_ASM2362991v1	Lichtheimia ramosa PF1901	Lichtheimia ramosa		Mucorales			uncalled	0																						
BFD	GCA_037041495.1_ASM3704149v1	Lichtheimia ramosa PG115-04A	Lichtheimia ramosa		Mucorales			uncalled	0																						
BFD	GCA_037042035.1_ASM3704203v1	Lichtheimia ramosa S5503	Lichtheimia ramosa		Mucorales			uncalled	0																						
BFD	GCA_048164995.1_ASM4816499v1	Lichtheimia ramosa Z10C3	Lichtheimia ramosa		Mucorales			uncalled	0																						
BFD	GCA_023629895.1_ASM2362989v1	Lichtheimia sp. PT1902 PT1902	Lichtheimia sp. PT1902		Mucorales			uncalled	0																						
BFD	GCA_000950595.1_ASM95059v1	Mucor ambiguus NBRC 6742	Mucor ambiguus		Mucorales			called	1	BFD__GCA_000950595.1_ASM95059v1__L0	Plus	high	mat_locus	strict	334.553764	DF836646.1	11671	26536	tptA,sexP,rnhA,algA,glrA	sexP	polished_agree	15049	16023	+	85.54	325	both_sides	tptA	rnhA	1529	False
BFD	GCA_060309335.1_CBS210.80v1	Mucor ardhlaengiktus CBS 210.80	Mucor ardhlaengiktus		Mucorales			called	1	BFD__GCA_060309335.1_CBS210.80v1__L0	Minus	high	mat_locus	strict	94.913734	JBLNHJ010000021.1	3179304	3188317	sexM,rnhA,glrA	sexM	polished_disagree	3187670	3188194	-	36.57	175	flank_one_side				False
BFD	GCA_052058875.1_Matr_PS6	Mucor atramentarius CBS 202.28	Mucor atramentarius		Mucorales			called	1	BFD__GCA_052058875.1_Matr_PS6__L0	Plus	high	mat_locus	strict	341.696323	JBPVWF010000178.1	33311	48105	tptA,sexP,rnhA,algA,glrA	sexP	polished_agree	36642	37604	+	75.39	321	both_sides	tptA	rnhA	1691	False
BFD	GCA_052058895.1_MBAN_PS3_1.0	Mucor bainieri CBS 293.63	Mucor bainieri		Mucorales			called	1	BFD__GCA_052058895.1_MBAN_PS3_1.0__L0	Plus	high	mat_locus	strict	329.388691	JBPVWE010000349.1	742	15537	tptA,sexP,rnhA,algA,glrA	sexP	polished_agree	11037	12014	-	82.52	326	both_sides	rnhA	tptA	1966	False
BFD	GCA_973907015.1_gzMucCirc1	Mucor circinelloides	Mucor circinelloides		Mucorales			called	1	BFD__GCA_973907015.1_gzMucCirc1__L0	Plus	high	mat_locus	strict	346.614201	CDACDM010000044.1	1225257	1240055	tptA,sexP,rnhA,algA,glrA	sexP	polished_agree	1235751	1236713	-	76.95	321	both_sides	rnhA	tptA	1693	False
BFD	GCA_000401635.1_Muco_sp_1006Ph_V1	Mucor circinelloides 1006PhL	Mucor circinelloides 1006PhL		Mucorales			called	1	BFD__GCA_000401635.1_Muco_sp_1006Ph_V1__L0	Plus	high	mat_locus	strict	346.614201	KE123975.1	61475	76275	tptA,sexP,rnhA,algA,glrA	sexP	polished_agree	71970	72932	-	76.95	321	both_sides	rnhA	tptA	1693	False
BFD	GCA_054124215.1_ASM5412421v1	Mucor circinelloides AOP25_D2_surf_bin_14	Mucor circinelloides		Mucorales			called	1	BFD__GCA_054124215.1_ASM5412421v1__L0	Plus	high	mat_locus	strict	345.439693	JBQCRE010000396.1	2168	16969	tptA,sexP,rnhA,algA,glrA	sexP	polished_agree	12676	13635	-	75.0	320	both_sides	rnhA	tptA	1697	False
BFD	GCA_000696935.1_MucCirB8987-1.0	Mucor circinelloides B8987	Mucor circinelloides B8987		Mucorales			called	1	BFD__GCA_000696935.1_MucCirB8987-1.0__L0	Plus	high	mat_locus	strict	345.439693	JNDM01001507.1	2449	17280	tptA,sexP,rnhA,algA,glrA	sexP	polished_agree	12982	13941	-	75.0	320	both_sides	rnhA	tptA	1697	False
BFD	GCA_051307255.1_Mcir_PS15p_1.0	Mucor circinelloides CBS 172.27	Mucor circinelloides		Mucorales			called	1	BFD__GCA_051307255.1_Mcir_PS15p_1.0__L0	Plus	high	mat_locus	strict	341.696323	JBNRQL010000006.1	1736258	1751052	tptA,sexP,rnhA,algA,glrA	sexP	polished_agree	1739589	1740551	+	75.39	321	both_sides	tptA	rnhA	1691	False
BFD	GCA_060309255.1_CBS195.68v1	Mucor circinelloides CBS 195.68	Mucor circinelloides		Mucorales			called	1	BFD__GCA_060309255.1_CBS195.68v1__L0	Plus	high	mat_locus	strict	342.939564	JBLNHH010000013.1	1762571	1777350	tptA,sexP,rnhA,algA,glrA	sexP	polished_agree	1765900	1766862	+	75.7	321	both_sides	tptA	rnhA	1691	False
BFD	GCA_051295215.1_Mcir_PS15m_1.0	Mucor circinelloides CBS 394.68	Mucor circinelloides		Mucorales			called	1	BFD__GCA_051295215.1_Mcir_PS15m_1.0__L0	Minus	high	mat_locus	strict	79.738472	JBOZQX010000005.1	1693323	1708241	tptA,sexM,rnhA,algA,glrA	sexM	polished_agree	1697182	1697943	+	59.35	254	both_sides	tptA	rnhA	1832	False
BFD	GCA_025504485.1_ASM2550448v1	Mucor circinelloides F1241	Mucor circinelloides		Mucorales			called	1	BFD__GCA_025504485.1_ASM2550448v1__L0	Plus	high	mat_locus	strict	346.614201	JAMFRI010000496.1	1491	16289	tptA,sexP,rnhA,algA,glrA	sexP	polished_agree	11984	12946	-	76.95	321	both_sides	rnhA	tptA	1693	False
BFD	GCA_048772875.1_ASM4877287v1	Mucor circinelloides F3	Mucor circinelloides		Mucorales			called	1	BFD__GCA_048772875.1_ASM4877287v1__L0	Plus	high	mat_locus	strict	343.532547	JBLUOM010000154.1	1932	16711	tptA,sexP,rnhA,algA,glrA	sexP	polished_agree	12419	13381	-	75.39	321	both_sides	rnhA	tptA	1691	False
BFD	GCA_037974945.1_ASM3797494v1	Mucor circinelloides FMV-FR1	Mucor circinelloides		Mucorales			called	1	BFD__GCA_037974945.1_ASM3797494v1__L0	Plus	high	mat_locus	strict	346.614201	JBBNAA010000027.1	1930427	1945226	tptA,sexP,rnhA,algA,glrA	sexP	polished_agree	1933771	1934733	+	76.95	321	both_sides	tptA	rnhA	1693	False
BFD	GCA_001599575.1_JCM_22480_assembly_v001	Mucor circinelloides JCM 22480	Mucor circinelloides		Mucorales			called	1	BFD__GCA_001599575.1_JCM_22480_assembly_v001__L0	Minus	high	mat_locus	strict	76.729786	BCHG01000157.1	4746	19665	tptA,sexM,rnhA,algA,glrA	sexM	polished_agree	15052	15813	-	61.38	254	both_sides	rnhA	tptA	1812	False
BFD	GCA_057380895.1_ASM5738089v1	Mucor circinelloides MM	Mucor circinelloides		Mucorales			called	1	BFD__GCA_057380895.1_ASM5738089v1__L0	Plus	high	mat_locus	strict	346.614201	JBYAOW010000491.1	2320	17116	tptA,sexP,rnhA,algA,glrA	sexP	polished_agree	12813	13775	-	76.95	321	both_sides	rnhA	tptA	1693	False
BFD	GCA_025504515.1_ASM2550451v1	Mucor circinelloides P1003	Mucor circinelloides		Mucorales			called	1	BFD__GCA_025504515.1_ASM2550451v1__L0	Minus	high	mat_locus	strict	78.414459	JAMFRH010000492.1	1546	16466	tptA,sexM,rnhA,algA,glrA	sexM	polished_agree	11853	12614	-	60.98	254	both_sides	rnhA	tptA	1812	False
BFD	GCA_023629815.1_ASM2362981v1	Mucor circinelloides P1204	Mucor circinelloides		Mucorales			called	1	BFD__GCA_023629815.1_ASM2362981v1__L0	Minus	high	mat_locus	strict	78.414459	JAMAMK010000501.1	1491	16408	tptA,sexM,rnhA,algA,glrA	sexM	polished_agree	11796	12557	-	60.98	254	both_sides	rnhA	tptA	1812	False
BFD	GCA_023629875.1_ASM2362987v1	Mucor circinelloides PB2204	Mucor circinelloides		Mucorales			called	1	BFD__GCA_023629875.1_ASM2362987v1__L0	Plus	high	mat_locus	strict	346.614201	JAMAMI010000975.1	341	4647	tptA,sexP,algA	sexP	polished_agree	341	1303	-	76.95	321	flank_one_side				False
BFD	GCA_023630475.1_ASM2363047v1	Mucor circinelloides PB2204-2	Mucor circinelloides		Mucorales			called	1	BFD__GCA_023630475.1_ASM2363047v1__L0	Minus	high	mat_locus	strict	74.861763	JAMAMN010001208.1	5	6039	tptA,sexM,rnhA	sexM	polished_agree	1040	1800	+	60.82	15	both_sides	tptA	rnhA	1683	False
BFD	GCA_023629755.1_ASM2362975v1	Mucor circinelloides PF3102	Mucor circinelloides		Mucorales			called	1	BFD__GCA_023629755.1_ASM2362975v1__L0	Minus	high	mat_locus	strict	78.414459	JAMAMJ010000480.1	9346	24261	tptA,sexM,rnhA,algA,glrA	sexM	polished_agree	13195	13956	+	60.98	254	both_sides	tptA	rnhA	1812	False
BFD	GCA_023629775.1_ASM2362977v1	Mucor circinelloides PL2203S	Mucor circinelloides		Mucorales			called	1	BFD__GCA_023629775.1_ASM2362977v1__L0	Plus	high	mat_locus	strict	346.614201	JAMAML010000428.1	7612	16345	tptA,sexP,rnhA,algA	sexP	polished_agree	12039	13001	-	76.95	321	both_sides	rnhA	tptA	1693	False
BFD	GCA_023630465.1_ASM2363046v1	Mucor circinelloides PL2203S-2	Mucor circinelloides		Mucorales			called	1	BFD__GCA_023630465.1_ASM2363046v1__L0	Minus	high	mat_locus	strict	74.861763	JAMAMO010000771.1	1953	14088	tptA,sexM,rnhA,glrA	sexM	polished_agree	12293	13053	-	60.82	15	both_sides	rnhA	tptA	1683	False
BFD	GCA_023629855.1_ASM2362985v1	Mucor circinelloides PT2201	Mucor circinelloides		Mucorales			called	1	BFD__GCA_023629855.1_ASM2362985v1__L0	Plus	high	mat_locus	strict	346.614201	JAMAMG010000425.1	7610	16340	tptA,sexP,rnhA,algA	sexP	polished_agree	12037	12999	-	76.95	321	both_sides	rnhA	tptA	1693	False
BFD	GCA_023630435.1_ASM2363043v1	Mucor circinelloides PT2201-2	Mucor circinelloides		Mucorales			called	1	BFD__GCA_023630435.1_ASM2363043v1__L0	Minus	high	mat_locus	strict	74.861763	JAMAMP010001032.1	4102	8733	tptA,sexM,algA	sexM	polished_agree	7973	8733	+	60.82	15	flank_one_side				False
BFD	GCA_023630555.1_ASM2363055v1	Mucor circinelloides PX3102	Mucor circinelloides		Mucorales			called	1	BFD__GCA_023630555.1_ASM2363055v1__L0	Minus	high	mat_locus	strict	78.414459	JAMAMM010000510.1	7128	22043	tptA,sexM,rnhA,algA,glrA	sexM	polished_agree	10977	11738	+	60.98	254	both_sides	tptA	rnhA	1812	False
BFD	GCA_023629835.1_ASM2362983v1	Mucor circinelloides S1115	Mucor circinelloides		Mucorales			called	1	BFD__GCA_023629835.1_ASM2362983v1__L0	Plus	high	mat_locus	strict	347.595604	JAMAMH010000487.1	8107	22905	tptA,sexP,rnhA,algA,glrA	sexP	polished_agree	11449	12411	+	76.64	321	both_sides	tptA	rnhA	1693	False
BFD	GCA_001276145.1_ASM127614v1	Mucor circinelloides WJ11	Mucor circinelloides		Mucorales			called	1	BFD__GCA_001276145.1_ASM127614v1__L0	Minus	high	mat_locus	strict	78.414459	KQ435617.1	1539	16467	tptA,sexM,rnhA,algA,glrA	sexM	polished_agree	11844	12605	-	60.98	254	both_sides	rnhA	tptA	1812	False
BFD	GCA_040367835.1_Mfluvus_1.0	Mucor flavus KT1a	Mucor flavus		Mucorales			called	1	BFD__GCA_040367835.1_Mfluvus_1.0__L0	Plus	high	mat_locus	strict	284.189011	BAABUK010000017.1	221718	261571	tptA,sexP,rnhA,algA,glrA	sexP	polished_disagree	226194	226850	-	42.86	219	both_sides	rnhA	tptA	1566	False
BFD	GCA_977110935.1_gzMucFrag1	Mucor fragilis	Mucor fragilis		Mucorales			called	1	BFD__GCA_977110935.1_gzMucFrag1__L0	Minus	high	mat_locus	strict	98.233475	CDSBDE010000001.1	2553168	2596194	tptA,sexM,rnhA,algA,glrA	sexM	polished_agree	2557243	2558004	+	72.06	254	both_sides	tptA	rnhA	2063	False
BFD	GCA_060309175.1_CBS116.08v1	Mucor griseocyanus CBS 116.08	Mucor griseocyanus		Mucorales			called	1	BFD__GCA_060309175.1_CBS116.08v1__L0	Minus	high	mat_locus	strict	31.055525	JBLNHG010000007.1	607370	664666	tptA,sexM,rnhA,algA,glrA	sexM	polished_agree	659923	660683	-	77.73	105	both_sides	rnhA	tptA	1751	False
BFD	GCA_977110905.1_gzMucHiem1	Mucor hiemalis	Mucor hiemalis		Mucorales			called	1	BFD__GCA_977110905.1_gzMucHiem1__L0	Minus	low	partial_locus	strict	49.54805	CDSBDF010000023.1	973776	1012464	tptA,sexM,rnhA,algA,glrA	sexM	unpolished	983011	983292	-	32.323	94	both_sides	rnhA	tptA	1185	False
BFD	GCA_000697295.1_MucIndB7402-1.0	Mucor indicus B7402	Mucor indicus B7402		Mucorales			called	1	BFD__GCA_000697295.1_MucIndB7402-1.0__L0	Minus	high	mat_locus	strict	107.325623	JNEK01003012.1	67551	76544	sexM,rnhA,glrA	sexM	polished_disagree	75915	76460	-	40.11	182	flank_one_side				False
BFD	GCA_000587855.1_B50	Mucor irregularis B50	Mucor irregularis B50		Mucorales			called	1	BFD__GCA_000587855.1_B50__L0	Minus	high	mat_locus	strict	42.65807	KK076501.1	473260	520603	tptA,sexM,rnhA,algA,glrA	sexM	polished_single	494219	494683	-	29.86	145	both_sides	rnhA	tptA	1157	False
BFD	GCA_000697435.1_RhiVarB7584-1.0	Mucor irregularis B7584	Mucor irregularis B7584		Mucorales			called	1	BFD__GCA_000697435.1_RhiVarB7584-1.0__L0	Minus	high	mat_locus	strict	42.65807	JNES01000944.1	209980	256000	tptA,sexM,rnhA,algA,glrA	sexM	polished_single	230458	230922	-	29.86	145	both_sides	rnhA	tptA	1157	False
BFD	GCA_060309305.1_CBS205.68v1	Mucor janssenii CBS 205.68	Mucor janssenii		Mucorales			called	1	BFD__GCA_060309305.1_CBS205.68v1__L0	Plus	high	mat_locus	strict	327.975155	JBLNHI010000055.1	194430	304239	tptA,sexP,sexM,rnhA,algA,glrA	sexP	polished_agree	243660	244637	-	84.36	326	both_sides	rnhA	tptA	1585	False
BFD	GCA_054123175.1_ASM5412317v1	Mucor lanceolatus AOP5_B1_surf_bin_24	Mucor lanceolatus		Mucorales			called	1	BFD__GCA_054123175.1_ASM5412317v1__L0	Plus	high	mat_locus	strict	294.079765	JBQCPB010002378.1	2303	6406	tptA,sexP,rnhA	sexP	polished_disagree	3861	4781	+	38.11	307	both_sides	tptA	rnhA	2339	False
BFD	GCA_040256725.1_ASM4025672v1	Mucor lusitanicus CBS 277.49	Mucor lusitanicus		Mucorales			called	1	BFD__GCA_040256725.1_ASM4025672v1__L0	Minus	high	mat_locus	strict	135.882565	MU975357.1	2208856	2242798	tptA,sexP,sexM,rnhA,algA,glrA	sexM	polished_agree	2212720	2213465	+	100.0	237	both_sides	tptA	rnhA	1628	False
BFD	GCA_010203745.1_Muccir1_3	Mucor lusitanicus MU402	Mucor lusitanicus		Mucorales			called	1	BFD__GCA_010203745.1_Muccir1_3__L0	Minus	high	mat_locus	strict	135.648582	JAAECE010000001.1	2221741	2255696	tptA,sexP,sexM,rnhA,algA,glrA	sexM	polished_agree	2225606	2226352	+	100.0	249	both_sides	tptA	rnhA	1630	False
BFD	GCF_025094135.1_Mucmuc1	Mucor mucedo NRRL 3635	Mucor mucedo		Mucorales			called	1	BFD__GCF_025094135.1_Mucmuc1__L0	Plus	high	mat_locus	strict	317.425232	NW_026252347.1	97175	136107	sexP,rnhA,algA,glrA	sexP	polished_disagree	105892	106806	-	41.58	305	both_sides	rnhA	algA	2090	False
BFD	GCA_943193625.1_gzMucPiri1.1	Mucor piriformis	Mucor piriformis		Mucorales			called	1	BFD__GCA_943193625.1_gzMucPiri1.1__L0	Minus	high	mat_locus	strict	134.749958	OW971869.1	1496317	1507957	sexM,rnhA,algA,glrA	sexM	polished_agree	1498687	1499328	+	76.64	214	both_sides	algA	rnhA	3662	False
BFD	GCA_016758945.1_ASM1675894v1	Mucor plumbeus CBS 226.32	Mucor plumbeus		Mucorales			called	1	BFD__GCA_016758945.1_ASM1675894v1__L0	Minus	high	mat_locus	strict	31.924034	JAEPRC010000728.1	2569	18636	tptA,sexM,rnhA,algA,glrA	sexM	polished_single	13856	14104	-	36.14	83	both_sides	rnhA	tptA	1779	False
BFD	GCA_000697255.1_MucRacB9645-1.0	Mucor racemosus B9645	Mucor racemosus B9645		Mucorales			called	2	BFD__GCA_000697255.1_MucRacB9645-1.0__L0	Minus	high	mat_locus	strict	31.924034	JNEI01005832.1	3951	20016	tptA,sexM,rnhA,algA,glrA	sexM	polished_single	8483	8731	+	36.14	83	both_sides	tptA	rnhA	1779	True
BFD	GCA_000697255.1_MucRacB9645-1.0	Mucor racemosus B9645	Mucor racemosus B9645		Mucorales			called	2	BFD__GCA_000697255.1_MucRacB9645-1.0__L1	Plus	high	mat_locus	strict	277.071838	JNEI01002668.1	17082	26115	sexP,rnhA,glrA	sexP	polished_disagree	25210	26115	-	41.72	302	flank_one_side				True
BFD	GCA_027405735.1_ASM2740573v1	Mucor racemosus C	Mucor racemosus		Mucorales			called	1	BFD__GCA_027405735.1_ASM2740573v1__L0	Minus	high	mat_locus	strict	32.397926	JAPEHQ010000001.1	1863159	1879209	tptA,sexM,rnhA,algA,glrA	sexM	polished_single	1874389	1874616	-	38.16	76	both_sides	rnhA	tptA	1787	False
BFD	GCA_055471225.1_ASM5547122v1	Mucor racemosus CGMCC-40320	Mucor racemosus		Mucorales			called	1	BFD__GCA_055471225.1_ASM5547122v1__L0	Minus	high	mat_locus	strict	32.397926	JBLVOR010000002.1	2583120	2599170	tptA,sexM,rnhA,algA,glrA	sexM	polished_single	2594350	2594577	-	38.16	76	both_sides	rnhA	tptA	1787	False
BFD	GCA_016758985.1_ASM1675898v1	Mucor saturninus WA0000017839	Mucor saturninus		Mucorales			called	1	BFD__GCA_016758985.1_ASM1675898v1__L0	Plus	high	mat_locus	strict	316.293884	JAEPRD010000014.1	253932	301033	sexP,rnhA,algA,glrA	sexP	polished_disagree	262639	263553	-	41.58	305	both_sides	rnhA	algA	2554	False
BFD	GCA_037040325.1_ASM3704032v1	Mucor sp. M7501 M7501	Mucor sp. M7501		Mucorales			called	1	BFD__GCA_037040325.1_ASM3704032v1__L0	Minus	high	mat_locus	strict	89.731525	JAXQGS010000806.1	1992	13260	sexM,rnhA,glrA	sexM	polished_agree	12442	13203	-	74.09	254	flank_one_side				False
BFD	GCA_040807105.1_ASM4080710v1	Mucor sp. PG5414 PG5414	Mucor sp. PG5414		Mucorales			called	1	BFD__GCA_040807105.1_ASM4080710v1__L0	Minus	medium	partial_locus	relaxed	89.731525	JBEWOQ010000465.1	1525	3477	sexM,rnhA	sexM	polished_agree	1582	2343	+	74.09	254	flank_one_side				False
BFD	GCA_000696895.1_MucVelB5328-1.0	Mucor velutinosus B5328	Mucor velutinosus B5328		Mucorales			called	1	BFD__GCA_000696895.1_MucVelB5328-1.0__L0	Minus	high	mat_locus	strict	104.694817	JNDK01002395.1	31770	92235	tptA,sexM,rnhA,algA,glrA	sexM	polished_agree	76816	77577	+	71.66	254	both_sides	tptA	rnhA	1763	False
BFD	GCF_035048745.1_Mvel_NIH1002.PB.canu.pilon.trimmedMito	Mucor velutinosus NIH1002	Mucor velutinosus		Mucorales			called	2	BFD__GCF_035048745.1_Mvel_NIH1002.PB.canu.pilon.trimmedMito__L0	Minus	high	mat_locus	strict	104.694817	NW_027041901.1	1016680	1120464	tptA,sexM,rnhA,algA,glrA	sexM	polished_agree	1074633	1075394	-	71.66	254	both_sides	rnhA	tptA	1763	False
BFD	GCF_035048745.1_Mvel_NIH1002.PB.canu.pilon.trimmedMito	Mucor velutinosus NIH1002	Mucor velutinosus		Mucorales			called	2	BFD__GCF_035048745.1_Mvel_NIH1002.PB.canu.pilon.trimmedMito__L1	Minus	high	mat_locus	strict	104.694817	NW_027041914.1	15843	24680	tptA,sexM,rnhA,algA	sexM	polished_agree	19679	20440	+	71.66	254	both_sides	tptA	rnhA	1763	False
BFD	GCF_025528875.1_Mycafr1	Mycotypha africana NRRL 2978	Mycotypha africana		Mucorales			called	1	BFD__GCF_025528875.1_Mycafr1__L0	Plus	high	mat_locus	strict	227.056644	NW_026515730.1	1357549	1365893	sexP,rnhA,glrA	sexP	polished_disagree	1357588	1358112	+	45.71	175	flank_one_side				False
BFD	GCA_000938895.1_PP.v1	Parasitella parasitica CBS 412.66 substr. NGI-315 ade	Parasitella parasitica		Mucorales			called	1	BFD__GCA_000938895.1_PP.v1__L0	Plus	medium	mat_locus	strict	305.760612	LN733372.1	22104	40967	tptA,sexP,sexM,rnhA,algA,glrA	sexP	polished_disagree	26626	27342	+	61.34	239	both_sides	algA	rnhA	4361	False
BFD	GCA_025201805.1_Parpar1	Parasitella parasitica NRRL 2501	Parasitella parasitica		Mucorales			called	1	BFD__GCA_025201805.1_Parpar1__L0	Minus	high	mat_locus	strict	125.398735	MU619237.1	391161	420226	tptA,sexM,rnhA,algA,glrA	sexM	polished_disagree	416598	417023	-	85.92	142	both_sides	rnhA	tptA	1680	False
BFD	GCA_025677815.1_Phaart1	Phascolomyces articulosus RSA 2281	Phascolomyces articulosus		Mucorales			called	1	BFD__GCA_025677815.1_Phaart1__L0	Plus	medium	partial_locus	relaxed	92.709797	JAIXMP010000004.1	1101267	1109036	sexP,rnhA	sexP	polished_disagree	1101621	1101830	+	62.86	70	flank_one_side				False
BFD	GCA_040209185.1_Phybl_L51_1	Phycomyces blakesleeanus L51	Phycomyces blakesleeanus		Mucorales			called	1	BFD__GCA_040209185.1_Phybl_L51_1__L0	Minus	high	mat_locus	strict	161.946983	JBCLYO010000018.1	853701	867007	tptA,sexM,rnhA,algA	sexM	polished_agree	861023	861655	+	100.0	211	both_sides	tptA	rnhA	4166	False
BFD	GCF_001638985.1_Phybl2	Phycomyces blakesleeanus NRRL 1555	Phycomyces blakesleeanus NRRL 1555 -		Mucorales			called	1	BFD__GCF_001638985.1_Phybl2__L0	Minus	high	mat_locus	strict	161.946983	NW_017265134.1	3978283	3991589	tptA,sexM,rnhA,algA	sexM	polished_agree	3985605	3986237	+	100.0	211	both_sides	tptA	rnhA	4166	False
BFD	GCA_040209145.1_PhyblU21_2	Phycomyces blakesleeanus UBC21	Phycomyces blakesleeanus		Mucorales			called	1	BFD__GCA_040209145.1_PhyblU21_2__L0	Plus	high	mat_locus	strict	230.68969	JBDFSA010000017.1	323083	338738	tptA,sexP,rnhA,algA	sexP	polished_agree	332315	333283	+	100.0	297	both_sides	rnhA	tptA	6508	False
BFD	GCA_025531835.1_PnitS608_1	Phycomyces nitens S608	Phycomyces nitens		Mucorales			called	1	BFD__GCA_025531835.1_PnitS608_1__L0	Plus	high	mat_locus	strict	227.244034	JAJDOM010000040.1	163387	186298	tptA,sexP,rnhA,algA	sexP	polished_agree	178416	179364	-	72.88	297	both_sides	tptA	rnhA	15177	False
BFD	GCA_022702545.1_SJTU-YXQ	Phycomyces nitens YXQ0117	Phycomyces nitens		Mucorales			called	1	BFD__GCA_022702545.1_SJTU-YXQ__L0	Minus	high	mat_locus	strict	130.163414	JAHRBC010000002.1	6830936	6852005	tptA,sexM,rnhA,algA	sexM	polished_agree	6846486	6847118	+	74.88	211	both_sides	tptA	rnhA	13568	False
BFD	GCA_025716855.1_Pilano1	Pilaira anomala RSA1997	Pilaira anomala		Mucorales			called	1	BFD__GCA_025716855.1_Pilano1__L0	Plus	high	mat_locus	strict	308.18576	JAIXMQ010000034.1	197917	238757	sexP,rnhA,algA,glrA	sexP	polished_disagree	227218	228135	+	39.47	306	both_sides	algA	rnhA	4726	False
BFD	GCA_025528865.1_Pilumb1	Pilobolus umbonatus NRRL 6349	Pilobolus umbonatus		Mucorales			called	1	BFD__GCA_025528865.1_Pilumb1__L0	Plus	high	mat_locus	strict	152.714138	JAIXMH010000022.1	297241	317337	sexP,rnhA,algA	sexP	polished_disagree	299709	300224	+	36.9	172	both_sides	algA	rnhA	2547	False
BFD	GCF_025331425.1_Radspe1	Radiomyces spectabilis NRRL 2753	Radiomyces spectabilis		Mucorales			called	1	BFD__GCF_025331425.1_Radspe1__L0	Plus	medium	partial_locus	strict	166.773697	NW_026251940.1	262120	274782	sexP,sexM,rnhA	sexP	polished_disagree	266167	266718	-	40.11	184	flank_one_side				False
BFD	GCA_000611695.1_RhzM_1.0	Rhizomucor miehei CAU432	Rhizomucor miehei CAU432		Mucorales			uncalled	0																						
BFD	GCA_040807125.1_ASM4080712v1	Rhizomucor miehei F127-10	Rhizomucor miehei		Mucorales			uncalled	0																						
BFD	GCA_900175165.2_FCH_5_7	Rhizomucor pusillus	Rhizomucor pusillus		Mucorales			uncalled	0																						
BFD	GCF_041956525.1_Rhipu1	Rhizomucor pusillus CBS 183.67	Rhizomucor pusillus		Mucorales			uncalled	0																						
BFD	GCA_023512895.1_ASM2351289v1	Rhizomucor pusillus JY54	Rhizomucor pusillus		Mucorales			called	1	BFD__GCA_023512895.1_ASM2351289v1__L0	Plus	medium	idiomorph_gene_only	relaxed	88.157417	JAKNBM010000127.1	3603	12755	sexP,sexM	sexP	polished_single	5698	12440	+	35.67	172	no_flank				False
BFD	GCA_000697195.1_MucRam97-1192-1.0	Rhizopus arrhizus 97-1192	Rhizopus arrhizus		Mucorales			called	1	BFD__GCA_000697195.1_MucRam97-1192-1.0__L0	Plus	high	mat_locus	strict	315.394276	JNEF01003481.1	13786	29062	tptA,sexP,sexM,rnhA,glrA,btbA	sexP	polished_agree	19885	20823	-	98.4	313	both_sides	rnhA	btbA	2396	False
BFD	GCA_000697135.1_RhiOry99-133-1.0	Rhizopus arrhizus 99-133	Rhizopus arrhizus 99-133		Mucorales			called	1	BFD__GCA_000697135.1_RhiOry99-133-1.0__L0	Plus	high	mat_locus	strict	315.394276	JNDX01004072.1	2302	17569	tptA,sexP,sexM,rnhA,glrA,btbA	sexP	polished_agree	8394	9332	-	98.4	313	both_sides	rnhA	btbA	2389	False
BFD	GCA_000697725.1_RhiOry99-892-1.0	Rhizopus arrhizus 99-892	Rhizopus arrhizus 99-892		Mucorales			called	1	BFD__GCA_000697725.1_RhiOry99-892-1.0__L0	Minus	high	mat_locus	strict	163.800552	KK998240.1	11741	26427	tptA,sexM,rnhA,glrA,btbA	sexM	polished_agree	17871	18434	-	97.34	188	both_sides	rnhA	tptA	1517	False
BFD	GCA_000696915.1_RhiOryB7407-1.0	Rhizopus arrhizus B7407	Rhizopus arrhizus B7407		Mucorales			called	1	BFD__GCA_000696915.1_RhiOryB7407-1.0__L0	Minus	high	mat_locus	strict	160.013992	JNDL01002582.1	2948	17487	tptA,sexM,rnhA,glrA,btbA	sexM	polished_agree	10839	11399	+	95.72	187	both_sides	tptA	rnhA	1469	False
BFD	GCA_058380175.1_DTU-UU_Rory127_1.0	Rhizopus arrhizus CBS 127.08	Rhizopus arrhizus		Mucorales			called	1	BFD__GCA_058380175.1_DTU-UU_Rory127_1.0__L0	Minus	high	mat_locus	strict	166.200447	JBYHKV010000052.1	209008	274262	tptA,sexM,rnhA,glrA,btbA	sexM	polished_agree	267632	268195	+	100.0	188	both_sides	tptA	rnhA	1500	False
BFD	GCA_058380225.1_DTU-UU_Rory329_1.0	Rhizopus arrhizus CBS 329.47	Rhizopus arrhizus		Mucorales			called	1	BFD__GCA_058380225.1_DTU-UU_Rory329_1.0__L0	Minus	high	mat_locus	strict	159.727058	JBYHKU010000054.1	196018	288130	tptA,sexP,sexM,rnhA,glrA,btbA	sexM	polished_agree	245752	246315	+	96.81	188	both_sides	tptA	rnhA	1509	False
BFD	GCA_011764055.1_ASM1176405v1	Rhizopus arrhizus GL1	Rhizopus arrhizus		Mucorales			called	1	BFD__GCA_011764055.1_ASM1176405v1__L0	Plus	medium	partial_locus	relaxed	315.394276	JAANQS010002783.1	166	3741	sexP,btbA	sexP	polished_agree	2803	3741	+	98.4	313	flank_one_side				False
BFD	GCA_011801785.2_ASM1180178v2	Rhizopus arrhizus GL10	Rhizopus arrhizus		Mucorales			called	1	BFD__GCA_011801785.2_ASM1180178v2__L0	Minus	high	mat_locus	strict	165.628983	JAANQR010000620.1	2208	15499	tptA,sexM,rnhA,glrA,btbA	sexM	polished_agree	8279	8842	-	98.94	188	both_sides	rnhA	tptA	1500	False
BFD	GCA_011764025.1_ASM1176402v1	Rhizopus arrhizus GL11	Rhizopus arrhizus		Mucorales			called	1	BFD__GCA_011764025.1_ASM1176402v1__L0	Minus	high	mat_locus	strict	166.200447	JAANQT010000418.1	2043	16955	tptA,sexM,rnhA,glrA,btbA	sexM	polished_agree	8106	8669	-	100.0	188	both_sides	rnhA	tptA	1500	False
BFD	GCA_011763775.1_ASM1176377v1	Rhizopus arrhizus GL16	Rhizopus arrhizus		Mucorales			called	1	BFD__GCA_011763775.1_ASM1176377v1__L0	Minus	high	mat_locus	strict	159.634933	JAANIT010000316.1	2001	16552	tptA,sexM,rnhA,glrA,btbA	sexM	polished_agree	8091	8654	-	96.28	188	both_sides	rnhA	tptA	1492	False
BFD	GCA_011801815.2_ASM1180181v2	Rhizopus arrhizus GL17	Rhizopus arrhizus		Mucorales			called	1	BFD__GCA_011801815.2_ASM1180181v2__L0	Plus	medium	partial_locus	strict	315.394276	JAANQU010000727.1	170	9536	tptA,sexP,sexM,btbA	sexP	polished_agree	170	1108	-	98.4	313	flank_one_side				False
BFD	GCA_011801705.2_ASM1180170v2	Rhizopus arrhizus GL2	Rhizopus arrhizus		Mucorales			called	1	BFD__GCA_011801705.2_ASM1180170v2__L0	Plus	medium	partial_locus	relaxed	315.394276	JAANQY010002666.1	167	3742	sexP,btbA	sexP	polished_agree	167	1105	-	98.4	313	flank_one_side				False
BFD	GCA_011763875.1_ASM1176387v1	Rhizopus arrhizus GL20	Rhizopus arrhizus		Mucorales			called	1	BFD__GCA_011763875.1_ASM1176387v1__L0	Minus	high	mat_locus	strict	159.634933	JAANIZ010000347.1	1929	16480	tptA,sexM,rnhA,glrA,btbA	sexM	polished_agree	9827	10390	+	96.28	188	both_sides	tptA	rnhA	1492	False
BFD	GCA_011764185.1_ASM1176418v1	Rhizopus arrhizus GL21	Rhizopus arrhizus		Mucorales			called	1	BFD__GCA_011764185.1_ASM1176418v1__L0	Plus	high	mat_locus	strict	315.394276	JAANRA010001051.1	1894	11580	sexP,rnhA,glrA,btbA	sexP	polished_agree	8005	8943	-	98.4	313	both_sides	rnhA	btbA	2405	False
BFD	GCA_011801335.2_ASM1180133v2	Rhizopus arrhizus GL22	Rhizopus arrhizus		Mucorales			called	1	BFD__GCA_011801335.2_ASM1180133v2__L0	Minus	high	mat_locus	strict	166.200447	JAANRP010000654.1	2043	15326	tptA,sexM,rnhA,glrA,btbA	sexM	polished_agree	8106	8669	-	100.0	188	both_sides	rnhA	tptA	1500	False
BFD	GCA_011801675.2_ASM1180167v2	Rhizopus arrhizus GL26	Rhizopus arrhizus		Mucorales			called	1	BFD__GCA_011801675.2_ASM1180167v2__L0	Minus	high	mat_locus	strict	166.200447	JAANQW010000429.1	5108	18394	tptA,sexM,rnhA,glrA,btbA	sexM	polished_agree	11174	11737	-	100.0	188	both_sides	rnhA	tptA	1500	False
BFD	GCA_011801385.2_ASM1180138v2	Rhizopus arrhizus GL29	Rhizopus arrhizus		Mucorales			called	1	BFD__GCA_011801385.2_ASM1180138v2__L0	Plus	medium	partial_locus	relaxed	315.394276	JAANRR010002648.1	134	3760	sexP,btbA	sexP	polished_agree	2822	3760	+	98.4	313	flank_one_side				False
BFD	GCA_011951295.2_ASM1195129v2	Rhizopus arrhizus GL3	Rhizopus arrhizus		Mucorales			called	1	BFD__GCA_011951295.2_ASM1195129v2__L0	Plus	high	mat_locus	strict	315.394276	JAANRC010000468.1	6803	16739	sexP,rnhA,glrA,btbA	sexP	polished_agree	9491	10429	+	98.4	313	both_sides	btbA	rnhA	2604	False
BFD	GCA_011801725.2_ASM1180172v2	Rhizopus arrhizus GL30	Rhizopus arrhizus		Mucorales			called	1	BFD__GCA_011801725.2_ASM1180172v2__L0	Plus	medium	partial_locus	relaxed	315.394276	JAANQX010000106.1	27507	31133	sexP,btbA	sexP	polished_agree	30195	31133	+	98.4	313	flank_one_side				False
BFD	GCA_011801055.2_ASM1180105v2	Rhizopus arrhizus GL31	Rhizopus arrhizus		Mucorales			called	1	BFD__GCA_011801055.2_ASM1180105v2__L0	Plus	medium	partial_locus	strict	315.394276	JAANRO010000810.1	5219	14637	tptA,sexP,sexM,btbA	sexP	polished_agree	13699	14637	+	98.4	313	flank_one_side				False
BFD	GCA_011952175.2_ASM1195217v2	Rhizopus arrhizus GL32	Rhizopus arrhizus		Mucorales			called	1	BFD__GCA_011952175.2_ASM1195217v2__L0	Plus	medium	partial_locus	relaxed	315.394276	JAANRK010002299.1	200	3775	sexP,btbA	sexP	polished_agree	2837	3775	+	98.4	313	flank_one_side				False
BFD	GCA_011801575.2_ASM1180157v2	Rhizopus arrhizus GL34	Rhizopus arrhizus		Mucorales			called	1	BFD__GCA_011801575.2_ASM1180157v2__L0	Plus	medium	partial_locus	strict	315.394276	JAANRW010000843.1	5171	14538	tptA,sexP,sexM,btbA	sexP	polished_agree	13600	14538	+	98.4	313	flank_one_side				False
BFD	GCA_011763955.1_ASM1176395v1	Rhizopus arrhizus GL36	Rhizopus arrhizus		Mucorales			called	1	BFD__GCA_011763955.1_ASM1176395v1__L0	Plus	high	mat_locus	strict	316.832886	JAANJD010000832.1	487	9310	sexP,rnhA,glrA,btbA	sexP	polished_agree	2291	3229	+	97.76	313	both_sides	btbA	rnhA	2357	False
BFD	GCA_011952145.2_ASM1195214v2	Rhizopus arrhizus GL37	Rhizopus arrhizus		Mucorales			called	1	BFD__GCA_011952145.2_ASM1195214v2__L0	Plus	medium	partial_locus	relaxed	315.394276	JAANRJ010002406.1	142	3717	sexP,btbA	sexP	polished_agree	2779	3717	+	98.4	313	flank_one_side				False
BFD	GCA_011801035.2_ASM1180103v2	Rhizopus arrhizus GL38	Rhizopus arrhizus		Mucorales			called	1	BFD__GCA_011801035.2_ASM1180103v2__L0	Plus	high	mat_locus	strict	315.394276	JAANRN010000391.1	5219	20790	tptA,sexP,sexM,rnhA,glrA,btbA	sexP	polished_agree	13661	14599	+	98.4	313	both_sides	btbA	rnhA	2485	False
BFD	GCA_011763645.1_ASM1176364v1	Rhizopus arrhizus GL39	Rhizopus arrhizus		Mucorales			called	1	BFD__GCA_011763645.1_ASM1176364v1__L0	Minus	high	mat_locus	strict	166.200447	JAASGZ010000738.1	1944	10876	tptA,sexM,rnhA,glrA	sexM	polished_agree	8014	8577	-	100.0	188	both_sides	rnhA	tptA	1500	False
BFD	GCA_011764225.1_ASM1176422v1	Rhizopus arrhizus GL4	Rhizopus arrhizus		Mucorales			called	1	BFD__GCA_011764225.1_ASM1176422v1__L0	Plus	medium	partial_locus	relaxed	315.394276	JAANRQ010003168.1	38	3664	sexP,btbA	sexP	polished_agree	38	976	-	98.4	313	flank_one_side				False
BFD	GCA_011800955.2_ASM1180095v2	Rhizopus arrhizus GL40	Rhizopus arrhizus		Mucorales			called	1	BFD__GCA_011800955.2_ASM1180095v2__L0	Plus	high	mat_locus	strict	315.394276	JAANRM010001105.1	183	9868	sexP,rnhA,glrA,btbA	sexP	polished_agree	2820	3758	+	98.4	313	both_sides	btbA	rnhA	2404	False
BFD	GCA_011950945.2_ASM1195094v2	Rhizopus arrhizus GL41	Rhizopus arrhizus		Mucorales			called	1	BFD__GCA_011950945.2_ASM1195094v2__L0	Plus	high	mat_locus	strict	315.394276	JAANRD010001073.1	200	9910	sexP,rnhA,glrA,btbA	sexP	polished_agree	2837	3775	+	98.4	313	both_sides	btbA	rnhA	2429	False
BFD	GCA_011951285.2_ASM1195128v2	Rhizopus arrhizus GL42	Rhizopus arrhizus		Mucorales			called	1	BFD__GCA_011951285.2_ASM1195128v2__L0	Minus	high	mat_locus	strict	166.200447	JAANRG010000803.1	176	13459	tptA,sexM,rnhA,glrA,btbA	sexM	polished_agree	6833	7396	+	100.0	188	both_sides	tptA	rnhA	1500	False
BFD	GCA_011950985.2_ASM1195098v2	Rhizopus arrhizus GL43	Rhizopus arrhizus		Mucorales			called	1	BFD__GCA_011950985.2_ASM1195098v2__L0	Plus	high	mat_locus	strict	314.658863	JAANRF010000404.1	1943	17402	tptA,sexP,sexM,rnhA,glrA,btbA	sexP	polished_disagree	8033	8971	-	95.53	309	both_sides	rnhA	btbA	2384	False
BFD	GCA_011801505.2_ASM1180150v2	Rhizopus arrhizus GL44	Rhizopus arrhizus		Mucorales			called	1	BFD__GCA_011801505.2_ASM1180150v2__L0	Plus	medium	partial_locus	relaxed	315.394276	JAANRU010002094.1	1350	4976	sexP,btbA	sexP	polished_agree	4038	4976	+	98.4	313	flank_one_side				False
BFD	GCA_011801495.1_ASM1180149v1	Rhizopus arrhizus GL45	Rhizopus arrhizus		Mucorales			called	1	BFD__GCA_011801495.1_ASM1180149v1__L0	Plus	medium	partial_locus	relaxed	315.394276	JAANRV010002415.1	171	3797	sexP,btbA	sexP	polished_agree	171	1109	-	98.4	313	flank_one_side				False
BFD	GCA_011801305.2_ASM1180130v2	Rhizopus arrhizus GL46	Rhizopus arrhizus		Mucorales			called	1	BFD__GCA_011801305.2_ASM1180130v2__L0	Plus	high	mat_locus	strict	315.394276	JAANRS010001000.1	2211	12156	sexP,rnhA,glrA,btbA	sexP	polished_agree	8530	9468	-	98.4	313	both_sides	rnhA	btbA	2613	False
BFD	GCA_011763975.1_ASM1176397v1	Rhizopus arrhizus GL48	Rhizopus arrhizus		Mucorales			called	1	BFD__GCA_011763975.1_ASM1176397v1__L0	Plus	high	mat_locus	strict	315.716908	JAANJF010000979.1	168	9869	sexP,rnhA,glrA,btbA	sexP	polished_agree	2856	3794	+	97.44	313	both_sides	btbA	rnhA	2369	False
BFD	GCA_011801645.2_ASM1180164v2	Rhizopus arrhizus GL49	Rhizopus arrhizus		Mucorales			called	1	BFD__GCA_011801645.2_ASM1180164v2__L0	Plus	medium	partial_locus	relaxed	315.394276	JAANRB010001607.1	596	7666	sexP,btbA	sexP	polished_agree	6728	7666	+	98.4	313	flank_one_side				False
BFD	GCA_011764265.1_ASM1176426v1	Rhizopus arrhizus GL5	Rhizopus arrhizus		Mucorales			uncalled	0																						
BFD	GCA_011801555.2_ASM1180155v2	Rhizopus arrhizus GL52	Rhizopus arrhizus		Mucorales			called	1	BFD__GCA_011801555.2_ASM1180155v2__L0	Plus	medium	partial_locus	strict	315.394276	JAANRX010000827.1	5171	14545	tptA,sexP,sexM,btbA	sexP	polished_agree	13607	14545	+	98.4	313	flank_one_side				False
BFD	GCA_011800985.2_ASM1180098v2	Rhizopus arrhizus GL53	Rhizopus arrhizus		Mucorales			called	1	BFD__GCA_011800985.2_ASM1180098v2__L0	Plus	medium	partial_locus	relaxed	315.394276	JAANRL010002477.1	200	3775	sexP,btbA	sexP	polished_agree	200	1138	-	98.4	313	flank_one_side				False
BFD	GCA_011801605.2_ASM1180160v2	Rhizopus arrhizus GL56	Rhizopus arrhizus		Mucorales			called	1	BFD__GCA_011801605.2_ASM1180160v2__L0	Plus	high	mat_locus	strict	315.394276	JAANRT010001072.1	121	9834	sexP,rnhA,glrA,btbA	sexP	polished_agree	2809	3747	+	98.4	313	both_sides	btbA	rnhA	2381	False
BFD	GCA_011952045.2_ASM1195204v2	Rhizopus arrhizus GL6	Rhizopus arrhizus		Mucorales			called	1	BFD__GCA_011952045.2_ASM1195204v2__L0	Minus	high	mat_locus	strict	166.200447	JAANRH010000687.1	2045	15328	tptA,sexM,rnhA,glrA,btbA	sexM	polished_agree	8108	8671	-	100.0	188	both_sides	rnhA	tptA	1500	False
BFD	GCA_011763935.1_ASM1176393v1	Rhizopus arrhizus GL60	Rhizopus arrhizus		Mucorales			called	1	BFD__GCA_011763935.1_ASM1176393v1__L0	Plus	high	mat_locus	strict	316.832886	JAANJC010000844.1	5116	13939	sexP,rnhA,glrA,btbA	sexP	polished_agree	11197	12135	-	97.76	313	both_sides	rnhA	btbA	2357	False
BFD	GCA_011952115.2_ASM1195211v2	Rhizopus arrhizus GL7	Rhizopus arrhizus		Mucorales			called	1	BFD__GCA_011952115.2_ASM1195211v2__L0	Plus	medium	partial_locus	strict	315.394276	JAANRI010000651.1	181	9534	tptA,sexP,sexM,btbA	sexP	polished_agree	181	1119	-	98.4	313	flank_one_side				False
BFD	GCA_011764125.1_ASM1176412v1	Rhizopus arrhizus GL8	Rhizopus arrhizus		Mucorales			called	1	BFD__GCA_011764125.1_ASM1176412v1__L0	Minus	high	mat_locus	strict	166.200447	JAANQV010000154.1	93	13379	tptA,sexM,rnhA,glrA,btbA	sexM	polished_agree	6750	7313	+	100.0	188	both_sides	tptA	rnhA	1500	False
BFD	GCA_011763995.1_ASM1176399v1	Rhizopus arrhizus GL9	Rhizopus arrhizus		Mucorales			called	1	BFD__GCA_011763995.1_ASM1176399v1__L0	Minus	high	mat_locus	strict	166.200447	JAANJE010000209.1	2043	15326	tptA,sexM,rnhA,glrA,btbA	sexM	polished_agree	8106	8669	-	100.0	188	both_sides	rnhA	tptA	1500	False
BFD	GCA_000697605.1_RhiOryHUMC02-1.0	Rhizopus arrhizus HUMC 02	Rhizopus arrhizus HUMC 02		Mucorales			called	1	BFD__GCA_000697605.1_RhiOryHUMC02-1.0__L0	Plus	high	mat_locus	strict	316.971527	KK960746.1	15670	31198	tptA,sexP,sexM,rnhA,glrA,btbA	sexP	polished_agree	24034	24972	+	98.08	313	both_sides	btbA	rnhA	2356	False
BFD	GCA_023630335.1_ASM2363033v1	Rhizopus arrhizus PG1902	Rhizopus arrhizus		Mucorales			called	1	BFD__GCA_023630335.1_ASM2363033v1__L0	Minus	high	mat_locus	strict	166.200447	JAMAMQ010000488.1	3280	17854	tptA,sexM,rnhA,glrA,btbA	sexM	polished_agree	9346	9909	-	100.0	188	both_sides	rnhA	tptA	1500	False
BFD	GCA_054130755.1_ASM5413075v1	Rhizopus arrhizus PR1	Rhizopus arrhizus		Mucorales			called	1	BFD__GCA_054130755.1_ASM5413075v1__L0	Minus	high	mat_locus	strict	166.200447	JBMUIF010000240.1	14990	98266	tptA,sexM,rnhA,glrA,btbA	sexM	polished_agree	47336	47899	-	100.0	188	both_sides	rnhA	tptA	1500	False
BFD	GCA_023630295.1_ASM2363029v1	Rhizopus arrhizus R2701	Rhizopus arrhizus		Mucorales			called	1	BFD__GCA_023630295.1_ASM2363029v1__L0	Plus	high	mat_locus	strict	315.047108	JAMAMR010000041.1	88047	148545	tptA,sexP,sexM,rnhA,glrA,btbA	sexP	polished_agree	141518	142456	+	98.72	313	both_sides	btbA	rnhA	2387	False
BFD	GCA_000697075.1_RhiOry13440-1.0	Rhizopus arrhizus Type I NRRL 13440	Rhizopus arrhizus Type I NRRL 13440		Mucorales			called	1	BFD__GCA_000697075.1_RhiOry13440-1.0__L0	Minus	high	mat_locus	strict	163.087509	JNDU01002577.1	2509	17029	tptA,sexM,rnhA,glrA,btbA	sexM	polished_agree	10391	10951	+	96.26	187	both_sides	tptA	rnhA	1462	False
BFD	GCA_000697095.1_RhiDel18148-1.0	Rhizopus arrhizus Type I NRRL 18148	Rhizopus arrhizus Type I NRRL 18148		Mucorales			called	1	BFD__GCA_000697095.1_RhiDel18148-1.0__L0	Plus	medium	mat_locus	strict	315.047108	JNDV01014111.1	25739	80137	tptA,sexP,sexM,rnhA,btbA	sexP	polished_agree	79199	80137	+	98.72	313	flank_one_side				False
BFD	GCA_000697115.1_RhiOry21396-1.0	Rhizopus arrhizus Type I NRRL 21396	Rhizopus arrhizus Type I NRRL 21396		Mucorales			called	1	BFD__GCA_000697115.1_RhiOry21396-1.0__L0	Plus	high	mat_locus	strict	316.971527	JNDW01002981.1	8460	23701	tptA,sexP,sexM,rnhA,glrA,btbA	sexP	polished_agree	14537	15475	-	98.08	313	both_sides	rnhA	btbA	2356	False
BFD	GCA_019828915.1_ASM1982891v1	Rhizopus arrhizus VS III A KN 2	Rhizopus arrhizus		Mucorales			called	1	BFD__GCA_019828915.1_ASM1982891v1__L0	Minus	medium	partial_locus	relaxed	163.530777	JACVQQ010004644.1	10	2894	tptA,sexM	sexM	polished_agree	19	579	-	96.79	187	flank_one_side				False
BFD	GCA_050389755.1_R_arrhizus_W17_v1.0	Rhizopus arrhizus W17	Rhizopus arrhizus		Mucorales			called	1	BFD__GCA_050389755.1_R_arrhizus_W17_v1.0__L0	Minus	high	mat_locus	strict	166.200447	JBNAEE010000545.1	3250	17837	tptA,sexM,rnhA,glrA,btbA	sexM	polished_agree	9321	9884	-	100.0	188	both_sides	rnhA	tptA	1500	False
BFD	GCA_024220505.1_ASM2422050v1	Rhizopus arrhizus Y5	Rhizopus arrhizus		Mucorales			called	1	BFD__GCA_024220505.1_ASM2422050v1__L0	Minus	high	mat_locus	strict	160.013992	JAKZZE010000030.1	282592	343497	tptA,sexM,rnhA,glrA,btbA	sexM	polished_agree	288673	289233	-	95.72	187	both_sides	rnhA	tptA	1463	False
BFD	GCA_048164915.1_ASM4816491v1	Rhizopus arrhizus Z10C7	Rhizopus arrhizus		Mucorales			called	1	BFD__GCA_048164915.1_ASM4816491v1__L0	Minus	high	mat_locus	strict	166.200447	JBKSNG010000002.1	77146	134231	tptA,sexM,rnhA,glrA,btbA	sexM	polished_agree	83217	83780	-	100.0	188	both_sides	rnhA	tptA	1500	False
BFD	GCA_003325435.1_Razy_CA	Rhizopus azygosporus CBS 357.93	Rhizopus azygosporus		Mucorales			called	2	BFD__GCA_003325435.1_Razy_CA__L0	Minus	high	mat_locus	strict	138.049965	PJQL01000316.1	3611	12235	sexM,rnhA,glrA	sexM	polished_agree	3611	4165	+	100.0	185	flank_one_side				True
BFD	GCA_003325435.1_Razy_CA	Rhizopus azygosporus CBS 357.93	Rhizopus azygosporus		Mucorales			called	2	BFD__GCA_003325435.1_Razy_CA__L1	Plus	medium	partial_locus	strict	276.289948	PJQL01000452.1	1415	17611	sexP,sexM,rnhA	sexP	polished_disagree	5709	6614	-	41.72	302	flank_one_side				True
BFD	GCA_011763715.1_ASM1176371v1	Rhizopus delemar GL12	Rhizopus delemar		Mucorales			called	1	BFD__GCA_011763715.1_ASM1176371v1__L0	Plus	high	mat_locus	strict	315.229149	JAANIR010000203.1	2006	17471	tptA,sexP,sexM,rnhA,glrA,btbA	sexP	polished_agree	8202	9140	-	93.29	313	both_sides	rnhA	btbA	2620	False
BFD	GCA_011764145.1_ASM1176414v1	Rhizopus delemar GL13	Rhizopus delemar		Mucorales			called	1	BFD__GCA_011764145.1_ASM1176414v1__L0	Plus	medium	partial_locus	relaxed	315.410725	JAANQZ010003255.1	2	3625	sexP,btbA	sexP	polished_agree	2	937	-	98.4	312	flank_one_side				False
BFD	GCA_011763695.1_ASM1176369v1	Rhizopus delemar GL14	Rhizopus delemar		Mucorales			called	1	BFD__GCA_011763695.1_ASM1176369v1__L0	Plus	high	mat_locus	strict	315.229149	JAANIQ010000195.1	6650	22115	tptA,sexP,sexM,rnhA,glrA,btbA	sexP	polished_agree	14981	15919	+	93.29	313	both_sides	btbA	rnhA	2620	False
BFD	GCA_011763585.1_ASM1176358v1	Rhizopus delemar GL15	Rhizopus delemar		Mucorales			called	1	BFD__GCA_011763585.1_ASM1176358v1__L0	Minus	high	mat_locus	strict	159.634933	JAANIP010000341.1	1922	16473	tptA,sexM,rnhA,glrA,btbA	sexM	polished_agree	9820	10383	+	96.28	188	both_sides	tptA	rnhA	1492	False
BFD	GCA_011763735.1_ASM1176373v1	Rhizopus delemar GL23	Rhizopus delemar		Mucorales			called	1	BFD__GCA_011763735.1_ASM1176373v1__L0	Minus	high	mat_locus	strict	159.634933	JAANIS010000117.1	2003	16554	tptA,sexM,rnhA,glrA,btbA	sexM	polished_agree	8093	8656	-	96.28	188	both_sides	rnhA	tptA	1492	False
BFD	GCA_011763815.1_ASM1176381v1	Rhizopus delemar GL24	Rhizopus delemar		Mucorales			called	1	BFD__GCA_011763815.1_ASM1176381v1__L0	Minus	high	mat_locus	strict	159.634933	JAANIU010000625.1	2001	15281	tptA,sexM,rnhA,glrA,btbA	sexM	polished_agree	8091	8654	-	96.28	188	both_sides	rnhA	tptA	1492	False
BFD	GCA_011763895.1_ASM1176389v1	Rhizopus delemar GL25	Rhizopus delemar		Mucorales			called	1	BFD__GCA_011763895.1_ASM1176389v1__L0	Minus	high	mat_locus	strict	159.634933	JAANIY010000640.1	2001	15281	tptA,sexM,rnhA,glrA,btbA	sexM	polished_agree	8091	8654	-	96.28	188	both_sides	rnhA	tptA	1492	False
BFD	GCA_011763605.1_ASM1176360v1	Rhizopus delemar GL27	Rhizopus delemar		Mucorales			called	1	BFD__GCA_011763605.1_ASM1176360v1__L0	Plus	high	mat_locus	strict	292.260227	JAANIO010000501.1	339	7013	sexP,rnhA,glrA	sexP	polished_disagree	6105	7013	-	54.13	303	flank_one_side				False
BFD	GCA_011763795.1_ASM1176379v1	Rhizopus delemar GL50	Rhizopus delemar		Mucorales			called	1	BFD__GCA_011763795.1_ASM1176379v1__L0	Minus	high	mat_locus	strict	159.634933	JAANIV010000391.1	5320	19871	tptA,sexM,rnhA,glrA,btbA	sexM	polished_agree	13218	13781	+	96.28	188	both_sides	tptA	rnhA	1492	False
BFD	GCA_011763855.1_ASM1176385v1	Rhizopus delemar GL51	Rhizopus delemar		Mucorales			called	1	BFD__GCA_011763855.1_ASM1176385v1__L0	Minus	high	mat_locus	strict	159.634933	JAANJA010000538.1	2000	16551	tptA,sexM,rnhA,glrA,btbA	sexM	polished_agree	8090	8653	-	96.28	188	both_sides	rnhA	tptA	1492	False
BFD	GCA_011763915.1_ASM1176391v1	Rhizopus delemar GL54	Rhizopus delemar		Mucorales			called	1	BFD__GCA_011763915.1_ASM1176391v1__L0	Minus	high	mat_locus	strict	159.879784	JAANJB010000396.1	4627	19181	tptA,sexM,rnhA,glrA,btbA	sexM	polished_agree	10721	11284	-	96.28	188	both_sides	rnhA	tptA	1496	False
BFD	GCA_011763835.1_ASM1176383v1	Rhizopus delemar GL55	Rhizopus delemar		Mucorales			called	1	BFD__GCA_011763835.1_ASM1176383v1__L0	Plus	high	mat_locus	strict	315.229149	JAANIX010000238.1	1798	17263	tptA,sexP,sexM,rnhA,glrA,btbA	sexP	polished_agree	7994	8932	-	93.29	313	both_sides	rnhA	btbA	2620	False
BFD	GCA_011763755.1_ASM1176375v1	Rhizopus delemar GL62	Rhizopus delemar		Mucorales			called	1	BFD__GCA_011763755.1_ASM1176375v1__L0	Plus	high	mat_locus	strict	315.229149	JAANIW010000329.1	6652	22114	tptA,sexP,sexM,rnhA,glrA,btbA	sexP	polished_agree	14983	15921	+	93.29	313	both_sides	btbA	rnhA	2620	False
BFD	GCF_000149305.1_RO3	Rhizopus delemar RA 99-880	Rhizopus delemar RA 99-880		Mucorales			called	1	BFD__GCF_000149305.1_RO3__L0	Plus	high	mat_locus	strict	315.229149	NW_027137827.1	3252060	3337234	tptA,sexP,sexM,rnhA,algA,glrA,btbA	sexP	polished_agree	3309519	3310457	+	93.29	313	both_sides	btbA	rnhA	2620	False
BFD	GCA_054127015.1_ASM5412701v1	Rhizopus delemar SE_PDA7	Rhizopus delemar		Mucorales			called	1	BFD__GCA_054127015.1_ASM5412701v1__L0	Minus	high	mat_locus	strict	159.634933	JBSZMK010000001.1	2930560	3010096	tptA,sexM,rnhA,algA,glrA,btbA	sexM	polished_agree	2982858	2983421	+	96.28	188	both_sides	tptA	rnhA	1492	False
BFD	GCA_019022795.1_ASM1902279v1	Rhizopus delemar SSU VMBB-02	Rhizopus delemar		Mucorales			called	1	BFD__GCA_019022795.1_ASM1902279v1__L0	Plus	high	mat_locus	strict	315.229149	JAFCNC010000323.1	1979	17441	tptA,sexP,sexM,rnhA,glrA,btbA	sexP	polished_agree	8172	9110	-	93.29	313	both_sides	rnhA	btbA	2620	False
BFD	GCA_000697155.1_RhiDel21789-1.0	Rhizopus delemar Type I NRRL 21789	Rhizopus delemar		Mucorales			called	1	BFD__GCA_000697155.1_RhiDel21789-1.0__L0	Plus	high	mat_locus	strict	74.770363	JNDY01003786.1	9943	16800	tptA,sexP,rnhA,glrA,btbA	sexP	polished_disagree	13511	13702	+	96.88	64	both_sides	btbA	rnhA	2940	False
BFD	GCA_000738605.1_RhiDel21446-1.0	Rhizopus delemar Type II NRRL 21446	Rhizopus delemar Type II NRRL 21446		Mucorales			called	1	BFD__GCA_000738605.1_RhiDel21446-1.0__L0	Plus	high	mat_locus	strict	315.229149	KL995476.1	27198	91434	tptA,sexP,sexM,rnhA,glrA,btbA	sexP	polished_agree	84235	85173	+	93.29	313	both_sides	btbA	rnhA	2676	False
BFD	GCA_000738595.1_RhiDel21447-1.0	Rhizopus delemar Type II NRRL 21447	Rhizopus delemar Type II NRRL 21447		Mucorales			called	1	BFD__GCA_000738595.1_RhiDel21447-1.0__L0	Plus	high	mat_locus	strict	315.229149	KL996174.1	12030	27705	tptA,sexP,sexM,rnhA,glrA,btbA	sexP	polished_agree	18258	19196	-	93.29	313	both_sides	rnhA	btbA	2695	False
BFD	GCA_000738585.1_RhiDel21477-1.0	Rhizopus delemar Type II NRRL 21477	Rhizopus delemar Type II NRRL 21477		Mucorales			called	1	BFD__GCA_000738585.1_RhiDel21477-1.0__L0	Minus	high	mat_locus	strict	155.500336	KL997304.1	37668	72422	tptA,sexM,rnhA,algA,glrA,btbA	sexM	polished_disagree	45525	46140	+	95.72	188	both_sides	tptA	rnhA	1821	False
BFD	GCA_000825725.1_Rmicro_CBS_344.29_Allpaths-LG	Rhizopus microsporus	Rhizopus microsporus		Mucorales			called	2	BFD__GCA_000825725.1_Rmicro_CBS_344.29_Allpaths-LG__L0	Plus	high	mat_locus	strict	277.851868	CDGI01000728.1	4282	13225	sexP,rnhA,glrA	sexP	polished_disagree	4282	5187	+	41.06	302	flank_one_side				True
BFD	GCA_000825725.1_Rmicro_CBS_344.29_Allpaths-LG	Rhizopus microsporus	Rhizopus microsporus		Mucorales			called	2	BFD__GCA_000825725.1_Rmicro_CBS_344.29_Allpaths-LG__L1	Minus	high	mat_locus	strict	127.026451	CDGI01000513.1	15668	25081	sexM,rnhA,glrA	sexM	polished_agree	15671	16228	+	91.89	186	flank_one_side				True
BFD	GCA_051997045.1_ASM5199704v1	Rhizopus microsporus 56019	Rhizopus microsporus		Mucorales			called	1	BFD__GCA_051997045.1_ASM5199704v1__L0	Minus	high	mat_locus	strict	138.098671	JARGYJ010000412.1	3868	12484	sexM,rnhA,glrA	sexM	polished_agree	3868	4422	+	97.84	185	flank_one_side				False
BFD	GCA_039881115.1_ASM3988111v1	Rhizopus microsporus 56028	Rhizopus microsporus		Mucorales			called	1	BFD__GCA_039881115.1_ASM3988111v1__L0	Plus	medium	partial_locus	relaxed	253.875446	JARGYK010002198.1	74	3568	sexP,btbA	sexP	polished_agree	2747	3508	+	98.82	254	flank_one_side				False
BFD	GCA_002083735.1_Rhimi_ATCC11559_1	Rhizopus microsporus ATCC 11559	Rhizopus microsporus		Mucorales			called	1	BFD__GCA_002083735.1_Rhimi_ATCC11559_1__L0	Plus	high	mat_locus	strict	276.289948	KV921427.1	9557	29610	sexP,sexM,rnhA,glrA	sexP	polished_disagree	17708	18613	-	41.72	302	flank_one_side				False
BFD	GCA_051997165.1_ASM5199716v1	Rhizopus microsporus ATCC 52812	Rhizopus microsporus var. chinensis		Mucorales			called	1	BFD__GCA_051997165.1_ASM5199716v1__L0	Minus	high	mat_locus	strict	138.098671	JARGYM010000377.1	3564	12183	sexM,rnhA,glrA	sexM	polished_agree	3564	4118	+	97.84	185	flank_one_side				False
BFD	GCF_002708625.1_Rhimi1_1	Rhizopus microsporus ATCC 52813	Rhizopus microsporus ATCC 52813		Mucorales			called	1	BFD__GCF_002708625.1_Rhimi1_1__L0	Plus	high	mat_locus	strict	270.057915	NW_019671934.1	225745	280675	sexP,rnhA,glrA,btbA	sexP	polished_agree	225745	226650	+	42.72	302	flank_one_side				False
BFD	GCA_002083745.1_Rhimi_ATCC52814_1	Rhizopus microsporus ATCC 52814	Rhizopus microsporus var. microsporus		Mucorales			called	1	BFD__GCA_002083745.1_Rhimi_ATCC52814_1__L0	Minus	high	mat_locus	strict	136.920464	KV922032.1	10201	19021	sexM,rnhA,glrA	sexM	polished_agree	18437	18994	-	92.43	186	flank_one_side				False
BFD	GCA_006680115.1_ASM668011v1	Rhizopus microsporus B11533	Rhizopus microsporus var. rhizopodiformis		Mucorales			called	1	BFD__GCA_006680115.1_ASM668011v1__L0	Plus	high	mat_locus	strict	276.289948	SMRR01000092.1	2190177	2265023	sexP,sexM,rnhA,glrA,btbA	sexP	polished_disagree	2223996	2224901	+	41.72	302	flank_one_side				False
BFD	GCA_000738565.1_RhiAzyB7455-1.0	Rhizopus microsporus B7455	Rhizopus microsporus var rhizopodiformus B7455		Mucorales			called	1	BFD__GCA_000738565.1_RhiAzyB7455-1.0__L0	Plus	high	mat_locus	strict	276.289948	JNER01003932.1	13764	53552	sexP,rnhA,glrA,btbA	sexP	polished_disagree	13764	14669	+	41.72	302	flank_one_side				False
BFD	GCA_000697275.1_RhiMicB9738-1.0	Rhizopus microsporus B9738	Rhizopus microsporus B9738		Mucorales			called	2	BFD__GCA_000697275.1_RhiMicB9738-1.0__L0	Minus	high	mat_locus	strict	31.924034	JNEJ01002299.1	894	16960	tptA,sexM,rnhA,algA,glrA	sexM	polished_single	5426	5674	+	36.14	83	both_sides	tptA	rnhA	1779	True
BFD	GCA_000697275.1_RhiMicB9738-1.0	Rhizopus microsporus B9738	Rhizopus microsporus B9738		Mucorales			called	2	BFD__GCA_000697275.1_RhiMicB9738-1.0__L1	Plus	high	mat_locus	strict	277.071838	JNEJ01004598.1	9082	18114	sexP,rnhA,glrA	sexP	polished_disagree	17209	18114	-	41.72	302	flank_one_side				True
BFD	GCA_058380205.1_DTU-UU_Roli_1.0	Rhizopus microsporus CBS 112.586	Rhizopus microsporus var. oligosporus		Mucorales			called	1	BFD__GCA_058380205.1_DTU-UU_Roli_1.0__L0	Plus	high	mat_locus	strict	277.071838	JBYHKW010000001.1	2425378	2514498	sexP,rnhA,glrA,btbA	sexP	polished_disagree	2425378	2426283	+	41.72	302	flank_one_side				False
BFD	GCA_051997195.1_ASM5199719v1	Rhizopus microsporus CBS 112285	Rhizopus microsporus		Mucorales			called	1	BFD__GCA_051997195.1_ASM5199719v1__L0	Minus	high	mat_locus	strict	129.725594	JARGYN010000223.1	15697	24341	sexM,rnhA,glrA	sexM	polished_agree	23784	24341	-	95.68	186	flank_one_side				False
BFD	GCA_051997145.1_ASM5199714v1	Rhizopus microsporus CBS 11563	Rhizopus microsporus var. microsporus		Mucorales			called	1	BFD__GCA_051997145.1_ASM5199714v1__L0	Minus	high	mat_locus	strict	130.317558	JARGYL010000220.1	457	37228	sexM,rnhA,glrA	sexM	polished_agree	28631	29188	+	95.68	186	flank_one_side				False
BFD	GCA_060230415.1_ASM6023041v1	Rhizopus microsporus CBS 337.62	Rhizopus microsporus var. oligosporus		Mucorales			called	2	BFD__GCA_060230415.1_ASM6023041v1__L0	Plus	high	mat_locus	strict	277.071838	CM190391.1	2551823	2641085	sexP,rnhA,glrA,btbA	sexP	polished_disagree	2551823	2552728	+	41.72	302	flank_one_side				True
BFD	GCA_060230415.1_ASM6023041v1	Rhizopus microsporus CBS 337.62	Rhizopus microsporus var. oligosporus		Mucorales			called	2	BFD__GCA_060230415.1_ASM6023041v1__L1	Minus	high	mat_locus	strict	116.893883	CM190389.1	2538304	2619661	sexM,rnhA,glrA,btbA	sexM	polished_agree	2578086	2578642	-	92.39	38	flank_one_side				True
BFD	GCA_000325505.1_RHIrdgD1.0	Rhizopus microsporus CCTCC M201021	Rhizopus microsporus var. chinensis CCTCC M201021		Mucorales			called	1	BFD__GCA_000325505.1_RHIrdgD1.0__L0	Minus	high	mat_locus	strict	128.542229	ANKS01000730.1	11886	20501	sexM,rnhA,glrA	sexM	polished_agree	11889	12446	+	92.43	186	flank_one_side				False
BFD	GCA_011764045.1_ASM1176404v1	Rhizopus microsporus GL19	Rhizopus microsporus		Mucorales			called	1	BFD__GCA_011764045.1_ASM1176404v1__L0	Plus	medium	partial_locus	strict	276.289948	JAANQQ010000155.1	1228	17424	sexP,sexM,rnhA	sexP	polished_disagree	12225	13130	+	41.72	302	flank_one_side				False
BFD	GCA_011763565.1_ASM1176356v1	Rhizopus microsporus GL28	Rhizopus microsporus		Mucorales			called	1	BFD__GCA_011763565.1_ASM1176356v1__L0	Plus	medium	partial_locus	strict	276.289948	JAANIN010000426.1	1226	17422	sexP,sexM,rnhA	sexP	polished_disagree	12223	13128	+	41.72	302	flank_one_side				False
BFD	GCA_011762625.1_ASM1176262v1	Rhizopus microsporus GL35	Rhizopus microsporus		Mucorales			called	1	BFD__GCA_011762625.1_ASM1176262v1__L0	Plus	medium	partial_locus	strict	276.289948	JAANIL010000430.1	2185	18381	sexP,sexM,rnhA	sexP	polished_disagree	6479	7384	-	41.72	302	flank_one_side				False
BFD	GCA_011762635.1_ASM1176263v1	Rhizopus microsporus GL58	Rhizopus microsporus		Mucorales			called	1	BFD__GCA_011762635.1_ASM1176263v1__L0	Plus	medium	partial_locus	strict	276.289948	JAANIK010000153.1	1226	17422	sexP,sexM,rnhA	sexP	polished_disagree	12223	13128	+	41.72	302	flank_one_side				False
BFD	GCA_011763475.1_ASM1176347v1	Rhizopus microsporus GL61	Rhizopus microsporus		Mucorales			called	1	BFD__GCA_011763475.1_ASM1176347v1__L0	Plus	medium	partial_locus	strict	276.289948	JAANIM010000174.1	2212	18408	sexP,sexM,rnhA	sexP	polished_disagree	6506	7411	-	41.72	302	flank_one_side				False
BFD	GCA_034509365.1_RMly36_1	Rhizopus microsporus MLY36	Rhizopus microsporus		Mucorales			uncalled	0																						
BFD	GCA_051997065.1_ASM5199706v1	Rhizopus microsporus NRRL 5549	Rhizopus microsporus		Mucorales			called	1	BFD__GCA_051997065.1_ASM5199706v1__L0	Minus	high	mat_locus	strict	138.098671	JARGYI010000307.1	8883	17495	sexM,rnhA,glrA	sexM	polished_agree	16941	17495	-	97.84	185	flank_one_side				False
BFD	GCA_040206765.1_ASM4020676v1	Rhizopus microsporus RT-3	Rhizopus microsporus var. oligosporus		Mucorales			called	1	BFD__GCA_040206765.1_ASM4020676v1__L0	Minus	high	mat_locus	strict	116.893883	JBEEFM010000005.1	263139	343814	sexM,rnhA,glrA,btbA	sexM	polished_agree	302919	303475	-	92.39	38	flank_one_side				False
BFD	GCA_019022815.1_ASM1902281v1	Rhizopus microsporus SSU VM08-07	Rhizopus microsporus		Mucorales			called	1	BFD__GCA_019022815.1_ASM1902281v1__L0	Plus	medium	partial_locus	strict	276.289948	JAFCND010000369.1	9413	25609	sexP,sexM,rnhA	sexP	polished_disagree	13707	14612	-	41.72	302	flank_one_side				False
BFD	GCA_049863895.1_ASM4986389v1	Rhizopus sp. FBL578 FBL578	Rhizopus sp. FBL578		Mucorales			called	1	BFD__GCA_049863895.1_ASM4986389v1__L0	Plus	high	mat_locus	strict	318.206482	SMHB01000855.1	5202	14036	sexP,rnhA,glrA,btbA	sexP	polished_agree	11284	12222	-	98.4	313	both_sides	rnhA	btbA	2374	False
BFD	GCA_025529335.1_ASM2552933v1	Rhizopus sp. PT2906 PT2906	Rhizopus sp. PT2906		Mucorales			called	2	BFD__GCA_025529335.1_ASM2552933v1__L0	Plus	high	mat_locus	strict	278.308533	JAMYHX010000515.1	12795	21827	sexP,rnhA,glrA	sexP	polished_disagree	12795	13700	+	41.39	302	flank_one_side				True
BFD	GCA_025529335.1_ASM2552933v1	Rhizopus sp. PT2906 PT2906	Rhizopus sp. PT2906		Mucorales			called	2	BFD__GCA_025529335.1_ASM2552933v1__L1	Minus	high	mat_locus	strict	116.893883	JAMYHX010000536.1	15640	24249	sexM,rnhA,glrA	sexM	polished_agree	23693	24249	-	92.39	38	flank_one_side				True
BFD	GCA_057662165.1_ASM5766216v1	Rhizopus sp. TYR1 TYR1	Rhizopus sp. TYR1		Mucorales			called	1	BFD__GCA_057662165.1_ASM5766216v1__L0	Plus	high	mat_locus	strict	312.943481	JBYEQD010000037.1	2435	15460	sexP,rnhA,glrA,btbA	sexP	polished_agree	8530	9459	-	92.58	310	both_sides	rnhA	btbA	2602	False
BFD	GCA_977110985.1_gzRhiStol1	Rhizopus stolonifer	Rhizopus stolonifer		Mucorales			called	1	BFD__GCA_977110985.1_gzRhiStol1__L0	Plus	high	mat_locus	strict	298.905056	CDSBDJ010000032.1	544724	603267	sexP,rnhA,glrA,btbA	sexP	polished_agree	596541	597449	+	55.12	303	both_sides	btbA	rnhA	7585	False
BFD	GCA_000697035.1_RhiStoB9770-1.0	Rhizopus stolonifer B9770	Rhizopus stolonifer B9770		Mucorales			called	1	BFD__GCA_000697035.1_RhiStoB9770-1.0__L0	Plus	high	mat_locus	strict	292.260227	JNDS01005206.1	259	17015	sexP,rnhA,glrA,btbA	sexP	polished_disagree	6025	6933	-	54.13	303	both_sides	rnhA	btbA	6944	False
BFD	GCA_003325415.1_Rstol_CA	Rhizopus stolonifer LSU 92-RS-03	Rhizopus stolonifer		Mucorales			called	2	BFD__GCA_003325415.1_Rstol_CA__L0	Minus	high	mat_locus	strict	77.291447	PJQM01000085.1	96	13661	tptA,sexM,rnhA,glrA,btbA	sexM	polished_disagree	7347	7730	+	50.78	128	both_sides	tptA	rnhA	2613	True
BFD	GCA_003325415.1_Rstol_CA	Rhizopus stolonifer LSU 92-RS-03	Rhizopus stolonifer		Mucorales			called	2	BFD__GCA_003325415.1_Rstol_CA__L1	Plus	high	mat_locus	strict	186.353197	PJQM01000010.1	1	11854	tptA,sexP,rnhA,algA,glrA	sexP	polished_disagree	8434	8832	-	38.35	133	both_sides	rnhA	tptA	1407	True
BFD	GCA_040807145.1_ASM4080714v1	Rhizopus stolonifer PG92-21	Rhizopus stolonifer		Mucorales			uncalled	0																						
BFD	GCA_059058645.1_ASM5905864v1	Rhizopus stolonifer PRFJ01	Rhizopus stolonifer		Mucorales			called	1	BFD__GCA_059058645.1_ASM5905864v1__L0	Minus	high	mat_locus	strict	114.413338	CM180848.1	3300997	3363288	tptA,sexM,rnhA,glrA,btbA	sexM	polished_agree	3306737	3307297	-	53.01	187	both_sides	rnhA	tptA	2597	False
BFD	GCA_054954275.1_ASM5495427v1	Rhizopus stolonifer PRFJ02	Rhizopus stolonifer		Mucorales			called	1	BFD__GCA_054954275.1_ASM5495427v1__L0	Minus	high	mat_locus	strict	114.413338	CM143249.1	3300997	3363288	tptA,sexM,rnhA,glrA,btbA	sexM	polished_agree	3306737	3307297	-	53.01	187	both_sides	rnhA	tptA	2597	False
BFD	GCA_000697495.1_SakOblB3353-1.0	Saksenaea oblongispora B3353	Saksenaea oblongispora B3353		Mucorales			called	1	BFD__GCA_000697495.1_SakOblB3353-1.0__L0	Minus	high	mat_locus	strict	51.87574	JNEV01001369.1	14452	21968	tptA,sexM,algA	sexM	polished_single	21453	21833	+	42.52	127	flank_one_side				False
BFD	GCA_000697055.1_SakVasB4078-1.0	Saksenaea vasiformis B4078	Saksenaea vasiformis B4078		Mucorales			called	1	BFD__GCA_000697055.1_SakVasB4078-1.0__L0	Minus	high	mat_locus	strict	70.035172	JNDT01002012.1	18024	41838	tptA,sexM,rnhA,algA	sexM	polished_disagree	18246	18521	-	54.35	92	flank_one_side				False
BFD	GCA_025094145.1_Spifus1	Spinellus fusiger NRRL 22323	Spinellus fusiger		Mucorales			uncalled	0																						
BFD	GCA_025677835.1_Spoumb1	Sporodiniella umbellata MES 1446	Sporodiniella umbellata		Mucorales			uncalled	0																						
BFD	GCA_059714295.1_ASM5971429v1	Syncephalastrum contaminatum 142427	Syncephalastrum contaminatum		Mucorales			called	1	BFD__GCA_059714295.1_ASM5971429v1__L0	Plus	medium	partial_locus	relaxed	160.986378	JCAOFY010000002.1	1197169	1202509	sexP,rnhA	sexP	polished_disagree	1197178	1198143	+	78.1	309	flank_one_side				False
BFD	GCA_013461545.1_ASM1346154v1	Syncephalastrum contaminatum UoMD18-1	Syncephalastrum contaminatum		Mucorales			called	1	BFD__GCA_013461545.1_ASM1346154v1__L0	Minus	medium	partial_locus	relaxed	38.786407	VAFG01000366.1	411585	427843	sexM,rnhA	sexM	polished_disagree	427517	427762	-	41.46	82	flank_one_side				False
BFD	GCA_000697355.1_SynMonB8922-1.0	Syncephalastrum monosporum B8922	Syncephalastrum monosporum B8922		Mucorales			called	1	BFD__GCA_000697355.1_SynMonB8922-1.0__L0	Minus	medium	partial_locus	relaxed	35.470901	JNEN01001244.1	251204	256623	sexM,rnhA	sexM	polished_disagree	251414	251659	-	43.9	82	flank_one_side				False
BFD	GCA_023630305.1_ASM2363030v1	Syncephalastrum monosporum PYS2302	Syncephalastrum monosporum		Mucorales			called	1	BFD__GCA_023630305.1_ASM2363030v1__L0	Plus	medium	partial_locus	relaxed	170.456844	JAMAMS010000120.1	25541	30787	sexP,rnhA	sexP	polished_agree	25541	26458	+	75.16	306	flank_one_side				False
BFD	GCA_037042155.1_ASM3704215v1	Syncephalastrum monosporum S6803	Syncephalastrum monosporum		Mucorales			called	1	BFD__GCA_037042155.1_ASM3704215v1__L0	Plus	medium	partial_locus	relaxed	169.987246	JAXQJX010000258.1	25416	30662	sexP,rnhA	sexP	polished_agree	25416	26333	+	75.16	306	flank_one_side				False
BFD	GCA_000696955.1_SynRacB6101-1.0	Syncephalastrum racemosum B6101	Syncephalastrum racemosum B6101		Mucorales			called	1	BFD__GCA_000696955.1_SynRacB6101-1.0__L0	Plus	high	mat_locus	strict	182.756618	JNDN01000979.1	785057	854874	sexP,rnhA,algA	sexP	polished_agree	849587	850516	+	100.0	310	flank_one_side				False
BFD	GCA_002105135.1_Synrac1	Syncephalastrum racemosum NRRL 2496	Syncephalastrum racemosum		Mucorales			called	1	BFD__GCA_002105135.1_Synrac1__L0	Plus	medium	partial_locus	relaxed	182.756618	MCGN01000004.1	1755506	1760802	sexP,rnhA	sexP	polished_agree	1755515	1756444	+	100.0	310	flank_one_side				False
BFD	GCA_023630325.1_ASM2363032v1	Syncephalastrum sp. PYS2702 PYS2702	Syncephalastrum sp. PYS2702		Mucorales			called	1	BFD__GCA_023630325.1_ASM2363032v1__L0	Plus	medium	partial_locus	relaxed	162.063187	JAMAMT010000060.1	92696	97956	sexP,rnhA	sexP	polished_agree	92696	93628	+	72.58	311	flank_one_side				False
BFD	GCA_023630315.1_ASM2363031v1	Syncephalastrum sp. PYS2703 PYS2703	Syncephalastrum sp. PYS2703		Mucorales			called	1	BFD__GCA_023630315.1_ASM2363031v1__L0	Plus	medium	partial_locus	relaxed	162.063187	JAMAMU010000151.1	3323	8583	sexP,rnhA	sexP	polished_agree	3323	4255	+	72.58	311	flank_one_side				False
BFD	GCA_056882155.1_ASM5688215v1	Thamnidium elegans KKP 4289	Thamnidium elegans		Mucorales			called	1	BFD__GCA_056882155.1_ASM5688215v1__L0	Plus	high	mat_locus	strict	292.488976	JBXEJM010000004.1	449255	558886	tptA,sexP,rnhA,algA,glrA	sexP	polished_disagree	475833	476756	+	44.89	279	both_sides	tptA	rnhA	1711	False
BFD	GCA_025201345.1_Thaele1	Thamnidium elegans NRRL 2467	Thamnidium elegans		Mucorales			called	1	BFD__GCA_025201345.1_Thaele1__L0	Plus	high	mat_locus	strict	292.488976	JAIXMG010000015.1	484077	515953	tptA,sexP,rnhA,algA,glrA	sexP	polished_disagree	510730	511653	+	44.89	279	both_sides	tptA	rnhA	1711	False
BFD	GCA_016758935.1_ASM1675893v1	Thamnidium elegans WA0000018081	Thamnidium elegans		Mucorales			called	1	BFD__GCA_016758935.1_ASM1675893v1__L0	Plus	high	mat_locus	strict	292.488976	JAEPRE010000080.1	5527	91751	tptA,sexP,rnhA,algA,glrA	sexP	polished_disagree	87787	88710	-	44.89	279	both_sides	rnhA	tptA	1711	False
BFD	GCA_000787465.1_ASM78746v1	Thermomucor indicae-seudaticae HACC 243	Thermomucor indicae-seudaticae		Mucorales			uncalled	0																						
BFD	GCA_000697415.1_UmbIsaB7317-1.0	Umbelopsis isabellina B7317	Umbelopsis isabellina B7317		Umbelopsidales			called	1	BFD__GCA_000697415.1_UmbIsaB7317-1.0__L0	Plus	high	mat_locus	strict	94.486053	JNEQ01000056.1	748685	753439	tptA,sexP,algA	sexP	polished_single	749135	749557	-	33.33	141	flank_one_side				False
BFD	GCA_027595865.1_Umbelopsis_isabellina_MPG-14A_reass_enz	Umbelopsis isabellina MPG-14A	Umbelopsis isabellina		Umbelopsidales			called	1	BFD__GCA_027595865.1_Umbelopsis_isabellina_MPG-14A_reass_enz__L0	Plus	high	mat_locus	strict	94.486053	JANJFK010000028.1	163331	168087	tptA,sexP,algA	sexP	polished_single	163781	164203	-	33.33	141	flank_one_side				False
BFD	GCA_000534915.1_ASM53491v1	Umbelopsis isabellina NBRC 7884	Umbelopsis isabellina NBRC 7884		Umbelopsidales			called	1	BFD__GCA_000534915.1_ASM53491v1__L0	Plus	high	mat_locus	strict	79.556232	BAVE01000001.1	119366	124056	tptA,sexP,algA	sexP	polished_single	119366	120148	-	31.13	261	flank_one_side				False
BFD	GCA_016758905.1_ASM1675890v1	Umbelopsis isabellina WA0000067209	Umbelopsis isabellina		Umbelopsidales			called	1	BFD__GCA_016758905.1_ASM1675890v1__L0	Plus	medium	mat_locus	strict	77.429295	JAEPQZ010000017.1	346151	417047	tptA,sexP,sexM,algA	sexP	polished_single	416214	416675	+	32.45	154	flank_one_side				False
BFD	GCA_054906655.1_Umbelopsis_nana_v._1.0	Umbelopsis nana NBRC 117090	Umbelopsis nana		Umbelopsidales			called	1	BFD__GCA_054906655.1_Umbelopsis_nana_v._1.0__L0	Minus	high	mat_locus	strict	28.700041	BAAHSD010000001.1	120226	160100	tptA,sexM,rnhA,algA,glrA	sexM	polished_disagree	155912	156271	-	50.83	120	both_sides	glrA	tptA	12057	False
BFD	GCA_977110945.1_gzUmbRama1	Umbelopsis ramanniana	Umbelopsis ramanniana		Umbelopsidales			called	1	BFD__GCA_977110945.1_gzUmbRama1__L0	Plus	high	mat_locus	strict	144.371876	CDSBDH010000020.1	128528	193735	tptA,sexP,rnhA,algA,glrA	sexP	polished_agree	170023	170982	-	100.0	320	both_sides	glrA	tptA	12841	False
BFD	GCF_025399195.1_Umbra1	Umbelopsis ramanniana AG	Umbelopsis ramanniana AG		Umbelopsidales			called	1	BFD__GCF_025399195.1_Umbra1__L0	Plus	high	mat_locus	strict	125.820869	NW_026252087.1	113844	157423	tptA,sexP,rnhA,algA,glrA	sexP	polished_agree	152690	153640	-	84.71	317	both_sides	glrA	tptA	13062	False
BFD	GCA_025677805.1_Umbsp_AD052_1	Umbelopsis sp. AD052 AD052	Umbelopsis sp. AD052		Umbelopsidales			uncalled	0																						
BFD	GCA_037039815.1_ASM3703981v1	Umbelopsis sp. M5902 M5902	Umbelopsis sp. M5902		Umbelopsidales			called	1	BFD__GCA_037039815.1_ASM3703981v1__L0	Plus	high	mat_locus	strict	80.313927	JAXQGL010000038.1	387521	444201	tptA,sexP,sexM,algA,glrA	sexP	polished_single	443371	444147	+	28.91	259	flank_one_side				False
BFD	GCA_021235465.1_Umbelo1	Umbelopsis sp. PMI_123 PMI_123	Umbelopsis sp. PMI_123		Umbelopsidales			called	1	BFD__GCA_021235465.1_Umbelo1__L0	Plus	high	mat_locus	strict	138.175819	JAJSME010000005.1	1355538	1450153	tptA,sexP,rnhA,algA,glrA	sexP	polished_disagree	1359364	1360278	+	56.77	305	both_sides	tptA	glrA	13127	False
BFD	GCA_964291815.1_UMBE_WA70503	Umbelopsis sp. WA50703	Umbelopsis sp. WA50703		Umbelopsidales			called	1	BFD__GCA_964291815.1_UMBE_WA70503__L0	Minus	high	mat_locus	strict	32.45543	CAXYTU010000169.1	106748	111000	tptA,sexM,algA	sexM	polished_single	106913	107101	-	47.62	63	flank_one_side				False
BFD	GCA_053572175.1_ASM5357217v1	Umbelopsis sp. WA50703 WA50703	Umbelopsis sp. WA50703		Umbelopsidales			called	1	BFD__GCA_053572175.1_ASM5357217v1__L0	Minus	high	mat_locus	strict	32.45543	JAYKKX010000013.1	106697	110949	tptA,sexM,algA	sexM	polished_single	106862	107050	-	47.62	63	flank_one_side				False
BFD	GCA_977110975.1_gzUmbVina2	Umbelopsis vinacea	Umbelopsis vinacea		Umbelopsidales			called	1	BFD__GCA_977110975.1_gzUmbVina2__L0	Minus	high	mat_locus	strict	33.230198	CDSBDG010000016.1	165230	223444	tptA,sexP,sexM,rnhA,algA,glrA	sexM	polished_disagree	219224	219601	-	53.97	126	both_sides	glrA	tptA	29632	False
BFD	GCA_016758895.1_ASM1675889v1	Umbelopsis vinacea WA0000051536	Umbelopsis vinacea		Umbelopsidales			called	1	BFD__GCA_016758895.1_ASM1675889v1__L0	Minus	high	mat_locus	strict	82.451191	JAEPRA010000016.1	117107	158571	tptA,sexM,rnhA,algA,glrA	sexM	polished_agree	154339	154788	-	100.0	150	both_sides	glrA	tptA	12455	False
BFD	GCA_982397305.1_T17-F	Zychaea mexicana	Zychaea mexicana		Mucorales			uncalled	0																						
BFD	GCF_025766255.1_Zycmex1	Zychaea mexicana RSA 1403	Zychaea mexicana		Mucorales			called	1	BFD__GCF_025766255.1_Zycmex1__L0	Minus	medium	partial_locus	relaxed	133.598869	NW_026516701.1	27357	34617	sexM,rnhA	sexM	polished_agree	27357	27929	+	100.0	191	flank_one_side				False
LCG	Absidia_blakesleeana_NRRL_1300	Lichtheimia blakesleeana	Absidia blakesleeana NRRL 1300					uncalled	0																						
LCG	Absidia_blakesleeana_NRRL_1301	Lichtheimia blakesleeana	Absidia blakesleeana NRRL 1301					uncalled	0																						
LCG	Absidia_blakesleeana_NRRL_1303	Lichtheimia blakesleeana	Absidia blakesleeana NRRL 1303					uncalled	0																						
LCG	Absidia_caerulea_RSA_138-	Absidia caerulea RSA 138-	Absidia caerulea RSA 138-	Minus				called	1	LCG__Absidia_caerulea_RSA_138-__L0	Minus	medium	mat_locus	strict	83.415443	scaffold_577	16978	22948	sexM,algA,glrA	sexM	polished_disagree	22337	22894	-	54.84	186	flank_one_side				False
LCG	Absidia_caerulea_RSA_138_Plus	Absidia caerulea RSA 138 Plus	Absidia caerulea RSA 138 Plus	Plus				called	1	LCG__Absidia_caerulea_RSA_138_Plus__L0	Plus	medium	mat_locus	strict	215.376362	scaffold_109	21714	28329	sexP,sexM,algA,glrA	sexP	polished_agree	27436	28329	-	66.11	298	flank_one_side				False
LCG	Absidia_californica_NRRL_2709	Absidia californica NRRL 2709	Absidia californica NRRL 2709					called	1	LCG__Absidia_californica_NRRL_2709__L0	Minus	medium	partial_locus	relaxed	90.444447	scaffold_519	6306	10043	sexM,glrA	sexM	polished_disagree	6348	6926	+	53.37	193	flank_one_side				False
LCG	Absidia_californica_NRRL_2967	Absidia californica NRRL 2967	Absidia californica NRRL 2967					called	1	LCG__Absidia_californica_NRRL_2967__L0	Minus	medium	partial_locus	relaxed	91.375156	scaffold_456	9950	13688	sexM,glrA	sexM	polished_disagree	9992	10570	+	53.37	193	flank_one_side				False
LCG	Absidia_coerulea_NRRL_1310	Absidia coerulea NRRL 1310	Absidia coerulea NRRL 1310					called	1	LCG__Absidia_coerulea_NRRL_1310__L0	Minus	medium	mat_locus	strict	83.415443	scaffold_184	41259	47219	sexM,algA,glrA	sexM	polished_disagree	41313	41870	+	54.84	186	flank_one_side				False
LCG	Absidia_coerulea_NRRL_1312	Absidia coerulea NRRL 1312	Absidia coerulea NRRL 1312					called	1	LCG__Absidia_coerulea_NRRL_1312__L0	Minus	medium	mat_locus	strict	83.415443	scaffold_657	2035	7996	sexM,algA,glrA	sexM	polished_disagree	2089	2646	+	54.84	186	flank_one_side				False
LCG	Absidia_coerulea_NRRL_1313	Absidia coerulea NRRL 1313	Absidia coerulea NRRL 1313					called	1	LCG__Absidia_coerulea_NRRL_1313__L0	Plus	medium	mat_locus	strict	213.103622	scaffold_113	47384	54015	sexP,sexM,algA,glrA	sexP	polished_agree	53122	54015	-	65.77	298	flank_one_side				False
LCG	Absidia_coerulea_NRRL_1314	Absidia coerulea NRRL 1314	Absidia coerulea NRRL 1314					called	1	LCG__Absidia_coerulea_NRRL_1314__L0	Plus	medium	mat_locus	strict	212.818924	scaffold_171	13883	20504	sexP,sexM,algA,glrA	sexP	polished_agree	19611	20504	-	65.77	298	flank_one_side				False
LCG	Absidia_coerulea_NRRL_1502	Absidia coerulea NRRL 1502	Absidia coerulea NRRL 1502					called	1	LCG__Absidia_coerulea_NRRL_1502__L0	Minus	medium	mat_locus	strict	83.415443	scaffold_693	9339	15287	sexM,algA,glrA	sexM	polished_disagree	14676	15233	-	54.84	186	flank_one_side				False
LCG	Absidia_coerulea_NRRL_5926	Absidia coerulea NRRL 5926	Absidia coerulea NRRL 5926					called	1	LCG__Absidia_coerulea_NRRL_5926__L0	Minus	medium	mat_locus	strict	85.735992	scaffold_118	40463	46427	sexM,algA,glrA	sexM	polished_disagree	40517	41074	+	55.38	186	flank_one_side				False
LCG	Absidia_coerulea_NRRL_A-26290	Absidia coerulea NRRL A-26290	Absidia coerulea NRRL A-26290					called	1	LCG__Absidia_coerulea_NRRL_A-26290__L0	Minus	medium	mat_locus	strict	85.735992	scaffold_136	47701	53660	sexM,algA,glrA	sexM	polished_disagree	53049	53606	-	55.38	186	flank_one_side				False
LCG	Absidia_coerulea_NRRL_A-9483	Absidia coerulea NRRL A-9483	Absidia coerulea NRRL A-9483					uncalled	0																						
LCG	Absidia_corymbifera_Cohn_Saccardo_Trotter_NRRL_1334	Lichtheimia corymbifera	Absidia corymbifera Cohn Saccardo Trotter NRRL 1334					uncalled	0																						
LCG	Absidia_corymbifera_NRRL_1318	Lichtheimia corymbifera	Absidia corymbifera NRRL 1318					uncalled	0																						
LCG	Absidia_corymbifera_NRRL_1321	Lichtheimia corymbifera	Absidia corymbifera NRRL 1321					uncalled	0																						
LCG	Absidia_corymbifera_NRRL_1331	Lichtheimia corymbifera	Absidia corymbifera NRRL 1331					uncalled	0																						
LCG	Absidia_corymbifera_NRRL_1516	Lichtheimia corymbifera	Absidia corymbifera NRRL 1516					uncalled	0																						
LCG	Absidia_corymbifera_NRRL_1561	Lichtheimia corymbifera	Absidia corymbifera NRRL 1561					uncalled	0																						
LCG	Absidia_corymbifera_NRRL_1590	Lichtheimia corymbifera	Absidia corymbifera NRRL 1590					uncalled	0																						
LCG	Absidia_corymbifera_NRRL_2798	Lichtheimia corymbifera	Absidia corymbifera NRRL 2798					uncalled	0																						
LCG	Absidia_corymbifera_NRRL_2982	Lichtheimia corymbifera	Absidia corymbifera NRRL 2982					uncalled	0																						
LCG	Absidia_corymbifera_NRRL_3177	Lichtheimia corymbifera	Absidia corymbifera NRRL 3177					uncalled	0																						
LCG	Absidia_corymbifera_NRRL_6232	Lichtheimia corymbifera	Absidia corymbifera NRRL 6232					uncalled	0																						
LCG	Absidia_corymbifera_NRRL_6247	Lichtheimia corymbifera	Absidia corymbifera NRRL 6247					uncalled	0																						
LCG	Absidia_corymbifera_NRRL_6248	Lichtheimia corymbifera	Absidia corymbifera NRRL 6248					uncalled	0																						
LCG	Absidia_corymbifera_NRRL_6250	Lichtheimia corymbifera	Absidia corymbifera NRRL 6250					uncalled	0																						
LCG	Absidia_corymbifera_NRRL_A-13288	Lichtheimia corymbifera	Absidia corymbifera NRRL A-13288					uncalled	0																						
LCG	Absidia_corymbifera_NRRL_A-13636	Lichtheimia corymbifera	Absidia corymbifera NRRL A-13636					uncalled	0																						
LCG	Absidia_corymbifera_NRRL_A-14689	Lichtheimia corymbifera	Absidia corymbifera NRRL A-14689					uncalled	0																						
LCG	Absidia_corymbifera_NRRL_A-14836	Lichtheimia corymbifera	Absidia corymbifera NRRL A-14836					uncalled	0																						
LCG	Absidia_corymbifera_NRRL_A-18864	Lichtheimia corymbifera	Absidia corymbifera NRRL A-18864					uncalled	0																						
LCG	Absidia_corymbifera_NRRL_A-23566	Lichtheimia corymbifera	Absidia corymbifera NRRL A-23566					uncalled	0																						
LCG	Absidia_corymbifera_NRRL_A-25981	Lichtheimia corymbifera	Absidia corymbifera NRRL A-25981					uncalled	0																						
LCG	Absidia_corymbifera_NRRL_A-25984	Lichtheimia corymbifera	Absidia corymbifera NRRL A-25984					uncalled	0																						
LCG	Absidia_cuneospora_NRRL_2655	Absidia cuneospora NRRL 2655	Absidia cuneospora NRRL 2655					called	1	LCG__Absidia_cuneospora_NRRL_2655__L0	Minus	high	mat_locus	strict	63.980721	scaffold_226	405	24147	tptA,sexM,rnhA,algA,glrA	sexM	polished_disagree	19579	20022	-	40.69	148	both_sides	rnhA	tptA	2107	False
LCG	Absidia_cuneospora_RSA_623_Plus	Absidia cuneospora RSA 623 Plus	Absidia cuneospora RSA 623 Plus	Plus				called	1	LCG__Absidia_cuneospora_RSA_623_Plus__L0	Plus	high	mat_locus	strict	183.072998	scaffold_217	12658	36683	tptA,sexP,rnhA,algA,glrA	sexP	polished_disagree	16708	17403	+	49.13	232	both_sides	tptA	rnhA	2334	False
LCG	Absidia_cuneospora_RSA_624-	Absidia cuneospora RSA 624-	Absidia cuneospora RSA 624-	Minus				called	1	LCG__Absidia_cuneospora_RSA_624-__L0	Minus	high	mat_locus	strict	63.980721	scaffold_53	113503	137227	tptA,sexM,rnhA,algA,glrA	sexM	polished_disagree	117628	118071	+	40.69	148	both_sides	tptA	rnhA	2107	False
LCG	Absidia_cylindrospora_NRRL_1341	Absidia cylindrospora NRRL 1341	Absidia cylindrospora NRRL 1341					called	1	LCG__Absidia_cylindrospora_NRRL_1341__L0	Plus	medium	partial_locus	relaxed	199.365364	scaffold_111	17075	20975	sexP,algA	sexP	polished_agree	17075	17950	-	54.33	292	flank_one_side				False
LCG	Absidia_cylindrospora_NRRL_1342	Absidia cylindrospora NRRL 1342	Absidia cylindrospora NRRL 1342					called	1	LCG__Absidia_cylindrospora_NRRL_1342__L0	Minus	medium	mat_locus	strict	65.201622	scaffold_528	3126	15609	sexM,algA,glrA	sexM	polished_agree	11980	12528	-	40.78	183	both_sides	glrA	algA	9249	False
LCG	Absidia_cylindrospora_NRRL_1343	Absidia cylindrospora NRRL 1343	Absidia cylindrospora NRRL 1343					called	1	LCG__Absidia_cylindrospora_NRRL_1343__L0	Plus	medium	partial_locus	relaxed	203.447266	scaffold_253	26318	35888	sexP,glrA	sexP	polished_agree	35013	35888	-	53.98	292	flank_one_side				False
LCG	Absidia_cylindrospora_NRRL_1345	Absidia cylindrospora NRRL 1345	Absidia cylindrospora NRRL 1345					called	1	LCG__Absidia_cylindrospora_NRRL_1345__L0	Plus	medium	mat_locus	strict	197.236786	scaffold_316	26699	39402	sexP,algA,glrA	sexP	polished_agree	29724	30599	+	54.33	292	both_sides	algA	glrA	9470	False
LCG	Absidia_cylindrospora_NRRL_13891	Absidia cylindrospora NRRL 13891	Absidia cylindrospora NRRL 13891					called	1	LCG__Absidia_cylindrospora_NRRL_13891__L0	Minus	medium	mat_locus	strict	64.873386	scaffold_98	27425	39900	sexM,algA,glrA	sexM	polished_agree	36269	36817	-	40.78	183	both_sides	glrA	algA	9251	False
LCG	Absidia_cylindrospora_NRRL_1560	Absidia cylindrospora NRRL 1560	Absidia cylindrospora NRRL 1560					called	1	LCG__Absidia_cylindrospora_NRRL_1560__L0	Plus	medium	mat_locus	strict	199.513596	scaffold_331	3181	15875	sexP,algA,glrA	sexP	polished_agree	11975	12850	-	53.98	292	both_sides	glrA	algA	9463	False
LCG	Absidia_cylindrospora_NRRL_3069	Absidia cylindrospora NRRL 3069	Absidia cylindrospora NRRL 3069					called	1	LCG__Absidia_cylindrospora_NRRL_3069__L0	Minus	medium	mat_locus	strict	64.992287	scaffold_25	8683	41020	sexP,sexM,algA,glrA	sexM	polished_agree	37347	37895	-	39.66	183	both_sides	glrA	algA	9226	False
LCG	Absidia_cylindrospora_var._cylindrospora_NRRL_2796	Absidia cylindrospora var. cylindrospora NRRL 2796	Absidia cylindrospora var. cylindrospora NRRL 2796					called	1	LCG__Absidia_cylindrospora_var._cylindrospora_NRRL_2796__L0	Minus	medium	mat_locus	strict	47.232635	scaffold_24	56157	69284	sexM,algA,glrA	sexM	polished_agree	59672	60220	+	36.87	183	both_sides	algA	glrA	9783	False
LCG	Absidia_cylindrospora_var._nigra_NRRL_3031	Absidia cylindrospora var. nigra NRRL 3031	Absidia cylindrospora var. nigra NRRL 3031					called	1	LCG__Absidia_cylindrospora_var._nigra_NRRL_3031__L0	Minus	medium	mat_locus	strict	68.669888	scaffold_132	33301	46237	sexM,algA,glrA	sexM	polished_disagree	36792	37340	+	39.66	183	both_sides	algA	glrA	9553	False
LCG	Absidia_cylindrospora_var._nigra_NRRL_3032	Absidia cylindrospora var. nigra NRRL 3032	Absidia cylindrospora var. nigra NRRL 3032					called	1	LCG__Absidia_cylindrospora_var._nigra_NRRL_3032__L0	Plus	medium	mat_locus	strict	208.988068	scaffold_1	45714	58754	sexP,algA,glrA	sexP	polished_agree	54535	55425	-	55.1	297	both_sides	glrA	algA	9752	False
LCG	Absidia_cylindrospora_var._nigra_NRRL_3060	Absidia cylindrospora var. nigra NRRL 3060	Absidia cylindrospora var. nigra NRRL 3060					called	1	LCG__Absidia_cylindrospora_var._nigra_NRRL_3060__L0	Minus	medium	mat_locus	strict	68.669888	scaffold_69	89203	102042	sexM,algA,glrA	sexM	polished_disagree	98101	98649	-	39.66	183	both_sides	glrA	algA	9559	False
LCG	Absidia_dubia_NRRL_1322	Absidia dubia NRRL 1322	Absidia dubia NRRL 1322					called	1	LCG__Absidia_dubia_NRRL_1322__L0	Minus	high	mat_locus	strict	112.283581	scaffold_148	2196	8655	sexM,rnhA,algA	sexM	polished_disagree	8007	8655	+	75.81	216	flank_one_side				False
LCG	Absidia_glauca_NRRL_1324	Absidia glauca NRRL 1324	Absidia glauca NRRL 1324					called	1	LCG__Absidia_glauca_NRRL_1324__L0	Minus	medium	partial_locus	relaxed	115.902618	scaffold_153	2904	8087	sexM,algA	sexM	polished_agree	7368	8057	+	77.39	230	flank_one_side				False
LCG	Absidia_glauca_NRRL_1327	Absidia glauca NRRL 1327	Absidia glauca NRRL 1327					called	1	LCG__Absidia_glauca_NRRL_1327__L0	Minus	high	mat_locus	strict	112.283581	scaffold_143	36420	43169	sexM,rnhA,algA	sexM	polished_disagree	36420	37068	-	75.81	216	flank_one_side				False
LCG	Absidia_glauca_NRRL_1328	Absidia glauca NRRL 1328	Absidia glauca NRRL 1328					uncalled	0																						
LCG	Absidia_glauca_NRRL_2460	Absidia glauca NRRL 2460	Absidia glauca NRRL 2460					uncalled	0																						
LCG	Absidia_glauca_NRRL_3010	Absidia glauca NRRL 3010	Absidia glauca NRRL 3010					uncalled	0																						
LCG	Absidia_glauca_NRRL_A-25980	Absidia glauca NRRL A-25980	Absidia glauca NRRL A-25980					uncalled	0																						
LCG	Absidia_hyalospora_NRRL_1330	Lichtheimia hyalospora	Absidia hyalospora NRRL 1330					uncalled	0																						
LCG	Absidia_inflata_NRRL_6591	Absidia inflata NRRL 6591	Absidia inflata NRRL 6591					called	1	LCG__Absidia_inflata_NRRL_6591__L0	Minus	medium	mat_locus	strict	48.019131	scaffold_144	17844	30761	sexM,algA,glrA	sexM	polished_agree	21588	22172	+	34.74	195	both_sides	algA	glrA	9758	False
LCG	Absidia_macrospora_NRRL_3768	Absidia macrospora NRRL 3768	Absidia macrospora NRRL 3768					uncalled	0																						
LCG	Absidia_macrospora_NRRL_5839	Absidia macrospora NRRL 5839	Absidia macrospora NRRL 5839					called	1	LCG__Absidia_macrospora_NRRL_5839__L0	Minus	high	mat_locus	strict	81.836861	scaffold_443	9016	20111	tptA,sexM,glrA	sexM	polished_disagree	14794	15339	-	54.95	182	flank_one_side				False
LCG	Absidia_parricida_NRRL_2409	Lentamyces parricidus	Absidia parricida NRRL 2409					called	1	LCG__Absidia_parricida_NRRL_2409__L0	Plus	high	mat_locus	strict	219.562035	scaffold_298	17346	27776	tptA,sexP,rnhA,algA	sexP	polished_disagree	21783	22361	+	45.6	193	both_sides	tptA	rnhA	2458	False
LCG	Absidia_pseudocylindrospora_NRRL_2984	Absidia pseudocylindrospora NRRL 2984	Absidia pseudocylindrospora NRRL 2984					called	1	LCG__Absidia_pseudocylindrospora_NRRL_2984__L0	Minus	medium	mat_locus	strict	59.828564	scaffold_86	27345	39037	sexM,algA,glrA	sexM	polished_disagree	36245	36787	-	37.85	181	both_sides	glrA	algA	8520	False
LCG	Absidia_ramosa_NRRL_A-13095	Lichtheimia ramosa	Absidia ramosa NRRL A-13095					uncalled	0																						
LCG	Absidia_ramosa_NRRL_A-16036	Lichtheimia ramosa	Absidia ramosa NRRL A-16036					uncalled	0																						
LCG	Absidia_ramosa_NRRL_A-16673	Lichtheimia ramosa	Absidia ramosa NRRL A-16673					uncalled	0																						
LCG	Absidia_ramosa_NRRL_A-25726	Lichtheimia ramosa	Absidia ramosa NRRL A-25726					uncalled	0																						
LCG	Absidia_repens_NRRL_1337	Absidia repens NRRL 1337	Absidia repens NRRL 1337					called	1	LCG__Absidia_repens_NRRL_1337__L0	Minus	medium	mat_locus	strict	88.863724	scaffold_20	33719	43569	sexM,algA,glrA	sexM	polished_disagree	37329	37643	+	45.71	105	both_sides	algA	glrA	6406	False
LCG	Absidia_repens_NRRL_1338	Absidia repens NRRL 1338	Absidia repens NRRL 1338					called	1	LCG__Absidia_repens_NRRL_1338__L0	Plus	medium	mat_locus	strict	229.026321	scaffold_440	17423	33080	sexP,algA,glrA	sexP	polished_agree	27273	28148	-	56.06	292	both_sides	glrA	algA	12453	False
LCG	Absidia_spinosa_NRRL_A-13651	Absidia spinosa NRRL A-13651	Absidia spinosa NRRL A-13651					called	1	LCG__Absidia_spinosa_NRRL_A-13651__L0	Plus	high	mat_locus	strict	165.935089	scaffold_201	7858	31120	sexP,sexM,rnhA,algA,glrA	sexP	polished_agree	16899	17780	-	56.36	294	both_sides	glrA	algA	20035	False
LCG	Absidia_spinosa_var._azygospora_NRRL_2841	Absidia spinosa var. azygospora NRRL 2841	Absidia spinosa var. azygospora NRRL 2841					called	1	LCG__Absidia_spinosa_var._azygospora_NRRL_2841__L0	Plus	medium	mat_locus	strict	206.667072	scaffold_1	166036	177670	sexP,algA,glrA	sexP	polished_disagree	168665	169546	+	51.2	294	both_sides	algA	glrA	8537	False
LCG	Absidia_spinosa_var._biappendiculata_NRRL_3033	Absidia spinosa var. biappendiculata NRRL 3033	Absidia spinosa var. biappendiculata NRRL 3033					called	1	LCG__Absidia_spinosa_var._biappendiculata_NRRL_3033__L0	Plus	medium	partial_locus	relaxed	221.280037	scaffold_35	122632	133045	sexP,glrA	sexP	polished_agree	131716	132597	-	56.7	294	flank_one_side				False
LCG	Absidia_sp._NRRL_3163	Absidia sp. NRRL 3163	Absidia sp. NRRL 3163			unconfirmed: Phascolomyces sp.	exclude from species-level scoring	called	1	LCG__Absidia_sp._NRRL_3163__L0	Plus	medium	partial_locus	relaxed	92.980055	scaffold_198	27667	35354	sexP,rnhA	sexP	polished_disagree	35061	35354	-	60.42	98	flank_one_side				False
LCG	Absidia_sp._NRRL_A-14007	Absidia sp. NRRL A-14007	Absidia sp. NRRL A-14007					uncalled	0																						
LCG	Absidia_sp._NRRL_A-16789	Absidia sp. NRRL A-16789	Absidia sp. NRRL A-16789					called	1	LCG__Absidia_sp._NRRL_A-16789__L0	Minus	high	mat_locus	strict	78.414459	scaffold_527	1544	16463	tptA,sexM,rnhA,algA,glrA	sexM	polished_agree	11850	12611	-	60.98	254	both_sides	rnhA	tptA	1812	False
LCG	Absidia_sp._NRRL_A-17469	Absidia sp. NRRL A-17469	Absidia sp. NRRL A-17469					uncalled	0																						
LCG	Absidia_sp._NRRL_A-19777	Absidia sp. NRRL A-19777	Absidia sp. NRRL A-19777					uncalled	0																						
LCG	Absidia_zychae_NRRL_A-23515	Absidia zychae NRRL A-23515	Absidia zychae NRRL A-23515					called	1	LCG__Absidia_zychae_NRRL_A-23515__L0	Plus	medium	partial_locus	relaxed	106.519379	scaffold_119	11913	18344	sexP,rnhA	sexP	polished_disagree	17427	17984	+	37.63	186	flank_one_side				False
LCG	Actinomucor_elegans_NRRL_13011	Actinomucor elegans NRRL 13011	Actinomucor elegans NRRL 13011					called	1	LCG__Actinomucor_elegans_NRRL_13011__L0	Plus	high	mat_locus	strict	291.062466	scaffold_24	217734	232616	tptA,sexP,rnhA,algA,glrA	sexP	polished_disagree	222109	222969	+	39.37	287	both_sides	tptA	rnhA	2477	False
LCG	Actinomucor_elegans_NRRL_1403	Actinomucor elegans NRRL 1403	Actinomucor elegans NRRL 1403					called	1	LCG__Actinomucor_elegans_NRRL_1403__L0	Minus	high	mat_locus	strict	56.177868	scaffold_7	138418	177056	tptA,sexM,rnhA,algA,glrA	sexM	polished_disagree	170285	170818	-	33.52	178	both_sides	rnhA	tptA	3147	False
LCG	Actinomucor_elegans_NRRL_1706	Actinomucor elegans NRRL 1706	Actinomucor elegans NRRL 1706					called	1	LCG__Actinomucor_elegans_NRRL_1706__L0	Plus	high	mat_locus	strict	291.062466	scaffold_21	76210	91093	tptA,sexP,rnhA,algA,glrA	sexP	polished_disagree	80585	81445	+	39.37	287	both_sides	tptA	rnhA	2477	False
LCG	Actinomucor_elegans_NRRL_3104	Actinomucor elegans NRRL 3104	Actinomucor elegans NRRL 3104					called	1	LCG__Actinomucor_elegans_NRRL_3104__L0	Plus	high	mat_locus	strict	201.888577	scaffold_26	212203	227086	tptA,sexP,rnhA,algA,glrA	sexP	polished_disagree	216578	217439	+	39.72	191	both_sides	tptA	rnhA	2478	False
LCG	Actinomucor_elegans_NRRL_6572	Actinomucor elegans NRRL 6572	Actinomucor elegans NRRL 6572					called	1	LCG__Actinomucor_elegans_NRRL_6572__L0	Plus	high	mat_locus	strict	291.062466	scaffold_23	14865	29747	tptA,sexP,rnhA,algA,glrA	sexP	polished_disagree	24512	25372	-	39.37	287	both_sides	rnhA	tptA	2477	False
LCG	Actinomucor_sp._NRRL_A-23671	Actinomucor sp. NRRL A-23671	Actinomucor sp. NRRL A-23671					called	1	LCG__Actinomucor_sp._NRRL_A-23671__L0	Plus	high	mat_locus	strict	345.439693	scaffold_486	1947	16762	tptA,sexP,rnhA,algA,glrA	sexP	polished_agree	12462	13421	-	75.0	320	both_sides	rnhA	tptA	1699	False
LCG	Amylomyces_rouxii_NRRL_3160	Amylomyces rouxii NRRL 3160	Amylomyces rouxii NRRL 3160					called	1	LCG__Amylomyces_rouxii_NRRL_3160__L0	Minus	high	mat_locus	strict	160.474716	scaffold_579	1845	16482	tptA,sexM,rnhA,glrA,btbA	sexM	polished_agree	9738	10301	+	96.81	188	both_sides	tptA	rnhA	1496	False
LCG	Amylomyces_rouxii_NRRL_5192	Amylomyces rouxii NRRL 5192	Amylomyces rouxii NRRL 5192					called	1	LCG__Amylomyces_rouxii_NRRL_5192__L0	Minus	high	mat_locus	strict	166.200447	scaffold_629	2034	16585	tptA,sexM,rnhA,glrA,btbA	sexM	polished_agree	8096	8659	-	100.0	188	both_sides	rnhA	tptA	1500	False
LCG	Amylomyces_rouxii_NRRL_A-25885	Amylomyces rouxii NRRL A-25885	Amylomyces rouxii NRRL A-25885					called	1	LCG__Amylomyces_rouxii_NRRL_A-25885__L0	Minus	high	mat_locus	strict	114.413338	scaffold_488	2967	17248	tptA,sexM,rnhA,glrA,btbA	sexM	polished_agree	8704	9264	-	53.01	187	both_sides	rnhA	tptA	2599	False
LCG	Apophysomyces_ossiformis_NRRL_A-21654	Apophysomyces ossiformis NRRL A-21654	Apophysomyces ossiformis NRRL A-21654					called	1	LCG__Apophysomyces_ossiformis_NRRL_A-21654__L0	Plus	high	mat_locus	strict	136.1679	scaffold_49	135274	142984	tptA,sexP,algA	sexP	polished_disagree	135592	136017	-	46.38	142	flank_one_side				False
LCG	Apophysomyces_sp._BC1015	Apophysomyces sp. BC1015	Apophysomyces sp. BC1015					called	1	LCG__Apophysomyces_sp._BC1015__L0	Plus	high	mat_locus	strict	148.713295	scaffold_575	6857	16341	tptA,sexP,algA	sexP	polished_disagree	15613	16158	+	35.2	182	flank_one_side				False
LCG	Apophysomyces_sp._BC1021	Apophysomyces sp. BC1021	Apophysomyces sp. BC1021					called	1	LCG__Apophysomyces_sp._BC1021__L0	Plus	high	mat_locus	strict	148.713295	scaffold_301	7086	16570	tptA,sexP,algA	sexP	polished_disagree	15842	16387	+	35.2	182	flank_one_side				False
LCG	Apophysomyces_sp._BC1034	Apophysomyces sp. BC1034	Apophysomyces sp. BC1034					called	1	LCG__Apophysomyces_sp._BC1034__L0	Plus	high	mat_locus	strict	148.713295	scaffold_327	19857	29341	tptA,sexP,algA	sexP	polished_disagree	20040	20585	-	35.2	182	flank_one_side				False
LCG	Backusella_circina_NRRL_2446	Backusella circina	Backusella circina NRRL 2446					called	1	LCG__Backusella_circina_NRRL_2446__L0	Plus	medium	mat_locus	strict	240.579102	scaffold_141	66614	75807	sexP,algA,glrA	sexP	polished_disagree	72304	72840	-	39.89	179	both_sides	glrA	algA	6173	False
LCG	Backusella_circina_NRRL_3293	Backusella circina NRRL 3293	Backusella circina NRRL 3293					called	1	LCG__Backusella_circina_NRRL_3293__L0	Minus	medium	mat_locus	strict	67.092346	scaffold_43	118061	127138	sexM,algA,glrA	sexM	polished_disagree	123941	124192	-	50.0	84	both_sides	glrA	algA	6057	False
LCG	Backusella_circina_NRRL_6007	Backusella circina NRRL 6007	Backusella circina NRRL 6007					called	1	LCG__Backusella_circina_NRRL_6007__L0	Minus	medium	mat_locus	strict	79.940605	scaffold_181	33406	42421	sexM,algA,glrA	sexM	polished_disagree	39074	39364	-	46.39	97	both_sides	glrA	algA	5974	False
LCG	Backusella_circina_NRRL_A-17781	Backusella circina NRRL A-17781	Backusella circina NRRL A-17781					called	1	LCG__Backusella_circina_NRRL_A-17781__L0	Plus	medium	mat_locus	strict	239.45108	scaffold_190	66443	75637	sexP,algA,glrA	sexP	polished_disagree	72134	72670	-	39.89	179	both_sides	glrA	algA	6174	False
LCG	Backusella_ctenidia_NRRL_6239	Backusella ctenidia NRRL 6239	Backusella ctenidia NRRL 6239			unconfirmed: Mucor indicus lineage	exclude from species-level scoring	called	1	LCG__Backusella_ctenidia_NRRL_6239__L0	Plus	high	mat_locus	strict	251.131416	scaffold_77	45595	54836	sexP,rnhA,glrA	sexP	polished_disagree	45595	46266	+	40.18	224	flank_one_side				False
LCG	Backusella_lamprospora_NRRL_1401	Backusella lamprospora NRRL 1401	Backusella lamprospora NRRL 1401					called	1	LCG__Backusella_lamprospora_NRRL_1401__L0	Minus	medium	partial_locus	relaxed	80.505081	scaffold_593	280	4160	sexM,algA	sexM	polished_disagree	631	882	-	52.38	84	flank_one_side				False
LCG	Backusella_lamprospora_NRRL_3103	Backusella lamprospora NRRL 3103	Backusella lamprospora NRRL 3103					called	1	LCG__Backusella_lamprospora_NRRL_3103__L0	Minus	medium	mat_locus	strict	79.162918	scaffold_144	42084	51089	sexM,algA,glrA	sexM	polished_disagree	45092	45343	+	50.0	84	both_sides	algA	glrA	5953	False
LCG	Backusella_lamprospora_NRRL_3618	Backusella lamprospora NRRL 3618	Backusella lamprospora NRRL 3618					called	1	LCG__Backusella_lamprospora_NRRL_3618__L0	Plus	medium	mat_locus	strict	224.660782	scaffold_72	26755	35960	sexP,algA,glrA	sexP	polished_disagree	32449	33000	-	37.5	184	both_sides	glrA	algA	6119	False
LCG	Backusella_lamprospora_NRRL_3619	Backusella lamprospora NRRL 3619	Backusella lamprospora NRRL 3619					called	1	LCG__Backusella_lamprospora_NRRL_3619__L0	Minus	medium	partial_locus	relaxed	80.505081	scaffold_198	366	4246	sexM,algA	sexM	polished_disagree	717	968	-	52.38	84	flank_one_side				False
LCG	Backusella_lamprospora_NRRL_6044_Plus	Backusella lamprospora NRRL 6044 Plus	Backusella lamprospora NRRL 6044 Plus	Plus				called	1	LCG__Backusella_lamprospora_NRRL_6044_Plus__L0	Minus	medium	mat_locus	strict	76.019157	scaffold_279	13671	22876	sexM,algA,glrA	sexM	polished_disagree	19520	19849	-	48.18	110	both_sides	glrA	algA	6144	False
LCG	Benjaminiella_youngii_IMI_325629	Benjaminiella youngii	Benjaminiella youngii IMI 325629					called	1	LCG__Benjaminiella_youngii_IMI_325629__L0	Minus	high	mat_locus	strict	115.59845	scaffold_64	30239	37814	sexM,rnhA,algA	sexM	polished_disagree	32077	32619	+	45.3	181	both_sides	algA	rnhA	1983	False
LCG	Blakeslea_trispora_NRRL_2456	Blakeslea trispora	Blakeslea trispora NRRL 2456					called	1	LCG__Blakeslea_trispora_NRRL_2456__L0	Plus	high	mat_locus	strict	236.036659	scaffold_4	82112	139454	tptA,sexP,rnhA,algA,glrA,btbA	sexP	polished_disagree	109567	110298	-	35.66	244	both_sides	rnhA	tptA	1501	False
LCG	Chaetocladium_brefeldii_NRRL_1350	Chaetocladium brefeldii	Chaetocladium brefeldii NRRL 1350					called	1	LCG__Chaetocladium_brefeldii_NRRL_1350__L0	Plus	high	mat_locus	strict	291.858521	scaffold_39	5636	32962	tptA,sexP,rnhA,algA,glrA	sexP	polished_agree	10078	11004	-	60.19	309	both_sides	rnhA	tptA	2162	False
LCG	Chaetocladium_brefeldii_NRRL_2508	Chaetocladium brefeldii NRRL 2508	Chaetocladium brefeldii NRRL 2508					called	1	LCG__Chaetocladium_brefeldii_NRRL_2508__L0	Plus	high	mat_locus	strict	291.858521	scaffold_117	9795	37076	tptA,sexP,rnhA,algA,glrA	sexP	polished_agree	14225	15151	-	60.19	309	both_sides	rnhA	tptA	2162	False
LCG	Chaetocladium_brefeldii_RSA_1136-	Chaetocladium brefeldii RSA 1136-	Chaetocladium brefeldii RSA 1136-	Minus				called	1	LCG__Chaetocladium_brefeldii_RSA_1136-__L0	Minus	high	mat_locus	strict	34.309258	scaffold_426	19	9874	tptA,sexM,rnhA,algA	sexM	polished_single	4825	5097	-	39.56	91	both_sides	rnhA	tptA	2215	False
LCG	Chaetocladium_brefeldii_Tieghem_Le_Monnier_NRRL_2509	Chaetocladium brefeldii Tieghem Le Monnier NRRL 2509	Chaetocladium brefeldii Tieghem Le Monnier NRRL 2509					called	1	LCG__Chaetocladium_brefeldii_Tieghem_Le_Monnier_NRRL_2509__L0	Minus	high	mat_locus	strict	100.017765	scaffold_121	2049	29272	tptA,sexM,rnhA,algA,glrA	sexM	polished_agree	24335	24916	+	73.06	194	both_sides	tptA	rnhA	2233	False
LCG	Chaetocladium_sp._NRRL_2844	Chaetocladium sp. NRRL 2844	Chaetocladium sp. NRRL 2844					uncalled	0																						
LCG	Chaetocladium_sp._NRRL_3029	Chaetocladium sp. NRRL 3029	Chaetocladium sp. NRRL 3029					uncalled	0																						
LCG	Choanephora_circinans_NRRL_2546	Poitrasia circinans	Choanephora circinans NRRL 2546					called	1	LCG__Choanephora_circinans_NRRL_2546__L0	Plus	high	mat_locus	strict	230.931084	scaffold_32	82206	94963	tptA,sexP,rnhA,algA,glrA	sexP	polished_disagree	91206	91880	-	36.0	225	both_sides	rnhA	tptA	1501	False
LCG	Circinella_angarensis_NRRL_1594	Circinella angarensis NRRL 1594	Circinella angarensis NRRL 1594					called	1	LCG__Circinella_angarensis_NRRL_1594__L0	Plus	medium	partial_locus	relaxed	143.372742	scaffold_103	7634	15317	sexP,rnhA	sexP	polished_agree	14388	15317	-	98.71	310	flank_one_side				False
LCG	Circinella_angarensis_NRRL_2410	Circinella angarensis NRRL 2410	Circinella angarensis NRRL 2410					called	1	LCG__Circinella_angarensis_NRRL_2410__L0	Plus	medium	partial_locus	relaxed	137.857191	scaffold_1	54791	62489	sexP,rnhA	sexP	polished_agree	54791	55720	+	88.06	310	flank_one_side				False
LCG	Circinella_angarensis_NRRL_2628	Circinella angarensis NRRL 2628	Circinella angarensis NRRL 2628					called	1	LCG__Circinella_angarensis_NRRL_2628__L0	Minus	medium	partial_locus	relaxed	96.848969	scaffold_231	5871	13264	sexM,rnhA	sexM	polished_agree	12707	13264	-	58.92	186	flank_one_side				False
LCG	Circinella_angarensis_RSA_198_Plus	Circinella angarensis RSA 198 Plus	Circinella angarensis RSA 198 Plus	Plus				called	1	LCG__Circinella_angarensis_RSA_198_Plus__L0	Minus	medium	partial_locus	relaxed	94.749889	scaffold_2	111761	119142	sexM,rnhA	sexM	polished_agree	118585	119142	-	58.92	186	flank_one_side				False
LCG	Circinella_angarensis_RSA_618-	Circinella angarensis RSA 618-	Circinella angarensis RSA 618-	Minus				called	1	LCG__Circinella_angarensis_RSA_618-__L0	Minus	medium	partial_locus	relaxed	96.848969	scaffold_213	5588	12981	sexM,rnhA	sexM	polished_agree	12424	12981	-	58.92	186	flank_one_side				False
LCG	Circinella_chinensis_CBS_150.53	Circinella chinensis CBS 150.53	Circinella chinensis CBS 150.53					called	1	LCG__Circinella_chinensis_CBS_150.53__L0	Minus	medium	partial_locus	relaxed	82.923355	scaffold_136	56704	65481	sexM,rnhA	sexM	polished_agree	56704	57270	+	55.56	189	flank_one_side				False
LCG	Circinella_chinensis_NRRL_2415	Circinella chinensis NRRL 2415	Circinella chinensis NRRL 2415					called	1	LCG__Circinella_chinensis_NRRL_2415__L0	Minus	medium	partial_locus	relaxed	90.416084	scaffold_48	41056	48421	sexM,rnhA	sexM	polished_agree	41056	41610	+	59.78	185	flank_one_side				False
LCG	Circinella_minor_CBS_143.56	Circinella minor CBS 143.56	Circinella minor CBS 143.56					called	2	LCG__Circinella_minor_CBS_143.56__L0	Plus	medium	partial_locus	relaxed	134.734823	scaffold_1115	6343	14026	sexP,rnhA	sexP	polished_agree	13097	14026	-	92.9	310	flank_one_side				True
LCG	Circinella_minor_CBS_143.56	Circinella minor CBS 143.56	Circinella minor CBS 143.56					called	2	LCG__Circinella_minor_CBS_143.56__L1	Minus	medium	partial_locus	relaxed	86.680252	scaffold_1610	1465	8846	sexM,rnhA	sexM	polished_agree	8289	8846	-	56.76	186	flank_one_side				True
LCG	Circinella_minor_NRRL_1365	Circinella minor NRRL 1365	Circinella minor NRRL 1365					called	1	LCG__Circinella_minor_NRRL_1365__L0	Plus	medium	partial_locus	relaxed	133.677626	scaffold_388	5392	13096	sexP,rnhA	sexP	polished_agree	12167	13096	-	91.94	310	flank_one_side				False
LCG	Circinella_mucoroides_NRRL_1354	Circinella mucoroides NRRL 1354	Circinella mucoroides NRRL 1354					called	1	LCG__Circinella_mucoroides_NRRL_1354__L0	Minus	medium	partial_locus	relaxed	90.416084	scaffold_160	281	7646	sexM,rnhA	sexM	polished_agree	7092	7646	-	59.78	185	flank_one_side				False
LCG	Circinella_muscae_CBS_107.13T	Circinella muscae CBS 107.13T	Circinella muscae CBS 107.13T					called	1	LCG__Circinella_muscae_CBS_107.13T__L0	Minus	medium	partial_locus	relaxed	86.680252	scaffold_15	1987	9368	sexM,rnhA	sexM	polished_agree	8811	9368	-	56.76	186	flank_one_side				False
LCG	Circinella_muscae_NRRL_1352	Circinella muscae NRRL 1352	Circinella muscae NRRL 1352					called	1	LCG__Circinella_muscae_NRRL_1352__L0	Minus	medium	partial_locus	relaxed	86.680252	scaffold_35	20899	28280	sexM,rnhA	sexM	polished_agree	27723	28280	-	56.76	186	flank_one_side				False
LCG	Circinella_muscae_NRRL_1355	Circinella muscae NRRL 1355	Circinella muscae NRRL 1355					called	2	LCG__Circinella_muscae_NRRL_1355__L0	Plus	medium	partial_locus	relaxed	132.210773	scaffold_142	8004	15682	sexP,rnhA	sexP	polished_agree	8004	8933	+	77.42	310	flank_one_side				False
LCG	Circinella_muscae_NRRL_1355	Circinella muscae NRRL 1355	Circinella muscae NRRL 1355					called	2	LCG__Circinella_muscae_NRRL_1355__L1	Plus	medium	partial_locus	relaxed	138.399439	scaffold_2644	5926	10622	sexP,rnhA	sexP	polished_disagree	5926	6946	+	76.8	307	flank_one_side				False
LCG	Circinella_muscae_NRRL_1356	Circinella muscae NRRL 1356	Circinella muscae NRRL 1356					called	1	LCG__Circinella_muscae_NRRL_1356__L0	Minus	medium	partial_locus	relaxed	86.680252	scaffold_15	1878	9259	sexM,rnhA	sexM	polished_agree	8702	9259	-	56.76	186	flank_one_side				False
LCG	Circinella_muscae_NRRL_1357	Circinella muscae NRRL 1357	Circinella muscae NRRL 1357					called	1	LCG__Circinella_muscae_NRRL_1357__L0	Plus	medium	partial_locus	relaxed	144.217707	scaffold_1159	1559	9240	sexP,rnhA	sexP	polished_agree	8311	9240	-	100.0	310	flank_one_side				False
LCG	Circinella_muscae_NRRL_1360	Circinella muscae NRRL 1360	Circinella muscae NRRL 1360			unconfirmed: possible mixed sample: Benjaminiella nuclear markers, Circinella rDNA	exclude from species-level scoring	called	1	LCG__Circinella_muscae_NRRL_1360__L0	Minus	high	mat_locus	strict	115.59845	scaffold_64	30239	37814	sexM,rnhA,algA	sexM	polished_disagree	32077	32619	+	45.3	181	both_sides	algA	rnhA	1983	False
LCG	Circinella_muscae_NRRL_1362	Circinella muscae NRRL 1362	Circinella muscae NRRL 1362					uncalled	0																						
LCG	Circinella_muscae_NRRL_1363	Circinella muscae NRRL 1363	Circinella muscae NRRL 1363					called	2	LCG__Circinella_muscae_NRRL_1363__L0	Plus	medium	partial_locus	relaxed	132.210773	scaffold_2016	1810	9488	sexP,rnhA	sexP	polished_agree	8559	9488	-	77.42	310	flank_one_side				False
LCG	Circinella_muscae_NRRL_1363	Circinella muscae NRRL 1363	Circinella muscae NRRL 1363					called	2	LCG__Circinella_muscae_NRRL_1363__L1	Plus	medium	partial_locus	relaxed	138.346218	scaffold_1448	7340	15062	sexP,rnhA	sexP	polished_agree	7340	8260	+	76.87	307	flank_one_side				False
LCG	Circinella_muscae_NRRL_1364	Circinella muscae NRRL 1364	Circinella muscae NRRL 1364					called	1	LCG__Circinella_muscae_NRRL_1364__L0	Minus	medium	partial_locus	relaxed	86.680252	scaffold_65	133550	140931	sexM,rnhA	sexM	polished_agree	133550	134107	+	56.76	186	flank_one_side				False
LCG	Circinella_muscae_NRRL_1367	Circinella muscae NRRL 1367	Circinella muscae NRRL 1367					called	1	LCG__Circinella_muscae_NRRL_1367__L0	Plus	medium	partial_locus	relaxed	130.413136	scaffold_87	85257	92935	sexP,rnhA	sexP	polished_agree	85257	86186	+	77.1	310	flank_one_side				False
LCG	Circinella_muscae_NRRL_2403	Circinella muscae NRRL 2403	Circinella muscae NRRL 2403					called	2	LCG__Circinella_muscae_NRRL_2403__L0	Plus	medium	partial_locus	relaxed	132.210773	scaffold_396	1792	9470	sexP,rnhA	sexP	polished_agree	8541	9470	-	77.42	310	flank_one_side				False
LCG	Circinella_muscae_NRRL_2403	Circinella muscae NRRL 2403	Circinella muscae NRRL 2403					called	2	LCG__Circinella_muscae_NRRL_2403__L1	Plus	medium	partial_locus	relaxed	138.346218	scaffold_1271	7233	14955	sexP,rnhA	sexP	polished_agree	7233	8153	+	76.87	307	flank_one_side				False
LCG	Circinella_naumovii_NRRL_5846	Circinella naumovii NRRL 5846	Circinella naumovii NRRL 5846					called	1	LCG__Circinella_naumovii_NRRL_5846__L0	Minus	high	mat_locus	strict	97.426674	scaffold_886	953	12078	sexM,rnhA,glrA	sexM	polished_agree	11317	12078	-	76.11	254	flank_one_side				False
LCG	Circinella_rigida_NRRL_2341	Mucor durus	Circinella rigida NRRL 2341					called	1	LCG__Circinella_rigida_NRRL_2341__L0	Plus	high	mat_locus	strict	243.317406	scaffold_442	2325	14904	tptA,sexP,rnhA,algA,glrA	sexP	polished_agree	11321	12169	-	45.26	283	both_sides	rnhA	tptA	1844	False
LCG	Circinella_simplex_CBS_142.35	Circinella simplex CBS 142.35	Circinella simplex CBS 142.35					called	1	LCG__Circinella_simplex_CBS_142.35__L0	Minus	high	mat_locus	strict	28.1381	scaffold_62	68859	83328	tptA,sexM,rnhA,algA,glrA	sexM	polished_single	73871	74185	+	38.46	105	both_sides	tptA	rnhA	3318	False
LCG	Circinella_simplex_van_Tieghem_NRRL_2407	Circinella simplex van Tieghem NRRL 2407	Circinella simplex van Tieghem NRRL 2407					called	1	LCG__Circinella_simplex_van_Tieghem_NRRL_2407__L0	Plus	high	mat_locus	strict	268.318138	scaffold_473	772	16083	sexP,sexM,rnhA,glrA	sexP	polished_agree	10102	11043	-	39.42	314	flank_one_side				False
LCG	Circinella_tenella_NRRL_A-23557	Circinella tenella NRRL A-23557	Circinella tenella NRRL A-23557			confirmed: Lichtheimia sp.	exclude from species-level scoring	uncalled	0																						
LCG	Circinella_umbellata_NRRL_1366	Circinella umbellata NRRL 1366	Circinella umbellata NRRL 1366					called	1	LCG__Circinella_umbellata_NRRL_1366__L0	Minus	medium	partial_locus	relaxed	99.609737	scaffold_302	26236	33630	sexM,rnhA	sexM	polished_agree	26236	26793	+	61.62	186	flank_one_side				False
LCG	Circinella_umbellata_NRRL_2417	Circinella umbellata NRRL 2417	Circinella umbellata NRRL 2417					called	1	LCG__Circinella_umbellata_NRRL_2417__L0	Plus	medium	partial_locus	relaxed	133.677626	scaffold_495	3786	11490	sexP,rnhA	sexP	polished_agree	10561	11490	-	91.94	310	flank_one_side				False
LCG	Circinella_umbellata_RSA_505_Plus	Circinella umbellata RSA 505 Plus	Circinella umbellata RSA 505 Plus	Plus				called	1	LCG__Circinella_umbellata_RSA_505_Plus__L0	Minus	medium	partial_locus	relaxed	99.609737	scaffold_255	2274	9668	sexM,rnhA	sexM	polished_agree	9111	9668	-	61.62	186	flank_one_side				False
LCG	Circinomucor_circinelloides_NRRL_22899	Circinomucor circinelloides NRRL 22899	Circinomucor circinelloides NRRL 22899					called	1	LCG__Circinomucor_circinelloides_NRRL_22899__L0	Plus	high	mat_locus	strict	346.614201	scaffold_511	7124	21923	tptA,sexP,rnhA,algA,glrA	sexP	polished_agree	10467	11429	+	76.95	321	both_sides	tptA	rnhA	1693	False
LCG	Cunninghamella_antarctica_NRRL_6534	Cunninghamella antarctica NRRL 6534	Cunninghamella antarctica NRRL 6534					called	1	LCG__Cunninghamella_antarctica_NRRL_6534__L0	Minus	high	mat_locus	strict	34.263584	scaffold_312	2416	13032	tptA,sexM,rnhA,algA	sexM	polished_single	7157	7429	+	39.56	91	both_sides	tptA	rnhA	2188	False
LCG	Cunninghamella_bertholletiae_NRRL_1376	Cunninghamella bertholletiae NRRL 1376	Cunninghamella bertholletiae NRRL 1376					called	1	LCG__Cunninghamella_bertholletiae_NRRL_1376__L0	Minus	high	mat_locus	strict	64.956657	scaffold_248	8472	18752	tptA,sexM,rnhA,algA	sexM	polished_disagree	12907	13239	+	36.45	111	both_sides	tptA	rnhA	2279	False
LCG	Cunninghamella_bertholletiae_NRRL_1377	Cunninghamella bertholletiae NRRL 1377	Cunninghamella bertholletiae NRRL 1377					called	1	LCG__Cunninghamella_bertholletiae_NRRL_1377__L0	Plus	high	mat_locus	strict	219.562035	scaffold_544	2099	12635	tptA,sexP,rnhA,algA	sexP	polished_disagree	6537	7115	+	45.6	193	both_sides	tptA	rnhA	2560	False
LCG	Cunninghamella_bertholletiae_NRRL_1378	Cunninghamella bertholletiae NRRL 1378	Cunninghamella bertholletiae NRRL 1378					called	1	LCG__Cunninghamella_bertholletiae_NRRL_1378__L0	Plus	high	mat_locus	strict	218.107948	scaffold_295	415	9178	tptA,sexP,rnhA	sexP	polished_disagree	2792	3370	+	45.6	193	both_sides	tptA	rnhA	2425	False
LCG	Cunninghamella_bertholletiae_NRRL_1380	Cunninghamella bertholletiae NRRL 1380	Cunninghamella bertholletiae NRRL 1380					called	1	LCG__Cunninghamella_bertholletiae_NRRL_1380__L0	Minus	high	mat_locus	strict	67.476372	scaffold_151	17484	27650	tptA,sexM,rnhA,algA	sexM	polished_disagree	21946	22431	+	28.4	162	both_sides	tptA	rnhA	2197	False
LCG	Cunninghamella_brunnea_NRRL_6143	Cunninghamella brunnea NRRL 6143	Cunninghamella brunnea NRRL 6143					uncalled	0																						
LCG	Cunninghamella_echinulata_NRRL_1384	Cunninghamella echinulata NRRL 1384	Cunninghamella echinulata NRRL 1384					called	1	LCG__Cunninghamella_echinulata_NRRL_1384__L0	Minus	high	mat_locus	strict	34.309258	scaffold_56	43585	54252	tptA,sexM,rnhA,algA	sexM	polished_single	48362	48634	+	39.56	91	both_sides	tptA	rnhA	2185	False
LCG	Cunninghamella_echinulata_NRRL_1385	Cunninghamella echinulata NRRL 1385	Cunninghamella echinulata NRRL 1385					called	1	LCG__Cunninghamella_echinulata_NRRL_1385__L0	Minus	high	mat_locus	strict	35.221798	scaffold_1415	210	6513	tptA,sexM,rnhA	sexM	polished_single	2439	2711	+	40.66	91	both_sides	tptA	rnhA	2185	False
LCG	Cunninghamella_echinulata_NRRL_1386	Cunninghamella echinulata NRRL 1386	Cunninghamella echinulata NRRL 1386					called	1	LCG__Cunninghamella_echinulata_NRRL_1386__L0	Plus	high	mat_locus	strict	219.689133	scaffold_361	18990	28664	tptA,sexP,rnhA,algA	sexP	polished_disagree	24326	25003	-	45.98	226	both_sides	rnhA	tptA	2410	False
LCG	Cunninghamella_echinulata_NRRL_1387	Cunninghamella echinulata NRRL 1387	Cunninghamella echinulata NRRL 1387					called	1	LCG__Cunninghamella_echinulata_NRRL_1387__L0	Minus	high	mat_locus	strict	34.263584	scaffold_508	7244	17910	tptA,sexM,rnhA,algA	sexM	polished_single	12022	12294	+	39.56	91	both_sides	tptA	rnhA	2186	False
LCG	Cunninghamella_echinulata_RSA_2017_Plus	Cunninghamella echinulata RSA 2017 Plus	Cunninghamella echinulata RSA 2017 Plus	Plus				called	1	LCG__Cunninghamella_echinulata_RSA_2017_Plus__L0	Plus	high	mat_locus	strict	222.2127	scaffold_106	28727	39516	tptA,sexP,rnhA,algA	sexP	polished_disagree	34070	34747	-	44.64	226	both_sides	rnhA	tptA	2379	False
LCG	Cunninghamella_echinulata_RSA_2018-	Cunninghamella echinulata RSA 2018-	Cunninghamella echinulata RSA 2018-	Minus				called	1	LCG__Cunninghamella_echinulata_RSA_2018-__L0	Minus	high	mat_locus	strict	34.309258	scaffold_139	18787	29454	tptA,sexM,rnhA,algA	sexM	polished_single	24405	24677	-	39.56	91	both_sides	rnhA	tptA	2185	False
LCG	Cunninghamella_elegans_NRRL_1388	Cunninghamella elegans NRRL 1388	Cunninghamella elegans NRRL 1388					called	1	LCG__Cunninghamella_elegans_NRRL_1388__L0	Plus	high	mat_locus	strict	218.107948	scaffold_31	14350	25110	tptA,sexP,rnhA,algA	sexP	polished_disagree	20009	20587	-	45.6	193	both_sides	rnhA	tptA	2443	False
LCG	Cunninghamella_elegans_NRRL_1390	Cunninghamella elegans NRRL 1390	Cunninghamella elegans NRRL 1390					called	1	LCG__Cunninghamella_elegans_NRRL_1390__L0	Minus	high	mat_locus	strict	60.648922	scaffold_20	3745	14176	tptA,sexM,rnhA,algA	sexM	polished_disagree	9425	9703	-	44.94	93	both_sides	rnhA	tptA	2227	False
LCG	Cunninghamella_elegans_NRRL_1391	Cunninghamella elegans NRRL 1391	Cunninghamella elegans NRRL 1391					called	1	LCG__Cunninghamella_elegans_NRRL_1391__L0	Plus	high	mat_locus	strict	218.107948	scaffold_111	26749	37420	tptA,sexP,rnhA,algA	sexP	polished_disagree	31260	31838	+	45.6	193	both_sides	tptA	rnhA	2425	False
LCG	Cunninghamella_elegans_NRRL_1392	Cunninghamella elegans NRRL 1392	Cunninghamella elegans NRRL 1392					called	1	LCG__Cunninghamella_elegans_NRRL_1392__L0	Plus	high	mat_locus	strict	218.107948	scaffold_490	405	9030	tptA,sexP,rnhA	sexP	polished_disagree	2782	3360	+	45.6	193	both_sides	tptA	rnhA	2425	False
LCG	Cunninghamella_elegans_NRRL_1393	Cunninghamella elegans NRRL 1393	Cunninghamella elegans NRRL 1393					called	1	LCG__Cunninghamella_elegans_NRRL_1393__L0	Minus	high	mat_locus	strict	59.921509	scaffold_446	7828	18471	tptA,sexM,rnhA,algA	sexM	polished_disagree	12384	12662	+	44.94	93	both_sides	tptA	rnhA	2226	False
LCG	Cunninghamella_elegans_NRRL_2310	Cunninghamella elegans NRRL 2310	Cunninghamella elegans NRRL 2310					called	1	LCG__Cunninghamella_elegans_NRRL_2310__L0	Minus	high	mat_locus	strict	59.921509	scaffold_544	546	11111	tptA,sexM,rnhA,algA	sexM	polished_disagree	5052	5330	+	44.94	93	both_sides	tptA	rnhA	2225	False
LCG	Cunninghamella_japonica_NRRL_2463	Cunninghamella japonica NRRL 2463	Cunninghamella japonica NRRL 2463					called	1	LCG__Cunninghamella_japonica_NRRL_2463__L0	Plus	high	mat_locus	strict	220.423004	scaffold_400	11192	22059	tptA,sexP,rnhA,algA	sexP	polished_disagree	16033	16710	+	45.09	226	both_sides	tptA	rnhA	2380	False
LCG	Cunninghamella_japonica_NRRL_2464	Cunninghamella japonica NRRL 2464	Cunninghamella japonica NRRL 2464			confirmed: Actinomucor sp.	exclude from species-level scoring	called	1	LCG__Cunninghamella_japonica_NRRL_2464__L0	Minus	high	mat_locus	strict	56.177868	scaffold_54	70127	108765	tptA,sexM,rnhA,algA,glrA	sexM	polished_disagree	76365	76898	+	33.52	178	both_sides	tptA	rnhA	3147	False
LCG	Cunninghamella_polymorpha_NRRL_1395	Cunninghamella polymorpha NRRL 1395	Cunninghamella polymorpha NRRL 1395					called	1	LCG__Cunninghamella_polymorpha_NRRL_1395__L0	Minus	high	mat_locus	strict	39.458351	scaffold_88	32149	43340	tptA,sexM,rnhA,algA	sexM	polished_single	37259	37501	+	44.44	81	both_sides	tptA	rnhA	2187	False
LCG	Cunninghamella_sp._NRRL_A-21238	Cunninghamella sp. NRRL A-21238	Cunninghamella sp. NRRL A-21238					called	1	LCG__Cunninghamella_sp._NRRL_A-21238__L0	Plus	high	mat_locus	strict	220.100159	scaffold_567	82	9754	tptA,sexP,rnhA,algA	sexP	polished_disagree	3731	4408	+	45.54	226	both_sides	tptA	rnhA	2380	False
LCG	Cunninghamella_sp._NRRL_A-21271	Cunninghamella sp. NRRL A-21271	Cunninghamella sp. NRRL A-21271					called	1	LCG__Cunninghamella_sp._NRRL_A-21271__L0	Plus	high	mat_locus	strict	220.100159	scaffold_88	2628	13497	tptA,sexP,rnhA,algA	sexP	polished_disagree	7474	8151	+	45.54	226	both_sides	tptA	rnhA	2380	False
LCG	Dichotomocladium_elegans_NRRL_2754	Dichotomocladium elegans NRRL 2754	Dichotomocladium elegans NRRL 2754					uncalled	0																						
LCG	Dichotomocladium_hesseltinei_NRRL_2912T	Dichotomocladium hesseltinei NRRL 2912T	Dichotomocladium hesseltinei NRRL 2912T					uncalled	0																						
LCG	Dichotomocladium_robustum_RSA_1342	Dichotomocladium robustum RSA 1342	Dichotomocladium robustum RSA 1342					uncalled	0																						
LCG	Dichotomocladium_sphaerosporum_NRRL_22118	Dichotomocladium sphaerosporum NRRL 22118	Dichotomocladium sphaerosporum NRRL 22118					uncalled	0																						
LCG	Ellisomyces_anomalus_NRRL_2465_Plus-T	Ellisomyces anomalus	Ellisomyces anomalus NRRL 2465 Plus-T	Plus				called	1	LCG__Ellisomyces_anomalus_NRRL_2465_Plus-T__L0	Plus	high	mat_locus	strict	328.286591	scaffold_169	731	15569	tptA,sexP,rnhA,algA,glrA	sexP	polished_agree	11253	12230	-	86.2	326	both_sides	rnhA	tptA	1522	False
LCG	Ellisomyces_anomalus_RSA_581-	Ellisomyces anomalus RSA 581-	Ellisomyces anomalus RSA 581-	Minus				called	1	LCG__Ellisomyces_anomalus_RSA_581-__L0	Plus	high	mat_locus	strict	328.286591	scaffold_193	731	15570	tptA,sexP,rnhA,algA,glrA	sexP	polished_agree	11254	12231	-	86.2	326	both_sides	rnhA	tptA	1526	False
LCG	Fennellomyces_heterothallicus_RSA_2348	Fennellomyces heterothallicus RSA 2348	Fennellomyces heterothallicus RSA 2348					called	1	LCG__Fennellomyces_heterothallicus_RSA_2348__L0	Minus	medium	partial_locus	relaxed	80.129555	scaffold_283	21005	30601	sexM,rnhA	sexM	polished_disagree	21005	21562	+	61.29	186	flank_one_side				False
LCG	Fennellomyces_linderi_NRRL_2342	Fennellomyces linderi NRRL 2342	Fennellomyces linderi NRRL 2342					called	1	LCG__Fennellomyces_linderi_NRRL_2342__L0	Minus	medium	partial_locus	relaxed	77.622322	scaffold_195	48890	59688	sexM,rnhA	sexM	polished_disagree	48908	49465	+	60.75	186	flank_one_side				False
LCG	Fennellomyces_linderi_NRRL_2342T	Fennellomyces linderi NRRL 2342T	Fennellomyces linderi NRRL 2342T					called	1	LCG__Fennellomyces_linderi_NRRL_2342T__L0	Minus	medium	partial_locus	relaxed	77.622322	scaffold_227	271	11069	sexM,rnhA	sexM	polished_disagree	289	846	+	60.75	186	flank_one_side				False
LCG	Fennellomyces_mexicanus_sp._nov._RSA_1415_Plus	Fennellomyces mexicanus sp. nov. RSA 1415 Plus	Fennellomyces mexicanus sp. nov. RSA 1415 Plus	Plus				uncalled	0																						
LCG	Fennellomyces_mexicanus_sp._nov._RSA_1418-	Fennellomyces mexicanus sp. nov. RSA 1418-	Fennellomyces mexicanus sp. nov. RSA 1418-	Minus				called	1	LCG__Fennellomyces_mexicanus_sp._nov._RSA_1418-__L0	Minus	medium	partial_locus	relaxed	81.582893	scaffold_143	60988	71282	sexM,rnhA	sexM	polished_disagree	60988	61548	+	55.61	187	flank_one_side				False
LCG	Fennellomyces_verticellatus_RSA_2442_Plus	Fennellomyces verticellatus RSA 2442 Plus	Fennellomyces verticellatus RSA 2442 Plus	Plus				uncalled	0																						
LCG	Fennellomyces_verticellatus_RSA_2446	Fennellomyces verticellatus RSA 2446	Fennellomyces verticellatus RSA 2446					uncalled	0																						
LCG	Gilbertella_persicaria_Eddy_Hesseltine_NRRL_A-13613	Gilbertella persicaria Eddy Hesseltine NRRL A-13613	Gilbertella persicaria Eddy Hesseltine NRRL A-13613					called	1	LCG__Gilbertella_persicaria_Eddy_Hesseltine_NRRL_A-13613__L0	Minus	high	mat_locus	strict	75.901344	scaffold_71	25427	37630	tptA,sexM,rnhA,algA,glrA	sexM	polished_single	28577	29206	+	40.1	208	both_sides	tptA	rnhA	1360	False
LCG	Gilbertella_persicaria_var._indica_CBS_442.64-	Gilbertella persicaria var. indica CBS 442.64-	Gilbertella persicaria var. indica CBS 442.64-	Minus				called	1	LCG__Gilbertella_persicaria_var._indica_CBS_442.64-__L0	Plus	high	mat_locus	strict	277.213028	scaffold_13	60761	73045	tptA,sexP,rnhA,algA,glrA	sexP	polished_agree	69132	70037	-	37.42	302	both_sides	rnhA	tptA	1565	False
LCG	Gilbertella_persicaria_var._persicaria_CBS_190.32-T	Gilbertella persicaria var persicaria	Gilbertella persicaria var. persicaria CBS 190.32-T					called	1	LCG__Gilbertella_persicaria_var._persicaria_CBS_190.32-T__L0	Minus	high	mat_locus	strict	75.732853	scaffold_38	48030	60358	tptA,sexM,rnhA,algA,glrA	sexM	polished_single	51355	51972	+	41.38	206	both_sides	tptA	rnhA	1345	False
LCG	Gilbertella_persicaria_var._persicaria_CBS_246.59_Plus	Gilbertella persicaria var. persicaria CBS 246.59 Plus	Gilbertella persicaria var. persicaria CBS 246.59 Plus	Plus				called	1	LCG__Gilbertella_persicaria_var._persicaria_CBS_246.59_Plus__L0	Plus	high	mat_locus	strict	283.038692	scaffold_5	60584	68736	tptA,sexP,rnhA,algA	sexP	polished_agree	63606	64523	+	35.74	306	both_sides	tptA	rnhA	1578	False
LCG	Gongronella_butleri_NRRL_1340	Gongronella butleri NRRL 1340	Gongronella butleri NRRL 1340					called	1	LCG__Gongronella_butleri_NRRL_1340__L0	Plus	high	mat_locus	strict	92.891254	scaffold_208	23208	38175	tptA,sexP,rnhA,glrA	sexP	polished_single	35880	36335	-	38.82	152	both_sides	rnhA	tptA	2272	False
LCG	Gongronella_butleri_NRRL_2422	Gongronella butleri NRRL 2422	Gongronella butleri NRRL 2422					called	1	LCG__Gongronella_butleri_NRRL_2422__L0	Plus	high	mat_locus	strict	94.223682	scaffold_663	1910	9872	tptA,sexP,rnhA	sexP	polished_single	3718	4206	+	35.58	163	both_sides	tptA	rnhA	2586	False
LCG	Gongronella_butleri_NRRL_2795	Gongronella butleri NRRL 2795	Gongronella butleri NRRL 2795					called	1	LCG__Gongronella_butleri_NRRL_2795__L0	Plus	high	mat_locus	strict	90.353558	scaffold_279	2964	17839	tptA,sexP,rnhA,glrA	sexP	polished_single	4760	5215	+	37.5	152	both_sides	tptA	rnhA	2167	False
LCG	Gongronella_butleri_NRRL_A-23795	Gongronella butleri NRRL A-23795	Gongronella butleri NRRL A-23795					called	1	LCG__Gongronella_butleri_NRRL_A-23795__L0	Plus	high	mat_locus	strict	93.485008	scaffold_61	15966	38280	tptA,sexP,rnhA,algA,glrA	sexP	polished_single	25193	25648	+	38.16	152	both_sides	tptA	rnhA	2606	False
LCG	Gongronella_butleri_NRRL_A-9978	Gongronella butleri NRRL A-9978	Gongronella butleri NRRL A-9978					called	1	LCG__Gongronella_butleri_NRRL_A-9978__L0	Plus	high	mat_locus	strict	91.967911	scaffold_2	77449	124987	tptA,sexP,rnhA,algA,glrA	sexP	polished_single	88408	88863	+	38.16	152	both_sides	tptA	rnhA	2621	False
LCG	Gongronella_sp._NRRL_A-20010	Gongronella sp. NRRL A-20010	Gongronella sp. NRRL A-20010					called	1	LCG__Gongronella_sp._NRRL_A-20010__L0	Minus	high	mat_locus	strict	56.882763	scaffold_56	23235	36857	tptA,sexM,rnhA,glrA	sexM	polished_single	25242	25706	+	43.23	155	both_sides	tptA	rnhA	2089	False
LCG	Helicostylum_lucknowense_NRRL_2892	Helicostylum lucknowense NRRL 2892	Helicostylum lucknowense NRRL 2892					called	1	LCG__Helicostylum_lucknowense_NRRL_2892__L0	Minus	medium	partial_locus	relaxed	100.755165	scaffold_350	878	8171	sexM,rnhA	sexM	polished_agree	7617	8171	-	77.17	185	flank_one_side				False
LCG	Helicostylum_lucknowense_NRRL_A-16732	Helicostylum lucknowense NRRL A-16732	Helicostylum lucknowense NRRL A-16732					called	1	LCG__Helicostylum_lucknowense_NRRL_A-16732__L0	Minus	medium	partial_locus	relaxed	100.755165	scaffold_342	32963	40256	sexM,rnhA	sexM	polished_agree	32963	33517	+	77.17	185	flank_one_side				False
LCG	Helicostylum_pulchrum_RSA_2065	Helicostylum pulchrum	Helicostylum pulchrum RSA 2065					called	1	LCG__Helicostylum_pulchrum_RSA_2065__L0	Minus	high	mat_locus	strict	107.181534	scaffold_22	21534	60437	tptA,sexM,rnhA,algA,glrA	sexM	polished_agree	55567	56223	+	57.01	219	both_sides	tptA	rnhA	1442	False
LCG	Helicostylum_sp._NRRL_1397	Helicostylum sp. NRRL 1397	Helicostylum sp. NRRL 1397					uncalled	0																						
LCG	Hesseltinella_vesiculosa_NRRL_3301	Hesseltinella vesiculosa NRRL 3301	Hesseltinella vesiculosa NRRL 3301					called	1	LCG__Hesseltinella_vesiculosa_NRRL_3301__L0	Minus	high	mat_locus	strict	54.205518	scaffold_184	3972	11288	tptA,sexM,rnhA	sexM	polished_single	8763	9242	-	29.53	150	both_sides	rnhA	tptA	2308	False
LCG	Lichtheimia_corymbifera_NRRL_1592	Lichtheimia corymbifera NRRL 1592	Lichtheimia corymbifera NRRL 1592					uncalled	0																						
LCG	Lichtheimia_corymbifera_NRRL_2981	Lichtheimia corymbifera NRRL 2981	Lichtheimia corymbifera NRRL 2981					uncalled	0																						
LCG	Lichtheimia_corymbifera_NRRL_6379	Lichtheimia corymbifera	Lichtheimia corymbifera NRRL 6379					uncalled	0																						
LCG	Lichtheimia_corymbifera_NRRL_A-11155	Lichtheimia corymbifera NRRL A-11155	Lichtheimia corymbifera NRRL A-11155					uncalled	0																						
LCG	Lichtheimia_hyalospora_NRRL_1305	Lichtheimia hyalospora NRRL 1305	Lichtheimia hyalospora NRRL 1305					uncalled	0																						
LCG	Lichtheimia_ramosa_NRRL_1335	Lichtheimia ramosa NRRL 1335	Lichtheimia ramosa NRRL 1335					uncalled	0																						
LCG	Lichtheimia_ramosa_NRRL_3208	Lichtheimia ramosa	Lichtheimia ramosa NRRL 3208					uncalled	0																						
LCG	Lichtheimia_sphaerocystis_NRRL_6380	Lichtheimia sphaerocystis NRRL 6380	Lichtheimia sphaerocystis NRRL 6380					uncalled	0																						
LCG	Mucor_aligarensis_NRRL_3099	Mucor aligarensis	Mucor aligarensis NRRL 3099					called	1	LCG__Mucor_aligarensis_NRRL_3099__L0	Plus	high	mat_locus	strict	301.123577	scaffold_427	1470	9738	tptA,sexP,rnhA,algA	sexP	polished_agree	5849	6778	-	37.86	310	both_sides	rnhA	tptA	1590	False
LCG	Mucor_alternans_NRRL_3358	Mucor alternans NRRL 3358	Mucor alternans NRRL 3358					called	1	LCG__Mucor_alternans_NRRL_3358__L0	Plus	high	mat_locus	strict	346.614201	scaffold_5267	3	2376	tptA,sexP,rnhA	sexP	polished_agree	552	1514	-	76.95	321	both_sides	rnhA	tptA	1534	False
LCG	Mucor_alternans_NRRL_A-15142	Mucor alternans NRRL A-15142	Mucor alternans NRRL A-15142					called	1	LCG__Mucor_alternans_NRRL_A-15142__L0	Plus	high	mat_locus	strict	346.614201	scaffold_519	1534	16330	tptA,sexP,rnhA,algA,glrA	sexP	polished_agree	12027	12989	-	76.95	321	both_sides	rnhA	tptA	1693	False
LCG	Mucor_alternans_NRRL_A-16397	Mucor alternans NRRL A-16397	Mucor alternans NRRL A-16397					called	1	LCG__Mucor_alternans_NRRL_A-16397__L0	Plus	high	mat_locus	strict	342.939564	scaffold_168	36122	50883	tptA,sexP,rnhA,algA,glrA	sexP	polished_agree	39451	40413	+	75.7	321	both_sides	tptA	rnhA	1692	False
LCG	Mucor_aromaticus_NRRL_A-17745	Mucor aromaticus NRRL A-17745	Mucor aromaticus NRRL A-17745					called	1	LCG__Mucor_aromaticus_NRRL_A-17745__L0	Minus	medium	mat_locus	strict	88.863724	scaffold_64	11393	21035	sexM,algA,glrA	sexM	polished_disagree	14718	15032	+	45.71	105	both_sides	algA	glrA	6485	False
LCG	Mucor_azygosporus_Benjamin_NRRL_3068	Mucor azygosporus	Mucor azygosporus Benjamin NRRL 3068					uncalled	0																						
LCG	Mucor_bainieri_NRRL_2988	Mucor bainieri NRRL 2988	Mucor bainieri NRRL 2988					called	1	LCG__Mucor_bainieri_NRRL_2988__L0	Plus	high	mat_locus	strict	329.388691	scaffold_350	13275	28070	tptA,sexP,rnhA,algA,glrA	sexP	polished_agree	16798	17775	+	82.52	326	both_sides	tptA	rnhA	1966	False
LCG	Mucor_brunneus_NRRL_2351	Mucor brunneus NRRL 2351	Mucor brunneus NRRL 2351					called	1	LCG__Mucor_brunneus_NRRL_2351__L0	Minus	high	mat_locus	strict	31.924034	scaffold_677	1756	17816	tptA,sexM,rnhA,algA,glrA	sexM	polished_single	13036	13284	-	36.14	83	both_sides	rnhA	tptA	1779	False
LCG	Mucor_caninus_NRRL_A-12555	Mucor caninus NRRL A-12555	Mucor caninus NRRL A-12555					called	1	LCG__Mucor_caninus_NRRL_A-12555__L0	Plus	high	mat_locus	strict	314.820686	scaffold_33	6275	18705	sexP,rnhA,algA,glrA	sexP	polished_disagree	9094	10008	+	41.91	305	both_sides	algA	rnhA	2554	False
LCG	Mucor_circinelloides_f._circinelloides_NRRL_3614	Mucor circinelloides	Mucor circinelloides f. circinelloides NRRL 3614					called	1	LCG__Mucor_circinelloides_f._circinelloides_NRRL_3614__L0	Plus	high	mat_locus	strict	346.420933	scaffold_514	7128	21944	tptA,sexP,rnhA,algA,glrA	sexP	polished_agree	10471	11433	+	77.26	321	both_sides	tptA	rnhA	1694	False
LCG	Mucor_circinelloides_f._griseocyanus_NRRL_3621	Mucor griseocyanus	Mucor circinelloides f. griseocyanus NRRL 3621					called	1	LCG__Mucor_circinelloides_f._griseocyanus_NRRL_3621__L0	Plus	high	mat_locus	strict	331.412586	scaffold_391	664	15535	tptA,sexP,rnhA,algA,glrA	sexP	polished_agree	11168	12142	-	83.38	325	both_sides	rnhA	tptA	1526	False
LCG	Mucor_circinelloides_f._janssenii_NRRL_2404	Mucor janssenii	Mucor circinelloides f. janssenii NRRL 2404					called	1	LCG__Mucor_circinelloides_f._janssenii_NRRL_2404__L0	Minus	high	mat_locus	strict	101.683022	scaffold_618	4041	12953	tptA,sexM,rnhA,algA	sexM	polished_agree	8304	9065	-	73.68	254	both_sides	rnhA	tptA	1770	False
LCG	Mucor_circinelloides_f._janssenii_NRRL_2629	Mucor circinelloides f. janssenii NRRL 2629	Mucor circinelloides f. janssenii NRRL 2629					called	1	LCG__Mucor_circinelloides_f._janssenii_NRRL_2629__L0	Minus	high	mat_locus	strict	101.683022	scaffold_394	1411	20856	tptA,sexM,rnhA,algA,glrA	sexM	polished_agree	16207	16968	-	73.68	254	both_sides	rnhA	tptA	1770	False
LCG	Mucor_circinelloides_f._janssenii_NRRL_553	Mucor circinelloides f. janssenii NRRL 553	Mucor circinelloides f. janssenii NRRL 553					called	1	LCG__Mucor_circinelloides_f._janssenii_NRRL_553__L0	Minus	high	mat_locus	strict	95.71014	scaffold_147	859	62799	tptA,sexM,rnhA,algA,glrA	sexM	polished_agree	11156	11923	-	74.8	256	both_sides	rnhA	tptA	1691	False
LCG	Mucor_circinelloides_f._lusitanicus_NRRL_1442	Mucor circinelloides f. lusitanicus NRRL 1442	Mucor circinelloides f. lusitanicus NRRL 1442					called	1	LCG__Mucor_circinelloides_f._lusitanicus_NRRL_1442__L0	Plus	high	mat_locus	strict	327.404213	scaffold_9	7045	21956	tptA,sexP,rnhA,algA,glrA	sexP	polished_agree	10405	11382	+	100.0	326	both_sides	tptA	rnhA	1552	False
LCG	Mucor_circinelloides_f._lusitanicus_NRRL_1443	Mucor circinelloides f. lusitanicus NRRL 1443	Mucor circinelloides f. lusitanicus NRRL 1443					called	1	LCG__Mucor_circinelloides_f._lusitanicus_NRRL_1443__L0	Minus	high	mat_locus	strict	135.648582	scaffold_605	1710	16701	tptA,sexM,rnhA,algA,glrA	sexM	polished_agree	12090	12836	-	100.0	249	both_sides	rnhA	tptA	1630	False
LCG	Mucor_circinelloides_f._lusitanicus_NRRL_3629	Mucor lusitanicus	Mucor circinelloides f. lusitanicus NRRL 3629					called	1	LCG__Mucor_circinelloides_f._lusitanicus_NRRL_3629__L0	Minus	high	mat_locus	strict	135.648582	scaffold_599	6894	21885	tptA,sexM,rnhA,algA,glrA	sexM	polished_agree	10759	11505	+	100.0	249	both_sides	tptA	rnhA	1630	False
LCG	Mucor_circinelloides_f._lusitanicus_NRRL_3631	Mucor circinelloides f. lusitanicus NRRL 3631	Mucor circinelloides f. lusitanicus NRRL 3631					called	1	LCG__Mucor_circinelloides_f._lusitanicus_NRRL_3631__L0	Plus	high	mat_locus	strict	327.404213	scaffold_329	10525	25436	tptA,sexP,rnhA,algA,glrA	sexP	polished_agree	21099	22076	-	100.0	326	both_sides	rnhA	tptA	1552	False
LCG	Mucor_circinelloides_NRRL_A-25893	Mucor circinelloides NRRL A-25893	Mucor circinelloides NRRL A-25893					called	1	LCG__Mucor_circinelloides_NRRL_A-25893__L0	Plus	high	mat_locus	strict	346.614201	scaffold_4595	3	3001	tptA,sexP,rnhA	sexP	polished_agree	1393	2355	-	76.95	321	both_sides	rnhA	tptA	1534	False
LCG	Mucor_circinelloides_var._griseocyanus_NRRL_1415	Mucor circinelloides var. griseocyanus NRRL 1415	Mucor circinelloides var. griseocyanus NRRL 1415					called	1	LCG__Mucor_circinelloides_var._griseocyanus_NRRL_1415__L0	Plus	high	mat_locus	strict	330.395725	scaffold_785	1012	14158	tptA,sexP,rnhA,glrA	sexP	polished_agree	11503	12477	-	83.38	325	both_sides	rnhA	tptA	1526	False
LCG	Mucor_circinelloides_var._griseocyanus_NRRL_1416	Mucor circinelloides var. griseocyanus NRRL 1416	Mucor circinelloides var. griseocyanus NRRL 1416					called	1	LCG__Mucor_circinelloides_var._griseocyanus_NRRL_1416__L0	Plus	high	mat_locus	strict	331.412586	scaffold_522	7286	22161	tptA,sexP,rnhA,algA,glrA	sexP	polished_agree	10683	11657	+	83.38	325	both_sides	tptA	rnhA	1526	False
LCG	Mucor_circinelloides_var._griseocyanus_NRRL_1417	Mucor circinelloides var. griseocyanus NRRL 1417	Mucor circinelloides var. griseocyanus NRRL 1417					called	1	LCG__Mucor_circinelloides_var._griseocyanus_NRRL_1417__L0	Plus	high	mat_locus	strict	331.412586	scaffold_781	222	13381	tptA,sexP,rnhA,glrA	sexP	polished_agree	1903	2877	+	83.38	325	both_sides	tptA	rnhA	1526	False
LCG	Mucor_circinelloides_var._griseocyanus_NRRL_1418	Mucor circinelloides var. griseocyanus NRRL 1418	Mucor circinelloides var. griseocyanus NRRL 1418					called	1	LCG__Mucor_circinelloides_var._griseocyanus_NRRL_1418__L0	Minus	high	mat_locus	strict	115.648205	scaffold_391	8033	23123	tptA,sexM,rnhA,algA,glrA	sexM	polished_agree	12018	12779	+	78.95	254	both_sides	tptA	rnhA	1752	False
LCG	Mucor_corticolus_NRRL_A-16258	Mucor corticolus NRRL A-16258	Mucor corticolus NRRL A-16258					called	1	LCG__Mucor_corticolus_NRRL_A-16258__L0	Minus	high	mat_locus	strict	135.648582	scaffold_578	1710	16701	tptA,sexM,rnhA,algA,glrA	sexM	polished_agree	12090	12836	-	100.0	249	both_sides	rnhA	tptA	1630	False
LCG	Mucor_ctenidius_NRRL_2929T	Mucor ctenidius	Mucor ctenidius NRRL 2929T					called	1	LCG__Mucor_ctenidius_NRRL_2929T__L0	Minus	high	mat_locus	strict	84.190491	scaffold_165	30654	45418	tptA,sexM,rnhA,algA,glrA	sexM	polished_agree	34409	35179	+	61.45	257	both_sides	tptA	rnhA	1872	False
LCG	Mucor_dispersus_NRRL_6039	Backusella dispersa	Mucor dispersus NRRL 6039					called	1	LCG__Mucor_dispersus_NRRL_6039__L0	Minus	medium	mat_locus	strict	79.162918	scaffold_22	122092	131094	sexM,algA,glrA	sexM	polished_disagree	127839	128090	-	50.0	84	both_sides	glrA	algA	5954	False
LCG	Mucor_dispersus_NRRL_6045	Backusella dispersa	Mucor dispersus NRRL 6045					called	1	LCG__Mucor_dispersus_NRRL_6045__L0	Plus	medium	mat_locus	strict	221.056534	scaffold_145	449	42370	sexP,algA,glrA	sexP	polished_disagree	38860	39414	-	37.3	185	both_sides	glrA	algA	6093	False
LCG	Mucor_dispersus_NRRL_6046	Backusella dispersa	Mucor dispersus NRRL 6046					called	1	LCG__Mucor_dispersus_NRRL_6046__L0	Plus	high	mat_locus	strict	228.767097	scaffold_11	105157	147147	tptA,sexP,algA,glrA	sexP	polished_disagree	108101	108652	+	38.04	184	both_sides	algA	glrA	6113	False
LCG	Mucor_foenicola_NRRL_A-10991	Mucor foenicola NRRL A-10991	Mucor foenicola NRRL A-10991					called	2	LCG__Mucor_foenicola_NRRL_A-10991__L0	Plus	medium	partial_locus	relaxed	346.614201	scaffold_7163	341	1808	tptA,sexP	sexP	polished_agree	341	1303	-	76.95	321	flank_one_side				True
LCG	Mucor_foenicola_NRRL_A-10991	Mucor foenicola NRRL A-10991	Mucor foenicola NRRL A-10991					called	2	LCG__Mucor_foenicola_NRRL_A-10991__L1	Minus	medium	partial_locus	relaxed	67.853554	scaffold_5577	153	2425	tptA,sexM	sexM	polished_agree	153	904	-	57.49	151	flank_one_side				True
LCG	Mucor_fragilis_NRRL_2569	Mucor fragilis NRRL 2569	Mucor fragilis NRRL 2569					called	1	LCG__Mucor_fragilis_NRRL_2569__L0	Plus	high	mat_locus	strict	327.404213	scaffold_8	6956	21866	tptA,sexP,rnhA,algA,glrA	sexP	polished_agree	10316	11293	+	100.0	326	both_sides	tptA	rnhA	1552	False
LCG	Mucor_fragilis_NRRL_2714	Mucor fragilis NRRL 2714	Mucor fragilis NRRL 2714					called	1	LCG__Mucor_fragilis_NRRL_2714__L0	Minus	high	mat_locus	strict	91.397541	scaffold_514	7284	23457	tptA,sexM,rnhA,algA,glrA	sexM	polished_agree	12242	13003	+	74.09	254	both_sides	tptA	rnhA	2677	False
LCG	Mucor_fragilis_NRRL_A-16026	Mucor fragilis NRRL A-16026	Mucor fragilis NRRL A-16026					called	1	LCG__Mucor_fragilis_NRRL_A-16026__L0	Plus	high	mat_locus	strict	281.248375	scaffold_10	170181	182779	tptA,sexP,rnhA,algA,glrA	sexP	polished_disagree	179455	180423	-	38.63	323	both_sides	rnhA	algA	2110	False
LCG	Mucor_genevensis_NRRL_1410	Mucor genevensis NRRL 1410	Mucor genevensis NRRL 1410					called	2	LCG__Mucor_genevensis_NRRL_1410__L0	Plus	high	mat_locus	strict	296.396652	scaffold_631	378	14903	tptA,sexP,rnhA,glrA	sexP	polished_agree	2071	2964	+	61.28	298	both_sides	tptA	rnhA	2926	True
LCG	Mucor_genevensis_NRRL_1410	Mucor genevensis NRRL 1410	Mucor genevensis NRRL 1410					called	2	LCG__Mucor_genevensis_NRRL_1410__L1	Minus	low	partial_locus	strict	34.690269	scaffold_524	5030	14263	tptA,sexM,rnhA,glrA	sexM	unpolished	7907	8086	+	26.667	60	both_sides	tptA	rnhA	2259	True
LCG	Mucor_genevensis_NRRL_1411	Mucor genevensis NRRL 1411	Mucor genevensis NRRL 1411					called	2	LCG__Mucor_genevensis_NRRL_1411__L0	Plus	high	mat_locus	strict	298.60535	scaffold_414	6637	29414	tptA,sexP,rnhA,algA,glrA	sexP	polished_agree	16786	17688	+	60.0	301	both_sides	tptA	rnhA	2741	True
LCG	Mucor_genevensis_NRRL_1411	Mucor genevensis NRRL 1411	Mucor genevensis NRRL 1411					called	2	LCG__Mucor_genevensis_NRRL_1411__L1	Minus	low	partial_locus	strict	32.815802	scaffold_340	10445	20036	tptA,sexM,rnhA,algA,glrA	sexM	unpolished	13324	13503	+	26.667	60	both_sides	tptA	rnhA	2287	True
LCG	Mucor_genevensis_NRRL_1412	Mucor genevensis NRRL 1412	Mucor genevensis NRRL 1412					called	2	LCG__Mucor_genevensis_NRRL_1412__L0	Minus	low	partial_locus	strict	32.815802	scaffold_18	16610	26182	tptA,sexM,rnhA,algA,glrA	sexM	unpolished	23137	23316	-	26.667	60	both_sides	rnhA	tptA	2286	False
LCG	Mucor_genevensis_NRRL_1412	Mucor genevensis NRRL 1412	Mucor genevensis NRRL 1412					called	2	LCG__Mucor_genevensis_NRRL_1412__L1	Minus	low	partial_locus	strict	34.690269	scaffold_980	3166	9310	tptA,sexM,rnhA	sexM	unpolished	6045	6224	+	26.667	60	both_sides	tptA	rnhA	2258	False
LCG	Mucor_genevensis_NRRL_1756	Mucor genevensis NRRL 1756	Mucor genevensis NRRL 1756					called	3	LCG__Mucor_genevensis_NRRL_1756__L0	Plus	high	mat_locus	strict	297.819912	scaffold_74	2262	18833	tptA,sexP,rnhA,algA	sexP	polished_agree	12406	13308	+	60.33	301	both_sides	tptA	rnhA	2743	True
LCG	Mucor_genevensis_NRRL_1756	Mucor genevensis NRRL 1756	Mucor genevensis NRRL 1756					called	3	LCG__Mucor_genevensis_NRRL_1756__L1	Minus	low	partial_locus	strict	32.815802	scaffold_21	518	10090	tptA,sexM,rnhA,algA,glrA	sexM	unpolished	3385	3564	+	26.667	60	both_sides	tptA	rnhA	2287	True
LCG	Mucor_genevensis_NRRL_1756	Mucor genevensis NRRL 1756	Mucor genevensis NRRL 1756					called	3	LCG__Mucor_genevensis_NRRL_1756__L2	Minus	low	partial_locus	strict	34.690269	scaffold_619	2540	8684	tptA,sexM,rnhA	sexM	unpolished	5626	5805	-	26.667	60	both_sides	rnhA	tptA	2258	True
LCG	Mucor_genevensis_NRRL_1821	Mucor genevensis NRRL 1821	Mucor genevensis NRRL 1821					called	2	LCG__Mucor_genevensis_NRRL_1821__L0	Minus	low	partial_locus	strict	34.792833	scaffold_188	787	7195	sexM,rnhA,glrA	sexM	unpolished	844	1023	+	26.667	60	flank_one_side				False
LCG	Mucor_genevensis_NRRL_1821	Mucor genevensis NRRL 1821	Mucor genevensis NRRL 1821					called	2	LCG__Mucor_genevensis_NRRL_1821__L1	Minus	low	partial_locus	strict	32.56756	scaffold_27	67	4356	tptA,sexM,rnhA	sexM	unpolished	1270	1449	-	26.667	60	both_sides	rnhA	tptA	1774	False
LCG	Mucor_genevensis_NRRL_3101	Mucor genevensis NRRL 3101	Mucor genevensis NRRL 3101					called	2	LCG__Mucor_genevensis_NRRL_3101__L0	Minus	low	partial_locus	strict	36.339556	scaffold_964	723	7391	tptA,sexM,rnhA	sexM	unpolished	4448	4627	-	28.333	60	both_sides	rnhA	tptA	1737	True
LCG	Mucor_genevensis_NRRL_3101	Mucor genevensis NRRL 3101	Mucor genevensis NRRL 3101					called	2	LCG__Mucor_genevensis_NRRL_3101__L1	Plus	high	mat_locus	strict	296.461742	scaffold_1079	553	11159	tptA,sexP,algA	sexP	polished_agree	553	1455	-	60.0	301	flank_one_side				True
LCG	Mucor_genevensis_NRRL_A-17770	Mucor genevensis NRRL A-17770	Mucor genevensis NRRL A-17770					called	2	LCG__Mucor_genevensis_NRRL_A-17770__L0	Plus	high	mat_locus	strict	296.492092	scaffold_227	7032	33546	tptA,sexP,rnhA,algA,glrA	sexP	polished_agree	17229	18131	+	59.67	301	both_sides	tptA	rnhA	6439	True
LCG	Mucor_genevensis_NRRL_A-17770	Mucor genevensis NRRL A-17770	Mucor genevensis NRRL A-17770					called	2	LCG__Mucor_genevensis_NRRL_A-17770__L1	Minus	low	partial_locus	strict	33.818352	scaffold_820	12526	17032	tptA,sexM,rnhA	sexM	unpolished	15723	15902	+	26.667	60	both_sides	tptA	rnhA	1789	True
LCG	Mucor_globosus_Fischer_NRRL_1759	Mucor globosus Fischer NRRL 1759	Mucor globosus Fischer NRRL 1759					called	2	LCG__Mucor_globosus_Fischer_NRRL_1759__L0	Minus	high	mat_locus	strict	32.577072	scaffold_5	20507	36993	tptA,sexM,rnhA,algA,glrA	sexM	polished_single	25745	25972	+	39.47	76	both_sides	tptA	rnhA	1822	True
LCG	Mucor_globosus_Fischer_NRRL_1759	Mucor globosus Fischer NRRL 1759	Mucor globosus Fischer NRRL 1759					called	2	LCG__Mucor_globosus_Fischer_NRRL_1759__L1	Plus	high	mat_locus	strict	202.941334	scaffold_1592	6937	11368	tptA,sexP,rnhA,algA	sexP	polished_agree	8189	8880	-	64.35	44	both_sides	rnhA	tptA	994	True
LCG	Mucor_globosus_NRRL_1436	Mucor racemosus f sphaerosporus	Mucor globosus NRRL 1436					called	2	LCG__Mucor_globosus_NRRL_1436__L0	Minus	high	mat_locus	strict	32.577072	scaffold_383	3203	9451	tptA,sexM,rnhA	sexM	polished_single	7809	8036	-	39.47	76	both_sides	rnhA	tptA	1804	True
LCG	Mucor_globosus_NRRL_1436	Mucor racemosus f sphaerosporus	Mucor globosus NRRL 1436					called	2	LCG__Mucor_globosus_NRRL_1436__L1	Plus	high	mat_locus	strict	202.941334	scaffold_2128	922	5329	tptA,sexP,rnhA,algA	sexP	polished_agree	2174	2865	-	64.35	44	both_sides	rnhA	tptA	994	True
LCG	Mucor_globosus_NRRL_A-28295	Mucor globosus NRRL A-28295	Mucor globosus NRRL A-28295					uncalled	0																						
LCG	Mucor_griseo-ochraceus_var._minuta_NRRL_3246	Mucor minutus	Mucor griseo-ochraceus var. minuta NRRL 3246					called	1	LCG__Mucor_griseo-ochraceus_var._minuta_NRRL_3246__L0	Minus	high	mat_locus	strict	107.458733	scaffold_2	54858	69033	tptA,sexM,rnhA,algA,glrA	sexM	polished_disagree	65531	65929	-	50.38	133	both_sides	rnhA	tptA	1573	False
LCG	Mucor_heterosporus_NRRL_3154	Mucor heterosporus NRRL 3154	Mucor heterosporus NRRL 3154					called	1	LCG__Mucor_heterosporus_NRRL_3154__L0	Plus	high	mat_locus	strict	301.729645	scaffold_26	91543	126371	tptA,sexP,rnhA,algA,glrA	sexP	polished_disagree	100812	101720	-	40.2	303	both_sides	rnhA	tptA	1686	False
LCG	Mucor_hiemalis_f._corticola_NRRL_3617	Mucor hiemalis f. corticola	Mucor hiemalis f. corticola NRRL 3617					called	1	LCG__Mucor_hiemalis_f._corticola_NRRL_3617__L0	Plus	high	mat_locus	strict	245.846962	scaffold_313	919	35452	tptA,sexP,rnhA,algA,glrA	sexP	polished_disagree	10218	11078	-	44.77	287	both_sides	rnhA	tptA	1849	False
LCG	Mucor_hiemalis_f._hiemalis_NRRL_1743	Mucor hiemalis f. hiemalis NRRL 1743	Mucor hiemalis f. hiemalis NRRL 1743					called	1	LCG__Mucor_hiemalis_f._hiemalis_NRRL_1743__L0	Plus	high	mat_locus	strict	231.286873	scaffold_48	105652	143379	tptA,sexP,rnhA,algA,glrA	sexP	polished_agree	131528	132433	+	36.0	302	both_sides	tptA	rnhA	1458	False
LCG	Mucor_hiemalis_f._hiemalis_NRRL_3624	Mucor hiemalis f. hiemalis	Mucor hiemalis f. hiemalis NRRL 3624					called	1	LCG__Mucor_hiemalis_f._hiemalis_NRRL_3624__L0	Minus	high	mat_locus	strict	28.006824	scaffold_291	419	33995	tptA,sexM,rnhA,algA,glrA	sexM	polished_single	9934	10206	-	36.26	91	both_sides	rnhA	tptA	1248	False
LCG	Mucor_hiemalis_f._luteus_NRRL_3633	Mucor hiemalis f. luteus NRRL 3633	Mucor hiemalis f. luteus NRRL 3633					called	1	LCG__Mucor_hiemalis_f._luteus_NRRL_3633__L0	Plus	high	mat_locus	strict	218.726021	scaffold_118	484	34291	tptA,sexP,rnhA,algA,glrA	sexP	polished_disagree	5069	5626	-	39.78	186	both_sides	rnhA	tptA	1590	False
LCG	Mucor_hiemalis_f._silvaticus_NRRL_3643	Mucor silvaticus	Mucor hiemalis f. silvaticus NRRL 3643					called	1	LCG__Mucor_hiemalis_f._silvaticus_NRRL_3643__L0	Plus	high	mat_locus	strict	271.446999	scaffold_95	91304	104383	tptA,sexP,rnhA,algA,glrA	sexP	polished_disagree	100520	101395	-	46.26	292	both_sides	rnhA	tptA	1685	False
LCG	Mucor_hiemalis_NRRL_1419	Mucor hiemalis NRRL 1419	Mucor hiemalis NRRL 1419					called	1	LCG__Mucor_hiemalis_NRRL_1419__L0	Minus	high	mat_locus	strict	111.003082	scaffold_531	680	15769	tptA,sexM,rnhA,algA,glrA	sexM	polished_agree	11020	11781	-	78.14	254	both_sides	rnhA	tptA	1744	False
LCG	Mucor_hiemalis_NRRL_2349	Mucor hiemalis NRRL 2349	Mucor hiemalis NRRL 2349					called	1	LCG__Mucor_hiemalis_NRRL_2349__L0	Plus	high	mat_locus	strict	250.529396	scaffold_202	11841	45134	tptA,sexP,rnhA,algA,glrA	sexP	polished_disagree	34742	35650	+	37.54	303	both_sides	tptA	rnhA	1749	False
LCG	Mucor_hiemalis_NRRL_2461	Mucor hiemalis NRRL 2461	Mucor hiemalis NRRL 2461					called	1	LCG__Mucor_hiemalis_NRRL_2461__L0	Minus	high	mat_locus	strict	30.158154	scaffold_259	4156	39789	tptA,sexM,rnhA,algA,glrA	sexM	polished_single	13643	13954	-	33.65	104	both_sides	rnhA	tptA	1245	False
LCG	Mucor_hiemalis_NRRL_2462	Mucor hiemalis NRRL 2462	Mucor hiemalis NRRL 2462					called	1	LCG__Mucor_hiemalis_NRRL_2462__L0	Plus	high	mat_locus	strict	254.455864	scaffold_267	1412	37243	tptA,sexP,rnhA,algA,glrA	sexP	polished_disagree	26918	27826	+	37.54	303	both_sides	tptA	rnhA	1885	False
LCG	Mucor_hiemalis_NRRL_3140	Mucor hiemalis NRRL 3140	Mucor hiemalis NRRL 3140					called	1	LCG__Mucor_hiemalis_NRRL_3140__L0	Plus	high	mat_locus	strict	251.131416	scaffold_66	40240	49574	sexP,rnhA,glrA	sexP	polished_disagree	40240	40911	+	40.18	224	flank_one_side				False
LCG	Mucor_hiemalis_NRRL_A-11532	Mucor hiemalis NRRL A-11532	Mucor hiemalis NRRL A-11532					called	1	LCG__Mucor_hiemalis_NRRL_A-11532__L0	Minus	high	mat_locus	strict	76.729786	scaffold_521	7124	22046	tptA,sexM,rnhA,algA,glrA	sexM	polished_agree	10979	11740	+	61.38	254	both_sides	tptA	rnhA	1812	False
LCG	Mucor_hiemalis_NRRL_A-16027	Mucor hiemalis NRRL A-16027	Mucor hiemalis NRRL A-16027					called	1	LCG__Mucor_hiemalis_NRRL_A-16027__L0	undetermined	high	mat_locus	strict	22.859062	scaffold_6	120151	154480	tptA,sexM,rnhA,algA,glrA								no_core_gene_model				False
LCG	Mucor_hiemalis_NRRL_A-26125	Mucor hiemalis NRRL A-26125	Mucor hiemalis NRRL A-26125					called	1	LCG__Mucor_hiemalis_NRRL_A-26125__L0	Plus	high	mat_locus	strict	251.131416	scaffold_174	6186	15427	sexP,rnhA,glrA	sexP	polished_disagree	14756	15427	-	40.18	224	flank_one_side				False
LCG	Mucor_hiemalis_NRRL_A-28298	Mucor hiemalis NRRL A-28298	Mucor hiemalis NRRL A-28298					called	1	LCG__Mucor_hiemalis_NRRL_A-28298__L0	undetermined	medium	mat_locus	strict	20.204908	scaffold_177	23390	59950	tptA,sexP,rnhA,algA,glrA								no_core_gene_model				False
LCG	Mucor_inaequisporus_NRRL_3626	Mucor inaequisporus	Mucor inaequisporus NRRL 3626					called	1	LCG__Mucor_inaequisporus_NRRL_3626__L0	Minus	high	mat_locus	strict	105.187073	scaffold_326	22494	30145	sexM,rnhA,glrA	sexM	polished_disagree	29792	30055	-	57.95	88	flank_one_side				False
LCG	Mucor_indicus_Lendner_NRRL_13132	Mucor indicus	Mucor indicus Lendner NRRL 13132					called	1	LCG__Mucor_indicus_Lendner_NRRL_13132__L0	Plus	high	mat_locus	strict	251.131416	scaffold_53	45618	54864	sexP,rnhA,glrA	sexP	polished_disagree	45618	46289	+	40.18	224	flank_one_side				False
LCG	Mucor_indicus_Lendner_NRRL_13468	Mucor indicus Lendner NRRL 13468	Mucor indicus Lendner NRRL 13468					called	1	LCG__Mucor_indicus_Lendner_NRRL_13468__L0	Plus	medium	partial_locus	relaxed	250.003044	scaffold_136	49320	54459	sexP,rnhA	sexP	polished_disagree	49320	49991	+	40.18	224	flank_one_side				False
LCG	Mucor_indicus_NRRL_13081	Mucor indicus NRRL 13081	Mucor indicus NRRL 13081					called	1	LCG__Mucor_indicus_NRRL_13081__L0	Plus	medium	partial_locus	relaxed	251.131416	scaffold_214	2578	7720	sexP,rnhA	sexP	polished_disagree	7049	7720	-	40.18	224	flank_one_side				False
LCG	Mucor_indicus_NRRL_13082	Mucor indicus NRRL 13082	Mucor indicus NRRL 13082					called	1	LCG__Mucor_indicus_NRRL_13082__L0	Minus	high	mat_locus	strict	112.549931	scaffold_1916	509	8295	sexM,rnhA,glrA	sexM	polished_disagree	632	1177	+	39.56	182	flank_one_side				False
LCG	Mucor_indicus_NRRL_13133	Mucor indicus NRRL 13133	Mucor indicus NRRL 13133					called	1	LCG__Mucor_indicus_NRRL_13133__L0	Minus	high	mat_locus	strict	113.090298	scaffold_29	93917	102983	sexM,rnhA,glrA	sexM	polished_disagree	94016	94651	+	39.11	181	flank_one_side				False
LCG	Mucor_indicus_NRRL_13471	Mucor indicus NRRL 13471	Mucor indicus NRRL 13471					called	1	LCG__Mucor_indicus_NRRL_13471__L0	Plus	medium	mat_locus	strict	158.980995	scaffold_63	17670	44244	sexP,sexM,algA,glrA	sexP	polished_agree	34466	35359	+	55.1	298	both_sides	algA	glrA	24100	False
LCG	Mucor_indicus_NRRL_555	Mucor indicus NRRL 555	Mucor indicus NRRL 555					called	1	LCG__Mucor_indicus_NRRL_555__L0	Plus	high	mat_locus	strict	251.131416	scaffold_62	46178	55424	sexP,rnhA,glrA	sexP	polished_disagree	46178	46849	+	40.18	224	flank_one_side				False
LCG	Mucor_intermedius_NRRL_6588T	Mucor intermedius NRRL 6588T	Mucor intermedius NRRL 6588T					called	1	LCG__Mucor_intermedius_NRRL_6588T__L0	Plus	medium	partial_locus	strict	71.998581	scaffold_7	49062	123406	sexP,sexM,rnhA	sexP	polished_disagree	52078	52674	+	44.38	179	flank_one_side				False
LCG	Mucor_javanicus_NRRL_A-17643	Mucor javanicus NRRL A-17643	Mucor javanicus NRRL A-17643					called	1	LCG__Mucor_javanicus_NRRL_A-17643__L0	Minus	high	mat_locus	strict	76.729786	scaffold_510	7124	22042	tptA,sexM,rnhA,algA,glrA	sexM	polished_agree	10975	11736	+	61.38	254	both_sides	tptA	rnhA	1812	False
LCG	Mucor_lamprosporus_NRRL_3300	Backusella lamprospora	Mucor lamprosporus NRRL 3300					called	1	LCG__Mucor_lamprosporus_NRRL_3300__L0	Plus	high	mat_locus	strict	219.964142	scaffold_52	83747	128112	tptA,sexP,algA,glrA	sexP	polished_disagree	124686	125237	-	37.5	184	both_sides	glrA	algA	6097	False
LCG	Mucor_lamprosporus_NRRL_6037	Backusella lamprospora	Mucor lamprosporus NRRL 6037					called	1	LCG__Mucor_lamprosporus_NRRL_6037__L0	Minus	medium	mat_locus	strict	80.700233	scaffold_259	20646	30115	sexM,algA,glrA	sexM	polished_disagree	23900	24268	+	43.09	123	both_sides	algA	glrA	6409	False
LCG	Mucor_lamprosporus_NRRL_6040	Backusella tuberculispora	Mucor lamprosporus NRRL 6040					called	1	LCG__Mucor_lamprosporus_NRRL_6040__L0	Plus	medium	mat_locus	strict	253.982956	scaffold_330	20365	29643	sexP,algA,glrA	sexP	polished_disagree	26069	26593	-	44.0	175	both_sides	glrA	algA	6217	False
LCG	Mucor_lamprosporus_NRRL_6048	Backusella lamprospora	Mucor lamprosporus NRRL 6048					called	1	LCG__Mucor_lamprosporus_NRRL_6048__L0	Plus	medium	mat_locus	strict	253.982956	scaffold_261	20292	29576	sexP,algA,glrA	sexP	polished_disagree	23348	23872	+	44.0	175	both_sides	algA	glrA	6217	False
LCG	Mucor_lamprosporus_NRRL_6049	Backusella lamprospora	Mucor lamprosporus NRRL 6049					called	1	LCG__Mucor_lamprosporus_NRRL_6049__L0	Plus	medium	mat_locus	strict	253.982956	scaffold_487	23413	32697	sexP,algA,glrA	sexP	polished_disagree	29117	29641	-	44.0	175	both_sides	glrA	algA	6218	False
LCG	Mucor_laxorrhizus_NRRL_2814	Mucor laxorrhizus	Mucor laxorrhizus NRRL 2814					uncalled	0																						
LCG	Mucor_luteus_NRRL_2847	Mucor luteus NRRL 2847	Mucor luteus NRRL 2847					called	1	LCG__Mucor_luteus_NRRL_2847__L0	Minus	high	mat_locus	strict	45.407326	scaffold_40	109840	149038	tptA,sexM,rnhA,algA,glrA	sexM	polished_single	137655	138119	+	32.17	144	both_sides	tptA	rnhA	1157	False
LCG	Mucor_luteus_NRRL_2865	Mucor luteus	Mucor luteus NRRL 2865					called	1	LCG__Mucor_luteus_NRRL_2865__L0	Minus	high	mat_locus	strict	32.381527	scaffold_141	12692	46046	tptA,sexM,rnhA,algA,glrA	sexM	polished_single	41195	41458	+	36.36	88	both_sides	tptA	rnhA	1299	False
LCG	Mucor_luteus_NRRL_3164	Mucor luteus NRRL 3164	Mucor luteus NRRL 3164					called	1	LCG__Mucor_luteus_NRRL_3164__L0	Plus	high	mat_locus	strict	218.726021	scaffold_185	506	34811	tptA,sexP,rnhA,algA,glrA	sexP	polished_disagree	5091	5648	-	39.78	186	both_sides	rnhA	tptA	1590	False
LCG	Mucor_luteus_var._indica_NRRL_3245	Mucor variosporus	Mucor luteus var. indica NRRL 3245					called	1	LCG__Mucor_luteus_var._indica_NRRL_3245__L0	Minus	high	mat_locus	strict	92.968254	scaffold_623	5436	14545	sexM,rnhA,glrA	sexM	polished_disagree	5445	5759	+	53.33	105	flank_one_side				False
LCG	Mucor_maequisporus_var._kaki_NRRL_3295	Mucor maequisporus var. kaki NRRL 3295	Mucor maequisporus var. kaki NRRL 3295					called	1	LCG__Mucor_maequisporus_var._kaki_NRRL_3295__L0	Plus	high	mat_locus	strict	251.977116	scaffold_595	4462	12365	sexP,rnhA,glrA	sexP	polished_disagree	11682	12356	-	42.67	225	flank_one_side				False
LCG	Mucor_mephitis_NRRL_2596	Mucor mephitis NRRL 2596	Mucor mephitis NRRL 2596					called	1	LCG__Mucor_mephitis_NRRL_2596__L0	Minus	high	mat_locus	strict	118.395691	scaffold_7	17941	59868	tptA,sexM,rnhA,algA,glrA	sexM	polished_agree	22243	22881	-	59.15	213	both_sides	rnhA	tptA	1468	False
LCG	Mucor_miehei_NRRL_5283	Rhizomucor miehei	Mucor miehei NRRL 5283					uncalled	0																						
LCG	Mucor_miehei_NRRL_5902	Rhizomucor miehei	Mucor miehei NRRL 5902					uncalled	0																						
LCG	Mucor_mousanensis_NRRL_3105	Mucor mousanensis	Mucor mousanensis NRRL 3105					called	1	LCG__Mucor_mousanensis_NRRL_3105__L0	Plus	high	mat_locus	strict	296.92662	scaffold_473	17811	22644	tptA,sexP,algA	sexP	polished_agree	21679	22644	+	58.88	322	flank_one_side				False
LCG	Mucor_mucedo_Linnaeus_Fresenius_NRRL_A-13277	Mucor mucedo Linnaeus Fresenius NRRL A-13277	Mucor mucedo Linnaeus Fresenius NRRL A-13277					called	1	LCG__Mucor_mucedo_Linnaeus_Fresenius_NRRL_A-13277__L0	Minus	high	mat_locus	strict	155.29306	scaffold_136	6273	18324	sexM,rnhA,algA,glrA	sexM	polished_agree	8938	9579	+	97.2	214	both_sides	algA	rnhA	2052	False
LCG	Mucor_nidicola_NRRL_54520	Mucor nidicola NRRL 54520	Mucor nidicola NRRL 54520					called	1	LCG__Mucor_nidicola_NRRL_54520__L0	Minus	high	mat_locus	strict	32.347195	scaffold_35	36494	73927	tptA,sexM,rnhA,algA,glrA	sexM	polished_single	45838	46104	-	33.71	89	both_sides	rnhA	tptA	1438	False
LCG	Mucor_oblongisporus_var._macrosporus_NRRL_1574	Backusella oblongispora	Mucor oblongisporus var. macrosporus NRRL 1574					called	1	LCG__Mucor_oblongisporus_var._macrosporus_NRRL_1574__L0	Minus	medium	partial_locus	relaxed	96.394409	scaffold_474	8670	12546	sexM,algA	sexM	polished_disagree	11872	12240	+	47.15	123	flank_one_side				False
LCG	Mucor_oblongisporus_var._macrosporus_NRRL_1589	Backusella oblongispora	Mucor oblongisporus var. macrosporus NRRL 1589					called	1	LCG__Mucor_oblongisporus_var._macrosporus_NRRL_1589__L0	Minus	medium	partial_locus	relaxed	91.979866	scaffold_99	94106	97982	sexM,algA	sexM	polished_disagree	97308	97676	+	46.34	123	flank_one_side				False
LCG	Mucor_odoratus_NRRL_3064	Mucor odoratus	Mucor odoratus NRRL 3064					called	1	LCG__Mucor_odoratus_NRRL_3064__L0	Plus	medium	partial_locus	relaxed	170.06546	scaffold_125	3367	8907	sexP,rnhA	sexP	polished_single	3394	4041	+	34.26	216	flank_one_side				False
LCG	Mucor_pakistanicus_NRRL_6589	Mucor pakistanicus NRRL 6589	Mucor pakistanicus NRRL 6589					called	1	LCG__Mucor_pakistanicus_NRRL_6589__L0	Minus	high	mat_locus	strict	135.648582	scaffold_502	6894	21886	tptA,sexM,rnhA,algA,glrA	sexM	polished_agree	10759	11505	+	100.0	249	both_sides	tptA	rnhA	1630	False
LCG	Mucor_petrinsularis_var._echinosporus_NRRL_3141	Mucor fuscus	Mucor petrinsularis var. echinosporus NRRL 3141					called	1	LCG__Mucor_petrinsularis_var._echinosporus_NRRL_3141__L0	Plus	medium	partial_locus	relaxed	285.183723	scaffold_1579	1152	3723	tptA,sexP	sexP	polished_disagree	2803	3723	+	38.11	307	flank_one_side				False
LCG	Mucor_petrinsularis_var._ovalisporus_NRRL_2536	Mucor petrinsularis var. ovalisporus NRRL 2536	Mucor petrinsularis var. ovalisporus NRRL 2536					called	1	LCG__Mucor_petrinsularis_var._ovalisporus_NRRL_2536__L0	Plus	high	mat_locus	strict	301.123577	scaffold_488	313	4202	tptA,sexP,algA	sexP	polished_agree	313	1242	-	37.86	310	flank_one_side				False
LCG	Mucor_philippovi_NRRL_3036	Mucor meguroensis	Mucor philippovi NRRL 3036					called	2	LCG__Mucor_philippovi_NRRL_3036__L0	Minus	low	partial_locus	strict	35.957542	scaffold_804	8194	16425	tptA,sexM,rnhA,glrA	sexM	unpolished	11117	11296	+	28.333	60	both_sides	tptA	rnhA	2181	True
LCG	Mucor_philippovi_NRRL_3036	Mucor meguroensis	Mucor philippovi NRRL 3036					called	2	LCG__Mucor_philippovi_NRRL_3036__L1	Plus	high	mat_locus	strict	294.217236	scaffold_37	16072	56990	tptA,sexP,rnhA,algA	sexP	polished_agree	56088	56990	+	60.0	301	flank_one_side				True
LCG	Mucor_piriformis_NRRL_3637	Mucor piriformis NRRL 3637	Mucor piriformis NRRL 3637					called	1	LCG__Mucor_piriformis_NRRL_3637__L0	Plus	high	mat_locus	strict	277.213028	scaffold_7	29103	41387	tptA,sexP,rnhA,algA,glrA	sexP	polished_agree	37474	38379	-	37.42	302	both_sides	rnhA	tptA	1565	False
LCG	Mucor_plasmaticus_NRRL_2708	Mucor plasmaticus	Mucor plasmaticus NRRL 2708					called	1	LCG__Mucor_plasmaticus_NRRL_2708__L0	Minus	high	mat_locus	strict	136.322567	scaffold_187	10779	23843	sexM,rnhA,algA,glrA	sexM	polished_agree	14198	14833	+	74.06	212	both_sides	algA	rnhA	2886	False
LCG	Mucor_plumbeus_JES_114	Mucor plumbeus JES 114	Mucor plumbeus JES 114					called	1	LCG__Mucor_plumbeus_JES_114__L0	Minus	high	mat_locus	strict	31.924034	scaffold_567	1277	17382	tptA,sexM,rnhA,algA,glrA	sexM	polished_single	5823	6071	+	36.14	83	both_sides	tptA	rnhA	1800	False
LCG	Mucor_plumbeus_NRRL_2353	Mucor plumbeus	Mucor plumbeus NRRL 2353					called	1	LCG__Mucor_plumbeus_NRRL_2353__L0	Minus	high	mat_locus	strict	31.924034	scaffold_661	780	16848	tptA,sexM,rnhA,algA,glrA	sexM	polished_single	5312	5560	+	36.14	83	both_sides	tptA	rnhA	1779	False
LCG	Mucor_plumbeus_NRRL_2357	Mucor plumbeus NRRL 2357	Mucor plumbeus NRRL 2357					called	1	LCG__Mucor_plumbeus_NRRL_2357__L0	Plus	high	mat_locus	strict	282.258209	scaffold_115	48778	57110	tptA,sexP,sexM,rnhA,algA	sexP	polished_agree	51980	52897	+	36.07	306	both_sides	tptA	rnhA	1579	False
LCG	Mucor_pusillus_Lindt_NRRL_3470	Rhizomucor pusillus	Mucor pusillus Lindt NRRL 3470					uncalled	0																						
LCG	Mucor_pusillus_Lindt_NRRL_A-16035	Rhizomucor pusillus	Mucor pusillus Lindt NRRL A-16035					uncalled	0																						
LCG	Mucor_pusillus_NRRL_5893	Rhizomucor pusillus	Mucor pusillus NRRL 5893					uncalled	0																						
LCG	Mucor_pusillus_NRRL_5895	Mucor pusillus NRRL 5895	Mucor pusillus NRRL 5895					called	2	LCG__Mucor_pusillus_NRRL_5895__L0	Plus	high	mat_locus	strict	312.12207	scaffold_256	3920	20192	tptA,sexP,rnhA,algA,glrA	sexP	polished_agree	14871	15824	-	63.52	318	both_sides	rnhA	tptA	1633	False
LCG	Mucor_pusillus_NRRL_5895	Mucor pusillus NRRL 5895	Mucor pusillus NRRL 5895					called	2	LCG__Mucor_pusillus_NRRL_5895__L1	Plus	high	mat_locus	strict	202.941334	scaffold_1788	1	4432	tptA,sexP,rnhA,algA	sexP	polished_agree	2489	3180	+	64.35	44	both_sides	tptA	rnhA	994	False
LCG	Mucor_pusillus_NRRL_A-13674	Rhizomucor pusillus	Mucor pusillus NRRL A-13674					called	1	LCG__Mucor_pusillus_NRRL_A-13674__L0	Plus	medium	idiomorph_gene_only	relaxed	92.468323	scaffold_161	16276	25616	sexP,sexM	sexP	polished_single	24726	25247	+	33.72	174	no_flank				False
LCG	Mucor_pusillus_NRRL_A-14037	Rhizomucor pusillus	Mucor pusillus NRRL A-14037					uncalled	0																						
LCG	Mucor_racemosus_Fresenius_NRRL_1504	Mucor racemosus Fresenius NRRL 1504	Mucor racemosus Fresenius NRRL 1504					called	1	LCG__Mucor_racemosus_Fresenius_NRRL_1504__L0	Minus	high	mat_locus	strict	32.397926	scaffold_184	6543	22589	tptA,sexM,rnhA,algA,glrA	sexM	polished_single	11136	11363	+	38.16	76	both_sides	tptA	rnhA	1787	False
LCG	Mucor_racemosus_Fresenius_NRRL_1608	Mucor racemosus Fresenius NRRL 1608	Mucor racemosus Fresenius NRRL 1608					called	1	LCG__Mucor_racemosus_Fresenius_NRRL_1608__L0	Plus	high	mat_locus	strict	314.470367	scaffold_1	38667	95620	tptA,sexP,sexM,rnhA,algA,glrA	sexP	polished_agree	90927	91880	-	63.84	318	both_sides	rnhA	tptA	8192	False
LCG	Mucor_racemosus_Fresenius_NRRL_1622	Mucor racemosus Fresenius NRRL 1622	Mucor racemosus Fresenius NRRL 1622					called	1	LCG__Mucor_racemosus_Fresenius_NRRL_1622__L0	Minus	high	mat_locus	strict	31.198963	scaffold_72	23629	40304	tptA,sexM,rnhA,algA,glrA	sexM	polished_single	28153	28446	+	32.65	98	both_sides	tptA	rnhA	1785	False
LCG	Mucor_racemosus_Fresenius_NRRL_1688	Mucor racemosus Fresenius NRRL 1688	Mucor racemosus Fresenius NRRL 1688					called	1	LCG__Mucor_racemosus_Fresenius_NRRL_1688__L0	Minus	high	mat_locus	strict	32.397926	scaffold_199	5425	21475	tptA,sexM,rnhA,algA,glrA	sexM	polished_single	16655	16882	-	38.16	76	both_sides	rnhA	tptA	1787	False
LCG	Mucor_racemosus_Fresenius_NRRL_1994	Mucor racemosus Fresenius NRRL 1994	Mucor racemosus Fresenius NRRL 1994					called	1	LCG__Mucor_racemosus_Fresenius_NRRL_1994__L0	Minus	high	mat_locus	strict	32.397926	scaffold_114	7965	24015	tptA,sexM,rnhA,algA,glrA	sexM	polished_single	12558	12785	+	38.16	76	both_sides	tptA	rnhA	1787	False
LCG	Mucor_racemosus_Fresenius_NRRL_A-11534	Mucor racemosus Fresenius NRRL A-11534	Mucor racemosus Fresenius NRRL A-11534					called	1	LCG__Mucor_racemosus_Fresenius_NRRL_A-11534__L0	Minus	high	mat_locus	strict	32.397926	scaffold_156	5796	21846	tptA,sexM,rnhA,algA,glrA	sexM	polished_single	17026	17253	-	38.16	76	both_sides	rnhA	tptA	1787	False
LCG	Mucor_racemosus_Fresenius_NRRL_A-19185	Mucor racemosus Fresenius NRRL A-19185	Mucor racemosus Fresenius NRRL A-19185					called	2	LCG__Mucor_racemosus_Fresenius_NRRL_A-19185__L0	Plus	high	mat_locus	strict	313.120708	scaffold_268	9	4393	tptA,sexP,algA	sexP	polished_agree	3440	4393	+	62.58	318	flank_one_side				True
LCG	Mucor_racemosus_Fresenius_NRRL_A-19185	Mucor racemosus Fresenius NRRL A-19185	Mucor racemosus Fresenius NRRL A-19185					called	2	LCG__Mucor_racemosus_Fresenius_NRRL_A-19185__L1	Minus	high	mat_locus	strict	30.761253	scaffold_4114	3	3140	tptA,sexM,rnhA	sexM	polished_single	1114	1407	+	32.65	98	both_sides	tptA	rnhA	1767	True
LCG	Mucor_racemosus_Fresenius_NRRL_A-19189	Mucor racemosus Fresenius NRRL A-19189	Mucor racemosus Fresenius NRRL A-19189					called	1	LCG__Mucor_racemosus_Fresenius_NRRL_A-19189__L0	Plus	high	mat_locus	strict	314.470367	scaffold_76	2301	6994	tptA,sexP,algA	sexP	polished_agree	2301	3254	-	63.84	318	flank_one_side				False
LCG	Mucor_racemosus_f._sphaerosporus_NRRL_3645	Mucor racemosus f. sphaerosporus NRRL 3645	Mucor racemosus f. sphaerosporus NRRL 3645					called	1	LCG__Mucor_racemosus_f._sphaerosporus_NRRL_3645__L0	Plus	high	mat_locus	strict	312.775494	scaffold_2859	61	4224	tptA,sexP,algA	sexP	polished_agree	3271	4224	+	63.52	318	flank_one_side				False
LCG	Mucor_racemosus_NRRL_1427	Mucor racemosus NRRL 1427	Mucor racemosus NRRL 1427					called	1	LCG__Mucor_racemosus_NRRL_1427__L0	Plus	high	mat_locus	strict	251.131416	scaffold_50	58354	67597	sexP,rnhA,glrA	sexP	polished_disagree	66926	67597	-	40.18	224	flank_one_side				False
LCG	Mucor_racemosus_NRRL_1428	Mucor racemosus NRRL 1428	Mucor racemosus NRRL 1428					called	1	LCG__Mucor_racemosus_NRRL_1428__L0	Minus	high	mat_locus	strict	32.397926	scaffold_897	485	9891	tptA,sexM,rnhA,algA	sexM	polished_single	5071	5298	-	38.16	76	both_sides	rnhA	tptA	1787	False
LCG	Mucor_racemosus_NRRL_1627	Mucor racemosus	Mucor racemosus NRRL 1627					called	1	LCG__Mucor_racemosus_NRRL_1627__L0	Minus	high	mat_locus	strict	32.397926	scaffold_190	6543	22593	tptA,sexM,rnhA,algA,glrA	sexM	polished_single	11136	11363	+	38.16	76	both_sides	tptA	rnhA	1787	False
LCG	Mucor_racemosus_var._racemosus_NRRL_3641	Mucor racemosus var. racemosus NRRL 3641	Mucor racemosus var. racemosus NRRL 3641					called	1	LCG__Mucor_racemosus_var._racemosus_NRRL_3641__L0	Plus	high	mat_locus	strict	313.998131	scaffold_128	2571	7265	tptA,sexP,algA	sexP	polished_agree	2571	3524	-	63.84	318	flank_one_side				False
LCG	Mucor_ramannianus_NRRL_1839	Umbelopsis ramanniana	Mucor ramannianus NRRL 1839					called	1	LCG__Mucor_ramannianus_NRRL_1839__L0	Plus	high	mat_locus	strict	125.427662	scaffold_13	10394	53981	tptA,sexP,rnhA,algA,glrA	sexP	polished_agree	49250	50200	-	84.39	317	both_sides	glrA	tptA	13065	False
LCG	Mucor_ramannianus_NRRL_A-21216	Umbelopsis ramanniana	Mucor ramannianus NRRL A-21216					called	1	LCG__Mucor_ramannianus_NRRL_A-21216__L0	Minus	high	mat_locus	strict	31.090801	scaffold_151	1152	41005	tptA,sexM,rnhA,algA,glrA	sexM	polished_disagree	36817	37176	-	51.67	120	both_sides	glrA	tptA	12038	False
LCG	Mucor_ramosissimus_NRRL_3042	Mucor ramosissimus	Mucor ramosissimus NRRL 3042					called	1	LCG__Mucor_ramosissimus_NRRL_3042__L0	Minus	high	mat_locus	strict	123.201828	scaffold_429	6815	23378	tptA,sexM,rnhA,algA,glrA	sexM	polished_agree	12335	13081	+	85.89	249	both_sides	tptA	rnhA	1720	False
LCG	Mucor_recurvus_NRRL_2358	Backusella recurva	Mucor recurvus NRRL 2358					called	1	LCG__Mucor_recurvus_NRRL_2358__L0	Plus	medium	mat_locus	strict	250.137161	scaffold_10	163652	172966	sexP,algA,glrA	sexP	polished_disagree	169459	169899	-	50.0	147	both_sides	glrA	algA	6192	False
LCG	Mucor_recurvus_var._indicus_NRRL_3247	Backusella indica	Mucor recurvus var. indicus NRRL 3247					called	1	LCG__Mucor_recurvus_var._indicus_NRRL_3247__L0	Minus	medium	mat_locus	strict	64.664772	scaffold_488	2753	14110	sexM,algA,glrA	sexM	polished_single	6484	6813	+	49.09	110	both_sides	algA	glrA	8315	False
LCG	Mucor_rouxianus_NRRL_1429	Mucor rouxianus NRRL 1429	Mucor rouxianus NRRL 1429					called	1	LCG__Mucor_rouxianus_NRRL_1429__L0	Plus	high	mat_locus	strict	341.696323	scaffold_218	1484	16263	tptA,sexP,rnhA,algA,glrA	sexP	polished_agree	11971	12933	-	75.39	321	both_sides	rnhA	tptA	1691	False
LCG	Mucor_rouxianus_NRRL_1430	Mucor rouxianus NRRL 1430	Mucor rouxianus NRRL 1430					called	1	LCG__Mucor_rouxianus_NRRL_1430__L0	Plus	high	mat_locus	strict	251.131416	scaffold_64	58188	67536	sexP,rnhA,glrA	sexP	polished_disagree	66865	67536	-	40.18	224	flank_one_side				False
LCG	Mucor_rouxii_Calmette_Wehmer_NRRL_1894	Mucor rouxii Calmette Wehmer NRRL 1894	Mucor rouxii Calmette Wehmer NRRL 1894					called	1	LCG__Mucor_rouxii_Calmette_Wehmer_NRRL_1894__L0	Plus	high	mat_locus	strict	251.131416	scaffold_44	45754	54997	sexP,rnhA,glrA	sexP	polished_disagree	45754	46425	+	40.18	224	flank_one_side				False
LCG	Mucor_saturninus_NRRL_2631	Mucor saturninus NRRL 2631	Mucor saturninus NRRL 2631					called	1	LCG__Mucor_saturninus_NRRL_2631__L0	Plus	high	mat_locus	strict	312.569	scaffold_244	22628	34619	sexP,rnhA,algA,glrA	sexP	polished_disagree	24963	25883	+	41.45	307	both_sides	algA	rnhA	2170	False
LCG	Mucor_silvaticus_NRRL_1431	Mucor silvaticus NRRL 1431	Mucor silvaticus NRRL 1431					called	1	LCG__Mucor_silvaticus_NRRL_1431__L0	Plus	high	mat_locus	strict	296.92662	scaffold_60	57261	62094	tptA,sexP,algA	sexP	polished_agree	61129	62094	+	58.88	322	flank_one_side				False
LCG	Mucor_sp._NRRL_1439	Mucor sp. NRRL 1439	Mucor sp. NRRL 1439					called	1	LCG__Mucor_sp._NRRL_1439__L0	Plus	high	mat_locus	strict	342.939564	scaffold_365	14511	29276	tptA,sexP,rnhA,algA,glrA	sexP	polished_agree	17841	18803	+	75.7	321	both_sides	tptA	rnhA	1691	False
LCG	Mucor_sp._NRRL_1440	Mucor sp. NRRL 1440	Mucor sp. NRRL 1440					called	2	LCG__Mucor_sp._NRRL_1440__L0	Plus	high	mat_locus	strict	346.614201	scaffold_91	7144	21942	tptA,sexP,rnhA,algA,glrA	sexP	polished_agree	10487	11449	+	76.95	321	both_sides	tptA	rnhA	1693	True
LCG	Mucor_sp._NRRL_1440	Mucor sp. NRRL 1440	Mucor sp. NRRL 1440					called	2	LCG__Mucor_sp._NRRL_1440__L1	Minus	high	mat_locus	strict	67.853554	scaffold_3193	2	4054	tptA,sexM,algA	sexM	polished_agree	3303	4054	+	57.49	151	flank_one_side				True
LCG	Mucor_sp._NRRL_1441	Mucor sp. NRRL 1441	Mucor sp. NRRL 1441					called	1	LCG__Mucor_sp._NRRL_1441__L0	Minus	high	mat_locus	strict	78.414459	scaffold_489	1575	16492	tptA,sexM,rnhA,algA,glrA	sexM	polished_agree	11880	12641	-	60.98	254	both_sides	rnhA	tptA	1812	False
LCG	Mucor_sp._NRRL_1444	Mucor sp. NRRL 1444	Mucor sp. NRRL 1444					called	1	LCG__Mucor_sp._NRRL_1444__L0	Minus	high	mat_locus	strict	135.648582	scaffold_603	1710	16701	tptA,sexM,rnhA,algA,glrA	sexM	polished_agree	12090	12836	-	100.0	249	both_sides	rnhA	tptA	1630	False
LCG	Mucor_sp._NRRL_1446	Mucor sp. NRRL 1446	Mucor sp. NRRL 1446					called	1	LCG__Mucor_sp._NRRL_1446__L0	Plus	high	mat_locus	strict	327.404213	scaffold_636	6773	21683	tptA,sexP,rnhA,algA,glrA	sexP	polished_agree	10133	11110	+	100.0	326	both_sides	tptA	rnhA	1552	False
LCG	Mucor_sp._NRRL_1448	Mucor sp. NRRL 1448	Mucor sp. NRRL 1448					called	1	LCG__Mucor_sp._NRRL_1448__L0	Minus	high	mat_locus	strict	135.648582	scaffold_605	1711	16702	tptA,sexM,rnhA,algA,glrA	sexM	polished_agree	12091	12837	-	100.0	249	both_sides	rnhA	tptA	1630	False
LCG	Mucor_sp._NRRL_1449	Mucor sp. NRRL 1449	Mucor sp. NRRL 1449					called	1	LCG__Mucor_sp._NRRL_1449__L0	Plus	high	mat_locus	strict	327.404213	scaffold_623	6956	21866	tptA,sexP,rnhA,algA,glrA	sexP	polished_agree	10316	11293	+	100.0	326	both_sides	tptA	rnhA	1552	False
LCG	Mucor_sp._NRRL_1451	Mucor sp. NRRL 1451	Mucor sp. NRRL 1451					called	1	LCG__Mucor_sp._NRRL_1451__L0	Plus	high	mat_locus	strict	328.211788	scaffold_557	1147	16062	tptA,sexP,rnhA,algA,glrA	sexP	polished_agree	11725	12702	-	99.39	326	both_sides	rnhA	tptA	1552	False
LCG	Mucor_sp._NRRL_1454	Mucor sp. NRRL 1454	Mucor sp. NRRL 1454					called	1	LCG__Mucor_sp._NRRL_1454__L0	Minus	high	mat_locus	strict	56.555367	scaffold_6	766344	808529	tptA,sexM,rnhA,algA,glrA	sexM	polished_agree	770135	770581	+	73.15	149	both_sides	tptA	glrA	12148	False
LCG	Mucor_sp._NRRL_1533	Mucor sp. NRRL 1533	Mucor sp. NRRL 1533					called	1	LCG__Mucor_sp._NRRL_1533__L0	Minus	high	mat_locus	strict	93.597923	scaffold_73	56571	71194	sexM,rnhA,algA,glrA	sexM	polished_disagree	67790	68104	-	53.33	105	both_sides	rnhA	algA	2948	False
LCG	Mucor_sp._NRRL_1644	Mucor sp. NRRL 1644	Mucor sp. NRRL 1644					called	1	LCG__Mucor_sp._NRRL_1644__L0	Minus	high	mat_locus	strict	81.788902	scaffold_128	13972	27364	tptA,sexM,rnhA,algA,glrA	sexM	polished_agree	23283	23876	-	38.78	198	both_sides	rnhA	tptA	1498	False
LCG	Mucor_sp._NRRL_2728	Mucor sp. NRRL 2728	Mucor sp. NRRL 2728					called	1	LCG__Mucor_sp._NRRL_2728__L0	Plus	high	mat_locus	strict	233.172836	scaffold_185	1680	40841	tptA,sexP,rnhA,algA,glrA	sexP	polished_disagree	30781	31677	+	36.24	299	both_sides	tptA	rnhA	1474	False
LCG	Mucor_sp._NRRL_2932	Mucor sp. NRRL 2932	Mucor sp. NRRL 2932					called	1	LCG__Mucor_sp._NRRL_2932__L0	Minus	high	mat_locus	strict	31.924034	scaffold_683	1756	17813	tptA,sexM,rnhA,algA,glrA	sexM	polished_single	13033	13281	-	36.14	83	both_sides	rnhA	tptA	1779	False
LCG	Mucor_sp._NRRL_3206	Mucor sp. NRRL 3206	Mucor sp. NRRL 3206					called	1	LCG__Mucor_sp._NRRL_3206__L0	Minus	medium	mat_locus	strict	93.829323	scaffold_3	49653	68502	sexM,algA,glrA	sexM	polished_disagree	52812	53180	+	46.34	123	both_sides	algA	glrA	6276	False
LCG	Mucor_sp._NRRL_A-14906	Mucor sp. NRRL A-14906	Mucor sp. NRRL A-14906					called	1	LCG__Mucor_sp._NRRL_A-14906__L0	Plus	high	mat_locus	strict	346.614201	scaffold_525	1544	16345	tptA,sexP,rnhA,algA,glrA	sexP	polished_agree	12039	13001	-	76.95	321	both_sides	rnhA	tptA	1693	False
LCG	Mucor_sp._NRRL_A-17182	Mucor sp. NRRL A-17182	Mucor sp. NRRL A-17182					called	1	LCG__Mucor_sp._NRRL_A-17182__L0	Minus	high	mat_locus	strict	135.648582	scaffold_593	1710	16701	tptA,sexM,rnhA,algA,glrA	sexM	polished_agree	12090	12836	-	100.0	249	both_sides	rnhA	tptA	1630	False
LCG	Mucor_sp._NRRL_A-17797	Mucor sp. NRRL A-17797	Mucor sp. NRRL A-17797					called	1	LCG__Mucor_sp._NRRL_A-17797__L0	Plus	high	mat_locus	strict	342.939564	scaffold_194	1484	16263	tptA,sexP,rnhA,algA,glrA	sexP	polished_agree	11972	12934	-	75.7	321	both_sides	rnhA	tptA	1692	False
LCG	Mucor_sp._NRRL_A-18583	Mucor sp. NRRL A-18583	Mucor sp. NRRL A-18583					called	1	LCG__Mucor_sp._NRRL_A-18583__L0	Minus	high	mat_locus	strict	79.008488	scaffold_199	1426	16343	tptA,sexM,rnhA,algA,glrA	sexM	polished_agree	11724	12485	-	58.94	254	both_sides	rnhA	tptA	1832	False
LCG	Mucor_sp._NRRL_A-21230	Mucor sp. NRRL A-21230	Mucor sp. NRRL A-21230					called	1	LCG__Mucor_sp._NRRL_A-21230__L0	Plus	high	mat_locus	strict	346.614201	scaffold_522	1544	16344	tptA,sexP,rnhA,algA,glrA	sexP	polished_agree	12039	13001	-	76.95	321	both_sides	rnhA	tptA	1693	False
LCG	Mucor_sp._NRRL_A-21232	Mucor sp. NRRL A-21232	Mucor sp. NRRL A-21232					called	1	LCG__Mucor_sp._NRRL_A-21232__L0	Plus	high	mat_locus	strict	346.614201	scaffold_505	7132	21925	tptA,sexP,rnhA,algA,glrA	sexP	polished_agree	10475	11437	+	76.95	321	both_sides	tptA	rnhA	1693	False
LCG	Mucor_sp._NRRL_A-21236	Mucor sp. NRRL A-21236	Mucor sp. NRRL A-21236					called	1	LCG__Mucor_sp._NRRL_A-21236__L0	Plus	high	mat_locus	strict	347.595604	scaffold_485	1491	16290	tptA,sexP,rnhA,algA,glrA	sexP	polished_agree	11986	12948	-	76.64	321	both_sides	rnhA	tptA	1693	False
LCG	Mucor_sp._NRRL_A-25546	Mucor sp. NRRL A-25546	Mucor sp. NRRL A-25546					called	1	LCG__Mucor_sp._NRRL_A-25546__L0	Plus	high	mat_locus	strict	243.893166	scaffold_8	48340	92995	tptA,sexP,rnhA,algA,glrA	sexP	polished_agree	82809	83735	+	41.5	309	both_sides	tptA	rnhA	1652	False
LCG	Mucor_sp._NRRL_A-25547	Mucor sp. NRRL A-25547	Mucor sp. NRRL A-25547					called	1	LCG__Mucor_sp._NRRL_A-25547__L0	Plus	high	mat_locus	strict	244.382145	scaffold_77	755	45519	tptA,sexP,rnhA,algA,glrA	sexP	polished_agree	10014	10940	-	41.5	309	both_sides	rnhA	tptA	1652	False
LCG	Mucor_sp._NRRL_A-25548	Mucor sp. NRRL A-25548	Mucor sp. NRRL A-25548					called	1	LCG__Mucor_sp._NRRL_A-25548__L0	Plus	medium	mat_locus	strict	251.592766	scaffold_117	5307	14667	sexP,algA,glrA	sexP	polished_disagree	8413	8853	+	50.69	147	both_sides	algA	glrA	6210	False
LCG	Mucor_sp._NRRL_A-25783	Mucor sp. NRRL A-25783	Mucor sp. NRRL A-25783					called	1	LCG__Mucor_sp._NRRL_A-25783__L0	Plus	high	mat_locus	strict	251.131416	scaffold_43	45618	54857	sexP,rnhA,glrA	sexP	polished_disagree	45618	46289	+	40.18	224	flank_one_side				False
LCG	Mucor_sp._NRRL_A-25793	Mucor sp. NRRL A-25793	Mucor sp. NRRL A-25793					called	1	LCG__Mucor_sp._NRRL_A-25793__L0	Plus	high	mat_locus	strict	251.131416	scaffold_41	45618	54856	sexP,rnhA,glrA	sexP	polished_disagree	45618	46289	+	40.18	224	flank_one_side				False
LCG	Mucor_sp._NRRL_A-25970	Mucor sp. NRRL A-25970	Mucor sp. NRRL A-25970					called	1	LCG__Mucor_sp._NRRL_A-25970__L0	Plus	high	mat_locus	strict	346.614201	scaffold_496	8107	22909	tptA,sexP,rnhA,algA,glrA	sexP	polished_agree	11451	12413	+	76.95	321	both_sides	tptA	rnhA	1693	False
LCG	Mucor_sp._NRRL_A-26212	Mucor sp. NRRL A-26212	Mucor sp. NRRL A-26212					called	1	LCG__Mucor_sp._NRRL_A-26212__L0	Minus	high	mat_locus	strict	113.090298	scaffold_24	30510	39577	sexM,rnhA,glrA	sexM	polished_disagree	38843	39478	-	39.11	181	flank_one_side				False
LCG	Mucor_subtilissimus_NRRL_6226	Mucor subtilissimus NRRL 6226	Mucor subtilissimus NRRL 6226					called	2	LCG__Mucor_subtilissimus_NRRL_6226__L0	Plus	high	mat_locus	strict	244.559216	scaffold_9	213255	222554	sexP,rnhA,glrA	sexP	polished_disagree	213297	213926	+	41.9	210	flank_one_side				False
LCG	Mucor_subtilissimus_NRRL_6226	Mucor subtilissimus NRRL 6226	Mucor subtilissimus NRRL 6226					called	2	LCG__Mucor_subtilissimus_NRRL_6226__L1	undetermined	high	mat_locus	strict	22.859062	scaffold_54	22455	56573	tptA,sexM,rnhA,algA,glrA								no_core_gene_model				False
LCG	Mucor_tenuis_NRRL_1435	Mucor tenuis NRRL 1435	Mucor tenuis NRRL 1435					called	1	LCG__Mucor_tenuis_NRRL_1435__L0	Minus	high	mat_locus	strict	30.761253	scaffold_112	6710	13260	tptA,sexM,rnhA,algA	sexM	polished_single	11234	11527	+	32.65	98	both_sides	tptA	rnhA	1785	False
LCG	Mucor_varians_NRRL_1760	Mucor varians NRRL 1760	Mucor varians NRRL 1760					called	1	LCG__Mucor_varians_NRRL_1760__L0	undetermined	high	mat_locus	strict	22.859062	scaffold_210	18257	51991	tptA,sexM,rnhA,algA,glrA								no_core_gene_model				False
LCG	Mucor_zychae_var._zychae_NRRL_3243	Mucor zychae var. zychae	Mucor zychae var. zychae NRRL 3243					called	1	LCG__Mucor_zychae_var._zychae_NRRL_3243__L0	Plus	medium	partial_locus	relaxed	186.097954	scaffold_217	3273	8705	sexP,rnhA	sexP	polished_single	8037	8705	-	36.77	223	flank_one_side				False
LCG	Mucor_zychii_NRRL_3200	Mucor zychii NRRL 3200	Mucor zychii NRRL 3200					called	1	LCG__Mucor_zychii_NRRL_3200__L0	Plus	medium	partial_locus	relaxed	186.097954	scaffold_196	44940	50372	sexP,rnhA	sexP	polished_single	44940	45608	+	36.77	223	flank_one_side				False
LCG	Mycocladus_corymbifer_NRRL_1309	Mycocladus corymbifer NRRL 1309	Mycocladus corymbifer NRRL 1309					uncalled	0																						
LCG	Mycotypha_africana_NRRL_2978	Mycotypha africana NRRL 2978	Mycotypha africana NRRL 2978					called	1	LCG__Mycotypha_africana_NRRL_2978__L0	Plus	high	mat_locus	strict	227.056644	scaffold_267	18126	26470	sexP,rnhA,glrA	sexP	polished_disagree	25907	26431	-	45.71	175	flank_one_side				False
LCG	Mycotypha_microspora_Fenner_NRRL_684	Mycotypha microspora Fenner	Mycotypha microspora Fenner NRRL 684					called	1	LCG__Mycotypha_microspora_Fenner_NRRL_684__L0	Minus	high	mat_locus	strict	45.124294	scaffold_16	394468	401322	sexM,rnhA,algA	sexM	polished_single	400978	401211	-	51.28	78	flank_one_side				False
LCG	Mycotypha_microspora_Fenner_NRRL_A-11005	Mycotypha microspora Fenner NRRL A-11005	Mycotypha microspora Fenner NRRL A-11005					called	1	LCG__Mycotypha_microspora_Fenner_NRRL_A-11005__L0	Minus	high	mat_locus	strict	44.011684	scaffold_48	6134	12942	sexM,rnhA,algA	sexM	polished_single	6200	6451	+	47.62	84	flank_one_side				False
LCG	Mycotypha_microspora_IMI_282443	Mycotypha microspora IMI 282443	Mycotypha microspora IMI 282443					called	1	LCG__Mycotypha_microspora_IMI_282443__L0	Minus	high	mat_locus	strict	45.124294	scaffold_49	166524	173378	sexM,rnhA,algA	sexM	polished_single	173034	173267	-	51.28	78	flank_one_side				False
LCG	Mycotypha_microspora_NRRL_1572	Mycotypha microspora NRRL 1572	Mycotypha microspora NRRL 1572					called	1	LCG__Mycotypha_microspora_NRRL_1572__L0	Minus	high	mat_locus	strict	45.124294	scaffold_14	265446	272300	sexM,rnhA,algA	sexM	polished_single	271956	272189	-	51.28	78	flank_one_side				False
LCG	Parasitella_parasitica_Bainier_Sydow_NRRL_1461	Parasitella sp.	Parasitella parasitica Bainier Sydow NRRL 1461					called	1	LCG__Parasitella_parasitica_Bainier_Sydow_NRRL_1461__L0	Plus	high	mat_locus	strict	295.300072	scaffold_23	65746	94828	tptA,sexP,sexM,rnhA,algA,glrA	sexP	polished_disagree	68399	69112	+	63.03	238	both_sides	algA	rnhA	2489	False
LCG	Parasitella_parasitica_NRRL_2501	Parasitella sp.	Parasitella parasitica NRRL 2501					called	1	LCG__Parasitella_parasitica_NRRL_2501__L0	Minus	high	mat_locus	strict	125.398735	scaffold_24	65893	94862	tptA,sexM,rnhA,algA,glrA	sexM	polished_disagree	69096	69521	+	85.92	142	both_sides	tptA	rnhA	1680	False
LCG	Parasitella_simplex_NRRL_1460	Parasitella parasitica	Parasitella simplex NRRL 1460					called	1	LCG__Parasitella_simplex_NRRL_1460__L0	Minus	high	mat_locus	strict	139.382469	scaffold_6	141409	160403	sexM,rnhA,algA,glrA	sexM	polished_agree	146517	147116	+	100.0	200	both_sides	algA	rnhA	4372	False
LCG	Parasitella_simplex_NRRL_2500	Parasitella simplex NRRL 2500	Parasitella simplex NRRL 2500					called	1	LCG__Parasitella_simplex_NRRL_2500__L0	Plus	high	mat_locus	strict	295.300072	scaffold_5	65709	94683	tptA,sexP,sexM,rnhA,algA,glrA	sexP	polished_disagree	68362	69075	+	63.03	238	both_sides	algA	rnhA	2489	False
LCG	Phycomyces_blakesleeanus_Burgeff_NRRL_1465	Phycomyces blakesleeanus Burgeff NRRL 1465	Phycomyces blakesleeanus Burgeff NRRL 1465					called	1	LCG__Phycomyces_blakesleeanus_Burgeff_NRRL_1465__L0	Plus	high	mat_locus	strict	230.68969	scaffold_236	16028	31708	tptA,sexP,rnhA,algA	sexP	polished_agree	25261	26229	+	100.0	297	both_sides	rnhA	tptA	6532	False
LCG	Phycomyces_blakesleeanus_Burgeff_var._piloboloides_NRRL_2566	Phycomyces blakesleeanus Burgeff var. piloboloides NRRL 2566	Phycomyces blakesleeanus Burgeff var. piloboloides NRRL 2566					called	1	LCG__Phycomyces_blakesleeanus_Burgeff_var._piloboloides_NRRL_2566__L0	Plus	high	mat_locus	strict	230.68969	scaffold_396	886	16566	tptA,sexP,rnhA,algA	sexP	polished_agree	10120	11088	+	100.0	297	both_sides	rnhA	tptA	6531	False
LCG	Phycomyces_blakesleeanus_NRRL_1464	Phycomyces blakesleeanus NRRL 1464	Phycomyces blakesleeanus NRRL 1464					called	1	LCG__Phycomyces_blakesleeanus_NRRL_1464__L0	Minus	high	mat_locus	strict	161.946983	scaffold_267	15279	28585	tptA,sexM,rnhA,algA	sexM	polished_agree	20631	21263	-	100.0	211	both_sides	rnhA	tptA	4166	False
LCG	Phycomyces_blakesleeanus_NRRL_1554	Phycomyces blakesleeanus NRRL 1554	Phycomyces blakesleeanus NRRL 1554					called	1	LCG__Phycomyces_blakesleeanus_NRRL_1554__L0	Plus	high	mat_locus	strict	230.68969	scaffold_145	31316	46894	tptA,sexP,rnhA,algA	sexP	polished_agree	40549	41517	+	100.0	297	both_sides	rnhA	tptA	6430	False
LCG	Phycomyces_blakesleeanus_NRRL_1555	Phycomyces blakesleeanus NRRL 1555	Phycomyces blakesleeanus NRRL 1555			confirmed: Syncephalastrum sp.	exclude from species-level scoring	called	1	LCG__Phycomyces_blakesleeanus_NRRL_1555__L0	Minus	medium	partial_locus	relaxed	39.799049	scaffold_2	632063	637031	sexM,rnhA	sexM	polished_agree	636705	636950	-	42.68	82	flank_one_side				False
LCG	Phycomyces_blakesleeanus_NRRL_1556	Phycomyces blakesleeanus NRRL 1556	Phycomyces blakesleeanus NRRL 1556			confirmed: Gilbertella sp.	exclude from species-level scoring	called	1	LCG__Phycomyces_blakesleeanus_NRRL_1556__L0	Minus	high	mat_locus	strict	75.732853	scaffold_15	64518	68460	tptA,sexM,algA	sexM	polished_single	64518	65135	-	41.38	206	flank_one_side				False
LCG	Phycomyces_nitens_NRRL_2444	Phycomyces nitens NRRL 2444	Phycomyces nitens NRRL 2444					called	1	LCG__Phycomyces_nitens_NRRL_2444__L0	Plus	high	mat_locus	strict	226.319138	scaffold_273	27927	43481	tptA,sexP,algA	sexP	polished_agree	42533	43481	-	73.22	297	flank_one_side				False
LCG	Phycomyces_nitens_NRRL_2445	Phycomyces nitens NRRL 2445	Phycomyces nitens NRRL 2445					called	1	LCG__Phycomyces_nitens_NRRL_2445__L0	Plus	high	mat_locus	strict	226.319138	scaffold_412	16877	32431	tptA,sexP,algA	sexP	polished_agree	31483	32431	-	73.22	297	flank_one_side				False
LCG	Phycomyces_nitens_NRRL_2700	Phycomyces nitens NRRL 2700	Phycomyces nitens NRRL 2700			confirmed: Gilbertella sp.	exclude from species-level scoring	called	1	LCG__Phycomyces_nitens_NRRL_2700__L0	Minus	high	mat_locus	strict	75.732853	scaffold_125	48	3990	tptA,sexM,algA	sexM	polished_single	48	665	-	41.38	206	flank_one_side				False
LCG	Phycomyces_theobromatus_NRRL_1467	Phycomyces theobromatus NRRL 1467	Phycomyces theobromatus NRRL 1467					called	1	LCG__Phycomyces_theobromatus_NRRL_1467__L0	Plus	high	mat_locus	strict	227.244034	scaffold_249	14183	37095	tptA,sexP,rnhA,algA	sexP	polished_agree	21117	22065	+	72.88	297	both_sides	rnhA	tptA	15178	False
LCG	Pilaira_anomala_NRRL_2526	Pilaira anomala NRRL 2526	Pilaira anomala NRRL 2526					called	1	LCG__Pilaira_anomala_NRRL_2526__L0	Plus	high	mat_locus	strict	308.18576	scaffold_24	13147	54135	sexP,rnhA,algA,glrA	sexP	polished_disagree	42486	43403	+	39.47	306	both_sides	algA	rnhA	4726	False
LCG	Pilaira_anomala_NRRL_2527	Pilaira anomala NRRL 2527	Pilaira anomala NRRL 2527			confirmed: Syncephalastrum sp.	exclude from species-level scoring	called	1	LCG__Pilaira_anomala_NRRL_2527__L0	Plus	medium	partial_locus	relaxed	159.764645	scaffold_12	390249	395580	sexP,rnhA	sexP	polished_disagree	394615	395580	-	77.45	309	flank_one_side				False
LCG	Pilaira_anomala_RSA_1997_Plus	Pilaira anomala RSA 1997 Plus	Pilaira anomala RSA 1997 Plus	Minus		confirmed: Cunninghamella sp.	hold out of all analyses (species and label scoring): possible sample mixup or contamination; needs investigation	called	1	LCG__Pilaira_anomala_RSA_1997_Plus__L0	Minus	high	mat_locus	strict	34.309258	scaffold_84	52145	62812	tptA,sexM,rnhA,algA	sexM	polished_single	56922	57194	+	39.56	91	both_sides	tptA	rnhA	2185	False
LCG	Pilaira_anomala_RSA_1998-	Pilaira anomala RSA 1998-	Pilaira anomala RSA 1998-	Minus				called	1	LCG__Pilaira_anomala_RSA_1998-__L0	Minus	high	mat_locus	strict	116.061592	scaffold_76	2890	41944	tptA,sexM,rnhA,algA,glrA	sexM	polished_disagree	13706	14122	-	56.83	139	both_sides	rnhA	algA	2968	False
LCG	Pilaira_caucasica_CBS_523.68	Pilaira moreaui var. caucasica	Pilaira caucasica CBS 523.68					called	1	LCG__Pilaira_caucasica_CBS_523.68__L0	Plus	medium	partial_locus	relaxed	303.45895	scaffold_209	2356	7685	sexP,rnhA	sexP	polished_disagree	2356	3273	+	40.13	306	flank_one_side				False
LCG	Pilaira_caucasica_Milko_NRRL_6282	Pilaira caucasica Milko NRRL 6282	Pilaira caucasica Milko NRRL 6282					called	1	LCG__Pilaira_caucasica_Milko_NRRL_6282__L0	Minus	high	mat_locus	strict	110.563316	scaffold_209	20270	31919	sexM,rnhA,glrA	sexM	polished_agree	31290	31919	-	60.48	210	flank_one_side				False
LCG	Pilaira_moreaui_CBS_181.26	Pilaira moreaui	Pilaira moreaui CBS 181.26					called	1	LCG__Pilaira_moreaui_CBS_181.26__L0	Minus	high	mat_locus	strict	110.563316	scaffold_806	1806	10392	sexM,rnhA,algA	sexM	polished_agree	5378	6007	+	60.48	210	both_sides	algA	rnhA	3091	False
LCG	Pirella_circinans_NRRL_2627	Pirella circinans NRRL 2627	Pirella circinans NRRL 2627					called	1	LCG__Pirella_circinans_NRRL_2627__L0	Plus	medium	mat_locus	strict	308.768303	scaffold_380	7301	15272	tptA,sexP,rnhA,algA	sexP	polished_agree	11633	12571	-	38.91	313	both_sides	rnhA	algA	2523	False
LCG	Pirella_circinans_NRRL_2698	Pirella circinans NRRL 2698	Pirella circinans NRRL 2698					called	1	LCG__Pirella_circinans_NRRL_2698__L0	Minus	medium	mat_locus	strict	112.120018	scaffold_365	11590	19444	tptA,sexM,rnhA,algA	sexM	polished_agree	14519	15160	+	54.67	214	both_sides	algA	rnhA	2405	False
LCG	Pirella_circinans_NRRL_2701	Pirella circinans NRRL 2701	Pirella circinans NRRL 2701					called	1	LCG__Pirella_circinans_NRRL_2701__L0	Plus	medium	mat_locus	strict	308.768303	scaffold_323	12139	20110	tptA,sexP,rnhA,algA	sexP	polished_agree	14840	15778	+	38.91	313	both_sides	algA	rnhA	2523	False
LCG	Pirella_circinans_NRRL_2748	Pirella circinans NRRL 2748	Pirella circinans NRRL 2748					called	1	LCG__Pirella_circinans_NRRL_2748__L0	Minus	medium	mat_locus	strict	112.120018	scaffold_364	11535	19370	tptA,sexM,rnhA,algA	sexM	polished_agree	14466	15107	+	54.67	214	both_sides	algA	rnhA	2406	False
LCG	Pirella_circinans_RSA_622-	Pirella circinans RSA 622-	Pirella circinans RSA 622-	Minus				called	1	LCG__Pirella_circinans_RSA_622-__L0	Plus	medium	mat_locus	strict	308.768303	scaffold_342	11885	19858	tptA,sexP,rnhA,algA	sexP	polished_agree	16220	17158	-	38.91	313	both_sides	rnhA	algA	2522	False
LCG	Pirella_circinans_RSA_682	Pirella circinans RSA 682	Pirella circinans RSA 682					called	1	LCG__Pirella_circinans_RSA_682__L0	Minus	medium	mat_locus	strict	112.120018	scaffold_328	11222	19071	tptA,sexM,rnhA,algA	sexM	polished_agree	14156	14797	+	54.67	214	both_sides	algA	rnhA	2408	False
LCG	Pirella_circinans_var._volvogradensis_RSA_2566	Pirella circinans var. volvogradensis RSA 2566	Pirella circinans var. volvogradensis RSA 2566					called	1	LCG__Pirella_circinans_var._volvogradensis_RSA_2566__L0	Minus	high	mat_locus	strict	114.067696	scaffold_82	11239	19099	tptA,sexM,rnhA,algA	sexM	polished_agree	14226	14867	+	57.01	214	both_sides	tptA	rnhA	1737	False
LCG	Pirella_naumovii_IMI_133977	Pirella naumovii IMI 133977	Pirella naumovii IMI 133977					called	1	LCG__Pirella_naumovii_IMI_133977__L0	Minus	high	mat_locus	strict	111.665939	scaffold_707	2513	10404	tptA,sexM,rnhA,algA	sexM	polished_agree	5510	6151	+	56.07	214	both_sides	tptA	rnhA	1633	False
LCG	Pirella_reniformis_NRRL_5259	Pirella reniformis NRRL 5259	Pirella reniformis NRRL 5259					called	1	LCG__Pirella_reniformis_NRRL_5259__L0	Minus	high	mat_locus	strict	115.398224	scaffold_23	59687	67466	tptA,sexM,rnhA,algA	sexM	polished_agree	63936	64574	-	57.75	213	both_sides	rnhA	tptA	1660	False
LCG	Protomycocladus_faisalabadensis_NRRL_22826	Protomycocladus faisalabadensis NRRL 22826	Protomycocladus faisalabadensis NRRL 22826					called	1	LCG__Protomycocladus_faisalabadensis_NRRL_22826__L0	Plus	medium	partial_locus	strict	71.998581	scaffold_11	49022	123373	sexP,sexM,rnhA	sexP	polished_disagree	52039	52635	+	44.38	179	flank_one_side				False
LCG	Radiomyces_spectabilis_NRRL_2753	Radiomyces spectabilis NRRL 2753	Radiomyces spectabilis NRRL 2753					called	1	LCG__Radiomyces_spectabilis_NRRL_2753__L0	Plus	medium	partial_locus	strict	166.773697	scaffold_63	27	9208	sexP,sexM,rnhA	sexP	polished_disagree	4746	5297	+	40.11	184	flank_one_side				False
LCG	Rhizomucor_pusillus_NRRL_2543	Rhizomucor pusillus	Rhizomucor pusillus NRRL 2543			confirmed: Phycomyces sp.	exclude from species-level scoring	called	1	LCG__Rhizomucor_pusillus_NRRL_2543__L0	Plus	high	mat_locus	strict	227.244034	scaffold_205	15702	38610	tptA,sexP,rnhA,algA	sexP	polished_agree	30728	31676	-	72.88	297	both_sides	tptA	rnhA	15180	False
LCG	Rhizopus_acetoinus_NRRL_549	Rhizopus acetoinus NRRL 549	Rhizopus acetoinus NRRL 549					called	1	LCG__Rhizopus_acetoinus_NRRL_549__L0	Plus	high	mat_locus	strict	312.943481	scaffold_516	467	13492	sexP,rnhA,glrA,btbA	sexP	polished_agree	6468	7397	+	92.58	310	both_sides	btbA	rnhA	2602	False
LCG	Rhizopus_acetoinus_NRRL_5833	Rhizopus acetoinus NRRL 5833	Rhizopus acetoinus NRRL 5833					called	1	LCG__Rhizopus_acetoinus_NRRL_5833__L0	Plus	high	mat_locus	strict	312.943481	scaffold_406	7126	22625	tptA,sexP,sexM,rnhA,glrA,btbA	sexP	polished_agree	13221	14150	-	92.58	310	both_sides	rnhA	btbA	2602	False
LCG	Rhizopus_americanus_NRRL_66675	Rhizopus americanus NRRL 66675	Rhizopus americanus NRRL 66675					called	1	LCG__Rhizopus_americanus_NRRL_66675__L0	Minus	high	mat_locus	strict	145.707726	scaffold_388	10272	24809	tptA,sexM,rnhA,glrA,btbA	sexM	polished_agree	18133	18696	+	82.98	188	both_sides	tptA	rnhA	1526	False
LCG	Rhizopus_arrhizus_CBS_258.28	Rhizopus arrhizus CBS 258.28	Rhizopus arrhizus CBS 258.28					called	1	LCG__Rhizopus_arrhizus_CBS_258.28__L0	Minus	high	mat_locus	strict	163.087509	scaffold_556	2343	16860	tptA,sexM,rnhA,glrA,btbA	sexM	polished_agree	10220	10780	+	96.26	187	both_sides	tptA	rnhA	1463	False
LCG	Rhizopus_arrhizus_CBS_330.53	Rhizopus arrhizus CBS 330.53	Rhizopus arrhizus CBS 330.53					called	1	LCG__Rhizopus_arrhizus_CBS_330.53__L0	Minus	high	mat_locus	strict	163.614128	scaffold_607	2202	16717	tptA,sexM,rnhA,glrA,btbA	sexM	polished_agree	10081	10644	+	97.87	188	both_sides	tptA	rnhA	1460	False
LCG	Rhizopus_arrhizus_CBS_387.34	Rhizopus arrhizus CBS 387.34	Rhizopus arrhizus CBS 387.34					called	1	LCG__Rhizopus_arrhizus_CBS_387.34__L0	Plus	high	mat_locus	strict	315.394276	scaffold_945	2045	11704	sexP,rnhA,glrA,btbA	sexP	polished_agree	8129	9067	-	98.4	313	both_sides	rnhA	btbA	2378	False
LCG	Rhizopus_arrhizus_Fischer_NRRL_1527	Rhizopus arrhizus Fischer NRRL 1527	Rhizopus arrhizus Fischer NRRL 1527					called	1	LCG__Rhizopus_arrhizus_Fischer_NRRL_1527__L0	Plus	high	mat_locus	strict	315.394276	scaffold_50	79167	92311	sexP,rnhA,glrA,btbA	sexP	polished_agree	85159	86097	+	98.4	313	both_sides	btbA	rnhA	2507	False
LCG	Rhizopus_arrhizus_IMI16641	Rhizopus arrhizus IMI16641	Rhizopus arrhizus IMI16641					called	1	LCG__Rhizopus_arrhizus_IMI16641__L0	Minus	high	mat_locus	strict	160.474716	scaffold_371	14122	28782	tptA,sexM,rnhA,glrA,btbA	sexM	polished_agree	22032	22595	+	96.81	188	both_sides	tptA	rnhA	1494	False
LCG	Rhizopus_arrhizus_IMI195599	Rhizopus arrhizus IMI195599	Rhizopus arrhizus IMI195599					called	1	LCG__Rhizopus_arrhizus_IMI195599__L0	Minus	high	mat_locus	strict	159.634933	scaffold_603	1932	16483	tptA,sexM,rnhA,glrA,btbA	sexM	polished_agree	8022	8585	-	96.28	188	both_sides	rnhA	tptA	1492	False
LCG	Rhizopus_arrhizus_IMI199624	Rhizopus arrhizus IMI199624	Rhizopus arrhizus IMI199624					called	1	LCG__Rhizopus_arrhizus_IMI199624__L0	Minus	high	mat_locus	strict	166.200447	scaffold_604	2014	16673	tptA,sexM,rnhA,glrA,btbA	sexM	polished_agree	8077	8640	-	100.0	188	both_sides	rnhA	tptA	1500	False
LCG	Rhizopus_arrhizus_IMI266680	Rhizopus arrhizus IMI266680	Rhizopus arrhizus IMI266680					called	1	LCG__Rhizopus_arrhizus_IMI266680__L0	Minus	high	mat_locus	strict	144.684982	scaffold_377	10969	25508	tptA,sexM,rnhA,glrA,btbA	sexM	polished_agree	18830	19393	+	82.45	188	both_sides	tptA	rnhA	1527	False
LCG	Rhizopus_arrhizus_IMI53173	Rhizopus arrhizus IMI53173	Rhizopus arrhizus IMI53173					called	1	LCG__Rhizopus_arrhizus_IMI53173__L0	Plus	high	mat_locus	strict	317.857903	scaffold_810	1365	8380	sexP,rnhA,glrA	sexP	polished_agree	1365	2303	+	96.81	313	flank_one_side				False
LCG	Rhizopus_arrhizus_NBRC_4735	Rhizopus arrhizus NBRC 4735	Rhizopus arrhizus NBRC 4735					called	1	LCG__Rhizopus_arrhizus_NBRC_4735__L0	Minus	high	mat_locus	strict	159.634933	scaffold_620	1950	16501	tptA,sexM,rnhA,glrA,btbA	sexM	polished_agree	8040	8603	-	96.28	188	both_sides	rnhA	tptA	1492	False
LCG	Rhizopus_arrhizus_NBRC_4770	Rhizopus arrhizus NBRC 4770	Rhizopus arrhizus NBRC 4770					called	1	LCG__Rhizopus_arrhizus_NBRC_4770__L0	Minus	high	mat_locus	strict	159.634933	scaffold_386	1907	16458	tptA,sexM,rnhA,glrA,btbA	sexM	polished_agree	7997	8560	-	96.28	188	both_sides	rnhA	tptA	1492	False
LCG	Rhizopus_arrhizus_NBRC_5318	Rhizopus arrhizus NBRC 5318	Rhizopus arrhizus NBRC 5318					called	1	LCG__Rhizopus_arrhizus_NBRC_5318__L0	Minus	high	mat_locus	strict	163.614128	scaffold_613	2548	17063	tptA,sexM,rnhA,glrA,btbA	sexM	polished_agree	8621	9184	-	97.87	188	both_sides	rnhA	tptA	1460	False
LCG	Rhizopus_arrhizus_NRRL_13014	Rhizopus arrhizus NRRL 13014	Rhizopus arrhizus NRRL 13014					called	1	LCG__Rhizopus_arrhizus_NRRL_13014__L0	Minus	high	mat_locus	strict	166.200447	scaffold_357	8413	22975	tptA,sexM,rnhA,glrA,btbA	sexM	polished_agree	16341	16904	+	100.0	188	both_sides	tptA	rnhA	1509	False
LCG	Rhizopus_arrhizus_NRRL_1470	Rhizopus arrhizus NRRL 1470	Rhizopus arrhizus NRRL 1470			unconfirmed: Circinella umbellata	exclude from species-level scoring	called	1	LCG__Rhizopus_arrhizus_NRRL_1470__L0	Minus	medium	partial_locus	relaxed	99.609737	scaffold_414	26241	33635	sexM,rnhA	sexM	polished_agree	26241	26798	+	61.62	186	flank_one_side				False
LCG	Rhizopus_arrhizus_NRRL_2004	Rhizopus arrhizus NRRL 2004	Rhizopus arrhizus NRRL 2004					called	1	LCG__Rhizopus_arrhizus_NRRL_2004__L0	Plus	high	mat_locus	strict	317.356895	scaffold_248	22392	38073	tptA,sexP,sexM,rnhA,glrA,btbA	sexP	polished_agree	31054	31992	+	96.49	313	both_sides	btbA	rnhA	2796	False
LCG	Rhizopus_arrhizus_NRRL_2286	Rhizopus arrhizus NRRL 2286	Rhizopus arrhizus NRRL 2286					called	1	LCG__Rhizopus_arrhizus_NRRL_2286__L0	Plus	high	mat_locus	strict	318.206482	scaffold_517	3288	18809	tptA,sexP,sexM,rnhA,glrA,btbA	sexP	polished_agree	9368	10306	-	98.4	313	both_sides	rnhA	btbA	2371	False
LCG	Rhizopus_arrhizus_NRRL_2582	Rhizopus arrhizus NRRL 2582	Rhizopus arrhizus NRRL 2582					called	1	LCG__Rhizopus_arrhizus_NRRL_2582__L0	Minus	high	mat_locus	strict	159.727058	scaffold_523	9061	23625	tptA,sexM,rnhA,glrA,btbA	sexM	polished_agree	15149	15712	-	96.81	188	both_sides	rnhA	tptA	1509	False
LCG	Rhizopus_arrhizus_NRRL_5896	Rhizopus arrhizus NRRL 5896	Rhizopus arrhizus NRRL 5896					called	1	LCG__Rhizopus_arrhizus_NRRL_5896__L0	Plus	high	mat_locus	strict	315.229149	scaffold_358	11036	26501	tptA,sexP,sexM,rnhA,glrA,btbA	sexP	polished_agree	17232	18170	-	93.29	313	both_sides	rnhA	btbA	2620	False
LCG	Rhizopus_arrhizus_NRRL_5899	Rhizopus arrhizus NRRL 5899	Rhizopus arrhizus NRRL 5899					called	1	LCG__Rhizopus_arrhizus_NRRL_5899__L0	Minus	high	mat_locus	strict	159.727058	scaffold_473	9077	23638	tptA,sexM,rnhA,glrA,btbA	sexM	polished_agree	15163	15726	-	96.81	188	both_sides	rnhA	tptA	1505	False
LCG	Rhizopus_arrhizus_NRRL_66519	Rhizopus arrhizus NRRL 66519	Rhizopus arrhizus NRRL 66519					called	1	LCG__Rhizopus_arrhizus_NRRL_66519__L0	Plus	high	mat_locus	strict	317.356895	scaffold_308	22241	37919	tptA,sexP,sexM,rnhA,glrA,btbA	sexP	polished_agree	30903	31841	+	96.49	313	both_sides	btbA	rnhA	2793	False
LCG	Rhizopus_arrhizus_NRRL_66564	Rhizopus arrhizus NRRL 66564	Rhizopus arrhizus NRRL 66564					called	1	LCG__Rhizopus_arrhizus_NRRL_66564__L0	Minus	high	mat_locus	strict	129.725594	scaffold_187	24359	32999	sexM,rnhA,glrA	sexM	polished_agree	24359	24916	+	95.68	186	flank_one_side				False
LCG	Rhizopus_arrhizus_NRRL_66565	Rhizopus arrhizus NRRL 66565	Rhizopus arrhizus NRRL 66565					called	1	LCG__Rhizopus_arrhizus_NRRL_66565__L0	Minus	high	mat_locus	strict	159.634933	scaffold_404	14092	28643	tptA,sexM,rnhA,glrA,btbA	sexM	polished_agree	21990	22553	+	96.28	188	both_sides	tptA	rnhA	1492	False
LCG	Rhizopus_arrhizus_NRRL_66568	Rhizopus arrhizus NRRL 66568	Rhizopus arrhizus NRRL 66568					called	1	LCG__Rhizopus_arrhizus_NRRL_66568__L0	Plus	high	mat_locus	strict	315.229149	scaffold_491	1958	17420	tptA,sexP,sexM,rnhA,glrA,btbA	sexP	polished_agree	8151	9089	-	93.29	313	both_sides	rnhA	btbA	2620	False
LCG	Rhizopus_arrhizus_NRRL_66592	Rhizopus arrhizus NRRL 66592	Rhizopus arrhizus NRRL 66592					called	1	LCG__Rhizopus_arrhizus_NRRL_66592__L0	Plus	high	mat_locus	strict	318.206482	scaffold_461	10129	25464	tptA,sexP,sexM,rnhA,glrA,btbA	sexP	polished_agree	18404	19342	+	98.4	313	both_sides	btbA	rnhA	2413	False
LCG	Rhizopus_arrhizus_NRRL_66595	Rhizopus arrhizus NRRL 66595	Rhizopus arrhizus NRRL 66595					called	1	LCG__Rhizopus_arrhizus_NRRL_66595__L0	Plus	high	mat_locus	strict	315.394276	scaffold_534	5165	20416	tptA,sexP,sexM,rnhA,glrA,btbA	sexP	polished_agree	13388	14326	+	98.4	313	both_sides	btbA	rnhA	2387	False
LCG	Rhizopus_arrhizus_NRRL_66596	Rhizopus arrhizus NRRL 66596	Rhizopus arrhizus NRRL 66596					called	1	LCG__Rhizopus_arrhizus_NRRL_66596__L0	Plus	high	mat_locus	strict	315.229149	scaffold_370	10971	26433	tptA,sexP,sexM,rnhA,glrA,btbA	sexP	polished_agree	17164	18102	-	93.29	313	both_sides	rnhA	btbA	2620	False
LCG	Rhizopus_arrhizus_NRRL_A-10276	Rhizopus arrhizus NRRL A-10276	Rhizopus arrhizus NRRL A-10276					called	1	LCG__Rhizopus_arrhizus_NRRL_A-10276__L0	Minus	high	mat_locus	strict	163.087509	scaffold_661	2334	16799	tptA,sexM,rnhA,glrA,btbA	sexM	polished_agree	8414	8974	-	96.26	187	both_sides	rnhA	tptA	1463	False
LCG	Rhizopus_arrhizus_NRRL_A-10365	Rhizopus arrhizus NRRL A-10365	Rhizopus arrhizus NRRL A-10365					called	1	LCG__Rhizopus_arrhizus_NRRL_A-10365__L0	Plus	high	mat_locus	strict	312.161804	scaffold_390	6793	22125	tptA,sexP,sexM,rnhA,glrA,btbA	sexP	polished_agree	15100	16029	+	92.26	310	both_sides	btbA	rnhA	2602	False
LCG	Rhizopus_arrhizus_NRRL_A-10369	Rhizopus arrhizus NRRL A-10369	Rhizopus arrhizus NRRL A-10369					called	1	LCG__Rhizopus_arrhizus_NRRL_A-10369__L0	Minus	high	mat_locus	strict	159.634933	scaffold_439	2554	17105	tptA,sexM,rnhA,glrA,btbA	sexM	polished_agree	10452	11015	+	96.28	188	both_sides	tptA	rnhA	1492	False
LCG	Rhizopus_arrhizus_NRRL_A-11376	Rhizopus arrhizus NRRL A-11376	Rhizopus arrhizus NRRL A-11376					called	2	LCG__Rhizopus_arrhizus_NRRL_A-11376__L0	Plus	high	mat_locus	strict	300.535645	scaffold_860	4675	20434	tptA,sexP,rnhA,glrA,btbA	sexP	polished_agree	13437	14373	+	86.22	303	both_sides	btbA	rnhA	2891	False
LCG	Rhizopus_arrhizus_NRRL_A-11376	Rhizopus arrhizus NRRL A-11376	Rhizopus arrhizus NRRL A-11376					called	2	LCG__Rhizopus_arrhizus_NRRL_A-11376__L1	Plus	high	mat_locus	strict	315.646439	scaffold_499	16918	31357	tptA,sexP,rnhA,glrA,btbA	sexP	polished_agree	25153	26091	+	97.44	313	both_sides	btbA	rnhA	2377	False
LCG	Rhizopus_arrhizus_NRRL_A-12134	Rhizopus arrhizus NRRL A-12134	Rhizopus arrhizus NRRL A-12134					called	1	LCG__Rhizopus_arrhizus_NRRL_A-12134__L0	Plus	high	mat_locus	strict	317.356895	scaffold_542	2037	17707	tptA,sexP,sexM,rnhA,glrA,btbA	sexP	polished_agree	8107	9045	-	96.49	313	both_sides	rnhA	btbA	2785	False
LCG	Rhizopus_arrhizus_NRRL_A-12745	Rhizopus arrhizus NRRL A-12745	Rhizopus arrhizus NRRL A-12745					called	1	LCG__Rhizopus_arrhizus_NRRL_A-12745__L0	Plus	high	mat_locus	strict	315.229149	scaffold_472	1899	17361	tptA,sexP,sexM,rnhA,glrA,btbA	sexP	polished_agree	8092	9030	-	93.29	313	both_sides	rnhA	btbA	2620	False
LCG	Rhizopus_arrhizus_NRRL_A-12998	Rhizopus arrhizus NRRL A-12998	Rhizopus arrhizus NRRL A-12998					called	1	LCG__Rhizopus_arrhizus_NRRL_A-12998__L0	Plus	high	mat_locus	strict	317.356895	scaffold_296	22190	37870	tptA,sexP,sexM,rnhA,glrA,btbA	sexP	polished_agree	30852	31790	+	96.49	313	both_sides	btbA	rnhA	2795	False
LCG	Rhizopus_arrhizus_NRRL_A-13276	Rhizopus arrhizus NRRL A-13276	Rhizopus arrhizus NRRL A-13276					called	1	LCG__Rhizopus_arrhizus_NRRL_A-13276__L0	Plus	high	mat_locus	strict	317.356895	scaffold_578	12060	19193	sexP,rnhA,glrA	sexP	polished_agree	18255	19193	-	96.49	313	flank_one_side				False
LCG	Rhizopus_arrhizus_NRRL_A-13606	Rhizopus arrhizus NRRL A-13606	Rhizopus arrhizus NRRL A-13606					called	1	LCG__Rhizopus_arrhizus_NRRL_A-13606__L0	Plus	high	mat_locus	strict	315.229149	scaffold_373	7042	22507	tptA,sexP,sexM,rnhA,glrA,btbA	sexP	polished_agree	15373	16311	+	93.29	313	both_sides	btbA	rnhA	2620	False
LCG	Rhizopus_arrhizus_NRRL_A-13642	Rhizopus arrhizus NRRL A-13642	Rhizopus arrhizus NRRL A-13642					called	1	LCG__Rhizopus_arrhizus_NRRL_A-13642__L0	Minus	high	mat_locus	strict	159.634933	scaffold_548	2395	16946	tptA,sexM,rnhA,glrA,btbA	sexM	polished_agree	10293	10856	+	96.28	188	both_sides	tptA	rnhA	1492	False
LCG	Rhizopus_arrhizus_NRRL_A-13676	Rhizopus arrhizus NRRL A-13676	Rhizopus arrhizus NRRL A-13676					called	1	LCG__Rhizopus_arrhizus_NRRL_A-13676__L0	Plus	high	mat_locus	strict	312.943481	scaffold_472	6525	21857	tptA,sexP,sexM,rnhA,glrA,btbA	sexP	polished_agree	14832	15761	+	92.58	310	both_sides	btbA	rnhA	2602	False
LCG	Rhizopus_arrhizus_NRRL_A-13678	Rhizopus arrhizus NRRL A-13678	Rhizopus arrhizus NRRL A-13678					called	1	LCG__Rhizopus_arrhizus_NRRL_A-13678__L0	Minus	high	mat_locus	strict	159.634933	scaffold_589	1943	16494	tptA,sexM,rnhA,glrA,btbA	sexM	polished_agree	8033	8596	-	96.28	188	both_sides	rnhA	tptA	1492	False
LCG	Rhizopus_arrhizus_NRRL_A-13738	Rhizopus arrhizus NRRL A-13738	Rhizopus arrhizus NRRL A-13738					called	1	LCG__Rhizopus_arrhizus_NRRL_A-13738__L0	Plus	high	mat_locus	strict	315.229149	scaffold_248	10977	26439	tptA,sexP,sexM,rnhA,glrA,btbA	sexP	polished_agree	17170	18108	-	93.29	313	both_sides	rnhA	btbA	2620	False
LCG	Rhizopus_arrhizus_NRRL_A-13850	Rhizopus arrhizus NRRL A-13850	Rhizopus arrhizus NRRL A-13850					called	1	LCG__Rhizopus_arrhizus_NRRL_A-13850__L0	Plus	high	mat_locus	strict	315.229149	scaffold_180	26089	41551	tptA,sexP,sexM,rnhA,glrA,btbA	sexP	polished_agree	32282	33220	-	93.29	313	both_sides	rnhA	btbA	2620	False
LCG	Rhizopus_arrhizus_NRRL_A-13860	Rhizopus arrhizus NRRL A-13860	Rhizopus arrhizus NRRL A-13860					called	1	LCG__Rhizopus_arrhizus_NRRL_A-13860__L0	Minus	high	mat_locus	strict	166.200447	scaffold_488	7866	22416	tptA,sexM,rnhA,glrA,btbA	sexM	polished_agree	13924	14487	-	100.0	188	both_sides	rnhA	tptA	1500	False
LCG	Rhizopus_arrhizus_NRRL_A-15308	Rhizopus arrhizus NRRL A-15308	Rhizopus arrhizus NRRL A-15308					called	1	LCG__Rhizopus_arrhizus_NRRL_A-15308__L0	Minus	high	mat_locus	strict	166.200447	scaffold_667	1946	16453	tptA,sexM,rnhA,glrA,btbA	sexM	polished_agree	8017	8580	-	100.0	188	both_sides	rnhA	tptA	1509	False
LCG	Rhizopus_arrhizus_NRRL_A-16824	Rhizopus arrhizus NRRL A-16824	Rhizopus arrhizus NRRL A-16824					called	1	LCG__Rhizopus_arrhizus_NRRL_A-16824__L0	Minus	high	mat_locus	strict	166.200447	scaffold_333	1979	15266	tptA,sexM,rnhA,glrA,btbA	sexM	polished_agree	8046	8609	-	100.0	188	both_sides	rnhA	tptA	1500	False
LCG	Rhizopus_arrhizus_NRRL_A-16826	Rhizopus arrhizus NRRL A-16826	Rhizopus arrhizus NRRL A-16826					called	1	LCG__Rhizopus_arrhizus_NRRL_A-16826__L0	Minus	high	mat_locus	strict	166.200447	scaffold_329	19329	33900	tptA,sexM,rnhA,glrA,btbA	sexM	polished_agree	27270	27833	+	100.0	188	both_sides	tptA	rnhA	1500	False
LCG	Rhizopus_arrhizus_NRRL_A-16827	Rhizopus arrhizus NRRL A-16827	Rhizopus arrhizus NRRL A-16827					called	1	LCG__Rhizopus_arrhizus_NRRL_A-16827__L0	Plus	high	mat_locus	strict	317.356895	scaffold_395	9369	25115	tptA,sexP,sexM,rnhA,glrA,btbA	sexP	polished_agree	15515	16453	-	96.49	313	both_sides	rnhA	btbA	2861	False
LCG	Rhizopus_arrhizus_NRRL_A-17011	Rhizopus arrhizus NRRL A-17011	Rhizopus arrhizus NRRL A-17011					called	1	LCG__Rhizopus_arrhizus_NRRL_A-17011__L0	Plus	high	mat_locus	strict	276.289948	scaffold_107	18871	61719	sexP,sexM,rnhA,glrA	sexP	polished_disagree	52691	53596	+	41.72	302	flank_one_side				False
LCG	Rhizopus_arrhizus_NRRL_A-17371	Rhizopus arrhizus NRRL A-17371	Rhizopus arrhizus NRRL A-17371					called	1	LCG__Rhizopus_arrhizus_NRRL_A-17371__L0	Minus	high	mat_locus	strict	159.634933	scaffold_398	1945	16496	tptA,sexM,rnhA,glrA,btbA	sexM	polished_agree	8035	8598	-	96.28	188	both_sides	rnhA	tptA	1492	False
LCG	Rhizopus_arrhizus_NRRL_A-20824	Rhizopus arrhizus NRRL A-20824	Rhizopus arrhizus NRRL A-20824					called	1	LCG__Rhizopus_arrhizus_NRRL_A-20824__L0	Plus	high	mat_locus	strict	318.206482	scaffold_545	4565	19818	tptA,sexP,sexM,rnhA,glrA,btbA	sexP	polished_agree	12798	13736	+	98.4	313	both_sides	btbA	rnhA	2373	False
LCG	Rhizopus_arrhizus_NRRL_A-21477	Rhizopus arrhizus NRRL A-21477	Rhizopus arrhizus NRRL A-21477					called	1	LCG__Rhizopus_arrhizus_NRRL_A-21477__L0	Plus	high	mat_locus	strict	315.229149	scaffold_491	7042	22504	tptA,sexP,sexM,rnhA,glrA,btbA	sexP	polished_agree	15373	16311	+	93.29	313	both_sides	btbA	rnhA	2620	False
LCG	Rhizopus_arrhizus_NRRL_A-21578	Rhizopus arrhizus NRRL A-21578	Rhizopus arrhizus NRRL A-21578					called	1	LCG__Rhizopus_arrhizus_NRRL_A-21578__L0	Plus	high	mat_locus	strict	315.394276	scaffold_542	5549	20824	tptA,sexP,sexM,rnhA,glrA,btbA	sexP	polished_agree	13786	14724	+	98.4	313	both_sides	btbA	rnhA	2397	False
LCG	Rhizopus_arrhizus_NRRL_A-21579	Rhizopus arrhizus NRRL A-21579	Rhizopus arrhizus NRRL A-21579					called	1	LCG__Rhizopus_arrhizus_NRRL_A-21579__L0	Minus	high	mat_locus	strict	145.707726	scaffold_382	3702	18239	tptA,sexM,rnhA,glrA,btbA	sexM	polished_agree	9815	10378	-	82.98	188	both_sides	rnhA	tptA	1526	False
LCG	Rhizopus_arrhizus_NRRL_A-21704	Rhizopus arrhizus NRRL A-21704	Rhizopus arrhizus NRRL A-21704					called	1	LCG__Rhizopus_arrhizus_NRRL_A-21704__L0	Plus	high	mat_locus	strict	316.832886	scaffold_441	10136	25418	tptA,sexP,sexM,rnhA,glrA,btbA	sexP	polished_agree	18401	19339	+	97.76	313	both_sides	btbA	rnhA	2357	False
LCG	Rhizopus_arrhizus_NRRL_A-23526	Rhizopus arrhizus NRRL A-23526	Rhizopus arrhizus NRRL A-23526					called	1	LCG__Rhizopus_arrhizus_NRRL_A-23526__L0	Plus	high	mat_locus	strict	314.182972	scaffold_584	1	14494	tptA,sexP,sexM,rnhA,glrA,btbA	sexP	polished_agree	5326	6264	-	99.36	313	both_sides	rnhA	btbA	2371	False
LCG	Rhizopus_arrhizus_NRRL_A-23527	Rhizopus arrhizus NRRL A-23527	Rhizopus arrhizus NRRL A-23527					called	1	LCG__Rhizopus_arrhizus_NRRL_A-23527__L0	Plus	high	mat_locus	strict	314.182972	scaffold_290	22196	37449	tptA,sexP,sexM,rnhA,glrA,btbA	sexP	polished_agree	30433	31371	+	99.36	313	both_sides	btbA	rnhA	2384	False
LCG	Rhizopus_arrhizus_NRRL_A-25359	Rhizopus arrhizus NRRL A-25359	Rhizopus arrhizus NRRL A-25359					called	1	LCG__Rhizopus_arrhizus_NRRL_A-25359__L0	Minus	high	mat_locus	strict	159.879784	scaffold_476	1856	16410	tptA,sexM,rnhA,glrA,btbA	sexM	polished_agree	9753	10316	+	96.28	188	both_sides	tptA	rnhA	1496	False
LCG	Rhizopus_arrhizus_NRRL_A-26112	Rhizopus arrhizus NRRL A-26112	Rhizopus arrhizus NRRL A-26112					called	1	LCG__Rhizopus_arrhizus_NRRL_A-26112__L0	Minus	high	mat_locus	strict	166.200447	scaffold_593	2384	17023	tptA,sexM,rnhA,glrA,btbA	sexM	polished_agree	10394	10957	+	100.0	188	both_sides	tptA	rnhA	1500	False
LCG	Rhizopus_arrhizus_NRRL_A-26116	Rhizopus arrhizus NRRL A-26116	Rhizopus arrhizus NRRL A-26116					called	1	LCG__Rhizopus_arrhizus_NRRL_A-26116__L0	Plus	high	mat_locus	strict	312.943481	scaffold_457	3091	18423	tptA,sexP,sexM,rnhA,glrA,btbA	sexP	polished_agree	9187	10116	-	92.58	310	both_sides	rnhA	btbA	2602	False
LCG	Rhizopus_arrhizus_NRRL_A-26501	Rhizopus arrhizus NRRL A-26501	Rhizopus arrhizus NRRL A-26501					called	1	LCG__Rhizopus_arrhizus_NRRL_A-26501__L0	Plus	high	mat_locus	strict	315.047108	scaffold_537	1871	17111	tptA,sexP,sexM,rnhA,glrA,btbA	sexP	polished_agree	7943	8881	-	98.72	313	both_sides	rnhA	btbA	2370	False
LCG	Rhizopus_arrhizus_var._arrhizus_NRRL_66674	Rhizopus arrhizus var. arrhizus NRRL 66674	Rhizopus arrhizus var. arrhizus NRRL 66674					called	1	LCG__Rhizopus_arrhizus_var._arrhizus_NRRL_66674__L0	Minus	high	mat_locus	strict	166.200447	scaffold_414	13857	28421	tptA,sexM,rnhA,glrA,btbA	sexM	polished_agree	21787	22350	+	100.0	188	both_sides	tptA	rnhA	1509	False
LCG	Rhizopus_arrhizus_var._delemar_NRRL_5129	Rhizopus arrhizus var. delemar NRRL 5129	Rhizopus arrhizus var. delemar NRRL 5129					called	1	LCG__Rhizopus_arrhizus_var._delemar_NRRL_5129__L0	Minus	high	mat_locus	strict	159.634933	scaffold_573	2615	17166	tptA,sexM,rnhA,glrA,btbA	sexM	polished_agree	10513	11076	+	96.28	188	both_sides	tptA	rnhA	1492	False
LCG	Rhizopus_arrhizus_var._delemar_NRRL_66676	Rhizopus arrhizus var. delemar NRRL 66676	Rhizopus arrhizus var. delemar NRRL 66676					called	1	LCG__Rhizopus_arrhizus_var._delemar_NRRL_66676__L0	Minus	high	mat_locus	strict	159.879784	scaffold_571	3752	18306	tptA,sexM,rnhA,glrA,btbA	sexM	polished_agree	9846	10409	-	96.28	188	both_sides	rnhA	tptA	1496	False
LCG	Rhizopus_arrhizus_XY00429	Rhizopus arrhizus XY00429	Rhizopus arrhizus XY00429					called	1	LCG__Rhizopus_arrhizus_XY00429__L0	Minus	high	mat_locus	strict	159.634933	scaffold_593	1943	16494	tptA,sexM,rnhA,glrA,btbA	sexM	polished_agree	8033	8596	-	96.28	188	both_sides	rnhA	tptA	1492	False
LCG	Rhizopus_arrhizus_XY00507	Rhizopus arrhizus XY00507	Rhizopus arrhizus XY00507					called	1	LCG__Rhizopus_arrhizus_XY00507__L0	Plus	high	mat_locus	strict	315.394276	scaffold_534	5203	20416	tptA,sexP,sexM,rnhA,glrA,btbA	sexP	polished_agree	13416	14354	+	98.4	313	both_sides	btbA	rnhA	2355	False
LCG	Rhizopus_arrhizus_XY01745	Rhizopus arrhizus XY01745	Rhizopus arrhizus XY01745					called	1	LCG__Rhizopus_arrhizus_XY01745__L0	Minus	high	mat_locus	strict	159.634933	scaffold_298	1936	16487	tptA,sexM,rnhA,glrA,btbA	sexM	polished_agree	8026	8589	-	96.28	188	both_sides	rnhA	tptA	1492	False
LCG	Rhizopus_arrhizus_XY01865	Rhizopus arrhizus XY01865	Rhizopus arrhizus XY01865					called	1	LCG__Rhizopus_arrhizus_XY01865__L0	Plus	high	mat_locus	strict	312.943481	scaffold_386	9107	24438	tptA,sexP,sexM,rnhA,glrA,btbA	sexP	polished_agree	15202	16131	-	92.58	310	both_sides	rnhA	btbA	2602	False
LCG	Rhizopus_arrhizus_XY01909	Rhizopus arrhizus XY01909	Rhizopus arrhizus XY01909					called	1	LCG__Rhizopus_arrhizus_XY01909__L0	Plus	high	mat_locus	strict	315.229149	scaffold_148	21012	36474	tptA,sexP,sexM,rnhA,glrA,btbA	sexP	polished_agree	29343	30281	+	93.29	313	both_sides	btbA	rnhA	2620	False
LCG	Rhizopus_arrhizus_XY01921	Rhizopus arrhizus XY01921	Rhizopus arrhizus XY01921					called	1	LCG__Rhizopus_arrhizus_XY01921__L0	Minus	high	mat_locus	strict	166.200447	scaffold_598	2364	16922	tptA,sexM,rnhA,glrA,btbA	sexM	polished_agree	10294	10857	+	100.0	188	both_sides	tptA	rnhA	1500	False
LCG	Rhizopus_arrhizus_XY02848	Rhizopus arrhizus XY02848	Rhizopus arrhizus XY02848					called	1	LCG__Rhizopus_arrhizus_XY02848__L0	Plus	high	mat_locus	strict	312.943481	scaffold_305	3096	18427	tptA,sexP,sexM,rnhA,glrA,btbA	sexP	polished_agree	9191	10120	-	92.58	310	both_sides	rnhA	btbA	2602	False
LCG	Rhizopus_artocarpi_NRRL_1799	Rhizopus artocarpi NRRL 1799	Rhizopus artocarpi NRRL 1799					called	1	LCG__Rhizopus_artocarpi_NRRL_1799__L0	Minus	high	mat_locus	strict	111.395576	scaffold_291	7878	24704	sexM,rnhA,glrA,btbA	sexM	polished_agree	13604	14170	-	50.27	189	both_sides	rnhA	btbA	6818	False
LCG	Rhizopus_azygosporus_NRRL_13165	Rhizopus azygosporus NRRL 13165	Rhizopus azygosporus NRRL 13165					called	2	LCG__Rhizopus_azygosporus_NRRL_13165__L0	Minus	medium	partial_locus	relaxed	138.049965	scaffold_1193	1249	6048	sexM,rnhA	sexM	polished_agree	1249	1803	+	100.0	185	flank_one_side				True
LCG	Rhizopus_azygosporus_NRRL_13165	Rhizopus azygosporus NRRL 13165	Rhizopus azygosporus NRRL 13165					called	2	LCG__Rhizopus_azygosporus_NRRL_13165__L1	Plus	medium	partial_locus	relaxed	276.289948	scaffold_1300	3100	7845	sexP,rnhA	sexP	polished_disagree	3100	4005	+	41.72	302	flank_one_side				True
LCG	Rhizopus_chinensis_NRRL_2906	Rhizopus chinensis NRRL 2906	Rhizopus chinensis NRRL 2906					called	2	LCG__Rhizopus_chinensis_NRRL_2906__L0	Plus	high	mat_locus	strict	243.051399	scaffold_299	7563	16537	sexP,rnhA,glrA	sexP	polished_disagree	15662	16303	-	39.25	214	flank_one_side				True
LCG	Rhizopus_chinensis_NRRL_2906	Rhizopus chinensis NRRL 2906	Rhizopus chinensis NRRL 2906					called	2	LCG__Rhizopus_chinensis_NRRL_2906__L1	Minus	high	mat_locus	strict	128.542229	scaffold_74	1576	20721	sexM,rnhA,glrA	sexM	polished_agree	12109	12666	+	92.43	186	flank_one_side				True
LCG	Rhizopus_chinensis_NRRL_2909	Rhizopus chinensis NRRL 2909	Rhizopus chinensis NRRL 2909					called	1	LCG__Rhizopus_chinensis_NRRL_2909__L0	Plus	high	mat_locus	strict	315.229149	scaffold_218	24855	40319	tptA,sexP,sexM,rnhA,glrA,btbA	sexP	polished_agree	33185	34123	+	93.29	313	both_sides	btbA	rnhA	2619	False
LCG	Rhizopus_chinensis_NRRL_5190	Rhizopus chinensis NRRL 5190	Rhizopus chinensis NRRL 5190					called	1	LCG__Rhizopus_chinensis_NRRL_5190__L0	Plus	high	mat_locus	strict	276.289948	scaffold_35	18151	92684	sexP,sexM,rnhA,glrA,btbA	sexP	polished_disagree	51969	52874	+	41.72	302	flank_one_side				False
LCG	Rhizopus_chinensis_Saito_NRRL_2905	Rhizopus chinensis Saito NRRL 2905	Rhizopus chinensis Saito NRRL 2905					called	1	LCG__Rhizopus_chinensis_Saito_NRRL_2905__L0	Minus	high	mat_locus	strict	128.542229	scaffold_423	921	9536	sexM,rnhA,glrA	sexM	polished_agree	924	1481	+	92.43	186	flank_one_side				False
LCG	Rhizopus_chinensis_Saito_NRRL_3671	Rhizopus chinensis Saito NRRL 3671	Rhizopus chinensis Saito NRRL 3671					called	2	LCG__Rhizopus_chinensis_Saito_NRRL_3671__L0	Plus	medium	partial_locus	relaxed	243.051399	scaffold_862	4114	9275	sexP,rnhA	sexP	polished_disagree	4348	4989	+	39.25	214	flank_one_side				True
LCG	Rhizopus_chinensis_Saito_NRRL_3671	Rhizopus chinensis Saito NRRL 3671	Rhizopus chinensis Saito NRRL 3671					called	2	LCG__Rhizopus_chinensis_Saito_NRRL_3671__L1	Minus	medium	partial_locus	relaxed	128.542229	scaffold_3180	921	4220	sexM,rnhA	sexM	polished_agree	924	1481	+	92.43	186	flank_one_side				True
LCG	Rhizopus_chinensis_var._liquefaciens_NRRL_2870	Rhizopus chinensis var. liquefaciens NRRL 2870	Rhizopus chinensis var. liquefaciens NRRL 2870					called	1	LCG__Rhizopus_chinensis_var._liquefaciens_NRRL_2870__L0	Minus	high	mat_locus	strict	128.542229	scaffold_50	5722	24867	sexM,rnhA,glrA	sexM	polished_agree	16254	16811	+	92.43	186	flank_one_side				False
LCG	Rhizopus_chungkuoensis_NRRL_2873	Rhizopus chungkuoensis NRRL 2873	Rhizopus chungkuoensis NRRL 2873					called	1	LCG__Rhizopus_chungkuoensis_NRRL_2873__L0	Plus	high	mat_locus	strict	315.229149	scaffold_375	10839	26301	tptA,sexP,sexM,rnhA,glrA,btbA	sexP	polished_agree	17032	17970	-	93.29	313	both_sides	rnhA	btbA	2620	False
LCG	Rhizopus_circinans_NRRL_1475	Rhizopus circinans NRRL 1475	Rhizopus circinans NRRL 1475					called	1	LCG__Rhizopus_circinans_NRRL_1475__L0	Plus	high	mat_locus	strict	274.22134	scaffold_309	2441	19998	tptA,sexP,rnhA,glrA,btbA	sexP	polished_disagree	9089	9994	-	54.64	302	both_sides	rnhA	tptA	2803	False
LCG	Rhizopus_circinans_NRRL_2913	Rhizopus lyococcus	Rhizopus circinans NRRL 2913					called	1	LCG__Rhizopus_circinans_NRRL_2913__L0	Minus	high	mat_locus	strict	114.313507	scaffold_351	2352	18023	tptA,sexM,rnhA,glrA,btbA	sexM	polished_disagree	8934	9461	-	56.25	176	both_sides	rnhA	tptA	2170	False
LCG	Rhizopus_circinans_NRRL_2917	Rhizopus circinans NRRL 2917	Rhizopus circinans NRRL 2917					called	1	LCG__Rhizopus_circinans_NRRL_2917__L0	Plus	high	mat_locus	strict	274.22134	scaffold_353	1148	11398	tptA,sexP,rnhA,glrA	sexP	polished_disagree	3847	4752	+	54.64	302	both_sides	tptA	rnhA	2800	False
LCG	Rhizopus_circinans_van_Tieghem_NRRL_13978	Rhizopus circinans van Tieghem NRRL 13978	Rhizopus circinans van Tieghem NRRL 13978					called	1	LCG__Rhizopus_circinans_van_Tieghem_NRRL_13978__L0	Plus	high	mat_locus	strict	274.22134	scaffold_309	1257	18815	tptA,sexP,rnhA,glrA,btbA	sexP	polished_disagree	11261	12166	+	54.64	302	both_sides	tptA	rnhA	2803	False
LCG	Rhizopus_cohnii_NRRL_1517	Rhizopus cohnii NRRL 1517	Rhizopus cohnii NRRL 1517					called	1	LCG__Rhizopus_cohnii_NRRL_1517__L0	Plus	high	mat_locus	strict	317.356895	scaffold_528	5168	20838	tptA,sexP,sexM,rnhA,glrA,btbA	sexP	polished_agree	13830	14768	+	96.49	313	both_sides	btbA	rnhA	2785	False
LCG	Rhizopus_delemar_NRRL_1472	Rhizopus delemar NRRL 1472	Rhizopus delemar NRRL 1472					called	1	LCG__Rhizopus_delemar_NRRL_1472__L0	Plus	high	mat_locus	strict	328.211788	scaffold_586	6855	21770	tptA,sexP,rnhA,algA,glrA	sexP	polished_agree	10215	11192	+	99.39	326	both_sides	tptA	rnhA	1552	False
LCG	Rhizopus_formosaensis_NRRL_2910	Rhizopus formosaensis NRRL 2910	Rhizopus formosaensis NRRL 2910					called	1	LCG__Rhizopus_formosaensis_NRRL_2910__L0	Plus	high	mat_locus	strict	315.229149	scaffold_277	10997	26461	tptA,sexP,sexM,rnhA,glrA,btbA	sexP	polished_agree	17193	18131	-	93.29	313	both_sides	rnhA	btbA	2619	False
LCG	Rhizopus_formosaensis_NRRL_2911	Rhizopus formosaensis NRRL 2911	Rhizopus formosaensis NRRL 2911					called	1	LCG__Rhizopus_formosaensis_NRRL_2911__L0	Plus	high	mat_locus	strict	315.229149	scaffold_194	12710	28174	tptA,sexP,sexM,rnhA,glrA,btbA	sexP	polished_agree	18906	19844	-	93.29	313	both_sides	rnhA	btbA	2619	False
LCG	Rhizopus_formosaensis_NRRL_A-10180	Rhizopus formosaensis NRRL A-10180	Rhizopus formosaensis NRRL A-10180					called	1	LCG__Rhizopus_formosaensis_NRRL_A-10180__L0	Minus	high	mat_locus	strict	159.634933	scaffold_431	2494	17045	tptA,sexM,rnhA,glrA,btbA	sexM	polished_agree	10392	10955	+	96.28	188	both_sides	tptA	rnhA	1492	False
LCG	Rhizopus_hangchao_NRRL_2874	Rhizopus hangchao NRRL 2874	Rhizopus hangchao NRRL 2874					called	1	LCG__Rhizopus_hangchao_NRRL_2874__L0	Plus	high	mat_locus	strict	315.229149	scaffold_465	7042	22504	tptA,sexP,sexM,rnhA,glrA,btbA	sexP	polished_agree	15373	16311	+	93.29	313	both_sides	btbA	rnhA	2620	False
LCG	Rhizopus_hangchao_NRRL_5545	Rhizopus hangchao NRRL 5545	Rhizopus hangchao NRRL 5545					called	1	LCG__Rhizopus_hangchao_NRRL_5545__L0	Minus	high	mat_locus	strict	159.634933	scaffold_429	2614	17165	tptA,sexM,rnhA,glrA,btbA	sexM	polished_agree	10512	11075	+	96.28	188	both_sides	tptA	rnhA	1492	False
LCG	Rhizopus_japonicus_NRRL_1898	Rhizopus japonicus NRRL 1898	Rhizopus japonicus NRRL 1898					called	1	LCG__Rhizopus_japonicus_NRRL_1898__L0	Minus	high	mat_locus	strict	166.200447	scaffold_523	1891	16461	tptA,sexM,rnhA,glrA,btbA	sexM	polished_agree	7962	8525	-	100.0	188	both_sides	rnhA	tptA	1500	False
LCG	Rhizopus_japonicus_NRRL_A-13076	Rhizopus japonicus NRRL A-13076	Rhizopus japonicus NRRL A-13076					called	1	LCG__Rhizopus_japonicus_NRRL_A-13076__L0	Minus	high	mat_locus	strict	159.634933	scaffold_176	10975	25526	tptA,sexM,rnhA,glrA,btbA	sexM	polished_agree	17065	17628	-	96.28	188	both_sides	rnhA	tptA	1492	False
LCG	Rhizopus_liquefaciens_NRRL_1512	Rhizopus liquefaciens NRRL 1512	Rhizopus liquefaciens NRRL 1512					called	1	LCG__Rhizopus_liquefaciens_NRRL_1512__L0	Plus	high	mat_locus	strict	317.356895	scaffold_770	2046	9063	sexP,rnhA,glrA	sexP	polished_agree	8125	9063	-	96.49	313	flank_one_side				False
LCG	Rhizopus_liquefaciens_NRRL_1514	Rhizopus liquefaciens NRRL 1514	Rhizopus liquefaciens NRRL 1514					called	1	LCG__Rhizopus_liquefaciens_NRRL_1514__L0	Minus	high	mat_locus	strict	138.098671	scaffold_270	3564	12183	sexM,rnhA,glrA	sexM	polished_agree	3564	4118	+	97.84	185	flank_one_side				False
LCG	Rhizopus_liquefaciens_NRRL_1703	Rhizopus liquefaciens NRRL 1703	Rhizopus liquefaciens NRRL 1703					called	1	LCG__Rhizopus_liquefaciens_NRRL_1703__L0	Plus	high	mat_locus	strict	300.535645	scaffold_383	8279	24068	tptA,sexP,sexM,rnhA,glrA,btbA	sexP	polished_agree	17039	17975	+	86.22	303	both_sides	btbA	rnhA	2890	False
LCG	Rhizopus_lyococcos_NRRL_1523	Rhizopus lyococcos NRRL 1523	Rhizopus lyococcos NRRL 1523					called	1	LCG__Rhizopus_lyococcos_NRRL_1523__L0	Plus	high	mat_locus	strict	315.394276	scaffold_553	5443	20687	tptA,sexP,sexM,rnhA,glrA,btbA	sexP	polished_agree	13660	14598	+	98.4	313	both_sides	btbA	rnhA	2383	False
LCG	Rhizopus_microsporus_NRRL_13129	Rhizopus microsporus NRRL 13129	Rhizopus microsporus NRRL 13129					called	1	LCG__Rhizopus_microsporus_NRRL_13129__L0	Minus	high	mat_locus	strict	129.725594	scaffold_56	77952	111990	sexM,rnhA,glrA	sexM	polished_agree	103346	103903	+	95.68	186	flank_one_side				False
LCG	Rhizopus_microsporus_NRRL_5546	Rhizopus microsporus NRRL 5546	Rhizopus microsporus NRRL 5546					called	1	LCG__Rhizopus_microsporus_NRRL_5546__L0	Minus	high	mat_locus	strict	138.098671	scaffold_190	9229	44088	sexM,rnhA,glrA	sexM	polished_agree	17293	17847	-	97.84	185	flank_one_side				False
LCG	Rhizopus_microsporus_NRRL_5547	Rhizopus microsporus NRRL 5547	Rhizopus microsporus NRRL 5547					called	1	LCG__Rhizopus_microsporus_NRRL_5547__L0	Plus	high	mat_locus	strict	276.932175	scaffold_229	19617	28628	sexP,rnhA,glrA	sexP	polished_disagree	19617	20522	+	41.06	302	flank_one_side				False
LCG	Rhizopus_microsporus_NRRL_5548	Rhizopus microsporus NRRL 5548	Rhizopus microsporus NRRL 5548					called	1	LCG__Rhizopus_microsporus_NRRL_5548__L0	Minus	high	mat_locus	strict	138.098671	scaffold_261	3616	12229	sexM,rnhA,glrA	sexM	polished_agree	3616	4170	+	97.84	185	flank_one_side				False
LCG	Rhizopus_microsporus_NRRL_5550	Rhizopus microsporus NRRL 5550	Rhizopus microsporus NRRL 5550					called	1	LCG__Rhizopus_microsporus_NRRL_5550__L0	Minus	high	mat_locus	strict	138.098671	scaffold_250	3616	12229	sexM,rnhA,glrA	sexM	polished_agree	3616	4170	+	97.84	185	flank_one_side				False
LCG	Rhizopus_microsporus_NRRL_5551	Rhizopus microsporus NRRL 5551	Rhizopus microsporus NRRL 5551					called	1	LCG__Rhizopus_microsporus_NRRL_5551__L0	Plus	high	mat_locus	strict	277.050426	scaffold_180	8909	17929	sexP,rnhA,glrA	sexP	polished_disagree	17024	17929	-	41.06	302	flank_one_side				False
LCG	Rhizopus_microsporus_NRRL_5552	Rhizopus microsporus NRRL 5552	Rhizopus microsporus NRRL 5552					called	1	LCG__Rhizopus_microsporus_NRRL_5552__L0	Minus	high	mat_locus	strict	138.098671	scaffold_306	8886	17504	sexM,rnhA,glrA	sexM	polished_agree	16950	17504	-	97.84	185	flank_one_side				False
LCG	Rhizopus_microsporus_NRRL_5553	Rhizopus microsporus NRRL 5553	Rhizopus microsporus NRRL 5553					called	1	LCG__Rhizopus_microsporus_NRRL_5553__L0	Plus	high	mat_locus	strict	267.966537	scaffold_356	10101	19174	sexP,rnhA,glrA	sexP	polished_agree	18269	19174	-	43.05	302	flank_one_side				False
LCG	Rhizopus_microsporus_NRRL_5554	Rhizopus microsporus NRRL 5554	Rhizopus microsporus NRRL 5554					called	1	LCG__Rhizopus_microsporus_NRRL_5554__L0	Plus	high	mat_locus	strict	300.535645	scaffold_416	8968	24751	tptA,sexP,sexM,rnhA,glrA,btbA	sexP	polished_agree	17722	18658	+	86.22	303	both_sides	btbA	rnhA	2884	False
LCG	Rhizopus_microsporus_NRRL_5558	Rhizopus microsporus NRRL 5558	Rhizopus microsporus NRRL 5558					called	1	LCG__Rhizopus_microsporus_NRRL_5558__L0	Plus	high	mat_locus	strict	276.177616	scaffold_271	4085	13098	sexP,rnhA,glrA	sexP	polished_disagree	4085	4990	+	41.06	302	flank_one_side				False
LCG	Rhizopus_microsporus_NRRL_A-17693	Rhizopus microsporus NRRL A-17693	Rhizopus microsporus NRRL A-17693			unconfirmed: Circinella minor	exclude from species-level scoring	called	1	LCG__Rhizopus_microsporus_NRRL_A-17693__L0	Plus	medium	partial_locus	relaxed	133.677626	scaffold_78	105536	113240	sexP,rnhA	sexP	polished_agree	105536	106465	+	91.94	310	flank_one_side				False
LCG	Rhizopus_nigricans_Ehrenberg_NRRL_1477	Rhizopus stolonifer	Rhizopus nigricans Ehrenberg NRRL 1477					called	1	LCG__Rhizopus_nigricans_Ehrenberg_NRRL_1477__L0	Plus	high	mat_locus	strict	292.260227	scaffold_914	2962	9636	sexP,rnhA,glrA	sexP	polished_disagree	8728	9636	-	54.13	303	flank_one_side				False
LCG	Rhizopus_nigricans_NRRL_3370	Rhizopus nigricans NRRL 3370	Rhizopus nigricans NRRL 3370					called	2	LCG__Rhizopus_nigricans_NRRL_3370__L0	Plus	high	mat_locus	strict	315.229149	scaffold_445	1925	17387	tptA,sexP,rnhA,glrA,btbA	sexP	polished_agree	8118	9056	-	93.29	313	both_sides	rnhA	btbA	2620	True
LCG	Rhizopus_nigricans_NRRL_3370	Rhizopus nigricans NRRL 3370	Rhizopus nigricans NRRL 3370					called	2	LCG__Rhizopus_nigricans_NRRL_3370__L1	Minus	high	mat_locus	strict	114.413338	scaffold_1337	1504	11830	tptA,sexM,rnhA,btbA	sexM	polished_agree	9515	10075	+	53.01	187	both_sides	tptA	rnhA	2359	True
LCG	Rhizopus_nigricans_NRRL_3372	Rhizopus nigricans NRRL 3372	Rhizopus nigricans NRRL 3372					called	1	LCG__Rhizopus_nigricans_NRRL_3372__L0	Plus	high	mat_locus	strict	292.260227	scaffold_839	3747	10421	sexP,rnhA,glrA	sexP	polished_disagree	9513	10421	-	54.13	303	flank_one_side				False
LCG	Rhizopus_nodosus_NRRL_1473	Rhizopus nodosus NRRL 1473	Rhizopus nodosus NRRL 1473					called	1	LCG__Rhizopus_nodosus_NRRL_1473__L0	Minus	high	mat_locus	strict	163.800552	scaffold_455	2410	16920	tptA,sexM,rnhA,glrA,btbA	sexM	polished_agree	8483	9046	-	97.34	188	both_sides	rnhA	tptA	1460	False
LCG	Rhizopus_nodosus_NRRL_1474	Rhizopus nodosus NRRL 1474	Rhizopus nodosus NRRL 1474					called	1	LCG__Rhizopus_nodosus_NRRL_1474__L0	Minus	high	mat_locus	strict	159.634933	scaffold_439	11026	25577	tptA,sexM,rnhA,glrA,btbA	sexM	polished_agree	17116	17679	-	96.28	188	both_sides	rnhA	tptA	1492	False
LCG	Rhizopus_oligosporus_NRRL_6495	Rhizopus oligosporus NRRL 6495	Rhizopus oligosporus NRRL 6495					called	1	LCG__Rhizopus_oligosporus_NRRL_6495__L0	Minus	high	mat_locus	strict	116.893883	scaffold_1039	1246	9565	sexM,rnhA,glrA	sexM	polished_agree	1246	1802	+	92.39	38	flank_one_side				False
LCG	Rhizopus_oligosporus_Saito_NRRL_5905	Rhizopus oligosporus Saito NRRL 5905	Rhizopus oligosporus Saito NRRL 5905					called	2	LCG__Rhizopus_oligosporus_Saito_NRRL_5905__L0	Plus	high	mat_locus	strict	277.071838	scaffold_192	4395	13413	sexP,rnhA,glrA	sexP	polished_disagree	4395	5300	+	41.72	302	flank_one_side				True
LCG	Rhizopus_oligosporus_Saito_NRRL_5905	Rhizopus oligosporus Saito NRRL 5905	Rhizopus oligosporus Saito NRRL 5905					called	2	LCG__Rhizopus_oligosporus_Saito_NRRL_5905__L1	Minus	high	mat_locus	strict	116.893883	scaffold_722	3367	11976	sexM,rnhA,glrA	sexM	polished_agree	11420	11976	-	92.39	38	flank_one_side				True
LCG	Rhizopus_oligosporus_Saito_NRRL_A-26117	Rhizopus oligosporus Saito NRRL A-26117	Rhizopus oligosporus Saito NRRL A-26117					called	2	LCG__Rhizopus_oligosporus_Saito_NRRL_A-26117__L0	Plus	high	mat_locus	strict	277.071838	scaffold_752	1	8731	sexP,rnhA,glrA	sexP	polished_disagree	7826	8731	-	41.72	302	flank_one_side				True
LCG	Rhizopus_oligosporus_Saito_NRRL_A-26117	Rhizopus oligosporus Saito NRRL A-26117	Rhizopus oligosporus Saito NRRL A-26117					called	2	LCG__Rhizopus_oligosporus_Saito_NRRL_A-26117__L1	Minus	high	mat_locus	strict	116.893883	scaffold_1286	1	8320	sexM,rnhA,glrA	sexM	polished_agree	7764	8320	-	92.39	38	flank_one_side				True
LCG	Rhizopus_oligosporus_Saito_NRRL_A-26124	Rhizopus oligosporus Saito NRRL A-26124	Rhizopus oligosporus Saito NRRL A-26124					called	1	LCG__Rhizopus_oligosporus_Saito_NRRL_A-26124__L0	Plus	high	mat_locus	strict	277.071838	scaffold_809	4111	12840	sexP,rnhA,glrA	sexP	polished_disagree	4111	5016	+	41.72	302	flank_one_side				False
LCG	Rhizopus_oryzae_NRRL_13098	Rhizopus oryzae NRRL 13098	Rhizopus oryzae NRRL 13098					called	1	LCG__Rhizopus_oryzae_NRRL_13098__L0	Minus	high	mat_locus	strict	159.634933	scaffold_590	2857	17408	tptA,sexM,rnhA,glrA,btbA	sexM	polished_agree	10755	11318	+	96.28	188	both_sides	tptA	rnhA	1492	False
LCG	Rhizopus_oryzae_NRRL_1549	Rhizopus oryzae NRRL 1549	Rhizopus oryzae NRRL 1549					called	1	LCG__Rhizopus_oryzae_NRRL_1549__L0	Minus	high	mat_locus	strict	159.727058	scaffold_468	2810	17370	tptA,sexM,rnhA,glrA,btbA	sexM	polished_agree	10722	11285	+	96.81	188	both_sides	tptA	rnhA	1509	False
LCG	Rhizopus_oryzae_NRRL_1550	Rhizopus oryzae NRRL 1550	Rhizopus oryzae NRRL 1550					called	1	LCG__Rhizopus_oryzae_NRRL_1550__L0	Minus	high	mat_locus	strict	159.727058	scaffold_476	2264	16824	tptA,sexM,rnhA,glrA,btbA	sexM	polished_agree	10176	10739	+	96.81	188	both_sides	tptA	rnhA	1509	False
LCG	Rhizopus_oryzae_NRRL_2625	Rhizopus oryzae NRRL 2625	Rhizopus oryzae NRRL 2625					called	1	LCG__Rhizopus_oryzae_NRRL_2625__L0	Plus	high	mat_locus	strict	315.229149	scaffold_372	7042	22504	tptA,sexP,sexM,rnhA,glrA,btbA	sexP	polished_agree	15373	16311	+	93.29	313	both_sides	btbA	rnhA	2620	False
LCG	Rhizopus_oryzae_NRRL_2871	Rhizopus oryzae NRRL 2871	Rhizopus oryzae NRRL 2871					called	1	LCG__Rhizopus_oryzae_NRRL_2871__L0	Plus	high	mat_locus	strict	315.229149	scaffold_372	7042	22507	tptA,sexP,sexM,rnhA,glrA,btbA	sexP	polished_agree	15373	16311	+	93.29	313	both_sides	btbA	rnhA	2620	False
LCG	Rhizopus_oryzae_NRRL_3133	Rhizopus arrhizus	Rhizopus oryzae NRRL 3133					called	1	LCG__Rhizopus_oryzae_NRRL_3133__L0	Minus	high	mat_locus	strict	166.200447	scaffold_643	2031	16599	tptA,sexM,rnhA,glrA,btbA	sexM	polished_agree	8098	8661	-	100.0	188	both_sides	rnhA	tptA	1500	False
LCG	Rhizopus_oryzae_NRRL_3613	Rhizopus oryzae NRRL 3613	Rhizopus oryzae NRRL 3613					called	1	LCG__Rhizopus_oryzae_NRRL_3613__L0	Plus	high	mat_locus	strict	315.229149	scaffold_254	11027	26489	tptA,sexP,sexM,rnhA,glrA,btbA	sexP	polished_agree	17220	18158	-	93.29	313	both_sides	rnhA	btbA	2620	False
LCG	Rhizopus_oryzae_NRRL_46180	Rhizopus oryzae NRRL 46180	Rhizopus oryzae NRRL 46180					called	1	LCG__Rhizopus_oryzae_NRRL_46180__L0	Plus	high	mat_locus	strict	315.229149	scaffold_374	7042	22504	tptA,sexP,sexM,rnhA,glrA,btbA	sexP	polished_agree	15373	16311	+	93.29	313	both_sides	btbA	rnhA	2620	False
LCG	Rhizopus_oryzae_NRRL_6202	Rhizopus oryzae NRRL 6202	Rhizopus oryzae NRRL 6202					called	1	LCG__Rhizopus_oryzae_NRRL_6202__L0	Minus	high	mat_locus	strict	159.634933	scaffold_300	14146	28697	tptA,sexM,rnhA,glrA,btbA	sexM	polished_agree	22044	22607	+	96.28	188	both_sides	tptA	rnhA	1492	False
LCG	Rhizopus_oryzae_NRRL_62023	Rhizopus oryzae NRRL 62023	Rhizopus oryzae NRRL 62023					called	2	LCG__Rhizopus_oryzae_NRRL_62023__L0	Plus	high	mat_locus	strict	300.535645	scaffold_816	3829	19588	tptA,sexP,rnhA,glrA,btbA	sexP	polished_agree	9890	10826	-	86.22	303	both_sides	rnhA	btbA	2891	False
LCG	Rhizopus_oryzae_NRRL_62023	Rhizopus oryzae NRRL 62023	Rhizopus oryzae NRRL 62023					called	2	LCG__Rhizopus_oryzae_NRRL_62023__L1	Plus	high	mat_locus	strict	315.646439	scaffold_874	3429	18664	tptA,sexP,rnhA,glrA,btbA	sexP	polished_agree	9498	10436	-	97.44	313	both_sides	rnhA	btbA	2377	False
LCG	Rhizopus_oryzae_NRRL_6400	Rhizopus oryzae NRRL 6400	Rhizopus oryzae NRRL 6400					called	1	LCG__Rhizopus_oryzae_NRRL_6400__L0	Plus	high	mat_locus	strict	315.229149	scaffold_236	10186	25650	tptA,sexP,sexM,rnhA,glrA,btbA	sexP	polished_agree	16382	17320	-	93.29	313	both_sides	rnhA	btbA	2619	False
LCG	Rhizopus_oryzae_NRRL_66569	Rhizopus oryzae NRRL 66569	Rhizopus oryzae NRRL 66569					called	1	LCG__Rhizopus_oryzae_NRRL_66569__L0	Minus	high	mat_locus	strict	159.634933	scaffold_578	2614	17165	tptA,sexM,rnhA,glrA,btbA	sexM	polished_agree	10512	11075	+	96.28	188	both_sides	tptA	rnhA	1492	False
LCG	Rhizopus_oryzae_NRRL_66645	Rhizopus oryzae NRRL 66645	Rhizopus oryzae NRRL 66645					called	1	LCG__Rhizopus_oryzae_NRRL_66645__L0	Minus	high	mat_locus	strict	159.634933	scaffold_314	14147	28698	tptA,sexM,rnhA,glrA,btbA	sexM	polished_agree	22045	22608	+	96.28	188	both_sides	tptA	rnhA	1492	False
LCG	Rhizopus_oryzae_NRRL_A-11564	Rhizopus oryzae NRRL A-11564	Rhizopus oryzae NRRL A-11564					called	1	LCG__Rhizopus_oryzae_NRRL_A-11564__L0	Minus	high	mat_locus	strict	159.634933	scaffold_428	11140	25691	tptA,sexM,rnhA,glrA,btbA	sexM	polished_agree	17230	17793	-	96.28	188	both_sides	rnhA	tptA	1492	False
LCG	Rhizopus_oryzae_NRRL_A-12640	Rhizopus oryzae NRRL A-12640	Rhizopus oryzae NRRL A-12640					called	1	LCG__Rhizopus_oryzae_NRRL_A-12640__L0	Plus	high	mat_locus	strict	316.971527	scaffold_532	3462	18698	tptA,sexP,sexM,rnhA,glrA,btbA	sexP	polished_agree	9542	10480	-	98.08	313	both_sides	rnhA	btbA	2357	False
LCG	Rhizopus_oryzae_NRRL_A-12997	Rhizopus oryzae NRRL A-12997	Rhizopus oryzae NRRL A-12997					called	1	LCG__Rhizopus_oryzae_NRRL_A-12997__L0	Minus	high	mat_locus	strict	166.200447	scaffold_885	884	7518	sexM,rnhA,glrA	sexM	polished_agree	884	1447	+	100.0	188	flank_one_side				False
LCG	Rhizopus_oryzae_Went_Prinsen_Geerlings_NRRL_3563	Rhizopus oryzae Went Prinsen Geerlings NRRL 3563	Rhizopus oryzae Went Prinsen Geerlings NRRL 3563					called	1	LCG__Rhizopus_oryzae_Went_Prinsen_Geerlings_NRRL_3563__L0	Plus	high	mat_locus	strict	315.229149	scaffold_257	18940	34402	tptA,sexP,sexM,rnhA,glrA,btbA	sexP	polished_agree	27271	28209	+	93.29	313	both_sides	btbA	rnhA	2620	False
LCG	Rhizopus_peka_NRRL_1522	Rhizopus peka NRRL 1522	Rhizopus peka NRRL 1522					called	1	LCG__Rhizopus_peka_NRRL_1522__L0	Plus	high	mat_locus	strict	317.356895	scaffold_792	1333	8349	sexP,rnhA,glrA	sexP	polished_agree	1333	2271	+	96.49	313	flank_one_side				False
LCG	Rhizopus_pseudochinensis_NRRL_2344	Rhizopus pseudochinensis NRRL 2344	Rhizopus pseudochinensis NRRL 2344					called	1	LCG__Rhizopus_pseudochinensis_NRRL_2344__L0	Plus	medium	partial_locus	relaxed	269.78656	scaffold_2644	3	1410	sexP,rnhA	sexP	polished_agree	505	1410	-	42.38	302	flank_one_side				False
LCG	Rhizopus_reflexus_NRRL_A-16792	Rhizopus reflexus NRRL A-16792	Rhizopus reflexus NRRL A-16792					called	1	LCG__Rhizopus_reflexus_NRRL_A-16792__L0	Minus	high	mat_locus	strict	114.413338	scaffold_520	1514	15796	tptA,sexM,rnhA,glrA,btbA	sexM	polished_agree	9499	10059	+	53.01	187	both_sides	tptA	rnhA	2597	False
LCG	Rhizopus_reflexus_NRRL_A-18059	Rhizopus reflexus NRRL A-18059	Rhizopus reflexus NRRL A-18059					called	1	LCG__Rhizopus_reflexus_NRRL_A-18059__L0	Minus	high	mat_locus	strict	114.413338	scaffold_803	2967	11894	tptA,sexM,rnhA,glrA	sexM	polished_agree	8707	9267	-	53.01	187	both_sides	rnhA	tptA	2597	False
LCG	Rhizopus_rhizopodiformis_Cohn_Zopf_NRRL_6258	Rhizopus rhizopodiformis Cohn Zopf NRRL 6258	Rhizopus rhizopodiformis Cohn Zopf NRRL 6258					called	1	LCG__Rhizopus_rhizopodiformis_Cohn_Zopf_NRRL_6258__L0	Plus	high	mat_locus	strict	276.289948	scaffold_221	1114	21183	sexP,sexM,rnhA,glrA	sexP	polished_disagree	12111	13016	+	41.72	302	flank_one_side				False
LCG	Rhizopus_rhizopodiformis_NRRL_2570	Rhizopus microsporus	Rhizopus rhizopodiformis NRRL 2570					called	1	LCG__Rhizopus_rhizopodiformis_NRRL_2570__L0	Plus	high	mat_locus	strict	276.289948	scaffold_260	1114	21166	sexP,sexM,rnhA,glrA	sexP	polished_disagree	12111	13016	+	41.72	302	flank_one_side				False
LCG	Rhizopus_rhizopodiformis_NRRL_5189	Rhizopus rhizopodiformis NRRL 5189	Rhizopus rhizopodiformis NRRL 5189					called	1	LCG__Rhizopus_rhizopodiformis_NRRL_5189__L0	Plus	high	mat_locus	strict	276.289948	scaffold_161	1114	52936	sexP,sexM,rnhA,glrA,btbA	sexP	polished_disagree	12111	13016	+	41.72	302	flank_one_side				False
LCG	Rhizopus_rhizopodiformis_NRRL_5556	Rhizopus rhizopodiformis NRRL 5556	Rhizopus rhizopodiformis NRRL 5556					called	1	LCG__Rhizopus_rhizopodiformis_NRRL_5556__L0	Plus	high	mat_locus	strict	276.289948	scaffold_93	18150	61155	sexP,sexM,rnhA,glrA	sexP	polished_disagree	51971	52876	+	41.72	302	flank_one_side				False
LCG	Rhizopus_rhizopodiformis_NRRL_6246	Rhizopus rhizopodiformis NRRL 6246	Rhizopus rhizopodiformis NRRL 6246					called	1	LCG__Rhizopus_rhizopodiformis_NRRL_6246__L0	Plus	high	mat_locus	strict	276.289948	scaffold_257	1114	21129	sexP,sexM,rnhA,glrA	sexP	polished_disagree	12111	13016	+	41.72	302	flank_one_side				False
LCG	Rhizopus_rhizopodiformis_NRRL_6259	Rhizopus rhizopodiformis NRRL 6259	Rhizopus rhizopodiformis NRRL 6259					called	1	LCG__Rhizopus_rhizopodiformis_NRRL_6259__L0	Plus	high	mat_locus	strict	276.289948	scaffold_225	1114	21134	sexP,sexM,rnhA,glrA	sexP	polished_disagree	12111	13016	+	41.72	302	flank_one_side				False
LCG	Rhizopus_rhizopodiformis_NRRL_6260	Rhizopus rhizopodiformis NRRL 6260	Rhizopus rhizopodiformis NRRL 6260					called	1	LCG__Rhizopus_rhizopodiformis_NRRL_6260__L0	Plus	high	mat_locus	strict	276.289948	scaffold_157	32066	52090	sexP,sexM,rnhA,glrA	sexP	polished_disagree	40188	41093	-	41.72	302	flank_one_side				False
LCG	Rhizopus_rhizopodiformis_NRRL_6500	Rhizopus rhizopodiformis NRRL 6500	Rhizopus rhizopodiformis NRRL 6500					called	2	LCG__Rhizopus_rhizopodiformis_NRRL_6500__L0	Plus	high	mat_locus	strict	278.308533	scaffold_812	1	8975	sexP,rnhA,glrA	sexP	polished_disagree	8070	8975	-	41.39	302	flank_one_side				True
LCG	Rhizopus_rhizopodiformis_NRRL_6500	Rhizopus rhizopodiformis NRRL 6500	Rhizopus rhizopodiformis NRRL 6500					called	2	LCG__Rhizopus_rhizopodiformis_NRRL_6500__L1	Minus	high	mat_locus	strict	116.893883	scaffold_1367	1	8320	sexM,rnhA,glrA	sexM	polished_agree	7764	8320	-	92.39	38	flank_one_side				True
LCG	Rhizopus_rhizopodiformis_NRRL_6501	Rhizopus rhizopodiformis NRRL 6501	Rhizopus rhizopodiformis NRRL 6501					called	1	LCG__Rhizopus_rhizopodiformis_NRRL_6501__L0	Plus	high	mat_locus	strict	278.308533	scaffold_283	8182	17213	sexP,rnhA,glrA	sexP	polished_disagree	16308	17213	-	41.39	302	flank_one_side				False
LCG	Rhizopus_rhizopodiformis_NRRL_A-16034	Rhizopus rhizopodiformis NRRL A-16034	Rhizopus rhizopodiformis NRRL A-16034					called	1	LCG__Rhizopus_rhizopodiformis_NRRL_A-16034__L0	Plus	high	mat_locus	strict	276.289948	scaffold_65	32165	75012	sexP,sexM,rnhA,glrA	sexP	polished_disagree	40287	41192	-	41.72	302	flank_one_side				False
LCG	Rhizopus_sp._NRRL_1524	Rhizopus sp. NRRL 1524	Rhizopus sp. NRRL 1524					called	1	LCG__Rhizopus_sp._NRRL_1524__L0	Plus	high	mat_locus	strict	317.356895	scaffold_587	10288	17305	sexP,rnhA,glrA	sexP	polished_agree	16367	17305	-	96.49	313	flank_one_side				False
LCG	Rhizopus_sp._NRRL_1530	Rhizopus sp. NRRL 1530	Rhizopus sp. NRRL 1530					called	1	LCG__Rhizopus_sp._NRRL_1530__L0	Plus	high	mat_locus	strict	313.25452	scaffold_568	3273	18675	tptA,sexP,sexM,rnhA,glrA,btbA	sexP	polished_agree	9373	10302	-	93.23	310	both_sides	rnhA	btbA	2603	False
LCG	Rhizopus_sp._NRRL_1539	Rhizopus sp. NRRL 1539	Rhizopus sp. NRRL 1539					called	1	LCG__Rhizopus_sp._NRRL_1539__L0	Minus	high	mat_locus	strict	159.727058	scaffold_301	9062	23626	tptA,sexM,rnhA,glrA,btbA	sexM	polished_agree	15150	15713	-	96.81	188	both_sides	rnhA	tptA	1509	False
LCG	Rhizopus_sp._NRRL_1543	Rhizopus sp. NRRL 1543	Rhizopus sp. NRRL 1543					called	1	LCG__Rhizopus_sp._NRRL_1543__L0	Minus	high	mat_locus	strict	160.206039	scaffold_569	3155	17717	tptA,sexM,rnhA,glrA,btbA	sexM	polished_agree	9239	9802	-	97.34	188	both_sides	rnhA	tptA	1507	False
LCG	Rhizopus_sp._NRRL_1544	Rhizopus sp. NRRL 1544	Rhizopus sp. NRRL 1544					called	1	LCG__Rhizopus_sp._NRRL_1544__L0	Minus	high	mat_locus	strict	159.727058	scaffold_504	2024	16588	tptA,sexM,rnhA,glrA,btbA	sexM	polished_agree	9937	10500	+	96.81	188	both_sides	tptA	rnhA	1509	False
LCG	Rhizopus_sp._NRRL_2934	Rhizopus sp. NRRL 2934	Rhizopus sp. NRRL 2934					called	1	LCG__Rhizopus_sp._NRRL_2934__L0	Minus	high	mat_locus	strict	135.694153	scaffold_75	13698	54522	sexM,rnhA,glrA	sexM	polished_agree	21752	22309	-	92.97	186	flank_one_side				False
LCG	Rhizopus_sp._NRRL_3368	Rhizopus sp. NRRL 3368	Rhizopus sp. NRRL 3368					called	1	LCG__Rhizopus_sp._NRRL_3368__L0	Plus	high	mat_locus	strict	317.356895	scaffold_416	9242	24917	tptA,sexP,sexM,rnhA,glrA,btbA	sexP	polished_agree	15317	16255	-	96.49	313	both_sides	rnhA	btbA	2790	False
LCG	Rhizopus_sp._NRRL_3373	Rhizopus sp. NRRL 3373	Rhizopus sp. NRRL 3373					called	1	LCG__Rhizopus_sp._NRRL_3373__L0	Plus	high	mat_locus	strict	315.229149	scaffold_502	1948	17410	tptA,sexP,sexM,rnhA,glrA,btbA	sexP	polished_agree	8141	9079	-	93.29	313	both_sides	rnhA	btbA	2620	False
LCG	Rhizopus_sp._NRRL_5857	Rhizopus sp. NRRL 5857	Rhizopus sp. NRRL 5857					called	2	LCG__Rhizopus_sp._NRRL_5857__L0	Plus	medium	partial_locus	relaxed	277.071838	scaffold_517	463	5668	sexP,rnhA	sexP	polished_disagree	4763	5668	-	41.72	302	flank_one_side				True
LCG	Rhizopus_sp._NRRL_5857	Rhizopus sp. NRRL 5857	Rhizopus sp. NRRL 5857					called	2	LCG__Rhizopus_sp._NRRL_5857__L1	Minus	medium	partial_locus	relaxed	116.893883	scaffold_2497	3	4344	sexM,rnhA	sexM	polished_agree	3788	4344	-	92.39	38	flank_one_side				True
LCG	Rhizopus_sp._NRRL_A-10162	Rhizopus sp. NRRL A-10162	Rhizopus sp. NRRL A-10162					called	1	LCG__Rhizopus_sp._NRRL_A-10162__L0	Plus	medium	partial_locus	relaxed	243.051399	scaffold_1455	1743	3893	sexP,rnhA	sexP	polished_disagree	1977	2618	+	39.25	214	flank_one_side				False
LCG	Rhizopus_sp._NRRL_A-10958	Rhizopus sp. NRRL A-10958	Rhizopus sp. NRRL A-10958					called	1	LCG__Rhizopus_sp._NRRL_A-10958__L0	Plus	medium	partial_locus	strict	276.289948	scaffold_29	71108	115513	sexP,sexM,rnhA	sexP	polished_disagree	80788	81693	-	41.72	302	flank_one_side				False
LCG	Rhizopus_sp._NRRL_A-11791	Rhizopus sp. NRRL A-11791	Rhizopus sp. NRRL A-11791					called	1	LCG__Rhizopus_sp._NRRL_A-11791__L0	Minus	high	mat_locus	strict	137.028954	scaffold_293	14949	23547	sexM,rnhA,glrA	sexM	polished_agree	22990	23547	-	92.43	186	flank_one_side				False
LCG	Rhizopus_sp._NRRL_A-16766A	Rhizopus sp. NRRL A-16766A	Rhizopus sp. NRRL A-16766A					called	2	LCG__Rhizopus_sp._NRRL_A-16766A__L0	Minus	high	mat_locus	strict	114.413338	scaffold_1136	2894	17173	tptA,sexM,rnhA,glrA,btbA	sexM	polished_agree	8631	9191	-	53.01	187	both_sides	rnhA	tptA	2597	True
LCG	Rhizopus_sp._NRRL_A-16766A	Rhizopus sp. NRRL A-16766A	Rhizopus sp. NRRL A-16766A					called	2	LCG__Rhizopus_sp._NRRL_A-16766A__L1	Plus	high	mat_locus	strict	317.356895	scaffold_837	5686	21424	tptA,sexP,rnhA,glrA,btbA	sexP	polished_agree	14348	15286	+	96.49	313	both_sides	btbA	rnhA	2853	True
LCG	Rhizopus_sp._NRRL_A-17034	Rhizopus sp. NRRL A-17034	Rhizopus sp. NRRL A-17034					called	1	LCG__Rhizopus_sp._NRRL_A-17034__L0	Plus	high	mat_locus	strict	276.289948	scaffold_141	9564	29586	sexP,sexM,rnhA,glrA	sexP	polished_disagree	17684	18589	-	41.72	302	flank_one_side				False
LCG	Rhizopus_sp._NRRL_A-17388	Rhizopus sp. NRRL A-17388	Rhizopus sp. NRRL A-17388					called	1	LCG__Rhizopus_sp._NRRL_A-17388__L0	Minus	high	mat_locus	strict	128.542229	scaffold_60	9108	28252	sexM,rnhA,glrA	sexM	polished_agree	17163	17720	-	92.43	186	flank_one_side				False
LCG	Rhizopus_sp._NRRL_A-17389	Rhizopus sp. NRRL A-17389	Rhizopus sp. NRRL A-17389					called	1	LCG__Rhizopus_sp._NRRL_A-17389__L0	Minus	high	mat_locus	strict	116.893883	scaffold_85	1	18862	sexM,rnhA,glrA	sexM	polished_agree	7764	8320	-	92.39	38	flank_one_side				False
LCG	Rhizopus_sp._NRRL_A-17473	Rhizopus sp. NRRL A-17473	Rhizopus sp. NRRL A-17473					called	2	LCG__Rhizopus_sp._NRRL_A-17473__L0	Plus	high	mat_locus	strict	277.071838	scaffold_876	1	8729	sexP,rnhA,glrA	sexP	polished_disagree	7824	8729	-	41.72	302	flank_one_side				True
LCG	Rhizopus_sp._NRRL_A-17473	Rhizopus sp. NRRL A-17473	Rhizopus sp. NRRL A-17473					called	2	LCG__Rhizopus_sp._NRRL_A-17473__L1	Minus	high	mat_locus	strict	116.893883	scaffold_43	1	18862	sexM,rnhA,glrA	sexM	polished_agree	7764	8320	-	92.39	38	flank_one_side				True
LCG	Rhizopus_sp._NRRL_A-17548	Rhizopus sp. NRRL A-17548	Rhizopus sp. NRRL A-17548					called	1	LCG__Rhizopus_sp._NRRL_A-17548__L0	Minus	high	mat_locus	strict	166.200447	scaffold_568	2044	16602	tptA,sexM,rnhA,glrA,btbA	sexM	polished_agree	8111	8674	-	100.0	188	both_sides	rnhA	tptA	1500	False
LCG	Rhizopus_sp._NRRL_A-18472	Rhizopus sp. NRRL A-18472	Rhizopus sp. NRRL A-18472					called	1	LCG__Rhizopus_sp._NRRL_A-18472__L0	Plus	high	mat_locus	strict	317.356895	scaffold_294	2009	17686	tptA,sexP,sexM,rnhA,glrA,btbA	sexP	polished_agree	8086	9024	-	96.49	313	both_sides	rnhA	btbA	2792	False
LCG	Rhizopus_sp._NRRL_A-18714	Rhizopus sp. NRRL A-18714	Rhizopus sp. NRRL A-18714					called	1	LCG__Rhizopus_sp._NRRL_A-18714__L0	Plus	high	mat_locus	strict	315.229149	scaffold_376	7042	22504	tptA,sexP,sexM,rnhA,glrA,btbA	sexP	polished_agree	15373	16311	+	93.29	313	both_sides	btbA	rnhA	2620	False
LCG	Rhizopus_sp._NRRL_A-21231	Rhizopus sp. NRRL A-21231	Rhizopus sp. NRRL A-21231					called	1	LCG__Rhizopus_sp._NRRL_A-21231__L0	Minus	high	mat_locus	strict	166.200447	scaffold_596	2384	16957	tptA,sexM,rnhA,glrA,btbA	sexM	polished_agree	10328	10891	+	100.0	188	both_sides	tptA	rnhA	1500	False
LCG	Rhizopus_sp._NRRL_A-23913	Rhizopus sp. NRRL A-23913	Rhizopus sp. NRRL A-23913					called	1	LCG__Rhizopus_sp._NRRL_A-23913__L0	Plus	high	mat_locus	strict	315.394276	scaffold_301	10220	23223	sexP,rnhA,glrA,btbA	sexP	polished_agree	16388	17326	-	98.4	313	both_sides	rnhA	btbA	2461	False
LCG	Rhizopus_stolonifer_NRRL_1479	Rhizopus stolonifer NRRL 1479	Rhizopus stolonifer NRRL 1479					called	1	LCG__Rhizopus_stolonifer_NRRL_1479__L0	Plus	high	mat_locus	strict	315.229149	scaffold_249	10902	26364	tptA,sexP,sexM,rnhA,glrA,btbA	sexP	polished_agree	17095	18033	-	93.29	313	both_sides	rnhA	btbA	2620	False
LCG	Rhizopus_stolonifer_NRRL_1480	Rhizopus stolonifer NRRL 1480	Rhizopus stolonifer NRRL 1480					called	1	LCG__Rhizopus_stolonifer_NRRL_1480__L0	Minus	high	mat_locus	strict	158.475227	scaffold_480	9291	23843	tptA,sexM,rnhA,glrA,btbA	sexM	polished_agree	15382	15945	-	95.74	188	both_sides	rnhA	tptA	1494	False
LCG	Rhizopus_stolonifer_NRRL_1483	Rhizopus stolonifer NRRL 1483	Rhizopus stolonifer NRRL 1483					called	1	LCG__Rhizopus_stolonifer_NRRL_1483__L0	Minus	high	mat_locus	strict	159.634933	scaffold_298	14151	28702	tptA,sexM,rnhA,glrA,btbA	sexM	polished_agree	22049	22612	+	96.28	188	both_sides	tptA	rnhA	1492	False
LCG	Rhizopus_stolonifer_NRRL_1519	Rhizopus stolonifer NRRL 1519	Rhizopus stolonifer NRRL 1519					called	1	LCG__Rhizopus_stolonifer_NRRL_1519__L0	Minus	high	mat_locus	strict	114.413338	scaffold_378	4285	18821	tptA,sexM,rnhA,glrA,btbA	sexM	polished_agree	12521	13081	+	53.01	187	both_sides	tptA	rnhA	2597	False
LCG	Rhizopus_stolonifer_NRRL_54333	Rhizopus stolonifer NRRL 54333	Rhizopus stolonifer NRRL 54333					called	1	LCG__Rhizopus_stolonifer_NRRL_54333__L0	Minus	high	mat_locus	strict	114.413338	scaffold_534	379	14811	tptA,sexM,rnhA,glrA,btbA	sexM	polished_agree	8514	9074	+	53.01	187	both_sides	tptA	rnhA	2599	False
LCG	Rhizopus_stolonifer_NRRL_54667	Rhizopus stolonifer NRRL 54667	Rhizopus stolonifer NRRL 54667					called	1	LCG__Rhizopus_stolonifer_NRRL_54667__L0	Plus	high	mat_locus	strict	292.260227	scaffold_883	1908	8582	sexP,rnhA,glrA	sexP	polished_disagree	1908	2816	+	54.13	303	flank_one_side				False
LCG	Rhizopus_stolonifer_NRRL_66454	Rhizopus stolonifer NRRL 66454	Rhizopus stolonifer NRRL 66454					called	1	LCG__Rhizopus_stolonifer_NRRL_66454__L0	Minus	high	mat_locus	strict	114.413338	scaffold_547	316	14609	tptA,sexM,rnhA,glrA,btbA	sexM	polished_agree	6054	6614	-	53.01	187	both_sides	rnhA	tptA	2599	False
LCG	Rhizopus_stolonifer_NRRL_66455	Rhizopus stolonifer NRRL 66455	Rhizopus stolonifer NRRL 66455					called	1	LCG__Rhizopus_stolonifer_NRRL_66455__L0	Minus	high	mat_locus	strict	114.413338	scaffold_426	2965	17350	tptA,sexM,rnhA,glrA,btbA	sexM	polished_agree	8702	9262	-	53.01	187	both_sides	rnhA	tptA	2599	False
LCG	Rhizopus_stolonifer_NRRL_66456	Rhizopus stolonifer NRRL 66456	Rhizopus stolonifer NRRL 66456					called	1	LCG__Rhizopus_stolonifer_NRRL_66456__L0	Plus	high	mat_locus	strict	292.260227	scaffold_962	2976	9651	sexP,rnhA,glrA	sexP	polished_disagree	8743	9651	-	54.13	303	flank_one_side				False
LCG	Rhizopus_stolonifer_NRRL_66457	Rhizopus stolonifer NRRL 66457	Rhizopus stolonifer NRRL 66457					called	1	LCG__Rhizopus_stolonifer_NRRL_66457__L0	Minus	high	mat_locus	strict	114.413338	scaffold_399	2968	17250	tptA,sexM,rnhA,glrA,btbA	sexM	polished_agree	8708	9268	-	53.01	187	both_sides	rnhA	tptA	2597	False
LCG	Rhizopus_stolonifer_NRRL_66458	Rhizopus stolonifer NRRL 66458	Rhizopus stolonifer NRRL 66458					called	1	LCG__Rhizopus_stolonifer_NRRL_66458__L0	Minus	high	mat_locus	strict	114.413338	scaffold_367	3882	18180	tptA,sexM,rnhA,glrA,btbA	sexM	polished_agree	9622	10182	-	53.01	187	both_sides	rnhA	tptA	2597	False
LCG	Rhizopus_stolonifer_NRRL_66459	Rhizopus stolonifer NRRL 66459	Rhizopus stolonifer NRRL 66459					called	1	LCG__Rhizopus_stolonifer_NRRL_66459__L0	Minus	high	mat_locus	strict	114.413338	scaffold_426	3775	18058	tptA,sexM,rnhA,glrA,btbA	sexM	polished_agree	11760	12320	+	53.01	187	both_sides	tptA	rnhA	2597	False
LCG	Rhizopus_stolonifer_NRRL_66460	Rhizopus koreanus	Rhizopus stolonifer NRRL 66460					called	1	LCG__Rhizopus_stolonifer_NRRL_66460__L0	Plus	high	mat_locus	strict	296.252613	scaffold_220	13005	29495	sexP,rnhA,glrA,btbA	sexP	polished_agree	22827	23735	+	53.8	303	both_sides	btbA	rnhA	6481	False
LCG	Rhizopus_thermosus_Yamamoto_NRRL_2862	Rhizopus thermosus Yamamoto NRRL 2862	Rhizopus thermosus Yamamoto NRRL 2862					called	1	LCG__Rhizopus_thermosus_Yamamoto_NRRL_2862__L0	Plus	high	mat_locus	strict	315.229149	scaffold_273	27903	43365	tptA,sexP,sexM,rnhA,glrA,btbA	sexP	polished_agree	36234	37172	+	93.29	313	both_sides	btbA	rnhA	2620	False
LCG	Rhizopus_tritici_NRRL_1476	Rhizopus tritici NRRL 1476	Rhizopus tritici NRRL 1476					called	1	LCG__Rhizopus_tritici_NRRL_1476__L0	Plus	high	mat_locus	strict	315.394276	scaffold_560	2034	17264	tptA,sexP,sexM,rnhA,glrA,btbA	sexP	polished_agree	8110	9048	-	98.4	313	both_sides	rnhA	btbA	2369	False
LCG	Rhizopus_tritici_NRRL_1529	Rhizopus tritici NRRL 1529	Rhizopus tritici NRRL 1529					called	1	LCG__Rhizopus_tritici_NRRL_1529__L0	Minus	high	mat_locus	strict	160.206039	scaffold_489	9089	23651	tptA,sexM,rnhA,glrA,btbA	sexM	polished_agree	15173	15736	-	97.34	188	both_sides	rnhA	tptA	1507	False
LCG	Sporodiniella_umbellata_FLAS-F-62758	Sporodiniella umbellata FLAS-F-62758	Sporodiniella umbellata FLAS-F-62758					uncalled	0																						
LCG	Syncephalastrum_racemosum_CBS_440.59_Plus	Syncephalastrum racemosum CBS 440.59 Plus	Syncephalastrum racemosum CBS 440.59 Plus	Plus				called	1	LCG__Syncephalastrum_racemosum_CBS_440.59_Plus__L0	Plus	high	mat_locus	strict	182.756618	scaffold_46	12661	82479	sexP,rnhA,algA	sexP	polished_agree	77192	78121	+	100.0	310	flank_one_side				False
LCG	Syncephalastrum_racemosum_CBS_441.59-	Syncephalastrum racemosum CBS 441.59-	Syncephalastrum racemosum CBS 441.59-	Minus				called	1	LCG__Syncephalastrum_racemosum_CBS_441.59-__L0	Minus	high	mat_locus	strict	34.309258	scaffold_167	18732	29399	tptA,sexM,rnhA,algA	sexM	polished_single	24350	24622	-	39.56	91	both_sides	rnhA	tptA	2185	False
LCG	Syncephalastrum_racemosum_NRRL_1506	Syncephalastrum racemosum NRRL 1506	Syncephalastrum racemosum NRRL 1506			confirmed: Phycomyces sp.	exclude from species-level scoring	called	1	LCG__Syncephalastrum_racemosum_NRRL_1506__L0	Plus	high	mat_locus	strict	230.68969	scaffold_242	16465	32004	tptA,sexP,rnhA,algA	sexP	polished_agree	25698	26666	+	100.0	297	both_sides	rnhA	tptA	6391	False
LCG	Syncephalastrum_racemosum_NRRL_1623	Syncephalastrum racemosum NRRL 1623	Syncephalastrum racemosum NRRL 1623			confirmed: Pilaira sp.	exclude from species-level scoring	called	1	LCG__Syncephalastrum_racemosum_NRRL_1623__L0	Minus	high	mat_locus	strict	116.061592	scaffold_66	2810	41879	tptA,sexM,rnhA,algA,glrA	sexM	polished_disagree	13718	14134	-	56.83	139	both_sides	rnhA	algA	2968	False
LCG	Syncephalastrum_racemosum_NRRL_2495	Syncephalastrum racemosum NRRL 2495	Syncephalastrum racemosum NRRL 2495					called	1	LCG__Syncephalastrum_racemosum_NRRL_2495__L0	Minus	medium	partial_locus	relaxed	29.232704	scaffold_25	80231	87442	sexM,rnhA	sexM	polished_disagree	80318	80569	+	44.05	84	flank_one_side				False
LCG	Syncephalastrum_sp._NRRL_1485	Syncephalastrum sp. NRRL 1485	Syncephalastrum sp. NRRL 1485			confirmed: Dichotomocladium sp.	exclude from species-level scoring	uncalled	0																						
LCG	Syncephalastrum_sp._NRRL_1487	Syncephalastrum sp. NRRL 1487	Syncephalastrum sp. NRRL 1487					called	1	LCG__Syncephalastrum_sp._NRRL_1487__L0	Minus	medium	partial_locus	relaxed	39.799049	scaffold_6	312047	317015	sexM,rnhA	sexM	polished_agree	316689	316934	-	42.68	82	flank_one_side				False
LCG	Syncephalastrum_sp._NRRL_1505	Syncephalastrum sp. NRRL 1505	Syncephalastrum sp. NRRL 1505					called	1	LCG__Syncephalastrum_sp._NRRL_1505__L0	Minus	medium	partial_locus	relaxed	39.799049	scaffold_8	389650	394618	sexM,rnhA	sexM	polished_agree	394292	394537	-	42.68	82	flank_one_side				False
LCG	Syncephalastrum_sp._NRRL_1507	Syncephalastrum sp. NRRL 1507	Syncephalastrum sp. NRRL 1507					called	1	LCG__Syncephalastrum_sp._NRRL_1507__L0	Minus	medium	partial_locus	relaxed	27.059532	scaffold_33	259211	266430	sexM,rnhA	sexM	polished_disagree	266092	266343	-	44.05	84	flank_one_side				False
LCG	Syncephalastrum_sp._NRRL_A-15186	Syncephalastrum sp. NRRL A-15186	Syncephalastrum sp. NRRL A-15186					called	1	LCG__Syncephalastrum_sp._NRRL_A-15186__L0	Plus	medium	partial_locus	relaxed	162.063187	scaffold_168	3332	8592	sexP,rnhA	sexP	polished_agree	3332	4264	+	72.58	311	flank_one_side				False
LCG	Syncephalastrum_sp._NRRL_A-23572	Syncephalastrum sp. NRRL A-23572	Syncephalastrum sp. NRRL A-23572					called	1	LCG__Syncephalastrum_sp._NRRL_A-23572__L0	Plus	medium	partial_locus	relaxed	162.063187	scaffold_170	41242	46502	sexP,rnhA	sexP	polished_agree	45570	46502	-	72.58	311	flank_one_side				False
LCG	Syncephalastrum_verruculosum_RSA_2127	Syncephalastrum verruculosum RSA 2127	Syncephalastrum verruculosum RSA 2127					called	1	LCG__Syncephalastrum_verruculosum_RSA_2127__L0	Minus	medium	partial_locus	relaxed	40.056885	scaffold_5	277271	282667	sexM,rnhA	sexM	polished_disagree	282269	282514	+	43.9	82	flank_one_side				False
LCG	Syzygites_megalocarpus_SC16	Syzygites megalocarpus SC16	Syzygites megalocarpus SC16					called	1	LCG__Syzygites_megalocarpus_SC16__L0	Plus	high	mat_locus	strict	235.755093	scaffold_211	3	25587	sexP,rnhA,glrA	sexP	polished_agree	24736	25587	+	100.0	284	flank_one_side				False
LCG	Syzygites_sp._MES_3091	Syzygites sp. MES 3091	Syzygites sp. MES 3091					called	2	LCG__Syzygites_sp._MES_3091__L0	Plus	medium	partial_locus	relaxed	235.755093	scaffold_201	1	24259	sexP,glrA	sexP	polished_agree	23408	24259	+	100.0	284	flank_one_side				True
LCG	Syzygites_sp._MES_3091	Syzygites sp. MES 3091	Syzygites sp. MES 3091					called	2	LCG__Syzygites_sp._MES_3091__L1	Minus	medium	partial_locus	relaxed	154.464874	scaffold_132	3	32121	sexM,rnhA,btbA	sexM	polished_agree	3899	4459	-	100.0	187	both_sides	rnhA	btbA	3748	True
LCG	Thamnidium_ctenidium_NRRL_2929	Mucor ctenidius	Thamnidium ctenidium NRRL 2929					called	1	LCG__Thamnidium_ctenidium_NRRL_2929__L0	Minus	high	mat_locus	strict	84.190491	scaffold_181	1077	15838	tptA,sexM,rnhA,algA,glrA	sexM	polished_agree	11313	12083	-	61.45	257	both_sides	rnhA	tptA	1872	False
LCG	Thamnidium_elegans_NRRL_1613	Thamnidium elegans NRRL 1613	Thamnidium elegans NRRL 1613					called	1	LCG__Thamnidium_elegans_NRRL_1613__L0	Plus	high	mat_locus	strict	292.488976	scaffold_112	8513	16779	tptA,sexP,rnhA,algA	sexP	polished_disagree	12813	13736	-	44.89	279	both_sides	rnhA	tptA	1711	False
LCG	Thamnidium_elegans_NRRL_2467	Thamnidium elegans	Thamnidium elegans NRRL 2467			confirmed: Syncephalastrum sp.	hold out of all analyses (species and label scoring): possible sample mixup or contamination; needs investigation	called	1	LCG__Thamnidium_elegans_NRRL_2467__L0	Plus	high	mat_locus	strict	182.756618	scaffold_81	12179	81997	sexP,rnhA,algA	sexP	polished_agree	76710	77639	+	100.0	310	flank_one_side				False
LCG	Thamnidium_elegans_NRRL_2468	Thamnidium elegans NRRL 2468	Thamnidium elegans NRRL 2468					called	1	LCG__Thamnidium_elegans_NRRL_2468__L0	Minus	high	mat_locus	strict	111.259636	scaffold_93	1350	32518	tptA,sexM,rnhA,algA,glrA	sexM	polished_agree	5559	6200	-	60.75	214	both_sides	rnhA	tptA	1509	False
LCG	Thamnostylum_lucknowense_RSA_1015_Plus-T	Thamnostylum lucknowense RSA 1015 Plus-T	Thamnostylum lucknowense RSA 1015 Plus-T	Plus				called	1	LCG__Thamnostylum_lucknowense_RSA_1015_Plus-T__L0	Minus	medium	partial_locus	relaxed	100.755165	scaffold_383	878	8171	sexM,rnhA	sexM	polished_agree	7617	8171	-	77.17	185	flank_one_side				False
LCG	Thamnostylum_lucknowense_RSA_1093-	Thamnostylum lucknowense RSA 1093-	Thamnostylum lucknowense RSA 1093-	Minus				called	1	LCG__Thamnostylum_lucknowense_RSA_1093-__L0	Plus	medium	partial_locus	relaxed	73.755737	scaffold_203	27763	35415	sexP,rnhA	sexP	polished_single	27763	28248	+	34.57	162	flank_one_side				False
LCG	Thamnostylum_nigricans_RSA_1405-	Thamnostylum nigricans RSA 1405-	Thamnostylum nigricans RSA 1405-	Minus				uncalled	0																						
LCG	Thamnostylum_nigricans_RSA_1406	Thamnostylum nigricans RSA 1406	Thamnostylum nigricans RSA 1406					called	1	LCG__Thamnostylum_nigricans_RSA_1406__L0	Minus	medium	partial_locus	relaxed	71.943138	scaffold_270	27694	37678	sexM,rnhA	sexM	polished_disagree	27694	28242	+	57.38	183	flank_one_side				False
LCG	Thamnostylum_piriforme_NRRL_A-21589	Thamnostylum piriforme NRRL A-21589	Thamnostylum piriforme NRRL A-21589					called	1	LCG__Thamnostylum_piriforme_NRRL_A-21589__L0	Minus	medium	partial_locus	relaxed	84.094307	scaffold_25	8548	56632	sexM,glrA	sexM	polished_disagree	8548	9108	-	57.22	187	flank_one_side				False
LCG	Thamnostylum_piriforme_RSA_251	Thamnostylum piriforme RSA 251	Thamnostylum piriforme RSA 251					called	1	LCG__Thamnostylum_piriforme_RSA_251__L0	Minus	medium	partial_locus	relaxed	88.790161	scaffold_693	490	8180	sexM,rnhA	sexM	polished_disagree	490	1050	+	57.22	187	flank_one_side				False
LCG	Thamnostylum_repens_RSA_459_Plus	Thamnostylum repens RSA 459 Plus	Thamnostylum repens RSA 459 Plus	Plus				called	1	LCG__Thamnostylum_repens_RSA_459_Plus__L0	Minus	medium	partial_locus	relaxed	82.923355	scaffold_351	20638	29415	sexM,rnhA	sexM	polished_agree	20638	21204	+	55.56	189	flank_one_side				False
LCG	Thamnostylum_repens_Tieghem_Upadhyay_NRRL_6240	Thamnostylum repens Tieghem Upadhyay NRRL 6240	Thamnostylum repens Tieghem Upadhyay NRRL 6240			unconfirmed: Circinomucor circinelloides	exclude from species-level scoring	called	1	LCG__Thamnostylum_repens_Tieghem_Upadhyay_NRRL_6240__L0	Plus	high	mat_locus	strict	346.614201	scaffold_561	1544	16343	tptA,sexP,rnhA,algA,glrA	sexP	polished_agree	12038	13000	-	76.95	321	both_sides	rnhA	tptA	1693	False
LCG	Umbelopsis_ovata_NRRL_13127T	Umbelopsis ovata NRRL 13127T	Umbelopsis ovata NRRL 13127T					called	1	LCG__Umbelopsis_ovata_NRRL_13127T__L0	Minus	high	mat_locus	strict	33.314629	scaffold_114	18696	23608	tptA,sexM,algA	sexM	polished_single	19504	19698	-	46.15	65	flank_one_side				False
LCG	Zygorhynchus_exponens_NRRL_1492	Mucor exponens	Zygorhynchus exponens NRRL 1492					called	2	LCG__Zygorhynchus_exponens_NRRL_1492__L0	Plus	high	mat_locus	strict	292.51228	scaffold_614	9261	20453	sexP,rnhA,glrA	sexP	polished_disagree	9261	10181	+	38.76	307	flank_one_side				True
LCG	Zygorhynchus_exponens_NRRL_1492	Mucor exponens	Zygorhynchus exponens NRRL 1492					called	2	LCG__Zygorhynchus_exponens_NRRL_1492__L1	Minus	high	mat_locus	strict	35.836109	scaffold_605	2863	8369	tptA,sexM,algA	sexM	polished_single	3175	3531	-	33.9	119	flank_one_side				True
LCG	Zygorhynchus_exponens_var._smithii_NRRL_2572T	Mucor exponens	Zygorhynchus exponens var. smithii NRRL 2572T					called	2	LCG__Zygorhynchus_exponens_var._smithii_NRRL_2572T__L0	Plus	high	mat_locus	strict	291.833515	scaffold_567	9730	20950	sexP,rnhA,glrA	sexP	polished_disagree	9730	10650	+	39.41	307	flank_one_side				True
LCG	Zygorhynchus_exponens_var._smithii_NRRL_2572T	Mucor exponens	Zygorhynchus exponens var. smithii NRRL 2572T					called	2	LCG__Zygorhynchus_exponens_var._smithii_NRRL_2572T__L1	Minus	high	mat_locus	strict	34.40741	scaffold_401	2712	8124	tptA,sexM,algA	sexM	polished_single	3024	3380	-	33.9	119	flank_one_side				True
LCG	Zygorhynchus_heterogamus_Vuillemin_NRRL_1489	Mucor heterogamus	Zygorhynchus heterogamus Vuillemin NRRL 1489					called	1	LCG__Zygorhynchus_heterogamus_Vuillemin_NRRL_1489__L0	Minus	medium	partial_locus	relaxed	69.073792	scaffold_1293	2483	5953	sexM,algA	sexM	polished_disagree	2585	3091	+	34.91	169	flank_one_side				False
LCG	Zygorhynchus_macrocarpus_NRRL_2663	Zygorhynchus macrocarpus NRRL 2663	Zygorhynchus macrocarpus NRRL 2663					called	1	LCG__Zygorhynchus_macrocarpus_NRRL_2663__L0	Minus	medium	mat_locus	strict	78.352798	scaffold_123	11311	20779	sexM,algA,glrA	sexM	polished_disagree	14576	14944	+	44.72	123	both_sides	algA	glrA	6826	False
LCG	Zygorhynchus_moelleri_NRRL_1498	Zygorhynchus moelleri NRRL 1498	Zygorhynchus moelleri NRRL 1498					called	1	LCG__Zygorhynchus_moelleri_NRRL_1498__L0	Plus	high	mat_locus	strict	266.904617	scaffold_428	773	16075	sexP,sexM,rnhA,glrA	sexP	polished_disagree	10106	11047	-	39.1	314	flank_one_side				False
LCG	Zygorhynchus_moelleri_NRRL_1625	Zygorhynchus moelleri NRRL 1625	Zygorhynchus moelleri NRRL 1625					called	1	LCG__Zygorhynchus_moelleri_NRRL_1625__L0	Plus	high	mat_locus	strict	266.904617	scaffold_404	393	15686	sexP,sexM,rnhA,glrA	sexP	polished_disagree	5413	6354	+	39.1	314	flank_one_side				False
LCG	Zygorhynchus_moelleri_NRRL_3138	Mucor moelleri	Zygorhynchus moelleri NRRL 3138					called	1	LCG__Zygorhynchus_moelleri_NRRL_3138__L0	Plus	high	mat_locus	strict	268.318138	scaffold_445	1073	16390	sexP,sexM,rnhA,glrA	sexP	polished_agree	10406	11347	-	39.42	314	flank_one_side				False
LCG	Zygorhynchus_moelleri_Vuillemin_NRRL_1497	Mucor moelleri	Zygorhynchus moelleri Vuillemin NRRL 1497					called	1	LCG__Zygorhynchus_moelleri_Vuillemin_NRRL_1497__L0	Plus	high	mat_locus	strict	266.78273	scaffold_468	809	16165	sexP,sexM,rnhA,glrA	sexP	polished_agree	10143	11084	-	39.42	314	flank_one_side				False
LCG	Zygorhynchus_sp._NRRL_3102	Mucor sp.	Zygorhynchus sp. NRRL 3102					called	1	LCG__Zygorhynchus_sp._NRRL_3102__L0	Plus	high	mat_locus	strict	295.576424	scaffold_58	1378	53825	tptA,sexP,rnhA,algA,glrA	sexP	polished_disagree	32760	33674	+	40.59	305	both_sides	tptA	rnhA	19404	False
JENA	CBS100_09	Actinomucor elegans	Actinomucor_elegans_CBS_100.09					called	1	JENA__CBS100_09__L0	Plus	high	mat_locus	strict	291.062466	scaffold_55	16332	31215	tptA,sexP,rnhA,algA,glrA	sexP	polished_disagree	25980	26840	-	39.37	287	both_sides	rnhA	tptA	2477	False
JENA	CBS110662	Mucor multiplex	Mucor_multiplex_CBS_110662_T					called	1	JENA__CBS110662__L0	Plus	high	mat_locus	strict	303.388824	scaffold_731	11206	15564	tptA,sexP,algA	sexP	polished_disagree	14656	15564	+	40.53	303	flank_one_side				False
JENA	CBS117697	Actinomucor elegans var. kuwaitensis	Actinomucor_elegans_var._kuwaitensis_CBS_117697_T					called	1	JENA__CBS117697__L0	Minus	high	mat_locus	strict	59.844669	scaffold_4	17054	32386	tptA,sexM,rnhA,algA,glrA	sexM	polished_disagree	23541	24116	+	28.8	192	both_sides	tptA	rnhA	3447	False
JENA	CBS122_23	Mucor sp. aff. mucedo	Mucor_sp._aff._mucedo_CBS_122.23					called	1	JENA__CBS122_23__L0	Plus	high	mat_locus	strict	312.882248	scaffold_21	4450	17697	sexP,rnhA,algA,glrA	sexP	polished_disagree	14335	15249	-	41.58	305	both_sides	rnhA	algA	2273	False
JENA	CBS125018	Mucor sp. aff. piriformis	Mucor_sp._aff._piriformis_CBS_125018					called	1	JENA__CBS125018__L0	Plus	high	mat_locus	strict	289.367096	scaffold_727	32	12149	sexP,rnhA,algA,glrA	sexP	polished_disagree	2542	3453	+	41.06	304	both_sides	algA	rnhA	2318	False
JENA	CBS126_70	Mucor flavus	Mucor_flavus_CBS_126.70					called	1	JENA__CBS126_70__L0	Minus	high	mat_locus	strict	118.395691	scaffold_330	89	7046	tptA,sexM,rnhA,algA	sexM	polished_agree	2108	2746	+	59.15	213	both_sides	tptA	rnhA	1468	False
JENA	CBS129_41	Mucor brunneogriseus	Mucor_brunneogriseus_CBS_129.41_T					called	1	JENA__CBS129_41__L0	Minus	high	mat_locus	strict	30.483528	scaffold_97	2453	18104	tptA,sexM,rnhA,algA,glrA	sexM	polished_single	7068	7295	+	36.84	76	both_sides	tptA	rnhA	1830	False
JENA	CBS148_69	Mucor zonatus	Mucor_zonatus_CBS_148.69_T					called	1	JENA__CBS148_69__L0	Minus	high	mat_locus	strict	79.620636	scaffold_43	8455	27800	tptA,sexM,rnhA,algA,glrA	sexM	polished_agree	17897	18490	+	38.78	198	both_sides	tptA	rnhA	1498	False
JENA	CBS156_58	Choanephora infundibulifera	Choanephora_infundibulifera_CBS_156.58					called	1	JENA__CBS156_58__L0	Minus	medium	mat_locus	strict	97.443691	scaffold_213	21829	33965	tptA,sexM,rnhA,algA,glrA	sexM	polished_agree	30625	31248	-	65.87	208	both_sides	rnhA	algA	2158	False
JENA	CBS169_57	Helicostylum elegans	Helicostylum_elegans_CBS_169.57					called	1	JENA__CBS169_57__L0	Plus	high	mat_locus	strict	254.315907	scaffold_34	51542	60815	sexP,rnhA,glrA	sexP	polished_disagree	51542	52246	+	40.43	235	flank_one_side				False
JENA	CBS174_27	Mucor guilliermondii	Mucor_guilliermondii_CBS_174.27_T					called	1	JENA__CBS174_27__L0	Minus	high	mat_locus	strict	67.564285	scaffold_1909	2	4598	tptA,sexM,rnhA	sexM	polished_disagree	1268	1486	+	54.79	73	both_sides	tptA	rnhA	1562	False
JENA	CBS186_87	Backusella variabilis	Backusella_variabilis_CBS_186.87_T_of_B._grandis					uncalled	0																						
JENA	CBS195_77	Sporodiniella umbellata	Sporodiniella_umbellata_CBS_195.77					called	1	JENA__CBS195_77__L0	Minus	medium	partial_locus	relaxed	91.84491	scaffold_43	26702	33847	sexM,rnhA,btbA	sexM	polished_single	31940	32485	+	44.51	182	both_sides	btbA	rnhA	3394	False
JENA	CBS204_28	Mucor microsporus	Mucor_microsporus_CBS_204.28_T_of_M_cylindrosporus					called	1	JENA__CBS204_28__L0	Plus	high	mat_locus	strict	242.178314	scaffold_456	65	14133	tptA,sexP,rnhA,algA,glrA	sexP	polished_agree	8929	9807	-	71.38	293	both_sides	rnhA	tptA	2343	False
JENA	CBS206_69	Mucor sp. nov.	Mucor_sp._nov._CBS_206.69					called	1	JENA__CBS206_69__L0	Minus	low	partial_locus	strict	35.759001	scaffold_332	5792	34480	tptA,sexM,rnhA,algA,glrA	sexM	unpolished	5792	5893	+	38.235	34	flank_one_side				False
JENA	CBS210_71	Mucor flavus	Mucor_flavus_CBS_210.71_T_of_M._peacockensis					called	1	JENA__CBS210_71__L0	Minus	high	mat_locus	strict	101.882843	scaffold_965	1342	7459	tptA,sexM,rnhA	sexM	polished_agree	2528	3157	+	56.46	210	both_sides	tptA	rnhA	1869	False
JENA	CBS210_80	Mucor ardhlaengiktus	Mucor_ardhlaengiktus_CBS_210.80_ET					called	1	JENA__CBS210_80__L0	Minus	high	mat_locus	strict	94.913734	scaffold_72	341	9354	sexM,rnhA,glrA	sexM	polished_disagree	8707	9231	-	36.57	175	flank_one_side				False
JENA	CBS215_27	Mucor megalocarpus	Mucor_megalocarpus_CBS_215.27_ET_of_Z._macrocarpus					called	1	JENA__CBS215_27__L0	Plus	high	mat_locus	strict	301.729645	scaffold_1081	3147	10872	tptA,sexP,rnhA,algA	sexP	polished_disagree	7638	8546	-	40.2	303	both_sides	rnhA	tptA	1686	False
JENA	CBS221_71	Mucor ucrainicus	Mucor_ucrainicus_CBS_221.71					called	1	JENA__CBS221_71__L0	Minus	medium	partial_locus	relaxed	110.398087	scaffold_538	2705	7604	sexM,rnhA	sexM	polished_disagree	6963	7511	-	45.86	90	flank_one_side				False
JENA	CBS223_63	Kirkomyces cordensis	Kirkomyces_cordensis_CBS_223.63_IT					called	1	JENA__CBS223_63__L0	Minus	medium	partial_locus	relaxed	87.833878	scaffold_57	40321	45202	sexM,rnhA	sexM	polished_disagree	40384	40719	+	46.43	112	flank_one_side				False
JENA	CBS230_35	Mucor flavus	Mucor_flavus_CBS_230.35_T_of_M._attenuatus					called	1	JENA__CBS230_35__L0	Minus	high	mat_locus	strict	103.504539	scaffold_1143	1113	7206	tptA,sexM,rnhA	sexM	polished_agree	5412	6053	-	57.94	214	both_sides	rnhA	tptA	1555	False
JENA	CBS234_35	Mucor flavus	Mucor_flavus_CBS_234.35_NT					called	1	JENA__CBS234_35__L0	Minus	high	mat_locus	strict	117.954208	scaffold_328	22	4765	tptA,sexM,rnhA,algA	sexM	polished_agree	934	1572	-	59.15	213	both_sides	rnhA	tptA	1473	False
JENA	CBS236_35	Mucor variicolumellatus	Mucor_variicolumellatus_CBS_236.35_T					called	1	JENA__CBS236_35__L0	Plus	high	mat_locus	strict	317.045422	scaffold_885	7396	13585	tptA,sexP,rnhA,algA	sexP	polished_agree	10832	11809	+	85.89	326	both_sides	tptA	rnhA	1780	False
JENA	CBS251_35	Mucor falcatus	Mucor_falcatus_CBS_251.35_T					called	1	JENA__CBS251_35__L0	Plus	high	mat_locus	strict	247.456749	scaffold_58	60725	68483	sexP,rnhA,glrA	sexP	polished_disagree	67785	68474	-	42.61	230	flank_one_side				False
JENA	CBS251_53	Mucor bacilliformis	Mucor_bacilliformis_CBS_251.53_T					called	1	JENA__CBS251_53__L0	Plus	high	mat_locus	strict	273.250031	scaffold_176	1036	16078	tptA,sexP,rnhA,algA,glrA	sexP	polished_agree	10063	10962	-	40.88	300	both_sides	rnhA	tptA	3392	False
JENA	CBS293_63	Mucor bainieri	Mucor_bainieri_CBS_293.63_IT					called	1	JENA__CBS293_63__L0	Plus	high	mat_locus	strict	329.388691	scaffold_210	13694	28489	tptA,sexP,rnhA,algA,glrA	sexP	polished_agree	17217	18194	+	82.52	326	both_sides	tptA	rnhA	1966	False
JENA	CBS329_73	Utharomyces epallocaulus	Utharomyces_epallocaulus_CBS_329.73					called	1	JENA__CBS329_73__L0	Minus	high	mat_locus	strict	87.022392	scaffold_1641	960	7836	sexM,rnhA,glrA	sexM	polished_disagree	1062	1535	+	44.16	158	flank_one_side				False
JENA	CBS334_71	Mucor sp.	Mucor_sp._CBS_334.71					called	1	JENA__CBS334_71__L0	Plus	high	mat_locus	strict	240.203384	scaffold_50	9185	22590	tptA,sexP,rnhA,algA,glrA	sexP	polished_agree	12339	13259	+	39.54	307	both_sides	tptA	rnhA	1705	False
JENA	CBS336_39	Rhizopus sexualis	Rhizopus_sexualis_CBS_336.39_T					called	1	JENA__CBS336_39__L0	Plus	high	mat_locus	strict	295.594471	scaffold_158	2972	37134	tptA,sexP,rnhA,glrA	sexP	polished_agree	8740	9648	-	55.78	303	flank_one_side				False
JENA	CBS336_62	Rhizopus homothallicus	Rhizopus_homothallicus_CBS_336.62_T					called	2	JENA__CBS336_62__L0	Minus	medium	partial_locus	relaxed	95.411911	scaffold_1604	3	3251	sexM,rnhA	sexM	polished_agree	2700	3233	-	60.0	178	flank_one_side				False
JENA	CBS336_62	Rhizopus homothallicus	Rhizopus_homothallicus_CBS_336.62_T					called	2	JENA__CBS336_62__L1	Minus	medium	partial_locus	relaxed	101.197411	scaffold_4123	1237	4010	sexM,rnhA	sexM	polished_agree	1255	1800	+	61.45	182	flank_one_side				False
JENA	CBS338_71	Mucor sp. aff. pseudolusitanicus	Mucor_sp._aff._pseudolusitanicus_CBS_338.71					called	1	JENA__CBS338_71__L0	Minus	high	mat_locus	strict	95.857365	scaffold_446	7284	22209	tptA,sexM,rnhA,algA,glrA	sexM	polished_agree	11366	12127	+	71.66	254	both_sides	tptA	rnhA	2065	False
JENA	CBS372_39	Syzygites megalocarpus	Syzygites_megalocarpus_CBS_372.39					called	2	JENA__CBS372_39__L0	Plus	medium	partial_locus	relaxed	235.512222	scaffold_532	4005	5556	sexP,rnhA	sexP	polished_agree	4005	4856	+	99.65	284	flank_one_side				True
JENA	CBS372_39	Syzygites megalocarpus	Syzygites_megalocarpus_CBS_372.39					called	2	JENA__CBS372_39__L1	Minus	medium	partial_locus	relaxed	154.464874	scaffold_30	159	6370	sexM,btbA	sexM	polished_agree	159	719	-	100.0	187	flank_one_side				True
JENA	CBS385_95	Mucor endophyticus	Mucor_endophyticus_CBS_385.95_T					called	1	JENA__CBS385_95__L0	Plus	high	mat_locus	strict	261.134094	scaffold_859	1496	9655	tptA,sexP,algA	sexP	polished_disagree	1508	2413	-	38.21	302	flank_one_side				False
JENA	CBS388_35	Mucor abundans	Mucor_abundans_CBS_388.35_NT					called	1	JENA__CBS388_35__L0	Minus	high	mat_locus	strict	29.365852	scaffold_664	935	13361	tptA,sexM,rnhA,algA,glrA	sexM	polished_single	10190	10438	-	38.55	83	both_sides	rnhA	tptA	1416	False
JENA	CBS402_58	Mucor moelleri f. californiensis	Mucor_moelleri_f._californiensis_CBS_402.58_ET					called	1	JENA__CBS402_58__L0	Plus	medium	partial_locus	relaxed	277.984528	scaffold_910	269	5717	sexP,rnhA	sexP	polished_agree	4776	5717	-	39.42	314	flank_one_side				False
JENA	CBS417_77	Mucor parviseptatus	Mucor_parviseptatus_CBS_417.77					called	1	JENA__CBS417_77__L0	Plus	high	mat_locus	strict	346.420933	scaffold_368	31	14355	tptA,sexP,rnhA,algA,glrA	sexP	polished_agree	10050	11012	-	77.26	321	both_sides	rnhA	tptA	1694	False
JENA	CBS421_70	Benjaminiella multispora	Benjaminiella_multispora_CBS_421.70_IT					called	1	JENA__CBS421_70__L0	Minus	high	mat_locus	strict	114.564072	scaffold_3616	35	2668	sexM,rnhA,algA	sexM	polished_disagree	714	1355	+	40.91	155	both_sides	algA	rnhA	1767	False
JENA	CBS427_87	Rhizopus caespitosus	Rhizopus_caespitosus_CBS_427.87_T					called	1	JENA__CBS427_87__L0	Plus	high	mat_locus	strict	239.018456	scaffold_490	8323	17263	sexP,rnhA,glrA	sexP	polished_disagree	8323	9246	+	42.53	308	flank_one_side				False
JENA	CBS526_68	Mucor amethystinus	Mucor_amethystinus_CBS_526.68_T					called	1	JENA__CBS526_68__L0	Minus	high	mat_locus	strict	118.632317	scaffold_680	124	15179	tptA,sexM,rnhA,algA,glrA	sexM	polished_agree	4063	4824	+	78.95	254	both_sides	tptA	rnhA	1755	False
JENA	CBS538_80	Backusella gigaspora	Backusella_gigaspora_CBS_538.80_T					uncalled	0																						
JENA	CBS540_78	Mucor pseudolusitanicus	Mucor_pseudolusitanicus_CBS_540.78_T					called	1	JENA__CBS540_78__L0	Minus	high	mat_locus	strict	93.474041	scaffold_477	7606	24532	tptA,sexP,sexM,rnhA,algA,glrA	sexM	polished_agree	13356	14117	+	74.09	254	both_sides	tptA	rnhA	2680	False
JENA	CBS541_78	Mucor pseudocircinelloides	Mucor_pseudocircinelloides_CBS_541.78_T					called	1	JENA__CBS541_78__L0	Plus	high	mat_locus	strict	311.964348	scaffold_11	537	9209	tptA,sexP,rnhA,algA	sexP	polished_agree	4984	5958	-	77.23	325	both_sides	rnhA	tptA	1516	False
JENA	CBS564_66	Backusella variabilis	Backusella_variabilis_CBS_564.66					uncalled	0																						
JENA	CBS566_91	Mucor gigasporus	Mucor_gigasporus_CBS_566.91_T					called	1	JENA__CBS566_91__L0	Minus	medium	partial_locus	relaxed	46.986572	scaffold_1195	692	3426	sexM,glrA	sexM	polished_single	707	1024	+	47.17	106	flank_one_side				False
JENA	CBS568_70	Backusella oblongielliptica	Backusella_oblongielliptica_CBS_568.70_T					called	1	JENA__CBS568_70__L0	Minus	high	mat_locus	strict	94.270424	scaffold_1180	3934	8179	tptA,sexM,algA	sexM	polished_single	7589	8176	+	38.92	186	flank_one_side				False
JENA	CBS569_70	Backusella oblongispora	Backusella_oblongispora_CBS_569.70_NT					called	1	JENA__CBS569_70__L0	Minus	high	mat_locus	strict	106.579292	scaffold_1636	20	4291	tptA,sexM,algA	sexM	polished_disagree	29	568	-	41.67	180	flank_one_side				False
JENA	CBS576_66	Mucor strictus	Mucor_strictus_CBS_576.66_NT					called	1	JENA__CBS576_66__L0	Plus	high	mat_locus	strict	309.5849	scaffold_353	12664	25233	tptA,sexP,rnhA,algA,glrA	sexP	polished_disagree	15553	16488	+	41.61	312	both_sides	tptA	rnhA	1769	False
JENA	CBS608_78	Mucor sp.	Mucor_sp._CBS_608.78					called	1	JENA__CBS608_78__L0	Minus	high	mat_locus	strict	29.467175	scaffold_404	7649	19743	tptA,sexM,rnhA,glrA	sexM	polished_single	16107	16604	-	32.53	166	both_sides	rnhA	tptA	2456	False
JENA	CBS635_65	Mucor sp. aff. pseudolusitanicus	Mucor_sp._aff._pseudolusitanicus_CBS_635.65					called	1	JENA__CBS635_65__L0	Minus	high	mat_locus	strict	98.33667	scaffold_808	2847	13966	sexM,rnhA,glrA	sexM	polished_agree	13205	13966	-	73.28	254	flank_one_side				False
JENA	CBS638_74	Mucor lanceolatus	Mucor_lanceolatus_CBS_638.74					called	1	JENA__CBS638_74__L0	Plus	high	mat_locus	strict	294.079765	scaffold_2950	1849	5955	tptA,sexP,rnhA	sexP	polished_disagree	3407	4327	+	38.11	307	both_sides	tptA	rnhA	2339	False
JENA	CBS695_68	Pilaira anomala	Pilaira_anomala_CBS_695.68					called	1	JENA__CBS695_68__L0	Plus	medium	partial_locus	relaxed	280.801559	scaffold_6641	61	1729	tptA,sexP	sexP	polished_disagree	76	1014	-	34.41	313	flank_one_side				False
JENA	CBS700_71	Mucor irregularis	Mucor_irregularis_CBS_700.71					called	1	JENA__CBS700_71__L0	Plus	high	mat_locus	strict	230.458618	scaffold_3	2066	38489	tptA,sexP,rnhA,algA,glrA	sexP	polished_agree	13018	13923	-	36.0	302	both_sides	rnhA	tptA	1458	False
JENA	CBS735_70	Mucor nederlandicus	Mucor_nederlandicus_CBS_735.70					called	1	JENA__CBS735_70__L0	Minus	high	mat_locus	strict	109.153397	scaffold_63	28474	38092	sexM,rnhA,glrA	sexM	polished_disagree	28612	29160	+	37.16	183	flank_one_side				False
JENA	CBS762_74	Mucor velutinosus	Mucor_velutinosus_CBS_762.74					called	1	JENA__CBS762_74__L0	Minus	high	mat_locus	strict	104.694817	scaffold_715	1641	10480	tptA,sexM,rnhA,algA	sexM	polished_agree	5883	6644	-	71.66	254	both_sides	rnhA	tptA	1763	False
JENA	CBS763_74	Mucor amphibiorum	Mucor_amphibiorum_CBS_763.74_T					called	1	JENA__CBS763_74__L0	Plus	medium	partial_locus	relaxed	255.32766	scaffold_980	5977	11231	sexP,rnhA	sexP	polished_disagree	5977	6645	+	43.5	223	flank_one_side				False
JENA	CBS816_70	Mucor prayagensis	Mucor_prayagensis_CBS_816.70_T					called	1	JENA__CBS816_70__L0	Plus	high	mat_locus	strict	186.003368	scaffold_289	1275	12496	sexP,rnhA,glrA	sexP	polished_single	11819	12490	-	39.29	224	flank_one_side				False
JENA	CBS893_73	Mucor flavus	Mucor_flavus_CBS_893.73_NT_of_M._sciurinus					called	1	JENA__CBS893_73__L0	Minus	high	mat_locus	strict	108.873436	scaffold_928	1051	7145	tptA,sexM,rnhA	sexM	polished_agree	5350	5991	-	58.41	214	both_sides	rnhA	tptA	1551	False
JENA	CBS962_68	Pirella circinans	Pirella_circinans_CBS_962.68_T					called	1	JENA__CBS962_68__L0	Minus	high	mat_locus	strict	115.398224	scaffold_90	25	7099	tptA,sexM,rnhA,algA	sexM	polished_agree	2212	2850	+	57.75	213	both_sides	tptA	rnhA	1660	False
JENA	CBS974_60	Mucor saturninus	Mucor_saturninus_CBS_974.60					called	1	JENA__CBS974_60__L0	Plus	medium	partial_locus	relaxed	280.801559	scaffold_4884	205	1960	tptA,sexP	sexP	polished_disagree	220	1158	-	34.41	313	flank_one_side				False
JENA	EMLQT1	Mucor koreanus	Mucor_koreanus_EML-QT1					called	1	JENA__EMLQT1__L0	Plus	high	mat_locus	strict	307.398773	scaffold_19	34715	46686	sexP,rnhA,algA,glrA	sexP	polished_disagree	43431	44351	-	41.64	307	both_sides	rnhA	algA	3996	False
JENA	NRZ2022_0058	Mucor sp.	Mucor_sp._NRZ_2022-0058					called	1	JENA__NRZ2022_0058__L0	Plus	high	mat_locus	strict	323.429085	scaffold_304	5604	22481	tptA,sexP,rnhA,algA,glrA	sexP	polished_agree	18158	19135	-	81.6	326	both_sides	rnhA	tptA	3549	False
JENA	OTU100	Mucor sp. aff. microsporus	Mucor_sp._aff._microsporus_OTU100					called	1	JENA__OTU100__L0	Minus	high	mat_locus	strict	56.609135	scaffold_169	9111	28744	tptA,sexM,rnhA,algA,glrA	sexM	polished_single	19909	20178	-	36.67	90	both_sides	rnhA	tptA	6991	False
JENA	URM7218	Mucor circinatus	Mucor_circinatus_URM_7218_T					called	1	JENA__URM7218__L0	Plus	high	mat_locus	strict	181.136673	scaffold_486	4460	8050	tptA,sexP,algA	sexP	polished_disagree	7529	8041	+	43.86	171	flank_one_side				False
JENA	URM7223	Mucor merdicola	Mucor_merdicola_URM_7223_T					called	1	JENA__URM7223__L0	Plus	high	mat_locus	strict	292.590176	scaffold_1367	292	5836	sexP,rnhA,glrA	sexP	polished_disagree	292	1200	+	54.13	303	flank_one_side				False
