genome	family	contig	base_span	cand_span	base_state	cand_state	base_idiomorph	cand_idiomorph	base_confidence	cand_confidence	base_locus_class	cand_locus_class	base_verification	cand_verification	base_clf_input	cand_clf_input	base_margin	cand_margin	margin_delta	base_best_score	cand_best_score	base_genes	cand_genes	model_changes	change_types
GCA_000325505.1_RHIrdgD1.0	Mucoromycota:MAT	ANKS01000730.1	11886-20501	11886-20501	called	called	Minus	Minus	high	high	mat_locus	mat_locus			model	model	143.5	143.5	0.0	216.4	216.4	glrA,rnhA,sexM	glrA,rnhA,sexM		
GCA_000325505.1_RHIrdgD1.0	Mucoromycota:MAT	ANKS01002121.1	34096-42797	34096-42797	withheld:below_fraction_floor	withheld:below_fraction_floor	undetermined	undetermined							model	model	6.7	6.7	0.0	73.2	73.2	sexP	sexP		
GCA_000325505.1_RHIrdgD1.0	Mucoromycota:MAT	ANKS01002565.1	4240-6818	4240-6818	withheld:below_fraction_floor	withheld:below_fraction_floor	Plus	Plus							model	model	231.8	231.8	0.0	292.1	292.1	rnhA,sexP	rnhA,sexP		
GCA_000401635.1_Muco_sp_1006Ph_V1	Mucoromycota:MAT	KE123975.1	61475-76275	61475-76275	called	called	Plus	Plus	high	high	mat_locus	mat_locus			model	model	339.0	339.0	0.0	384.8	384.8	algA,glrA,rnhA,sexP,tptA	algA,glrA,rnhA,sexP,tptA		
GCA_000401635.1_Muco_sp_1006Ph_V1	Mucoromycota:MAT	KE124029.1	42977-49514	42977-49514	withheld:modelled_gene_bar	withheld:modelled_gene_bar	undetermined	undetermined							hsp_fragment	hsp_fragment	1.3	1.3	0.0	34.7	34.7	glrA,sexM,sexP	glrA,sexM,sexP		
GCA_000401635.1_Muco_sp_1006Ph_V1	Mucoromycota:MAT	KE123931.1	115988-119647	115988-119647	withheld:below_fraction_floor	withheld:below_fraction_floor	undetermined	undetermined							model	model	15.8	15.8	0.0	74.5	74.5	rnhA,sexP	rnhA,sexP		
GCA_000401635.1_Muco_sp_1006Ph_V1	Mucoromycota:MAT	KE124031.1	32939-58680	32939-58680	withheld:below_fraction_floor	withheld:below_fraction_floor	undetermined	undetermined							hsp_fragment	hsp_fragment	0.0	0.0	0.0	0.0	0.0	sexM,tptA	sexM,tptA		
GCA_000534915.1_ASM53491v1	Mucoromycota:MAT	BAVE01000001.1	119366-124056	119366-124056	called	called	Plus	Plus	high	high	mat_locus	mat_locus			model	model	78.7	78.7	0.0	119.8	119.8	algA,sexP,tptA	algA,sexP,tptA		
GCA_000534915.1_ASM53491v1	Mucoromycota:MAT	BAVE01000001.1	454878-507569	454878-507569	withheld:modelled_gene_bar	withheld:modelled_gene_bar	undetermined	undetermined														algA,glrA,rnhA	algA,glrA,rnhA		
GCA_000534915.1_ASM53491v1	Mucoromycota:MAT	BAVE01000040.1	44825-92043	44825-92043	withheld:modelled_gene_bar	withheld:modelled_gene_bar	undetermined	undetermined														algA,rnhA,tptA	algA,rnhA,tptA		
GCA_000534915.1_ASM53491v1	Mucoromycota:MAT	BAVE01000030.1	113028-164087	113028-164087	withheld:modelled_gene_bar	withheld:modelled_gene_bar	undetermined	undetermined							hsp_fragment	hsp_fragment	5.5	5.5	0.0	5.5	5.5	glrA,rnhA,sexP	glrA,rnhA,sexP		
GCA_000534915.1_ASM53491v1	Mucoromycota:MAT	BAVE01000012.1	335047-369003	335047-369003	withheld:modelled_gene_bar	withheld:modelled_gene_bar	undetermined	undetermined							hsp_fragment	hsp_fragment	0.0	0.0	0.0	0.0	0.0	rnhA,sexP,tptA	rnhA,sexP,tptA		
GCA_000534915.1_ASM53491v1	Mucoromycota:MAT	BAVE01000005.1	717604-795135	717604-795135	withheld:mat_gene_gate	withheld:mat_gene_gate	undetermined	undetermined							model	model	20.8	20.8	0.0	35.6	35.6	algA,glrA,rnhA,sexM,tptA	algA,glrA,rnhA,sexM,tptA		
GCA_000587855.1_B50	Mucoromycota:MAT	KK076501.1	473260-520603	473260-520603	called	called	Minus	Minus	high	high	mat_locus	mat_locus			model	model	39.8	39.8	0.0	90.1	90.1	algA,glrA,rnhA,sexM,tptA	algA,glrA,rnhA,sexM,tptA		
GCA_000587855.1_B50	Mucoromycota:MAT	KK076440.1	18490-30376	18490-30376	withheld:modelled_gene_bar	withheld:modelled_gene_bar	undetermined	undetermined							model	model	8.9	8.9	0.0	53.7	53.7	rnhA,sexM,sexP	rnhA,sexM,sexP		
GCA_000587855.1_B50	Mucoromycota:MAT	KK076514.1	236483-280371	236483-280371	withheld:below_fraction_floor	withheld:below_fraction_floor	undetermined	undetermined							hsp_fragment	hsp_fragment	0.4	0.4	0.0	0.4	0.4	sexM,tptA	sexM,tptA		
GCA_000611695.1_RhzM_1.0	Mucoromycota:MAT	KK100135.1	145228-172891	145228-172891	withheld:modelled_gene_bar	withheld:modelled_gene_bar	undetermined	undetermined							model	model	17.4	17.4	0.0	70.9	70.9	sexM,sexP,tptA	sexM,sexP,tptA		
GCA_000611695.1_RhzM_1.0	Mucoromycota:MAT	KK100165.1	81475-82681	81475-82681	withheld:modelled_gene_bar	withheld:modelled_gene_bar	undetermined	undetermined							hsp_fragment	hsp_fragment	6.4	6.4	0.0	33.9	33.9	glrA,sexM,sexP	glrA,sexM,sexP		
GCA_000611695.1_RhzM_1.0	Mucoromycota:MAT	KK100152.1	46710-50375	46710-50375	withheld:modelled_gene_bar	withheld:modelled_gene_bar	undetermined	undetermined							hsp_fragment	hsp_fragment	0.0	0.0	0.0	0.0	0.0	btbA,sexM	btbA,sexM		
GCA_000611695.1_RhzM_1.0	Mucoromycota:MAT	KK100152.1	163149-171347	163149-171347	withheld:modelled_gene_bar	withheld:modelled_gene_bar	undetermined	undetermined							model	model	21.3	21.3	0.0	81.0	81.0	algA,sexP	algA,sexP		
GCA_000611695.1_RhzM_1.0	Mucoromycota:MAT	KK099975.1	251070-302039	251070-302039	withheld:modelled_gene_bar+polish_capped	withheld:modelled_gene_bar+polish_capped	undetermined	undetermined							hsp_fragment	hsp_fragment	0.7	0.7	0.0	0.7	0.7	rnhA,sexP	rnhA,sexP		
GCA_000611695.1_RhzM_1.0	Mucoromycota:MAT	KK100206.1	331036-372201	331036-372201	withheld:modelled_gene_bar+polish_capped	withheld:modelled_gene_bar+polish_capped	undetermined	undetermined							hsp_fragment	hsp_fragment	0.0	0.0	0.0	0.0	0.0	glrA,sexM	glrA,sexM		
GCA_000611695.1_RhzM_1.0	Mucoromycota:MAT	KK100157.1	3539-32324	3539-32324	withheld:modelled_gene_bar+polish_capped	withheld:modelled_gene_bar+polish_capped	undetermined	undetermined							hsp_fragment	hsp_fragment	3.4	3.4	0.0	3.4	3.4	sexM,sexP	sexM,sexP		
GCA_000611695.1_RhzM_1.0	Mucoromycota:MAT	KK100179.1	88609-93646	88609-93646	withheld:modelled_gene_bar	withheld:modelled_gene_bar	undetermined	undetermined							hsp_fragment	hsp_fragment	0.8	0.8	0.0	0.8	0.8	glrA,sexM	glrA,sexM		
GCA_000611695.1_RhzM_1.0	Mucoromycota:MAT	KK100182.1	31740-50883	31740-50883	withheld:modelled_gene_bar+polish_capped	withheld:modelled_gene_bar+polish_capped	undetermined	undetermined							hsp_fragment	hsp_fragment	10.8	10.8	0.0	27.2	27.2	glrA,sexP	glrA,sexP		
GCA_000611695.1_RhzM_1.0	Mucoromycota:MAT	KK100202.1	35807-63373	35807-63373	withheld:modelled_gene_bar+polish_capped	withheld:modelled_gene_bar+polish_capped	undetermined	undetermined							hsp_fragment	hsp_fragment	0.0	0.0	0.0	0.0	0.0	glrA,sexP	glrA,sexP		
GCA_000611695.1_RhzM_1.0	Mucoromycota:MAT	KK100202.1	311343-354242	311343-354242	withheld:modelled_gene_bar+polish_capped	withheld:modelled_gene_bar+polish_capped	undetermined	undetermined							hsp_fragment	hsp_fragment	1.5	1.5	0.0	1.9	1.9	sexM,sexP	sexM,sexP		
GCA_000611695.1_RhzM_1.0	Mucoromycota:MAT	KK100125.1	279264-325029	279264-325029	withheld:modelled_gene_bar+polish_capped	withheld:modelled_gene_bar+polish_capped	undetermined	undetermined							hsp_fragment	hsp_fragment	0.0	0.0	0.0	0.0	0.0	sexM,sexP	sexM,sexP		
GCA_000611695.1_RhzM_1.0	Mucoromycota:MAT	KK100066.1	16221-26735	16221-26735	withheld:modelled_gene_bar+polish_capped	withheld:modelled_gene_bar+polish_capped	undetermined	undetermined							hsp_fragment	hsp_fragment	0.5	0.5	0.0	0.5	0.5	btbA,sexP	btbA,sexP		
GCA_000611695.1_RhzM_1.0	Mucoromycota:MAT	KK100017.1	32793-57238	32793-57238	withheld:modelled_gene_bar+polish_capped	withheld:modelled_gene_bar+polish_capped	undetermined	undetermined							hsp_fragment	hsp_fragment	0.0	0.0	0.0	0.0	0.0	rnhA,sexM	rnhA,sexM		
GCA_000611695.1_RhzM_1.0	Mucoromycota:MAT	KK099960.1	151244-204691	151244-204691	withheld:mat_gene_gate	withheld:mat_gene_gate	undetermined	undetermined							model	model	20.8	20.8	0.0	37.6	37.6	algA,btbA,sexM	algA,btbA,sexM		
GCA_000611695.1_RhzM_1.0	Mucoromycota:MAT	KK100152.1	163149-171347	163149-171347	withheld:below_fraction_floor	withheld:below_fraction_floor	undetermined	undetermined							model	model	21.3	21.3	0.0	81.0	81.0	algA,sexP	algA,sexP		
GCA_000611695.1_RhzM_1.0	Mucoromycota:MAT	KK099960.1	151244-204691	151244-204691	withheld:below_fraction_floor	withheld:below_fraction_floor	undetermined	undetermined							model	model	20.8	20.8	0.0	37.6	37.6	algA,btbA,sexM	algA,btbA,sexM		
GCA_000611695.1_RhzM_1.0	Mucoromycota:MAT	KK100179.1	88609-93646	88609-93646	withheld:below_fraction_floor	withheld:below_fraction_floor	undetermined	undetermined							hsp_fragment	hsp_fragment	0.8	0.8	0.0	0.8	0.8	glrA,sexM	glrA,sexM		
GCA_000696895.1_MucVelB5328-1.0	Mucoromycota:MAT	JNDK01002395.1	31770-92235	31770-92235	called	called	Minus	Minus	high	high	mat_locus	mat_locus			model	model	102.9	102.9	0.0	136.4	136.4	algA,glrA,rnhA,sexM,tptA	algA,glrA,rnhA,sexM,tptA		
GCA_000696895.1_MucVelB5328-1.0	Mucoromycota:MAT	JNDK01000951.1	18446-24957	18446-24957	withheld:modelled_gene_bar	withheld:modelled_gene_bar	undetermined	undetermined							hsp_fragment	hsp_fragment	6.0	6.0	0.0	40.2	40.2	glrA,sexM,sexP	glrA,sexM,sexP		
GCA_000696895.1_MucVelB5328-1.0	Mucoromycota:MAT	JNDK01002303.1	89721-101955	89721-101955	withheld:below_fraction_floor	withheld:below_fraction_floor	undetermined	undetermined							model	model	12.0	12.0	0.0	71.9	71.9	glrA,sexP	glrA,sexP		
GCA_000696915.1_RhiOryB7407-1.0	Mucoromycota:MAT	JNDL01002582.1	2948-17487	2948-17487	called	called	Minus	Minus	high	high	mat_locus	mat_locus			model	model	164.9	164.9	0.0	235.2	235.2	btbA,glrA,rnhA,sexM,tptA	btbA,glrA,rnhA,sexM,tptA		
GCA_000696915.1_RhiOryB7407-1.0	Mucoromycota:MAT	JNDL01004484.1	68509-93520	68509-93520	withheld:modelled_gene_bar	withheld:modelled_gene_bar	undetermined	undetermined														algA,glrA,rnhA	algA,glrA,rnhA		
GCA_000696915.1_RhiOryB7407-1.0	Mucoromycota:MAT	JNDL01002544.1	7553-60138	7553-60138	withheld:modelled_gene_bar	withheld:modelled_gene_bar	undetermined	undetermined							hsp_fragment	hsp_fragment	0.0	0.0	0.0	0.0	0.0	sexM,sexP,tptA	sexM,sexP,tptA		
GCA_000696915.1_RhiOryB7407-1.0	Mucoromycota:MAT	JNDL01002227.1	16358-25131	16358-25131	withheld:modelled_gene_bar	withheld:modelled_gene_bar	undetermined	undetermined							hsp_fragment	hsp_fragment	0.0	0.0	0.0	0.0	0.0	sexM,sexP,tptA	sexM,sexP,tptA		
GCA_000696915.1_RhiOryB7407-1.0	Mucoromycota:MAT	JNDL01004533.1	42548-92505	42548-92505	withheld:modelled_gene_bar	withheld:modelled_gene_bar	undetermined	undetermined							hsp_fragment	hsp_fragment	3.2	3.2	0.0	31.9	31.9	algA,sexM,sexP	algA,sexM,sexP		
GCA_000696915.1_RhiOryB7407-1.0	Mucoromycota:MAT	JNDL01004424.1	28568-67896	28568-67896	withheld:below_fraction_floor	withheld:below_fraction_floor	undetermined	undetermined							model	model	23.4	23.4	0.0	39.6	39.6	sexM,sexP	sexM,sexP		
GCA_000696955.1_SynRacB6101-1.0	Mucoromycota:MAT	JNDN01000979.1	785081-854874	785081-854874	called	called	Plus	Plus	high	high	mat_locus	mat_locus			model	model	189.7	189.7	0.0	227.7	227.7	algA,rnhA,sexP	algA,rnhA,sexP		
GCA_000696955.1_SynRacB6101-1.0	Mucoromycota:MAT	JNDN01000995.1	448483-514072	448483-514072	withheld:modelled_gene_bar	withheld:modelled_gene_bar	undetermined	undetermined														algA,glrA,rnhA	algA,glrA,rnhA		
GCA_000696955.1_SynRacB6101-1.0	Mucoromycota:MAT	JNDN01000979.1	472300-563705	472300-563705	withheld:modelled_gene_bar	withheld:modelled_gene_bar	undetermined	undetermined							hsp_fragment	hsp_fragment	8.0	8.0	0.0	36.9	36.9	algA,rnhA,sexM,sexP	algA,rnhA,sexM,sexP		
GCA_000696955.1_SynRacB6101-1.0	Mucoromycota:MAT	JNDN01000971.1	661543-727507	661543-727507	withheld:modelled_gene_bar	withheld:modelled_gene_bar	undetermined	undetermined							hsp_fragment	hsp_fragment	15.3	15.3	0.0	38.1	38.1	glrA,sexP,tptA	glrA,sexP,tptA		
GCA_000696955.1_SynRacB6101-1.0	Mucoromycota:MAT	JNDN01001001.1	570095-634561	570095-634561	withheld:modelled_gene_bar+polish_capped	withheld:modelled_gene_bar+polish_capped	undetermined	undetermined							hsp_fragment	hsp_fragment	18.0	18.0	0.0	31.6	31.6	algA,sexM,sexP	algA,sexM,sexP		
GCA_000696955.1_SynRacB6101-1.0	Mucoromycota:MAT	JNDN01000541.1	416026-474858	416026-474858	withheld:modelled_gene_bar	withheld:modelled_gene_bar	undetermined	undetermined							hsp_fragment	hsp_fragment	1.3	1.3	0.0	1.3	1.3	algA,glrA,rnhA,sexM	algA,glrA,rnhA,sexM		
GCA_000696955.1_SynRacB6101-1.0	Mucoromycota:MAT	JNDN01000995.1	314357-330354	314357-330354	withheld:below_fraction_floor	withheld:below_fraction_floor	Minus	Minus							model	model	34.2	34.2	0.0	100.2	100.2	rnhA,sexM	rnhA,sexM		
GCA_000696955.1_SynRacB6101-1.0	Mucoromycota:MAT	JNDN01000586.1	12295-52012	12295-52012	withheld:below_fraction_floor	withheld:below_fraction_floor	undetermined	undetermined							model	model	10.0	10.0	0.0	71.3	71.3	glrA,sexM	glrA,sexM		
GCA_000697015.1_CunEleB9769-1.0	Mucoromycota:MAT	JNDR01001106.1	117437-127633	117437-127633	called	called	Minus	Minus	high	high	mat_locus	mat_locus			model	model	63.9	63.9	0.0	120.4	120.4	algA,rnhA,sexM,tptA	algA,rnhA,sexM,tptA		
GCA_000697015.1_CunEleB9769-1.0	Mucoromycota:MAT	JNDR01001146.1	15200-61460	15200-61460	withheld:below_fraction_floor	withheld:below_fraction_floor	undetermined	undetermined							hsp_fragment	hsp_fragment	1.0	1.0	0.0	1.3	1.3	rnhA,sexM	rnhA,sexM		
GCA_000697035.1_RhiStoB9770-1.0	Mucoromycota:MAT	JNDS01005206.1	259-17015	259-17015	called	called	Plus	Plus	high	high	mat_locus	mat_locus			model	model	280.2	280.2	0.0	329.0	329.0	btbA,glrA,rnhA,sexP	btbA,glrA,rnhA,sexP		
GCA_000697055.1_SakVasB4078-1.0	Mucoromycota:MAT	JNDT01002012.1	18024-41832	18024-41832	called	called	Minus	Minus	high	high	mat_locus	mat_locus			model	model	61.5	61.5	0.0	141.2	141.2	algA,rnhA,sexM,tptA	algA,rnhA,sexM,tptA		
GCA_000697055.1_SakVasB4078-1.0	Mucoromycota:MAT	JNDT01001930.1	97742-126101	97742-126101	withheld:modelled_gene_bar	withheld:modelled_gene_bar	undetermined	undetermined							model	model	17.6	17.6	0.0	88.5	88.5	algA,sexM,sexP	algA,sexM,sexP		
GCA_000697055.1_SakVasB4078-1.0	Mucoromycota:MAT	JNDT01001322.1	38501-40070	38501-40070	withheld:below_fraction_floor	withheld:below_fraction_floor	undetermined	undetermined							hsp_fragment	hsp_fragment	0.0	0.0	0.0	0.0	0.0	glrA,sexP	glrA,sexP		
GCA_000697175.1_LicCor008-049-1.0	Mucoromycota:MAT	JNEE01001148.1	60949-117109	60949-117109	withheld:modelled_gene_bar	withheld:modelled_gene_bar	undetermined	undetermined							model	model	15.2	15.2	0.0	81.1	81.1	sexM,sexP,tptA	sexM,sexP,tptA		
GCA_000697175.1_LicCor008-049-1.0	Mucoromycota:MAT	JNEE01001235.1	76276-157973	76276-157973	withheld:modelled_gene_bar	withheld:modelled_gene_bar	undetermined	undetermined							hsp_fragment	hsp_fragment	0.0	0.0	0.0	0.0	0.0	algA,sexP,tptA	algA,sexP,tptA		
GCA_000697175.1_LicCor008-049-1.0	Mucoromycota:MAT	JNEE01000737.1	30555-32075	30555-32075	withheld:modelled_gene_bar+polish_capped	withheld:modelled_gene_bar+polish_capped	undetermined	undetermined							hsp_fragment	hsp_fragment	4.7	4.7	0.0	35.4	35.4	sexM,sexP	sexM,sexP		
GCA_000697175.1_LicCor008-049-1.0	Mucoromycota:MAT	JNEE01001238.1	16323-67485	16323-67485	withheld:modelled_gene_bar+polish_capped	withheld:modelled_gene_bar+polish_capped	undetermined	undetermined							hsp_fragment	hsp_fragment	0.0	0.0	0.0	0.0	0.0	rnhA,sexM	rnhA,sexM		
GCA_000697175.1_LicCor008-049-1.0	Mucoromycota:MAT	JNEE01001334.1	170496-187609	170496-187609	withheld:modelled_gene_bar+polish_capped	withheld:modelled_gene_bar+polish_capped	undetermined	undetermined							hsp_fragment	hsp_fragment	8.7	8.7	0.0	23.3	23.3	rnhA,sexP	rnhA,sexP		
GCA_000697175.1_LicCor008-049-1.0	Mucoromycota:MAT	JNEE01000984.1	28191-28728	28191-28728	withheld:modelled_gene_bar+polish_capped	withheld:modelled_gene_bar+polish_capped	undetermined	undetermined							hsp_fragment	hsp_fragment	1.9	1.9	0.0	31.9	31.9	sexM,sexP	sexM,sexP		
GCA_000697175.1_LicCor008-049-1.0	Mucoromycota:MAT	JNEE01001171.1	86635-91794	86635-91794	withheld:modelled_gene_bar	withheld:modelled_gene_bar	undetermined	undetermined							hsp_fragment	hsp_fragment	0.0	0.0	0.0	0.0	0.0	sexM,sexP	sexM,sexP		
GCA_000697175.1_LicCor008-049-1.0	Mucoromycota:MAT	JNEE01001456.1	227971-264057	227971-264057	withheld:modelled_gene_bar+polish_capped	withheld:modelled_gene_bar+polish_capped	undetermined	undetermined							hsp_fragment	hsp_fragment	3.2	3.2	0.0	3.2	3.2	sexM,tptA	sexM,tptA		
GCA_000697175.1_LicCor008-049-1.0	Mucoromycota:MAT	JNEE01001147.1	45938-85396	45938-85396	withheld:modelled_gene_bar	withheld:modelled_gene_bar	undetermined	undetermined							hsp_fragment	hsp_fragment	0.0	0.0	0.0	0.0	0.0	sexM,tptA	sexM,tptA		
GCA_000697175.1_LicCor008-049-1.0	Mucoromycota:MAT	JNEE01001323.1	10431-16368	10431-16368	withheld:modelled_gene_bar+polish_capped	withheld:modelled_gene_bar+polish_capped	undetermined	undetermined							hsp_fragment	hsp_fragment	0.7	0.7	0.0	0.7	0.7	sexM,tptA	sexM,tptA		
GCA_000697175.1_LicCor008-049-1.0	Mucoromycota:MAT	JNEE01001493.1	3259-8082	3259-8082	withheld:modelled_gene_bar	withheld:modelled_gene_bar	undetermined	undetermined							hsp_fragment	hsp_fragment	0.0	0.0	0.0	0.0	0.0	sexP,tptA	sexP,tptA		
GCA_000697175.1_LicCor008-049-1.0	Mucoromycota:MAT	JNEE01001605.1	140913-167760	140913-167760	withheld:modelled_gene_bar	withheld:modelled_gene_bar	undetermined	undetermined							hsp_fragment	hsp_fragment	9.0	9.0	0.0	10.4	10.4	algA,sexM	algA,sexM		
GCA_000697215.1_CunBer175-1.0	Mucoromycota:MAT	JNEG01000802.1	76004-86435	76004-86435	called	called	Plus	Plus	high	high	mat_locus	mat_locus			model	model	207.3	207.3	0.0	266.7	266.7	algA,rnhA,sexP,tptA	algA,rnhA,sexP,tptA		
GCA_000697215.1_CunBer175-1.0	Mucoromycota:MAT	JNEG01000881.1	372615-418902	372615-418902	withheld:below_fraction_floor	withheld:below_fraction_floor	undetermined	undetermined							hsp_fragment	hsp_fragment	1.0	1.0	0.0	1.3	1.3	rnhA,sexM	rnhA,sexM		
GCA_000697315.1_CunBerB7461-1.0	Mucoromycota:MAT	JNEL01000814.1	147556-158001	147556-158001	called	called	Plus	Plus	high	high	mat_locus	mat_locus			model	model	207.3	207.3	0.0	266.7	266.7	algA,rnhA,sexP,tptA	algA,rnhA,sexP,tptA		
GCA_000697315.1_CunBerB7461-1.0	Mucoromycota:MAT	JNEL01000785.1	30450-76782	30450-76782	withheld:below_fraction_floor	withheld:below_fraction_floor	undetermined	undetermined							hsp_fragment	hsp_fragment	1.0	1.0	0.0	1.3	1.3	rnhA,sexM	rnhA,sexM		
GCA_000697355.1_SynMonB8922-1.0	Mucoromycota:MAT	JNEN01001244.1	251204-256623	251204-256623	called	called	Minus	Minus	medium	medium	partial_locus	partial_locus			model	model	35.1	35.1	0.0	108.9	108.9	rnhA,sexM	rnhA,sexM		
GCA_000697355.1_SynMonB8922-1.0	Mucoromycota:MAT	JNEN01001249.1	250797-347046	250797-347046	withheld:modelled_gene_bar+polish_capped	withheld:modelled_gene_bar+polish_capped	undetermined	undetermined							hsp_fragment	hsp_fragment	8.7	8.7	0.0	60.9	60.9	sexM,sexP,tptA	sexM,sexP,tptA		
GCA_000697355.1_SynMonB8922-1.0	Mucoromycota:MAT	JNEN01001226.1	21851-57938	21851-57938	withheld:modelled_gene_bar	withheld:modelled_gene_bar	undetermined	undetermined							hsp_fragment	hsp_fragment	7.5	7.5	0.0	37.1	37.1	algA,sexM,sexP	algA,sexM,sexP		
GCA_000697355.1_SynMonB8922-1.0	Mucoromycota:MAT	JNEN01001228.1	91726-158167	91726-158167	withheld:modelled_gene_bar	withheld:modelled_gene_bar	undetermined	undetermined							hsp_fragment	hsp_fragment	0.0	0.0	0.0	0.0	0.0	algA,sexM,sexP	algA,sexM,sexP		
GCA_000697355.1_SynMonB8922-1.0	Mucoromycota:MAT	JNEN01001240.1	58418-72077	58418-72077	withheld:modelled_gene_bar	withheld:modelled_gene_bar	undetermined	undetermined														algA,glrA,rnhA	algA,glrA,rnhA		
GCA_000697355.1_SynMonB8922-1.0	Mucoromycota:MAT	JNEN01001260.1	339071-368919	339071-368919	withheld:modelled_gene_bar+polish_capped	withheld:modelled_gene_bar+polish_capped	undetermined	undetermined							hsp_fragment	hsp_fragment	0.4	0.4	0.0	26.9	26.9	sexM,sexP,tptA	sexM,sexP,tptA		
GCA_000697355.1_SynMonB8922-1.0	Mucoromycota:MAT	JNEN01000850.1	14545-45849	14545-45849	withheld:paralog_class	withheld:paralog_class	undetermined	undetermined							model	model	8.7	8.7	0.0	62.4	62.4	glrA,rnhA,sexM	glrA,rnhA,sexM		
GCA_000697355.1_SynMonB8922-1.0	Mucoromycota:MAT	JNEN01001227.1	368287-403602	368287-403602	withheld:modelled_gene_bar+polish_capped	withheld:modelled_gene_bar+polish_capped	undetermined	undetermined							hsp_fragment	hsp_fragment	0.0	0.0	0.0	0.0	0.0	algA,sexM	algA,sexM		
GCA_000697355.1_SynMonB8922-1.0	Mucoromycota:MAT	JNEN01000885.1	257031-290681	257031-290681	withheld:modelled_gene_bar+polish_capped	withheld:modelled_gene_bar+polish_capped	undetermined	undetermined							hsp_fragment	hsp_fragment	0.0	0.0	0.0	0.0	0.0	sexM,tptA	sexM,tptA		
GCA_000697355.1_SynMonB8922-1.0	Mucoromycota:MAT	JNEN01000885.1	526821-566642	526821-566642	withheld:modelled_gene_bar	withheld:modelled_gene_bar	undetermined	undetermined							model	model	9.5	9.5	0.0	78.4	78.4	glrA,sexM	glrA,sexM		
GCA_000697355.1_SynMonB8922-1.0	Mucoromycota:MAT	JNEN01001249.1	152287-177068	152287-177068	withheld:modelled_gene_bar+polish_capped	withheld:modelled_gene_bar+polish_capped	undetermined	undetermined							hsp_fragment	hsp_fragment	0.0	0.0	0.0	0.0	0.0	sexM,tptA	sexM,tptA		
GCA_000697355.1_SynMonB8922-1.0	Mucoromycota:MAT	JNEN01000790.1	26648-27472	26648-27472	withheld:modelled_gene_bar+polish_capped	withheld:modelled_gene_bar+polish_capped	undetermined	undetermined							hsp_fragment	hsp_fragment	8.9	8.9	0.0	59.5	59.5	sexM,sexP	sexM,sexP		
GCA_000697355.1_SynMonB8922-1.0	Mucoromycota:MAT	JNEN01000841.1	125222-169431	125222-169431	withheld:modelled_gene_bar	withheld:modelled_gene_bar	undetermined	undetermined							model	model	8.6	8.6	0.0	55.6	55.6	glrA,sexP	glrA,sexP		
GCA_000697355.1_SynMonB8922-1.0	Mucoromycota:MAT	JNEN01001252.1	47552-78423	47552-78423	withheld:modelled_gene_bar+polish_capped	withheld:modelled_gene_bar+polish_capped	undetermined	undetermined							hsp_fragment	hsp_fragment	0.0	0.0	0.0	0.0	0.0	rnhA,sexM	rnhA,sexM		
GCA_000697355.1_SynMonB8922-1.0	Mucoromycota:MAT	JNEN01000856.1	208538-227550	208538-227550	withheld:modelled_gene_bar+polish_capped	withheld:modelled_gene_bar+polish_capped	undetermined	undetermined							hsp_fragment	hsp_fragment	2.7	2.7	0.0	2.7	2.7	sexM,sexP	sexM,sexP		
GCA_000697355.1_SynMonB8922-1.0	Mucoromycota:MAT	JNEN01001207.1	217209-240351	217209-240351	withheld:modelled_gene_bar+polish_capped	withheld:modelled_gene_bar+polish_capped	undetermined	undetermined							hsp_fragment	hsp_fragment	0.0	0.0	0.0	0.0	0.0	sexM,sexP	sexM,sexP		
GCA_000697355.1_SynMonB8922-1.0	Mucoromycota:MAT	JNEN01000660.1	41642-62024	41642-62024	withheld:modelled_gene_bar+polish_capped	withheld:modelled_gene_bar+polish_capped	undetermined	undetermined							hsp_fragment	hsp_fragment	15.6	15.6	0.0	38.1	38.1	glrA,sexP	glrA,sexP		
GCA_000697355.1_SynMonB8922-1.0	Mucoromycota:MAT	JNEN01000859.1	149013-165490	149013-165490	withheld:modelled_gene_bar+polish_capped	withheld:modelled_gene_bar+polish_capped	undetermined	undetermined							hsp_fragment	hsp_fragment	0.0	0.0	0.0	0.0	0.0	glrA,sexP	glrA,sexP		
GCA_000697355.1_SynMonB8922-1.0	Mucoromycota:MAT	JNEN01001262.1	346576-383244	346576-383244	withheld:modelled_gene_bar+polish_capped	withheld:modelled_gene_bar+polish_capped	undetermined	undetermined							hsp_fragment	hsp_fragment	15.9	15.9	0.0	26.5	26.5	sexM,sexP	sexM,sexP		
GCA_000697355.1_SynMonB8922-1.0	Mucoromycota:MAT	JNEN01000833.1	172527-213793	172527-213793	withheld:modelled_gene_bar+polish_capped	withheld:modelled_gene_bar+polish_capped	undetermined	undetermined							hsp_fragment	hsp_fragment	0.0	0.0	0.0	0.0	0.0	rnhA,sexM	rnhA,sexM		
GCA_000697355.1_SynMonB8922-1.0	Mucoromycota:MAT	JNEN01001277.1	84714-120965	84714-120965	withheld:modelled_gene_bar+polish_capped	withheld:modelled_gene_bar+polish_capped	undetermined	undetermined							hsp_fragment	hsp_fragment	0.0	0.0	0.0	0.0	0.0	sexM,tptA	sexM,tptA		
GCA_000697355.1_SynMonB8922-1.0	Mucoromycota:MAT	JNEN01001259.1	133432-165192	133432-165192	withheld:modelled_gene_bar+polish_capped	withheld:modelled_gene_bar+polish_capped	undetermined	undetermined							hsp_fragment	hsp_fragment	0.0	0.0	0.0	0.0	0.0	sexM,tptA	sexM,tptA		
GCA_000697355.1_SynMonB8922-1.0	Mucoromycota:MAT	JNEN01001211.1	117149-123182	117149-123182	withheld:modelled_gene_bar+polish_capped	withheld:modelled_gene_bar+polish_capped	undetermined	undetermined							hsp_fragment	hsp_fragment	0.0	0.0	0.0	0.0	0.0	algA,sexP	algA,sexP		
GCA_000697355.1_SynMonB8922-1.0	Mucoromycota:MAT	JNEN01001243.1	205798-206431	205798-206431	withheld:modelled_gene_bar+polish_capped	withheld:modelled_gene_bar+polish_capped	undetermined	undetermined							hsp_fragment	hsp_fragment	0.2	0.2	0.0	0.2	0.2	sexM,sexP	sexM,sexP		
GCA_000697355.1_SynMonB8922-1.0	Mucoromycota:MAT	JNEN01000885.1	526821-566642	526821-566642	withheld:below_fraction_floor	withheld:below_fraction_floor	undetermined	undetermined							model	model	9.5	9.5	0.0	78.4	78.4	glrA,sexM	glrA,sexM		
GCA_000697355.1_SynMonB8922-1.0	Mucoromycota:MAT	JNEN01000841.1	125222-169431	125222-169431	withheld:below_fraction_floor	withheld:below_fraction_floor	undetermined	undetermined							model	model	8.6	8.6	0.0	55.6	55.6	glrA,sexP	glrA,sexP		
GCA_000697395.1_LicCorB5792-1.0	Mucoromycota:MAT	JNEP01002835.1	21552-61638	21552-61638	withheld:modelled_gene_bar	withheld:modelled_gene_bar	undetermined	undetermined							model	model	5.8	5.8	0.0	51.3	51.3	sexM,sexP,tptA	sexM,sexP,tptA		
GCA_000697395.1_LicCorB5792-1.0	Mucoromycota:MAT	JNEP01003589.1	54483-91777	54483-91777	withheld:modelled_gene_bar	withheld:modelled_gene_bar	undetermined	undetermined							hsp_fragment	hsp_fragment	10.6	10.6	0.0	39.2	39.2	rnhA,sexM,sexP	rnhA,sexM,sexP		
GCA_000697395.1_LicCorB5792-1.0	Mucoromycota:MAT	JNEP01003623.1	26702-57158	26702-57158	withheld:modelled_gene_bar	withheld:modelled_gene_bar	undetermined	undetermined							hsp_fragment	hsp_fragment	19.8	19.8	0.0	57.2	57.2	sexM,tptA	sexM,tptA		
GCA_000697395.1_LicCorB5792-1.0	Mucoromycota:MAT	JNEP01003048.1	3187-3746	3187-3746	withheld:modelled_gene_bar+polish_capped	withheld:modelled_gene_bar+polish_capped	undetermined	undetermined							hsp_fragment	hsp_fragment	12.4	12.4	0.0	56.8	56.8	sexM,sexP	sexM,sexP		
GCA_000697395.1_LicCorB5792-1.0	Mucoromycota:MAT	JNEP01000514.1	346-1836	346-1836	withheld:modelled_gene_bar+polish_capped	withheld:modelled_gene_bar+polish_capped	undetermined	undetermined							hsp_fragment	hsp_fragment	10.1	10.1	0.0	54.2	54.2	sexM,sexP	sexM,sexP		
GCA_000697395.1_LicCorB5792-1.0	Mucoromycota:MAT	JNEP01002954.1	6035-7165	6035-7165	withheld:modelled_gene_bar+polish_capped	withheld:modelled_gene_bar+polish_capped	undetermined	undetermined							hsp_fragment	hsp_fragment	3.6	3.6	0.0	34.2	34.2	sexM,sexP	sexM,sexP		
GCA_000697395.1_LicCorB5792-1.0	Mucoromycota:MAT	JNEP01003209.1	18562-20030	18562-20030	withheld:modelled_gene_bar+polish_capped	withheld:modelled_gene_bar+polish_capped	undetermined	undetermined							hsp_fragment	hsp_fragment	2.2	2.2	0.0	35.0	35.0	sexM,sexP	sexM,sexP		
GCA_000697395.1_LicCorB5792-1.0	Mucoromycota:MAT	JNEP01002911.1	15697-51969	15697-51969	withheld:modelled_gene_bar	withheld:modelled_gene_bar	undetermined	undetermined							hsp_fragment	hsp_fragment	0.9	0.9	0.0	1.4	1.4	btbA,sexM	btbA,sexM		
GCA_000697395.1_LicCorB5792-1.0	Mucoromycota:MAT	JNEP01003270.1	14325-33626	14325-33626	withheld:modelled_gene_bar+polish_capped	withheld:modelled_gene_bar+polish_capped	undetermined	undetermined							hsp_fragment	hsp_fragment	0.0	0.0	0.0	0.0	0.0	rnhA,sexM	rnhA,sexM		
GCA_000697395.1_LicCorB5792-1.0	Mucoromycota:MAT	JNEP01003653.1	33688-61408	33688-61408	withheld:modelled_gene_bar	withheld:modelled_gene_bar	undetermined	undetermined							hsp_fragment	hsp_fragment	0.7	0.7	0.0	0.7	0.7	rnhA,sexP	rnhA,sexP		
GCA_000697395.1_LicCorB5792-1.0	Mucoromycota:MAT	JNEP01002045.1	69-2172	69-2172	withheld:modelled_gene_bar+polish_capped	withheld:modelled_gene_bar+polish_capped	undetermined	undetermined							hsp_fragment	hsp_fragment	0.5	0.5	0.0	0.5	0.5	glrA,sexM	glrA,sexM		
GCA_000697395.1_LicCorB5792-1.0	Mucoromycota:MAT	JNEP01003663.1	34377-66876	34377-66876	withheld:modelled_gene_bar+polish_capped	withheld:modelled_gene_bar+polish_capped	undetermined	undetermined							hsp_fragment	hsp_fragment	0.0	0.0	0.0	0.0	0.0	algA,sexM	algA,sexM		
GCA_000697395.1_LicCorB5792-1.0	Mucoromycota:MAT	JNEP01002337.1	38136-44344	38136-44344	withheld:modelled_gene_bar	withheld:modelled_gene_bar	undetermined	undetermined							hsp_fragment	hsp_fragment	0.0	0.0	0.0	0.0	0.0	btbA,sexM	btbA,sexM		
GCA_000697395.1_LicCorB5792-1.0	Mucoromycota:MAT	JNEP01003510.1	11592-14695	11592-14695	withheld:modelled_gene_bar+polish_capped	withheld:modelled_gene_bar+polish_capped	undetermined	undetermined							hsp_fragment	hsp_fragment	0.0	0.0	0.0	0.0	0.0	rnhA,sexP	rnhA,sexP		
GCA_000697395.1_LicCorB5792-1.0	Mucoromycota:MAT	JNEP01002337.1	38136-44344	38136-44344	withheld:below_fraction_floor	withheld:below_fraction_floor	undetermined	undetermined							hsp_fragment	hsp_fragment	0.0	0.0	0.0	0.0	0.0	btbA,sexM	btbA,sexM		
GCA_000697415.1_UmbIsaB7317-1.0	Mucoromycota:MAT	JNEQ01000056.1	748685-753439	748685-753439	called	called	Plus	Plus	high	high	mat_locus	mat_locus			model	model	94.2	94.2	0.0	124.2	124.2	algA,sexP,tptA	algA,sexP,tptA		
GCA_000697415.1_UmbIsaB7317-1.0	Mucoromycota:MAT	JNEQ01000055.1	1490715-1545068	1490715-1545068	withheld:modelled_gene_bar	withheld:modelled_gene_bar	undetermined	undetermined							hsp_fragment	hsp_fragment	2.0	2.0	0.0	24.6	24.6	glrA,sexM,sexP	glrA,sexM,sexP		
GCA_000697415.1_UmbIsaB7317-1.0	Mucoromycota:MAT	JNEQ01000034.1	451189-482804	451189-482804	withheld:modelled_gene_bar	withheld:modelled_gene_bar	undetermined	undetermined							hsp_fragment	hsp_fragment	7.3	7.3	0.0	22.7	22.7	algA,sexM,sexP	algA,sexM,sexP		
GCA_000697415.1_UmbIsaB7317-1.0	Mucoromycota:MAT	JNEQ01000056.1	1046382-1111090	1046382-1111090	withheld:flank_carried_core_outside_flank_span	withheld:flank_carried_core_outside_flank_span	undetermined	undetermined							hsp_fragment	hsp_fragment	0.0	0.0	0.0	0.0	0.0	glrA,rnhA,sexM	glrA,rnhA,sexM		
GCA_000697475.1_LicCorB2541-1.0	Mucoromycota:MAT	JNEU01000784.1	104534-160696	104534-160696	withheld:modelled_gene_bar	withheld:modelled_gene_bar	undetermined	undetermined							model	model	15.2	15.2	0.0	81.1	81.1	sexM,sexP,tptA	sexM,sexP,tptA		
GCA_000697475.1_LicCorB2541-1.0	Mucoromycota:MAT	JNEU01000174.1	36533-38053	36533-38053	withheld:modelled_gene_bar	withheld:modelled_gene_bar	undetermined	undetermined							hsp_fragment	hsp_fragment	4.7	4.7	0.0	35.4	35.4	sexM,sexP	sexM,sexP		
GCA_000697475.1_LicCorB2541-1.0	Mucoromycota:MAT	JNEU01001170.1	14976-66137	14976-66137	withheld:modelled_gene_bar	withheld:modelled_gene_bar	undetermined	undetermined							hsp_fragment	hsp_fragment	0.0	0.0	0.0	0.0	0.0	rnhA,sexM	rnhA,sexM		
GCA_000697475.1_LicCorB2541-1.0	Mucoromycota:MAT	JNEU01001132.1	201763-218873	201763-218873	withheld:modelled_gene_bar+polish_capped	withheld:modelled_gene_bar+polish_capped	undetermined	undetermined							hsp_fragment	hsp_fragment	8.7	8.7	0.0	23.3	23.3	rnhA,sexP	rnhA,sexP		
GCA_000697475.1_LicCorB2541-1.0	Mucoromycota:MAT	JNEU01000971.1	28310-28847	28310-28847	withheld:modelled_gene_bar+polish_capped	withheld:modelled_gene_bar+polish_capped	undetermined	undetermined							hsp_fragment	hsp_fragment	1.9	1.9	0.0	31.9	31.9	sexM,sexP	sexM,sexP		
GCA_000697475.1_LicCorB2541-1.0	Mucoromycota:MAT	JNEU01001087.1	84379-89538	84379-89538	withheld:modelled_gene_bar	withheld:modelled_gene_bar	undetermined	undetermined							hsp_fragment	hsp_fragment	0.0	0.0	0.0	0.0	0.0	sexM,sexP	sexM,sexP		
GCA_000697475.1_LicCorB2541-1.0	Mucoromycota:MAT	JNEU01001054.1	3386-8209	3386-8209	withheld:modelled_gene_bar	withheld:modelled_gene_bar	undetermined	undetermined							hsp_fragment	hsp_fragment	0.0	0.0	0.0	0.0	0.0	sexP,tptA	sexP,tptA		
GCA_000697475.1_LicCorB2541-1.0	Mucoromycota:MAT	JNEU01001043.1	51173-57110	51173-57110	withheld:modelled_gene_bar+polish_capped	withheld:modelled_gene_bar+polish_capped	undetermined	undetermined							hsp_fragment	hsp_fragment	0.7	0.7	0.0	0.7	0.7	sexM,tptA	sexM,tptA		
GCA_000697475.1_LicCorB2541-1.0	Mucoromycota:MAT	JNEU01000922.1	141295-168142	141295-168142	withheld:modelled_gene_bar	withheld:modelled_gene_bar	undetermined	undetermined							hsp_fragment	hsp_fragment	9.0	9.0	0.0	10.4	10.4	algA,sexM	algA,sexM		
GCA_000697475.1_LicCorB2541-1.0	Mucoromycota:MAT	JNEU01001170.1	14976-66137	14976-66137	withheld:below_fraction_floor	withheld:below_fraction_floor	undetermined	undetermined							hsp_fragment	hsp_fragment	0.0	0.0	0.0	0.0	0.0	rnhA,sexM	rnhA,sexM		
GCA_000697495.1_SakOblB3353-1.0	Mucoromycota:MAT	JNEV01001369.1	14452-21968	14452-21968	called	called	Minus	Minus	high	high	mat_locus	mat_locus			model	model	48.8	48.8	0.0	123.2	123.2	algA,sexM,tptA	algA,sexM,tptA		
GCA_000697495.1_SakOblB3353-1.0	Mucoromycota:MAT	JNEV01001297.1	64791-125545	64791-125545	withheld:modelled_gene_bar	withheld:modelled_gene_bar	undetermined	undetermined							hsp_fragment	hsp_fragment	0.0	0.0	0.0	0.0	0.0	btbA,rnhA,sexP,tptA	btbA,rnhA,sexP,tptA		
GCA_000697495.1_SakOblB3353-1.0	Mucoromycota:MAT	JNEV01001081.1	24877-40137	24877-40137	withheld:below_fraction_floor	withheld:below_fraction_floor	undetermined	undetermined							model	model	24.9	24.9	0.0	76.4	76.4	sexM,tptA	sexM,tptA		
GCA_000697495.1_SakOblB3353-1.0	Mucoromycota:MAT	JNEV01001660.1	92312-141231	92312-141231	withheld:below_fraction_floor	withheld:below_fraction_floor	undetermined	undetermined							model	model	25.0	25.0	0.0	82.1	82.1	glrA,sexM	glrA,sexM		
GCA_000723665.1_454Minimus	Mucoromycota:MAT	CBTN010000011.1	8739-64336	8739-64336	withheld:modelled_gene_bar	withheld:modelled_gene_bar	undetermined	undetermined							model	model	15.2	15.2	0.0	81.1	81.1	sexM,sexP,tptA	sexM,sexP,tptA		
GCA_000723665.1_454Minimus	Mucoromycota:MAT	CBTN010000006.1	55585-99141	55585-99141	withheld:modelled_gene_bar	withheld:modelled_gene_bar	undetermined	undetermined							hsp_fragment	hsp_fragment	1.9	1.9	0.0	31.9	31.9	rnhA,sexM,sexP	rnhA,sexM,sexP		
GCA_000723665.1_454Minimus	Mucoromycota:MAT	CBTN010000065.1	139793-183683	139793-183683	withheld:modelled_gene_bar	withheld:modelled_gene_bar	undetermined	undetermined							hsp_fragment	hsp_fragment	0.0	0.0	0.0	0.0	0.0	rnhA,sexP	rnhA,sexP		
GCA_000723665.1_454Minimus	Mucoromycota:MAT	CBTN010000007.1	467264-518425	467264-518425	withheld:modelled_gene_bar	withheld:modelled_gene_bar	undetermined	undetermined							hsp_fragment	hsp_fragment	0.0	0.0	0.0	0.0	0.0	rnhA,sexM	rnhA,sexM		
GCA_000723665.1_454Minimus	Mucoromycota:MAT	CBTN010000083.1	89197-106302	89197-106302	withheld:modelled_gene_bar+polish_capped	withheld:modelled_gene_bar+polish_capped	undetermined	undetermined							hsp_fragment	hsp_fragment	8.7	8.7	0.0	23.3	23.3	rnhA,sexP	rnhA,sexP		
GCA_000723665.1_454Minimus	Mucoromycota:MAT	CBTN010000001.1	55504-60663	55504-60663	withheld:modelled_gene_bar	withheld:modelled_gene_bar	undetermined	undetermined							hsp_fragment	hsp_fragment	0.0	0.0	0.0	0.0	0.0	sexM,sexP	sexM,sexP		
GCA_000723665.1_454Minimus	Mucoromycota:MAT	CBTN010000021.1	292251-328360	292251-328360	withheld:modelled_gene_bar+polish_capped	withheld:modelled_gene_bar+polish_capped	undetermined	undetermined							hsp_fragment	hsp_fragment	3.2	3.2	0.0	3.2	3.2	sexM,tptA	sexM,tptA		
GCA_000723665.1_454Minimus	Mucoromycota:MAT	CBTN010000039.1	223631-262288	223631-262288	withheld:modelled_gene_bar	withheld:modelled_gene_bar	undetermined	undetermined							hsp_fragment	hsp_fragment	0.0	0.0	0.0	0.0	0.0	btbA,sexM	btbA,sexM		
GCA_000723665.1_454Minimus	Mucoromycota:MAT	CBTN010000007.1	467264-518425	467264-518425	withheld:below_fraction_floor	withheld:below_fraction_floor	undetermined	undetermined							hsp_fragment	hsp_fragment	0.0	0.0	0.0	0.0	0.0	rnhA,sexM	rnhA,sexM		
GCA_000738555.1_LicRamB5399-1.0	Mucoromycota:MAT	JNDO01003928.1	35370-75582	35370-75582	withheld:modelled_gene_bar	withheld:modelled_gene_bar	undetermined	undetermined							model	model	7.5	7.5	0.0	51.8	51.8	sexM,sexP,tptA	sexM,sexP,tptA		
GCA_000738555.1_LicRamB5399-1.0	Mucoromycota:MAT	JNDO01003836.1	9538-46843	9538-46843	withheld:modelled_gene_bar	withheld:modelled_gene_bar	undetermined	undetermined							hsp_fragment	hsp_fragment	11.3	11.3	0.0	40.7	40.7	rnhA,sexM,sexP	rnhA,sexM,sexP		
GCA_000738555.1_LicRamB5399-1.0	Mucoromycota:MAT	JNDO01003125.1	17183-29588	17183-29588	withheld:modelled_gene_bar	withheld:modelled_gene_bar	Minus	Minus							model	model	40.5	40.5	0.0	105.6	105.6	sexM,tptA	sexM,tptA		
GCA_000738555.1_LicRamB5399-1.0	Mucoromycota:MAT	JNDO01003726.1	26924-28391	26924-28391	withheld:modelled_gene_bar	withheld:modelled_gene_bar	undetermined	undetermined							hsp_fragment	hsp_fragment	1.4	1.4	0.0	33.2	33.2	sexM,sexP	sexM,sexP		
GCA_000738555.1_LicRamB5399-1.0	Mucoromycota:MAT	JNDO01003440.1	121530-122359	121530-122359	withheld:modelled_gene_bar	withheld:modelled_gene_bar	undetermined	undetermined							hsp_fragment	hsp_fragment	7.4	7.4	0.0	35.3	35.3	sexM,sexP	sexM,sexP		
GCA_000738555.1_LicRamB5399-1.0	Mucoromycota:MAT	JNDO01003039.1	60280-81377	60280-81377	withheld:modelled_gene_bar+polish_capped	withheld:modelled_gene_bar+polish_capped	undetermined	undetermined							hsp_fragment	hsp_fragment	0.0	0.0	0.0	0.0	0.0	glrA,sexM	glrA,sexM		
GCA_000738555.1_LicRamB5399-1.0	Mucoromycota:MAT	JNDO01003457.1	115334-133908	115334-133908	withheld:modelled_gene_bar	withheld:modelled_gene_bar	undetermined	undetermined							hsp_fragment	hsp_fragment	0.0	0.0	0.0	0.0	0.0	btbA,sexM	btbA,sexM		
GCA_000738555.1_LicRamB5399-1.0	Mucoromycota:MAT	JNDO01003354.1	12365-28606	12365-28606	withheld:modelled_gene_bar+polish_capped	withheld:modelled_gene_bar+polish_capped	undetermined	undetermined							hsp_fragment	hsp_fragment	0.0	0.0	0.0	0.0	0.0	sexM,tptA	sexM,tptA		
GCA_000738555.1_LicRamB5399-1.0	Mucoromycota:MAT	JNDO01003125.1	17183-29588	17183-29588	withheld:below_fraction_floor	withheld:below_fraction_floor	Minus	Minus							model	model	40.5	40.5	0.0	105.6	105.6	sexM,tptA	sexM,tptA		
GCA_000738555.1_LicRamB5399-1.0	Mucoromycota:MAT	JNDO01003457.1	115334-133908	115334-133908	withheld:below_fraction_floor	withheld:below_fraction_floor	undetermined	undetermined							hsp_fragment	hsp_fragment	0.0	0.0	0.0	0.0	0.0	btbA,sexM	btbA,sexM		
GCA_000787465.1_ASM78746v1	Mucoromycota:MAT	JSYX01000135.1	23278-51861	23278-51861	withheld:modelled_gene_bar	withheld:modelled_gene_bar	undetermined	undetermined							hsp_fragment	hsp_fragment	0.0	0.0	0.0	0.0	0.0	algA,sexM,tptA	algA,sexM,tptA		
GCA_000787465.1_ASM78746v1	Mucoromycota:MAT	JSYX01000049.1	42162-57837	42162-57837	withheld:modelled_gene_bar	withheld:modelled_gene_bar	undetermined	undetermined							model	model	14.7	14.7	0.0	73.5	73.5	glrA,sexM	glrA,sexM		
GCA_000787465.1_ASM78746v1	Mucoromycota:MAT	JSYX01000256.1	27249-28213	27249-28213	withheld:modelled_gene_bar	withheld:modelled_gene_bar	undetermined	undetermined							hsp_fragment	hsp_fragment	1.2	1.2	0.0	36.7	36.7	sexM,sexP	sexM,sexP		
GCA_000787465.1_ASM78746v1	Mucoromycota:MAT	JSYX01000253.1	20108-28380	20108-28380	withheld:modelled_gene_bar+polish_capped	withheld:modelled_gene_bar+polish_capped	undetermined	undetermined							hsp_fragment	hsp_fragment	0.0	0.0	0.0	0.0	0.0	algA,sexM	algA,sexM		
GCA_000787465.1_ASM78746v1	Mucoromycota:MAT	JSYX01000281.1	1108-42271	1108-42271	withheld:modelled_gene_bar	withheld:modelled_gene_bar	undetermined	undetermined							hsp_fragment	hsp_fragment	0.0	0.0	0.0	0.0	0.0	rnhA,sexM	rnhA,sexM		
GCA_000787465.1_ASM78746v1	Mucoromycota:MAT	JSYX01000044.1	49274-96201	49274-96201	withheld:modelled_gene_bar+polish_capped	withheld:modelled_gene_bar+polish_capped	undetermined	undetermined							hsp_fragment	hsp_fragment	2.1	2.1	0.0	2.1	2.1	sexM,sexP	sexM,sexP		
GCA_000787465.1_ASM78746v1	Mucoromycota:MAT	JSYX01000318.1	7510-27902	7510-27902	withheld:modelled_gene_bar	withheld:modelled_gene_bar	undetermined	undetermined							hsp_fragment	hsp_fragment	8.2	8.2	0.0	29.1	29.1	rnhA,sexP	rnhA,sexP		
GCA_000787465.1_ASM78746v1	Mucoromycota:MAT	JSYX01000395.1	6355-19107	6355-19107	withheld:modelled_gene_bar+polish_capped	withheld:modelled_gene_bar+polish_capped	undetermined	undetermined							hsp_fragment	hsp_fragment	0.0	0.0	0.0	0.0	0.0	glrA,sexP	glrA,sexP		
GCA_000787465.1_ASM78746v1	Mucoromycota:MAT	JSYX01000223.1	23578-44960	23578-44960	withheld:modelled_gene_bar+polish_capped	withheld:modelled_gene_bar+polish_capped	undetermined	undetermined							hsp_fragment	hsp_fragment	0.0	0.0	0.0	0.0	0.0	sexM,sexP	sexM,sexP		
GCA_000787465.1_ASM78746v1	Mucoromycota:MAT	JSYX01000529.1	39-5560	39-5560	withheld:modelled_gene_bar	withheld:modelled_gene_bar	undetermined	undetermined							hsp_fragment	hsp_fragment	0.2	0.2	0.0	0.2	0.2	rnhA,sexP	rnhA,sexP		
GCA_000787465.1_ASM78746v1	Mucoromycota:MAT	JSYX01000209.1	36268-41396	36268-41396	withheld:modelled_gene_bar+polish_capped	withheld:modelled_gene_bar+polish_capped	undetermined	undetermined							hsp_fragment	hsp_fragment	0.0	0.0	0.0	0.0	0.0	sexM,tptA	sexM,tptA		
GCA_000787465.1_ASM78746v1	Mucoromycota:MAT	JSYX01000020.1	16587-64494	16587-64494	withheld:modelled_gene_bar+polish_capped	withheld:modelled_gene_bar+polish_capped	undetermined	undetermined							hsp_fragment	hsp_fragment	1.5	1.5	0.0	1.5	1.5	glrA,sexM	glrA,sexM		
GCA_000787465.1_ASM78746v1	Mucoromycota:MAT	JSYX01000049.1	42162-57837	42162-57837	withheld:below_fraction_floor	withheld:below_fraction_floor	undetermined	undetermined							model	model	14.7	14.7	0.0	73.5	73.5	glrA,sexM	glrA,sexM		
GCA_000945115.1_Lramosa_hybrid_454_Illumina	Mucoromycota:MAT	LK023313.1	1552596-1592720	1552596-1592720	withheld:modelled_gene_bar	withheld:modelled_gene_bar	undetermined	undetermined							model	model	7.5	7.5	0.0	51.8	51.8	sexM,sexP,tptA	sexM,sexP,tptA		
GCA_000945115.1_Lramosa_hybrid_454_Illumina	Mucoromycota:MAT	LK023386.1	212872-257094	212872-257094	withheld:modelled_gene_bar	withheld:modelled_gene_bar	undetermined	undetermined							hsp_fragment	hsp_fragment	0.0	0.0	0.0	0.0	0.0	algA,rnhA,sexP	algA,rnhA,sexP		
GCA_000945115.1_Lramosa_hybrid_454_Illumina	Mucoromycota:MAT	LK023357.1	100929-138252	100929-138252	withheld:modelled_gene_bar	withheld:modelled_gene_bar	undetermined	undetermined							hsp_fragment	hsp_fragment	10.6	10.6	0.0	39.2	39.2	rnhA,sexM,sexP	rnhA,sexM,sexP		
GCA_000945115.1_Lramosa_hybrid_454_Illumina	Mucoromycota:MAT	LK023313.1	238935-261404	238935-261404	withheld:modelled_gene_bar+polish_capped	withheld:modelled_gene_bar+polish_capped	undetermined	undetermined							hsp_fragment	hsp_fragment	0.0	0.0	0.0	0.0	0.0	rnhA,sexM	rnhA,sexM		
GCA_000945115.1_Lramosa_hybrid_454_Illumina	Mucoromycota:MAT	LK023313.1	2643941-2648987	2643941-2648987	withheld:modelled_gene_bar	withheld:modelled_gene_bar	undetermined	undetermined							hsp_fragment	hsp_fragment	8.9	8.9	0.0	24.8	24.8	rnhA,sexP	rnhA,sexP		
GCA_000945115.1_Lramosa_hybrid_454_Illumina	Mucoromycota:MAT	LK023347.1	7994-8553	7994-8553	withheld:modelled_gene_bar+polish_capped	withheld:modelled_gene_bar+polish_capped	undetermined	undetermined							hsp_fragment	hsp_fragment	11.7	11.7	0.0	55.2	55.2	sexM,sexP	sexM,sexP		
GCA_000945115.1_Lramosa_hybrid_454_Illumina	Mucoromycota:MAT	LK023316.1	294179-335252	294179-335252	withheld:modelled_gene_bar	withheld:modelled_gene_bar	undetermined	undetermined							hsp_fragment	hsp_fragment	14.8	14.8	0.0	62.5	62.5	rnhA,sexM	rnhA,sexM		
GCA_000945115.1_Lramosa_hybrid_454_Illumina	Mucoromycota:MAT	LK023324.1	669633-691435	669633-691435	withheld:modelled_gene_bar	withheld:modelled_gene_bar	undetermined	undetermined							hsp_fragment	hsp_fragment	0.0	0.0	0.0	0.0	0.0	algA,sexM	algA,sexM		
GCA_000945115.1_Lramosa_hybrid_454_Illumina	Mucoromycota:MAT	LK023324.1	2654203-2685632	2654203-2685632	withheld:modelled_gene_bar+polish_capped	withheld:modelled_gene_bar+polish_capped	undetermined	undetermined							hsp_fragment	hsp_fragment	21.9	21.9	0.0	37.2	37.2	rnhA,sexM	rnhA,sexM		
GCA_000945115.1_Lramosa_hybrid_454_Illumina	Mucoromycota:MAT	LK023339.1	101614-152179	101614-152179	withheld:modelled_gene_bar+polish_capped	withheld:modelled_gene_bar+polish_capped	undetermined	undetermined							hsp_fragment	hsp_fragment	2.2	2.2	0.0	35.0	35.0	sexM,sexP	sexM,sexP		
GCA_000945115.1_Lramosa_hybrid_454_Illumina	Mucoromycota:MAT	LK023346.1	533103-554216	533103-554216	withheld:modelled_gene_bar+polish_capped	withheld:modelled_gene_bar+polish_capped	undetermined	undetermined							hsp_fragment	hsp_fragment	0.0	0.0	0.0	0.0	0.0	glrA,sexM	glrA,sexM		
GCA_000945115.1_Lramosa_hybrid_454_Illumina	Mucoromycota:MAT	LK023386.1	51738-82305	51738-82305	withheld:modelled_gene_bar+polish_capped	withheld:modelled_gene_bar+polish_capped	undetermined	undetermined							hsp_fragment	hsp_fragment	2.9	2.9	0.0	2.9	2.9	algA,sexP	algA,sexP		
GCA_000945115.1_Lramosa_hybrid_454_Illumina	Mucoromycota:MAT	LK023386.1	1019096-1055427	1019096-1055427	withheld:modelled_gene_bar+polish_capped	withheld:modelled_gene_bar+polish_capped	undetermined	undetermined							hsp_fragment	hsp_fragment	0.5	0.5	0.0	1.1	1.1	btbA,sexM	btbA,sexM		
GCA_000945115.1_Lramosa_hybrid_454_Illumina	Mucoromycota:MAT	LK023357.1	1520515-1548279	1520515-1548279	withheld:modelled_gene_bar+polish_capped	withheld:modelled_gene_bar+polish_capped	undetermined	undetermined							hsp_fragment	hsp_fragment	0.6	0.6	0.0	0.6	0.6	rnhA,sexP	rnhA,sexP		
GCA_000945115.1_Lramosa_hybrid_454_Illumina	Mucoromycota:MAT	LK023357.1	1714023-1739054	1714023-1739054	withheld:modelled_gene_bar+polish_capped	withheld:modelled_gene_bar+polish_capped	undetermined	undetermined							hsp_fragment	hsp_fragment	0.0	0.0	0.0	0.0	0.0	glrA,sexM	glrA,sexM		
GCA_000945115.1_Lramosa_hybrid_454_Illumina	Mucoromycota:MAT	LK023336.1	165287-175547	165287-175547	withheld:modelled_gene_bar+polish_capped	withheld:modelled_gene_bar+polish_capped	undetermined	undetermined							hsp_fragment	hsp_fragment	0.0	0.0	0.0	0.0	0.0	btbA,sexM	btbA,sexM		
GCA_000945115.1_Lramosa_hybrid_454_Illumina	Mucoromycota:MAT	LK023324.1	669633-691435	669633-691435	withheld:below_fraction_floor	withheld:below_fraction_floor	undetermined	undetermined							hsp_fragment	hsp_fragment	0.0	0.0	0.0	0.0	0.0	algA,sexM	algA,sexM		
GCA_001683725.1_ASM168372v1	Mucoromycota:MAT	LUGH01000105.1	8906-21625	8906-21625	called	called	Plus	Plus	high	high	mat_locus	mat_locus			model	model	272.4	272.4	0.0	327.6	327.6	algA,glrA,rnhA,sexP,tptA	algA,glrA,rnhA,sexP,tptA		
GCA_002105135.1_Synrac1	Mucoromycota:MAT	MCGN01000004.1	1755506-1760802	1755506-1760802	called	called	Plus	Plus	medium	medium	partial_locus	partial_locus			model	model	189.7	189.7	0.0	227.7	227.7	rnhA,sexP	rnhA,sexP		
GCA_002105135.1_Synrac1	Mucoromycota:MAT	MCGN01000010.1	537222-602810	537222-602810	withheld:modelled_gene_bar	withheld:modelled_gene_bar	undetermined	undetermined														algA,glrA,rnhA	algA,glrA,rnhA		
GCA_002105135.1_Synrac1	Mucoromycota:MAT	MCGN01000004.1	1379847-1471245	1379847-1471245	withheld:modelled_gene_bar	withheld:modelled_gene_bar	undetermined	undetermined							hsp_fragment	hsp_fragment	8.0	8.0	0.0	37.6	37.6	algA,rnhA,sexM,sexP	algA,rnhA,sexM,sexP		
GCA_002105135.1_Synrac1	Mucoromycota:MAT	MCGN01000002.1	1293392-1359340	1293392-1359340	withheld:modelled_gene_bar+polish_capped	withheld:modelled_gene_bar+polish_capped	undetermined	undetermined							hsp_fragment	hsp_fragment	15.3	15.3	0.0	38.1	38.1	glrA,sexP,tptA	glrA,sexP,tptA		
GCA_002105135.1_Synrac1	Mucoromycota:MAT	MCGN01000002.1	4060906-4125363	4060906-4125363	withheld:modelled_gene_bar+polish_capped	withheld:modelled_gene_bar+polish_capped	undetermined	undetermined							hsp_fragment	hsp_fragment	18.0	18.0	0.0	31.6	31.6	algA,sexM,sexP	algA,sexM,sexP		
GCA_002105135.1_Synrac1	Mucoromycota:MAT	MCGN01000011.1	263885-310172	263885-310172	withheld:modelled_gene_bar+polish_capped	withheld:modelled_gene_bar+polish_capped	undetermined	undetermined							hsp_fragment	hsp_fragment	14.9	14.9	0.0	33.7	33.7	sexM,sexP,tptA	sexM,sexP,tptA		
GCA_002105135.1_Synrac1	Mucoromycota:MAT	MCGN01000009.1	754098-812927	754098-812927	withheld:modelled_gene_bar	withheld:modelled_gene_bar	undetermined	undetermined							hsp_fragment	hsp_fragment	1.3	1.3	0.0	1.3	1.3	algA,glrA,rnhA,sexM	algA,glrA,rnhA,sexM		
GCA_002105135.1_Synrac1	Mucoromycota:MAT	MCGN01000001.1	771475-802704	771475-802704	withheld:paralog_class	withheld:paralog_class	undetermined	undetermined							model	model	12.2	12.2	0.0	63.8	63.8	glrA,rnhA,sexP	glrA,rnhA,sexP		
GCA_002105135.1_Synrac1	Mucoromycota:MAT	MCGN01000010.1	279415-323593	279415-323593	withheld:modelled_gene_bar+polish_capped	withheld:modelled_gene_bar+polish_capped	undetermined	undetermined							hsp_fragment	hsp_fragment	21.0	21.0	0.0	41.7	41.7	btbA,sexP	btbA,sexP		
GCA_002105135.1_Synrac1	Mucoromycota:MAT	MCGN01000010.1	720920-736917	720920-736917	withheld:modelled_gene_bar+polish_capped	withheld:modelled_gene_bar	Minus	Minus							hsp_fragment	model	32.3	34.2	1.9	102.4	100.2	rnhA,sexM	rnhA,sexM		withheld_reason_changed,classifier_input_changed
GCA_002105135.1_Synrac1	Mucoromycota:MAT	MCGN01000010.1	1330294-1370355	1330294-1370355	withheld:modelled_gene_bar+polish_capped	withheld:modelled_gene_bar+polish_capped	undetermined	undetermined							hsp_fragment	hsp_fragment	0.0	0.0	0.0	0.0	0.0	sexM,sexP	sexM,sexP		
GCA_002105135.1_Synrac1	Mucoromycota:MAT	MCGN01000001.1	1493625-1545999	1493625-1545999	withheld:modelled_gene_bar	withheld:modelled_gene_bar	undetermined	undetermined							hsp_fragment	hsp_fragment	10.8	10.8	0.0	56.6	56.6	sexP,tptA	sexP,tptA		
GCA_002105135.1_Synrac1	Mucoromycota:MAT	MCGN01000001.1	3527360-3567080	3527360-3567080	withheld:modelled_gene_bar	withheld:modelled_gene_bar+polish_capped	undetermined	undetermined							model	hsp_fragment	10.0	6.5	-3.5	71.3	48.5	glrA,sexM	glrA,sexM		withheld_reason_changed,classifier_input_changed
GCA_002105135.1_Synrac1	Mucoromycota:MAT	MCGN01000003.1	1798659-1823338	1798659-1823338	withheld:modelled_gene_bar+polish_capped	withheld:modelled_gene_bar+polish_capped	undetermined	undetermined							hsp_fragment	hsp_fragment	21.6	21.6	0.0	35.5	35.5	sexM,sexP	sexM,sexP		
GCA_002105135.1_Synrac1	Mucoromycota:MAT	MCGN01000003.1	2733836-2739023	2733836-2739023	withheld:modelled_gene_bar+polish_capped	withheld:modelled_gene_bar+polish_capped	undetermined	undetermined							hsp_fragment	hsp_fragment	0.0	0.0	0.0	0.0	0.0	algA,sexP	algA,sexP		
GCA_002105135.1_Synrac1	Mucoromycota:MAT	MCGN01000004.1	2072122-2116452	2072122-2116452	withheld:modelled_gene_bar+polish_capped	withheld:modelled_gene_bar+polish_capped	undetermined	undetermined							hsp_fragment	hsp_fragment	3.0	3.0	0.0	5.7	5.7	algA,sexP	algA,sexP		
GCA_002105135.1_Synrac1	Mucoromycota:MAT	MCGN01000004.1	2176072-2211763	2176072-2211763	withheld:modelled_gene_bar+polish_capped	withheld:modelled_gene_bar+polish_capped	undetermined	undetermined							hsp_fragment	hsp_fragment	0.0	0.0	0.0	0.0	0.0	btbA,sexP	btbA,sexP		
GCA_002105135.1_Synrac1	Mucoromycota:MAT	MCGN01000008.1	32920-68524	32920-68524	withheld:modelled_gene_bar+polish_capped	withheld:modelled_gene_bar+polish_capped	undetermined	undetermined							hsp_fragment	hsp_fragment	2.8	2.8	0.0	2.8	2.8	rnhA,sexP	rnhA,sexP		
GCA_002105135.1_Synrac1	Mucoromycota:MAT	MCGN01000008.1	121140-152812	121140-152812	withheld:modelled_gene_bar+polish_capped	withheld:modelled_gene_bar+polish_capped	undetermined	undetermined							hsp_fragment	hsp_fragment	2.8	2.8	0.0	2.8	2.8	rnhA,sexP	rnhA,sexP		
GCA_002105135.1_Synrac1	Mucoromycota:MAT	MCGN01000008.1	1641586-1687351	1641586-1687351	withheld:modelled_gene_bar+polish_capped	withheld:modelled_gene_bar+polish_capped	undetermined	undetermined							hsp_fragment	hsp_fragment	18.8	18.8	0.0	34.5	34.5	sexM,sexP	sexM,sexP		
GCA_002105135.1_Synrac1	Mucoromycota:MAT	MCGN01000002.1	1000760-1035668	1000760-1035668	withheld:modelled_gene_bar+polish_capped	withheld:modelled_gene_bar+polish_capped	undetermined	undetermined							hsp_fragment	hsp_fragment	3.6	3.6	0.0	3.6	3.6	rnhA,sexM	rnhA,sexM		
GCA_002105135.1_Synrac1	Mucoromycota:MAT	MCGN01000002.1	2430517-2453499	2430517-2453499	withheld:modelled_gene_bar+polish_capped	withheld:modelled_gene_bar+polish_capped	undetermined	undetermined							hsp_fragment	hsp_fragment	2.0	2.0	0.0	27.5	27.5	sexM,sexP	sexM,sexP		
GCA_002105135.1_Synrac1	Mucoromycota:MAT	MCGN01000007.1	466377-491320	466377-491320	withheld:modelled_gene_bar+polish_capped	withheld:modelled_gene_bar+polish_capped	undetermined	undetermined							hsp_fragment	hsp_fragment	0.0	0.0	0.0	0.0	0.0	rnhA,sexM	rnhA,sexM		
GCA_002105135.1_Synrac1	Mucoromycota:MAT	MCGN01000005.1	1081418-1128914	1081418-1128914	withheld:modelled_gene_bar+polish_capped	withheld:modelled_gene_bar+polish_capped	undetermined	undetermined							hsp_fragment	hsp_fragment	0.0	0.0	0.0	0.0	0.0	glrA,sexM	glrA,sexM		
GCA_002105135.1_Synrac1	Mucoromycota:MAT	MCGN01000001.1	1493625-1545999	1493625-1545999	withheld:below_fraction_floor	withheld:below_fraction_floor	undetermined	undetermined							hsp_fragment	hsp_fragment	10.8	10.8	0.0	56.6	56.6	sexP,tptA	sexP,tptA		
GCA_002105135.1_Synrac1	Mucoromycota:MAT	MCGN01000001.1	3527360-3567080		withheld:below_fraction_floor	absent	undetermined								model		10.0			71.3		glrA,sexM			withheld_reason_changed
GCA_002105135.1_Synrac1	Mucoromycota:MAT	MCGN01000010.1		720920-736917	absent	withheld:below_fraction_floor		Minus								model		34.2			100.2		rnhA,sexM		withheld_reason_changed
GCA_002261195.1_ASM226119v1	Mucoromycota:MAT	MVBO01000065.1	36385-65492	36385-65492	withheld:modelled_gene_bar	withheld:modelled_gene_bar	undetermined	undetermined							hsp_fragment	hsp_fragment	0.0	0.0	0.0	0.0	0.0	glrA,rnhA,sexM	glrA,rnhA,sexM		
GCA_002261195.1_ASM226119v1	Mucoromycota:MAT	MVBO01000033.1	16845-25799	16845-25799	withheld:modelled_gene_bar	withheld:modelled_gene_bar	undetermined	undetermined							hsp_fragment	hsp_fragment	0.0	0.0	0.0	0.0	0.0	glrA,sexP,tptA	glrA,sexP,tptA		
GCA_002261195.1_ASM226119v1	Mucoromycota:MAT	MVBO01000017.1	128046-152097	128046-152097	withheld:modelled_gene_bar	withheld:modelled_gene_bar	Minus	Minus							model	model	32.0	32.0	0.0	85.1	85.1	sexM,sexP	sexM,sexP		
GCA_002261195.1_ASM226119v1	Mucoromycota:MAT	MVBO01000140.1	2101-15400	2101-15400	withheld:modelled_gene_bar+polish_capped	withheld:modelled_gene_bar+polish_capped	undetermined	undetermined							hsp_fragment	hsp_fragment	1.6	1.6	0.0	1.6	1.6	glrA,sexM	glrA,sexM		
GCA_002261195.1_ASM226119v1	Mucoromycota:MAT	MVBO01000093.1	14126-33133	14126-33133	withheld:modelled_gene_bar+polish_capped	withheld:modelled_gene_bar+polish_capped	undetermined	undetermined							hsp_fragment	hsp_fragment	0.0	0.0	0.0	0.0	0.0	rnhA,sexM	rnhA,sexM		
GCA_002261195.1_ASM226119v1	Mucoromycota:MAT	MVBO01000027.1	113718-114436	113718-114436	withheld:modelled_gene_bar+polish_capped	withheld:modelled_gene_bar+polish_capped	undetermined	undetermined							hsp_fragment	hsp_fragment	5.9	5.9	0.0	35.7	35.7	sexM,sexP	sexM,sexP		
GCA_002261195.1_ASM226119v1	Mucoromycota:MAT	MVBO01000028.1	117928-139975	117928-139975	withheld:modelled_gene_bar+polish_capped	withheld:modelled_gene_bar+polish_capped	undetermined	undetermined							hsp_fragment	hsp_fragment	0.0	0.0	0.0	0.0	0.0	rnhA,sexM	rnhA,sexM		
GCA_002261195.1_ASM226119v1	Mucoromycota:MAT	MVBO01000040.1	23288-41010	23288-41010	withheld:modelled_gene_bar+polish_capped	withheld:modelled_gene_bar+polish_capped	undetermined	undetermined							hsp_fragment	hsp_fragment	3.9	3.9	0.0	4.6	4.6	sexP,tptA	sexP,tptA		
GCA_002261195.1_ASM226119v1	Mucoromycota:MAT	MVBO01000049.1	40889-76060	40889-76060	withheld:modelled_gene_bar	withheld:modelled_gene_bar	undetermined	undetermined							hsp_fragment	hsp_fragment	0.0	0.0	0.0	0.0	0.0	btbA,glrA,sexP	btbA,glrA,sexP		
GCA_002261195.1_ASM226119v1	Mucoromycota:MAT	MVBO01000030.1	103182-118745	103182-118745	withheld:modelled_gene_bar	withheld:modelled_gene_bar	undetermined	undetermined							hsp_fragment	hsp_fragment	0.3	0.3	0.0	0.3	0.3	glrA,sexP	glrA,sexP		
GCA_002261195.1_ASM226119v1	Mucoromycota:MAT	MVBO01000067.1	7693-33222	7693-33222	withheld:modelled_gene_bar+polish_capped	withheld:modelled_gene_bar+polish_capped	undetermined	undetermined							hsp_fragment	hsp_fragment	0.5	0.5	0.0	0.5	0.5	glrA,sexP	glrA,sexP		
GCA_002261195.1_ASM226119v1	Mucoromycota:MAT	MVBO01000010.1	140753-158364	140753-158364	withheld:modelled_gene_bar+polish_capped	withheld:modelled_gene_bar+polish_capped	undetermined	undetermined							hsp_fragment	hsp_fragment	0.0	0.0	0.0	0.0	0.0	glrA,sexP	glrA,sexP		
GCA_002261195.1_ASM226119v1	Mucoromycota:MAT	MVBO01000057.1	61753-62978	61753-62978	withheld:modelled_gene_bar	withheld:modelled_gene_bar	undetermined	undetermined							hsp_fragment	hsp_fragment	0.3	0.3	0.0	0.3	0.3	rnhA,sexP	rnhA,sexP		
GCA_002261195.1_ASM226119v1	Mucoromycota:MAT	MVBO01000048.1	10976-14092	10976-14092	withheld:modelled_gene_bar+polish_capped	withheld:modelled_gene_bar+polish_capped	undetermined	undetermined							hsp_fragment	hsp_fragment	0.0	0.0	0.0	0.0	0.0	glrA,sexM	glrA,sexM		
GCA_002261195.1_ASM226119v1	Mucoromycota:MAT	MVBO01000017.1	128046-152097	128046-152097	withheld:below_fraction_floor	withheld:below_fraction_floor	Minus	Minus							model	model	32.0	32.0	0.0	85.1	85.1	sexM,sexP	sexM,sexP		
GCA_002261195.1_ASM226119v1	Mucoromycota:MAT	MVBO01000049.1	40889-76060	40889-76060	withheld:below_fraction_floor	withheld:below_fraction_floor	undetermined	undetermined							hsp_fragment	hsp_fragment	0.0	0.0	0.0	0.0	0.0	btbA,glrA,sexP	btbA,glrA,sexP		
GCA_002261195.1_ASM226119v1	Mucoromycota:MAT	MVBO01000030.1	103182-118745	103182-118745	withheld:below_fraction_floor	withheld:below_fraction_floor	undetermined	undetermined							hsp_fragment	hsp_fragment	0.3	0.3	0.0	0.3	0.3	glrA,sexP	glrA,sexP		
GCA_003951145.1_OSU_Jimlac_1.0	Mucoromycota:MAT	RQIL01042027.1	859-6103	859-6103	withheld:modelled_gene_bar	withheld:modelled_gene_bar	undetermined	undetermined							hsp_fragment	hsp_fragment	0.0	0.0	0.0	0.0	0.0	btbA,sexM	btbA,sexM		
GCA_003990765.1_Jimfl_AD_1	Mucoromycota:MAT	RBNJ01000257.1	9859-18093	9859-18093	withheld:modelled_gene_bar	withheld:modelled_gene_bar	undetermined	undetermined							hsp_fragment	hsp_fragment	0.0	0.0	0.0	0.0	0.0	btbA,sexM	btbA,sexM		
GCA_008728235.1_ASM872823v1	Mucoromycota:MAT	CP031825.1	1525061-1603796	1525061-1603796	withheld:modelled_gene_bar	withheld:modelled_gene_bar	undetermined	undetermined							model	model	7.5	7.5	0.0	51.8	51.8	algA,sexM,sexP,tptA	algA,sexM,sexP,tptA		
GCA_008728235.1_ASM872823v1	Mucoromycota:MAT	CP031823.1	1318483-1362706	1318483-1362706	withheld:modelled_gene_bar	withheld:modelled_gene_bar	undetermined	undetermined							hsp_fragment	hsp_fragment	0.0	0.0	0.0	0.0	0.0	algA,rnhA,sexP	algA,rnhA,sexP		
GCA_008728235.1_ASM872823v1	Mucoromycota:MAT	CP031827.1	1753145-1790468	1753145-1790468	withheld:modelled_gene_bar	withheld:modelled_gene_bar	undetermined	undetermined							hsp_fragment	hsp_fragment	10.6	10.6	0.0	39.2	39.2	rnhA,sexM,sexP	rnhA,sexM,sexP		
GCA_008728235.1_ASM872823v1	Mucoromycota:MAT	CP031829.1	1154800-1167443	1154800-1167443	withheld:modelled_gene_bar+polish_capped	withheld:modelled_gene_bar+polish_capped	undetermined	undetermined							hsp_fragment	hsp_fragment	0.0	0.0	0.0	0.0	0.0	rnhA,sexM	rnhA,sexM		
GCA_008728235.1_ASM872823v1	Mucoromycota:MAT	CP031825.1	241120-263589	241120-263589	withheld:modelled_gene_bar+polish_capped	withheld:modelled_gene_bar+polish_capped	undetermined	undetermined							hsp_fragment	hsp_fragment	0.0	0.0	0.0	0.0	0.0	rnhA,sexM	rnhA,sexM		
GCA_008728235.1_ASM872823v1	Mucoromycota:MAT	CP031826.1	2077259-2077818	2077259-2077818	withheld:modelled_gene_bar+polish_capped	withheld:modelled_gene_bar+polish_capped	undetermined	undetermined							hsp_fragment	hsp_fragment	11.7	11.7	0.0	55.2	55.2	sexM,sexP	sexM,sexP		
GCA_008728235.1_ASM872823v1	Mucoromycota:MAT	CP031828.1	538478-579550	538478-579550	withheld:modelled_gene_bar	withheld:modelled_gene_bar	undetermined	undetermined							hsp_fragment	hsp_fragment	14.8	14.8	0.0	62.5	62.5	rnhA,sexM	rnhA,sexM		
GCA_008728235.1_ASM872823v1	Mucoromycota:MAT	CP031824.1	3479334-3489594	3479334-3489594	withheld:modelled_gene_bar+polish_capped	withheld:modelled_gene_bar+polish_capped	undetermined	undetermined							hsp_fragment	hsp_fragment	0.0	0.0	0.0	0.0	0.0	btbA,sexM	btbA,sexM		
GCA_008728235.1_ASM872823v1	Mucoromycota:MAT	CP031823.1	514662-550993	514662-550993	withheld:modelled_gene_bar+polish_capped	withheld:modelled_gene_bar+polish_capped	undetermined	undetermined							hsp_fragment	hsp_fragment	0.5	0.5	0.0	1.1	1.1	btbA,sexM	btbA,sexM		
GCA_008728235.1_ASM872823v1	Mucoromycota:MAT	CP031823.1	1493274-1523841	1493274-1523841	withheld:modelled_gene_bar+polish_capped	withheld:modelled_gene_bar+polish_capped	undetermined	undetermined							hsp_fragment	hsp_fragment	2.9	2.9	0.0	2.9	2.9	algA,sexP	algA,sexP		
GCA_008728235.1_ASM872823v1	Mucoromycota:MAT	CP031823.1	3759307-3781109	3759307-3781109	withheld:modelled_gene_bar	withheld:modelled_gene_bar	undetermined	undetermined							hsp_fragment	hsp_fragment	0.0	0.0	0.0	0.0	0.0	algA,sexM	algA,sexM		
GCA_008728235.1_ASM872823v1	Mucoromycota:MAT	CP031823.1	5747168-5778600	5747168-5778600	withheld:modelled_gene_bar	withheld:modelled_gene_bar	undetermined	undetermined							model	model	22.0	22.0	0.0	37.6	37.6	rnhA,sexM	rnhA,sexM		
GCA_008728235.1_ASM872823v1	Mucoromycota:MAT	CP031831.1	1661846-1683206	1661846-1683206	withheld:modelled_gene_bar+polish_capped	withheld:modelled_gene_bar+polish_capped	undetermined	undetermined							hsp_fragment	hsp_fragment	0.0	0.0	0.0	0.0	0.0	glrA,sexM	glrA,sexM		
GCA_008728235.1_ASM872823v1	Mucoromycota:MAT	CP031831.1	2225845-2276414	2225845-2276414	withheld:modelled_gene_bar+polish_capped	withheld:modelled_gene_bar+polish_capped	undetermined	undetermined							hsp_fragment	hsp_fragment	2.2	2.2	0.0	35.0	35.0	sexM,sexP	sexM,sexP		
GCA_008728235.1_ASM872823v1	Mucoromycota:MAT	CP031827.1	146010-171041	146010-171041	withheld:modelled_gene_bar+polish_capped	withheld:modelled_gene_bar+polish_capped	undetermined	undetermined							hsp_fragment	hsp_fragment	0.0	0.0	0.0	0.0	0.0	glrA,sexM	glrA,sexM		
GCA_008728235.1_ASM872823v1	Mucoromycota:MAT	CP031827.1	337893-365656	337893-365656	withheld:modelled_gene_bar+polish_capped	withheld:modelled_gene_bar+polish_capped	undetermined	undetermined							hsp_fragment	hsp_fragment	0.6	0.6	0.0	0.6	0.6	rnhA,sexP	rnhA,sexP		
GCA_008728235.1_ASM872823v1	Mucoromycota:MAT	CP031823.1	3759307-3781109	3759307-3781109	withheld:below_fraction_floor	withheld:below_fraction_floor	undetermined	undetermined							hsp_fragment	hsp_fragment	0.0	0.0	0.0	0.0	0.0	algA,sexM	algA,sexM		
GCA_008728235.1_ASM872823v1	Mucoromycota:MAT	CP031823.1	5747168-5778600	5747168-5778600	withheld:below_fraction_floor	withheld:below_fraction_floor	undetermined	undetermined							model	model	22.0	22.0	0.0	37.6	37.6	rnhA,sexM	rnhA,sexM		
GCA_013461545.1_ASM1346154v1	Mucoromycota:MAT	VAFG01000366.1	411585-427843	411585-427843	called	called	Minus	Minus	medium	medium	partial_locus	partial_locus			model	model	35.1	35.1	0.0	105.7	105.7	rnhA,sexM	rnhA,sexM		
GCA_013461545.1_ASM1346154v1	Mucoromycota:MAT	VAFG01000274.1	1280660-1350258	1280660-1350258	withheld:modelled_gene_bar	withheld:modelled_gene_bar	undetermined	undetermined														algA,glrA,rnhA	algA,glrA,rnhA		
GCA_013461545.1_ASM1346154v1	Mucoromycota:MAT	VAFG01000239.1	426531-533668	426531-533668	withheld:modelled_gene_bar	withheld:modelled_gene_bar	undetermined	undetermined							hsp_fragment	hsp_fragment	0.0	0.0	0.0	0.0	0.0	algA,rnhA,sexM	algA,rnhA,sexM		
GCA_013461545.1_ASM1346154v1	Mucoromycota:MAT	VAFG01000372.1	1165513-1198027	1165513-1198027	withheld:modelled_gene_bar	withheld:modelled_gene_bar	undetermined	undetermined							hsp_fragment	hsp_fragment	0.0	0.0	0.0	0.0	0.0	rnhA,sexM,tptA	rnhA,sexM,tptA		
GCA_013461545.1_ASM1346154v1	Mucoromycota:MAT	VAFG01000311.1	49764-60073	49764-60073	withheld:modelled_gene_bar+polish_capped	withheld:modelled_gene_bar+polish_capped	undetermined	undetermined							hsp_fragment	hsp_fragment	0.0	0.0	0.0	0.0	0.0	rnhA,sexP,tptA	rnhA,sexP,tptA		
GCA_013461545.1_ASM1346154v1	Mucoromycota:MAT	VAFG01000280.1	79710-109889	79710-109889	withheld:modelled_gene_bar+polish_capped	withheld:modelled_gene_bar+polish_capped	undetermined	undetermined							hsp_fragment	hsp_fragment	0.4	0.4	0.0	0.4	0.4	glrA,rnhA,sexM	glrA,rnhA,sexM		
GCA_013461545.1_ASM1346154v1	Mucoromycota:MAT	VAFG01000274.1	404933-435802	404933-435802	withheld:modelled_gene_bar+polish_capped	withheld:modelled_gene_bar+polish_capped	undetermined	undetermined							hsp_fragment	hsp_fragment	14.0	14.0	0.0	70.2	70.2	sexM,sexP	sexM,sexP		
GCA_013461545.1_ASM1346154v1	Mucoromycota:MAT	VAFG01000366.1	788985-790064	788985-790064	withheld:modelled_gene_bar+polish_capped	withheld:modelled_gene_bar+polish_capped	undetermined	undetermined							hsp_fragment	hsp_fragment	7.5	7.5	0.0	37.1	37.1	sexM,sexP	sexM,sexP		
GCA_013461545.1_ASM1346154v1	Mucoromycota:MAT	VAFG01000372.1	1056934-1093273	1056934-1093273	withheld:modelled_gene_bar+polish_capped	withheld:modelled_gene_bar+polish_capped	undetermined	undetermined							hsp_fragment	hsp_fragment	0.8	0.8	0.0	0.8	0.8	sexM,sexP	sexM,sexP		
GCA_013461545.1_ASM1346154v1	Mucoromycota:MAT	VAFG01000370.1	213568-252621	213568-252621	withheld:modelled_gene_bar	withheld:modelled_gene_bar	Minus	Minus							model	model	31.6	31.6	0.0	82.6	82.6	algA,sexM	algA,sexM		
GCA_013461545.1_ASM1346154v1	Mucoromycota:MAT	VAFG01000328.1	186113-186952	186113-186952	withheld:modelled_gene_bar+polish_capped	withheld:modelled_gene_bar+polish_capped	undetermined	undetermined							hsp_fragment	hsp_fragment	7.8	7.8	0.0	58.6	58.6	sexM,sexP	sexM,sexP		
GCA_013461545.1_ASM1346154v1	Mucoromycota:MAT	VAFG01000304.1	167499-210926	167499-210926	withheld:modelled_gene_bar+polish_capped	withheld:modelled_gene_bar+polish_capped	undetermined	undetermined							hsp_fragment	hsp_fragment	19.0	19.0	0.0	37.4	37.4	algA,sexP	algA,sexP		
GCA_013461545.1_ASM1346154v1	Mucoromycota:MAT	VAFG01000297.1	523518-543545	523518-543545	withheld:modelled_gene_bar+polish_capped	withheld:modelled_gene_bar+polish_capped	undetermined	undetermined							hsp_fragment	hsp_fragment	15.1	15.1	0.0	36.6	36.6	glrA,sexP	glrA,sexP		
GCA_013461545.1_ASM1346154v1	Mucoromycota:MAT	VAFG01000297.1	1331767-1382024	1331767-1382024	withheld:modelled_gene_bar	withheld:modelled_gene_bar	undetermined	undetermined							hsp_fragment	hsp_fragment	0.2	0.2	0.0	0.2	0.2	btbA,sexM,tptA	btbA,sexM,tptA		
GCA_013461545.1_ASM1346154v1	Mucoromycota:MAT	VAFG01000258.1	30295-67521	30295-67521	withheld:modelled_gene_bar+polish_capped	withheld:modelled_gene_bar+polish_capped	undetermined	undetermined							hsp_fragment	hsp_fragment	15.5	15.5	0.0	27.7	27.7	sexM,sexP	sexM,sexP		
GCA_013461545.1_ASM1346154v1	Mucoromycota:MAT	VAFG01000270.1	219268-251996	219268-251996	withheld:modelled_gene_bar+polish_capped	withheld:modelled_gene_bar+polish_capped	undetermined	undetermined							hsp_fragment	hsp_fragment	0.0	0.0	0.0	0.0	0.0	sexM,tptA	sexM,tptA		
GCA_013461545.1_ASM1346154v1	Mucoromycota:MAT	VAFG01000240.1	49709-83855	49709-83855	withheld:modelled_gene_bar+polish_capped	withheld:modelled_gene_bar+polish_capped	undetermined	undetermined							hsp_fragment	hsp_fragment	0.4	0.4	0.0	0.4	0.4	rnhA,sexP	rnhA,sexP		
GCA_013461545.1_ASM1346154v1	Mucoromycota:MAT	VAFG01000339.1	301016-319683	301016-319683	withheld:modelled_gene_bar+polish_capped	withheld:modelled_gene_bar+polish_capped	undetermined	undetermined							hsp_fragment	hsp_fragment	0.4	0.4	0.0	0.4	0.4	algA,sexP	algA,sexP		
GCA_013461545.1_ASM1346154v1	Mucoromycota:MAT	VAFG01000207.1	54794-65240	54794-65240	withheld:modelled_gene_bar+polish_capped	withheld:modelled_gene_bar+polish_capped	undetermined	undetermined							hsp_fragment	hsp_fragment	0.0	0.0	0.0	0.0	0.0	rnhA,sexM	rnhA,sexM		
GCA_013461545.1_ASM1346154v1	Mucoromycota:MAT	VAFG01000370.1	366145-396835	366145-396835	withheld:paralog_class	withheld:paralog_class	undetermined	undetermined							model	model	11.4	11.4	0.0	63.2	63.2	glrA,sexP	glrA,sexP		
GCA_013461545.1_ASM1346154v1	Mucoromycota:MAT	VAFG01000370.1	213568-252621	213568-252621	withheld:below_fraction_floor	withheld:below_fraction_floor	Minus	Minus							model	model	31.6	31.6	0.0	82.6	82.6	algA,sexM	algA,sexM		
GCA_013461545.1_ASM1346154v1	Mucoromycota:MAT	VAFG01000370.1	366145-396835	366145-396835	withheld:below_fraction_floor	withheld:below_fraction_floor	undetermined	undetermined							model	model	11.4	11.4	0.0	63.2	63.2	glrA,sexP	glrA,sexP		
GCA_016758895.1_ASM1675889v1	Mucoromycota:MAT	JAEPRA010000016.1	121114-158571	121114-158571	called	called	Minus	Minus	high	high	mat_locus	mat_locus			model	model	100.6	100.6	0.0	127.3	127.3	algA,glrA,rnhA,sexM,tptA	algA,glrA,rnhA,sexM,tptA		
GCA_016758895.1_ASM1675889v1	Mucoromycota:MAT	JAEPRA010000006.1	409746-447596	409746-447596	withheld:modelled_gene_bar	withheld:modelled_gene_bar	undetermined	undetermined							hsp_fragment	hsp_fragment	0.0	0.0	0.0	0.0	0.0	algA,btbA,rnhA,sexM,tptA	algA,btbA,rnhA,sexM,tptA		
GCA_016758895.1_ASM1675889v1	Mucoromycota:MAT	JAEPRA010000006.1	996923-1027647	996923-1027647	withheld:modelled_gene_bar+polish_capped	withheld:modelled_gene_bar+polish_capped	undetermined	undetermined							hsp_fragment	hsp_fragment	10.2	10.2	0.0	66.5	66.5	sexM,sexP,tptA	sexM,sexP,tptA		
GCA_016758895.1_ASM1675889v1	Mucoromycota:MAT	JAEPRA010000006.1	1191089-1216229	1191089-1216229	withheld:modelled_gene_bar+polish_capped	withheld:modelled_gene_bar+polish_capped	undetermined	undetermined							hsp_fragment	hsp_fragment	8.9	8.9	0.0	38.1	38.1	sexM,sexP,tptA	sexM,sexP,tptA		
GCA_016758895.1_ASM1675889v1	Mucoromycota:MAT	JAEPRA010000002.1	401580-441958	401580-441958	withheld:modelled_gene_bar+polish_capped	withheld:modelled_gene_bar+polish_capped	undetermined	undetermined							hsp_fragment	hsp_fragment	0.3	0.3	0.0	3.5	3.5	glrA,sexM,sexP	glrA,sexM,sexP		
GCA_016758895.1_ASM1675889v1	Mucoromycota:MAT	JAEPRA010000008.1	765608-815301	765608-815301	withheld:modelled_gene_bar+polish_capped	withheld:modelled_gene_bar+polish_capped	undetermined	undetermined							hsp_fragment	hsp_fragment	0.0	0.0	0.0	0.0	0.0	sexM,sexP,tptA	sexM,sexP,tptA		
GCA_016758895.1_ASM1675889v1	Mucoromycota:MAT	JAEPRA010000018.1	8663-69791	8663-69791	withheld:modelled_gene_bar+polish_capped	withheld:modelled_gene_bar+polish_capped	undetermined	undetermined							hsp_fragment	hsp_fragment	3.2	3.2	0.0	25.5	25.5	algA,sexM,sexP	algA,sexM,sexP		
GCA_016758895.1_ASM1675889v1	Mucoromycota:MAT	JAEPRA010000001.1	1786097-1829716	1786097-1829716	withheld:modelled_gene_bar	withheld:modelled_gene_bar	undetermined	undetermined														algA,rnhA,tptA	algA,rnhA,tptA		
GCA_016758895.1_ASM1675889v1	Mucoromycota:MAT	JAEPRA010000005.1	1237981-1304290	1237981-1304290	withheld:modelled_gene_bar+polish_capped	withheld:modelled_gene_bar+polish_capped	undetermined	undetermined							hsp_fragment	hsp_fragment	0.0	0.0	0.0	0.0	0.0	algA,sexM,sexP	algA,sexM,sexP		
GCA_016758895.1_ASM1675889v1	Mucoromycota:MAT	JAEPRA010000025.1	9311-67423	9311-67423	withheld:modelled_gene_bar+polish_capped	withheld:modelled_gene_bar+polish_capped	undetermined	undetermined							hsp_fragment	hsp_fragment	7.2	7.2	0.0	18.4	18.4	sexM,sexP,tptA	sexM,sexP,tptA		
GCA_016758895.1_ASM1675889v1	Mucoromycota:MAT	JAEPRA010000012.1	484362-638427	484362-638427	withheld:mat_gene_gate	withheld:mat_gene_gate	undetermined	undetermined							model	model	24.8	24.8	0.0	40.2	40.2	algA,rnhA,sexM,sexP	algA,rnhA,sexM,sexP		
GCA_016758895.1_ASM1675889v1	Mucoromycota:MAT	JAEPRA010000013.1	464389-524313	464389-524313	withheld:below_fraction_floor	withheld:below_fraction_floor	undetermined	undetermined							hsp_fragment	hsp_fragment	3.5	3.5	0.0	3.5	3.5	btbA,rnhA,sexP	btbA,rnhA,sexP		
GCA_016758905.1_ASM1675890v1	Mucoromycota:MAT	JAEPQZ010000017.1	346151-417047	346151-417047	called	called	Plus	Plus	medium	medium	mat_locus	mat_locus			model	model	76.5	76.5	0.0	111.2	111.2	algA,sexM,sexP,tptA	algA,sexM,sexP,tptA		
GCA_016758905.1_ASM1675890v1	Mucoromycota:MAT	JAEPQZ010000010.1	530273-601057	530273-601057	withheld:modelled_gene_bar	withheld:modelled_gene_bar	undetermined	undetermined														algA,rnhA,tptA	algA,rnhA,tptA		
GCA_016758905.1_ASM1675890v1	Mucoromycota:MAT	JAEPQZ010000001.1	597024-674078	597024-674078	withheld:modelled_gene_bar+polish_capped	withheld:modelled_gene_bar+polish_capped	undetermined	undetermined							hsp_fragment	hsp_fragment	12.8	12.8	0.0	31.6	31.6	glrA,sexM,tptA	glrA,sexM,tptA		
GCA_016758905.1_ASM1675890v1	Mucoromycota:MAT	JAEPQZ010000005.1	458545-526026	458545-526026	withheld:modelled_gene_bar	withheld:modelled_gene_bar	undetermined	undetermined							hsp_fragment	hsp_fragment	0.0	0.0	0.0	0.0	0.0	glrA,sexM,sexP	glrA,sexM,sexP		
GCA_016758905.1_ASM1675890v1	Mucoromycota:MAT	JAEPQZ010000012.1	521239-575901	521239-575901	withheld:modelled_gene_bar	withheld:modelled_gene_bar	undetermined	undetermined							model	model	16.1	16.1	0.0	34.3	34.3	algA,sexP,tptA	algA,sexP,tptA		
GCA_016758905.1_ASM1675890v1	Mucoromycota:MAT	JAEPQZ010000017.1	57979-119940	57979-119940	withheld:flank_carried_core_outside_flank_span	withheld:flank_carried_core_outside_flank_span	undetermined	undetermined							hsp_fragment	hsp_fragment	6.5	6.5	0.0	6.5	6.5	glrA,rnhA,sexP	glrA,rnhA,sexP		
GCA_016758905.1_ASM1675890v1	Mucoromycota:MAT	JAEPQZ010000008.1	859756-895284	859756-895284	withheld:below_fraction_floor	withheld:below_fraction_floor	undetermined	undetermined							hsp_fragment	hsp_fragment	0.4	0.4	0.0	1.9	1.9	btbA,sexM,sexP	btbA,sexM,sexP		
GCA_016758965.1_ASM1675896v1	Mucoromycota:MAT	JAEPRB010000215.1	20094-33758	20094-33758	withheld:modelled_gene_bar	withheld:modelled_gene_bar	undetermined	undetermined														algA,rnhA,tptA	algA,rnhA,tptA		
GCA_016758965.1_ASM1675896v1	Mucoromycota:MAT	JAEPRB010000022.1	91114-117542	91114-117542	withheld:modelled_gene_bar	withheld:modelled_gene_bar	undetermined	undetermined							hsp_fragment	hsp_fragment	0.0	0.0	0.0	0.0	0.0	glrA,sexM,tptA	glrA,sexM,tptA		
GCA_016758965.1_ASM1675896v1	Mucoromycota:MAT	JAEPRB010000375.1	18259-19203	18259-19203	withheld:modelled_gene_bar	withheld:modelled_gene_bar	undetermined	undetermined							model	model	6.9	6.9	0.0	58.5	58.5	sexM,sexP	sexM,sexP		
GCA_016758965.1_ASM1675896v1	Mucoromycota:MAT	JAEPRB010000163.1	21838-23613	21838-23613	withheld:modelled_gene_bar	withheld:modelled_gene_bar	undetermined	undetermined							hsp_fragment	hsp_fragment	1.9	1.9	0.0	36.2	36.2	sexM,sexP	sexM,sexP		
GCA_016758965.1_ASM1675896v1	Mucoromycota:MAT	JAEPRB010000155.1	10467-11482	10467-11482	withheld:modelled_gene_bar	withheld:modelled_gene_bar	undetermined	undetermined							hsp_fragment	hsp_fragment	5.7	5.7	0.0	37.0	37.0	sexM,sexP	sexM,sexP		
GCA_016758965.1_ASM1675896v1	Mucoromycota:MAT	JAEPRB010000020.1	310559-318219	310559-318219	withheld:mat_gene_gate	withheld:mat_gene_gate	Plus	Plus							model	model	54.2	54.2	0.0	86.4	86.4	rnhA,sexP	rnhA,sexP		
GCA_016758965.1_ASM1675896v1	Mucoromycota:MAT	JAEPRB010000121.1	89013-121182	89013-121182	withheld:mat_gene_gate	withheld:mat_gene_gate	undetermined	undetermined							model	model	20.4	20.4	0.0	36.8	36.8	glrA,sexP	glrA,sexP		
GCA_016758965.1_ASM1675896v1	Mucoromycota:MAT	JAEPRB010000375.1	18259-19203	18259-19203	withheld:below_fraction_floor	withheld:below_fraction_floor	undetermined	undetermined							model	model	6.9	6.9	0.0	58.5	58.5	sexM,sexP	sexM,sexP		
GCA_016758965.1_ASM1675896v1	Mucoromycota:MAT	JAEPRB010000020.1	310559-318219	310559-318219	withheld:below_fraction_floor	withheld:below_fraction_floor	Plus	Plus							model	model	54.2	54.2	0.0	86.4	86.4	rnhA,sexP	rnhA,sexP		
GCA_016758965.1_ASM1675896v1	Mucoromycota:MAT	JAEPRB010000121.1	89013-121182	89013-121182	withheld:below_fraction_floor	withheld:below_fraction_floor	undetermined	undetermined							model	model	20.4	20.4	0.0	36.8	36.8	glrA,sexP	glrA,sexP		
GCA_021235465.1_Umbelo1	Mucoromycota:MAT	JAJSME010000005.1	1355538-1373528	1355538-1373528	called	called	Plus	Plus	high	high	mat_locus	mat_locus			model	model	135.3	135.3	0.0	165.6	165.6	algA,glrA,sexP,tptA	algA,glrA,sexP,tptA		
GCA_021235465.1_Umbelo1	Mucoromycota:MAT	JAJSME010000008.1	416778-473462	416778-473462	withheld:modelled_gene_bar	withheld:modelled_gene_bar	undetermined	undetermined							hsp_fragment	hsp_fragment	2.0	2.0	0.0	2.0	2.0	glrA,sexM,tptA	glrA,sexM,tptA		
GCA_021235465.1_Umbelo1	Mucoromycota:MAT	JAJSME010000008.1	663969-713434	663969-713434	withheld:modelled_gene_bar	withheld:modelled_gene_bar	undetermined	undetermined														algA,glrA,rnhA	algA,glrA,rnhA		
GCA_021235465.1_Umbelo1	Mucoromycota:MAT	JAJSME010000004.1	1291416-1419253	1291416-1419253	withheld:modelled_gene_bar	withheld:modelled_gene_bar	undetermined	undetermined							hsp_fragment	hsp_fragment	1.5	1.5	0.0	1.5	1.5	btbA,rnhA,sexM,sexP	btbA,rnhA,sexM,sexP		
GCA_021235465.1_Umbelo1	Mucoromycota:MAT	JAJSME010000003.1	312063-379946	312063-379946	withheld:modelled_gene_bar	withheld:modelled_gene_bar	undetermined	undetermined							hsp_fragment	hsp_fragment	2.6	2.6	0.0	25.5	25.5	algA,sexM,sexP	algA,sexM,sexP		
GCA_021235465.1_Umbelo1	Mucoromycota:MAT	JAJSME010000003.1	1266804-1297247	1266804-1297247	withheld:modelled_gene_bar	withheld:modelled_gene_bar	undetermined	undetermined							hsp_fragment	hsp_fragment	5.4	5.4	0.0	5.4	5.4	rnhA,sexP,tptA	rnhA,sexP,tptA		
GCA_021235465.1_Umbelo1	Mucoromycota:MAT	JAJSME010000019.1	202165-250986	202165-250986	withheld:modelled_gene_bar+polish_capped	withheld:modelled_gene_bar+polish_capped	undetermined	undetermined							hsp_fragment	hsp_fragment	0.0	0.0	0.0	0.0	0.0	algA,glrA,sexM	algA,glrA,sexM		
GCA_021235465.1_Umbelo1	Mucoromycota:MAT	JAJSME010000012.1	349851-460492	349851-460492	withheld:modelled_gene_bar	withheld:modelled_gene_bar	undetermined	undetermined							hsp_fragment	hsp_fragment	0.0	0.0	0.0	0.0	0.0	algA,glrA,sexM,tptA	algA,glrA,sexM,tptA		
GCA_022702545.1_SJTU-YXQ	Mucoromycota:MAT	JAHRBC010000002.1	6830936-6852005	6830936-6852005	called	called	Minus	Minus	high	high	mat_locus	mat_locus			model	model	125.8	125.8	0.0	206.1	206.1	algA,rnhA,sexM,tptA	algA,rnhA,sexM,tptA		
GCA_022702545.1_SJTU-YXQ	Mucoromycota:MAT	JAHRBC010000003.1	3127770-3272889	3127770-3272889	withheld:modelled_gene_bar	withheld:modelled_gene_bar	Plus	Plus							hsp_fragment	hsp_fragment	40.6	40.6	0.0	55.7	55.7	rnhA,sexM,sexP	rnhA,sexM,sexP		
GCA_022702545.1_SJTU-YXQ	Mucoromycota:MAT	JAHRBC010000001.1	4415222-4465615	4415222-4465615	withheld:modelled_gene_bar	withheld:modelled_gene_bar	undetermined	undetermined							hsp_fragment	hsp_fragment	1.4	1.4	0.0	1.4	1.4	glrA,sexP,tptA	glrA,sexP,tptA		
GCA_022702545.1_SJTU-YXQ	Mucoromycota:MAT	JAHRBC010000004.1	1220621-1233398	1220621-1233398	withheld:modelled_gene_bar	withheld:modelled_gene_bar	undetermined	undetermined							hsp_fragment	hsp_fragment	0.0	0.0	0.0	0.0	0.0	rnhA,sexP,tptA	rnhA,sexP,tptA		
GCA_022702545.1_SJTU-YXQ	Mucoromycota:MAT	JAHRBC010000005.1	2790377-2853360	2790377-2853360	withheld:modelled_gene_bar	withheld:modelled_gene_bar	undetermined	undetermined							hsp_fragment	hsp_fragment	2.0	2.0	0.0	2.0	2.0	rnhA,sexM,tptA	rnhA,sexM,tptA		
GCA_022702545.1_SJTU-YXQ	Mucoromycota:MAT	JAHRBC010000003.1	3699624-3708309	3699624-3708309	withheld:below_fraction_floor	withheld:below_fraction_floor	undetermined	undetermined							model	model	9.2	9.2	0.0	75.3	75.3	sexM,tptA	sexM,tptA		
GCA_023512895.1_ASM2351289v1	Mucoromycota:MAT	JAKNBM010000127.1	3603-12755	3603-12755	called	called	Plus	Plus	medium	medium	idiomorph_gene_only	idiomorph_gene_only			model	model	87.4	87.4	0.0	202.6	202.6	sexM,sexP	sexM,sexP		
GCA_023512895.1_ASM2351289v1	Mucoromycota:MAT	JAKNBM010000724.1	1273-1644	1273-1644	withheld:modelled_gene_bar	withheld:modelled_gene_bar	undetermined	undetermined							hsp_fragment	hsp_fragment	0.0	0.0	0.0	0.0	0.0	sexP,tptA	sexP,tptA		
GCA_023512895.1_ASM2351289v1	Mucoromycota:MAT	JAKNBM010001198.1	3157-3670	3157-3670	withheld:below_fraction_floor	withheld:below_fraction_floor	undetermined	undetermined							model	model	22.6	22.6	0.0	81.4	81.4	sexM	sexM		
GCA_023629895.1_ASM2362989v1	Mucoromycota:MAT	JAMAMF010000009.1	28778-67637	28778-67637	withheld:modelled_gene_bar	withheld:modelled_gene_bar	undetermined	undetermined							hsp_fragment	hsp_fragment	5.6	5.6	0.0	30.9	30.9	rnhA,sexM,sexP	rnhA,sexM,sexP		
GCA_023629895.1_ASM2362989v1	Mucoromycota:MAT	JAMAMF010000038.1	3669-27657	3669-27657	withheld:modelled_gene_bar	withheld:modelled_gene_bar	undetermined	undetermined							hsp_fragment	hsp_fragment	4.7	4.7	0.0	48.6	48.6	sexP,tptA	sexP,tptA		
GCA_023629895.1_ASM2362989v1	Mucoromycota:MAT	JAMAMF010000364.1	10501-11425	10501-11425	withheld:modelled_gene_bar+polish_capped	withheld:modelled_gene_bar+polish_capped	undetermined	undetermined							hsp_fragment	hsp_fragment	7.5	7.5	0.0	38.0	38.0	sexM,sexP	sexM,sexP		
GCA_023629895.1_ASM2362989v1	Mucoromycota:MAT	JAMAMF010000008.1	70740-72279	70740-72279	withheld:modelled_gene_bar+polish_capped	withheld:modelled_gene_bar+polish_capped	undetermined	undetermined							hsp_fragment	hsp_fragment	2.4	2.4	0.0	35.3	35.3	sexM,sexP	sexM,sexP		
GCA_023629895.1_ASM2362989v1	Mucoromycota:MAT	JAMAMF010000051.1	12246-16380	12246-16380	withheld:modelled_gene_bar	withheld:modelled_gene_bar	undetermined	undetermined							hsp_fragment	hsp_fragment	7.3	7.3	0.0	29.3	29.3	rnhA,sexP	rnhA,sexP		
GCA_023629895.1_ASM2362989v1	Mucoromycota:MAT	JAMAMF010000048.1	38640-88622	38640-88622	withheld:modelled_gene_bar+polish_capped	withheld:modelled_gene_bar+polish_capped	undetermined	undetermined							hsp_fragment	hsp_fragment	0.5	0.5	0.0	2.0	2.0	rnhA,sexM	rnhA,sexM		
GCA_023629895.1_ASM2362989v1	Mucoromycota:MAT	JAMAMF010000198.1	34544-51544	34544-51544	withheld:modelled_gene_bar+polish_capped	withheld:modelled_gene_bar+polish_capped	undetermined	undetermined							hsp_fragment	hsp_fragment	8.7	8.7	0.0	23.3	23.3	rnhA,sexP	rnhA,sexP		
GCA_023629895.1_ASM2362989v1	Mucoromycota:MAT	JAMAMF010000033.1	13215-67371	13215-67371	withheld:modelled_gene_bar	withheld:modelled_gene_bar	undetermined	undetermined							hsp_fragment	hsp_fragment	0.0	0.0	0.0	0.0	0.0	glrA,sexM	glrA,sexM		
GCA_023629895.1_ASM2362989v1	Mucoromycota:MAT	JAMAMF010000178.1	10901-11928	10901-11928	withheld:modelled_gene_bar+polish_capped	withheld:modelled_gene_bar+polish_capped	undetermined	undetermined							hsp_fragment	hsp_fragment	9.0	9.0	0.0	9.0	9.0	rnhA,sexM	rnhA,sexM		
GCA_023629895.1_ASM2362989v1	Mucoromycota:MAT	JAMAMF010000112.1	56374-58360	56374-58360	withheld:modelled_gene_bar	withheld:modelled_gene_bar	undetermined	undetermined							hsp_fragment	hsp_fragment	0.0	0.0	0.0	0.0	0.0	sexM,sexP	sexM,sexP		
GCA_023629895.1_ASM2362989v1	Mucoromycota:MAT	JAMAMF010000002.1	111286-119133	111286-119133	withheld:modelled_gene_bar	withheld:modelled_gene_bar	undetermined	undetermined							hsp_fragment	hsp_fragment	0.0	0.0	0.0	0.0	0.0	algA,sexM	algA,sexM		
GCA_023629895.1_ASM2362989v1	Mucoromycota:MAT	JAMAMF010000162.1	5176-29288	5176-29288	withheld:modelled_gene_bar+polish_capped	withheld:modelled_gene_bar+polish_capped	undetermined	undetermined							hsp_fragment	hsp_fragment	6.6	6.6	0.0	6.6	6.6	glrA,sexP	glrA,sexP		
GCA_023629895.1_ASM2362989v1	Mucoromycota:MAT	JAMAMF010000033.1	13215-67371	13215-67371	withheld:below_fraction_floor	withheld:below_fraction_floor	undetermined	undetermined							hsp_fragment	hsp_fragment	0.0	0.0	0.0	0.0	0.0	glrA,sexM	glrA,sexM		
GCA_023629915.1_ASM2362991v1	Mucoromycota:MAT	JAMAMD010000100.1	62080-85290	62080-85290	withheld:modelled_gene_bar	withheld:modelled_gene_bar	undetermined	undetermined							hsp_fragment	hsp_fragment	7.0	7.0	0.0	43.2	43.2	sexM,sexP,tptA	sexM,sexP,tptA		
GCA_023629915.1_ASM2362991v1	Mucoromycota:MAT	JAMAMD010000047.1	269255-306578	269255-306578	withheld:modelled_gene_bar	withheld:modelled_gene_bar	undetermined	undetermined							hsp_fragment	hsp_fragment	10.6	10.6	0.0	39.2	39.2	rnhA,sexM,sexP	rnhA,sexM,sexP		
GCA_023629915.1_ASM2362991v1	Mucoromycota:MAT	JAMAMD010000010.1	254931-299153	254931-299153	withheld:modelled_gene_bar	withheld:modelled_gene_bar	undetermined	undetermined							hsp_fragment	hsp_fragment	0.0	0.0	0.0	0.0	0.0	algA,rnhA,sexP	algA,rnhA,sexP		
GCA_023629915.1_ASM2362991v1	Mucoromycota:MAT	JAMAMD010000136.1	5619-6178	5619-6178	withheld:modelled_gene_bar+polish_capped	withheld:modelled_gene_bar+polish_capped	undetermined	undetermined							hsp_fragment	hsp_fragment	11.7	11.7	0.0	55.2	55.2	sexM,sexP	sexM,sexP		
GCA_023629915.1_ASM2362991v1	Mucoromycota:MAT	JAMAMD010000020.1	230212-261644	230212-261644	withheld:modelled_gene_bar	withheld:modelled_gene_bar	undetermined	undetermined							model	model	22.0	22.0	0.0	37.6	37.6	rnhA,sexM	rnhA,sexM		
GCA_023629915.1_ASM2362991v1	Mucoromycota:MAT	JAMAMD010000122.1	35581-37045	35581-37045	withheld:modelled_gene_bar+polish_capped	withheld:modelled_gene_bar+polish_capped	undetermined	undetermined							hsp_fragment	hsp_fragment	2.2	2.2	0.0	35.0	35.0	sexM,sexP	sexM,sexP		
GCA_023629915.1_ASM2362991v1	Mucoromycota:MAT	JAMAMD010000052.1	107007-143338	107007-143338	withheld:modelled_gene_bar+polish_capped	withheld:modelled_gene_bar+polish_capped	undetermined	undetermined							hsp_fragment	hsp_fragment	0.5	0.5	0.0	1.1	1.1	btbA,sexM	btbA,sexM		
GCA_023629915.1_ASM2362991v1	Mucoromycota:MAT	JAMAMD010000001.1	838247-860046	838247-860046	withheld:modelled_gene_bar	withheld:modelled_gene_bar	undetermined	undetermined							hsp_fragment	hsp_fragment	0.0	0.0	0.0	0.0	0.0	algA,sexM	algA,sexM		
GCA_023629915.1_ASM2362991v1	Mucoromycota:MAT	JAMAMD010000021.1	30947-58710	30947-58710	withheld:modelled_gene_bar+polish_capped	withheld:modelled_gene_bar+polish_capped	undetermined	undetermined							hsp_fragment	hsp_fragment	0.6	0.6	0.0	0.6	0.6	rnhA,sexP	rnhA,sexP		
GCA_023629915.1_ASM2362991v1	Mucoromycota:MAT	JAMAMD010000010.1	429720-460287	429720-460287	withheld:modelled_gene_bar+polish_capped	withheld:modelled_gene_bar+polish_capped	undetermined	undetermined							hsp_fragment	hsp_fragment	2.9	2.9	0.0	2.9	2.9	algA,sexP	algA,sexP		
GCA_023629915.1_ASM2362991v1	Mucoromycota:MAT	JAMAMD010000045.1	186907-189532	186907-189532	withheld:modelled_gene_bar+polish_capped	withheld:modelled_gene_bar+polish_capped	undetermined	undetermined							hsp_fragment	hsp_fragment	9.0	9.0	0.0	23.2	23.2	sexM,sexP	sexM,sexP		
GCA_023629915.1_ASM2362991v1	Mucoromycota:MAT	JAMAMD010000072.1	30436-55467	30436-55467	withheld:modelled_gene_bar+polish_capped	withheld:modelled_gene_bar+polish_capped	undetermined	undetermined							hsp_fragment	hsp_fragment	0.0	0.0	0.0	0.0	0.0	glrA,sexM	glrA,sexM		
GCA_023629915.1_ASM2362991v1	Mucoromycota:MAT	JAMAMD010000007.1	439633-444679	439633-444679	withheld:modelled_gene_bar	withheld:modelled_gene_bar	undetermined	undetermined							hsp_fragment	hsp_fragment	8.9	8.9	0.0	24.8	24.8	rnhA,sexP	rnhA,sexP		
GCA_023629915.1_ASM2362991v1	Mucoromycota:MAT	JAMAMD010000043.1	76817-99286	76817-99286	withheld:modelled_gene_bar+polish_capped	withheld:modelled_gene_bar+polish_capped	undetermined	undetermined							hsp_fragment	hsp_fragment	0.0	0.0	0.0	0.0	0.0	rnhA,sexM	rnhA,sexM		
GCA_023629915.1_ASM2362991v1	Mucoromycota:MAT	JAMAMD010000092.1	23662-33922	23662-33922	withheld:modelled_gene_bar+polish_capped	withheld:modelled_gene_bar+polish_capped	undetermined	undetermined							hsp_fragment	hsp_fragment	0.0	0.0	0.0	0.0	0.0	btbA,sexM	btbA,sexM		
GCA_023629915.1_ASM2362991v1	Mucoromycota:MAT	JAMAMD010000020.1	230212-261644	230212-261644	withheld:below_fraction_floor	withheld:below_fraction_floor	undetermined	undetermined							model	model	22.0	22.0	0.0	37.6	37.6	rnhA,sexM	rnhA,sexM		
GCA_023629915.1_ASM2362991v1	Mucoromycota:MAT	JAMAMD010000001.1	838247-860046	838247-860046	withheld:below_fraction_floor	withheld:below_fraction_floor	undetermined	undetermined							hsp_fragment	hsp_fragment	0.0	0.0	0.0	0.0	0.0	algA,sexM	algA,sexM		
GCA_023629935.1_ASM2362993v1	Mucoromycota:MAT	JAMAME010000074.1	60960-117126	60960-117126	withheld:modelled_gene_bar	withheld:modelled_gene_bar	undetermined	undetermined							model	model	15.2	15.2	0.0	81.1	81.1	sexM,sexP,tptA	sexM,sexP,tptA		
GCA_023629935.1_ASM2362993v1	Mucoromycota:MAT	JAMAME010000136.1	31061-32581	31061-32581	withheld:modelled_gene_bar	withheld:modelled_gene_bar	undetermined	undetermined							hsp_fragment	hsp_fragment	4.7	4.7	0.0	35.4	35.4	sexM,sexP	sexM,sexP		
GCA_023629935.1_ASM2362993v1	Mucoromycota:MAT	JAMAME010000047.1	75721-126880	75721-126880	withheld:modelled_gene_bar	withheld:modelled_gene_bar	undetermined	undetermined							hsp_fragment	hsp_fragment	0.0	0.0	0.0	0.0	0.0	rnhA,sexM	rnhA,sexM		
GCA_023629935.1_ASM2362993v1	Mucoromycota:MAT	JAMAME010000090.1	90245-107358	90245-107358	withheld:modelled_gene_bar+polish_capped	withheld:modelled_gene_bar+polish_capped	undetermined	undetermined							hsp_fragment	hsp_fragment	8.7	8.7	0.0	23.3	23.3	rnhA,sexP	rnhA,sexP		
GCA_023629935.1_ASM2362993v1	Mucoromycota:MAT	JAMAME010000349.1	2186-2723	2186-2723	withheld:modelled_gene_bar+polish_capped	withheld:modelled_gene_bar+polish_capped	undetermined	undetermined							hsp_fragment	hsp_fragment	1.9	1.9	0.0	31.9	31.9	sexM,sexP	sexM,sexP		
GCA_023629935.1_ASM2362993v1	Mucoromycota:MAT	JAMAME010000004.1	135376-179758	135376-179758	withheld:modelled_gene_bar+polish_capped	withheld:modelled_gene_bar+polish_capped	undetermined	undetermined							hsp_fragment	hsp_fragment	2.7	2.7	0.0	2.7	2.7	rnhA,sexM	rnhA,sexM		
GCA_023629935.1_ASM2362993v1	Mucoromycota:MAT	JAMAME010000123.1	84860-90019	84860-90019	withheld:modelled_gene_bar	withheld:modelled_gene_bar	undetermined	undetermined							hsp_fragment	hsp_fragment	0.0	0.0	0.0	0.0	0.0	sexM,sexP	sexM,sexP		
GCA_023629935.1_ASM2362993v1	Mucoromycota:MAT	JAMAME010000377.1	332-22741	332-22741	withheld:modelled_gene_bar+polish_capped	withheld:modelled_gene_bar+polish_capped	undetermined	undetermined							hsp_fragment	hsp_fragment	0.0	0.0	0.0	0.0	0.0	algA,sexP	algA,sexP		
GCA_023629935.1_ASM2362993v1	Mucoromycota:MAT	JAMAME010000003.1	228072-264158	228072-264158	withheld:modelled_gene_bar+polish_capped	withheld:modelled_gene_bar+polish_capped	undetermined	undetermined							hsp_fragment	hsp_fragment	3.2	3.2	0.0	3.2	3.2	sexM,tptA	sexM,tptA		
GCA_023629935.1_ASM2362993v1	Mucoromycota:MAT	JAMAME010000205.1	10285-16222	10285-16222	withheld:modelled_gene_bar+polish_capped	withheld:modelled_gene_bar+polish_capped	undetermined	undetermined							hsp_fragment	hsp_fragment	0.7	0.7	0.0	0.7	0.7	sexM,tptA	sexM,tptA		
GCA_023629935.1_ASM2362993v1	Mucoromycota:MAT	JAMAME010000356.1	3138-7961	3138-7961	withheld:modelled_gene_bar	withheld:modelled_gene_bar	undetermined	undetermined							hsp_fragment	hsp_fragment	0.0	0.0	0.0	0.0	0.0	sexP,tptA	sexP,tptA		
GCA_023629935.1_ASM2362993v1	Mucoromycota:MAT	JAMAME010000029.1	49257-76104	49257-76104	withheld:modelled_gene_bar	withheld:modelled_gene_bar	undetermined	undetermined							hsp_fragment	hsp_fragment	9.0	9.0	0.0	10.4	10.4	algA,sexM	algA,sexM		
GCA_023629935.1_ASM2362993v1	Mucoromycota:MAT	JAMAME010000034.1	159303-167137	159303-167137	withheld:modelled_gene_bar+polish_capped	withheld:modelled_gene_bar+polish_capped	undetermined	undetermined							hsp_fragment	hsp_fragment	1.0	1.0	0.0	1.0	1.0	algA,sexM	algA,sexM		
GCA_023629935.1_ASM2362993v1	Mucoromycota:MAT	JAMAME010000047.1	75721-126880	75721-126880	withheld:below_fraction_floor	withheld:below_fraction_floor	undetermined	undetermined							hsp_fragment	hsp_fragment	0.0	0.0	0.0	0.0	0.0	rnhA,sexM	rnhA,sexM		
GCA_023630305.1_ASM2363030v1	Mucoromycota:MAT	JAMAMS010000120.1	25541-30787	25541-30787	called	called	Plus	Plus	medium	medium	partial_locus	partial_locus			model	model	164.2	164.2	0.0	195.8	195.8	rnhA,sexP	rnhA,sexP		
GCA_023630305.1_ASM2363030v1	Mucoromycota:MAT	JAMAMS010000044.1	20697-56785	20697-56785	withheld:modelled_gene_bar	withheld:modelled_gene_bar	undetermined	undetermined							hsp_fragment	hsp_fragment	7.6	7.6	0.0	37.4	37.4	algA,sexM,sexP	algA,sexM,sexP		
GCA_023630305.1_ASM2363030v1	Mucoromycota:MAT	JAMAMS010000002.1	229748-274865	229748-274865	withheld:modelled_gene_bar	withheld:modelled_gene_bar	undetermined	undetermined							hsp_fragment	hsp_fragment	0.0	0.0	0.0	0.0	0.0	rnhA,sexM,tptA	rnhA,sexM,tptA		
GCA_023630305.1_ASM2363030v1	Mucoromycota:MAT	JAMAMS010000008.1	109870-120316	109870-120316	withheld:modelled_gene_bar	withheld:modelled_gene_bar	undetermined	undetermined							hsp_fragment	hsp_fragment	1.6	1.6	0.0	1.6	1.6	algA,rnhA,sexM	algA,rnhA,sexM		
GCA_023630305.1_ASM2363030v1	Mucoromycota:MAT	JAMAMS010000031.1	74313-153987	74313-153987	withheld:modelled_gene_bar+polish_capped	withheld:modelled_gene_bar+polish_capped	undetermined	undetermined							hsp_fragment	hsp_fragment	0.0	0.0	0.0	0.0	0.0	algA,sexM,tptA	algA,sexM,tptA		
GCA_023630305.1_ASM2363030v1	Mucoromycota:MAT	JAMAMS010000001.1	479820-509662	479820-509662	withheld:modelled_gene_bar+polish_capped	withheld:modelled_gene_bar+polish_capped	undetermined	undetermined							hsp_fragment	hsp_fragment	0.4	0.4	0.0	26.9	26.9	sexM,sexP,tptA	sexM,sexP,tptA		
GCA_023630305.1_ASM2363030v1	Mucoromycota:MAT	JAMAMS010000117.1	52196-83490	52196-83490	withheld:paralog_class	withheld:paralog_class	undetermined	undetermined							model	model	8.7	8.7	0.0	62.4	62.4	glrA,rnhA,sexM	glrA,rnhA,sexM		
GCA_023630305.1_ASM2363030v1	Mucoromycota:MAT	JAMAMS010000014.1	33403-73657	33403-73657	withheld:modelled_gene_bar	withheld:modelled_gene_bar	undetermined	undetermined							model	model	9.5	9.5	0.0	78.4	78.4	glrA,sexM	glrA,sexM		
GCA_023630305.1_ASM2363030v1	Mucoromycota:MAT	JAMAMS010000014.1	139825-173484	139825-173484	withheld:modelled_gene_bar+polish_capped	withheld:modelled_gene_bar+polish_capped	undetermined	undetermined							hsp_fragment	hsp_fragment	0.0	0.0	0.0	0.0	0.0	sexM,tptA	sexM,tptA		
GCA_023630305.1_ASM2363030v1	Mucoromycota:MAT	JAMAMS010000035.1	13485-38262	13485-38262	withheld:modelled_gene_bar+polish_capped	withheld:modelled_gene_bar+polish_capped	undetermined	undetermined							hsp_fragment	hsp_fragment	0.0	0.0	0.0	0.0	0.0	sexM,tptA	sexM,tptA		
GCA_023630305.1_ASM2363030v1	Mucoromycota:MAT	JAMAMS010000035.1	111965-156428	111965-156428	withheld:modelled_gene_bar+polish_capped	withheld:modelled_gene_bar+polish_capped	undetermined	undetermined							hsp_fragment	hsp_fragment	8.7	8.7	0.0	60.9	60.9	sexP,tptA	sexP,tptA		
GCA_023630305.1_ASM2363030v1	Mucoromycota:MAT	JAMAMS010000030.1	213974-214798	213974-214798	withheld:modelled_gene_bar+polish_capped	withheld:modelled_gene_bar+polish_capped	undetermined	undetermined							hsp_fragment	hsp_fragment	8.9	8.9	0.0	59.5	59.5	sexM,sexP	sexM,sexP		
GCA_023630305.1_ASM2363030v1	Mucoromycota:MAT	JAMAMS010000020.1	169809-214022	169809-214022	withheld:modelled_gene_bar+polish_capped	withheld:modelled_gene_bar+polish_capped	undetermined	undetermined							hsp_fragment	hsp_fragment	8.7	8.7	0.0	56.2	56.2	glrA,sexP	glrA,sexP		
GCA_023630305.1_ASM2363030v1	Mucoromycota:MAT	JAMAMS010000040.1	48900-79770	48900-79770	withheld:modelled_gene_bar+polish_capped	withheld:modelled_gene_bar+polish_capped	undetermined	undetermined							hsp_fragment	hsp_fragment	0.0	0.0	0.0	0.0	0.0	rnhA,sexM	rnhA,sexM		
GCA_023630305.1_ASM2363030v1	Mucoromycota:MAT	JAMAMS010000032.1	191048-210066	191048-210066	withheld:modelled_gene_bar+polish_capped	withheld:modelled_gene_bar+polish_capped	undetermined	undetermined							hsp_fragment	hsp_fragment	2.7	2.7	0.0	2.7	2.7	sexM,sexP	sexM,sexP		
GCA_023630305.1_ASM2363030v1	Mucoromycota:MAT	JAMAMS010000094.1	41361-61749	41361-61749	withheld:modelled_gene_bar+polish_capped	withheld:modelled_gene_bar+polish_capped	undetermined	undetermined							hsp_fragment	hsp_fragment	15.6	15.6	0.0	38.1	38.1	glrA,sexP	glrA,sexP		
GCA_023630305.1_ASM2363030v1	Mucoromycota:MAT	JAMAMS010000061.1	115133-131608	115133-131608	withheld:modelled_gene_bar+polish_capped	withheld:modelled_gene_bar+polish_capped	undetermined	undetermined							hsp_fragment	hsp_fragment	0.0	0.0	0.0	0.0	0.0	glrA,sexP	glrA,sexP		
GCA_023630305.1_ASM2363030v1	Mucoromycota:MAT	JAMAMS010000009.1	29258-65941	29258-65941	withheld:modelled_gene_bar+polish_capped	withheld:modelled_gene_bar+polish_capped	undetermined	undetermined							hsp_fragment	hsp_fragment	19.1	19.1	0.0	30.7	30.7	sexM,sexP	sexM,sexP		
GCA_023630305.1_ASM2363030v1	Mucoromycota:MAT	JAMAMS010000024.1	67875-99634	67875-99634	withheld:modelled_gene_bar+polish_capped	withheld:modelled_gene_bar+polish_capped	undetermined	undetermined							hsp_fragment	hsp_fragment	0.0	0.0	0.0	0.0	0.0	sexM,tptA	sexM,tptA		
GCA_023630305.1_ASM2363030v1	Mucoromycota:MAT	JAMAMS010000192.1	16172-22185	16172-22185	withheld:modelled_gene_bar+polish_capped	withheld:modelled_gene_bar+polish_capped	undetermined	undetermined							hsp_fragment	hsp_fragment	0.0	0.0	0.0	0.0	0.0	algA,sexP	algA,sexP		
GCA_023630305.1_ASM2363030v1	Mucoromycota:MAT	JAMAMS010000010.1	270894-306183	270894-306183	withheld:modelled_gene_bar+polish_capped	withheld:modelled_gene_bar+polish_capped	undetermined	undetermined							hsp_fragment	hsp_fragment	0.0	0.0	0.0	0.0	0.0	algA,sexM	algA,sexM		
GCA_023630305.1_ASM2363030v1	Mucoromycota:MAT	JAMAMS010000014.1	33403-73657	33403-73657	withheld:below_fraction_floor	withheld:below_fraction_floor	undetermined	undetermined							model	model	9.5	9.5	0.0	78.4	78.4	glrA,sexM	glrA,sexM		
GCA_023630315.1_ASM2363031v1	Mucoromycota:MAT	JAMAMU010000151.1	3323-8583	3323-8583	called	called	Plus	Plus	medium	medium	partial_locus	partial_locus			model	model	158.4	158.4	0.0	190.6	190.6	rnhA,sexP	rnhA,sexP		
GCA_023630315.1_ASM2363031v1	Mucoromycota:MAT	JAMAMU010000001.1	785708-821410	785708-821410	withheld:modelled_gene_bar	withheld:modelled_gene_bar+polish_capped	undetermined	undetermined							hsp_fragment	hsp_fragment	7.6	7.6	0.0	37.4	37.4	algA,sexM,sexP	algA,sexM,sexP		withheld_reason_changed
GCA_023630315.1_ASM2363031v1	Mucoromycota:MAT	JAMAMU010000052.1	53252-141294	53252-141294	withheld:modelled_gene_bar	withheld:modelled_gene_bar	undetermined	undetermined							model	model	8.6	8.6	0.0	55.6	55.6	glrA,sexP,tptA	glrA,sexP,tptA		
GCA_023630315.1_ASM2363031v1	Mucoromycota:MAT	JAMAMU010000066.1	31074-97980	31074-97980	withheld:modelled_gene_bar	withheld:modelled_gene_bar	undetermined	undetermined							hsp_fragment	hsp_fragment	0.3	0.3	0.0	2.7	2.7	algA,rnhA,sexM,sexP	algA,rnhA,sexM,sexP		
GCA_023630315.1_ASM2363031v1	Mucoromycota:MAT	JAMAMU010000005.1	245560-274743	245560-274743	withheld:modelled_gene_bar+polish_capped	withheld:modelled_gene_bar+polish_capped	undetermined	undetermined							hsp_fragment	hsp_fragment	0.0	0.0	0.0	0.0	0.0	glrA,sexM,sexP	glrA,sexM,sexP		
GCA_023630315.1_ASM2363031v1	Mucoromycota:MAT	JAMAMU010000056.1	93269-106945	93269-106945	withheld:modelled_gene_bar	withheld:modelled_gene_bar	undetermined	undetermined														algA,glrA,rnhA	algA,glrA,rnhA		
GCA_023630315.1_ASM2363031v1	Mucoromycota:MAT	JAMAMU010000043.1	32883-99732	32883-99732	withheld:modelled_gene_bar+polish_capped	withheld:modelled_gene_bar	Minus	Minus							hsp_fragment	model	31.4	30.4	-1.0	103.5	102.2	sexM,sexP	sexM,sexP		withheld_reason_changed,classifier_input_changed
GCA_023630315.1_ASM2363031v1	Mucoromycota:MAT	JAMAMU010000025.1	59349-99519	59349-99519	withheld:modelled_gene_bar	withheld:modelled_gene_bar	undetermined	undetermined							model	model	8.3	8.3	0.0	78.2	78.2	glrA,sexM	glrA,sexM		
GCA_023630315.1_ASM2363031v1	Mucoromycota:MAT	JAMAMU010000080.1	33445-34260	33445-34260	withheld:modelled_gene_bar+polish_capped	withheld:modelled_gene_bar+polish_capped	undetermined	undetermined							hsp_fragment	hsp_fragment	8.3	8.3	0.0	58.8	58.8	sexM,sexP	sexM,sexP		
GCA_023630315.1_ASM2363031v1	Mucoromycota:MAT	JAMAMU010000001.1	172040-222231	172040-222231	withheld:modelled_gene_bar+polish_capped	withheld:modelled_gene_bar+polish_capped	undetermined	undetermined							hsp_fragment	hsp_fragment	9.9	9.9	0.0	12.2	12.2	rnhA,sexM	rnhA,sexM		
GCA_023630315.1_ASM2363031v1	Mucoromycota:MAT	JAMAMU010000001.1	1026151-1043140	1026151-1043140	withheld:modelled_gene_bar+polish_capped	withheld:modelled_gene_bar+polish_capped	undetermined	undetermined							hsp_fragment	hsp_fragment	1.0	1.0	0.0	15.7	15.7	rnhA,sexP	rnhA,sexP		
GCA_023630315.1_ASM2363031v1	Mucoromycota:MAT	JAMAMU010000010.1	46047-88525	46047-88525	withheld:modelled_gene_bar+polish_capped	withheld:modelled_gene_bar+polish_capped	undetermined	undetermined							hsp_fragment	hsp_fragment	0.0	0.0	0.0	0.0	0.0	algA,sexP	algA,sexP		
GCA_023630315.1_ASM2363031v1	Mucoromycota:MAT	JAMAMU010000010.1	208391-274605	208391-274605	withheld:modelled_gene_bar+polish_capped	withheld:modelled_gene_bar+polish_capped	undetermined	undetermined							hsp_fragment	hsp_fragment	0.0	0.0	0.0	0.0	0.0	btbA,rnhA,sexP	btbA,rnhA,sexP		
GCA_023630315.1_ASM2363031v1	Mucoromycota:MAT	JAMAMU010000011.1	160915-192432	160915-192432	withheld:modelled_gene_bar+polish_capped	withheld:modelled_gene_bar+polish_capped	undetermined	undetermined							hsp_fragment	hsp_fragment	0.0	0.0	0.0	0.0	0.0	algA,sexP	algA,sexP		
GCA_023630315.1_ASM2363031v1	Mucoromycota:MAT	JAMAMU010000011.1	305711-342254	305711-342254	withheld:modelled_gene_bar+polish_capped	withheld:modelled_gene_bar+polish_capped	undetermined	undetermined							hsp_fragment	hsp_fragment	19.1	19.1	0.0	30.7	30.7	sexM,sexP	sexM,sexP		
GCA_023630315.1_ASM2363031v1	Mucoromycota:MAT	JAMAMU010000028.1	135591-226650	135591-226650	withheld:modelled_gene_bar+polish_capped	withheld:modelled_gene_bar+polish_capped	undetermined	undetermined							hsp_fragment	hsp_fragment	0.0	0.0	0.0	0.0	0.0	sexP,tptA	sexP,tptA		
GCA_023630315.1_ASM2363031v1	Mucoromycota:MAT	JAMAMU010000005.1	46172-60029	46172-60029	withheld:modelled_gene_bar+polish_capped	withheld:modelled_gene_bar+polish_capped	undetermined	undetermined							hsp_fragment	hsp_fragment	1.5	1.5	0.0	1.5	1.5	algA,sexM	algA,sexM		
GCA_023630315.1_ASM2363031v1	Mucoromycota:MAT	JAMAMU010000073.1	12479-72655	12479-72655	withheld:modelled_gene_bar+polish_capped	withheld:modelled_gene_bar+polish_capped	undetermined	undetermined							hsp_fragment	hsp_fragment	0.3	0.3	0.0	0.6	0.6	sexM,sexP	sexM,sexP		
GCA_023630315.1_ASM2363031v1	Mucoromycota:MAT	JAMAMU010000014.1	53016-53849	53016-53849	withheld:modelled_gene_bar+polish_capped	withheld:modelled_gene_bar+polish_capped	undetermined	undetermined							hsp_fragment	hsp_fragment	0.0	0.0	0.0	0.0	0.0	sexM,tptA	sexM,tptA		
GCA_023630315.1_ASM2363031v1	Mucoromycota:MAT	JAMAMU010000123.1	8388-24380	8388-24380	withheld:modelled_gene_bar+polish_capped	withheld:modelled_gene_bar+polish_capped	undetermined	undetermined							hsp_fragment	hsp_fragment	0.0	0.0	0.0	0.0	0.0	sexM,tptA	sexM,tptA		
GCA_023630315.1_ASM2363031v1	Mucoromycota:MAT	JAMAMU010000022.1	11661-14046	11661-14046	withheld:modelled_gene_bar+polish_capped	withheld:modelled_gene_bar+polish_capped	undetermined	undetermined							hsp_fragment	hsp_fragment	2.8	2.8	0.0	2.8	2.8	algA,sexP	algA,sexP		
GCA_023630315.1_ASM2363031v1	Mucoromycota:MAT	JAMAMU010000007.1	184376-206712	184376-206712	withheld:modelled_gene_bar+polish_capped	withheld:modelled_gene_bar+polish_capped	undetermined	undetermined							hsp_fragment	hsp_fragment	0.4	0.4	0.0	26.9	26.9	sexM,sexP	sexM,sexP		
GCA_023630315.1_ASM2363031v1	Mucoromycota:MAT	JAMAMU010000074.1	38727-63412	38727-63412	withheld:modelled_gene_bar+polish_capped	withheld:modelled_gene_bar+polish_capped	undetermined	undetermined							hsp_fragment	hsp_fragment	9.6	9.6	0.0	13.8	13.8	rnhA,sexM	rnhA,sexM		
GCA_023630315.1_ASM2363031v1	Mucoromycota:MAT	JAMAMU010000021.1	113725-148826	113725-148826	withheld:modelled_gene_bar+polish_capped	withheld:modelled_gene_bar+polish_capped	undetermined	undetermined							hsp_fragment	hsp_fragment	0.0	0.0	0.0	0.0	0.0	sexP,tptA	sexP,tptA		
GCA_023630315.1_ASM2363031v1	Mucoromycota:MAT	JAMAMU010000057.1	106730-118861	106730-118861	withheld:modelled_gene_bar+polish_capped	withheld:modelled_gene_bar+polish_capped	undetermined	undetermined							hsp_fragment	hsp_fragment	0.0	0.0	0.0	0.0	0.0	glrA,sexM	glrA,sexM		
GCA_023630315.1_ASM2363031v1	Mucoromycota:MAT	JAMAMU010000038.1	52739-83915	52739-83915	withheld:paralog_class	withheld:paralog_class	undetermined	undetermined							model	model	8.4	8.4	0.0	62.5	62.5	glrA,sexP	glrA,sexP		
GCA_023630315.1_ASM2363031v1	Mucoromycota:MAT	JAMAMU010000025.1	59349-99519	59349-99519	withheld:below_fraction_floor	withheld:below_fraction_floor	undetermined	undetermined							model	model	8.3	8.3	0.0	78.2	78.2	glrA,sexM	glrA,sexM		
GCA_023630315.1_ASM2363031v1	Mucoromycota:MAT	JAMAMU010000038.1	52739-83915	52739-83915	withheld:below_fraction_floor	withheld:below_fraction_floor	undetermined	undetermined							model	model	8.4	8.4	0.0	62.5	62.5	glrA,sexP	glrA,sexP		
GCA_023630315.1_ASM2363031v1	Mucoromycota:MAT	JAMAMU010000043.1		32883-99732	absent	withheld:below_fraction_floor		Minus								model		30.4			102.2		sexM,sexP		withheld_reason_changed
GCA_023630325.1_ASM2363032v1	Mucoromycota:MAT	JAMAMT010000060.1	92696-97956	92696-97956	called	called	Plus	Plus	medium	medium	partial_locus	partial_locus			model	model	158.4	158.4	0.0	190.6	190.6	rnhA,sexP	rnhA,sexP		
GCA_023630325.1_ASM2363032v1	Mucoromycota:MAT	JAMAMT010000001.1	207048-242750	207048-242750	withheld:modelled_gene_bar	withheld:modelled_gene_bar+polish_capped	undetermined	undetermined							hsp_fragment	hsp_fragment	7.6	7.6	0.0	37.4	37.4	algA,sexM,sexP	algA,sexM,sexP		withheld_reason_changed
GCA_023630325.1_ASM2363032v1	Mucoromycota:MAT	JAMAMT010000059.1	34229-122271	34229-122271	withheld:modelled_gene_bar	withheld:modelled_gene_bar	undetermined	undetermined							model	model	8.6	8.6	0.0	55.6	55.6	glrA,sexP,tptA	glrA,sexP,tptA		
GCA_023630325.1_ASM2363032v1	Mucoromycota:MAT	JAMAMT010000073.1	25558-92464	25558-92464	withheld:modelled_gene_bar	withheld:modelled_gene_bar	undetermined	undetermined							hsp_fragment	hsp_fragment	0.3	0.3	0.0	2.7	2.7	algA,rnhA,sexM,sexP	algA,rnhA,sexM,sexP		
GCA_023630325.1_ASM2363032v1	Mucoromycota:MAT	JAMAMT010000003.1	246052-275235	246052-275235	withheld:modelled_gene_bar+polish_capped	withheld:modelled_gene_bar+polish_capped	undetermined	undetermined							hsp_fragment	hsp_fragment	0.0	0.0	0.0	0.0	0.0	glrA,sexM,sexP	glrA,sexM,sexP		
GCA_023630325.1_ASM2363032v1	Mucoromycota:MAT	JAMAMT010000062.1	31262-44938	31262-44938	withheld:modelled_gene_bar	withheld:modelled_gene_bar	undetermined	undetermined														algA,glrA,rnhA	algA,glrA,rnhA		
GCA_023630325.1_ASM2363032v1	Mucoromycota:MAT	JAMAMT010000043.1	42900-109749	42900-109749	withheld:modelled_gene_bar+polish_capped	withheld:modelled_gene_bar	Minus	Minus							hsp_fragment	model	31.4	30.4	-1.0	103.5	102.2	sexM,sexP	sexM,sexP		withheld_reason_changed,classifier_input_changed
GCA_023630325.1_ASM2363032v1	Mucoromycota:MAT	JAMAMT010000004.1	362991-403161	362991-403161	withheld:modelled_gene_bar	withheld:modelled_gene_bar	undetermined	undetermined							model	model	8.3	8.3	0.0	78.2	78.2	glrA,sexM	glrA,sexM		
GCA_023630325.1_ASM2363032v1	Mucoromycota:MAT	JAMAMT010000228.1	9414-10229	9414-10229	withheld:modelled_gene_bar+polish_capped	withheld:modelled_gene_bar+polish_capped	undetermined	undetermined							hsp_fragment	hsp_fragment	8.3	8.3	0.0	58.8	58.8	sexM,sexP	sexM,sexP		
GCA_023630325.1_ASM2363032v1	Mucoromycota:MAT	JAMAMT010000001.1	447492-464481	447492-464481	withheld:modelled_gene_bar+polish_capped	withheld:modelled_gene_bar+polish_capped	undetermined	undetermined							hsp_fragment	hsp_fragment	1.0	1.0	0.0	15.7	15.7	rnhA,sexP	rnhA,sexP		
GCA_023630325.1_ASM2363032v1	Mucoromycota:MAT	JAMAMT010000002.1	171855-222046	171855-222046	withheld:modelled_gene_bar+polish_capped	withheld:modelled_gene_bar+polish_capped	undetermined	undetermined							hsp_fragment	hsp_fragment	9.9	9.9	0.0	12.2	12.2	rnhA,sexM	rnhA,sexM		
GCA_023630325.1_ASM2363032v1	Mucoromycota:MAT	JAMAMT010000049.1	82061-148275	82061-148275	withheld:modelled_gene_bar+polish_capped	withheld:modelled_gene_bar+polish_capped	undetermined	undetermined							hsp_fragment	hsp_fragment	0.0	0.0	0.0	0.0	0.0	btbA,rnhA,sexP	btbA,rnhA,sexP		
GCA_023630325.1_ASM2363032v1	Mucoromycota:MAT	JAMAMT010000011.1	16237-52780	16237-52780	withheld:modelled_gene_bar+polish_capped	withheld:modelled_gene_bar+polish_capped	undetermined	undetermined							hsp_fragment	hsp_fragment	19.1	19.1	0.0	30.7	30.7	sexM,sexP	sexM,sexP		
GCA_023630325.1_ASM2363032v1	Mucoromycota:MAT	JAMAMT010000011.1	166057-197574	166057-197574	withheld:modelled_gene_bar+polish_capped	withheld:modelled_gene_bar+polish_capped	undetermined	undetermined							hsp_fragment	hsp_fragment	0.0	0.0	0.0	0.0	0.0	algA,sexP	algA,sexP		
GCA_023630325.1_ASM2363032v1	Mucoromycota:MAT	JAMAMT010000034.1	30477-77839	30477-77839	withheld:modelled_gene_bar+polish_capped	withheld:modelled_gene_bar+polish_capped	undetermined	undetermined							hsp_fragment	hsp_fragment	0.0	0.0	0.0	0.0	0.0	sexP,tptA	sexP,tptA		
GCA_023630325.1_ASM2363032v1	Mucoromycota:MAT	JAMAMT010000003.1	46664-60521	46664-60521	withheld:modelled_gene_bar+polish_capped	withheld:modelled_gene_bar+polish_capped	undetermined	undetermined							hsp_fragment	hsp_fragment	1.5	1.5	0.0	1.5	1.5	algA,sexM	algA,sexM		
GCA_023630325.1_ASM2363032v1	Mucoromycota:MAT	JAMAMT010000082.1	11745-71920	11745-71920	withheld:modelled_gene_bar+polish_capped	withheld:modelled_gene_bar+polish_capped	undetermined	undetermined							hsp_fragment	hsp_fragment	0.3	0.3	0.0	0.6	0.6	sexM,sexP	sexM,sexP		
GCA_023630325.1_ASM2363032v1	Mucoromycota:MAT	JAMAMT010000014.1	53031-53864	53031-53864	withheld:modelled_gene_bar+polish_capped	withheld:modelled_gene_bar+polish_capped	undetermined	undetermined							hsp_fragment	hsp_fragment	0.0	0.0	0.0	0.0	0.0	sexM,tptA	sexM,tptA		
GCA_023630325.1_ASM2363032v1	Mucoromycota:MAT	JAMAMT010000133.1	8387-24379	8387-24379	withheld:modelled_gene_bar+polish_capped	withheld:modelled_gene_bar+polish_capped	undetermined	undetermined							hsp_fragment	hsp_fragment	0.0	0.0	0.0	0.0	0.0	sexM,tptA	sexM,tptA		
GCA_023630325.1_ASM2363032v1	Mucoromycota:MAT	JAMAMT010000008.1	382947-385332	382947-385332	withheld:modelled_gene_bar+polish_capped	withheld:modelled_gene_bar+polish_capped	undetermined	undetermined							hsp_fragment	hsp_fragment	2.8	2.8	0.0	2.8	2.8	algA,sexP	algA,sexP		
GCA_023630325.1_ASM2363032v1	Mucoromycota:MAT	JAMAMT010000006.1	223029-245365	223029-245365	withheld:modelled_gene_bar+polish_capped	withheld:modelled_gene_bar+polish_capped	undetermined	undetermined							hsp_fragment	hsp_fragment	0.4	0.4	0.0	26.9	26.9	sexM,sexP	sexM,sexP		
GCA_023630325.1_ASM2363032v1	Mucoromycota:MAT	JAMAMT010000035.1	145524-170209	145524-170209	withheld:modelled_gene_bar+polish_capped	withheld:modelled_gene_bar+polish_capped	undetermined	undetermined							hsp_fragment	hsp_fragment	9.6	9.6	0.0	13.8	13.8	rnhA,sexM	rnhA,sexM		
GCA_023630325.1_ASM2363032v1	Mucoromycota:MAT	JAMAMT010000023.1	113756-148857	113756-148857	withheld:modelled_gene_bar+polish_capped	withheld:modelled_gene_bar+polish_capped	undetermined	undetermined							hsp_fragment	hsp_fragment	0.0	0.0	0.0	0.0	0.0	sexP,tptA	sexP,tptA		
GCA_023630325.1_ASM2363032v1	Mucoromycota:MAT	JAMAMT010000063.1	18243-30374	18243-30374	withheld:modelled_gene_bar+polish_capped	withheld:modelled_gene_bar+polish_capped	undetermined	undetermined							hsp_fragment	hsp_fragment	0.0	0.0	0.0	0.0	0.0	glrA,sexM	glrA,sexM		
GCA_023630325.1_ASM2363032v1	Mucoromycota:MAT	JAMAMT010000041.1	103153-134329	103153-134329	withheld:paralog_class	withheld:paralog_class	undetermined	undetermined							model	model	8.4	8.4	0.0	62.5	62.5	glrA,sexP	glrA,sexP		
GCA_023630325.1_ASM2363032v1	Mucoromycota:MAT	JAMAMT010000004.1	362991-403161	362991-403161	withheld:below_fraction_floor	withheld:below_fraction_floor	undetermined	undetermined							model	model	8.3	8.3	0.0	78.2	78.2	glrA,sexM	glrA,sexM		
GCA_023630325.1_ASM2363032v1	Mucoromycota:MAT	JAMAMT010000041.1	103153-134329	103153-134329	withheld:below_fraction_floor	withheld:below_fraction_floor	undetermined	undetermined							model	model	8.4	8.4	0.0	62.5	62.5	glrA,sexP	glrA,sexP		
GCA_023630325.1_ASM2363032v1	Mucoromycota:MAT	JAMAMT010000043.1		42900-109749	absent	withheld:below_fraction_floor		Minus								model		30.4			102.2		sexM,sexP		withheld_reason_changed
GCA_024139275.1_ASM2413927v1	Mucoromycota:MAT	VCJA01002019.1	796-4701	796-4701	called	called	Plus	Plus	medium	medium	partial_locus	partial_locus			model	model	252.7	252.7	0.0	318.4	318.4	algA,sexP	algA,sexP		
GCA_024139275.1_ASM2413927v1	Mucoromycota:MAT	VCJA01002450.1	19235-19680	19235-19680	withheld:modelled_gene_bar	withheld:modelled_gene_bar	undetermined	undetermined							model	model	10.8	10.8	0.0	60.9	60.9	sexM,sexP	sexM,sexP		
GCA_024139275.1_ASM2413927v1	Mucoromycota:MAT	VCJA01002117.1	7170-29604	7170-29604	withheld:modelled_gene_bar	withheld:modelled_gene_bar	undetermined	undetermined							hsp_fragment	hsp_fragment	12.3	12.3	0.0	32.2	32.2	algA,sexM	algA,sexM		
GCA_024139275.1_ASM2413927v1	Mucoromycota:MAT	VCJA01004871.1	55058-55847	55058-55847	withheld:modelled_gene_bar	withheld:modelled_gene_bar	undetermined	undetermined							hsp_fragment	hsp_fragment	8.4	8.4	0.0	47.2	47.2	sexM,sexP	sexM,sexP		
GCA_024139275.1_ASM2413927v1	Mucoromycota:MAT	VCJA01003005.1	613-15875	613-15875	withheld:modelled_gene_bar	withheld:modelled_gene_bar	undetermined	undetermined							hsp_fragment	hsp_fragment	0.0	0.0	0.0	0.0	0.0	btbA,sexP	btbA,sexP		
GCA_024139275.1_ASM2413927v1	Mucoromycota:MAT	VCJA01002450.1	19235-19680	19235-19680	withheld:below_fraction_floor	withheld:below_fraction_floor	undetermined	undetermined							model	model	10.8	10.8	0.0	60.9	60.9	sexM,sexP	sexM,sexP		
GCA_024139395.1_ASM2413939v1	Mucoromycota:MAT	VCJI01001366.1	21890-30893	21890-30893	called	called	Minus	Minus	medium	medium	mat_locus	mat_locus			model	model	94.0	94.0	0.0	166.7	166.7	algA,glrA,sexM	algA,glrA,sexM		
GCA_024139395.1_ASM2413939v1	Mucoromycota:MAT	VCJI01001015.1	19083-40255	19083-40255	withheld:below_fraction_floor	withheld:below_fraction_floor	undetermined	undetermined							model	model	16.6	16.6	0.0	65.5	65.5	sexM,sexP	sexM,sexP		
GCA_024139395.1_ASM2413939v1	Mucoromycota:MAT	VCJI01001876.1	3554-13184	3554-13184	withheld:below_fraction_floor	withheld:below_fraction_floor	undetermined	undetermined							model	model	9.7	9.7	0.0	35.3	35.3	btbA,rnhA,sexP	btbA,rnhA,sexP		
GCA_024139395.1_ASM2413939v1	Mucoromycota:MAT	VCJI01002259.1	9560-24468	9560-24468	withheld:below_fraction_floor	withheld:below_fraction_floor	undetermined	undetermined							hsp_fragment	hsp_fragment	1.3	1.3	0.0	41.0	41.0	glrA,sexP	glrA,sexP		
GCA_024139405.1_ASM2413940v1	Mucoromycota:MAT	VCJL01001223.1	18537-55888	18537-55888	called	called	Minus	Minus	high	high	mat_locus	mat_locus			model	model	89.3	89.3	0.0	163.8	163.8	algA,glrA,sexM,tptA	algA,glrA,sexM,tptA		
GCA_024139405.1_ASM2413940v1	Mucoromycota:MAT	VCJL01002101.1	3028-45798	3028-45798	withheld:below_fraction_floor	withheld:below_fraction_floor	undetermined	undetermined							model	model	1.9	1.9	0.0	57.9	57.9	btbA,sexM	btbA,sexM		
GCA_024139405.1_ASM2413940v1	Mucoromycota:MAT	VCJL01001681.1	48596-59319	48596-59319	withheld:below_fraction_floor	withheld:below_fraction_floor	undetermined	undetermined							hsp_fragment	hsp_fragment	2.7	2.7	0.0	41.3	41.3	glrA,sexP	glrA,sexP		
GCA_024294565.1_ASM2429456v1	Mucoromycota:MAT	JAIZWB010000070.1	120189-132580	120189-132580	called	called	Plus	Plus	high	high	mat_locus	mat_locus			model	model	278.2	278.2	0.0	327.6	327.6	algA,glrA,rnhA,sexP,tptA	algA,glrA,rnhA,sexP,tptA		
GCA_024294565.1_ASM2429456v1	Mucoromycota:MAT	MU523754.1	473246-549762	473246-549762	withheld:below_fraction_floor	withheld:below_fraction_floor	undetermined	undetermined							model	model	22.4	22.4	0.0	76.9	76.9	glrA,sexM	glrA,sexM		
GCA_024294565.1_ASM2429456v1	Mucoromycota:MAT	MU523748.1	1101974-1113475	1101974-1113475	withheld:below_fraction_floor	withheld:below_fraction_floor	undetermined	undetermined							hsp_fragment	hsp_fragment	4.1	4.1	0.0	25.4	25.4	rnhA,sexM	rnhA,sexM		
GCA_024294565.1_ASM2429456v1	Mucoromycota:MAT	MU523748.1	1214478-1239767	1214478-1239767	withheld:below_fraction_floor	withheld:below_fraction_floor	undetermined	undetermined							hsp_fragment	hsp_fragment	0.0	0.0	0.0	0.0	0.0	btbA,sexM,tptA	btbA,sexM,tptA		
GCA_024294565.1_ASM2429456v1	Mucoromycota:MAT	MU523768.1	199049-209997	199049-209997	withheld:below_fraction_floor	withheld:below_fraction_floor	undetermined	undetermined							model	model	15.6	15.6	0.0	48.0	48.0	glrA,sexP	glrA,sexP		
GCA_025093555.1_Cirumb1	Mucoromycota:MAT	JAIWNF010000034.1	570766-581649	570766-581649	withheld:modelled_gene_bar	withheld:modelled_gene_bar	undetermined	undetermined														algA,rnhA,tptA	algA,rnhA,tptA		
GCA_025093555.1_Cirumb1	Mucoromycota:MAT	JAIWNF010000031.1	319159-328883	319159-328883	withheld:modelled_gene_bar+polish_capped	withheld:modelled_gene_bar+polish_capped	undetermined	undetermined							hsp_fragment	hsp_fragment	10.3	10.3	0.0	57.4	57.4	sexM,sexP	sexM,sexP		
GCA_025093555.1_Cirumb1	Mucoromycota:MAT	JAIWNF010000001.1	140679-141666	140679-141666	withheld:modelled_gene_bar	withheld:modelled_gene_bar	undetermined	undetermined							hsp_fragment	hsp_fragment	5.3	5.3	0.0	39.0	39.0	sexM,sexP	sexM,sexP		
GCA_025093555.1_Cirumb1	Mucoromycota:MAT	JAIWNF010000001.1	1304694-1305653	1304694-1305653	withheld:modelled_gene_bar+polish_capped	withheld:modelled_gene_bar+polish_capped	undetermined	undetermined							hsp_fragment	hsp_fragment	4.7	4.7	0.0	60.6	60.6	sexM,sexP	sexM,sexP		
GCA_025093555.1_Cirumb1	Mucoromycota:MAT	JAIWNF010000007.1	568840-570606	568840-570606	withheld:modelled_gene_bar	withheld:modelled_gene_bar	undetermined	undetermined							hsp_fragment	hsp_fragment	1.7	1.7	0.0	37.8	37.8	sexM,sexP	sexM,sexP		
GCA_025093555.1_Cirumb1	Mucoromycota:MAT	JAIWNF010000018.1	127097-173425	127097-173425	withheld:modelled_gene_bar	withheld:modelled_gene_bar	undetermined	undetermined							hsp_fragment	hsp_fragment	0.0	0.0	0.0	0.0	0.0	rnhA,sexM	rnhA,sexM		
GCA_025093555.1_Cirumb1	Mucoromycota:MAT	JAIWNF010000038.1	61713-82702	61713-82702	withheld:modelled_gene_bar+polish_capped	withheld:modelled_gene_bar+polish_capped	undetermined	undetermined							hsp_fragment	hsp_fragment	0.0	0.0	0.0	0.0	0.0	rnhA,sexM	rnhA,sexM		
GCA_025093555.1_Cirumb1	Mucoromycota:MAT	JAIWNF010000022.1	621317-644942	621317-644942	withheld:modelled_gene_bar+polish_capped	withheld:modelled_gene_bar+polish_capped	undetermined	undetermined							hsp_fragment	hsp_fragment	0.0	0.0	0.0	0.0	0.0	algA,sexM	algA,sexM		
GCA_025093555.1_Cirumb1	Mucoromycota:MAT	JAIWNF010000006.1	489118-539063	489118-539063	withheld:modelled_gene_bar	withheld:modelled_gene_bar	undetermined	undetermined							hsp_fragment	hsp_fragment	0.0	0.0	0.0	0.0	0.0	rnhA,sexP	rnhA,sexP		
GCA_025093555.1_Cirumb1	Mucoromycota:MAT	JAIWNF010000086.1	114877-122519	114877-122519	withheld:mat_gene_gate	withheld:mat_gene_gate	Plus	Plus							model	model	54.3	54.3	0.0	88.3	88.3	rnhA,sexP	rnhA,sexP		
GCA_025093555.1_Cirumb1	Mucoromycota:MAT	JAIWNF010000043.1	143381-169812	143381-169812	withheld:mat_gene_gate	withheld:mat_gene_gate	undetermined	undetermined							model	model	18.0	18.0	0.0	34.0	34.0	glrA,sexP	glrA,sexP		
GCA_025093555.1_Cirumb1	Mucoromycota:MAT	JAIWNF010000086.1	114877-122519	114877-122519	withheld:below_fraction_floor	withheld:below_fraction_floor	Plus	Plus							model	model	54.3	54.3	0.0	88.3	88.3	rnhA,sexP	rnhA,sexP		
GCA_025093555.1_Cirumb1	Mucoromycota:MAT	JAIWNF010000018.1	127097-173425	127097-173425	withheld:below_fraction_floor	withheld:below_fraction_floor	undetermined	undetermined							hsp_fragment	hsp_fragment	0.0	0.0	0.0	0.0	0.0	rnhA,sexM	rnhA,sexM		
GCA_025093555.1_Cirumb1	Mucoromycota:MAT	JAIWNF010000043.1	143381-169812	143381-169812	withheld:below_fraction_floor	withheld:below_fraction_floor	undetermined	undetermined							model	model	18.0	18.0	0.0	34.0	34.0	glrA,sexP	glrA,sexP		
GCA_025094145.1_Spifus1	Mucoromycota:MAT	JALLLS010000010.1	129883-139583	129883-139583	withheld:modelled_gene_bar	withheld:modelled_gene_bar	undetermined	undetermined							hsp_fragment	hsp_fragment	0.0	0.0	0.0	0.0	0.0	rnhA,sexM	rnhA,sexM		
GCA_025094145.1_Spifus1	Mucoromycota:MAT	JALLLS010000039.1	117519-161156	117519-161156	withheld:modelled_gene_bar	withheld:modelled_gene_bar	undetermined	undetermined							hsp_fragment	hsp_fragment	11.1	11.1	0.0	35.2	35.2	rnhA,sexM	rnhA,sexM		
GCA_025094145.1_Spifus1	Mucoromycota:MAT	JALLLS010000020.1	431372-450312	431372-450312	withheld:modelled_gene_bar+polish_capped	withheld:modelled_gene_bar+polish_capped	undetermined	undetermined							hsp_fragment	hsp_fragment	0.0	0.0	0.0	0.0	0.0	rnhA,sexP	rnhA,sexP		
GCA_025094145.1_Spifus1	Mucoromycota:MAT	JALLLS010000070.1	20653-49405	20653-49405	withheld:modelled_gene_bar+polish_capped	withheld:modelled_gene_bar+polish_capped	undetermined	undetermined							hsp_fragment	hsp_fragment	0.0	0.0	0.0	0.0	0.0	rnhA,sexM	rnhA,sexM		
GCA_025094145.1_Spifus1	Mucoromycota:MAT	JALLLS010000065.1	18191-18925	18191-18925	withheld:modelled_gene_bar	withheld:modelled_gene_bar	undetermined	undetermined							hsp_fragment	hsp_fragment	1.3	1.3	0.0	38.7	38.7	sexM,sexP	sexM,sexP		
GCA_025094145.1_Spifus1	Mucoromycota:MAT	JALLLS010000005.1	11917-12729	11917-12729	withheld:modelled_gene_bar	withheld:modelled_gene_bar	undetermined	undetermined							model	model	17.5	17.5	0.0	24.4	24.4	sexM,sexP	sexM,sexP		
GCA_025094145.1_Spifus1	Mucoromycota:MAT	JALLLS010000008.1	260521-315296	260521-315296	withheld:modelled_gene_bar	withheld:modelled_gene_bar	undetermined	undetermined							hsp_fragment	hsp_fragment	0.0	0.0	0.0	0.0	0.0	btbA,sexP,tptA	btbA,sexP,tptA		
GCA_025094145.1_Spifus1	Mucoromycota:MAT	JALLLS010000002.1	915902-937550	915902-937550	withheld:modelled_gene_bar+polish_capped	withheld:modelled_gene_bar+polish_capped	undetermined	undetermined							hsp_fragment	hsp_fragment	12.5	12.5	0.0	27.9	27.9	rnhA,sexP	rnhA,sexP		
GCA_025094145.1_Spifus1	Mucoromycota:MAT	JALLLS010000031.1	196155-213775	196155-213775	withheld:modelled_gene_bar	withheld:modelled_gene_bar	undetermined	undetermined							hsp_fragment	hsp_fragment	11.6	11.6	0.0	28.6	28.6	algA,sexM	algA,sexM		
GCA_025094145.1_Spifus1	Mucoromycota:MAT	JALLLS010000014.1	392350-419727	392350-419727	withheld:modelled_gene_bar+polish_capped	withheld:modelled_gene_bar+polish_capped	undetermined	undetermined							hsp_fragment	hsp_fragment	0.0	0.0	0.0	0.0	0.0	sexM,sexP	sexM,sexP		
GCA_025094145.1_Spifus1	Mucoromycota:MAT	JALLLS010000005.1	11917-12729	11917-12729	withheld:below_fraction_floor	withheld:below_fraction_floor	undetermined	undetermined							model	model	17.5	17.5	0.0	24.4	24.4	sexM,sexP	sexM,sexP		
GCA_025094155.1_Lichy1	Mucoromycota:MAT	PTRB01000035.1	47250-124402	47250-124402	withheld:modelled_gene_bar	withheld:modelled_gene_bar	undetermined	undetermined							model	model	19.7	19.7	0.0	86.4	86.4	sexM,sexP,tptA	sexM,sexP,tptA		
GCA_025094155.1_Lichy1	Mucoromycota:MAT	PTRB01000127.1	21349-34891	21349-34891	withheld:modelled_gene_bar	withheld:modelled_gene_bar	undetermined	undetermined							model	model	11.2	11.2	0.0	88.5	88.5	rnhA,sexM	rnhA,sexM		
GCA_025094155.1_Lichy1	Mucoromycota:MAT	PTRB01000187.1	2239-3512	2239-3512	withheld:modelled_gene_bar	withheld:modelled_gene_bar	undetermined	undetermined							hsp_fragment	hsp_fragment	2.0	2.0	0.0	34.4	34.4	sexM,sexP	sexM,sexP		
GCA_025094155.1_Lichy1	Mucoromycota:MAT	PTRB01000069.1	88571-135494	88571-135494	withheld:modelled_gene_bar+polish_capped	withheld:modelled_gene_bar+polish_capped	undetermined	undetermined							hsp_fragment	hsp_fragment	1.5	1.5	0.0	2.5	2.5	rnhA,sexM	rnhA,sexM		
GCA_025094155.1_Lichy1	Mucoromycota:MAT	PTRB01000020.1	176914-194567	176914-194567	withheld:modelled_gene_bar	withheld:modelled_gene_bar	undetermined	undetermined							hsp_fragment	hsp_fragment	0.0	0.0	0.0	0.0	0.0	rnhA,sexM	rnhA,sexM		
GCA_025094155.1_Lichy1	Mucoromycota:MAT	PTRB01000023.1	197722-236146	197722-236146	withheld:modelled_gene_bar	withheld:modelled_gene_bar	undetermined	undetermined							hsp_fragment	hsp_fragment	0.1	0.1	0.0	29.1	29.1	rnhA,sexP	rnhA,sexP		
GCA_025094155.1_Lichy1	Mucoromycota:MAT	PTRB01000002.1	373516-402410	373516-402410	withheld:modelled_gene_bar+polish_capped	withheld:modelled_gene_bar+polish_capped	undetermined	undetermined							hsp_fragment	hsp_fragment	0.0	0.0	0.0	0.0	0.0	rnhA,sexP	rnhA,sexP		
GCA_025094155.1_Lichy1	Mucoromycota:MAT	PTRB01000102.1	64250-78294	64250-78294	withheld:modelled_gene_bar	withheld:modelled_gene_bar	undetermined	undetermined							hsp_fragment	hsp_fragment	0.0	0.0	0.0	0.0	0.0	glrA,sexP	glrA,sexP		
GCA_025094155.1_Lichy1	Mucoromycota:MAT	PTRB01000086.1	31676-81167	31676-81167	withheld:modelled_gene_bar+polish_capped	withheld:modelled_gene_bar+polish_capped	undetermined	undetermined							hsp_fragment	hsp_fragment	6.3	6.3	0.0	6.3	6.3	sexP,tptA	sexP,tptA		
GCA_025094155.1_Lichy1	Mucoromycota:MAT	PTRB01000127.1	21349-34891	21349-34891	withheld:below_fraction_floor	withheld:below_fraction_floor	undetermined	undetermined							model	model	11.2	11.2	0.0	88.5	88.5	rnhA,sexM	rnhA,sexM		
GCA_025094155.1_Lichy1	Mucoromycota:MAT	PTRB01000020.1	176914-194567	176914-194567	withheld:below_fraction_floor	withheld:below_fraction_floor	undetermined	undetermined							hsp_fragment	hsp_fragment	0.0	0.0	0.0	0.0	0.0	rnhA,sexM	rnhA,sexM		
GCA_025094155.1_Lichy1	Mucoromycota:MAT	PTRB01000102.1	64250-78294	64250-78294	withheld:below_fraction_floor	withheld:below_fraction_floor	undetermined	undetermined							hsp_fragment	hsp_fragment	0.0	0.0	0.0	0.0	0.0	glrA,sexP	glrA,sexP		
GCA_025266875.1_Fenlin1	Mucoromycota:MAT	JALLLT010000045.1	310473-320920	310473-320920	called	called	Minus	Minus	medium	medium	partial_locus	partial_locus			model	model	56.4	56.4	0.0	121.8	121.8	rnhA,sexM	rnhA,sexM		
GCA_025266875.1_Fenlin1	Mucoromycota:MAT	JALLLT010000006.1	729869-738092	729869-738092	withheld:modelled_gene_bar	withheld:modelled_gene_bar	undetermined	undetermined							hsp_fragment	hsp_fragment	1.3	1.3	0.0	33.3	33.3	sexM,sexP,tptA	sexM,sexP,tptA		
GCA_025266875.1_Fenlin1	Mucoromycota:MAT	JALLLT010000020.1	184997-192767	184997-192767	withheld:modelled_gene_bar	withheld:modelled_gene_bar	undetermined	undetermined														algA,rnhA,tptA	algA,rnhA,tptA		
GCA_025266875.1_Fenlin1	Mucoromycota:MAT	JALLLT010000005.1	576622-652006	576622-652006	withheld:modelled_gene_bar	withheld:modelled_gene_bar	undetermined	undetermined							hsp_fragment	hsp_fragment	0.0	0.0	0.0	0.0	0.0	glrA,rnhA,sexP,tptA	glrA,rnhA,sexP,tptA		
GCA_025266875.1_Fenlin1	Mucoromycota:MAT	JALLLT010000010.1	171097-172767	171097-172767	withheld:modelled_gene_bar+polish_capped	withheld:modelled_gene_bar+polish_capped	undetermined	undetermined							hsp_fragment	hsp_fragment	0.0	0.0	0.0	0.0	0.0	algA,sexP	algA,sexP		
GCA_025266875.1_Fenlin1	Mucoromycota:MAT	JALLLT010000048.1	187782-188465	187782-188465	withheld:modelled_gene_bar+polish_capped	withheld:modelled_gene_bar+polish_capped	undetermined	undetermined							hsp_fragment	hsp_fragment	8.0	8.0	0.0	60.8	60.8	sexM,sexP	sexM,sexP		
GCA_025266875.1_Fenlin1	Mucoromycota:MAT	JALLLT010000013.1	460829-473518	460829-473518	withheld:modelled_gene_bar+polish_capped	withheld:modelled_gene_bar+polish_capped	undetermined	undetermined							hsp_fragment	hsp_fragment	0.0	0.0	0.0	0.0	0.0	glrA,sexM	glrA,sexM		
GCA_025266875.1_Fenlin1	Mucoromycota:MAT	JALLLT010000004.1	997702-1005973	997702-1005973	withheld:modelled_gene_bar+polish_capped	withheld:modelled_gene_bar+polish_capped	undetermined	undetermined							hsp_fragment	hsp_fragment	0.0	0.0	0.0	0.0	0.0	rnhA,sexM	rnhA,sexM		
GCA_025266875.1_Fenlin1	Mucoromycota:MAT	JALLLT010000020.1	21695-70508	21695-70508	withheld:modelled_gene_bar+polish_capped	withheld:modelled_gene_bar+polish_capped	undetermined	undetermined							hsp_fragment	hsp_fragment	0.0	0.0	0.0	0.0	0.0	rnhA,sexP	rnhA,sexP		
GCA_025266875.1_Fenlin1	Mucoromycota:MAT	JALLLT010000005.1	246649-284574	246649-284574	withheld:modelled_gene_bar	withheld:modelled_gene_bar	undetermined	undetermined							hsp_fragment	hsp_fragment	4.2	4.2	0.0	11.1	11.1	rnhA,sexM	rnhA,sexM		
GCA_025266875.1_Fenlin1	Mucoromycota:MAT	JALLLT010000015.1	638711-668824	638711-668824	withheld:modelled_gene_bar+polish_capped	withheld:modelled_gene_bar+polish_capped	undetermined	undetermined							hsp_fragment	hsp_fragment	0.0	0.0	0.0	0.0	0.0	glrA,sexM	glrA,sexM		
GCA_025266875.1_Fenlin1	Mucoromycota:MAT	JALLLT010000019.1	449275-471605	449275-471605	withheld:modelled_gene_bar	withheld:modelled_gene_bar	undetermined	undetermined							hsp_fragment	hsp_fragment	0.0	0.0	0.0	0.0	0.0	rnhA,sexP	rnhA,sexP		
GCA_025266875.1_Fenlin1	Mucoromycota:MAT	JALLLT010000037.1	110187-204753	110187-204753	withheld:modelled_gene_bar	withheld:modelled_gene_bar	undetermined	undetermined							hsp_fragment	hsp_fragment	0.0	0.0	0.0	0.0	0.0	btbA,glrA,sexP	btbA,glrA,sexP		
GCA_025266875.1_Fenlin1	Mucoromycota:MAT	JALLLT010000009.1	219034-253313	219034-253313	withheld:modelled_gene_bar+polish_capped	withheld:modelled_gene_bar+polish_capped	undetermined	undetermined							hsp_fragment	hsp_fragment	1.8	1.8	0.0	1.8	1.8	rnhA,sexP	rnhA,sexP		
GCA_025266875.1_Fenlin1	Mucoromycota:MAT	JALLLT010000009.1	848750-887869	848750-887869	withheld:modelled_gene_bar+polish_capped	withheld:modelled_gene_bar+polish_capped	undetermined	undetermined							hsp_fragment	hsp_fragment	0.0	0.0	0.0	0.0	0.0	sexM,tptA	sexM,tptA		
GCA_025266875.1_Fenlin1	Mucoromycota:MAT	JALLLT010000021.1	712628-714015	712628-714015	withheld:modelled_gene_bar+polish_capped	withheld:modelled_gene_bar+polish_capped	undetermined	undetermined							hsp_fragment	hsp_fragment	0.0	0.0	0.0	32.0	32.0	sexM,sexP	sexM,sexP		
GCA_025266875.1_Fenlin1	Mucoromycota:MAT	JALLLT010000043.1	42711-67232	42711-67232	withheld:modelled_gene_bar+polish_capped	withheld:modelled_gene_bar+polish_capped	undetermined	undetermined							hsp_fragment	hsp_fragment	0.0	0.0	0.0	0.0	0.0	sexM,tptA	sexM,tptA		
GCA_025266875.1_Fenlin1	Mucoromycota:MAT	JALLLT010000037.1	110187-204753	110187-204753	withheld:below_fraction_floor	withheld:below_fraction_floor	undetermined	undetermined							hsp_fragment	hsp_fragment	0.0	0.0	0.0	0.0	0.0	btbA,glrA,sexP	btbA,glrA,sexP		
GCA_025331435.1_Chocucu1	Mucoromycota:MAT	JAIWNI010000021.1	246966-259697	246966-259697	called	called	Plus	Plus	high	high	mat_locus	mat_locus			model	model	270.8	270.8	0.0	328.6	328.6	algA,glrA,rnhA,sexP,tptA	algA,glrA,rnhA,sexP,tptA		
GCA_025331435.1_Chocucu1	Mucoromycota:MAT	JAIWNI010000049.1	93822-117032	93822-117032	withheld:modelled_gene_bar	withheld:modelled_gene_bar	undetermined	undetermined							model	model	22.1	22.1	0.0	39.1	39.1	sexM,sexP,tptA	sexM,sexP,tptA		
GCA_025331435.1_Chocucu1	Mucoromycota:MAT	JAIWNI010000050.1	98741-149021	98741-149021	withheld:modelled_gene_bar	withheld:modelled_gene_bar	undetermined	undetermined							hsp_fragment	hsp_fragment	8.2	8.2	0.0	33.1	33.1	algA,rnhA,sexM,sexP	algA,rnhA,sexM,sexP		
GCA_025331435.1_Chocucu1	Mucoromycota:MAT	JAIWNI010000020.1	8231-54461	8231-54461	withheld:below_fraction_floor	withheld:below_fraction_floor	undetermined	undetermined							hsp_fragment	hsp_fragment	0.0	0.0	0.0	0.0	0.0	btbA,sexP	btbA,sexP		
GCA_025528865.1_Pilumb1	Mucoromycota:MAT	JAIXMH010000022.1	297241-317337	297241-317337	called	called	Plus	Plus	high	high	mat_locus	mat_locus			model	model	152.2	152.2	0.0	210.5	210.5	algA,rnhA,sexP	algA,rnhA,sexP		
GCA_025528865.1_Pilumb1	Mucoromycota:MAT	JAIXMH010000010.1	49057-75566	49057-75566	withheld:modelled_gene_bar	withheld:modelled_gene_bar	undetermined	undetermined							hsp_fragment	hsp_fragment	0.0	0.0	0.0	0.0	0.0	rnhA,sexP,tptA	rnhA,sexP,tptA		
GCA_025528865.1_Pilumb1	Mucoromycota:MAT	JAIXMH010000014.1	456137-461745	456137-461745	withheld:modelled_gene_bar	withheld:modelled_gene_bar	undetermined	undetermined							hsp_fragment	hsp_fragment	5.0	5.0	0.0	40.1	40.1	glrA,sexM,sexP	glrA,sexM,sexP		
GCA_025528865.1_Pilumb1	Mucoromycota:MAT	JAIXMH010000008.1	641969-687685	641969-687685	withheld:modelled_gene_bar	withheld:modelled_gene_bar	undetermined	undetermined							hsp_fragment	hsp_fragment	0.0	0.0	0.0	0.0	0.0	algA,sexP,tptA	algA,sexP,tptA		
GCA_025531835.1_PnitS608_1	Mucoromycota:MAT	JAJDOM010000040.1	163387-186298	163387-186298	called	called	Plus	Plus	high	high	mat_locus	mat_locus			model	model	241.1	241.1	0.0	308.3	308.3	algA,rnhA,sexP,tptA	algA,rnhA,sexP,tptA		
GCA_025531835.1_PnitS608_1	Mucoromycota:MAT	JAJDOM010000009.1	634079-646856	634079-646856	withheld:modelled_gene_bar	withheld:modelled_gene_bar	undetermined	undetermined							hsp_fragment	hsp_fragment	0.0	0.0	0.0	0.0	0.0	rnhA,sexP,tptA	rnhA,sexP,tptA		
GCA_025531835.1_PnitS608_1	Mucoromycota:MAT	JAJDOM010000014.1	229396-388353	229396-388353	withheld:modelled_gene_bar	withheld:modelled_gene_bar	Plus	Plus							hsp_fragment	hsp_fragment	40.6	40.6	0.0	55.7	55.7	rnhA,sexM,sexP	rnhA,sexM,sexP		
GCA_025531835.1_PnitS608_1	Mucoromycota:MAT	JAJDOM010000008.1	703682-757357	703682-757357	withheld:modelled_gene_bar	withheld:modelled_gene_bar	undetermined	undetermined							hsp_fragment	hsp_fragment	1.4	1.4	0.0	1.4	1.4	glrA,sexP,tptA	glrA,sexP,tptA		
GCA_025531835.1_PnitS608_1	Mucoromycota:MAT	JAJDOM010000004.1	466180-525225	466180-525225	withheld:modelled_gene_bar	withheld:modelled_gene_bar	undetermined	undetermined							hsp_fragment	hsp_fragment	0.4	0.4	0.0	0.4	0.4	rnhA,sexM,tptA	rnhA,sexM,tptA		
GCA_025531835.1_PnitS608_1	Mucoromycota:MAT	JAJDOM010000016.1	466981-475623	466981-475623	withheld:below_fraction_floor	withheld:below_fraction_floor	undetermined	undetermined							model	model	9.2	9.2	0.0	75.3	75.3	sexM,tptA	sexM,tptA		
GCA_025677805.1_Umbsp_AD052_1	Mucoromycota:MAT	JAIXMS010000011.1	566926-594549	566926-594549	withheld:modelled_gene_bar	withheld:modelled_gene_bar	undetermined	undetermined														algA,btbA,rnhA,tptA	algA,btbA,rnhA,tptA		
GCA_025677805.1_Umbsp_AD052_1	Mucoromycota:MAT	JAIXMS010000002.1	997788-1038155	997788-1038155	withheld:modelled_gene_bar	withheld:modelled_gene_bar	undetermined	undetermined							hsp_fragment	hsp_fragment	0.9	0.9	0.0	4.1	4.1	glrA,sexM,sexP	glrA,sexM,sexP		
GCA_025677805.1_Umbsp_AD052_1	Mucoromycota:MAT	JAIXMS010000004.1	632296-681966	632296-681966	withheld:modelled_gene_bar+polish_capped	withheld:modelled_gene_bar+polish_capped	undetermined	undetermined							hsp_fragment	hsp_fragment	0.0	0.0	0.0	0.0	0.0	sexM,sexP,tptA	sexM,sexP,tptA		
GCA_025677805.1_Umbsp_AD052_1	Mucoromycota:MAT	JAIXMS010000015.1	128011-225651	128011-225651	withheld:modelled_gene_bar	withheld:modelled_gene_bar	undetermined	undetermined							hsp_fragment	hsp_fragment	0.0	0.0	0.0	0.0	0.0	algA,sexM,sexP	algA,sexM,sexP		
GCA_025677805.1_Umbsp_AD052_1	Mucoromycota:MAT	JAIXMS010000016.1	244864-273055	244864-273055	withheld:modelled_gene_bar	withheld:modelled_gene_bar	undetermined	undetermined							hsp_fragment	hsp_fragment	0.0	0.0	0.0	0.0	0.0	glrA,sexP,tptA	glrA,sexP,tptA		
GCA_025677805.1_Umbsp_AD052_1	Mucoromycota:MAT	JAIXMS010000013.1	107259-261614	107259-261614	withheld:mat_gene_gate	withheld:mat_gene_gate	Minus	Minus							model	model	25.1	25.1	0.0	39.7	39.7	algA,rnhA,sexM,sexP	algA,rnhA,sexM,sexP		
GCA_025677805.1_Umbsp_AD052_1	Mucoromycota:MAT	JAIXMS010000011.1	9161-17477	9161-17477	withheld:modelled_gene_bar+polish_capped	withheld:modelled_gene_bar+polish_capped	undetermined	undetermined							hsp_fragment	hsp_fragment	10.2	10.2	0.0	66.5	66.5	sexM,sexP	sexM,sexP		
GCA_025677805.1_Umbsp_AD052_1	Mucoromycota:MAT	JAIXMS010000011.1	142943-175881	142943-175881	withheld:modelled_gene_bar+polish_capped	withheld:modelled_gene_bar+polish_capped	undetermined	undetermined							hsp_fragment	hsp_fragment	0.0	0.0	0.0	0.0	0.0	sexP,tptA	sexP,tptA		
GCA_025677805.1_Umbsp_AD052_1	Mucoromycota:MAT	JAIXMS010000007.1	588846-632732	588846-632732	withheld:modelled_gene_bar+polish_capped	withheld:modelled_gene_bar+polish_capped	undetermined	undetermined							hsp_fragment	hsp_fragment	21.9	21.9	0.0	66.4	66.4	sexM,sexP	sexM,sexP		
GCA_025677805.1_Umbsp_AD052_1	Mucoromycota:MAT	JAIXMS010000004.1	318249-318869	318249-318869	withheld:modelled_gene_bar+polish_capped	withheld:modelled_gene_bar+polish_capped	undetermined	undetermined							hsp_fragment	hsp_fragment	3.9	3.9	0.0	57.2	57.2	sexM,sexP	sexM,sexP		
GCA_025677805.1_Umbsp_AD052_1	Mucoromycota:MAT	JAIXMS010000004.1	826272-860673	826272-860673	withheld:modelled_gene_bar+polish_capped	withheld:modelled_gene_bar+polish_capped	undetermined	undetermined							hsp_fragment	hsp_fragment	0.5	0.5	0.0	0.5	0.5	rnhA,sexM	rnhA,sexM		
GCA_025677805.1_Umbsp_AD052_1	Mucoromycota:MAT	JAIXMS010000022.1	151124-151908	151124-151908	withheld:modelled_gene_bar+polish_capped	withheld:modelled_gene_bar+polish_capped	undetermined	undetermined							hsp_fragment	hsp_fragment	9.0	9.0	0.0	39.1	39.1	sexM,sexP	sexM,sexP		
GCA_025677805.1_Umbsp_AD052_1	Mucoromycota:MAT	JAIXMS010000022.1	208179-241822	208179-241822	withheld:modelled_gene_bar+polish_capped	withheld:modelled_gene_bar+polish_capped	undetermined	undetermined							hsp_fragment	hsp_fragment	4.6	4.6	0.0	28.6	28.6	algA,sexP	algA,sexP		
GCA_025677805.1_Umbsp_AD052_1	Mucoromycota:MAT	JAIXMS010000036.1	14979-35754	14979-35754	withheld:modelled_gene_bar+polish_capped	withheld:modelled_gene_bar+polish_capped	undetermined	undetermined							hsp_fragment	hsp_fragment	0.8	0.8	0.0	25.5	25.5	algA,sexM	algA,sexM		
GCA_025677805.1_Umbsp_AD052_1	Mucoromycota:MAT	JAIXMS010000009.1	3958-6501	3958-6501	withheld:modelled_gene_bar+polish_capped	withheld:modelled_gene_bar+polish_capped	undetermined	undetermined							hsp_fragment	hsp_fragment	2.9	2.9	0.0	2.9	2.9	btbA,sexP	btbA,sexP		
GCA_025677805.1_Umbsp_AD052_1	Mucoromycota:MAT	JAIXMS010000009.1	381865-383189	381865-383189	withheld:modelled_gene_bar+polish_capped	withheld:modelled_gene_bar+polish_capped	undetermined	undetermined							hsp_fragment	hsp_fragment	0.0	0.0	0.0	0.0	0.0	glrA,sexM	glrA,sexM		
GCA_025677805.1_Umbsp_AD052_1	Mucoromycota:MAT	JAIXMS010000018.1	379397-414348	379397-414348	withheld:modelled_gene_bar+polish_capped	withheld:modelled_gene_bar+polish_capped	undetermined	undetermined							hsp_fragment	hsp_fragment	5.8	5.8	0.0	5.8	5.8	rnhA,sexP	rnhA,sexP		
GCA_025677805.1_Umbsp_AD052_1	Mucoromycota:MAT	JAIXMS010000008.1	561343-599861	561343-599861	withheld:modelled_gene_bar+polish_capped	withheld:modelled_gene_bar+polish_capped	undetermined	undetermined							hsp_fragment	hsp_fragment	0.7	0.7	0.0	0.7	0.7	sexM,tptA	sexM,tptA		
GCA_025677805.1_Umbsp_AD052_1	Mucoromycota:MAT	JAIXMS010000003.1	758716-808199	758716-808199	withheld:modelled_gene_bar+polish_capped	withheld:modelled_gene_bar+polish_capped	undetermined	undetermined							hsp_fragment	hsp_fragment	7.5	7.5	0.0	30.0	30.0	btbA,sexP	btbA,sexP		
GCA_025677805.1_Umbsp_AD052_1	Mucoromycota:MAT	JAIXMS010000003.1	867487-895158	867487-895158	withheld:modelled_gene_bar+polish_capped	withheld:modelled_gene_bar+polish_capped	undetermined	undetermined							hsp_fragment	hsp_fragment	0.7	0.7	0.0	0.7	0.7	btbA,sexP	btbA,sexP		
GCA_025677805.1_Umbsp_AD052_1	Mucoromycota:MAT	JAIXMS010000030.1	59779-61538	59779-61538	withheld:modelled_gene_bar+polish_capped	withheld:modelled_gene_bar+polish_capped	undetermined	undetermined							hsp_fragment	hsp_fragment	0.0	0.0	0.0	0.0	0.0	btbA,sexM	btbA,sexM		
GCA_025677805.1_Umbsp_AD052_1	Mucoromycota:MAT	JAIXMS010000016.1	359867-366187	359867-366187	withheld:modelled_gene_bar+polish_capped	withheld:modelled_gene_bar+polish_capped	undetermined	undetermined							hsp_fragment	hsp_fragment	1.6	1.6	0.0	1.6	1.6	rnhA,sexM	rnhA,sexM		
GCA_025677805.1_Umbsp_AD052_1	Mucoromycota:MAT	JAIXMS010000023.1	76521-170453	76521-170453	withheld:modelled_gene_bar+polish_capped	withheld:modelled_gene_bar+polish_capped	undetermined	undetermined							hsp_fragment	hsp_fragment	0.0	0.0	0.0	0.0	0.0	rnhA,sexP	rnhA,sexP		
GCA_025677805.1_Umbsp_AD052_1	Mucoromycota:MAT	JAIXMS010000029.1	236010-267519	236010-267519	withheld:modelled_gene_bar+polish_capped	withheld:modelled_gene_bar+polish_capped	undetermined	undetermined							hsp_fragment	hsp_fragment	2.5	2.5	0.0	2.5	2.5	rnhA,sexP	rnhA,sexP		
GCA_025677805.1_Umbsp_AD052_1	Mucoromycota:MAT	JAIXMS010000039.1	74080-101244	74080-101244	withheld:modelled_gene_bar	withheld:modelled_gene_bar	undetermined	undetermined							hsp_fragment	hsp_fragment	2.0	2.0	0.0	19.7	19.7	algA,sexP	algA,sexP		
GCA_025677805.1_Umbsp_AD052_1	Mucoromycota:MAT	JAIXMS010000005.1	534590-539993	534590-539993	withheld:modelled_gene_bar+polish_capped	withheld:modelled_gene_bar+polish_capped	undetermined	undetermined							hsp_fragment	hsp_fragment	0.0	0.0	0.0	0.0	0.0	glrA,sexM	glrA,sexM		
GCA_025677805.1_Umbsp_AD052_1	Mucoromycota:MAT	JAIXMS010000005.1	834221-925920	834221-925920	withheld:modelled_gene_bar	withheld:modelled_gene_bar	undetermined	undetermined							hsp_fragment	hsp_fragment	0.0	0.0	0.0	0.0	0.0	btbA,sexM,tptA	btbA,sexM,tptA		
GCA_025677805.1_Umbsp_AD052_1	Mucoromycota:MAT	JAIXMS010000033.1	41148-46563	41148-46563	withheld:modelled_gene_bar+polish_capped	withheld:modelled_gene_bar+polish_capped	undetermined	undetermined							hsp_fragment	hsp_fragment	0.0	0.0	0.0	0.0	0.0	sexP,tptA	sexP,tptA		
GCA_025677815.1_Phaart1	Mucoromycota:MAT	JAIXMP010000027.1	25036-35177	25036-35177	withheld:modelled_gene_bar	withheld:modelled_gene_bar	undetermined	undetermined														algA,rnhA,tptA	algA,rnhA,tptA		
GCA_025677815.1_Phaart1	Mucoromycota:MAT	JAIXMP010000008.1	1467566-1509733	1467566-1509733	withheld:mat_gene_gate	withheld:mat_gene_gate	undetermined	undetermined							model	model	18.9	18.9	0.0	35.6	35.6	algA,glrA,sexP	algA,glrA,sexP		
GCA_025677815.1_Phaart1	Mucoromycota:MAT	JAIXMP010000014.1	319477-353214	319477-353214	withheld:modelled_gene_bar	withheld:modelled_gene_bar	undetermined	undetermined							model	model	13.0	13.0	0.0	76.8	76.8	sexM,tptA	sexM,tptA		
GCA_025677815.1_Phaart1	Mucoromycota:MAT	JAIXMP010000034.1	340620-341531	340620-341531	withheld:modelled_gene_bar	withheld:modelled_gene_bar	undetermined	undetermined							model	model	2.8	2.8	0.0	61.7	61.7	sexM,sexP	sexM,sexP		
GCA_025677815.1_Phaart1	Mucoromycota:MAT	JAIXMP010000020.1	531264-532291	531264-532291	withheld:modelled_gene_bar	withheld:modelled_gene_bar	undetermined	undetermined							hsp_fragment	hsp_fragment	5.4	5.4	0.0	34.2	34.2	sexM,sexP	sexM,sexP		
GCA_025677815.1_Phaart1	Mucoromycota:MAT	JAIXMP010000054.1	62993-70148	62993-70148	withheld:modelled_gene_bar	withheld:modelled_gene_bar	undetermined	undetermined							hsp_fragment	hsp_fragment	0.0	0.0	0.0	0.0	0.0	btbA,sexM	btbA,sexM		
GCA_025677815.1_Phaart1	Mucoromycota:MAT	JAIXMP010000028.1	242377-244676	242377-244676	withheld:modelled_gene_bar+polish_capped	withheld:modelled_gene_bar+polish_capped	undetermined	undetermined							hsp_fragment	hsp_fragment	7.1	7.1	0.0	9.9	9.9	btbA,sexM	btbA,sexM		
GCA_025677815.1_Phaart1	Mucoromycota:MAT	JAIXMP010000016.1	873877-886007	873877-886007	withheld:modelled_gene_bar+polish_capped	withheld:modelled_gene_bar+polish_capped	undetermined	undetermined							hsp_fragment	hsp_fragment	0.0	0.0	0.0	0.0	0.0	algA,sexM	algA,sexM		
GCA_025677815.1_Phaart1	Mucoromycota:MAT	JAIXMP010000004.1	1101417-1109036	1101417-1109036	withheld:mat_gene_gate	withheld:mat_gene_gate	undetermined	undetermined							model	model	22.3	22.3	0.0	48.5	48.5	rnhA,sexP	rnhA,sexP		
GCA_025677815.1_Phaart1	Mucoromycota:MAT	JAIXMP010000014.1	319477-353214	319477-353214	withheld:below_fraction_floor	withheld:below_fraction_floor	undetermined	undetermined							model	model	13.0	13.0	0.0	76.8	76.8	sexM,tptA	sexM,tptA		
GCA_025677815.1_Phaart1	Mucoromycota:MAT	JAIXMP010000034.1	340620-341531	340620-341531	withheld:below_fraction_floor	withheld:below_fraction_floor	undetermined	undetermined							model	model	2.8	2.8	0.0	61.7	61.7	sexM,sexP	sexM,sexP		
GCA_025677815.1_Phaart1	Mucoromycota:MAT	JAIXMP010000004.1	1101417-1109036	1101417-1109036	withheld:below_fraction_floor	withheld:below_fraction_floor	undetermined	undetermined							model	model	22.3	22.3	0.0	48.5	48.5	rnhA,sexP	rnhA,sexP		
GCA_025716815.1_Dicele1	Mucoromycota:MAT	JAIXMN010000019.1	216389-255126	216389-255126	withheld:modelled_gene_bar	withheld:modelled_gene_bar	undetermined	undetermined							model	model	6.0	6.0	0.0	61.7	61.7	glrA,sexM,sexP,tptA	glrA,sexM,sexP,tptA		
GCA_025716815.1_Dicele1	Mucoromycota:MAT	JAIXMN010000007.1	520469-532574	520469-532574	withheld:modelled_gene_bar	withheld:modelled_gene_bar	undetermined	undetermined							hsp_fragment	hsp_fragment	7.7	7.7	0.0	45.4	45.4	sexM,sexP,tptA	sexM,sexP,tptA		
GCA_025716815.1_Dicele1	Mucoromycota:MAT	JAIXMN010000005.1	689836-809005	689836-809005	withheld:modelled_gene_bar	withheld:modelled_gene_bar	undetermined	undetermined							hsp_fragment	hsp_fragment	0.0	0.0	0.0	0.0	0.0	glrA,rnhA,sexM	glrA,rnhA,sexM		
GCA_025716815.1_Dicele1	Mucoromycota:MAT	JAIXMN010000006.1	980089-1031479	980089-1031479	withheld:modelled_gene_bar	withheld:modelled_gene_bar	undetermined	undetermined							hsp_fragment	hsp_fragment	0.0	0.0	0.0	0.0	0.0	glrA,sexM,sexP	glrA,sexM,sexP		
GCA_025716815.1_Dicele1	Mucoromycota:MAT	JAIXMN010000009.1	437442-468601	437442-468601	withheld:modelled_gene_bar+polish_capped	withheld:modelled_gene_bar+polish_capped	undetermined	undetermined							hsp_fragment	hsp_fragment	24.3	24.3	0.0	66.6	66.6	sexM,sexP	sexM,sexP		
GCA_025716815.1_Dicele1	Mucoromycota:MAT	JAIXMN010000002.1	1980420-2008019	1980420-2008019	withheld:modelled_gene_bar+polish_capped	withheld:modelled_gene_bar+polish_capped	undetermined	undetermined							hsp_fragment	hsp_fragment	0.0	0.0	0.0	0.0	0.0	glrA,sexM	glrA,sexM		
GCA_025716815.1_Dicele1	Mucoromycota:MAT	JAIXMN010000007.1	656194-698684	656194-698684	withheld:modelled_gene_bar	withheld:modelled_gene_bar	undetermined	undetermined							hsp_fragment	hsp_fragment	0.0	0.0	0.0	0.0	0.0	glrA,sexM	glrA,sexM		
GCA_025716815.1_Dicele1	Mucoromycota:MAT	JAIXMN010000007.1	1291814-1293267	1291814-1293267	withheld:modelled_gene_bar+polish_capped	withheld:modelled_gene_bar+polish_capped	undetermined	undetermined							hsp_fragment	hsp_fragment	0.7	0.7	0.0	40.2	40.2	sexM,sexP	sexM,sexP		
GCA_025716815.1_Dicele1	Mucoromycota:MAT	JAIXMN010000024.1	187683-218574	187683-218574	withheld:modelled_gene_bar+polish_capped	withheld:modelled_gene_bar+polish_capped	undetermined	undetermined							hsp_fragment	hsp_fragment	8.9	8.9	0.0	41.7	41.7	sexM,sexP	sexM,sexP		
GCA_025716815.1_Dicele1	Mucoromycota:MAT	JAIXMN010000016.1	683697-714722	683697-714722	withheld:modelled_gene_bar+polish_capped	withheld:modelled_gene_bar+polish_capped	undetermined	undetermined							hsp_fragment	hsp_fragment	0.0	0.0	0.0	0.0	0.0	rnhA,sexM	rnhA,sexM		
GCA_025716815.1_Dicele1	Mucoromycota:MAT	JAIXMN010000005.1	1775295-1804587	1775295-1804587	withheld:modelled_gene_bar	withheld:modelled_gene_bar	undetermined	undetermined							hsp_fragment	hsp_fragment	0.7	0.7	0.0	0.7	0.7	sexM,tptA	sexM,tptA		
GCA_025716815.1_Dicele1	Mucoromycota:MAT	JAIXMN010000006.1	1253114-1276747	1253114-1276747	withheld:modelled_gene_bar+polish_capped	withheld:modelled_gene_bar+polish_capped	undetermined	undetermined							hsp_fragment	hsp_fragment	0.0	0.0	0.0	0.0	0.0	sexM,tptA	sexM,tptA		
GCA_025716815.1_Dicele1	Mucoromycota:MAT	JAIXMN010000012.1	681773-704863	681773-704863	withheld:modelled_gene_bar+polish_capped	withheld:modelled_gene_bar+polish_capped	undetermined	undetermined							hsp_fragment	hsp_fragment	0.0	0.0	0.0	0.0	0.0	rnhA,sexM	rnhA,sexM		
GCA_025716815.1_Dicele1	Mucoromycota:MAT	JAIXMN010000037.1	50151-84888	50151-84888	withheld:modelled_gene_bar+polish_capped	withheld:modelled_gene_bar+polish_capped	undetermined	undetermined							hsp_fragment	hsp_fragment	0.0	0.0	0.0	0.0	0.0	glrA,sexP	glrA,sexP		
GCA_025716815.1_Dicele1	Mucoromycota:MAT	JAIXMN010000003.1	419518-421706	419518-421706	withheld:modelled_gene_bar+polish_capped	withheld:modelled_gene_bar+polish_capped	undetermined	undetermined							hsp_fragment	hsp_fragment	0.0	0.0	0.0	0.0	0.0	sexM,tptA	sexM,tptA		
GCA_025716815.1_Dicele1	Mucoromycota:MAT	JAIXMN010000001.1	1707257-1741400	1707257-1741400	withheld:modelled_gene_bar+polish_capped	withheld:modelled_gene_bar+polish_capped	undetermined	undetermined							hsp_fragment	hsp_fragment	0.0	0.0	0.0	0.0	0.0	algA,sexM	algA,sexM		
GCA_025716815.1_Dicele1	Mucoromycota:MAT	JAIXMN010000017.1	125959-175404	125959-175404	withheld:modelled_gene_bar+polish_capped	withheld:modelled_gene_bar+polish_capped	undetermined	undetermined							hsp_fragment	hsp_fragment	0.0	0.0	0.0	0.0	0.0	sexM,tptA	sexM,tptA		
GCA_025716815.1_Dicele1	Mucoromycota:MAT	JAIXMN010000007.1	656194-698684	656194-698684	withheld:below_fraction_floor	withheld:below_fraction_floor	undetermined	undetermined							hsp_fragment	hsp_fragment	0.0	0.0	0.0	0.0	0.0	glrA,sexM	glrA,sexM		
GCA_025716815.1_Dicele1	Mucoromycota:MAT	JAIXMN010000005.1	1775295-1804587	1775295-1804587	withheld:below_fraction_floor	withheld:below_fraction_floor	undetermined	undetermined							hsp_fragment	hsp_fragment	0.7	0.7	0.0	0.7	0.7	sexM,tptA	sexM,tptA		
GCA_027595865.1_Umbelopsis_isabellina_MPG-14A_reass_enz	Mucoromycota:MAT	JANJFK010000028.1	163331-168087	163331-168087	called	called	Plus	Plus	high	high	mat_locus	mat_locus			model	model	94.2	94.2	0.0	124.2	124.2	algA,sexP,tptA	algA,sexP,tptA		
GCA_027595865.1_Umbelopsis_isabellina_MPG-14A_reass_enz	Mucoromycota:MAT	JANJFK010000003.1	222320-276708	222320-276708	withheld:modelled_gene_bar	withheld:modelled_gene_bar	undetermined	undetermined							hsp_fragment	hsp_fragment	2.0	2.0	0.0	24.6	24.6	glrA,sexM,sexP	glrA,sexM,sexP		
GCA_027595865.1_Umbelopsis_isabellina_MPG-14A_reass_enz	Mucoromycota:MAT	JANJFK010000016.1	10144-115366	10144-115366	withheld:flank_carried_core_outside_flank_span	withheld:flank_carried_core_outside_flank_span	undetermined	undetermined							hsp_fragment	hsp_fragment	0.0	0.0	0.0	0.0	0.0	glrA,rnhA,sexM	glrA,rnhA,sexM		
GCA_029582045.1_ASM2958204v1	Mucoromycota:MAT	JAQGDH010000007.1	169200-209344	169200-209344	withheld:modelled_gene_bar	withheld:modelled_gene_bar	undetermined	undetermined							model	model	7.5	7.5	0.0	51.8	51.8	sexM,sexP,tptA	sexM,sexP,tptA		
GCA_029582045.1_ASM2958204v1	Mucoromycota:MAT	JAQGDH010000022.1	38983-73602	38983-73602	withheld:modelled_gene_bar	withheld:modelled_gene_bar	undetermined	undetermined							hsp_fragment	hsp_fragment	0.5	0.5	0.0	0.5	0.5	glrA,sexM,tptA	glrA,sexM,tptA		
GCA_029582045.1_ASM2958204v1	Mucoromycota:MAT	JAQGDH010000014.1	28849-66182	28849-66182	withheld:modelled_gene_bar	withheld:modelled_gene_bar	undetermined	undetermined							hsp_fragment	hsp_fragment	10.6	10.6	0.0	39.2	39.2	rnhA,sexM,sexP	rnhA,sexM,sexP		
GCA_029582045.1_ASM2958204v1	Mucoromycota:MAT	JAQGDH010000009.1	858389-904522	858389-904522	withheld:modelled_gene_bar	withheld:modelled_gene_bar	undetermined	undetermined							hsp_fragment	hsp_fragment	0.0	0.0	0.0	0.0	0.0	algA,rnhA,sexP	algA,rnhA,sexP		
GCA_029582045.1_ASM2958204v1	Mucoromycota:MAT	JAQGDH010000017.1	356252-388268	356252-388268	withheld:modelled_gene_bar	withheld:modelled_gene_bar	undetermined	undetermined							model	model	20.0	20.0	0.0	55.9	55.9	sexM,tptA	sexM,tptA		
GCA_029582045.1_ASM2958204v1	Mucoromycota:MAT	JAQGDH010000006.1	1896800-1897356	1896800-1897356	withheld:modelled_gene_bar+polish_capped	withheld:modelled_gene_bar+polish_capped	undetermined	undetermined							hsp_fragment	hsp_fragment	11.5	11.5	0.0	56.4	56.4	sexM,sexP	sexM,sexP		
GCA_029582045.1_ASM2958204v1	Mucoromycota:MAT	JAQGDH010000004.1	1628758-1653829	1628758-1653829	withheld:modelled_gene_bar+polish_capped	withheld:modelled_gene_bar+polish_capped	undetermined	undetermined							hsp_fragment	hsp_fragment	0.0	0.0	0.0	0.0	0.0	glrA,sexM	glrA,sexM		
GCA_029582045.1_ASM2958204v1	Mucoromycota:MAT	JAQGDH010000004.1	1820783-1848539	1820783-1848539	withheld:modelled_gene_bar+polish_capped	withheld:modelled_gene_bar+polish_capped	undetermined	undetermined							hsp_fragment	hsp_fragment	0.6	0.6	0.0	0.6	0.6	rnhA,sexP	rnhA,sexP		
GCA_029582045.1_ASM2958204v1	Mucoromycota:MAT	JAQGDH010000001.1	222719-254160	222719-254160	withheld:modelled_gene_bar+polish_capped	withheld:modelled_gene_bar+polish_capped	undetermined	undetermined							hsp_fragment	hsp_fragment	21.9	21.9	0.0	37.2	37.2	rnhA,sexM	rnhA,sexM		
GCA_029582045.1_ASM2958204v1	Mucoromycota:MAT	JAQGDH010000022.1	304012-305473	304012-305473	withheld:modelled_gene_bar+polish_capped	withheld:modelled_gene_bar+polish_capped	undetermined	undetermined							hsp_fragment	hsp_fragment	2.2	2.2	0.0	35.0	35.0	sexM,sexP	sexM,sexP		
GCA_029582045.1_ASM2958204v1	Mucoromycota:MAT	JAQGDH010000008.1	887890-924254	887890-924254	withheld:modelled_gene_bar+polish_capped	withheld:modelled_gene_bar+polish_capped	undetermined	undetermined							hsp_fragment	hsp_fragment	0.9	0.9	0.0	1.4	1.4	btbA,sexM	btbA,sexM		
GCA_029582045.1_ASM2958204v1	Mucoromycota:MAT	JAQGDH010000010.1	210566-215616	210566-215616	withheld:modelled_gene_bar+polish_capped	withheld:modelled_gene_bar+polish_capped	undetermined	undetermined							hsp_fragment	hsp_fragment	8.9	8.9	0.0	24.8	24.8	rnhA,sexP	rnhA,sexP		
GCA_029582045.1_ASM2958204v1	Mucoromycota:MAT	JAQGDH010000019.1	277762-307817	277762-307817	withheld:modelled_gene_bar+polish_capped	withheld:modelled_gene_bar+polish_capped	undetermined	undetermined							hsp_fragment	hsp_fragment	0.0	0.0	0.0	0.0	0.0	glrA,sexM	glrA,sexM		
GCA_029582045.1_ASM2958204v1	Mucoromycota:MAT	JAQGDH010000002.1	671312-719642	671312-719642	withheld:modelled_gene_bar+polish_capped	withheld:modelled_gene_bar+polish_capped	undetermined	undetermined							hsp_fragment	hsp_fragment	0.0	0.0	0.0	0.0	0.0	sexM,tptA	sexM,tptA		
GCA_029582045.1_ASM2958204v1	Mucoromycota:MAT	JAQGDH010000025.1	82172-92407	82172-92407	withheld:modelled_gene_bar+polish_capped	withheld:modelled_gene_bar+polish_capped	undetermined	undetermined							hsp_fragment	hsp_fragment	0.0	0.0	0.0	0.0	0.0	btbA,sexM	btbA,sexM		
GCA_029582045.1_ASM2958204v1	Mucoromycota:MAT	JAQGDH010000025.1	195847-241051	195847-241051	withheld:modelled_gene_bar+polish_capped	withheld:modelled_gene_bar+polish_capped	undetermined	undetermined							hsp_fragment	hsp_fragment	21.3	21.3	0.0	34.2	34.2	rnhA,sexP	rnhA,sexP		
GCA_029582045.1_ASM2958204v1	Mucoromycota:MAT	JAQGDH010000009.1	697187-727785	697187-727785	withheld:modelled_gene_bar+polish_capped	withheld:modelled_gene_bar+polish_capped	undetermined	undetermined							hsp_fragment	hsp_fragment	2.9	2.9	0.0	2.9	2.9	algA,sexP	algA,sexP		
GCA_029582045.1_ASM2958204v1	Mucoromycota:MAT	JAQGDH010000005.1	1789432-1799433	1789432-1799433	withheld:modelled_gene_bar	withheld:modelled_gene_bar	undetermined	undetermined							hsp_fragment	hsp_fragment	0.0	0.0	0.0	0.0	0.0	glrA,sexP	glrA,sexP		
GCA_037039815.1_ASM3703981v1	Mucoromycota:MAT	JAXQGL010000038.1	387521-444201	387521-444201	called	called	Plus	Plus	high	high	mat_locus	mat_locus			model	model	77.8	77.8	0.0	106.1	106.1	algA,glrA,sexM,sexP,tptA	algA,glrA,sexM,sexP,tptA		
GCA_037039815.1_ASM3703981v1	Mucoromycota:MAT	JAXQGL010000057.1	1457028-1499866	1457028-1499866	withheld:modelled_gene_bar	withheld:modelled_gene_bar	undetermined	undetermined							hsp_fragment	hsp_fragment	0.4	0.4	0.0	22.2	22.2	sexM,sexP,tptA	sexM,sexP,tptA		
GCA_037039815.1_ASM3703981v1	Mucoromycota:MAT	JAXQGL010000038.1	212610-237840	212610-237840	withheld:flank_carried_core_outside_flank_span	withheld:flank_carried_core_outside_flank_span	undetermined	undetermined							hsp_fragment	hsp_fragment	0.0	0.0	0.0	0.0	0.0	glrA,rnhA,sexP	glrA,rnhA,sexP		
GCA_037039815.1_ASM3703981v1	Mucoromycota:MAT	JAXQGL010000058.1	599567-669712	599567-669712	withheld:below_fraction_floor	withheld:below_fraction_floor	undetermined	undetermined							model	model	22.9	22.9	0.0	38.8	38.8	glrA,sexM	glrA,sexM		
GCA_037039815.1_ASM3703981v1	Mucoromycota:MAT	JAXQGL010000046.1	91963-101830	91963-101830	withheld:below_fraction_floor	withheld:below_fraction_floor	undetermined	undetermined							hsp_fragment	hsp_fragment	6.4	6.4	0.0	6.4	6.4	rnhA,sexP	rnhA,sexP		
GCA_037041495.1_ASM3704149v1	Mucoromycota:MAT	JAXQIO010004400.1	82-592	82-592	withheld:modelled_gene_bar	withheld:modelled_gene_bar	undetermined	undetermined							model	model	5.8	5.8	0.0	51.3	51.3	sexM,sexP	sexM,sexP		
GCA_037041495.1_ASM3704149v1	Mucoromycota:MAT	JAXQIO010001157.1	5222-6036	5222-6036	withheld:modelled_gene_bar	withheld:modelled_gene_bar	undetermined	undetermined							hsp_fragment	hsp_fragment	9.0	9.0	0.0	45.3	45.3	sexM,sexP	sexM,sexP		
GCA_037041495.1_ASM3704149v1	Mucoromycota:MAT	JAXQIO010000507.1	11496-12328	11496-12328	withheld:modelled_gene_bar	withheld:modelled_gene_bar	undetermined	undetermined							hsp_fragment	hsp_fragment	2.2	2.2	0.0	35.0	35.0	sexM,sexP	sexM,sexP		
GCA_037041495.1_ASM3704149v1	Mucoromycota:MAT	JAXQIO010001765.1	1064-1614	1064-1614	withheld:modelled_gene_bar	withheld:modelled_gene_bar	undetermined	undetermined							hsp_fragment	hsp_fragment	11.6	11.6	0.0	41.7	41.7	sexM,sexP	sexM,sexP		
GCA_037041495.1_ASM3704149v1	Mucoromycota:MAT	JAXQIO010004400.1	82-592	82-592	withheld:below_fraction_floor	withheld:below_fraction_floor	undetermined	undetermined							model	model	5.8	5.8	0.0	51.3	51.3	sexM,sexP	sexM,sexP		
GCA_037042035.1_ASM3704203v1	Mucoromycota:MAT	JAXQJR010000025.1	62084-102209	62084-102209	withheld:modelled_gene_bar	withheld:modelled_gene_bar	undetermined	undetermined							model	model	7.5	7.5	0.0	51.8	51.8	sexM,sexP,tptA	sexM,sexP,tptA		
GCA_037042035.1_ASM3704203v1	Mucoromycota:MAT	JAXQJR010000034.1	125337-162660	125337-162660	withheld:modelled_gene_bar	withheld:modelled_gene_bar	undetermined	undetermined							hsp_fragment	hsp_fragment	10.6	10.6	0.0	39.2	39.2	rnhA,sexM,sexP	rnhA,sexM,sexP		
GCA_037042035.1_ASM3704203v1	Mucoromycota:MAT	JAXQJR010000399.1	256737-300959	256737-300959	withheld:modelled_gene_bar	withheld:modelled_gene_bar	undetermined	undetermined							hsp_fragment	hsp_fragment	0.0	0.0	0.0	0.0	0.0	algA,rnhA,sexP	algA,rnhA,sexP		
GCA_037042035.1_ASM3704203v1	Mucoromycota:MAT	JAXQJR010000085.1	5619-6178	5619-6178	withheld:modelled_gene_bar+polish_capped	withheld:modelled_gene_bar+polish_capped	undetermined	undetermined							hsp_fragment	hsp_fragment	11.7	11.7	0.0	55.2	55.2	sexM,sexP	sexM,sexP		
GCA_037042035.1_ASM3704203v1	Mucoromycota:MAT	JAXQJR010000376.1	215057-246489	215057-246489	withheld:modelled_gene_bar	withheld:modelled_gene_bar	undetermined	undetermined							model	model	22.0	22.0	0.0	37.6	37.6	rnhA,sexM	rnhA,sexM		
GCA_037042035.1_ASM3704203v1	Mucoromycota:MAT	JAXQJR010000046.1	29816-31280	29816-31280	withheld:modelled_gene_bar+polish_capped	withheld:modelled_gene_bar+polish_capped	undetermined	undetermined							hsp_fragment	hsp_fragment	2.2	2.2	0.0	35.0	35.0	sexM,sexP	sexM,sexP		
GCA_037042035.1_ASM3704203v1	Mucoromycota:MAT	JAXQJR010000052.1	34167-70501	34167-70501	withheld:modelled_gene_bar+polish_capped	withheld:modelled_gene_bar+polish_capped	undetermined	undetermined							hsp_fragment	hsp_fragment	0.5	0.5	0.0	1.1	1.1	btbA,sexM	btbA,sexM		
GCA_037042035.1_ASM3704203v1	Mucoromycota:MAT	JAXQJR010000405.1	537368-559170	537368-559170	withheld:modelled_gene_bar	withheld:modelled_gene_bar	undetermined	undetermined							hsp_fragment	hsp_fragment	0.0	0.0	0.0	0.0	0.0	algA,sexM	algA,sexM		
GCA_037042035.1_ASM3704203v1	Mucoromycota:MAT	JAXQJR010000195.1	271470-292583	271470-292583	withheld:modelled_gene_bar+polish_capped	withheld:modelled_gene_bar+polish_capped	undetermined	undetermined							hsp_fragment	hsp_fragment	0.0	0.0	0.0	0.0	0.0	glrA,sexM	glrA,sexM		
GCA_037042035.1_ASM3704203v1	Mucoromycota:MAT	JAXQJR010000253.1	289677-317440	289677-317440	withheld:modelled_gene_bar+polish_capped	withheld:modelled_gene_bar+polish_capped	undetermined	undetermined							hsp_fragment	hsp_fragment	0.6	0.6	0.0	0.6	0.6	rnhA,sexP	rnhA,sexP		
GCA_037042035.1_ASM3704203v1	Mucoromycota:MAT	JAXQJR010000399.1	431526-462093	431526-462093	withheld:modelled_gene_bar+polish_capped	withheld:modelled_gene_bar+polish_capped	undetermined	undetermined							hsp_fragment	hsp_fragment	2.9	2.9	0.0	2.9	2.9	algA,sexP	algA,sexP		
GCA_037042035.1_ASM3704203v1	Mucoromycota:MAT	JAXQJR010000386.1	187019-189644	187019-189644	withheld:modelled_gene_bar+polish_capped	withheld:modelled_gene_bar+polish_capped	undetermined	undetermined							hsp_fragment	hsp_fragment	9.0	9.0	0.0	23.2	23.2	sexM,sexP	sexM,sexP		
GCA_037042035.1_ASM3704203v1	Mucoromycota:MAT	JAXQJR010000081.1	132539-157570	132539-157570	withheld:modelled_gene_bar+polish_capped	withheld:modelled_gene_bar+polish_capped	undetermined	undetermined							hsp_fragment	hsp_fragment	0.0	0.0	0.0	0.0	0.0	glrA,sexM	glrA,sexM		
GCA_037042035.1_ASM3704203v1	Mucoromycota:MAT	JAXQJR010000398.1	439630-444676	439630-444676	withheld:modelled_gene_bar	withheld:modelled_gene_bar	undetermined	undetermined							hsp_fragment	hsp_fragment	8.9	8.9	0.0	24.8	24.8	rnhA,sexP	rnhA,sexP		
GCA_037042035.1_ASM3704203v1	Mucoromycota:MAT	JAXQJR010000047.1	76814-99283	76814-99283	withheld:modelled_gene_bar+polish_capped	withheld:modelled_gene_bar+polish_capped	undetermined	undetermined							hsp_fragment	hsp_fragment	0.0	0.0	0.0	0.0	0.0	rnhA,sexM	rnhA,sexM		
GCA_037042035.1_ASM3704203v1	Mucoromycota:MAT	JAXQJR010000036.1	23662-33922	23662-33922	withheld:modelled_gene_bar+polish_capped	withheld:modelled_gene_bar+polish_capped	undetermined	undetermined							hsp_fragment	hsp_fragment	0.0	0.0	0.0	0.0	0.0	btbA,sexM	btbA,sexM		
GCA_037042035.1_ASM3704203v1	Mucoromycota:MAT	JAXQJR010000376.1	215057-246489	215057-246489	withheld:below_fraction_floor	withheld:below_fraction_floor	undetermined	undetermined							model	model	22.0	22.0	0.0	37.6	37.6	rnhA,sexM	rnhA,sexM		
GCA_037042035.1_ASM3704203v1	Mucoromycota:MAT	JAXQJR010000405.1	537368-559170	537368-559170	withheld:below_fraction_floor	withheld:below_fraction_floor	undetermined	undetermined							hsp_fragment	hsp_fragment	0.0	0.0	0.0	0.0	0.0	algA,sexM	algA,sexM		
GCA_037042095.1_ASM3704209v1	Mucoromycota:MAT	JAXQJT010000121.1	7718-63884	7718-63884	withheld:modelled_gene_bar	withheld:modelled_gene_bar	undetermined	undetermined							model	model	15.2	15.2	0.0	81.1	81.1	sexM,sexP,tptA	sexM,sexP,tptA		
GCA_037042095.1_ASM3704209v1	Mucoromycota:MAT	JAXQJT010000043.1	3432-48369	3432-48369	withheld:modelled_gene_bar	withheld:modelled_gene_bar	undetermined	undetermined							hsp_fragment	hsp_fragment	0.9	0.9	0.0	18.6	18.6	sexP,tptA	sexP,tptA		
GCA_037042095.1_ASM3704209v1	Mucoromycota:MAT	JAXQJT010000043.1	103332-104852	103332-104852	withheld:modelled_gene_bar+polish_capped	withheld:modelled_gene_bar+polish_capped	undetermined	undetermined							hsp_fragment	hsp_fragment	4.7	4.7	0.0	35.4	35.4	sexM,sexP	sexM,sexP		
GCA_037042095.1_ASM3704209v1	Mucoromycota:MAT	JAXQJT010000076.1	57523-58532	57523-58532	withheld:modelled_gene_bar	withheld:modelled_gene_bar	undetermined	undetermined							hsp_fragment	hsp_fragment	7.3	7.3	0.0	36.2	36.2	sexM,sexP	sexM,sexP		
GCA_037042095.1_ASM3704209v1	Mucoromycota:MAT	JAXQJT010000129.1	95589-112698	95589-112698	withheld:modelled_gene_bar+polish_capped	withheld:modelled_gene_bar+polish_capped	undetermined	undetermined							hsp_fragment	hsp_fragment	8.7	8.7	0.0	23.3	23.3	rnhA,sexP	rnhA,sexP		
GCA_037042095.1_ASM3704209v1	Mucoromycota:MAT	JAXQJT010000425.1	32803-33340	32803-33340	withheld:modelled_gene_bar+polish_capped	withheld:modelled_gene_bar+polish_capped	undetermined	undetermined							hsp_fragment	hsp_fragment	1.9	1.9	0.0	31.9	31.9	sexM,sexP	sexM,sexP		
GCA_037042095.1_ASM3704209v1	Mucoromycota:MAT	JAXQJT010000069.1	54778-59952	54778-59952	withheld:modelled_gene_bar	withheld:modelled_gene_bar	undetermined	undetermined							hsp_fragment	hsp_fragment	0.0	0.0	0.0	0.0	0.0	sexM,sexP	sexM,sexP		
GCA_037042095.1_ASM3704209v1	Mucoromycota:MAT	JAXQJT010000069.1	122228-149118	122228-149118	withheld:modelled_gene_bar+polish_capped	withheld:modelled_gene_bar+polish_capped	undetermined	undetermined							hsp_fragment	hsp_fragment	2.1	2.1	0.0	2.9	2.9	sexM,sexP	sexM,sexP		
GCA_037042095.1_ASM3704209v1	Mucoromycota:MAT	JAXQJT010000181.1	58402-94484	58402-94484	withheld:modelled_gene_bar+polish_capped	withheld:modelled_gene_bar+polish_capped	undetermined	undetermined							hsp_fragment	hsp_fragment	3.2	3.2	0.0	3.2	3.2	sexM,tptA	sexM,tptA		
GCA_037042095.1_ASM3704209v1	Mucoromycota:MAT	JAXQJT010000176.1	55310-61248	55310-61248	withheld:modelled_gene_bar+polish_capped	withheld:modelled_gene_bar+polish_capped	undetermined	undetermined							hsp_fragment	hsp_fragment	0.7	0.7	0.0	0.7	0.7	sexM,tptA	sexM,tptA		
GCA_037042095.1_ASM3704209v1	Mucoromycota:MAT	JAXQJT010000014.1	7974-46926	7974-46926	withheld:modelled_gene_bar	withheld:modelled_gene_bar	undetermined	undetermined							hsp_fragment	hsp_fragment	0.0	0.0	0.0	0.0	0.0	btbA,sexM	btbA,sexM		
GCA_037042095.1_ASM3704209v1	Mucoromycota:MAT	JAXQJT010000088.1	26197-53044	26197-53044	withheld:modelled_gene_bar	withheld:modelled_gene_bar	undetermined	undetermined							hsp_fragment	hsp_fragment	9.0	9.0	0.0	10.4	10.4	algA,sexM	algA,sexM		
GCA_037042095.1_ASM3704209v1	Mucoromycota:MAT	JAXQJT010000052.1	119404-127194	119404-127194	withheld:modelled_gene_bar+polish_capped	withheld:modelled_gene_bar+polish_capped	undetermined	undetermined							hsp_fragment	hsp_fragment	1.0	1.0	0.0	1.0	1.0	algA,sexM	algA,sexM		
GCA_037042155.1_ASM3704215v1	Mucoromycota:MAT	JAXQJX010000258.1	25416-30662	25416-30662	called	called	Plus	Plus	medium	medium	partial_locus	partial_locus			model	model	164.3	164.3	0.0	195.6	195.6	rnhA,sexP	rnhA,sexP		
GCA_037042155.1_ASM3704215v1	Mucoromycota:MAT	JAXQJX010000286.1	251946-288045	251946-288045	withheld:modelled_gene_bar	withheld:modelled_gene_bar	undetermined	undetermined							hsp_fragment	hsp_fragment	7.6	7.6	0.0	37.4	37.4	algA,sexM,sexP	algA,sexM,sexP		
GCA_037042155.1_ASM3704215v1	Mucoromycota:MAT	JAXQJX010000210.1	11371-56473	11371-56473	withheld:modelled_gene_bar	withheld:modelled_gene_bar	undetermined	undetermined							hsp_fragment	hsp_fragment	0.0	0.0	0.0	0.0	0.0	rnhA,sexM,tptA	rnhA,sexM,tptA		
GCA_037042155.1_ASM3704215v1	Mucoromycota:MAT	JAXQJX010000251.1	141566-171419	141566-171419	withheld:modelled_gene_bar+polish_capped	withheld:modelled_gene_bar+polish_capped	undetermined	undetermined							hsp_fragment	hsp_fragment	0.0	0.0	0.0	26.9	26.9	sexM,sexP,tptA	sexM,sexP,tptA		
GCA_037042155.1_ASM3704215v1	Mucoromycota:MAT	JAXQJX010000032.1	74307-140744	74307-140744	withheld:modelled_gene_bar	withheld:modelled_gene_bar	undetermined	undetermined							hsp_fragment	hsp_fragment	0.0	0.0	0.0	0.0	0.0	algA,sexM,sexP	algA,sexM,sexP		
GCA_037042155.1_ASM3704215v1	Mucoromycota:MAT	JAXQJX010000064.1	104331-117988	104331-117988	withheld:modelled_gene_bar	withheld:modelled_gene_bar	undetermined	undetermined														algA,glrA,rnhA	algA,glrA,rnhA		
GCA_037042155.1_ASM3704215v1	Mucoromycota:MAT	JAXQJX010000053.1	33225-73453	33225-73453	withheld:modelled_gene_bar	withheld:modelled_gene_bar	undetermined	undetermined							model	model	9.5	9.5	0.0	78.4	78.4	glrA,sexM	glrA,sexM		
GCA_037042155.1_ASM3704215v1	Mucoromycota:MAT	JAXQJX010000218.1	13472-38257	13472-38257	withheld:modelled_gene_bar+polish_capped	withheld:modelled_gene_bar+polish_capped	undetermined	undetermined							hsp_fragment	hsp_fragment	0.0	0.0	0.0	0.0	0.0	sexM,tptA	sexM,tptA		
GCA_037042155.1_ASM3704215v1	Mucoromycota:MAT	JAXQJX010000075.1	214200-215024	214200-215024	withheld:modelled_gene_bar+polish_capped	withheld:modelled_gene_bar+polish_capped	undetermined	undetermined							hsp_fragment	hsp_fragment	8.9	8.9	0.0	59.5	59.5	sexM,sexP	sexM,sexP		
GCA_037042155.1_ASM3704215v1	Mucoromycota:MAT	JAXQJX010000151.1	167138-211353	167138-211353	withheld:modelled_gene_bar	withheld:modelled_gene_bar	undetermined	undetermined							model	model	8.6	8.6	0.0	55.6	55.6	glrA,sexP	glrA,sexP		
GCA_037042155.1_ASM3704215v1	Mucoromycota:MAT	JAXQJX010000098.1	126510-160176	126510-160176	withheld:modelled_gene_bar+polish_capped	withheld:modelled_gene_bar+polish_capped	undetermined	undetermined							hsp_fragment	hsp_fragment	0.0	0.0	0.0	0.0	0.0	sexM,tptA	sexM,tptA		
GCA_037042155.1_ASM3704215v1	Mucoromycota:MAT	JAXQJX010000037.1	114412-145249	114412-145249	withheld:modelled_gene_bar+polish_capped	withheld:modelled_gene_bar+polish_capped	undetermined	undetermined							hsp_fragment	hsp_fragment	0.0	0.0	0.0	0.0	0.0	rnhA,sexM	rnhA,sexM		
GCA_037042155.1_ASM3704215v1	Mucoromycota:MAT	JAXQJX010000537.1	87050-94169	87050-94169	withheld:modelled_gene_bar+polish_capped	withheld:modelled_gene_bar+polish_capped	undetermined	undetermined							hsp_fragment	hsp_fragment	1.6	1.6	0.0	1.6	1.6	algA,sexM	algA,sexM		
GCA_037042155.1_ASM3704215v1	Mucoromycota:MAT	JAXQJX010000040.1	57606-77996	57606-77996	withheld:modelled_gene_bar+polish_capped	withheld:modelled_gene_bar+polish_capped	undetermined	undetermined							hsp_fragment	hsp_fragment	15.6	15.6	0.0	38.1	38.1	glrA,sexP	glrA,sexP		
GCA_037042155.1_ASM3704215v1	Mucoromycota:MAT	JAXQJX010000015.1	115102-131577	115102-131577	withheld:modelled_gene_bar+polish_capped	withheld:modelled_gene_bar+polish_capped	undetermined	undetermined							hsp_fragment	hsp_fragment	0.0	0.0	0.0	0.0	0.0	glrA,sexP	glrA,sexP		
GCA_037042155.1_ASM3704215v1	Mucoromycota:MAT	JAXQJX010000065.1	24593-68667	24593-68667	withheld:modelled_gene_bar+polish_capped	withheld:modelled_gene_bar+polish_capped	undetermined	undetermined							hsp_fragment	hsp_fragment	2.7	2.7	0.0	2.7	2.7	rnhA,sexM	rnhA,sexM		
GCA_037042155.1_ASM3704215v1	Mucoromycota:MAT	JAXQJX010000544.1	31456-68149	31456-68149	withheld:modelled_gene_bar+polish_capped	withheld:modelled_gene_bar+polish_capped	undetermined	undetermined							hsp_fragment	hsp_fragment	19.1	19.1	0.0	30.7	30.7	sexM,sexP	sexM,sexP		
GCA_037042155.1_ASM3704215v1	Mucoromycota:MAT	JAXQJX010000003.1	21250-57504	21250-57504	withheld:modelled_gene_bar+polish_capped	withheld:modelled_gene_bar+polish_capped	undetermined	undetermined							hsp_fragment	hsp_fragment	0.0	0.0	0.0	0.0	0.0	sexM,tptA	sexM,tptA		
GCA_037042155.1_ASM3704215v1	Mucoromycota:MAT	JAXQJX010000086.1	68223-99987	68223-99987	withheld:modelled_gene_bar+polish_capped	withheld:modelled_gene_bar+polish_capped	undetermined	undetermined							hsp_fragment	hsp_fragment	0.0	0.0	0.0	0.0	0.0	sexM,tptA	sexM,tptA		
GCA_037042155.1_ASM3704215v1	Mucoromycota:MAT	JAXQJX010000150.1	16171-22193	16171-22193	withheld:modelled_gene_bar+polish_capped	withheld:modelled_gene_bar+polish_capped	undetermined	undetermined							hsp_fragment	hsp_fragment	0.0	0.0	0.0	0.0	0.0	algA,sexP	algA,sexP		
GCA_037042155.1_ASM3704215v1	Mucoromycota:MAT	JAXQJX010000232.1	19829-55124	19829-55124	withheld:modelled_gene_bar+polish_capped	withheld:modelled_gene_bar+polish_capped	undetermined	undetermined							hsp_fragment	hsp_fragment	0.0	0.0	0.0	0.0	0.0	algA,sexM	algA,sexM		
GCA_037042155.1_ASM3704215v1	Mucoromycota:MAT	JAXQJX010000053.1	33225-73453	33225-73453	withheld:below_fraction_floor	withheld:below_fraction_floor	undetermined	undetermined							model	model	9.5	9.5	0.0	78.4	78.4	glrA,sexM	glrA,sexM		
GCA_037042155.1_ASM3704215v1	Mucoromycota:MAT	JAXQJX010000151.1	167138-211353	167138-211353	withheld:below_fraction_floor	withheld:below_fraction_floor	undetermined	undetermined							model	model	8.6	8.6	0.0	55.6	55.6	glrA,sexP	glrA,sexP		
GCA_040807125.1_ASM4080712v1	Mucoromycota:MAT	JBEWOP010003529.1	616-1820	616-1820	withheld:modelled_gene_bar	withheld:modelled_gene_bar	undetermined	undetermined							hsp_fragment	hsp_fragment	6.4	6.4	0.0	33.9	33.9	glrA,sexM,sexP	glrA,sexM,sexP		
GCA_040807125.1_ASM4080712v1	Mucoromycota:MAT	JBEWOP010000057.1	14-1627	14-1627	withheld:modelled_gene_bar	withheld:modelled_gene_bar	undetermined	undetermined							hsp_fragment	hsp_fragment	0.0	0.0	0.0	0.0	0.0	rnhA,sexP	rnhA,sexP		
GCA_040807125.1_ASM4080712v1	Mucoromycota:MAT	JBEWOP010002086.1	1535-1963	1535-1963	withheld:modelled_gene_bar	withheld:modelled_gene_bar	undetermined	undetermined							hsp_fragment	hsp_fragment	0.0	0.0	0.0	0.0	0.0	algA,sexP	algA,sexP		
GCA_048164995.1_ASM4816499v1	Mucoromycota:MAT	JBKSNF010000002.1	2399665-2439809	2399665-2439809	withheld:modelled_gene_bar	withheld:modelled_gene_bar	undetermined	undetermined							model	model	7.5	7.5	0.0	51.8	51.8	sexM,sexP,tptA	sexM,sexP,tptA		
GCA_048164995.1_ASM4816499v1	Mucoromycota:MAT	JBKSNF010000001.1	1322856-1368989	1322856-1368989	withheld:modelled_gene_bar	withheld:modelled_gene_bar	undetermined	undetermined							hsp_fragment	hsp_fragment	0.0	0.0	0.0	0.0	0.0	algA,rnhA,sexP	algA,rnhA,sexP		
GCA_048164995.1_ASM4816499v1	Mucoromycota:MAT	JBKSNF010000001.1	8151838-8186457	8151838-8186457	withheld:modelled_gene_bar	withheld:modelled_gene_bar	undetermined	undetermined							hsp_fragment	hsp_fragment	0.5	0.5	0.0	0.5	0.5	glrA,sexM,tptA	glrA,sexM,tptA		
GCA_048164995.1_ASM4816499v1	Mucoromycota:MAT	JBKSNF010000004.1	1666283-1703616	1666283-1703616	withheld:modelled_gene_bar	withheld:modelled_gene_bar	undetermined	undetermined							hsp_fragment	hsp_fragment	10.6	10.6	0.0	39.2	39.2	rnhA,sexM,sexP	rnhA,sexM,sexP		
GCA_048164995.1_ASM4816499v1	Mucoromycota:MAT	JBKSNF010000002.1	1307580-1312630	1307580-1312630	withheld:modelled_gene_bar+polish_capped	withheld:modelled_gene_bar+polish_capped	undetermined	undetermined							hsp_fragment	hsp_fragment	8.9	8.9	0.0	24.8	24.8	rnhA,sexP	rnhA,sexP		
GCA_048164995.1_ASM4816499v1	Mucoromycota:MAT	JBKSNF010000006.1	350072-382088	350072-382088	withheld:modelled_gene_bar	withheld:modelled_gene_bar	undetermined	undetermined							model	model	20.0	20.0	0.0	55.9	55.9	sexM,tptA	sexM,tptA		
GCA_048164995.1_ASM4816499v1	Mucoromycota:MAT	JBKSNF010000007.1	248012-248568	248012-248568	withheld:modelled_gene_bar+polish_capped	withheld:modelled_gene_bar+polish_capped	undetermined	undetermined							hsp_fragment	hsp_fragment	11.5	11.5	0.0	56.4	56.4	sexM,sexP	sexM,sexP		
GCA_048164995.1_ASM4816499v1	Mucoromycota:MAT	JBKSNF010000003.1	3501880-3512115	3501880-3512115	withheld:modelled_gene_bar+polish_capped	withheld:modelled_gene_bar+polish_capped	undetermined	undetermined							hsp_fragment	hsp_fragment	0.0	0.0	0.0	0.0	0.0	btbA,sexM	btbA,sexM		
GCA_048164995.1_ASM4816499v1	Mucoromycota:MAT	JBKSNF010000003.1	3615547-3660751	3615547-3660751	withheld:modelled_gene_bar+polish_capped	withheld:modelled_gene_bar+polish_capped	undetermined	undetermined							hsp_fragment	hsp_fragment	21.3	21.3	0.0	34.2	34.2	rnhA,sexP	rnhA,sexP		
GCA_048164995.1_ASM4816499v1	Mucoromycota:MAT	JBKSNF010000001.1	506782-543146	506782-543146	withheld:modelled_gene_bar+polish_capped	withheld:modelled_gene_bar+polish_capped	undetermined	undetermined							hsp_fragment	hsp_fragment	0.9	0.9	0.0	1.4	1.4	btbA,sexM	btbA,sexM		
GCA_048164995.1_ASM4816499v1	Mucoromycota:MAT	JBKSNF010000001.1	1499594-1530183	1499594-1530183	withheld:modelled_gene_bar+polish_capped	withheld:modelled_gene_bar+polish_capped	undetermined	undetermined							hsp_fragment	hsp_fragment	2.9	2.9	0.0	2.9	2.9	algA,sexP	algA,sexP		
GCA_048164995.1_ASM4816499v1	Mucoromycota:MAT	JBKSNF010000001.1	5824386-5855602	5824386-5855602	withheld:modelled_gene_bar+polish_capped	withheld:modelled_gene_bar+polish_capped	undetermined	undetermined							hsp_fragment	hsp_fragment	21.9	21.9	0.0	37.2	37.2	rnhA,sexM	rnhA,sexM		
GCA_048164995.1_ASM4816499v1	Mucoromycota:MAT	JBKSNF010000001.1	7804162-7834217	7804162-7834217	withheld:modelled_gene_bar+polish_capped	withheld:modelled_gene_bar+polish_capped	undetermined	undetermined							hsp_fragment	hsp_fragment	0.0	0.0	0.0	0.0	0.0	glrA,sexM	glrA,sexM		
GCA_048164995.1_ASM4816499v1	Mucoromycota:MAT	JBKSNF010000001.1	8416867-8418328	8416867-8418328	withheld:modelled_gene_bar+polish_capped	withheld:modelled_gene_bar+polish_capped	undetermined	undetermined							hsp_fragment	hsp_fragment	2.2	2.2	0.0	35.0	35.0	sexM,sexP	sexM,sexP		
GCA_048164995.1_ASM4816499v1	Mucoromycota:MAT	JBKSNF010000004.1	27159-52230	27159-52230	withheld:modelled_gene_bar+polish_capped	withheld:modelled_gene_bar+polish_capped	undetermined	undetermined							hsp_fragment	hsp_fragment	0.0	0.0	0.0	0.0	0.0	glrA,sexM	glrA,sexM		
GCA_048164995.1_ASM4816499v1	Mucoromycota:MAT	JBKSNF010000004.1	219180-246936	219180-246936	withheld:modelled_gene_bar+polish_capped	withheld:modelled_gene_bar+polish_capped	undetermined	undetermined							hsp_fragment	hsp_fragment	0.6	0.6	0.0	0.6	0.6	rnhA,sexP	rnhA,sexP		
GCA_048164995.1_ASM4816499v1	Mucoromycota:MAT	JBKSNF010000005.1	2098869-2147199	2098869-2147199	withheld:modelled_gene_bar+polish_capped	withheld:modelled_gene_bar+polish_capped	undetermined	undetermined							hsp_fragment	hsp_fragment	0.0	0.0	0.0	0.0	0.0	sexM,tptA	sexM,tptA		
GCA_048164995.1_ASM4816499v1	Mucoromycota:MAT	JBKSNF010000008.1	1791203-1801214	1791203-1801214	withheld:modelled_gene_bar	withheld:modelled_gene_bar	undetermined	undetermined							hsp_fragment	hsp_fragment	0.0	0.0	0.0	0.0	0.0	glrA,sexP	glrA,sexP		
GCA_053572175.1_ASM5357217v1	Mucoromycota:MAT	JAYKKX010000013.1	106697-110949	106697-110949	called	called	Minus	Minus	high	high	mat_locus	mat_locus			model	model	37.1	37.1	0.0	48.3	48.3	algA,sexM,tptA	algA,sexM,tptA		
GCA_053572175.1_ASM5357217v1	Mucoromycota:MAT	JAYKKX010000005.1	1212692-1265073	1212692-1265073	withheld:modelled_gene_bar	withheld:modelled_gene_bar	undetermined	undetermined							hsp_fragment	hsp_fragment	0.0	0.0	0.0	0.0	0.0	glrA,sexM,sexP	glrA,sexM,sexP		
GCA_053572175.1_ASM5357217v1	Mucoromycota:MAT	JAYKKX010000007.1	340753-418812	340753-418812	withheld:modelled_gene_bar	withheld:modelled_gene_bar	undetermined	undetermined							hsp_fragment	hsp_fragment	0.0	0.0	0.0	0.0	0.0	algA,glrA,sexM	algA,glrA,sexM		
GCA_053572175.1_ASM5357217v1	Mucoromycota:MAT	JAYKKX010000001.1	1215291-1292748	1215291-1292748	withheld:mat_gene_gate	withheld:mat_gene_gate	undetermined	undetermined							model	model	22.9	22.9	0.0	38.8	38.8	algA,glrA,rnhA,sexM,tptA	algA,glrA,rnhA,sexM,tptA		
GCA_053572175.1_ASM5357217v1	Mucoromycota:MAT	JAYKKX010000008.1	739846-775765	739846-775765	withheld:below_fraction_floor	withheld:below_fraction_floor	undetermined	undetermined							model	model	4.7	4.7	0.0	54.2	54.2	algA,sexP	algA,sexP		
GCA_054906655.1_Umbelopsis_nana_v._1.0	Mucoromycota:MAT	BAAHSD010000001.1	143205-160100	143205-160100	called	called	Minus	Minus	high	high	mat_locus	mat_locus			model	model	31.2	31.2	0.0	50.8	50.8	algA,glrA,sexM,tptA	algA,glrA,sexM,tptA		
GCA_054906655.1_Umbelopsis_nana_v._1.0	Mucoromycota:MAT	BAAHSD010000013.1	521944-591781	521944-591781	withheld:modelled_gene_bar	withheld:modelled_gene_bar	undetermined	undetermined							model	model	5.8	5.8	0.0	54.8	54.8	glrA,sexM,sexP	glrA,sexM,sexP		
GCA_054906655.1_Umbelopsis_nana_v._1.0	Mucoromycota:MAT	BAAHSD010000012.1	493842-588023	493842-588023	withheld:mat_gene_gate	withheld:mat_gene_gate	undetermined	undetermined							model	model	22.6	22.6	0.0	38.6	38.6	glrA,sexM,sexP	glrA,sexM,sexP		
GCA_054906655.1_Umbelopsis_nana_v._1.0	Mucoromycota:MAT	BAAHSD010000004.1	391498-433010	391498-433010	withheld:below_fraction_floor	withheld:below_fraction_floor	undetermined	undetermined							model	model	11.6	11.6	0.0	63.0	63.0	sexM,tptA	sexM,tptA		
GCA_054906655.1_Umbelopsis_nana_v._1.0	Mucoromycota:MAT	BAAHSD010000011.1	110508-177972	110508-177972	withheld:below_fraction_floor	withheld:below_fraction_floor	undetermined	undetermined							hsp_fragment	hsp_fragment	1.3	1.3	0.0	2.3	2.3	algA,sexM	algA,sexM		
GCA_059714295.1_ASM5971429v1	Mucoromycota:MAT	JCAOFY010000002.1	1197169-1202509	1197169-1202509	called	called	Plus	Plus	medium	medium	partial_locus	partial_locus			model	model	154.3	154.3	0.0	190.7	190.7	rnhA,sexP	rnhA,sexP		
GCA_059714295.1_ASM5971429v1	Mucoromycota:MAT	JCAOFY010000004.1	306428-374966	306428-374966	withheld:modelled_gene_bar	withheld:modelled_gene_bar	undetermined	undetermined														algA,glrA,rnhA	algA,glrA,rnhA		
GCA_059714295.1_ASM5971429v1	Mucoromycota:MAT	JCAOFY010000002.1	696631-852919	696631-852919	withheld:modelled_gene_bar	withheld:modelled_gene_bar	undetermined	undetermined							hsp_fragment	hsp_fragment	12.5	12.5	0.0	44.2	44.2	algA,rnhA,sexM,sexP,tptA	algA,rnhA,sexM,sexP,tptA		
GCA_059714295.1_ASM5971429v1	Mucoromycota:MAT	JCAOFY010000002.1	1040477-1092662	1040477-1092662	withheld:modelled_gene_bar	withheld:modelled_gene_bar	undetermined	undetermined							hsp_fragment	hsp_fragment	0.3	0.3	0.0	0.3	0.3	rnhA,sexM,sexP	rnhA,sexM,sexP		
GCA_059714295.1_ASM5971429v1	Mucoromycota:MAT	JCAOFY010000011.1	505316-548398	505316-548398	withheld:modelled_gene_bar+polish_capped	withheld:modelled_gene_bar+polish_capped	undetermined	undetermined							hsp_fragment	hsp_fragment	20.5	20.5	0.0	26.6	26.6	glrA,sexM,sexP	glrA,sexM,sexP		
GCA_059714295.1_ASM5971429v1	Mucoromycota:MAT	JCAOFY010000019.1	245007-324972	245007-324972	withheld:modelled_gene_bar	withheld:modelled_gene_bar	undetermined	undetermined														algA,rnhA,tptA	algA,rnhA,tptA		
GCA_059714295.1_ASM5971429v1	Mucoromycota:MAT	JCAOFY010000004.1	1212927-1278458	1212927-1278458	withheld:modelled_gene_bar+polish_capped	withheld:modelled_gene_bar+polish_capped	undetermined	undetermined							hsp_fragment	hsp_fragment	11.7	11.7	0.0	71.6	71.6	rnhA,sexM	rnhA,sexM		
GCA_059714295.1_ASM5971429v1	Mucoromycota:MAT	JCAOFY010000013.1	229150-267672	229150-267672	withheld:modelled_gene_bar	withheld:modelled_gene_bar	Minus	Minus							model	model	31.6	31.6	0.0	82.6	82.6	algA,sexM	algA,sexM		
GCA_059714295.1_ASM5971429v1	Mucoromycota:MAT	JCAOFY010000036.1	8139-8990	8139-8990	withheld:modelled_gene_bar+polish_capped	withheld:modelled_gene_bar+polish_capped	undetermined	undetermined							hsp_fragment	hsp_fragment	7.8	7.8	0.0	58.6	58.6	sexM,sexP	sexM,sexP		
GCA_059714295.1_ASM5971429v1	Mucoromycota:MAT	JCAOFY010000002.1	497930-530498	497930-530498	withheld:modelled_gene_bar+polish_capped	withheld:modelled_gene_bar+polish_capped	undetermined	undetermined							hsp_fragment	hsp_fragment	0.0	0.0	0.0	0.0	0.0	sexM,tptA	sexM,tptA		
GCA_059714295.1_ASM5971429v1	Mucoromycota:MAT	JCAOFY010000015.1	352649-400839	352649-400839	withheld:modelled_gene_bar+polish_capped	withheld:modelled_gene_bar+polish_capped	undetermined	undetermined							hsp_fragment	hsp_fragment	15.5	15.5	0.0	27.7	27.7	sexM,sexP	sexM,sexP		
GCA_059714295.1_ASM5971429v1	Mucoromycota:MAT	JCAOFY010000003.1	912867-931933	912867-931933	withheld:modelled_gene_bar+polish_capped	withheld:modelled_gene_bar+polish_capped	undetermined	undetermined							hsp_fragment	hsp_fragment	0.0	0.0	0.0	0.0	0.0	sexM,sexP	sexM,sexP		
GCA_059714295.1_ASM5971429v1	Mucoromycota:MAT	JCAOFY010000003.1	1257447-1277147	1257447-1277147	withheld:modelled_gene_bar+polish_capped	withheld:modelled_gene_bar+polish_capped	undetermined	undetermined							hsp_fragment	hsp_fragment	15.1	15.1	0.0	36.6	36.6	glrA,sexP	glrA,sexP		
GCA_059714295.1_ASM5971429v1	Mucoromycota:MAT	JCAOFY010000029.1	2045-43582	2045-43582	withheld:modelled_gene_bar+polish_capped	withheld:modelled_gene_bar+polish_capped	undetermined	undetermined							hsp_fragment	hsp_fragment	1.0	1.0	0.0	1.0	1.0	sexM,sexP	sexM,sexP		
GCA_059714295.1_ASM5971429v1	Mucoromycota:MAT	JCAOFY010000007.1	761782-764267	761782-764267	withheld:modelled_gene_bar+polish_capped	withheld:modelled_gene_bar+polish_capped	undetermined	undetermined							hsp_fragment	hsp_fragment	0.0	0.0	0.0	0.0	0.0	rnhA,sexP	rnhA,sexP		
GCA_059714295.1_ASM5971429v1	Mucoromycota:MAT	JCAOFY010000011.1	326774-371649	326774-371649	withheld:modelled_gene_bar+polish_capped	withheld:modelled_gene_bar+polish_capped	undetermined	undetermined							hsp_fragment	hsp_fragment	2.6	2.6	0.0	2.6	2.6	glrA,sexP	glrA,sexP		
GCA_059714295.1_ASM5971429v1	Mucoromycota:MAT	JCAOFY010000064.1	18471-30751	18471-30751	withheld:modelled_gene_bar+polish_capped	withheld:modelled_gene_bar+polish_capped	undetermined	undetermined							hsp_fragment	hsp_fragment	0.0	0.0	0.0	0.0	0.0	algA,sexP	algA,sexP		
GCA_059714295.1_ASM5971429v1	Mucoromycota:MAT	JCAOFY010000019.1	181583-192007	181583-192007	withheld:modelled_gene_bar+polish_capped	withheld:modelled_gene_bar+polish_capped	undetermined	undetermined							hsp_fragment	hsp_fragment	0.0	0.0	0.0	0.0	0.0	rnhA,sexM	rnhA,sexM		
GCA_059714295.1_ASM5971429v1	Mucoromycota:MAT	JCAOFY010000006.1	511711-514634	511711-514634	withheld:modelled_gene_bar+polish_capped	withheld:modelled_gene_bar+polish_capped	undetermined	undetermined							hsp_fragment	hsp_fragment	0.0	0.0	0.0	0.0	0.0	algA,sexM	algA,sexM		
GCA_059714295.1_ASM5971429v1	Mucoromycota:MAT	JCAOFY010000063.1	54529-88193	54529-88193	withheld:modelled_gene_bar+polish_capped	withheld:modelled_gene_bar+polish_capped	undetermined	undetermined							hsp_fragment	hsp_fragment	0.0	0.0	0.0	0.0	0.0	algA,sexP	algA,sexP		
GCA_059714295.1_ASM5971429v1	Mucoromycota:MAT	JCAOFY010000005.1	1008200-1057560	1008200-1057560	withheld:modelled_gene_bar	withheld:modelled_gene_bar	undetermined	undetermined							hsp_fragment	hsp_fragment	0.0	0.0	0.0	0.0	0.0	btbA,sexM,tptA	btbA,sexM,tptA		
GCA_059714295.1_ASM5971429v1	Mucoromycota:MAT	JCAOFY010000013.1	81737-112412	81737-112412	withheld:paralog_class	withheld:paralog_class	undetermined	undetermined							model	model	11.4	11.4	0.0	63.2	63.2	glrA,sexP	glrA,sexP		
GCA_059714295.1_ASM5971429v1	Mucoromycota:MAT	JCAOFY010000013.1	81737-112412	81737-112412	withheld:below_fraction_floor	withheld:below_fraction_floor	undetermined	undetermined							model	model	11.4	11.4	0.0	63.2	63.2	glrA,sexP	glrA,sexP		
GCA_059714295.1_ASM5971429v1	Mucoromycota:MAT	JCAOFY010000013.1	229150-267672	229150-267672	withheld:below_fraction_floor	withheld:below_fraction_floor	Minus	Minus							model	model	31.6	31.6	0.0	82.6	82.6	algA,sexM	algA,sexM		
GCA_900175165.2_FCH_5_7	Mucoromycota:MAT	FWWN02000182.1	32569-60726	32569-60726	withheld:modelled_gene_bar	withheld:modelled_gene_bar	undetermined	undetermined							hsp_fragment	hsp_fragment	0.0	0.0	0.0	0.0	0.0	algA,glrA,sexM	algA,glrA,sexM		
GCA_900175165.2_FCH_5_7	Mucoromycota:MAT	FWWN02000384.1	16453-19109	16453-19109	withheld:modelled_gene_bar	withheld:modelled_gene_bar	Plus	Plus							hsp_fragment	hsp_fragment	73.0	73.0	0.0	200.3	200.3	sexM,sexP	sexM,sexP		
GCA_900175165.2_FCH_5_7	Mucoromycota:MAT	FWWN02000528.1	11037-11889	11037-11889	withheld:modelled_gene_bar	withheld:modelled_gene_bar	undetermined	undetermined							hsp_fragment	hsp_fragment	3.4	3.4	0.0	36.9	36.9	sexM,sexP	sexM,sexP		
GCA_900175165.2_FCH_5_7	Mucoromycota:MAT	FWWN02000373.1	60580-61368	60580-61368	withheld:modelled_gene_bar+polish_capped	withheld:modelled_gene_bar+polish_capped	undetermined	undetermined							hsp_fragment	hsp_fragment	0.5	0.5	0.0	57.3	57.3	sexM,sexP	sexM,sexP		
GCA_900175165.2_FCH_5_7	Mucoromycota:MAT	FWWN02000565.1	3417-38473	3417-38473	withheld:modelled_gene_bar+polish_capped	withheld:modelled_gene_bar+polish_capped	undetermined	undetermined							hsp_fragment	hsp_fragment	0.0	0.0	0.0	0.0	0.0	sexM,sexP	sexM,sexP		
GCA_900175165.2_FCH_5_7	Mucoromycota:MAT	FWWN02000236.1	87441-101169	87441-101169	withheld:modelled_gene_bar+polish_capped	withheld:modelled_gene_bar+polish_capped	undetermined	undetermined							hsp_fragment	hsp_fragment	2.0	2.0	0.0	3.8	3.8	rnhA,sexM	rnhA,sexM		
GCA_900175165.2_FCH_5_7	Mucoromycota:MAT	FWWN02000526.1	30780-64361	30780-64361	withheld:modelled_gene_bar	withheld:modelled_gene_bar	undetermined	undetermined							hsp_fragment	hsp_fragment	2.8	2.8	0.0	24.3	24.3	rnhA,sexM	rnhA,sexM		
GCA_900175165.2_FCH_5_7	Mucoromycota:MAT	FWWN02000234.1	4611-11864	4611-11864	withheld:modelled_gene_bar	withheld:modelled_gene_bar	undetermined	undetermined							hsp_fragment	hsp_fragment	0.2	0.2	0.0	0.2	0.2	rnhA,sexP	rnhA,sexP		
GCA_900175165.2_FCH_5_7	Mucoromycota:MAT	FWWN02000697.1	75246-119065	75246-119065	withheld:modelled_gene_bar	withheld:modelled_gene_bar	undetermined	undetermined							hsp_fragment	hsp_fragment	5.0	5.0	0.0	5.4	5.4	glrA,sexP	glrA,sexP		
GCA_900175165.2_FCH_5_7	Mucoromycota:MAT	FWWN02000679.1	6004-6734	6004-6734	withheld:modelled_gene_bar+polish_capped	withheld:modelled_gene_bar+polish_capped	undetermined	undetermined							hsp_fragment	hsp_fragment	0.9	0.9	0.0	35.8	35.8	sexM,sexP	sexM,sexP		
GCA_900175165.2_FCH_5_7	Mucoromycota:MAT	FWWN02000179.1	17150-34458	17150-34458	withheld:modelled_gene_bar+polish_capped	withheld:modelled_gene_bar+polish_capped	undetermined	undetermined							hsp_fragment	hsp_fragment	0.0	0.0	0.0	0.0	0.0	rnhA,sexM	rnhA,sexM		
GCA_900175165.2_FCH_5_7	Mucoromycota:MAT	FWWN02000451.1	24629-37896	24629-37896	withheld:modelled_gene_bar+polish_capped	withheld:modelled_gene_bar+polish_capped	undetermined	undetermined							hsp_fragment	hsp_fragment	0.0	0.0	0.0	0.0	0.0	algA,sexM	algA,sexM		
GCA_900175165.2_FCH_5_7	Mucoromycota:MAT	FWWN02000571.1	46945-53204	46945-53204	withheld:modelled_gene_bar+polish_capped	withheld:modelled_gene_bar+polish_capped	undetermined	undetermined							hsp_fragment	hsp_fragment	0.0	0.0	0.0	0.0	0.0	sexM,tptA	sexM,tptA		
GCA_900175165.2_FCH_5_7	Mucoromycota:MAT	FWWN02000624.1	82467-86647	82467-86647	withheld:modelled_gene_bar+polish_capped	withheld:modelled_gene_bar+polish_capped	undetermined	undetermined							hsp_fragment	hsp_fragment	0.0	0.0	0.0	0.0	0.0	glrA,sexM	glrA,sexM		
GCA_900175165.2_FCH_5_7	Mucoromycota:MAT	FWWN02000426.1	1284-16550	1284-16550	withheld:modelled_gene_bar+polish_capped	withheld:modelled_gene_bar+polish_capped	undetermined	undetermined							hsp_fragment	hsp_fragment	1.9	1.9	0.0	5.2	5.2	sexM,sexP	sexM,sexP		
GCA_900175165.2_FCH_5_7	Mucoromycota:MAT	FWWN02000695.1	95574-100234	95574-100234	withheld:modelled_gene_bar+polish_capped	withheld:modelled_gene_bar+polish_capped	undetermined	undetermined							hsp_fragment	hsp_fragment	0.0	0.0	0.0	0.0	0.0	sexP,tptA	sexP,tptA		
GCA_900175165.2_FCH_5_7	Mucoromycota:MAT	FWWN02000402.1	1563-13313	1563-13313	withheld:modelled_gene_bar+polish_capped	withheld:modelled_gene_bar+polish_capped	undetermined	undetermined							hsp_fragment	hsp_fragment	0.0	0.0	0.0	0.0	0.0	rnhA,sexM	rnhA,sexM		
GCA_900175165.2_FCH_5_7	Mucoromycota:MAT	FWWN02000322.1	30068-68221	30068-68221	withheld:mat_gene_gate	withheld:mat_gene_gate	undetermined	undetermined							model	model	20.8	20.8	0.0	37.6	37.6	algA,btbA,sexM	algA,btbA,sexM		
GCA_900175165.2_FCH_5_7	Mucoromycota:MAT	FWWN02000322.1	30068-68221	30068-68221	withheld:below_fraction_floor	withheld:below_fraction_floor	undetermined	undetermined							model	model	20.8	20.8	0.0	37.6	37.6	algA,btbA,sexM	algA,btbA,sexM		
GCA_900175165.2_FCH_5_7	Mucoromycota:MAT	FWWN02000697.1	75246-119065	75246-119065	withheld:below_fraction_floor	withheld:below_fraction_floor	undetermined	undetermined							hsp_fragment	hsp_fragment	5.0	5.0	0.0	5.4	5.4	glrA,sexP	glrA,sexP		
GCA_964291815.1_UMBE_WA70503	Mucoromycota:MAT	CAXYTU010000169.1	106748-111000	106748-111000	called	called	Minus	Minus	high	high	mat_locus	mat_locus			model	model	37.1	37.1	0.0	48.3	48.3	algA,sexM,tptA	algA,sexM,tptA		
GCA_964291815.1_UMBE_WA70503	Mucoromycota:MAT	CAXYTU010000046.1	406208-458589	406208-458589	withheld:modelled_gene_bar	withheld:modelled_gene_bar	undetermined	undetermined							hsp_fragment	hsp_fragment	0.0	0.0	0.0	0.0	0.0	glrA,sexM,sexP	glrA,sexM,sexP		
GCA_964291815.1_UMBE_WA70503	Mucoromycota:MAT	CAXYTU010000191.1	648217-726276	648217-726276	withheld:modelled_gene_bar	withheld:modelled_gene_bar	undetermined	undetermined							hsp_fragment	hsp_fragment	0.0	0.0	0.0	0.0	0.0	algA,glrA,sexM	algA,glrA,sexM		
GCA_964291815.1_UMBE_WA70503	Mucoromycota:MAT	CAXYTU010000001.1	519163-596620	519163-596620	withheld:mat_gene_gate	withheld:mat_gene_gate	undetermined	undetermined							model	model	22.9	22.9	0.0	38.8	38.8	algA,glrA,rnhA,sexM,tptA	algA,glrA,rnhA,sexM,tptA		
GCA_964291815.1_UMBE_WA70503	Mucoromycota:MAT	CAXYTU010000158.1	104478-140397	104478-140397	withheld:below_fraction_floor	withheld:below_fraction_floor	undetermined	undetermined							model	model	4.7	4.7	0.0	54.2	54.2	algA,sexP	algA,sexP		
GCA_977110945.1_gzUmbRama1	Mucoromycota:MAT	CDSBDH010000020.1	128528-193735	128528-193735	called	called	Plus	Plus	high	high	mat_locus	mat_locus			model	model	137.9	137.9	0.0	169.7	169.7	algA,glrA,rnhA,sexP,tptA	algA,glrA,rnhA,sexP,tptA		
GCA_977110945.1_gzUmbRama1	Mucoromycota:MAT	CDSBDH010000001.1	248240-293379	248240-293379	withheld:modelled_gene_bar+polish_capped	withheld:modelled_gene_bar+polish_capped	undetermined	undetermined							hsp_fragment	hsp_fragment	3.9	3.9	0.0	3.9	3.9	rnhA,sexM,tptA	rnhA,sexM,tptA		
GCA_977110945.1_gzUmbRama1	Mucoromycota:MAT	CDSBDH010000001.1	1395822-1494127	1395822-1494127	withheld:modelled_gene_bar	withheld:modelled_gene_bar	undetermined	undetermined							hsp_fragment	hsp_fragment	8.9	8.9	0.0	38.1	38.1	btbA,rnhA,sexM,sexP	btbA,rnhA,sexM,sexP		
GCA_977110945.1_gzUmbRama1	Mucoromycota:MAT	CDSBDH010000001.1	1558756-1611404	1558756-1611404	withheld:modelled_gene_bar	withheld:modelled_gene_bar	undetermined	undetermined							model	model	10.1	10.1	0.0	77.2	77.2	glrA,sexM,sexP,tptA	glrA,sexM,sexP,tptA		
GCA_977110945.1_gzUmbRama1	Mucoromycota:MAT	CDSBDH010000012.1	995392-1055023	995392-1055023	withheld:modelled_gene_bar+polish_capped	withheld:modelled_gene_bar+polish_capped	undetermined	undetermined							hsp_fragment	hsp_fragment	1.3	1.3	0.0	1.3	1.3	rnhA,sexM,sexP	rnhA,sexM,sexP		
GCA_977110945.1_gzUmbRama1	Mucoromycota:MAT	CDSBDH010000007.1	407390-460182	407390-460182	withheld:modelled_gene_bar+polish_capped	withheld:modelled_gene_bar+polish_capped	undetermined	undetermined							hsp_fragment	hsp_fragment	0.0	0.0	0.0	0.0	0.0	algA,sexP,tptA	algA,sexP,tptA		
GCA_977110945.1_gzUmbRama1	Mucoromycota:MAT	CDSBDH010000003.1	425132-463045	425132-463045	withheld:modelled_gene_bar+polish_capped	withheld:modelled_gene_bar+polish_capped	undetermined	undetermined							hsp_fragment	hsp_fragment	1.1	1.1	0.0	3.3	3.3	rnhA,sexM,sexP	rnhA,sexM,sexP		
GCA_977110945.1_gzUmbRama1	Mucoromycota:MAT	CDSBDH010000004.1	861729-917495	861729-917495	withheld:modelled_gene_bar	withheld:modelled_gene_bar	undetermined	undetermined							hsp_fragment	hsp_fragment	0.0	0.0	0.0	0.0	0.0	algA,btbA,glrA,sexM	algA,btbA,glrA,sexM		
GCA_977110975.1_gzUmbVina2	Mucoromycota:MAT	CDSBDG010000016.1	165230-223444	165230-223444	called	called	Minus	Minus	high	high	mat_locus	mat_locus			model	model	36.8	36.8	0.0	58.3	58.3	algA,glrA,sexM,sexP,tptA	algA,glrA,sexM,sexP,tptA		
GCA_977110975.1_gzUmbVina2	Mucoromycota:MAT	CDSBDG010000001.1	347859-381320	347859-381320	withheld:modelled_gene_bar+polish_capped	withheld:modelled_gene_bar+polish_capped	undetermined	undetermined							hsp_fragment	hsp_fragment	20.2	20.2	0.0	58.1	58.1	glrA,sexM,sexP	glrA,sexM,sexP		
GCA_977110975.1_gzUmbVina2	Mucoromycota:MAT	CDSBDG010000016.1	571692-631812	571692-631812	withheld:modelled_gene_bar	withheld:modelled_gene_bar	undetermined	undetermined							hsp_fragment	hsp_fragment	0.0	0.0	0.0	0.0	0.0	rnhA,sexP,tptA	rnhA,sexP,tptA		
GCA_977110975.1_gzUmbVina2	Mucoromycota:MAT	CDSBDG010000008.1	119210-215565	119210-215565	withheld:modelled_gene_bar	withheld:modelled_gene_bar	undetermined	undetermined							hsp_fragment	hsp_fragment	4.7	4.7	0.0	23.8	23.8	glrA,rnhA,sexM,tptA	glrA,rnhA,sexM,tptA		
GCA_977110975.1_gzUmbVina2	Mucoromycota:MAT	CDSBDG010000021.1	628050-643823	628050-643823	withheld:modelled_gene_bar	withheld:modelled_gene_bar	undetermined	undetermined							hsp_fragment	hsp_fragment	5.8	5.8	0.0	5.8	5.8	glrA,rnhA,sexP	glrA,rnhA,sexP		
GCA_977110975.1_gzUmbVina2	Mucoromycota:MAT	CDSBDG010000012.1	249028-330247	249028-330247	withheld:modelled_gene_bar	withheld:modelled_gene_bar	undetermined	undetermined							hsp_fragment	hsp_fragment	1.9	1.9	0.0	5.8	5.8	rnhA,sexP,tptA	rnhA,sexP,tptA		
GCA_977110975.1_gzUmbVina2	Mucoromycota:MAT	CDSBDG010000004.1	554754-669567	554754-669567	withheld:mat_gene_gate	withheld:mat_gene_gate	undetermined	undetermined							model	model	22.6	22.6	0.0	38.6	38.6	glrA,rnhA,sexM,sexP	glrA,rnhA,sexM,sexP		
GCA_982397305.1_T17-F	Mucoromycota:MAT	CEVXIM010000131.1	3689-59882	3689-59882	withheld:modelled_gene_bar	withheld:modelled_gene_bar	undetermined	undetermined							hsp_fragment	hsp_fragment	4.8	4.8	0.0	46.2	46.2	sexM,sexP,tptA	sexM,sexP,tptA		
GCA_982397305.1_T17-F	Mucoromycota:MAT	CEVXIM010000218.1	13963-14786	13963-14786	withheld:modelled_gene_bar	withheld:modelled_gene_bar	undetermined	undetermined							hsp_fragment	hsp_fragment	7.8	7.8	0.0	36.5	36.5	sexM,sexP	sexM,sexP		
GCA_982397305.1_T17-F	Mucoromycota:MAT	CEVXIM010000055.1	3350-39740	3350-39740	withheld:modelled_gene_bar	withheld:modelled_gene_bar	undetermined	undetermined							hsp_fragment	hsp_fragment	6.6	6.6	0.0	15.4	15.4	sexP,tptA	sexP,tptA		
GCA_982397305.1_T17-F	Mucoromycota:MAT	CEVXIM010000055.1	95202-96729	95202-96729	withheld:modelled_gene_bar+polish_capped	withheld:modelled_gene_bar+polish_capped	undetermined	undetermined							hsp_fragment	hsp_fragment	2.4	2.4	0.0	35.3	35.3	sexM,sexP	sexM,sexP		
GCA_982397305.1_T17-F	Mucoromycota:MAT	CEVXIM010000029.1	150363-162342	150363-162342	withheld:modelled_gene_bar+polish_capped	withheld:modelled_gene_bar+polish_capped	undetermined	undetermined							hsp_fragment	hsp_fragment	0.0	0.0	0.0	0.0	0.0	rnhA,sexP	rnhA,sexP		
GCA_982397305.1_T17-F	Mucoromycota:MAT	CEVXIM010000037.1	129707-167143	129707-167143	withheld:modelled_gene_bar	withheld:modelled_gene_bar	undetermined	undetermined							hsp_fragment	hsp_fragment	5.0	5.0	0.0	36.5	36.5	rnhA,sexM	rnhA,sexM		
GCA_982397305.1_T17-F	Mucoromycota:MAT	CEVXIM010000164.1	37655-53705	37655-53705	withheld:modelled_gene_bar+polish_capped	withheld:modelled_gene_bar+polish_capped	undetermined	undetermined							hsp_fragment	hsp_fragment	1.0	1.0	0.0	1.0	1.0	sexM,sexP	sexM,sexP		
GCA_982397305.1_T17-F	Mucoromycota:MAT	CEVXIM010000060.1	86590-111106	86590-111106	withheld:modelled_gene_bar	withheld:modelled_gene_bar	undetermined	undetermined							hsp_fragment	hsp_fragment	0.0	0.0	0.0	0.0	0.0	sexM,sexP	sexM,sexP		
GCA_982397305.1_T17-F	Mucoromycota:MAT	CEVXIM010000038.1	59972-104831	59972-104831	withheld:modelled_gene_bar+polish_capped	withheld:modelled_gene_bar+polish_capped	undetermined	undetermined							hsp_fragment	hsp_fragment	0.6	0.6	0.0	0.6	0.6	sexM,tptA	sexM,tptA		
GCA_982397305.1_T17-F	Mucoromycota:MAT	CEVXIM010000130.1	40396-61812	40396-61812	withheld:modelled_gene_bar+polish_capped	withheld:modelled_gene_bar+polish_capped	undetermined	undetermined							hsp_fragment	hsp_fragment	12.5	12.5	0.0	29.3	29.3	sexM,sexP	sexM,sexP		
GCA_982397305.1_T17-F	Mucoromycota:MAT	CEVXIM010000097.1	15246-35557	15246-35557	withheld:modelled_gene_bar+polish_capped	withheld:modelled_gene_bar+polish_capped	undetermined	undetermined							hsp_fragment	hsp_fragment	0.0	0.0	0.0	0.0	0.0	btbA,sexP	btbA,sexP		
GCA_982397305.1_T17-F	Mucoromycota:MAT	CEVXIM010000048.1	99975-104471	99975-104471	withheld:modelled_gene_bar+polish_capped	withheld:modelled_gene_bar+polish_capped	undetermined	undetermined							hsp_fragment	hsp_fragment	0.0	0.0	0.0	0.0	0.0	sexP,tptA	sexP,tptA		
GCA_982397305.1_T17-F	Mucoromycota:MAT	CEVXIM010000132.1	17891-22070	17891-22070	withheld:modelled_gene_bar	withheld:modelled_gene_bar	undetermined	undetermined							hsp_fragment	hsp_fragment	4.6	4.6	0.0	6.6	6.6	algA,sexM	algA,sexM		
GCF_025331425.1_Radspe1	Mucoromycota:MAT	NW_026251940.1	262120-274782	262120-274782	called	called	Plus	Plus	medium	medium	partial_locus	partial_locus			model	model	172.9	172.9	0.0	307.7	307.7	rnhA,sexM,sexP	rnhA,sexM,sexP		
GCF_025331425.1_Radspe1	Mucoromycota:MAT	NW_026251936.1	258722-345246	258722-345246	withheld:modelled_gene_bar	withheld:modelled_gene_bar	undetermined	undetermined							model	model	0.0	0.0	0.0	0.0	0.0	algA,sexM,sexP,tptA	algA,sexM,sexP,tptA		
GCF_025331425.1_Radspe1	Mucoromycota:MAT	NW_026251926.1	79374-121232	79374-121232	withheld:modelled_gene_bar	withheld:modelled_gene_bar	undetermined	undetermined							hsp_fragment	hsp_fragment	3.3	3.3	0.0	43.2	43.2	algA,glrA,sexP	algA,glrA,sexP		
GCF_025331425.1_Radspe1	Mucoromycota:MAT	NW_026251932.1	1428227-1512882	1428227-1512882	withheld:modelled_gene_bar	withheld:modelled_gene_bar	undetermined	undetermined							hsp_fragment	hsp_fragment	6.9	6.9	0.0	6.9	6.9	rnhA,sexM,sexP	rnhA,sexM,sexP		
GCF_025331425.1_Radspe1	Mucoromycota:MAT	NW_026251929.1	420033-463672	420033-463672	withheld:modelled_gene_bar	withheld:modelled_gene_bar	undetermined	undetermined							hsp_fragment	hsp_fragment	6.1	6.1	0.0	26.2	26.2	rnhA,sexP,tptA	rnhA,sexP,tptA		
GCF_025331425.1_Radspe1	Mucoromycota:MAT	NW_026251930.1	91326-99806	91326-99806	withheld:below_fraction_floor	withheld:below_fraction_floor	undetermined	undetermined							model	model	22.4	22.4	0.0	81.9	81.9	sexP,tptA	sexP,tptA		
GCF_025399195.1_Umbra1	Mucoromycota:MAT	NW_026252087.1	113844-157423	113844-157423	called	called	Plus	Plus	high	high	mat_locus	mat_locus			model	model	126.7	126.7	0.0	158.3	158.3	algA,glrA,rnhA,sexP,tptA	algA,glrA,rnhA,sexP,tptA		
GCF_025399195.1_Umbra1	Mucoromycota:MAT	NW_026252104.1	308538-339403	308538-339403	withheld:modelled_gene_bar	withheld:modelled_gene_bar	undetermined	undetermined							model	model	9.1	9.1	0.0	62.4	62.4	sexM,sexP,tptA	sexM,sexP,tptA		
GCF_025399195.1_Umbra1	Mucoromycota:MAT	NW_026252177.1	18425-53131	18425-53131	withheld:modelled_gene_bar	withheld:modelled_gene_bar	undetermined	undetermined														algA,glrA,tptA	algA,glrA,tptA		
GCF_025399195.1_Umbra1	Mucoromycota:MAT	NW_026252095.1	124006-208986	124006-208986	withheld:mat_gene_gate	withheld:mat_gene_gate	Minus	Minus							model	model	26.1	26.1	0.0	41.2	41.2	glrA,rnhA,sexM	glrA,rnhA,sexM		
GCF_025399195.1_Umbra1	Mucoromycota:MAT	NW_026252119.1	21618-26931	21618-26931	withheld:below_fraction_floor	withheld:below_fraction_floor	undetermined	undetermined							hsp_fragment	hsp_fragment	0.0	0.0	0.0	0.0	0.0	glrA,sexM	glrA,sexM		
GCF_025528875.1_Mycafr1	Mucoromycota:MAT	NW_026515730.1	1357549-1365893	1357549-1365893	called	called	Plus	Plus	high	high	mat_locus	mat_locus			model	model	239.0	239.0	0.0	294.7	294.7	glrA,rnhA,sexP	glrA,rnhA,sexP		
GCF_025528875.1_Mycafr1	Mucoromycota:MAT	NW_026515726.1	1395557-1465094	1395557-1465094	withheld:modelled_gene_bar	withheld:modelled_gene_bar	undetermined	undetermined							hsp_fragment	hsp_fragment	0.5	0.5	0.0	0.5	0.5	rnhA,sexM,sexP	rnhA,sexM,sexP		
GCF_025528875.1_Mycafr1	Mucoromycota:MAT	NW_026515742.1	85494-174340	85494-174340	withheld:modelled_gene_bar	withheld:modelled_gene_bar	undetermined	undetermined							hsp_fragment	hsp_fragment	12.7	12.7	0.0	53.7	53.7	algA,sexM,sexP,tptA	algA,sexM,sexP,tptA		
GCF_025528875.1_Mycafr1	Mucoromycota:MAT	NW_026515725.1	616068-709202	616068-709202	withheld:modelled_gene_bar	withheld:modelled_gene_bar	undetermined	undetermined							hsp_fragment	hsp_fragment	0.0	0.0	0.0	0.0	0.0	rnhA,sexM,sexP,tptA	rnhA,sexM,sexP,tptA		
GCF_025528875.1_Mycafr1	Mucoromycota:MAT	NW_026515727.1	615735-672778	615735-672778	withheld:modelled_gene_bar+polish_capped	withheld:modelled_gene_bar+polish_capped	undetermined	undetermined							hsp_fragment	hsp_fragment	0.0	0.0	0.0	0.0	0.0	sexM,sexP,tptA	sexM,sexP,tptA		
GCF_025528875.1_Mycafr1	Mucoromycota:MAT	NW_026515727.1	2290746-2337709	2290746-2337709	withheld:modelled_gene_bar	withheld:modelled_gene_bar	undetermined	undetermined							hsp_fragment	hsp_fragment	3.5	3.5	0.0	33.8	33.8	glrA,sexM,sexP	glrA,sexM,sexP		
GCF_025528875.1_Mycafr1	Mucoromycota:MAT	NW_026515728.1	1145524-1149975		withheld:below_fraction_floor	absent	undetermined								model		24.0			76.5		glrA,sexM			withheld_reason_changed
GCF_025528875.1_Mycafr1	Mucoromycota:MAT	NW_026515730.1		1203502-1205025	absent	withheld:below_fraction_floor		Minus								model		32.3			95.0		sexM		withheld_reason_changed
GCF_025766255.1_Zycmex1	Mucoromycota:MAT	NW_026516701.1	27357-34608	27357-34608	called	called	Minus	Minus	medium	medium	partial_locus	partial_locus			model	model	61.7	61.7	0.0	132.6	132.6	rnhA,sexM	rnhA,sexM		
GCF_025766255.1_Zycmex1	Mucoromycota:MAT	NW_026516700.1	1913-9832	1913-9832	withheld:modelled_gene_bar	withheld:modelled_gene_bar	undetermined	undetermined														algA,rnhA,tptA	algA,rnhA,tptA		
GCF_025766255.1_Zycmex1	Mucoromycota:MAT	NW_026516711.1	33815-34660	33815-34660	withheld:modelled_gene_bar	withheld:modelled_gene_bar	undetermined	undetermined							model	model	6.7	6.7	0.0	57.3	57.3	sexM,sexP	sexM,sexP		
GCF_025766255.1_Zycmex1	Mucoromycota:MAT	NW_026516710.1	183218-233705	183218-233705	withheld:modelled_gene_bar	withheld:modelled_gene_bar	undetermined	undetermined							hsp_fragment	hsp_fragment	1.7	1.7	0.0	38.2	38.2	rnhA,sexP	rnhA,sexP		
GCF_025766255.1_Zycmex1	Mucoromycota:MAT	NW_026516669.1	673549-675413	673549-675413	withheld:modelled_gene_bar	withheld:modelled_gene_bar	undetermined	undetermined							hsp_fragment	hsp_fragment	4.5	4.5	0.0	33.1	33.1	sexM,sexP	sexM,sexP		
GCF_025766255.1_Zycmex1	Mucoromycota:MAT	NW_026516762.1	134591-142610	134591-142610	withheld:modelled_gene_bar+polish_capped	withheld:modelled_gene_bar+polish_capped	undetermined	undetermined							hsp_fragment	hsp_fragment	11.9	11.9	0.0	18.3	18.3	sexM,sexP	sexM,sexP		
GCF_025766255.1_Zycmex1	Mucoromycota:MAT	NW_026516712.1	39346-61392	39346-61392	withheld:modelled_gene_bar+polish_capped	withheld:modelled_gene_bar+polish_capped	undetermined	undetermined							hsp_fragment	hsp_fragment	14.8	14.8	0.0	40.7	40.7	sexM,sexP	sexM,sexP		
GCF_025766255.1_Zycmex1	Mucoromycota:MAT	NW_026516668.1	16831-59118	16831-59118	withheld:modelled_gene_bar	withheld:modelled_gene_bar	undetermined	undetermined							hsp_fragment	hsp_fragment	0.0	0.0	0.0	0.0	0.0	rnhA,sexM	rnhA,sexM		
GCF_025766255.1_Zycmex1	Mucoromycota:MAT	NW_026516729.1	209914-242854	209914-242854	withheld:modelled_gene_bar+polish_capped	withheld:modelled_gene_bar+polish_capped	undetermined	undetermined							hsp_fragment	hsp_fragment	2.9	2.9	0.0	3.0	3.0	glrA,sexM	glrA,sexM		
GCF_025766255.1_Zycmex1	Mucoromycota:MAT	NW_026516671.1	623406-661379	623406-661379	withheld:modelled_gene_bar	withheld:modelled_gene_bar	undetermined	undetermined							hsp_fragment	hsp_fragment	2.0	2.0	0.0	25.4	25.4	sexM,tptA	sexM,tptA		
GCF_025766255.1_Zycmex1	Mucoromycota:MAT	NW_026516706.1	275448-291749	275448-291749	withheld:modelled_gene_bar+polish_capped	withheld:modelled_gene_bar+polish_capped	undetermined	undetermined							hsp_fragment	hsp_fragment	0.0	0.0	0.0	0.0	0.0	rnhA,sexP	rnhA,sexP		
GCF_025766255.1_Zycmex1	Mucoromycota:MAT	NW_026516711.1	33815-34660	33815-34660	withheld:below_fraction_floor	withheld:below_fraction_floor	undetermined	undetermined							model	model	6.7	6.7	0.0	57.3	57.3	sexM,sexP	sexM,sexP		
GCF_029851405.1_ASM2985140v1	Mucoromycota:MAT	NW_026695375.1	118280-206612	118280-206612	withheld:modelled_gene_bar	withheld:modelled_gene_bar	undetermined	undetermined							model	model	16.7	16.7	0.0	87.4	87.4	sexM,sexP,tptA	sexM,sexP,tptA		
GCF_029851405.1_ASM2985140v1	Mucoromycota:MAT	NW_026695325.1	147273-186138	147273-186138	withheld:modelled_gene_bar	withheld:modelled_gene_bar	undetermined	undetermined							hsp_fragment	hsp_fragment	5.6	5.6	0.0	30.9	30.9	rnhA,sexM,sexP	rnhA,sexM,sexP		
GCF_029851405.1_ASM2985140v1	Mucoromycota:MAT	NW_026695331.1	326254-370710	326254-370710	withheld:modelled_gene_bar+polish_capped	withheld:modelled_gene_bar+polish_capped	undetermined	undetermined							hsp_fragment	hsp_fragment	19.1	19.1	0.0	45.9	45.9	algA,sexM	algA,sexM		
GCF_029851405.1_ASM2985140v1	Mucoromycota:MAT	NW_026695322.1	11112-12036	11112-12036	withheld:modelled_gene_bar+polish_capped	withheld:modelled_gene_bar+polish_capped	undetermined	undetermined							hsp_fragment	hsp_fragment	7.5	7.5	0.0	38.0	38.0	sexM,sexP	sexM,sexP		
GCF_029851405.1_ASM2985140v1	Mucoromycota:MAT	NW_026695361.1	261186-262725	261186-262725	withheld:modelled_gene_bar+polish_capped	withheld:modelled_gene_bar+polish_capped	undetermined	undetermined							hsp_fragment	hsp_fragment	2.4	2.4	0.0	35.3	35.3	sexM,sexP	sexM,sexP		
GCF_029851405.1_ASM2985140v1	Mucoromycota:MAT	NW_026695326.1	122778-169513	122778-169513	withheld:modelled_gene_bar+polish_capped	withheld:modelled_gene_bar+polish_capped	undetermined	undetermined							hsp_fragment	hsp_fragment	0.0	0.0	0.0	0.0	0.0	sexM,tptA	sexM,tptA		
GCF_029851405.1_ASM2985140v1	Mucoromycota:MAT	NW_026695373.1	66816-117792	66816-117792	withheld:modelled_gene_bar	withheld:modelled_gene_bar	undetermined	undetermined							hsp_fragment	hsp_fragment	0.0	0.0	0.0	0.0	0.0	algA,sexM	algA,sexM		
GCF_029851405.1_ASM2985140v1	Mucoromycota:MAT	NW_026695348.1	248716-252844	248716-252844	withheld:modelled_gene_bar	withheld:modelled_gene_bar	undetermined	undetermined							hsp_fragment	hsp_fragment	7.3	7.3	0.0	29.3	29.3	rnhA,sexP	rnhA,sexP		
GCF_029851405.1_ASM2985140v1	Mucoromycota:MAT	NW_026695321.1	1022953-1072936	1022953-1072936	withheld:modelled_gene_bar+polish_capped	withheld:modelled_gene_bar+polish_capped	undetermined	undetermined							hsp_fragment	hsp_fragment	0.5	0.5	0.0	2.0	2.0	rnhA,sexM	rnhA,sexM		
GCF_029851405.1_ASM2985140v1	Mucoromycota:MAT	NW_026695325.1	532313-566734	532313-566734	withheld:modelled_gene_bar+polish_capped	withheld:modelled_gene_bar+polish_capped	undetermined	undetermined							hsp_fragment	hsp_fragment	0.0	0.0	0.0	0.0	0.0	btbA,sexP	btbA,sexP		
GCF_029851405.1_ASM2985140v1	Mucoromycota:MAT	NW_026695358.1	25259-42259	25259-42259	withheld:modelled_gene_bar+polish_capped	withheld:modelled_gene_bar+polish_capped	undetermined	undetermined							hsp_fragment	hsp_fragment	8.7	8.7	0.0	23.3	23.3	rnhA,sexP	rnhA,sexP		
GCF_029851405.1_ASM2985140v1	Mucoromycota:MAT	NW_026695366.1	155603-209792	155603-209792	withheld:modelled_gene_bar	withheld:modelled_gene_bar	undetermined	undetermined							hsp_fragment	hsp_fragment	0.0	0.0	0.0	0.0	0.0	glrA,sexM	glrA,sexM		
GCF_029851405.1_ASM2985140v1	Mucoromycota:MAT	NW_026695349.1	268280-291057	268280-291057	withheld:modelled_gene_bar+polish_capped	withheld:modelled_gene_bar+polish_capped	undetermined	undetermined							hsp_fragment	hsp_fragment	0.0	0.0	0.0	0.0	0.0	sexP,tptA	sexP,tptA		
GCF_029851405.1_ASM2985140v1	Mucoromycota:MAT	NW_026695384.1	11485-12512	11485-12512	withheld:modelled_gene_bar+polish_capped	withheld:modelled_gene_bar+polish_capped	undetermined	undetermined							hsp_fragment	hsp_fragment	9.0	9.0	0.0	9.0	9.0	rnhA,sexM	rnhA,sexM		
GCF_029851405.1_ASM2985140v1	Mucoromycota:MAT	NW_026695340.1	31219-81508	31219-81508	withheld:modelled_gene_bar+polish_capped	withheld:modelled_gene_bar+polish_capped	undetermined	undetermined							hsp_fragment	hsp_fragment	0.0	0.0	0.0	0.0	0.0	glrA,sexP	glrA,sexP		
GCF_029851405.1_ASM2985140v1	Mucoromycota:MAT	NW_026695364.1	21090-23076	21090-23076	withheld:modelled_gene_bar	withheld:modelled_gene_bar	undetermined	undetermined							hsp_fragment	hsp_fragment	0.0	0.0	0.0	0.0	0.0	sexM,sexP	sexM,sexP		
GCF_029851405.1_ASM2985140v1	Mucoromycota:MAT	NW_026695366.1	155603-209792	155603-209792	withheld:below_fraction_floor	withheld:below_fraction_floor	undetermined	undetermined							hsp_fragment	hsp_fragment	0.0	0.0	0.0	0.0	0.0	glrA,sexM	glrA,sexM		
GCF_041956525.1_Rhipu1	Mucoromycota:MAT	NW_027192143.1	612278-680537	612278-680537	withheld:modelled_gene_bar	withheld:modelled_gene_bar	undetermined	undetermined							model	model	2.7	2.7	0.0	52.4	52.4	rnhA,sexM,sexP	rnhA,sexM,sexP		
GCF_041956525.1_Rhipu1	Mucoromycota:MAT	NW_027192163.1	253369-304342	253369-304342	withheld:modelled_gene_bar	withheld:modelled_gene_bar	undetermined	undetermined							hsp_fragment	hsp_fragment	2.0	2.0	0.0	3.8	3.8	algA,rnhA,sexM	algA,rnhA,sexM		
GCF_041956525.1_Rhipu1	Mucoromycota:MAT	NW_027192154.1	193908-244656	193908-244656	withheld:modelled_gene_bar	withheld:modelled_gene_bar	undetermined	undetermined							hsp_fragment	hsp_fragment	0.0	0.0	0.0	0.0	0.0	algA,glrA,sexM	algA,glrA,sexM		
GCF_041956525.1_Rhipu1	Mucoromycota:MAT	NW_027192156.1	36984-65141	36984-65141	withheld:modelled_gene_bar	withheld:modelled_gene_bar	undetermined	undetermined							hsp_fragment	hsp_fragment	0.0	0.0	0.0	0.0	0.0	algA,glrA,sexM	algA,glrA,sexM		
GCF_041956525.1_Rhipu1	Mucoromycota:MAT	NW_027192143.1	157309-170414	157309-170414	withheld:modelled_gene_bar+polish_capped	withheld:modelled_gene_bar+polish_capped	undetermined	undetermined							hsp_fragment	hsp_fragment	0.0	0.0	0.0	0.0	0.0	glrA,sexM	glrA,sexM		
GCF_041956525.1_Rhipu1	Mucoromycota:MAT	NW_027192143.1	234544-237177	234544-237177	withheld:modelled_gene_bar	withheld:modelled_gene_bar	Plus	Plus							hsp_fragment	hsp_fragment	69.5	69.5	0.0	202.4	202.4	sexM,sexP	sexM,sexP		
GCF_041956525.1_Rhipu1	Mucoromycota:MAT	NW_027192151.1	40470-75517	40470-75517	withheld:modelled_gene_bar+polish_capped	withheld:modelled_gene_bar+polish_capped	undetermined	undetermined							hsp_fragment	hsp_fragment	0.0	0.0	0.0	0.0	0.0	sexM,sexP	sexM,sexP		
GCF_041956525.1_Rhipu1	Mucoromycota:MAT	NW_027192146.1	1103901-1119145	1103901-1119145	withheld:modelled_gene_bar+polish_capped	withheld:modelled_gene_bar+polish_capped	undetermined	undetermined							hsp_fragment	hsp_fragment	4.4	4.4	0.0	4.4	4.4	rnhA,sexM	rnhA,sexM		
GCF_041956525.1_Rhipu1	Mucoromycota:MAT	NW_027192172.1	37483-38335	37483-38335	withheld:modelled_gene_bar+polish_capped	withheld:modelled_gene_bar+polish_capped	undetermined	undetermined							hsp_fragment	hsp_fragment	3.4	3.4	0.0	36.9	36.9	sexM,sexP	sexM,sexP		
GCF_041956525.1_Rhipu1	Mucoromycota:MAT	NW_027192147.1	235060-278799	235060-278799	withheld:modelled_gene_bar	withheld:modelled_gene_bar	undetermined	undetermined							hsp_fragment	hsp_fragment	6.2	6.2	0.0	40.9	40.9	btbA,sexP	btbA,sexP		
GCF_041956525.1_Rhipu1	Mucoromycota:MAT	NW_027192147.1	994876-1010129	994876-1010129	withheld:modelled_gene_bar+polish_capped	withheld:modelled_gene_bar+polish_capped	undetermined	undetermined							hsp_fragment	hsp_fragment	1.9	1.9	0.0	5.2	5.2	sexM,sexP	sexM,sexP		
GCF_041956525.1_Rhipu1	Mucoromycota:MAT	NW_027192145.1	1054496-1067759	1054496-1067759	withheld:modelled_gene_bar+polish_capped	withheld:modelled_gene_bar+polish_capped	undetermined	undetermined							hsp_fragment	hsp_fragment	0.0	0.0	0.0	0.0	0.0	algA,sexM	algA,sexM		
GCF_041956525.1_Rhipu1	Mucoromycota:MAT	NW_027192166.1	236865-244122	236865-244122	withheld:modelled_gene_bar+polish_capped	withheld:modelled_gene_bar+polish_capped	undetermined	undetermined							hsp_fragment	hsp_fragment	0.2	0.2	0.0	0.2	0.2	rnhA,sexP	rnhA,sexP		
GCF_041956525.1_Rhipu1	Mucoromycota:MAT	NW_027192155.1	118622-130441	118622-130441	withheld:modelled_gene_bar+polish_capped	withheld:modelled_gene_bar+polish_capped	undetermined	undetermined							hsp_fragment	hsp_fragment	0.0	0.0	0.0	0.0	0.0	rnhA,sexM	rnhA,sexM		
GCF_041956525.1_Rhipu1	Mucoromycota:MAT	NW_027192152.1	128661-172557	128661-172557	withheld:modelled_gene_bar+polish_capped	withheld:modelled_gene_bar+polish_capped	undetermined	undetermined							hsp_fragment	hsp_fragment	5.0	5.0	0.0	5.4	5.4	glrA,sexP	glrA,sexP		
GCF_041956525.1_Rhipu1	Mucoromycota:MAT	NW_027192152.1	557838-562017	557838-562017	withheld:modelled_gene_bar+polish_capped	withheld:modelled_gene_bar+polish_capped	undetermined	undetermined							hsp_fragment	hsp_fragment	0.0	0.0	0.0	0.0	0.0	glrA,sexM	glrA,sexM		
GCF_041956525.1_Rhipu1	Mucoromycota:MAT	NW_027192164.1	159376-160106	159376-160106	withheld:modelled_gene_bar+polish_capped	withheld:modelled_gene_bar+polish_capped	undetermined	undetermined							hsp_fragment	hsp_fragment	0.9	0.9	0.0	35.8	35.8	sexM,sexP	sexM,sexP		
GCF_041956525.1_Rhipu1	Mucoromycota:MAT	NW_027192165.1	61255-78560	61255-78560	withheld:modelled_gene_bar+polish_capped	withheld:modelled_gene_bar+polish_capped	undetermined	undetermined							hsp_fragment	hsp_fragment	0.0	0.0	0.0	0.0	0.0	rnhA,sexM	rnhA,sexM		
GCF_041956525.1_Rhipu1	Mucoromycota:MAT	NW_027192149.1	320373-325033	320373-325033	withheld:modelled_gene_bar+polish_capped	withheld:modelled_gene_bar+polish_capped	undetermined	undetermined							hsp_fragment	hsp_fragment	0.0	0.0	0.0	0.0	0.0	sexP,tptA	sexP,tptA		
GCF_041956525.1_Rhipu1	Mucoromycota:MAT	NW_027192168.1	148261-186415	148261-186415	withheld:mat_gene_gate	withheld:mat_gene_gate	undetermined	undetermined							model	model	20.8	20.8	0.0	37.6	37.6	algA,btbA,sexM	algA,btbA,sexM		
GCF_041956525.1_Rhipu1	Mucoromycota:MAT	NW_027192168.1	148261-186415	148261-186415	withheld:below_fraction_floor	withheld:below_fraction_floor	undetermined	undetermined							model	model	20.8	20.8	0.0	37.6	37.6	algA,btbA,sexM	algA,btbA,sexM		
