genome	order	family	species	status	busco	n50	contigs	good_asm	called_families	call_classes	call_genes	verification	n_suppressed	sup_best_genes	sup_best_family	sup_best_reason	sup_reasons	nd_reason	nd_found	nd_missing	nd_notsearchable	nd_best_fraction
GCA_000299215.2_ASM29921v2	Trichosporonales	Trichosporonaceae	Trichosporon asahii	uncalled	94.1	3223897	194	1					302	pheromone_receptor|pheromone_B43|fungal_mating_type_pheromone	PR	modelled_gene_bar	modelled_gene_bar=302	best cluster carried 1 modelled gene(s), below the 2 required to report a locus; only 1 of its genes could be modelled	HD1|HD2|beta_fg			1.0
GCA_000442785.1_Cf_30_300r_Split10plusN	Tremellales	Rhynchogastremaceae	Papiliotrema flavescens	called	95.2	72419	550	1	MAT	mat_locus	PAN6|STE3|RPL39	ok	3	FAO1|MFalpha	MAT	modelled_gene_bar	modelled_gene_bar=2;below_fraction_floor=1					
GCA_000499585.1_CBS7750	Tremellales	Cryptococcaceae	Cryptococcus deuterogattii	called	92.5	1125130	26	1	MAT	mat_locus	FAO1|PAN6|STE3|SXI1|SXI2|RPL39	ok	3	FAO1|SXI1	MAT	modelled_gene_bar	modelled_gene_bar=3					
GCA_000507405.3_Cryp_heve_BCC8398_V1	Tremellales	Cryptococcaceae	Kwoniella heveanensis	called	97.5	709378	64	1	MAT	mat_locus	PAN6|MFa|STE3|RPL39	ok	6	PAN6|MFalpha|STE3	MAT	modelled_gene_bar	modelled_gene_bar=5;below_fraction_floor=1					
GCA_000507425.3_Cryp_heve_CBS569_V2	Tremellales	Cryptococcaceae	Kwoniella heveanensis	called	97.1	174698	236	1	MAT	mat_locus	PAN6|MFalpha|STE3|RPL39	ok	3	FAO1|SXI1|SXI2	MAT	below_fraction_floor	modelled_gene_bar=2;below_fraction_floor=1					
GCA_000507485.4_ASM50748v4	Tremellales	Cryptococcaceae	Kwoniella mangrovensis	called	96.5	13493479	4	1	MAT	mat_locus	FAO1|PAN6|MFa|STE3|RPL39	ok	3	FAO1|SXI1|SXI2	MAT	below_fraction_floor	modelled_gene_bar=2;below_fraction_floor=1					
GCA_000507885.2_Kwon_mang_CBS10435_V2	Tremellales	Cryptococcaceae	Kwoniella mangrovensis	called	96.5	1966685	30	1	MAT	mat_locus	FAO1|PAN6|MFa|STE3|RPL39	ok	2	FAO1|SXI1|SXI2	MAT	below_fraction_floor	modelled_gene_bar=1;below_fraction_floor=1					
GCA_000738825.1_ASM73882v1	Tremellales	Rhynchogastremaceae	Papiliotrema laurentii	called	93.6	32456	973	1	MAT	mat_locus	PAN6|MFa|STE3	ok	3	STE3|SXI2	MAT	modelled_gene_bar	modelled_gene_bar=2;below_fraction_floor=1					
GCA_000815965.1_ASM81596v1	Cystofilobasidiales	Mrakiaceae	Mrakia frigida	called	87.6	35013	1328	1	MAT|PR	idiomorph_gene_only	MFalpha|STE3;pheromone_receptor|fungal_mating_type_pheromone|caax_precursor	ok|unverified	246	FAO1|SXI1	MAT	modelled_gene_bar	modelled_gene_bar=246	best cluster carried 0 modelled gene(s), below the 2 required to report a locus; none of its genes could be modelled	HD2	HD1		1.0
GCA_000835745.1_Cryp_gatt_EJB2_V1	Tremellales	Cryptococcaceae	Cryptococcus gattii	called	95.0	231074	209	1	MAT	idiomorph_gene_only	MFalpha|STE3	ok	2	PAN6|MFalpha|SXI1	MAT	modelled_gene_bar	modelled_gene_bar=1;below_fraction_floor=1					
GCA_000835815.1_Cryp_gatt_2001_935-1_V1	Tremellales	Cryptococcaceae	Cryptococcus deuterogattii	called	96.5	1248189	21	1	MAT	mat_locus	FAO1|PAN6|MFalpha|STE3|SXI1|SXI2|RPL39	ok	1	FAO1|MFalpha|SXI1	MAT	modelled_gene_bar	modelled_gene_bar=1					
GCA_000836315.1_Cryp_gatt_LA55_V1	Tremellales	Cryptococcaceae	Cryptococcus deuterogattii	called	95.7	394791	105	1	MAT	partial_locus	FAO1|SXI2|RPL39	ok	3	FAO1|MFalpha|SXI1	MAT	modelled_gene_bar	modelled_gene_bar=3					
GCA_000836355.1_Cryp_gatt_Ru294_V1	Tremellales	Cryptococcaceae	Cryptococcus gattii	called	96.3	699094	45	1	MAT	mat_locus	FAO1|PAN6|MFalpha|STE3|SXI1|SXI2|RPL39	ok	2	FAO1|SXI2	MAT	modelled_gene_bar	modelled_gene_bar=2					
GCA_000836375.1_Cryp_gatt_Ram5_V1	Tremellales	Cryptococcaceae	Cryptococcus deuterogattii	called	96.4	915286	24	1	MAT	mat_locus	FAO1|PAN6|MFalpha|STE3|SXI1|SXI2|RPL39	ok	4	FAO1|STE3|SXI1	MAT	modelled_gene_bar	modelled_gene_bar=4					
GCA_000836455.1_Cryp_gatt_99_473_V1	Tremellales	Cryptococcaceae	Cryptococcus deuterogattii	called	95.6	520419	80	1	MAT	idiomorph_gene_only	MFalpha|STE3	ok	6	FAO1|STE3|SXI1	MAT	modelled_gene_bar	modelled_gene_bar=4;below_fraction_floor=2					
GCA_000855695.2_ASM85569v2	Tremellales	Cryptococcaceae	Cryptococcus bacillisporus	called	96.2	1525358	14	1	MAT	mat_locus	PAN6|MFa|STE3|SXI2|RPL39	ok	1	MFalpha|STE3	MAT	modelled_gene_bar	modelled_gene_bar=1					
GCA_000875795.1_Cryp_gatt_CA1014_V1	Tremellales	Cryptococcaceae	Cryptococcus deuterogattii	called	96.6	1238107	21	1	MAT	mat_locus	FAO1|PAN6|MFalpha|STE3|SXI1|SXI2|RPL39	ok	4	FAO1|STE3	MAT	modelled_gene_bar	modelled_gene_bar=4					
GCA_000875815.1_Cryp_gatt_E566_V1	Tremellales	Cryptococcaceae	Cryptococcus gattii	called	96.0	717019	50	1	MAT	mat_locus|partial_locus	FAO1|MFa|SXI2|RPL39;PAN6|MFa	ok	2	PAN6|MFalpha|SXI1	MAT	modelled_gene_bar	modelled_gene_bar=2					
GCA_000875855.1_Cryp_gatt_MMRL2647_V2	Tremellales	Cryptococcaceae	Cryptococcus deuterogattii	called	96.3	1214750	24	1	MAT	mat_locus	FAO1|PAN6|MFalpha|STE3|SXI1|SXI2|RPL39	ok	2	FAO1|MFalpha|SXI1	MAT	modelled_gene_bar	modelled_gene_bar=2					
GCA_000935105.1_Cryp_gatt_NT-10_V1	Tremellales	Cryptococcaceae	Cryptococcus gattii	called	95.6	291675	198	1	MAT	idiomorph_gene_only	MFalpha|STE3	ok	3	FAO1|SXI1|SXI2	MAT	below_fraction_floor	modelled_gene_bar=2;below_fraction_floor=1					
GCA_000950635.1_ASM95063v1	Cystofilobasidiales	Mrakiaceae	Mrakia blollopis	called	91.2	1718111	163	1	MAT|PR	idiomorph_gene_only	MFalpha|MFa|STE3;pheromone_receptor|fungal_mating_type_pheromone|caax_precursor;pheromone_receptor|fungal_mating_type_pheromone|caax_precursor;MFalpha|STE3	ok|unverified	247	bE|bW	bLocus	modelled_gene_bar	modelled_gene_bar=247	best cluster carried 0 modelled gene(s), below the 2 required to report a locus; none of its genes could be modelled	bE	bW		1.0
GCA_000987905.1_ASM98790v1	Tremellales	Tremellaceae	Tremella fuciformis	uncalled	92.2	19415	1819	0					4	FAO1|STE3|SXI2	MAT	modelled_gene_bar	modelled_gene_bar=3;below_fraction_floor=1	best cluster carried 1 modelled gene(s), below the 2 required to report a locus; only 1 of its genes could be modelled	SXI1|SXI2	FAO1|PAN6|STE3	MFa|MFalpha|RPL39	0.75
GCA_001007165.2_Xden1	Cystofilobasidiales	Mrakiaceae	Phaffia rhodozyma	called	90.8	2088178	47	1	PR	idiomorph_gene_only	pheromone_receptor|caax_precursor	unverified	163	PAN6|SXI2	MAT	modelled_gene_bar	modelled_gene_bar=162;below_fraction_floor=1	best cluster carried 0 modelled gene(s), below the 2 required to report a locus; none of its genes could be modelled	HD1|MIP1	HD2		1.0
GCA_001028165.1_ASM102816v1	Trichosporonales	Trichosporonaceae	Cutaneotrichosporon curvatum	called	86.2	62631	354	1	MAT|PR	idiomorph_gene_only	pheromone_receptor|fungal_mating_type_pheromone|caax_precursor;STE3|SXI1	ok|unverified	283	pheromone_receptor|pheromone_B43|fungal_mating_type_pheromone	PR	modelled_gene_bar	modelled_gene_bar=282;below_fraction_floor=1	best cluster carried 0 modelled gene(s), below the 2 required to report a locus; none of its genes could be modelled	HD2|MIP1	HD1		1.0
GCA_001444555.1_ASM144455v1	Filobasidiales	Filobasidiaceae	Naganishia albida	called	91.9	117089	512	1	bLocus	idiomorph_gene_only	bE|bW	ok	306	HD1|HD2	HD	modelled_gene_bar	modelled_gene_bar=305;below_fraction_floor=1	best cluster carried 0 modelled gene(s), below the 2 required to report a locus; none of its genes could be modelled	HD2	HD1		1.0
GCA_001468955.1_ASM146895v1	Filobasidiales	Filobasidiaceae	Naganishia albida	called	90.1	331936	161	1	bLocus	idiomorph_gene_only	bE|bW	ok	305	pheromone_receptor|pheromone_B44|fungal_mating_type_pheromone	PR	modelled_gene_bar	modelled_gene_bar=304;below_fraction_floor=1	best cluster carried 0 modelled gene(s), below the 2 required to report a locus; none of its genes could be modelled	HD2	HD1		1.0
GCA_001579715.1_ASM157971v1	Cystofilobasidiales	Mrakiaceae	Phaffia rhodozyma	called	90.8	104118	345	1	PR	idiomorph_gene_only	pheromone_receptor|caax_precursor;pheromone_receptor|caax_precursor	unverified	170	HD1|MIP1	HD	modelled_gene_bar	modelled_gene_bar=169;below_fraction_floor=1	best cluster carried 0 modelled gene(s), below the 2 required to report a locus; none of its genes could be modelled	HD1|MIP1	HD2		1.0
GCA_001598995.1_JCM_9937_assembly_v001	Trichosporonales	Trichosporonaceae	Apiotrichum montevideense	uncalled	96.3	1972470	61	1					320	PAN6|SXI2	MAT	modelled_gene_bar	modelled_gene_bar=320	best cluster carried 0 modelled gene(s), below the 2 required to report a locus; none of its genes could be modelled	HD2	HD1		1.0
GCA_001599015.1_JCM_9580_assembly_v001	Trichosporonales	Trichosporonaceae	Apiotrichum domesticum	uncalled	96.5	3306260	28	1					340	pheromone_receptor|pheromone_B43|fungal_mating_type_pheromone|caax_precursor	PR	modelled_gene_bar	modelled_gene_bar=337;below_fraction_floor=3	best cluster carried 1 modelled gene(s), below the 2 required to report a locus; only 1 of its genes could be modelled	HD2|MIP1	HD1		1.0
GCA_001599695.1_JCM_9039_assembly_v001	Tremellales	Phaeotremellaceae	Phaeotremella skinneri	called	97.7	1003985	51	1	MAT	mat_locus	FAO1|PAN6|MFalpha|STE3|RPL39	ok	5	STE3|SXI1|SXI2	MAT	below_fraction_floor	modelled_gene_bar=4;below_fraction_floor=1					
GCA_001599715.1_JCM_13614_assembly_v001	Tremellales	Phaeotremellaceae	Phaeotremella fagi	called	96.8	1602030	27	1	MAT	mat_locus	FAO1|PAN6|MFa|STE3|RPL39	ok	7	FAO1|PAN6	MAT	modelled_gene_bar	modelled_gene_bar=6;below_fraction_floor=1					
GCA_001599735.1_JCM_2334_assembly_v001	Filobasidiales	Filobasidiaceae	Naganishia albida	called	91.2	975819	70	1	PR|bLocus	idiomorph_gene_only	bE|bW;pheromone_receptor|caax_precursor	ok|unverified	315	bE|bW	bLocus	modelled_gene_bar	modelled_gene_bar=314;below_fraction_floor=1	best cluster carried 1 modelled gene(s), below the 2 required to report a locus; only 1 of its genes could be modelled	HD2|beta_fg	HD1		1.0
GCA_001600015.1_JCM_11743_assembly_v001	Filobasidiales	Piskurozymaceae	Solicoccozyma phenolica	called	93.8	969091	64	1	PR	idiomorph_gene_only	pheromone_receptor|caax_precursor	unverified	289	FAO1|PAN6|RPL39	MAT	modelled_gene_bar	modelled_gene_bar=285;below_fraction_floor=4	best cluster carried 0 modelled gene(s), below the 2 required to report a locus; none of its genes could be modelled	HD2	HD1		1.0
GCA_001600055.1_JCM_11695_assembly_v001	Filobasidiales	Filobasidiaceae	Filobasidium wieringae	called	90.6	951588	35	1	PR	idiomorph_gene_only	pheromone_receptor|fungal_mating_type_pheromone|caax_precursor	unverified	253	HD1|HD2	HD	modelled_gene_bar	modelled_gene_bar=252;below_fraction_floor=1	best cluster carried 0 modelled gene(s), below the 2 required to report a locus; none of its genes could be modelled	HD1|HD2			1.0
GCA_001600095.1_JCM_2954_assembly_v001	Tremellales	Bulleraceae	Bullera alba	called	96.3	2864929	8	1	MAT	mat_locus	FAO1|PAN6|STE3|RPL39	ok	5	FAO1|STE3	MAT	modelled_gene_bar	modelled_gene_bar=4;below_fraction_floor=1					
GCA_001600235.1_JCM_1457_assembly_v001	Trichosporonales	Trichosporonaceae	Vanrija humicola	called	97.0	3082120	9	1	bLocus	idiomorph_gene_only	bE|bW	ok	342	mfa1|pra1|rba1	aLocus	modelled_gene_bar	modelled_gene_bar=342	best cluster carried 1 modelled gene(s), below the 2 required to report a locus; only 1 of its genes could be modelled	HD1|HD2			1.0
GCA_001600255.1_JCM_1458_assembly_v001	Trichosporonales	Trichosporonaceae	Apiotrichum porosum	called	97.1	3276928	20	1	MAT|PR	idiomorph_gene_only|mat_locus	FAO1|MFalpha|STE3|SXI1;pheromone_receptor|fungal_mating_type_pheromone|caax_precursor	ok|unverified	302	bbr2|bbp2-1|bbp2-8	Bbeta	modelled_gene_bar	modelled_gene_bar=300;below_fraction_floor=2	best cluster carried 0 modelled gene(s), below the 2 required to report a locus; none of its genes could be modelled	HD1	HD2		1.0
GCA_001600275.1_JCM_1532_assembly_v001	Trichosporonales	Trichosporonaceae	Cutaneotrichosporon curvatum	called	95.7	571590	73	1	PR	idiomorph_gene_only	pheromone_receptor|fungal_mating_type_pheromone|caax_precursor	unverified	295	pheromone_receptor|pheromone_B43|fungal_mating_type_pheromone	PR	modelled_gene_bar	modelled_gene_bar=294;below_fraction_floor=1	best cluster carried 0 modelled gene(s), below the 2 required to report a locus; none of its genes could be modelled	MIP1	HD1|HD2		1.0
GCA_001600295.1_JCM_1599_assembly_v001	Trichosporonales	Trichosporonaceae	Apiotrichum brassicae	called	96.7	2410059	16	1	PR	idiomorph_gene_only	pheromone_receptor|caax_precursor	unverified	297	mfa1|pra1|rba1	aLocus	modelled_gene_bar	modelled_gene_bar=296;below_fraction_floor=1	best cluster carried 1 modelled gene(s), below the 2 required to report a locus; only 1 of its genes could be modelled	HD2|MIP1	HD1		1.0
GCA_001600315.1_JCM_9941_assembly_v001	Trichosporonales	Trichosporonaceae	Apiotrichum gamsii	called	96.9	3284570	17	1	PR	idiomorph_gene_only	pheromone_receptor|fungal_mating_type_pheromone|caax_precursor	unverified	303	bE|bW	bLocus	modelled_gene_bar	modelled_gene_bar=299;below_fraction_floor=4	best cluster carried 0 modelled gene(s), below the 2 required to report a locus; none of its genes could be modelled	HD2	HD1		1.0
GCA_001600335.1_JCM_10018_assembly_v001	Trichosporonales	Trichosporonaceae	Apiotrichum gracile	called	97.1	4554691	8	1	PR	idiomorph_gene_only	pheromone_receptor|caax_precursor	unverified	316	pheromone_receptor|fungal_mating_type_pheromone|caax_precursor	PR	modelled_gene_bar	modelled_gene_bar=315;below_fraction_floor=1	best cluster carried 0 modelled gene(s), below the 2 required to report a locus; none of its genes could be modelled	HD2	HD1		1.0
GCA_001600395.1_JCM_7857_assembly_v001	Cystofilobasidiales	Mrakiaceae	Mrakia frigida	uncalled	91.6	714753	136	1					263	MFalpha|MFa|STE3	MAT	modelled_gene_bar	modelled_gene_bar=263	best cluster carried 1 modelled gene(s), below the 2 required to report a locus; only 1 of its genes could be modelled	HD1|HD2			1.0
GCA_001600415.1_JCM_10690_assembly_v001	Trichosporonales	Trichosporonaceae	Pascua guehoae	uncalled	96.8	2162681	32	1					309	pheromone_receptor|fungal_mating_type_pheromone|caax_precursor	PR	modelled_gene_bar	modelled_gene_bar=308;below_fraction_floor=1	best cluster carried 1 modelled gene(s), below the 2 required to report a locus; only 1 of its genes could be modelled	HD1|HD2			1.0
GCA_001600435.1_JCM_9681_assembly_v001	Cystofilobasidiales	Mrakiaceae	Phaffia rhodozyma	called	91.2	1120801	36	1	PR	idiomorph_gene_only	pheromone_receptor|caax_precursor	unverified	170	PAN6|SXI2	MAT	modelled_gene_bar	modelled_gene_bar=168;below_fraction_floor=2	best cluster carried 0 modelled gene(s), below the 2 required to report a locus; none of its genes could be modelled	HD1|MIP1	HD2		1.0
GCA_001600595.1_JCM_10691_assembly_v001	Trichosporonales	Trichosporonaceae	Apiotrichum veenhuisii	called	97.6	2551142	35	1	PR	idiomorph_gene_only	pheromone_receptor|caax_precursor	unverified	277	pheromone_receptor|pheromone_B43|fungal_mating_type_pheromone	PR	modelled_gene_bar	modelled_gene_bar=277	best cluster carried 1 modelled gene(s), below the 2 required to report a locus; only 1 of its genes could be modelled	HD1|HD2			1.0
GCA_001600615.1_JCM_2961_assembly_v001	Tremellales	Bulleribasidiaceae	Dioszegia crocea	called	96.1	1954963	21	1	MAT	mat_locus	PAN6|STE3|RPL39	ok	1	SXI1|SXI2	MAT	below_fraction_floor	below_fraction_floor=1					
GCA_001600655.1_JCM_2956_assembly_v001	Tremellales	Bulleribasidiaceae	Dioszegia aurantiaca	called	96.3	1282637	44	1	MAT	mat_locus	PAN6|STE3|RPL39	ok	6	MFalpha|STE3|RPL39	MAT	modelled_gene_bar	modelled_gene_bar=5;below_fraction_floor=1					
GCA_001600715.1_JCM_1462_assembly_v001	Trichosporonales	Trichosporonaceae	Cutaneotrichosporon cutaneum	called	97.0	744446	81	1	PR	idiomorph_gene_only	pheromone_receptor|fungal_mating_type_pheromone|caax_precursor	unverified	314	bbr2|bbp2-1|bbp2-5|bbp2-6	Bbeta	modelled_gene_bar	modelled_gene_bar=313;below_fraction_floor=1	best cluster carried 0 modelled gene(s), below the 2 required to report a locus; none of its genes could be modelled	HD2	HD1		1.0
GCA_001600735.1_JCM_2947_assembly_v001	Trichosporonales	Trichosporonaceae	Apiotrichum laibachii	called	97.2	2819049	26	1	PR	idiomorph_gene_only	pheromone_receptor|caax_precursor	unverified	324	MFalpha|STE3|SXI1	MAT	modelled_gene_bar	modelled_gene_bar=320;below_fraction_floor=4	best cluster carried 1 modelled gene(s), below the 2 required to report a locus; only 1 of its genes could be modelled	bE|bW			1.0
GCA_001600855.1_JCM_24511_assembly_v001	Tremellales	Trimorphomycetaceae	Saitozyma sp. JCM 24511	called	97.1	1281587	41	1	MAT	mat_locus	FAO1|PAN6|STE3|RPL39	ok	7	FAO1|SXI2	MAT	modelled_gene_bar	modelled_gene_bar=6;below_fraction_floor=1					
GCA_001600875.1_JCM_24518_assembly_v001	Filobasidiales	Piskurozymaceae	Solicoccozyma terricola	called	91.4	1050647	63	1	PR	idiomorph_gene_only	pheromone_receptor|caax_precursor	unverified	250	mfa1|pra1|rba1	aLocus	modelled_gene_bar	modelled_gene_bar=250	best cluster carried 0 modelled gene(s), below the 2 required to report a locus; none of its genes could be modelled	HD2	HD1		1.0
GCA_001613755.1_ASM161375v1	Trichosporonales	Trichosporonaceae	Cutaneotrichosporon cutaneum	uncalled	97.3	5629136	21	1					269	pheromone_receptor|fungal_mating_type_pheromone|caax_precursor	PR	modelled_gene_bar	modelled_gene_bar=268;below_fraction_floor=1	best cluster carried 0 modelled gene(s), below the 2 required to report a locus; none of its genes could be modelled	pra1	rba1	mfa1	1.0
GCA_001712445.1_ASM171244v1	Trichosporonales	Trichosporonaceae	Cutaneotrichosporon oleaginosum	uncalled	96.6	2509747	14	1					334	pheromone_receptor|pheromone_B44|fungal_mating_type_pheromone	PR	modelled_gene_bar	modelled_gene_bar=333;below_fraction_floor=1	best cluster carried 0 modelled gene(s), below the 2 required to report a locus; none of its genes could be modelled	HD2	HD1		1.0
GCA_001712455.1_ASM171245v1	Filobasidiales	Piskurozymaceae	Solicoccozyma terricola	called	89.7	658505	123	1	PR	idiomorph_gene_only	pheromone_receptor|caax_precursor	unverified	245	bE|bW	bLocus	modelled_gene_bar	modelled_gene_bar=244;below_fraction_floor=1	best cluster carried 0 modelled gene(s), below the 2 required to report a locus; none of its genes could be modelled	HD2	HD1		1.0
GCA_001720235.1_Cryp_amyl_CBS6273_V2	Tremellales	Cryptococcaceae	Cryptococcus amylolentus	called	96.0	1529651	18	1	MAT	mat_locus	FAO1|PAN6|MFalpha|STE3|RPL39	ok	6	FAO1|SXI2	MAT	modelled_gene_bar	modelled_gene_bar=5;below_fraction_floor=1					
GCA_001720245.2_ASM172024v2	Tremellales	Cryptococcaceae	Cryptococcus depauperatus	called	95.4	2236658	8	1	MAT	idiomorph_gene_only	MFalpha|STE3|RPL39	ok	0									
GCA_001889225.1_MPSYv1	Cystofilobasidiales	Mrakiaceae	Mrakia psychrophila	called	88.4	34375	1293	1	PR	idiomorph_gene_only	pheromone_receptor|fungal_mating_type_pheromone|caax_precursor	unverified	248	MFalpha|MFa|STE3	MAT	modelled_gene_bar	modelled_gene_bar=248	best cluster carried 0 modelled gene(s), below the 2 required to report a locus; none of its genes could be modelled	HD2	HD1		1.0
GCA_001972365.1_JCM_2466_assembly_v001	Trichosporonales	Trichosporonaceae	Trichosporon asahii	called	96.4	2256092	36	1	PR	idiomorph_gene_only	pheromone_receptor|pheromone_B44|caax_precursor	unverified	298	HD1|HD2|MIP1	HD	modelled_gene_bar	modelled_gene_bar=298	best cluster carried 0 modelled gene(s), below the 2 required to report a locus; none of its genes could be modelled	HD1|HD2			1.0
GCA_002105065.1_Treen1	Tremellales	Naemateliaceae	Naematelia encephala	uncalled	93.5	209500	150	1					7	FAO1|PAN6|SXI2	MAT	modelled_gene_bar	modelled_gene_bar=5;below_fraction_floor=2	best cluster carried 1 modelled gene(s), below the 2 required to report a locus; only 1 of its genes could be modelled	FAO1|PAN6|SXI2	STE3	MFa|MFalpha|RPL39	0.75
GCA_002215745.1_Cneo_seroA_V31	Tremellales	Cryptococcaceae	Cryptococcus neoformans	called	95.8	108919	340	1	MAT	mat_locus	FAO1|MFalpha|STE3|SXI1	ok	2	PAN6|STE3	MAT	modelled_gene_bar	modelled_gene_bar=2					
GCA_002215755.1_Cneo_seroA_V2	Tremellales	Cryptococcaceae	Cryptococcus neoformans	called	96.1	112326	340	1	MAT	mat_locus	FAO1|STE3|SXI1	ok	1	PAN6|STE3	MAT	modelled_gene_bar	modelled_gene_bar=1					
GCA_002215765.1_Cryp_neof_AD1_83a_V1	Tremellales	Cryptococcaceae	Cryptococcus neoformans	called	96.8	155223	319	1	MAT	mat_locus|partial_locus	PAN6|MFalpha|RPL39;FAO1|MFalpha|STE3|SXI1	ok	1	PAN6|STE3	MAT	modelled_gene_bar	modelled_gene_bar=1					
GCA_002215775.1_Cryp_neof_AD2_60a_V1	Tremellales	Cryptococcaceae	Cryptococcus neoformans	called	96.5	730974	120	1	MAT	mat_locus	FAO1|PAN6|MFalpha|STE3|SXI1|RPL39	ok	2	STE3|SXI2	MAT	modelled_gene_bar	modelled_gene_bar=2					
GCA_002215835.1_Cryp_neof_Bt85_V1	Tremellales	Cryptococcaceae	Cryptococcus neoformans	called	96.8	948332	34	1	MAT	mat_locus|partial_locus	PAN6|SXI2;FAO1|MFa|STE3|RPL39	ok	2	PAN6|SXI1	MAT	modelled_gene_bar	modelled_gene_bar=2					
GCA_002216205.1_ASM221620v1	Tremellales	Cryptococcaceae	Cryptococcus deneoformans	called	96.2	1076535	37	1	MAT	mat_locus	FAO1|PAN6|MFalpha|STE3|SXI1|RPL39	ok	2	STE3|SXI1	MAT	modelled_gene_bar	modelled_gene_bar=2					
GCA_002216725.1_ASM221672v1	Tremellales	Cryptococcaceae	Cryptococcus neoformans	called	96.9	1422463	15	1	MAT	mat_locus	FAO1|PAN6|MFalpha|STE3|SXI1|RPL39	ok	3	STE3|SXI2	MAT	modelled_gene_bar	modelled_gene_bar=3					
GCA_002217545.1_Cryp_neof_grubii_cng10_V1	Tremellales	Cryptococcaceae	Cryptococcus neoformans	called	95.6	87775	396	1	MAT	partial_locus	FAO1|SXI1	ok	1	PAN6|STE3	MAT	modelled_gene_bar	modelled_gene_bar=1					
GCA_002220035.1_Cryp_neof_MW_RSA852_V1	Tremellales	Cryptococcaceae	Cryptococcus neoformans	called	95.8	71816	480	1	MAT	partial_locus	FAO1|SXI1	ok	1	PAN6|STE3	MAT	modelled_gene_bar	modelled_gene_bar=1					
GCA_002220045.1_Cneo_seroA_WM1408	Tremellales	Cryptococcaceae	Cryptococcus neoformans	called	96.8	301376	193	1	MAT	idiomorph_gene_only|partial_locus	MFalpha|STE3;FAO1|SXI1;PAN6|SXI1|RPL39	ok	1	PAN6|STE3	MAT	modelled_gene_bar	modelled_gene_bar=1					
GCA_002221985.1_Cryp_neof_grubii_A1-35-8_V1	Tremellales	Cryptococcaceae	Cryptococcus neoformans	called	96.3	160092	252	1	MAT	partial_locus	FAO1|SXI1	ok	1	PAN6|STE3	MAT	modelled_gene_bar	modelled_gene_bar=1					
GCA_002222015.1_Cryp_neof_grubii_cng8_V1	Tremellales	Cryptococcaceae	Cryptococcus neoformans	called	96.1	109556	398	1	MAT	mat_locus	FAO1|MFalpha|STE3|SXI1	ok	2	STE3|SXI2	MAT	modelled_gene_bar	modelled_gene_bar=2					
GCA_002222025.1_Cryp_neof_grubii_cng4_V1	Tremellales	Cryptococcaceae	Cryptococcus neoformans	called	95.8	113142	387	1	MAT	partial_locus	FAO1|SXI1	ok	2	PAN6|STE3	MAT	modelled_gene_bar	modelled_gene_bar=1;below_fraction_floor=1					
GCA_002222095.1_Cryp_neof_grubii_cng7_V1	Tremellales	Cryptococcaceae	Cryptococcus neoformans	called	95.6	96564	411	1	MAT	mat_locus	FAO1|MFalpha|STE3|SXI1	ok	1	PAN6|STE3	MAT	modelled_gene_bar	modelled_gene_bar=1					
GCA_002222115.1_Cryp_neof_grubii_cng5_V1	Tremellales	Cryptococcaceae	Cryptococcus neoformans	called	95.3	93159	428	1	MAT	mat_locus	FAO1|MFalpha|STE3|SXI1	ok	1	PAN6|STE3	MAT	modelled_gene_bar	modelled_gene_bar=1					
GCA_002222135.1_Cryp_neof_grubii_cng1_V1	Tremellales	Cryptococcaceae	Cryptococcus neoformans	called	95.8	113163	381	1	MAT	mat_locus	FAO1|MFalpha|STE3|SXI1	ok	1	PAN6|STE3	MAT	modelled_gene_bar	modelled_gene_bar=1					
GCA_002222145.1_Cryp_neof_grubii_cng6_V1	Tremellales	Cryptococcaceae	Cryptococcus neoformans	called	95.8	111009	361	1	MAT	mat_locus	FAO1|STE3|SXI1	ok	1	PAN6|STE3	MAT	modelled_gene_bar	modelled_gene_bar=1					
GCA_002222155.1_Cryp_neof_grubii_cng11_V1	Tremellales	Cryptococcaceae	Cryptococcus neoformans	called	95.6	98307	406	1	MAT	mat_locus	FAO1|STE3|SXI1	ok	2	PAN6|STE3	MAT	modelled_gene_bar	modelled_gene_bar=1;below_fraction_floor=1					
GCA_002222165.1_Cryp_neof_grubii_cng3_V1	Tremellales	Cryptococcaceae	Cryptococcus neoformans	called	96.2	103663	381	1	MAT	mat_locus	FAO1|STE3|SXI1	ok	1	PAN6|STE3	MAT	modelled_gene_bar	modelled_gene_bar=1					
GCA_002222245.1_Cryp_neof_grubii_cng2_V1	Tremellales	Cryptococcaceae	Cryptococcus neoformans	called	96.1	134246	328	1	MAT	mat_locus	FAO1|MFalpha|STE3|SXI1	ok	2	PAN6|STE3	MAT	modelled_gene_bar	modelled_gene_bar=1;below_fraction_floor=1					
GCA_002222255.1_Cryp_neof_D17_1_V1	Tremellales	Cryptococcaceae	Cryptococcus neoformans	called	96.6	175623	332	1	MAT	mat_locus|partial_locus	FAO1|MFalpha|STE3|SXI1;PAN6|MFalpha|RPL39	ok	1	PAN6|STE3	MAT	modelled_gene_bar	modelled_gene_bar=1					
GCA_002222295.1_Cryp_neof_CHC193_V1	Tremellales	Cryptococcaceae	Cryptococcus neoformans	called	96.3	158176	339	1	MAT	mat_locus|partial_locus	PAN6|MFalpha|RPL39;FAO1|MFalpha|STE3|SXI1	ok	1	PAN6|STE3	MAT	modelled_gene_bar	modelled_gene_bar=1					
GCA_002222315.1_Cryp_neof_Th84_V1	Tremellales	Cryptococcaceae	Cryptococcus neoformans	called	96.8	616613	80	1	MAT	mat_locus|partial_locus	PAN6|MFalpha|RPL39;FAO1|STE3|SXI1	ok	1	PAN6|STE3	MAT	modelled_gene_bar	modelled_gene_bar=1					
GCA_002222325.1_Cryp_neof_Tu259_1_V1	Tremellales	Cryptococcaceae	Cryptococcus neoformans	called	96.7	794620	74	1	MAT	mat_locus|partial_locus	PAN6|MFalpha|RPL39;FAO1|STE3|SXI1	ok	1	PAN6|STE3	MAT	modelled_gene_bar	modelled_gene_bar=1					
GCA_002222335.1_Cryp_neof_Bt15_V1	Tremellales	Cryptococcaceae	Cryptococcus neoformans	called	97.0	1109861	28	1	MAT	mat_locus	FAO1|PAN6|MFalpha|STE3|SXI1|RPL39	ok	1	PAN6|STE3	MAT	modelled_gene_bar	modelled_gene_bar=1					
GCA_002222375.1_Cryp_neof_A2_102_5_V1	Tremellales	Cryptococcaceae	Cryptococcus neoformans	called	97.0	869879	39	1	MAT	mat_locus	FAO1|PAN6|MFalpha|STE3|SXI1|RPL39	ok	1	PAN6|STE3	MAT	modelled_gene_bar	modelled_gene_bar=1					
GCA_002222395.1_Cryp_neof_MW_RSA36_V1	Tremellales	Cryptococcaceae	Cryptococcus neoformans	called	96.3	185051	306	1	MAT	mat_locus	FAO1|MFalpha|STE3|SXI1	ok	1	PAN6|STE3	MAT	modelled_gene_bar	modelled_gene_bar=1					
GCA_002222455.1_Cryp_neof_MW_RSA1955_V1	Tremellales	Cryptococcaceae	Cryptococcus neoformans	called	96.3	162169	320	1	MAT	mat_locus|partial_locus	PAN6|MFalpha|RPL39;FAO1|STE3|SXI1	ok	1	PAN6|STE3	MAT	modelled_gene_bar	modelled_gene_bar=1					
GCA_002222465.1_Cryp_neof_Bt120_V1	Tremellales	Cryptococcaceae	Cryptococcus neoformans	called	97.0	1055601	25	1	MAT	mat_locus	FAO1|PAN6|MFalpha|STE3|SXI1|RPL39	ok	1	PAN6|STE3	MAT	modelled_gene_bar	modelled_gene_bar=1					
GCA_002222475.1_Cryp_neof_Tu401_1_V1	Tremellales	Cryptococcaceae	Cryptococcus neoformans	called	97.0	846909	46	1	MAT	mat_locus	FAO1|PAN6|MFalpha|STE3|SXI1|RPL39	ok	3	MFa|STE3	MAT	modelled_gene_bar	modelled_gene_bar=3					
GCA_002224005.1_Cryp_neof_Gb118_V1	Tremellales	Cryptococcaceae	Cryptococcus neoformans	called	96.8	782510	53	1	MAT	mat_locus	FAO1|PAN6|MFalpha|STE3|SXI1|RPL39	ok	2	MFalpha|STE3	MAT	modelled_gene_bar	modelled_gene_bar=2					
GCA_002335565.1_JCM_14201_v001	Trichosporonales	Trichosporonaceae	Cutaneotrichosporon arboriforme	uncalled	96.3	1599305	25	1					333	MFa|STE3|SXI1	MAT	modelled_gene_bar	modelled_gene_bar=333	best cluster carried 1 modelled gene(s), below the 2 required to report a locus; only 1 of its genes could be modelled	HD1|HD2			1.0
GCA_002335585.1_JCM_11166_v001	Trichosporonales	Trichosporonaceae	Cutaneotrichosporon daszewskae	called	96.2	2186752	12	1	PR	idiomorph_gene_only	pheromone_receptor|pheromone_B43|caax_precursor	unverified	317	mfa1|pra1|rba1	aLocus	modelled_gene_bar	modelled_gene_bar=317	best cluster carried 1 modelled gene(s), below the 2 required to report a locus; only 1 of its genes could be modelled	HD1|beta_fg	HD2		1.0
GCA_002335605.1_JCM_1530_v001	Trichosporonales	Trichosporonaceae	Prillingera fragicola	called	96.5	1928959	20	1	PR	idiomorph_gene_only	pheromone_receptor|caax_precursor	unverified	300	pheromone_receptor|pheromone_B44|fungal_mating_type_pheromone	PR	modelled_gene_bar	modelled_gene_bar=300	best cluster carried 1 modelled gene(s), below the 2 required to report a locus; only 1 of its genes could be modelled	HD1|HD2			1.0
GCA_002335625.1_JCM_31833_v001	Trichosporonales	Trichosporonaceae	Cutaneotrichosporon cyanovorans	called	96.0	582111	85	1	PR	idiomorph_gene_only	pheromone_receptor|caax_precursor	unverified	285	bbp2-1|bbp2-5|bbp2_a	Bbeta	modelled_gene_bar	modelled_gene_bar=284;below_fraction_floor=1	best cluster carried 0 modelled gene(s), below the 2 required to report a locus; none of its genes could be modelled	HD2	HD1		1.0
GCA_002897395.1_Vhumicola_1.0	Trichosporonales	Trichosporonaceae	Vanrija humicola	called	96.8	1340400	39	1	bLocus	idiomorph_gene_only	bE|bW	ok	372	bbr2|bbp2-1|bbp2-6	Bbeta	modelled_gene_bar	modelled_gene_bar=372	best cluster carried 1 modelled gene(s), below the 2 required to report a locus; only 1 of its genes could be modelled	HD2|MIP1	HD1		1.0
GCA_002973495.1_ASM297349v1	Trichosporonales	Trichosporonaceae	Apiotrichum akiyoshidainum	uncalled	95.8	53521	1067	1					336	HD1|HD2	HD	modelled_gene_bar	modelled_gene_bar=334;below_fraction_floor=2	best cluster carried 0 modelled gene(s), below the 2 required to report a locus; none of its genes could be modelled	HD2	HD1		1.0
GCA_003116875.1_JCM_12878_assembly_v001	Trichosporonales	Tetragoniomycetaceae	Takashimella koratensis	called	96.4	1454648	29	1	PR	idiomorph_gene_only	pheromone_receptor|caax_precursor	unverified	269	pheromone_receptor|fungal_mating_type_pheromone|caax_precursor	PR	modelled_gene_bar	modelled_gene_bar=263;below_fraction_floor=6	best cluster carried 1 modelled gene(s), below the 2 required to report a locus; only 1 of its genes could be modelled	HD1|HD2			1.0
GCA_003116895.1_JCM_11170_assembly_v001	Trichosporonales	Trichosporonaceae	Cutaneotrichosporon dermatis	called	97.1	2690106	36	1	PR	idiomorph_gene_only	pheromone_receptor|pheromone_B44|caax_precursor	unverified	326	MFalpha|STE3|SXI2	MAT	modelled_gene_bar	modelled_gene_bar=324;below_fraction_floor=2	best cluster carried 0 modelled gene(s), below the 2 required to report a locus; none of its genes could be modelled	MIP1	HD1|HD2		1.0
GCA_003116915.1_JCM_11965_assembly_v001	Trichosporonales	Tetragoniomycetaceae	Takashimella tepidaria	called	96.7	1186041	42	1	PR	idiomorph_gene_only	pheromone_receptor|caax_precursor	unverified	152	MFalpha|STE3|SXI2	MAT	modelled_gene_bar	modelled_gene_bar=152	best cluster carried 0 modelled gene(s), below the 2 required to report a locus; none of its genes could be modelled	bW	bE		1.0
GCA_003116955.1_JCM_9939_assembly_v001	Trichosporonales	Trichosporonaceae	Cutaneotrichosporon mucoides	called	97.6	1668497	72	1	PR	idiomorph_gene_only	pheromone_receptor|caax_precursor	unverified	327	MFalpha|STE3|SXI2	MAT	modelled_gene_bar	modelled_gene_bar=325;below_fraction_floor=2	best cluster carried 0 modelled gene(s), below the 2 required to report a locus; none of its genes could be modelled	HD2	HD1		1.0
GCA_003942215.1_ASM394221v1	Tremellales	Trimorphomycetaceae	Saitozyma podzolica	called	97.0	1066819	46	1	MAT	mat_locus	FAO1|PAN6|STE3	ok	5	FAO1|STE3|SXI2	MAT	modelled_gene_bar	modelled_gene_bar=4;below_fraction_floor=1					
GCA_004011275.1_ASM401127v1	Trichosporonales	Trichosporonaceae	Trichosporon inkin	uncalled		3111	48	0					135	HD1|HD2|MIP1	HD	modelled_gene_bar	modelled_gene_bar=134;below_fraction_floor=1	best cluster carried 1 modelled gene(s), below the 2 required to report a locus; only 1 of its genes could be modelled	HD1|MIP1	HD2		1.0
GCA_004023515.1_ASM402351v1	Trichosporonales	Trichosporonaceae	Trichosporon inkin	uncalled	44.9	3880	3327	0					312	HD1|HD2	HD	modelled_gene_bar	modelled_gene_bar=312	best cluster carried 0 modelled gene(s), below the 2 required to report a locus; none of its genes could be modelled	HD1|HD2			1.0
GCA_004026345.1_ASM402634v1	Trichosporonales	Trichosporonaceae	Trichosporon asahii	uncalled	88.5	32763	1020	1					288	pheromone_receptor|pheromone_B43|fungal_mating_type_pheromone	PR	modelled_gene_bar	modelled_gene_bar=288	best cluster carried 0 modelled gene(s), below the 2 required to report a locus; none of its genes could be modelled	HD2	HD1		1.0
GCA_004117975.1_Trem_mese_ATCC28783_V1	Tremellales	Tremellaceae	Tremella mesenterica	called	96.5	180988	267	1	MAT	mat_locus	PAN6|STE3|RPL39	ok	2	FAO1|PAN6	MAT	modelled_gene_bar	modelled_gene_bar=1;below_fraction_floor=1					
GCA_006149155.1_ASM614915v1	Tremellales	Cryptococcaceae	Cryptococcus wingfieldii	called	95.5	1575190	15	1	MAT	mat_locus	FAO1|PAN6|MFa|STE3|SXI2|RPL39	ok	4	FAO1|PAN6|STE3	MAT	modelled_gene_bar	modelled_gene_bar=3;below_fraction_floor=1					
GCA_006352305.1_ASM635230v1	Tremellales	Cryptococcaceae	Cryptococcus floricola	called	95.6	1629715	16	1	MAT	mat_locus	FAO1|PAN6|MFalpha|STE3|SXI2|RPL39	ok	7	FAO1|PAN6|STE3	MAT	modelled_gene_bar	modelled_gene_bar=6;below_fraction_floor=1					
GCA_006992865.1_ASM699286v1	Tremellales	Cryptococcaceae	Cryptococcus neoformans x Cryptococcus deneoformans	called	95.5	110133	559	1	MAT	mat_locus|partial_locus	FAO1|SXI2|RPL39;FAO1|MFalpha|STE3|SXI1	ok	1	PAN6|RPL39	MAT	below_fraction_floor	below_fraction_floor=1					
GCA_008065275.1_ASM806527v1	Trichosporonales	Trichosporonaceae	Vanrija humicola	called	96.9	1793818	21	1	PR|bLocus	idiomorph_gene_only	pheromone_receptor|caax_precursor;bE|bW	ok|unverified	346	bbr2|bbp2-2|bbp2-6	Bbeta	modelled_gene_bar	modelled_gene_bar=346	best cluster carried 1 modelled gene(s), below the 2 required to report a locus; only 1 of its genes could be modelled	HD1|HD2			1.0
GCA_009650685.1_Cryp_gatt_MF34	Tremellales	Cryptococcaceae	Cryptococcus gattii VGV	called	96.6	1323151	15	1	MAT	mat_locus	FAO1|PAN6|MFalpha|STE3|SXI1|SXI2|RPL39	ok	4	FAO1|SXI2	MAT	modelled_gene_bar	modelled_gene_bar=4					
GCA_009833065.1_ASM983306v1	Trichosporonales	Trichosporonaceae	Trichosporon ovoides	called	98.3	876824	92	1	PR	idiomorph_gene_only	pheromone_receptor|caax_precursor;pheromone_receptor|caax_precursor	unverified	364	mfa1|pra1	aLocus	modelled_gene_bar	modelled_gene_bar=363;below_fraction_floor=1	best cluster carried 1 modelled gene(s), below the 2 required to report a locus; only 1 of its genes could be modelled	HD1|MIP1	HD2		1.0
GCA_010065285.1_BROAD_CneoA_Ftc146-1_1	Tremellales	Cryptococcaceae	Cryptococcus neoformans	called	96.8	1388699	17	1	MAT	mat_locus	FAO1|PAN6|MFalpha|STE3|SXI1|RPL39	ok	3	FAO1|SXI1	MAT	modelled_gene_bar	modelled_gene_bar=3					
GCA_010065295.1_BROAD_CneoA_PMHc1023.Enr_1	Tremellales	Cryptococcaceae	Cryptococcus neoformans	called	97.1	1372583	15	1	MAT	mat_locus	FAO1|PAN6|MFalpha|STE3|SXI1|RPL39	ok	1	PAN6|STE3	MAT	modelled_gene_bar	modelled_gene_bar=1					
GCA_010065305.1_BROAD_CneoA_C45_1	Tremellales	Cryptococcaceae	Cryptococcus neoformans	called	96.6	1333431	16	1	MAT	mat_locus	FAO1|PAN6|MFalpha|STE3|SXI1|RPL39	ok	2	PAN6|STE3	MAT	modelled_gene_bar	modelled_gene_bar=2					
GCA_010065315.1_BROAD_CneoA_Bt88_1	Tremellales	Cryptococcaceae	Cryptococcus neoformans	called	96.9	1389477	16	1	MAT	mat_locus	FAO1|PAN6|MFa|STE3|SXI2|RPL39	ok	1	PAN6|STE3	MAT	modelled_gene_bar	modelled_gene_bar=1					
GCA_010065385.1_BROAD_CneoA_Bt106_1	Tremellales	Cryptococcaceae	Cryptococcus neoformans	called	96.7	1319536	18	1	MAT	mat_locus	FAO1|PAN6|MFalpha|STE3|SXI1|RPL39	ok	1	PAN6|STE3	MAT	modelled_gene_bar	modelled_gene_bar=1					
GCA_010065405.1_BROAD_Cneof_A5-35-17_1	Tremellales	Cryptococcaceae	Cryptococcus neoformans	called	96.8	1161803	16	1	MAT	mat_locus	FAO1|PAN6|MFalpha|STE3|SXI1|RPL39	ok	2	MFalpha|STE3	MAT	modelled_gene_bar	modelled_gene_bar=2					
GCA_010233705.1_ASM1023370v1	Tremellales	Cryptococcaceae	Cryptococcus neoformans	called	96.3	1400166	15	1	MAT	mat_locus	FAO1|PAN6|MFalpha|STE3|SXI1|RPL39	ok	1	PAN6|STE3	MAT	modelled_gene_bar	modelled_gene_bar=1					
GCA_010233735.1_ASM1023373v1	Tremellales	Cryptococcaceae	Cryptococcus neoformans	called	96.6	1418724	15	1	MAT	mat_locus	FAO1|PAN6|MFalpha|STE3|SXI1|RPL39	ok	3	STE3|SXI2	MAT	modelled_gene_bar	modelled_gene_bar=3					
GCA_011057475.1_ASM1105747v1	Tremellales	Cryptococcaceae	Cryptococcus neoformans	called	89.3	1427181	16	1	MAT	mat_locus	FAO1|PAN6|MFa|STE3|SXI2|RPL39	ok	3	PAN6|SXI1|RPL39	MAT	modelled_gene_bar	modelled_gene_bar=3					
GCA_011057515.1_ASM1105751v1	Tremellales	Cryptococcaceae	Cryptococcus neoformans	called	95.3	1427515	16	1	MAT	mat_locus	FAO1|PAN6|MFa|STE3|SXI2|RPL39	ok	1	FAO1|MFa	MAT	modelled_gene_bar	modelled_gene_bar=1					
GCA_011057545.1_ASM1105754v1	Tremellales	Cryptococcaceae	Cryptococcus neoformans	called	96.7	1430697	17	1	MAT	mat_locus	FAO1|PAN6|MFalpha|STE3|SXI1|RPL39	ok	3	STE3|SXI2	MAT	modelled_gene_bar	modelled_gene_bar=3					
GCA_011057555.1_ASM1105755v1	Tremellales	Cryptococcaceae	Cryptococcus neoformans	called	94.7	1391962	20	1	MAT	mat_locus	FAO1|PAN6|MFalpha|STE3|SXI1|RPL39	ok	0									
GCA_011057565.1_ASM1105756v1	Tremellales	Cryptococcaceae	Cryptococcus neoformans	uncalled	74.3	1186291	14	1					4	PAN6|MFa|STE3	MAT	modelled_gene_bar	modelled_gene_bar=4	best cluster carried 0 modelled gene(s), below the 2 required to report a locus; none of its genes could be modelled	STE3|SXI2	FAO1|PAN6	MFa|MFalpha|RPL39	0.75
GCA_011290525.1_ASM1129052v1	Trichosporonales	Trichosporonaceae	Apiotrichum mycotoxinovorans	uncalled	97.6	7427248	6	1					280	pheromone_receptor|fungal_mating_type_pheromone|caax_precursor	PR	modelled_gene_bar	modelled_gene_bar=278;below_fraction_floor=2	best cluster carried 0 modelled gene(s), below the 2 required to report a locus; none of its genes could be modelled	bE	bW		1.0
GCA_012922605.1_ASM1292260v1	Filobasidiales	Filobasidiaceae	Naganishia albida	uncalled	89.7	506783	108	1					294	pheromone_receptor|pheromone_B44|fungal_mating_type_pheromone	PR	modelled_gene_bar	modelled_gene_bar=293;below_fraction_floor=1	best cluster carried 1 modelled gene(s), below the 2 required to report a locus; only 1 of its genes could be modelled	HD1|HD2			1.0
GCA_012922615.1_ASM1292261v1	Tremellales	Rhynchogastremaceae	Papiliotrema laurentii	called	95.0	484400	103	1	MAT	mat_locus	PAN6|MFa|STE3|RPL39	ok	7	STE3|SXI2	MAT	modelled_gene_bar	modelled_gene_bar=6;below_fraction_floor=1					
GCA_012922625.1_ASM1292262v1	Tremellales	Rhynchogastremaceae	Papiliotrema laurentii	called	95.1	389502	129	1	MAT	mat_locus	PAN6|MFa|STE3|RPL39	ok	7	STE3|SXI2	MAT	modelled_gene_bar	modelled_gene_bar=6;below_fraction_floor=1					
GCA_012922635.1_ASM1292263v1	Filobasidiales	Filobasidiaceae	Naganishia albida	uncalled	89.9	506790	114	1					293	pheromone_receptor|pheromone_B44|fungal_mating_type_pheromone	PR	modelled_gene_bar	modelled_gene_bar=292;below_fraction_floor=1	best cluster carried 1 modelled gene(s), below the 2 required to report a locus; only 1 of its genes could be modelled	HD1|HD2			1.0
GCA_012922685.1_ASM1292268v1	Filobasidiales	Filobasidiaceae	Naganishia sp. IF7SW-B1	uncalled	90.0	511828	108	1					293	pheromone_receptor|pheromone_B44|fungal_mating_type_pheromone	PR	modelled_gene_bar	modelled_gene_bar=292;below_fraction_floor=1	best cluster carried 0 modelled gene(s), below the 2 required to report a locus; none of its genes could be modelled	HD2	HD1		1.0
GCA_012922715.1_ASM1292271v1	Filobasidiales	Filobasidiaceae	Naganishia adeliensis	uncalled	90.4	506784	125	1					291	pheromone_receptor|pheromone_B44|fungal_mating_type_pheromone	PR	modelled_gene_bar	modelled_gene_bar=290;below_fraction_floor=1	best cluster carried 0 modelled gene(s), below the 2 required to report a locus; none of its genes could be modelled	HD2	HD1		1.0
GCA_012922885.1_R265_cen10delta_Chr10-7	Tremellales	Cryptococcaceae	Cryptococcus deuterogattii	called	96.4	366837	93	1	MAT	idiomorph_gene_only	MFalpha|STE3	ok	4	FAO1|SXI1|SXI2	MAT	below_fraction_floor	modelled_gene_bar=2;below_fraction_floor=2					
GCA_013177335.1_ASM1317733v1	Trichosporonales	Trichosporonaceae	Apiotrichum mycotoxinovorans	uncalled	97.6	7496769	7	1					278	pheromone_receptor|fungal_mating_type_pheromone|caax_precursor	PR	modelled_gene_bar	modelled_gene_bar=277;below_fraction_floor=1	best cluster carried 0 modelled gene(s), below the 2 required to report a locus; none of its genes could be modelled	pra1	rba1	mfa1	1.0
GCA_013423385.1_N_liquefaciens_N6_1.0	Filobasidiales	Filobasidiaceae	Naganishia liquefaciens	called	90.7	1033977	34	1	PR	idiomorph_gene_only	pheromone_receptor|caax_precursor	unverified	286	bbp2-5|bbp2-6|bbp2-8	Bbeta	modelled_gene_bar	modelled_gene_bar=286	best cluster carried 0 modelled gene(s), below the 2 required to report a locus; none of its genes could be modelled	HD2	HD1		1.0
GCA_013461525.1_ASM1346152v1	Filobasidiales	Filobasidiaceae	Naganishia randhawae	uncalled	91.1	191697	328	1					285	HD1|HD2	HD	modelled_gene_bar	modelled_gene_bar=283;below_fraction_floor=2	best cluster carried 0 modelled gene(s), below the 2 required to report a locus; none of its genes could be modelled	HD1|HD2			1.0
GCA_014706385.1_UChile_Xden_v1	Cystofilobasidiales	Mrakiaceae	Phaffia rhodozyma	called	90.8	1858312	22	1	PR	idiomorph_gene_only	pheromone_receptor|caax_precursor	unverified	165	mfa1|pra1	aLocus	modelled_gene_bar	modelled_gene_bar=164;below_fraction_floor=1	best cluster carried 0 modelled gene(s), below the 2 required to report a locus; none of its genes could be modelled	HD1	HD2		1.0
GCA_014825535.1_ASM1482553v1	Cystofilobasidiales	Cystofilobasidiaceae	Cystofilobasidium bisporidii	uncalled	85.7	131419	336	1					344	bbp2-1|bbp2-2|bbp2-6|bbp2-8	Bbeta	modelled_gene_bar	modelled_gene_bar=344	best cluster carried 1 modelled gene(s), below the 2 required to report a locus; only 1 of its genes could be modelled	HD1|MIP1	HD2		1.0
GCA_014825545.1_ASM1482554v1	Cystofilobasidiales	Cystofilobasidiaceae	Cystofilobasidium capitatum	uncalled	88.0	215774	270	1					320	HD1|HD2|MIP1	HD	modelled_gene_bar	modelled_gene_bar=320	best cluster carried 0 modelled gene(s), below the 2 required to report a locus; none of its genes could be modelled	HD2|MIP1	HD1		1.0
GCA_014825555.1_ASM1482555v1	Cystofilobasidiales	Cystofilobasidiaceae	Cystofilobasidium bisporidii	uncalled	86.7	130349	352	1					343	bbp2-1|bbp2-2|bbp2-6|bbp2-8	Bbeta	modelled_gene_bar	modelled_gene_bar=343	best cluster carried 1 modelled gene(s), below the 2 required to report a locus; only 1 of its genes could be modelled	HD1|MIP1	HD2		1.0
GCA_014825565.1_ASM1482556v1	Cystofilobasidiales	Mrakiaceae	Phaffia tasmanica	called	88.4	64565	574	1	PR	idiomorph_gene_only	pheromone_receptor|caax_precursor	unverified	189	bE|bW	bLocus	modelled_gene_bar	modelled_gene_bar=189	best cluster carried 0 modelled gene(s), below the 2 required to report a locus; none of its genes could be modelled	bE	bW		1.0
GCA_014825575.1_ASM1482557v1	Cystofilobasidiales	Mrakiaceae	Phaffia australis	uncalled	89.1	74692	457	1					191	MFalpha|MFa|STE3	MAT	modelled_gene_bar	modelled_gene_bar=191	best cluster carried 1 modelled gene(s), below the 2 required to report a locus; only 1 of its genes could be modelled	HD1|MIP1	HD2		1.0
GCA_014825675.1_ASM1482567v1	Cystofilobasidiales	Cystofilobasidiaceae	Cystofilobasidium ferigula	uncalled	86.5	69443	525	1					304	HD1|HD2	HD	modelled_gene_bar	modelled_gene_bar=304	best cluster carried 0 modelled gene(s), below the 2 required to report a locus; none of its genes could be modelled	HD1|HD2			1.0
GCA_014825745.1_ASM1482574v1	Cystofilobasidiales	Cystofilobasidiaceae	Cystofilobasidium macerans	uncalled	88.0	147382	319	1					311	pheromone_receptor|fungal_mating_type_pheromone|caax_precursor	PR	modelled_gene_bar	modelled_gene_bar=311	best cluster carried 0 modelled gene(s), below the 2 required to report a locus; none of its genes could be modelled	HD2	HD1		1.0
GCA_014825765.1_ASM1482576v1	Cystofilobasidiales	Cystofilobasidiaceae	Cystofilobasidium macerans	uncalled	87.3	144631	321	1					276	MFalpha|MFa|STE3	MAT	modelled_gene_bar	modelled_gene_bar=276	best cluster carried 0 modelled gene(s), below the 2 required to report a locus; none of its genes could be modelled	HD2|MIP1	HD1		1.0
GCA_014825775.1_ASM1482577v1	Cystofilobasidiales	Mrakiaceae	Krasilnikovozyma curviuscula	uncalled	89.8	79420	503	1					231	HD1|HD2|MIP1	HD	modelled_gene_bar	modelled_gene_bar=230;below_fraction_floor=1	best cluster carried 0 modelled gene(s), below the 2 required to report a locus; none of its genes could be modelled	HD2	HD1		1.0
GCA_014825955.1_ASM1482595v1	Cystofilobasidiales	Cystofilobasidiaceae	Cystofilobasidium ferigula	uncalled	37.4	5250	2720	0					293	bE|bW	bLocus	modelled_gene_bar	modelled_gene_bar=293	best cluster carried 1 modelled gene(s), below the 2 required to report a locus; only 1 of its genes could be modelled	HD1|HD2			1.0
GCA_014964225.1_Cryp_deca_WM1802	Tremellales	Cryptococcaceae	Cryptococcus gattii	called	96.3	255475	156	1	MAT	idiomorph_gene_only	STE3|SXI2|RPL39	ok	0									
GCA_015708705.1_Nagvi1	Filobasidiales	Filobasidiaceae	Naganishia vishniacii	called	91.0	1080776	38	1	PR	idiomorph_gene_only	pheromone_receptor|caax_precursor	unverified	294	pheromone_receptor|pheromone_B43|fungal_mating_type_pheromone|caax_precursor	PR	modelled_gene_bar	modelled_gene_bar=293;below_fraction_floor=1	best cluster carried 1 modelled gene(s), below the 2 required to report a locus; only 1 of its genes could be modelled	HD1|beta_fg	HD2		1.0
GCA_017654735.1_ASM1765473v1	Tremellales	Bulleribasidiaceae	Vishniacozyma victoriae	uncalled	60.8	1245840	24	0					2	MFa|STE3	MAT	modelled_gene_bar	modelled_gene_bar=2	best cluster carried 0 modelled gene(s), below the 2 required to report a locus; none of its genes could be modelled	MFa|STE3	FAO1|PAN6	MFa|MFalpha|RPL39	0.5
GCA_017654745.1_ASM1765474v1	Cystofilobasidiales	Mrakiaceae	Mrakia gelida	called	66.5	171773	268	0	MAT|PR	idiomorph_gene_only	MFalpha|MFa|STE3;pheromone_receptor|fungal_mating_type_pheromone|caax_precursor	ok|unverified	250	pheromone_receptor|fungal_mating_type_pheromone	PR	modelled_gene_bar	modelled_gene_bar=250	best cluster carried 1 modelled gene(s), below the 2 required to report a locus; only 1 of its genes could be modelled	HD1|HD2			1.0
GCA_017654825.1_ASM1765482v1	Tremellales	Cryptococcaceae	Cryptococcus sp. T15_22C	uncalled	78.1	314129	97	1					7	STE3|SXI2	MAT	modelled_gene_bar	modelled_gene_bar=6;below_fraction_floor=1	best cluster carried 1 modelled gene(s), below the 2 required to report a locus; only 1 of its genes could be modelled	MFalpha|STE3	FAO1|PAN6	MFa|MFalpha|RPL39	0.6666666666666666
GCA_019201745.1_ASM1920174v1	Filobasidiales	Filobasidiaceae	Filobasidium floriforme	uncalled	91.7	120307	544	1					277	HD2|MIP1	HD	modelled_gene_bar	modelled_gene_bar=275;below_fraction_floor=2	best cluster carried 0 modelled gene(s), below the 2 required to report a locus; none of its genes could be modelled	HD2	HD1		1.0
GCA_019201825.1_ASM1920182v1	Cystofilobasidiales	Mrakiaceae	Phaffia rhodozyma	called	90.8	456748	131	1	PR	idiomorph_gene_only	pheromone_receptor|caax_precursor	unverified	170	HD1|MIP1	HD	modelled_gene_bar	modelled_gene_bar=168;below_fraction_floor=2	best cluster carried 0 modelled gene(s), below the 2 required to report a locus; none of its genes could be modelled	HD1|MIP1	HD2		1.0
GCA_019775365.1_ASM1977536v1	Filobasidiales	Filobasidiaceae	Naganishia liquefaciens	uncalled	90.3	471027	134	1					295	pheromone_receptor|pheromone_B44|fungal_mating_type_pheromone	PR	modelled_gene_bar	modelled_gene_bar=294;below_fraction_floor=1	best cluster carried 1 modelled gene(s), below the 2 required to report a locus; only 1 of its genes could be modelled	HD1|HD2			1.0
GCA_019857685.1_ASM1985768v1	Tremellales	Rhynchogastremaceae	Papiliotrema terrestris	uncalled	92.9	26005	1261	1					4	FAO1|PAN6	MAT	modelled_gene_bar	modelled_gene_bar=3;below_fraction_floor=1	best cluster carried 1 modelled gene(s), below the 2 required to report a locus; only 1 of its genes could be modelled	STE3|RPL39	FAO1|PAN6	MFa|MFalpha|RPL39	0.6666666666666666
GCA_019969275.1_PUJ.INS_Cneo_3746	Tremellales	Cryptococcaceae	Cryptococcus neoformans	called	97.1	629649	95	1	MAT	mat_locus	FAO1|STE3|SXI1	ok	3	STE3|SXI2	MAT	modelled_gene_bar	modelled_gene_bar=2;below_fraction_floor=1					
GCA_019969285.1_PUJ.INS_Cneo_3463	Tremellales	Cryptococcaceae	Cryptococcus neoformans	called	96.7	345119	120	1	MAT	mat_locus	FAO1|STE3|SXI1	ok	2	PAN6|STE3	MAT	modelled_gene_bar	modelled_gene_bar=1;below_fraction_floor=1					
GCA_019969295.1_PUJ.INS_Cneo_3589	Tremellales	Cryptococcaceae	Cryptococcus neoformans	called	97.3	207909	174	1	MAT	mat_locus	FAO1|STE3|SXI1	ok	3	PAN6|STE3	MAT	modelled_gene_bar	modelled_gene_bar=2;below_fraction_floor=1					
GCA_019970125.1_PUJ.INS_Cneo_2950	Tremellales	Cryptococcaceae	Cryptococcus neoformans	called	97.0	370315	127	1	MAT	mat_locus	FAO1|PAN6|MFalpha|STE3|SXI1|RPL39	ok	2	STE3|SXI2	MAT	modelled_gene_bar	modelled_gene_bar=2					
GCA_019970135.1_PUJ.INS_Cneo_3102	Tremellales	Cryptococcaceae	Cryptococcus neoformans	called	97.0	424872	139	1	MAT	partial_locus	FAO1|SXI1	ok	2	PAN6|STE3	MAT	modelled_gene_bar	modelled_gene_bar=1;below_fraction_floor=1					
GCA_019970145.1_PUJ.INS_Cneo_3104	Tremellales	Cryptococcaceae	Cryptococcus neoformans	called	96.8	359730	132	1	MAT	mat_locus	FAO1|STE3|SXI1	ok	2	PAN6|STE3	MAT	modelled_gene_bar	modelled_gene_bar=1;below_fraction_floor=1					
GCA_019970155.1_PUJ.INS_Cneo_3279	Tremellales	Cryptococcaceae	Cryptococcus neoformans	called	97.0	430774	121	1	MAT	mat_locus	FAO1|STE3|SXI1	ok	3	STE3|SXI2	MAT	modelled_gene_bar	modelled_gene_bar=2;below_fraction_floor=1					
GCA_019970185.1_PUJ.INS_Cneo_3097	Tremellales	Cryptococcaceae	Cryptococcus neoformans	called	97.0	440153	142	1	MAT	partial_locus	FAO1|SXI1	ok	2	PAN6|STE3	MAT	modelled_gene_bar	modelled_gene_bar=1;below_fraction_floor=1					
GCA_019970275.1_PUJ.INS_Cneo_2807	Tremellales	Cryptococcaceae	Cryptococcus neoformans	called	96.8	604882	68	1	MAT	mat_locus	FAO1|STE3|SXI1	ok	3	STE3|SXI2	MAT	modelled_gene_bar	modelled_gene_bar=2;below_fraction_floor=1					
GCA_019970285.1_PUJ.INS_Cneo_2926	Tremellales	Cryptococcaceae	Cryptococcus neoformans	called	97.0	368245	141	1	MAT	mat_locus	FAO1|STE3|SXI1	ok	2	PAN6|STE3	MAT	modelled_gene_bar	modelled_gene_bar=1;below_fraction_floor=1					
GCA_019970295.1_PUJ.INS_Cneo_2881	Tremellales	Cryptococcaceae	Cryptococcus neoformans	called	96.9	438579	130	1	MAT	mat_locus	FAO1|STE3|SXI1	ok	2	PAN6|STE3	MAT	modelled_gene_bar	modelled_gene_bar=1;below_fraction_floor=1					
GCA_019970315.1_PUJ.INS_Cneo_2808	Tremellales	Cryptococcaceae	Cryptococcus neoformans	called	97.0	374851	119	1	MAT	mat_locus	FAO1|PAN6|MFalpha|STE3|SXI1|RPL39	ok	2	STE3|SXI2	MAT	modelled_gene_bar	modelled_gene_bar=2					
GCA_019970345.1_PUJ.INS_Cneo_2806	Tremellales	Cryptococcaceae	Cryptococcus neoformans	called	96.9	410643	117	1	MAT	mat_locus	FAO1|PAN6|MFalpha|STE3|SXI1|RPL39	ok	2	STE3|SXI2	MAT	modelled_gene_bar	modelled_gene_bar=2					
GCA_019970415.1_PUJ.INS_Cneo_2779	Tremellales	Cryptococcaceae	Cryptococcus neoformans	called	97.0	442867	117	1	MAT	mat_locus	FAO1|PAN6|MFalpha|STE3|SXI1|RPL39	ok	2	STE3|SXI2	MAT	modelled_gene_bar	modelled_gene_bar=2					
GCA_019970445.1_PUJ.INS_Cneo_2746	Tremellales	Cryptococcaceae	Cryptococcus neoformans	called	97.0	332160	151	1	MAT	mat_locus	FAO1|PAN6|MFalpha|SXI1|RPL39	ok	1	PAN6|STE3	MAT	modelled_gene_bar	modelled_gene_bar=1					
GCA_019970455.1_PUJ.INS_Cneo_2725	Tremellales	Cryptococcaceae	Cryptococcus neoformans	called	97.0	370319	123	1	MAT	mat_locus	FAO1|MFalpha|STE3|SXI1	ok	3	STE3|SXI2	MAT	modelled_gene_bar	modelled_gene_bar=2;below_fraction_floor=1					
GCA_019970465.1_PUJ.INS_Cneo_2713	Tremellales	Cryptococcaceae	Cryptococcus neoformans	called	97.0	368122	140	1	MAT	mat_locus	FAO1|PAN6|MFalpha|STE3|SXI1|RPL39	ok	1	PAN6|STE3	MAT	modelled_gene_bar	modelled_gene_bar=1					
GCA_019970475.1_PUJ.INS_Cneo_2720	Tremellales	Cryptococcaceae	Cryptococcus neoformans	called	97.0	565912	95	1	MAT	mat_locus	FAO1|STE3|SXI1	ok	4	STE3|SXI2	MAT	modelled_gene_bar	modelled_gene_bar=3;below_fraction_floor=1					
GCA_019970565.1_PUJ.INS_Cneo_2677	Tremellales	Cryptococcaceae	Cryptococcus neoformans	called	96.9	368119	143	1	MAT	mat_locus	FAO1|STE3|SXI1	ok	2	PAN6|STE3	MAT	modelled_gene_bar	modelled_gene_bar=1;below_fraction_floor=1					
GCA_019970585.1_PUJ.INS_Cneo_2642	Tremellales	Cryptococcaceae	Cryptococcus neoformans	called	97.0	429061	136	1	MAT	mat_locus|partial_locus	PAN6|MFalpha|RPL39;FAO1|STE3|SXI1	ok	1	PAN6|STE3	MAT	modelled_gene_bar	modelled_gene_bar=1					
GCA_019970605.1_PUJ.INS_Cneo_2643	Tremellales	Cryptococcaceae	Cryptococcus neoformans	called	97.0	375049	126	1	MAT	mat_locus	FAO1|STE3|SXI1	ok	3	STE3|SXI2	MAT	modelled_gene_bar	modelled_gene_bar=2;below_fraction_floor=1					
GCA_019970615.1_PUJ.INS_Cneo_2672	Tremellales	Cryptococcaceae	Cryptococcus neoformans	called	97.1	649884	98	1	MAT	mat_locus	FAO1|PAN6|MFalpha|STE3|SXI1|RPL39	ok	2	STE3|SXI2	MAT	modelled_gene_bar	modelled_gene_bar=2					
GCA_019970625.1_PUJ.INS_Cneo_2641	Tremellales	Cryptococcaceae	Cryptococcus neoformans	called	97.0	676139	87	1	MAT	mat_locus	FAO1|PAN6|MFalpha|STE3|SXI1|RPL39	ok	2	STE3|SXI2	MAT	modelled_gene_bar	modelled_gene_bar=2					
GCA_019970715.1_PUJ.INS_Cneo_2619	Tremellales	Cryptococcaceae	Cryptococcus neoformans	called	96.9	430320	139	1	MAT	mat_locus	FAO1|PAN6|MFalpha|STE3|SXI1|RPL39	ok	1	PAN6|STE3	MAT	modelled_gene_bar	modelled_gene_bar=1					
GCA_019970725.1_PUJ.INS_Cneo_2503	Tremellales	Cryptococcaceae	Cryptococcus neoformans	called	97.1	466420	102	1	MAT	mat_locus	FAO1|PAN6|MFalpha|STE3|SXI1|RPL39	ok	2	STE3|SXI2	MAT	modelled_gene_bar	modelled_gene_bar=2					
GCA_019970755.1_PUJ.INS_Cneo_2527	Tremellales	Cryptococcaceae	Cryptococcus neoformans	called	97.0	440309	126	1	MAT	mat_locus	FAO1|PAN6|MFalpha|STE3|SXI1|RPL39	ok	2	STE3|SXI2	MAT	modelled_gene_bar	modelled_gene_bar=2					
GCA_019970785.1_PUJ.INS_Cneo_2583	Tremellales	Cryptococcaceae	Cryptococcus neoformans	called	96.7	523019	119	1	MAT	mat_locus|partial_locus	PAN6|MFalpha|STE3|RPL39;FAO1|SXI1	ok	1	PAN6|STE3	MAT	modelled_gene_bar	modelled_gene_bar=1					
GCA_019970795.1_PUJ.INS_Cneo_2257	Tremellales	Cryptococcaceae	Cryptococcus neoformans	called	96.9	354681	100	1	MAT	mat_locus	FAO1|PAN6|MFalpha|SXI1|RPL39	ok	2	STE3|SXI2	MAT	modelled_gene_bar	modelled_gene_bar=2					
GCA_019970885.1_PUJ.INS_Cneo_1959	Tremellales	Cryptococcaceae	Cryptococcus neoformans	called	96.9	385668	124	1	MAT	mat_locus|partial_locus	PAN6|MFalpha|RPL39;FAO1|STE3|SXI1	ok	1	PAN6|STE3	MAT	modelled_gene_bar	modelled_gene_bar=1					
GCA_020011015.1_ASM2001101v1	Trichosporonales	Trichosporonaceae	Cutaneotrichosporon dermatis	uncalled	97.3	2902125	37	1					327	pheromone_receptor|fungal_mating_type_pheromone|caax_precursor	PR	modelled_gene_bar	modelled_gene_bar=327	best cluster carried 0 modelled gene(s), below the 2 required to report a locus; none of its genes could be modelled	HD2	HD1		1.0
GCA_020080345.1_ASM2008034v1	Trichosporonales	Trichosporonaceae	Cutaneotrichosporon curvatum	called	95.8	387355	107	1	PR	idiomorph_gene_only	pheromone_receptor|fungal_mating_type_pheromone|caax_precursor	unverified	288	bbp2-2|bbp2_a|bbp2_b	Bbeta	modelled_gene_bar	modelled_gene_bar=287;below_fraction_floor=1	best cluster carried 0 modelled gene(s), below the 2 required to report a locus; none of its genes could be modelled	HD2	HD1		1.0
GCA_020087025.1_ASM2008702v1	Cystofilobasidiales	Mrakiaceae	Mrakiaceae sp. VS III B KN 2	uncalled	90.7	130057	345	1					268	bbp2-5|bbp2-6|bbp2_b	Bbeta	modelled_gene_bar	modelled_gene_bar=268	best cluster carried 0 modelled gene(s), below the 2 required to report a locus; none of its genes could be modelled	HD2	HD1		1.0
GCA_020975435.1_ASM2097543v1	Tremellales	Cryptococcaceae	Cryptococcus neoformans	called	96.6	1421022	14	1	MAT	mat_locus	FAO1|PAN6|MFalpha|STE3|SXI1|RPL39	ok	3	STE3|SXI2	MAT	modelled_gene_bar	modelled_gene_bar=3					
GCA_020975485.1_ASM2097548v1	Tremellales	Cryptococcaceae	Cryptococcus neoformans	called	96.7	1419696	14	1	MAT	mat_locus	FAO1|PAN6|MFalpha|STE3|SXI1|RPL39	ok	1	PAN6|STE3	MAT	modelled_gene_bar	modelled_gene_bar=1					
GCA_020975525.1_ASM2097552v1	Tremellales	Cryptococcaceae	Cryptococcus neoformans	called	84.5	1417398	14	1	MAT	mat_locus	FAO1|PAN6|MFalpha|STE3|SXI1|RPL39;FAO1|PAN6|MFalpha|STE3|SXI1|RPL39	ok	1	MFalpha|STE3|RPL39	MAT	modelled_gene_bar	modelled_gene_bar=1					
GCA_020975545.1_ASM2097554v1	Tremellales	Cryptococcaceae	Cryptococcus neoformans	called	96.8	1422212	14	1	MAT	mat_locus	FAO1|PAN6|MFalpha|STE3|SXI1|RPL39	ok	3	STE3|SXI2	MAT	modelled_gene_bar	modelled_gene_bar=3					
GCA_020975565.1_ASM2097556v1	Tremellales	Cryptococcaceae	Cryptococcus neoformans	called	96.8	1422235	14	1	MAT	mat_locus	FAO1|PAN6|MFalpha|STE3|SXI1|RPL39	ok	3	STE3|SXI2	MAT	modelled_gene_bar	modelled_gene_bar=3					
GCA_020975585.1_ASM2097558v1	Tremellales	Cryptococcaceae	Cryptococcus neoformans	called	96.9	1422266	14	1	MAT	mat_locus	FAO1|PAN6|MFalpha|STE3|SXI1|RPL39	ok	3	STE3|SXI2	MAT	modelled_gene_bar	modelled_gene_bar=3					
GCA_020975605.1_ASM2097560v1	Tremellales	Cryptococcaceae	Cryptococcus neoformans	called	96.9	1422257	14	1	MAT	mat_locus	FAO1|PAN6|MFalpha|STE3|SXI1|RPL39	ok	3	STE3|SXI2	MAT	modelled_gene_bar	modelled_gene_bar=3					
GCA_020975615.1_ASM2097561v1	Tremellales	Cryptococcaceae	Cryptococcus neoformans	called	96.9	1422255	14	1	MAT	mat_locus	FAO1|PAN6|MFalpha|STE3|SXI1|RPL39	ok	3	STE3|SXI2	MAT	modelled_gene_bar	modelled_gene_bar=3					
GCA_020975645.1_ASM2097564v1	Tremellales	Cryptococcaceae	Cryptococcus neoformans	called	97.0	1422229	14	1	MAT	mat_locus	FAO1|PAN6|MFalpha|STE3|SXI1|RPL39	ok	3	STE3|SXI2	MAT	modelled_gene_bar	modelled_gene_bar=3					
GCA_020975665.1_ASM2097566v1	Tremellales	Cryptococcaceae	Cryptococcus neoformans	called	96.9	1422219	14	1	MAT	mat_locus	FAO1|PAN6|MFalpha|STE3|SXI1|RPL39	ok	3	STE3|SXI2	MAT	modelled_gene_bar	modelled_gene_bar=3					
GCA_020975675.1_ASM2097567v1	Tremellales	Cryptococcaceae	Cryptococcus neoformans	called	97.0	1422246	14	1	MAT	mat_locus	FAO1|PAN6|MFalpha|STE3|SXI1|RPL39	ok	3	STE3|SXI2	MAT	modelled_gene_bar	modelled_gene_bar=3					
GCA_020975705.1_ASM2097570v1	Tremellales	Cryptococcaceae	Cryptococcus neoformans	called	89.9	1422254	14	1	MAT	mat_locus	FAO1|PAN6|MFalpha|STE3|SXI1|RPL39	ok	3	STE3|SXI2	MAT	modelled_gene_bar	modelled_gene_bar=3					
GCA_021527695.1_ASM2152769v1	Tremellales	Naemateliaceae	Naematelia aurantialba	called	96.2	1814705	15	1	MAT	mat_locus	FAO1|PAN6|STE3|RPL39	ok	4	FAO1|SXI2	MAT	modelled_gene_bar	modelled_gene_bar=3;below_fraction_floor=1					
GCA_022059005.1_ASM2205900v1	Cystofilobasidiales	Mrakiaceae	Phaffia rhodozyma	called	74.9	489862	93	1	PR|bLocus	idiomorph_gene_only	pheromone_receptor|fungal_mating_type_pheromone|caax_precursor;bE|bW	ok|unverified	205	PAN6|SXI2	MAT	modelled_gene_bar	modelled_gene_bar=204;below_fraction_floor=1	best cluster carried 0 modelled gene(s), below the 2 required to report a locus; none of its genes could be modelled	HD1	HD2		1.0
GCA_022813505.1_ASM2281350v1	Tremellales		Tremellales sp. FJII-L8-SW-PAB2	called	96.4	674625	47	1	MAT	mat_locus	PAN6|STE3|RPL39	ok	5	FAO1|MFalpha|MFa|STE3	MAT	modelled_gene_bar	modelled_gene_bar=5					
GCA_022813745.1_ASM2281374v1	Filobasidiales	Filobasidiaceae	Naganishia kalamii	called	90.5	192720	414	1	bLocus	idiomorph_gene_only	bE|bW	ok	324	pheromone_receptor|pheromone_B43	PR	modelled_gene_bar	modelled_gene_bar=323;below_fraction_floor=1	best cluster carried 0 modelled gene(s), below the 2 required to report a locus; none of its genes could be modelled	HD2	HD1		1.0
GCA_022832995.1_ASM2283299v1	Tremellales	Cryptococcaceae	Cryptococcus neoformans	called	97.1	1423448	14	1	MAT	mat_locus	FAO1|PAN6|MFalpha|STE3|SXI1|RPL39	ok	1	PAN6|STE3	MAT	modelled_gene_bar	modelled_gene_bar=1					
GCA_023523875.1_ASM2352387v1	Tremellales	Cryptococcaceae	Cryptococcus deneoformans	called	96.2	1421020	14	1	MAT	mat_locus	FAO1|PAN6|MFalpha|STE3|SXI1|RPL39	ok	2	STE3|SXI1	MAT	modelled_gene_bar	modelled_gene_bar=2					
GCA_023566135.1_ASM2356613v1	Cystofilobasidiales	Mrakiaceae	Phaffia rhodozyma	called	90.7	386837	150	1	PR	idiomorph_gene_only	pheromone_receptor|caax_precursor	unverified	171	HD1|MIP1	HD	modelled_gene_bar	modelled_gene_bar=169;below_fraction_floor=2	best cluster carried 0 modelled gene(s), below the 2 required to report a locus; none of its genes could be modelled	HD2	HD1		1.0
GCA_023627855.1_ASM2362785v1	Trichosporonales	Trichosporonaceae	Trichosporon ovoides	called	98.2	888264	89	1	PR	idiomorph_gene_only	pheromone_receptor|caax_precursor;pheromone_receptor|caax_precursor	unverified	367	pheromone_receptor|fungal_mating_type_pheromone	PR	modelled_gene_bar	modelled_gene_bar=366;below_fraction_floor=1	best cluster carried 1 modelled gene(s), below the 2 required to report a locus; only 1 of its genes could be modelled	HD1|MIP1	HD2		1.0
GCA_023627935.1_ASM2362793v1	Trichosporonales	Trichosporonaceae	Pascua sp. PK3308B-1	uncalled	97.0	512689	141	1					336	MFa|SXI1|RPL39	MAT	modelled_gene_bar	modelled_gene_bar=334;below_fraction_floor=2	best cluster carried 1 modelled gene(s), below the 2 required to report a locus; only 1 of its genes could be modelled	HD1|HD2			1.0
GCA_023627955.1_ASM2362795v1	Trichosporonales	Trichosporonaceae	Pascua sp. PH3313A	uncalled	97.2	536146	134	1					337	MFa|SXI1|RPL39	MAT	modelled_gene_bar	modelled_gene_bar=335;below_fraction_floor=2	best cluster carried 1 modelled gene(s), below the 2 required to report a locus; only 1 of its genes could be modelled	HD1|HD2			1.0
GCA_023627975.1_ASM2362797v1	Trichosporonales	Trichosporonaceae	Cutaneotrichosporon sp. PA3318	uncalled	96.6	2033145	17	1					367	FAO1|MFa|STE3|RPL39	MAT	modelled_gene_bar	modelled_gene_bar=367	best cluster carried 1 modelled gene(s), below the 2 required to report a locus; only 1 of its genes could be modelled	HD2|MIP1	HD1		1.0
GCA_023627985.1_ASM2362798v1	Trichosporonales	Trichosporonaceae	Cutaneotrichosporon sp. PT3311B	uncalled	96.8	2124145	18	1					367	FAO1|MFa|STE3|RPL39	MAT	modelled_gene_bar	modelled_gene_bar=367	best cluster carried 1 modelled gene(s), below the 2 required to report a locus; only 1 of its genes could be modelled	HD2|MIP1	HD1		1.0
GCA_023628015.1_ASM2362801v1	Trichosporonales	Trichosporonaceae	Pascua sp. PH3615	uncalled	96.7	466451	158	1					337	MFa|SXI1|RPL39	MAT	modelled_gene_bar	modelled_gene_bar=335;below_fraction_floor=2	best cluster carried 1 modelled gene(s), below the 2 required to report a locus; only 1 of its genes could be modelled	HD1|HD2			1.0
GCA_023628035.1_ASM2362803v1	Trichosporonales	Trichosporonaceae	Cutaneotrichosporon dermatis	uncalled	97.0	2572267	24	1					302	bbp2-5|bbp2-6|bbp2_a	Bbeta	modelled_gene_bar	modelled_gene_bar=301;below_fraction_floor=1	best cluster carried 0 modelled gene(s), below the 2 required to report a locus; none of its genes could be modelled	HD2	HD1		1.0
GCA_023628055.1_ASM2362805v1	Filobasidiales	Filobasidiaceae	Naganishia sp. PT2105A	uncalled	87.9	164009	185	1					283	HD1|HD2	HD	modelled_gene_bar	modelled_gene_bar=283	best cluster carried 0 modelled gene(s), below the 2 required to report a locus; none of its genes could be modelled	HD1|HD2			1.0
GCA_023628075.1_ASM2362807v1	Filobasidiales	Filobasidiaceae	Naganishia sp. PG3902-1	uncalled	91.4	663593	74	1					296	HD1|HD2|MIP1	HD	modelled_gene_bar	modelled_gene_bar=296	best cluster carried 0 modelled gene(s), below the 2 required to report a locus; none of its genes could be modelled	HD2	HD1		1.0
GCA_023628095.1_ASM2362809v1	Trichosporonales	Trichosporonaceae	Apiotrichum brassicae	called	96.6	537465	77	1	PR	idiomorph_gene_only	pheromone_receptor|caax_precursor	unverified	303	mfa1|pra1|rba1	aLocus	modelled_gene_bar	modelled_gene_bar=302;below_fraction_floor=1	best cluster carried 1 modelled gene(s), below the 2 required to report a locus; only 1 of its genes could be modelled	HD2|MIP1	HD1		1.0
GCA_023628115.1_ASM2362811v1	Filobasidiales	Filobasidiaceae	Naganishia sp. PT2105A-2	uncalled	88.7	190850	193	1					329	pheromone_receptor|pheromone_B43|fungal_mating_type_pheromone	PR	modelled_gene_bar	modelled_gene_bar=329	best cluster carried 1 modelled gene(s), below the 2 required to report a locus; only 1 of its genes could be modelled	HD2|beta_fg	HD1		1.0
GCA_023628135.1_ASM2362813v1	Trichosporonales	Trichosporonaceae	Cutaneotrichosporon cutaneum	called	96.7	372684	128	1	PR	idiomorph_gene_only	pheromone_receptor|fungal_mating_type_pheromone|caax_precursor	unverified	321	bbr2|bbp2-1|bbp2-5|bbp2-6	Bbeta	modelled_gene_bar	modelled_gene_bar=320;below_fraction_floor=1	best cluster carried 0 modelled gene(s), below the 2 required to report a locus; none of its genes could be modelled	HD2	HD1		1.0
GCA_023628155.1_ASM2362815v1	Filobasidiales	Filobasidiaceae	Naganishia albida	called	90.4	632334	98	1	bLocus	idiomorph_gene_only	bE|bW	ok	307	bE|bW	bLocus	modelled_gene_bar	modelled_gene_bar=307	best cluster carried 1 modelled gene(s), below the 2 required to report a locus; only 1 of its genes could be modelled	HD2|beta_fg	HD1		1.0
GCA_023628175.1_ASM2362817v1	Filobasidiales	Filobasidiaceae	Naganishia albida	called	90.5	687418	124	1	bLocus	idiomorph_gene_only	bE|bW	ok	291	pheromone_receptor|pheromone_B44|fungal_mating_type_pheromone	PR	modelled_gene_bar	modelled_gene_bar=291	best cluster carried 1 modelled gene(s), below the 2 required to report a locus; only 1 of its genes could be modelled	HD2|beta_fg	HD1		1.0
GCA_023629975.1_ASM2362997v1	Trichosporonales	Trichosporonaceae	Cutaneotrichosporon sp. PL3408A	uncalled	97.4	2188545	20	1					306	pheromone_receptor|pheromone_B43|fungal_mating_type_pheromone	PR	modelled_gene_bar	modelled_gene_bar=306	best cluster carried 0 modelled gene(s), below the 2 required to report a locus; none of its genes could be modelled	HD1	HD2		1.0
GCA_023629995.1_ASM2362999v1	Trichosporonales	Trichosporonaceae	Cutaneotrichosporon sp. PDH3307A	uncalled	97.3	2572183	22	1					306	pheromone_receptor|pheromone_B43|fungal_mating_type_pheromone	PR	modelled_gene_bar	modelled_gene_bar=306	best cluster carried 1 modelled gene(s), below the 2 required to report a locus; only 1 of its genes could be modelled	HD1|HD2|MIP1			1.0
GCA_023630015.1_ASM2363001v1	Trichosporonales	Trichosporonaceae	Trichosporon asahii	uncalled	96.3	911190	77	1					312	HD1|HD2|beta_fg	HD	modelled_gene_bar	modelled_gene_bar=312	best cluster carried 1 modelled gene(s), below the 2 required to report a locus; only 1 of its genes could be modelled	HD1|HD2|beta_fg			1.0
GCA_023630035.1_ASM2363003v1	Trichosporonales	Trichosporonaceae	Trichosporon asahii	uncalled	96.2	866838	80	1					313	HD1|HD2|beta_fg	HD	modelled_gene_bar	modelled_gene_bar=313	best cluster carried 1 modelled gene(s), below the 2 required to report a locus; only 1 of its genes could be modelled	HD1|HD2|beta_fg			1.0
GCA_023630055.1_ASM2363005v1	Trichosporonales	Trichosporonaceae	Trichosporon sp. PB005A	called	96.3	761528	54	1	PR	idiomorph_gene_only	pheromone_receptor|caax_precursor	unverified	333	bbp2-5|bbp2-8|bbp2_a	Bbeta	modelled_gene_bar	modelled_gene_bar=333	best cluster carried 0 modelled gene(s), below the 2 required to report a locus; none of its genes could be modelled	HD2	HD1		1.0
GCA_023630075.1_ASM2363007v1	Trichosporonales	Trichosporonaceae	Trichosporon asahii	uncalled	96.3	740625	85	1					314	HD1|HD2|beta_fg	HD	modelled_gene_bar	modelled_gene_bar=314	best cluster carried 1 modelled gene(s), below the 2 required to report a locus; only 1 of its genes could be modelled	HD1|HD2|beta_fg			1.0
GCA_023630095.1_ASM2363009v1	Trichosporonales	Trichosporonaceae	Cutaneotrichosporon sp. P10-008	uncalled	94.4	37661	1974	1					307	pheromone_receptor|fungal_mating_type_pheromone	PR	modelled_gene_bar	modelled_gene_bar=306;below_fraction_floor=1	best cluster carried 0 modelled gene(s), below the 2 required to report a locus; none of its genes could be modelled	HD2	HD1		1.0
GCA_023630115.1_ASM2363011v1	Trichosporonales	Trichosporonaceae	Cutaneotrichosporon sp. PK4640	uncalled	94.5	38623	1886	1					309	HD1|HD2	HD	modelled_gene_bar	modelled_gene_bar=309	best cluster carried 0 modelled gene(s), below the 2 required to report a locus; none of its genes could be modelled	HD2	HD1		1.0
GCA_023630135.1_ASM2363013v1	Trichosporonales	Trichosporonaceae	Trichosporon asahii	uncalled	96.3	1153212	64	1					307	HD1|HD2|beta_fg	HD	modelled_gene_bar	modelled_gene_bar=307	best cluster carried 1 modelled gene(s), below the 2 required to report a locus; only 1 of its genes could be modelled	HD1|HD2|beta_fg			1.0
GCA_023650535.1_ASM2365053v1	Tremellales	Cryptococcaceae	Cryptococcus neoformans	called	97.0	1436504	14	1	MAT	mat_locus	FAO1|PAN6|MFa|STE3|SXI2|RPL39	ok	1	PAN6|STE3	MAT	modelled_gene_bar	modelled_gene_bar=1					
GCA_023650555.1_ASM2365055v1	Tremellales	Cryptococcaceae	Cryptococcus neoformans	called	97.2	1474796	14	1	MAT	mat_locus	FAO1|PAN6|MFa|STE3|SXI2|RPL39	ok	1	PAN6|STE3	MAT	modelled_gene_bar	modelled_gene_bar=1					
GCA_023650575.1_ASM2365057v1	Tremellales	Cryptococcaceae	Cryptococcus neoformans	called	96.8	1403885	14	1	MAT	mat_locus	FAO1|PAN6|MFalpha|STE3|SXI1|RPL39	ok	1	PAN6|STE3	MAT	modelled_gene_bar	modelled_gene_bar=1					
GCA_023650595.1_ASM2365059v1	Tremellales	Cryptococcaceae	Cryptococcus neoformans	called	96.8	1382504	14	1	MAT	mat_locus	FAO1|PAN6|MFa|STE3|SXI2|RPL39	ok	2	PAN6|STE3	MAT	modelled_gene_bar	modelled_gene_bar=2					
GCA_023653615.1_APSI0	Trichosporonales	Trichosporonaceae	Apiotrichum siamense	uncalled	96.3	368156	109	1					373	bbp2-2|bbp2-5|bbp2_b	Bbeta	modelled_gene_bar	modelled_gene_bar=371;below_fraction_floor=2	best cluster carried 1 modelled gene(s), below the 2 required to report a locus; only 1 of its genes could be modelled	HD2|MIP1	HD1		1.0
GCA_024115145.1_ASM2411514v1	Tremellales	Bulleribasidiaceae	Dioszegia hungarica	called	95.5	10859683	22	1	MAT	mat_locus	PAN6|STE3|RPL39	ok	8	FAO1|STE3|SXI2	MAT	modelled_gene_bar	modelled_gene_bar=8					
GCA_024271845.1_ASM2427184v1	Tremellales	Cryptococcaceae	Cryptococcus sp. VH57_BW	called	96.5	235703	156	1	MAT	mat_locus	PAN6|STE3|RPL39	ok	7	PAN6|SXI2	MAT	modelled_gene_bar	modelled_gene_bar=6;below_fraction_floor=1					
GCA_024322255.1_AFRL_Nalb_1.0	Filobasidiales	Filobasidiaceae	Naganishia albida	called	90.6	514788	115	1	bLocus	idiomorph_gene_only	bE|bW	ok	298	bE|bW	bLocus	modelled_gene_bar	modelled_gene_bar=298	best cluster carried 1 modelled gene(s), below the 2 required to report a locus; only 1 of its genes could be modelled	HD2|beta_fg	HD1		1.0
GCA_024343385.1_Tynb_1.0	Tremellales	Tremellaceae	Tremella yokohamensis	called	96.0	1154394	57	1	MAT	mat_locus	PAN6|STE3|RPL39	ok	6	FAO1|PAN6|SXI1|SXI2	MAT	modelled_gene_bar	modelled_gene_bar=6					
GCA_024343405.1_Tfnb_1.0	Tremellales	Tremellaceae	Tremella fuciformis	uncalled	95.5	224639	251	1					6	FAO1|MFa|SXI1|SXI2	MAT	modelled_gene_bar	modelled_gene_bar=5;below_fraction_floor=1	best cluster carried 1 modelled gene(s), below the 2 required to report a locus; only 1 of its genes could be modelled	PAN6|SXI1|SXI2	FAO1|STE3	MFa|MFalpha|RPL39	0.6666666666666666
GCA_024345305.1_MgelidaMGH-2_01	Cystofilobasidiales	Mrakiaceae	Mrakia gelida	called	91.5	1792598	25	1	MAT|PR	idiomorph_gene_only	MFalpha|MFa|STE3;pheromone_receptor|fungal_mating_type_pheromone|caax_precursor	ok|unverified	261	HD1|HD2|MIP1	HD	modelled_gene_bar	modelled_gene_bar=261	best cluster carried 1 modelled gene(s), below the 2 required to report a locus; only 1 of its genes could be modelled	HD1|HD2|MIP1			1.0
GCA_024606485.1_ASM2460648v1	Cystofilobasidiales	Mrakiaceae	Tausonia pullulans	uncalled	89.0	37660	1025	1					273	PAN6|MFa|STE3	MAT	modelled_gene_bar	modelled_gene_bar=273	best cluster carried 1 modelled gene(s), below the 2 required to report a locus; only 1 of its genes could be modelled	HD1|HD2			1.0
GCA_025502605.1_ASM2550260v1	Trichosporonales	Trichosporonaceae	Trichosporon ovoides	called	98.2	888614	103	1	PR	idiomorph_gene_only	pheromone_receptor|caax_precursor;pheromone_receptor|caax_precursor	unverified	366	mfa1|pra1	aLocus	modelled_gene_bar	modelled_gene_bar=365;below_fraction_floor=1	best cluster carried 1 modelled gene(s), below the 2 required to report a locus; only 1 of its genes could be modelled	HD1|MIP1	HD2		1.0
GCA_025502615.1_ASM2550261v1	Trichosporonales	Trichosporonaceae	Trichosporon ovoides	called	98.3	794020	130	1	PR	idiomorph_gene_only	pheromone_receptor|caax_precursor;pheromone_receptor|caax_precursor	unverified	366	bE|bW	bLocus	modelled_gene_bar	modelled_gene_bar=365;below_fraction_floor=1	best cluster carried 1 modelled gene(s), below the 2 required to report a locus; only 1 of its genes could be modelled	HD1|MIP1	HD2		1.0
GCA_025502645.1_ASM2550264v1	Trichosporonales	Trichosporonaceae	Pascua sp. PL2904B	uncalled	96.8	279025	217	1					332	MFa|SXI1|RPL39	MAT	modelled_gene_bar	modelled_gene_bar=330;below_fraction_floor=2	best cluster carried 1 modelled gene(s), below the 2 required to report a locus; only 1 of its genes could be modelled	HD1|HD2			1.0
GCA_025502685.1_ASM2550268v1	Trichosporonales	Trichosporonaceae	Pascua sp. PH4015B	uncalled	96.4	352716	199	1					334	MFa|SXI1|RPL39	MAT	modelled_gene_bar	modelled_gene_bar=332;below_fraction_floor=2	best cluster carried 1 modelled gene(s), below the 2 required to report a locus; only 1 of its genes could be modelled	HD1|HD2			1.0
GCA_025529315.1_ASM2552931v1	Trichosporonales	Trichosporonaceae	Trichosporon sp. LN7006B	uncalled	96.2	203323	197	1					341	bbr2|bbp2-5|bbp2-6	Bbeta	modelled_gene_bar	modelled_gene_bar=340;below_fraction_floor=1	best cluster carried 1 modelled gene(s), below the 2 required to report a locus; only 1 of its genes could be modelled	HD1|HD2			1.0
GCA_025529325.1_ASM2552932v1	Trichosporonales	Trichosporonaceae	Trichosporon sp. PG3703	uncalled	96.1	218870	188	1					339	bbr2|bbp2-5|bbp2-6	Bbeta	modelled_gene_bar	modelled_gene_bar=338;below_fraction_floor=1	best cluster carried 1 modelled gene(s), below the 2 required to report a locus; only 1 of its genes could be modelled	HD1|HD2			1.0
GCA_025529565.1_ASM2552956v1	Trichosporonales	Trichosporonaceae	Trichosporon sp. P6006	uncalled	96.3	218865	193	1					339	bbr2|bbp2-5|bbp2-6	Bbeta	modelled_gene_bar	modelled_gene_bar=338;below_fraction_floor=1	best cluster carried 1 modelled gene(s), below the 2 required to report a locus; only 1 of its genes could be modelled	HD1|HD2			1.0
GCA_025529955.1_ASM2552995v1	Trichosporonales	Trichosporonaceae	Trichosporon asahii	uncalled	96.1	1115832	71	1					312	HD1|HD2|beta_fg	HD	modelled_gene_bar	modelled_gene_bar=312	best cluster carried 1 modelled gene(s), below the 2 required to report a locus; only 1 of its genes could be modelled	HD1|HD2|beta_fg			1.0
GCA_025529965.1_ASM2552996v1	Trichosporonales	Trichosporonaceae	Apiotrichum sp. Y3305A	uncalled	96.0	59005	1516	1					350	pheromone_receptor|pheromone_B43|fungal_mating_type_pheromone|caax_precursor	PR	modelled_gene_bar	modelled_gene_bar=349;below_fraction_floor=1	best cluster carried 0 modelled gene(s), below the 2 required to report a locus; none of its genes could be modelled	HD2	HD1		1.0
GCA_025529995.1_ASM2552999v1	Trichosporonales	Trichosporonaceae	Apiotrichum sp. PL3309B	uncalled	97.0	477187	259	1					354	pheromone_receptor|pheromone_B43|fungal_mating_type_pheromone	PR	modelled_gene_bar	modelled_gene_bar=353;below_fraction_floor=1	best cluster carried 0 modelled gene(s), below the 2 required to report a locus; none of its genes could be modelled	HD2	HD1		1.0
GCA_025530005.1_ASM2553000v1	Trichosporonales	Trichosporonaceae	Apiotrichum sp. M3315A-1	uncalled	95.0	50718	1825	1					358	bbp2-2|bbp2-5|bbp2_b	Bbeta	modelled_gene_bar	modelled_gene_bar=357;below_fraction_floor=1	best cluster carried 0 modelled gene(s), below the 2 required to report a locus; none of its genes could be modelled	HD2	HD1		1.0
GCA_025530845.1_ASM2553084v1	Trichosporonales	Trichosporonaceae	Apiotrichum sp. Y4201-1	uncalled	97.1	479037	302	1					358	pheromone_receptor|pheromone_B43|fungal_mating_type_pheromone|caax_precursor	PR	modelled_gene_bar	modelled_gene_bar=357;below_fraction_floor=1	best cluster carried 0 modelled gene(s), below the 2 required to report a locus; none of its genes could be modelled	HD2	HD1		1.0
GCA_025531385.1_ASM2553138v1	Trichosporonales	Trichosporonaceae	Apiotrichum sp. PL3306B	uncalled	97.1	379856	309	1					360	pheromone_receptor|pheromone_B43|fungal_mating_type_pheromone	PR	modelled_gene_bar	modelled_gene_bar=359;below_fraction_floor=1	best cluster carried 0 modelled gene(s), below the 2 required to report a locus; none of its genes could be modelled	HD2	HD1		1.0
GCA_025531405.1_ASM2553140v1	Trichosporonales	Trichosporonaceae	Apiotrichum sp. PDH3304B	uncalled	97.1	421211	294	1					358	pheromone_receptor|pheromone_B43|fungal_mating_type_pheromone	PR	modelled_gene_bar	modelled_gene_bar=357;below_fraction_floor=1	best cluster carried 0 modelled gene(s), below the 2 required to report a locus; none of its genes could be modelled	HD2	HD1		1.0
GCA_025531435.1_ASM2553143v1	Tremellales	Cryptococcaceae	Cryptococcus neoformans	called	96.9	209900	326	1	MAT	mat_locus|partial_locus	FAO1|SXI2|RPL39;FAO1|STE3|SXI1	ok	2	STE3|SXI2	MAT	modelled_gene_bar	modelled_gene_bar=1;below_fraction_floor=1					
GCA_025531445.1_ASM2553144v1	Trichosporonales	Trichosporonaceae	Apiotrichum sp. PA4207	uncalled	97.1	380131	353	1					360	pheromone_receptor|pheromone_B43|fungal_mating_type_pheromone|caax_precursor	PR	modelled_gene_bar	modelled_gene_bar=359;below_fraction_floor=1	best cluster carried 0 modelled gene(s), below the 2 required to report a locus; none of its genes could be modelled	HD1	HD2		1.0
GCA_025531455.1_ASM2553145v1	Trichosporonales	Trichosporonaceae	Apiotrichum sp. Y4204	uncalled	97.1	565208	284	1					360	pheromone_receptor|pheromone_B43|fungal_mating_type_pheromone|caax_precursor	PR	modelled_gene_bar	modelled_gene_bar=359;below_fraction_floor=1	best cluster carried 0 modelled gene(s), below the 2 required to report a locus; none of its genes could be modelled	HD2	HD1		1.0
GCA_025531515.1_ASM2553151v1	Tremellales	Cryptococcaceae	Cryptococcus neoformans	called	96.9	182690	345	1	MAT	partial_locus	FAO1|SXI2;FAO1|SXI1	ok	2	STE3|SXI2	MAT	modelled_gene_bar	modelled_gene_bar=1;below_fraction_floor=1					
GCA_025758675.1_ASM2575867v1	Filobasidiales	Filobasidiaceae	Naganishia antarctica	uncalled	89.8	165898	295	1					299	pheromone_receptor|pheromone_B43|fungal_mating_type_pheromone	PR	modelled_gene_bar	modelled_gene_bar=299	best cluster carried 1 modelled gene(s), below the 2 required to report a locus; only 1 of its genes could be modelled	HD2|MIP1	HD1		1.0
GCA_025758705.1_ASM2575870v1	Filobasidiales	Filobasidiaceae	Goffeauzyma gilvescens	uncalled	88.9	20700	1428	1					254	HD1|HD2	HD	modelled_gene_bar	modelled_gene_bar=254	best cluster carried 1 modelled gene(s), below the 2 required to report a locus; only 1 of its genes could be modelled	HD1|HD2			1.0
GCA_026538315.1_ASM2653831v1	Tremellales	Cryptococcaceae	Cryptococcus sp. GC_Crypt_6	called	96.4	191030	165	1	MAT	mat_locus	FAO1|PAN6|MFalpha|STE3|RPL39	ok	1	FAO1|SXI1|SXI2	MAT	below_fraction_floor	below_fraction_floor=1					
GCA_026538325.1_ASM2653832v1	Tremellales	Cryptococcaceae	Cryptococcus sp. GC_Crypt_8	called	93.3	251773	130	1	MAT	mat_locus	PAN6|STE3|SXI1|RPL39	ok	1	FAO1|STE3	MAT	modelled_gene_bar	modelled_gene_bar=1					
GCA_026538335.1_ASM2653833v1	Tremellales	Cryptococcaceae	Cryptococcus sp. GC_Crypt_7	called	96.2	196132	141	1	MAT	mat_locus	FAO1|PAN6|MFalpha|STE3|RPL39	ok	1	FAO1|SXI1|SXI2	MAT	below_fraction_floor	below_fraction_floor=1					
GCA_026538345.1_ASM2653834v1	Tremellales	Cryptococcaceae	Cryptococcus sp. GC_Crypt_4	uncalled	61.3	13208	1354	0					0					best cluster matched 0.33 of this family's expected genes, below the ambiguity floor of 0.50	STE3	FAO1|PAN6		0.3333333333333333
GCA_026538355.1_ASM2653835v1	Tremellales	Cryptococcaceae	Cryptococcus sp. GC_Crypt_5	called	94.4	89643	370	1	MAT	mat_locus	FAO1|MFa|STE3|RPL39	ok	3	FAO1|SXI1|SXI2	MAT	below_fraction_floor	modelled_gene_bar=2;below_fraction_floor=1					
GCA_026538395.1_ASM2653839v1	Tremellales	Cryptococcaceae	Cryptococcus sp. GC_Crypt_3	called	95.3	88311	330	1	MAT	mat_locus	FAO1|MFa|STE3	ok	2	FAO1|SXI1	MAT	modelled_gene_bar	modelled_gene_bar=1;below_fraction_floor=1					
GCA_026538405.1_ASM2653840v1	Tremellales	Cryptococcaceae	Cryptococcus sp. GC_Crypt_2	called	95.1	207403	154	1	MAT	mat_locus	PAN6|STE3|SXI1|RPL39	ok	1	FAO1|STE3	MAT	modelled_gene_bar	modelled_gene_bar=1					
GCA_026538415.1_ASM2653841v1	Tremellales	Cryptococcaceae	Cryptococcus sp. GC_Crypt_1	called	85.6	14018	1631	0	MAT	idiomorph_gene_only	SXI1|SXI2	ok	0									
GCA_026725045.1_ASM2672504v1	Trichosporonales	Trichosporonaceae	Vanrija sp. TS_01	called	97.0	895470	46	1	MAT	idiomorph_gene_only	STE3|SXI1	ok	334	bE|bW	bLocus	modelled_gene_bar	modelled_gene_bar=334	best cluster carried 1 modelled gene(s), below the 2 required to report a locus; only 1 of its genes could be modelled	HD1|HD2			1.0
GCA_028533015.1_MYM0_BPAX-A1-Y11	Cystofilobasidiales	Mrakiaceae	Phaffia rhodozyma	called	87.9	43065	742	1	PR	idiomorph_gene_only	pheromone_receptor|caax_precursor	unverified	169	bE|bW	bLocus	modelled_gene_bar	modelled_gene_bar=168;below_fraction_floor=1	best cluster carried 0 modelled gene(s), below the 2 required to report a locus; none of its genes could be modelled	HD2	HD1		1.0
GCA_028975465.1_ASM2897546v1	Tremellales	Cryptococcaceae	Cryptococcus neoformans	called	93.6	1449936	45	1	MAT	mat_locus	FAO1|PAN6|MFa|SXI2|RPL39	ok	1	STE3|SXI2	MAT	modelled_gene_bar	modelled_gene_bar=1					
GCA_028982725.1_TW1	Tremellales	Cryptococcaceae	Cryptococcus neoformans	called	97.1	1440746	23	1	MAT	mat_locus	FAO1|PAN6|MFalpha|STE3|SXI1|RPL39	ok	1	PAN6|STE3	MAT	modelled_gene_bar	modelled_gene_bar=1					
GCA_030039215.1_DBVPG_5303	Filobasidiales	Filobasidiaceae	Naganishia onofrii	called	91.4	686970	63	1	PR	idiomorph_gene_only	pheromone_receptor|caax_precursor	unverified	279	HD1|HD2|MIP1	HD	modelled_gene_bar	modelled_gene_bar=279	best cluster carried 0 modelled gene(s), below the 2 required to report a locus; none of its genes could be modelled	HD2	HD1		1.0
GCA_030039245.1_MNACCFEE_5425	Filobasidiales	Filobasidiaceae	Naganishia vaughanmartiniae	called	91.4	892046	63	1	PR	idiomorph_gene_only	pheromone_receptor|caax_precursor	unverified	237	HD1|HD2	HD	modelled_gene_bar	modelled_gene_bar=234;below_fraction_floor=3	best cluster carried 0 modelled gene(s), below the 2 required to report a locus; none of its genes could be modelled	HD1|HD2			1.0
GCA_030039255.1_MNACCFEE_5423	Filobasidiales	Filobasidiaceae	Naganishia friedmannii	called	91.8	751469	97	1	PR	idiomorph_gene_only	pheromone_receptor|caax_precursor	unverified	257	pheromone_receptor|pheromone_B44|fungal_mating_type_pheromone	PR	modelled_gene_bar	modelled_gene_bar=256;below_fraction_floor=1	best cluster carried 0 modelled gene(s), below the 2 required to report a locus; none of its genes could be modelled	HD1|HD2			1.0
GCA_030039265.1_MNACCFEE_5261	Filobasidiales	Filobasidiaceae	Naganishia cerealis	called	71.0	197687	105	1	PR	idiomorph_gene_only	pheromone_receptor|caax_precursor	unverified	241	pheromone_receptor|fungal_mating_type_pheromone|caax_precursor	PR	modelled_gene_bar	modelled_gene_bar=240;below_fraction_floor=1	best cluster carried 0 modelled gene(s), below the 2 required to report a locus; none of its genes could be modelled	bE	bW		1.0
GCA_030039275.1_MNACCFEE_5262	Filobasidiales	Filobasidiaceae	Naganishia adeliensis	called	88.2	144618	232	1	PR|bLocus	idiomorph_gene_only	bE|bW;pheromone_receptor|caax_precursor	ok|unverified	299	bE|bW	bLocus	modelled_gene_bar	modelled_gene_bar=298;below_fraction_floor=1	best cluster carried 0 modelled gene(s), below the 2 required to report a locus; none of its genes could be modelled	HD2|MIP1	HD1		1.0
GCA_030347605.1_ASM3034760v1	Trichosporonales	Trichosporonaceae	Trichosporon sp. DN520	uncalled	96.3	960886	73	1					283	HD1|HD2|MIP1	HD	modelled_gene_bar	modelled_gene_bar=282;below_fraction_floor=1	best cluster carried 1 modelled gene(s), below the 2 required to report a locus; only 1 of its genes could be modelled	HD2|MIP1	HD1		1.0
GCA_030708415.1_ASM3070841v1	Tremellales	Tremellaceae	Tremella fuciformis	called	96.4	2800471	10	1	MAT	mat_locus	PAN6|STE3|RPL39	ok	4	FAO1|SXI1|SXI2	MAT	below_fraction_floor	modelled_gene_bar=3;below_fraction_floor=1					
GCA_030805415.1_CspeluHIS016_v1	Trichosporonales	Trichosporonaceae	Cutaneotrichosporon spelunceum	uncalled	96.4	2656437	13	1					314	HD1|HD2|MIP1	HD	modelled_gene_bar	modelled_gene_bar=313;below_fraction_floor=1	best cluster carried 1 modelled gene(s), below the 2 required to report a locus; only 1 of its genes could be modelled	HD1|HD2			1.0
GCA_030864325.1_ASM3086432v1	Trichosporonales	Trichosporonaceae	Cutaneotrichosporon cavernicola	uncalled	96.5	3305619	8	1					286	pheromone_receptor|pheromone_B43|fungal_mating_type_pheromone	PR	modelled_gene_bar	modelled_gene_bar=285;below_fraction_floor=1	best cluster carried 1 modelled gene(s), below the 2 required to report a locus; only 1 of its genes could be modelled	HD1|HD2|MIP1			1.0
GCA_030864385.1_ASM3086438v1	Trichosporonales	Trichosporonaceae	Cutaneotrichosporon sp. HIS471	uncalled	96.6	3127558	9	1					301	bE|bW	bLocus	modelled_gene_bar	modelled_gene_bar=300;below_fraction_floor=1	best cluster carried 0 modelled gene(s), below the 2 required to report a locus; none of its genes could be modelled	HD1	HD2		1.0
GCA_030864415.1_ASM3086441v1	Trichosporonales	Trichosporonaceae	Cutaneotrichosporon cavernicola	uncalled	96.6	3315356	8	1					291	HD1|HD2|MIP1	HD	modelled_gene_bar	modelled_gene_bar=290;below_fraction_floor=1	best cluster carried 1 modelled gene(s), below the 2 required to report a locus; only 1 of its genes could be modelled	HD1|HD2|MIP1			1.0
GCA_030864445.1_ASM3086444v1	Trichosporonales	Trichosporonaceae	Cutaneotrichosporon cavernicola	uncalled	96.4	3315426	9	1					290	HD1|HD2|MIP1	HD	modelled_gene_bar	modelled_gene_bar=289;below_fraction_floor=1	best cluster carried 1 modelled gene(s), below the 2 required to report a locus; only 1 of its genes could be modelled	HD1|HD2|MIP1			1.0
GCA_030913545.1_ASM3091354v1	Tremellales	Cryptococcaceae	Cryptococcus neoformans	called	97.4	141834	495	1	MAT	mat_locus	FAO1|PAN6|MFalpha|STE3|SXI1|RPL39;FAO1|PAN6|MFalpha|STE3|SXI1|RPL39	ok	1	STE3|SXI1	MAT	modelled_gene_bar	modelled_gene_bar=1					
GCA_031326905.1_Papla1	Tremellales	Rhynchogastremaceae	Papiliotrema laurentii	called	95.7	1591375	24	1	MAT	mat_locus	PAN6|STE3|RPL39	ok	7	PAN6|MFa|STE3	MAT	modelled_gene_bar	modelled_gene_bar=7					
GCA_031840755.1_ASM3184075v1	Tremellales	Cryptococcaceae	Cryptococcus neoformans	called	96.5	214170	195	1	MAT	partial_locus	FAO1|SXI1	ok	2	PAN6|STE3	MAT	modelled_gene_bar	modelled_gene_bar=1;below_fraction_floor=1					
GCA_031840765.1_ASM3184076v1	Tremellales	Cryptococcaceae	Cryptococcus neoformans	called	96.6	185976	206	1	MAT	partial_locus	FAO1|SXI1	ok	2	PAN6|STE3	MAT	modelled_gene_bar	modelled_gene_bar=1;below_fraction_floor=1					
GCA_031840775.1_ASM3184077v1	Tremellales	Cryptococcaceae	Cryptococcus neoformans	called	96.9	216931	195	1	MAT	partial_locus	FAO1|SXI1;PAN6|MFalpha|RPL39	ok	1	PAN6|STE3	MAT	modelled_gene_bar	modelled_gene_bar=1					
GCA_031840785.1_ASM3184078v1	Tremellales	Cryptococcaceae	Cryptococcus neoformans	called	96.6	209854	217	1	MAT	partial_locus	FAO1|SXI1;PAN6|MFalpha|RPL39	ok	1	PAN6|STE3	MAT	modelled_gene_bar	modelled_gene_bar=1					
GCA_031840795.1_ASM3184079v1	Tremellales	Cryptococcaceae	Cryptococcus neoformans	called	96.5	212612	192	1	MAT	partial_locus	FAO1|SXI1	ok	2	PAN6|STE3	MAT	modelled_gene_bar	modelled_gene_bar=1;below_fraction_floor=1					
GCA_031840855.1_ASM3184085v1	Tremellales	Cryptococcaceae	Cryptococcus neoformans	called	96.6	184463	226	1	MAT	partial_locus	FAO1|SXI1;PAN6|MFalpha|RPL39	ok	1	PAN6|STE3	MAT	modelled_gene_bar	modelled_gene_bar=1					
GCA_031840865.1_ASM3184086v1	Tremellales	Cryptococcaceae	Cryptococcus neoformans	called	96.8	216927	209	1	MAT	partial_locus	FAO1|SXI1	ok	2	PAN6|STE3	MAT	modelled_gene_bar	modelled_gene_bar=1;below_fraction_floor=1					
GCA_031840875.1_ASM3184087v1	Tremellales	Cryptococcaceae	Cryptococcus neoformans	called	96.7	182875	232	1	MAT	partial_locus	FAO1|SXI1	ok	2	PAN6|STE3	MAT	modelled_gene_bar	modelled_gene_bar=1;below_fraction_floor=1					
GCA_031840885.1_ASM3184088v1	Tremellales	Cryptococcaceae	Cryptococcus neoformans	called	96.6	184433	221	1	MAT	partial_locus	PAN6|MFalpha|RPL39;FAO1|SXI1	ok	1	PAN6|STE3	MAT	modelled_gene_bar	modelled_gene_bar=1					
GCA_031840895.1_ASM3184089v1	Tremellales	Cryptococcaceae	Cryptococcus neoformans	called	96.6	217836	195	1	MAT	partial_locus	FAO1|SXI1	ok	1	PAN6|STE3	MAT	modelled_gene_bar	modelled_gene_bar=1					
GCA_031840955.1_ASM3184095v1	Tremellales	Cryptococcaceae	Cryptococcus neoformans	called	96.5	212543	205	1	MAT	partial_locus	FAO1|SXI1;PAN6|MFalpha|RPL39	ok	1	PAN6|STE3	MAT	modelled_gene_bar	modelled_gene_bar=1					
GCA_031840965.1_ASM3184096v1	Tremellales	Cryptococcaceae	Cryptococcus neoformans	called	96.6	222869	189	1	MAT	partial_locus	PAN6|MFalpha|RPL39;FAO1|SXI1	ok	1	PAN6|STE3	MAT	modelled_gene_bar	modelled_gene_bar=1					
GCA_031840975.1_ASM3184097v1	Tremellales	Cryptococcaceae	Cryptococcus neoformans	called	96.3	180506	220	1	MAT	partial_locus	FAO1|SXI1	ok	2	PAN6|STE3	MAT	modelled_gene_bar	modelled_gene_bar=1;below_fraction_floor=1					
GCA_031840985.1_ASM3184098v1	Tremellales	Cryptococcaceae	Cryptococcus neoformans	called	96.7	224246	189	1	MAT	partial_locus	FAO1|SXI1	ok	1	PAN6|STE3	MAT	modelled_gene_bar	modelled_gene_bar=1					
GCA_031840995.1_ASM3184099v1	Tremellales	Cryptococcaceae	Cryptococcus neoformans	called	96.5	315897	159	1	MAT	partial_locus	FAO1|SXI1	ok	2	PAN6|STE3	MAT	modelled_gene_bar	modelled_gene_bar=1;below_fraction_floor=1					
GCA_031841035.1_ASM3184103v1	Tremellales	Cryptococcaceae	Cryptococcus neoformans	called	96.7	256440	175	1	MAT	partial_locus	FAO1|SXI1;PAN6|MFalpha|RPL39	ok	1	PAN6|STE3	MAT	modelled_gene_bar	modelled_gene_bar=1					
GCA_031841055.1_ASM3184105v1	Tremellales	Cryptococcaceae	Cryptococcus neoformans	called	96.5	207178	217	1	MAT	partial_locus	FAO1|SXI1	ok	2	PAN6|STE3	MAT	modelled_gene_bar	modelled_gene_bar=1;below_fraction_floor=1					
GCA_031841085.1_ASM3184108v1	Tremellales	Cryptococcaceae	Cryptococcus neoformans	called	96.7	224214	193	1	MAT	partial_locus	FAO1|SXI1	ok	1	PAN6|STE3	MAT	modelled_gene_bar	modelled_gene_bar=1					
GCA_031841105.1_ASM3184110v1	Tremellales	Cryptococcaceae	Cryptococcus neoformans	called	96.5	198644	209	1	MAT	partial_locus	FAO1|SXI1	ok	2	PAN6|STE3	MAT	modelled_gene_bar	modelled_gene_bar=1;below_fraction_floor=1					
GCA_031841185.1_ASM3184118v1	Tremellales	Cryptococcaceae	Cryptococcus neoformans	called	96.6	198720	201	1	MAT	partial_locus	FAO1|SXI1	ok	2	PAN6|STE3	MAT	modelled_gene_bar	modelled_gene_bar=1;below_fraction_floor=1					
GCA_031841195.1_ASM3184119v1	Tremellales	Cryptococcaceae	Cryptococcus neoformans	called	96.6	212558	204	1	MAT	partial_locus	FAO1|SXI1	ok	2	PAN6|STE3	MAT	modelled_gene_bar	modelled_gene_bar=1;below_fraction_floor=1					
GCA_031841215.1_ASM3184121v1	Tremellales	Cryptococcaceae	Cryptococcus neoformans	called	96.7	210898	193	1	MAT	partial_locus	FAO1|SXI1	ok	2	PAN6|STE3	MAT	modelled_gene_bar	modelled_gene_bar=1;below_fraction_floor=1					
GCA_031841235.1_ASM3184123v1	Tremellales	Cryptococcaceae	Cryptococcus neoformans	called	96.8	215939	206	1	MAT	partial_locus	FAO1|SXI1	ok	2	PAN6|STE3	MAT	modelled_gene_bar	modelled_gene_bar=1;below_fraction_floor=1					
GCA_031841255.1_ASM3184125v1	Tremellales	Cryptococcaceae	Cryptococcus neoformans	called	96.5	216993	190	1	MAT	partial_locus	FAO1|SXI1	ok	1	PAN6|STE3	MAT	modelled_gene_bar	modelled_gene_bar=1					
GCA_031841275.1_ASM3184127v1	Tremellales	Cryptococcaceae	Cryptococcus neoformans	called	96.9	234526	179	1	MAT	partial_locus	PAN6|MFalpha|RPL39;FAO1|SXI1	ok	1	PAN6|STE3	MAT	modelled_gene_bar	modelled_gene_bar=1					
GCA_031841295.1_ASM3184129v1	Tremellales	Cryptococcaceae	Cryptococcus neoformans	called	96.7	188086	218	1	MAT	partial_locus	FAO1|SXI1	ok	2	PAN6|STE3	MAT	modelled_gene_bar	modelled_gene_bar=1;below_fraction_floor=1					
GCA_031841315.1_ASM3184131v1	Tremellales	Cryptococcaceae	Cryptococcus neoformans	called	96.6	210709	199	1	MAT	partial_locus	PAN6|MFalpha|RPL39;FAO1|SXI1	ok	1	PAN6|STE3	MAT	modelled_gene_bar	modelled_gene_bar=1					
GCA_031841325.1_ASM3184132v1	Tremellales	Cryptococcaceae	Cryptococcus neoformans	called	96.8	216909	193	1	MAT	partial_locus	FAO1|SXI1;PAN6|MFalpha|RPL39	ok	1	PAN6|STE3	MAT	modelled_gene_bar	modelled_gene_bar=1					
GCA_031841345.1_ASM3184134v1	Tremellales	Cryptococcaceae	Cryptococcus neoformans	called	96.4	210819	216	1	MAT	partial_locus	FAO1|SXI1;PAN6|MFalpha|RPL39	ok	1	PAN6|STE3	MAT	modelled_gene_bar	modelled_gene_bar=1					
GCA_031841365.1_ASM3184136v1	Tremellales	Cryptococcaceae	Cryptococcus neoformans	called	96.6	207268	196	1	MAT	partial_locus	FAO1|SXI1	ok	2	PAN6|STE3	MAT	modelled_gene_bar	modelled_gene_bar=1;below_fraction_floor=1					
GCA_031841405.1_ASM3184140v1	Tremellales	Cryptococcaceae	Cryptococcus neoformans	called	96.7	219164	186	1	MAT	partial_locus	FAO1|SXI1;PAN6|MFalpha|RPL39	ok	1	PAN6|STE3	MAT	modelled_gene_bar	modelled_gene_bar=1					
GCA_031841415.1_ASM3184141v1	Tremellales	Cryptococcaceae	Cryptococcus neoformans	called	96.7	188616	190	1	MAT	partial_locus	FAO1|SXI1	ok	2	PAN6|STE3	MAT	modelled_gene_bar	modelled_gene_bar=1;below_fraction_floor=1					
GCA_031841435.1_ASM3184143v1	Tremellales	Cryptococcaceae	Cryptococcus neoformans	called	96.7	196805	209	1	MAT	partial_locus	FAO1|SXI1	ok	1	PAN6|STE3	MAT	modelled_gene_bar	modelled_gene_bar=1					
GCA_031841465.1_ASM3184146v1	Tremellales	Cryptococcaceae	Cryptococcus neoformans	called	96.7	212580	196	1	MAT	partial_locus	FAO1|SXI1;PAN6|MFalpha|RPL39	ok	1	PAN6|STE3	MAT	modelled_gene_bar	modelled_gene_bar=1					
GCA_031841475.1_ASM3184147v1	Tremellales	Cryptococcaceae	Cryptococcus neoformans	called	96.6	211436	197	1	MAT	partial_locus	FAO1|SXI1;PAN6|MFalpha|RPL39	ok	1	PAN6|STE3	MAT	modelled_gene_bar	modelled_gene_bar=1					
GCA_031841495.1_ASM3184149v1	Tremellales	Cryptococcaceae	Cryptococcus neoformans	called	96.6	199995	197	1	MAT	partial_locus	FAO1|SXI1	ok	1	PAN6|STE3	MAT	modelled_gene_bar	modelled_gene_bar=1					
GCA_031841525.1_ASM3184152v1	Tremellales	Cryptococcaceae	Cryptococcus neoformans	called	96.5	217836	200	1	MAT	partial_locus	FAO1|SXI1	ok	1	PAN6|STE3	MAT	modelled_gene_bar	modelled_gene_bar=1					
GCA_031841545.1_ASM3184154v1	Tremellales	Cryptococcaceae	Cryptococcus neoformans	called	97.0	215926	192	1	MAT	partial_locus	FAO1|SXI1	ok	2	PAN6|STE3	MAT	modelled_gene_bar	modelled_gene_bar=1;below_fraction_floor=1					
GCA_031841575.1_ASM3184157v1	Tremellales	Cryptococcaceae	Cryptococcus neoformans	called	96.5	216542	196	1	MAT	partial_locus	FAO1|SXI1;PAN6|MFalpha|RPL39	ok	1	PAN6|STE3	MAT	modelled_gene_bar	modelled_gene_bar=1					
GCA_031841585.1_ASM3184158v1	Tremellales	Cryptococcaceae	Cryptococcus neoformans	called	96.7	198595	204	1	MAT	partial_locus	FAO1|SXI1	ok	2	PAN6|STE3	MAT	modelled_gene_bar	modelled_gene_bar=1;below_fraction_floor=1					
GCA_031841605.1_ASM3184160v1	Tremellales	Cryptococcaceae	Cryptococcus neoformans	called	96.6	220219	199	1	MAT	partial_locus	FAO1|SXI1	ok	2	PAN6|STE3	MAT	modelled_gene_bar	modelled_gene_bar=1;below_fraction_floor=1					
GCA_031841635.1_ASM3184163v1	Tremellales	Cryptococcaceae	Cryptococcus neoformans	called	96.6	185774	197	1	MAT	partial_locus	PAN6|MFalpha|RPL39;FAO1|SXI1	ok	1	PAN6|STE3	MAT	modelled_gene_bar	modelled_gene_bar=1					
GCA_031841655.1_ASM3184165v1	Tremellales	Cryptococcaceae	Cryptococcus neoformans	called	96.7	186796	205	1	MAT	partial_locus	FAO1|SXI1	ok	1	PAN6|STE3	MAT	modelled_gene_bar	modelled_gene_bar=1					
GCA_031841665.1_ASM3184166v1	Tremellales	Cryptococcaceae	Cryptococcus neoformans	called	96.4	230736	200	1	MAT	partial_locus	FAO1|SXI1	ok	2	PAN6|STE3	MAT	modelled_gene_bar	modelled_gene_bar=1;below_fraction_floor=1					
GCA_031841685.1_ASM3184168v1	Tremellales	Cryptococcaceae	Cryptococcus neoformans	called	96.5	212512	202	1	MAT	partial_locus	FAO1|SXI1	ok	2	PAN6|STE3	MAT	modelled_gene_bar	modelled_gene_bar=1;below_fraction_floor=1					
GCA_031841695.1_ASM3184169v1	Tremellales	Cryptococcaceae	Cryptococcus neoformans	called	96.4	212513	207	1	MAT	partial_locus	PAN6|MFalpha|RPL39;FAO1|SXI1	ok	1	PAN6|STE3	MAT	modelled_gene_bar	modelled_gene_bar=1					
GCA_031841715.1_ASM3184171v1	Tremellales	Cryptococcaceae	Cryptococcus neoformans	called	96.5	199976	206	1	MAT	partial_locus	FAO1|SXI1	ok	1	PAN6|STE3	MAT	modelled_gene_bar	modelled_gene_bar=1					
GCA_031841745.1_ASM3184174v1	Tremellales	Cryptococcaceae	Cryptococcus neoformans	called	96.6	218308	190	1	MAT	partial_locus	FAO1|SXI1	ok	2	PAN6|STE3	MAT	modelled_gene_bar	modelled_gene_bar=1;below_fraction_floor=1					
GCA_031841765.1_ASM3184176v1	Tremellales	Cryptococcaceae	Cryptococcus neoformans	called	96.7	211809	197	1	MAT	partial_locus	FAO1|SXI1;PAN6|MFalpha|RPL39	ok	1	PAN6|STE3	MAT	modelled_gene_bar	modelled_gene_bar=1					
GCA_031841795.1_ASM3184179v1	Tremellales	Cryptococcaceae	Cryptococcus neoformans	called	96.4	219157	193	1	MAT	partial_locus	FAO1|SXI1	ok	2	PAN6|STE3	MAT	modelled_gene_bar	modelled_gene_bar=1;below_fraction_floor=1					
GCA_031841805.1_ASM3184180v1	Tremellales	Cryptococcaceae	Cryptococcus neoformans	called	96.6	207268	203	1	MAT	partial_locus	FAO1|SXI1	ok	2	PAN6|STE3	MAT	modelled_gene_bar	modelled_gene_bar=1;below_fraction_floor=1					
GCA_031841825.1_ASM3184182v1	Tremellales	Cryptococcaceae	Cryptococcus neoformans	called	96.6	211428	197	1	MAT	partial_locus	FAO1|SXI1	ok	2	PAN6|STE3	MAT	modelled_gene_bar	modelled_gene_bar=1;below_fraction_floor=1					
GCA_031841845.1_ASM3184184v1	Tremellales	Cryptococcaceae	Cryptococcus neoformans	called	96.7	196696	223	1	MAT	partial_locus	FAO1|SXI1	ok	2	PAN6|STE3	MAT	modelled_gene_bar	modelled_gene_bar=1;below_fraction_floor=1					
GCA_031841865.1_ASM3184186v1	Tremellales	Cryptococcaceae	Cryptococcus neoformans	called	96.6	212479	201	1	MAT	partial_locus	FAO1|SXI1	ok	2	PAN6|STE3	MAT	modelled_gene_bar	modelled_gene_bar=1;below_fraction_floor=1					
GCA_031841885.1_ASM3184188v1	Tremellales	Cryptococcaceae	Cryptococcus neoformans	called	96.6	185770	208	1	MAT	partial_locus	FAO1|SXI1;PAN6|MFalpha|RPL39	ok	1	PAN6|STE3	MAT	modelled_gene_bar	modelled_gene_bar=1					
GCA_031841915.1_ASM3184191v1	Tremellales	Cryptococcaceae	Cryptococcus neoformans	called	96.5	216930	193	1	MAT	partial_locus	FAO1|SXI1	ok	2	PAN6|STE3	MAT	modelled_gene_bar	modelled_gene_bar=1;below_fraction_floor=1					
GCA_031841935.1_ASM3184193v1	Tremellales	Cryptococcaceae	Cryptococcus neoformans	called	96.9	196785	193	1	MAT	partial_locus	FAO1|SXI1;PAN6|MFalpha|RPL39	ok	1	PAN6|STE3	MAT	modelled_gene_bar	modelled_gene_bar=1					
GCA_031841945.1_ASM3184194v1	Tremellales	Cryptococcaceae	Cryptococcus neoformans	called	96.5	212531	210	1	MAT	partial_locus	PAN6|MFalpha|RPL39;FAO1|SXI1	ok	1	PAN6|STE3	MAT	modelled_gene_bar	modelled_gene_bar=1					
GCA_031841975.1_ASM3184197v1	Tremellales	Cryptococcaceae	Cryptococcus gattii	called	96.4	520929	81	1	MAT	partial_locus	FAO1|SXI1|SXI2;PAN6|RPL39	ok	4	FAO1|SXI1	MAT	modelled_gene_bar	modelled_gene_bar=4					
GCA_031841985.1_ASM3184198v1	Tremellales	Cryptococcaceae	Cryptococcus neoformans	called	96.8	217530	199	1	MAT	partial_locus	FAO1|SXI1;PAN6|MFalpha|RPL39	ok	1	PAN6|STE3	MAT	modelled_gene_bar	modelled_gene_bar=1					
GCA_031842005.1_ASM3184200v1	Tremellales	Cryptococcaceae	Cryptococcus neoformans	called	96.8	242841	196	1	MAT	partial_locus	FAO1|SXI1	ok	2	PAN6|STE3	MAT	modelled_gene_bar	modelled_gene_bar=1;below_fraction_floor=1					
GCA_032158125.1_ASM3215812v1	Tremellales	Rhynchogastremaceae	Papiliotrema nemorosa	called	95.1	461868	73	1	MAT	mat_locus	FAO1|PAN6|STE3|SXI2|RPL39	ok	6	MFalpha|STE3|RPL39	MAT	modelled_gene_bar	modelled_gene_bar=5;below_fraction_floor=1					
GCA_032464415.1_ASM3246441v1	Tremellales	Tremellaceae	Tremella fuciformis	called	96.7	2660555	11	1	MAT	mat_locus	PAN6|STE3|RPL39	ok	6	FAO1|SXI1|SXI2	MAT	below_fraction_floor	modelled_gene_bar=5;below_fraction_floor=1					
GCA_032768795.1_ASM3276879v1	Tremellales	Tremellaceae	Tremella fuciformis	called	96.6	2670835	11	1	MAT	mat_locus	PAN6|STE3|RPL39	ok	7	FAO1|SXI1|SXI2	MAT	below_fraction_floor	modelled_gene_bar=6;below_fraction_floor=1					
GCA_033032035.1_ASM3303203v1	Tremellales	Naemateliaceae	Naematelia aurantialba	called	94.1	132089	254	1	MAT	idiomorph_gene_only	STE3|RPL39	ok	4	FAO1|STE3	MAT	modelled_gene_bar	modelled_gene_bar=3;below_fraction_floor=1					
GCA_033032055.1_ASM3303205v1	Tremellales	Naemateliaceae	Naematelia aurantialba	uncalled	93.9	123997	273	1					3	FAO1|STE3	MAT	modelled_gene_bar	modelled_gene_bar=2;below_fraction_floor=1	best cluster carried 1 modelled gene(s), below the 2 required to report a locus; only 1 of its genes could be modelled	SXI1|SXI2	FAO1|PAN6|STE3	MFa|MFalpha|RPL39	0.6666666666666666
GCA_033032075.1_ASM3303207v1	Tremellales	Naemateliaceae	Naematelia aurantialba	uncalled	94.7	141989	266	1					3	FAO1|STE3	MAT	modelled_gene_bar	modelled_gene_bar=2;below_fraction_floor=1	best cluster carried 1 modelled gene(s), below the 2 required to report a locus; only 1 of its genes could be modelled	SXI1|SXI2	FAO1|PAN6|STE3	MFa|MFalpha|RPL39	0.6666666666666666
GCA_033032605.1_ASM3303260v1	Tremellales	Naemateliaceae	Naematelia aurantialba	called	93.9	134065	262	1	MAT	idiomorph_gene_only	STE3|RPL39	ok	4	FAO1|STE3	MAT	modelled_gene_bar	modelled_gene_bar=3;below_fraction_floor=1					
GCA_035521475.1_Uapishka_1	Tremellales		Tremellales sp. Uapishka_1	called	91.4	33472	882	1	MAT	mat_locus	PAN6|MFa|STE3	ok	3	FAO1|SXI2	MAT	modelled_gene_bar	modelled_gene_bar=2;below_fraction_floor=1					
GCA_035773095.1_ASM3577309v1	Tremellales	Rhynchogastremaceae	Papiliotrema fonsecae	called	96.1	1410574	13	1	MAT	mat_locus	FAO1|PAN6|STE3|SXI2|RPL39	ok	4	STE3|SXI2	MAT	modelled_gene_bar	modelled_gene_bar=3;below_fraction_floor=1					
GCA_036245725.1_MhoshinonisJCM32575_01	Cystofilobasidiales	Mrakiaceae	Mrakia hoshinonis	called	92.4	353238	178	1	PR	idiomorph_gene_only	pheromone_receptor|fungal_mating_type_pheromone|caax_precursor	unverified	319	MFalpha|MFa|STE3	MAT	modelled_gene_bar	modelled_gene_bar=318;below_fraction_floor=1	best cluster carried 0 modelled gene(s), below the 2 required to report a locus; none of its genes could be modelled	HD2	HD1		1.0
GCA_036287355.1_ASM3628735v1	Tremellales	Cryptococcaceae	Kwoniella sp. CBS 6097	called	97.2	13655223	5	1	MAT	mat_locus	PAN6|MFalpha|STE3|RPL39	ok	5	FAO1|SXI1|SXI2	MAT	below_fraction_floor	modelled_gene_bar=4;below_fraction_floor=1					
GCA_036426225.1_ASM3642622v1	Tremellales	Cryptococcaceae	Cryptococcus sp. DSM 104548	called	95.6	1474773	14	1	MAT	mat_locus	FAO1|PAN6|MFalpha|STE3|RPL39	ok	5	FAO1|SXI1|SXI2|RPL39	MAT	below_fraction_floor	modelled_gene_bar=4;below_fraction_floor=1					
GCA_036427605.1_ASM3642760v1	Tremellales	Cryptococcaceae	Cryptococcus sp. DSM 104549	called	97.1	4020467	7	1	MAT	mat_locus	PAN6|MFa|STE3|SXI2|RPL39	ok	5	FAO1|SXI1|SXI2	MAT	below_fraction_floor	modelled_gene_bar=3;below_fraction_floor=2					
GCA_036428525.1_ASM3642852v1	Tremellales	Cryptococcaceae	Cryptococcus gattii	called	96.0	1333358	14	1	MAT	mat_locus	FAO1|PAN6|MFalpha|STE3|SXI1|SXI2|RPL39	ok	3	PAN6|MFalpha|SXI1	MAT	modelled_gene_bar	modelled_gene_bar=3					
GCA_036428585.1_ASM3642858v1	Tremellales	Cryptococcaceae	Kwoniella sp. CBS 9459	called	97.1	13071904	6	1	MAT	mat_locus	PAN6|MFa|STE3|RPL39	ok	2	FAO1|SXI1|SXI2	MAT	below_fraction_floor	modelled_gene_bar=1;below_fraction_floor=1					
GCA_036428645.1_ASM3642864v1	Tremellales	Cryptococcaceae	Kwoniella sp. DSM 27419	called	96.9	1531090	18	1	MAT	mat_locus	PAN6|MFalpha|MFa|STE3|RPL39	ok	2	FAO1|SXI1|SXI2	MAT	below_fraction_floor	modelled_gene_bar=1;below_fraction_floor=1					
GCA_036810365.1_ASM3681036v1	Tremellales	Cryptococcaceae	Kwoniella sp. B9012	called	96.9	18217905	3	1	MAT	mat_locus	FAO1|PAN6|MFa|STE3|RPL39	ok	4	FAO1|SXI1|SXI2	MAT	below_fraction_floor	modelled_gene_bar=3;below_fraction_floor=1					
GCA_037040185.1_ASM3704018v1	Trichosporonales	Trichosporonaceae	Pascua sp. M117-10A	uncalled	24.7	3341	4342	0					302	HD1|HD2	HD	modelled_gene_bar	modelled_gene_bar=301;below_fraction_floor=1	best cluster carried 1 modelled gene(s), below the 2 required to report a locus; only 1 of its genes could be modelled	HD1|HD2			1.0
GCA_037040355.1_ASM3704035v1	Trichosporonales	Trichosporonaceae	Cutaneotrichosporon sp. M94-02A	called	96.1	287939	97	1	PR	idiomorph_gene_only	pheromone_receptor|caax_precursor	unverified	319	pheromone_receptor|pheromone_B44|fungal_mating_type_pheromone	PR	modelled_gene_bar	modelled_gene_bar=318;below_fraction_floor=1	best cluster carried 1 modelled gene(s), below the 2 required to report a locus; only 1 of its genes could be modelled	HD1|MIP1	HD2		1.0
GCA_037040655.1_ASM3704065v1	Trichosporonales	Trichosporonaceae	Cutaneotrichosporon cutaneum	uncalled	96.7	83399	483	1					336	bbr2|bbp2-1|bbp2-5|bbp2-6	Bbeta	modelled_gene_bar	modelled_gene_bar=334;below_fraction_floor=2	best cluster carried 0 modelled gene(s), below the 2 required to report a locus; none of its genes could be modelled	HD2	HD1		1.0
GCA_037040775.1_ASM3704077v1	Trichosporonales	Trichosporonaceae	Cutaneotrichosporon cutaneum	uncalled	96.9	124295	325	1					344	bbr2|bbp2-1|bbp2-5|bbp2-6	Bbeta	modelled_gene_bar	modelled_gene_bar=343;below_fraction_floor=1	best cluster carried 0 modelled gene(s), below the 2 required to report a locus; none of its genes could be modelled	HD2	HD1		1.0
GCA_037041015.1_ASM3704101v1	Trichosporonales	Trichosporonaceae	Cutaneotrichosporon cutaneum	called	96.3	70473	563	1	PR	idiomorph_gene_only	pheromone_receptor|caax_precursor	unverified	326	bbr2|bbp2-1|bbp2-5|bbp2-6	Bbeta	modelled_gene_bar	modelled_gene_bar=325;below_fraction_floor=1	best cluster carried 0 modelled gene(s), below the 2 required to report a locus; none of its genes could be modelled	HD2	HD1		1.0
GCA_037041105.1_ASM3704110v1	Trichosporonales	Trichosporonaceae	Trichosporon asahii	uncalled	96.3	259224	170	1					302	pheromone_receptor|pheromone_B43|fungal_mating_type_pheromone	PR	modelled_gene_bar	modelled_gene_bar=302	best cluster carried 0 modelled gene(s), below the 2 required to report a locus; none of its genes could be modelled	HD2	HD1		1.0
GCA_037041245.1_ASM3704124v1	Trichosporonales	Trichosporonaceae	Cutaneotrichosporon cutaneum	uncalled	96.6	152673	268	1					339	bbr2|bbp2-1|bbp2-5|bbp2-6	Bbeta	modelled_gene_bar	modelled_gene_bar=337;below_fraction_floor=2	best cluster carried 0 modelled gene(s), below the 2 required to report a locus; none of its genes could be modelled	HD2	HD1		1.0
GCA_037041285.1_ASM3704128v1	Trichosporonales	Trichosporonaceae	Cutaneotrichosporon cutaneum	called	94.8	71251	518	1	PR	idiomorph_gene_only	pheromone_receptor|caax_precursor	unverified	331	bbr2|bbp2-1|bbp2-5|bbp2-6	Bbeta	modelled_gene_bar	modelled_gene_bar=330;below_fraction_floor=1	best cluster carried 0 modelled gene(s), below the 2 required to report a locus; none of its genes could be modelled	HD2	HD1		1.0
GCA_037041535.1_ASM3704153v1	Trichosporonales	Trichosporonaceae	Cutaneotrichosporon curvatum	called	94.6	276196	112	1	PR	idiomorph_gene_only	pheromone_receptor|fungal_mating_type_pheromone|caax_precursor	unverified	310	pheromone_receptor|pheromone_B43|fungal_mating_type_pheromone	PR	modelled_gene_bar	modelled_gene_bar=309;below_fraction_floor=1	best cluster carried 0 modelled gene(s), below the 2 required to report a locus; none of its genes could be modelled	HD1	HD2		1.0
GCA_037044125.1_ASM3704412v1	Trichosporonales	Trichosporonaceae	Trichosporon asahii	uncalled	96.1	614596	85	1					304	pheromone_receptor|pheromone_B43|fungal_mating_type_pheromone	PR	modelled_gene_bar	modelled_gene_bar=304	best cluster carried 0 modelled gene(s), below the 2 required to report a locus; none of its genes could be modelled	HD1|HD2			1.0
GCA_037177845.1_ASM3717784v1	Trichosporonales	Trichosporonaceae	Trichosporon asahii	uncalled	96.5	3458849	12	1					305	bbp2-5|bbp2-6|bbp2-8	Bbeta	modelled_gene_bar	modelled_gene_bar=305	best cluster carried 1 modelled gene(s), below the 2 required to report a locus; only 1 of its genes could be modelled	HD1|HD2|beta_fg			1.0
GCA_037575445.1_ASM3757544v1	Trichosporonales	Trichosporonaceae	Vanrija sp. CR7	called	96.5	3547269	8	1	PR	idiomorph_gene_only	pheromone_receptor|fungal_mating_type_pheromone|caax_precursor	unverified	355	pheromone_receptor|fungal_mating_type_pheromone	PR	modelled_gene_bar	modelled_gene_bar=354;below_fraction_floor=1	best cluster carried 1 modelled gene(s), below the 2 required to report a locus; only 1 of its genes could be modelled	HD1|HD2			1.0
GCA_037832395.1_ASM3783239v1	Filobasidiales	Filobasidiaceae	Naganishia diffluens	uncalled	91.4	804281	39	1					291	HD1|HD2|MIP1	HD	modelled_gene_bar	modelled_gene_bar=291	best cluster carried 0 modelled gene(s), below the 2 required to report a locus; none of its genes could be modelled	HD2	HD1		1.0
GCA_039545235.1_JCM_1775_assembly_v001	Cystofilobasidiales	Mrakiaceae	Mrakia aquatica	uncalled	91.2	974358	69	1					288	HD1|HD2|MIP1	HD	modelled_gene_bar	modelled_gene_bar=288	best cluster carried 1 modelled gene(s), below the 2 required to report a locus; only 1 of its genes could be modelled	HD1|HD2|MIP1			1.0
GCA_039545295.1_JCM_2958_assembly_v001	Cystofilobasidiales	Mrakiaceae	Udeniomyces pyricola	uncalled	91.2	951201	39	1					238	pheromone_receptor|fungal_mating_type_pheromone|caax_precursor	PR	modelled_gene_bar	modelled_gene_bar=238	best cluster carried 0 modelled gene(s), below the 2 required to report a locus; none of its genes could be modelled	bar3|bap3-3		bap3-1	1.0
GCA_039545355.1_JCM_2938_assembly_v001	Trichosporonales	Trichosporonaceae	Trichosporon coremiiforme	uncalled	96.4	1468191	178	1					339	mfa1|pra1	aLocus	modelled_gene_bar	modelled_gene_bar=338;below_fraction_floor=1	best cluster carried 1 modelled gene(s), below the 2 required to report a locus; only 1 of its genes could be modelled	HD1|MIP1	HD2		1.0
GCA_039545375.1_JCM_2941_assembly_v001	Trichosporonales	Trichosporonaceae	Trichosporon faecale	called	96.4	3677148	24	1	PR	idiomorph_gene_only	pheromone_receptor|caax_precursor	unverified	312	pheromone_receptor|pheromone_B43|fungal_mating_type_pheromone	PR	modelled_gene_bar	modelled_gene_bar=311;below_fraction_floor=1	best cluster carried 0 modelled gene(s), below the 2 required to report a locus; none of its genes could be modelled	HD2	HD1		1.0
GCA_039545395.1_JCM_3685_assembly_v001	Filobasidiales	Filobasidiaceae	Filobasidium uniguttulatum	called	91.0	1287436	39	1	PR	idiomorph_gene_only	pheromone_receptor|fungal_mating_type_pheromone|caax_precursor	unverified	244	pheromone_receptor|pheromone_B43|pheromone_B44	PR	modelled_gene_bar	modelled_gene_bar=243;below_fraction_floor=1	best cluster carried 1 modelled gene(s), below the 2 required to report a locus; only 1 of its genes could be modelled	HD1|MIP1	HD2		1.0
GCA_039545415.1_JCM_5269_assembly_v001	Cystofilobasidiales	Mrakiaceae	Udeniomyces megalosporus	uncalled	91.2	996105	42	1					260	HD1|HD2|MIP1	HD	modelled_gene_bar	modelled_gene_bar=260	best cluster carried 1 modelled gene(s), below the 2 required to report a locus; only 1 of its genes could be modelled	HD1|HD2|MIP1			1.0
GCA_040285315.1_ASM4028531v1	Trichosporonales	Trichosporonaceae	Apiotrichum cacaoliposimile	uncalled	96.8	433656	161	1					336	FAO1|MFa|SXI1	MAT	modelled_gene_bar	modelled_gene_bar=336	best cluster carried 0 modelled gene(s), below the 2 required to report a locus; none of its genes could be modelled	HD1	HD2		1.0
GCA_040362585.1_JCM_11330_assembly_v001	Tremellales	Phaeotremellaceae	Phaeotremella pseudofoliacea	called	97.2	602309	84	1	MAT	mat_locus	FAO1|PAN6|STE3	ok	3	FAO1|PAN6	MAT	modelled_gene_bar	modelled_gene_bar=2;below_fraction_floor=1					
GCA_040364805.1_JCM_9041_assembly_v001	Filobasidiales	Piskurozymaceae	Piskurozyma capsuligena	uncalled	94.1	1213694	33	1					247	pheromone_receptor|fungal_mating_type_pheromone|caax_precursor	PR	modelled_gene_bar	modelled_gene_bar=246;below_fraction_floor=1	best cluster carried 0 modelled gene(s), below the 2 required to report a locus; none of its genes could be modelled	HD2	HD1		1.0
GCA_040365635.1_JCM_9195_assembly_v001	Trichosporonales	Trichosporonaceae	Trichosporon inkin	uncalled	96.6	2740716	11	1					348	HD1|HD2|beta_fg	HD	modelled_gene_bar	modelled_gene_bar=345;below_fraction_floor=3	best cluster carried 1 modelled gene(s), below the 2 required to report a locus; only 1 of its genes could be modelled	HD1|HD2|beta_fg			1.0
GCA_040366565.1_JCM_11071_assembly_v001	Tremellales	Trimorphomycetaceae	Trimorphomyces papilionaceus	called	94.5	105515	808	1	MAT	mat_locus	FAO1|PAN6|STE3	ok	2	MFa|STE3	MAT	modelled_gene_bar	modelled_gene_bar=1;below_fraction_floor=1					
GCA_040368585.1_JCM_10408_assembly_v001	Cystofilobasidiales	Mrakiaceae	Tausonia pamirica	uncalled	88.9	571807	99	1					272	FAO1|STE3|SXI1	MAT	modelled_gene_bar	modelled_gene_bar=272	best cluster carried 1 modelled gene(s), below the 2 required to report a locus; only 1 of its genes could be modelled	HD1|HD2			1.0
GCA_040368705.1_JCM_10633_assembly_v001	Filobasidiales	Filobasidiaceae	Filobasidium globisporum	uncalled	91.0	180805	211	1					229	pheromone_receptor|fungal_mating_type_pheromone	PR	modelled_gene_bar	modelled_gene_bar=229	best cluster carried 1 modelled gene(s), below the 2 required to report a locus; only 1 of its genes could be modelled	HD1|HD2			1.0
GCA_040368805.1_JCM_9940_assembly_v001	Trichosporonales	Trichosporonaceae	Trichosporon ovoides	called	98.2	2824845	73	1	PR	idiomorph_gene_only	pheromone_receptor|caax_precursor;pheromone_receptor|caax_precursor	unverified	332	mfa1|pra1	aLocus	modelled_gene_bar	modelled_gene_bar=331;below_fraction_floor=1	best cluster carried 1 modelled gene(s), below the 2 required to report a locus; only 1 of its genes could be modelled	HD1|beta_fg	HD2		1.0
GCA_040370945.1_JCM_10632_assembly_v001	Filobasidiales	Filobasidiaceae	Filobasidium elegans	uncalled	91.3	170195	228	1					288	pheromone_receptor|fungal_mating_type_pheromone	PR	modelled_gene_bar	modelled_gene_bar=287;below_fraction_floor=1	best cluster carried 0 modelled gene(s), below the 2 required to report a locus; none of its genes could be modelled	HD2	HD1		1.0
GCA_040371455.1_JCM_9886_assembly_v001	Cystofilobasidiales	Mrakiaceae	Tausonia pullulans	uncalled	91.8	632413	92	1					278	PAN6|MFalpha|STE3	MAT	modelled_gene_bar	modelled_gene_bar=277;below_fraction_floor=1	best cluster carried 1 modelled gene(s), below the 2 required to report a locus; only 1 of its genes could be modelled	HD1|HD2			1.0
GCA_042257065.1_ASM4225706v1	Filobasidiales	Filobasidiaceae	Naganishia uzbekistanensis	uncalled	91.4	1251476	35	1					299	bE|bW	bLocus	modelled_gene_bar	modelled_gene_bar=299	best cluster carried 0 modelled gene(s), below the 2 required to report a locus; none of its genes could be modelled	HD1|HD2			1.0
GCA_043513835.1_ASM4351383v1	Tremellales	Cryptococcaceae	Cryptococcus neoformans	called	96.9	1411415	15	1	MAT	mat_locus	FAO1|PAN6|MFalpha|STE3|SXI1|RPL39	ok	1	PAN6|STE3	MAT	modelled_gene_bar	modelled_gene_bar=1					
GCA_043513845.1_ASM4351384v1	Tremellales	Cryptococcaceae	Cryptococcus neoformans	called	97.0	1402673	14	1	MAT	mat_locus	FAO1|PAN6|MFalpha|STE3|SXI1|RPL39	ok	1	PAN6|STE3	MAT	modelled_gene_bar	modelled_gene_bar=1					
GCA_044759035.1_assemblyCBS2479Flye29_v2	Trichosporonales	Trichosporonaceae	Trichosporon asahii	called	96.4	2305946	19	1	PR	idiomorph_gene_only	pheromone_receptor|pheromone_B44|caax_precursor	unverified	323	pheromone_receptor|fungal_mating_type_pheromone	PR	modelled_gene_bar	modelled_gene_bar=323	best cluster carried 0 modelled gene(s), below the 2 required to report a locus; none of its genes could be modelled	HD2	HD1		1.0
GCA_046618805.1_ARY7_IHBT_1.1	Filobasidiales	Filobasidiaceae	Naganishia liquefaciens	uncalled	89.8	375682	198	1					272	HD1|HD2	HD	modelled_gene_bar	modelled_gene_bar=270;below_fraction_floor=2	best cluster carried 1 modelled gene(s), below the 2 required to report a locus; only 1 of its genes could be modelled	HD1|HD2			1.0
GCA_046867365.1_ASM4686736v1	Cystofilobasidiales	Mrakiaceae	Tausonia pullulans	uncalled	83.9	31393	1152	1					244	HD1|HD2	HD	modelled_gene_bar	modelled_gene_bar=244	best cluster carried 0 modelled gene(s), below the 2 required to report a locus; none of its genes could be modelled	HD2	HD1		1.0
GCA_047772335.1_ASM4777233v1	Cystofilobasidiales	Cystofilobasidiaceae	Cystofilobasidium infirmominiatum	called	88.7	1228412	22	1	PR	idiomorph_gene_only	pheromone_receptor|fungal_mating_type_pheromone|caax_precursor	unverified	303	bar3|bap3-1|bap3-3	Balpha	modelled_gene_bar	modelled_gene_bar=302;below_fraction_floor=1	best cluster carried 1 modelled gene(s), below the 2 required to report a locus; only 1 of its genes could be modelled	HD1|beta_fg	HD2		1.0
GCA_048772795.1_ASM4877279v1	Trichosporonales	Trichosporonaceae	Apiotrichum loubieri	called	88.4	64063	1659	1	PR	idiomorph_gene_only	pheromone_receptor|caax_precursor	unverified	310	HD1|HD2	HD	modelled_gene_bar	modelled_gene_bar=309;below_fraction_floor=1	best cluster carried 1 modelled gene(s), below the 2 required to report a locus; only 1 of its genes could be modelled	HD1|HD2			1.0
GCA_048933775.1_ASM4893377v1	Tremellales	Bulleribasidiaceae	Dioszegia buhagiarii	called	96.3	367827	125	1	MAT	mat_locus	PAN6|STE3|RPL39	ok	2	STE3|SXI2	MAT	modelled_gene_bar	modelled_gene_bar=2					
GCA_048933815.1_ASM4893381v1	Tremellales	Bulleribasidiaceae	Dioszegia aurantiaca	called	96.3	623139	94	1	MAT	mat_locus	PAN6|STE3|RPL39	ok	4	STE3|SXI2	MAT	modelled_gene_bar	modelled_gene_bar=3;below_fraction_floor=1					
GCA_048933885.1_ASM4893388v1	Tremellales	Bulleribasidiaceae	Dioszegia aurantiaca	called	96.4	559685	79	1	MAT	mat_locus	PAN6|STE3|RPL39	ok	3	PAN6|SXI2	MAT	modelled_gene_bar	modelled_gene_bar=2;below_fraction_floor=1					
GCA_048933955.1_ASM4893395v1	Tremellales	Bulleribasidiaceae	Dioszegia fristingensis	called	96.6	827001	47	1	MAT	mat_locus	PAN6|STE3|SXI2|RPL39	ok	4	PAN6|SXI2	MAT	modelled_gene_bar	modelled_gene_bar=3;below_fraction_floor=1					
GCA_048933985.1_ASM4893398v1	Tremellales	Bulleribasidiaceae	Dioszegia fristingensis	called	96.1	900880	35	1	MAT	mat_locus	PAN6|STE3|SXI2|RPL39	ok	3	FAO1|SXI2	MAT	modelled_gene_bar	modelled_gene_bar=2;below_fraction_floor=1					
GCA_048934005.1_ASM4893400v1	Tremellales	Bulleribasidiaceae	Dioszegia catarinoi	called	96.6	1512672	19	1	MAT	mat_locus	PAN6|MFalpha|STE3|RPL39	ok	3	FAO1|STE3|SXI2	MAT	modelled_gene_bar	modelled_gene_bar=2;below_fraction_floor=1					
GCA_048934115.1_ASM4893411v1	Tremellales	Bulleribasidiaceae	Dioszegia takashimae	called	96.6	398338	162	1	MAT	mat_locus	PAN6|MFalpha|STE3|RPL39	ok	8	FAO1|STE3|SXI2	MAT	modelled_gene_bar	modelled_gene_bar=7;below_fraction_floor=1					
GCA_048934135.1_ASM4893413v1	Tremellales	Bulleribasidiaceae	Dioszegia hungarica	called	95.5	594582	97	1	MAT	mat_locus	PAN6|STE3|RPL39	ok	7	FAO1|SXI2	MAT	modelled_gene_bar	modelled_gene_bar=6;below_fraction_floor=1					
GCA_048934165.1_ASM4893416v1	Tremellales	Bulleribasidiaceae	Dioszegia hungarica	called	96.1	3022140	20	1	MAT	mat_locus	PAN6|STE3|RPL39	ok	3	FAO1|STE3|SXI2	MAT	modelled_gene_bar	modelled_gene_bar=2;below_fraction_floor=1					
GCA_048934175.1_ASM4893417v1	Tremellales	Bulleribasidiaceae	Dioszegia hungarica	called	95.5	10859683	21	1	MAT	mat_locus	PAN6|STE3|RPL39	ok	8	FAO1|STE3|SXI2	MAT	modelled_gene_bar	modelled_gene_bar=8					
GCA_049242505.1_ASM4924250v1	Tremellales	Cryptococcaceae	Cryptococcus neoformans	called	97.4	1396440	15	1	MAT	mat_locus	FAO1|PAN6|MFalpha|STE3|SXI1|RPL39	ok	1	PAN6|STE3	MAT	modelled_gene_bar	modelled_gene_bar=1					
GCA_049354935.1_ASM4935493v1	Tremellales	Bulleraceae	Fonsecazyma sp. YL-2025a	called	96.5	2256579	24	1	MAT	mat_locus	FAO1|PAN6|STE3|SXI2|RPL39	ok	1	SXI1|SXI2	MAT	below_fraction_floor	below_fraction_floor=1					
GCA_049354965.1_ASM4935496v1	Tremellales	Bulleraceae	Fonsecazyma sp. YL-2025a	called	96.4	894352	43	1	MAT	mat_locus	FAO1|PAN6|STE3|SXI2|RPL39	ok	1	SXI1|SXI2	MAT	below_fraction_floor	below_fraction_floor=1					
GCA_049862265.1_ASM4986226v1	Trichosporonales	Trichosporonaceae	Trichosporon sp. YKP15-1	uncalled	96.4	696176	78	1					281	HD1|HD2|MIP1	HD	modelled_gene_bar	modelled_gene_bar=280;below_fraction_floor=1	best cluster carried 1 modelled gene(s), below the 2 required to report a locus; only 1 of its genes could be modelled	HD2|MIP1	HD1		1.0
GCA_049862715.1_ASM4986271v1	Trichosporonales	Trichosporonaceae	Trichosporon sp. YK15P-1	uncalled	96.4	696176	78	1					281	HD1|HD2|MIP1	HD	modelled_gene_bar	modelled_gene_bar=280;below_fraction_floor=1	best cluster carried 1 modelled gene(s), below the 2 required to report a locus; only 1 of its genes could be modelled	HD2|MIP1	HD1		1.0
GCA_050084555.1_ASM5008455v1	Trichosporonales	Trichosporonaceae	Trichosporon austroamericanum	called	97.0	3401721	9	1	PR	idiomorph_gene_only	pheromone_receptor|caax_precursor	unverified	313	bbp2-2|bbp2-6|bbp2-8	Bbeta	modelled_gene_bar	modelled_gene_bar=313	best cluster carried 0 modelled gene(s), below the 2 required to report a locus; none of its genes could be modelled	HD2	HD1		1.0
GCA_050230355.1_ASM5023035v1	Filobasidiales	Filobasidiaceae	Naganishia friedmannii	uncalled	88.0	567297	116	1					276	HD1|HD2|MIP1	HD	modelled_gene_bar	modelled_gene_bar=273;below_fraction_floor=3	best cluster carried 0 modelled gene(s), below the 2 required to report a locus; none of its genes could be modelled	HD2|MIP1	HD1		1.0
GCA_050231025.1_ASM5023102v1	Tremellales	Tremellaceae	Tremella fuciformis	called	96.0	1937111	26	1	MAT	mat_locus	PAN6|STE3|RPL39	ok	5	FAO1|MFa|STE3|SXI2	MAT	modelled_gene_bar	modelled_gene_bar=4;below_fraction_floor=1					
GCA_050494495.1_ASM5049449v1	Cystofilobasidiales	Mrakiaceae	Mrakia stelviica	called	91.3	493493	133	1	PR	idiomorph_gene_only	pheromone_receptor|caax_precursor	unverified	257	bE|bW	bLocus	modelled_gene_bar	modelled_gene_bar=257	best cluster carried 0 modelled gene(s), below the 2 required to report a locus; none of its genes could be modelled	HD2	HD1		1.0
GCA_051020585.1_ASM5102058v1	Trichosporonales	Trichosporonaceae	Apiotrichum loubieri	called	88.4	64063	1659	1	PR	idiomorph_gene_only	pheromone_receptor|caax_precursor	unverified	310	HD1|HD2	HD	modelled_gene_bar	modelled_gene_bar=309;below_fraction_floor=1	best cluster carried 1 modelled gene(s), below the 2 required to report a locus; only 1 of its genes could be modelled	HD1|HD2			1.0
GCA_051034095.1_ASM5103409v1	Trichosporonales	Trichosporonaceae	Apiotrichum loubieri	called	88.4	64063	1659	1	PR	idiomorph_gene_only	pheromone_receptor|caax_precursor	unverified	310	HD1|HD2	HD	modelled_gene_bar	modelled_gene_bar=309;below_fraction_floor=1	best cluster carried 1 modelled gene(s), below the 2 required to report a locus; only 1 of its genes could be modelled	HD1|HD2			1.0
GCA_051295775.1_ASM5129577v1	Tremellales	Cryptococcaceae	Cryptococcus neoformans	called	97.1	201222	189	1	MAT	partial_locus	FAO1|SXI1	ok	2	PAN6|STE3	MAT	modelled_gene_bar	modelled_gene_bar=1;below_fraction_floor=1					
GCA_051295785.1_ASM5129578v1	Tremellales	Cryptococcaceae	Cryptococcus neoformans	called	96.5	360846	135	1	MAT	partial_locus	FAO1|SXI1	ok	3	STE3|SXI2	MAT	modelled_gene_bar	modelled_gene_bar=2;below_fraction_floor=1					
GCA_051557425.1_TUD_CryArg_v1.0	Trichosporonales	Tetragoniomycetaceae	Cryptotrichosporon argae	called	95.6	1451060	13	1	MAT|PR	idiomorph_gene_only	MFalpha|STE3|SXI1;pheromone_receptor|caax_precursor	ok|unverified	330	MFa|STE3|SXI2	MAT	modelled_gene_bar	modelled_gene_bar=329;below_fraction_floor=1	best cluster carried 1 modelled gene(s), below the 2 required to report a locus; only 1 of its genes could be modelled	HD2|MIP1	HD1		1.0
GCA_051622635.1_ASM5162263v1	Trichosporonales	Trichosporonaceae	Trichosporon austroamericanum	called	96.7	2953928	13	1	PR	idiomorph_gene_only	pheromone_receptor|caax_precursor	unverified	313	PAN6|MFa|RPL39	MAT	modelled_gene_bar	modelled_gene_bar=313	best cluster carried 0 modelled gene(s), below the 2 required to report a locus; none of its genes could be modelled	HD1|HD2			1.0
GCA_051622715.1_ASM5162271v1	Trichosporonales	Trichosporonaceae	Trichosporon austroamericanum	called	95.4	131966	319	1	PR	idiomorph_gene_only	pheromone_receptor|caax_precursor	unverified	318	pheromone_receptor|fungal_mating_type_pheromone	PR	modelled_gene_bar	modelled_gene_bar=318	best cluster carried 0 modelled gene(s), below the 2 required to report a locus; none of its genes could be modelled	HD2	HD1		1.0
GCA_051858795.1_Bt63a_genome	Tremellales	Cryptococcaceae	Cryptococcus neoformans	called	96.9	1378042	15	1	MAT	mat_locus	FAO1|PAN6|MFa|STE3|SXI2|RPL39	ok	4	STE3|SXI2	MAT	modelled_gene_bar	modelled_gene_bar=4					
GCA_051858875.1_IUM96-2828a_genome	Tremellales	Cryptococcaceae	Cryptococcus neoformans	called	96.9	1417700	15	1	MAT	mat_locus	FAO1|PAN6|MFa|STE3|SXI2|RPL39	ok	2	STE3|SXI2	MAT	modelled_gene_bar	modelled_gene_bar=2					
GCA_051942825.1_Avhsi_1.1	Trichosporonales	Trichosporonaceae	Apiotrichum veenhuisii	called	96.8	87020	643	1	PR	idiomorph_gene_only	pheromone_receptor|caax_precursor	unverified	297	bap3-1|bap3-3	Balpha	modelled_gene_bar	modelled_gene_bar=297	best cluster carried 0 modelled gene(s), below the 2 required to report a locus; none of its genes could be modelled	bW	bE		1.0
GCA_051944055.2_ASM5194405v2	Trichosporonales	Trichosporonaceae	Trichosporon ovoides	called	97.5	30951	2152	1	PR	idiomorph_gene_only	pheromone_receptor|caax_precursor;pheromone_receptor|caax_precursor	unverified	359	HD1|HD2	HD	modelled_gene_bar	modelled_gene_bar=358;below_fraction_floor=1	best cluster carried 0 modelled gene(s), below the 2 required to report a locus; none of its genes could be modelled	HD2	HD1		1.0
GCA_052054965.2_ASM5205496v2	Trichosporonales	Trichosporonaceae	Trichosporon ovoides	called	94.8	27361	1251	1	PR	idiomorph_gene_only	pheromone_receptor|caax_precursor	unverified	329	HD2|MIP1	HD	modelled_gene_bar	modelled_gene_bar=328;below_fraction_floor=1	best cluster carried 1 modelled gene(s), below the 2 required to report a locus; only 1 of its genes could be modelled	HD1|MIP1	HD2		1.0
GCA_052055005.2_ASM5205500v2	Trichosporonales	Trichosporonaceae	Trichosporon ovoides	called	94.5	31566	1132	1	PR	idiomorph_gene_only	pheromone_receptor|caax_precursor	unverified	323	pheromone_receptor|fungal_mating_type_pheromone	PR	modelled_gene_bar	modelled_gene_bar=322;below_fraction_floor=1	best cluster carried 1 modelled gene(s), below the 2 required to report a locus; only 1 of its genes could be modelled	HD1|MIP1	HD2		1.0
GCA_052625715.1_BC_Ftc239-1_1.1	Tremellales	Cryptococcaceae	Cryptococcus neoformans	called	97.1	1386069	15	1	MAT	mat_locus	FAO1|PAN6|MFalpha|STE3|SXI1|RPL39	ok	4	STE3|SXI2	MAT	modelled_gene_bar	modelled_gene_bar=4					
GCA_052935135.1_ASM5293513v1	Tremellales	Bulleribasidiaceae	Vishniacozyma dimennae	called	96.3	397001	91	1	MAT	mat_locus	PAN6|STE3	ok	4	FAO1|SXI2	MAT	modelled_gene_bar	modelled_gene_bar=3;below_fraction_floor=1					
GCA_053525075.1_ASM5352507v1	Tremellales	Cryptococcaceae	Cryptococcus neoformans	called	96.7	1673810	14	1	MAT	mat_locus	FAO1|PAN6|MFalpha|STE3|SXI1|RPL39	ok	2	MFalpha|STE3	MAT	modelled_gene_bar	modelled_gene_bar=2					
GCA_053525085.1_ASM5352508v1	Tremellales	Cryptococcaceae	Cryptococcus neoformans	called	96.9	1522076	14	1	MAT	mat_locus	FAO1|PAN6|MFalpha|STE3|SXI1|RPL39	ok	2	MFalpha|STE3	MAT	modelled_gene_bar	modelled_gene_bar=2					
GCA_053525095.1_ASM5352509v1	Tremellales	Cryptococcaceae	Cryptococcus neoformans	called	96.9	1657338	14	1	MAT	mat_locus	FAO1|PAN6|MFalpha|STE3|SXI1|RPL39	ok	2	MFalpha|STE3	MAT	modelled_gene_bar	modelled_gene_bar=2					
GCA_053525135.1_ASM5352513v1	Tremellales	Cryptococcaceae	Cryptococcus neoformans	called	97.3	1423301	14	1	MAT	mat_locus	FAO1|PAN6|MFalpha|STE3|SXI1|RPL39	ok	1	PAN6|STE3	MAT	modelled_gene_bar	modelled_gene_bar=1					
GCA_053525145.1_ASM5352514v1	Tremellales	Cryptococcaceae	Cryptococcus neoformans	called	97.2	1423441	14	1	MAT	mat_locus	FAO1|PAN6|MFalpha|STE3|SXI1|RPL39	ok	1	PAN6|STE3	MAT	modelled_gene_bar	modelled_gene_bar=1					
GCA_053525155.1_ASM5352515v1	Tremellales	Cryptococcaceae	Cryptococcus neoformans	called	97.1	1412701	14	1	MAT	mat_locus	FAO1|PAN6|MFalpha|STE3|SXI1|SXI2|RPL39	ok	2	FAO1|MFa	MAT	modelled_gene_bar	modelled_gene_bar=2					
GCA_053525195.1_ASM5352519v1	Tremellales	Cryptococcaceae	Cryptococcus neoformans	called	97.1	1407729	14	1	MAT	mat_locus	FAO1|PAN6|MFalpha|STE3|SXI1|SXI2|RPL39	ok	2	FAO1|MFa	MAT	modelled_gene_bar	modelled_gene_bar=2					
GCA_053525205.1_ASM5352520v1	Tremellales	Cryptococcaceae	Cryptococcus neoformans	called	96.9	1384732	14	1	MAT	mat_locus	FAO1|PAN6|MFalpha|STE3|SXI1|RPL39	ok	2	MFalpha|STE3	MAT	modelled_gene_bar	modelled_gene_bar=2					
GCA_053525215.1_ASM5352521v1	Tremellales	Cryptococcaceae	Cryptococcus neoformans	called	96.9	1384728	14	1	MAT	mat_locus	FAO1|PAN6|MFalpha|STE3|SXI1|RPL39	ok	2	MFalpha|STE3	MAT	modelled_gene_bar	modelled_gene_bar=2					
GCA_053769895.1_ASM5376989v1	Tremellales	Tremellaceae	Tremella fuciformis	called	96.6	1936814	37	1	MAT	mat_locus	PAN6|STE3|RPL39	ok	9	FAO1|PAN6|SXI1|SXI2	MAT	modelled_gene_bar	modelled_gene_bar=9					
GCA_054443055.1_ASM5444305v1	Tremellales	Cryptococcaceae	Teunia sp. JHT-P17	called	97.4	446252	132	1	MAT	mat_locus	PAN6|MFalpha|STE3|SXI2|RPL39	ok	5	FAO1|PAN6|STE3|SXI2	MAT	modelled_gene_bar	modelled_gene_bar=4;below_fraction_floor=1					
GCA_054471055.1_ASM5447105v1	Tremellales	Bulleraceae	Pseudotremella sp. YL-2025a	called	95.8	856280	60	1	MAT	mat_locus	PAN6|STE3|RPL39	ok	5	PAN6|STE3|SXI2	MAT	modelled_gene_bar	modelled_gene_bar=4;below_fraction_floor=1					
GCA_054856935.1_ASM5485693v1	Trichosporonales	Trichosporonaceae	Trichosporon austroamericanum	called	97.0	3401732	8	1	PR	idiomorph_gene_only	pheromone_receptor|caax_precursor	unverified	314	bbp2-2|bbp2-6|bbp2-8	Bbeta	modelled_gene_bar	modelled_gene_bar=314	best cluster carried 0 modelled gene(s), below the 2 required to report a locus; none of its genes could be modelled	HD2	HD1		1.0
GCA_054856965.1_ASM5485696v1	Trichosporonales	Trichosporonaceae	Trichosporon austroamericanum	called	96.9	3401717	8	1	PR	idiomorph_gene_only	pheromone_receptor|caax_precursor	unverified	313	bbp2-2|bbp2-6|bbp2-8	Bbeta	modelled_gene_bar	modelled_gene_bar=313	best cluster carried 0 modelled gene(s), below the 2 required to report a locus; none of its genes could be modelled	HD2	HD1		1.0
GCA_054857015.1_ASM5485701v1	Trichosporonales	Trichosporonaceae	Trichosporon austroamericanum	called	96.5	3401386	8	1	PR	idiomorph_gene_only	pheromone_receptor|caax_precursor	unverified	314	bbp2-2|bbp2-6|bbp2-8	Bbeta	modelled_gene_bar	modelled_gene_bar=314	best cluster carried 0 modelled gene(s), below the 2 required to report a locus; none of its genes could be modelled	HD2	HD1		1.0
GCA_054858165.1_ASM5485816v1	Tremellales	Trimorphomycetaceae	Saitozyma sp. SH1	called	95.5	1445175	17	1	MAT	mat_locus	FAO1|PAN6|STE3|RPL39	ok	7	FAO1|STE3	MAT	modelled_gene_bar	modelled_gene_bar=6;below_fraction_floor=1					
GCA_055761815.1_ASM5576181v1	Tremellales	Cryptococcaceae	Kwoniella sp. UNSW_COCOA_06	called	78.2	304532	78	1	MAT	mat_locus	PAN6|MFa|STE3	ok	7	STE3|SXI2	MAT	modelled_gene_bar	modelled_gene_bar=6;below_fraction_floor=1					
GCA_055761855.1_ASM5576185v1	Tremellales	Cryptococcaceae	Kwoniella sp. UNSW_COCOA_04	called	95.5	420497	94	1	MAT	mat_locus	PAN6|STE3	ok	6	PAN6|STE3|SXI1	MAT	modelled_gene_bar	modelled_gene_bar=5;below_fraction_floor=1					
GCA_055769325.1_ASM5576932v1	Tremellales	Cryptococcaceae	Cryptococcus neoformans	called	65.2	170860	152	0	MAT	partial_locus	FAO1|SXI1	ok	1	PAN6|MFa|STE3	MAT	modelled_gene_bar	modelled_gene_bar=1					
GCA_055769345.1_ASM5576934v1	Tremellales	Cryptococcaceae	Cryptococcus neoformans	called	96.2	153969	259	1	MAT	partial_locus	FAO1|SXI1	ok	1	PAN6|STE3	MAT	modelled_gene_bar	modelled_gene_bar=1					
GCA_055769425.1_ASM5576942v1	Trichosporonales	Trichosporonaceae	Trichosporon austroamericanum	called	96.8	1757665	25	1	PR	idiomorph_gene_only	pheromone_receptor|caax_precursor	unverified	312	bbp2-2|bbp2-6|bbp2-8	Bbeta	modelled_gene_bar	modelled_gene_bar=312	best cluster carried 0 modelled gene(s), below the 2 required to report a locus; none of its genes could be modelled	HD1|HD2			1.0
GCA_055769455.1_ASM5576945v1	Trichosporonales	Trichosporonaceae	Trichosporon austroamericanum	called	97.1	1382522	30	1	PR	idiomorph_gene_only	pheromone_receptor|caax_precursor	unverified	314	bbp2-2|bbp2-6|bbp2-8	Bbeta	modelled_gene_bar	modelled_gene_bar=314	best cluster carried 0 modelled gene(s), below the 2 required to report a locus; none of its genes could be modelled	HD1|HD2			1.0
GCA_055944265.1_ASM5594426v1	Trichosporonales	Trichosporonaceae	Trichosporon asahii	called	95.7	414355	102	1	PR	idiomorph_gene_only	pheromone_receptor|caax_precursor	unverified	296	HD1|HD2	HD	modelled_gene_bar	modelled_gene_bar=296	best cluster carried 0 modelled gene(s), below the 2 required to report a locus; none of its genes could be modelled	HD2	HD1		1.0
GCA_056149945.1_EIMB_Valb_LG2_1.0	Trichosporonales	Trichosporonaceae	Vanrija albida	called	96.5	3545599	7	1	PR	idiomorph_gene_only	pheromone_receptor|fungal_mating_type_pheromone|caax_precursor	unverified	351	bE|bW	bLocus	modelled_gene_bar	modelled_gene_bar=350;below_fraction_floor=1	best cluster carried 1 modelled gene(s), below the 2 required to report a locus; only 1 of its genes could be modelled	HD1|HD2			1.0
GCA_056608265.1_ASM5660826v1	Tremellales	Cryptococcaceae	Cryptococcus sp. DSM 111205	called	95.8	129374	253	1	MAT	mat_locus	PAN6|MFalpha|STE3	ok	7	FAO1|STE3|SXI1	MAT	modelled_gene_bar	modelled_gene_bar=6;below_fraction_floor=1					
GCA_056608275.1_ASM5660827v1	Tremellales	Cryptococcaceae	Kwoniella europaea	called	97.0	582001	71	1	MAT	mat_locus	FAO1|PAN6|MFalpha|STE3|RPL39	ok	2	FAO1|SXI1|SXI2	MAT	below_fraction_floor	modelled_gene_bar=1;below_fraction_floor=1					
GCA_056608305.1_ASM5660830v1	Tremellales	Cryptococcaceae	Kwoniella botswanensis	called	96.9	1072502	35	1	MAT	mat_locus	FAO1|PAN6|MFa|STE3|RPL39	ok	3	FAO1|SXI1|SXI2	MAT	below_fraction_floor	modelled_gene_bar=2;below_fraction_floor=1					
GCA_056608965.1_ASM5660896v1	Tremellales	Cryptococcaceae	Cryptococcus neoformans	called	97.0	1394315	14	1	MAT	mat_locus	FAO1|PAN6|MFa|STE3|SXI2|RPL39	ok	1	PAN6|STE3	MAT	modelled_gene_bar	modelled_gene_bar=1					
GCA_056621495.1_ASM5662149v1	Tremellales	Cryptococcaceae	Cryptococcus neoformans	called	96.7	1432555	14	1	MAT	mat_locus	FAO1|PAN6|MFalpha|STE3|SXI1|RPL39	ok	2	PAN6|STE3	MAT	modelled_gene_bar	modelled_gene_bar=2					
GCA_056621545.1_ASM5662154v1	Tremellales	Cryptococcaceae	Cryptococcus deneoformans	called	96.1	1439844	14	1	MAT	mat_locus	FAO1|PAN6|MFa|STE3|SXI2|RPL39	ok	2	STE3|SXI1	MAT	modelled_gene_bar	modelled_gene_bar=2					
GCA_056622355.1_ASM5662235v1	Tremellales	Cryptococcaceae	Cryptococcus neoformans	called	97.1	1378704	14	1	MAT	mat_locus	FAO1|PAN6|MFa|STE3|SXI2|RPL39	ok	2	PAN6|STE3	MAT	modelled_gene_bar	modelled_gene_bar=2					
GCA_056622635.1_ASM5662263v1	Tremellales	Cryptococcaceae	Cryptococcus neoformans	called	97.4	1397779	14	1	MAT	mat_locus	FAO1|PAN6|MFalpha|STE3|SXI1|RPL39	ok	1	PAN6|STE3	MAT	modelled_gene_bar	modelled_gene_bar=1					
GCA_056632715.1_ASM5663271v1	Tremellales	Cryptococcaceae	Cryptococcus neoformans	called	97.1	1397765	14	1	MAT	mat_locus	FAO1|PAN6|MFalpha|STE3|SXI1|RPL39	ok	2	STE3|SXI2	MAT	modelled_gene_bar	modelled_gene_bar=2					
GCA_056632815.1_ASM5663281v1	Tremellales	Cryptococcaceae	Cryptococcus neoformans	called	96.9	1414733	14	1	MAT	mat_locus	FAO1|PAN6|MFa|STE3|SXI2|RPL39	ok	1	PAN6|STE3	MAT	modelled_gene_bar	modelled_gene_bar=1					
GCA_056632835.1_ASM5663283v1	Tremellales	Cryptococcaceae	Cryptococcus neoformans	called	97.1	1415300	14	1	MAT	mat_locus	FAO1|PAN6|MFalpha|STE3|SXI1|RPL39	ok	1	PAN6|STE3	MAT	modelled_gene_bar	modelled_gene_bar=1					
GCA_056632855.1_ASM5663285v1	Tremellales	Cryptococcaceae	Cryptococcus deneoformans	called	96.3	1451568	14	1	MAT	mat_locus	FAO1|PAN6|MFalpha|STE3|SXI1|RPL39	ok	1	STE3|SXI1	MAT	modelled_gene_bar	modelled_gene_bar=1					
GCA_056632875.1_ASM5663287v1	Tremellales	Cryptococcaceae	Kwoniella ovata	called	97.1	2205412	11	1	MAT	mat_locus	PAN6|MFalpha|MFa|STE3|RPL39	ok	1	FAO1|SXI1|SXI2	MAT	below_fraction_floor	below_fraction_floor=1					
GCA_056632885.1_ASM5663288v1	Tremellales	Cryptococcaceae	Cryptococcus neoformans	called	96.7	1405532	14	1	MAT	mat_locus	FAO1|PAN6|MFa|STE3|SXI2|RPL39	ok	1	PAN6|STE3	MAT	modelled_gene_bar	modelled_gene_bar=1					
GCA_056632915.1_ASM5663291v1	Tremellales	Cryptococcaceae	Kwoniella fici	called	97.2	14323305	5	1	MAT	mat_locus	PAN6|MFalpha|STE3|SXI1|SXI2|RPL39	ok	3	STE3|SXI1	MAT	modelled_gene_bar	modelled_gene_bar=3					
GCA_056632935.1_ASM5663293v1	Tremellales	Cryptococcaceae	Cryptococcus deuterogattii	called	96.4	1315755	14	1	MAT	mat_locus	FAO1|PAN6|MFa|STE3|SXI2|RPL39	ok	3	FAO1|MFalpha|SXI1	MAT	modelled_gene_bar	modelled_gene_bar=3					
GCA_056632945.1_ASM5663294v1	Tremellales	Cryptococcaceae	Cryptococcus deneoformans	called	96.1	1420266	14	1	MAT	mat_locus	FAO1|PAN6|MFa|STE3|SXI2|RPL39	ok	2	STE3|SXI1	MAT	modelled_gene_bar	modelled_gene_bar=2					
GCA_056632975.1_ASM5663297v1	Tremellales	Cryptococcaceae	Cryptococcus sp. CMW60451	called	95.5	1329347	13	1	MAT	mat_locus	PAN6|MFalpha|STE3|SXI2|RPL39	ok	1	FAO1|SXI1	MAT	modelled_gene_bar	modelled_gene_bar=1					
GCA_056632995.1_ASM5663299v1	Tremellales	Cryptococcaceae	Cryptococcus deneoformans	called	96.3	1420967	15	1	MAT	mat_locus	FAO1|PAN6|MFa|STE3|SXI2|RPL39	ok	2	STE3|SXI1	MAT	modelled_gene_bar	modelled_gene_bar=2					
GCA_056747475.1_ASM5674747v1	Tremellales	Naemateliaceae	Naematelia sinensis	called	96.1	1822644	12	1	MAT	mat_locus	FAO1|PAN6|STE3|RPL39	ok	5	FAO1|SXI2	MAT	modelled_gene_bar	modelled_gene_bar=4;below_fraction_floor=1					
GCA_056747515.1_ASM5674751v1	Tremellales	Naemateliaceae	Naematelia sinensis	called	96.1	1806269	12	1	MAT	mat_locus	FAO1|PAN6|STE3|RPL39	ok	3	FAO1|SXI2	MAT	modelled_gene_bar	modelled_gene_bar=2;below_fraction_floor=1					
GCA_056747525.1_ASM5674752v1	Tremellales	Naemateliaceae	Naematelia sinensis	called	96.1	1790702	12	1	MAT	mat_locus	FAO1|PAN6|STE3|RPL39	ok	4	FAO1|SXI2	MAT	modelled_gene_bar	modelled_gene_bar=3;below_fraction_floor=1					
GCA_056747565.1_ASM5674756v1	Tremellales	Naemateliaceae	Naematelia sinensis	called	96.0	1800430	12	1	MAT	mat_locus	FAO1|PAN6|STE3|RPL39	ok	4	FAO1|SXI2	MAT	modelled_gene_bar	modelled_gene_bar=3;below_fraction_floor=1					
GCA_056747655.1_ASM5674765v1	Trichosporonales	Trichosporonaceae	Cutaneotrichosporon sp. M503	called	94.7	41273	994	1	PR	idiomorph_gene_only	pheromone_receptor|caax_precursor	unverified	301	MFalpha|STE3|SXI2	MAT	modelled_gene_bar	modelled_gene_bar=298;below_fraction_floor=3	best cluster carried 0 modelled gene(s), below the 2 required to report a locus; none of its genes could be modelled	HD2	HD1		1.0
GCA_057128035.1_ASM5712803v1	Tremellales	Cuniculitremaceae	Kockovaella fuzhouensis	called	96.7	3168627	8	1	MAT	mat_locus	PAN6|STE3|RPL39	ok	3	FAO1|SXI1|SXI2	MAT	below_fraction_floor	modelled_gene_bar=2;below_fraction_floor=1					
GCA_057381315.1_CN_clin_2024	Tremellales	Cryptococcaceae	Cryptococcus neoformans	called	97.3	1474793	14	1	MAT	mat_locus	FAO1|PAN6|MFa|STE3|SXI2|RPL39	ok	1	PAN6|STE3	MAT	modelled_gene_bar	modelled_gene_bar=1					
GCA_057715475.1_CBS7821_hap2	Tremellales	Cryptococcaceae	Cryptococcus neoformans x Cryptococcus deneoformans	uncalled	92.5	1388125	15	1					2	STE3|SXI2	MAT	modelled_gene_bar	modelled_gene_bar=2	best cluster carried 0 modelled gene(s), below the 2 required to report a locus; none of its genes could be modelled	STE3|SXI2	FAO1|PAN6	MFa|MFalpha|RPL39	0.5
GCA_057715485.1_881205_hap2	Tremellales	Cryptococcaceae	Cryptococcus neoformans x Cryptococcus deneoformans	called	95.1	1422676	14	1	MAT	mat_locus	FAO1|PAN6|MFalpha|STE3|SXI1|RPL39	ok	2	FAO1|MFa	MAT	modelled_gene_bar	modelled_gene_bar=2					
GCA_057715595.1_CBS132_hap2	Tremellales	Cryptococcaceae	Cryptococcus neoformans x Cryptococcus deneoformans	called	83.2	1144333	18	1	MAT	mat_locus	FAO1|PAN6|MFa|SXI2|RPL39	ok	0									
GCA_057715695.1_ATCC48184_hap2	Tremellales	Cryptococcaceae	Cryptococcus neoformans x Cryptococcus deneoformans	called	94.9	1402078	20	1	MAT	mat_locus	FAO1|PAN6|MFa|STE3|SXI2|RPL39;FAO1|PAN6|MFalpha|STE3|SXI1|RPL39	ok	0									
GCA_058130715.1_ASM5813071v1	Tremellales	Tremellaceae	Tremella sp. sinensis	called	96.3	1700464	34	1	MAT	mat_locus	PAN6|STE3|RPL39	ok	6	FAO1|SXI1|SXI2	MAT	below_fraction_floor	modelled_gene_bar=4;below_fraction_floor=2					
GCA_058218735.1_ASM5821873v1	Cystofilobasidiales	Mrakiaceae	Tausonia pullulans	uncalled	89.3	56434	726	1					282	PAN6|MFa|STE3	MAT	modelled_gene_bar	modelled_gene_bar=282	best cluster carried 1 modelled gene(s), below the 2 required to report a locus; only 1 of its genes could be modelled	HD1|HD2			1.0
GCA_058578815.1_ASM5857881v1	Filobasidiales	Filobasidiaceae	Filobasidium magnum	uncalled	92.0	1067880	29	1					281	bE|bW	bLocus	modelled_gene_bar	modelled_gene_bar=280;below_fraction_floor=1	best cluster carried 1 modelled gene(s), below the 2 required to report a locus; only 1 of its genes could be modelled	HD2|MIP1	HD1		1.0
GCA_058705425.1_ASM5870542v1	Tremellales	Cryptococcaceae	Cryptococcus neoformans	called	97.0	1388265	25	1	MAT	mat_locus	FAO1|PAN6|MFalpha|STE3|SXI1|RPL39	ok	2	MFalpha|STE3	MAT	modelled_gene_bar	modelled_gene_bar=2					
GCA_059756515.1_ASM5975651v1	Tremellales	Rhynchogastremaceae	Papiliotrema aurea	called		2229689	15	0	MAT	mat_locus	FAO1|PAN6|STE3|RPL39	ok	6	FAO1|MFa|SXI1	MAT	modelled_gene_bar	modelled_gene_bar=5;below_fraction_floor=1					
GCA_059994335.1_ASM5999433v1	Tremellales	Rhynchogastremaceae	Papiliotrema sp. F651	called		484609	82	0	MAT	mat_locus	FAO1|PAN6|STE3|RPL39	ok	3	FAO1|STE3	MAT	modelled_gene_bar	modelled_gene_bar=3					
GCA_060229485.1_ASM6022948v1	Tremellales	Rhynchogastremaceae	Papiliotrema sp. CLIB4450	called		1644889	22	0	MAT	mat_locus	FAO1|PAN6|STE3|RPL39	ok	3	FAO1|STE3	MAT	modelled_gene_bar	modelled_gene_bar=2;below_fraction_floor=1					
GCA_060229505.1_ASM6022950v1	Tremellales	Bulleribasidiaceae	Vishniacozyma sp. CLIB4449	called		1875744	12	0	MAT	mat_locus	PAN6|STE3|RPL39	ok	7	FAO1|MFalpha|STE3|RPL39	MAT	modelled_gene_bar	modelled_gene_bar=7					
GCA_060229585.1_ASM6022958v1	Tremellales	Bulleribasidiaceae	Vishniacozyma sp. CLIB4442	called		10437066	16	0	MAT	mat_locus	PAN6|STE3|RPL39	ok	3	FAO1|PAN6	MAT	modelled_gene_bar	modelled_gene_bar=3					
GCA_060229605.1_ASM6022960v1	Tremellales	Bulleribasidiaceae	Vishniacozyma sp. CLIB4441	called		1733506	12	0	MAT	mat_locus	PAN6|STE3|SXI2|RPL39	ok	3	FAO1|SXI2	MAT	modelled_gene_bar	modelled_gene_bar=3					
GCA_060229625.1_ASM6022962v1	Tremellales	Bulleribasidiaceae	Vishniacozyma sp. CLIB4443	called		1508879	38	0	MAT	mat_locus	PAN6|STE3|SXI1|SXI2|RPL39	ok	2	FAO1|MFalpha	MAT	modelled_gene_bar	modelled_gene_bar=2					
GCA_060229725.1_ASM6022972v1	Tremellales	Bulleraceae	Bullera sp. CLIB4446	called		556759	74	0	MAT	mat_locus	PAN6|STE3|RPL39	ok	3	FAO1|STE3	MAT	modelled_gene_bar	modelled_gene_bar=2;below_fraction_floor=1					
GCA_060229865.1_ASM6022986v1	Filobasidiales	Filobasidiaceae	Filobasidium sp. CLIB4440	uncalled		51913	518	0					244	bE|bW	bLocus	modelled_gene_bar	modelled_gene_bar=243;below_fraction_floor=1	best cluster carried 0 modelled gene(s), below the 2 required to report a locus; none of its genes could be modelled	HD2	HD1		1.0
GCA_060251955.1_ASM6025195v1	Trichosporonales	Trichosporonaceae	Apiotrichum montevideense	uncalled		530392	142	0					318	PAN6|SXI2	MAT	modelled_gene_bar	modelled_gene_bar=318	best cluster carried 0 modelled gene(s), below the 2 required to report a locus; none of its genes could be modelled	HD2	HD1		1.0
GCA_900079645.1_Mo29	Tremellales	Cryptococcaceae	Cryptococcus sp. 05_00	uncalled	91.3	173004	525	1					2	MFalpha|SXI2	MAT	modelled_gene_bar	modelled_gene_bar=2	best cluster carried 0 modelled gene(s), below the 2 required to report a locus; none of its genes could be modelled	MFalpha|SXI2	FAO1|PAN6|STE3	MFa|MFalpha|RPL39	0.4
GCA_900177155.1_BMD700	Tremellales	Cryptococcaceae	Cryptococcus neoformans	called	96.5	112413	307	1	MAT	partial_locus	FAO1|SXI1	ok	1	PAN6|STE3	MAT	modelled_gene_bar	modelled_gene_bar=1					
GCA_900177175.1_BK147	Tremellales	Cryptococcaceae	Cryptococcus neoformans	called	96.6	128429	304	1	MAT	partial_locus	FAO1|SXI1	ok	1	PAN6|STE3	MAT	modelled_gene_bar	modelled_gene_bar=1					
GCA_902500855.1_C2-3	Tremellales	Trimorphomycetaceae	Saitozyma podzolica	called	96.3	148822	489	1	MAT	mat_locus	FAO1|PAN6|STE3|RPL39	ok	3	SXI1|SXI2|RPL39	MAT	below_fraction_floor	modelled_gene_bar=2;below_fraction_floor=1					
GCA_904859935.1_Tremellales_sp_Tagirdzhanova-0007_MAG	Tremellales		Tremellales sp. Tagirdzhanova-0007	uncalled	89.2	23118	1057	1					2	STE3|SXI1	MAT	modelled_gene_bar	modelled_gene_bar=2	best cluster carried 1 modelled gene(s), below the 2 required to report a locus; only 1 of its genes could be modelled	STE3|SXI1	FAO1|PAN6	MFa|MFalpha|RPL39	0.6666666666666666
GCA_913546405.1_UFMGCMY6497	Cystofilobasidiales	Mrakiaceae	Phaffia rhodozyma	called	90.6	279824	176	1	PR	idiomorph_gene_only	pheromone_receptor|fungal_mating_type_pheromone|caax_precursor	unverified	210	MFalpha|MFa|STE3	MAT	modelled_gene_bar	modelled_gene_bar=209;below_fraction_floor=1	best cluster carried 0 modelled gene(s), below the 2 required to report a locus; none of its genes could be modelled	HD1|HD2			1.0
GCA_913546505.1_UFMGCMY6498	Cystofilobasidiales	Mrakiaceae	Phaffia rhodozyma	called	90.4	197010	233	1	PR	idiomorph_gene_only	pheromone_receptor|fungal_mating_type_pheromone|caax_precursor	unverified	213	HD1|HD2	HD	modelled_gene_bar	modelled_gene_bar=211;below_fraction_floor=2	best cluster carried 0 modelled gene(s), below the 2 required to report a locus; none of its genes could be modelled	HD1|HD2			1.0
GCA_937902615.1_SRR6853352_bin.14_CONCOCT_v1.1_MAG	Tremellales		uncultured Tremellales	uncalled	71.4	9817	1778	0					1	MFa|STE3	MAT	modelled_gene_bar	modelled_gene_bar=1	best cluster carried 1 modelled gene(s), below the 2 required to report a locus; only 1 of its genes could be modelled	MFa|STE3	FAO1|PAN6	MFa|MFalpha|RPL39	0.5
GCA_947297625.1_425_Bullera_alba	Tremellales	Bulleraceae	Bullera alba	called	96.2	334409	89	1	MAT	mat_locus	FAO1|PAN6|STE3|RPL39	ok	5	FAO1|STE3	MAT	modelled_gene_bar	modelled_gene_bar=4;below_fraction_floor=1					
GCA_951802195.1_gfTauPull1.1	Cystofilobasidiales	Mrakiaceae	Tausonia pullulans	uncalled	91.8	1354748	22	1					281	pheromone_B43|pheromone_B44|fungal_mating_type_pheromone	PR	modelled_gene_bar	modelled_gene_bar=280;below_fraction_floor=1	best cluster carried 1 modelled gene(s), below the 2 required to report a locus; only 1 of its genes could be modelled	HD1|HD2			1.0
GCA_963924285.1_CBS18117_assembly	Tremellales	Tremellaceae	Tremella yokohamensis	called	96.1	242292	218	1	MAT	mat_locus	PAN6|MFa|STE3|RPL39	ok	5	FAO1|MFa|SXI2	MAT	modelled_gene_bar	modelled_gene_bar=4;below_fraction_floor=1					
GCA_963992775.1_COassembly2019	Trichosporonales	Trichosporonaceae	Cutaneotrichosporon oleaginosum	uncalled	96.8	3152068	9	1					336	pheromone_receptor|pheromone_B44|fungal_mating_type_pheromone	PR	modelled_gene_bar	modelled_gene_bar=335;below_fraction_floor=1	best cluster carried 0 modelled gene(s), below the 2 required to report a locus; none of its genes could be modelled	HD2	HD1		1.0
GCA_964255395.1_private_X1_concoct_bin.0	Tremellales		Tremellales sp.	uncalled	83.7	11426	1909	0					2	MFalpha|STE3	MAT	modelled_gene_bar	modelled_gene_bar=2	best cluster carried 1 modelled gene(s), below the 2 required to report a locus; only 1 of its genes could be modelled	MFalpha|STE3	FAO1|PAN6	MFa|MFalpha|RPL39	0.5
GCA_977005135.1_PAMC26600_genome	Cystofilobasidiales	Mrakiaceae	Mrakia robertii	called	91.1	2492993	15	1	MAT|PR	idiomorph_gene_only	MFalpha|MFa|STE3;pheromone_receptor|fungal_mating_type_pheromone|caax_precursor	ok|unverified	265	HD1|HD2|MIP1	HD	modelled_gene_bar	modelled_gene_bar=265	best cluster carried 0 modelled gene(s), below the 2 required to report a locus; none of its genes could be modelled	HD2	HD1		1.0
GCA_977009815.1_PAMC26583G	Cystofilobasidiales	Mrakiaceae	Mrakia gelida	called	92.0	2043405	28	1	MAT|PR	idiomorph_gene_only	MFalpha|MFa|STE3;pheromone_receptor|fungal_mating_type_pheromone|caax_precursor	ok|unverified	255	HD1|HD2|MIP1	HD	modelled_gene_bar	modelled_gene_bar=255	best cluster carried 1 modelled gene(s), below the 2 required to report a locus; only 1 of its genes could be modelled	HD1|HD2|MIP1			1.0
GCA_977066725.1_gfCryBron1.1	Trichosporonales	Tetragoniomycetaceae	Cryptotrichosporon brontae	called	93.2	1453881	14	1	MAT|PR	idiomorph_gene_only	MFalpha|STE3|SXI1|RPL39;pheromone_receptor|caax_precursor	ok|unverified	308	HD1|HD2	HD	modelled_gene_bar	modelled_gene_bar=307;below_fraction_floor=1	best cluster carried 0 modelled gene(s), below the 2 required to report a locus; none of its genes could be modelled	HD1|HD2			1.0
GCA_982397355.1_T3-F	Trichosporonales	Trichosporonaceae	Trichosporon asahii	uncalled	96.0	247008	194	1					312	HD1|HD2|beta_fg	HD	modelled_gene_bar	modelled_gene_bar=312	best cluster carried 1 modelled gene(s), below the 2 required to report a locus; only 1 of its genes could be modelled	HD1|HD2|beta_fg			1.0
GCF_000091045.1_ASM9104v1	Tremellales	Cryptococcaceae	Cryptococcus deneoformans	called	96.3	1438950	14	1	MAT	mat_locus	FAO1|PAN6|MFalpha|STE3|SXI1|RPL39	ok	2	STE3|SXI1	MAT	modelled_gene_bar	modelled_gene_bar=2					
GCF_000149245.1_CNA3	Tremellales	Cryptococcaceae	Cryptococcus neoformans	called	97.0	1422463	15	1	MAT	mat_locus	FAO1|PAN6|MFalpha|STE3|SXI1|RPL39	ok	3	STE3|SXI2	MAT	modelled_gene_bar	modelled_gene_bar=3					
GCF_000149385.1_ASM14938v1	Tremellales	Cryptococcaceae	Cryptococcus deneoformans	called	96.3	1461964	14	1	MAT	mat_locus	FAO1|PAN6|MFalpha|STE3|SXI1|RPL39	ok	2	STE3|SXI1	MAT	modelled_gene_bar	modelled_gene_bar=2					
GCF_000271645.1_Treme1	Tremellales	Tremellaceae	Tremella mesenterica	called	96.3	1622698	44	1	MAT	mat_locus	PAN6|MFa|STE3|RPL39	ok	1	SXI1|SXI2	MAT	below_fraction_floor	below_fraction_floor=1					
GCF_000507465.2_ASM50746v4	Tremellales	Cryptococcaceae	Kwoniella mangrovensis	called	96.6	13534336	4	1	MAT	mat_locus	FAO1|PAN6|MFalpha|STE3|RPL39	ok	4	FAO1|SXI1|SXI2	MAT	below_fraction_floor	modelled_gene_bar=3;below_fraction_floor=1					
GCF_000512565.2_ASM51256v3	Tremellales	Cryptococcaceae	Kwoniella dejecticola	called	96.5	2115541	11	1	MAT	mat_locus	PAN6|MFalpha|STE3|RPL39	ok	2	PAN6|MFalpha	MAT	modelled_gene_bar	modelled_gene_bar=1;below_fraction_floor=1					
GCF_000512585.2_ASM51258v3	Tremellales	Cryptococcaceae	Kwoniella bestiolae	called	96.7	4033336	8	1	MAT	mat_locus	PAN6|MFalpha|STE3|RPL39	ok	3	FAO1|SXI1|SXI2	MAT	below_fraction_floor	modelled_gene_bar=2;below_fraction_floor=1					
GCF_000512605.2_ASM51260v3	Tremellales	Cryptococcaceae	Kwoniella pini	called	96.9	1859852	11	1	MAT	mat_locus	PAN6|MFalpha|STE3|RPL39	ok	4	MFalpha|MFa|STE3	MAT	modelled_gene_bar	modelled_gene_bar=3;below_fraction_floor=1					
GCF_000835755.1_ASM83575v2	Tremellales	Cryptococcaceae	Cryptococcus tetragattii	called	96.6	1330454	15	1	MAT	mat_locus	FAO1|PAN6|MFalpha|STE3|SXI1|RPL39	ok	1	PAN6|SXI2	MAT	modelled_gene_bar	modelled_gene_bar=1					
GCF_000836335.1_ASM83633v2	Tremellales	Cryptococcaceae	Cryptococcus bacillisporus	called	96.3	1576396	14	1	MAT	mat_locus	FAO1|PAN6|MFalpha|STE3|SXI1|SXI2|RPL39	ok	5	MFalpha|MFa|SXI1	MAT	modelled_gene_bar	modelled_gene_bar=5					
GCF_001027345.1_Triol1	Trichosporonales	Trichosporonaceae	Cutaneotrichosporon oleaginosum	uncalled	96.7	216041	174	1					329	bE|bW	bLocus	modelled_gene_bar	modelled_gene_bar=328;below_fraction_floor=1	best cluster carried 0 modelled gene(s), below the 2 required to report a locus; none of its genes could be modelled	HD2	HD1		1.0
GCF_001720155.1_Tsuc_wing_CBS7118_V1	Tremellales	Cryptococcaceae	Cryptococcus wingfieldii	called	95.7	606306	76	1	MAT	mat_locus	FAO1|PAN6|MFa|STE3|SXI2|RPL39	ok	4	FAO1|PAN6|STE3	MAT	modelled_gene_bar	modelled_gene_bar=3;below_fraction_floor=1					
GCF_001720195.1_ASM172019v2	Tremellales	Cryptococcaceae	Cryptococcus depauperatus	called	95.7	2462433	8	1	MAT	idiomorph_gene_only	MFalpha|STE3|RPL39	ok	1	MFa|STE3	MAT	modelled_gene_bar	modelled_gene_bar=1					
GCF_001720205.1_Cryp_amyl_CBS6039_V3	Tremellales	Cryptococcaceae	Cryptococcus amylolentus	called	96.0	1545655	15	1	MAT	mat_locus	FAO1|PAN6|MFa|STE3|RPL39	ok	6	FAO1|SXI2	MAT	modelled_gene_bar	modelled_gene_bar=5;below_fraction_floor=1					
GCF_002102565.1_Kocim1	Tremellales	Cuniculitremaceae	Kockovaella imperatae	called	93.7	1071374	34	1	MAT	partial_locus	PAN6|SXI1|RPL39	ok	4	PAN6|SXI1	MAT	modelled_gene_bar	modelled_gene_bar=3;below_fraction_floor=1					
GCF_002954075.1_C._deuterogattii_R265_chr	Tremellales	Cryptococcaceae	Cryptococcus deuterogattii	called	96.5	1316417	14	1	MAT	mat_locus	FAO1|PAN6|MFalpha|STE3|SXI1|SXI2|RPL39	ok	4	FAO1|STE3	MAT	modelled_gene_bar	modelled_gene_bar=4					
GCF_003942205.1_ASM394220v1	Trichosporonales	Trichosporonaceae	Apiotrichum porosum	called	96.9	1376709	31	1	MAT|PR	idiomorph_gene_only|mat_locus	FAO1|MFalpha|STE3;pheromone_receptor|fungal_mating_type_pheromone|caax_precursor	ok|unverified	314	HD1|HD2|MIP1	HD	modelled_gene_bar	modelled_gene_bar=311;below_fraction_floor=3	best cluster carried 1 modelled gene(s), below the 2 required to report a locus; only 1 of its genes could be modelled	HD1|HD2			1.0
GCF_008065305.1_ASM806530v1	Trichosporonales	Trichosporonaceae	Cutaneotrichosporon oleaginosum	uncalled	96.7	3152035	8	1					336	bE|bW	bLocus	modelled_gene_bar	modelled_gene_bar=335;below_fraction_floor=1	best cluster carried 0 modelled gene(s), below the 2 required to report a locus; none of its genes could be modelled	HD2	HD1		1.0
GCF_008629635.2_ASM862963v2	Tremellales	Cryptococcaceae	Kwoniella shandongensis	called	97.4	1599119	14	1	MAT	mat_locus	FAO1|PAN6|MFalpha|STE3|RPL39	ok	2	FAO1|SXI2	MAT	modelled_gene_bar	modelled_gene_bar=2					
GCF_020906515.1_ASM2090651v1	Trichosporonales	Trichosporonaceae	Vanrija pseudolonga	called	95.9	4264791	9	1	PR	idiomorph_gene_only	pheromone_receptor|fungal_mating_type_pheromone|caax_precursor	unverified	326	bbp2-1|bbp2-5|bbp2-6	Bbeta	modelled_gene_bar	modelled_gene_bar=326	best cluster carried 0 modelled gene(s), below the 2 required to report a locus; none of its genes could be modelled	HD2	HD1		1.0
GCF_021052385.1_Filflo1	Filobasidiales	Filobasidiaceae	Filobasidium floriforme	uncalled	92.6	938801	42	1					303	pheromone_receptor|pheromone_B44|fungal_mating_type_pheromone	PR	modelled_gene_bar	modelled_gene_bar=301;below_fraction_floor=2	best cluster carried 0 modelled gene(s), below the 2 required to report a locus; none of its genes could be modelled	HD1|HD2			1.0
GCF_025882075.1_ASM2588207v1	Tremellales	Bulleribasidiaceae	Dioszegia hungarica	called	95.4	2166071	17	1	MAT	mat_locus	PAN6|STE3|RPL39	ok	5	FAO1|STE3|SXI2	MAT	modelled_gene_bar	modelled_gene_bar=5					
GCF_030864355.1_ASM3086435v1	Trichosporonales	Trichosporonaceae	Cutaneotrichosporon cavernicola	uncalled	96.5	3301802	8	1					299	HD1|HD2|MIP1	HD	modelled_gene_bar	modelled_gene_bar=298;below_fraction_floor=1	best cluster carried 1 modelled gene(s), below the 2 required to report a locus; only 1 of its genes could be modelled	HD1|HD2|MIP1			1.0
GCF_035658355.1_ASM3565835v1	Tremellales	Cryptococcaceae	Kwoniella shivajii	called	97.1	2021889	12	1	MAT	mat_locus	FAO1|PAN6|MFa|STE3|RPL39	ok	2	FAO1|SXI1|SXI2	MAT	below_fraction_floor	modelled_gene_bar=1;below_fraction_floor=1					
GCF_036417295.1_ASM3641729v1	Tremellales	Cryptococcaceae	Cryptococcus decagattii	called	96.3	1768996	14	1	MAT	mat_locus	FAO1|PAN6|MFalpha|STE3|SXI1|SXI2|RPL39	ok	1	MFalpha|STE3	MAT	modelled_gene_bar	modelled_gene_bar=1					
GCF_036426115.1_ASM3642611v1	Tremellales	Cryptococcaceae	Kwoniella botswanensis	called	96.5	18234046	3	1	MAT	mat_locus	FAO1|PAN6|MFalpha|STE3|SXI2|RPL39	ok	3	FAO1|SXI1|SXI2	MAT	below_fraction_floor	modelled_gene_bar=2;below_fraction_floor=1					
GCF_036810415.1_ASM3681041v1	Tremellales	Cryptococcaceae	Kwoniella dendrophila	called	97.4	1989622	11	1	MAT	mat_locus	PAN6|MFa|STE3|RPL39	ok	1	SXI1|SXI2	MAT	below_fraction_floor	below_fraction_floor=1					
GCF_036810445.1_ASM3681044v1	Tremellales	Cryptococcaceae	Kwoniella europaea	called	96.9	16668455	3	1	MAT	mat_locus	FAO1|PAN6|MFa|STE3|RPL39	ok	6	FAO1|SXI1|SXI2	MAT	below_fraction_floor	modelled_gene_bar=5;below_fraction_floor=1					
GCF_039105145.1_ASM3910514v1	Tremellales	Cryptococcaceae	Kwoniella newhampshirensis	called	97.3	1529259	17	1	MAT	mat_locus	FAO1|PAN6|MFalpha|STE3|RPL39	ok	5	FAO1|MFa|STE3	MAT	modelled_gene_bar	modelled_gene_bar=4;below_fraction_floor=1					
GCF_041260175.1_TUD_VanAlb_v1.0	Trichosporonales	Trichosporonaceae	Vanrija albida	called	97.0	3538947	7	1	MAT|PR	idiomorph_gene_only|mat_locus	PAN6|MFalpha|STE3;pheromone_receptor|fungal_mating_type_pheromone|caax_precursor	ok|unverified	339	pheromone_receptor|fungal_mating_type_pheromone|caax_precursor	PR	modelled_gene_bar	modelled_gene_bar=338;below_fraction_floor=1	best cluster carried 1 modelled gene(s), below the 2 required to report a locus; only 1 of its genes could be modelled	HD1|HD2			1.0
GCF_051309035.1_Mrafri1	Cystofilobasidiales	Mrakiaceae	Mrakia frigida	uncalled	91.4	718778	100	1					269	MFalpha|MFa|STE3	MAT	modelled_gene_bar	modelled_gene_bar=269	best cluster carried 1 modelled gene(s), below the 2 required to report a locus; only 1 of its genes could be modelled	HD1|HD2			1.0
