best_core_gene	core_contig	core_start	core_end	run	genome	order	cls	phylum	species	routing	family	contig	start	end	confidence	locus_class	idiomorph	best_core_any	best_core_modelled	core_genes	genes_found	synteny	anchor	anchor_gap_bp
HD2	WSUB01000005.1	75965	76066	basidio_full	GCA_019633425.1_Tulasn424_1.0	Cantharellales	Agaricomycetes	Basidiomycota	Tulasnella sp. 424	phylum_fallback	Basidiomycota:HD	WSUB01000005.1	70996	82942	medium	mat_locus	undetermined	35.294	35.294	HD1:32.14:polished_single;HD2:35.294:unpolished	HD1;HD2;beta_fg	supported	beta_fg	4959
RPL39	SSOP01000070.1	23272	23546	basidio_full	GCA_009078325.1_ASM907832v1	Cantharellales	Agaricomycetes	Basidiomycota	Ceratobasidium theobromae	phylum_fallback	Basidiomycota:MAT	SSOP01000070.1	5535	67194	medium	idiomorph_gene_only	undetermined	82.0	82.0	STE3:36.25:polished_single;RPL39:82.0:polished_single	STE3;RPL39	not_testable		
RPL39	SJJS01004203.1	38379	38653	basidio_full	GCA_012932095.1_ASM1293209v1	Cantharellales	Agaricomycetes	Basidiomycota	Ceratobasidium theobromae	phylum_fallback	Basidiomycota:MAT	SJJS01004203.1	20553	38653	medium	idiomorph_gene_only	undetermined	82.0	82.0	STE3:35.0:polished_single;RPL39:82.0:polished_single	STE3;RPL39	not_testable		
RPL39	JBMKKP010000038.1	46281	46555	basidio_full	GCA_054508165.1_Ctheo_PHL1	Cantharellales	Agaricomycetes	Basidiomycota	Ceratobasidium theobromae	phylum_fallback	Basidiomycota:MAT	JBMKKP010000038.1	28416	46555	medium	idiomorph_gene_only	undetermined	82.0	82.0	STE3:35.0:polished_single;RPL39:82.0:polished_single	STE3;RPL39	not_testable		
HD1	WSUI01000005.1	141734	141901	basidio_full	GCA_019633595.1_Tulasn9824_1.0	Cantharellales	Agaricomycetes	Basidiomycota	Tulasnella sp. UAMH 9824	phylum_fallback	Basidiomycota:HD	WSUI01000005.1	130281	142216	medium	mat_locus	undetermined	32.14	32.14	HD2:26.471:unpolished;HD1:32.14:polished_single	HD1;HD2;beta_fg	not_supported		
HD2	WSTU01000287.1	12146	12244	basidio_full	GCA_019632265.1_Tulasn331_1.0	Cantharellales	Agaricomycetes	Basidiomycota	Tulasnella sp. 331	phylum_fallback	Basidiomycota:HD	WSTU01000287.1	687	12640	medium	mat_locus	undetermined	42.424	42.424	HD1:40.98:polished_single;HD2:42.424:unpolished	HD1;HD2;beta_fg	not_supported		
HD1	KN822959.1	89073	89240	basidio_full	GCA_000827465.1_Tulasnella_calospora_AL13_4D_v1.0	Cantharellales	Agaricomycetes	Basidiomycota	Tulasnella calospora	phylum_fallback	Basidiomycota:HD	KN822959.1	88746	100717	medium	mat_locus	undetermined	32.14	32.14	HD1:32.14:polished_single;HD2:30.303:unpolished	HD1;HD2;beta_fg	not_supported		
bE	WSUD01000077.1	38465	38632	basidio_full	GCA_019633495.1_Tulasn427_1.0	Cantharellales	Agaricomycetes	Basidiomycota	Tulasnella sp. 427	phylum_fallback	Basidiomycota:bLocus	WSUD01000077.1	27218	38785	high	idiomorph_gene_only	undetermined	41.07	41.07	bW:35.709999999999994:polished_single;bE:41.07:polished_single	bE;bW	not_testable		
RPL39	JBVMLP010000062.1	76499	76773	basidio_full	GCA_058212235.1_ASM5821223v1	Cantharellales	Agaricomycetes	Basidiomycota	Ceratobasidium theobromae	phylum_fallback	Basidiomycota:MAT	JBVMLP010000062.1	32851	94530	medium	idiomorph_gene_only	undetermined	82.0	82.0	RPL39:82.0:polished_single;STE3:35.0:polished_single	STE3;RPL39	not_testable		
RPL39	JBVLTH010000060.1	76499	76773	basidio_full	GCA_058212195.1_PH-BUK1	Cantharellales	Agaricomycetes	Basidiomycota	Ceratobasidium theobromae	phylum_fallback	Basidiomycota:MAT	JBVLTH010000060.1	32851	94530	medium	idiomorph_gene_only	undetermined	82.0	82.0	RPL39:82.0:polished_single;STE3:35.0:polished_single	STE3;RPL39	not_testable		
HD2	WSUC01000004.1	77388	77489	basidio_full	GCA_019633485.1_Tulasn425_1.0	Cantharellales	Agaricomycetes	Basidiomycota	Tulasnella sp. 425	phylum_fallback	Basidiomycota:HD	WSUC01000004.1	72419	84365	medium	mat_locus	undetermined	35.294	35.294	HD1:32.14:polished_single;HD2:35.294:unpolished	HD1;HD2;beta_fg	supported	beta_fg	4959
HD2	WSTT01000005.1	318786	318884	basidio_full	GCA_019632275.1_Tulasn330_1.0	Cantharellales	Agaricomycetes	Basidiomycota	Tulasnella sp. 330	phylum_fallback	Basidiomycota:HD	WSTT01000005.1	318390	355540	medium	mat_locus	undetermined	42.424	42.424	HD1:40.98:polished_single;HD2:42.424:unpolished	HD1;HD2;beta_fg	not_supported	beta_fg	19573
HD2	WSTV01000281.1	12142	12240	basidio_full	GCA_019632285.1_Tulasn332_1.0	Cantharellales	Agaricomycetes	Basidiomycota	Tulasnella sp. 332	phylum_fallback	Basidiomycota:HD	WSTV01000281.1	687	12636	medium	mat_locus	undetermined	42.424	42.424	HD1:40.98:polished_single;HD2:42.424:unpolished	HD1;HD2;beta_fg	not_supported		
bE	WIDE01000002.1	637399	637634	basidio_full	GCA_015039315.1_ClaPMI390	Cantharellales	Agaricomycetes	Basidiomycota	Clavulina sp. PMI_390	phylum_fallback	Basidiomycota:bLocus	WIDE01000002.1	607246	637769	high	idiomorph_gene_only	undetermined	54.24	54.24	bW:32.23:polished_single;bE:54.24:polished_single	bE;bW	not_testable		
STE3	JBKZWV010000038.1	385205	385789	basidio_full	GCA_047651735.1_ASM4765173v1	Cantharellales	Agaricomycetes	Basidiomycota	Ceratobasidium sp. Cej3	phylum_fallback	Basidiomycota:MAT	JBKZWV010000038.1	371837	385852	high	mat_locus	undetermined	50.35	50.35	STE3:50.35:polished_single	PAN6;STE3	not_testable		
RPL39	JBBBZN010000116.1	12379	12656	basidio_full	GCA_037974915.1_genoma_LAO1	Cantharellales	Agaricomycetes	Basidiomycota	Ceratobasidium theobromae	phylum_fallback	Basidiomycota:MAT	JBBBZN010000116.1	12379	31615	medium	idiomorph_gene_only	undetermined	82.0	82.0	RPL39:82.0:polished_agree;STE3:35.94:polished_single	STE3;RPL39	not_testable		
HD2	JALBUN010000001.1	1216539	1216652	basidio_full	GCA_025174535.1_ASM2517453v1	Cantharellales	Agaricomycetes	Basidiomycota	Cantharellus purpuraceus	phylum_fallback	Basidiomycota:HD	JALBUN010000001.1	1206918	1262513	medium	mat_locus	undetermined	44.74	44.74	HD2:44.74:polished_single;HD1:37.179:unpolished	HD1;HD2;MIP1;beta_fg	supported	beta_fg	8796
STE3	BBPU01000121.1	678937	679263	basidio_full	GCA_000950635.1_ASM95063v1	Cystofilobasidiales	Tremellomycetes	Basidiomycota	Mrakia blollopis	phylum_fallback	Basidiomycota:MAT	BBPU01000121.1	653850	701010	medium	idiomorph_gene_only	alpha	51.25	51.25	MFalpha:41.46:polished_single;MFa:45.238:not_polish_candidate;STE3:51.25:polished_single	MFalpha;STE3	not_testable		
HD2	JAZHGJ010010312.1	4308	4532	basidio_full	GCA_037855295.1_ASM3785529v1	Corticiales	Agaricomycetes	Basidiomycota	Waitea zeae	phylum_fallback	Basidiomycota:HD	JAZHGJ010010312.1	154	8712	high	mat_locus	undetermined	36.0	36.0	HD1:31.92:polished_disagree;HD2:36.0:polished_single	HD1;HD2;MIP1;beta_fg	supported	MIP1	3411
HD2	JAZHGJ010002304.1	3585	3806	basidio_full	GCA_037855295.1_ASM3785529v1	Corticiales	Agaricomycetes	Basidiomycota	Waitea zeae	phylum_fallback	Basidiomycota:HD	JAZHGJ010002304.1	2	6903	high	mat_locus	undetermined	37.84	37.84	HD2:37.84:polished_single;HD1:34.88:polished_single	HD1;HD2;MIP1	not_supported		
HD2	KN832976.1	363724	364046	basidio_full	GCA_000827315.1_Piloderma_croceum_F_1598_v1.0	Atheliales	Agaricomycetes	Basidiomycota	Piloderma croceum	phylum_fallback	Basidiomycota:HD	KN832976.1	361623	369650	high	mat_locus	undetermined	60.44	60.44	HD2:60.44:polished_disagree;HD1:35.03:polished_disagree	HD1;HD2;MIP1;beta_fg	supported	MIP1	3126
HD2	KN833360.1	2664	2988	basidio_full	GCA_000827315.1_Piloderma_croceum_F_1598_v1.0	Atheliales	Agaricomycetes	Basidiomycota	Piloderma croceum	phylum_fallback	Basidiomycota:HD	KN833360.1	335	5075	high	mat_locus	undetermined	59.78	59.78	HD1:38.27:polished_disagree;HD2:59.78:polished_disagree	HD1;HD2;beta_fg	not_supported		
HD2	JAXRUS010002904.1	5661	5786	basidio_full	GCA_036172465.1_UNINA_Arolf_CCF1	Amylocorticiales	Agaricomycetes	Basidiomycota	Agroathelia rolfsii	phylum_fallback	Basidiomycota:HD	JAXRUS010002904.1	4240	8313	high	mat_locus	undetermined	59.52	59.52	HD1:29.79:polished_single;HD2:59.52:polished_disagree	HD1;HD2;beta_fg	not_supported		
HD2	JAXRUS010003138.1	1889527	1889628	basidio_full	GCA_036172465.1_UNINA_Arolf_CCF1	Amylocorticiales	Agaricomycetes	Basidiomycota	Agroathelia rolfsii	phylum_fallback	Basidiomycota:HD	JAXRUS010003138.1	1887162	1891023	high	mat_locus	undetermined	55.88	55.88	HD2:55.88:polished_single;HD1:30.83:polished_single	HD1;HD2;beta_fg	supported	beta_fg	2057
pra1	JBPEIW010000003.1	392655	393686	basidio_full	GCA_054907475.1_ASM5490747v1	Urocystidales	Ustilaginomycetes	Basidiomycota	Thecaphora frezii	phylum_fallback	Basidiomycota:aLocus	JBPEIW010000003.1	392643	410005	high	mat_locus	undetermined	43.94	43.94	pra1:43.94:polished_agree	pra1;rba1	not_testable		
MFalpha	JBPEIW010000003.1	409898	410005	basidio_full	GCA_054907475.1_ASM5490747v1	Urocystidales	Ustilaginomycetes	Basidiomycota	Thecaphora frezii	phylum_fallback	Basidiomycota:MAT	JBPEIW010000003.1	392643	410005	medium	mat_locus	alpha	44.444	44.444	STE3:31.13:polished_single;MFalpha:44.444:unpolished	PAN6;MFalpha;STE3	not_testable		
bE	JBPEIW010000027.1	1125869	1126348	basidio_full	GCA_054907475.1_ASM5490747v1	Urocystidales	Ustilaginomycetes	Basidiomycota	Thecaphora frezii	phylum_fallback	Basidiomycota:bLocus	JBPEIW010000027.1	1089852	1126507	high	idiomorph_gene_only	undetermined	67.03	67.03	bW:43.95:polished_disagree;bE:67.03:polished_disagree	bE;bW	not_testable		
HD2	NW_006920410.1	1453094	1453429	basidio_full	GCF_000344685.1_Glotr1_1	Gloeophyllales	Agaricomycetes	Basidiomycota	Gloeophyllum trabeum	phylum_fallback	Basidiomycota:HD	NW_006920410.1	1442139	1455203	high	mat_locus	undetermined	50.0	50.0	HD2:50.0:polished_single;HD1:46.6:polished_single	HD1;HD2;beta_fg	supported	beta_fg	1925
HD2	JAYMGC010000003.1	87339	87476	basidio_full	GCA_037014295.1_ASM3701429v1	Hymenochaetales	Agaricomycetes	Basidiomycota	Inonotus hispidus	phylum_fallback	Basidiomycota:HD	JAYMGC010000003.1	86833	108143	high	mat_locus	undetermined	54.35	54.35	HD2:54.35:polished_disagree;HD1:36.73:polished_single	HD1;HD2;MIP1	supported	MIP1	9829
HD2	KV417490.1	31435	31840	basidio_full	GCA_001630335.1_Fibsp1	Atheliales	Agaricomycetes	Basidiomycota	Athelia psychrophila	phylum_fallback	Basidiomycota:HD	KV417490.1	29402	37269	high	mat_locus	undetermined	46.61	46.61	HD2:46.61:polished_disagree;HD1:39.89:polished_single	HD1;HD2;MIP1;beta_fg	supported	beta_fg	1566
HD2	JBKOSR010000001.1	3632110	3632349	basidio_full	GCA_047716295.1_ASM4771629v1	Hymenochaetales	Agaricomycetes	Basidiomycota	Inocutis levis	phylum_fallback	Basidiomycota:HD	JBKOSR010000001.1	3623830	3636508	high	mat_locus	undetermined	35.0	35.0	HD1:32.22:polished_single;HD2:35.0:polished_single	HD1;HD2;MIP1	supported	MIP1	1657
bW	JAVLVK010000013.1	75887	76289	basidio_full	GCA_059055155.1_ASM5905515v1	Tilletiales	Exobasidiomycetes	Basidiomycota	Tilletia controversa	phylum_fallback	Basidiomycota:bLocus	JAVLVK010000013.1	75867	85858	high	idiomorph_gene_only	undetermined	37.61	37.61	bW:37.61:polished_single;bE:31.82:polished_disagree	bE;bW	not_testable		
bE	JAVLVK010000114.1	6491	6610	basidio_full	GCA_059055155.1_ASM5905515v1	Tilletiales	Exobasidiomycetes	Basidiomycota	Tilletia controversa	phylum_fallback	Basidiomycota:bLocus	JAVLVK010000114.1	3731	10671	high	idiomorph_gene_only	undetermined	52.5	52.5	bW:30.48:polished_single;bE:52.5:polished_disagree	bE;bW	not_testable		
bW	MBSW01000968.1	157830	158201	basidio_full	GCA_002220835.1_ASM222083v1	Tilletiales	Exobasidiomycetes	Basidiomycota	Tilletia indica	phylum_fallback	Basidiomycota:bLocus	MBSW01000968.1	155865	158240	high	idiomorph_gene_only	undetermined	48.62	48.62	bE:32.43:polished_disagree;bW:48.62:polished_disagree	bE;bW	not_testable		
HD2	JAIHLT010000001.1	1113145	1113363	basidio_full	GCA_023101745.1_ASM2310174v1	Hymenochaetales	Agaricomycetes	Basidiomycota	Inonotus obliquus	phylum_fallback	Basidiomycota:HD	JAIHLT010000001.1	1108734	1161715	high	mat_locus	undetermined	36.99	36.99	HD1:31.69:polished_single;HD2:36.99:polished_disagree	HD1;HD2;MIP1;beta_fg	supported	MIP1	1967
bW	JAVLVJ010000027.1	77160	77562	basidio_full	GCA_059055055.1_ASM5905505v1	Tilletiales	Exobasidiomycetes	Basidiomycota	Tilletia caries	phylum_fallback	Basidiomycota:bLocus	JAVLVJ010000027.1	77140	128218	high	idiomorph_gene_only	undetermined	37.61	37.61	bW:37.61:polished_single;bE:32.73:polished_disagree	bE;bW	not_testable		
bE	JAVLVJ010000069.1	79103	79501	basidio_full	GCA_059055055.1_ASM5905505v1	Tilletiales	Exobasidiomycetes	Basidiomycota	Tilletia caries	phylum_fallback	Basidiomycota:bLocus	JAVLVJ010000069.1	76728	83231	high	idiomorph_gene_only	undetermined	32.73	32.73	bW:30.48:polished_single;bE:32.73:polished_disagree	bE;bW	not_testable		
HD1	ML170158.1	827881	828351	basidio_full	GCA_004355085.1_Ricmel1	Hymenochaetales	Agaricomycetes	Basidiomycota	Rickenella mellea	phylum_fallback	Basidiomycota:HD	ML170158.1	826019	836343	high	mat_locus	undetermined	43.31	43.31	HD2:33.14:polished_single;HD1:43.31:polished_single	HD1;HD2;beta_fg	supported	beta_fg	7488
HD2	ML170157.1	69292	69516	basidio_full	GCA_004355085.1_Ricmel1	Hymenochaetales	Agaricomycetes	Basidiomycota	Rickenella mellea	phylum_fallback	Basidiomycota:HD	ML170157.1	65189	71566	high	mat_locus	undetermined	44.0	44.0	HD1:31.28:polished_disagree;HD2:44.0:polished_disagree	HD1;HD2;MIP1	supported	MIP1	3147
HD2	WHVA01000033.1	292195	292365	basidio_full	GCA_015179125.1_Gaumor1_1	Gomphales	Agaricomycetes	Basidiomycota	Gautieria morchelliformis	phylum_fallback	Basidiomycota:HD	WHVA01000033.1	239464	325916	medium	mat_locus	undetermined	42.11	42.11	HD1:34.615:unpolished;HD2:42.11:polished_single	HD1;HD2;beta_fg	not_supported	MIP1	119691
HD2	JAJHTX010000001.1	1142924	1143052	basidio_full	GCA_032164295.1_ASM3216429v1	Hymenochaetales	Agaricomycetes	Basidiomycota	Inonotus obliquus	phylum_fallback	Basidiomycota:HD	JAJHTX010000001.1	1130356	1159640	high	mat_locus	undetermined	51.16	51.16	HD1:31.45:polished_single;HD2:51.16:polished_single	HD1;HD2;MIP1	not_supported	MIP1	10781
HD1	JAJOHG010000001.1	349397	349783	basidio_full	GCA_021029095.1_Pheni1	Hymenochaetales	Agaricomycetes	Basidiomycota	Phellopilus nigrolimitatus	phylum_fallback	Basidiomycota:HD	JAJOHG010000001.1	345288	381858	high	mat_locus	undetermined	36.43	36.43	HD1:36.43:polished_disagree;HD2:32.31:polished_disagree	HD1;HD2;MIP1;beta_fg	not_supported	beta_fg	31479
HD2	JAJOHG010000143.1	31992	35471	basidio_full	GCA_021029095.1_Pheni1	Hymenochaetales	Agaricomycetes	Basidiomycota	Phellopilus nigrolimitatus	phylum_fallback	Basidiomycota:HD	JAJOHG010000143.1	12370	61569	high	mat_locus	undetermined	35.59	35.59	HD1:34.78:polished_disagree;HD2:35.59:polished_single	HD1;HD2;MIP1;beta_fg	supported	MIP1	2184
HD2	JBKPUM010000001.1	2884439	2884555	basidio_full	GCA_048932575.1_ASM4893257v1	Hymenochaetales	Agaricomycetes	Basidiomycota	Sanghuangporus vaninii	phylum_fallback	Basidiomycota:HD	JBKPUM010000001.1	2868220	2893231	high	mat_locus	undetermined	56.41	56.41	HD2:56.41:polished_single;HD1:37.5:polished_single	HD1;HD2;MIP1;beta_fg	supported	MIP1	6187
bW	PKQB01000013.1	157830	158201	basidio_full	GCA_002997305.1_ASM299730v1	Tilletiales	Exobasidiomycetes	Basidiomycota	Tilletia indica	phylum_fallback	Basidiomycota:bLocus	PKQB01000013.1	155865	158240	high	idiomorph_gene_only	undetermined	48.62	48.62	bE:32.43:polished_disagree;bW:48.62:polished_disagree	bE;bW	not_testable		
HD1	NBAY01000002.1	1293542	1293907	basidio_full	GCA_002794775.1_PPIT.v3	Hymenochaetales	Agaricomycetes	Basidiomycota	Porodaedalea pini	phylum_fallback	Basidiomycota:HD	NBAY01000002.1	1289366	1326721	high	mat_locus	undetermined	34.43	34.43	HD1:34.43:polished_disagree;HD2:28.99:polished_disagree	HD1;HD2;MIP1;beta_fg	supported	MIP1	2381
HD2	AYOR01000027.1	136750	136863	basidio_full	GCA_000507345.1_OVT-YTM_97_Newbler_2.8	Hymenochaetales	Agaricomycetes	Basidiomycota	Pyrrhoderma noxium	phylum_fallback	Basidiomycota:HD	AYOR01000027.1	107214	136947	medium	mat_locus	undetermined	47.368	47.368	HD1:41.25:polished_single;HD2:47.368:unpolished	HD1;HD2;MIP1	supported	MIP1	3891
HD1	AYOR01000032.1	9520	9716	basidio_full	GCA_000507345.1_OVT-YTM_97_Newbler_2.8	Hymenochaetales	Agaricomycetes	Basidiomycota	Pyrrhoderma noxium	phylum_fallback	Basidiomycota:HD	AYOR01000032.1	4536	19179	medium	mat_locus	undetermined	43.08	43.08	HD2:39.683:unpolished;HD1:43.08:polished_disagree	HD1;HD2;beta_fg	supported	beta_fg	8729
HD1	KQ085882.1	821968	822255	basidio_full	GCA_001020605.1_Schpa1	Hymenochaetales	Agaricomycetes	Basidiomycota	Schizopora paradoxa	phylum_fallback	Basidiomycota:HD	KQ085882.1	817847	839022	high	mat_locus	undetermined	42.71	42.71	HD1:42.71:polished_single;HD2:24.23:polished_single	HD1;HD2;MIP1;beta_fg	supported	MIP1	1638
HD2	JBKOFF010000004.1	1235934	1236068	basidio_full	GCA_050437265.1_ASM5043726v1	Hymenochaetales	Agaricomycetes	Basidiomycota	Inonotus hispidus	phylum_fallback	Basidiomycota:HD	JBKOFF010000004.1	1214545	1236634	high	mat_locus	undetermined	46.67	46.67	HD1:32.31:polished_disagree;HD2:46.67:polished_single	HD1;HD2;MIP1	not_supported	MIP1	10552
HD1	JBERCQ010000024.1	3704243	3704620	basidio_full	GCA_041380695.1_ASM4138069v1	Hymenochaetales	Agaricomycetes	Basidiomycota	Fomitiporia mediterranea	phylum_fallback	Basidiomycota:HD	JBERCQ010000024.1	3697199	3730487	high	mat_locus	undetermined	36.51	36.51	HD2:34.38:polished_single;HD1:36.51:polished_single	HD1;HD2;MIP1	supported	MIP1	2341
bW	CAJHJB010000178.1	14648	19195	basidio_full	GCA_905071765.1_OR_assembly	Tilletiales	Exobasidiomycetes	Basidiomycota	Tilletia controversa	phylum_fallback	Basidiomycota:bLocus	CAJHJB010000178.1	8983	19195	high	idiomorph_gene_only	undetermined	53.76	53.76	bE:32.23:polished_disagree;bW:53.76:polished_single	bE;bW	not_testable		
HD2	ML213503.1	912075	912194	basidio_full	GCA_004369045.1_Helsul1	Gloeophyllales	Agaricomycetes	Basidiomycota	Heliocybe sulcata	phylum_fallback	Basidiomycota:HD	ML213503.1	905767	938434	high	mat_locus	undetermined	62.5	62.5	HD1:43.43:polished_single;HD2:62.5:polished_single	HD1;HD2;MIP1;beta_fg	supported	beta_fg	2997
bW	MAPX01000214.1	63616	63951	basidio_full	GCA_001689945.1_PSWKBGD_1_2	Tilletiales	Exobasidiomycetes	Basidiomycota	Tilletia indica	phylum_fallback	Basidiomycota:bLocus	MAPX01000214.1	50614	76355	high	idiomorph_gene_only	undetermined	44.33	44.33	bW:44.33:polished_single;bE:33.04:polished_disagree	bE;bW	not_testable		
HD2	JABRWF010000001.1	1824636	1824761	basidio_full	GCA_018343915.1_ASM1834391v1	Amylocorticiales	Agaricomycetes	Basidiomycota	Agroathelia rolfsii	phylum_fallback	Basidiomycota:HD	JABRWF010000001.1	1822116	1829930	high	mat_locus	undetermined	59.52	59.52	HD2:59.52:polished_disagree;HD1:29.79:polished_single	HD1;HD2;beta_fg	not_supported	MIP1	1528093
HD2	JABRWF010000002.1	1351701	1351820	basidio_full	GCA_018343915.1_ASM1834391v1	Amylocorticiales	Agaricomycetes	Basidiomycota	Agroathelia rolfsii	phylum_fallback	Basidiomycota:HD	JABRWF010000002.1	1349307	1353187	medium	mat_locus	undetermined	52.5	52.5	HD2:52.5:unpolished;HD1:30.99:polished_single	HD1;HD2;beta_fg	supported	beta_fg	2083
HD2	NW_006760390.1	564458	564736	basidio_full	GCF_000271605.1_Fomme1	Hymenochaetales	Agaricomycetes	Basidiomycota	Fomitiporia mediterranea	phylum_fallback	Basidiomycota:HD	NW_006760390.1	560218	571747	high	mat_locus	undetermined	36.56	36.56	HD1:34.13:polished_single;HD2:36.56:polished_disagree	HD1;HD2;MIP1	supported	MIP1	2429
bW	JALUTQ010000027.1	954127	954529	basidio_full	GCA_032718865.1_ASM3271886v1	Tilletiales	Exobasidiomycetes	Basidiomycota	Tilletia caries	phylum_fallback	Basidiomycota:bLocus	JALUTQ010000027.1	904171	954549	high	idiomorph_gene_only	undetermined	37.61	37.61	bE:32.73:polished_disagree;bW:37.61:polished_single	bE;bW	not_testable		
HD1	JAZHGM010014792.1	3133	3480	basidio_full	GCA_037855255.1_ASM3785525v1	Corticiales	Agaricomycetes	Basidiomycota	Waitea zeae	phylum_fallback	Basidiomycota:HD	JAZHGM010014792.1	2	7711	high	mat_locus	undetermined	41.38	41.38	HD2:37.33:polished_single;HD1:41.38:polished_single	HD1;HD2;MIP1;beta_fg	supported	MIP1	2787
HD2	JAZHGM010003270.1	3144	3413	basidio_full	GCA_037855255.1_ASM3785525v1	Corticiales	Agaricomycetes	Basidiomycota	Waitea zeae	phylum_fallback	Basidiomycota:HD	JAZHGM010003270.1	2	3620	high	mat_locus	undetermined	34.44	34.44	HD1:31.55:polished_disagree;HD2:34.44:polished_single	HD1;HD2;MIP1	not_supported		
HD2	JASXRQ010000001.1	3327494	3327679	basidio_full	GCA_031471775.1_ASM3147177v1	Hymenochaetales	Agaricomycetes	Basidiomycota	Inonotus hispidus	phylum_fallback	Basidiomycota:HD	JASXRQ010000001.1	3327041	3346475	high	mat_locus	undetermined	62.22	62.22	HD2:62.22:polished_disagree;HD1:37.37:polished_single	HD1;HD2;MIP1	supported	MIP1	7311
HD2	WJSG01009074.1	5169	5432	basidio_full	GCA_016618145.1_ASM1661814v1	Hymenochaetales	Agaricomycetes	Basidiomycota	Sanghuangporus lonicericola	phylum_fallback	Basidiomycota:HD	WJSG01009074.1	63	8687	medium	mat_locus	undetermined	40.0	40.0	HD1:33.333:unpolished;HD2:40.0:polished_single	HD1;HD2;MIP1;beta_fg	supported	beta_fg	4597
HD2	WJSG01009073.1	4692	5030	basidio_full	GCA_016618145.1_ASM1661814v1	Hymenochaetales	Agaricomycetes	Basidiomycota	Sanghuangporus lonicericola	phylum_fallback	Basidiomycota:HD	WJSG01009073.1	63	9087	high	mat_locus	undetermined	33.63	33.63	HD1:30.93:polished_single;HD2:33.63:polished_single	HD1;HD2;MIP1;beta_fg	supported	MIP1	1579
HD2	JBKPUO010000002.1	3250908	3251027	basidio_full	GCA_048932755.1_ASM4893275v1	Hymenochaetales	Agaricomycetes	Basidiomycota	Sanghuangporus sanghuang	phylum_fallback	Basidiomycota:HD	JBKPUO010000002.1	3233405	3261831	high	mat_locus	undetermined	60.0	60.0	HD2:60.0:polished_disagree;HD1:28.16:polished_disagree	HD1;HD2;MIP1;beta_fg	supported	MIP1	8315
HD2	JBNINS010000001.1	1209208	1209324	basidio_full	GCA_050613525.1_ASM5061352v1	Hymenochaetales	Agaricomycetes	Basidiomycota	Inonotus hispidus	phylum_fallback	Basidiomycota:HD	JBNINS010000001.1	1187492	1209828	high	mat_locus	undetermined	53.85	53.85	HD1:28.67:polished_disagree;HD2:53.85:polished_single	HD1;HD2;MIP1	not_supported	MIP1	10882
HD2	KN837337.1	143407	143520	basidio_full	GCA_000827215.1_Sphst1	Geastrales	Agaricomycetes	Basidiomycota	Sphaerobolus stellatus	phylum_fallback	Basidiomycota:HD	KN837337.1	137295	151680	medium	mat_locus	undetermined	47.368	47.368	HD2:47.368:unpolished;HD1:29.41:polished_single	HD1;HD2;beta_fg	supported	beta_fg	5665
HD2	VSJA01000062.1	5067	5192	basidio_full	GCA_010367325.1_ASM1036732v1	Hymenochaetales	Agaricomycetes	Basidiomycota	Pyrrhoderma noxium	phylum_fallback	Basidiomycota:HD	VSJA01000062.1	5001	34852	medium	mat_locus	undetermined	42.857	42.857	HD2:42.857:unpolished;HD1:40.0:polished_single	HD1;HD2;MIP1	supported	MIP1	3912
HD1	VSJA01000370.1	11121	11366	basidio_full	GCA_010367325.1_ASM1036732v1	Hymenochaetales	Agaricomycetes	Basidiomycota	Pyrrhoderma noxium	phylum_fallback	Basidiomycota:HD	VSJA01000370.1	11046	21056	medium	mat_locus	undetermined	41.46	41.46	HD1:41.46:polished_disagree;HD2:41.176:unpolished	HD1;HD2;beta_fg	supported	beta_fg	8956
HD1	NBAZ01000001.1	2698897	2699094	basidio_full	GCA_002794735.1_PLAO.v2	Hymenochaetales	Agaricomycetes	Basidiomycota	Pyrrhoderma lamaoense	phylum_fallback	Basidiomycota:HD	NBAZ01000001.1	2685775	2711367	medium	mat_locus	undetermined	45.45	45.45	HD1:45.45:polished_single;HD2:45.0:unpolished	HD1;HD2;MIP1;beta_fg	supported	MIP1	9804
HD1	JAKOPK010000568.1	4835	5302	basidio_full	GCA_024195185.1_ASM2419518v1	Hymenochaetales	Agaricomycetes	Basidiomycota	Coniferiporia weirii	phylum_fallback	Basidiomycota:HD	JAKOPK010000568.1	2167	8573	high	mat_locus	undetermined	35.26	35.26	HD2:33.33:polished_single;HD1:35.26:polished_single	HD1;HD2;MIP1	supported	MIP1	2198
HD1	JAKOPK010001051.1	5518	5760	basidio_full	GCA_024195185.1_ASM2419518v1	Hymenochaetales	Agaricomycetes	Basidiomycota	Coniferiporia weirii	phylum_fallback	Basidiomycota:HD	JAKOPK010001051.1	3636	5763	high	idiomorph_gene_only	undetermined	40.74	40.74	HD2:35.8:polished_disagree;HD1:40.74:polished_single	HD1;HD2	not_supported		
HD1	WIUZ02000006.1	1210872	1211141	basidio_full	GCA_015956445.1_Theter1	Thelephorales	Agaricomycetes	Basidiomycota	Thelephora terrestris	phylum_fallback	Basidiomycota:HD	WIUZ02000006.1	1187253	1211825	high	mat_locus	undetermined	42.22	42.22	HD2:32.11:polished_single;HD1:42.22:polished_single	HD1;HD2;beta_fg	not_supported	beta_fg	23395
HD2	JBERCJ010000017.1	2898687	2898887	basidio_full	GCA_041146145.1_ASM4114614v1	Hymenochaetales	Agaricomycetes	Basidiomycota	Fomitiporia polymorpha	phylum_fallback	Basidiomycota:HD	JBERCJ010000017.1	2889181	2900752	high	mat_locus	undetermined	37.31	37.31	HD1:33.08:polished_single;HD2:37.31:polished_disagree	HD1;HD2;MIP1	supported	MIP1	7027
HD2	JABRWG010000004.1	1335495	1335617	basidio_full	GCA_018343895.1_ASM1834389v1	Amylocorticiales	Agaricomycetes	Basidiomycota	Agroathelia rolfsii	phylum_fallback	Basidiomycota:HD	JABRWG010000004.1	1332854	1337157	medium	mat_locus	undetermined	48.78	48.78	HD2:48.78:unpolished;HD1:31.11:polished_single	HD1;HD2;beta_fg	supported	beta_fg	2090
HD2	JABRWG010000003.1	1471432	1471545	basidio_full	GCA_018343895.1_ASM1834389v1	Amylocorticiales	Agaricomycetes	Basidiomycota	Agroathelia rolfsii	phylum_fallback	Basidiomycota:HD	JABRWG010000003.1	1469118	1473195	high	mat_locus	undetermined	52.63	52.63	HD2:52.63:polished_single;HD1:38.16:polished_single	HD1;HD2;beta_fg	not_supported		
bW	MAPY01001203.1	10127	10497	basidio_full	GCA_001689965.1_PSWKBGD_1_3	Tilletiales	Exobasidiomycetes	Basidiomycota	Tilletia indica	phylum_fallback	Basidiomycota:bLocus	MAPY01001203.1	8205	23918	high	idiomorph_gene_only	undetermined	45.37	45.37	bE:33.04:polished_disagree;bW:45.37:polished_single	bE;bW	not_testable		
bW	MAPY01000033.1	3438	3787	basidio_full	GCA_001689965.1_PSWKBGD_1_3	Tilletiales	Exobasidiomycetes	Basidiomycota	Tilletia indica	phylum_fallback	Basidiomycota:bLocus	MAPY01000033.1	1338	3787	high	idiomorph_gene_only	undetermined	49.5	49.5	bE:33.64:polished_disagree;bW:49.5:polished_single	bE;bW	not_testable		
bW	JBQVXD010000017.1	869125	869449	basidio_full	GCA_052422275.1_ASM5242227v1	Tilletiales	Exobasidiomycetes	Basidiomycota	Tilletia maclaganii	phylum_fallback	Basidiomycota:bLocus	JBQVXD010000017.1	869125	871846	high	idiomorph_gene_only	undetermined	52.38	52.38	bW:52.38:polished_disagree;bE:25.95:polished_disagree	bE;bW	not_testable		
HD2	JBJNRI010000003.1	1462565	1462756	basidio_full	GCA_048987155.1_ASM4898715v1	Hymenochaetales	Agaricomycetes	Basidiomycota	Fulvifomes rimosus	phylum_fallback	Basidiomycota:HD	JBJNRI010000003.1	1444699	1482563	high	mat_locus	undetermined	43.75	43.75	HD1:42.0:polished_single;HD2:43.75:polished_single	HD1;HD2;MIP1;beta_fg	not_supported	MIP1	16079
HD2	NBBA01000001.1	3743226	3743444	basidio_full	GCA_002794785.1_PSUO.v3	Hymenochaetales	Agaricomycetes	Basidiomycota	Coniferiporia sulphurascens	phylum_fallback	Basidiomycota:HD	NBBA01000001.1	3728740	3752540	high	mat_locus	undetermined	39.73	39.73	HD2:39.73:polished_disagree;HD1:39.5:polished_single	HD1;HD2;MIP1;beta_fg	supported	MIP1	6628
HD2	CM008252.1	3011640	3011741	basidio_full	GCA_002287475.2_ASM228747v2	Hymenochaetales	Agaricomycetes	Basidiomycota	Pyrrhoderma noxium	phylum_fallback	Basidiomycota:HD	CM008252.1	3004981	3015375	medium	mat_locus	undetermined	41.176	41.176	HD2:41.176:unpolished;HD1:40.24:polished_disagree	HD1;HD2;beta_fg	supported	beta_fg	5925
HD2	CM008252.1	3071500	3071607	basidio_full	GCA_002287475.2_ASM228747v2	Hymenochaetales	Agaricomycetes	Basidiomycota	Pyrrhoderma noxium	phylum_fallback	Basidiomycota:HD	CM008252.1	3071060	3078021	medium	mat_locus	undetermined	47.222	47.222	HD2:47.222:unpolished;HD1:36.25:polished_single	HD1;HD2;MIP1	supported	MIP1	3940
bE	JBZUJS010000078.1	118682	123072	basidio_full	GCA_058411105.1_ASM5841110v1			Basidiomycota	Pucciniomycotina sp. clade gs25	phylum_fallback	Basidiomycota:bLocus	JBZUJS010000078.1	72031	170772	high	idiomorph_gene_only	undetermined	39.6	39.6	bW:33.53:polished_disagree;bE:39.6:polished_single	bE;bW	not_testable		
bW	JBZUJS010000028.1	308126	314834	basidio_full	GCA_058411105.1_ASM5841110v1			Basidiomycota	Pucciniomycotina sp. clade gs25	phylum_fallback	Basidiomycota:bLocus	JBZUJS010000028.1	286870	319982	high	idiomorph_gene_only	undetermined	43.42	43.42	bE:40.54:polished_single;bW:43.42:polished_disagree	bE;bW	not_testable		
bW	JBZUJS010000238.1	19285	19389	basidio_full	GCA_058411105.1_ASM5841110v1			Basidiomycota	Pucciniomycotina sp. clade gs25	phylum_fallback	Basidiomycota:bLocus	JBZUJS010000238.1	2315	40877	high	idiomorph_gene_only	undetermined	57.14	57.14	bE:50.0:polished_single;bW:57.14:polished_disagree	bE;bW	not_testable		
HD2	CAJSYZ010000002.1	4274247	4274375	basidio_full	GCA_910574455.1_TF100210M3	Hymenochaetales	Agaricomycetes	Basidiomycota	Trichaptum fuscoviolaceum	phylum_fallback	Basidiomycota:HD	CAJSYZ010000002.1	4266441	4285769	high	mat_locus	undetermined	60.47	60.47	HD2:60.47:polished_single;HD1:33.58:polished_single	HD1;HD2;MIP1;beta_fg	supported	beta_fg	7603
HD2	KV419407.1	514409	514546	basidio_full	GCA_001630475.1_Sisni1	Sistotremastrales	Agaricomycetes	Basidiomycota	Sertulicium niveocremeum	phylum_fallback	Basidiomycota:HD	KV419407.1	506616	544276	high	mat_locus	undetermined	45.65	45.65	HD2:45.65:polished_single;HD1:27.93:polished_single	HD1;HD2;MIP1;beta_fg	supported	MIP1	5484
HD2	JBLIYZ010000001.1	2288820	2288999	basidio_full	GCA_048545035.1_ASM4854503v1	Phallales	Agaricomycetes	Basidiomycota	Phallus indusiatus	phylum_fallback	Basidiomycota:HD	JBLIYZ010000001.1	2281281	2289092	medium	mat_locus	undetermined	38.333	38.333	HD1:36.25:polished_single;HD2:38.333:unpolished	HD1;HD2;MIP1	supported	MIP1	6035
HD1	JBLIYZ010000001.1	2327217	2327606	basidio_full	GCA_048545035.1_ASM4854503v1	Phallales	Agaricomycetes	Basidiomycota	Phallus indusiatus	phylum_fallback	Basidiomycota:HD	JBLIYZ010000001.1	2327109	2344674	high	mat_locus	undetermined	40.94	40.94	HD1:40.94:polished_single;HD2:32.88:polished_single	HD1;HD2;beta_fg	not_supported	beta_fg	16807
HD2	JAHSQH010000007.1	513048	513290	basidio_full	GCA_020581365.1_ASM2058136v1	Hymenochaetales	Agaricomycetes	Basidiomycota	Sanghuangporus sanghuang	phylum_fallback	Basidiomycota:HD	JAHSQH010000007.1	507978	534821	high	mat_locus	undetermined	37.04	37.04	HD1:28.44:polished_single;HD2:37.04:polished_disagree	HD1;HD2;MIP1;beta_fg	supported	MIP1	2581
HD2	JAJIYX010000008.1	178338	178481	basidio_full	GCA_035773195.1_ASM3577319v1	Phallales	Agaricomycetes	Basidiomycota	Phallus impudicus	phylum_fallback	Basidiomycota:HD	JAJIYX010000008.1	176402	196987	high	mat_locus	undetermined	47.92	47.92	HD1:35.29:polished_single;HD2:47.92:polished_single	HD1;HD2;beta_fg	not_supported		
HD2	JAJIYX010000162.1	56995	57138	basidio_full	GCA_035773195.1_ASM3577319v1	Phallales	Agaricomycetes	Basidiomycota	Phallus impudicus	phylum_fallback	Basidiomycota:HD	JAJIYX010000162.1	55059	75642	high	mat_locus	undetermined	47.92	47.92	HD1:35.29:polished_single;HD2:47.92:polished_single	HD1;HD2;beta_fg	not_supported		
HD1	JAJIYX010000157.1	910655	910894	basidio_full	GCA_035773195.1_ASM3577319v1	Phallales	Agaricomycetes	Basidiomycota	Phallus impudicus	phylum_fallback	Basidiomycota:HD	JAJIYX010000157.1	901679	911002	medium	mat_locus	undetermined	36.36	36.36	HD2:30.0:unpolished;HD1:36.36:polished_single	HD1;HD2;MIP1	supported	MIP1	6516
HD2	JAJIYX010000157.1	1011566	1011679	basidio_full	GCA_035773195.1_ASM3577319v1	Phallales	Agaricomycetes	Basidiomycota	Phallus impudicus	phylum_fallback	Basidiomycota:HD	JAJIYX010000157.1	1009191	1028918	high	mat_locus	undetermined	52.63	52.63	HD1:35.29:polished_single;HD2:52.63:polished_single	HD1;HD2;beta_fg	not_supported	beta_fg	16742
HD2	CM082464.1	1540647	1540883	basidio_full	GCA_040954535.1_ASM4095453v1	Hymenochaetales	Agaricomycetes	Basidiomycota	Pallidohirschioporus biformis	phylum_fallback	Basidiomycota:HD	CM082464.1	1536645	1556683	high	mat_locus	undetermined	37.97	37.97	HD1:35.71:polished_single;HD2:37.97:polished_disagree	HD1;HD2;MIP1;beta_fg	supported	MIP1	2197
HD2	JASFXP010000003.1	1056421	1056657	basidio_full	GCA_031470955.1_ASM3147095v1	Hymenochaetales	Agaricomycetes	Basidiomycota	Sanghuangporus sanghuang	phylum_fallback	Basidiomycota:HD	JASFXP010000003.1	1052326	1080985	high	mat_locus	undetermined	34.18	34.18	HD1:30.43:polished_single;HD2:34.18:polished_single	HD1;HD2;MIP1;beta_fg	supported	MIP1	1606
HD2	LNZH02000134.1	1649	1861	basidio_full	GCA_001481415.2_ASM148141v2	Hymenochaetales	Agaricomycetes	Basidiomycota	Sanghuangporus baumii	phylum_fallback	Basidiomycota:HD	LNZH02000134.1	1163	5224	high	mat_locus	undetermined	42.25	42.25	HD1:30.77:polished_single;HD2:42.25:polished_single	HD1;HD2;MIP1	supported	MIP1	1533
HD2	LNZH02000043.1	2199	2318	basidio_full	GCA_001481415.2_ASM148141v2	Hymenochaetales	Agaricomycetes	Basidiomycota	Sanghuangporus baumii	phylum_fallback	Basidiomycota:HD	LNZH02000043.1	1779	20315	medium	mat_locus	undetermined	40.476	40.476	HD1:39.78:polished_disagree;HD2:40.476:unpolished	HD1;HD2;beta_fg	not_supported	beta_fg	17728
HD2	CM045714.1	3121754	3121987	basidio_full	GCA_024712875.1_ASM2471287v1	Hymenochaetales	Agaricomycetes	Basidiomycota	Inonotus hispidus	phylum_fallback	Basidiomycota:HD	CM045714.1	3115705	3135351	high	mat_locus	undetermined	38.46	38.46	HD1:27.37:polished_single;HD2:38.46:polished_single	HD1;HD2;MIP1	supported	MIP1	3271
HD1	NW_006767433.1	2496121	2496489	basidio_full	GCF_000264995.1_Punctularia_strigosozonata_v1.0	Corticiales	Agaricomycetes	Basidiomycota	Punctularia strigosozonata	phylum_fallback	Basidiomycota:HD	NW_006767433.1	2488517	2500362	high	mat_locus	undetermined	46.28	46.28	HD1:46.28:polished_single;HD2:36.36:polished_single	HD1;HD2;MIP1;beta_fg	supported	beta_fg	3113
HD2	RZIL01002298.1	3953	4147	basidio_full	GCA_016617985.1_ASM1661798v1	Hymenochaetales	Agaricomycetes	Basidiomycota	Pyrrhoderma noxium	phylum_fallback	Basidiomycota:HD	RZIL01002298.1	1802	4645	high	idiomorph_gene_only	undetermined	40.0	40.0	HD1:34.44:polished_single;HD2:40.0:polished_single	HD1;HD2	not_supported		
HD2	RZIL01002048.1	2347	2448	basidio_full	GCA_016617985.1_ASM1661798v1	Hymenochaetales	Agaricomycetes	Basidiomycota	Pyrrhoderma noxium	phylum_fallback	Basidiomycota:HD	RZIL01002048.1	2347	3976	high	idiomorph_gene_only	undetermined	50.0	50.0	HD2:50.0:polished_single;HD1:50.0:polished_disagree	HD1;HD2	not_supported		
HD2	JAWLVF010000001.1	1127340	1127444	basidio_full	GCA_041475395.1_ASM4147539v1	Amylocorticiales	Agaricomycetes	Basidiomycota	Agroathelia delphinii	phylum_fallback	Basidiomycota:HD	JAWLVF010000001.1	1124681	1129039	high	mat_locus	undetermined	54.29	54.29	HD2:54.29:polished_single;HD1:40.0:polished_single	HD1;HD2;beta_fg	supported	beta_fg	2111
HD2	JAWLVF010000004.1	4335918	4336049	basidio_full	GCA_041475395.1_ASM4147539v1	Amylocorticiales	Agaricomycetes	Basidiomycota	Agroathelia delphinii	phylum_fallback	Basidiomycota:HD	JAWLVF010000004.1	4334546	4338509	high	mat_locus	undetermined	43.18	43.18	HD1:41.27:polished_single;HD2:43.18:polished_single	HD1;HD2;beta_fg	not_supported		
HD2	MU118837.1	528	719	basidio_full	GCA_014904855.1_Thega1	Thelephorales	Agaricomycetes	Basidiomycota	Thelephora ganbajun	phylum_fallback	Basidiomycota:HD	MU118837.1	135	1388	high	idiomorph_gene_only	undetermined	42.19	42.19	HD1:33.18:polished_single;HD2:42.19:polished_single	HD1;HD2	not_supported		
HD2	MU117961.1	310140	310403	basidio_full	GCA_014904855.1_Thega1	Thelephorales	Agaricomycetes	Basidiomycota	Thelephora ganbajun	phylum_fallback	Basidiomycota:HD	MU117961.1	299871	311208	high	mat_locus	undetermined	39.08	39.08	HD1:36.6:polished_single;HD2:39.08:polished_single	HD1;HD2;MIP1	supported	MIP1	7751
HD1	MU118012.1	59457	59744	basidio_full	GCA_014904855.1_Thega1	Thelephorales	Agaricomycetes	Basidiomycota	Thelephora ganbajun	phylum_fallback	Basidiomycota:HD	MU118012.1	58873	62512	high	mat_locus	undetermined	41.67	41.67	HD1:41.67:polished_disagree;HD2:33.75:polished_single	HD1;HD2;beta_fg	supported	beta_fg	2207
HD1	JACXVL010000084.1	145529	146071	basidio_full	GCA_014898675.1_191101_athtb5_1.0	Atheliales	Agaricomycetes	Basidiomycota	Athelia sp. TMB	phylum_fallback	Basidiomycota:HD	JACXVL010000084.1	142205	168987	high	mat_locus	undetermined	38.67	38.67	HD2:36.62:polished_disagree;HD1:38.67:polished_single	HD1;HD2;MIP1;beta_fg	supported	beta_fg	3013
HD2	JACXVL010000059.1	52024	52359	basidio_full	GCA_014898675.1_191101_athtb5_1.0	Atheliales	Agaricomycetes	Basidiomycota	Athelia sp. TMB	phylum_fallback	Basidiomycota:HD	JACXVL010000059.1	46446	54289	high	mat_locus	undetermined	54.74	54.74	HD1:38.14:polished_single;HD2:54.74:polished_disagree	HD1;HD2;MIP1;beta_fg	supported	MIP1	4499
bW	MAPW01000024.1	31937	32286	basidio_full	GCA_001689995.1_PSWKBGD_1_1	Tilletiales	Exobasidiomycetes	Basidiomycota	Tilletia indica	phylum_fallback	Basidiomycota:bLocus	MAPW01000024.1	29822	43739	high	idiomorph_gene_only	undetermined	49.5	49.5	bE:33.64:polished_disagree;bW:49.5:polished_single	bE;bW	not_testable		
bE	LNQT01001352.1	18499	18675	basidio_full	GCA_004334575.1_Tca517_3.0	Tilletiales	Exobasidiomycetes	Basidiomycota	Tilletia caries	phylum_fallback	Basidiomycota:bLocus	LNQT01001352.1	16154	22657	high	idiomorph_gene_only	undetermined	42.37	42.37	bW:30.48:polished_single;bE:42.37:polished_disagree	bE;bW	not_testable		
HD2	JBERCL010000016.1	392098	392325	basidio_full	GCA_041146215.1_ASM4114621v1	Hymenochaetales	Agaricomycetes	Basidiomycota	Inonotus vitis	phylum_fallback	Basidiomycota:HD	JBERCL010000016.1	384285	397800	high	mat_locus	undetermined	34.21	34.21	HD1:30.07:polished_disagree;HD2:34.21:polished_single	HD1;HD2;MIP1	supported	MIP1	2310
HD2	KL197710.1	1175225	1175443	basidio_full	GCA_000697665.1_Jaaar1	Jaapiales	Agaricomycetes	Basidiomycota	Jaapia argillacea	phylum_fallback	Basidiomycota:HD	KL197710.1	1170537	1179600	high	mat_locus	undetermined	47.95	47.95	HD1:35.76:polished_disagree;HD2:47.95:polished_single	HD1;HD2;MIP1;beta_fg	supported	beta_fg	3477
HD2	KV428006.1	91898	92011	basidio_full	GCA_001632355.1_Sissu1	Sistotremastrales	Agaricomycetes	Basidiomycota	Sistotremastrum suecicum	phylum_fallback	Basidiomycota:HD	KV428006.1	59154	97286	low	partial_locus	undetermined	39.474	39.474	HD1:27.933:unpolished;HD2:39.474:unpolished	HD1;HD2;MIP1;beta_fg	supported	MIP1	2966
HD2	CP137318.1	1217060	1217179	basidio_full	GCA_033182465.1_ASM3318246v1	Hymenochaetales	Agaricomycetes	Basidiomycota	Sanghuangporus weigelae	phylum_fallback	Basidiomycota:HD	CP137318.1	1206341	1243252	high	mat_locus	undetermined	57.5	57.5	HD1:30.99:polished_single;HD2:57.5:polished_single	HD1;HD2;MIP1;beta_fg	supported	MIP1	8898
HD2	QFFB01022497.1	3418	3549	basidio_full	GCA_003316465.1_ASM331646v1	Gomphales	Agaricomycetes	Basidiomycota	Ramaria cf. rubripermanens	phylum_fallback	Basidiomycota:HD	QFFB01022497.1	1672	3672	high	idiomorph_gene_only	undetermined	43.18	43.18	HD1:29.41:polished_single;HD2:43.18:polished_single	HD1;HD2	not_supported		
HD2	OZ452727.1	17696023	17696175	basidio_full	GCA_982319285.1_gfClaPist2.1	Gomphales	Agaricomycetes	Basidiomycota	Clavariadelphus pistillaris	phylum_fallback	Basidiomycota:HD	OZ452727.1	17683966	17704667	medium	mat_locus	undetermined	39.22	39.22	HD2:39.22:polished_single;HD1:30.833:unpolished	HD1;HD2;MIP1;beta_fg	supported	beta_fg	8245
HD2	KV425551.1	1141016	1141412	basidio_full	GCA_001632425.1_Neole1	Gloeophyllales	Agaricomycetes	Basidiomycota	Neolentinus lepideus	phylum_fallback	Basidiomycota:HD	KV425551.1	1127447	1143628	high	mat_locus	undetermined	45.22	45.22	HD1:42.51:polished_single;HD2:45.22:polished_disagree	HD1;HD2;MIP1;beta_fg	supported	beta_fg	1539
RPL39	KV425638.1	48305	48519	basidio_full	GCA_001632425.1_Neole1	Gloeophyllales	Agaricomycetes	Basidiomycota	Neolentinus lepideus	phylum_fallback	Basidiomycota:MAT	KV425638.1	48305	54292	medium	idiomorph_gene_only	undetermined	82.0	82.0	RPL39:82.0:polished_agree;STE3:36.46:polished_disagree	STE3;RPL39	not_testable		
bE	BCIR01000110.1	9950	10069	basidio_full	GCA_040364925.1_JCM_10725_assembly_v001	Cystobasidiales	Cystobasidiomycetes	Basidiomycota	Cystastrum externum	phylum_fallback	Basidiomycota:bLocus	BCIR01000110.1	9680	11300	high	idiomorph_gene_only	undetermined	47.5	47.5	bE:47.5:polished_single;bW:35.06:polished_single	bE;bW	not_testable		
bW	BCIR01001488.1	1617	1727	basidio_full	GCA_040364925.1_JCM_10725_assembly_v001	Cystobasidiales	Cystobasidiomycetes	Basidiomycota	Cystastrum externum	phylum_fallback	Basidiomycota:bLocus	BCIR01001488.1	1464	3233	high	idiomorph_gene_only	undetermined	54.05	54.05	bW:54.05:polished_disagree;bE:47.5:polished_single	bE;bW	not_testable		
HD2	JBKIBR010000001.1	2424776	2424898	basidio_full	GCA_047655875.1_HY_Iobl_1.1	Hymenochaetales	Agaricomycetes	Basidiomycota	Inonotus obliquus	phylum_fallback	Basidiomycota:HD	JBKIBR010000001.1	2424264	2437462	high	mat_locus	undetermined	53.66	53.66	HD2:53.66:polished_disagree;HD1:28.73:polished_single	HD1;HD2;MIP1	not_supported	MIP1	10777
HD2	JBKPUL010000001.1	1127231	1127350	basidio_full	GCA_048932595.1_ASM4893259v1	Hymenochaetales	Agaricomycetes	Basidiomycota	Sanghuangporus weigelae	phylum_fallback	Basidiomycota:HD	JBKPUL010000001.1	1116484	1148740	high	mat_locus	undetermined	60.0	60.0	HD1:32.6:polished_single;HD2:60.0:polished_disagree	HD1;HD2;MIP1;beta_fg	supported	MIP1	8926
HD2	BPWL01000004.1	2149730	2149828	basidio_full	GCA_020884735.1_Clacol_1.0	Phallales	Agaricomycetes	Basidiomycota	Clathrus columnatus	phylum_fallback	Basidiomycota:HD	BPWL01000004.1	2140069	2165846	medium	mat_locus	undetermined	48.485	48.485	HD2:48.485:unpolished;HD1:23.59:polished_single	HD1;HD2;MIP1	supported	MIP1	7224
HD1	BPWL01000004.1	2207603	2207968	basidio_full	GCA_020884735.1_Clacol_1.0	Phallales	Agaricomycetes	Basidiomycota	Clathrus columnatus	phylum_fallback	Basidiomycota:HD	BPWL01000004.1	2207540	2216985	medium	mat_locus	undetermined	39.5	39.5	HD1:39.5:polished_single;HD2:26.496:unpolished	HD1;HD2;beta_fg	supported	beta_fg	4628
HD2	JBERCN010000001.1	1194534	1194647	basidio_full	GCA_041146245.1_ASM4114624v1	Hymenochaetales	Agaricomycetes	Basidiomycota	Tropicoporus texanus	phylum_fallback	Basidiomycota:HD	JBERCN010000001.1	1183901	1247227	high	mat_locus	undetermined	57.89	57.89	HD1:38.21:polished_single;HD2:57.89:polished_disagree	HD1;HD2;MIP1;beta_fg	supported	MIP1	8804
HD2	KN832555.1	2646756	2647556	basidio_full	GCA_000827205.1_Plicr1	Amylocorticiales	Agaricomycetes	Basidiomycota	Plicatura crispa	phylum_fallback	Basidiomycota:HD	KN832555.1	2629935	2660068	high	mat_locus	undetermined	41.98	41.98	HD1:41.52:polished_single;HD2:41.98:polished_single	HD1;HD2;MIP1;beta_fg	supported	beta_fg	966
HD2	RZIN01000160.1	167773	167886	basidio_full	GCA_016618025.1_ASM1661802v1	Hymenochaetales	Agaricomycetes	Basidiomycota	Pyrrhoderma noxium	phylum_fallback	Basidiomycota:HD	RZIN01000160.1	138228	167970	medium	mat_locus	undetermined	47.368	47.368	HD1:41.25:polished_single;HD2:47.368:unpolished	HD1;HD2;MIP1	supported	MIP1	3895
HD2	RZIN01000029.1	29985	30218	basidio_full	GCA_016618025.1_ASM1661802v1	Hymenochaetales	Agaricomycetes	Basidiomycota	Pyrrhoderma noxium	phylum_fallback	Basidiomycota:HD	RZIN01000029.1	25032	39689	medium	mat_locus	undetermined	42.308	42.308	HD2:42.308:unpolished;HD1:36.36:polished_disagree	HD1;HD2;beta_fg	supported	beta_fg	8737
bW	JAVLVL010000417.1	12491	12893	basidio_full	GCA_059055115.1_ASM5905511v1	Tilletiales	Exobasidiomycetes	Basidiomycota	Tilletia laevis	phylum_fallback	Basidiomycota:bLocus	JAVLVL010000417.1	12471	39472	high	idiomorph_gene_only	undetermined	37.61	37.61	bW:37.61:polished_single;bE:32.73:polished_disagree	bE;bW	not_testable		
HD2	MU134432.1	113279	113401	basidio_full	GCA_015039355.1_Ramac1	Gomphales	Agaricomycetes	Basidiomycota	Ramaria rubella	phylum_fallback	Basidiomycota:HD	MU134432.1	102088	123814	high	mat_locus	undetermined	43.9	43.9	HD2:43.9:polished_single;HD1:29.47:polished_single	HD1;HD2;MIP1;beta_fg	supported	MIP1	8754
HD2	CM084693.1	2904766	2904978	basidio_full	GCA_041442975.1_ASM4144297v1	Hymenochaetales	Agaricomycetes	Basidiomycota	Sanghuangporus vaninii	phylum_fallback	Basidiomycota:HD	CM084693.1	2880966	2909120	high	mat_locus	undetermined	39.44	39.44	HD1:33.33:polished_single;HD2:39.44:polished_disagree	HD1;HD2;MIP1;beta_fg	supported	MIP1	1653
HD2	JBCEZR010000001.1	1074118	1074354	basidio_full	GCA_040938115.1_ASM4093811v1	Hymenochaetales	Agaricomycetes	Basidiomycota	Rigidonotus glomeratus	phylum_fallback	Basidiomycota:HD	JBCEZR010000001.1	1070025	1098345	high	mat_locus	undetermined	34.18	34.18	HD1:30.43:polished_disagree;HD2:34.18:polished_single	HD1;HD2;MIP1;beta_fg	supported	MIP1	1604
HD2	JCAKBH010000002.1	2987250	2987462	basidio_full	GCA_059628585.1_ASM5962858v1	Hymenochaetales	Agaricomycetes	Basidiomycota	Sanghuangporus mongolicus	phylum_fallback	Basidiomycota:HD	JCAKBH010000002.1	2964135	2991583	high	mat_locus	undetermined	38.03	38.03	HD1:33.33:polished_single;HD2:38.03:polished_single	HD1;HD2;MIP1;beta_fg	supported	MIP1	1647
HD2	JBKPUN010000001.1	1060404	1060640	basidio_full	GCA_048932585.1_ASM4893258v1	Hymenochaetales	Agaricomycetes	Basidiomycota	Sanghuangporus baumii	phylum_fallback	Basidiomycota:HD	JBKPUN010000001.1	1056320	1087119	high	mat_locus	undetermined	35.44	35.44	HD1:32.91:polished_single;HD2:35.44:polished_disagree	HD1;HD2;MIP1;beta_fg	supported	MIP1	2263
HD2	CAJTBE010000002.1	3642432	3642668	basidio_full	GCA_910574555.1_TA10106M1	Hymenochaetales	Agaricomycetes	Basidiomycota	Trichaptum abietinum	phylum_fallback	Basidiomycota:HD	CAJTBE010000002.1	3628925	3646612	high	mat_locus	undetermined	39.24	39.24	HD1:38.71:polished_single;HD2:39.24:polished_disagree	HD1;HD2;MIP1;beta_fg	supported	MIP1	2280
HD1	QFEN01003918.1	25896	26012	basidio_full	GCA_003316125.1_ASM331612v1	Auriculariales	Agaricomycetes	Basidiomycota	Auricularia polytricha	phylum_fallback	Basidiomycota:HD	QFEN01003918.1	23157	26012	medium	partial_locus	undetermined	84.62	84.62	HD1:84.62:polished_single	HD1;MIP1	supported	MIP1	385
HD2	JBMACY010000011.1	701682	701933	basidio_full	GCA_051903625.1_ASM5190362v1	Hymenochaetales	Agaricomycetes	Basidiomycota	Porodaedalea schrenkianae	phylum_fallback	Basidiomycota:HD	JBMACY010000011.1	670108	706232	high	mat_locus	undetermined	33.33	33.33	HD1:30.17:polished_disagree;HD2:33.33:polished_disagree	HD1;HD2;MIP1;beta_fg	supported	MIP1	2504
HD2	WHVD01000067.1	154483	154611	basidio_full	GCA_015178975.1_Hyssto1	Hysterangiales	Agaricomycetes	Basidiomycota	Hysterangium stoloniferum	phylum_fallback	Basidiomycota:HD	WHVD01000067.1	125689	167488	high	mat_locus	undetermined	48.84	48.84	HD1:24.69:polished_single;HD2:48.84:polished_single	HD1;HD2;MIP1;beta_fg	not_supported	MIP1	10435
HD1	JAQFWX010000047.1	19761	20000	basidio_full	GCA_027605045.1_ASM2760504v1	Phallales	Agaricomycetes	Basidiomycota	Phallus indusiatus	phylum_fallback	Basidiomycota:HD	JAQFWX010000047.1	10786	20108	medium	mat_locus	undetermined	36.36	36.36	HD2:30.0:unpolished;HD1:36.36:polished_single	HD1;HD2;MIP1	supported	MIP1	6515
HD2	JAQFWX010000047.1	194230	194373	basidio_full	GCA_027605045.1_ASM2760504v1	Phallales	Agaricomycetes	Basidiomycota	Phallus indusiatus	phylum_fallback	Basidiomycota:HD	JAQFWX010000047.1	192294	212878	high	mat_locus	undetermined	47.92	47.92	HD1:35.29:polished_single;HD2:47.92:polished_single	HD1;HD2;beta_fg	not_supported	MIP1	180984
HD2	JAQFWX010000003.1	205944	206057	basidio_full	GCA_027605045.1_ASM2760504v1	Phallales	Agaricomycetes	Basidiomycota	Phallus indusiatus	phylum_fallback	Basidiomycota:HD	JAQFWX010000003.1	187446	208432	high	mat_locus	undetermined	52.63	52.63	HD2:52.63:polished_single;HD1:35.29:polished_single	HD1;HD2;beta_fg	not_supported	beta_fg	18001
HD1	JAQFWX010000003.1	306703	306942	basidio_full	GCA_027605045.1_ASM2760504v1	Phallales	Agaricomycetes	Basidiomycota	Phallus indusiatus	phylum_fallback	Basidiomycota:HD	JAQFWX010000003.1	306595	315731	medium	mat_locus	undetermined	36.36	36.36	HD1:36.36:polished_single;HD2:30.0:unpolished	HD1;HD2;MIP1	not_supported	beta_fg	118760
HD2	VVIT01000020.1	132920	133039	basidio_full	GCA_009806525.1_ASM980652v1	Hymenochaetales	Agaricomycetes	Basidiomycota	Sanghuangporus sanghuang	phylum_fallback	Basidiomycota:HD	VVIT01000020.1	102980	150266	high	mat_locus	undetermined	57.5	57.5	HD1:36.27:polished_disagree;HD2:57.5:polished_single	HD1;HD2;beta_fg	not_supported		
HD2	VVIT01000004.1	107567	107803	basidio_full	GCA_009806525.1_ASM980652v1	Hymenochaetales	Agaricomycetes	Basidiomycota	Sanghuangporus sanghuang	phylum_fallback	Basidiomycota:HD	VVIT01000004.1	100254	111908	high	mat_locus	undetermined	31.65	31.65	HD1:28.12:polished_disagree;HD2:31.65:polished_disagree	HD1;HD2;MIP1	supported	MIP1	1616
HD2	JXSW01000373.1	2456	2560	basidio_full	GCA_002940785.1_ASM294078v1	Amylocorticiales	Agaricomycetes	Basidiomycota	Agroathelia rolfsii	phylum_fallback	Basidiomycota:HD	JXSW01000373.1	84	3913	high	mat_locus	undetermined	57.14	57.14	HD2:57.14:polished_single;HD1:37.08:polished_single	HD1;HD2;beta_fg	not_supported		
HD2	JXSW01000281.1	16212	16316	basidio_full	GCA_002940785.1_ASM294078v1	Amylocorticiales	Agaricomycetes	Basidiomycota	Agroathelia rolfsii	phylum_fallback	Basidiomycota:HD	JXSW01000281.1	9446	17684	high	mat_locus	undetermined	57.14	57.14	HD2:57.14:polished_single;HD1:27.61:polished_single	HD1;HD2;beta_fg	supported	beta_fg	2368
HD2	QLOR01000797.1	27372	27617	basidio_full	GCA_003313825.1_ASM331382v1	Thelephorales	Agaricomycetes	Basidiomycota	Sarcodon aspratus	phylum_fallback	Basidiomycota:HD	QLOR01000797.1	22940	31955	high	mat_locus	undetermined	35.37	35.37	HD1:31.02:polished_disagree;HD2:35.37:polished_single	HD1;HD2;beta_fg	supported	beta_fg	3773
HD2	JBKOSQ010000002.1	3291819	3292052	basidio_full	GCA_047716215.1_ASM4771621v1	Hymenochaetales	Agaricomycetes	Basidiomycota	Inonotus hispidus	phylum_fallback	Basidiomycota:HD	JBKOSQ010000002.1	3283709	3296189	high	mat_locus	undetermined	33.33	33.33	HD1:26.92:polished_single;HD2:33.33:polished_disagree	HD1;HD2;MIP1	supported	MIP1	2290
HD2	JZWR02001725.1	2980	3105	basidio_full	GCA_000961905.2_AthRolfv2.0	Amylocorticiales	Agaricomycetes	Basidiomycota	Agroathelia rolfsii	phylum_fallback	Basidiomycota:HD	JZWR02001725.1	459	8274	high	mat_locus	undetermined	59.52	59.52	HD2:59.52:polished_disagree;HD1:29.79:polished_single	HD1;HD2;beta_fg	not_supported		
HD2	JZWR02001647.1	5617	5721	basidio_full	GCA_000961905.2_AthRolfv2.0	Amylocorticiales	Agaricomycetes	Basidiomycota	Agroathelia rolfsii	phylum_fallback	Basidiomycota:HD	JZWR02001647.1	3038	7148	high	mat_locus	undetermined	57.14	57.14	HD2:57.14:polished_single;HD1:25.14:polished_single	HD1;HD2;beta_fg	supported	beta_fg	2043
HD1	JBMACX010000001.1	3001747	3002055	basidio_full	GCA_051903645.1_ASM5190364v1	Hymenochaetales	Agaricomycetes	Basidiomycota	Porodaedalea mongolica	phylum_fallback	Basidiomycota:HD	JBMACX010000001.1	2965415	3006268	high	mat_locus	undetermined	37.86	37.86	HD2:37.65:polished_single;HD1:37.86:polished_single	HD1;HD2;MIP1;beta_fg	supported	MIP1	2418
MFalpha	BCJG01000001.1	3512677	3512799	basidio_full	GCA_001600255.1_JCM_1458_assembly_v001	Trichosporonales	Tremellomycetes	Basidiomycota	Apiotrichum porosum	phylum_fallback	Basidiomycota:MAT	BCJG01000001.1	3419224	3568557	medium	mat_locus	alpha	50.0	50.0	MFa:45.455:not_polish_candidate;MFalpha:50.0:unpolished;STE3:48.06:polished_agree;SXI1:37.14:polished_single	FAO1;MFalpha;STE3;SXI1	not_testable		
RPL39	OZ370661.1	76306	76897	basidio_full	GCA_977066725.1_gfCryBron1.1	Trichosporonales	Tremellomycetes	Basidiomycota	Cryptotrichosporon brontae	phylum_fallback	Basidiomycota:MAT	OZ370661.1	41515	76897	medium	idiomorph_gene_only	alpha	90.0	90.0	SXI1:46.15:polished_single;STE3:51.95:polished_agree;MFa:42.857:not_polish_candidate;MFalpha:48.78:unpolished;RPL39:90.0:polished_agree	MFalpha;STE3;SXI1;RPL39	not_testable		
STE3	JBBXJO010000001.1	54187	55208	basidio_full	GCA_051557425.1_TUD_CryArg_v1.0	Trichosporonales	Tremellomycetes	Basidiomycota	Cryptotrichosporon argae	phylum_fallback	Basidiomycota:MAT	JBBXJO010000001.1	29042	55810	medium	idiomorph_gene_only	alpha	52.27	52.27	SXI1:40.74:polished_single;STE3:52.27:polished_disagree;MFalpha:48.78:unpolished	MFalpha;STE3;SXI1	not_testable		
STE3	JAPKIE010000021.1	119369	120327	basidio_full	GCA_026725045.1_ASM2672504v1	Trichosporonales	Tremellomycetes	Basidiomycota	Vanrija sp. TS_01	phylum_fallback	Basidiomycota:MAT	JAPKIE010000021.1	73728	175361	medium	idiomorph_gene_only	alpha	45.86	45.86	STE3:45.86:polished_disagree;SXI1:39.22:polished_single	STE3;SXI1	not_testable		
bW	QKWK01000012.1	325622	337308	basidio_full	GCA_008065275.1_ASM806527v1	Trichosporonales	Tremellomycetes	Basidiomycota	Vanrija humicola	phylum_fallback	Basidiomycota:bLocus	QKWK01000012.1	304077	379309	high	idiomorph_gene_only	undetermined	30.580000000000002	30.580000000000002	bW:30.580000000000002:polished_single;bE:29.87:polished_single	bE;bW	not_testable		
MFalpha	NW_021167108.1	2089932	2090048	basidio_full	GCF_003942205.1_ASM394220v1	Trichosporonales	Tremellomycetes	Basidiomycota	Apiotrichum porosum	phylum_fallback	Basidiomycota:MAT	NW_021167108.1	2083934	2186828	medium	mat_locus	alpha	52.5	52.5	STE3:43.93:polished_single;MFa:47.619:not_polish_candidate;MFalpha:52.5:unpolished	FAO1;MFalpha;STE3	not_testable		
HD2	BAABUV010000151.1	44401	44562	basidio_full	GCA_050403085.1_Rt_araucariae_JCM3770v1	Sporidiobolales	Microbotryomycetes	Basidiomycota	Rhodotorula araucariae	phylum_fallback	Basidiomycota:HD	BAABUV010000151.1	43055	44568	high	idiomorph_gene_only	undetermined	39.62	39.62	HD1:38.71:polished_single;HD2:39.62:polished_single	HD1;HD2	not_supported		
HD1	AEVR02000017.1	712822	712977	basidio_full	GCA_000222205.2_R.glutinis2	Sporidiobolales	Microbotryomycetes	Basidiomycota	Rhodotorula toruloides	phylum_fallback	Basidiomycota:HD	AEVR02000017.1	693823	734526	medium	mat_locus	undetermined	40.351	40.351	HD2:27.800000000000004:polished_single;HD1:40.351:unpolished	HD1;HD2;MIP1	not_supported	MIP1	19044
HD2	JACWFW010000041.1	20235	20411	basidio_full	GCA_019775375.1_ASM1977537v1	Sporidiobolales	Microbotryomycetes	Basidiomycota	Rhodotorula kratochvilovae	phylum_fallback	Basidiomycota:HD	JACWFW010000041.1	17245	26017	high	idiomorph_gene_only	undetermined	39.66	39.66	HD1:34.92:polished_single;HD2:39.66:polished_single	HD1;HD2	not_supported		
HD2	BCIZ01000012.1	59845	60060	basidio_full	GCA_001600135.1_JCM_10021_assembly_v001	Sporidiobolales	Microbotryomycetes	Basidiomycota	Rhodotorula toruloides	phylum_fallback	Basidiomycota:HD	BCIZ01000012.1	42283	107936	medium	mat_locus	undetermined	32.0	32.0	HD2:32.0:unpolished;HD1:27.58:polished_single	HD1;HD2;MIP1	not_supported	MIP1	15057
HD2	JACWFK010000068.1	31632	31808	basidio_full	GCA_019775605.1_ASM1977560v1	Sporidiobolales	Microbotryomycetes	Basidiomycota	Rhodotorula kratochvilovae	phylum_fallback	Basidiomycota:HD	JACWFK010000068.1	26026	34798	high	idiomorph_gene_only	undetermined	39.66	39.66	HD2:39.66:polished_single;HD1:34.92:polished_single	HD1;HD2	not_supported		
HD2	JBLUWB010000017.1	1221743	1221916	basidio_full	GCA_049863195.1_ICGEB_R_pacifica_INDKK	Sporidiobolales	Microbotryomycetes	Basidiomycota	Rhodotorula pacifica	phylum_fallback	Basidiomycota:HD	JBLUWB010000017.1	1165789	1230449	medium	mat_locus	undetermined	46.55	46.55	HD2:46.55:polished_single;HD1:32.0:unpolished	HD1;HD2;MIP1	not_supported		
HD2	JAKRWS020000334.1	25061	33610	basidio_full	GCA_023078535.2_ASM2307853v2	Sporidiobolales	Microbotryomycetes	Basidiomycota	Rhodotorula toruloides	phylum_fallback	Basidiomycota:HD	JAKRWS020000334.1	18971	47032	medium	partial_locus	undetermined	27.779999999999998	27.779999999999998	HD2:27.779999999999998:polished_single	HD2;beta_fg	not_supported		
bE	BAABVH010000054.1	71712	71837	basidio_full	GCA_050403305.1_S_carnicolor_JCM3766v1	Sporidiobolales	Microbotryomycetes	Basidiomycota	Sporobolomyces carnicolor	phylum_fallback	Basidiomycota:bLocus	BAABVH010000054.1	52424	92591	high	idiomorph_gene_only	undetermined	45.24	45.24	bW:22.39:polished_single;bE:45.24:polished_single	bE;bW	not_testable		
HD2	JABGON010000004.1	240217	241488	basidio_full	GCA_016808315.1_ASM1680831v1	Sporidiobolales	Microbotryomycetes	Basidiomycota	Rhodotorula toruloides	phylum_fallback	Basidiomycota:HD	JABGON010000004.1	228026	241488	medium	partial_locus	undetermined	33.33	33.33	HD2:33.33:polished_single	HD2;beta_fg	not_supported		
HD1	BAABUO010000035.1	76880	77104	basidio_full	GCA_050402905.1_Rs_azoricus_JCM11251v1	Sporidiobolales	Microbotryomycetes	Basidiomycota	Rhodosporidiobolus azoricus	phylum_fallback	Basidiomycota:HD	BAABUO010000035.1	76658	106780	high	idiomorph_gene_only	undetermined	33.78	33.78	HD2:27.41:polished_single;HD1:33.78:polished_single	HD1;HD2	not_supported		
HD2	AP041643.1	718667	718882	basidio_full	GCA_051805585.1_RtJCM10021v2	Sporidiobolales	Microbotryomycetes	Basidiomycota	Rhodotorula toruloides	phylum_fallback	Basidiomycota:HD	AP041643.1	670791	736444	medium	mat_locus	undetermined	32.0	32.0	HD1:27.58:polished_single;HD2:32.0:unpolished	HD1;HD2;MIP1	not_supported	MIP1	15057
HD2	PS018151.1	24983	33532	basidio_full	GCA_051308255.1_Rhoto_ATCC26217_1	Sporidiobolales	Microbotryomycetes	Basidiomycota	Rhodotorula toruloides	phylum_fallback	Basidiomycota:HD	PS018151.1	18893	46954	medium	partial_locus	undetermined	27.779999999999998	27.779999999999998	HD2:27.779999999999998:polished_single	HD2;beta_fg	not_supported		
HD2	LCTV02000013.1	717202	717417	basidio_full	GCA_000988875.2_ASM98887v2	Sporidiobolales	Microbotryomycetes	Basidiomycota	Rhodotorula toruloides	phylum_fallback	Basidiomycota:HD	LCTV02000013.1	669326	734979	medium	mat_locus	undetermined	32.0	32.0	HD1:27.58:polished_single;HD2:32.0:unpolished	HD1;HD2;MIP1	not_supported	MIP1	15057
HD1	BAABVF010000033.1	63767	63922	basidio_full	GCA_050403265.1_Rt_toruloides_NBRC10513v1	Sporidiobolales	Microbotryomycetes	Basidiomycota	Rhodotorula toruloides	phylum_fallback	Basidiomycota:HD	BAABVF010000033.1	42218	82922	medium	mat_locus	undetermined	40.351	40.351	HD1:40.351:unpolished;HD2:27.800000000000004:polished_single	HD1;HD2;MIP1	not_supported	MIP1	19044
HD2	CWKI01000013.1	717181	717396	basidio_full	GCA_001255795.1_IFO0880_HGAP3_v1	Sporidiobolales	Microbotryomycetes	Basidiomycota	Rhodotorula toruloides	phylum_fallback	Basidiomycota:HD	CWKI01000013.1	669305	734958	medium	mat_locus	undetermined	32.0	32.0	HD1:27.58:polished_single;HD2:32.0:unpolished	HD1;HD2;MIP1	not_supported	MIP1	15057
HD2	AP041719.1	1187500	1187676	basidio_full	GCA_051805515.1_RkraJCM10449v2	Sporidiobolales	Microbotryomycetes	Basidiomycota	Rhodotorula kratochvilovae	phylum_fallback	Basidiomycota:HD	AP041719.1	1187047	1203967	medium	mat_locus	undetermined	37.93	37.93	HD1:25.9:polished_single;HD2:37.93:polished_single	HD1;HD2;MIP1	not_supported		
HD1	JAOEGQ010000018.1	714444	714599	basidio_full	GCA_034509285.1_ASM3450928v1	Sporidiobolales	Microbotryomycetes	Basidiomycota	Rhodotorula toruloides	phylum_fallback	Basidiomycota:HD	JAOEGQ010000018.1	695444	736148	medium	mat_locus	undetermined	40.351	40.351	HD2:27.800000000000004:polished_single;HD1:40.351:unpolished	HD1;HD2;MIP1	not_supported	MIP1	19044
HD1	JAWPQQ010000026.1	71928	72083	basidio_full	GCA_035220585.1_ASM3522058v1	Sporidiobolales	Microbotryomycetes	Basidiomycota	Rhodotorula toruloides	phylum_fallback	Basidiomycota:HD	JAWPQQ010000026.1	50325	91084	medium	mat_locus	undetermined	40.351	40.351	HD1:40.351:unpolished;HD2:25.61:polished_single	HD1;HD2;MIP1	not_supported	MIP1	19098
bW	JAHAQE010000004.1	519611	607207	basidio_full	GCA_019190145.1_ASM1919014v1	Sporidiobolales	Microbotryomycetes	Basidiomycota	Rhodotorula mucilaginosa	phylum_fallback	Basidiomycota:bLocus	JAHAQE010000004.1	493717	607367	high	idiomorph_gene_only	undetermined	43.68	43.68	bW:43.68:polished_single;bE:37.32:polished_single	bE;bW	not_testable		
HD1	CM148914.1	428498	428674	basidio_full	GCA_056149925.1_EIMB_Rkra_OB1_1.0	Sporidiobolales	Microbotryomycetes	Basidiomycota	Rhodotorula kratochvilovae	phylum_fallback	Basidiomycota:HD	CM148914.1	427262	429118	high	idiomorph_gene_only	undetermined	37.93	37.93	HD2:37.5:polished_single;HD1:37.93:polished_single	HD1;HD2	not_supported		
bE	BCHM01000007.1	858214	858339	basidio_full	GCA_039545255.1_JCM_3766_assembly_v001	Sporidiobolales	Microbotryomycetes	Basidiomycota	Sporobolomyces carnicolor	phylum_fallback	Basidiomycota:bLocus	BCHM01000007.1	838925	884797	high	idiomorph_gene_only	undetermined	45.24	45.24	bW:22.39:polished_single;bE:45.24:polished_single	bE;bW	not_testable		
HD1	AP041736.1	1160630	1160821	basidio_full	GCA_051805505.1_RkraJCM10450v2	Sporidiobolales	Microbotryomycetes	Basidiomycota	Rhodotorula kratochvilovae	phylum_fallback	Basidiomycota:HD	AP041736.1	1160162	1177062	high	idiomorph_gene_only	undetermined	34.92	34.92	HD1:34.92:polished_single;HD2:31.15:polished_single	HD1;HD2	not_supported		
bW	AP041736.1	1161405	1161887	basidio_full	GCA_051805505.1_RkraJCM10450v2	Sporidiobolales	Microbotryomycetes	Basidiomycota	Rhodotorula kratochvilovae	phylum_fallback	Basidiomycota:bLocus	AP041736.1	1160162	1177062	high	idiomorph_gene_only	undetermined	25.62	25.62	bE:24.34:polished_single;bW:25.62:polished_single	bE;bW	not_testable		
bW	JASXTE010000732.1	3786	4239	basidio_full	GCA_030280995.1_Hv_R1_Cat_CENPAT	Pucciniales	Pucciniomycetes	Basidiomycota	Hemileia vastatrix	phylum_fallback	Basidiomycota:bLocus	JASXTE010000732.1	3753	5996	high	idiomorph_gene_only	undetermined	51.11	51.11	bW:51.11:polished_disagree;bE:42.59:polished_single	bE;bW	not_testable		
HD2	JACWFV010000100.1	20206	20382	basidio_full	GCA_019775385.1_ASM1977538v1	Sporidiobolales	Microbotryomycetes	Basidiomycota	Rhodotorula kratochvilovae	phylum_fallback	Basidiomycota:HD	JACWFV010000100.1	17216	25988	high	idiomorph_gene_only	undetermined	39.66	39.66	HD1:34.92:polished_single;HD2:39.66:polished_single	HD1;HD2	not_supported		
HD2	AP041617.1	279779	288328	basidio_full	GCA_051805595.1_RtJCM10020v2	Sporidiobolales	Microbotryomycetes	Basidiomycota	Rhodotorula toruloides	phylum_fallback	Basidiomycota:HD	AP041617.1	273689	301750	medium	partial_locus	undetermined	27.779999999999998	27.779999999999998	HD2:27.779999999999998:polished_single	HD2;beta_fg	not_supported		
HD2	JAPZQE010000025.1	379322	379498	basidio_full	GCA_028828645.1_ASM2882864v1	Sporidiobolales	Microbotryomycetes	Basidiomycota	Rhodotorula sp. PL61-2	phylum_fallback	Basidiomycota:HD	JAPZQE010000025.1	368850	379879	high	idiomorph_gene_only	undetermined	37.93	37.93	HD1:34.78:polished_single;HD2:37.93:polished_single	HD1;HD2	not_supported		
HD2	JACWFL010000191.1	10642	10818	basidio_full	GCA_019775595.1_ASM1977559v1	Sporidiobolales	Microbotryomycetes	Basidiomycota	Rhodotorula kratochvilovae	phylum_fallback	Basidiomycota:HD	JACWFL010000191.1	7652	16424	high	idiomorph_gene_only	undetermined	39.66	39.66	HD1:34.92:polished_single;HD2:39.66:polished_single	HD1;HD2	not_supported		
HD2	BCIY01000004.1	1117593	1126142	basidio_full	GCA_001600115.1_JCM_10020_assembly_v001	Sporidiobolales	Microbotryomycetes	Basidiomycota	Rhodotorula toruloides	phylum_fallback	Basidiomycota:HD	BCIY01000004.1	1104171	1132232	medium	partial_locus	undetermined	27.779999999999998	27.779999999999998	HD2:27.779999999999998:polished_single	HD2;beta_fg	not_supported		
HD2	CAKLCE030000013.1	279622	288171	basidio_full	GCA_921037615.3_Hybrid_genome_assembly_and_annotation_02	Sporidiobolales	Microbotryomycetes	Basidiomycota	Rhodotorula toruloides	phylum_fallback	Basidiomycota:HD	CAKLCE030000013.1	273532	301593	medium	partial_locus	undetermined	27.779999999999998	27.779999999999998	HD2:27.779999999999998:polished_single	HD2;beta_fg	not_supported		
HD2	LCTU01000083.1	24968	33517	basidio_full	GCA_000988805.1_ASM98880v1	Sporidiobolales	Microbotryomycetes	Basidiomycota	Rhodotorula toruloides	phylum_fallback	Basidiomycota:HD	LCTU01000083.1	18878	46939	medium	partial_locus	undetermined	27.779999999999998	27.779999999999998	HD2:27.779999999999998:polished_single	HD2;beta_fg	not_supported		
HD2	BAABVE010000032.1	25075	33624	basidio_full	GCA_050403245.1_Rt_toruloides_NBRC10512v1	Sporidiobolales	Microbotryomycetes	Basidiomycota	Rhodotorula toruloides	phylum_fallback	Basidiomycota:HD	BAABVE010000032.1	18985	47046	medium	partial_locus	undetermined	27.779999999999998	27.779999999999998	HD2:27.779999999999998:polished_single	HD2;beta_fg	not_supported		
HD2	JACAVT010000068.1	31632	31808	basidio_full	GCA_019923515.1_ASM1992351v1	Sporidiobolales	Microbotryomycetes	Basidiomycota	Rhodotorula kratochvilovae	phylum_fallback	Basidiomycota:HD	JACAVT010000068.1	26026	34798	high	idiomorph_gene_only	undetermined	39.66	39.66	HD2:39.66:polished_single;HD1:34.92:polished_single	HD1;HD2	not_supported		
HD2	LNQQ01000008.1	278784	287333	basidio_full	GCA_001542305.1_ASM154230v1	Sporidiobolales	Microbotryomycetes	Basidiomycota	Rhodotorula toruloides	phylum_fallback	Basidiomycota:HD	LNQQ01000008.1	272694	300755	medium	partial_locus	undetermined	27.779999999999998	27.779999999999998	HD2:27.779999999999998:polished_single	HD2;beta_fg	not_supported		
HD1	MU450646.1	1802073	1802228	basidio_full	GCA_023968905.1_ASM2396890v1	Sporidiobolales	Microbotryomycetes	Basidiomycota	Rhodotorula toruloides	phylum_fallback	Basidiomycota:HD	MU450646.1	1780524	1821228	medium	mat_locus	undetermined	40.351	40.351	HD1:40.351:unpolished;HD2:27.800000000000004:polished_single	HD1;HD2;MIP1	not_supported	MIP1	19044
HD2	JARDXF010000007.1	178765	178941	basidio_full	GCA_030867695.1_ASM3086769v1	Sporidiobolales	Microbotryomycetes	Basidiomycota	Rhodotorula sp. CP72-2	phylum_fallback	Basidiomycota:HD	JARDXF010000007.1	168296	179322	high	idiomorph_gene_only	undetermined	37.93	37.93	HD1:34.78:polished_single;HD2:37.93:polished_single	HD1;HD2	not_supported		
HD2	JANQAS010000334.1	25061	33610	basidio_full	GCA_024734855.1_ASM2473485v1	Sporidiobolales	Microbotryomycetes	Basidiomycota	Rhodotorula toruloides	phylum_fallback	Basidiomycota:HD	JANQAS010000334.1	18971	47032	medium	partial_locus	undetermined	27.779999999999998	27.779999999999998	HD2:27.779999999999998:polished_single	HD2;beta_fg	not_supported		
bW	JAZBNE010000006.1	49915	137519	basidio_full	GCA_036320835.1_ASM3632083v1	Sporidiobolales	Microbotryomycetes	Basidiomycota	Rhodotorula mucilaginosa	phylum_fallback	Basidiomycota:bLocus	JAZBNE010000006.1	24147	137679	high	idiomorph_gene_only	undetermined	43.68	43.68	bW:43.68:polished_single;bE:37.32:polished_single	bE;bW	not_testable		
HD1	JAXUAX010000011.1	63642	63797	basidio_full	GCA_037126565.1_ASM3712656v1	Sporidiobolales	Microbotryomycetes	Basidiomycota	Rhodotorula toruloides	phylum_fallback	Basidiomycota:HD	JAXUAX010000011.1	42093	82797	medium	mat_locus	undetermined	40.351	40.351	HD1:40.351:unpolished;HD2:27.800000000000004:polished_single	HD1;HD2;MIP1	not_supported	MIP1	19044
bE	BAABUZ010000038.1	124816	125208	basidio_full	GCA_050403165.1_Rt_graminis_JCM3775v1	Sporidiobolales	Microbotryomycetes	Basidiomycota	Rhodotorula graminis	phylum_fallback	Basidiomycota:bLocus	BAABUZ010000038.1	105084	125424	high	idiomorph_gene_only	undetermined	27.34	27.34	bW:26.450000000000003:polished_single;bE:27.34:polished_single	bE;bW	not_testable		
bW	BAABUZ010000024.1	13356	33479	basidio_full	GCA_050403165.1_Rt_graminis_JCM3775v1	Sporidiobolales	Microbotryomycetes	Basidiomycota	Rhodotorula graminis	phylum_fallback	Basidiomycota:bLocus	BAABUZ010000024.1	11400	41789	high	idiomorph_gene_only	undetermined	29.56	29.56	bE:26.06:polished_single;bW:29.56:polished_single	bE;bW	not_testable		
HD2	LK052963.1	164607	173156	basidio_full	GCA_003234015.1_ASM323401v1	Sporidiobolales	Microbotryomycetes	Basidiomycota	Rhodotorula toruloides	phylum_fallback	Basidiomycota:HD	LK052963.1	151185	179246	medium	partial_locus	undetermined	27.779999999999998	27.779999999999998	HD2:27.779999999999998:polished_single	HD2;beta_fg	not_supported		
HD1	LNKU01000018.1	64055	64210	basidio_full	GCA_001542265.1_ASM154226v1	Sporidiobolales	Microbotryomycetes	Basidiomycota	Rhodotorula toruloides	phylum_fallback	Basidiomycota:HD	LNKU01000018.1	42506	83210	medium	mat_locus	undetermined	40.351	40.351	HD1:40.351:unpolished;HD2:27.800000000000004:polished_single	HD1;HD2;MIP1	not_supported	MIP1	19044
HD1	JAFEUJ010000003.1	1160252	1160443	basidio_full	GCA_022817825.1_ASM2281782v1	Sporidiobolales	Microbotryomycetes	Basidiomycota	Rhodotorula kratochvilovae	phylum_fallback	Basidiomycota:HD	JAFEUJ010000003.1	1159823	1161533	high	idiomorph_gene_only	undetermined	34.92	34.92	HD1:34.92:polished_single;HD2:28.8:polished_single	HD1;HD2	not_supported		
HD2	NW_015622996.1	24973	33522	basidio_full	GCF_000320785.1_RHOziaDV1.0	Sporidiobolales	Microbotryomycetes	Basidiomycota	Rhodotorula toruloides	phylum_fallback	Basidiomycota:HD	NW_015622996.1	18883	46944	medium	partial_locus	undetermined	27.779999999999998	27.779999999999998	HD2:27.779999999999998:polished_single	HD2;beta_fg	not_supported		
HD2	PQDI01000056.1	307606	307782	basidio_full	GCA_002917965.1_ASM291796v1	Sporidiobolales	Microbotryomycetes	Basidiomycota	Rhodotorula kratochvilovae	phylum_fallback	Basidiomycota:HD	PQDI01000056.1	306413	308614	high	idiomorph_gene_only	undetermined	37.93	37.93	HD1:33.82:polished_single;HD2:37.93:polished_single	HD1;HD2	not_supported		
bW	JADQAW010000063.1	31844	119439	basidio_full	GCA_019805405.1_ASM1980540v1	Sporidiobolales	Microbotryomycetes	Basidiomycota	Rhodotorula mucilaginosa	phylum_fallback	Basidiomycota:bLocus	JADQAW010000063.1	6041	119599	high	idiomorph_gene_only	undetermined	43.68	43.68	bW:43.68:polished_single;bE:37.32:polished_single	bE;bW	not_testable		
HD2	JH650738.1	24986	33535	basidio_full	GCA_000258745.1_ASM25874v1	Sporidiobolales	Microbotryomycetes	Basidiomycota	Rhodotorula toruloides	phylum_fallback	Basidiomycota:HD	JH650738.1	18896	46947	medium	partial_locus	undetermined	27.779999999999998	27.779999999999998	HD2:27.779999999999998:polished_single	HD2;beta_fg	not_supported		
HD1	JAHSUG010000019.1	429758	429949	basidio_full	GCA_019926025.1_ASM1992602v1	Sporidiobolales	Microbotryomycetes	Basidiomycota	Rhodotorula kratochvilovae	phylum_fallback	Basidiomycota:HD	JAHSUG010000019.1	428530	430378	high	idiomorph_gene_only	undetermined	34.92	34.92	HD2:28.8:polished_single;HD1:34.92:polished_single	HD1;HD2	not_supported		
bW	CAKKSX030000018.1	841569	911150	basidio_full	GCA_920103745.3_Hybrid_genome_assembly_and_annotation	Sporidiobolales	Microbotryomycetes	Basidiomycota	Rhodotorula glutinis	phylum_fallback	Basidiomycota:bLocus	CAKKSX030000018.1	832032	918343	high	idiomorph_gene_only	undetermined	29.7	29.7	bW:29.7:polished_single;bE:28.99:polished_single	bE;bW	not_testable		
bW	DAGXHK010000049.1	41906	88432	basidio_full	GCA_029299915.1_ASM2929991v1	Sporidiobolales	Microbotryomycetes	Basidiomycota	Sporidiobolaceae sp.	phylum_fallback	Basidiomycota:bLocus	DAGXHK010000049.1	36247	89078	high	idiomorph_gene_only	undetermined	27.639999999999997	27.639999999999997	bW:27.639999999999997:polished_single;bE:23.56:polished_single	bE;bW	not_testable		
bW	JAHAQF010000007.1	519693	607289	basidio_full	GCA_019190125.1_ASM1919012v1	Sporidiobolales	Microbotryomycetes	Basidiomycota	Rhodotorula mucilaginosa	phylum_fallback	Basidiomycota:bLocus	JAHAQF010000007.1	494008	607449	high	idiomorph_gene_only	undetermined	43.68	43.68	bW:43.68:polished_single;bE:37.32:polished_single	bE;bW	not_testable		
HD1	CBDEHS030000010.1	1203870	1203965	basidio_full	GCA_965239605.3_Hybrid_Genome_assembly_Updated-_INGCA000000200-3	Sporidiobolales	Microbotryomycetes	Basidiomycota	Rhodotorula pacifica	phylum_fallback	Basidiomycota:HD	CBDEHS030000010.1	1147111	1230449	medium	mat_locus	undetermined	50.0	50.0	HD2:41.24:polished_single;HD1:50.0:unpolished	HD1;HD2;MIP1	not_supported		
HD2	JBRECX010000093.1	985	1216	basidio_full	GCA_059054005.1_ASM5905400v1	Hymenochaetales	Agaricomycetes	Basidiomycota	Inonotus obliquus	phylum_fallback	Basidiomycota:HD	JBRECX010000093.1	480	13229	high	mat_locus	undetermined	50.88	50.88	HD2:50.88:polished_disagree;HD1:31.65:polished_single	HD1;HD2;MIP1	not_supported	MIP1	11093
HD2	JBRECX010000855.1	983	1090	basidio_full	GCA_059054005.1_ASM5905400v1	Hymenochaetales	Agaricomycetes	Basidiomycota	Inonotus obliquus	phylum_fallback	Basidiomycota:HD	JBRECX010000855.1	480	2559	high	idiomorph_gene_only	undetermined	63.89	63.89	HD2:63.89:polished_disagree;HD1:33.67:polished_single	HD1;HD2	not_supported		
HD2	JBRECX010000523.1	2403	2642	basidio_full	GCA_059054005.1_ASM5905400v1	Hymenochaetales	Agaricomycetes	Basidiomycota	Inonotus obliquus	phylum_fallback	Basidiomycota:HD	JBRECX010000523.1	1965	5845	high	mat_locus	undetermined	36.25	36.25	HD2:36.25:polished_single;HD1:31.69:polished_single	HD1;HD2;MIP1	not_supported		
bE	LAXH01000084.1	30668	30933	basidio_full	GCA_001006505.1_ASM100650v1	Tilletiales	Exobasidiomycetes	Basidiomycota	Tilletia horrida	phylum_fallback	Basidiomycota:bLocus	LAXH01000084.1	30260	55343	high	idiomorph_gene_only	undetermined	49.21	49.21	bE:49.21:polished_single;bW:37.41:polished_single	bE;bW	not_testable		
bW	NW_020312019.1	42287	43058	basidio_full	GCF_003144115.1_Tilwa1	Entylomatales	Exobasidiomycetes	Basidiomycota	Tilletiopsis washingtonensis	phylum_fallback	Basidiomycota:bLocus	NW_020312019.1	35114	43058	high	idiomorph_gene_only	undetermined	37.35	37.35	bE:27.14:polished_disagree;bW:37.35:polished_disagree	bE;bW	not_testable		
bW	BCHS01000010.1	408820	412140	basidio_full	GCA_039545275.1_JCM_9035_assembly_v001	Microstromatales	Exobasidiomycetes	Basidiomycota	Pseudomicrostroma phylloplanum	phylum_fallback	Basidiomycota:bLocus	BCHS01000010.1	407092	428050	high	idiomorph_gene_only	undetermined	37.28	37.28	bE:37.27:polished_disagree;bW:37.28:polished_disagree	bE;bW	not_testable		
bW	BCHQ01000004.1	488113	488235	basidio_full	GCA_040372285.1_JCM_8318_assembly_v001	Microstromatales	Exobasidiomycetes	Basidiomycota	Sympodiomycopsis paphiopedili	phylum_fallback	Basidiomycota:bLocus	BCHQ01000004.1	457828	488247	high	idiomorph_gene_only	undetermined	73.17	73.17	bE:42.7:polished_single;bW:73.17:polished_disagree	bE;bW	not_testable		
bW	DAGXDY010000016.1	13264	13722	basidio_full	GCA_029302275.1_ASM2930227v1	Exobasidiales	Exobasidiomycetes	Basidiomycota	Brachybasidiaceae sp.	phylum_fallback	Basidiomycota:bLocus	DAGXDY010000016.1	13264	15804	high	idiomorph_gene_only	undetermined	48.39	48.39	bW:48.39:polished_single;bE:29.6:polished_single	bE;bW	not_testable		
bW	CP110630.1	6268666	6269045	basidio_full	GCA_026210745.1_ASM2621074v1	Exobasidiales	Exobasidiomycetes	Basidiomycota	Exobasidium rhododendri	phylum_fallback	Basidiomycota:bLocus	CP110630.1	6245167	6269264	high	idiomorph_gene_only	undetermined	60.32	60.32	bE:28.68:polished_single;bW:60.32:polished_disagree	bE;bW	not_testable		
bE	BCJU01000001.1	6156449	6156592	basidio_full	GCA_001600355.1_JCM_18503_assembly_v001	Exobasidiales	Exobasidiomycetes	Basidiomycota	Meira nashicola	phylum_fallback	Basidiomycota:bLocus	BCJU01000001.1	6150908	6158500	high	idiomorph_gene_only	undetermined	52.08	52.08	bE:52.08:polished_single;bW:33.95:polished_disagree	bE;bW	not_testable		
bW	NW_013546970.1	111322	111501	basidio_full	GCF_000711695.1_Tilletiaria_anomala_UBC_951_v1.0	Georgefischeriales	Exobasidiomycetes	Basidiomycota	Tilletiaria anomala	phylum_fallback	Basidiomycota:bLocus	NW_013546970.1	111241	117165	high	idiomorph_gene_only	undetermined	46.55	46.55	bW:46.55:polished_single;bE:37.14:polished_disagree	bE;bW	not_testable		
bW	CALAQM010000694.1	16365	16595	basidio_full	GCA_937888215.1_SRR3185024_bin.1_CONCOCT_v1.1_MAG		Malasseziomycetes	Basidiomycota	uncultured Malasseziomycetes	phylum_fallback	Basidiomycota:bLocus	CALAQM010000694.1	14178	16595	high	idiomorph_gene_only	undetermined	59.74	59.74	bE:44.79:polished_disagree;bW:59.74:polished_disagree	bE;bW	not_testable		
bE	CAJHEP010000160.1	37178	37354	basidio_full	GCA_904855205.1_Cyphbasidiales_sp_Tagirdzhanova-0007_MAG	Cyphobasidiales	Cystobasidiomycetes	Basidiomycota	Cyphobasidiales sp. Tagirdzhanova-0007	phylum_fallback	Basidiomycota:bLocus	CAJHEP010000160.1	36884	38252	high	idiomorph_gene_only	undetermined	33.9	33.9	bE:33.9:polished_single;bW:32.63:polished_single	bE;bW	not_testable		
bE	JAEPRG010000015.1	79466	79748	basidio_full	GCA_022059005.1_ASM2205900v1	Cystofilobasidiales	Tremellomycetes	Basidiomycota	Phaffia rhodozyma	phylum_fallback	Basidiomycota:bLocus	JAEPRG010000015.1	50053	79748	high	idiomorph_gene_only	undetermined	50.0	50.0	bW:34.510000000000005:polished_single;bE:50.0:polished_single	bE;bW	not_testable		
bE	JAOCZO010000002.1	103775	104216	basidio_full	GCA_026413255.1_ASM2641325v1	Urocystidales	Ustilaginomycetes	Basidiomycota	Fereydounia khargensis	phylum_fallback	Basidiomycota:bLocus	JAOCZO010000002.1	100433	104234	high	idiomorph_gene_only	undetermined	64.36	64.36	bW:46.36:polished_disagree;bE:64.36:polished_disagree	bE;bW	not_testable		
HD2	BAAHZC010000009.1	898515	899872	basidio_full	GCA_054785265.1_Glawat058_1.0	Kriegeriales	Microbotryomycetes	Basidiomycota	Glaciozyma watsonii	phylum_fallback	Basidiomycota:HD	BAAHZC010000009.1	875759	907071	high	idiomorph_gene_only	undetermined	27.52	27.52	HD1:27.36:polished_single;HD2:27.52:polished_single	HD1;HD2	not_supported		
bW	CP124194.1	519928	520290	basidio_full	GCA_029952725.1_ASM2995272v1	Tilletiales	Exobasidiomycetes	Basidiomycota	Salmacisia buchloeana	phylum_fallback	Basidiomycota:bLocus	CP124194.1	462581	520347	high	idiomorph_gene_only	undetermined	46.79	46.79	bE:40.91:polished_disagree;bW:46.79:polished_single	bE;bW	not_testable		
bE	CALMGI010000065.1	22671	22781	basidio_full	GCA_937863695.1_ERR868474_bin.13_CONCOCT_v1.1_MAG		Microbotryomycetes	Basidiomycota	uncultured Microbotryomycetes	phylum_fallback	Basidiomycota:bLocus	CALMGI010000065.1	22434	46180	high	idiomorph_gene_only	undetermined	51.35	51.35	bE:51.35:polished_single;bW:41.51:polished_single	bE;bW	not_testable		
HD2	JBYDIZ010000004.1	902848	912613	basidio_full	GCA_058224995.1_ASM5822499v1	Spiculogloeales	Spiculogloeomycetes	Basidiomycota	Phyllozyma linderae	phylum_fallback	Basidiomycota:HD	JBYDIZ010000004.1	850834	912613	medium	partial_locus	undetermined	31.11	31.11	HD2:31.11:polished_single	HD2;MIP1	not_supported	MIP1	28499
bW	CAUJND010000019.1	64786	65410	basidio_full	GCA_963379275.1_SMGC_7566_bin.1_MetaWRAP_v1.2.1_MAG		Malasseziomycetes	Basidiomycota	Malasseziomycetes sp.	phylum_fallback	Basidiomycota:bLocus	CAUJND010000019.1	17126	101954	high	idiomorph_gene_only	undetermined	50.24	50.24	bW:50.24:polished_disagree;bE:43.86:polished_agree	bE;bW	not_testable		
bW	NW_020289944.1	646809	665457	basidio_full	GCF_003144205.1_Meimi1	Exobasidiales	Exobasidiomycetes	Basidiomycota	Meira miltonrushii	phylum_fallback	Basidiomycota:bLocus	NW_020289944.1	639535	673620	high	idiomorph_gene_only	undetermined	40.88	40.88	bW:40.88:polished_disagree;bE:37.35:polished_single	bE;bW	not_testable		
bW	JBTBFP010000002.1	9748	10053	basidio_full	GCA_054471085.1_ASM5447108v1	Agaricostilbales	Agaricostilbomycetes	Basidiomycota	Kurtzmanomyces sp. YL-2025a	phylum_fallback	Basidiomycota:bLocus	JBTBFP010000002.1	9748	64949	high	idiomorph_gene_only	undetermined	32.35	32.35	bW:32.35:polished_single;bE:26.61:polished_single	bE;bW	not_testable		
bW	JBMKKX010000001.1	1491619	1570214	basidio_full	GCA_049862275.1_ASM4986227v1	Microstromatales	Exobasidiomycetes	Basidiomycota	Parajaminaea sp. XY52Y-1	phylum_fallback	Basidiomycota:bLocus	JBMKKX010000001.1	1471870	1570214	high	idiomorph_gene_only	undetermined	35.78	35.78	bW:35.78:polished_single;bE:28.92:polished_disagree	bE;bW	not_testable		
bW	NW_020289923.1	405981	432797	basidio_full	GCF_003144135.1_Rhodsp1	Microstromatales	Exobasidiomycetes	Basidiomycota	Microstroma glucosiphilum	phylum_fallback	Basidiomycota:bLocus	NW_020289923.1	397023	482113	high	idiomorph_gene_only	undetermined	41.4	41.4	bE:31.94:polished_disagree;bW:41.4:polished_disagree	bE;bW	not_testable		
bW	BCHN01000011.1	466452	466821	basidio_full	GCA_040368945.1_JCM_3928_assembly_v001	Microstromatales	Exobasidiomycetes	Basidiomycota	Helostroma bacarum	phylum_fallback	Basidiomycota:bLocus	BCHN01000011.1	464196	466884	high	idiomorph_gene_only	undetermined	48.91	48.91	bE:40.0:polished_disagree;bW:48.91:polished_disagree	bE;bW	not_testable		
RPL39	CP096880.1	1935834	1936044	basidio_full	GCA_023273805.1_ASM2327380v1	Exobasidiales	Exobasidiomycetes	Basidiomycota	Exobasidium cylindrosporum	phylum_fallback	Basidiomycota:MAT	CP096880.1	1935834	1981717	medium	mat_locus	undetermined	75.51	75.51	RPL39:75.51:polished_agree	FAO1;RPL39	not_testable		
bE	CP096878.1	5997132	5997485	basidio_full	GCA_023273805.1_ASM2327380v1	Exobasidiales	Exobasidiomycetes	Basidiomycota	Exobasidium cylindrosporum	phylum_fallback	Basidiomycota:bLocus	CP096878.1	5996946	5999383	high	idiomorph_gene_only	undetermined	33.05	33.05	bE:33.05:polished_single;bW:30.48:polished_single	bE;bW	not_testable		
bE	NW_020289982.1	425399	425689	basidio_full	GCF_003144245.1_Jamsp1	Microstromatales	Exobasidiomycetes	Basidiomycota	Jaminaea rosea	phylum_fallback	Basidiomycota:bLocus	NW_020289982.1	424799	427638	high	idiomorph_gene_only	undetermined	43.9	43.9	bE:43.9:polished_disagree;bW:37.64:polished_single	bE;bW	not_testable		
bE	NW_020289982.1	636973	637323	basidio_full	GCF_003144245.1_Jamsp1	Microstromatales	Exobasidiomycetes	Basidiomycota	Jaminaea rosea	phylum_fallback	Basidiomycota:bLocus	NW_020289982.1	580204	637569	high	idiomorph_gene_only	undetermined	49.56	49.56	bW:38.96:polished_single;bE:49.56:polished_disagree	bE;bW	not_testable		
bW	OZ330342.1	424638	425070	basidio_full	GCA_976943355.1_symKanA1	Microstromatales	Exobasidiomycetes	Basidiomycota	Sympodiomycopsis kandeliae	phylum_fallback	Basidiomycota:bLocus	OZ330342.1	424498	450828	high	idiomorph_gene_only	undetermined	38.6	38.6	bW:38.6:polished_disagree;bE:38.32:polished_disagree	bE;bW	not_testable		
bW	OZ330331.1	557576	561447	basidio_full	GCA_976943345.1_jamPalA1	Microstromatales	Exobasidiomycetes	Basidiomycota	Jaminaea pallidilutea	phylum_fallback	Basidiomycota:bLocus	OZ330331.1	555820	561447	high	idiomorph_gene_only	undetermined	33.62	33.62	bE:31.58:polished_disagree;bW:33.62:polished_disagree	bE;bW	not_testable		
bE	BCHV01000003.1	1315720	1315818	basidio_full	GCA_001599735.1_JCM_2334_assembly_v001	Filobasidiales	Tremellomycetes	Basidiomycota	Naganishia albida	phylum_fallback	Basidiomycota:bLocus	BCHV01000003.1	1311202	1316472	high	idiomorph_gene_only	undetermined	57.58	57.58	bW:29.270000000000003:polished_single;bE:57.58:polished_single	bE;bW	not_testable		
bE	CCYA01000272.1	570863	571114	basidio_full	GCA_900000165.1_Ceraceosorus_bombacis	Ceraceosorales	Exobasidiomycetes	Basidiomycota	Ceraceosorus bombacis	phylum_fallback	Basidiomycota:bLocus	CCYA01000272.1	552543	573741	high	idiomorph_gene_only	undetermined	44.05	44.05	bE:44.05:polished_disagree;bW:33.33:polished_disagree	bE;bW	not_testable		
bE	CCYA01000318.1	126869	127141	basidio_full	GCA_900000165.1_Ceraceosorus_bombacis	Ceraceosorales	Exobasidiomycetes	Basidiomycota	Ceraceosorus bombacis	phylum_fallback	Basidiomycota:bLocus	CCYA01000318.1	125017	130385	high	idiomorph_gene_only	undetermined	42.86	42.86	bE:42.86:polished_disagree;bW:37.25:polished_disagree	bE;bW	not_testable		
bE	JAQOSG010000109.1	20961	21101	basidio_full	GCA_045934325.1_ASM4593432v1	Tilletiales	Exobasidiomycetes	Basidiomycota	Tilletia horrida	phylum_fallback	Basidiomycota:bLocus	JAQOSG010000109.1	19183	21668	high	idiomorph_gene_only	undetermined	53.19	53.19	bW:41.53:polished_single;bE:53.19:polished_disagree	bE;bW	not_testable		
HD1	MZZH01000890.1	3037	3513	basidio_full	GCA_003263905.1_PhelPouzV1	Hymenochaetales	Agaricomycetes	Basidiomycota	Phellinidium pouzarii	phylum_fallback	Basidiomycota:HD	MZZH01000890.1	241	3717	high	idiomorph_gene_only	undetermined	33.96	33.96	HD2:25.82:polished_single;HD1:33.96:polished_single	HD1;HD2	not_supported		
bE	JAQOSJ010001277.1	3162	3338	basidio_full	GCA_045934525.1_ASM4593452v1	Tilletiales	Exobasidiomycetes	Basidiomycota	Tilletia caries	phylum_fallback	Basidiomycota:bLocus	JAQOSJ010001277.1	108	5683	high	idiomorph_gene_only	undetermined	42.37	42.37	bE:42.37:polished_disagree;bW:30.48:polished_single	bE;bW	not_testable		
HD1	CP114119.1	2066857	2067093	basidio_full	GCA_029959195.1_ASM2995919v1	Phallales	Agaricomycetes	Basidiomycota	Dictyophora rubrovolvata	phylum_fallback	Basidiomycota:HD	CP114119.1	2057799	2067195	medium	mat_locus	undetermined	36.84	36.84	HD1:36.84:polished_single;HD2:27.586:unpolished	HD1;HD2;MIP1	supported	MIP1	7290
HD2	CP114119.1	2109478	2109591	basidio_full	GCA_029959195.1_ASM2995919v1	Phallales	Agaricomycetes	Basidiomycota	Dictyophora rubrovolvata	phylum_fallback	Basidiomycota:HD	CP114119.1	2095832	2132428	high	mat_locus	undetermined	52.63	52.63	HD2:52.63:polished_single;HD1:33.52:polished_single	HD1;HD2;beta_fg	not_supported	beta_fg	22576
bW	JAQOMU010001260.1	1435	1756	basidio_full	GCA_045933415.1_ASM4593341v1	Tilletiales	Exobasidiomycetes	Basidiomycota	Tilletia fusca	phylum_fallback	Basidiomycota:bLocus	JAQOMU010001260.1	1435	6988	high	idiomorph_gene_only	undetermined	48.91	48.91	bW:48.91:polished_single;bE:31.03:polished_disagree	bE;bW	not_testable		
bE	JAAVVI010000015.1	465323	465794	basidio_full	GCA_012976205.1_WUR_Gp_BC0902	Golubeviales	Exobasidiomycetes	Basidiomycota	Golubevia sp. BC0902	phylum_fallback	Basidiomycota:bLocus	JAAVVI010000015.1	462781	466325	high	idiomorph_gene_only	undetermined	51.32	51.32	bW:42.11:polished_disagree;bE:51.32:polished_single	bE;bW	not_testable		
bE	JADGFM010001068.1	4525	4701	basidio_full	GCA_045931885.1_ASM4593188v1	Tilletiales	Exobasidiomycetes	Basidiomycota	Tilletia caries	phylum_fallback	Basidiomycota:bLocus	JADGFM010001068.1	543	7046	high	idiomorph_gene_only	undetermined	42.37	42.37	bE:42.37:polished_disagree;bW:30.48:polished_single	bE;bW	not_testable		
bW	JADGFV010001354.1	1798	2119	basidio_full	GCA_045932205.1_ASM4593220v1	Tilletiales	Exobasidiomycetes	Basidiomycota	Tilletia controversa	phylum_fallback	Basidiomycota:bLocus	JADGFV010001354.1	1777	4271	high	idiomorph_gene_only	undetermined	47.31	47.31	bW:47.31:polished_single;bE:31.82:polished_disagree	bE;bW	not_testable		
bW	JACWFO010000075.1	47831	47965	basidio_full	GCA_019775505.1_ASM1977550v1	Leucosporidiales	Microbotryomycetes	Basidiomycota	Leucosporidium yakuticum	phylum_fallback	Basidiomycota:bLocus	JACWFO010000075.1	47699	58762	high	idiomorph_gene_only	undetermined	48.89	48.89	bW:48.89:polished_single;bE:48.57:polished_single	bE;bW	not_testable		
bE	KZ627156.1	329857	330101	basidio_full	GCA_002917775.1_ASM291777v1	Kriegeriales	Microbotryomycetes	Basidiomycota	Glaciozyma antarctica	phylum_fallback	Basidiomycota:bLocus	KZ627156.1	307824	341855	high	idiomorph_gene_only	undetermined	46.77	46.77	bE:46.77:polished_disagree;bW:30.53:polished_single	bE;bW	not_testable		
bE	MWVB01000010.1	311304	311462	basidio_full	GCA_003054985.1_ASM305498v1	Leucosporidiales	Microbotryomycetes	Basidiomycota	Leucosporidium scottii	phylum_fallback	Basidiomycota:bLocus	MWVB01000010.1	309570	311702	high	idiomorph_gene_only	undetermined	37.74	37.74	bW:36.05:polished_single;bE:37.74:polished_disagree	bE;bW	not_testable		
HD2	JAZHGK010001438.1	3094	3318	basidio_full	GCA_037855215.1_ASM3785521v1	Corticiales	Agaricomycetes	Basidiomycota	Waitea zeae	phylum_fallback	Basidiomycota:HD	JAZHGK010001438.1	2	3492	high	mat_locus	undetermined	37.33	37.33	HD1:34.8:polished_disagree;HD2:37.33:polished_single	HD1;HD2;MIP1	not_supported		
HD1	JAZHGK010001183.1	3054	3614	basidio_full	GCA_037855215.1_ASM3785521v1	Corticiales	Agaricomycetes	Basidiomycota	Waitea zeae	phylum_fallback	Basidiomycota:HD	JAZHGK010001183.1	2	6013	high	mat_locus	undetermined	35.83	35.83	HD1:35.83:polished_disagree;HD2:35.14:polished_single	HD1;HD2;MIP1;beta_fg	supported	beta_fg	2244
bE	JAPDMY010000007.1	156161	156426	basidio_full	GCA_030462695.1_ASM3046269v1	Tilletiales	Exobasidiomycetes	Basidiomycota	Tilletia horrida	phylum_fallback	Basidiomycota:bLocus	JAPDMY010000007.1	130839	183248	high	idiomorph_gene_only	undetermined	47.62	47.62	bE:47.62:polished_single;bW:35.81:polished_disagree	bE;bW	not_testable		
bE	LLJT01000029.1	2572	2697	basidio_full	GCA_001468955.1_ASM146895v1	Filobasidiales	Tremellomycetes	Basidiomycota	Naganishia albida	phylum_fallback	Basidiomycota:bLocus	LLJT01000029.1	2047	7753	high	idiomorph_gene_only	undetermined	50.0	50.0	bE:50.0:polished_single;bW:25.96:polished_single	bE;bW	not_testable		
bW	JAQOSA010001159.1	5732	6155	basidio_full	GCA_045933375.1_ASM4593337v1	Tilletiales	Exobasidiomycetes	Basidiomycota	Tilletia bromi	phylum_fallback	Basidiomycota:bLocus	JAQOSA010001159.1	623	6217	high	idiomorph_gene_only	undetermined	37.29	37.29	bE:31.82:polished_disagree;bW:37.29:polished_single	bE;bW	not_testable		
bW	OZ330310.1	380067	380579	basidio_full	GCA_976943325.1_jamAngA5	Microstromatales	Exobasidiomycetes	Basidiomycota	Jaminaea angkorensis	phylum_fallback	Basidiomycota:bLocus	OZ330310.1	378525	380579	high	idiomorph_gene_only	undetermined	43.2	43.2	bE:32.29:polished_disagree;bW:43.2:polished_single	bE;bW	not_testable		
bE	LKPZ01000271.1	9364	9477	basidio_full	GCA_001444555.1_ASM144455v1	Filobasidiales	Tremellomycetes	Basidiomycota	Naganishia albida	phylum_fallback	Basidiomycota:bLocus	LKPZ01000271.1	4061	15584	high	idiomorph_gene_only	undetermined	52.63	52.63	bW:34.52:polished_single;bE:52.63:polished_disagree	bE;bW	not_testable		
bE	NW_020289999.1	564452	564703	basidio_full	GCF_003144195.1_Cersp1	Ceraceosorales	Exobasidiomycetes	Basidiomycota	Ceraceosorus guamensis	phylum_fallback	Basidiomycota:bLocus	NW_020289999.1	547519	566906	high	idiomorph_gene_only	undetermined	42.86	42.86	bE:42.86:polished_disagree;bW:33.64:polished_disagree	bE;bW	not_testable		
bE	JAMKMX010000007.1	768244	768342	basidio_full	GCA_024322255.1_AFRL_Nalb_1.0	Filobasidiales	Tremellomycetes	Basidiomycota	Naganishia albida	phylum_fallback	Basidiomycota:bLocus	JAMKMX010000007.1	763333	771111	high	idiomorph_gene_only	undetermined	57.58	57.58	bW:34.55:polished_single;bE:57.58:polished_single	bE;bW	not_testable		
bE	CAJHJV010001941.1	4509	4685	basidio_full	GCA_905072865.1_AA11_assembly	Tilletiales	Exobasidiomycetes	Basidiomycota	Tilletia caries	phylum_fallback	Basidiomycota:bLocus	CAJHJV010001941.1	527	7030	high	idiomorph_gene_only	undetermined	42.37	42.37	bE:42.37:polished_disagree;bW:30.48:polished_single	bE;bW	not_testable		
HD2	JACBXK010000870.1	3254	3490	basidio_full	GCA_024703735.1_ASM2470373v1	Hymenochaetales	Agaricomycetes	Basidiomycota	Sanghuangporus vaninii	phylum_fallback	Basidiomycota:HD	JACBXK010000870.1	336	7595	high	mat_locus	undetermined	31.65	31.65	HD1:28.12:polished_single;HD2:31.65:polished_single	HD1;HD2;MIP1	supported	MIP1	1616
HD2	JACBXK010001284.1	3007	3126	basidio_full	GCA_024703735.1_ASM2470373v1	Hymenochaetales	Agaricomycetes	Basidiomycota	Sanghuangporus vaninii	phylum_fallback	Basidiomycota:HD	JACBXK010001284.1	2498	4663	high	idiomorph_gene_only	undetermined	57.5	57.5	HD2:57.5:polished_disagree;HD1:39.18:polished_disagree	HD1;HD2	not_supported		
bE	JAMALF010000031.1	141286	141384	basidio_full	GCA_023628155.1_ASM2362815v1	Filobasidiales	Tremellomycetes	Basidiomycota	Naganishia albida	phylum_fallback	Basidiomycota:bLocus	JAMALF010000031.1	87225	141801	high	idiomorph_gene_only	undetermined	57.58	57.58	bW:36.97:polished_single;bE:57.58:polished_single	bE;bW	not_testable		
bE	JAPDMP010000342.1	6748	6867	basidio_full	GCA_030462665.1_ASM3046266v1	Tilletiales	Exobasidiomycetes	Basidiomycota	Tilletia horrida	phylum_fallback	Basidiomycota:bLocus	JAPDMP010000342.1	4929	7434	high	idiomorph_gene_only	undetermined	60.0	60.0	bW:42.31:polished_disagree;bE:60.0:polished_disagree	bE;bW	not_testable		
bE	JADGFL010001074.1	3558	3734	basidio_full	GCA_045931905.1_ASM4593190v1	Tilletiales	Exobasidiomycetes	Basidiomycota	Tilletia laevis	phylum_fallback	Basidiomycota:bLocus	JADGFL010001074.1	1213	7716	high	idiomorph_gene_only	undetermined	42.37	42.37	bW:30.48:polished_single;bE:42.37:polished_disagree	bE;bW	not_testable		
bW	JADGFQ010001395.1	1901	2303	basidio_full	GCA_045932125.1_ASM4593212v1	Tilletiales	Exobasidiomycetes	Basidiomycota	Tilletia caries	phylum_fallback	Basidiomycota:bLocus	JADGFQ010001395.1	1826	4368	high	idiomorph_gene_only	undetermined	37.61	37.61	bW:37.61:polished_single;bE:32.73:polished_disagree	bE;bW	not_testable		
bE	JALNIF010000858.1	3985	4464	basidio_full	GCA_026284005.1_ASM2628400v1	Urocystidales	Ustilaginomycetes	Basidiomycota	Thecaphora frezii	phylum_fallback	Basidiomycota:bLocus	JALNIF010000858.1	3826	9350	high	idiomorph_gene_only	undetermined	67.03	67.03	bE:67.03:polished_disagree;bW:43.59:polished_disagree	bE;bW	not_testable		
STE3	JALNIF010000965.1	18547	18864	basidio_full	GCA_026284005.1_ASM2628400v1	Urocystidales	Ustilaginomycetes	Basidiomycota	Thecaphora frezii	phylum_fallback	Basidiomycota:MAT	JALNIF010000965.1	18278	21948	high	mat_locus	undetermined	31.13	31.13	STE3:31.13:polished_single	PAN6;STE3	not_testable		
bW	JAQOSB010001662.1	2	199	basidio_full	GCA_045934305.1_ASM4593430v1	Tilletiales	Exobasidiomycetes	Basidiomycota	Tilletia controversa	phylum_fallback	Basidiomycota:bLocus	JAQOSB010001662.1	2	3774	high	idiomorph_gene_only	undetermined	34.85	34.85	bW:34.85:polished_single;bE:32.23:polished_disagree	bE;bW	not_testable		
bW	LWDF02000009.1	60052	60423	basidio_full	GCA_001645015.2_AAFC_TiDAOMC236416_2	Tilletiales	Exobasidiomycetes	Basidiomycota	Tilletia indica	phylum_fallback	Basidiomycota:bLocus	LWDF02000009.1	48556	71055	high	idiomorph_gene_only	undetermined	46.3	46.3	bW:46.3:polished_single;bE:33.33:polished_disagree	bE;bW	not_testable		
bW	CAJHJA010000445.1	1896	2298	basidio_full	GCA_905068135.1_AI_assembly	Tilletiales	Exobasidiomycetes	Basidiomycota	Tilletia caries	phylum_fallback	Basidiomycota:bLocus	CAJHJA010000445.1	1821	4363	high	idiomorph_gene_only	undetermined	37.61	37.61	bW:37.61:polished_single;bE:32.73:polished_disagree	bE;bW	not_testable		
bE	CAJHJF010002724.1	4261	4659	basidio_full	GCA_905071755.1_LLFL_assembly	Tilletiales	Exobasidiomycetes	Basidiomycota	Tilletia laevis	phylum_fallback	Basidiomycota:bLocus	CAJHJF010002724.1	531	7034	high	idiomorph_gene_only	undetermined	32.73	32.73	bE:32.73:polished_disagree;bW:30.48:polished_single	bE;bW	not_testable		
bW	JACVQY010000166.1	47831	47965	basidio_full	GCA_019828615.1_ASM1982861v1	Leucosporidiales	Microbotryomycetes	Basidiomycota	Leucosporidium yakuticum	phylum_fallback	Basidiomycota:bLocus	JACVQY010000166.1	47699	58762	high	idiomorph_gene_only	undetermined	48.89	48.89	bW:48.89:polished_single;bE:48.57:polished_single	bE;bW	not_testable		
bW	JADGFT010001392.1	1901	2303	basidio_full	GCA_045932105.1_ASM4593210v1	Tilletiales	Exobasidiomycetes	Basidiomycota	Tilletia caries	phylum_fallback	Basidiomycota:bLocus	JADGFT010001392.1	1826	4368	high	idiomorph_gene_only	undetermined	37.61	37.61	bW:37.61:polished_single;bE:32.73:polished_disagree	bE;bW	not_testable		
HD2	QFEV01000352.1	2984	3208	basidio_full	GCA_003316405.1_ASM331640v1	Thelephorales	Agaricomycetes	Basidiomycota	Thelephora aurantiotincta	phylum_fallback	Basidiomycota:HD	QFEV01000352.1	2434	3577	high	idiomorph_gene_only	undetermined	37.33	37.33	HD1:31.16:polished_single;HD2:37.33:polished_single	HD1;HD2	not_supported		
HD1	QFEV01000268.1	4812	5156	basidio_full	GCA_003316405.1_ASM331640v1	Thelephorales	Agaricomycetes	Basidiomycota	Thelephora aurantiotincta	phylum_fallback	Basidiomycota:HD	QFEV01000268.1	1820	5741	high	mat_locus	undetermined	43.48	43.48	HD1:43.48:polished_single;HD2:38.75:polished_single	HD1;HD2;beta_fg	supported	beta_fg	2100
bW	CAJHJC010006001.1	1789	2110	basidio_full	GCA_905071705.1_OW_assembly	Tilletiales	Exobasidiomycetes	Basidiomycota	Tilletia controversa	phylum_fallback	Basidiomycota:bLocus	CAJHJC010006001.1	1768	4262	high	idiomorph_gene_only	undetermined	47.31	47.31	bW:47.31:polished_single;bE:31.82:polished_disagree	bE;bW	not_testable		
bW	RDSI01000224.1	13028	13400	basidio_full	GCA_009428345.1_AAFC_TiDAOMC236408_1	Tilletiales	Exobasidiomycetes	Basidiomycota	Tilletia indica	phylum_fallback	Basidiomycota:bLocus	RDSI01000224.1	1531	15418	high	idiomorph_gene_only	undetermined	44.04	44.04	bW:44.04:polished_single;bE:33.64:polished_disagree	bE;bW	not_testable		
bW	CAJHJH010005057.1	1892	2294	basidio_full	GCA_905071715.1_L-19_assembly	Tilletiales	Exobasidiomycetes	Basidiomycota	Tilletia laevis	phylum_fallback	Basidiomycota:bLocus	CAJHJH010005057.1	1817	4359	high	idiomorph_gene_only	undetermined	37.61	37.61	bW:37.61:polished_single;bE:32.73:polished_disagree	bE;bW	not_testable		
bE	JAQOSH010000019.1	51616	51756	basidio_full	GCA_045934385.1_ASM4593438v1	Tilletiales	Exobasidiomycetes	Basidiomycota	Tilletia horrida	phylum_fallback	Basidiomycota:bLocus	JAQOSH010000019.1	49382	52125	high	idiomorph_gene_only	undetermined	53.19	53.19	bW:36.75:polished_disagree;bE:53.19:polished_disagree	bE;bW	not_testable		
bW	OHAK01000004.1	116988	117598	basidio_full	GCA_900260175.1_version_1	Urocystidales	Ustilaginomycetes	Basidiomycota	Thecaphora thlaspeos	phylum_fallback	Basidiomycota:bLocus	OHAK01000004.1	112521	145089	high	idiomorph_gene_only	undetermined	60.61	60.61	bW:60.61:polished_disagree;bE:51.85:polished_disagree	bE;bW	not_testable		
STE3	OHAK01000104.1	2049	2994	basidio_full	GCA_900260175.1_version_1	Urocystidales	Ustilaginomycetes	Basidiomycota	Thecaphora thlaspeos	phylum_fallback	Basidiomycota:MAT	OHAK01000104.1	2010	6064	high	mat_locus	undetermined	33.1	33.1	STE3:33.1:polished_single	PAN6;STE3	not_testable		
bW	JACVQX010000013.1	46032	46166	basidio_full	GCA_019828645.1_ASM1982864v1	Leucosporidiales	Microbotryomycetes	Basidiomycota	Leucosporidium yakuticum	phylum_fallback	Basidiomycota:bLocus	JACVQX010000013.1	30852	46166	high	idiomorph_gene_only	undetermined	51.11	51.11	bE:48.57:polished_single;bW:51.11:polished_single	bE;bW	not_testable		
bW	JACVQX010000177.1	76469	76747	basidio_full	GCA_019828645.1_ASM1982864v1	Leucosporidiales	Microbotryomycetes	Basidiomycota	Leucosporidium yakuticum	phylum_fallback	Basidiomycota:bLocus	JACVQX010000177.1	51525	94983	high	idiomorph_gene_only	undetermined	30.930000000000003	30.930000000000003	bE:25.5:polished_single;bW:30.930000000000003:polished_single	bE;bW	not_testable		
bE	JASBWS010000112.1	17314	17412	basidio_full	GCA_030039275.1_MNACCFEE_5262	Filobasidiales	Tremellomycetes	Basidiomycota	Naganishia adeliensis	phylum_fallback	Basidiomycota:bLocus	JASBWS010000112.1	17026	45836	high	idiomorph_gene_only	undetermined	57.58	57.58	bE:57.58:polished_single;bW:31.209999999999997:polished_single	bE;bW	not_testable		
HD2	JAYMYV010000153.1	11462	11698	basidio_full	GCA_036873625.1_ASM3687362v1	Hymenochaetales	Agaricomycetes	Basidiomycota	Sanghuangporus vaninii	phylum_fallback	Basidiomycota:HD	JAYMYV010000153.1	7357	19000	high	mat_locus	undetermined	32.91	32.91	HD1:28.65:polished_disagree;HD2:32.91:polished_single	HD1;HD2;MIP1	supported	MIP1	1616
HD2	JAYMYV010001206.1	3782	3901	basidio_full	GCA_036873625.1_ASM3687362v1	Hymenochaetales	Agaricomycetes	Basidiomycota	Sanghuangporus vaninii	phylum_fallback	Basidiomycota:HD	JAYMYV010001206.1	3273	5438	high	idiomorph_gene_only	undetermined	57.5	57.5	HD2:57.5:polished_disagree;HD1:39.18:polished_disagree	HD1;HD2	not_supported		
bW	JAQOMT010001429.1	1901	2303	basidio_full	GCA_045933395.1_ASM4593339v1	Tilletiales	Exobasidiomycetes	Basidiomycota	Tilletia laevis	phylum_fallback	Basidiomycota:bLocus	JAQOMT010001429.1	1826	4368	high	idiomorph_gene_only	undetermined	37.61	37.61	bW:37.61:polished_single;bE:32.73:polished_disagree	bE;bW	not_testable		
HD2	JAZHGI010004928.1	3617	3838	basidio_full	GCA_037855265.1_ASM3785526v1	Corticiales	Agaricomycetes	Basidiomycota	Waitea zeae	phylum_fallback	Basidiomycota:HD	JAZHGI010004928.1	745	7382	high	mat_locus	undetermined	37.84	37.84	HD1:33.48:polished_single;HD2:37.84:polished_single	HD1;HD2;MIP1;beta_fg	supported	beta_fg	2179
HD2	JAZHGI010003869.1	5116	5340	basidio_full	GCA_037855265.1_ASM3785526v1	Corticiales	Agaricomycetes	Basidiomycota	Waitea zeae	phylum_fallback	Basidiomycota:HD	JAZHGI010003869.1	2000	7995	high	mat_locus	undetermined	34.67	34.67	HD1:29.91:polished_single;HD2:34.67:polished_single	HD1;HD2;MIP1;beta_fg	not_supported		
bE	JAPDMZ010000006.1	45786	46050	basidio_full	GCA_030462715.1_ASM3046271v1	Tilletiales	Exobasidiomycetes	Basidiomycota	Tilletia horrida	phylum_fallback	Basidiomycota:bLocus	JAPDMZ010000006.1	43932	71449	high	idiomorph_gene_only	undetermined	47.62	47.62	bW:38.13:polished_single;bE:47.62:polished_single	bE;bW	not_testable		
bW	JADGFK010001398.1	3979	4381	basidio_full	GCA_045931865.1_ASM4593186v1	Tilletiales	Exobasidiomycetes	Basidiomycota	Tilletia laevis	phylum_fallback	Basidiomycota:bLocus	JADGFK010001398.1	1914	4456	high	idiomorph_gene_only	undetermined	37.61	37.61	bE:32.73:polished_disagree;bW:37.61:polished_single	bE;bW	not_testable		
HD1	SGPK01000890.1	3037	3513	basidio_full	GCA_004802695.1_ASM480269v1	Hymenochaetales	Agaricomycetes	Basidiomycota	Phellinidium pouzarii	phylum_fallback	Basidiomycota:HD	SGPK01000890.1	241	3717	high	idiomorph_gene_only	undetermined	33.96	33.96	HD2:25.82:polished_single;HD1:33.96:polished_single	HD1;HD2	not_supported		
HD2	LCTX01001761.1	2787	2999	basidio_full	GCA_002233555.1_ASM223355v1	Corticiales	Agaricomycetes	Basidiomycota	Limonomyces culmigenus	phylum_fallback	Basidiomycota:HD	LCTX01001761.1	1292	7596	high	mat_locus	undetermined	46.48	46.48	HD2:46.48:polished_single;HD1:38.4:polished_single	HD1;HD2;MIP1	supported	MIP1	2257
HD2	LCTX01002607.1	6990	7199	basidio_full	GCA_002233555.1_ASM223355v1	Corticiales	Agaricomycetes	Basidiomycota	Limonomyces culmigenus	phylum_fallback	Basidiomycota:HD	LCTX01002607.1	2376	8927	high	mat_locus	undetermined	44.29	44.29	HD1:37.6:polished_single;HD2:44.29:polished_single	HD1;HD2;MIP1	not_supported		
bW	CAJHJJ010001030.1	1006	1131	basidio_full	GCA_905071775.1_OV.v1_assembly	Tilletiales	Exobasidiomycetes	Basidiomycota	Tilletia controversa	phylum_fallback	Basidiomycota:bLocus	CAJHJJ010001030.1	541	5144	high	idiomorph_gene_only	undetermined	59.52	59.52	bW:59.52:polished_single;bE:33.04:polished_disagree	bE;bW	not_testable		
bE	KZ819791.1	4077	4712	basidio_full	GCA_003144235.1_Ustsp1	Violaceomycetales	Ustilaginomycetes	Basidiomycota	Violaceomyces palustris	phylum_fallback	Basidiomycota:bLocus	KZ819791.1	4071	10647	high	idiomorph_gene_only	undetermined	55.7	55.7	bE:55.7:polished_disagree;bW:33.23:polished_disagree	bE;bW	not_testable		
bE	JAPDMQ010000041.1	49230	49370	basidio_full	GCA_030462655.1_ASM3046265v1	Tilletiales	Exobasidiomycetes	Basidiomycota	Tilletia horrida	phylum_fallback	Basidiomycota:bLocus	JAPDMQ010000041.1	46966	49964	high	idiomorph_gene_only	undetermined	53.19	53.19	bW:37.95:polished_single;bE:53.19:polished_disagree	bE;bW	not_testable		
bE	JADGFP010001082.1	3558	3734	basidio_full	GCA_045931925.1_ASM4593192v1	Tilletiales	Exobasidiomycetes	Basidiomycota	Tilletia caries	phylum_fallback	Basidiomycota:bLocus	JADGFP010001082.1	1213	7716	high	idiomorph_gene_only	undetermined	42.37	42.37	bW:30.48:polished_single;bE:42.37:polished_disagree	bE;bW	not_testable		
bW	JADGFO010001410.1	3979	4381	basidio_full	GCA_045932095.1_ASM4593209v1	Tilletiales	Exobasidiomycetes	Basidiomycota	Tilletia caries	phylum_fallback	Basidiomycota:bLocus	JADGFO010001410.1	1914	4456	high	idiomorph_gene_only	undetermined	37.61	37.61	bE:32.73:polished_disagree;bW:37.61:polished_single	bE;bW	not_testable		
bW	BCHO01000014.1	360851	361352	basidio_full	GCA_001599655.1_JCM_5230_assembly_v001	Golubeviales	Exobasidiomycetes	Basidiomycota	Golubevia pallescens	phylum_fallback	Basidiomycota:bLocus	BCHO01000014.1	353952	361472	high	idiomorph_gene_only	undetermined	47.17	47.17	bE:44.44:polished_single;bW:47.17:polished_disagree	bE;bW	not_testable		
HD1	QGOD01000066.1	1806	2090	basidio_full	GCA_003313065.1_ASM331306v1	Thelephorales	Agaricomycetes	Basidiomycota	Sarcodon sp. MG97	phylum_fallback	Basidiomycota:HD	QGOD01000066.1	1211	6364	high	mat_locus	undetermined	41.05	41.05	HD1:41.05:polished_single;HD2:33.85:polished_disagree	HD1;HD2;beta_fg	supported	beta_fg	3510
bE	JADGFU010000152.1	20593	20769	basidio_full	GCA_045932215.1_ASM4593221v1	Tilletiales	Exobasidiomycetes	Basidiomycota	Tilletia caries	phylum_fallback	Basidiomycota:bLocus	JADGFU010000152.1	18248	24751	high	idiomorph_gene_only	undetermined	42.37	42.37	bW:30.48:polished_single;bE:42.37:polished_disagree	bE;bW	not_testable		
HD2	JACBXI010002051.1	2248	2376	basidio_full	GCA_024703775.1_ASM2470377v1	Hymenochaetales	Agaricomycetes	Basidiomycota	Inonotus obliquus	phylum_fallback	Basidiomycota:HD	JACBXI010002051.1	770	2974	high	idiomorph_gene_only	undetermined	51.16	51.16	HD1:36.73:polished_single;HD2:51.16:polished_single	HD1;HD2	not_supported		
HD2	JACBXI010001955.1	2226	2426	basidio_full	GCA_024703775.1_ASM2470377v1	Hymenochaetales	Agaricomycetes	Basidiomycota	Inonotus obliquus	phylum_fallback	Basidiomycota:HD	JACBXI010001955.1	738	2864	high	idiomorph_gene_only	undetermined	52.94	52.94	HD1:34.69:polished_single;HD2:52.94:polished_single	HD1;HD2	not_supported		
bE	JAQOSD010000596.1	6551	11944	basidio_full	GCA_045933405.1_ASM4593340v1	Tilletiales	Exobasidiomycetes	Basidiomycota	Tilletia fusca	phylum_fallback	Basidiomycota:bLocus	JAQOSD010000596.1	4603	12413	high	idiomorph_gene_only	undetermined	40.48	40.48	bW:39.25:polished_disagree;bE:40.48:polished_disagree	bE;bW	not_testable		
bE	JAMALE010000033.1	13362	13487	basidio_full	GCA_023628175.1_ASM2362817v1	Filobasidiales	Tremellomycetes	Basidiomycota	Naganishia albida	phylum_fallback	Basidiomycota:bLocus	JAMALE010000033.1	13209	18346	high	idiomorph_gene_only	undetermined	50.0	50.0	bE:50.0:polished_single;bW:33.33:polished_single	bE;bW	not_testable		
HD2	JAZHGL010001382.1	1038	1307	basidio_full	GCA_037855235.1_ASM3785523v1	Corticiales	Agaricomycetes	Basidiomycota	Waitea zeae	phylum_fallback	Basidiomycota:HD	JAZHGL010001382.1	831	4581	high	mat_locus	undetermined	34.44	34.44	HD1:31.55:polished_disagree;HD2:34.44:polished_single	HD1;HD2;MIP1	not_supported		
HD2	JAZHGL010000681.1	2692	2916	basidio_full	GCA_037855235.1_ASM3785523v1	Corticiales	Agaricomycetes	Basidiomycota	Waitea zeae	phylum_fallback	Basidiomycota:HD	JAZHGL010000681.1	5	6252	high	mat_locus	undetermined	37.33	37.33	HD1:36.21:polished_disagree;HD2:37.33:polished_single	HD1;HD2;MIP1;beta_fg	supported	beta_fg	2277
bE	CAJHJG010005423.1	4509	4685	basidio_full	GCA_905071745.1_AZH3_assembly	Tilletiales	Exobasidiomycetes	Basidiomycota	Tilletia caries	phylum_fallback	Basidiomycota:bLocus	CAJHJG010005423.1	527	7030	high	idiomorph_gene_only	undetermined	42.37	42.37	bE:42.37:polished_disagree;bW:30.48:polished_single	bE;bW	not_testable		
bW	LWDG02000017.1	56602	57197	basidio_full	GCA_001645055.2_AAFC_TwDAOMC236422_2	Tilletiales	Exobasidiomycetes	Basidiomycota	Tilletia walkeri	phylum_fallback	Basidiomycota:bLocus	LWDG02000017.1	18744	68427	high	idiomorph_gene_only	undetermined	35.84	35.84	bE:33.64:polished_disagree;bW:35.84:polished_disagree	bE;bW	not_testable		
bW	CAJHJD010003527.1	12902	13304	basidio_full	GCA_905071725.1_OA2_assembly	Tilletiales	Exobasidiomycetes	Basidiomycota	Tilletia controversa	phylum_fallback	Basidiomycota:bLocus	CAJHJD010003527.1	12800	19451	high	idiomorph_gene_only	undetermined	34.55	34.55	bW:34.55:polished_single;bE:33.04:polished_disagree	bE;bW	not_testable		
bW	LWDD02001748.1	2355	2757	basidio_full	GCA_001645005.2_AAFC_TcaDAOMC238032_2	Tilletiales	Exobasidiomycetes	Basidiomycota	Tilletia caries	phylum_fallback	Basidiomycota:bLocus	LWDD02001748.1	290	2832	high	idiomorph_gene_only	undetermined	37.61	37.61	bE:32.73:polished_disagree;bW:37.61:polished_single	bE;bW	not_testable		
bE	JADGFR010001086.1	3558	3734	basidio_full	GCA_045932045.1_ASM4593204v1	Tilletiales	Exobasidiomycetes	Basidiomycota	Tilletia caries	phylum_fallback	Basidiomycota:bLocus	JADGFR010001086.1	1213	7716	high	idiomorph_gene_only	undetermined	42.37	42.37	bW:30.48:polished_single;bE:42.37:polished_disagree	bE;bW	not_testable		
bW	RDSG01001354.1	4015	4417	basidio_full	GCA_009428285.1_AAFC_TLDAOMC238040_1	Tilletiales	Exobasidiomycetes	Basidiomycota	Tilletia laevis	phylum_fallback	Basidiomycota:bLocus	RDSG01001354.1	1950	4492	high	idiomorph_gene_only	undetermined	37.61	37.61	bE:32.73:polished_disagree;bW:37.61:polished_single	bE;bW	not_testable		
bW	RDSH01000051.1	56684	57018	basidio_full	GCA_009428295.1_AAFC_TwDAOMC238049_1	Tilletiales	Exobasidiomycetes	Basidiomycota	Tilletia walkeri	phylum_fallback	Basidiomycota:bLocus	RDSH01000051.1	18766	68549	high	idiomorph_gene_only	undetermined	46.39	46.39	bE:34.23:polished_disagree;bW:46.39:polished_disagree	bE;bW	not_testable		
bW	CAJHJI010007523.1	6233	10780	basidio_full	GCA_905071785.1_OL14.v1_assembly	Tilletiales	Exobasidiomycetes	Basidiomycota	Tilletia controversa	phylum_fallback	Basidiomycota:bLocus	CAJHJI010007523.1	568	10780	high	idiomorph_gene_only	undetermined	53.76	53.76	bE:32.23:polished_disagree;bW:53.76:polished_single	bE;bW	not_testable		
bE	MCGR01000028.1	147083	147187	basidio_full	GCA_002105055.1_Leucr1	Leucosporidiales	Microbotryomycetes	Basidiomycota	Leucosporidium creatinivorum	phylum_fallback	Basidiomycota:bLocus	MCGR01000028.1	145579	160941	high	idiomorph_gene_only	undetermined	48.57	48.57	bW:46.3:polished_single;bE:48.57:polished_single	bE;bW	not_testable		
bW	JAQOSF010001263.1	5	297	basidio_full	GCA_045934365.1_ASM4593436v1	Tilletiales	Exobasidiomycetes	Basidiomycota	Tilletia rugispora	phylum_fallback	Basidiomycota:bLocus	JAQOSF010001263.1	5	2349	high	idiomorph_gene_only	undetermined	48.81	48.81	bW:48.81:polished_single;bE:30.66:polished_disagree	bE;bW	not_testable		
bW	JADGFS010001572.1	1005	1130	basidio_full	GCA_045932075.1_ASM4593207v1	Tilletiales	Exobasidiomycetes	Basidiomycota	Tilletia caries	phylum_fallback	Basidiomycota:bLocus	JADGFS010001572.1	540	5158	high	idiomorph_gene_only	undetermined	59.52	59.52	bW:59.52:polished_single;bE:42.37:polished_disagree	bE;bW	not_testable		
bW	JADGFN010001114.1	5785	6178	basidio_full	GCA_045931945.1_ASM4593194v1	Tilletiales	Exobasidiomycetes	Basidiomycota	Tilletia goloskokovii	phylum_fallback	Basidiomycota:bLocus	JADGFN010001114.1	115	6178	high	idiomorph_gene_only	undetermined	39.25	39.25	bE:33.93:polished_disagree;bW:39.25:polished_single	bE;bW	not_testable		
bE	JAKLLX010000065.1	18222	18359	basidio_full	GCA_022813745.1_ASM2281374v1	Filobasidiales	Tremellomycetes	Basidiomycota	Naganishia kalamii	phylum_fallback	Basidiomycota:bLocus	JAKLLX010000065.1	13240	18788	high	idiomorph_gene_only	undetermined	43.48	43.48	bW:34.32:polished_single;bE:43.48:polished_single	bE;bW	not_testable		
bE	JAPDMO010000041.1	56563	56676	basidio_full	GCA_030462675.1_ASM3046267v1	Tilletiales	Exobasidiomycetes	Basidiomycota	Tilletia horrida	phylum_fallback	Basidiomycota:bLocus	JAPDMO010000041.1	54758	57291	high	idiomorph_gene_only	undetermined	63.16	63.16	bW:46.67:polished_single;bE:63.16:polished_disagree	bE;bW	not_testable		
bE	JAAVVH010000014.1	297211	297682	basidio_full	GCA_012976215.1_WUR_Gp_BC0812	Golubeviales	Exobasidiomycetes	Basidiomycota	Golubevia sp. BC0812	phylum_fallback	Basidiomycota:bLocus	JAAVVH010000014.1	296815	302570	high	idiomorph_gene_only	undetermined	51.32	51.32	bE:51.32:polished_single;bW:50.0:polished_disagree	bE;bW	not_testable		
STE3	JUBC01000580.1	1457	1783	basidio_full	GCA_000815965.1_ASM81596v1	Cystofilobasidiales	Tremellomycetes	Basidiomycota	Mrakia frigida	phylum_fallback	Basidiomycota:MAT	JUBC01000580.1	637	3539	medium	idiomorph_gene_only	alpha	51.25	51.25	STE3:51.25:polished_single;MFalpha:40.0:polished_single;MFa:40.476:not_polish_candidate	MFalpha;STE3	not_testable		
bW	UWYS01000013.1	640041	640651	basidio_full	GCA_900291925.1_version_1	Urocystidales	Ustilaginomycetes	Basidiomycota	Thecaphora thlaspeos	phylum_fallback	Basidiomycota:bLocus	UWYS01000013.1	612539	645116	high	idiomorph_gene_only	undetermined	60.61	60.61	bE:48.48:polished_disagree;bW:60.61:polished_disagree	bE;bW	not_testable		
pra1	UWYS01000008.1	360032	361047	basidio_full	GCA_900291925.1_version_1	Urocystidales	Ustilaginomycetes	Basidiomycota	Thecaphora thlaspeos	phylum_fallback	Basidiomycota:aLocus	UWYS01000008.1	336508	379659	high	mat_locus	undetermined	45.1	45.1	pra1:45.1:polished_disagree	pra1;rba1	not_testable		
STE3	UWYS01000008.1	360044	361044	basidio_full	GCA_900291925.1_version_1	Urocystidales	Ustilaginomycetes	Basidiomycota	Thecaphora thlaspeos	phylum_fallback	Basidiomycota:MAT	UWYS01000008.1	336508	379659	high	mat_locus	undetermined	37.63	37.63	STE3:37.63:polished_single	PAN6;STE3	not_testable		
bW	CAJHJE010001276.1	1888	2290	basidio_full	GCA_905071735.1_AO_assembly	Tilletiales	Exobasidiomycetes	Basidiomycota	Tilletia caries	phylum_fallback	Basidiomycota:bLocus	CAJHJE010001276.1	1813	4355	high	idiomorph_gene_only	undetermined	37.61	37.61	bW:37.61:polished_single;bE:32.73:polished_disagree	bE;bW	not_testable		
bW	JAQOSC010001276.1	869	1192	basidio_full	GCA_045934345.1_ASM4593434v1	Tilletiales	Exobasidiomycetes	Basidiomycota	Tilletia controversa	phylum_fallback	Basidiomycota:bLocus	JAQOSC010001276.1	815	3234	high	idiomorph_gene_only	undetermined	47.31	47.31	bW:47.31:polished_single;bE:31.82:polished_disagree	bE;bW	not_testable		
bW	RRYC01000142.1	43670	54145	basidio_full	GCA_004016185.1_ASM401618v1	Microstromatales	Exobasidiomycetes	Basidiomycota	Quambalaria eucalypti	phylum_fallback	Basidiomycota:bLocus	RRYC01000142.1	40308	55825	high	idiomorph_gene_only	undetermined	41.86	41.86	bW:41.86:polished_single;bE:29.7:polished_disagree	bE;bW	not_testable		
bW	RDSF01001383.1	3983	4385	basidio_full	GCA_009428275.1_AAFC_TLATCC42080_1	Tilletiales	Exobasidiomycetes	Basidiomycota	Tilletia laevis	phylum_fallback	Basidiomycota:bLocus	RDSF01001383.1	1918	4460	high	idiomorph_gene_only	undetermined	37.61	37.61	bE:32.73:polished_disagree;bW:37.61:polished_single	bE;bW	not_testable		
bW	RDSJ01000002.1	36847	37196	basidio_full	GCA_009428365.1_AAFC_TiDAOMC236414_1	Tilletiales	Exobasidiomycetes	Basidiomycota	Tilletia indica	phylum_fallback	Basidiomycota:bLocus	RDSJ01000002.1	25338	39151	high	idiomorph_gene_only	undetermined	47.52	47.52	bW:47.52:polished_single;bE:33.64:polished_disagree	bE;bW	not_testable		
bE	JAPDMR010000065.1	4125	4265	basidio_full	GCA_030462685.1_ASM3046268v1	Tilletiales	Exobasidiomycetes	Basidiomycota	Tilletia horrida	phylum_fallback	Basidiomycota:bLocus	JAPDMR010000065.1	3531	6500	high	idiomorph_gene_only	undetermined	53.19	53.19	bE:53.19:polished_disagree;bW:36.97:polished_single	bE;bW	not_testable		
STE3	JBNBMU010000001.1	800353	800931	basidio_full	GCA_049638985.1_Mscorzo-A1	Microbotryales	Microbotryomycetes	Basidiomycota	Microbotryum scorzonerae	phylum_fallback	Basidiomycota:MAT	JBNBMU010000001.1	800311	845695	medium	idiomorph_gene_only	alpha	36.65	36.65	STE3:36.65:polished_single;SXI1:33.82:polished_single	STE3;SXI1	not_testable		
bW	JAQOSE010001363.1	4619	4886	basidio_full	GCA_045933385.1_ASM4593338v1	Tilletiales	Exobasidiomycetes	Basidiomycota	Tilletia bromi	phylum_fallback	Basidiomycota:bLocus	JAQOSE010001363.1	2475	5006	high	idiomorph_gene_only	undetermined	56.92	56.92	bE:31.82:polished_disagree;bW:56.92:polished_single	bE;bW	not_testable		
HD2	JAFREE010000028.1	6666	6857	basidio_full	GCA_019400425.1_ASM1940042v1	Hymenochaetales	Agaricomycetes	Basidiomycota	Hymenochaete sp. R1	phylum_fallback	Basidiomycota:HD	JAFREE010000028.1	4682	11280	high	mat_locus	undetermined	48.44	48.44	HD1:46.58:polished_single;HD2:48.44:polished_single	HD1;HD2;MIP1	supported	MIP1	1958
bE	JAAVVG010000013.1	474662	475133	basidio_full	GCA_012976225.1_WUR_Gp_BC0850	Golubeviales	Exobasidiomycetes	Basidiomycota	Golubevia sp. BC0850	phylum_fallback	Basidiomycota:bLocus	JAAVVG010000013.1	472119	475529	high	idiomorph_gene_only	undetermined	51.32	51.32	bW:42.11:polished_disagree;bE:51.32:polished_single	bE;bW	not_testable		
bE	JAPDNA010000170.1	20565	20830	basidio_full	GCA_030504495.1_ASM3050449v1	Tilletiales	Exobasidiomycetes	Basidiomycota	Tilletia horrida	phylum_fallback	Basidiomycota:bLocus	JAPDNA010000170.1	18799	21238	high	idiomorph_gene_only	undetermined	47.62	47.62	bW:33.94:polished_single;bE:47.62:polished_single	bE;bW	not_testable		
bE	JAKMXQ010000003.1	1234980	1235195	basidio_capoff	GCA_022506095.1_ASM2250609v1	Microbotryales	Microbotryomycetes	Basidiomycota	Microbotryum violaceum	phylum_fallback	Basidiomycota:bLocus	JAKMXQ010000003.1	1234518	1244797	high	idiomorph_gene_only	undetermined	26.58	26.58	bE:26.58:polished_single;bW:23.64:polished_single	bE;bW	not_testable		
bE	AP041753.1	972235	972402	basidio_capoff	GCA_051805495.1_RsphJCM8202v2	Sporidiobolales	Microbotryomycetes	Basidiomycota	Rhodotorula sphaerocarpa	phylum_fallback	Basidiomycota:bLocus	AP041753.1	958066	972408	high	idiomorph_gene_only	undetermined	60.61	60.61	bW:32.28:polished_single;bE:60.61:polished_single	bE;bW	not_testable		
MAT1-2-1	JAGTWJ010000007.1	1520439	1520564	pilots_0924	GCA_020064725.1_ASM2006472v1	Orbiliales	Orbiliomycetes	Ascomycota	Drechslerella dactyloides	phylum_fallback	Ascomycota:MAT	JAGTWJ010000007.1	1520388	1535314	medium	mat_locus	MAT1-2	42.857	42.857	MAT1-2-1:42.857:unpolished;MAT1-1-1:36.957:unpolished	MAT1-1-1;MAT1-2-1;APN2;COX13	not_supported	APN2	11835
MATALPHA2	JBAMJO010000854.1	10994	11167	pilots_0924	GCA_047716685.1_ASM4771668v1	Orbiliales	Orbiliomycetes	Ascomycota	Hyalorbilia oviparasitica	phylum_fallback	Ascomycota:MATsc	JBAMJO010000854.1	10847	11167	medium	idiomorph_gene_only	undetermined	39.66	39.66	MATALPHA2:39.66:polished_single;MATA2:39.22:polished_single	MATALPHA2;MATA2	not_supported		
MAT1-1-1	JAJTUA010000003.1	297179	297355	pilots_0924	GCA_036971325.1_ASM3697132v1	Orbiliales	Orbiliomycetes	Ascomycota	Dactylellina cionopaga	phylum_fallback	Ascomycota:MAT	JAJTUA010000003.1	289601	300427	medium	mat_locus	MAT1-1	32.203	32.203	MAT1-1-1:32.203:unpolished	MAT1-1-1;APN2;COX13	supported	APN2	4287
MAT1-2-1	LDUD01000016.1	343695	343805	pilots_0924	GCA_012184295.1_ASM1218429v1	Orbiliales	Orbiliomycetes	Ascomycota	Dactylella cylindrospora	phylum_fallback	Ascomycota:MAT	LDUD01000016.1	314157	343862	medium	mat_locus	MAT1-2	40.541	40.541	MAT1-2-1:40.541:unpolished	MAT1-2-1;APN2;COX13	supported	APN2	8830
MAT1-1-1	JAJTUD010000010.1	292891	293016	pilots_0924	GCA_036971385.1_ASM3697138v1	Orbiliales	Orbiliomycetes	Ascomycota	Dactylellina parvicollis	phylum_fallback	Ascomycota:MAT	JAJTUD010000010.1	284030	293016	medium	mat_locus	MAT1-1	34.694	34.694	MAT1-1-1:34.694:unpolished	MAT1-1-1;APN2;COX13	supported	APN2	5467
MAT1-2-1	JAQGDS010000001.1	1320330	1320455	pilots_0924	GCA_028984885.1_ASM2898488v1	Orbiliales	Orbiliomycetes	Ascomycota	Drechslerella dactyloides	phylum_fallback	Ascomycota:MAT	JAQGDS010000001.1	1320279	1335205	medium	mat_locus	MAT1-2	42.857	42.857	MAT1-2-1:42.857:unpolished;MAT1-1-1:36.957:unpolished	MAT1-1-1;MAT1-2-1;APN2;COX13	not_supported	APN2	11835
MAT1-1-2	JAJTTW010000008.1	1401077	1401256	pilots_0924	GCA_036971245.1_ASM3697124v1	Orbiliales	Orbiliomycetes	Ascomycota	Arthrobotrys sphaeroides	phylum_fallback	Ascomycota:MAT	JAJTTW010000008.1	1380115	1401256	medium	partial_locus	MAT1-1	31.667	31.667	MAT1-1-2:31.667:unpolished	APN2;COX13;MAT1-1-2	not_supported	APN2	19850
MAT1-2-1	JBAMKM010000545.1	6767	6898	pilots_0924	GCA_047671935.1_ASM4767193v1	Orbiliales	Orbiliomycetes	Ascomycota	Hyalorbilia sp. HsImV25	phylum_fallback	Ascomycota:MAT	JBAMKM010000545.1	544	13554	medium	mat_locus	MAT1-2	45.455	45.455	MAT1-2-1:45.455:unpolished	MAT1-2-1;APN2;SLA2;COX13	supported	SLA2	2826
MAT1-2-1	CM062383.1	1296786	1296884	pilots_0924	GCA_031310005.1_ASM3131000v1	Orbiliales	Orbiliomycetes	Ascomycota	Dactylellina haptotyla	phylum_fallback	Ascomycota:MAT	CM062383.1	1296513	1304918	medium	mat_locus	MAT1-2	42.424	42.424	MAT1-2-1:42.424:unpolished	MAT1-2-1;APN2;COX13	supported	APN2	4620
MAT1-1-1	JAJTUI010000009.1	280265	280369	pilots_0924	GCA_036971575.1_ASM3697157v1	Orbiliales	Orbiliomycetes	Ascomycota	Arthrobotrys conoides	phylum_fallback	Ascomycota:MAT	JAJTUI010000009.1	278087	281577	medium	mat_locus	MAT1-1	41.463	41.463	MAT1-1-1:41.463:unpolished	MAT1-1-1;APN2;COX13	supported	APN2	0
MAT1-2-1	JAJTTY010000005.1	349094	349342	pilots_0924	GCA_036971295.1_ASM3697129v1	Orbiliales	Orbiliomycetes	Ascomycota	Dactylellina cionopaga	phylum_fallback	Ascomycota:MAT	JAJTTY010000005.1	340799	352859	medium	mat_locus	MAT1-2	28.916	28.916	MAT1-2-1:28.916:unpolished	MAT1-2-1;APN2;COX13	supported	APN2	4996
MAT1-2-1	JAJTTZ010000015.1	1463614	1463760	pilots_0924	GCA_036971285.1_ASM3697128v1	Orbiliales	Orbiliomycetes	Ascomycota	Dactylellina cionopaga	phylum_fallback	Ascomycota:MAT	JAJTTZ010000015.1	1461664	1471653	medium	mat_locus	MAT1-1	32.653	32.653	MAT1-1-1:28.947:unpolished;MAT1-2-1:32.653:unpolished	MAT1-1-1;MAT1-2-1;APN2;COX13	supported	APN2	5534
MAT1-2-1	NW_011644707.1	35510	35722	pilots_0924	GCF_000441935.1_MHA_v2	Orbiliales	Orbiliomycetes	Ascomycota	Dactylellina haptotyla	phylum_fallback	Ascomycota:MAT	NW_011644707.1	27407	35833	medium	mat_locus	MAT1-2	32.394	32.394	MAT1-2-1:32.394:unpolished	MAT1-2-1;APN2;COX13	supported	APN2	5571
MAT1-1-1	LDUC01000161.1	304001	304231	pilots_0924	GCA_012184355.1_ASM1218435v1	Orbiliales	Orbiliomycetes	Ascomycota	Dactylellina cionopaga	phylum_fallback	Ascomycota:MAT	LDUC01000161.1	303932	311206	medium	mat_locus	MAT1-1	33.766	33.766	MAT1-1-1:33.766:unpolished	MAT1-1-1;APN2;COX13	supported	APN2	4635
MAT1-2-10	JAJTTX010000027.1	22434	22700	pilots_0924	GCA_036971255.1_ASM3697125v1	Orbiliales	Orbiliomycetes	Ascomycota	Orbilia blumenaviensis	phylum_fallback	Ascomycota:MAT	JAJTTX010000027.1	9396	22700	medium	partial_locus	MAT1-2	27.473	27.473	MAT1-2-10:27.473:unpolished	APN2;COX13;MAT1-2-10	not_supported	APN2	10935
MAT1-2-1	JAAGKP010000022.1	29726	29866	pilots_0924	GCA_011068445.1_ASM1106844v1	Orbiliales	Orbiliomycetes	Ascomycota	Orbilia oligospora	phylum_fallback	Ascomycota:MAT	JAAGKP010000022.1	29726	50164	medium	mat_locus	MAT1-2	31.915	31.915	MAT1-2-1:31.915:unpolished	MAT1-2-1;APN2;COX13	not_supported	APN2	17975
MAT1-2-1	JAKDFA010000013.1	1228821	1228946	pilots_0924	GCA_036971435.1_ASM3697143v1	Orbiliales	Orbiliomycetes	Ascomycota	Dactylellina sp. tibetensis	phylum_fallback	Ascomycota:MAT	JAKDFA010000013.1	1228770	1280614	medium	mat_locus	MAT1-2	45.238	45.238	MAT1-2-1:45.238:unpolished	MAT1-2-1;APN2;COX13	supported	APN2	6021
MAT1-2-1	JBAMJN010000737.1	20098	20229	pilots_0924	GCA_047716655.1_ASM4771665v1	Orbiliales	Orbiliomycetes	Ascomycota	Hyalorbilia oviparasitica	phylum_fallback	Ascomycota:MAT	JBAMJN010000737.1	13443	20268	medium	mat_locus	MAT1-2	45.455	45.455	MAT1-2-1:45.455:unpolished	MAT1-2-1;APN2;COX13	supported	APN2	4220
MAT1-2-1	JAVHJN010000012.1	312155	312247	pilots_0924	GCA_036971655.1_TWF281	Orbiliales	Orbiliomycetes	Ascomycota	Arthrobotrys megalospora	phylum_fallback	Ascomycota:MAT	JAVHJN010000012.1	300759	312358	medium	mat_locus	MAT1-2	48.387	48.387	MAT1-2-1:48.387:unpolished	MAT1-2-1;APN2;COX13	supported	APN2	8845
MAT1-1-1	JBAMKL010000499.1	10129	10350	pilots_0924	GCA_047671915.1_ASM4767191v1	Orbiliales	Orbiliomycetes	Ascomycota	Hyalorbilia sp. HsImV27	phylum_fallback	Ascomycota:MAT	JBAMKL010000499.1	3799	16349	medium	mat_locus	MAT1-1	29.73	29.73	MAT1-1-1:29.73:unpolished	MAT1-1-1;APN2;SLA2;COX13	supported	SLA2	2607
MATA2	JBAMKL010000648.1	5396	5539	pilots_0924	GCA_047671915.1_ASM4767191v1	Orbiliales	Orbiliomycetes	Ascomycota	Hyalorbilia sp. HsImV27	phylum_fallback	Ascomycota:MATsc	JBAMKL010000648.1	5396	5716	medium	idiomorph_gene_only	undetermined	39.58	39.58	MATA2:39.58:polished_single;MATALPHA2:37.93:polished_single	MATALPHA2;MATA2	not_supported		
MAT1-1-2	JAABLO010000001.1	878630	878911	pilots_0924	GCA_011067015.1_ASM1106701v1	Orbiliales	Orbiliomycetes	Ascomycota	Orbilia oligospora	phylum_fallback	Ascomycota:MAT	JAABLO010000001.1	878630	893700	medium	partial_locus	MAT1-1	27.523	27.523	MAT1-1-2:27.523:unpolished	APN2;COX13;MAT1-1-2	not_supported	APN2	12505
MAT1-2-1	JAJTUG010000022.1	356609	356734	pilots_0924	GCA_036971535.1_ASM3697153v1	Orbiliales	Orbiliomycetes	Ascomycota	Drechslerella dactyloides	phylum_fallback	Ascomycota:MAT	JAJTUG010000022.1	341859	356785	medium	mat_locus	MAT1-2	42.857	42.857	MAT1-1-1:36.957:unpolished;MAT1-2-1:42.857:unpolished	MAT1-1-1;MAT1-2-1;APN2;COX13	not_supported	APN2	11835
MAT1-2-1	JAJTUE010000010.1	329520	329615	pilots_0924	GCA_036971405.1_ASM3697140v1	Orbiliales	Orbiliomycetes	Ascomycota	Orbilia quercus	phylum_fallback	Ascomycota:MAT	JAJTUE010000010.1	321015	329618	medium	mat_locus	MAT1-2	53.125	53.125	MAT1-2-1:53.125:unpolished	MAT1-2-1;APN2;COX13	supported	APN2	4919
MAT1-1-1	JAJTUH010000011.1	398105	398221	pilots_0924	GCA_036971555.1_ASM3697155v1	Orbiliales	Orbiliomycetes	Ascomycota	Drechslerella coelobrocha	phylum_fallback	Ascomycota:MAT	JAJTUH010000011.1	371954	398488	medium	mat_locus	MAT1-1	38.462	38.462	MAT1-1-2:25.275:unpolished;MAT1-1-1:38.462:unpolished	MAT1-1-1;APN2;COX13;MAT1-1-2	supported	APN2	7450
MAT1-2-10	JAVHNS010000010.1	358519	358785	pilots_0924	GCA_036872755.1_ASM3687275v1	Orbiliales	Orbiliomycetes	Ascomycota	Orbilia blumenaviensis	phylum_fallback	Ascomycota:MAT	JAVHNS010000010.1	358519	371845	medium	partial_locus	MAT1-2	27.473	27.473	MAT1-2-10:27.473:unpolished	APN2;COX13;MAT1-2-10	not_supported	APN2	10956
MAT1-2-1	JAVHNQ010000003.1	2121805	2121894	pilots_0924	GCA_036872635.1_ASM3687263v1	Orbiliales	Orbiliomycetes	Ascomycota	Orbilia brochopaga	phylum_fallback	Ascomycota:MAT	JAVHNQ010000003.1	2110495	2121978	medium	mat_locus	MAT1-2	56.667	56.667	MAT1-2-1:56.667:unpolished	MAT1-2-1;APN2;COX13	supported	APN2	8320
MAT1-2-1	JAJTTS010000003.1	2514760	2514918	pilots_0924	GCA_036971165.1_ASM3697116v1	Orbiliales	Orbiliomycetes	Ascomycota	Arthrobotrys iridis	phylum_fallback	Ascomycota:MAT	JAJTTS010000003.1	2503477	2514933	high	mat_locus	MAT1-2	35.85	35.85	MAT1-2-1:35.85:polished_single	MAT1-2-1;APN2;COX13	supported	APN2	7665
mata1	JBWXUM010000152.1	23433	23555	pilots_0924	GCA_057557895.1_ASM5755789v1	Dipodascales	Dipodascomycetes	Ascomycota	Sugiyamaella sp. LJX2-8	phylum_fallback	Ascomycota:MATyl	JBWXUM010000152.1	19788	26837	medium	mat_locus	A	39.024	39.024	mata1:39.024:unpolished	mata1;sla2;apn2	supported	SLA2	148
MAT1-1-1	JAKTVP010000079.1	23669	23884	pilots_0924	GCA_030560625.1_ASM3056062v1	Dipodascales	Dipodascomycetes	Ascomycota	Yarrowia yakushimensis	phylum_fallback	Ascomycota:MAT	JAKTVP010000079.1	15781	27922	medium	mat_locus	MAT1-1	29.333	29.333	MAT1-1-1:29.333:unpolished	MAT1-1-1;APN2;SLA2	supported	SLA2	540
MAT1-2-1	NW_026611597.1	1183891	1184007	pilots_0924	GCF_029532465.1_Liptet1	Lipomycetales	Lipomycetes	Ascomycota	Lipomyces tetrasporus	phylum_fallback	Ascomycota:MAT	NW_026611597.1	1163282	1187117	high	mat_locus	MAT1-2	47.5	34.04	MAT1-1-1:34.04:polished_single;MAT1-2-1:47.5:not_polish_candidate;MAT1-1-3:32.0:not_polish_candidate	MAT1-1-1;MAT1-2-1;APN2;SLA2	supported	APN2	2190
mata1	NW_026611597.1	1182113	1182223	pilots_0924	GCF_029532465.1_Liptet1	Lipomycetales	Lipomycetes	Ascomycota	Lipomyces tetrasporus	phylum_fallback	Ascomycota:MATyl	NW_026611597.1	1163282	1187108	medium	mat_locus	A	37.838	37.838	mata1:37.838:unpolished	mata1;sla2;apn2	supported	APN2	3974
MAT1-2-1	MU971828.1	296840	296959	pilots_0924	GCA_038497925.1_Lst7851_1	Lipomycetales	Lipomycetes	Ascomycota	Lipomyces starkeyi	phylum_fallback	Ascomycota:MAT	MU971828.1	274502	299933	medium	mat_locus	MAT1-1	51.22	41.463	MAT1-1-1:41.463:unpolished;MAT1-2-1:51.22:not_polish_candidate;MAT1-1-3:48.649:not_polish_candidate	MAT1-1-1;MAT1-2-1;APN2;SLA2;MAT1-1-3	supported	APN2	2165
mata1	MU971828.1	295008	295118	pilots_0924	GCA_038497925.1_Lst7851_1	Lipomycetales	Lipomycetes	Ascomycota	Lipomyces starkeyi	phylum_fallback	Ascomycota:MATyl	MU971828.1	274502	299933	medium	mat_locus	A	37.838	37.838	mata1:37.838:unpolished	mata1;sla2;apn2	supported	APN2	4006
MAT1-1-3	NW_027117628.1	183687	183815	pilots_0924	GCF_038497785.1_Lipsmi1	Lipomycetales	Lipomycetes	Ascomycota	Limtongia smithiae	phylum_fallback	Ascomycota:MAT	NW_027117628.1	183462	207041	medium	mat_locus	MAT1-2	47.727	45.98	MAT1-2-1:45.98:polished_single;MAT1-1-3:47.727:not_polish_candidate	MAT1-2-1;APN2;SLA2	supported	APN2	7384
MAT1-1-1	ULGS01000006.1	152711	152839	pilots_0924	GCA_900519055.1_YAGA0	Dipodascales	Dipodascomycetes	Ascomycota	Yarrowia galli	phylum_fallback	Ascomycota:MAT	ULGS01000006.1	145622	153691	medium	mat_locus	MAT1-1	34.783	34.783	MAT1-1-1:34.783:unpolished	MAT1-1-1;APN2;SLA2	supported	SLA2	0
MAT1-2-1	JAJLTR010000025.1	81226	81342	pilots_0924	GCA_030568335.1_ASM3056833v1	Lipomycetales	Lipomycetes	Ascomycota	Lipomyces tetrasporus	phylum_fallback	Ascomycota:MAT	JAJLTR010000025.1	53438	84449	medium	mat_locus	MAT1-2	47.5	34.04	MAT1-1-1:34.04:polished_single;MAT1-2-1:47.5:not_polish_candidate;MAT1-1-3:32.0:not_polish_candidate	MAT1-1-1;MAT1-2-1;APN2;SLA2;COX13	supported	APN2	2187
mata1	JAJLTR010000025.1	79448	79558	pilots_0924	GCA_030568335.1_ASM3056833v1	Lipomycetales	Lipomycetes	Ascomycota	Lipomyces tetrasporus	phylum_fallback	Ascomycota:MATyl	JAJLTR010000025.1	53438	84440	medium	mat_locus	A	37.838	37.838	mata1:37.838:unpolished	mata1;sla2;apn2	supported	APN2	3971
MAT1-2-1	JAGJTG010000006.1	415575	415694	pilots_0924	GCA_018804115.1_ASM1880411v1	Lipomycetales	Lipomycetes	Ascomycota	Lipomyces starkeyi	phylum_fallback	Ascomycota:MAT	JAGJTG010000006.1	412571	441228	medium	mat_locus	MAT1-1	51.22	41.463	MAT1-1-3:48.649:not_polish_candidate;MAT1-2-1:51.22:not_polish_candidate;MAT1-1-1:41.463:unpolished	MAT1-1-1;MAT1-2-1;APN2;SLA2;MAT1-1-3	supported	APN2	2195
mata1	JAGJTG010000006.1	417420	417542	pilots_0924	GCA_018804115.1_ASM1880411v1	Lipomycetales	Lipomycetes	Ascomycota	Lipomyces starkeyi	phylum_fallback	Ascomycota:MATyl	JAGJTG010000006.1	412571	441228	medium	mat_locus	A	34.146	34.146	mata1:34.146:unpolished	mata1;sla2;apn2	supported	APN2	4040
MAT1-1-1	JAJMFC010000045.1	9376	9528	pilots_0924	GCA_030574475.1_ASM3057447v1	Trigonopsidales	Trigonopsidomycetes	Ascomycota	Trigonopsis californica	phylum_fallback	Ascomycota:MAT	JAJMFC010000045.1	4430	34412	medium	mat_locus	MAT1-1	37.255	37.255	MAT1-1-1:37.255:unpolished	MAT1-1-1;APN2;SLA2	supported	SLA2	731
MAT1-1-1	JAJLUL010000195.1	10862	11173	pilots_0924	GCA_030564325.1_ASM3056432v1	Dipodascales	Dipodascomycetes	Ascomycota	Blastobotrys capitulatus	phylum_fallback	Ascomycota:MAT	JAJLUL010000195.1	4418	14859	medium	mat_locus	MAT1-1	26.316	26.316	MAT1-1-1:26.316:unpolished	MAT1-1-1;APN2;SLA2	supported	SLA2	585
MAT1-1-1	JAXQJU010000475.1	6354	6536	pilots_0924	GCA_037042115.1_ASM3704211v1	Dipodascales	Dipodascomycetes	Ascomycota	Wickerhamiella sp. P97-06A	phylum_fallback	Ascomycota:MAT	JAXQJU010000475.1	4364	6820	medium	mat_locus	MAT1-1	34.426	34.426	MAT1-1-1:34.426:unpolished	MAT1-1-1;APN2;SLA2	supported	APN2	1091
MAT1-1-1	ULGN01000006.1	296080	296220	pilots_0924	GCA_900518985.1_YAAL0	Dipodascales	Dipodascomycetes	Ascomycota	Yarrowia alimentaria	phylum_fallback	Ascomycota:MAT	ULGN01000006.1	292382	309793	medium	mat_locus	undetermined	31.915	31.915	MAT1-1-1:31.915:unpolished;MAT1-1-5:31.034:unpolished;MAT1-2-4:24.39:unpolished	MAT1-1-1;APN2;SLA2;MAT1-1-5;MAT1-2-4	supported	SLA2	588
MAT1-1-1	PPMY01000040.1	9830	9958	pilots_0924	GCA_003708045.1_ASM370804v1	Dipodascales	Dipodascomycetes	Ascomycota	Yarrowia divulgata	phylum_fallback	Ascomycota:MAT	PPMY01000040.1	2767	10786	medium	mat_locus	MAT1-1	34.783	34.783	MAT1-1-1:34.783:unpolished	MAT1-1-1;APN2;SLA2	supported	SLA2	0
MAT1-2-1	JAJLTQ010000008.1	274021	274137	pilots_0924	GCA_030568255.1_ASM3056825v1	Lipomycetales	Lipomycetes	Ascomycota	Lipomyces spencermartinsiae	phylum_fallback	Ascomycota:MAT	JAJLTQ010000008.1	253394	277247	high	mat_locus	MAT1-2	47.5	34.04	MAT1-1-1:34.04:polished_single;MAT1-2-1:47.5:not_polish_candidate;MAT1-1-3:32.0:not_polish_candidate	MAT1-1-1;MAT1-2-1;APN2;SLA2	supported	APN2	2190
mata1	JAJLTQ010000008.1	272243	272353	pilots_0924	GCA_030568255.1_ASM3056825v1	Lipomycetales	Lipomycetes	Ascomycota	Lipomyces spencermartinsiae	phylum_fallback	Ascomycota:MATyl	JAJLTQ010000008.1	253394	277238	medium	mat_locus	A	37.838	37.838	mata1:37.838:unpolished	mata1;sla2;apn2	supported	APN2	3974
MAT1-2-1	PPXM03000002.1	1171795	1171893	pilots_0924	GCA_003707065.3_ASM370706v3	Trigonopsidales	Trigonopsidomycetes	Ascomycota	Trigonopsis variabilis	phylum_fallback	Ascomycota:MAT	PPXM03000002.1	1171733	1206054	medium	mat_locus	MAT1-2	48.485	48.485	MAT1-2-1:48.485:unpolished;MAT1-1-3:37.209:not_polish_candidate	MAT1-2-1;APN2;SLA2	supported	APN2	2877
MAT1-1-1	JAJLUQ010000034.1	26340	26525	pilots_0924	GCA_030564385.1_ASM3056438v1	Dipodascales	Dipodascomycetes	Ascomycota	Blastobotrys robertii	phylum_fallback	Ascomycota:MAT	JAJLUQ010000034.1	26340	36447	medium	mat_locus	MAT1-1	29.412	29.412	MAT1-1-1:29.412:unpolished	MAT1-1-1;APN2;SLA2	supported	APN2	2904
mata1	JAAQQV010000003.1	2176750	2177600	pilots_0924	GCA_017635955.1_ASM1763595v1	Dipodascales	Dipodascomycetes	Ascomycota	Yarrowia sp. B02	phylum_fallback	Ascomycota:MATyl	JAAQQV010000003.1	2172378	2180704	high	mat_locus	A	76.0	76.0	mata1:76.0:polished_disagree;mata2:75.82:polished_disagree	mata1;mata2;sla2;apn2	supported	SLA2	260
MAT1-1-1	JAAQQV010000003.1	2174208	2174336	pilots_0924	GCA_017635955.1_ASM1763595v1	Dipodascales	Dipodascomycetes	Ascomycota	Yarrowia sp. B02	phylum_fallback	Ascomycota:MAT	JAAQQV010000003.1	2172378	2180704	medium	mat_locus	MAT1-2	34.783	34.783	MAT1-1-1:34.783:unpolished;MAT1-2-1:25.641:unpolished	MAT1-1-1;MAT1-2-1;APN2;SLA2	supported	SLA2	0
mata1	JAJMIE010000008.1	149731	149841	pilots_0924	GCA_030575195.1_ASM3057519v1	Dipodascales	Dipodascomycetes	Ascomycota	Sugiyamaella boreocaroliniensis	phylum_fallback	Ascomycota:MATyl	JAJMIE010000008.1	135154	149841	medium	mat_locus	A	29.73	29.73	mata1:29.73:unpolished	mata1;sla2;apn2	supported	SLA2	4490
MAT1-1-1	BCLX01000007.1	306699	306788	pilots_0924	GCA_001602355.1_JCM_30695_assembly_v001	Dipodascales	Dipodascomycetes	Ascomycota	Yarrowia sp. JCM 30695	phylum_fallback	Ascomycota:MAT	BCLX01000007.1	270934	318629	medium	mat_locus	MAT1-1	36.667	36.667	MAT1-1-2:33.333:unpolished;MAT1-1-1:36.667:unpolished	MAT1-1-1;APN2;SLA2;MAT1-1-2	not_supported	SLA2	22533
MATALPHA1	JAKTWI010001458.1	334	555	pilots_0924	GCA_030561065.1_ASM3056106v1	Sporopachydermiales	Sporopachydermiomycetes	Ascomycota	Sporopachydermia cereana	phylum_fallback	Ascomycota:MATsc	JAKTWI010001458.1	202	1715	medium	idiomorph_gene_only	MATalpha	42.47	42.47	MATALPHA1:42.47:polished_single;MATALPHA2:39.53:polished_disagree;MATA2:37.805:not_polish_candidate;MATA1:30.556:not_polish_candidate	MATALPHA1;MATALPHA2	not_supported		
MAT1-1-3	MU971340.1	262266	262367	pilots_0924	GCA_038497395.1_Lipokono1	Lipomycetales	Lipomycetes	Ascomycota	Lipomyces kononenkoae	phylum_fallback	Ascomycota:MAT	MU971340.1	257291	298631	high	mat_locus	MAT1-1	44.118	39.29	MAT1-1-3:44.118:not_polish_candidate;MAT1-2-1:43.902:not_polish_candidate;MAT1-1-1:39.29:polished_single	MAT1-1-1;MAT1-2-1;APN2;SLA2;MAT1-1-3	supported	APN2	2010
mata1	MU971340.1	264292	264402	pilots_0924	GCA_038497395.1_Lipokono1	Lipomycetales	Lipomycetes	Ascomycota	Lipomyces kononenkoae	phylum_fallback	Ascomycota:MATyl	MU971340.1	257291	298631	medium	mat_locus	A	40.541	40.541	mata1:40.541:unpolished	mata1;sla2;apn2	supported	APN2	4036
MAT1-1-1	JANIWH010000001.1	586630	586743	pilots_0924	GCA_030555625.1_ASM3055562v1	Dipodascales	Dipodascomycetes	Ascomycota	Blastobotrys adeninivorans	phylum_fallback	Ascomycota:MAT	JANIWH010000001.1	578960	633908	medium	mat_locus	MAT1-1	36.842	36.842	MAT1-1-1:36.842:unpolished	MAT1-1-1;APN2;SLA2	supported	SLA2	0
mata1	JAKTUV010000016.1	176916	177014	pilots_0924	GCA_030556875.1_ASM3055687v1	Dipodascales	Dipodascomycetes	Ascomycota	Zygoascus biomembranicola	phylum_fallback	Ascomycota:MATyl	JAKTUV010000016.1	146587	180263	medium	mat_locus	A	30.303	30.303	mata1:30.303:unpolished	mata1;sla2;apn2	supported	SLA2	163
MAT1-2-1	JAKTUV010000016.1	175660	175791	pilots_0924	GCA_030556875.1_ASM3055687v1	Dipodascales	Dipodascomycetes	Ascomycota	Zygoascus biomembranicola	phylum_fallback	Ascomycota:MAT	JAKTUV010000016.1	146587	180263	medium	mat_locus	MAT1-1	31.818	31.818	MAT1-1-3:30.928:not_polish_candidate;MAT1-2-1:31.818:unpolished	MAT1-2-1;APN2;SLA2;MAT1-1-3	supported	APN2	565
MAT1-1-3	JAJLTO010000001.1	242046	242156	pilots_0924	GCA_030568195.1_ASM3056819v1	Lipomycetales	Lipomycetes	Ascomycota	Dipodascopsis uninucleata	phylum_fallback	Ascomycota:MAT	JAJLTO010000001.1	229849	245169	medium	mat_locus	MAT1-2	54.054	35.593	MAT1-1-1:35.593:unpolished;MAT1-2-1:43.902:not_polish_candidate;MAT1-1-3:54.054:not_polish_candidate	MAT1-1-1;MAT1-2-1;APN2;SLA2;MAT1-1-3	supported	APN2	1283
MATA1	JANJPH010000098.1	29173	29334	pilots_0924	GCA_030407195.1_ASM3040719v1	Dipodascales	Dipodascomycetes	Ascomycota	Candida tunisiensis	phylum_fallback	Ascomycota:MATsc	JANJPH010000098.1	7586	32670	medium	mat_locus	MATa	42.59	42.59	MATA2:38.776:unpolished;MATA1:42.59:polished_single;MATALPHA2:36.364:not_polish_candidate	MATA1;MATA2;sla2	supported	SLA2	250
mata1	JANJPH010000098.1	29209	29328	pilots_0924	GCA_030407195.1_ASM3040719v1	Dipodascales	Dipodascomycetes	Ascomycota	Candida tunisiensis	phylum_fallback	Ascomycota:MATyl	JANJPH010000098.1	7586	32670	medium	mat_locus	A	45.0	45.0	mata1:45.0:unpolished	mata1;sla2;apn2	supported	SLA2	256
MAT1-1-3	JANJPH010000098.1	26878	27087	pilots_0924	GCA_030407195.1_ASM3040719v1	Dipodascales	Dipodascomycetes	Ascomycota	Candida tunisiensis	phylum_fallback	Ascomycota:MAT	JANJPH010000098.1	7586	32670	medium	partial_locus	MAT1-1	37.5	37.5	MAT1-1-3:37.5:unpolished	APN2;SLA2;MAT1-1-3	supported	APN2	1407
MAT1-2-1	JAJMIF010000016.1	96725	96880	pilots_0924	GCA_030583505.1_ASM3058350v1	Dipodascales	Dipodascomycetes	Ascomycota	Sugiyamaella castrensis	phylum_fallback	Ascomycota:MAT	JAJMIF010000016.1	96725	123125	medium	mat_locus	MAT1-2	32.759	32.759	MAT1-2-1:32.759:unpolished	MAT1-2-1;APN2;SLA2	not_supported	SLA2	19034
MAT1-1-3	JACADK010000001.1	2181312	2181473	pilots_0924	GCA_016162255.1_ASM1616225v1	Dipodascales	Dipodascomycetes	Ascomycota	Blastobotrys adeninivorans	phylum_fallback	Ascomycota:MAT	JACADK010000001.1	2159529	2205085	medium	mat_locus	MAT1-1	29.63	29.63	MAT1-1-2:27.66:unpolished;MAT1-1-1:29.412:unpolished;MAT1-1-3:29.63:unpolished	MAT1-1-1;APN2;SLA2;MAT1-1-2;MAT1-1-3	supported	SLA2	0
MAT1-1-2	PPJI03000071.1	2066	2206	pilots_0924	GCA_003707485.3_ASM370748v3	Dipodascales	Dipodascomycetes	Ascomycota	Blastobotrys proliferans	phylum_fallback	Ascomycota:MAT	PPJI03000071.1	2066	18020	medium	mat_locus	MAT1-1	34.043	34.043	MAT1-1-2:34.043:unpolished;MAT1-1-1:24.691:unpolished	MAT1-1-1;APN2;SLA2;MAT1-1-2	supported	SLA2	8831
MAT1-2-1	PPJI03000006.1	259958	260080	pilots_0924	GCA_003707485.3_ASM370748v3	Dipodascales	Dipodascomycetes	Ascomycota	Blastobotrys proliferans	phylum_fallback	Ascomycota:MAT	PPJI03000006.1	258184	273438	medium	mat_locus	MAT1-2	34.043	34.043	MAT1-2-1:34.043:unpolished	MAT1-2-1;APN2;SLA2	not_supported		
MATALPHA1	JAKTTT010000031.1	200705	200929	pilots_0924	GCA_030581615.1_ASM3058161v1	Alloascoideales	Alloascoideomycetes	Ascomycota	Alloascoidea africana	phylum_fallback	Ascomycota:MATsc	JAKTTT010000031.1	200576	212683	medium	partial_locus	MATalpha	37.84	37.84	MATALPHA1:37.84:polished_single	MATALPHA1;sla2	supported	SLA2	6059
MAT1-1-1	JAKTQQ010000040.1	27467	27559	pilots_0924	GCA_043388505.1_ASM4338850v1	Dipodascales	Dipodascomycetes	Ascomycota	Geotrichum albidum	phylum_fallback	Ascomycota:MAT	JAKTQQ010000040.1	27359	57512	medium	mat_locus	MAT1-2	35.484	35.484	MAT1-1-1:35.484:unpolished;MAT1-2-1:32.18:polished_single;MAT1-1-3:32.432:not_polish_candidate	MAT1-1-1;MAT1-2-1;APN2	not_supported	APN2	28412
MAT1-2-1	JAKTQM010000007.1	6853	7035	pilots_0924	GCA_030558825.1_ASM3055882v1	Dipodascales	Dipodascomycetes	Ascomycota	Blastobotrys niveus	phylum_fallback	Ascomycota:MAT	JAKTQM010000007.1	4498	10793	medium	mat_locus	MAT1-2	27.143	27.143	MAT1-2-1:27.143:unpolished	MAT1-2-1;APN2;SLA2	supported	APN2	613
MAT1-2-1	MU968990.1	240870	240986	pilots_0924	GCA_038497425.1_Liptetra1	Lipomycetales	Lipomycetes	Ascomycota	Lipomyces tetrasporus	phylum_fallback	Ascomycota:MAT	MU968990.1	220262	244096	high	mat_locus	MAT1-2	47.5	34.04	MAT1-1-1:34.04:polished_single;MAT1-2-1:47.5:not_polish_candidate;MAT1-1-3:32.0:not_polish_candidate	MAT1-1-1;MAT1-2-1;APN2;SLA2	supported	APN2	2190
mata1	MU968990.1	239092	239202	pilots_0924	GCA_038497425.1_Liptetra1	Lipomycetales	Lipomycetes	Ascomycota	Lipomyces tetrasporus	phylum_fallback	Ascomycota:MATyl	MU968990.1	220262	244087	medium	mat_locus	A	37.838	37.838	mata1:37.838:unpolished	mata1;sla2;apn2	supported	APN2	3974
MAT1-1-3	JAJMBN010000106.1	46441	46563	pilots_0924	GCA_030572735.1_ASM3057273v1	Dipodascales	Dipodascomycetes	Ascomycota	Sugiyamaella mastotermitis	phylum_fallback	Ascomycota:MAT	JAJMBN010000106.1	21004	46563	medium	mat_locus	MAT1-1	33.333	33.333	MAT1-1-1:26.866:unpolished;MAT1-1-3:33.333:unpolished	MAT1-1-1;APN2;SLA2;MAT1-1-3	not_supported	APN2	19352
MAT1-2-1	PPJV02000047.1	16298	30411	pilots_0924	GCA_003705895.2_ASM370589v2	Lipomycetales	Lipomycetes	Ascomycota	Lipomyces japonicus	phylum_fallback	Ascomycota:MAT	PPJV02000047.1	230	32524	medium	mat_locus	MAT1-2	47.5	47.5	MAT1-1-4:40.625:unpolished;MAT1-2-1:47.5:polished_single;MAT1-1-2:34.043:unpolished;MAT1-1-3:29.703:not_polish_candidate;MAT1-1-1:28.571:unpolished	MAT1-1-1;MAT1-2-1;APN2;SLA2;MAT1-1-2;MAT1-1-4	supported	SLA2	392
MAT1-1-3	PPJJ03000115.1	28258	28347	pilots_0924	GCA_003705735.3_ASM370573v3	Dipodascales	Dipodascomycetes	Ascomycota	Blastobotrys peoriensis	phylum_fallback	Ascomycota:MAT	PPJJ03000115.1	9423	32941	medium	partial_locus	MAT1-1	40.0	40.0	MAT1-1-3:40.0:unpolished	APN2;SLA2;MAT1-1-3	supported	APN2	994
MAT1-2-1	MQSX02000010.1	178128	178238	pilots_0924	GCA_001939105.2_Sxyl_2.0	Dipodascales	Dipodascomycetes	Ascomycota	Sugiyamaella xylanicola	phylum_fallback	Ascomycota:MAT	MQSX02000010.1	173788	180995	medium	mat_locus	MAT1-2	39.474	39.474	MAT1-2-1:39.474:unpolished	MAT1-2-1;APN2;SLA2	supported	SLA2	1185
mata1	MQSX02000010.1	177079	177204	pilots_0924	GCA_001939105.2_Sxyl_2.0	Dipodascales	Dipodascomycetes	Ascomycota	Sugiyamaella xylanicola	phylum_fallback	Ascomycota:MATyl	MQSX02000010.1	173788	180995	medium	mat_locus	A	45.238	45.238	mata1:45.238:unpolished	mata1;sla2;apn2	supported	SLA2	136
MATA1	JAKTRI010000005.1	16886	17023	pilots_0924	GCA_030579615.1_ASM3057961v1	Sporopachydermiales	Sporopachydermiomycetes	Ascomycota	Sporopachydermia quercuum	phylum_fallback	Ascomycota:MATsc	JAKTRI010000005.1	9419	38447	medium	mat_locus	MATa	43.478	41.86	MATA2:41.86:polished_single;MATALPHA1:35.849:unpolished;MATA1:43.478:not_polish_candidate;MATALPHA2:33.333:not_polish_candidate	MATALPHA1;MATALPHA2;MATA1;MATA2;sla2	supported	SLA2	182
MAT1-1-1	JAJMCE010000186.1	10006	10134	pilots_0924	GCA_030585005.1_ASM3058500v1	Dipodascales	Dipodascomycetes	Ascomycota	Yarrowia brassicae	phylum_fallback	Ascomycota:MAT	JAJMCE010000186.1	2943	10962	medium	mat_locus	MAT1-1	34.783	34.783	MAT1-1-1:34.783:unpolished	MAT1-1-1;APN2;SLA2	supported	SLA2	0
MAT1-2-1	JAJMIH010000041.1	24277	24426	pilots_0924	GCA_030575175.1_ASM3057517v1	Dipodascales	Dipodascomycetes	Ascomycota	Sugiyamaella novakii	phylum_fallback	Ascomycota:MAT	JAJMIH010000041.1	19452	47935	medium	mat_locus	MAT1-2	34.0	34.0	MAT1-2-1:34.0:unpolished	MAT1-2-1;APN2;SLA2	supported	APN2	1251
mata2	JAJMIH010000041.1	24259	24432	pilots_0924	GCA_030575175.1_ASM3057517v1	Dipodascales	Dipodascomycetes	Ascomycota	Sugiyamaella novakii	phylum_fallback	Ascomycota:MATyl	JAJMIH010000041.1	19452	47935	medium	mat_locus	A	29.31	29.31	mata2:29.31:unpolished	mata2;sla2;apn2	supported	APN2	1245
matPi	JAJMIH010000089.1	28306	28524	pilots_0924	GCA_030575175.1_ASM3057517v1	Dipodascales	Dipodascomycetes	Ascomycota	Sugiyamaella novakii	phylum_fallback	Ascomycota:PM	JAJMIH010000089.1	22690	28524	medium	idiomorph_gene_only	P	43.84	43.84	matMc:37.08:polished_single;matPi:43.84:polished_single	matMc;matPi	not_supported		
MAT1-1-1	JAKIRT010000005.1	481783	481875	pilots_0924	GCA_022577695.1_ASM2257769v1	Dipodascales	Dipodascomycetes	Ascomycota	Wickerhamiella spandovensis	phylum_fallback	Ascomycota:MAT	JAKIRT010000005.1	384727	481875	medium	mat_locus	MAT1-1	38.71	38.71	MAT1-1-4:36.667:unpolished;MAT1-1-1:38.71:unpolished	MAT1-1-1;APN2;SLA2;MAT1-1-4	not_supported	SLA2	57599
MAT1-2-1	JAMAJT010000002.1	216706	216855	pilots_0924	GCA_023628915.1_ASM2362891v1	Dipodascales	Dipodascomycetes	Ascomycota	Trichomonascaceae sp. Y4102	phylum_fallback	Ascomycota:MAT	JAMAJT010000002.1	199621	243754	medium	mat_locus	MAT1-2	33.962	33.962	MAT1-2-1:33.962:unpolished;MAT1-1-1:26.0:unpolished	MAT1-1-1;MAT1-2-1;APN2;SLA2	supported	APN2	381
matPi	JAJLVL010000023.1	96067	96252	pilots_0924	GCA_030570355.1_ASM3057035v1	Pichiales	Pichiomycetes	Ascomycota	Pichia nakasei	phylum_fallback	Ascomycota:PM	JAJLVL010000023.1	80516	117199	medium	idiomorph_gene_only	M	43.55	43.55	matMc:39.0:polished_single;matPi:43.55:polished_single	matMc;matPi	not_supported		
MATALPHA2	JAJLVL010000057.1	1009	1188	pilots_0924	GCA_030570355.1_ASM3057035v1	Pichiales	Pichiomycetes	Ascomycota	Pichia nakasei	phylum_fallback	Ascomycota:MATsc	JAJLVL010000057.1	291	1230	high	idiomorph_gene_only	MATalpha	48.33	48.33	MATALPHA1:34.67:polished_single;MATA2:41.818:not_polish_candidate;MATALPHA2:48.33:polished_single	MATALPHA1;MATALPHA2	not_supported		
MATA2	JAMYHD010000169.1	3822	3980	pilots_0924	GCA_025531625.1_ASM2553162v1	Pichiales	Pichiomycetes	Ascomycota	Pichia sp. PX1907B	phylum_fallback	Ascomycota:MATsc	JAMYHD010000169.1	3822	13019	medium	mat_locus	MATalpha	50.94	50.94	MATA2:50.94:polished_agree;MATALPHA2:50.94:polished_disagree;MATALPHA1:36.11:polished_single	MATALPHA1;MATALPHA2;MATA2;sla2	supported	SLA2	5887
MATA1	JAMYHD010000037.1	4395	4553	pilots_0924	GCA_025531625.1_ASM2553162v1	Pichiales	Pichiomycetes	Ascomycota	Pichia sp. PX1907B	phylum_fallback	Ascomycota:MATsc	JAMYHD010000037.1	731	5999	medium	mat_locus	MATa	54.72	54.72	MATA1:54.72:polished_agree;MATALPHA2:35.0:not_polish_candidate;MATA2:34.426:not_polish_candidate	MATA1;MATA2;sla2	not_supported		
mata1	JAMYHD010000037.1	4401	4520	pilots_0924	GCA_025531625.1_ASM2553162v1	Pichiales	Pichiomycetes	Ascomycota	Pichia sp. PX1907B	phylum_fallback	Ascomycota:MATyl	JAMYHD010000037.1	731	5999	medium	mat_locus	A	47.5	47.5	mata1:47.5:polished_single;mata2:28.571:unpolished	mata1;mata2;sla2	not_supported		
matMc	JAMYHD010000003.1	94866	95132	pilots_0924	GCA_025531625.1_ASM2553162v1	Pichiales	Pichiomycetes	Ascomycota	Pichia sp. PX1907B	phylum_fallback	Ascomycota:PM	JAMYHD010000003.1	94866	113833	medium	idiomorph_gene_only	M	44.32	44.32	matMc:44.32:polished_single;matPi:42.05:polished_single	matMc;matPi	not_supported		
MATA1	JAKTYE010000094.1	2545	2718	pilots_0924	GCA_030561785.1_ASM3056178v1	Pichiales	Pichiomycetes	Ascomycota	Ogataea ortonii	phylum_fallback	Ascomycota:MATsc	JAKTYE010000094.1	6	2811	medium	partial_locus	MATa	48.28	48.28	MATA1:48.28:polished_single;MATALPHA2:27.419:not_polish_candidate	MATA1;sla2	supported	SLA2	137
mata1	JAKTYE010000094.1	95	2670	pilots_0924	GCA_030561785.1_ASM3056178v1	Pichiales	Pichiomycetes	Ascomycota	Ogataea ortonii	phylum_fallback	Ascomycota:MATyl	JAKTYE010000094.1	6	2811	medium	partial_locus	A	46.67	46.67	mata1:46.67:polished_single	mata1;sla2	supported	SLA2	0
MATA1	JAKTYE010000070.1	886	981	pilots_0924	GCA_030561785.1_ASM3056178v1	Pichiales	Pichiomycetes	Ascomycota	Ogataea ortonii	phylum_fallback	Ascomycota:MATsc	JAKTYE010000070.1	41	21417	medium	idiomorph_gene_only	MATalpha	46.875	42.62	MATALPHA1:40.0:polished_single;MATA2:42.62:polished_disagree;MATALPHA2:40.85:polished_disagree;MATA1:46.875:not_polish_candidate	MATALPHA1;MATALPHA2;MATA2	not_supported		
MATALPHA2	JAHLVA010000017.1	17839	18024	pilots_0924	GCA_019207515.1_ASM1920751v1	Pichiales	Pichiomycetes	Ascomycota	Ogataea angusta	phylum_fallback	Ascomycota:MATsc	JAHLVA010000017.1	17758	18555	medium	idiomorph_gene_only	MATalpha	41.94	41.94	MATA2:37.5:not_polish_candidate;MATALPHA2:41.94:polished_agree;MATALPHA1:35.21:polished_single	MATALPHA1;MATALPHA2	not_supported		
mata1	JAJLVI010000020.1	258	383	pilots_0924	GCA_030570195.1_ASM3057019v1	Pichiales	Pichiomycetes	Ascomycota	Pichia exigua	phylum_fallback	Ascomycota:MATyl	JAJLVI010000020.1	3	6620	medium	partial_locus	A	45.24	45.24	mata1:45.24:polished_single	mata1;sla2	not_supported		
MATA2	JAJLVI010000093.1	1175	1333	pilots_0924	GCA_030570195.1_ASM3057019v1	Pichiales	Pichiomycetes	Ascomycota	Pichia exigua	phylum_fallback	Ascomycota:MATsc	JAJLVI010000093.1	3	1333	medium	idiomorph_gene_only	MATalpha	49.06	49.06	MATALPHA1:31.82:polished_single;MATA2:49.06:polished_single;MATALPHA2:49.06:polished_single	MATALPHA1;MATALPHA2;MATA2	not_supported		
matPi	JAJLVI010000019.1	101072	101302	pilots_0924	GCA_030570195.1_ASM3057019v1	Pichiales	Pichiomycetes	Ascomycota	Pichia exigua	phylum_fallback	Ascomycota:PM	JAJLVI010000019.1	86584	101302	medium	idiomorph_gene_only	M	41.56	41.56	matMc:39.08:polished_single;matPi:41.56:polished_single	matMc;matPi	not_supported		
MATA2	JARGSB010000005.1	305811	306014	pilots_0924	GCA_029581905.1_ASM2958190v1	Pichiales	Pichiomycetes	Ascomycota	Pichia kudriavzevii	phylum_fallback	Ascomycota:MATsc	JARGSB010000005.1	283855	306086	medium	mat_locus	MATalpha	42.647	41.77	MATALPHA1:29.87:polished_single;MATALPHA2:41.77:polished_disagree;MATA2:42.647:not_polish_candidate	MATALPHA1;MATALPHA2;sla2	supported	SLA2	1145
matPi	JARGSB010000004.1	112666	112908	pilots_0924	GCA_029581905.1_ASM2958190v1	Pichiales	Pichiomycetes	Ascomycota	Pichia kudriavzevii	phylum_fallback	Ascomycota:PM	JARGSB010000004.1	97497	128046	medium	idiomorph_gene_only	P	46.84	46.84	matMc:41.38:polished_single;matPi:46.84:polished_single	matMc;matPi	not_supported		
MATA1	MSSD01000002.1	217087	235792	pilots_0924	GCA_002008085.1_ASM200808v1	Pichiales	Pichiomycetes	Ascomycota	Candida boidinii	phylum_fallback	Ascomycota:MATsc	MSSD01000002.1	213598	251192	medium	mat_locus	MATa	38.6	38.6	MATA1:38.6:polished_single;MATA2:23.932:unpolished;MATALPHA2:32.836:unpolished	MATALPHA2;MATA1;MATA2;sla2	supported	SLA2	349
MATA1	PPIN02000098.1	17904	18134	pilots_0924	GCA_003705455.2_ASM370545v2	Pichiales	Pichiomycetes	Ascomycota	Pichia occidentalis	phylum_fallback	Ascomycota:MATsc	PPIN02000098.1	14645	18215	medium	partial_locus	MATa	41.56	41.56	MATA1:41.56:polished_disagree;MATALPHA2:33.333:not_polish_candidate	MATA1;sla2	supported	SLA2	122
MATA2	PPIN02000068.1	1178	1327	pilots_0924	GCA_003705455.2_ASM370545v2	Pichiales	Pichiomycetes	Ascomycota	Pichia occidentalis	phylum_fallback	Ascomycota:MATsc	PPIN02000068.1	3	1481	medium	idiomorph_gene_only	MATalpha	50.0	44.44	MATALPHA1:36.62:polished_single;MATALPHA2:44.44:polished_disagree;MATA2:50.0:not_polish_candidate	MATALPHA1;MATALPHA2	not_supported		
matPi	PPIN02000004.1	104943	105161	pilots_0924	GCA_003705455.2_ASM370545v2	Pichiales	Pichiomycetes	Ascomycota	Pichia occidentalis	phylum_fallback	Ascomycota:PM	PPIN02000004.1	83868	105161	medium	idiomorph_gene_only	undetermined	43.84	43.84	matMc:39.08:polished_single;matPi:43.84:polished_single	matMc;matPi	not_supported		
MATALPHA2	CAMYTV010000030.1	193854	194015	pilots_0924	GCA_947297755.1_246_Pichia_kluyveri	Pichiales	Pichiomycetes	Ascomycota	Pichia kluyveri	phylum_fallback	Ascomycota:MATsc	CAMYTV010000030.1	174281	195037	high	mat_locus	MATalpha	51.85	51.85	MATALPHA2:51.85:polished_single;MATA2:43.636:not_polish_candidate;MATALPHA1:29.79:polished_single	MATALPHA1;MATALPHA2;sla2	supported	SLA2	1120
matPi	CAMYTV010000003.1	15356	15580	pilots_0924	GCA_947297755.1_246_Pichia_kluyveri	Pichiales	Pichiomycetes	Ascomycota	Pichia kluyveri	phylum_fallback	Ascomycota:PM	CAMYTV010000003.1	975	15580	medium	idiomorph_gene_only	M	41.33	41.33	matMc:32.04:polished_single;matPi:41.33:polished_single	matMc;matPi	not_supported		
MATALPHA2	CAMYTV010000058.1	998	1159	pilots_0924	GCA_947297755.1_246_Pichia_kluyveri	Pichiales	Pichiomycetes	Ascomycota	Pichia kluyveri	phylum_fallback	Ascomycota:MATsc	CAMYTV010000058.1	998	2181	high	idiomorph_gene_only	MATalpha	51.85	51.85	MATALPHA2:51.85:polished_single;MATA2:43.636:not_polish_candidate;MATALPHA1:29.79:polished_single	MATALPHA1;MATALPHA2	not_supported		
MATA2	JAHLUQ010000030.1	632	793	pilots_0924	GCA_019207365.1_ASM1920736v1	Pichiales	Pichiomycetes	Ascomycota	Ogataea haglerorum	phylum_fallback	Ascomycota:MATsc	JAHLUQ010000030.1	83	874	medium	idiomorph_gene_only	MATalpha	51.85	51.85	MATALPHA1:40.85:polished_single;MATA2:51.85:polished_agree;MATALPHA2:51.85:polished_agree	MATALPHA1;MATALPHA2;MATA2	not_supported		
MATA1	JAJMFV010000334.1	35514	35675	pilots_0924	GCA_030568425.1_ASM3056842v1	Pichiales	Pichiomycetes	Ascomycota	Ambrosiozyma llanquihuensis	phylum_fallback	Ascomycota:MATsc	JAJMFV010000334.1	17243	37233	medium	partial_locus	MATa	55.56	55.56	MATA1:55.56:polished_single;MATALPHA2:28.571:not_polish_candidate	MATA1;sla2	supported	SLA2	268
MATA1	LT962479.2	4646	4804	pilots_0924	GCA_900235035.2_KP_7435-4	Pichiales	Pichiomycetes	Ascomycota	Komagataella phaffii	phylum_fallback	Ascomycota:MATsc	LT962479.2	2977	7997	medium	mat_locus	MATa	60.38	60.38	MATA2:25.455:unpolished;MATA1:60.38:polished_single	MATA1;MATA2;sla2	not_supported	SLA2	132318
MATALPHA2	LT962479.2	140087	140317	pilots_0924	GCA_900235035.2_KP_7435-4	Pichiales	Pichiomycetes	Ascomycota	Komagataella phaffii	phylum_fallback	Ascomycota:MATsc	LT962479.2	136012	146986	medium	mat_locus	MATalpha	45.45	45.45	MATALPHA1:40.62:polished_single;MATA2:40.23:not_polish_candidate;MATALPHA2:45.45:polished_disagree	MATALPHA1;MATALPHA2;sla2	supported	SLA2	947
MATA2	NW_017264700.1	902203	902364	pilots_0924	GCF_001664045.1_Hanpo2	Pichiales	Pichiomycetes	Ascomycota	Ogataea polymorpha	phylum_fallback	Ascomycota:MATsc	NW_017264700.1	899532	923655	high	mat_locus	MATa	51.85	51.85	MATA1:48.39:polished_disagree;MATALPHA1:36.62:polished_single;MATA2:51.85:polished_disagree;MATALPHA2:44.304:not_polish_candidate	MATALPHA1;MATALPHA2;MATA1;MATA2;sla2	not_supported	SLA2	18427
MAT1-1-1	NW_017264700.1	901727	901903	pilots_0924	GCF_001664045.1_Hanpo2	Pichiales	Pichiomycetes	Ascomycota	Ogataea polymorpha	phylum_fallback	Ascomycota:MAT	NW_017264700.1	899532	923655	medium	partial_locus	MAT1-1	35.589999999999996	35.589999999999996	MAT1-1-1:35.589999999999996:polished_single	MAT1-1-1;SLA2	not_supported	SLA2	18888
MATA1	NWTR01000003.1	267674	267814	pilots_0924	GCA_002798095.1_ASM279809v1	Pichiales	Pichiomycetes	Ascomycota	Pichia kudriavzevii	phylum_fallback	Ascomycota:MATsc	NWTR01000003.1	246742	267925	medium	partial_locus	MATa	51.06	51.06	MATALPHA2:35.294:not_polish_candidate;MATA1:51.06:polished_disagree	MATA1;sla2	supported	SLA2	132
matPi	NWTR01000025.1	56559	56801	pilots_0924	GCA_002798095.1_ASM279809v1	Pichiales	Pichiomycetes	Ascomycota	Pichia kudriavzevii	phylum_fallback	Ascomycota:PM	NWTR01000025.1	41428	71906	medium	idiomorph_gene_only	P	46.84	46.84	matPi:46.84:polished_single;matMc:41.38:polished_single	matMc;matPi	not_supported		
MATALPHA2	JAMAJE010000011.1	130524	130811	pilots_0924	GCA_023629255.1_ASM2362925v1	Pichiales	Pichiomycetes	Ascomycota	Pichia sp. PB3310	phylum_fallback	Ascomycota:MATsc	JAMAJE010000011.1	126338	130817	high	mat_locus	MATalpha	46.58	46.58	MATALPHA1:29.86:polished_single;MATALPHA2:46.58:polished_single;MATA2:37.778:not_polish_candidate	MATALPHA1;MATALPHA2;sla2	supported	SLA2	1058
MATA1	JAMAJE010000002.1	208598	208783	pilots_0924	GCA_023629255.1_ASM2362925v1	Pichiales	Pichiomycetes	Ascomycota	Pichia sp. PB3310	phylum_fallback	Ascomycota:MATsc	JAMAJE010000002.1	207113	212080	medium	mat_locus	MATa	46.77	46.77	MATA2:26.829:unpolished;MATA1:46.77:polished_disagree;MATALPHA2:25.0:not_polish_candidate	MATA1;MATA2;sla2	not_supported		
mata1	JAMAJE010000002.1	208631	208774	pilots_0924	GCA_023629255.1_ASM2362925v1	Pichiales	Pichiomycetes	Ascomycota	Pichia sp. PB3310	phylum_fallback	Ascomycota:MATyl	JAMAJE010000002.1	207113	212080	medium	mat_locus	A	47.92	47.92	mata2:31.25:unpolished;mata1:47.92:polished_single	mata1;mata2;sla2	not_supported		
matPi	JAMAJE010000031.1	123711	123965	pilots_0924	GCA_023629255.1_ASM2362925v1	Pichiales	Pichiomycetes	Ascomycota	Pichia sp. PB3310	phylum_fallback	Ascomycota:PM	JAMAJE010000031.1	106505	123965	medium	idiomorph_gene_only	M	42.35	42.35	matMc:39.08:polished_single;matPi:42.35:polished_single	matMc;matPi	not_supported		
MATALPHA2	JAHLVE010000021.1	17863	18048	pilots_0924	GCA_019207635.1_ASM1920763v1	Pichiales	Pichiomycetes	Ascomycota	Ogataea angusta	phylum_fallback	Ascomycota:MATsc	JAHLVE010000021.1	17782	18579	medium	idiomorph_gene_only	MATalpha	41.94	41.94	MATA2:37.5:not_polish_candidate;MATALPHA2:41.94:polished_agree;MATALPHA1:35.21:polished_single	MATALPHA1;MATALPHA2	not_supported		
MATA2	JBHFOP010000010.1	52845	53311	pilots_0924	GCA_043521475.1_ASM4352147v1	Phaffomycetales	Saccharomycetes	Ascomycota	Williopsis jadinii	phylum_fallback	Ascomycota:MATsc	JBHFOP010000010.1	47999	55677	medium	mat_locus	MATalpha	42.39	42.39	MATALPHA1:39.62:polished_single;MATA2:42.39:polished_single;MATALPHA2:37.17:polished_single	MATALPHA1;MATALPHA2;MATA2;sla2	supported	SLA2	1727
MATALPHA2	JAJMFH010000094.1	14868	14963	pilots_0924	GCA_030574695.1_ASM3057469v1	Phaffomycetales	Saccharomycetes	Ascomycota	Wickerhamomyces bisporus	phylum_fallback	Ascomycota:MATsc	JAJMFH010000094.1	8091	15205	medium	mat_locus	MATalpha	43.75	36.84	MATALPHA1:36.84:polished_single;MATALPHA2:43.75:not_polish_candidate;MATA2:31.111:not_polish_candidate	MATALPHA1;MATALPHA2;MATA2;sla2	supported	SLA2	1863
MATA1	JAIZYZ010000009.1	150856	151071	pilots_0924	GCA_046457575.1_Ther_W.ano11_1	Phaffomycetales	Saccharomycetes	Ascomycota	Hansenula anomala	phylum_fallback	Ascomycota:MATsc	JAIZYZ010000009.1	147615	152888	medium	partial_locus	MATa	63.64	63.64	MATA1:63.64:polished_single	MATA1;sla2	supported	SLA2	110
MATA2	JBSZQX010000011.1	670169	670492	pilots_0924	GCA_054085705.1_DORT_Sapseu_12643	Saccharomycodales	Saccharomycetes	Ascomycota	Saccharomycodes sp. B7079-1	phylum_fallback	Ascomycota:MATsc	JBSZQX010000011.1	670166	675983	high	mat_locus	MATalpha	37.838	36.62	MATALPHA2:31.6:polished_single;MATA2:37.838:not_polish_candidate;MATALPHA1:36.62:polished_single	MATALPHA1;MATALPHA2;sla2	supported	SLA2	2297
MAT1-1-1	JASJSC010000012.1	317205	317360	pilots_0924	GCA_030450195.1_ASM3045019v1	Ascoideales	Saccharomycetes	Ascomycota	Saccharomycopsis sp. KB-2023a	phylum_fallback	Ascomycota:MAT	JASJSC010000012.1	277972	320979	medium	mat_locus	MAT1-1	43.14	43.14	MAT1-1-5:30.263:unpolished;MAT1-1-1:43.14:polished_single	MAT1-1-1;APN2;SLA2;COX13;MAT1-1-5	supported	SLA2	548
MATALPHA1	JASJSC010000012.1	317190	317396	pilots_0924	GCA_030450195.1_ASM3045019v1	Ascoideales	Saccharomycetes	Ascomycota	Saccharomycopsis sp. KB-2023a	phylum_fallback	Ascomycota:MATsc	JASJSC010000012.1	277972	320979	high	mat_locus	MATalpha	42.03	42.03	MATALPHA2:22.56:polished_single;MATA2:29.474:not_polish_candidate;MATA1:31.481:not_polish_candidate;MATALPHA1:42.03:polished_single	MATALPHA1;MATALPHA2;sla2	supported	SLA2	512
MATA1	JAKTXY010002096.1	14001	14177	pilots_0924	GCA_030561705.1_ASM3056170v1	Phaffomycetales	Saccharomycetes	Ascomycota	Taiozyma sp. yHQL14	phylum_fallback	Ascomycota:MATsc	JAKTXY010002096.1	12418	50046	medium	mat_locus	MATa	59.32	59.32	MATA2:39.024:unpolished;MATA1:59.32:polished_agree;MATALPHA1:30.357:unpolished	MATALPHA1;MATA1;MATA2;sla2	supported	SLA2	95
MATA2	JAKTXY010002112.1	10905	11105	pilots_0924	GCA_030561705.1_ASM3056170v1	Phaffomycetales	Saccharomycetes	Ascomycota	Taiozyma sp. yHQL14	phylum_fallback	Ascomycota:MATsc	JAKTXY010002112.1	2721	11198	medium	mat_locus	MATalpha	37.313	36.486	MATALPHA1:36.486:unpolished;MATA2:37.313:not_polish_candidate;MATALPHA2:31.25:polished_single	MATALPHA1;MATALPHA2;sla2	not_supported		
MATA1	JAMAIF010000014.1	19896	20072	pilots_0924	GCA_023627765.1_ASM2362776v1	Phaffomycetales	Saccharomycetes	Ascomycota	Taiozyma sp. M8010	phylum_fallback	Ascomycota:MATsc	JAMAIF010000014.1	2877	21721	medium	mat_locus	MATa	55.93	55.93	MATALPHA1:30.357:unpolished;MATA1:55.93:polished_agree;MATA2:39.024:unpolished	MATALPHA1;MATA1;MATA2;sla2	supported	SLA2	95
MAT1-1-1	JAKTZD010000070.1	80323	80577	pilots_0924	GCA_030564765.1_ASM3056476v1	Ascoideales	Saccharomycetes	Ascomycota	Saccharomycopsis sp. NRRL Y-5750	phylum_fallback	Ascomycota:MAT	JAKTZD010000070.1	77930	81771	medium	partial_locus	MAT1-1	35.71	35.71	MAT1-1-1:35.71:polished_agree	MAT1-1-1;SLA2	supported	SLA2	322
mata1	JAKTVL010000211.1	2257	2382	pilots_0924	GCA_030557175.1_ASM3055717v1	Phaffomycetales	Saccharomycetes	Ascomycota	Petasospora japonica	phylum_fallback	Ascomycota:MATyl	JAKTVL010000211.1	751	7606	medium	mat_locus	A	47.62	47.62	mata2:33.333:unpolished;mata1:47.62:polished_single	mata1;mata2;sla2	supported	SLA2	2078
MATA1	JAKTVL010000211.1	2224	2388	pilots_0924	GCA_030557175.1_ASM3055717v1	Phaffomycetales	Saccharomycetes	Ascomycota	Petasospora japonica	phylum_fallback	Ascomycota:MATsc	JAKTVL010000211.1	751	7606	medium	partial_locus	MATa	60.0	60.0	MATA1:60.0:polished_agree	MATA1;sla2	supported	SLA2	2072
MATA2	JAKTVL010000070.1	47505	48006	pilots_0924	GCA_030557175.1_ASM3055717v1	Phaffomycetales	Saccharomycetes	Ascomycota	Petasospora japonica	phylum_fallback	Ascomycota:MATsc	JAKTVL010000070.1	30099	52577	medium	mat_locus	MATalpha	38.61	38.61	MATA2:38.61:polished_single;MATALPHA2:38.61:polished_single;MATALPHA1:37.31:polished_single	MATALPHA1;MATALPHA2;MATA2;sla2	not_supported		
MATALPHA1	JASTUP010000673.1	2328	2552	pilots_0924	GCA_031126305.1_ASM3112630v1	Ascoideales	Saccharomycetes	Ascomycota	Saccharomycopsis fibuligera	phylum_fallback	Ascomycota:MATsc	JASTUP010000673.1	2310	3907	medium	idiomorph_gene_only	MATalpha	37.33	37.33	MATALPHA1:37.33:polished_single;MATALPHA2:30.928:not_polish_candidate;MATA2:32.26:polished_single	MATALPHA1;MATA2	not_supported		
MTLA2	JAXQHV010000076.1	311420	311687	pilots_0924	GCA_037041065.1_ASM3704106v1	Phaffomycetales	Saccharomycetes	Ascomycota	Hansenula sp. DX7706-1	phylum_fallback	Ascomycota:MTL	JAXQHV010000076.1	281945	311882	high	idiomorph_gene_only	A	43.08	43.08	MTLA1:42.37:polished_single;MTLA2:43.08:polished_single	MTLA1;MTLA2	not_testable		
MATA1	JAXQHV010000076.1	309670	309900	pilots_0924	GCA_037041065.1_ASM3704106v1	Phaffomycetales	Saccharomycetes	Ascomycota	Hansenula sp. DX7706-1	phylum_fallback	Ascomycota:MATsc	JAXQHV010000076.1	281945	311882	medium	partial_locus	MATa	61.02	61.02	MATA1:61.02:polished_disagree	MATA1;sla2	supported	SLA2	99
MATA1	JBQYEW010000016.1	175485	175705	pilots_0924	GCA_053455635.1_ASM5345563v1	Phaffomycetales	Saccharomycetes	Ascomycota	Hansenula anomala	phylum_fallback	Ascomycota:MATsc	JBQYEW010000016.1	172216	213883	medium	mat_locus	MATa	58.18	58.18	MATA1:58.18:polished_single;MATA2:24.242:unpolished	MATA1;MATA2;sla2	supported	SLA2	123
MTLA1	JBQYEW010000016.1	175568	175687	pilots_0924	GCA_053455635.1_ASM5345563v1	Phaffomycetales	Saccharomycetes	Ascomycota	Hansenula anomala	phylum_fallback	Ascomycota:MTL	JBQYEW010000016.1	172216	213883	high	idiomorph_gene_only	A	55.0	55.0	MTLA1:55.0:polished_single;MTLA2:43.08:polished_single	MTLA1;MTLA2	not_testable		
MATA1	PIOA01000100.1	34421	34636	pilots_0924	GCA_021020675.1_ASM2102067v1	Phaffomycetales	Saccharomycetes	Ascomycota	Hansenula anomala	phylum_fallback	Ascomycota:MATsc	PIOA01000100.1	31183	34636	medium	partial_locus	MATa	63.64	63.64	MATA1:63.64:polished_single	MATA1;sla2	not_supported		
MTLA1	JASTUL010000009.1	246	374	pilots_0924	GCA_031125485.1_ASM3112548v1	Ascoideales	Saccharomycetes	Ascomycota	Saccharomycopsis javanensis	phylum_fallback	Ascomycota:MTL	JASTUL010000009.1	246	1794	high	idiomorph_gene_only	A	46.51	46.51	MTLA1:46.51:polished_single;MTLA2:46.3:polished_single	MTLA1;MTLA2	not_testable		
MATA2	JASTUL010000111.1	1665	1931	pilots_0924	GCA_031125485.1_ASM3112548v1	Ascoideales	Saccharomycetes	Ascomycota	Saccharomycopsis javanensis	phylum_fallback	Ascomycota:MATsc	JASTUL010000111.1	1383	2715	medium	idiomorph_gene_only	MATalpha	37.89	37.89	MATALPHA2:29.080000000000002:polished_single;MATA2:37.89:polished_single;MATALPHA1:35.8:polished_single	MATALPHA1;MATALPHA2;MATA2	not_supported		
MATA1	JAJMSG010000009.1	222289	222495	pilots_0924	GCA_030558335.1_ASM3055833v1	Phaffomycetales	Saccharomycetes	Ascomycota	Petasospora stauntonica	phylum_fallback	Ascomycota:MATsc	JAJMSG010000009.1	219103	255058	medium	partial_locus	MATa	44.93	44.93	MATA1:44.93:polished_disagree;MATALPHA2:23.288:not_polish_candidate	MATA1;sla2	supported	SLA2	73
mata1	JAJMSG010000009.1	222340	222465	pilots_0924	GCA_030558335.1_ASM3055833v1	Phaffomycetales	Saccharomycetes	Ascomycota	Petasospora stauntonica	phylum_fallback	Ascomycota:MATyl	JAJMSG010000009.1	219103	255058	medium	partial_locus	A	50.0	50.0	mata1:50.0:polished_single	mata1;sla2	supported	SLA2	124
MATA1	JAKUBM010000001.1	438070	438312	pilots_0924	GCA_030566895.1_ASM3056689v1	Phaffomycetales	Saccharomycetes	Ascomycota	Phaffomyces coquimbonensis	phylum_fallback	Ascomycota:MATsc	JAKUBM010000001.1	431250	449445	medium	mat_locus	MATa	41.98	41.98	MATA1:41.98:polished_disagree;MATA2:35.62:polished_single	MATA1;MATA2;sla2	supported	SLA2	86
MATALPHA1	JAJMLK010000014.1	51649	51834	pilots_0924	GCA_030564145.1_ASM3056414v1	Phaffomycetales	Saccharomycetes	Ascomycota	Williopsis takata	phylum_fallback	Ascomycota:MATsc	JAJMLK010000014.1	40202	55533	medium	partial_locus	MATalpha	40.98	40.98	MATALPHA2:32.203:not_polish_candidate;MATA2:40.24:polished_single;MATALPHA1:40.98:polished_single	MATALPHA1;MATA2;sla2	supported	SLA2	418
MATA1	JAJMDW010000174.1	60779	61020	pilots_0924	GCA_030573755.1_ASM3057375v1	Phaffomycetales	Saccharomycetes	Ascomycota	Starmera amethionina	phylum_fallback	Ascomycota:MATsc	JAJMDW010000174.1	59056	71245	medium	mat_locus	MATa	50.0	50.0	MATA2:29.577:unpolished;MATA1:50.0:polished_single	MATA1;MATA2;sla2	supported	SLA2	317
MTLA1	PPLU03000009.1	140219	140386	pilots_0924	GCA_003706615.3_ASM370661v3	Phaffomycetales	Saccharomycetes	Ascomycota	Gotozyma montana	phylum_fallback	Ascomycota:MTL	PPLU03000009.1	138887	165215	high	idiomorph_gene_only	A	48.21	48.21	MTLA2:46.15:polished_single;MTLA1:48.21:polished_single	MTLA1;MTLA2	not_testable		
MATA1	PPLU03000009.1	140222	140398	pilots_0924	GCA_003706615.3_ASM370661v3	Phaffomycetales	Saccharomycetes	Ascomycota	Gotozyma montana	phylum_fallback	Ascomycota:MATsc	PPLU03000009.1	138887	165215	medium	partial_locus	MATa	55.93	55.93	MATA1:55.93:polished_disagree;MATALPHA2:26.087:not_polish_candidate	MATA1;sla2	supported	SLA2	158
MATA1	NW_011887701.1	82248	82467	pilots_0924	GCF_000313485.1_ASM31348v1	Phaffomycetales	Saccharomycetes	Ascomycota	Hansenula ciferrii	phylum_fallback	Ascomycota:MATsc	NW_011887701.1	58390	84036	medium	mat_locus	MATa	54.55	54.55	MATALPHA2:27.66:unpolished;MATA1:54.55:polished_single;MATA2:21.875:unpolished	MATALPHA2;MATA1;MATA2;sla2	supported	SLA2	111
MATALPHA1	JNFX01000008.1	471689	471952	pilots_0924	GCA_010994405.1_ASM1099440v1	Ascoideales	Saccharomycetes	Ascomycota	Saccharomycopsis crataegensis	phylum_fallback	Ascomycota:MATsc	JNFX01000008.1	470489	498126	medium	mat_locus	MATalpha	37.93	37.93	MATALPHA2:28.73:polished_single;MATA2:33.333:not_polish_candidate;MATALPHA1:37.93:polished_single	MATALPHA1;MATALPHA2;sla2	supported	SLA2	585
MATALPHA1	NHAM01000013.1	324959	325171	pilots_0924	GCA_003243015.1_ASM324301v1	Ascoideales	Saccharomycetes	Ascomycota	Saccharomycopsis capsularis	phylum_fallback	Ascomycota:MATsc	NHAM01000013.1	323577	328987	medium	partial_locus	MATalpha	39.44	39.44	MATALPHA2:37.879:not_polish_candidate;MATA2:37.62:polished_single;MATALPHA1:39.44:polished_single	MATALPHA1;MATA2;sla2	supported	SLA2	709
MATALPHA1	CM114667.1	361892	362056	pilots_0924	GCA_050230685.1_HoccT2T	Saccharomycodales	Saccharomycetes	Ascomycota	Hanseniaspora occidentalis	phylum_fallback	Ascomycota:MATsc	CM114667.1	342226	362257	medium	partial_locus	MATalpha	38.89	38.89	MATALPHA1:38.89:polished_single	MATALPHA1;sla2	supported	SLA2	569
MATALPHA2	JAJLTA010000039.1	39730	39837	pilots_0924	GCA_030567895.1_ASM3056789v1	Saccharomycetales	Saccharomycetes	Ascomycota	Candida sp.	phylum_fallback	Ascomycota:MATsc	JAJLTA010000039.1	31318	43241	medium	partial_locus	MATa	38.889	33.33	MATA1:33.33:polished_single;MATALPHA2:38.889:not_polish_candidate	MATA1;sla2	supported	SLA2	219
MATA1	JH119216.1	32110	32325	pilots_0924	GCA_000147375.2_WaNRRLY366_v02	Phaffomycetales	Saccharomycetes	Ascomycota	Hansenula anomala	phylum_fallback	Ascomycota:MATsc	JH119216.1	27609	35563	medium	partial_locus	MATa	63.64	63.64	MATA1:63.64:polished_single	MATA1;sla2	supported	SLA2	110
MATA1	CP048715.1	631963	632127	pilots_0924	GCA_022641835.1_ASM2264183v1	Phaffomycetales	Saccharomycetes	Ascomycota	Petasospora fabianii	phylum_fallback	Ascomycota:MATsc	CP048715.1	588654	665589	medium	mat_locus	MATa	58.18	58.18	MATA2:28.571:unpolished;MATA1:58.18:polished_agree	MATA1;MATA2;sla2	supported	SLA2	9619
MTLA1	CP048715.1	631990	632115	pilots_0924	GCA_022641835.1_ASM2264183v1	Phaffomycetales	Saccharomycetes	Ascomycota	Petasospora fabianii	phylum_fallback	Ascomycota:MTL	CP048715.1	588654	665589	high	idiomorph_gene_only	A	59.52	59.52	MTLA2:48.15:polished_single;MTLA1:59.52:polished_single	MTLA1;MTLA2	not_testable		
mata1	CP048715.1	631999	632142	pilots_0924	GCA_022641835.1_ASM2264183v1	Phaffomycetales	Saccharomycetes	Ascomycota	Petasospora fabianii	phylum_fallback	Ascomycota:MATyl	CP048715.1	588654	665589	medium	partial_locus	A	41.67	41.67	mata1:41.67:polished_single	mata1;sla2	supported	SLA2	9604
MATA1	JAMYHB010000436.1	2653	2883	pilots_0924	GCA_025531735.1_ASM2553173v1	Phaffomycetales	Saccharomycetes	Ascomycota	Williopsis jadinii	phylum_fallback	Ascomycota:MATsc	JAMYHB010000436.1	836	6102	medium	mat_locus	MATa	48.05	48.05	MATA2:37.037:unpolished;MATA1:48.05:polished_agree	MATA1;MATA2;sla2	supported	SLA2	100
MATA2	JAMYHB010000690.1	1784	2250	pilots_0924	GCA_025531735.1_ASM2553173v1	Phaffomycetales	Saccharomycetes	Ascomycota	Williopsis jadinii	phylum_fallback	Ascomycota:MATsc	JAMYHB010000690.1	410	4616	medium	idiomorph_gene_only	MATalpha	42.39	42.39	MATALPHA1:39.62:polished_single;MATA2:42.39:polished_single;MATALPHA2:37.17:polished_single	MATALPHA1;MATALPHA2;MATA2	not_supported		
MATA2	JAJMII010000120.1	1330	1596	pilots_0924	GCA_030575215.1_ASM3057521v1	Ascoideales	Saccharomycetes	Ascomycota	Saccharomycopsis javanensis	phylum_fallback	Ascomycota:MATsc	JAJMII010000120.1	8	1878	medium	idiomorph_gene_only	MATalpha	37.89	37.89	MATALPHA1:35.8:polished_single;MATA2:37.89:polished_single;MATALPHA2:29.080000000000002:polished_single	MATALPHA1;MATALPHA2;MATA2	not_supported		
MTLA1	JAJMII010000111.1	368	496	pilots_0924	GCA_030575215.1_ASM3057521v1	Ascoideales	Saccharomycetes	Ascomycota	Saccharomycopsis javanensis	phylum_fallback	Ascomycota:MTL	JAJMII010000111.1	8	1916	high	idiomorph_gene_only	A	46.51	46.51	MTLA1:46.51:polished_single;MTLA2:46.3:polished_single	MTLA1;MTLA2	not_testable		
MATA1	JAJMFK010000001.1	492729	492893	pilots_0924	GCA_030574675.1_ASM3057467v1	Saccharomycetales	Saccharomycetes	Ascomycota	Candida sp.	phylum_fallback	Ascomycota:MATsc	JAJMFK010000001.1	491328	496116	medium	mat_locus	MATa	52.73	52.73	MATA2:43.75:unpolished;MATA1:52.73:polished_disagree	MATA1;MATA2;sla2	supported	SLA2	98
MATA1	JAKTZZ010000030.1	34544	34705	pilots_0924	GCA_030579035.1_ASM3057903v1	Phaffomycetales	Saccharomycetes	Ascomycota	Gotozyma siamensis	phylum_fallback	Ascomycota:MATsc	JAKTZZ010000030.1	33190	38044	medium	partial_locus	MATa	61.11	61.11	MATA1:61.11:polished_disagree	MATA1;sla2	supported	SLA2	181
MATA2	JADLID010000356.1	23725	23820	pilots_0924	GCA_018344405.1_ASM1834440v1	Phaffomycetales	Saccharomycetes	Ascomycota	Hansenula ciferrii	phylum_fallback	Ascomycota:MATsc	JADLID010000356.1	18646	24122	medium	mat_locus	MATalpha	43.75	30.77	MATALPHA1:26.761:unpolished;MATA2:43.75:not_polish_candidate;MATALPHA2:30.77:polished_single	MATALPHA1;MATALPHA2;sla2	supported	SLA2	1951
MATA1	JADLID010000130.1	152649	152868	pilots_0924	GCA_018344405.1_ASM1834440v1	Phaffomycetales	Saccharomycetes	Ascomycota	Hansenula ciferrii	phylum_fallback	Ascomycota:MATsc	JADLID010000130.1	151080	155985	medium	mat_locus	MATa	54.55	54.55	MATA2:21.875:unpolished;MATA1:54.55:polished_single	MATA1;MATA2;sla2	not_supported		
MATA1	JADIOT010002609.1	2038	2217	pilots_0924	GCA_018343995.1_ASM1834399v1	Phaffomycetales	Saccharomycetes	Ascomycota	Waltiozyma sp. UFMG-CM-Y6624	phylum_fallback	Ascomycota:MATsc	JADIOT010002609.1	1951	5662	medium	partial_locus	MATa	48.33	48.33	MATA1:48.33:polished_disagree	MATA1;sla2	supported	SLA2	308
MATALPHA1	JAJMFI010000625.1	13272	13493	pilots_0924	GCA_030574595.1_ASM3057459v1	Phaffomycetales	Saccharomycetes	Ascomycota	Ruyongia chambardii	phylum_fallback	Ascomycota:MATsc	JAJMFI010000625.1	9310	14737	medium	mat_locus	MATalpha	47.95	47.95	MATALPHA1:47.95:polished_single;MATALPHA2:38.57:polished_single;MATA2:42.7:polished_single	MATALPHA1;MATALPHA2;MATA2;sla2	supported	SLA2	822
MTLA1	JAJMFI010000654.1	5465	5584	pilots_0924	GCA_030574595.1_ASM3057459v1	Phaffomycetales	Saccharomycetes	Ascomycota	Ruyongia chambardii	phylum_fallback	Ascomycota:MTL	JAJMFI010000654.1	2055	7704	high	idiomorph_gene_only	A	50.0	50.0	MTLA1:50.0:polished_single;MTLA2:43.08:polished_single	MTLA1;MTLA2	not_testable		
MATA1	JAJMFI010000654.1	5383	5602	pilots_0924	GCA_030574595.1_ASM3057459v1	Phaffomycetales	Saccharomycetes	Ascomycota	Ruyongia chambardii	phylum_fallback	Ascomycota:MATsc	JAJMFI010000654.1	2055	7704	medium	partial_locus	MATa	58.18	58.18	MATA1:58.18:polished_single	MATA1;sla2	not_supported		
MATALPHA1	JBAKGB010000901.1	1401	1610	pilots_0924	GCA_037355565.1_Ssch_CD502	Ascoideales	Saccharomycetes	Ascomycota	Saccharomycopsis schoenii	phylum_fallback	Ascomycota:MATsc	JBAKGB010000901.1	755	1613	medium	idiomorph_gene_only	MATalpha	37.14	37.14	MATA2:34.339999999999996:polished_single;MATALPHA2:35.714:not_polish_candidate;MATALPHA1:37.14:polished_single	MATALPHA1;MATA2	not_supported		
MATA1	PPNU03000009.1	81846	82106	pilots_0924	GCA_003708295.3_ASM370829v3	Phaffomycetales	Saccharomycetes	Ascomycota	Petasospora mycetangii	phylum_fallback	Ascomycota:MATsc	PPNU03000009.1	72331	83395	medium	mat_locus	MATa	43.02	43.02	MATA1:43.02:polished_agree;MATA2:27.273:unpolished	MATA1;MATA2;sla2	supported	SLA2	161
MTLA1	PPMU03000001.1	256491	256625	pilots_0924	GCA_003707015.3_ASM370701v3	Phaffomycetales	Saccharomycetes	Ascomycota	Wickerhamomyces canadensis	phylum_fallback	Ascomycota:MTL	PPMU03000001.1	253294	258375	high	idiomorph_gene_only	A	60.0	60.0	MTLA1:60.0:polished_single;MTLA2:34.69:polished_single	MTLA1;MTLA2	not_testable		
MATA1	PPMU03000001.1	256479	256646	pilots_0924	GCA_003707015.3_ASM370701v3	Phaffomycetales	Saccharomycetes	Ascomycota	Wickerhamomyces canadensis	phylum_fallback	Ascomycota:MATsc	PPMU03000001.1	253294	258375	medium	partial_locus	MATa	62.5	62.5	MATA1:62.5:polished_agree	MATA1;sla2	supported	SLA2	69
MATALPHA2	JBXQSK010000245.1	2998	3153	pilots_0924	GCA_057557315.1_ASM5755731v1		Saccharomycetes	Ascomycota	Saccharomycetes sp.	phylum_fallback	Ascomycota:MATsc	JBXQSK010000245.1	2821	7805	high	mat_locus	MATalpha	53.85	53.85	MATA2:33.884:not_polish_candidate;MATALPHA2:53.85:polished_agree;MATALPHA1:33.33:polished_single	MATALPHA1;MATALPHA2;sla2	supported	SLA2	1530
MATA1	JBXQSK010000251.1	2736	2891	pilots_0924	GCA_057557315.1_ASM5755731v1		Saccharomycetes	Ascomycota	Saccharomycetes sp.	phylum_fallback	Ascomycota:MATsc	JBXQSK010000251.1	2667	6166	medium	partial_locus	MATa	50.0	50.0	MATA1:50.0:polished_single	MATA1;sla2	not_supported		
MATA1	DG000068.1	766622	766852	pilots_0924	GCA_000328385.1_Cuti_1.0	Phaffomycetales	Saccharomycetes	Ascomycota	Williopsis jadinii	phylum_fallback	Ascomycota:MATsc	DG000068.1	764805	770071	medium	mat_locus	MATa	48.05	48.05	MATA2:37.037:unpolished;MATA1:48.05:polished_agree	MATA1;MATA2;sla2	supported	SLA2	100
MATA1	JAJMAJ010000003.1	170961	171134	pilots_0924	GCA_030572555.1_ASM3057255v1	Saccharomycetales	Saccharomycetes	Ascomycota	Candida sp.	phylum_fallback	Ascomycota:MATsc	JAJMAJ010000003.1	116722	195518	medium	mat_locus	MATa	62.07	62.07	MATA2:25.664:unpolished;MATA1:62.07:polished_agree	MATA1;MATA2;sla2	supported	SLA2	116
MTLA1	JAJMAJ010000003.1	170988	171122	pilots_0924	GCA_030572555.1_ASM3057255v1	Saccharomycetales	Saccharomycetes	Ascomycota	Candida sp.	phylum_fallback	Ascomycota:MTL	JAJMAJ010000003.1	116722	195518	medium	idiomorph_gene_only	A	57.78	57.78	MTLA2:43.08:polished_single;MTLA1:57.78:polished_single	MTLA1;MTLA2	not_testable		
MATA2	NC_060204.1	619594	619893	pilots_0924	GCF_020623625.1_UHD_SCDLUD_16	Saccharomycodales	Saccharomycetes	Ascomycota	Saccharomycodes ludwigii	phylum_fallback	Ascomycota:MATsc	NC_060204.1	594740	625360	high	mat_locus	MATalpha	41.584	34.67	MATA2:41.584:not_polish_candidate;MATALPHA2:31.75:polished_single;MATALPHA1:34.67:polished_single	MATALPHA1;MATALPHA2;sla2	supported	SLA2	2273
MATA1	CP012819.1	1929535	1929642	pilots_0924	GCA_001936135.1_KJJ81	Ascoideales	Saccharomycetes	Ascomycota	Saccharomycopsis fibuligera x Saccharomycopsis cf. fibuligera	phylum_fallback	Ascomycota:MATsc	CP012819.1	1926085	1945007	medium	mat_locus	MATalpha	47.222	47.222	MATA1:47.222:unpolished;MATALPHA1:40.51:polished_single;MATA2:40.45:polished_agree;MATALPHA2:40.45:polished_disagree	MATALPHA1;MATALPHA2;MATA1;MATA2;sla2	not_supported		
MATALPHA1	CP012812.1	1971144	1971368	pilots_0924	GCA_001936135.1_KJJ81	Ascoideales	Saccharomycetes	Ascomycota	Saccharomycopsis fibuligera x Saccharomycopsis cf. fibuligera	phylum_fallback	Ascomycota:MATsc	CP012812.1	1952777	1972723	medium	mat_locus	MATalpha	37.33	37.33	MATA1:35.294:unpolished;MATALPHA1:37.33:polished_single;MATALPHA2:30.928:not_polish_candidate;MATA2:32.26:polished_single	MATALPHA1;MATA1;MATA2;sla2	not_supported	SLA2	15257
MATA1	JAOBAW010000006.1	339783	339998	pilots_0924	GCA_026545255.1_WickAnom_M2_INAB_v1	Phaffomycetales	Saccharomycetes	Ascomycota	Hansenula anomala	phylum_fallback	Ascomycota:MATsc	JAOBAW010000006.1	336542	341815	medium	partial_locus	MATa	63.64	63.64	MATA1:63.64:polished_single	MATA1;sla2	supported	SLA2	110
MATA1	CDRNKE010000003.1	1856553	1856738	pilots_0924	GCA_977014385.1_UCD2211_Cansol	Phaffomycetales	Saccharomycetes	Ascomycota	Waltiozyma solani	phylum_fallback	Ascomycota:MATsc	CDRNKE010000003.1	1842218	1856753	medium	mat_locus	MATa	50.0	50.0	MATA2:27.692:unpolished;MATA1:50.0:polished_agree	MATA1;MATA2;sla2	supported	SLA2	170
MATA1	JAKUAP010000035.1	32171	32362	pilots_0924	GCA_030563005.1_ASM3056300v1	Phaffomycetales	Saccharomycetes	Ascomycota	Komagataea qinlingensis	phylum_fallback	Ascomycota:MATsc	JAKUAP010000035.1	30572	35625	medium	mat_locus	MATa	54.69	54.69	MATA2:41.935:unpolished;MATA1:54.69:polished_disagree	MATA1;MATA2;sla2	supported	SLA2	105
mata1	JAKUAP010000035.1	32234	32356	pilots_0924	GCA_030563005.1_ASM3056300v1	Phaffomycetales	Saccharomycetes	Ascomycota	Komagataea qinlingensis	phylum_fallback	Ascomycota:MATyl	JAKUAP010000035.1	30572	35625	medium	mat_locus	A	46.34	46.34	mata2:32.353:unpolished;mata1:46.34:polished_single	mata1;mata2;sla2	supported	SLA2	111
MATA1	JBSNFW010000043.1	27765	27947	pilots_0924	GCA_060251825.1_ASM6025182v1	Phaffomycetales	Saccharomycetes	Ascomycota	Wickerhamomyces sp. 31-2-9-9	phylum_fallback	Ascomycota:MATsc	JBSNFW010000043.1	26189	63683	medium	mat_locus	MATa	60.66	60.66	MATA2:36.585:unpolished;MATA1:60.66:polished_agree;MATALPHA2:31.25:not_polish_candidate;MATALPHA1:30.357:unpolished	MATALPHA1;MATA1;MATA2;sla2	supported	SLA2	94
MATA1	JBOOIY010000006.1	67962	68177	pilots_0924	GCA_052576265.1_ASM5257626v1	Phaffomycetales	Saccharomycetes	Ascomycota	Hansenula anomala	phylum_fallback	Ascomycota:MATsc	JBOOIY010000006.1	64724	72678	medium	partial_locus	MATa	63.64	63.64	MATA1:63.64:polished_single	MATA1;sla2	supported	SLA2	110
MATA1	JAJMLR010000017.1	214665	214925	pilots_0924	GCA_030569745.1_ASM3056974v1	Phaffomycetales	Saccharomycetes	Ascomycota	Petasospora bimundalis	phylum_fallback	Ascomycota:MATsc	JAJMLR010000017.1	192444	216227	medium	mat_locus	MATa	41.38	41.38	MATA1:41.38:polished_agree;MATALPHA2:25.0:not_polish_candidate;MATA2:36.111:unpolished	MATA1;MATA2;sla2	supported	SLA2	112
MTLA1	JAJMLR010000017.1	214680	214814	pilots_0924	GCA_030569745.1_ASM3056974v1	Phaffomycetales	Saccharomycetes	Ascomycota	Petasospora bimundalis	phylum_fallback	Ascomycota:MTL	JAJMLR010000017.1	192444	216227	medium	idiomorph_gene_only	A	51.11	51.11	MTLA1:51.11:polished_single;MTLA2:38.46:polished_single	MTLA1;MTLA2	not_testable		
MATALPHA1	JAIZYX010000002.1	1802172	1802363	pilots_0924	GCA_046457515.1_Macr_Wsub_1	Phaffomycetales	Saccharomycetes	Ascomycota	Hansenula subpelliculosa	phylum_fallback	Ascomycota:MATsc	JAIZYX010000002.1	1764041	1805922	medium	mat_locus	MATalpha	44.615	44.615	MATALPHA2:31.91:polished_single;MATA2:37.209:not_polish_candidate;MATALPHA1:44.615:unpolished	MATALPHA1;MATALPHA2;sla2	supported	SLA2	413
MATA1	JAJMEM010000026.1	142012	142194	pilots_0924	GCA_030574135.1_ASM3057413v1	Phaffomycetales	Saccharomycetes	Ascomycota	Petasospora petersonii	phylum_fallback	Ascomycota:MATsc	JAJMEM010000026.1	138306	143669	medium	partial_locus	MATa	50.82	50.82	MATA1:50.82:polished_agree	MATA1;sla2	supported	SLA2	587
MAT1-1-1	JASTVC010000035.1	25516	25611	pilots_0924	GCA_031125765.1_ASM3112576v1	Ascoideales	Saccharomycetes	Ascomycota	Saccharomycopsis amapae	phylum_fallback	Ascomycota:MAT	JASTVC010000035.1	20525	88744	medium	mat_locus	MAT1-1	43.75	43.75	MAT1-1-2:31.25:unpolished;MAT1-1-1:43.75:unpolished	MAT1-1-1;SLA2;COX13;MAT1-1-2	not_supported	SLA2	43944
MTLA2	JAXQKK010000058.1	38909	39176	pilots_0924	GCA_037042445.1_ASM3704244v1	Phaffomycetales	Saccharomycetes	Ascomycota	Hansenula sp. Y91-04	phylum_fallback	Ascomycota:MTL	JAXQKK010000058.1	9434	39371	high	idiomorph_gene_only	A	43.08	43.08	MTLA1:42.37:polished_single;MTLA2:43.08:polished_single	MTLA1;MTLA2	not_testable		
MATA1	JAXQKK010000058.1	37159	37389	pilots_0924	GCA_037042445.1_ASM3704244v1	Phaffomycetales	Saccharomycetes	Ascomycota	Hansenula sp. Y91-04	phylum_fallback	Ascomycota:MATsc	JAXQKK010000058.1	9434	39371	medium	partial_locus	MATa	61.02	61.02	MATA1:61.02:polished_disagree	MATA1;sla2	supported	SLA2	99
MATA1	JAJMFM010000007.1	107040	107204	pilots_0924	GCA_030574875.1_ASM3057487v1	Phaffomycetales	Saccharomycetes	Ascomycota	Taiozyma peoriensis	phylum_fallback	Ascomycota:MATsc	JAJMFM010000007.1	103811	130345	medium	mat_locus	MATa	56.36	56.36	MATA1:56.36:polished_disagree;MATA2:31.395:unpolished	MATA1;MATA2;sla2	supported	SLA2	83
MTLA1	JAJMFM010000007.1	107052	107186	pilots_0924	GCA_030574875.1_ASM3057487v1	Phaffomycetales	Saccharomycetes	Ascomycota	Taiozyma peoriensis	phylum_fallback	Ascomycota:MTL	JAJMFM010000007.1	103811	130345	medium	idiomorph_gene_only	A	57.78	57.78	MTLA1:57.78:polished_single;MTLA2:36.84:polished_single	MTLA1;MTLA2	not_testable		
MATALPHA1	JASTUX010000026.1	74498	74710	pilots_0924	GCA_031125595.1_ASM3112559v1	Ascoideales	Saccharomycetes	Ascomycota	Saccharomycopsis capsularis	phylum_fallback	Ascomycota:MATsc	JASTUX010000026.1	70693	86313	medium	mat_locus	MATalpha	39.44	39.44	MATALPHA1:39.44:polished_single;MATA2:35.0:polished_disagree;MATALPHA2:39.394:not_polish_candidate;MATA1:27.5:unpolished	MATALPHA1;MATA1;MATA2;sla2	supported	SLA2	710
MATA2	JBSNFQ010000016.1	45239	45334	pilots_0924	GCA_060251675.1_ASM6025167v1	Phaffomycetales	Saccharomycetes	Ascomycota	Wickerhamomyces sp. YK72Y-2	phylum_fallback	Ascomycota:MATsc	JBSNFQ010000016.1	40481	45334	medium	mat_locus	MATalpha	46.875	46.875	MATALPHA1:37.5:polished_single;MATA2:46.875:unpolished;MATALPHA2:46.875:unpolished	MATALPHA1;MATALPHA2;MATA2;sla2	supported	SLA2	1630
MATA1	JAKTOZ010000022.1	226495	226740	pilots_0924	GCA_030557345.1_ASM3055734v1	Phaffomycetales	Saccharomycetes	Ascomycota	Petasospora maritima	phylum_fallback	Ascomycota:MATsc	JAKTOZ010000022.1	223244	228134	medium	mat_locus	MATa	43.9	43.9	MATA1:43.9:polished_disagree;MATA2:24.615:unpolished	MATA1;MATA2;sla2	supported	SLA2	123
MAT1-1-3	DAGWRA010000013.1	221013	221264	pilots_0924	GCA_029290875.1_ASM2929087v1	Saccharomycetales	Saccharomycetes	Ascomycota	Saccharomycetales sp.	phylum_fallback	Ascomycota:MAT	DAGWRA010000013.1	221013	250435	medium	partial_locus	MAT1-1	29.07	29.07	MAT1-1-3:29.07:unpolished	APN2;SLA2;MAT1-1-3	not_supported	APN2	10294
MATA2	JBHFOP010000010.1	52845	53311	polishcap_cap6	GCA_043521475.1_ASM4352147v1	Phaffomycetales	Saccharomycetes	Ascomycota	Williopsis jadinii	phylum_fallback	Ascomycota:MATsc	JBHFOP010000010.1	47999	55677	medium	mat_locus	MATalpha	42.39	42.39	MATALPHA1:39.62:polished_single;MATA2:42.39:polished_single;MATALPHA2:37.17:polished_single	MATALPHA1;MATALPHA2;MATA2;sla2	supported	SLA2	1727
MATALPHA2	JAJMFH010000094.1	14868	14963	polishcap_cap6	GCA_030574695.1_ASM3057469v1	Phaffomycetales	Saccharomycetes	Ascomycota	Wickerhamomyces bisporus	phylum_fallback	Ascomycota:MATsc	JAJMFH010000094.1	8091	15205	medium	mat_locus	MATalpha	43.75	36.84	MATALPHA1:36.84:polished_single;MATALPHA2:43.75:not_polish_candidate;MATA2:31.111:not_polish_candidate	MATALPHA1;MATALPHA2;MATA2;sla2	supported	SLA2	1863
MAT1-2-1	JAGTWJ010000007.1	1520439	1520564	polishcap_cap6	GCA_020064725.1_ASM2006472v1	Orbiliales	Orbiliomycetes	Ascomycota	Drechslerella dactyloides	phylum_fallback	Ascomycota:MAT	JAGTWJ010000007.1	1520388	1535314	medium	mat_locus	MAT1-2	42.857	42.857	MAT1-2-1:42.857:unpolished;MAT1-1-1:36.957:unpolished	MAT1-1-1;MAT1-2-1;APN2;COX13	not_supported	APN2	11835
MATA1	JAIZYZ010000009.1	150856	151071	polishcap_cap6	GCA_046457575.1_Ther_W.ano11_1	Phaffomycetales	Saccharomycetes	Ascomycota	Hansenula anomala	phylum_fallback	Ascomycota:MATsc	JAIZYZ010000009.1	147615	152888	medium	partial_locus	MATa	63.64	63.64	MATA1:63.64:polished_single	MATA1;sla2	supported	SLA2	110
MATA2	JBSZQX010000011.1	670169	670492	polishcap_cap6	GCA_054085705.1_DORT_Sapseu_12643	Saccharomycodales	Saccharomycetes	Ascomycota	Saccharomycodes sp. B7079-1	phylum_fallback	Ascomycota:MATsc	JBSZQX010000011.1	644859	675983	high	mat_locus	MATalpha	37.838	36.62	MATALPHA2:31.6:polished_single;MATA2:37.838:not_polish_candidate;MATALPHA1:36.62:polished_single	MATALPHA1;MATALPHA2;sla2	supported	SLA2	2297
MTLalpha2	JBSZQX010000011.1	670172	670387	polishcap_cap6	GCA_054085705.1_DORT_Sapseu_12643	Saccharomycodales	Saccharomycetes	Ascomycota	Saccharomycodes sp. B7079-1	phylum_fallback	Ascomycota:MTL	JBSZQX010000011.1	644859	675983	medium	mat_locus	alpha	38.89	38.89	MTLalpha2:38.89:polished_single;MTLalpha1:29.49:polished_single	MTLalpha1;MTLalpha2;PIK1	not_testable		
MTLalpha1	JAJMEN010000065.1	37423	37620	polishcap_cap6	GCA_030574175.1_ASM3057417v1	Phaffomycetales	Saccharomycetes	Ascomycota	Williopsis subsufficiens	phylum_fallback	Ascomycota:MTL	JAJMEN010000065.1	371	39245	medium	mat_locus	A	50.79	50.79	MTLA2:37.78:polished_single;MTLA1:37.23:polished_agree;MTLalpha1:50.79:polished_single	MTLA1;MTLA2;MTLalpha1;PAP1	not_testable		
MATA1	JAJMEN010000065.1	1898	2062	polishcap_cap6	GCA_030574175.1_ASM3057417v1	Phaffomycetales	Saccharomycetes	Ascomycota	Williopsis subsufficiens	phylum_fallback	Ascomycota:MATsc	JAJMEN010000065.1	509	39245	medium	mat_locus	MATa	63.64	63.64	MATA1:63.64:polished_agree;MATALPHA1:35.938:unpolished;MATA2:36.364:not_polish_candidate;MATALPHA2:41.176:not_polish_candidate	MATALPHA1;MATALPHA2;MATA1;sla2	not_supported	SLA2	28664
mata1	JAJMEN010000065.1	1925	2077	polishcap_cap6	GCA_030574175.1_ASM3057417v1	Phaffomycetales	Saccharomycetes	Ascomycota	Williopsis subsufficiens	phylum_fallback	Ascomycota:MATyl	JAJMEN010000065.1	509	39245	medium	mat_locus	A	41.18	41.18	mata2:31.343:unpolished;mata1:41.18:polished_single	mata1;mata2;sla2	not_supported	SLA2	28649
MAT1-1-1	JASJSC010000012.1	317205	317360	polishcap_cap6	GCA_030450195.1_ASM3045019v1	Ascoideales	Saccharomycetes	Ascomycota	Saccharomycopsis sp. KB-2023a	phylum_fallback	Ascomycota:MAT	JASJSC010000012.1	277972	320979	medium	mat_locus	MAT1-1	43.14	43.14	MAT1-1-5:30.263:unpolished;MAT1-1-1:43.14:polished_single	MAT1-1-1;APN2;SLA2;COX13;MAT1-1-5	supported	SLA2	548
MATALPHA1	JASJSC010000012.1	317190	317396	polishcap_cap6	GCA_030450195.1_ASM3045019v1	Ascoideales	Saccharomycetes	Ascomycota	Saccharomycopsis sp. KB-2023a	phylum_fallback	Ascomycota:MATsc	JASJSC010000012.1	277972	320979	high	mat_locus	MATalpha	42.03	42.03	MATALPHA2:22.56:polished_single;MATA2:29.474:not_polish_candidate;MATA1:31.481:not_polish_candidate;MATALPHA1:42.03:polished_single	MATALPHA1;MATALPHA2;sla2	supported	SLA2	512
MTLA1	JASJSC010000026.1	57563	57715	polishcap_cap6	GCA_030450195.1_ASM3045019v1	Ascoideales	Saccharomycetes	Ascomycota	Saccharomycopsis sp. KB-2023a	phylum_fallback	Ascomycota:MTL	JASJSC010000026.1	45489	83001	high	idiomorph_gene_only	A	54.9	54.9	MTLA2:49.12:polished_single;MTLA1:54.9:polished_single	MTLA1;MTLA2	not_testable		
MATA1	JAKTXY010002096.1	14001	14177	polishcap_cap6	GCA_030561705.1_ASM3056170v1	Phaffomycetales	Saccharomycetes	Ascomycota	Taiozyma sp. yHQL14	phylum_fallback	Ascomycota:MATsc	JAKTXY010002096.1	12418	50046	medium	mat_locus	MATa	59.32	59.32	MATA2:39.024:unpolished;MATA1:59.32:polished_agree;MATALPHA1:30.357:unpolished	MATALPHA1;MATA1;MATA2;sla2	supported	SLA2	95
MATA2	JAKTXY010002112.1	10905	11105	polishcap_cap6	GCA_030561705.1_ASM3056170v1	Phaffomycetales	Saccharomycetes	Ascomycota	Taiozyma sp. yHQL14	phylum_fallback	Ascomycota:MATsc	JAKTXY010002112.1	2721	11198	medium	mat_locus	MATalpha	37.313	36.486	MATALPHA1:36.486:unpolished;MATA2:37.313:not_polish_candidate;MATALPHA2:31.25:polished_single	MATALPHA1;MATALPHA2;sla2	not_supported		
MATA1	JAMAIF010000014.1	19896	20072	polishcap_cap6	GCA_023627765.1_ASM2362776v1	Phaffomycetales	Saccharomycetes	Ascomycota	Taiozyma sp. M8010	phylum_fallback	Ascomycota:MATsc	JAMAIF010000014.1	2877	22030	medium	mat_locus	MATa	55.93	55.93	MATALPHA1:30.357:unpolished;MATA1:55.93:polished_agree;MATA2:39.024:unpolished	MATALPHA1;MATA1;MATA2;sla2	supported	SLA2	95
mata1	JBWXUM010000152.1	23433	23555	polishcap_cap6	GCA_057557895.1_ASM5755789v1	Dipodascales	Dipodascomycetes	Ascomycota	Sugiyamaella sp. LJX2-8	phylum_fallback	Ascomycota:MATyl	JBWXUM010000152.1	19788	26837	medium	mat_locus	A	39.024	39.024	mata1:39.024:unpolished	mata1;sla2;apn2	supported	SLA2	148
MATALPHA2	JBAMJO010000854.1	10994	11167	polishcap_cap6	GCA_047716685.1_ASM4771668v1	Orbiliales	Orbiliomycetes	Ascomycota	Hyalorbilia oviparasitica	phylum_fallback	Ascomycota:MATsc	JBAMJO010000854.1	10847	11167	medium	idiomorph_gene_only	undetermined	39.66	39.66	MATALPHA2:39.66:polished_single;MATA2:39.22:polished_single	MATALPHA2;MATA2	not_supported		
MAT1-1-1	JAKTVP010000079.1	23669	23884	polishcap_cap6	GCA_030560625.1_ASM3056062v1	Dipodascales	Dipodascomycetes	Ascomycota	Yarrowia yakushimensis	phylum_fallback	Ascomycota:MAT	JAKTVP010000079.1	15781	27922	medium	mat_locus	MAT1-1	29.333	29.333	MAT1-1-1:29.333:unpolished	MAT1-1-1;APN2;SLA2	supported	SLA2	540
MAT1-2-1	NW_026611597.1	1183891	1184007	polishcap_cap6	GCF_029532465.1_Liptet1	Lipomycetales	Lipomycetes	Ascomycota	Lipomyces tetrasporus	phylum_fallback	Ascomycota:MAT	NW_026611597.1	1158352	1187117	high	mat_locus	MAT1-2	47.5	34.04	MAT1-1-1:34.04:polished_single;MAT1-2-1:47.5:not_polish_candidate;MAT1-1-3:32.0:not_polish_candidate	MAT1-1-1;MAT1-2-1;APN2;SLA2	supported	APN2	2190
mata1	NW_026611597.1	1182113	1182223	polishcap_cap6	GCF_029532465.1_Liptet1	Lipomycetales	Lipomycetes	Ascomycota	Lipomyces tetrasporus	phylum_fallback	Ascomycota:MATyl	NW_026611597.1	1158352	1187108	medium	mat_locus	A	37.838	37.838	mata1:37.838:unpolished	mata1;sla2;apn2	supported	APN2	3974
MAT1-2-1	NW_026611597.1	1183954	1184322	polishcap_cap6	GCF_029532465.1_Liptet1	Lipomycetales	Lipomycetes	Ascomycota	Lipomyces tetrasporus	phylum_fallback	Ascomycota:MATtub	NW_026611597.1	1158352	1187117	medium	mat_locus	MAT1-2	37.37	37.37	MAT1-2-1:37.37:polished_single	MAT1-2-1;SLA2;APN2	supported	APN2	1875
mata1	JAKTVL010000211.1	2257	2382	polishcap_cap6	GCA_030557175.1_ASM3055717v1	Phaffomycetales	Saccharomycetes	Ascomycota	Petasospora japonica	phylum_fallback	Ascomycota:MATyl	JAKTVL010000211.1	751	7606	medium	mat_locus	A	47.62	47.62	mata2:33.333:unpolished;mata1:47.62:polished_single	mata1;mata2;sla2	supported	SLA2	2078
MATA1	JAKTVL010000211.1	2224	2388	polishcap_cap6	GCA_030557175.1_ASM3055717v1	Phaffomycetales	Saccharomycetes	Ascomycota	Petasospora japonica	phylum_fallback	Ascomycota:MATsc	JAKTVL010000211.1	751	7606	medium	partial_locus	MATa	60.0	60.0	MATA1:60.0:polished_agree	MATA1;sla2	supported	SLA2	2072
MATA2	JAKTVL010000070.1	47505	48006	polishcap_cap6	GCA_030557175.1_ASM3055717v1	Phaffomycetales	Saccharomycetes	Ascomycota	Petasospora japonica	phylum_fallback	Ascomycota:MATsc	JAKTVL010000070.1	27498	52577	medium	mat_locus	MATalpha	38.61	38.61	MATA2:38.61:polished_single;MATALPHA2:38.61:polished_single;MATALPHA1:37.31:polished_single	MATALPHA1;MATALPHA2;MATA2;sla2	not_supported		
MTLalpha1	JASTUP010000673.1	2316	2651	polishcap_cap6	GCA_031126305.1_ASM3112630v1	Ascoideales	Saccharomycetes	Ascomycota	Saccharomycopsis fibuligera	phylum_fallback	Ascomycota:MTL	JASTUP010000673.1	2307	3907	high	idiomorph_gene_only	alpha	42.34	42.34	MTLalpha1:42.34:polished_single;MTLalpha2:22.93:polished_single	MTLalpha1;MTLalpha2	not_testable		
MATALPHA1	JASTUP010000673.1	2328	2552	polishcap_cap6	GCA_031126305.1_ASM3112630v1	Ascoideales	Saccharomycetes	Ascomycota	Saccharomycopsis fibuligera	phylum_fallback	Ascomycota:MATsc	JASTUP010000673.1	2307	3907	medium	idiomorph_gene_only	MATalpha	37.33	37.33	MATALPHA1:37.33:polished_single;MATALPHA2:30.928:not_polish_candidate;MATA2:32.26:polished_single	MATALPHA1;MATA2	not_supported		
MTLA2	JAXQHV010000076.1	311420	311669	polishcap_cap6	GCA_037041065.1_ASM3704106v1	Phaffomycetales	Saccharomycetes	Ascomycota	Hansenula sp. DX7706-1	phylum_fallback	Ascomycota:MTL	JAXQHV010000076.1	281945	311882	high	idiomorph_gene_only	A	51.72	51.72	MTLA1:42.37:polished_single;MTLA2:51.72:polished_single	MTLA1;MTLA2	not_testable		
MATA1	JAXQHV010000076.1	309670	309900	polishcap_cap6	GCA_037041065.1_ASM3704106v1	Phaffomycetales	Saccharomycetes	Ascomycota	Hansenula sp. DX7706-1	phylum_fallback	Ascomycota:MATsc	JAXQHV010000076.1	281945	311882	medium	partial_locus	MATa	61.02	61.02	MATA1:61.02:polished_disagree	MATA1;sla2	supported	SLA2	99
MATA1	JBQYEW010000016.1	175485	175705	polishcap_cap6	GCA_053455635.1_ASM5345563v1	Phaffomycetales	Saccharomycetes	Ascomycota	Hansenula anomala	phylum_fallback	Ascomycota:MATsc	JBQYEW010000016.1	172216	213883	medium	mat_locus	MATa	58.18	58.18	MATA1:58.18:polished_single;MATA2:24.242:unpolished	MATA1;MATA2;sla2	supported	SLA2	123
MTLA1	JBQYEW010000016.1	175568	175687	polishcap_cap6	GCA_053455635.1_ASM5345563v1	Phaffomycetales	Saccharomycetes	Ascomycota	Hansenula anomala	phylum_fallback	Ascomycota:MTL	JBQYEW010000016.1	172216	213883	high	idiomorph_gene_only	A	55.0	55.0	MTLA1:55.0:polished_single;MTLA2:43.08:polished_single	MTLA1;MTLA2	not_testable		
MTLalpha1	JAJMHY010000050.1	53196	53429	polishcap_cap6	GCA_030583325.1_ASM3058332v1	Ascoideales	Saccharomycetes	Ascomycota	Saccharomycopsis selenospora	phylum_fallback	Ascomycota:MTL	JAJMHY010000050.1	40055	56945	medium	idiomorph_gene_only	alpha	50.0	50.0	MTLA1:38.776:unpolished;MTLA2:39.51:polished_single;MTLalpha2:36.364:not_polish_candidate;MTLalpha1:50.0:polished_single	MTLA1;MTLA2;MTLalpha1;MTLalpha2	not_testable		
MATA1	PIOA01000100.1	34421	34636	polishcap_cap6	GCA_021020675.1_ASM2102067v1	Phaffomycetales	Saccharomycetes	Ascomycota	Hansenula anomala	phylum_fallback	Ascomycota:MATsc	PIOA01000100.1	31183	34663	medium	partial_locus	MATa	63.64	63.64	MATA1:63.64:polished_single	MATA1;sla2	not_supported		
MAT1-2-1	MU971828.1	296840	296959	polishcap_cap6	GCA_038497925.1_Lst7851_1	Lipomycetales	Lipomycetes	Ascomycota	Lipomyces starkeyi	phylum_fallback	Ascomycota:MAT	MU971828.1	274502	299933	medium	mat_locus	MAT1-1	51.22	41.463	MAT1-1-1:41.463:unpolished;MAT1-2-1:51.22:not_polish_candidate;MAT1-1-3:48.649:not_polish_candidate	MAT1-1-1;MAT1-2-1;APN2;SLA2;MAT1-1-3	supported	APN2	2165
mata1	MU971828.1	295008	295118	polishcap_cap6	GCA_038497925.1_Lst7851_1	Lipomycetales	Lipomycetes	Ascomycota	Lipomyces starkeyi	phylum_fallback	Ascomycota:MATyl	MU971828.1	274502	299933	medium	mat_locus	A	37.838	37.838	mata1:37.838:unpolished	mata1;sla2;apn2	supported	APN2	4006
MAT1-2-1	MU971828.1	296831	297167	polishcap_cap6	GCA_038497925.1_Lst7851_1	Lipomycetales	Lipomycetes	Ascomycota	Lipomyces starkeyi	phylum_fallback	Ascomycota:MATtub	MU971828.1	274502	299933	medium	mat_locus	MAT1-2	40.66	40.66	MAT1-2-1:40.66:polished_single	MAT1-2-1;SLA2;APN2	supported	APN2	1957
MAT1-1-3	NW_027117628.1	183687	183815	polishcap_cap6	GCF_038497785.1_Lipsmi1	Lipomycetales	Lipomycetes	Ascomycota	Limtongia smithiae	phylum_fallback	Ascomycota:MAT	NW_027117628.1	183462	222170	medium	mat_locus	MAT1-2	47.727	45.98	MAT1-2-1:45.98:polished_single;MAT1-1-3:47.727:not_polish_candidate	MAT1-2-1;APN2;SLA2	supported	APN2	7384
MAT1-2-1	NW_027117628.1	183672	183981	polishcap_cap6	GCF_038497785.1_Lipsmi1	Lipomycetales	Lipomycetes	Ascomycota	Limtongia smithiae	phylum_fallback	Ascomycota:MATtub	NW_027117628.1	183462	222170	medium	mat_locus	MAT1-2	41.18	41.18	MAT1-2-1:41.18:polished_single	MAT1-2-1;SLA2;APN2	supported	APN2	7218
MAT1-1-1	ULGS01000006.1	152711	152839	polishcap_cap6	GCA_900519055.1_YAGA0	Dipodascales	Dipodascomycetes	Ascomycota	Yarrowia galli	phylum_fallback	Ascomycota:MAT	ULGS01000006.1	145622	153691	medium	mat_locus	MAT1-1	34.783	34.783	MAT1-1-1:34.783:unpolished	MAT1-1-1;APN2;SLA2	supported	SLA2	0
MAT1-1-1	ULGS01000006.1	149672	149971	polishcap_cap6	GCA_900519055.1_YAGA0	Dipodascales	Dipodascomycetes	Ascomycota	Yarrowia galli	phylum_fallback	Ascomycota:MATtub	ULGS01000006.1	145622	153691	medium	mat_locus	MAT1-1	25.688	25.688	MAT1-1-1:25.688:unpolished	MAT1-1-1;SLA2;APN2	supported	SLA2	583
MAT1-1-1	JAJTUA010000003.1	297179	297355	polishcap_cap6	GCA_036971325.1_ASM3697132v1	Orbiliales	Orbiliomycetes	Ascomycota	Dactylellina cionopaga	phylum_fallback	Ascomycota:MAT	JAJTUA010000003.1	289601	300427	medium	mat_locus	MAT1-1	32.203	32.203	MAT1-1-1:32.203:unpolished	MAT1-1-1;APN2;COX13	supported	APN2	4287
MAT1-2-1	LDUD01000016.1	343695	343805	polishcap_cap6	GCA_012184295.1_ASM1218429v1	Orbiliales	Orbiliomycetes	Ascomycota	Dactylella cylindrospora	phylum_fallback	Ascomycota:MAT	LDUD01000016.1	314157	343862	medium	mat_locus	MAT1-2	40.541	40.541	MAT1-2-1:40.541:unpolished	MAT1-2-1;APN2;COX13	supported	APN2	8830
MTLA1	JASTUL010000009.1	246	374	polishcap_cap6	GCA_031125485.1_ASM3112548v1	Ascoideales	Saccharomycetes	Ascomycota	Saccharomycopsis javanensis	phylum_fallback	Ascomycota:MTL	JASTUL010000009.1	246	1794	high	idiomorph_gene_only	A	46.51	46.51	MTLA1:46.51:polished_single;MTLA2:46.3:polished_single	MTLA1;MTLA2	not_testable		
MTLalpha1	JASTUL010000111.1	2254	2442	polishcap_cap6	GCA_031125485.1_ASM3112548v1	Ascoideales	Saccharomycetes	Ascomycota	Saccharomycopsis javanensis	phylum_fallback	Ascomycota:MTL	JASTUL010000111.1	1497	2715	high	idiomorph_gene_only	alpha	52.38	52.38	MTLalpha2:22.15:polished_single;MTLalpha1:52.38:polished_disagree	MTLalpha1;MTLalpha2	not_testable		
MATA2	JASTUL010000111.1	1665	1931	polishcap_cap6	GCA_031125485.1_ASM3112548v1	Ascoideales	Saccharomycetes	Ascomycota	Saccharomycopsis javanensis	phylum_fallback	Ascomycota:MATsc	JASTUL010000111.1	1383	2715	medium	idiomorph_gene_only	MATalpha	37.89	37.89	MATALPHA2:29.080000000000002:polished_single;MATA2:37.89:polished_single;MATALPHA1:35.8:polished_single	MATALPHA1;MATALPHA2;MATA2	not_supported		
MAT1-2-1	JAJLTR010000025.1	81226	81342	polishcap_cap6	GCA_030568335.1_ASM3056833v1	Lipomycetales	Lipomycetes	Ascomycota	Lipomyces tetrasporus	phylum_fallback	Ascomycota:MAT	JAJLTR010000025.1	53438	84449	medium	mat_locus	MAT1-2	47.5	34.04	MAT1-1-1:34.04:polished_single;MAT1-2-1:47.5:not_polish_candidate;MAT1-1-3:32.0:not_polish_candidate	MAT1-1-1;MAT1-2-1;APN2;SLA2;COX13	supported	APN2	2187
mata1	JAJLTR010000025.1	79448	79558	polishcap_cap6	GCA_030568335.1_ASM3056833v1	Lipomycetales	Lipomycetes	Ascomycota	Lipomyces tetrasporus	phylum_fallback	Ascomycota:MATyl	JAJLTR010000025.1	53438	84440	medium	mat_locus	A	37.838	37.838	mata1:37.838:unpolished	mata1;sla2;apn2	supported	APN2	3971
MAT1-2-1	JAJLTR010000025.1	81289	81657	polishcap_cap6	GCA_030568335.1_ASM3056833v1	Lipomycetales	Lipomycetes	Ascomycota	Lipomyces tetrasporus	phylum_fallback	Ascomycota:MATtub	JAJLTR010000025.1	53438	84449	medium	mat_locus	MAT1-2	37.37	37.37	MAT1-2-1:37.37:polished_single	MAT1-2-1;SLA2;APN2	supported	APN2	1872
MAT1-2-1	JAGJTG010000006.1	415575	415694	polishcap_cap6	GCA_018804115.1_ASM1880411v1	Lipomycetales	Lipomycetes	Ascomycota	Lipomyces starkeyi	phylum_fallback	Ascomycota:MAT	JAGJTG010000006.1	412571	441228	medium	mat_locus	MAT1-1	51.22	41.463	MAT1-1-3:48.649:not_polish_candidate;MAT1-2-1:51.22:not_polish_candidate;MAT1-1-1:41.463:unpolished	MAT1-1-1;MAT1-2-1;APN2;SLA2;MAT1-1-3	supported	APN2	2195
mata1	JAGJTG010000006.1	417420	417542	polishcap_cap6	GCA_018804115.1_ASM1880411v1	Lipomycetales	Lipomycetes	Ascomycota	Lipomyces starkeyi	phylum_fallback	Ascomycota:MATyl	JAGJTG010000006.1	412571	441228	medium	mat_locus	A	34.146	34.146	mata1:34.146:unpolished	mata1;sla2;apn2	supported	APN2	4040
MAT1-2-1	JAGJTG010000006.1	415367	415730	polishcap_cap6	GCA_018804115.1_ASM1880411v1	Lipomycetales	Lipomycetes	Ascomycota	Lipomyces starkeyi	phylum_fallback	Ascomycota:MATtub	JAGJTG010000006.1	412571	441228	medium	partial_locus	MAT1-2	38.0	38.0	MAT1-2-1:38.0:polished_single;MAT1-1-1:37.778:unpolished	MAT1-1-1;MAT1-2-1;SLA2;APN2	supported	APN2	1987
MAT1-1-1	JAJMFC010000045.1	9376	9528	polishcap_cap6	GCA_030574475.1_ASM3057447v1	Trigonopsidales	Trigonopsidomycetes	Ascomycota	Trigonopsis californica	phylum_fallback	Ascomycota:MAT	JAJMFC010000045.1	4430	34412	medium	mat_locus	MAT1-1	37.255	37.255	MAT1-1-1:37.255:unpolished	MAT1-1-1;APN2;SLA2	supported	SLA2	731
MTLA1	JAJMSG010000009.1	222334	222522	polishcap_cap6	GCA_030558335.1_ASM3055833v1	Phaffomycetales	Saccharomycetes	Ascomycota	Petasospora stauntonica	phylum_fallback	Ascomycota:MTL	JAJMSG010000009.1	219103	262296	medium	mat_locus	A	52.38	52.38	MTLA1:52.38:polished_disagree;MTLA2:51.72:polished_single	MTLA1;MTLA2;PIK1	not_testable		
MATA1	JAJMSG010000009.1	222289	222495	polishcap_cap6	GCA_030558335.1_ASM3055833v1	Phaffomycetales	Saccharomycetes	Ascomycota	Petasospora stauntonica	phylum_fallback	Ascomycota:MATsc	JAJMSG010000009.1	219103	262296	medium	partial_locus	MATa	44.93	44.93	MATA1:44.93:polished_disagree;MATALPHA2:23.288:not_polish_candidate	MATA1;sla2	supported	SLA2	73
mata1	JAJMSG010000009.1	222340	222465	polishcap_cap6	GCA_030558335.1_ASM3055833v1	Phaffomycetales	Saccharomycetes	Ascomycota	Petasospora stauntonica	phylum_fallback	Ascomycota:MATyl	JAJMSG010000009.1	219103	262296	medium	partial_locus	A	50.0	50.0	mata1:50.0:polished_single	mata1;sla2	supported	SLA2	124
MAT1-1-1	JAJTUD010000010.1	292891	293016	polishcap_cap6	GCA_036971385.1_ASM3697138v1	Orbiliales	Orbiliomycetes	Ascomycota	Dactylellina parvicollis	phylum_fallback	Ascomycota:MAT	JAJTUD010000010.1	284030	293016	medium	mat_locus	MAT1-1	34.694	34.694	MAT1-1-1:34.694:unpolished	MAT1-1-1;APN2;COX13	supported	APN2	5467
MTLA1	JAJMDL010000012.1	63362	63484	polishcap_cap6	GCA_030573575.1_ASM3057357v1	Saccharomycodales	Saccharomycetes	Ascomycota	Hanseniaspora sp. CRUB 1602	phylum_fallback	Ascomycota:MTL	JAJMDL010000012.1	60204	103430	medium	partial_locus	A	31.707	31.707	MTLA1:31.707:unpolished	MTLA1;PAP1;OBP1;PIK1	not_testable		
MAT1-1-1	JAJLUL010000195.1	10862	11173	polishcap_cap6	GCA_030564325.1_ASM3056432v1	Dipodascales	Dipodascomycetes	Ascomycota	Blastobotrys capitulatus	phylum_fallback	Ascomycota:MAT	JAJLUL010000195.1	4418	14859	medium	mat_locus	MAT1-1	26.316	26.316	MAT1-1-1:26.316:unpolished	MAT1-1-1;APN2;SLA2	supported	SLA2	585
MAT1-1-1	JAXQJU010000475.1	6354	6536	polishcap_cap6	GCA_037042115.1_ASM3704211v1	Dipodascales	Dipodascomycetes	Ascomycota	Wickerhamiella sp. P97-06A	phylum_fallback	Ascomycota:MAT	JAXQJU010000475.1	4361	6820	medium	mat_locus	MAT1-1	34.426	34.426	MAT1-1-1:34.426:unpolished	MAT1-1-1;APN2;SLA2	supported	APN2	1091
MAT1-1-1	ULGN01000006.1	296080	296220	polishcap_cap6	GCA_900518985.1_YAAL0	Dipodascales	Dipodascomycetes	Ascomycota	Yarrowia alimentaria	phylum_fallback	Ascomycota:MAT	ULGN01000006.1	292382	309793	medium	mat_locus	undetermined	31.915	31.915	MAT1-1-1:31.915:unpolished;MAT1-1-5:31.034:unpolished;MAT1-2-4:24.39:unpolished	MAT1-1-1;APN2;SLA2;MAT1-1-5;MAT1-2-4	supported	SLA2	588
MAT1-2-1	ULGN01000006.1	292871	293377	polishcap_cap6	GCA_900518985.1_YAAL0	Dipodascales	Dipodascomycetes	Ascomycota	Yarrowia alimentaria	phylum_fallback	Ascomycota:MATtub	ULGN01000006.1	292382	309793	medium	mat_locus	MAT1-2	20.603	20.603	MAT1-2-1:20.603:unpolished	MAT1-2-1;SLA2;APN2	supported	SLA2	0
MAT1-1-1	PPMY01000040.1	9830	9958	polishcap_cap6	GCA_003708045.1_ASM370804v1	Dipodascales	Dipodascomycetes	Ascomycota	Yarrowia divulgata	phylum_fallback	Ascomycota:MAT	PPMY01000040.1	2767	10786	medium	mat_locus	MAT1-1	34.783	34.783	MAT1-1-1:34.783:unpolished	MAT1-1-1;APN2;SLA2	supported	SLA2	0
MAT1-2-1	JAJLTQ010000008.1	274021	274137	polishcap_cap6	GCA_030568255.1_ASM3056825v1	Lipomycetales	Lipomycetes	Ascomycota	Lipomyces spencermartinsiae	phylum_fallback	Ascomycota:MAT	JAJLTQ010000008.1	248464	277247	high	mat_locus	MAT1-2	47.5	34.04	MAT1-1-1:34.04:polished_single;MAT1-2-1:47.5:not_polish_candidate;MAT1-1-3:32.0:not_polish_candidate	MAT1-1-1;MAT1-2-1;APN2;SLA2	supported	APN2	2190
mata1	JAJLTQ010000008.1	272243	272353	polishcap_cap6	GCA_030568255.1_ASM3056825v1	Lipomycetales	Lipomycetes	Ascomycota	Lipomyces spencermartinsiae	phylum_fallback	Ascomycota:MATyl	JAJLTQ010000008.1	248464	277238	medium	mat_locus	A	37.838	37.838	mata1:37.838:unpolished	mata1;sla2;apn2	supported	APN2	3974
MAT1-2-1	JAJLTQ010000008.1	274084	274452	polishcap_cap6	GCA_030568255.1_ASM3056825v1	Lipomycetales	Lipomycetes	Ascomycota	Lipomyces spencermartinsiae	phylum_fallback	Ascomycota:MATtub	JAJLTQ010000008.1	248464	277247	medium	mat_locus	MAT1-2	37.37	37.37	MAT1-2-1:37.37:polished_single	MAT1-2-1;SLA2;APN2	supported	APN2	1875
MATA1	JAKUBM010000001.1	438070	438312	polishcap_cap6	GCA_030566895.1_ASM3056689v1	Phaffomycetales	Saccharomycetes	Ascomycota	Phaffomyces coquimbonensis	phylum_fallback	Ascomycota:MATsc	JAKUBM010000001.1	431250	449445	medium	mat_locus	MATa	41.98	41.98	MATA1:41.98:polished_disagree;MATA2:35.62:polished_single	MATA1;MATA2;sla2	supported	SLA2	86
MATALPHA1	JAJMLK010000014.1	51649	51834	polishcap_cap6	GCA_030564145.1_ASM3056414v1	Phaffomycetales	Saccharomycetes	Ascomycota	Williopsis takata	phylum_fallback	Ascomycota:MATsc	JAJMLK010000014.1	40202	55533	medium	partial_locus	MATalpha	40.98	40.98	MATALPHA2:32.203:not_polish_candidate;MATA2:40.24:polished_single;MATALPHA1:40.98:polished_single	MATALPHA1;MATA2;sla2	supported	SLA2	418
MAT1-2-1	PPXM03000002.1	1171795	1171893	polishcap_cap6	GCA_003707065.3_ASM370706v3	Trigonopsidales	Trigonopsidomycetes	Ascomycota	Trigonopsis variabilis	phylum_fallback	Ascomycota:MAT	PPXM03000002.1	1171733	1206054	medium	mat_locus	MAT1-2	48.485	48.485	MAT1-2-1:48.485:unpolished;MAT1-1-3:37.209:not_polish_candidate	MAT1-2-1;APN2;SLA2	supported	APN2	2877
MAT1-2-1	PPXM03000002.1	1171886	1172134	polishcap_cap6	GCA_003707065.3_ASM370706v3	Trigonopsidales	Trigonopsidomycetes	Ascomycota	Trigonopsis variabilis	phylum_fallback	Ascomycota:MATtub	PPXM03000002.1	1171733	1206054	medium	mat_locus	MAT1-2	36.047	36.047	MAT1-2-1:36.047:unpolished	MAT1-2-1;SLA2;APN2	supported	APN2	2636
MATA1	JAJMDW010000174.1	60779	61020	polishcap_cap6	GCA_030573755.1_ASM3057375v1	Phaffomycetales	Saccharomycetes	Ascomycota	Starmera amethionina	phylum_fallback	Ascomycota:MATsc	JAJMDW010000174.1	59056	71245	medium	mat_locus	MATa	50.0	50.0	MATA2:29.577:unpolished;MATA1:50.0:polished_single	MATA1;MATA2;sla2	supported	SLA2	317
MTLA1	SRHF01000012.1	63362	63484	polishcap_cap6	GCA_004919795.1_ASM491979v1	Saccharomycodales	Saccharomycetes	Ascomycota	Hanseniaspora sp. CRUB 1602	phylum_fallback	Ascomycota:MTL	SRHF01000012.1	60204	103430	medium	partial_locus	A	31.707	31.707	MTLA1:31.707:unpolished	MTLA1;PAP1;OBP1;PIK1	not_testable		
MAT1-1-1	JAJLUQ010000034.1	26340	26525	polishcap_cap6	GCA_030564385.1_ASM3056438v1	Dipodascales	Dipodascomycetes	Ascomycota	Blastobotrys robertii	phylum_fallback	Ascomycota:MAT	JAJLUQ010000034.1	26340	36447	medium	mat_locus	MAT1-1	29.412	29.412	MAT1-1-1:29.412:unpolished	MAT1-1-1;APN2;SLA2	supported	APN2	2904
MAT1-1-1	JAJLUQ010000034.1	32617	32769	polishcap_cap6	GCA_030564385.1_ASM3056438v1	Dipodascales	Dipodascomycetes	Ascomycota	Blastobotrys robertii	phylum_fallback	Ascomycota:MATtub	JAJLUQ010000034.1	26340	36447	medium	mat_locus	MAT1-1	27.451	27.451	MAT1-1-1:27.451:unpolished	MAT1-1-1;SLA2;APN2	supported	SLA2	571
MTLalpha1	JASTUF010000406.1	9845	10078	polishcap_cap6	GCA_031125185.1_ASM3112518v1	Ascoideales	Saccharomycetes	Ascomycota	Saccharomycopsis selenospora	phylum_fallback	Ascomycota:MTL	JASTUF010000406.1	114	10252	medium	idiomorph_gene_only	alpha	50.0	50.0	MTLA1:38.776:unpolished;MTLA2:38.16:polished_single;MTLalpha2:36.364:not_polish_candidate;MTLalpha1:50.0:polished_single	MTLA1;MTLA2;MTLalpha1;MTLalpha2	not_testable		
mata1	JAAQQV010000003.1	2176750	2177600	polishcap_cap6	GCA_017635955.1_ASM1763595v1	Dipodascales	Dipodascomycetes	Ascomycota	Yarrowia sp. B02	phylum_fallback	Ascomycota:MATyl	JAAQQV010000003.1	2172378	2180704	high	mat_locus	A	76.0	76.0	mata1:76.0:polished_disagree;mata2:75.82:polished_disagree	mata1;mata2;sla2;apn2	supported	SLA2	260
MAT1-1-1	JAAQQV010000003.1	2174208	2174336	polishcap_cap6	GCA_017635955.1_ASM1763595v1	Dipodascales	Dipodascomycetes	Ascomycota	Yarrowia sp. B02	phylum_fallback	Ascomycota:MAT	JAAQQV010000003.1	2172378	2180704	medium	mat_locus	MAT1-2	34.783	34.783	MAT1-1-1:34.783:unpolished;MAT1-2-1:25.641:unpolished	MAT1-1-1;MAT1-2-1;APN2;SLA2	supported	SLA2	0
mata1	JAJMIE010000008.1	149731	149841	polishcap_cap6	GCA_030575195.1_ASM3057519v1	Dipodascales	Dipodascomycetes	Ascomycota	Sugiyamaella boreocaroliniensis	phylum_fallback	Ascomycota:MATyl	JAJMIE010000008.1	135154	149841	medium	mat_locus	A	29.73	29.73	mata1:29.73:unpolished	mata1;sla2;apn2	supported	SLA2	4490
MAT1-1-1	BCLX01000007.1	306699	306788	polishcap_cap6	GCA_001602355.1_JCM_30695_assembly_v001	Dipodascales	Dipodascomycetes	Ascomycota	Yarrowia sp. JCM 30695	phylum_fallback	Ascomycota:MAT	BCLX01000007.1	270934	318629	medium	mat_locus	MAT1-1	36.667	36.667	MAT1-1-2:33.333:unpolished;MAT1-1-1:36.667:unpolished	MAT1-1-1;APN2;SLA2;MAT1-1-2	not_supported	SLA2	22533
MTLA1	JBKKQX010000078.1	294	401	polishcap_cap6	GCA_047716205.1_ASM4771620v1	Ascoideales	Saccharomycetes	Ascomycota	Saccharomycopsis sp. HYP105-1	phylum_fallback	Ascomycota:MTL	JBKKQX010000078.1	291	32646	high	idiomorph_gene_only	A	55.56	55.56	MTLA1:55.56:polished_single;MTLA2:43.75:polished_single	MTLA1;MTLA2	not_testable		
MTLA1	PPLU03000009.1	140204	140398	polishcap_cap6	GCA_003706615.3_ASM370661v3	Phaffomycetales	Saccharomycetes	Ascomycota	Gotozyma montana	phylum_fallback	Ascomycota:MTL	PPLU03000009.1	138887	165215	high	idiomorph_gene_only	A	47.69	47.69	MTLA2:46.15:polished_single;MTLA1:47.69:polished_disagree	MTLA1;MTLA2	not_testable		
MATA1	PPLU03000009.1	140222	140398	polishcap_cap6	GCA_003706615.3_ASM370661v3	Phaffomycetales	Saccharomycetes	Ascomycota	Gotozyma montana	phylum_fallback	Ascomycota:MATsc	PPLU03000009.1	138887	165215	medium	partial_locus	MATa	55.93	55.93	MATA1:55.93:polished_disagree;MATALPHA2:26.087:not_polish_candidate	MATA1;sla2	supported	SLA2	158
MATA1	NW_011887701.1	82248	82467	polishcap_cap6	GCF_000313485.1_ASM31348v1	Phaffomycetales	Saccharomycetes	Ascomycota	Hansenula ciferrii	phylum_fallback	Ascomycota:MATsc	NW_011887701.1	58390	84036	medium	mat_locus	MATa	54.55	54.55	MATALPHA2:27.66:unpolished;MATA1:54.55:polished_single;MATA2:21.875:unpolished	MATALPHA2;MATA1;MATA2;sla2	supported	SLA2	111
MAT1-2-1	JAQGDS010000001.1	1320330	1320455	polishcap_cap6	GCA_028984885.1_ASM2898488v1	Orbiliales	Orbiliomycetes	Ascomycota	Drechslerella dactyloides	phylum_fallback	Ascomycota:MAT	JAQGDS010000001.1	1320279	1335205	medium	mat_locus	MAT1-2	42.857	42.857	MAT1-2-1:42.857:unpolished;MAT1-1-1:36.957:unpolished	MAT1-1-1;MAT1-2-1;APN2;COX13	not_supported	APN2	11835
MATALPHA1	JNFX01000008.1	471689	471952	polishcap_cap6	GCA_010994405.1_ASM1099440v1	Ascoideales	Saccharomycetes	Ascomycota	Saccharomycopsis crataegensis	phylum_fallback	Ascomycota:MATsc	JNFX01000008.1	470489	498126	medium	mat_locus	MATalpha	37.93	37.93	MATALPHA2:28.73:polished_single;MATA2:33.333:not_polish_candidate;MATALPHA1:37.93:polished_single	MATALPHA1;MATALPHA2;sla2	supported	SLA2	585
MAT1-1-2	JAJTTW010000008.1	1401077	1401256	polishcap_cap6	GCA_036971245.1_ASM3697124v1	Orbiliales	Orbiliomycetes	Ascomycota	Arthrobotrys sphaeroides	phylum_fallback	Ascomycota:MAT	JAJTTW010000008.1	1380115	1401256	medium	partial_locus	MAT1-1	31.667	31.667	MAT1-1-2:31.667:unpolished	APN2;COX13;MAT1-1-2	not_supported	APN2	19850
MTLA1	JBKKQW010000153.1	1995	2102	polishcap_cap6	GCA_047716225.1_ASM4771622v1	Ascoideales	Saccharomycetes	Ascomycota	Saccharomycopsis sp. HYY145-3	phylum_fallback	Ascomycota:MTL	JBKKQW010000153.1	617	2105	high	idiomorph_gene_only	A	55.56	55.56	MTLA2:43.75:polished_single;MTLA1:55.56:polished_single	MTLA1;MTLA2	not_testable		
MTLalpha1	NHAM01000013.1	324662	325195	polishcap_cap6	GCA_003243015.1_ASM324301v1	Ascoideales	Saccharomycetes	Ascomycota	Saccharomycopsis capsularis	phylum_fallback	Ascomycota:MTL	NHAM01000013.1	323463	328987	medium	idiomorph_gene_only	alpha	29.14	29.14	MTLalpha2:18.93:polished_single;MTLalpha1:29.14:polished_disagree	MTLalpha1;MTLalpha2	not_testable		
MATALPHA1	NHAM01000013.1	324959	325171	polishcap_cap6	GCA_003243015.1_ASM324301v1	Ascoideales	Saccharomycetes	Ascomycota	Saccharomycopsis capsularis	phylum_fallback	Ascomycota:MATsc	NHAM01000013.1	323577	328987	medium	partial_locus	MATalpha	39.44	39.44	MATALPHA2:37.879:not_polish_candidate;MATA2:37.62:polished_single;MATALPHA1:39.44:polished_single	MATALPHA1;MATA2;sla2	supported	SLA2	709
MATALPHA1	JAKTWI010001458.1	334	555	polishcap_cap6	GCA_030561065.1_ASM3056106v1	Sporopachydermiales	Sporopachydermiomycetes	Ascomycota	Sporopachydermia cereana	phylum_fallback	Ascomycota:MATsc	JAKTWI010001458.1	202	1715	medium	idiomorph_gene_only	MATalpha	42.47	42.47	MATALPHA1:42.47:polished_single;MATALPHA2:39.53:polished_disagree;MATA2:37.805:not_polish_candidate;MATA1:30.556:not_polish_candidate	MATALPHA1;MATALPHA2	not_supported		
MTLalpha1	JAKTWI010001458.1	322	513	polishcap_cap6	GCA_030561065.1_ASM3056106v1	Sporopachydermiales	Sporopachydermiomycetes	Ascomycota	Sporopachydermia cereana	phylum_fallback	Ascomycota:MTL	JAKTWI010001458.1	202	1715	medium	idiomorph_gene_only	alpha	42.19	42.19	MTLalpha1:42.19:polished_single;MTLalpha2:38.81:polished_single;MTLA1:30.769:not_polish_candidate	MTLalpha1;MTLalpha2	not_testable		
MATALPHA1	CM114667.1	361892	362056	polishcap_cap6	GCA_050230685.1_HoccT2T	Saccharomycodales	Saccharomycetes	Ascomycota	Hanseniaspora occidentalis	phylum_fallback	Ascomycota:MATsc	CM114667.1	342226	362257	medium	partial_locus	MATalpha	38.89	38.89	MATALPHA1:38.89:polished_single	MATALPHA1;sla2	supported	SLA2	569
MATALPHA2	JAJLTA010000039.1	39730	39837	polishcap_cap6	GCA_030567895.1_ASM3056789v1	Saccharomycetales	Saccharomycetes	Ascomycota	Candida sp.	phylum_fallback	Ascomycota:MATsc	JAJLTA010000039.1	31318	43241	medium	partial_locus	MATa	38.889	33.33	MATA1:33.33:polished_single;MATALPHA2:38.889:not_polish_candidate	MATA1;sla2	supported	SLA2	219
MAT1-1-3	MU971340.1	262266	262367	polishcap_cap6	GCA_038497395.1_Lipokono1	Lipomycetales	Lipomycetes	Ascomycota	Lipomyces kononenkoae	phylum_fallback	Ascomycota:MAT	MU971340.1	257291	350779	medium	mat_locus	MAT1-1	44.118	39.29	MAT1-1-3:44.118:not_polish_candidate;MAT1-2-1:43.902:not_polish_candidate;MAT1-1-1:39.29:polished_single;MAT1-1-2:34.043:unpolished	MAT1-1-1;MAT1-2-1;APN2;SLA2;MAT1-1-2;MAT1-1-3	supported	APN2	2010
mata1	MU971340.1	264292	264402	polishcap_cap6	GCA_038497395.1_Lipokono1	Lipomycetales	Lipomycetes	Ascomycota	Lipomyces kononenkoae	phylum_fallback	Ascomycota:MATyl	MU971340.1	257291	350779	medium	mat_locus	A	40.541	40.541	mata1:40.541:unpolished	mata1;sla2;apn2	supported	APN2	4036
MAT1-2-1	MU971340.1	262224	262570	polishcap_cap6	GCA_038497395.1_Lipokono1	Lipomycetales	Lipomycetes	Ascomycota	Lipomyces kononenkoae	phylum_fallback	Ascomycota:MATtub	MU971340.1	257291	350779	medium	mat_locus	MAT1-2	39.56	39.56	MAT1-2-1:39.56:polished_single	MAT1-2-1;SLA2;APN2	supported	APN2	1968
MAT1-2-1	JBAMKM010000545.1	6767	6898	polishcap_cap6	GCA_047671935.1_ASM4767193v1	Orbiliales	Orbiliomycetes	Ascomycota	Hyalorbilia sp. HsImV25	phylum_fallback	Ascomycota:MAT	JBAMKM010000545.1	544	13554	medium	mat_locus	MAT1-2	45.455	45.455	MAT1-2-1:45.455:unpolished	MAT1-2-1;APN2;SLA2;COX13	supported	SLA2	2826
MAT1-2-1	JBAMKM010000545.1	6818	6916	polishcap_cap6	GCA_047671935.1_ASM4767193v1	Orbiliales	Orbiliomycetes	Ascomycota	Hyalorbilia sp. HsImV25	phylum_fallback	Ascomycota:MATtub	JBAMKM010000545.1	990	13439	medium	mat_locus	MAT1-2	42.424	42.424	MAT1-2-1:42.424:unpolished	MAT1-2-1;SLA2;APN2	supported	SLA2	2877
MAT1-1-1	JANIWH010000001.1	586630	586743	polishcap_cap6	GCA_030555625.1_ASM3055562v1	Dipodascales	Dipodascomycetes	Ascomycota	Blastobotrys adeninivorans	phylum_fallback	Ascomycota:MAT	JANIWH010000001.1	578960	633908	medium	mat_locus	MAT1-1	36.842	36.842	MAT1-1-1:36.842:unpolished	MAT1-1-1;APN2;SLA2	supported	SLA2	0
MAT1-1-1	JANIWH010000001.1	584188	584379	polishcap_cap6	GCA_030555625.1_ASM3055562v1	Dipodascales	Dipodascomycetes	Ascomycota	Blastobotrys adeninivorans	phylum_fallback	Ascomycota:MATtub	JANIWH010000001.1	578960	633908	medium	mat_locus	MAT1-1	29.688	29.688	MAT1-1-1:29.688:unpolished	MAT1-1-1;SLA2;APN2	supported	SLA2	514
MTLA1	JNFU01000001.1	1752382	1752489	polishcap_cap6	GCA_010994365.1_ASM1099436v1	Ascoideales	Saccharomycetes	Ascomycota	Saccharomycopsis schoenii	phylum_fallback	Ascomycota:MTL	JNFU01000001.1	1750657	1753531	medium	idiomorph_gene_only	alpha	52.78	52.78	MTLalpha2:23.810000000000002:polished_single;MTLalpha1:39.76:polished_disagree;MTLA1:52.78:polished_single	MTLA1;MTLalpha1;MTLalpha2	not_testable		
MAT1-2-1	CM062383.1	1296786	1296884	polishcap_cap6	GCA_031310005.1_ASM3131000v1	Orbiliales	Orbiliomycetes	Ascomycota	Dactylellina haptotyla	phylum_fallback	Ascomycota:MAT	CM062383.1	1296513	1304918	medium	mat_locus	MAT1-2	42.424	42.424	MAT1-2-1:42.424:unpolished	MAT1-2-1;APN2;COX13	supported	APN2	4620
MATA1	JH119216.1	32110	32325	polishcap_cap6	GCA_000147375.2_WaNRRLY366_v02	Phaffomycetales	Saccharomycetes	Ascomycota	Hansenula anomala	phylum_fallback	Ascomycota:MATsc	JH119216.1	27609	35563	medium	partial_locus	MATa	63.64	63.64	MATA1:63.64:polished_single	MATA1;sla2	supported	SLA2	110
MAT1-1-1	JAJTUI010000009.1	280265	280369	polishcap_cap6	GCA_036971575.1_ASM3697157v1	Orbiliales	Orbiliomycetes	Ascomycota	Arthrobotrys conoides	phylum_fallback	Ascomycota:MAT	JAJTUI010000009.1	278087	281577	medium	mat_locus	MAT1-1	41.463	41.463	MAT1-1-1:41.463:unpolished	MAT1-1-1;APN2;COX13	supported	APN2	0
mata1	JAKTUV010000016.1	176916	177014	polishcap_cap6	GCA_030556875.1_ASM3055687v1	Dipodascales	Dipodascomycetes	Ascomycota	Zygoascus biomembranicola	phylum_fallback	Ascomycota:MATyl	JAKTUV010000016.1	146587	180263	medium	mat_locus	A	30.303	30.303	mata1:30.303:unpolished	mata1;sla2;apn2	supported	SLA2	163
MAT1-2-1	JAKTUV010000016.1	175660	175791	polishcap_cap6	GCA_030556875.1_ASM3055687v1	Dipodascales	Dipodascomycetes	Ascomycota	Zygoascus biomembranicola	phylum_fallback	Ascomycota:MAT	JAKTUV010000016.1	146587	180263	medium	mat_locus	MAT1-1	31.818	31.818	MAT1-1-3:30.928:not_polish_candidate;MAT1-2-1:31.818:unpolished	MAT1-2-1;APN2;SLA2;MAT1-1-3	supported	APN2	565
MAT1-2-1	JAKTUV010000016.1	175681	175803	polishcap_cap6	GCA_030556875.1_ASM3055687v1	Dipodascales	Dipodascomycetes	Ascomycota	Zygoascus biomembranicola	phylum_fallback	Ascomycota:MATtub	JAKTUV010000016.1	146587	180263	medium	mat_locus	MAT1-2	31.818	31.818	MAT1-2-1:31.818:unpolished	MAT1-2-1;SLA2;APN2	supported	APN2	586
MAT1-2-1	JAJTTY010000005.1	349094	349342	polishcap_cap6	GCA_036971295.1_ASM3697129v1	Orbiliales	Orbiliomycetes	Ascomycota	Dactylellina cionopaga	phylum_fallback	Ascomycota:MAT	JAJTTY010000005.1	340799	358436	medium	mat_locus	MAT1-2	28.916	28.916	MAT1-2-1:28.916:unpolished	MAT1-2-1;APN2;COX13	supported	APN2	4996
MATA1	CP048715.1	631963	632127	polishcap_cap6	GCA_022641835.1_ASM2264183v1	Phaffomycetales	Saccharomycetes	Ascomycota	Petasospora fabianii	phylum_fallback	Ascomycota:MATsc	CP048715.1	588654	685843	medium	mat_locus	MATa	58.18	58.18	MATA2:28.571:unpolished;MATA1:58.18:polished_agree	MATA1;MATA2;sla2	supported	SLA2	9619
MTLA1	CP048715.1	631963	632130	polishcap_cap6	GCA_022641835.1_ASM2264183v1	Phaffomycetales	Saccharomycetes	Ascomycota	Petasospora fabianii	phylum_fallback	Ascomycota:MTL	CP048715.1	588654	685843	medium	mat_locus	A	57.14	57.14	MTLA2:48.15:polished_single;MTLA1:57.14:polished_disagree	MTLA1;MTLA2;PIK1	not_testable		
mata1	CP048715.1	631999	632142	polishcap_cap6	GCA_022641835.1_ASM2264183v1	Phaffomycetales	Saccharomycetes	Ascomycota	Petasospora fabianii	phylum_fallback	Ascomycota:MATyl	CP048715.1	588654	685843	medium	partial_locus	A	41.67	41.67	mata1:41.67:polished_single	mata1;sla2	supported	SLA2	9604
MAT1-1-3	JAJLTO010000001.1	242046	242156	polishcap_cap6	GCA_030568195.1_ASM3056819v1	Lipomycetales	Lipomycetes	Ascomycota	Dipodascopsis uninucleata	phylum_fallback	Ascomycota:MAT	JAJLTO010000001.1	187875	245169	medium	mat_locus	MAT1-2	54.054	35.593	MAT1-1-1:35.593:unpolished;MAT1-2-1:43.902:not_polish_candidate;MAT1-1-3:54.054:not_polish_candidate	MAT1-1-1;MAT1-2-1;APN2;SLA2;MAT1-1-3	supported	APN2	1283
MAT1-2-1	JAJLTO010000001.1	241686	242186	polishcap_cap6	GCA_030568195.1_ASM3056819v1	Lipomycetales	Lipomycetes	Ascomycota	Dipodascopsis uninucleata	phylum_fallback	Ascomycota:MATtub	JAJLTO010000001.1	187875	245169	medium	partial_locus	MAT1-2	39.39	39.39	MAT1-1-1:37.209:unpolished;MAT1-2-1:39.39:polished_single	MAT1-1-1;MAT1-2-1;SLA2;APN2	supported	APN2	1253
MATA1	JAMYHB010000436.1	2653	2883	polishcap_cap6	GCA_025531735.1_ASM2553173v1	Phaffomycetales	Saccharomycetes	Ascomycota	Williopsis jadinii	phylum_fallback	Ascomycota:MATsc	JAMYHB010000436.1	836	6102	medium	mat_locus	MATa	48.05	48.05	MATA2:37.037:unpolished;MATA1:48.05:polished_agree	MATA1;MATA2;sla2	supported	SLA2	100
MATA2	JAMYHB010000690.1	1784	2250	polishcap_cap6	GCA_025531735.1_ASM2553173v1	Phaffomycetales	Saccharomycetes	Ascomycota	Williopsis jadinii	phylum_fallback	Ascomycota:MATsc	JAMYHB010000690.1	410	4616	medium	idiomorph_gene_only	MATalpha	42.39	42.39	MATALPHA1:39.62:polished_single;MATA2:42.39:polished_single;MATALPHA2:37.17:polished_single	MATALPHA1;MATALPHA2;MATA2	not_supported		
MAT1-2-1	JAJTTZ010000015.1	1463614	1463760	polishcap_cap6	GCA_036971285.1_ASM3697128v1	Orbiliales	Orbiliomycetes	Ascomycota	Dactylellina cionopaga	phylum_fallback	Ascomycota:MAT	JAJTTZ010000015.1	1452914	1471653	medium	mat_locus	MAT1-1	32.653	32.653	MAT1-1-1:28.947:unpolished;MAT1-2-1:32.653:unpolished	MAT1-1-1;MAT1-2-1;APN2;COX13	supported	APN2	5534
MATA1	JANJPH010000098.1	29173	29334	polishcap_cap6	GCA_030407195.1_ASM3040719v1	Dipodascales	Dipodascomycetes	Ascomycota	Candida tunisiensis	phylum_fallback	Ascomycota:MATsc	JANJPH010000098.1	7586	32670	medium	mat_locus	MATa	42.59	42.59	MATA2:38.776:unpolished;MATA1:42.59:polished_single;MATALPHA2:36.364:not_polish_candidate	MATA1;MATA2;sla2	supported	SLA2	250
mata1	JANJPH010000098.1	29209	29328	polishcap_cap6	GCA_030407195.1_ASM3040719v1	Dipodascales	Dipodascomycetes	Ascomycota	Candida tunisiensis	phylum_fallback	Ascomycota:MATyl	JANJPH010000098.1	7586	32670	medium	mat_locus	A	45.0	45.0	mata1:45.0:unpolished	mata1;sla2;apn2	supported	SLA2	256
MAT1-1-3	JANJPH010000098.1	26878	27087	polishcap_cap6	GCA_030407195.1_ASM3040719v1	Dipodascales	Dipodascomycetes	Ascomycota	Candida tunisiensis	phylum_fallback	Ascomycota:MAT	JANJPH010000098.1	7586	32670	medium	partial_locus	MAT1-1	37.5	37.5	MAT1-1-3:37.5:unpolished	APN2;SLA2;MAT1-1-3	supported	APN2	1407
MAT1-2-1	JANJPH010000098.1	26560	27204	polishcap_cap6	GCA_030407195.1_ASM3040719v1	Dipodascales	Dipodascomycetes	Ascomycota	Candida tunisiensis	phylum_fallback	Ascomycota:MATtub	JANJPH010000098.1	7586	32670	medium	mat_locus	MAT1-2	28.636	28.636	MAT1-2-1:28.636:unpolished	MAT1-2-1;SLA2;APN2	supported	APN2	1089
MTLA2	JANJPH010000085.1	22953	23219	polishcap_cap6	GCA_030407195.1_ASM3040719v1	Dipodascales	Dipodascomycetes	Ascomycota	Candida tunisiensis	phylum_fallback	Ascomycota:MTL	JANJPH010000085.1	18359	33969	medium	partial_locus	A	28.09	28.09	MTLA2:28.09:unpolished	MTLA2;PAP1;OBP1	not_testable		
MAT1-2-1	JAJMIF010000016.1	96725	96880	polishcap_cap6	GCA_030583505.1_ASM3058350v1	Dipodascales	Dipodascomycetes	Ascomycota	Sugiyamaella castrensis	phylum_fallback	Ascomycota:MAT	JAJMIF010000016.1	96725	123125	medium	mat_locus	MAT1-2	32.759	32.759	MAT1-2-1:32.759:unpolished	MAT1-2-1;APN2;SLA2	not_supported	SLA2	19034
MTLalpha1	JAJMII010000120.1	819	1007	polishcap_cap6	GCA_030575215.1_ASM3057521v1	Ascoideales	Saccharomycetes	Ascomycota	Saccharomycopsis javanensis	phylum_fallback	Ascomycota:MTL	JAJMII010000120.1	8	1764	high	idiomorph_gene_only	alpha	52.38	52.38	MTLalpha1:52.38:polished_disagree;MTLalpha2:22.15:polished_single	MTLalpha1;MTLalpha2	not_testable		
MATA2	JAJMII010000120.1	1330	1596	polishcap_cap6	GCA_030575215.1_ASM3057521v1	Ascoideales	Saccharomycetes	Ascomycota	Saccharomycopsis javanensis	phylum_fallback	Ascomycota:MATsc	JAJMII010000120.1	8	1878	medium	idiomorph_gene_only	MATalpha	37.89	37.89	MATALPHA1:35.8:polished_single;MATA2:37.89:polished_single;MATALPHA2:29.080000000000002:polished_single	MATALPHA1;MATALPHA2;MATA2	not_supported		
MTLA1	JAJMII010000111.1	368	496	polishcap_cap6	GCA_030575215.1_ASM3057521v1	Ascoideales	Saccharomycetes	Ascomycota	Saccharomycopsis javanensis	phylum_fallback	Ascomycota:MTL	JAJMII010000111.1	8	1916	high	idiomorph_gene_only	A	46.51	46.51	MTLA1:46.51:polished_single;MTLA2:46.3:polished_single	MTLA1;MTLA2	not_testable		
MAT1-2-1	NW_011644707.1	35510	35722	polishcap_cap6	GCF_000441935.1_MHA_v2	Orbiliales	Orbiliomycetes	Ascomycota	Dactylellina haptotyla	phylum_fallback	Ascomycota:MAT	NW_011644707.1	27407	35833	medium	mat_locus	MAT1-2	32.394	32.394	MAT1-2-1:32.394:unpolished	MAT1-2-1;APN2;COX13	supported	APN2	5571
MAT1-1-3	JACADK010000001.1	2181312	2181473	polishcap_cap6	GCA_016162255.1_ASM1616225v1	Dipodascales	Dipodascomycetes	Ascomycota	Blastobotrys adeninivorans	phylum_fallback	Ascomycota:MAT	JACADK010000001.1	2159529	2205085	medium	mat_locus	MAT1-1	29.63	29.63	MAT1-1-2:27.66:unpolished;MAT1-1-1:29.412:unpolished;MAT1-1-3:29.63:unpolished	MAT1-1-1;APN2;SLA2;MAT1-1-2;MAT1-1-3	supported	SLA2	0
MAT1-1-2	PPJI03000071.1	2066	2206	polishcap_cap6	GCA_003707485.3_ASM370748v3	Dipodascales	Dipodascomycetes	Ascomycota	Blastobotrys proliferans	phylum_fallback	Ascomycota:MAT	PPJI03000071.1	2066	18026	medium	mat_locus	MAT1-1	34.043	34.043	MAT1-1-2:34.043:unpolished;MAT1-1-1:24.691:unpolished	MAT1-1-1;APN2;SLA2;MAT1-1-2	supported	SLA2	8831
MAT1-2-1	PPJI03000006.1	259958	260080	polishcap_cap6	GCA_003707485.3_ASM370748v3	Dipodascales	Dipodascomycetes	Ascomycota	Blastobotrys proliferans	phylum_fallback	Ascomycota:MAT	PPJI03000006.1	258089	274844	medium	mat_locus	MAT1-2	34.043	34.043	MAT1-2-1:34.043:unpolished	MAT1-2-1;APN2;SLA2	not_supported		
MAT1-1-1	LDUC01000161.1	304001	304231	polishcap_cap6	GCA_012184355.1_ASM1218435v1	Orbiliales	Orbiliomycetes	Ascomycota	Dactylellina cionopaga	phylum_fallback	Ascomycota:MAT	LDUC01000161.1	295392	311206	medium	mat_locus	MAT1-1	33.766	33.766	MAT1-1-1:33.766:unpolished	MAT1-1-1;APN2;COX13	supported	APN2	4635
MATALPHA1	JAKTTT010000031.1	200705	200929	polishcap_cap6	GCA_030581615.1_ASM3058161v1	Alloascoideales	Alloascoideomycetes	Ascomycota	Alloascoidea africana	phylum_fallback	Ascomycota:MATsc	JAKTTT010000031.1	167477	212683	medium	partial_locus	MATalpha	37.84	37.84	MATALPHA1:37.84:polished_single	MATALPHA1;sla2	supported	SLA2	6059
MAT1-2-10	JAJTTX010000027.1	22434	22700	polishcap_cap6	GCA_036971255.1_ASM3697125v1	Orbiliales	Orbiliomycetes	Ascomycota	Orbilia blumenaviensis	phylum_fallback	Ascomycota:MAT	JAJTTX010000027.1	9396	22700	medium	partial_locus	MAT1-2	27.473	27.473	MAT1-2-10:27.473:unpolished	APN2;COX13;MAT1-2-10	not_supported	APN2	10935
MATA1	JAJMFK010000001.1	492729	492893	polishcap_cap6	GCA_030574675.1_ASM3057467v1	Saccharomycetales	Saccharomycetes	Ascomycota	Candida sp.	phylum_fallback	Ascomycota:MATsc	JAJMFK010000001.1	462974	536260	medium	mat_locus	MATa	52.73	52.73	MATA2:43.75:unpolished;MATA1:52.73:polished_disagree	MATA1;MATA2;sla2	supported	SLA2	98
MATA1	JAKTZZ010000030.1	34544	34705	polishcap_cap6	GCA_030579035.1_ASM3057903v1	Phaffomycetales	Saccharomycetes	Ascomycota	Gotozyma siamensis	phylum_fallback	Ascomycota:MATsc	JAKTZZ010000030.1	33190	38044	medium	partial_locus	MATa	61.11	61.11	MATA1:61.11:polished_disagree	MATA1;sla2	supported	SLA2	181
MAT1-2-1	JAAGKP010000022.1	29726	29866	polishcap_cap6	GCA_011068445.1_ASM1106844v1	Orbiliales	Orbiliomycetes	Ascomycota	Orbilia oligospora	phylum_fallback	Ascomycota:MAT	JAAGKP010000022.1	29726	50164	medium	mat_locus	MAT1-2	31.915	31.915	MAT1-2-1:31.915:unpolished	MAT1-2-1;APN2;COX13	not_supported	APN2	17975
MATA2	JADLID010000356.1	23725	23820	polishcap_cap6	GCA_018344405.1_ASM1834440v1	Phaffomycetales	Saccharomycetes	Ascomycota	Hansenula ciferrii	phylum_fallback	Ascomycota:MATsc	JADLID010000356.1	18646	24122	medium	mat_locus	MATalpha	43.75	30.77	MATALPHA1:26.761:unpolished;MATA2:43.75:not_polish_candidate;MATALPHA2:30.77:polished_single	MATALPHA1;MATALPHA2;sla2	supported	SLA2	1951
MATA1	JADLID010000130.1	152649	152868	polishcap_cap6	GCA_018344405.1_ASM1834440v1	Phaffomycetales	Saccharomycetes	Ascomycota	Hansenula ciferrii	phylum_fallback	Ascomycota:MATsc	JADLID010000130.1	151080	155985	medium	mat_locus	MATa	54.55	54.55	MATA2:21.875:unpolished;MATA1:54.55:polished_single	MATA1;MATA2;sla2	not_supported		
MAT1-2-1	JAKDFA010000013.1	1228821	1228946	polishcap_cap6	GCA_036971435.1_ASM3697143v1	Orbiliales	Orbiliomycetes	Ascomycota	Dactylellina sp. tibetensis	phylum_fallback	Ascomycota:MAT	JAKDFA010000013.1	1228770	1280614	medium	mat_locus	MAT1-2	45.238	45.238	MAT1-2-1:45.238:unpolished	MAT1-2-1;APN2;COX13	supported	APN2	6021
MAT1-2-1	JBAMJN010000737.1	20098	20229	polishcap_cap6	GCA_047716655.1_ASM4771665v1	Orbiliales	Orbiliomycetes	Ascomycota	Hyalorbilia oviparasitica	phylum_fallback	Ascomycota:MAT	JBAMJN010000737.1	13443	20268	medium	mat_locus	MAT1-2	45.455	45.455	MAT1-2-1:45.455:unpolished	MAT1-2-1;APN2;COX13	supported	APN2	4220
MATA1	JADIOT010002609.1	2038	2217	polishcap_cap6	GCA_018343995.1_ASM1834399v1	Phaffomycetales	Saccharomycetes	Ascomycota	Waltiozyma sp. UFMG-CM-Y6624	phylum_fallback	Ascomycota:MATsc	JADIOT010002609.1	1933	5662	medium	partial_locus	MATa	48.33	48.33	MATA1:48.33:polished_disagree	MATA1;sla2	supported	SLA2	308
MAT1-1-1	JAKTQQ010000040.1	27467	27559	polishcap_cap6	GCA_043388505.1_ASM4338850v1	Dipodascales	Dipodascomycetes	Ascomycota	Geotrichum albidum	phylum_fallback	Ascomycota:MAT	JAKTQQ010000040.1	27359	57512	medium	mat_locus	MAT1-2	35.484	35.484	MAT1-1-1:35.484:unpolished;MAT1-2-1:32.18:polished_single;MAT1-1-3:32.432:not_polish_candidate	MAT1-1-1;MAT1-2-1;APN2	not_supported	APN2	28412
MATALPHA1	JAJMFI010000625.1	13272	13493	polishcap_cap6	GCA_030574595.1_ASM3057459v1	Phaffomycetales	Saccharomycetes	Ascomycota	Ruyongia chambardii	phylum_fallback	Ascomycota:MATsc	JAJMFI010000625.1	5415	14737	medium	mat_locus	MATalpha	47.95	47.95	MATALPHA1:47.95:polished_single;MATALPHA2:38.57:polished_single;MATA2:42.7:polished_single	MATALPHA1;MATALPHA2;MATA2;sla2	supported	SLA2	822
MTLalpha1	JAJMFI010000625.1	13263	13499	polishcap_cap6	GCA_030574595.1_ASM3057459v1	Phaffomycetales	Saccharomycetes	Ascomycota	Ruyongia chambardii	phylum_fallback	Ascomycota:MTL	JAJMFI010000625.1	5415	14737	medium	idiomorph_gene_only	alpha	44.3	44.3	MTLA1:34.375:unpolished;MTLalpha1:44.3:polished_single;MTLalpha2:42.86:polished_single	MTLA1;MTLalpha1;MTLalpha2	not_testable		
MTLA1	JAJMFI010000654.1	5465	5584	polishcap_cap6	GCA_030574595.1_ASM3057459v1	Phaffomycetales	Saccharomycetes	Ascomycota	Ruyongia chambardii	phylum_fallback	Ascomycota:MTL	JAJMFI010000654.1	2055	7704	high	idiomorph_gene_only	A	50.0	50.0	MTLA1:50.0:polished_single;MTLA2:43.08:polished_single	MTLA1;MTLA2	not_testable		
MATA1	JAJMFI010000654.1	5383	5602	polishcap_cap6	GCA_030574595.1_ASM3057459v1	Phaffomycetales	Saccharomycetes	Ascomycota	Ruyongia chambardii	phylum_fallback	Ascomycota:MATsc	JAJMFI010000654.1	2055	7704	medium	partial_locus	MATa	58.18	58.18	MATA1:58.18:polished_single	MATA1;sla2	not_supported		
MAT1-2-1	JAVHJN010000012.1	312155	312247	polishcap_cap6	GCA_036971655.1_TWF281	Orbiliales	Orbiliomycetes	Ascomycota	Arthrobotrys megalospora	phylum_fallback	Ascomycota:MAT	JAVHJN010000012.1	300759	312358	medium	mat_locus	MAT1-2	48.387	48.387	MAT1-2-1:48.387:unpolished	MAT1-2-1;APN2;COX13	supported	APN2	8845
MTLalpha1	JBAKGB010000901.1	1419	1670	polishcap_cap6	GCA_037355565.1_Ssch_CD502	Ascoideales	Saccharomycetes	Ascomycota	Saccharomycopsis schoenii	phylum_fallback	Ascomycota:MTL	JBAKGB010000901.1	722	1871	medium	idiomorph_gene_only	alpha	39.76	39.76	MTLalpha2:22.45:polished_single;MTLalpha1:39.76:polished_disagree	MTLalpha1;MTLalpha2	not_testable		
MATALPHA1	JBAKGB010000901.1	1401	1610	polishcap_cap6	GCA_037355565.1_Ssch_CD502	Ascoideales	Saccharomycetes	Ascomycota	Saccharomycopsis schoenii	phylum_fallback	Ascomycota:MATsc	JBAKGB010000901.1	722	1871	medium	idiomorph_gene_only	MATalpha	37.14	37.14	MATA2:34.339999999999996:polished_single;MATALPHA2:35.714:not_polish_candidate;MATALPHA1:37.14:polished_single	MATALPHA1;MATA2	not_supported		
MAT1-2-1	JAKTQM010000007.1	6853	7035	polishcap_cap6	GCA_030558825.1_ASM3055882v1	Dipodascales	Dipodascomycetes	Ascomycota	Blastobotrys niveus	phylum_fallback	Ascomycota:MAT	JAKTQM010000007.1	4498	10793	medium	mat_locus	MAT1-2	27.143	27.143	MAT1-2-1:27.143:unpolished	MAT1-2-1;APN2;SLA2	supported	APN2	613
MAT1-2-1	JAKTQM010000007.1	6841	7035	polishcap_cap6	GCA_030558825.1_ASM3055882v1	Dipodascales	Dipodascomycetes	Ascomycota	Blastobotrys niveus	phylum_fallback	Ascomycota:MATtub	JAKTQM010000007.1	4498	10793	medium	mat_locus	MAT1-2	22.222	22.222	MAT1-2-1:22.222:unpolished	MAT1-2-1;SLA2;APN2	supported	APN2	601
MAT1-1-1	JBAMKL010000499.1	10129	10350	polishcap_cap6	GCA_047671915.1_ASM4767191v1	Orbiliales	Orbiliomycetes	Ascomycota	Hyalorbilia sp. HsImV27	phylum_fallback	Ascomycota:MAT	JBAMKL010000499.1	3799	16349	medium	mat_locus	MAT1-1	29.73	29.73	MAT1-1-1:29.73:unpolished	MAT1-1-1;APN2;SLA2;COX13	supported	SLA2	2607
MATA2	JBAMKL010000648.1	5396	5539	polishcap_cap6	GCA_047671915.1_ASM4767191v1	Orbiliales	Orbiliomycetes	Ascomycota	Hyalorbilia sp. HsImV27	phylum_fallback	Ascomycota:MATsc	JBAMKL010000648.1	5396	5716	medium	idiomorph_gene_only	undetermined	39.58	39.58	MATA2:39.58:polished_single;MATALPHA2:37.93:polished_single	MATALPHA2;MATA2	not_supported		
MATA1	PPNU03000009.1	81846	82106	polishcap_cap6	GCA_003708295.3_ASM370829v3	Phaffomycetales	Saccharomycetes	Ascomycota	Petasospora mycetangii	phylum_fallback	Ascomycota:MATsc	PPNU03000009.1	72331	83395	medium	mat_locus	MATa	43.02	43.02	MATA1:43.02:polished_agree;MATA2:27.273:unpolished	MATA1;MATA2;sla2	supported	SLA2	161
MTLA1	PPNU03000009.1	81846	82025	polishcap_cap6	GCA_003708295.3_ASM370829v3	Phaffomycetales	Saccharomycetes	Ascomycota	Petasospora mycetangii	phylum_fallback	Ascomycota:MTL	PPNU03000009.1	72331	83395	medium	idiomorph_gene_only	A	50.0	50.0	MTLA1:50.0:polished_disagree;MTLA2:44.83:polished_single	MTLA1;MTLA2	not_testable		
MTLA1	PPMU03000001.1	256479	256643	polishcap_cap6	GCA_003707015.3_ASM370701v3	Phaffomycetales	Saccharomycetes	Ascomycota	Wickerhamomyces canadensis	phylum_fallback	Ascomycota:MTL	PPMU03000001.1	253294	258375	high	idiomorph_gene_only	A	58.18	58.18	MTLA1:58.18:polished_disagree;MTLA2:34.69:polished_single	MTLA1;MTLA2	not_testable		
MATA1	PPMU03000001.1	256479	256646	polishcap_cap6	GCA_003707015.3_ASM370701v3	Phaffomycetales	Saccharomycetes	Ascomycota	Wickerhamomyces canadensis	phylum_fallback	Ascomycota:MATsc	PPMU03000001.1	253294	258375	medium	partial_locus	MATa	62.5	62.5	MATA1:62.5:polished_agree	MATA1;sla2	supported	SLA2	69
MATALPHA2	JBXQSK010000245.1	2998	3153	polishcap_cap6	GCA_057557315.1_ASM5755731v1		Saccharomycetes	Ascomycota	Saccharomycetes sp.	phylum_fallback	Ascomycota:MATsc	JBXQSK010000245.1	2818	7805	high	mat_locus	MATalpha	53.85	53.85	MATA2:33.884:not_polish_candidate;MATALPHA2:53.85:polished_agree;MATALPHA1:33.33:polished_single	MATALPHA1;MATALPHA2;sla2	supported	SLA2	1530
MATA1	JBXQSK010000251.1	2736	2891	polishcap_cap6	GCA_057557315.1_ASM5755731v1		Saccharomycetes	Ascomycota	Saccharomycetes sp.	phylum_fallback	Ascomycota:MATsc	JBXQSK010000251.1	2667	6166	medium	partial_locus	MATa	50.0	50.0	MATA1:50.0:polished_single	MATA1;sla2	not_supported		
MAT1-2-1	MU968990.1	240870	240986	polishcap_cap6	GCA_038497425.1_Liptetra1	Lipomycetales	Lipomycetes	Ascomycota	Lipomyces tetrasporus	phylum_fallback	Ascomycota:MAT	MU968990.1	215332	244096	high	mat_locus	MAT1-2	47.5	34.04	MAT1-1-1:34.04:polished_single;MAT1-2-1:47.5:not_polish_candidate;MAT1-1-3:32.0:not_polish_candidate	MAT1-1-1;MAT1-2-1;APN2;SLA2	supported	APN2	2190
mata1	MU968990.1	239092	239202	polishcap_cap6	GCA_038497425.1_Liptetra1	Lipomycetales	Lipomycetes	Ascomycota	Lipomyces tetrasporus	phylum_fallback	Ascomycota:MATyl	MU968990.1	215332	244087	medium	mat_locus	A	37.838	37.838	mata1:37.838:unpolished	mata1;sla2;apn2	supported	APN2	3974
MAT1-2-1	MU968990.1	240933	241301	polishcap_cap6	GCA_038497425.1_Liptetra1	Lipomycetales	Lipomycetes	Ascomycota	Lipomyces tetrasporus	phylum_fallback	Ascomycota:MATtub	MU968990.1	215332	244096	medium	mat_locus	MAT1-2	37.37	37.37	MAT1-2-1:37.37:polished_single	MAT1-2-1;SLA2;APN2	supported	APN2	1875
MAT1-1-2	JAABLO010000001.1	878630	878911	polishcap_cap6	GCA_011067015.1_ASM1106701v1	Orbiliales	Orbiliomycetes	Ascomycota	Orbilia oligospora	phylum_fallback	Ascomycota:MAT	JAABLO010000001.1	878630	893700	medium	partial_locus	MAT1-1	27.523	27.523	MAT1-1-2:27.523:unpolished	APN2;COX13;MAT1-1-2	not_supported	APN2	12505
MAT1-1-3	JAJMBN010000106.1	46441	46563	polishcap_cap6	GCA_030572735.1_ASM3057273v1	Dipodascales	Dipodascomycetes	Ascomycota	Sugiyamaella mastotermitis	phylum_fallback	Ascomycota:MAT	JAJMBN010000106.1	21004	46563	medium	mat_locus	MAT1-1	33.333	33.333	MAT1-1-1:26.866:unpolished;MAT1-1-3:33.333:unpolished	MAT1-1-1;APN2;SLA2;MAT1-1-3	not_supported	APN2	19352
MTLA1	PPLZ03000061.1	4961	5134	polishcap_cap6	GCA_003706705.3_ASM370670v3	Phaffomycetales	Saccharomycetes	Ascomycota	Barnettozyma populi	phylum_fallback	Ascomycota:MTL	PPLZ03000061.1	107	6658	medium	mat_locus	A	48.28	48.28	MTLalpha2:25.893:unpolished;MTLalpha1:43.42:polished_disagree;MTLA1:48.28:polished_agree;MTLA2:41.935:unpolished	MTLA1;MTLA2;MTLalpha1;MTLalpha2;OBP1	not_testable		
MAT1-2-1	JAJTUG010000022.1	356609	356734	polishcap_cap6	GCA_036971535.1_ASM3697153v1	Orbiliales	Orbiliomycetes	Ascomycota	Drechslerella dactyloides	phylum_fallback	Ascomycota:MAT	JAJTUG010000022.1	341859	356785	medium	mat_locus	MAT1-2	42.857	42.857	MAT1-1-1:36.957:unpolished;MAT1-2-1:42.857:unpolished	MAT1-1-1;MAT1-2-1;APN2;COX13	not_supported	APN2	11835
MATA1	DG000068.1	766622	766852	polishcap_cap6	GCA_000328385.1_Cuti_1.0	Phaffomycetales	Saccharomycetes	Ascomycota	Williopsis jadinii	phylum_fallback	Ascomycota:MATsc	DG000068.1	764805	770071	medium	mat_locus	MATa	48.05	48.05	MATA2:37.037:unpolished;MATA1:48.05:polished_agree	MATA1;MATA2;sla2	supported	SLA2	100
MATA1	JAJMAJ010000003.1	170961	171134	polishcap_cap6	GCA_030572555.1_ASM3057255v1	Saccharomycetales	Saccharomycetes	Ascomycota	Candida sp.	phylum_fallback	Ascomycota:MATsc	JAJMAJ010000003.1	116722	195518	medium	mat_locus	MATa	62.07	62.07	MATA2:25.664:unpolished;MATA1:62.07:polished_agree	MATA1;MATA2;sla2	supported	SLA2	116
MTLA1	JAJMAJ010000003.1	170961	171134	polishcap_cap6	GCA_030572555.1_ASM3057255v1	Saccharomycetales	Saccharomycetes	Ascomycota	Candida sp.	phylum_fallback	Ascomycota:MTL	JAJMAJ010000003.1	116722	195518	medium	mat_locus	A	55.17	55.17	MTLA2:43.08:polished_single;MTLA1:55.17:polished_disagree	MTLA1;MTLA2;OBP1	not_testable		
MATA2	NC_060204.1	619594	619893	polishcap_cap6	GCF_020623625.1_UHD_SCDLUD_16	Saccharomycodales	Saccharomycetes	Ascomycota	Saccharomycodes ludwigii	phylum_fallback	Ascomycota:MATsc	NC_060204.1	583930	625360	high	mat_locus	MATalpha	41.584	34.67	MATA2:41.584:not_polish_candidate;MATALPHA2:31.75:polished_single;MATALPHA1:34.67:polished_single	MATALPHA1;MATALPHA2;sla2	supported	SLA2	2273
MTLalpha2	NC_060204.1	619594	619809	polishcap_cap6	GCF_020623625.1_UHD_SCDLUD_16	Saccharomycodales	Saccharomycetes	Ascomycota	Saccharomycodes ludwigii	phylum_fallback	Ascomycota:MTL	NC_060204.1	583930	625360	medium	mat_locus	alpha	37.5	37.5	MTLalpha2:37.5:polished_single;MTLalpha1:31.94:polished_single	MTLalpha1;MTLalpha2;PIK1	not_testable		
MAT1-2-1	JAJTUE010000010.1	329520	329615	polishcap_cap6	GCA_036971405.1_ASM3697140v1	Orbiliales	Orbiliomycetes	Ascomycota	Orbilia quercus	phylum_fallback	Ascomycota:MAT	JAJTUE010000010.1	321015	329618	medium	mat_locus	MAT1-2	53.125	53.125	MAT1-2-1:53.125:unpolished	MAT1-2-1;APN2;COX13	supported	APN2	4919
MAT1-2-1	PPJV02000047.1	16298	30411	polishcap_cap6	GCA_003705895.2_ASM370589v2	Lipomycetales	Lipomycetes	Ascomycota	Lipomyces japonicus	phylum_fallback	Ascomycota:MAT	PPJV02000047.1	230	32524	medium	mat_locus	MAT1-2	47.5	47.5	MAT1-1-4:40.625:unpolished;MAT1-2-1:47.5:polished_single;MAT1-1-2:34.043:unpolished;MAT1-1-3:29.703:not_polish_candidate;MAT1-1-1:28.571:unpolished	MAT1-1-1;MAT1-2-1;APN2;SLA2;MAT1-1-2;MAT1-1-4	supported	SLA2	392
MAT1-2-1	PPJV02000047.1	30100	30426	polishcap_cap6	GCA_003705895.2_ASM370589v2	Lipomycetales	Lipomycetes	Ascomycota	Lipomyces japonicus	phylum_fallback	Ascomycota:MATtub	PPJV02000047.1	230	32524	medium	mat_locus	MAT1-2	44.44	44.44	MAT1-2-1:44.44:polished_single	MAT1-2-1;SLA2;APN2	supported	APN2	1298
MAT1-1-3	PPJJ03000115.1	28258	28347	polishcap_cap6	GCA_003705735.3_ASM370573v3	Dipodascales	Dipodascomycetes	Ascomycota	Blastobotrys peoriensis	phylum_fallback	Ascomycota:MAT	PPJJ03000115.1	9423	32941	medium	partial_locus	MAT1-1	40.0	40.0	MAT1-1-3:40.0:unpolished	APN2;SLA2;MAT1-1-3	supported	APN2	994
MAT1-2-1	PPJJ03000115.1	9423	9704	polishcap_cap6	GCA_003705735.3_ASM370573v3	Dipodascales	Dipodascomycetes	Ascomycota	Blastobotrys peoriensis	phylum_fallback	Ascomycota:MATtub	PPJJ03000115.1	9423	32941	medium	mat_locus	MAT1-2	25.49	25.49	MAT1-2-1:25.49:unpolished	MAT1-2-1;SLA2;APN2	not_supported	APN2	16613
MATA1	CP012819.1	1929535	1929642	polishcap_cap6	GCA_001936135.1_KJJ81	Ascoideales	Saccharomycetes	Ascomycota	Saccharomycopsis fibuligera x Saccharomycopsis cf. fibuligera	phylum_fallback	Ascomycota:MATsc	CP012819.1	1926085	1945007	medium	mat_locus	MATalpha	47.222	47.222	MATA1:47.222:unpolished;MATALPHA1:40.51:polished_single;MATA2:40.45:polished_agree;MATALPHA2:40.45:polished_disagree	MATALPHA1;MATALPHA2;MATA1;MATA2;sla2	not_supported		
MTLA1	CP012819.1	1929535	1929642	polishcap_cap6	GCA_001936135.1_KJJ81	Ascoideales	Saccharomycetes	Ascomycota	Saccharomycopsis fibuligera x Saccharomycopsis cf. fibuligera	phylum_fallback	Ascomycota:MTL	CP012819.1	1926085	1945025	medium	idiomorph_gene_only	alpha	47.222	47.222	MTLA1:47.222:unpolished;MTLA2:29.27:polished_single;MTLalpha1:47.19:polished_single;MTLalpha2:22.6:polished_single	MTLA1;MTLA2;MTLalpha1;MTLalpha2	not_testable		
MTLA1	CP012812.1	1956216	1956317	polishcap_cap6	GCA_001936135.1_KJJ81	Ascoideales	Saccharomycetes	Ascomycota	Saccharomycopsis fibuligera x Saccharomycopsis cf. fibuligera	phylum_fallback	Ascomycota:MTL	CP012812.1	1952777	1972723	medium	idiomorph_gene_only	alpha	50.0	50.0	MTLA1:50.0:unpolished;MTLA2:31.71:polished_single;MTLalpha1:42.34:polished_single;MTLalpha2:22.93:polished_single	MTLA1;MTLA2;MTLalpha1;MTLalpha2	not_testable		
MATALPHA1	CP012812.1	1971144	1971368	polishcap_cap6	GCA_001936135.1_KJJ81	Ascoideales	Saccharomycetes	Ascomycota	Saccharomycopsis fibuligera x Saccharomycopsis cf. fibuligera	phylum_fallback	Ascomycota:MATsc	CP012812.1	1952777	1972723	medium	mat_locus	MATalpha	37.33	37.33	MATA1:35.294:unpolished;MATALPHA1:37.33:polished_single;MATALPHA2:30.928:not_polish_candidate;MATA2:32.26:polished_single	MATALPHA1;MATA1;MATA2;sla2	not_supported	SLA2	15257
MAT1-2-1	MQSX02000010.1	178128	178238	polishcap_cap6	GCA_001939105.2_Sxyl_2.0	Dipodascales	Dipodascomycetes	Ascomycota	Sugiyamaella xylanicola	phylum_fallback	Ascomycota:MAT	MQSX02000010.1	173788	180995	medium	mat_locus	MAT1-2	39.474	39.474	MAT1-2-1:39.474:unpolished	MAT1-2-1;APN2;SLA2	supported	SLA2	1185
mata1	MQSX02000010.1	177079	177204	polishcap_cap6	GCA_001939105.2_Sxyl_2.0	Dipodascales	Dipodascomycetes	Ascomycota	Sugiyamaella xylanicola	phylum_fallback	Ascomycota:MATyl	MQSX02000010.1	173788	180995	medium	mat_locus	A	45.238	45.238	mata1:45.238:unpolished	mata1;sla2;apn2	supported	SLA2	136
MTLA2	CALEJJ010000961.1	19374	19746	polishcap_cap6	GCA_937898345.1_SRR3997477_bin.88_CONCOCT_v1.1_MAG		Saccharomycetes	Ascomycota	uncultured Saccharomycetales	phylum_fallback	Ascomycota:MTL	CALEJJ010000961.1	18435	22805	high	mat_locus	A	37.04	37.04	MTLA1:31.58:polished_single;MTLA2:37.04:polished_single	MTLA1;MTLA2;PIK1	not_testable		
MAT1-1-1	JAJTUH010000011.1	398105	398221	polishcap_cap6	GCA_036971555.1_ASM3697155v1	Orbiliales	Orbiliomycetes	Ascomycota	Drechslerella coelobrocha	phylum_fallback	Ascomycota:MAT	JAJTUH010000011.1	371954	398488	medium	mat_locus	MAT1-1	38.462	38.462	MAT1-1-2:25.275:unpolished;MAT1-1-1:38.462:unpolished	MAT1-1-1;APN2;COX13;MAT1-1-2	supported	APN2	7450
MATA1	JAKTRI010000005.1	16886	17023	polishcap_cap6	GCA_030579615.1_ASM3057961v1	Sporopachydermiales	Sporopachydermiomycetes	Ascomycota	Sporopachydermia quercuum	phylum_fallback	Ascomycota:MATsc	JAKTRI010000005.1	9416	38447	medium	mat_locus	MATa	43.478	41.86	MATA2:41.86:polished_single;MATALPHA1:35.849:unpolished;MATA1:43.478:not_polish_candidate;MATALPHA2:33.333:not_polish_candidate	MATALPHA1;MATALPHA2;MATA1;MATA2;sla2	supported	SLA2	182
MATA1	JAOBAW010000006.1	339783	339998	polishcap_cap6	GCA_026545255.1_WickAnom_M2_INAB_v1	Phaffomycetales	Saccharomycetes	Ascomycota	Hansenula anomala	phylum_fallback	Ascomycota:MATsc	JAOBAW010000006.1	336542	341815	medium	partial_locus	MATa	63.64	63.64	MATA1:63.64:polished_single	MATA1;sla2	supported	SLA2	110
MATA1	CDRNKE010000003.1	1856553	1856738	polishcap_cap6	GCA_977014385.1_UCD2211_Cansol	Phaffomycetales	Saccharomycetes	Ascomycota	Waltiozyma solani	phylum_fallback	Ascomycota:MATsc	CDRNKE010000003.1	1802229	1856813	medium	mat_locus	MATa	50.0	50.0	MATA2:27.731:unpolished;MATA1:50.0:polished_agree	MATA1;MATA2;sla2	supported	SLA2	170
MATA1	JAKUAP010000035.1	32171	32362	polishcap_cap6	GCA_030563005.1_ASM3056300v1	Phaffomycetales	Saccharomycetes	Ascomycota	Komagataea qinlingensis	phylum_fallback	Ascomycota:MATsc	JAKUAP010000035.1	30563	35625	medium	mat_locus	MATa	54.69	54.69	MATA2:41.935:unpolished;MATA1:54.69:polished_disagree	MATA1;MATA2;sla2	supported	SLA2	105
mata1	JAKUAP010000035.1	32234	32356	polishcap_cap6	GCA_030563005.1_ASM3056300v1	Phaffomycetales	Saccharomycetes	Ascomycota	Komagataea qinlingensis	phylum_fallback	Ascomycota:MATyl	JAKUAP010000035.1	30563	35625	medium	mat_locus	A	46.34	46.34	mata2:32.353:unpolished;mata1:46.34:polished_single	mata1;mata2;sla2	supported	SLA2	111
MAT1-2-10	JAVHNS010000010.1	358519	358785	polishcap_cap6	GCA_036872755.1_ASM3687275v1	Orbiliales	Orbiliomycetes	Ascomycota	Orbilia blumenaviensis	phylum_fallback	Ascomycota:MAT	JAVHNS010000010.1	358519	372013	medium	partial_locus	MAT1-2	27.473	27.473	MAT1-2-10:27.473:unpolished	APN2;COX13;MAT1-2-10	not_supported	APN2	10956
MATA1	JBSNFW010000043.1	27765	27947	polishcap_cap6	GCA_060251825.1_ASM6025182v1	Phaffomycetales	Saccharomycetes	Ascomycota	Wickerhamomyces sp. 31-2-9-9	phylum_fallback	Ascomycota:MATsc	JBSNFW010000043.1	26189	78657	medium	mat_locus	MATa	60.66	60.66	MATA2:36.585:unpolished;MATA1:60.66:polished_agree;MATALPHA2:31.25:not_polish_candidate;MATALPHA1:30.357:unpolished	MATALPHA1;MATA1;MATA2;sla2	supported	SLA2	94
MAT1-2-1	JAVHNQ010000003.1	2121805	2121894	polishcap_cap6	GCA_036872635.1_ASM3687263v1	Orbiliales	Orbiliomycetes	Ascomycota	Orbilia brochopaga	phylum_fallback	Ascomycota:MAT	JAVHNQ010000003.1	2110495	2121978	medium	mat_locus	MAT1-2	56.667	56.667	MAT1-2-1:56.667:unpolished	MAT1-2-1;APN2;COX13	supported	APN2	8320
MATA1	JBOOIY010000006.1	67962	68177	polishcap_cap6	GCA_052576265.1_ASM5257626v1	Phaffomycetales	Saccharomycetes	Ascomycota	Hansenula anomala	phylum_fallback	Ascomycota:MATsc	JBOOIY010000006.1	64724	111157	medium	partial_locus	MATa	63.64	63.64	MATA1:63.64:polished_single	MATA1;sla2	supported	SLA2	110
MATA1	JAJMLR010000017.1	214665	214925	polishcap_cap6	GCA_030569745.1_ASM3056974v1	Phaffomycetales	Saccharomycetes	Ascomycota	Petasospora bimundalis	phylum_fallback	Ascomycota:MATsc	JAJMLR010000017.1	192444	216227	medium	mat_locus	MATa	41.38	41.38	MATA1:41.38:polished_agree;MATALPHA2:25.0:not_polish_candidate;MATA2:36.111:unpolished	MATA1;MATA2;sla2	supported	SLA2	112
MTLA1	JAJMLR010000017.1	214650	214853	polishcap_cap6	GCA_030569745.1_ASM3056974v1	Phaffomycetales	Saccharomycetes	Ascomycota	Petasospora bimundalis	phylum_fallback	Ascomycota:MTL	JAJMLR010000017.1	192444	216227	medium	idiomorph_gene_only	A	45.59	45.59	MTLA1:45.59:polished_disagree;MTLA2:38.46:polished_single	MTLA1;MTLA2	not_testable		
MATALPHA1	JAIZYX010000002.1	1802172	1802363	polishcap_cap6	GCA_046457515.1_Macr_Wsub_1	Phaffomycetales	Saccharomycetes	Ascomycota	Hansenula subpelliculosa	phylum_fallback	Ascomycota:MATsc	JAIZYX010000002.1	1742374	1805922	medium	mat_locus	MATalpha	44.615	44.615	MATALPHA2:31.91:polished_single;MATA2:37.209:not_polish_candidate;MATALPHA1:44.615:unpolished	MATALPHA1;MATALPHA2;sla2	supported	SLA2	413
MAT1-1-1	JAJMCE010000186.1	10006	10134	polishcap_cap6	GCA_030585005.1_ASM3058500v1	Dipodascales	Dipodascomycetes	Ascomycota	Yarrowia brassicae	phylum_fallback	Ascomycota:MAT	JAJMCE010000186.1	2943	10962	medium	mat_locus	MAT1-1	34.783	34.783	MAT1-1-1:34.783:unpolished	MAT1-1-1;APN2;SLA2	supported	SLA2	0
MAT1-2-1	JAJMIH010000041.1	24277	24426	polishcap_cap6	GCA_030575175.1_ASM3057517v1	Dipodascales	Dipodascomycetes	Ascomycota	Sugiyamaella novakii	phylum_fallback	Ascomycota:MAT	JAJMIH010000041.1	19452	80862	medium	mat_locus	MAT1-2	34.0	34.0	MAT1-2-1:34.0:unpolished	MAT1-2-1;APN2;SLA2	supported	APN2	1251
mata2	JAJMIH010000041.1	24259	24432	polishcap_cap6	GCA_030575175.1_ASM3057517v1	Dipodascales	Dipodascomycetes	Ascomycota	Sugiyamaella novakii	phylum_fallback	Ascomycota:MATyl	JAJMIH010000041.1	19452	80862	medium	mat_locus	A	29.31	29.31	mata2:29.31:unpolished	mata2;sla2;apn2	supported	APN2	1245
matPi	JAJMIH010000089.1	28306	28524	polishcap_cap6	GCA_030575175.1_ASM3057517v1	Dipodascales	Dipodascomycetes	Ascomycota	Sugiyamaella novakii	phylum_fallback	Ascomycota:PM	JAJMIH010000089.1	22690	28524	medium	idiomorph_gene_only	P	43.84	43.84	matMc:37.08:polished_single;matPi:43.84:polished_single	matMc;matPi	not_supported		
MAT1-1-5	JAKIRT010000005.1	353688	353822	polishcap_cap6	GCA_022577695.1_ASM2257769v1	Dipodascales	Dipodascomycetes	Ascomycota	Wickerhamiella spandovensis	phylum_fallback	Ascomycota:MAT	JAKIRT010000005.1	305568	481875	medium	mat_locus	MAT1-1	39.13	39.13	MAT1-1-5:39.13:unpolished;MAT1-1-4:36.667:unpolished;MAT1-1-1:38.71:unpolished	MAT1-1-1;APN2;SLA2;COX13;MAT1-1-5;MAT1-1-4	not_supported	APN2	65051
MAT1-2-1	JAJTTS010000003.1	2514760	2514918	polishcap_cap6	GCA_036971165.1_ASM3697116v1	Orbiliales	Orbiliomycetes	Ascomycota	Arthrobotrys iridis	phylum_fallback	Ascomycota:MAT	JAJTTS010000003.1	2503477	2514933	high	mat_locus	MAT1-2	35.85	35.85	MAT1-2-1:35.85:polished_single	MAT1-2-1;APN2;COX13	supported	APN2	7665
MATA1	JAJMEM010000026.1	142012	142194	polishcap_cap6	GCA_030574135.1_ASM3057413v1	Phaffomycetales	Saccharomycetes	Ascomycota	Petasospora petersonii	phylum_fallback	Ascomycota:MATsc	JAJMEM010000026.1	130941	143906	medium	partial_locus	MATa	50.82	50.82	MATA1:50.82:polished_agree	MATA1;sla2	supported	SLA2	587
MAT1-1-1	JASTVC010000035.1	25516	25611	polishcap_cap6	GCA_031125765.1_ASM3112576v1	Ascoideales	Saccharomycetes	Ascomycota	Saccharomycopsis amapae	phylum_fallback	Ascomycota:MAT	JASTVC010000035.1	10715	88744	medium	mat_locus	MAT1-1	43.75	43.75	MAT1-1-2:31.25:unpolished;MAT1-1-1:43.75:unpolished	MAT1-1-1;SLA2;COX13;MAT1-1-2	not_supported	SLA2	43944
MAT1-2-1	JANJPG010000479.1	3550	3935	polishcap_cap6	GCA_030407185.1_ASM3040718v1	Lipomycetales	Lipomycetes	Ascomycota	Lipomyces yarrowii	phylum_fallback	Ascomycota:MATtub	JANJPG010000479.1	796	5725	medium	mat_locus	MAT1-2	38.0	38.0	MAT1-2-1:38.0:polished_single	MAT1-2-1;APN2	supported	APN2	1945
MTLA2	JAXQKK010000058.1	38909	39158	polishcap_cap6	GCA_037042445.1_ASM3704244v1	Phaffomycetales	Saccharomycetes	Ascomycota	Hansenula sp. Y91-04	phylum_fallback	Ascomycota:MTL	JAXQKK010000058.1	9434	39371	high	idiomorph_gene_only	A	51.72	51.72	MTLA1:42.37:polished_single;MTLA2:51.72:polished_single	MTLA1;MTLA2	not_testable		
MATA1	JAXQKK010000058.1	37159	37389	polishcap_cap6	GCA_037042445.1_ASM3704244v1	Phaffomycetales	Saccharomycetes	Ascomycota	Hansenula sp. Y91-04	phylum_fallback	Ascomycota:MATsc	JAXQKK010000058.1	9434	39371	medium	partial_locus	MATa	61.02	61.02	MATA1:61.02:polished_disagree	MATA1;sla2	supported	SLA2	99
MATA1	JAJMFM010000007.1	107040	107204	polishcap_cap6	GCA_030574875.1_ASM3057487v1	Phaffomycetales	Saccharomycetes	Ascomycota	Taiozyma peoriensis	phylum_fallback	Ascomycota:MATsc	JAJMFM010000007.1	77812	130345	medium	mat_locus	MATa	56.36	56.36	MATA1:56.36:polished_disagree;MATA2:31.395:unpolished	MATA1;MATA2;sla2	supported	SLA2	83
MTLA1	JAJMFM010000007.1	107037	107282	polishcap_cap6	GCA_030574875.1_ASM3057487v1	Phaffomycetales	Saccharomycetes	Ascomycota	Taiozyma peoriensis	phylum_fallback	Ascomycota:MTL	JAJMFM010000007.1	77812	130345	medium	mat_locus	A	42.68	42.68	MTLalpha1:37.5:unpolished;MTLA1:42.68:polished_disagree;MTLA2:36.84:polished_single	MTLA1;MTLA2;MTLalpha1;PAP1	not_testable		
MAT1-2-1	JAMAJT010000002.1	216706	216855	polishcap_cap6	GCA_023628915.1_ASM2362891v1	Dipodascales	Dipodascomycetes	Ascomycota	Trichomonascaceae sp. Y4102	phylum_fallback	Ascomycota:MAT	JAMAJT010000002.1	199621	243754	medium	mat_locus	MAT1-2	33.962	33.962	MAT1-2-1:33.962:unpolished;MAT1-1-1:26.0:unpolished	MAT1-1-1;MAT1-2-1;APN2;SLA2	supported	APN2	381
MTLA1	JAJMRY010000070.1	4199	4360	polishcap_cap6	GCA_030558145.1_ASM3055814v1	Phaffomycetales	Saccharomycetes	Ascomycota	Barnettozyma sucrosica	phylum_fallback	Ascomycota:MTL	JAJMRY010000070.1	324	5944	medium	mat_locus	A	50.0	50.0	MTLalpha1:43.42:polished_disagree;MTLA1:50.0:polished_agree;MTLA2:37.143:unpolished	MTLA1;MTLA2;MTLalpha1;OBP1	not_testable		
MAT1-1-1	JASTUX010000026.1	74537	74698	polishcap_cap6	GCA_031125595.1_ASM3112559v1	Ascoideales	Saccharomycetes	Ascomycota	Saccharomycopsis capsularis	phylum_fallback	Ascomycota:MAT	JASTUX010000026.1	70693	116290	medium	mat_locus	MAT1-1	42.593	42.593	MAT1-1-1:42.593:unpolished	MAT1-1-1;APN2;SLA2;COX13	supported	SLA2	749
MTLalpha1	JASTUX010000026.1	74477	74998	polishcap_cap6	GCA_031125595.1_ASM3112559v1	Ascoideales	Saccharomycetes	Ascomycota	Saccharomycopsis capsularis	phylum_fallback	Ascomycota:MTL	JASTUX010000026.1	70693	116290	medium	mat_locus	alpha	28.65	28.65	MTLalpha1:28.65:polished_disagree;MTLalpha2:19.53:polished_single	MTLalpha1;MTLalpha2;PIK1	not_testable		
MATALPHA1	JASTUX010000026.1	74498	74710	polishcap_cap6	GCA_031125595.1_ASM3112559v1	Ascoideales	Saccharomycetes	Ascomycota	Saccharomycopsis capsularis	phylum_fallback	Ascomycota:MATsc	JASTUX010000026.1	70693	116290	medium	mat_locus	MATalpha	39.44	39.44	MATALPHA1:39.44:polished_single;MATA2:35.0:polished_disagree;MATALPHA2:39.394:not_polish_candidate;MATA1:27.5:unpolished	MATALPHA1;MATA1;MATA2;sla2	supported	SLA2	710
MATA2	JBSNFQ010000016.1	45239	45334	polishcap_cap6	GCA_060251675.1_ASM6025167v1	Phaffomycetales	Saccharomycetes	Ascomycota	Wickerhamomyces sp. YK72Y-2	phylum_fallback	Ascomycota:MATsc	JBSNFQ010000016.1	33861	45334	medium	mat_locus	MATalpha	46.875	46.875	MATALPHA1:37.5:polished_single;MATA2:46.875:unpolished;MATALPHA2:46.875:unpolished	MATALPHA1;MATALPHA2;MATA2;sla2	supported	SLA2	1630
MATA1	JAKTOZ010000022.1	226495	226740	polishcap_cap6	GCA_030557345.1_ASM3055734v1	Phaffomycetales	Saccharomycetes	Ascomycota	Petasospora maritima	phylum_fallback	Ascomycota:MATsc	JAKTOZ010000022.1	223244	228134	medium	mat_locus	MATa	43.9	43.9	MATA1:43.9:polished_disagree;MATA2:24.615:unpolished	MATA1;MATA2;sla2	supported	SLA2	123
MAT1-2-1	JAKUBJ010000120.1	18258	18569	polishcap_cap6	GCA_030566855.1_ASM3056685v1	Trigonopsidales	Trigonopsidomycetes	Ascomycota	Tortispora sangerardonensis	phylum_fallback	Ascomycota:MATtub	JAKUBJ010000120.1	16970	18869	medium	mat_locus	MAT1-2	37.97	37.97	MAT1-2-1:37.97:polished_single	MAT1-2-1;APN2	supported	APN2	356
MTLA2	DAGWRA010000020.1	143357	143610	polishcap_cap6	GCA_029290875.1_ASM2929087v1	Saccharomycetales	Saccharomycetes	Ascomycota	Saccharomycetales sp.	phylum_fallback	Ascomycota:MTL	DAGWRA010000020.1	85498	143847	medium	partial_locus	A	37.14	37.14	MTLA2:37.14:polished_disagree	MTLA2;PAP1;OBP1;PIK1	not_testable		
sexM	CAXYTU010000169.1	106913	107110	early_diverging	GCA_964291815.1_UMBE_WA70503	Umbelopsidales	Umbelopsidomycetes	Mucoromycota	Umbelopsis sp. WA50703	phylum_fallback	Mucoromycota:MAT	CAXYTU010000169.1	106865	111000	medium	mat_locus	Minus	36.232	36.232	sexP:27.778:not_polish_candidate;sexM:36.232:unpolished	tptA;sexM;algA	not_testable		
sexP	JAXQGL010000038.1	237670	237840	early_diverging	GCA_037039815.1_ASM3703981v1	Umbelopsidales	Umbelopsidomycetes	Mucoromycota	Umbelopsis sp. M5902	phylum_fallback	Mucoromycota:MAT	JAXQGL010000038.1	212610	237840	medium	mat_locus	Plus	22.807	22.807	sexP:22.807:unpolished	sexP;rnhA;glrA	not_testable		
sexM	JAXQGL010000038.1	443563	443739	early_diverging	GCA_037039815.1_ASM3703981v1	Umbelopsidales	Umbelopsidomycetes	Mucoromycota	Umbelopsis sp. M5902	phylum_fallback	Mucoromycota:MAT	JAXQGL010000038.1	439445	444075	medium	mat_locus	Minus	36.364	36.364	sexM:36.364:unpolished;sexP:33.333:not_polish_candidate	tptA;sexM;algA	not_testable		
sexP	JANJFK010000028.1	163820	163966	early_diverging	GCA_027595865.1_Umbelopsis_isabellina_MPG-14A_reass_enz	Umbelopsidales	Umbelopsidomycetes	Mucoromycota	Umbelopsis isabellina	phylum_fallback	Mucoromycota:MAT	JANJFK010000028.1	163721	168087	medium	mat_locus	Plus	42.857	42.857	sexM:33.824:not_polish_candidate;sexP:42.857:unpolished	tptA;sexP;algA	not_testable		
sexP	JNEQ01000056.1	749174	749320	early_diverging	GCA_000697415.1_UmbIsaB7317-1.0	Umbelopsidales	Umbelopsidomycetes	Mucoromycota	Umbelopsis isabellina	phylum_fallback	Mucoromycota:MAT	JNEQ01000056.1	749075	753439	medium	mat_locus	Plus	42.857	42.857	sexM:33.824:not_polish_candidate;sexP:42.857:unpolished	tptA;sexP;algA	not_testable		
sexP	JAEPQZ010000017.1	119836	119940	early_diverging	GCA_016758905.1_ASM1675890v1	Umbelopsidales	Umbelopsidomycetes	Mucoromycota	Umbelopsis isabellina	phylum_fallback	Mucoromycota:MAT	JAEPQZ010000017.1	104013	119940	medium	mat_locus	Plus	34.286	34.286	sexP:34.286:unpolished	sexP;rnhA;glrA	not_testable		
sexP	JAEPQZ010000017.1	416403	416543	early_diverging	GCA_016758905.1_ASM1675890v1	Umbelopsidales	Umbelopsidomycetes	Mucoromycota	Umbelopsis isabellina	phylum_fallback	Mucoromycota:MAT	JAEPQZ010000017.1	412287	416732	medium	mat_locus	Plus	41.667	41.667	sexM:29.851:not_polish_candidate;sexP:41.667:unpolished	tptA;sexP;algA	not_testable		
sexP	JAJSME010000005.1	1359643	1359879	early_diverging	GCA_021235465.1_Umbelo1	Umbelopsidales	Umbelopsidomycetes	Mucoromycota	Umbelopsis sp. PMI_123	phylum_fallback	Mucoromycota:MAT	JAJSME010000005.1	1355538	1373528	high	mat_locus	Plus	40.79	40.79	sexM:26.087:not_polish_candidate;sexP:40.79:polished_single	tptA;sexP;algA;glrA	not_testable		
sexM	NW_026252087.1	153161	153250	early_diverging	GCF_025399195.1_Umbra1	Umbelopsidales	Umbelopsidomycetes	Mucoromycota	Umbelopsis ramanniana	phylum_fallback	Mucoromycota:MAT	NW_026252087.1	139483	157423	medium	mat_locus	Minus	36.667	36.667	sexP:30.12:not_polish_candidate;sexM:36.667:unpolished	tptA;sexM;algA;glrA	not_testable		
sexM	JAEPRA010000016.1	154498	154704	early_diverging	GCA_016758895.1_ASM1675889v1	Umbelopsidales	Umbelopsidomycetes	Mucoromycota	Umbelopsis vinacea	phylum_fallback	Mucoromycota:MAT	JAEPRA010000016.1	141223	158571	medium	mat_locus	Minus	36.232	36.232	sexP:27.451:not_polish_candidate;sexM:36.232:unpolished	tptA;sexM;algA;glrA	not_testable		
sexP	BAVE01000001.1	119792	119941	early_diverging	GCA_000534915.1_ASM53491v1	Umbelopsidales	Umbelopsidomycetes	Mucoromycota	Umbelopsis isabellina	phylum_fallback	Mucoromycota:MAT	BAVE01000001.1	119579	124056	medium	mat_locus	Plus	48.0	48.0	sexM:35.294:not_polish_candidate;sexP:48.0:polished_single	tptA;sexP;algA	not_testable		
sexM	JAYKKX010000013.1	106862	107059	early_diverging	GCA_053572175.1_ASM5357217v1	Umbelopsidales	Umbelopsidomycetes	Mucoromycota	Umbelopsis sp. WA50703	phylum_fallback	Mucoromycota:MAT	JAYKKX010000013.1	106814	110949	medium	mat_locus	Minus	36.232	36.232	sexP:27.778:not_polish_candidate;sexM:36.232:unpolished	tptA;sexM;algA	not_testable		
sexP	BAAHSD010000001.1	156095	156247	early_diverging	GCA_054906655.1_Umbelopsis_nana_v._1.0	Umbelopsidales	Umbelopsidomycetes	Mucoromycota	Umbelopsis nana	phylum_fallback	Mucoromycota:MAT	BAAHSD010000001.1	143205	160100	medium	mat_locus	Plus	33.333	33.333	sexM:28.0:not_polish_candidate;sexP:33.333:unpolished	tptA;sexP;algA;glrA	not_testable		
sexP	CDSBDH010000020.1	170428	170667	early_diverging	GCA_977110945.1_gzUmbRama1	Umbelopsidales	Umbelopsidomycetes	Mucoromycota	Umbelopsis ramanniana	phylum_fallback	Mucoromycota:MAT	CDSBDH010000020.1	157103	193735	high	mat_locus	Plus	30.0	30.0	sexP:30.0:polished_single;sexM:25.0:not_polish_candidate	tptA;sexP;algA;glrA	not_testable		
sexM	CDSBDG010000016.1	219389	219592	early_diverging	GCA_977110975.1_gzUmbVina2	Umbelopsidales	Umbelopsidomycetes	Mucoromycota	Umbelopsis vinacea	phylum_fallback	Mucoromycota:MAT	CDSBDG010000016.1	219389	223444	medium	mat_locus	Minus	34.783	34.783	sexM:34.783:unpolished;sexP:29.412:not_polish_candidate	tptA;sexM;algA	not_testable		
