GCA_000166995.1_ASM16699v1	HML:flank_missing(L=0,R=0)	MAT:flank_missing(L=0,R=0)	HMR:flank_missing(L=0,R=0)
GCA_000151485.1_ASM15148v1	HML:gap=5103;N=0;contig=CM000923.1;pos=13125	MAT:gap=4499;N=0;contig=CM000923.1;pos=200499	HMR:gap=3945;N=0;contig=CM000923.1;pos=294542
GCA_000166955.1_ASM16695v1	HML:flank_missing(L=0,R=0)	MAT:flank_missing(L=0,R=0)	HMR:flank_missing(L=0,R=0)
GCA_000167035.1_ASM16703v1	HML:flank_missing(L=0,R=0)	MAT:flank_missing(L=0,R=0)	HMR:flank_missing(L=0,R=0)
GCA_000181435.1_ASM18143v1	HML:split_contigs	MAT:gap=4499;N=0;contig=AAFW02000089.1;pos=178693	HMR:gap=3524;N=0;contig=AAFW02000089.1;pos=272689
GCA_000167075.2_Saccharomyces_kudriavzevii_strain_IFO1802_v1.0	HML:flank_missing(L=0,R=0)	MAT:flank_missing(L=0,R=0)	HMR:flank_missing(L=0,R=0)
GCA_000182095.2_ASM18209v2	HML:split_contigs	MAT:gap=4888;N=1761;contig=MU018917.1;pos=60938	HMR:flank_missing(L=1,R=0)
GCA_000182115.1_ASM18211v1	HML:flank_missing(L=0,R=1)	MAT:split_contigs	HMR:flank_missing(L=1,R=0)
GCA_000182175.1_ASM18217v1	HML:flank_missing(L=0,R=1)	MAT:split_contigs	HMR:split_contigs
GCA_000190195.1_ScAWRI796_v01	HML:gap=4510;N=0;contig=CM001080.1;pos=304	MAT:gap=6236;N=100;contig=CM001080.1;pos=181160	HMR:gap=3108;N=100;contig=CM001080.1;pos=276949
GCA_000182315.2_ASM18231v2	HML:split_contigs	MAT:split_contigs	HMR:split_contigs
GCA_000190215.1_ScVIN13_v01	HML:split_contigs	MAT:gap=2511;N=100;contig=CM001096.1;pos=179535	HMR:split_contigs
GCA_000190235.1_ScVL3_v01	HML:split_contigs	MAT:gap=2866;N=100;contig=CM001128.1;pos=177736	HMR:gap=2826;N=100;contig=CM001128.1;pos=270408
GCA_000190255.1_ScFostersB_v01	HML:flank_missing(L=0,R=1)	MAT:gap=4399;N=0;contig=CM001112.1;pos=179243	HMR:flank_missing(L=0,R=0)
GCA_000209265.1_Saccharomyces_cerevisiae_PW5-1.0	HML:split_contigs	MAT:gap=4500;N=2492;contig=GL889011.1;pos=30901	HMR:gap=2653;N=1433;contig=GL889025.1;pos=59289
GCA_000209285.1_Saccharomyces_cerevisiae_UC5-1.0	HML:split_contigs	MAT:gap=4393;N=2289;contig=GL889073.1;pos=102150	HMR:gap=4536;N=2757;contig=GL889073.1;pos=7437
GCA_000209305.1_Saccharomyces_cerevisiae_T73-1.0	HML:split_contigs	MAT:flank_missing(L=0,R=0)	HMR:flank_missing(L=0,R=0)
GCA_000209365.1_Saccharomyces_cerevisiae_T7-1.0	HML:gap=4826;N=232;contig=GL890491.1;pos=68675	MAT:split_contigs	HMR:split_contigs
GCA_000218975.1_ASM21897v1	HML:split_contigs	MAT:gap=4394;N=0;contig=FN393062.1;pos=185051	HMR:gap=3602;N=0;contig=FN393062.1;pos=278857
GCA_000234495.1_EC9-8_1.0	HML:split_contigs	MAT:gap=4462;N=2433;contig=JH376973.1;pos=112456	HMR:gap=4189;N=3113;contig=JH376973.1;pos=15179
GCA_000256055.1_Saccharomyces_kudriavzevii_strain_FM1056_v1.0	HML:flank_missing(L=0,R=0)	MAT:flank_missing(L=0,R=0)	HMR:flank_missing(L=0,R=0)
GCA_000256765.1_Saccharomyces_kudriavzevii_strain_FM1066_v1.0	HML:flank_missing(L=0,R=0)	MAT:flank_missing(L=0,R=0)	HMR:flank_missing(L=0,R=0)
GCA_000256745.1_Saccharomyces_kudriavzevii_strain_FM1057_v1.0	HML:flank_missing(L=0,R=0)	MAT:flank_missing(L=0,R=0)	HMR:flank_missing(L=0,R=0)
GCA_000256785.1_Saccharomyces_kudriavzevii_strain_FM1062_v1.0	HML:flank_missing(L=0,R=0)	MAT:flank_missing(L=0,R=0)	HMR:flank_missing(L=0,R=0)
GCA_000256805.1_Saccharomyces_kudriavzevii_strain_FM1073_v1.0	HML:flank_missing(L=0,R=0)	MAT:flank_missing(L=0,R=0)	HMR:flank_missing(L=0,R=0)
GCA_000256845.1_Saccharomyces_kudriavzevii_strain_FM1072_v1.0	HML:flank_missing(L=0,R=0)	MAT:flank_missing(L=0,R=0)	HMR:flank_missing(L=0,R=0)
GCA_000256825.1_Saccharomyces_kudriavzevii_strain_FM1071_v1.0	HML:flank_missing(L=0,R=0)	MAT:flank_missing(L=0,R=0)	HMR:flank_missing(L=0,R=0)
GCA_000256865.1_Saccharomyces_kudriavzevii_strain_FM1069_v1.0	HML:flank_missing(L=0,R=0)	MAT:flank_missing(L=0,R=0)	HMR:flank_missing(L=0,R=0)
GCA_000256885.1_Saccharomyces_kudriavzevii_strain_FM1076_v1.0	HML:flank_missing(L=0,R=0)	MAT:flank_missing(L=0,R=0)	HMR:flank_missing(L=0,R=0)
GCA_000256925.1_Saccharomyces_kudriavzevii_strain_FM1074_v1.0	HML:flank_missing(L=0,R=0)	MAT:flank_missing(L=0,R=0)	HMR:flank_missing(L=0,R=0)
GCA_000256965.1_Saccharomyces_kudriavzevii_strain_FM1094_v1.0	HML:flank_missing(L=0,R=0)	MAT:flank_missing(L=0,R=0)	HMR:flank_missing(L=0,R=0)
GCA_000256905.1_Saccharomyces_kudriavzevii_strain_FM1075_v1.0	HML:flank_missing(L=0,R=0)	MAT:flank_missing(L=0,R=0)	HMR:flank_missing(L=0,R=0)
GCA_000256985.1_Saccharomyces_kudriavzevii_strain_FM1077_v1.0	HML:flank_missing(L=0,R=0)	MAT:flank_missing(L=0,R=0)	HMR:flank_missing(L=0,R=0)
GCA_000257005.1_Saccharomyces_kudriavzevii_strain_FM1078_v1.0	HML:flank_missing(L=0,R=0)	MAT:flank_missing(L=0,R=0)	HMR:flank_missing(L=0,R=0)
GCA_000257025.1_Saccharomyces_kudriavzevii_strain_FM1079_v1.0	HML:flank_missing(L=0,R=0)	MAT:flank_missing(L=0,R=0)	HMR:flank_missing(L=0,R=0)
GCA_000257045.1_Saccharomyces_kudriavzevii_strain_ZP591_v1.0	HML:flank_missing(L=0,R=0)	MAT:flank_missing(L=0,R=0)	HMR:flank_missing(L=0,R=0)
GCA_000257065.1_Saccharomyces_kudriavzevii_strain_IFO1803_v1.0	HML:flank_missing(L=0,R=0)	MAT:flank_missing(L=0,R=0)	HMR:flank_missing(L=0,R=0)
GCA_000257085.1_Saccharomyces_kudriavzevii_strain_IFO10991_v1.0	HML:flank_missing(L=0,R=0)	MAT:flank_missing(L=0,R=0)	HMR:flank_missing(L=0,R=0)
GCA_000257105.1_Saccharomyces_kudriavzevii_strain_IFO10990_v1.0	HML:flank_missing(L=0,R=0)	MAT:flank_missing(L=0,R=0)	HMR:flank_missing(L=0,R=0)
GCA_000260735.2_K7_1.0	HML:gap=5059;N=0;contig=DG000039.1;pos=17811	MAT:gap=4499;N=0;contig=DG000039.1;pos=204593	HMR:gap=4316;N=0;contig=DG000039.1;pos=299149
GCA_000269885.1_ASM26988v1	HML:gap=4395;N=2406;contig=CM001524.1;pos=10698	MAT:gap=4219;N=794;contig=CM001524.1;pos=197346	HMR:gap=3469;N=871;contig=CM001524.1;pos=291235
GCA_000275665.1_YJSH1_1.0	HML:gap=5056;N=0;contig=CM001541.1;pos=10662	MAT:gap=4394;N=0;contig=CM001541.1;pos=190727	HMR:gap=4317;N=0;contig=CM001541.1;pos=284776
GCA_000292815.1_ASM29281v1	HML:gap=4521;N=94;contig=CM001808.1;pos=10995	MAT:gap=4509;N=879;contig=CM001808.1;pos=198043	HMR:gap=3494;N=0;contig=CM001808.1;pos=292031
GCA_000287895.1_SacPas1.0	HML:flank_missing(L=0,R=1)	MAT:split_contigs	HMR:split_contigs
GCA_000308935.1_ZTW1	HML:gap=5595;N=0;contig=AMDD01000004.1;pos=10733	MAT:gap=4499;N=0;contig=AMDD01000004.1;pos=191387	HMR:gap=4318;N=0;contig=AMDD01000004.1;pos=285348
GCA_000325965.1_ScQA23_v01	HML:split_contigs	MAT:split_contigs	HMR:split_contigs
GCA_000326005.1_ScFostersO_v01	HML:flank_missing(L=0,R=1)	MAT:gap=4403;N=0;contig=AEEZ01000008.1;pos=178406	HMR:flank_missing(L=0,R=0)
GCA_000365045.1_Saccharomyces_cerevisiae_M3707_v1.0	HML:gap=5058;N=0;contig=KB822822.1;pos=11641	MAT:gap=4499;N=0;contig=KB822814.1;pos=103312	HMR:gap=4318;N=0;contig=KB822814.1;pos=9104
GCA_000365065.1_Saccharomyces_cerevisiae_M3836_v1.0	HML:gap=5000;N=455;contig=KB822865.1;pos=10644	MAT:gap=4394;N=0;contig=KB822865.1;pos=190667	HMR:gap=4291;N=780;contig=KB822865.1;pos=285321
GCA_000326105.1_ASM32610v1	HML:split_contigs	MAT:split_contigs	HMR:split_contigs
GCA_000365085.1_Saccharomyces_cerevisiae_M3837_v1.0	HML:gap=5002;N=1255;contig=KB822925.1;pos=10655	MAT:gap=4499;N=0;contig=KB822924.1;pos=102972	HMR:gap=4254;N=465;contig=KB822924.1;pos=8509
GCA_000365105.1_Saccharomyces_cerevisiae_M3838_v1.0	HML:gap=5039;N=945;contig=KB822777.1;pos=290049	MAT:gap=4499;N=0;contig=KB822777.1;pos=103701	HMR:gap=4318;N=0;contig=KB822777.1;pos=8899
GCA_000365125.1_Saccharomyces_cerevisiae_M3839_v1.0	HML:gap=5056;N=0;contig=KB822741.1;pos=15149	MAT:gap=4384;N=2185;contig=KB822735.1;pos=106160	HMR:gap=4272;N=180;contig=KB822735.1;pos=200906
GCA_000442675.2_ASM44267v2	HML:split_contigs	MAT:split_contigs	HMR:flank_missing(L=1,R=0)
GCA_000416405.1_S._cerevisiae_NY1308	HML:split_contigs	MAT:gap=4499;N=0;contig=ASJZ01000023.1;pos=106417	HMR:gap=3934;N=0;contig=ASJZ01000023.1;pos=200553
GCA_000508825.2_ScIR-2_assembly01	HML:split_contigs	MAT:gap=3853;N=100;contig=DF397006.1;pos=100863	HMR:gap=3605;N=0;contig=DF397006.1;pos=7322
GCA_000508805.2_ScNAM34-4C_assembly01	HML:gap=4497;N=0;contig=DF396907.1;pos=67519	MAT:gap=4502;N=0;contig=DF396903.1;pos=89705	HMR:split_contigs
GCA_000568055.1_p301	HML:split_contigs	MAT:gap=5806;N=1050;contig=CM002424.1;pos=176764	HMR:gap=3259;N=1841;contig=CM002424.1;pos=271753
GCA_000568005.1_R008	HML:gap=3707;N=2000;contig=CM002406.1;pos=10648	MAT:gap=4444;N=2453;contig=CM002406.1;pos=190393	HMR:gap=3521;N=0;contig=CM002406.1;pos=284266
GCA_000568295.1_P283	HML:gap=4484;N=2010;contig=CM002334.1;pos=10557	MAT:gap=4500;N=1053;contig=CM002334.1;pos=190733	HMR:flank_missing(L=0,R=1)
GCA_000568365.1_R103	HML:split_contigs	MAT:gap=5972;N=1955;contig=CM002440.1;pos=184438	HMR:split_contigs
GCA_000662435.2_Sc_YJM993_v1	HML:gap=4497;N=0;contig=CP006363.1;pos=11937	MAT:gap=4499;N=0;contig=CP006363.1;pos=193030	HMR:gap=3603;N=0;contig=CP006363.1;pos=286958
GCA_000732305.1_ASM73230v1	HML:flank_missing(L=0,R=0)	MAT:flank_missing(L=0,R=0)	HMR:flank_missing(L=0,R=0)
GCA_000733235.3_ASM73323v3	HML:flank_missing(L=0,R=1)	MAT:gap=3079;N=2;contig=CM002963.1;pos=176043	HMR:flank_missing(L=1,R=0)
GCA_000756245.1_ASM75624v1	HML:split_contigs	MAT:flank_missing(L=1,R=0)	HMR:flank_missing(L=0,R=1)
GCA_000734875.3_ASM73487v3	HML:split_contigs	MAT:gap=2223;N=1;contig=CM002953.1;pos=186484	HMR:flank_missing(L=1,R=0)
GCA_000756235.1_ASM75623v1	HML:flank_missing(L=1,R=0)	MAT:flank_missing(L=0,R=1)	HMR:flank_missing(L=0,R=0)
GCA_000766185.2_ASM76618v2	HML:split_contigs	MAT:split_contigs	HMR:split_contigs
GCA_000766165.2_ASM76616v2	HML:split_contigs	MAT:split_contigs	HMR:split_contigs
GCA_000766245.2_ASM76624v2	HML:split_contigs	MAT:split_contigs	HMR:split_contigs
GCA_000766195.2_ASM76619v2	HML:split_contigs	MAT:split_contigs	HMR:flank_missing(L=0,R=0)
GCA_000766265.2_ASM76626v2	HML:split_contigs	MAT:split_contigs	HMR:split_contigs
GCA_000766275.2_ASM76627v2	HML:split_contigs	MAT:split_contigs	HMR:split_contigs
GCA_000766305.2_ASM76630v2	HML:split_contigs	MAT:split_contigs	HMR:split_contigs
GCA_000766315.2_ASM76631v2	HML:split_contigs	MAT:split_contigs	HMR:split_contigs
GCA_000766375.2_ASM76637v2	HML:split_contigs	MAT:split_contigs	HMR:split_contigs
GCA_000766395.2_ASM76639v2	HML:split_contigs	MAT:split_contigs	HMR:split_contigs
GCA_000766435.2_ASM76643v2	HML:split_contigs	MAT:split_contigs	HMR:split_contigs
GCA_000766415.2_ASM76641v2	HML:split_contigs	MAT:split_contigs	HMR:split_contigs
GCA_000766455.2_ASM76645v2	HML:split_contigs	MAT:split_contigs	HMR:split_contigs
GCA_000766495.2_ASM76649v2	HML:split_contigs	MAT:split_contigs	HMR:split_contigs
GCA_000766535.2_ASM76653v2	HML:split_contigs	MAT:split_contigs	HMR:split_contigs
GCA_000766515.2_ASM76651v2	HML:split_contigs	MAT:split_contigs	HMR:split_contigs
GCA_000766575.2_ASM76657v2	HML:split_contigs	MAT:split_contigs	HMR:split_contigs
GCA_000766555.2_ASM76655v2	HML:split_contigs	MAT:split_contigs	HMR:split_contigs
GCA_000766615.2_ASM76661v2	HML:split_contigs	MAT:split_contigs	HMR:split_contigs
GCA_000766595.2_ASM76659v2	HML:split_contigs	MAT:split_contigs	HMR:split_contigs
GCA_000767965.1_ASM76796v1	HML:split_contigs	MAT:split_contigs	HMR:flank_missing(L=0,R=0)
GCA_000769245.1_ASM76924v1	HML:split_contigs	MAT:gap=2215;N=1;contig=CM002937.1;pos=181089	HMR:flank_missing(L=1,R=0)
GCA_000773925.1_ASM77392v1	HML:gap=4499;N=0;contig=JSAC01000013.1;pos=332131	MAT:gap=4394;N=0;contig=JSAC01000013.1;pos=120027	HMR:gap=3938;N=0;contig=JSAC01000013.1;pos=26587
GCA_000768095.1_ASM76809v1	HML:split_contigs	MAT:split_contigs	HMR:split_contigs
GCA_000775555.1_ASM77555v1	HML:flank_missing(L=0,R=1)	MAT:split_contigs	HMR:split_contigs
GCA_000971825.1_ASM97182v1	HML:gap=3222;N=100;contig=CP011081.1;pos=957	MAT:gap=5658;N=200;contig=CP011081.1;pos=182024	HMR:gap=4125;N=300;contig=CP011081.1;pos=277604
GCA_000805465.1_ASM80546v1	HML:flank_missing(L=0,R=0)	MAT:flank_missing(L=0,R=1)	HMR:split_contigs
GCA_000975585.2_Sc_YJM195_v1	HML:gap=5296;N=0;contig=CP006333.1;pos=6448	MAT:gap=4501;N=0;contig=CP006333.1;pos=187178	HMR:gap=3525;N=0;contig=CP006333.1;pos=280366
GCA_000975615.2_Sc_YJM244_v1	HML:gap=4499;N=0;contig=CP006334.2;pos=10347	MAT:gap=4501;N=0;contig=CP006334.2;pos=191031	HMR:gap=3604;N=0;contig=CP006334.2;pos=284962
GCA_000975645.3_Sc_YJM1078_v1	HML:gap=4497;N=0;contig=CP004101.2;pos=12763	MAT:gap=4499;N=0;contig=CP004101.2;pos=194087	HMR:gap=3603;N=0;contig=CP004101.2;pos=287826
GCA_000975735.4_Sc_YJM189_v1	HML:gap=4499;N=0;contig=CP006331.2;pos=10009	MAT:gap=4501;N=0;contig=CP006331.2;pos=190338	HMR:gap=3940;N=0;contig=CP006331.2;pos=284277
GCA_000975675.2_Sc_YJM1083_v1	HML:gap=5103;N=0;contig=CP006273.1;pos=10727	MAT:gap=4501;N=0;contig=CP006273.1;pos=191739	HMR:gap=3941;N=0;contig=CP006273.1;pos=285729
GCA_000975705.2_Sc_YJM1129_v1	HML:gap=4499;N=0;contig=CP006274.2;pos=10074	MAT:gap=4501;N=0;contig=CP006274.2;pos=190454	HMR:gap=3606;N=0;contig=CP006274.2;pos=284400
GCA_000975765.2_Sc_YJM193_v1	HML:gap=4543;N=0;contig=CP006332.2;pos=9967	MAT:gap=4499;N=0;contig=CP006332.2;pos=190547	HMR:gap=3941;N=0;contig=CP006332.2;pos=284856
GCA_000975795.2_Sc_YJM248_v1	HML:gap=4497;N=0;contig=CP006335.2;pos=10055	MAT:gap=4499;N=0;contig=CP006335.2;pos=191764	HMR:gap=3603;N=0;contig=CP006335.2;pos=285503
GCA_000975855.3_Sc_YJM271_v1	HML:gap=5060;N=0;contig=CP006337.1;pos=10820	MAT:gap=4499;N=0;contig=CP006337.1;pos=192240	HMR:gap=3602;N=0;contig=CP006337.1;pos=287245
GCA_000975825.2_Sc_YJM270_v1	HML:gap=4497;N=0;contig=CP006336.2;pos=13727	MAT:gap=4499;N=0;contig=CP006336.2;pos=194499	HMR:gap=3602;N=0;contig=CP006336.2;pos=288421
GCA_000975915.3_Sc_YJM326_v1	HML:gap=5043;N=0;contig=CP006339.2;pos=9727	MAT:gap=4499;N=0;contig=CP006339.2;pos=190649	HMR:gap=3993;N=0;contig=CP006339.2;pos=284983
GCA_000975885.2_Sc_YJM320_v1	HML:gap=5058;N=0;contig=CP006338.2;pos=10398	MAT:gap=4499;N=0;contig=CP006338.2;pos=192755	HMR:gap=3993;N=0;contig=CP006338.2;pos=287121
GCA_000975945.2_Sc_YJM428_v1	HML:gap=4497;N=0;contig=CP006340.2;pos=13528	MAT:gap=4499;N=0;contig=CP006340.2;pos=194766	HMR:gap=3602;N=0;contig=CP006340.2;pos=288735
GCA_000976005.2_Sc_YJM451_v1	HML:gap=5056;N=0;contig=CP006342.2;pos=10653	MAT:gap=4499;N=0;contig=CP006342.2;pos=192555	HMR:gap=3938;N=0;contig=CP006342.2;pos=287417
GCA_000976035.2_Sc_YJM453_v1	HML:gap=4497;N=0;contig=CP006343.1;pos=10423	MAT:gap=4499;N=0;contig=CP006343.1;pos=190416	HMR:gap=3938;N=0;contig=CP006343.1;pos=284327
GCA_000975975.3_Sc_YJM450_v1	HML:gap=5042;N=0;contig=CP006341.2;pos=9965	MAT:gap=4499;N=0;contig=CP006341.2;pos=189984	HMR:gap=3597;N=0;contig=CP006341.2;pos=284015
GCA_000976065.2_Sc_YJM456_v1	HML:gap=11600;N=100;contig=CP006344.2;pos=10413	MAT:gap=4499;N=0;contig=CP006344.2;pos=198291	HMR:gap=3976;N=0;contig=CP006344.2;pos=293297
GCA_000976095.2_Sc_YJM470_v1	HML:gap=5057;N=0;contig=CP006345.2;pos=10197	MAT:gap=4499;N=0;contig=CP006345.2;pos=189943	HMR:gap=3600;N=0;contig=CP006345.2;pos=284147
GCA_000976155.4_Sc_YJM554_v1	HML:gap=5103;N=0;contig=CP006347.1;pos=13778	MAT:gap=4501;N=0;contig=CP006347.1;pos=195542	HMR:gap=3995;N=0;contig=CP006347.1;pos=289915
GCA_000976185.3_Sc_YJM555_v1	HML:gap=4499;N=0;contig=CP006348.2;pos=10663	MAT:gap=4501;N=0;contig=CP006348.2;pos=192469	HMR:gap=3600;N=0;contig=CP006348.2;pos=286513
GCA_000976125.2_Sc_YJM541_v1	HML:gap=5101;N=0;contig=CP006346.2;pos=10644	MAT:gap=4499;N=0;contig=CP006346.2;pos=193101	HMR:gap=3602;N=0;contig=CP006346.2;pos=287129
GCA_000976215.2_Sc_YJM627_v1	HML:gap=4499;N=0;contig=CP006349.2;pos=10617	MAT:gap=4501;N=0;contig=CP006349.2;pos=190894	HMR:gap=3604;N=0;contig=CP006349.2;pos=285160
GCA_000976245.2_Sc_YJM681_v1	HML:gap=4499;N=0;contig=CP006350.2;pos=10343	MAT:gap=4501;N=0;contig=CP006350.2;pos=190811	HMR:gap=3600;N=0;contig=CP006350.2;pos=284508
GCA_000976275.4_Sc_YJM682_v1	HML:gap=5036;N=0;contig=CP006351.2;pos=10992	MAT:gap=4499;N=0;contig=CP006351.2;pos=192240	HMR:gap=3938;N=0;contig=CP006351.2;pos=287110
GCA_000976305.2_Sc_YJM683_v1	HML:gap=12003;N=100;contig=CP006352.2;pos=7980	MAT:gap=4499;N=0;contig=CP006352.2;pos=196209	HMR:gap=3938;N=0;contig=CP006352.2;pos=290861
GCA_000976335.2_Sc_YJM689_v1	HML:gap=5058;N=0;contig=CP006353.1;pos=13114	MAT:gap=4499;N=0;contig=CP006353.1;pos=195232	HMR:gap=3602;N=0;contig=CP006353.1;pos=288985
GCA_000976425.2_Sc_YJM972_v1	HML:gap=4497;N=0;contig=CP006356.2;pos=11011	MAT:gap=4499;N=0;contig=CP006356.2;pos=191635	HMR:gap=3603;N=0;contig=CP006356.2;pos=285562
GCA_000976365.2_Sc_YJM693_v1	HML:gap=4543;N=0;contig=CP006354.2;pos=11032	MAT:gap=4499;N=0;contig=CP006354.2;pos=189954	HMR:gap=3989;N=0;contig=CP006354.2;pos=284447
GCA_000976395.2_Sc_YJM969_v1	HML:gap=4497;N=0;contig=CP006355.2;pos=10013	MAT:gap=4499;N=0;contig=CP006355.2;pos=190318	HMR:gap=3603;N=0;contig=CP006355.2;pos=284250
GCA_000976455.3_Sc_YJM975_v1	HML:gap=4497;N=0;contig=CP006357.1;pos=11844	MAT:gap=4499;N=0;contig=CP006357.1;pos=191706	HMR:gap=3603;N=0;contig=CP006357.1;pos=285638
GCA_000976485.2_Sc_YJM978_v1	HML:gap=4497;N=0;contig=CP006358.2;pos=10539	MAT:gap=4499;N=0;contig=CP006358.2;pos=190843	HMR:gap=3603;N=0;contig=CP006358.2;pos=284774
GCA_000976545.2_Sc_YJM984_v1	HML:gap=4497;N=0;contig=CP006360.2;pos=10422	MAT:gap=4499;N=0;contig=CP006360.2;pos=190748	HMR:gap=3603;N=0;contig=CP006360.2;pos=284680
GCA_000976515.2_Sc_YJM981_v1	HML:gap=4497;N=0;contig=CP006359.2;pos=11093	MAT:gap=4499;N=0;contig=CP006359.2;pos=191410	HMR:gap=3603;N=0;contig=CP006359.2;pos=285341
GCA_000976575.4_Sc_YJM987_v1	HML:gap=4497;N=0;contig=CP006361.2;pos=10634	MAT:gap=4499;N=0;contig=CP006361.2;pos=190955	HMR:gap=3603;N=0;contig=CP006361.2;pos=284878
GCA_000976695.3_Sc_YJM1133_v1	HML:gap=5044;N=0;contig=CP006275.2;pos=7936	MAT:gap=4499;N=0;contig=CP006275.2;pos=189636	HMR:gap=3603;N=0;contig=CP006275.2;pos=284353
GCA_000976665.2_Sc_YJM996_v1	HML:gap=4497;N=0;contig=CP006364.2;pos=11453	MAT:gap=4499;N=0;contig=CP006364.2;pos=191790	HMR:gap=3603;N=0;contig=CP006364.2;pos=285716
GCA_000976605.3_Sc_YJM990_v1	HML:gap=4497;N=0;contig=CP006362.2;pos=11128	MAT:gap=4499;N=0;contig=CP006362.2;pos=191453	HMR:gap=3603;N=0;contig=CP006362.2;pos=285386
GCA_000976725.3_Sc_YJM1190_v1	HML:gap=5060;N=0;contig=CP006276.2;pos=7927	MAT:gap=4501;N=0;contig=CP006276.2;pos=188812	HMR:gap=3936;N=0;contig=CP006276.2;pos=283196
GCA_000976785.2_Sc_YJM1202_v1	HML:gap=4499;N=0;contig=CP006278.2;pos=10481	MAT:gap=4501;N=0;contig=CP006278.2;pos=189588	HMR:gap=3938;N=0;contig=CP006278.2;pos=283941
GCA_000976755.2_Sc_YJM1199_v1	HML:gap=5103;N=0;contig=CP006277.1;pos=10244	MAT:gap=4501;N=0;contig=CP006277.1;pos=189945	HMR:gap=3940;N=0;contig=CP006277.1;pos=284296
GCA_000976815.3_Sc_YJM1208_v1	HML:gap=4497;N=0;contig=CP006279.2;pos=11057	MAT:gap=4499;N=0;contig=CP006279.2;pos=190936	HMR:flank_missing(L=1,R=0)
GCA_000976845.3_Sc_YJM1242_v1	HML:gap=4499;N=0;contig=CP006280.2;pos=10366	MAT:gap=4501;N=0;contig=CP006280.2;pos=191026	HMR:gap=3604;N=0;contig=CP006280.2;pos=284627
GCA_000976875.3_Sc_YJM1244_v1	HML:gap=4497;N=0;contig=CP006281.2;pos=10657	MAT:gap=4499;N=0;contig=CP006281.2;pos=190974	HMR:gap=3938;N=0;contig=CP006281.2;pos=284900
GCA_000976935.2_Sc_YJM1250_v1	HML:gap=4498;N=0;contig=CP006283.1;pos=10148	MAT:gap=4497;N=0;contig=CP006283.1;pos=190551	HMR:gap=3935;N=0;contig=CP006283.1;pos=285206
GCA_000976965.3_Sc_YJM1252_v1	HML:gap=4497;N=0;contig=CP006284.2;pos=10456	MAT:gap=4499;N=0;contig=CP006284.2;pos=192194	HMR:gap=3604;N=0;contig=CP006284.2;pos=286138
GCA_000976905.2_Sc_YJM1248_v1	HML:gap=5293;N=0;contig=CP006282.2;pos=6586	MAT:gap=4499;N=0;contig=CP006282.2;pos=187765	HMR:gap=4636;N=0;contig=CP006282.2;pos=282090
GCA_000976995.2_Sc_YJM1273_v1	HML:gap=5042;N=0;contig=CP006285.2;pos=10237	MAT:gap=4499;N=0;contig=CP006285.2;pos=190225	HMR:gap=3976;N=0;contig=CP006285.2;pos=284765
GCA_000977025.2_Sc_YJM1304_v1	HML:gap=5058;N=0;contig=CP006286.1;pos=9770	MAT:gap=4499;N=0;contig=CP006286.1;pos=192176	HMR:gap=3935;N=0;contig=CP006286.1;pos=286715
GCA_000977085.2_Sc_YJM1311_v1	HML:gap=5015;N=0;contig=CP006288.2;pos=14984	MAT:gap=4501;N=0;contig=CP006288.2;pos=195798	HMR:gap=3938;N=0;contig=CP006288.2;pos=289768
GCA_000977055.4_Sc_YJM1307_v1	HML:gap=5060;N=0;contig=CP006287.1;pos=10639	MAT:gap=4499;N=0;contig=CP006287.1;pos=191412	HMR:gap=3598;N=0;contig=CP006287.1;pos=286251
GCA_000977115.3_Sc_YJM1326_v1	HML:gap=5058;N=0;contig=CP006289.2;pos=9769	MAT:gap=4499;N=0;contig=CP006289.2;pos=190660	HMR:gap=3600;N=0;contig=CP006289.2;pos=284672
GCA_000977175.3_Sc_YJM1336_v1	HML:gap=4499;N=0;contig=CP006291.2;pos=10382	MAT:gap=4501;N=0;contig=CP006291.2;pos=190731	HMR:gap=3604;N=0;contig=CP006291.2;pos=284672
GCA_000977205.2_Sc_YJM1338_v1	HML:gap=5038;N=0;contig=CP006292.2;pos=10683	MAT:gap=4499;N=0;contig=CP006292.2;pos=191566	HMR:gap=3603;N=0;contig=CP006292.2;pos=285569
GCA_000977145.2_Sc_YJM1332_v1	HML:gap=4499;N=0;contig=CP006290.2;pos=11051	MAT:gap=4501;N=0;contig=CP006290.2;pos=191715	HMR:gap=3501;N=0;contig=CP006290.2;pos=285660
GCA_000977235.2_Sc_YJM1341_v1	HML:gap=4499;N=0;contig=CP006293.1;pos=10720	MAT:gap=4501;N=0;contig=CP006293.1;pos=190700	HMR:gap=3604;N=0;contig=CP006293.1;pos=284599
GCA_000977295.3_Sc_YJM1355_v1	HML:gap=4497;N=0;contig=CP006295.2;pos=15790	MAT:gap=4499;N=0;contig=CP006295.2;pos=197128	HMR:gap=3600;N=0;contig=CP006295.2;pos=291140
GCA_000977265.3_Sc_YJM1342_v1	HML:gap=5043;N=0;contig=CP006294.2;pos=10758	MAT:gap=4499;N=0;contig=CP006294.2;pos=192387	HMR:gap=3527;N=0;contig=CP006294.2;pos=286827
GCA_000977355.3_Sc_YJM1381_v1	HML:gap=5096;N=0;contig=CP006297.1;pos=10518	MAT:gap=4501;N=0;contig=CP006297.1;pos=192169	HMR:gap=3604;N=0;contig=CP006297.1;pos=286399
GCA_000977325.2_Sc_YJM1356_v1	HML:gap=4499;N=0;contig=CP006296.2;pos=10774	MAT:gap=4501;N=0;contig=CP006296.2;pos=191770	HMR:gap=3836;N=0;contig=CP006296.2;pos=285688
GCA_000977385.2_Sc_YJM1383_v1	HML:gap=4499;N=0;contig=CP006298.2;pos=10695	MAT:gap=4498;N=0;contig=CP006298.2;pos=191412	HMR:gap=3598;N=0;contig=CP006298.2;pos=285635
GCA_000977415.2_Sc_YJM1385_v1	HML:gap=4834;N=0;contig=CP006299.2;pos=10688	MAT:gap=4499;N=0;contig=CP006299.2;pos=191575	HMR:gap=3926;N=0;contig=CP006299.2;pos=286187
GCA_000977445.2_Sc_YJM1386_v1	HML:gap=5060;N=0;contig=CP006300.2;pos=10156	MAT:gap=4499;N=0;contig=CP006300.2;pos=191377	HMR:gap=3603;N=0;contig=CP006300.2;pos=285478
GCA_000977475.3_Sc_YJM1387_v1	HML:gap=4499;N=0;contig=CP006301.2;pos=13094	MAT:gap=4501;N=0;contig=CP006301.2;pos=193450	HMR:gap=3602;N=0;contig=CP006301.2;pos=287416
GCA_000977505.2_Sc_YJM1388_v1	HML:gap=5058;N=0;contig=CP006302.2;pos=6769	MAT:gap=4499;N=0;contig=CP006302.2;pos=187350	HMR:gap=4039;N=100;contig=CP006302.2;pos=281131
GCA_000977535.2_Sc_YJM1389_v1	HML:gap=5058;N=0;contig=CP006303.1;pos=9613	MAT:gap=4499;N=0;contig=CP006303.1;pos=191271	HMR:gap=3901;N=0;contig=CP006303.1;pos=285342
GCA_000977565.2_Sc_YJM1399_v1	HML:gap=5061;N=0;contig=CP006304.2;pos=5203	MAT:gap=4498;N=0;contig=CP006304.2;pos=185710	HMR:gap=3598;N=0;contig=CP006304.2;pos=279575
GCA_000977595.3_Sc_YJM1400_v1	HML:gap=5048;N=0;contig=CP006305.2;pos=13633	MAT:gap=4499;N=0;contig=CP006305.2;pos=195062	HMR:gap=3604;N=0;contig=CP006305.2;pos=289145
GCA_000977625.3_Sc_YJM1401_v1	HML:gap=5062;N=0;contig=CP006306.2;pos=16071	MAT:gap=4501;N=0;contig=CP006306.2;pos=196399	HMR:gap=3982;N=0;contig=CP006306.2;pos=291089
GCA_000977655.2_Sc_YJM1402_v1	HML:gap=5038;N=0;contig=CP006307.1;pos=15867	MAT:gap=4499;N=0;contig=CP006307.1;pos=196235	HMR:gap=3602;N=0;contig=CP006307.1;pos=290505
GCA_000977685.2_Sc_YJM1415_v1	HML:gap=4499;N=0;contig=CP006308.1;pos=10891	MAT:gap=4501;N=0;contig=CP006308.1;pos=191239	HMR:gap=3604;N=0;contig=CP006308.1;pos=285183
GCA_000977715.4_Sc_YJM1417_v1	HML:gap=4497;N=0;contig=CP006309.2;pos=10040	MAT:gap=4499;N=0;contig=CP006309.2;pos=190718	HMR:gap=3602;N=0;contig=CP006309.2;pos=284651
GCA_000977745.2_Sc_YJM1418_v1	HML:gap=5061;N=0;contig=CP006310.2;pos=10782	MAT:gap=4499;N=0;contig=CP006310.2;pos=190875	HMR:gap=3579;N=0;contig=CP006310.2;pos=285455
GCA_000977775.3_Sc_YJM1419_v1	HML:gap=5042;N=0;contig=CP006311.2;pos=10735	MAT:gap=4499;N=0;contig=CP006311.2;pos=191814	HMR:gap=4316;N=0;contig=CP006311.2;pos=286357
GCA_000977805.2_Sc_YJM1433_v1	HML:gap=5058;N=0;contig=CP006312.2;pos=10672	MAT:gap=4501;N=0;contig=CP006312.2;pos=190631	HMR:gap=3605;N=0;contig=CP006312.2;pos=284541
GCA_000977835.2_Sc_YJM1434_v1	HML:gap=5042;N=0;contig=CP006313.1;pos=7479	MAT:gap=4499;N=0;contig=CP006313.1;pos=187889	HMR:gap=3976;N=0;contig=CP006313.1;pos=282428
GCA_000977865.2_Sc_YJM1439_v1	HML:gap=5293;N=0;contig=CP006314.2;pos=6587	MAT:gap=4499;N=0;contig=CP006314.2;pos=187857	HMR:gap=4636;N=0;contig=CP006314.2;pos=282182
GCA_000977895.3_Sc_YJM1443_v1	HML:gap=5038;N=0;contig=CP006315.2;pos=7937	MAT:gap=4499;N=0;contig=CP006315.2;pos=189179	HMR:gap=3976;N=0;contig=CP006315.2;pos=284271
GCA_000977925.3_Sc_YJM1444_v1	HML:gap=5044;N=0;contig=CP006316.2;pos=10662	MAT:gap=4499;N=0;contig=CP006316.2;pos=190623	HMR:gap=3934;N=0;contig=CP006316.2;pos=285055
GCA_000977955.2_Sc_YJM1447_v1	HML:gap=5037;N=0;contig=CP006317.1;pos=8673	MAT:gap=4499;N=0;contig=CP006317.1;pos=189733	HMR:gap=4859;N=0;contig=CP006317.1;pos=281548
GCA_000977985.2_Sc_YJM1450_v1	HML:gap=4497;N=0;contig=CP006318.2;pos=11234	MAT:gap=4499;N=0;contig=CP006318.2;pos=191334	HMR:gap=3602;N=0;contig=CP006318.2;pos=285626
GCA_000978015.2_Sc_YJM1460_v1	HML:gap=5056;N=0;contig=CP006319.2;pos=10196	MAT:gap=4499;N=0;contig=CP006319.2;pos=190573	HMR:gap=4163;N=0;contig=CP006319.2;pos=285222
GCA_000978045.2_Sc_YJM1463_v1	HML:gap=5100;N=0;contig=CP006320.2;pos=11025	MAT:gap=4499;N=0;contig=CP006320.2;pos=192145	HMR:gap=3606;N=0;contig=CP006320.2;pos=285943
GCA_000978075.3_Sc_YJM1477_v1	HML:gap=4499;N=0;contig=CP006321.2;pos=10269	MAT:gap=4501;N=0;contig=CP006321.2;pos=190919	HMR:gap=3604;N=0;contig=CP006321.2;pos=284527
GCA_000978105.2_Sc_YJM1478_v1	HML:gap=4499;N=0;contig=CP006322.2;pos=49023	MAT:gap=4499;N=0;contig=CP006322.2;pos=229742	HMR:gap=3600;N=0;contig=CP006322.2;pos=324233
GCA_000978135.2_Sc_YJM1479_v1	HML:gap=5048;N=0;contig=CP006323.1;pos=10676	MAT:gap=4499;N=0;contig=CP006323.1;pos=191836	HMR:gap=3602;N=0;contig=CP006323.1;pos=285910
GCA_000978165.2_Sc_YJM1526_v1	HML:gap=4499;N=0;contig=CP006324.2;pos=9993	MAT:gap=4501;N=0;contig=CP006324.2;pos=190795	HMR:gap=3606;N=0;contig=CP006324.2;pos=284733
GCA_000978195.3_Sc_YJM1527_v1	HML:gap=4499;N=0;contig=CP006325.2;pos=13432	MAT:gap=4501;N=0;contig=CP006325.2;pos=193625	HMR:gap=3976;N=0;contig=CP006325.2;pos=288642
GCA_000978225.2_Sc_YJM1549_v1	HML:gap=5058;N=0;contig=CP006326.2;pos=10682	MAT:gap=4499;N=0;contig=CP006326.2;pos=190652	HMR:gap=3935;N=0;contig=CP006326.2;pos=285314
GCA_000978255.2_Sc_YJM1573_v1	HML:gap=5038;N=0;contig=CP006327.1;pos=10047	MAT:gap=4499;N=0;contig=CP006327.1;pos=190404	HMR:gap=3978;N=0;contig=CP006327.1;pos=284682
GCA_000978285.2_Sc_YJM1574_v1	HML:gap=4497;N=0;contig=CP006328.2;pos=10952	MAT:gap=4499;N=0;contig=CP006328.2;pos=191256	HMR:gap=3602;N=0;contig=CP006328.2;pos=285182
GCA_000978315.2_Sc_YJM1592_v1	HML:gap=5058;N=0;contig=CP006329.2;pos=9608	MAT:gap=4499;N=0;contig=CP006329.2;pos=190045	HMR:gap=3901;N=0;contig=CP006329.2;pos=284137
GCA_000978345.2_Sc_YJM1615_v1	HML:gap=4497;N=0;contig=CP006330.2;pos=10994	MAT:gap=4499;N=0;contig=CP006330.2;pos=191447	HMR:flank_missing(L=1,R=0)
GCA_001006245.1_ScSp60_v1	HML:split_contigs	MAT:split_contigs	HMR:split_contigs
GCA_001029995.1_ASM102999v1	HML:split_contigs	MAT:split_contigs	HMR:flank_missing(L=1,R=0)
GCA_001029075.1_ASM102907v1	HML:flank_missing(L=0,R=1)	MAT:gap=4499;N=403;contig=CP011812.1;pos=197632	HMR:flank_missing(L=0,R=0)
GCA_001051215.1_ASM105121v1	HML:gap=4487;N=0;contig=CP011549.1;pos=10689	MAT:gap=4499;N=0;contig=CP011549.1;pos=195051	HMR:gap=3499;N=0;contig=CP011549.1;pos=289051
GCA_001078085.1_ASM107808v1	HML:split_contigs	MAT:split_contigs	HMR:flank_missing(L=0,R=1)
GCA_001282415.1_Y-12632v1	HML:flank_missing(L=0,R=1)	MAT:split_contigs	HMR:split_contigs
GCA_001078105.1_ASM107810v1	HML:split_contigs	MAT:split_contigs	HMR:split_contigs
GCA_001298375.2_ASM129837v2	HML:gap=4393;N=0;contig=CM003539.1;pos=10258	MAT:gap=4396;N=0;contig=CM003539.1;pos=196704	HMR:gap=3602;N=0;contig=CM003539.1;pos=290526
GCA_001413975.1_ASM141397v1	HML:gap=4393;N=0;contig=CM003559.1;pos=293716	MAT:gap=4467;N=0;contig=CM003559.1;pos=114740	HMR:gap=3939;N=0;contig=CM003559.1;pos=21375
GCA_001515405.2_Saccharomyces_eubayanus_CBS12357_chromosom_es_assembly_1.0	HML:flank_missing(L=0,R=0)	MAT:flank_missing(L=0,R=0)	HMR:flank_missing(L=0,R=0)
GCA_001483345.1_ASM148334v1	HML:flank_missing(L=0,R=2)	MAT:split_contigs	HMR:split_contigs
GCA_001483335.1_ASM148333v1	HML:flank_missing(L=0,R=1)	MAT:split_contigs	HMR:split_contigs
GCA_001515425.2_Saccharomyces_pastorianus_CBS1503_chromoso_mes_assembly_1.0	HML:flank_missing(L=0,R=1)	MAT:flank_missing(L=1,R=0)	HMR:flank_missing(L=0,R=1)
GCA_001545905.1_ASM154590v1	HML:split_contigs	MAT:split_contigs	HMR:split_contigs
GCA_001515465.2_Saccharomyces_pastorianus_CBS1538_chromoso_mes_assembly_1.0	HML:flank_missing(L=0,R=0)	MAT:flank_missing(L=0,R=0)	HMR:flank_missing(L=0,R=0)
GCA_001515445.2_Saccharomyces_pastorianus_CBS1513_chromoso_mes_assembly_1.0	HML:flank_missing(L=0,R=1)	MAT:gap=4394;N=0;contig=DF969211.1;pos=183448	HMR:split_contigs
GCA_001545975.1_ASM154597v1	HML:split_contigs	MAT:split_contigs	HMR:flank_missing(L=1,R=0)
GCA_001578265.1_S.cerevisiae-74-D694-2.0	HML:split_contigs	MAT:split_contigs	HMR:flank_missing(L=0,R=1)
GCA_001578275.1_S.cerevisiae-15V-P4-2.0	HML:split_contigs	MAT:split_contigs	HMR:flank_missing(L=0,R=0)
GCA_001578285.1_S.cerevisiae-1B-D1606-2.0	HML:split_contigs	MAT:split_contigs	HMR:split_contigs
GCA_001578295.1_25-25-2V-P3982-SPAdes-2.0	HML:split_contigs	MAT:split_contigs	HMR:flank_missing(L=0,R=1)
GCA_001578385.1_S.cerevisiae-6P-33G-D373-2.0	HML:flank_missing(L=0,R=3)	MAT:split_contigs	HMR:flank_missing(L=0,R=0)
GCA_001580425.1_ASM158042v1	HML:gap=4499;N=0;contig=CP014455.1;pos=11000	MAT:gap=4499;N=0;contig=CP014455.1;pos=198000	HMR:gap=3499;N=0;contig=CP014455.1;pos=292000
GCA_001584535.1_ASM158453v1	HML:split_contigs	MAT:gap=5188;N=0;contig=JRUS01000042.1;pos=150010	HMR:gap=3787;N=0;contig=JRUS01000042.1;pos=245402
GCA_001592655.1_ASM159265v1	HML:gap=3938;N=300;contig=CP014734.1;pos=13287	MAT:gap=3292;N=300;contig=CP014734.1;pos=197101	HMR:gap=3917;N=300;contig=CP014734.1;pos=291651
GCA_001611835.1_ASM161183v1	HML:split_contigs	MAT:split_contigs	HMR:split_contigs
GCA_001625055.1_ASM162505v1	HML:split_contigs	MAT:split_contigs	HMR:split_contigs
GCA_001634645.1_GLBRCY22-3	HML:gap=5058;N=0;contig=CM004296.1;pos=11278	MAT:gap=4394;N=0;contig=CM004296.1;pos=190684	HMR:gap=3935;N=0;contig=CM004296.1;pos=286150
GCA_001669875.1_ASM166987v1	HML:gap=4499;N=984;contig=CP007915.1;pos=10549	MAT:gap=4499;N=800;contig=CP007915.1;pos=197549	HMR:gap=3499;N=0;contig=CP007915.1;pos=291549
GCA_001640265.1_ASM164026v1	HML:flank_missing(L=0,R=1)	MAT:split_contigs	HMR:split_contigs
GCA_001669905.1_ASM166990v1	HML:gap=4499;N=1155;contig=CP007813.1;pos=10346	MAT:gap=4499;N=718;contig=CP007813.1;pos=197346	HMR:gap=3499;N=6;contig=CP007813.1;pos=291346
GCA_001669935.1_ASM166993v1	HML:gap=4499;N=1037;contig=CP007830.1;pos=10666	MAT:gap=4499;N=725;contig=CP007830.1;pos=197666	HMR:gap=3499;N=11;contig=CP007830.1;pos=291666
GCA_001669965.1_ASM166996v1	HML:gap=4499;N=911;contig=CP007847.1;pos=10344	MAT:gap=4499;N=852;contig=CP007847.1;pos=197344	HMR:gap=3499;N=18;contig=CP007847.1;pos=291344
GCA_001669995.1_ASM166999v1	HML:gap=4610;N=1456;contig=CP007864.1;pos=10516	MAT:gap=4499;N=454;contig=CP007864.1;pos=197627	HMR:gap=3499;N=2;contig=CP007864.1;pos=291627
GCA_001670025.1_ASM167002v1	HML:gap=4499;N=806;contig=CP007881.1;pos=10478	MAT:gap=4499;N=719;contig=CP007881.1;pos=197478	HMR:gap=3499;N=8;contig=CP007881.1;pos=291478
GCA_001670055.1_ASM167005v1	HML:gap=4499;N=1121;contig=CP007898.1;pos=10521	MAT:gap=4499;N=728;contig=CP007898.1;pos=197521	HMR:gap=3499;N=6;contig=CP007898.1;pos=291521
GCA_001670085.1_ASM167008v1	HML:gap=4499;N=1068;contig=CP007932.1;pos=10636	MAT:gap=4499;N=865;contig=CP007932.1;pos=197636	HMR:gap=3499;N=4;contig=CP007932.1;pos=291636
GCA_001670115.1_ASM167011v1	HML:gap=4499;N=1166;contig=CP007949.1;pos=10335	MAT:gap=4499;N=465;contig=CP007949.1;pos=197335	HMR:gap=3499;N=0;contig=CP007949.1;pos=291335
GCA_001670145.1_ASM167014v1	HML:gap=4499;N=1058;contig=CP007966.1;pos=10490	MAT:gap=4499;N=501;contig=CP007966.1;pos=197490	HMR:gap=3499;N=0;contig=CP007966.1;pos=291490
GCA_001670175.1_ASM167017v1	HML:gap=4499;N=1392;contig=CP008034.1;pos=10216	MAT:gap=4499;N=553;contig=CP008034.1;pos=197216	HMR:gap=3499;N=4;contig=CP008034.1;pos=291216
GCA_001670205.1_ASM167020v1	HML:gap=4499;N=858;contig=CP008051.1;pos=10575	MAT:gap=4499;N=459;contig=CP008051.1;pos=197575	HMR:gap=3499;N=0;contig=CP008051.1;pos=291575
GCA_001670265.1_ASM167026v1	HML:gap=4499;N=1288;contig=CP008119.1;pos=10574	MAT:gap=4499;N=479;contig=CP008119.1;pos=197574	HMR:gap=3499;N=6;contig=CP008119.1;pos=291574
GCA_001670235.1_ASM167023v1	HML:gap=4499;N=1047;contig=CP008068.1;pos=10682	MAT:gap=4499;N=822;contig=CP008068.1;pos=197682	HMR:gap=3499;N=15;contig=CP008068.1;pos=291682
GCA_001670295.1_ASM167029v1	HML:gap=4499;N=990;contig=CP007983.1;pos=10541	MAT:gap=4499;N=784;contig=CP007983.1;pos=197541	HMR:gap=3499;N=0;contig=CP007983.1;pos=291541
GCA_001670355.1_ASM167035v1	HML:gap=4599;N=1332;contig=CP008017.1;pos=10235	MAT:gap=4499;N=681;contig=CP008017.1;pos=197335	HMR:gap=3499;N=4;contig=CP008017.1;pos=291335
GCA_001670325.1_ASM167032v1	HML:gap=4499;N=967;contig=CP008000.1;pos=10620	MAT:gap=4499;N=574;contig=CP008000.1;pos=197620	HMR:gap=3499;N=3;contig=CP008000.1;pos=291620
GCA_001670385.1_ASM167038v1	HML:gap=4499;N=1010;contig=CP008153.1;pos=10372	MAT:gap=4499;N=921;contig=CP008153.1;pos=197372	HMR:gap=3499;N=0;contig=CP008153.1;pos=291372
GCA_001670415.1_ASM167041v1	HML:gap=4499;N=1391;contig=CP008323.1;pos=10198	MAT:gap=4499;N=645;contig=CP008323.1;pos=197198	HMR:gap=3499;N=1;contig=CP008323.1;pos=291198
GCA_001670935.1_ASM167093v1	HML:flank_missing(L=0,R=1)	MAT:gap=4499;N=825;contig=CP008221.1;pos=197340	HMR:gap=3499;N=8;contig=CP008221.1;pos=291340
GCA_001670965.1_ASM167096v1	HML:gap=4499;N=973;contig=CP008408.1;pos=10511	MAT:gap=4499;N=937;contig=CP008408.1;pos=197511	HMR:gap=3499;N=18;contig=CP008408.1;pos=291511
GCA_001670845.1_ASM167084v1	HML:gap=4499;N=952;contig=CP008289.1;pos=10674	MAT:gap=4499;N=889;contig=CP008289.1;pos=197674	HMR:gap=3499;N=4;contig=CP008289.1;pos=291674
GCA_001670995.1_ASM167099v1	HML:gap=4499;N=1111;contig=CP008391.1;pos=10532	MAT:gap=4499;N=589;contig=CP008391.1;pos=197532	HMR:gap=3499;N=9;contig=CP008391.1;pos=291532
GCA_001671025.1_ASM167102v1	HML:gap=4499;N=1185;contig=CP008340.1;pos=10666	MAT:gap=4499;N=900;contig=CP008340.1;pos=197666	HMR:gap=3499;N=4;contig=CP008340.1;pos=291666
GCA_001671055.1_ASM167105v1	HML:gap=4499;N=884;contig=CP008493.1;pos=10682	MAT:gap=4499;N=795;contig=CP008493.1;pos=197682	HMR:gap=3499;N=6;contig=CP008493.1;pos=291682
GCA_001671085.1_ASM167108v1	HML:gap=4499;N=977;contig=CP008459.1;pos=10179	MAT:gap=4499;N=655;contig=CP008459.1;pos=197179	HMR:gap=3499;N=0;contig=CP008459.1;pos=291179
GCA_001671115.1_ASM167111v1	HML:gap=4499;N=968;contig=CP008442.1;pos=10518	MAT:gap=4499;N=902;contig=CP008442.1;pos=197518	HMR:gap=3499;N=16;contig=CP008442.1;pos=291518
GCA_001671165.1_ASM167116v1	HML:gap=4499;N=1240;contig=CP008425.1;pos=10540	MAT:gap=4499;N=741;contig=CP008425.1;pos=197540	HMR:gap=3499;N=6;contig=CP008425.1;pos=291540
GCA_001671195.1_ASM167119v1	HML:gap=4499;N=837;contig=CP008561.1;pos=10339	MAT:gap=4499;N=777;contig=CP008561.1;pos=197339	HMR:gap=3499;N=18;contig=CP008561.1;pos=291339
GCA_001671225.1_ASM167122v1	HML:gap=4499;N=1071;contig=CP008544.1;pos=10716	MAT:gap=4499;N=880;contig=CP008544.1;pos=197716	HMR:gap=3499;N=4;contig=CP008544.1;pos=291716
GCA_001671255.1_ASM167125v1	HML:gap=4499;N=840;contig=CP008527.1;pos=10685	MAT:gap=4499;N=915;contig=CP008527.1;pos=197685	HMR:gap=3499;N=6;contig=CP008527.1;pos=291685
GCA_001671285.1_ASM167128v1	HML:gap=4499;N=1169;contig=CP008510.1;pos=10608	MAT:gap=4499;N=847;contig=CP008510.1;pos=197608	HMR:gap=3499;N=1;contig=CP008510.1;pos=291608
GCA_001671345.1_ASM167134v1	HML:gap=4499;N=880;contig=CP008612.1;pos=10365	MAT:gap=4499;N=447;contig=CP008612.1;pos=197365	HMR:gap=3499;N=13;contig=CP008612.1;pos=291365
GCA_001671315.1_ASM167131v1	HML:gap=4499;N=1071;contig=CP008646.1;pos=10352	MAT:gap=4499;N=585;contig=CP008646.1;pos=197352	HMR:gap=3499;N=0;contig=CP008646.1;pos=291352
GCA_001671375.1_ASM167137v1	HML:gap=4499;N=1364;contig=CP008595.1;pos=10201	MAT:gap=4499;N=562;contig=CP008595.1;pos=197201	HMR:gap=3499;N=0;contig=CP008595.1;pos=291201
GCA_001671565.1_ASM167156v1	HML:gap=4499;N=949;contig=CP008170.1;pos=10679	MAT:gap=4499;N=814;contig=CP008170.1;pos=197679	HMR:gap=3499;N=3;contig=CP008170.1;pos=291679
GCA_001671405.1_ASM167140v1	HML:gap=4499;N=888;contig=CP008204.1;pos=10353	MAT:gap=4499;N=813;contig=CP008204.1;pos=197353	HMR:gap=3499;N=3;contig=CP008204.1;pos=291353
GCA_001671435.1_ASM167143v1	HML:gap=4499;N=1251;contig=CP008187.1;pos=10673	MAT:gap=4499;N=508;contig=CP008187.1;pos=197673	HMR:gap=3499;N=0;contig=CP008187.1;pos=291673
GCA_001671685.1_ASM167168v1	HML:gap=4499;N=881;contig=CP008680.1;pos=10235	MAT:gap=4499;N=926;contig=CP008680.1;pos=197235	HMR:gap=3499;N=5;contig=CP008680.1;pos=291235
GCA_001671595.1_ASM167159v1	HML:gap=4499;N=897;contig=CP008085.1;pos=10540	MAT:gap=4499;N=612;contig=CP008085.1;pos=197540	HMR:gap=3499;N=0;contig=CP008085.1;pos=291540
GCA_001671655.1_ASM167165v1	HML:gap=4499;N=915;contig=CP008136.1;pos=10327	MAT:gap=4499;N=803;contig=CP008136.1;pos=197327	HMR:gap=3499;N=2;contig=CP008136.1;pos=291327
GCA_001671625.1_ASM167162v1	HML:gap=4499;N=973;contig=CP008102.1;pos=10703	MAT:gap=4499;N=730;contig=CP008102.1;pos=197703	HMR:gap=3499;N=8;contig=CP008102.1;pos=291703
GCA_001671745.1_ASM167174v1	HML:gap=4499;N=983;contig=CP008663.1;pos=10342	MAT:gap=4499;N=570;contig=CP008663.1;pos=197342	HMR:gap=3499;N=18;contig=CP008663.1;pos=291342
GCA_001671715.1_ASM167171v1	HML:gap=4499;N=991;contig=CP008629.1;pos=10678	MAT:gap=4499;N=477;contig=CP008629.1;pos=197678	HMR:gap=3499;N=4;contig=CP008629.1;pos=291678
GCA_001671775.1_ASM167177v1	HML:gap=4499;N=1381;contig=CP008578.1;pos=10161	MAT:gap=4499;N=555;contig=CP008578.1;pos=197161	HMR:gap=3499;N=0;contig=CP008578.1;pos=291161
GCA_001671805.1_ASM167180v1	HML:gap=4499;N=1071;contig=CP008476.1;pos=10643	MAT:gap=4499;N=655;contig=CP008476.1;pos=197643	HMR:gap=3499;N=6;contig=CP008476.1;pos=291643
GCA_001671865.1_ASM167186v1	HML:gap=4499;N=1153;contig=CP008374.1;pos=10334	MAT:gap=4499;N=686;contig=CP008374.1;pos=197334	HMR:gap=3499;N=0;contig=CP008374.1;pos=291334
GCA_001671895.1_ASM167189v1	HML:gap=4499;N=989;contig=CP008255.1;pos=10596	MAT:gap=4499;N=780;contig=CP008255.1;pos=197596	HMR:gap=3499;N=1;contig=CP008255.1;pos=291596
GCA_001671835.1_ASM167183v1	HML:gap=4499;N=1060;contig=CP008357.1;pos=10608	MAT:gap=4499;N=626;contig=CP008357.1;pos=197608	HMR:gap=3499;N=16;contig=CP008357.1;pos=291608
GCA_001671925.1_ASM167192v1	HML:gap=4499;N=1078;contig=CP008306.1;pos=10345	MAT:gap=4499;N=541;contig=CP008306.1;pos=197345	HMR:gap=3499;N=18;contig=CP008306.1;pos=291345
GCA_001671985.1_ASM167198v1	HML:gap=4616;N=1298;contig=CP008238.1;pos=10443	MAT:gap=4499;N=568;contig=CP008238.1;pos=197560	HMR:gap=3499;N=0;contig=CP008238.1;pos=291560
GCA_001735825.1_ASM173582v1	HML:flank_missing(L=0,R=1)	MAT:gap=5495;N=40;contig=CM004673.1;pos=191133	HMR:gap=3850;N=234;contig=CM004673.1;pos=289192
GCA_001671955.1_ASM167195v1	HML:gap=4499;N=996;contig=CP008272.1;pos=10476	MAT:gap=4499;N=775;contig=CP008272.1;pos=197476	HMR:gap=3499;N=3;contig=CP008272.1;pos=291476
GCA_001737145.2_ASM173714v2	HML:gap=5289;N=966;contig=CM004689.1;pos=12203	MAT:gap=4772;N=1075;contig=CM004689.1;pos=199331	HMR:gap=4738;N=40;contig=CM004689.1;pos=294766
GCA_001737155.1_ASM173715v1	HML:flank_missing(L=0,R=1)	MAT:gap=5995;N=30;contig=CM004705.1;pos=206293	HMR:gap=3598;N=1186;contig=CM004705.1;pos=306601
GCA_001737165.1_ASM173716v1	HML:gap=5045;N=1977;contig=CM004737.1;pos=8115	MAT:gap=4901;N=20;contig=CM004737.1;pos=187772	HMR:gap=4101;N=234;contig=CM004737.1;pos=282680
GCA_001737175.1_ASM173717v1	HML:flank_missing(L=0,R=1)	MAT:gap=6119;N=50;contig=CM004721.1;pos=189110	HMR:gap=4816;N=264;contig=CM004721.1;pos=287866
GCA_001737265.1_ASM173726v1	HML:gap=5537;N=1353;contig=CM004753.1;pos=11500	MAT:gap=4925;N=149;contig=CM004753.1;pos=192821	HMR:gap=4042;N=139;contig=CM004753.1;pos=288166
GCA_001737275.1_ASM173727v1	HML:gap=5289;N=966;contig=CM004769.1;pos=16509	MAT:gap=4772;N=1075;contig=CM004769.1;pos=198661	HMR:gap=4679;N=30;contig=CM004769.1;pos=294422
GCA_001737285.1_ASM173728v1	HML:gap=5246;N=30;contig=CM004801.1;pos=12535	MAT:gap=4498;N=1269;contig=CM004801.1;pos=195199	HMR:gap=4195;N=139;contig=CM004801.1;pos=289769
GCA_001737385.2_ASM173738v2	HML:gap=5245;N=1745;contig=CM004817.2;pos=12902	MAT:gap=5158;N=30;contig=CM004817.2;pos=200091	HMR:gap=4332;N=244;contig=CM004817.2;pos=294652
GCA_001737295.2_ASM173729v2	HML:gap=4996;N=1962;contig=CM004785.2;pos=13084	MAT:gap=5412;N=40;contig=CM004785.2;pos=199597	HMR:gap=3850;N=234;contig=CM004785.2;pos=294442
GCA_001737395.2_ASM173739v2	HML:gap=4747;N=2040;contig=CM004833.2;pos=12352	MAT:gap=5244;N=30;contig=CM004833.2;pos=199866	HMR:gap=3992;N=339;contig=CM004833.2;pos=296193
GCA_001737415.2_ASM173741v2	HML:split_contigs	MAT:gap=4951;N=605;contig=CM004849.2;pos=197857	HMR:gap=3851;N=139;contig=CM004849.2;pos=292366
GCA_001737445.2_ASM173744v2	HML:gap=4930;N=976;contig=CM004865.2;pos=9679	MAT:gap=5245;N=776;contig=CM004865.2;pos=196807	HMR:gap=3852;N=234;contig=CM004865.2;pos=291931
GCA_001737505.2_ASM173750v2	HML:gap=4969;N=1786;contig=CM004881.2;pos=10895	MAT:gap=5460;N=40;contig=CM004881.2;pos=197758	HMR:gap=3850;N=234;contig=CM004881.2;pos=292661
GCA_001737515.2_ASM173751v2	HML:flank_missing(L=0,R=1)	MAT:gap=4997;N=20;contig=CM004897.2;pos=185713	HMR:flank_missing(L=0,R=0)
GCA_001737535.2_ASM173753v2	HML:split_contigs	MAT:gap=5193;N=30;contig=CM004913.2;pos=198353	HMR:gap=3601;N=224;contig=CM004913.2;pos=292959
GCA_001737545.2_ASM173754v2	HML:gap=4996;N=976;contig=CM004929.2;pos=11536	MAT:gap=4712;N=822;contig=CM004929.2;pos=199134	HMR:gap=3601;N=224;contig=CM004929.2;pos=293777
GCA_001737625.2_ASM173762v2	HML:gap=4760;N=1343;contig=CM004945.2;pos=11441	MAT:gap=4908;N=149;contig=CM004945.2;pos=198485	HMR:gap=3852;N=139;contig=CM004945.2;pos=293333
GCA_001737655.2_ASM173765v2	HML:gap=4996;N=976;contig=CM004993.2;pos=11114	MAT:gap=4463;N=1181;contig=CM004993.2;pos=197547	HMR:flank_missing(L=1,R=0)
GCA_001737635.2_ASM173763v2	HML:gap=4240;N=665;contig=CM004961.2;pos=10809	MAT:gap=4751;N=844;contig=CM004961.2;pos=190875	HMR:gap=3935;N=127;contig=CM004961.2;pos=285281
GCA_001737645.2_ASM173764v2	HML:gap=4498;N=956;contig=CM004977.2;pos=13387	MAT:gap=4697;N=982;contig=CM004977.2;pos=199907	HMR:gap=3601;N=224;contig=CM004977.2;pos=294025
GCA_001737745.2_ASM173774v2	HML:gap=4659;N=824;contig=CM005009.2;pos=12871	MAT:gap=5365;N=40;contig=CM005009.2;pos=199213	HMR:gap=3601;N=1080;contig=CM005009.2;pos=294715
GCA_001737765.2_ASM173776v2	HML:gap=4996;N=1223;contig=CM005041.2;pos=12341	MAT:gap=4702;N=595;contig=CM005041.2;pos=199084	HMR:gap=3601;N=129;contig=CM005041.2;pos=293228
GCA_001737755.2_ASM173775v2	HML:split_contigs	MAT:gap=5495;N=40;contig=CM005025.2;pos=196958	HMR:gap=3854;N=46;contig=CM005025.2;pos=291905
GCA_001737785.2_ASM173778v2	HML:gap=5062;N=956;contig=CM005057.2;pos=12162	MAT:gap=5021;N=766;contig=CM005057.2;pos=193781	HMR:gap=4070;N=265;contig=CM005057.2;pos=289520
GCA_001737875.1_ASM173787v1	HML:gap=4746;N=1636;contig=CM005089.1;pos=12051	MAT:gap=5353;N=40;contig=CM005089.1;pos=199044	HMR:gap=3962;N=20;contig=CM005089.1;pos=293960
GCA_001737865.2_ASM173786v2	HML:gap=5310;N=976;contig=CM005073.2;pos=12007	MAT:gap=5439;N=879;contig=CM005073.2;pos=199332	HMR:gap=3601;N=224;contig=CM005073.2;pos=294214
GCA_001737885.1_ASM173788v1	HML:gap=5310;N=1762;contig=CM005105.1;pos=14677	MAT:gap=4831;N=244;contig=CM005105.1;pos=197139	HMR:gap=3676;N=10;contig=CM005105.1;pos=293196
GCA_001737895.1_ASM173789v1	HML:flank_missing(L=0,R=1)	MAT:gap=4749;N=236;contig=CM005121.1;pos=186381	HMR:gap=4101;N=246;contig=CM005121.1;pos=280708
GCA_001737995.1_ASM173799v1	HML:split_contigs	MAT:gap=4997;N=20;contig=CM005153.1;pos=185885	HMR:gap=4059;N=247;contig=CM005153.1;pos=281390
GCA_001737985.1_ASM173798v1	HML:split_contigs	MAT:gap=4890;N=20;contig=CM005137.1;pos=185260	HMR:gap=3848;N=234;contig=CM005137.1;pos=279329
GCA_001738005.1_ASM173800v1	HML:gap=5245;N=811;contig=CM005169.1;pos=13369	MAT:gap=4747;N=964;contig=CM005169.1;pos=195494	HMR:gap=3942;N=129;contig=CM005169.1;pos=290456
GCA_001738115.1_ASM173811v1	HML:gap=4747;N=1922;contig=CM005201.1;pos=11686	MAT:gap=4943;N=20;contig=CM005201.1;pos=198242	HMR:flank_missing(L=0,R=0)
GCA_001738105.1_ASM173810v1	HML:gap=4497;N=2008;contig=CM005217.1;pos=12841	MAT:gap=5245;N=381;contig=CM005217.1;pos=201279	HMR:gap=4324;N=20;contig=CM005217.1;pos=296425
GCA_001738015.1_ASM173801v1	HML:gap=5305;N=2018;contig=CM005185.1;pos=10800	MAT:gap=4747;N=1433;contig=CM005185.1;pos=202922	HMR:gap=5277;N=20;contig=CM005185.1;pos=296957
GCA_001738125.1_ASM173812v1	HML:gap=4498;N=2030;contig=CM005233.1;pos=10955	MAT:gap=5180;N=30;contig=CM005233.1;pos=197370	HMR:gap=3603;N=129;contig=CM005233.1;pos=291993
GCA_001738135.2_ASM173813v2	HML:flank_missing(L=0,R=1)	MAT:gap=5316;N=40;contig=CM005249.2;pos=186258	HMR:gap=4607;N=50;contig=CM005249.2;pos=281829
GCA_001738225.1_ASM173822v1	HML:gap=5555;N=1962;contig=CM005265.1;pos=12630	MAT:gap=4908;N=149;contig=CM005265.1;pos=194330	HMR:gap=5312;N=40;contig=CM005265.1;pos=288983
GCA_001738235.1_ASM173823v1	HML:gap=5308;N=2040;contig=CM005281.1;pos=12552	MAT:gap=5744;N=50;contig=CM005281.1;pos=192566	HMR:gap=4813;N=244;contig=CM005281.1;pos=288340
GCA_001738265.1_ASM173826v1	HML:gap=5557;N=1962;contig=CM005313.1;pos=10688	MAT:gap=5407;N=40;contig=CM005313.1;pos=192419	HMR:gap=4396;N=335;contig=CM005313.1;pos=287395
GCA_001738345.1_ASM173834v1	HML:gap=5100;N=956;contig=CM005329.1;pos=131	MAT:gap=3364;N=894;contig=CM005329.1;pos=180095	HMR:gap=4147;N=325;contig=CM005329.1;pos=272846
GCA_001738255.1_ASM173825v1	HML:gap=5308;N=2040;contig=CM005297.1;pos=11482	MAT:gap=5495;N=40;contig=CM005297.1;pos=191481	HMR:gap=4204;N=234;contig=CM005297.1;pos=286949
GCA_001738355.1_ASM173835v1	HML:gap=4996;N=2050;contig=CM005345.1;pos=11025	MAT:gap=5744;N=50;contig=CM005345.1;pos=197889	HMR:gap=4409;N=244;contig=CM005345.1;pos=293079
GCA_001738375.1_ASM173837v1	HML:gap=5308;N=2012;contig=CM005361.1;pos=12165	MAT:gap=5495;N=40;contig=CM005361.1;pos=186242	HMR:gap=4562;N=234;contig=CM005361.1;pos=281696
GCA_001738395.1_ASM173839v1	HML:gap=4917;N=1431;contig=CM005377.1;pos=12786	MAT:gap=4996;N=149;contig=CM005377.1;pos=191186	HMR:gap=3498;N=129;contig=CM005377.1;pos=285453
GCA_001738485.1_ASM173848v1	HML:flank_missing(L=0,R=1)	MAT:gap=4393;N=129;contig=CM005425.1;pos=190361	HMR:gap=3498;N=1023;contig=CM005425.1;pos=284542
GCA_001738465.1_ASM173846v1	HML:gap=4961;N=976;contig=CM005393.1;pos=13499	MAT:gap=4747;N=1950;contig=CM005393.1;pos=200155	HMR:gap=4711;N=20;contig=CM005393.1;pos=294827
GCA_001738495.1_ASM173849v1	HML:flank_missing(L=0,R=1)	MAT:gap=4498;N=129;contig=CM005441.1;pos=184798	HMR:gap=4101;N=20;contig=CM005441.1;pos=279377
GCA_001738595.1_ASM173859v1	HML:gap=8078;N=727;contig=CM005457.1;pos=13316	MAT:gap=5196;N=788;contig=CM005457.1;pos=204154	HMR:gap=4349;N=147;contig=CM005457.1;pos=298799
GCA_001738585.1_ASM173858v1	HML:flank_missing(L=0,R=1)	MAT:gap=4923;N=139;contig=CM005505.1;pos=187768	HMR:gap=3856;N=139;contig=CM005505.1;pos=283753
GCA_001738515.1_ASM173851v1	HML:flank_missing(L=0,R=1)	MAT:gap=4903;N=234;contig=CM005409.1;pos=185007	HMR:gap=4041;N=20;contig=CM005409.1;pos=280556
GCA_001738605.1_ASM173860v1	HML:gap=5237;N=966;contig=CM005489.1;pos=10863	MAT:gap=4944;N=766;contig=CM005489.1;pos=193134	HMR:gap=4309;N=335;contig=CM005489.1;pos=288649
GCA_001738615.1_ASM173861v1	HML:gap=4314;N=219;contig=CM005473.1;pos=10705	MAT:gap=3688;N=1201;contig=CM005473.1;pos=189242	HMR:gap=4473;N=234;contig=CM005473.1;pos=282595
GCA_001738705.1_ASM173870v1	HML:gap=5299;N=1445;contig=CM005521.1;pos=11374	MAT:gap=5379;N=147;contig=CM005521.1;pos=198910	HMR:gap=3934;N=127;contig=CM005521.1;pos=293747
GCA_001738715.1_ASM173871v1	HML:gap=5057;N=2013;contig=CM005537.1;pos=10724	MAT:gap=5744;N=50;contig=CM005537.1;pos=192358	HMR:gap=4749;N=344;contig=CM005537.1;pos=288692
GCA_001738725.1_ASM173872v1	HML:flank_missing(L=0,R=1)	MAT:gap=4999;N=20;contig=CM005553.1;pos=186610	HMR:flank_missing(L=0,R=0)
GCA_001738755.1_ASM173875v1	HML:flank_missing(L=0,R=1)	MAT:gap=5450;N=30;contig=CM005569.1;pos=187141	HMR:flank_missing(L=0,R=0)
GCA_001738825.1_ASM173882v1	HML:flank_missing(L=0,R=1)	MAT:gap=5712;N=40;contig=CM005601.1;pos=188137	HMR:flank_missing(L=0,R=0)
GCA_001738835.1_ASM173883v1	HML:flank_missing(L=0,R=1)	MAT:gap=4996;N=149;contig=CM005585.1;pos=203909	HMR:gap=4003;N=20;contig=CM005585.1;pos=298002
GCA_001738845.1_ASM173884v1	HML:flank_missing(L=0,R=1)	MAT:gap=4312;N=0;contig=CM005617.1;pos=189593	HMR:flank_missing(L=0,R=0)
GCA_001738945.1_ASM173894v1	HML:split_contigs	MAT:gap=5494;N=397;contig=CM005665.1;pos=194568	HMR:flank_missing(L=0,R=0)
GCA_001738855.1_ASM173885v1	HML:split_contigs	MAT:gap=6741;N=30;contig=CM005633.1;pos=192546	HMR:flank_missing(L=0,R=0)
GCA_001738955.1_ASM173895v1	HML:gap=5703;N=986;contig=CM005649.1;pos=9594	MAT:gap=5104;N=30;contig=CM005649.1;pos=198243	HMR:flank_missing(L=0,R=0)
GCA_001738965.1_ASM173896v1	HML:flank_missing(L=0,R=1)	MAT:gap=4498;N=746;contig=CM005681.1;pos=188633	HMR:gap=4346;N=374;contig=CM005681.1;pos=282175
GCA_001738985.1_ASM173898v1	HML:gap=4772;N=1045;contig=CM005697.1;pos=7890	MAT:gap=4498;N=954;contig=CM005697.1;pos=200019	HMR:gap=4347;N=30;contig=CM005697.1;pos=294123
GCA_001739065.1_ASM173906v1	HML:gap=5662;N=845;contig=CM005713.1;pos=11712	MAT:gap=4996;N=849;contig=CM005713.1;pos=203078	HMR:gap=3846;N=234;contig=CM005713.1;pos=297498
GCA_001739075.1_ASM173907v1	HML:gap=5061;N=956;contig=CM005729.1;pos=13706	MAT:gap=5017;N=766;contig=CM005729.1;pos=199832	HMR:gap=4501;N=254;contig=CM005729.1;pos=295093
GCA_001739105.1_ASM173910v1	HML:flank_missing(L=0,R=1)	MAT:gap=4240;N=129;contig=CM005761.1;pos=199381	HMR:gap=3753;N=602;contig=CM005761.1;pos=292752
GCA_001739215.1_ASM173921v1	HML:flank_missing(L=0,R=1)	MAT:gap=4752;N=10;contig=CM005793.1;pos=187381	HMR:gap=5617;N=253;contig=CM005793.1;pos=282679
GCA_001739095.1_ASM173909v1	HML:flank_missing(L=0,R=1)	MAT:gap=4997;N=20;contig=CM005745.1;pos=188689	HMR:gap=3599;N=224;contig=CM005745.1;pos=282830
GCA_001739235.1_ASM173923v1	HML:gap=4611;N=1125;contig=CM005825.1;pos=11685	MAT:gap=4908;N=974;contig=CM005825.1;pos=198737	HMR:gap=4346;N=30;contig=CM005825.1;pos=295308
GCA_001739185.1_ASM173918v1	HML:gap=4995;N=511;contig=CM005777.1;pos=12370	MAT:gap=5245;N=1211;contig=CM005777.1;pos=199038	HMR:gap=4005;N=20;contig=CM005777.1;pos=293637
GCA_001739225.1_ASM173922v1	HML:flank_missing(L=0,R=1)	MAT:gap=4747;N=756;contig=CM005809.1;pos=185835	HMR:flank_missing(L=1,R=0)
GCA_001739305.1_ASM173930v1	HML:gap=5488;N=579;contig=CM005841.1;pos=11563	MAT:gap=5122;N=727;contig=CM005841.1;pos=198976	HMR:gap=4087;N=234;contig=CM005841.1;pos=294870
GCA_001739345.1_ASM173934v1	HML:flank_missing(L=0,R=1)	MAT:gap=4269;N=0;contig=CM005873.1;pos=187845	HMR:flank_missing(L=0,R=0)
GCA_001739355.1_ASM173935v1	HML:flank_missing(L=0,R=1)	MAT:gap=5194;N=141;contig=CM005889.1;pos=177212	HMR:gap=5136;N=40;contig=CM005889.1;pos=271558
GCA_001739425.1_ASM173942v1	HML:gap=4523;N=1942;contig=CM005905.1;pos=12224	MAT:gap=5005;N=30;contig=CM005905.1;pos=199720	HMR:gap=4374;N=40;contig=CM005905.1;pos=295758
GCA_001739335.1_ASM173933v1	HML:gap=5106;N=1731;contig=CM005857.1;pos=11222	MAT:gap=4997;N=20;contig=CM005857.1;pos=197622	HMR:gap=4087;N=291;contig=CM005857.1;pos=292222
GCA_001739475.1_ASM173947v1	HML:flank_missing(L=0,R=1)	MAT:gap=4500;N=226;contig=CM005937.1;pos=186962	HMR:gap=4936;N=40;contig=CM005937.1;pos=280691
GCA_001739455.1_ASM173945v1	HML:flank_missing(L=0,R=1)	MAT:gap=4749;N=139;contig=CM005921.1;pos=199015	HMR:gap=4347;N=30;contig=CM005921.1;pos=293568
GCA_001739495.1_ASM173949v1	HML:gap=5305;N=966;contig=CM005953.1;pos=10911	MAT:gap=4540;N=1272;contig=CM005953.1;pos=198382	HMR:gap=4211;N=20;contig=CM005953.1;pos=292032
GCA_001739545.1_ASM173954v1	HML:gap=5305;N=1793;contig=CM005969.1;pos=10933	MAT:gap=4331;N=226;contig=CM005969.1;pos=192829	HMR:gap=5030;N=40;contig=CM005969.1;pos=287731
GCA_001739575.1_ASM173957v1	HML:flank_missing(L=0,R=1)	MAT:gap=4749;N=362;contig=CM005985.1;pos=179900	HMR:gap=4858;N=256;contig=CM005985.1;pos=273837
GCA_001739665.1_ASM173966v1	HML:gap=4498;N=2025;contig=CM006033.1;pos=8780	MAT:gap=4868;N=139;contig=CM006033.1;pos=190599	HMR:gap=4347;N=40;contig=CM006033.1;pos=285262
GCA_001739595.1_ASM173959v1	HML:gap=4772;N=1125;contig=CM006001.1;pos=7766	MAT:gap=4498;N=954;contig=CM006001.1;pos=192101	HMR:gap=4347;N=30;contig=CM006001.1;pos=286474
GCA_001739625.1_ASM173962v1	HML:flank_missing(L=0,R=1)	MAT:gap=4847;N=20;contig=CM006017.1;pos=189739	HMR:gap=5378;N=121;contig=CM006017.1;pos=283929
GCA_001739695.1_ASM173969v1	HML:flank_missing(L=0,R=1)	MAT:gap=4645;N=10;contig=CM006049.1;pos=185685	HMR:flank_missing(L=0,R=0)
GCA_001739705.1_ASM173970v1	HML:flank_missing(L=0,R=1)	MAT:split_contigs	HMR:flank_missing(L=0,R=0)
GCA_001739775.1_ASM173977v1	HML:flank_missing(L=0,R=1)	MAT:gap=4396;N=0;contig=CM006097.1;pos=181736	HMR:flank_missing(L=0,R=0)
GCA_001739735.1_ASM173973v1	HML:flank_missing(L=0,R=1)	MAT:gap=5245;N=159;contig=CM006081.1;pos=199421	HMR:gap=4252;N=30;contig=CM006081.1;pos=294740
GCA_001739815.1_ASM173981v1	HML:flank_missing(L=0,R=1)	MAT:gap=6085;N=20;contig=CM006113.1;pos=188957	HMR:flank_missing(L=0,R=0)
GCA_001739845.1_ASM173984v1	HML:flank_missing(L=0,R=1)	MAT:gap=4291;N=0;contig=CM006145.1;pos=183152	HMR:flank_missing(L=0,R=0)
GCA_001739865.1_ASM173986v1	HML:flank_missing(L=0,R=1)	MAT:gap=4999;N=20;contig=CM006161.1;pos=184527	HMR:flank_missing(L=0,R=0)
GCA_001739825.1_ASM173982v1	HML:flank_missing(L=0,R=1)	MAT:gap=4997;N=20;contig=CM006129.1;pos=189997	HMR:gap=3599;N=224;contig=CM006129.1;pos=284130
GCA_001739935.1_ASM173993v1	HML:gap=7188;N=817;contig=CM006177.1;pos=12492	MAT:gap=4996;N=717;contig=CM006177.1;pos=205779	HMR:gap=3597;N=224;contig=CM006177.1;pos=300294
GCA_001739945.1_ASM173994v1	HML:gap=5060;N=956;contig=CM006193.1;pos=11278	MAT:gap=5017;N=766;contig=CM006193.1;pos=199180	HMR:gap=4096;N=244;contig=CM006193.1;pos=295945
GCA_001739965.1_ASM173996v1	HML:gap=5467;N=1720;contig=CM006209.1;pos=10755	MAT:gap=6392;N=70;contig=CM006209.1;pos=198854	HMR:flank_missing(L=0,R=0)
GCA_001739995.1_ASM173999v1	HML:flank_missing(L=0,R=1)	MAT:gap=4750;N=10;contig=CM006225.1;pos=187228	HMR:flank_missing(L=0,R=0)
GCA_001740055.1_ASM174005v1	HML:gap=5061;N=956;contig=CM006241.1;pos=11404	MAT:gap=5494;N=689;contig=CM006241.1;pos=198632	HMR:gap=3600;N=224;contig=CM006241.1;pos=293886
GCA_001740095.1_ASM174009v1	HML:flank_missing(L=0,R=1)	MAT:gap=4511;N=10;contig=CM006273.1;pos=184700	HMR:flank_missing(L=0,R=0)
GCA_001740115.1_ASM174011v1	HML:flank_missing(L=0,R=1)	MAT:gap=5245;N=159;contig=CM006289.1;pos=184552	HMR:gap=4501;N=40;contig=CM006289.1;pos=280464
GCA_001740075.1_ASM174007v1	HML:flank_missing(L=0,R=1)	MAT:gap=4997;N=20;contig=CM006257.1;pos=186356	HMR:flank_missing(L=0,R=0)
GCA_001740175.1_ASM174017v1	HML:flank_missing(L=0,R=1)	MAT:gap=4997;N=20;contig=CM006305.1;pos=186842	HMR:gap=3599;N=224;contig=CM006305.1;pos=281455
GCA_001740205.1_ASM174020v1	HML:flank_missing(L=0,R=1)	MAT:gap=4999;N=20;contig=CM006337.1;pos=185594	HMR:flank_missing(L=0,R=0)
GCA_001740185.1_ASM174018v1	HML:flank_missing(L=0,R=1)	MAT:gap=4520;N=10;contig=CM006321.1;pos=187198	HMR:flank_missing(L=0,R=0)
GCA_001740225.1_ASM174022v1	HML:split_contigs	MAT:gap=6650;N=20;contig=CM006353.1;pos=188964	HMR:flank_missing(L=0,R=0)
GCA_001740305.1_ASM174030v1	HML:flank_missing(L=0,R=1)	MAT:gap=4412;N=10;contig=CM006385.1;pos=198160	HMR:gap=3599;N=1056;contig=CM006385.1;pos=291688
GCA_001740295.1_ASM174029v1	HML:flank_missing(L=0,R=1)	MAT:gap=4645;N=10;contig=CM006369.1;pos=185132	HMR:flank_missing(L=0,R=0)
GCA_001740325.1_ASM174032v1	HML:flank_missing(L=0,R=1)	MAT:gap=4999;N=20;contig=CM006401.1;pos=189896	HMR:flank_missing(L=0,R=0)
GCA_001740345.1_ASM174034v1	HML:flank_missing(L=0,R=1)	MAT:gap=4749;N=139;contig=CM006417.1;pos=188252	HMR:gap=4058;N=149;contig=CM006417.1;pos=283361
GCA_001740425.1_ASM174042v1	HML:flank_missing(L=0,R=1)	MAT:gap=4751;N=139;contig=CM006449.1;pos=187902	HMR:gap=3601;N=129;contig=CM006449.1;pos=282780
GCA_001740415.1_ASM174041v1	HML:flank_missing(L=0,R=1)	MAT:gap=5287;N=781;contig=CM006433.1;pos=185794	HMR:flank_missing(L=0,R=0)
GCA_001740445.1_ASM174044v1	HML:flank_missing(L=0,R=1)	MAT:gap=4739;N=20;contig=CM006465.1;pos=189308	HMR:gap=3599;N=1056;contig=CM006465.1;pos=283189
GCA_001740545.1_ASM174054v1	HML:flank_missing(L=0,R=1)	MAT:gap=4863;N=234;contig=CM006513.1;pos=184542	HMR:gap=4047;N=20;contig=CM006513.1;pos=278712
GCA_001740535.1_ASM174053v1	HML:flank_missing(L=0,R=1)	MAT:gap=4502;N=131;contig=CM006497.1;pos=189089	HMR:gap=4666;N=20;contig=CM006497.1;pos=283090
GCA_001740565.1_ASM174056v1	HML:flank_missing(L=0,R=1)	MAT:gap=5200;N=149;contig=CM006529.1;pos=187666	HMR:gap=4574;N=139;contig=CM006529.1;pos=283548
GCA_001740455.1_ASM174045v1	HML:flank_missing(L=0,R=1)	MAT:gap=4396;N=0;contig=CM006481.1;pos=184121	HMR:flank_missing(L=0,R=0)
GCA_001740655.1_ASM174065v1	HML:gap=5241;N=392;contig=CM006561.1;pos=10756	MAT:gap=5245;N=1233;contig=CM006561.1;pos=199711	HMR:gap=3756;N=139;contig=CM006561.1;pos=294391
GCA_001740665.1_ASM174066v1	HML:gap=4746;N=1538;contig=CM006593.1;pos=11167	MAT:gap=5140;N=30;contig=CM006593.1;pos=199842	HMR:flank_missing(L=0,R=0)
GCA_001740575.1_ASM174057v1	HML:gap=4664;N=966;contig=CM006545.1;pos=11085	MAT:gap=5245;N=776;contig=CM006545.1;pos=192137	HMR:gap=3846;N=234;contig=CM006545.1;pos=286910
GCA_001740675.1_ASM174067v1	HML:flank_missing(L=0,R=1)	MAT:gap=5246;N=30;contig=CM006577.1;pos=188556	HMR:gap=3942;N=234;contig=CM006577.1;pos=282884
GCA_001740705.1_ASM174070v1	HML:flank_missing(L=0,R=1)	MAT:gap=5245;N=179;contig=CM006609.1;pos=201184	HMR:gap=3918;N=234;contig=CM006609.1;pos=295753
GCA_001740775.1_ASM174077v1	HML:flank_missing(L=0,R=1)	MAT:gap=4750;N=10;contig=CM006625.1;pos=187283	HMR:flank_missing(L=0,R=0)
GCA_001740795.1_ASM174079v1	HML:gap=4996;N=1298;contig=CM006673.1;pos=11776	MAT:gap=4747;N=759;contig=CM006673.1;pos=198225	HMR:gap=4102;N=20;contig=CM006673.1;pos=292911
GCA_001740785.1_ASM174078v1	HML:gap=6123;N=10;contig=CM006641.1;pos=13271	MAT:gap=4523;N=1906;contig=CM006641.1;pos=200991	HMR:gap=4087;N=1090;contig=CM006641.1;pos=295880
GCA_001740805.1_ASM174080v1	HML:gap=4690;N=500;contig=CM006657.1;pos=10851	MAT:gap=4743;N=1260;contig=CM006657.1;pos=216598	HMR:gap=3849;N=234;contig=CM006657.1;pos=311135
GCA_001740905.1_ASM174090v1	HML:gap=4747;N=1834;contig=CM006705.1;pos=10827	MAT:gap=5744;N=50;contig=CM006705.1;pos=198187	HMR:gap=3601;N=224;contig=CM006705.1;pos=293565
GCA_001740895.1_ASM174089v1	HML:flank_missing(L=0,R=1)	MAT:gap=4502;N=131;contig=CM006689.1;pos=179128	HMR:gap=3600;N=131;contig=CM006689.1;pos=272910
GCA_001740915.1_ASM174091v1	HML:flank_missing(L=0,R=1)	MAT:gap=4747;N=234;contig=CM006737.1;pos=180804	HMR:gap=4049;N=20;contig=CM006737.1;pos=275027
GCA_001740925.1_ASM174092v1	HML:flank_missing(L=0,R=1)	MAT:gap=4594;N=1113;contig=CM006721.1;pos=181321	HMR:gap=3846;N=137;contig=CM006721.1;pos=275656
GCA_001741025.1_ASM174102v1	HML:flank_missing(L=0,R=1)	MAT:gap=4500;N=226;contig=CM006769.1;pos=200454	HMR:gap=3601;N=226;contig=CM006769.1;pos=294252
GCA_001741015.1_ASM174101v1	HML:gap=4747;N=1208;contig=CM006753.1;pos=9723	MAT:gap=4996;N=974;contig=CM006753.1;pos=190749	HMR:gap=4645;N=30;contig=CM006753.1;pos=285567
GCA_001741045.1_ASM174104v1	HML:gap=4994;N=1223;contig=CM006785.1;pos=12727	MAT:gap=4946;N=486;contig=CM006785.1;pos=199384	HMR:gap=3852;N=139;contig=CM006785.1;pos=293771
GCA_001741035.1_ASM174103v1	HML:flank_missing(L=0,R=1)	MAT:gap=5467;N=30;contig=CM006801.1;pos=187389	HMR:gap=3848;N=234;contig=CM006801.1;pos=282979
GCA_001741145.1_ASM174114v1	HML:gap=5803;N=843;contig=CM006833.1;pos=10790	MAT:gap=4747;N=964;contig=CM006833.1;pos=199658	HMR:gap=3850;N=236;contig=CM006833.1;pos=293706
GCA_001741165.1_ASM174116v1	HML:gap=5308;N=1813;contig=CM006849.1;pos=11265	MAT:gap=4869;N=20;contig=CM006849.1;pos=210021	HMR:gap=3844;N=234;contig=CM006849.1;pos=304813
GCA_001741195.1_ASM174119v1	HML:gap=4498;N=2008;contig=CM006865.1;pos=11551	MAT:gap=5495;N=40;contig=CM006865.1;pos=197975	HMR:gap=3602;N=224;contig=CM006865.1;pos=292904
GCA_001741135.1_ASM174113v1	HML:flank_missing(L=0,R=1)	MAT:gap=4747;N=139;contig=CM006817.1;pos=188211	HMR:gap=4246;N=30;contig=CM006817.1;pos=284537
GCA_001741255.1_ASM174125v1	HML:flank_missing(L=0,R=1)	MAT:gap=4643;N=10;contig=CM006881.1;pos=184947	HMR:flank_missing(L=0,R=0)
GCA_001741285.1_ASM174128v1	HML:gap=5044;N=956;contig=CM006897.1;pos=10878	MAT:gap=5005;N=766;contig=CM006897.1;pos=196104	HMR:gap=4342;N=244;contig=CM006897.1;pos=291171
GCA_001741305.1_ASM174130v1	HML:gap=5304;N=1407;contig=CM006913.1;pos=10770	MAT:gap=5000;N=151;contig=CM006913.1;pos=198097	HMR:gap=5674;N=141;contig=CM006913.1;pos=292387
GCA_001741295.1_ASM174129v1	HML:flank_missing(L=0,R=1)	MAT:gap=4502;N=1115;contig=CM006929.1;pos=187658	HMR:gap=3848;N=139;contig=CM006929.1;pos=281567
GCA_001741375.1_ASM174137v1	HML:gap=5812;N=50;contig=CM006945.1;pos=11027	MAT:gap=4547;N=1940;contig=CM006945.1;pos=218209	HMR:gap=5058;N=256;contig=CM006945.1;pos=313049
GCA_001741405.1_ASM174140v1	HML:gap=4679;N=234;contig=CM006977.1;pos=12000	MAT:gap=5219;N=1004;contig=CM006977.1;pos=200413	HMR:gap=3500;N=224;contig=CM006977.1;pos=295056
GCA_001741425.1_ASM174142v1	HML:flank_missing(L=0,R=1)	MAT:gap=4997;N=20;contig=CM006993.1;pos=186618	HMR:gap=4461;N=234;contig=CM006993.1;pos=282779
GCA_001741415.1_ASM174141v1	HML:gap=7692;N=1006;contig=CM006961.1;pos=14741	MAT:gap=5530;N=859;contig=CM006961.1;pos=204858	HMR:gap=4584;N=254;contig=CM006961.1;pos=301622
GCA_001741495.1_ASM174149v1	HML:gap=5108;N=30;contig=CM007009.1;pos=11983	MAT:gap=4747;N=1950;contig=CM007009.1;pos=193696	HMR:gap=3864;N=149;contig=CM007009.1;pos=288729
GCA_001741525.1_ASM174152v1	HML:flank_missing(L=0,R=1)	MAT:gap=4500;N=226;contig=CM007025.1;pos=185641	HMR:gap=3601;N=226;contig=CM007025.1;pos=279258
GCA_001741535.1_ASM174153v1	HML:flank_missing(L=0,R=1)	MAT:gap=4997;N=20;contig=CM007041.1;pos=186075	HMR:flank_missing(L=0,R=0)
GCA_001741555.1_ASM174155v1	HML:flank_missing(L=0,R=1)	MAT:gap=5726;N=40;contig=CM007057.1;pos=186586	HMR:gap=3848;N=231;contig=CM007057.1;pos=281575
GCA_001741685.1_ASM174168v1	HML:flank_missing(L=0,R=1)	MAT:gap=4997;N=20;contig=CM007089.1;pos=177832	HMR:gap=3912;N=20;contig=CM007089.1;pos=273529
GCA_001741605.1_ASM174160v1	HML:flank_missing(L=0,R=1)	MAT:gap=4645;N=10;contig=CM007073.1;pos=186750	HMR:flank_missing(L=0,R=0)
GCA_001741695.1_ASM174169v1	HML:gap=4996;N=1720;contig=CM007105.1;pos=10197	MAT:gap=5345;N=30;contig=CM007105.1;pos=196812	HMR:flank_missing(L=0,R=0)
GCA_001741705.1_ASM174170v1	HML:gap=4664;N=966;contig=CM007121.1;pos=11448	MAT:gap=5245;N=776;contig=CM007121.1;pos=192410	HMR:gap=3849;N=234;contig=CM007121.1;pos=287221
GCA_001741805.1_ASM174180v1	HML:flank_missing(L=0,R=1)	MAT:gap=4999;N=20;contig=CM007153.1;pos=180934	HMR:flank_missing(L=0,R=0)
GCA_001741725.1_ASM174172v1	HML:gap=5904;N=2070;contig=CM007137.1;pos=10880	MAT:gap=4454;N=1293;contig=CM007137.1;pos=199707	HMR:gap=4101;N=20;contig=CM007137.1;pos=294260
GCA_001750485.1_S_cerevisiae_GUJ105_v1	HML:split_contigs	MAT:split_contigs	HMR:split_contigs
GCA_001741815.1_ASM174181v1	HML:gap=5063;N=188;contig=CM007169.1;pos=8189	MAT:gap=4497;N=1367;contig=CM007169.1;pos=189064	HMR:gap=3597;N=188;contig=CM007169.1;pos=284024
GCA_001932575.1_CTBEBG1	HML:split_contigs	MAT:gap=4497;N=0;contig=MSHP01000067.1;pos=45959	HMR:split_contigs
GCA_001937245.1_ASM193724v1	HML:gap=5049;N=0;contig=LOQR01000016.1;pos=293258	MAT:gap=4499;N=0;contig=LOQR01000016.1;pos=113149	HMR:gap=3598;N=0;contig=LOQR01000016.1;pos=20041
GCA_002057805.1_ASM205780v1	HML:gap=4499;N=0;contig=CP020159.1;pos=10612	MAT:gap=4499;N=0;contig=CP020159.1;pos=196925	HMR:gap=3938;N=0;contig=CP020159.1;pos=290823
GCA_001983315.1_ASM198331v1	HML:gap=4494;N=0;contig=MQVN01000055.1;pos=12934	MAT:gap=4396;N=0;contig=MQVN01000007.1;pos=89084	HMR:gap=4479;N=0;contig=MQVN01000007.1;pos=182781
GCA_002057885.1_ASM205788v1	HML:gap=5061;N=0;contig=CP020176.1;pos=11003	MAT:gap=4396;N=0;contig=CP020176.1;pos=203033	HMR:gap=3598;N=0;contig=CP020176.1;pos=298324
GCA_002058095.1_ASM205809v1	HML:gap=5041;N=0;contig=CP020227.1;pos=8199	MAT:gap=4381;N=0;contig=CP020227.1;pos=189291	HMR:gap=4859;N=0;contig=CP020227.1;pos=283745
GCA_002058645.1_ASM205864v1	HML:gap=5056;N=0;contig=CP020193.1;pos=17533	MAT:gap=4503;N=0;contig=CP020193.1;pos=197947	HMR:gap=4291;N=0;contig=CP020193.1;pos=292603
GCA_002079085.1_ASM207908v1	HML:flank_missing(L=0,R=0)	MAT:flank_missing(L=0,R=0)	HMR:flank_missing(L=0,R=0)
GCA_002079115.1_ASM207911v1	HML:flank_missing(L=1,R=0)	MAT:flank_missing(L=0,R=0)	HMR:flank_missing(L=0,R=0)
GCA_002079145.1_ASM207914v1	HML:flank_missing(L=0,R=0)	MAT:flank_missing(L=0,R=0)	HMR:flank_missing(L=0,R=0)
GCA_002079175.1_ASM207917v1	HML:flank_missing(L=0,R=0)	MAT:flank_missing(L=0,R=0)	HMR:flank_missing(L=0,R=0)
GCA_002214855.1_ASM221485v1	HML:gap=4497;N=0;contig=NJBD01000041.1;pos=11180	MAT:gap=4422;N=0;contig=NJBD01000041.1;pos=191498	HMR:gap=3603;N=0;contig=NJBD01000041.1;pos=285348
GCA_002242635.1_ASM224263v1	HML:flank_missing(L=0,R=0)	MAT:flank_missing(L=0,R=0)	HMR:flank_missing(L=0,R=0)
GCA_002242645.1_ASM224264v1	HML:flank_missing(L=0,R=0)	MAT:flank_missing(L=0,R=0)	HMR:flank_missing(L=0,R=0)
GCA_002242715.1_ASM224271v1	HML:flank_missing(L=0,R=0)	MAT:flank_missing(L=0,R=0)	HMR:flank_missing(L=0,R=0)
GCA_002242675.1_ASM224267v1	HML:flank_missing(L=0,R=0)	MAT:flank_missing(L=0,R=0)	HMR:flank_missing(L=0,R=0)
GCA_002335645.1_ScerevisiaeKagoshima_assembly01	HML:gap=5105;N=0;contig=BEGW01000018.1;pos=5002	MAT:gap=4323;N=0;contig=BEGW01000016.1;pos=48545	HMR:gap=4316;N=0;contig=BEGW01000016.1;pos=142950
GCA_002571405.2_ASM257140v2	HML:gap=4499;N=0;contig=CP046083.1;pos=10643	MAT:gap=4389;N=0;contig=CP046083.1;pos=211251	HMR:gap=3597;N=0;contig=CP046083.1;pos=305940
GCA_002375215.1_ASM237521v1	HML:flank_missing(L=0,R=1)	MAT:split_contigs	HMR:gap=3602;N=0;contig=MVPU01000070.1;pos=2342
GCA_002557695.1_ASM255769v1	HML:flank_missing(L=0,R=0)	MAT:flank_missing(L=0,R=0)	HMR:flank_missing(L=0,R=0)
GCA_002804325.1_ASM280432v1	HML:split_contigs	MAT:split_contigs	HMR:split_contigs
GCA_002933895.1_ASM293389v1	HML:gap=5103;N=0;contig=BFAW01000003.1;pos=6237	MAT:gap=4322;N=0;contig=BFAW01000004.1;pos=113109	HMR:gap=4316;N=0;contig=BFAW01000004.1;pos=207488
GCA_002807125.1_S_cerevisiae_SPSC01_v1	HML:flank_missing(L=0,R=1)	MAT:split_contigs	HMR:flank_missing(L=1,R=0)
GCA_003004545.1_ASM300454v1	HML:flank_missing(L=0,R=1)	MAT:split_contigs	HMR:split_contigs
GCA_003004515.1_ASM300451v1	HML:split_contigs	MAT:split_contigs	HMR:flank_missing(L=1,R=0)
GCA_003046695.1_ASM304669v1	HML:split_contigs	MAT:split_contigs	HMR:gap=3707;N=0;contig=PTEP01000030.1;pos=90879
GCA_003020065.1_ASM302006v1	HML:gap=4499;N=0;contig=MLJN01000003.1;pos=10816	MAT:gap=4497;N=0;contig=MLJN01000003.1;pos=197481	HMR:gap=9562;N=0;contig=MLJN01000003.1;pos=291874
GCA_003046715.1_ASM304671v1	HML:flank_missing(L=0,R=1)	MAT:split_contigs	HMR:split_contigs
GCA_003046745.1_ASM304674v1	HML:split_contigs	MAT:split_contigs	HMR:gap=3602;N=0;contig=PTER01000026.1;pos=8538
GCA_003270135.1_ASM327013v1	HML:gap=1494;N=600;contig=CM010035.1;pos=8883	MAT:gap=5557;N=300;contig=CM010035.1;pos=194042	HMR:flank_missing(L=0,R=1)
GCA_003270095.1_ASM327009v1	HML:gap=3280;N=300;contig=CM009987.1;pos=10222	MAT:gap=3933;N=300;contig=CM009987.1;pos=193472	HMR:gap=4169;N=600;contig=CM009987.1;pos=288233
GCA_003270145.1_ASM327014v1	HML:flank_missing(L=0,R=1)	MAT:gap=3931;N=1040;contig=CM010051.1;pos=185505	HMR:gap=3567;N=913;contig=CM010051.1;pos=279204
GCA_003270175.1_ASM327017v1	HML:gap=2071;N=300;contig=CM010003.1;pos=11771	MAT:gap=4806;N=300;contig=CM010003.1;pos=192242	HMR:gap=3602;N=0;contig=CM010003.1;pos=288162
GCA_003270205.1_ASM327020v1	HML:gap=3123;N=300;contig=CM010067.1;pos=8100	MAT:gap=3211;N=300;contig=CM010067.1;pos=191695	HMR:gap=4014;N=1200;contig=CM010067.1;pos=284660
GCA_003270185.1_ASM327018v1	HML:gap=3583;N=300;contig=CM010019.1;pos=10466	MAT:gap=3740;N=300;contig=CM010019.1;pos=194773	HMR:gap=1891;N=300;contig=CM010019.1;pos=291171
GCA_003270305.1_ASM327030v1	HML:gap=3273;N=600;contig=CM010131.1;pos=9665	MAT:gap=4506;N=300;contig=CM010131.1;pos=190460	HMR:gap=6064;N=900;contig=CM010131.1;pos=286149
GCA_003270245.1_ASM327024v1	HML:gap=4132;N=300;contig=CM010083.1;pos=8447	MAT:gap=2660;N=300;contig=CM010083.1;pos=197967	HMR:gap=5351;N=900;contig=CM010083.1;pos=292920
GCA_003270315.1_ASM327031v1	HML:gap=2131;N=300;contig=CM010179.1;pos=9576	MAT:gap=4499;N=0;contig=CM010179.1;pos=190516	HMR:gap=4199;N=600;contig=CM010179.1;pos=285218
GCA_003270325.1_ASM327032v1	HML:gap=3514;N=900;contig=CM010195.1;pos=9728	MAT:gap=5423;N=600;contig=CM010195.1;pos=191338	HMR:flank_missing(L=0,R=1)
GCA_003270425.1_ASM327042v1	HML:split_contigs	MAT:gap=5769;N=300;contig=CM016122.1;pos=191568	HMR:flank_missing(L=0,R=1)
GCA_003270335.1_ASM327033v1	HML:split_contigs	MAT:gap=4705;N=600;contig=CM016138.1;pos=188629	HMR:gap=4523;N=300;contig=CM016138.1;pos=282770
GCA_003270455.1_ASM327045v1	HML:gap=3472;N=600;contig=CM016202.1;pos=8751	MAT:gap=4331;N=300;contig=CM016202.1;pos=189844	HMR:gap=3862;N=600;contig=CM016202.1;pos=285011
GCA_003270435.1_ASM327043v1	HML:gap=5259;N=600;contig=CM016106.1;pos=7464	MAT:gap=4677;N=300;contig=CM016106.1;pos=188518	HMR:gap=3395;N=300;contig=CM016106.1;pos=283215
GCA_003270465.1_ASM327046v1	HML:gap=3890;N=600;contig=CM016234.1;pos=9047	MAT:gap=4893;N=600;contig=CM016234.1;pos=197155	HMR:gap=3674;N=600;contig=CM016234.1;pos=294112
GCA_003270535.1_ASM327053v1	HML:gap=5315;N=600;contig=CM016250.1;pos=8172	MAT:gap=3436;N=300;contig=CM016250.1;pos=191976	HMR:gap=3340;N=300;contig=CM016250.1;pos=286058
GCA_003270565.1_ASM327056v1	HML:gap=3931;N=600;contig=CM016314.1;pos=10853	MAT:gap=3995;N=300;contig=CM016314.1;pos=193965	HMR:gap=5088;N=900;contig=CM016314.1;pos=289216
GCA_003270575.1_ASM327057v1	HML:gap=3268;N=300;contig=CM016298.1;pos=11040	MAT:gap=4501;N=0;contig=CM016298.1;pos=192189	HMR:gap=3386;N=300;contig=CM016298.1;pos=287308
GCA_003270595.1_ASM327059v1	HML:gap=4395;N=300;contig=CM016346.1;pos=11208	MAT:gap=4036;N=300;contig=CM016346.1;pos=194916	HMR:gap=3677;N=600;contig=CM016346.1;pos=290826
GCA_003270695.1_ASM327069v1	HML:gap=4336;N=600;contig=CM015754.1;pos=9508	MAT:gap=3676;N=300;contig=CM015754.1;pos=193857	HMR:flank_missing(L=0,R=1)
GCA_003270665.1_ASM327066v1	HML:gap=5088;N=900;contig=CM015738.1;pos=7704	MAT:gap=3320;N=300;contig=CM015738.1;pos=191157	HMR:split_contigs
GCA_003270705.1_ASM327070v1	HML:gap=2191;N=300;contig=CM015770.1;pos=9799	MAT:gap=4499;N=0;contig=CM015770.1;pos=192157	HMR:gap=5460;N=900;contig=CM015770.1;pos=286509
GCA_003270715.1_ASM327071v1	HML:gap=2889;N=300;contig=CM010099.1;pos=6525	MAT:gap=4778;N=300;contig=CM010099.1;pos=188114	HMR:gap=3949;N=300;contig=CM010099.1;pos=284371
GCA_003270815.1_ASM327081v1	HML:gap=2154;N=300;contig=CM010211.1;pos=10289	MAT:gap=4496;N=0;contig=CM010211.1;pos=193004	HMR:gap=4642;N=600;contig=CM010211.1;pos=287332
GCA_003270765.1_ASM327076v1	HML:gap=3528;N=300;contig=CM010115.1;pos=7929	MAT:gap=3430;N=300;contig=CM010115.1;pos=193357	HMR:gap=5314;N=300;contig=CM010115.1;pos=286765
GCA_003270825.1_ASM327082v1	HML:gap=3277;N=300;contig=CM016170.1;pos=7406	MAT:gap=3448;N=300;contig=CM016170.1;pos=191107	HMR:gap=4206;N=600;contig=CM016170.1;pos=284580
GCA_003270935.1_ASM327093v1	HML:gap=2210;N=300;contig=CM016218.1;pos=7740	MAT:gap=4499;N=0;contig=CM016218.1;pos=186015	HMR:gap=4456;N=600;contig=CM016218.1;pos=280174
GCA_003270855.1_ASM327085v1	HML:gap=2362;N=300;contig=CM016186.1;pos=10804	MAT:gap=4499;N=0;contig=CM016186.1;pos=192004	HMR:gap=3573;N=300;contig=CM016186.1;pos=287358
GCA_003270835.1_ASM327083v1	HML:gap=3744;N=900;contig=CM016154.1;pos=9684	MAT:gap=4357;N=300;contig=CM016154.1;pos=193530	HMR:flank_missing(L=0,R=1)
GCA_003270945.1_ASM327094v1	HML:gap=2145;N=300;contig=CM016282.1;pos=9226	MAT:gap=4499;N=0;contig=CM016282.1;pos=187927	HMR:gap=4323;N=600;contig=CM016282.1;pos=282247
GCA_003270955.1_ASM327095v1	HML:gap=2131;N=300;contig=CM016266.1;pos=7859	MAT:gap=4408;N=300;contig=CM016266.1;pos=188927	HMR:gap=4698;N=300;contig=CM016266.1;pos=283881
GCA_003271045.1_ASM327104v1	HML:gap=4328;N=300;contig=CM016362.1;pos=9783	MAT:gap=4100;N=300;contig=CM016362.1;pos=193096	HMR:gap=4638;N=900;contig=CM016362.1;pos=290036
GCA_003270985.1_ASM327098v1	HML:split_contigs	MAT:gap=4023;N=300;contig=CM016330.1;pos=190289	HMR:gap=4827;N=600;contig=CM016330.1;pos=285820
GCA_003271085.1_ASM327108v1	HML:gap=1085;N=300;contig=CM015560.1;pos=9928	MAT:gap=8155;N=900;contig=CM015560.1;pos=187577	HMR:gap=713;N=300;contig=CM015560.1;pos=287579
GCA_003271135.1_ASM327113v1	HML:gap=2330;N=300;contig=CM015962.1;pos=10920	MAT:gap=4498;N=0;contig=CM015962.1;pos=189114	HMR:gap=4476;N=600;contig=CM015962.1;pos=284170
GCA_003271125.1_ASM327112v1	HML:gap=4290;N=300;contig=CM015898.1;pos=10727	MAT:gap=5041;N=600;contig=CM015898.1;pos=195440	HMR:gap=5741;N=900;contig=CM015898.1;pos=292465
GCA_003271115.1_ASM327111v1	HML:gap=4457;N=600;contig=CM015786.1;pos=10661	MAT:gap=4534;N=300;contig=CM015786.1;pos=192277	HMR:gap=3990;N=600;contig=CM015786.1;pos=287324
GCA_003271185.1_ASM327118v1	HML:gap=5384;N=900;contig=CM015946.1;pos=10487	MAT:gap=2260;N=300;contig=CM015946.1;pos=193893	HMR:flank_missing(L=0,R=0)
GCA_003271255.1_ASM327125v1	HML:gap=3214;N=300;contig=CM015978.1;pos=8989	MAT:gap=3268;N=300;contig=CM015978.1;pos=189114	HMR:gap=4592;N=600;contig=CM015978.1;pos=281960
GCA_003271225.1_ASM327122v1	HML:gap=3246;N=300;contig=CM015930.1;pos=8128	MAT:gap=3365;N=300;contig=CM015930.1;pos=194163	HMR:gap=2772;N=300;contig=CM015930.1;pos=289483
GCA_003271245.1_ASM327124v1	HML:gap=3471;N=300;contig=CM016378.1;pos=8008	MAT:gap=3698;N=600;contig=CM016378.1;pos=189616	HMR:gap=4248;N=600;contig=CM016378.1;pos=282659
GCA_003271315.1_ASM327131v1	HML:gap=4516;N=900;contig=CM015994.1;pos=8177	MAT:gap=4858;N=600;contig=CM015994.1;pos=189415	HMR:gap=4203;N=600;contig=CM015994.1;pos=284087
GCA_003271395.1_ASM327139v1	HML:gap=2047;N=300;contig=CM016090.1;pos=8315	MAT:gap=4630;N=300;contig=CM016090.1;pos=190723	HMR:gap=3962;N=300;contig=CM016090.1;pos=285853
GCA_003271365.1_ASM327136v1	HML:gap=1022;N=300;contig=CM016058.1;pos=9902	MAT:gap=6143;N=600;contig=CM016058.1;pos=189199	HMR:gap=2636;N=600;contig=CM016058.1;pos=285515
GCA_003271355.1_ASM327135v1	HML:gap=3850;N=600;contig=CM016042.1;pos=9416	MAT:gap=4533;N=300;contig=CM016042.1;pos=191869	HMR:gap=4463;N=600;contig=CM016042.1;pos=286706
GCA_003271425.1_ASM327142v1	HML:gap=4655;N=900;contig=CM015304.1;pos=11244	MAT:gap=3451;N=300;contig=CM015304.1;pos=193306	HMR:gap=4076;N=600;contig=CM015304.1;pos=288121
GCA_003271505.1_ASM327150v1	HML:gap=3105;N=600;contig=CM015400.1;pos=10380	MAT:gap=3842;N=300;contig=CM015400.1;pos=193342	HMR:gap=991;N=300;contig=CM015400.1;pos=288316
GCA_003271535.1_ASM327153v1	HML:gap=3878;N=600;contig=CM015336.1;pos=10916	MAT:gap=3640;N=300;contig=CM015336.1;pos=193201	HMR:gap=3817;N=900;contig=CM015336.1;pos=288369
GCA_003271475.1_ASM327147v1	HML:gap=2000;N=300;contig=CM015352.1;pos=11492	MAT:gap=4646;N=300;contig=CM015352.1;pos=190964	HMR:gap=3727;N=900;contig=CM015352.1;pos=289269
GCA_003271545.1_ASM327154v1	HML:gap=2375;N=600;contig=CM015320.1;pos=10378	MAT:gap=4499;N=0;contig=CM015320.1;pos=190975	HMR:split_contigs
GCA_003271555.1_ASM327155v1	HML:gap=3511;N=300;contig=CM015384.1;pos=8267	MAT:gap=4108;N=300;contig=CM015384.1;pos=190080	HMR:gap=4936;N=900;contig=CM015384.1;pos=284484
GCA_003271565.1_ASM327156v1	HML:gap=1933;N=300;contig=CM015368.1;pos=10365	MAT:gap=4453;N=300;contig=CM015368.1;pos=188707	HMR:gap=5113;N=600;contig=CM015368.1;pos=286093
GCA_003271645.1_ASM327164v1	HML:flank_missing(L=0,R=1)	MAT:gap=4499;N=0;contig=CM015432.1;pos=184107	HMR:gap=3895;N=600;contig=CM015432.1;pos=279083
GCA_003271675.1_ASM327167v1	HML:flank_missing(L=0,R=1)	MAT:gap=6776;N=600;contig=CM015448.1;pos=180174	HMR:gap=2383;N=300;contig=CM015448.1;pos=278470
GCA_003271695.1_ASM327169v1	HML:split_contigs	MAT:gap=3617;N=300;contig=CM015464.1;pos=183469	HMR:gap=4582;N=900;contig=CM015464.1;pos=276761
GCA_003271705.1_ASM327170v1	HML:flank_missing(L=0,R=1)	MAT:gap=4449;N=300;contig=CM015416.1;pos=180458	HMR:gap=4206;N=600;contig=CM015416.1;pos=274978
GCA_003271775.1_ASM327177v1	HML:gap=3074;N=300;contig=CM015480.1;pos=10233	MAT:gap=23886;N=300;contig=CM015480.1;pos=192010	HMR:far(77345)
GCA_003271805.1_ASM327180v1	HML:split_contigs	MAT:gap=3368;N=300;contig=CM015496.1;pos=185760	HMR:gap=3623;N=0;contig=CM015496.1;pos=278825
GCA_003271835.1_ASM327183v1	HML:gap=3867;N=600;contig=CM010147.1;pos=9175	MAT:gap=3473;N=300;contig=CM010147.1;pos=191632	HMR:gap=3805;N=600;contig=CM010147.1;pos=285885
GCA_003271815.1_ASM327181v1	HML:gap=2074;N=300;contig=CM015512.1;pos=10121	MAT:gap=4259;N=300;contig=CM015512.1;pos=189146	HMR:split_contigs
GCA_003271825.1_ASM327182v1	HML:split_contigs	MAT:gap=4669;N=300;contig=CM015528.1;pos=197151	HMR:flank_missing(L=0,R=1)
GCA_003271925.1_ASM327192v1	HML:gap=2619;N=300;contig=CM010163.1;pos=10412	MAT:gap=4499;N=0;contig=CM010163.1;pos=191043	HMR:gap=4117;N=300;contig=CM010163.1;pos=285602
GCA_003271955.1_ASM327195v1	HML:gap=2981;N=300;contig=CM014537.1;pos=10552	MAT:far(70200)	HMR:flank_missing(L=0,R=0)
GCA_003271945.1_ASM327194v1	HML:gap=1890;N=600;contig=CM014569.1;pos=5739	MAT:gap=4499;N=0;contig=CM014569.1;pos=186915	HMR:flank_missing(L=0,R=1)
GCA_003271935.1_ASM327193v1	HML:gap=3238;N=300;contig=CM014553.1;pos=8360	MAT:gap=4342;N=600;contig=CM014553.1;pos=188913	HMR:gap=4152;N=600;contig=CM014553.1;pos=283350
GCA_003272045.1_ASM327204v1	HML:gap=4432;N=600;contig=CM014617.1;pos=10203	MAT:gap=3331;N=300;contig=CM014617.1;pos=192172	HMR:gap=4210;N=600;contig=CM014617.1;pos=287875
GCA_003272075.1_ASM327207v1	HML:split_contigs	MAT:gap=3452;N=300;contig=CM014665.1;pos=179529	HMR:gap=3977;N=0;contig=CM014665.1;pos=272967
GCA_003272055.1_ASM327205v1	HML:split_contigs	MAT:gap=4581;N=300;contig=CM014601.1;pos=181106	HMR:gap=3891;N=600;contig=CM014601.1;pos=278080
GCA_003272065.1_ASM327206v1	HML:gap=3366;N=300;contig=CM014585.1;pos=9742	MAT:gap=4123;N=300;contig=CM014585.1;pos=191450	HMR:flank_missing(L=0,R=0)
GCA_003272165.1_ASM327216v1	HML:flank_missing(L=0,R=1)	MAT:gap=4499;N=0;contig=CM015239.1;pos=179004	HMR:gap=3696;N=600;contig=CM015239.1;pos=274188
GCA_003272185.1_ASM327218v1	HML:gap=3057;N=300;contig=CM015194.1;pos=9824	MAT:gap=4499;N=0;contig=CM015194.1;pos=190716	HMR:split_contigs
GCA_003272175.1_ASM327217v1	HML:split_contigs	MAT:gap=4499;N=0;contig=CM015255.1;pos=183274	HMR:gap=5111;N=900;contig=CM015255.1;pos=277314
GCA_003272195.1_ASM327219v1	HML:split_contigs	MAT:gap=4289;N=300;contig=CM014633.1;pos=181673	HMR:gap=3978;N=0;contig=CM014633.1;pos=278795
GCA_003272285.1_ASM327228v1	HML:flank_missing(L=0,R=1)	MAT:gap=4499;N=0;contig=CM015271.1;pos=184632	HMR:gap=3736;N=600;contig=CM015271.1;pos=278531
GCA_003272295.1_ASM327229v1	HML:gap=3076;N=300;contig=CM015287.1;pos=10029	MAT:gap=4738;N=600;contig=CM015287.1;pos=157240	HMR:split_contigs
GCA_003272305.1_ASM327230v1	HML:gap=3301;N=600;contig=CM015544.1;pos=10009	MAT:gap=4499;N=0;contig=CM015544.1;pos=189872	HMR:gap=2805;N=600;contig=CM015544.1;pos=286377
GCA_003272315.1_ASM327231v1	HML:split_contigs	MAT:gap=4621;N=300;contig=CM015178.1;pos=177565	HMR:gap=3107;N=600;contig=CM015178.1;pos=273067
GCA_003272405.1_ASM327240v1	HML:split_contigs	MAT:gap=4499;N=0;contig=CM014697.1;pos=175871	HMR:gap=3699;N=600;contig=CM014697.1;pos=272191
GCA_003272425.1_ASM327242v1	HML:split_contigs	MAT:gap=4733;N=600;contig=CM013838.1;pos=190524	HMR:gap=3342;N=300;contig=CM013838.1;pos=288460
GCA_003272415.1_ASM327241v1	HML:split_contigs	MAT:gap=4469;N=300;contig=CM014681.1;pos=187069	HMR:gap=3700;N=300;contig=CM014681.1;pos=281996
GCA_003272445.1_ASM327244v1	HML:split_contigs	MAT:gap=4540;N=300;contig=CM013822.1;pos=186675	HMR:gap=2813;N=300;contig=CM013822.1;pos=280906
GCA_003272525.1_ASM327252v1	HML:gap=3262;N=600;contig=CM013854.1;pos=10064	MAT:gap=4499;N=0;contig=CM013854.1;pos=191047	HMR:gap=4024;N=600;contig=CM013854.1;pos=285933
GCA_003272575.1_ASM327257v1	HML:gap=3687;N=300;contig=CM013886.1;pos=10705	MAT:gap=4356;N=600;contig=CM013886.1;pos=190639	HMR:gap=3949;N=900;contig=CM013886.1;pos=289944
GCA_003272535.1_ASM327253v1	HML:flank_missing(L=0,R=1)	MAT:gap=7795;N=300;contig=CM013870.1;pos=179582	HMR:far(95557)
GCA_003272595.1_ASM327259v1	HML:gap=4193;N=600;contig=CM013902.1;pos=10307	MAT:gap=4534;N=300;contig=CM013902.1;pos=192070	HMR:flank_missing(L=0,R=1)
GCA_003272625.1_ASM327262v1	HML:gap=2969;N=600;contig=CM013918.1;pos=10893	MAT:gap=4499;N=0;contig=CM013918.1;pos=190012	HMR:gap=4099;N=600;contig=CM013918.1;pos=287405
GCA_003272665.1_ASM327266v1	HML:split_contigs	MAT:far(182657)	HMR:gap=4126;N=600;contig=CM013934.1;pos=277162
GCA_003272705.1_ASM327270v1	HML:gap=2217;N=300;contig=CM013950.1;pos=8397	MAT:gap=4499;N=0;contig=CM013950.1;pos=209432	HMR:split_contigs
GCA_003272715.1_ASM327271v1	HML:split_contigs	MAT:gap=3882;N=300;contig=CM013966.1;pos=179722	HMR:gap=4662;N=600;contig=CM013966.1;pos=274108
GCA_003272835.1_ASM327283v1	HML:gap=2077;N=300;contig=CM014138.1;pos=8255	MAT:gap=4835;N=300;contig=CM014138.1;pos=186997	HMR:gap=4128;N=900;contig=CM014138.1;pos=282026
GCA_003272755.1_ASM327275v1	HML:gap=3256;N=300;contig=CM013982.1;pos=11029	MAT:gap=4678;N=600;contig=CM013982.1;pos=190287	HMR:gap=3067;N=300;contig=CM013982.1;pos=288328
GCA_003272815.1_ASM327281v1	HML:gap=4341;N=300;contig=CM014122.1;pos=10279	MAT:gap=4056;N=300;contig=CM014122.1;pos=191438	HMR:gap=3703;N=900;contig=CM014122.1;pos=287198
GCA_003272725.1_ASM327272v1	HML:gap=3214;N=300;contig=CM013998.1;pos=10089	MAT:gap=4499;N=0;contig=CM013998.1;pos=189552	HMR:gap=3386;N=600;contig=CM013998.1;pos=285155
GCA_003272945.1_ASM327294v1	HML:gap=2670;N=999;contig=CM014106.1;pos=7774	MAT:gap=3823;N=1001;contig=CM014106.1;pos=186316	HMR:flank_missing(L=0,R=1)
GCA_003272905.1_ASM327290v1	HML:flank_missing(L=0,R=1)	MAT:gap=4522;N=300;contig=CM014186.1;pos=176367	HMR:flank_missing(L=0,R=1)
GCA_003272925.1_ASM327292v1	HML:gap=3821;N=600;contig=CM014154.1;pos=10508	MAT:gap=33808;N=300;contig=CM014154.1;pos=192230	HMR:far(67832)
GCA_003272855.1_ASM327285v1	HML:gap=3629;N=600;contig=CM014170.1;pos=10247	MAT:gap=4950;N=600;contig=CM014170.1;pos=191317	HMR:gap=3796;N=900;contig=CM014170.1;pos=289433
GCA_003272975.1_ASM327297v1	HML:gap=3498;N=600;contig=CM013715.1;pos=9572	MAT:gap=3380;N=300;contig=CM013715.1;pos=191319	HMR:gap=3473;N=300;contig=CM013715.1;pos=287691
GCA_003273025.1_ASM327302v1	HML:flank_missing(L=0,R=1)	MAT:gap=4451;N=300;contig=CM013731.1;pos=180144	HMR:flank_missing(L=0,R=1)
GCA_003273035.1_ASM327303v1	HML:flank_missing(L=0,R=1)	MAT:gap=4847;N=300;contig=CM013747.1;pos=179427	HMR:gap=3490;N=300;contig=CM013747.1;pos=274935
GCA_003273045.1_ASM327304v1	HML:flank_missing(L=0,R=1)	MAT:gap=4499;N=0;contig=CM013699.1;pos=181833	HMR:gap=4058;N=600;contig=CM013699.1;pos=278362
GCA_003273075.1_ASM327307v1	HML:flank_missing(L=0,R=1)	MAT:gap=4476;N=300;contig=CM013806.1;pos=178838	HMR:gap=3765;N=600;contig=CM013806.1;pos=274035
GCA_003273145.1_ASM327314v1	HML:gap=3695;N=999;contig=CM015802.1;pos=9764	MAT:gap=3826;N=1000;contig=CM015802.1;pos=191795	HMR:gap=4670;N=999;contig=CM015802.1;pos=285832
GCA_003273155.1_ASM327315v1	HML:flank_missing(L=0,R=1)	MAT:gap=4978;N=600;contig=CM013790.1;pos=183297	HMR:gap=3599;N=0;contig=CM013790.1;pos=278448
GCA_003273165.1_ASM327316v1	HML:gap=2188;N=300;contig=CM015818.1;pos=10897	MAT:gap=4752;N=300;contig=CM015818.1;pos=191668	HMR:gap=3702;N=600;contig=CM015818.1;pos=286994
GCA_003273175.1_ASM327317v1	HML:gap=2995;N=900;contig=CM015866.1;pos=6178	MAT:gap=5230;N=900;contig=CM015866.1;pos=186407	HMR:flank_missing(L=0,R=1)
GCA_003273265.1_ASM327326v1	HML:gap=3242;N=300;contig=CM015850.1;pos=10741	MAT:gap=4502;N=300;contig=CM015850.1;pos=194146	HMR:gap=5318;N=1200;contig=CM015850.1;pos=290820
GCA_003273275.1_ASM327327v1	HML:gap=3273;N=300;contig=CM015834.1;pos=10238	MAT:gap=4481;N=300;contig=CM015834.1;pos=194533	HMR:gap=3981;N=300;contig=CM015834.1;pos=291820
GCA_003273285.1_ASM327328v1	HML:gap=3229;N=300;contig=CM015914.1;pos=10619	MAT:gap=4893;N=0;contig=CM015914.1;pos=195674	HMR:gap=3894;N=600;contig=CM015914.1;pos=291721
GCA_003273385.1_ASM327338v1	HML:gap=3058;N=300;contig=CM016010.1;pos=9804	MAT:gap=4015;N=300;contig=CM016010.1;pos=193506	HMR:gap=4312;N=600;contig=CM016010.1;pos=289216
GCA_003273295.1_ASM327329v1	HML:gap=2447;N=600;contig=CM015882.1;pos=6817	MAT:gap=6210;N=600;contig=CM015882.1;pos=175699	HMR:far(99214)
GCA_003273395.1_ASM327339v1	HML:gap=3389;N=600;contig=CM014521.1;pos=9534	MAT:gap=4499;N=0;contig=CM014521.1;pos=189082	HMR:gap=4268;N=600;contig=CM014521.1;pos=283540
GCA_003273405.1_ASM327340v1	HML:gap=3643;N=300;contig=CM016026.1;pos=9238	MAT:gap=3522;N=300;contig=CM016026.1;pos=191443	HMR:gap=4015;N=600;contig=CM016026.1;pos=285867
GCA_003273495.1_ASM327349v1	HML:gap=2299;N=300;contig=CM015162.1;pos=8609	MAT:gap=4499;N=0;contig=CM015162.1;pos=188621	HMR:gap=3789;N=600;contig=CM015162.1;pos=285258
GCA_003273415.1_ASM327341v1	HML:gap=3277;N=600;contig=CM016074.1;pos=9329	MAT:gap=5014;N=300;contig=CM016074.1;pos=191266	HMR:gap=4028;N=600;contig=CM016074.1;pos=288656
GCA_003273535.1_ASM327353v1	HML:gap=3361;N=300;contig=CM015146.1;pos=9223	MAT:gap=3449;N=300;contig=CM015146.1;pos=190767	HMR:split_contigs
GCA_003273555.1_ASM327355v1	HML:split_contigs	MAT:gap=4296;N=300;contig=CM015130.1;pos=191205	HMR:gap=4518;N=900;contig=CM015130.1;pos=286692
GCA_003273585.1_ASM327358v1	HML:flank_missing(L=0,R=1)	MAT:gap=4579;N=300;contig=CM015098.1;pos=179929	HMR:gap=3603;N=0;contig=CM015098.1;pos=274246
GCA_003273575.1_ASM327357v1	HML:gap=4263;N=300;contig=CM015114.1;pos=8574	MAT:gap=3613;N=300;contig=CM015114.1;pos=190812	HMR:gap=3569;N=600;contig=CM015114.1;pos=285355
GCA_003273625.1_ASM327362v1	HML:flank_missing(L=0,R=1)	MAT:gap=4499;N=0;contig=CM014649.1;pos=182500	HMR:gap=3790;N=600;contig=CM014649.1;pos=280556
GCA_003273685.1_ASM327368v1	HML:flank_missing(L=0,R=1)	MAT:gap=4499;N=0;contig=CM015082.1;pos=180250	HMR:gap=4306;N=900;contig=CM015082.1;pos=276815
GCA_003273695.1_ASM327369v1	HML:gap=2369;N=300;contig=CM015066.1;pos=10048	MAT:gap=4793;N=300;contig=CM015066.1;pos=191512	HMR:gap=4083;N=900;contig=CM015066.1;pos=286020
GCA_003273705.1_ASM327370v1	HML:split_contigs	MAT:gap=4713;N=300;contig=CM015050.1;pos=185690	HMR:gap=3912;N=600;contig=CM015050.1;pos=280948
GCA_003273805.1_ASM327380v1	HML:gap=3271;N=600;contig=CM014713.1;pos=10906	MAT:gap=3769;N=300;contig=CM014713.1;pos=192895	HMR:gap=4405;N=900;contig=CM014713.1;pos=289262
GCA_003273725.1_ASM327372v1	HML:gap=2785;N=300;contig=CM014505.1;pos=12014	MAT:gap=5258;N=600;contig=CM014505.1;pos=195365	HMR:flank_missing(L=0,R=0)
GCA_003273815.1_ASM327381v1	HML:gap=3247;N=900;contig=CM014489.1;pos=10501	MAT:gap=4811;N=300;contig=CM014489.1;pos=190392	HMR:gap=3508;N=600;contig=CM014489.1;pos=285660
GCA_003273825.1_ASM327382v1	HML:gap=3432;N=600;contig=CM014425.1;pos=10828	MAT:gap=4499;N=0;contig=CM014425.1;pos=192580	HMR:gap=2769;N=300;contig=CM014425.1;pos=290286
GCA_003273835.1_ASM327383v1	HML:flank_missing(L=0,R=1)	MAT:gap=32348;N=600;contig=CM014473.1;pos=179243	HMR:far(71916)
GCA_003273925.1_ASM327392v1	HML:gap=3266;N=300;contig=CM014457.1;pos=10261	MAT:gap=4499;N=0;contig=CM014457.1;pos=190136	HMR:gap=3668;N=600;contig=CM014457.1;pos=284855
GCA_003273935.1_ASM327393v1	HML:flank_missing(L=0,R=1)	MAT:gap=4459;N=300;contig=CM014441.1;pos=178922	HMR:gap=4433;N=600;contig=CM014441.1;pos=273601
GCA_003273955.1_ASM327395v1	HML:split_contigs	MAT:gap=3851;N=300;contig=CM014409.1;pos=182630	HMR:gap=3824;N=600;contig=CM014409.1;pos=278949
GCA_003273985.1_ASM327398v1	HML:gap=3608;N=600;contig=CM014393.1;pos=10311	MAT:gap=4460;N=300;contig=CM014393.1;pos=192377	HMR:gap=3677;N=300;contig=CM014393.1;pos=287786
GCA_003274025.1_ASM327402v1	HML:gap=2069;N=300;contig=CM013683.1;pos=8663	MAT:gap=5023;N=300;contig=CM013683.1;pos=187360	HMR:gap=3980;N=600;contig=CM013683.1;pos=282649
GCA_003274055.1_ASM327405v1	HML:split_contigs	MAT:gap=4499;N=0;contig=CM013667.1;pos=178444	HMR:gap=4061;N=600;contig=CM013667.1;pos=274544
GCA_003274085.1_ASM327408v1	HML:split_contigs	MAT:gap=5843;N=600;contig=CM013651.1;pos=183118	HMR:gap=2644;N=900;contig=CM013651.1;pos=296910
GCA_003274095.1_ASM327409v1	HML:gap=3291;N=300;contig=CM013635.1;pos=10061	MAT:gap=4377;N=300;contig=CM013635.1;pos=189918	HMR:gap=3487;N=300;contig=CM013635.1;pos=283858
GCA_003274125.1_ASM327412v1	HML:gap=4289;N=900;contig=CM013619.1;pos=10337	MAT:gap=3466;N=300;contig=CM013619.1;pos=190650	HMR:flank_missing(L=0,R=1)
GCA_003274195.1_ASM327419v1	HML:gap=2691;N=600;contig=CM013603.1;pos=11619	MAT:gap=4499;N=0;contig=CM013603.1;pos=190768	HMR:gap=2600;N=600;contig=CM013603.1;pos=286519
GCA_003274205.1_ASM327420v1	HML:flank_missing(L=0,R=1)	MAT:gap=4525;N=300;contig=CM013587.1;pos=181383	HMR:gap=4265;N=300;contig=CM013587.1;pos=275667
GCA_003274215.1_ASM327421v1	HML:gap=3482;N=300;contig=CM013539.1;pos=10858	MAT:gap=5370;N=600;contig=CM013539.1;pos=194416	HMR:gap=3716;N=300;contig=CM013539.1;pos=289250
GCA_003274225.1_ASM327422v1	HML:gap=4357;N=300;contig=CM013555.1;pos=11564	MAT:gap=4106;N=300;contig=CM013555.1;pos=195565	HMR:gap=3397;N=300;contig=CM013555.1;pos=289150
GCA_003274315.1_ASM327431v1	HML:flank_missing(L=0,R=1)	MAT:gap=4741;N=300;contig=CM013571.1;pos=178468	HMR:gap=3824;N=300;contig=CM013571.1;pos=273046
GCA_003274325.1_ASM327432v1	HML:flank_missing(L=0,R=1)	MAT:gap=4501;N=0;contig=CM013507.1;pos=179928	HMR:gap=4237;N=600;contig=CM013507.1;pos=274601
GCA_003274345.1_ASM327434v1	HML:flank_missing(L=0,R=1)	MAT:gap=4396;N=0;contig=CM013523.1;pos=180468	HMR:flank_missing(L=1,R=0)
GCA_003274365.1_ASM327436v1	HML:flank_missing(L=0,R=1)	MAT:gap=4497;N=0;contig=CM013491.1;pos=179215	HMR:gap=3729;N=300;contig=CM013491.1;pos=274160
GCA_003274425.1_ASM327442v1	HML:flank_missing(L=0,R=1)	MAT:gap=4320;N=300;contig=CM013475.1;pos=184585	HMR:gap=3599;N=0;contig=CM013475.1;pos=280777
GCA_003274475.1_ASM327447v1	HML:gap=4159;N=600;contig=CM013443.1;pos=8039	MAT:gap=4087;N=300;contig=CM013443.1;pos=189205	HMR:gap=4057;N=600;contig=CM013443.1;pos=283221
GCA_003274485.1_ASM327448v1	HML:split_contigs	MAT:gap=5000;N=600;contig=CM013427.1;pos=182300	HMR:gap=3720;N=300;contig=CM013427.1;pos=277627
GCA_003274465.1_ASM327446v1	HML:flank_missing(L=0,R=1)	MAT:gap=4602;N=300;contig=CM013459.1;pos=186112	HMR:gap=3903;N=300;contig=CM013459.1;pos=282014
GCA_003274495.1_ASM327449v1	HML:gap=4791;N=600;contig=CM013411.1;pos=10509	MAT:gap=2594;N=300;contig=CM013411.1;pos=193018	HMR:gap=4598;N=300;contig=CM013411.1;pos=285645
GCA_003274595.1_ASM327459v1	HML:flank_missing(L=0,R=1)	MAT:gap=4499;N=0;contig=CM013348.1;pos=188558	HMR:flank_missing(L=0,R=1)
GCA_003274585.1_ASM327458v1	HML:gap=3600;N=600;contig=CM013395.1;pos=11266	MAT:gap=4938;N=600;contig=CM013395.1;pos=192263	HMR:gap=3533;N=300;contig=CM013395.1;pos=287196
GCA_003274605.1_ASM327460v1	HML:gap=3770;N=600;contig=CM013364.1;pos=10101	MAT:gap=3133;N=300;contig=CM013364.1;pos=191582	HMR:gap=3841;N=300;contig=CM013364.1;pos=284184
GCA_003274615.1_ASM327461v1	HML:gap=4126;N=300;contig=CM013332.1;pos=10924	MAT:gap=3314;N=300;contig=CM013332.1;pos=195254	HMR:gap=4170;N=600;contig=CM013332.1;pos=288264
GCA_003274705.1_ASM327470v1	HML:flank_missing(L=0,R=1)	MAT:gap=4355;N=300;contig=CM013268.1;pos=177178	HMR:flank_missing(L=0,R=0)
GCA_003274715.1_ASM327471v1	HML:split_contigs	MAT:gap=4499;N=0;contig=CM013252.1;pos=177789	HMR:gap=4227;N=600;contig=CM013252.1;pos=271924
GCA_003274725.1_ASM327472v1	HML:split_contigs	MAT:gap=4894;N=600;contig=CM013284.1;pos=178058	HMR:gap=4121;N=300;contig=CM013284.1;pos=272716
GCA_003274735.1_ASM327473v1	HML:gap=4228;N=600;contig=CM013316.1;pos=6914	MAT:gap=4359;N=300;contig=CM013316.1;pos=187719	HMR:gap=3710;N=600;contig=CM013316.1;pos=281732
GCA_003274825.1_ASM327482v1	HML:split_contigs	MAT:gap=3716;N=300;contig=CM013300.1;pos=180038	HMR:gap=4113;N=300;contig=CM013300.1;pos=273425
GCA_003274845.1_ASM327484v1	HML:gap=2458;N=300;contig=CM013220.1;pos=7884	MAT:gap=4499;N=0;contig=CM013220.1;pos=187255	HMR:gap=3696;N=300;contig=CM013220.1;pos=282934
GCA_003274855.1_ASM327485v1	HML:split_contigs	MAT:gap=4072;N=300;contig=CM013236.1;pos=189932	HMR:gap=3716;N=300;contig=CM013236.1;pos=283720
GCA_003274865.1_ASM327486v1	HML:gap=3254;N=300;contig=CM013204.1;pos=9279	MAT:gap=4499;N=0;contig=CM013204.1;pos=190230	HMR:gap=4246;N=300;contig=CM013204.1;pos=285368
GCA_003274905.1_ASM327490v1	HML:gap=3471;N=600;contig=CM013107.1;pos=10751	MAT:gap=3924;N=300;contig=CM013107.1;pos=194601	HMR:gap=3598;N=600;contig=CM013107.1;pos=290389
GCA_003274975.1_ASM327497v1	HML:gap=3298;N=300;contig=CM013043.1;pos=8646	MAT:gap=4079;N=300;contig=CM013043.1;pos=189536	HMR:gap=3646;N=300;contig=CM013043.1;pos=285357
GCA_003274985.1_ASM327498v1	HML:gap=3141;N=300;contig=CM013172.1;pos=9281	MAT:gap=4828;N=600;contig=CM013172.1;pos=192048	HMR:gap=4958;N=600;contig=CM013172.1;pos=289103
GCA_003274995.1_ASM327499v1	HML:gap=5134;N=900;contig=CM013140.1;pos=4384	MAT:gap=3692;N=300;contig=CM013140.1;pos=188134	HMR:flank_missing(L=1,R=0)
GCA_003275095.1_ASM327509v1	HML:gap=3181;N=300;contig=CM013156.1;pos=4365	MAT:gap=4841;N=300;contig=CM013156.1;pos=184627	HMR:gap=3995;N=600;contig=CM013156.1;pos=281310
GCA_003275005.1_ASM327500v1	HML:gap=5007;N=600;contig=CM013091.1;pos=9374	MAT:gap=3432;N=300;contig=CM013091.1;pos=191332	HMR:gap=4280;N=600;contig=CM013091.1;pos=286580
GCA_003275105.1_ASM327510v1	HML:gap=2323;N=300;contig=CM013188.1;pos=9270	MAT:gap=28432;N=300;contig=CM013188.1;pos=187040	HMR:far(75049)
GCA_003275115.1_ASM327511v1	HML:gap=3305;N=300;contig=CM013025.1;pos=7826	MAT:gap=4168;N=300;contig=CM013025.1;pos=187709	HMR:gap=4463;N=600;contig=CM013025.1;pos=282921
GCA_003275215.1_ASM327521v1	HML:split_contigs	MAT:gap=3426;N=300;contig=CM012927.1;pos=190122	HMR:gap=5382;N=600;contig=CM012927.1;pos=284889
GCA_003275125.1_ASM327512v1	HML:gap=3770;N=300;contig=CM013009.1;pos=5105	MAT:gap=3810;N=300;contig=CM013009.1;pos=185342	HMR:gap=4066;N=300;contig=CM013009.1;pos=279290
GCA_003275225.1_ASM327522v1	HML:split_contigs	MAT:split_contigs	HMR:flank_missing(L=0,R=1)
GCA_003275235.1_ASM327523v1	HML:gap=3241;N=300;contig=CM012527.1;pos=3560	MAT:gap=4499;N=0;contig=CM012527.1;pos=182998	HMR:gap=4323;N=300;contig=CM012527.1;pos=278293
GCA_003275245.1_ASM327524v1	HML:gap=4182;N=600;contig=CM012655.1;pos=10814	MAT:gap=3692;N=300;contig=CM012655.1;pos=191212	HMR:gap=3810;N=300;contig=CM012655.1;pos=285280
GCA_003275335.1_ASM327533v1	HML:gap=2214;N=300;contig=CM012719.1;pos=9527	MAT:gap=4872;N=300;contig=CM012719.1;pos=188250	HMR:gap=4293;N=600;contig=CM012719.1;pos=282788
GCA_003275345.1_ASM327534v1	HML:gap=4883;N=900;contig=CM012831.1;pos=7287	MAT:gap=4036;N=300;contig=CM012831.1;pos=189248	HMR:gap=3905;N=600;contig=CM012831.1;pos=285931
GCA_003275365.1_ASM327536v1	HML:gap=2043;N=300;contig=CM012911.1;pos=6180	MAT:gap=4499;N=0;contig=CM012911.1;pos=184798	HMR:gap=4377;N=900;contig=CM012911.1;pos=280142
GCA_003275385.1_ASM327538v1	HML:gap=2135;N=300;contig=CM012895.1;pos=9450	MAT:gap=4499;N=0;contig=CM012895.1;pos=190333	HMR:gap=4226;N=600;contig=CM012895.1;pos=285003
GCA_003275455.1_ASM327545v1	HML:gap=3962;N=600;contig=CM012879.1;pos=12201	MAT:gap=5137;N=600;contig=CM012879.1;pos=196532	HMR:gap=5863;N=1500;contig=CM012879.1;pos=293349
GCA_003275465.1_ASM327546v1	HML:gap=3634;N=600;contig=CM012767.1;pos=9969	MAT:gap=3356;N=300;contig=CM012767.1;pos=190995	HMR:gap=4404;N=600;contig=CM012767.1;pos=285852
GCA_003275475.1_ASM327547v1	HML:gap=2456;N=300;contig=CM012735.1;pos=9764	MAT:gap=4499;N=0;contig=CM012735.1;pos=189648	HMR:gap=4544;N=900;contig=CM012735.1;pos=284523
GCA_003275505.1_ASM327550v1	HML:gap=4838;N=600;contig=CM012863.1;pos=6053	MAT:gap=3670;N=300;contig=CM012863.1;pos=187430	HMR:gap=4397;N=600;contig=CM012863.1;pos=281392
GCA_003275575.1_ASM327557v1	HML:gap=2388;N=300;contig=CM012847.1;pos=10386	MAT:gap=4499;N=0;contig=CM012847.1;pos=189553	HMR:gap=3991;N=600;contig=CM012847.1;pos=284854
GCA_003275585.1_ASM327558v1	HML:gap=2186;N=300;contig=CM012815.1;pos=9936	MAT:gap=4499;N=0;contig=CM012815.1;pos=188866	HMR:gap=4338;N=900;contig=CM012815.1;pos=282962
GCA_003275605.1_ASM327560v1	HML:gap=3126;N=300;contig=CM012799.1;pos=10007	MAT:gap=4376;N=300;contig=CM012799.1;pos=190689	HMR:gap=4512;N=600;contig=CM012799.1;pos=288367
GCA_003275615.1_ASM327561v1	HML:gap=3201;N=600;contig=CM012783.1;pos=9739	MAT:gap=4862;N=300;contig=CM012783.1;pos=191570	HMR:gap=4959;N=900;contig=CM012783.1;pos=286962
GCA_003275685.1_ASM327568v1	HML:gap=4547;N=600;contig=CM012751.1;pos=9580	MAT:gap=3822;N=300;contig=CM012751.1;pos=193627	HMR:gap=4992;N=300;contig=CM012751.1;pos=286791
GCA_003275745.1_ASM327574v1	HML:gap=1927;N=600;contig=CM012671.1;pos=10803	MAT:gap=4850;N=300;contig=CM012671.1;pos=192590	HMR:gap=1675;N=600;contig=CM012671.1;pos=291716
GCA_003275715.1_ASM327571v1	HML:gap=3342;N=300;contig=CM012687.1;pos=9798	MAT:gap=4499;N=0;contig=CM012687.1;pos=190346	HMR:split_contigs
GCA_003275755.1_ASM327575v1	HML:gap=2580;N=999;contig=CM012495.1;pos=9080	MAT:gap=4067;N=1000;contig=CM012495.1;pos=191662	HMR:gap=4226;N=697;contig=CM012495.1;pos=285284
GCA_003275825.1_ASM327582v1	HML:gap=3374;N=600;contig=CM012479.1;pos=5174	MAT:gap=4589;N=300;contig=CM012479.1;pos=186781	HMR:gap=5176;N=900;contig=CM012479.1;pos=280907
GCA_003275785.1_ASM327578v1	HML:gap=3346;N=300;contig=CM012463.1;pos=5574	MAT:gap=4474;N=300;contig=CM012463.1;pos=186421	HMR:gap=5151;N=300;contig=CM012463.1;pos=280607
GCA_003275835.1_ASM327583v1	HML:gap=2209;N=300;contig=CM012407.1;pos=9711	MAT:gap=4499;N=0;contig=CM012407.1;pos=188821	HMR:gap=4810;N=900;contig=CM012407.1;pos=283169
GCA_003275875.1_ASM327587v1	HML:gap=4431;N=300;contig=CM012327.1;pos=11323	MAT:gap=4077;N=300;contig=CM012327.1;pos=192920	HMR:gap=4425;N=900;contig=CM012327.1;pos=286923
GCA_003275885.1_ASM327588v1	HML:gap=4407;N=300;contig=CM012244.1;pos=7933	MAT:gap=4011;N=300;contig=CM012244.1;pos=191355	HMR:gap=3945;N=300;contig=CM012244.1;pos=286725
GCA_003275955.1_ASM327595v1	HML:gap=3878;N=1;contig=CM012228.1;pos=8171	MAT:gap=4499;N=0;contig=CM012228.1;pos=193387	HMR:gap=4189;N=4;contig=CM012228.1;pos=287173
GCA_003275965.1_ASM327596v1	HML:gap=2829;N=300;contig=CM012260.1;pos=6188	MAT:gap=4862;N=300;contig=CM012260.1;pos=188892	HMR:gap=4419;N=900;contig=CM012260.1;pos=284990
GCA_003276005.1_ASM327600v1	HML:gap=4394;N=300;contig=CM012276.1;pos=9557	MAT:gap=3534;N=300;contig=CM012276.1;pos=191169	HMR:gap=4139;N=600;contig=CM012276.1;pos=284702
GCA_003276075.1_ASM327607v1	HML:gap=2402;N=300;contig=CM012027.1;pos=10770	MAT:gap=5400;N=300;contig=CM012027.1;pos=189796	HMR:gap=3717;N=300;contig=CM012027.1;pos=285723
GCA_003276015.1_ASM327601v1	HML:split_contigs	MAT:gap=4499;N=0;contig=CM012343.1;pos=196515	HMR:gap=4271;N=900;contig=CM012343.1;pos=291855
GCA_003276085.1_ASM327608v1	HML:split_contigs	MAT:gap=2241;N=1;contig=CM012359.1;pos=179387	HMR:split_contigs
GCA_003276135.1_ASM327613v1	HML:flank_missing(L=0,R=1)	MAT:gap=4501;N=0;contig=CM013059.1;pos=191294	HMR:gap=3275;N=0;contig=CM013059.1;pos=287743
GCA_003276205.1_ASM327620v1	HML:gap=4213;N=600;contig=CM012607.1;pos=9839	MAT:gap=4562;N=300;contig=CM012607.1;pos=192336	HMR:gap=2418;N=300;contig=CM012607.1;pos=287138
GCA_003276145.1_ASM327614v1	HML:flank_missing(L=0,R=1)	MAT:gap=4396;N=0;contig=CM013123.1;pos=182215	HMR:flank_missing(L=1,R=0)
GCA_003276185.1_ASM327618v1	HML:flank_missing(L=0,R=1)	MAT:gap=4499;N=0;contig=CM013075.1;pos=187016	HMR:flank_missing(L=0,R=1)
GCA_003276235.1_ASM327623v1	HML:flank_missing(L=0,R=1)	MAT:gap=4703;N=300;contig=CM012423.1;pos=182335	HMR:split_contigs
GCA_003276295.1_ASM327629v1	HML:gap=4290;N=300;contig=CM012703.1;pos=7042	MAT:gap=3471;N=300;contig=CM012703.1;pos=187462	HMR:gap=4245;N=600;contig=CM012703.1;pos=281343
GCA_003276245.1_ASM327624v1	HML:flank_missing(L=0,R=1)	MAT:gap=4499;N=0;contig=CM012639.1;pos=181472	HMR:gap=3249;N=300;contig=CM012639.1;pos=277452
GCA_003276325.1_ASM327632v1	HML:gap=3178;N=999;contig=CM012591.1;pos=13753	MAT:gap=3979;N=1000;contig=CM012591.1;pos=192910	HMR:gap=3742;N=624;contig=CM012591.1;pos=286322
GCA_003276395.1_ASM327639v1	HML:gap=2274;N=300;contig=CM012559.1;pos=11393	MAT:gap=4801;N=300;contig=CM012559.1;pos=192066	HMR:gap=3389;N=300;contig=CM012559.1;pos=287513
GCA_003276365.1_ASM327636v1	HML:gap=5027;N=600;contig=CM012623.1;pos=10126	MAT:gap=3446;N=300;contig=CM012623.1;pos=192942	HMR:flank_missing(L=0,R=1)
GCA_003276375.1_ASM327637v1	HML:split_contigs	MAT:gap=4081;N=300;contig=CM012575.1;pos=180766	HMR:gap=3940;N=300;contig=CM012575.1;pos=275261
GCA_003276405.1_ASM327640v1	HML:gap=3615;N=600;contig=CM012543.1;pos=6505	MAT:gap=4704;N=600;contig=CM012543.1;pos=189180	HMR:gap=4009;N=300;contig=CM012543.1;pos=285993
GCA_003276495.1_ASM327649v1	HML:split_contigs	MAT:gap=4417;N=300;contig=CM011351.1;pos=186160	HMR:gap=4415;N=600;contig=CM011351.1;pos=281307
GCA_003276485.1_ASM327648v1	HML:gap=3373;N=300;contig=CM011700.1;pos=8419	MAT:gap=3344;N=300;contig=CM011700.1;pos=188860	HMR:split_contigs
GCA_003276505.1_ASM327650v1	HML:gap=3133;N=300;contig=CM011335.1;pos=5040	MAT:gap=4795;N=300;contig=CM011335.1;pos=184990	HMR:gap=3420;N=300;contig=CM011335.1;pos=280934
GCA_003276515.1_ASM327651v1	HML:gap=2523;N=300;contig=CM011511.1;pos=10232	MAT:gap=4665;N=300;contig=CM011511.1;pos=191427	HMR:gap=3922;N=600;contig=CM011511.1;pos=286226
GCA_003276615.1_ASM327661v1	HML:split_contigs	MAT:far(183394)	HMR:gap=518;N=300;contig=CM011559.1;pos=283795
GCA_003276625.1_ASM327662v1	HML:gap=4178;N=300;contig=CM011591.1;pos=8607	MAT:gap=4394;N=0;contig=CM011591.1;pos=193652	HMR:gap=3844;N=300;contig=CM011591.1;pos=288875
GCA_003276605.1_ASM327660v1	HML:gap=3329;N=300;contig=CM011463.1;pos=7705	MAT:gap=3579;N=300;contig=CM011463.1;pos=189503	HMR:gap=4441;N=600;contig=CM011463.1;pos=284563
GCA_003276635.1_ASM327663v1	HML:gap=3264;N=300;contig=CM011732.1;pos=2640	MAT:gap=4499;N=0;contig=CM011732.1;pos=182476	HMR:gap=3723;N=600;contig=CM011732.1;pos=278382
GCA_003276745.1_ASM327674v1	HML:gap=4309;N=300;contig=CM012391.1;pos=7135	MAT:gap=3722;N=300;contig=CM012391.1;pos=189882	HMR:split_contigs
GCA_003276725.1_ASM327672v1	HML:gap=3341;N=300;contig=CM011883.1;pos=7857	MAT:gap=4635;N=300;contig=CM011883.1;pos=188358	HMR:gap=4045;N=600;contig=CM011883.1;pos=283317
GCA_003276735.1_ASM327673v1	HML:gap=4713;N=600;contig=CM012375.1;pos=4727	MAT:gap=4337;N=600;contig=CM012375.1;pos=187155	HMR:gap=5198;N=600;contig=CM012375.1;pos=281338
GCA_003276755.1_ASM327675v1	HML:flank_missing(L=0,R=1)	MAT:gap=4835;N=300;contig=CM012165.1;pos=185298	HMR:gap=3585;N=600;contig=CM012165.1;pos=280296
GCA_003276845.1_ASM327684v1	HML:split_contigs	MAT:gap=4499;N=0;contig=CM012011.1;pos=187106	HMR:gap=4178;N=900;contig=CM012011.1;pos=281370
GCA_003276865.1_ASM327686v1	HML:split_contigs	MAT:gap=4099;N=300;contig=CM011995.1;pos=187538	HMR:gap=5174;N=900;contig=CM011995.1;pos=281360
GCA_003276855.1_ASM327685v1	HML:gap=4588;N=300;contig=CM012149.1;pos=5918	MAT:gap=4101;N=300;contig=CM012149.1;pos=187589	HMR:gap=3862;N=300;contig=CM012149.1;pos=281263
GCA_003276875.1_ASM327687v1	HML:gap=2182;N=300;contig=CM011979.1;pos=5010	MAT:gap=4499;N=0;contig=CM011979.1;pos=184678	HMR:gap=3465;N=600;contig=CM011979.1;pos=280077
GCA_003276975.1_ASM327697v1	HML:split_contigs	MAT:gap=2709;N=300;contig=CM011947.1;pos=191257	HMR:gap=4227;N=600;contig=CM011947.1;pos=283616
GCA_003276965.1_ASM327696v1	HML:gap=2355;N=300;contig=CM011963.1;pos=4968	MAT:gap=4499;N=0;contig=CM011963.1;pos=183296	HMR:gap=4005;N=900;contig=CM011963.1;pos=278189
GCA_003276985.1_ASM327698v1	HML:gap=4382;N=300;contig=CM011931.1;pos=11446	MAT:gap=4178;N=300;contig=CM011931.1;pos=194979	HMR:gap=3967;N=600;contig=CM011931.1;pos=289924
GCA_003276995.1_ASM327699v1	HML:split_contigs	MAT:gap=4505;N=0;contig=CM011915.1;pos=175341	HMR:gap=3889;N=600;contig=CM011915.1;pos=270373
GCA_003277085.1_ASM327708v1	HML:split_contigs	MAT:gap=3457;N=300;contig=CM011899.1;pos=184061	HMR:gap=3518;N=0;contig=CM011899.1;pos=279279
GCA_003277095.1_ASM327709v1	HML:split_contigs	MAT:gap=3597;N=300;contig=CM011867.1;pos=190273	HMR:gap=4308;N=300;contig=CM011867.1;pos=283193
GCA_003277105.1_ASM327710v1	HML:gap=3601;N=300;contig=CM011748.1;pos=10523	MAT:gap=3339;N=300;contig=CM011748.1;pos=192828	HMR:gap=4200;N=600;contig=CM011748.1;pos=286433
GCA_003277115.1_ASM327711v1	HML:gap=5228;N=138;contig=CM011716.1;pos=7347	MAT:gap=3852;N=100;contig=CM011716.1;pos=189378	HMR:gap=3760;N=0;contig=CM011716.1;pos=285772
GCA_003277205.1_ASM327720v1	HML:gap=4599;N=600;contig=CM011575.1;pos=4600	MAT:gap=3347;N=300;contig=CM011575.1;pos=188098	HMR:gap=3800;N=300;contig=CM011575.1;pos=283697
GCA_003277235.1_ASM327723v1	HML:gap=4239;N=600;contig=CM011543.1;pos=11025	MAT:gap=4679;N=300;contig=CM011543.1;pos=193335	HMR:gap=3967;N=600;contig=CM011543.1;pos=288136
GCA_003277255.1_ASM327725v1	HML:gap=4665;N=288;contig=CM011479.1;pos=1801	MAT:gap=4396;N=0;contig=CM011479.1;pos=183496	HMR:gap=3762;N=0;contig=CM011479.1;pos=269179
GCA_003277245.1_ASM327724v1	HML:gap=3737;N=300;contig=CM011527.1;pos=2656	MAT:gap=3295;N=300;contig=CM011527.1;pos=184308	HMR:gap=4047;N=600;contig=CM011527.1;pos=278525
GCA_003277295.1_ASM327729v1	HML:split_contigs	MAT:gap=4807;N=600;contig=CM011495.1;pos=180770	HMR:gap=4074;N=300;contig=CM011495.1;pos=275020
GCA_003277365.1_ASM327736v1	HML:gap=2343;N=300;contig=CM011431.1;pos=7793	MAT:gap=4501;N=0;contig=CM011431.1;pos=187487	HMR:gap=4201;N=600;contig=CM011431.1;pos=281425
GCA_003277375.1_ASM327737v1	HML:gap=3160;N=300;contig=CM011415.1;pos=4683	MAT:gap=4716;N=600;contig=CM011415.1;pos=186858	HMR:gap=3797;N=300;contig=CM011415.1;pos=282432
GCA_003277355.1_ASM327735v1	HML:gap=4429;N=300;contig=CM011447.1;pos=334	MAT:gap=4288;N=300;contig=CM011447.1;pos=183098	HMR:gap=4045;N=600;contig=CM011447.1;pos=277516
GCA_003277385.1_ASM327738v1	HML:split_contigs	MAT:gap=4832;N=300;contig=CM011399.1;pos=185754	HMR:gap=3679;N=600;contig=CM011399.1;pos=280370
GCA_003277475.1_ASM327747v1	HML:split_contigs	MAT:gap=4160;N=300;contig=CM011383.1;pos=182996	HMR:gap=4504;N=600;contig=CM011383.1;pos=276785
GCA_003277495.1_ASM327749v1	HML:gap=3652;N=300;contig=CM011287.1;pos=9473	MAT:gap=4454;N=300;contig=CM011287.1;pos=189290	HMR:gap=3492;N=600;contig=CM011287.1;pos=283221
GCA_003277485.1_ASM327748v1	HML:split_contigs	MAT:gap=6099;N=600;contig=CM011319.1;pos=184054	HMR:gap=2463;N=300;contig=CM011319.1;pos=279831
GCA_003277505.1_ASM327750v1	HML:gap=3236;N=300;contig=CM011271.1;pos=9488	MAT:gap=4497;N=0;contig=CM011271.1;pos=193300	HMR:gap=4259;N=600;contig=CM011271.1;pos=287635
GCA_003277595.1_ASM327759v1	HML:gap=4349;N=600;contig=CM011239.1;pos=7453	MAT:gap=5198;N=600;contig=CM011239.1;pos=189893	HMR:split_contigs
GCA_003277615.1_ASM327761v1	HML:gap=4713;N=300;contig=CM011255.1;pos=10931	MAT:gap=3695;N=300;contig=CM011255.1;pos=190795	HMR:gap=5148;N=900;contig=CM011255.1;pos=284520
GCA_003277635.1_ASM327763v1	HML:gap=3616;N=300;contig=CM011207.1;pos=5781	MAT:gap=3468;N=300;contig=CM011207.1;pos=186240	HMR:gap=4129;N=900;contig=CM011207.1;pos=280784
GCA_003277645.1_ASM327764v1	HML:gap=3286;N=300;contig=CM011191.1;pos=6293	MAT:gap=4873;N=300;contig=CM011191.1;pos=187498	HMR:split_contigs
GCA_003277725.1_ASM327772v1	HML:split_contigs	MAT:gap=3435;N=300;contig=CM011223.1;pos=190890	HMR:gap=3993;N=300;contig=CM011223.1;pos=284016
GCA_003277715.1_ASM327771v1	HML:split_contigs	MAT:gap=4398;N=0;contig=CM011175.1;pos=181915	HMR:gap=1119;N=100;contig=CM011175.1;pos=275576
GCA_003277735.1_ASM327773v1	HML:gap=4671;N=600;contig=CM011159.1;pos=11064	MAT:gap=2709;N=300;contig=CM011159.1;pos=194486	HMR:gap=4122;N=300;contig=CM011159.1;pos=286937
GCA_003277755.1_ASM327775v1	HML:gap=4985;N=600;contig=CM011143.1;pos=10188	MAT:gap=3361;N=300;contig=CM011143.1;pos=195603	HMR:gap=3999;N=600;contig=CM011143.1;pos=290248
GCA_003277865.1_ASM327786v1	HML:gap=3276;N=300;contig=CM011127.1;pos=9036	MAT:gap=4499;N=300;contig=CM011127.1;pos=193224	HMR:gap=4349;N=300;contig=CM011127.1;pos=287200
GCA_003277815.1_ASM327781v1	HML:gap=5210;N=600;contig=CM011303.1;pos=7150	MAT:gap=4389;N=300;contig=CM011303.1;pos=188955	HMR:gap=3696;N=600;contig=CM011303.1;pos=283272
GCA_003277875.1_ASM327787v1	HML:gap=2493;N=600;contig=CM011367.1;pos=10092	MAT:gap=5148;N=600;contig=CM011367.1;pos=193262	HMR:flank_missing(L=0,R=1)
GCA_003326515.1_ASM332651v1	HML:gap=4069;N=1019;contig=CM011055.1;pos=10666	MAT:gap=4544;N=616;contig=CM011055.1;pos=193971	HMR:gap=4337;N=1304;contig=CM011055.1;pos=289129
GCA_003326555.1_ASM332655v1	HML:gap=2661;N=999;contig=CM011023.1;pos=8914	MAT:gap=4040;N=1000;contig=CM011023.1;pos=187093	HMR:gap=3571;N=757;contig=CM011023.1;pos=281600
GCA_003326525.1_ASM332652v1	HML:gap=3717;N=999;contig=CM011039.1;pos=17808	MAT:gap=4645;N=987;contig=CM011039.1;pos=198133	HMR:gap=4302;N=1318;contig=CM011039.1;pos=292560
GCA_003326565.1_ASM332656v1	HML:split_contigs	MAT:gap=4394;N=0;contig=CM011007.1;pos=113816	HMR:gap=3583;N=10;contig=CM011007.1;pos=208072
GCA_003327635.1_ASM332763v1	HML:flank_missing(L=0,R=0)	MAT:flank_missing(L=0,R=0)	HMR:flank_missing(L=0,R=0)
GCA_003569725.1_Scer_Hm_1_01	HML:split_contigs	MAT:split_contigs	HMR:split_contigs
GCA_003591695.1_YAL1	HML:gap=4501;N=0;contig=CM010782.1;pos=299313	MAT:gap=4503;N=0;contig=CM010782.1;pos=113952	HMR:gap=3600;N=0;contig=CM010782.1;pos=21287
GCA_003709285.1_ASM370928v1	HML:gap=5059;N=0;contig=CP023997.1;pos=17439	MAT:gap=4388;N=0;contig=CP023997.1;pos=210113	HMR:gap=4316;N=0;contig=CP023997.1;pos=304506
GCA_003719635.1_ASM371963v1	HML:gap=4422;N=0;contig=CP033472.1;pos=10729	MAT:gap=4499;N=0;contig=CP033472.1;pos=195216	HMR:gap=3407;N=0;contig=CP033472.1;pos=288156
GCA_003719665.1_ASM371966v1	HML:gap=4244;N=0;contig=CP033489.1;pos=10997	MAT:gap=4499;N=0;contig=CP033489.1;pos=191492	HMR:gap=3371;N=0;contig=CP033489.1;pos=282989
GCA_004114265.1_LGE_SA1_1.0	HML:split_contigs	MAT:split_contigs	HMR:split_contigs
GCA_004014915.1_ASM401491v1	HML:gap=4499;N=0;contig=CP025099.1;pos=10814	MAT:gap=4390;N=0;contig=CP025099.1;pos=208623	HMR:gap=9562;N=0;contig=CP025099.1;pos=302493
GCA_004138035.1_ASM413803v1	HML:split_contigs	MAT:split_contigs	HMR:split_contigs
GCA_004352945.1_ASM435294v1	HML:flank_missing(L=0,R=0)	MAT:flank_missing(L=0,R=0)	HMR:flank_missing(L=0,R=0)
GCA_004328465.1_ASM432846v1	HML:gap=4486;N=0;contig=CP036472.1;pos=10806	MAT:gap=4499;N=0;contig=CP036472.1;pos=195083	HMR:gap=3499;N=0;contig=CP036472.1;pos=289084
GCA_004352955.1_ASM435295v1	HML:flank_missing(L=0,R=0)	MAT:flank_missing(L=0,R=0)	HMR:flank_missing(L=0,R=0)
GCA_004352965.1_ASM435296v1	HML:flank_missing(L=0,R=0)	MAT:flank_missing(L=0,R=0)	HMR:flank_missing(L=0,R=0)
GCA_004353105.1_ASM435310v1	HML:flank_missing(L=2,R=0)	MAT:flank_missing(L=0,R=0)	HMR:flank_missing(L=0,R=0)
GCA_004353035.1_ASM435303v1	HML:flank_missing(L=0,R=0)	MAT:flank_missing(L=0,R=0)	HMR:flank_missing(L=0,R=0)
GCA_004353095.1_ASM435309v1	HML:flank_missing(L=0,R=0)	MAT:flank_missing(L=0,R=0)	HMR:flank_missing(L=0,R=0)
GCA_004359125.1_Sce_IR-2idA30a_v2	HML:gap=5042;N=0;contig=BIMU01000035.1;pos=1599	MAT:gap=4396;N=0;contig=BIMU01000035.1;pos=194183	HMR:gap=3604;N=0;contig=BIMU01000035.1;pos=287690
GCA_007556415.1_ASM755641v1	HML:flank_missing(L=0,R=1)	MAT:gap=4342;N=0;contig=SZYG01000033.1;pos=92556	HMR:flank_missing(L=0,R=0)
GCA_009014655.1_Scer_Pf_1_01	HML:flank_missing(L=0,R=1)	MAT:split_contigs	HMR:split_contigs
GCA_009663155.1_ASM966315v1	HML:flank_missing(L=0,R=0)	MAT:flank_missing(L=0,R=0)	HMR:flank_missing(L=0,R=0)
GCA_009663225.1_ASM966322v1	HML:gap=4345;N=0;contig=CM019037.1;pos=554982	MAT:gap=4146;N=0;contig=CM019035.1;pos=51611	HMR:gap=3387;N=0;contig=CM019035.1;pos=129467
GCA_009663245.1_ASM966324v1	HML:gap=4417;N=0;contig=CM018974.1;pos=8145	MAT:gap=4365;N=0;contig=CM018974.1;pos=129201	HMR:flank_missing(L=1,R=0)
GCA_009663275.1_ASM966327v1	HML:gap=4496;N=0;contig=CM018994.1;pos=10909	MAT:gap=4498;N=0;contig=CM018994.1;pos=215174	HMR:gap=3499;N=0;contig=CM018994.1;pos=308989
GCA_009663235.1_ASM966323v1	HML:gap=4385;N=0;contig=WJAX01000019.1;pos=10669	MAT:gap=4324;N=0;contig=CM019018.1;pos=51376	HMR:gap=3359;N=0;contig=CM019018.1;pos=143309
GCA_009663385.1_ASM966338v1	HML:gap=4443;N=0;contig=CM018957.1;pos=10958	MAT:gap=4346;N=0;contig=CM018957.1;pos=209937	HMR:gap=3460;N=0;contig=CM018957.1;pos=303051
GCA_009664425.1_ASM966442v1	HML:split_contigs	MAT:gap=4411;N=0;contig=CM019058.1;pos=95249	HMR:flank_missing(L=1,R=0)
GCA_009665545.1_ASM966554v1	HML:flank_missing(L=0,R=1)	MAT:split_contigs	HMR:flank_missing(L=1,R=0)
GCA_009665535.1_ASM966553v1	HML:split_contigs	MAT:split_contigs	HMR:split_contigs
GCA_009665555.1_ASM966555v1	HML:flank_missing(L=0,R=1)	MAT:split_contigs	HMR:split_contigs
GCA_009665575.1_ASM966557v1	HML:flank_missing(L=0,R=1)	MAT:split_contigs	HMR:split_contigs
GCA_009665565.1_ASM966556v1	HML:flank_missing(L=0,R=1)	MAT:split_contigs	HMR:split_contigs
GCA_009665625.1_ASM966562v1	HML:flank_missing(L=0,R=1)	MAT:split_contigs	HMR:split_contigs
GCA_009665705.1_ASM966570v1	HML:flank_missing(L=0,R=1)	MAT:split_contigs	HMR:split_contigs
GCA_009665675.1_ASM966567v1	HML:flank_missing(L=0,R=1)	MAT:split_contigs	HMR:split_contigs
GCA_009665685.1_ASM966568v1	HML:flank_missing(L=0,R=1)	MAT:split_contigs	HMR:split_contigs
GCA_009665725.1_ASM966572v1	HML:flank_missing(L=0,R=1)	MAT:split_contigs	HMR:split_contigs
GCA_009665755.1_ASM966575v1	HML:flank_missing(L=0,R=1)	MAT:split_contigs	HMR:split_contigs
GCA_009665865.1_ASM966586v1	HML:flank_missing(L=0,R=1)	MAT:split_contigs	HMR:split_contigs
GCA_009665875.1_ASM966587v1	HML:flank_missing(L=0,R=1)	MAT:split_contigs	HMR:split_contigs
GCA_009665795.1_ASM966579v1	HML:flank_missing(L=0,R=1)	MAT:split_contigs	HMR:split_contigs
GCA_009665985.1_ASM966598v1	HML:split_contigs	MAT:split_contigs	HMR:split_contigs
GCA_009665895.1_ASM966589v1	HML:flank_missing(L=0,R=1)	MAT:split_contigs	HMR:split_contigs
GCA_009665905.1_ASM966590v1	HML:flank_missing(L=0,R=1)	MAT:split_contigs	HMR:split_contigs
GCA_009665995.1_ASM966599v1	HML:flank_missing(L=0,R=1)	MAT:split_contigs	HMR:split_contigs
GCA_009666025.1_ASM966602v1	HML:flank_missing(L=0,R=1)	MAT:split_contigs	HMR:split_contigs
GCA_009666015.1_ASM966601v1	HML:flank_missing(L=0,R=1)	MAT:split_contigs	HMR:split_contigs
GCA_009666085.1_ASM966608v1	HML:flank_missing(L=0,R=1)	MAT:gap=4394;N=0;contig=VZVU01000963.1;pos=44232	HMR:flank_missing(L=0,R=0)
GCA_009666095.1_ASM966609v1	HML:flank_missing(L=0,R=1)	MAT:split_contigs	HMR:split_contigs
GCA_009666115.1_ASM966611v1	HML:flank_missing(L=0,R=1)	MAT:split_contigs	HMR:split_contigs
GCA_009666145.1_ASM966614v1	HML:flank_missing(L=0,R=1)	MAT:split_contigs	HMR:split_contigs
GCA_009666185.1_ASM966618v1	HML:flank_missing(L=0,R=1)	MAT:split_contigs	HMR:split_contigs
GCA_009666195.1_ASM966619v1	HML:flank_missing(L=0,R=1)	MAT:split_contigs	HMR:split_contigs
GCA_009666255.1_ASM966625v1	HML:flank_missing(L=0,R=1)	MAT:split_contigs	HMR:split_contigs
GCA_009666335.1_ASM966633v1	HML:flank_missing(L=0,R=0)	MAT:flank_missing(L=0,R=0)	HMR:flank_missing(L=0,R=0)
GCA_009666265.1_ASM966626v1	HML:split_contigs	MAT:split_contigs	HMR:split_contigs
GCA_009666275.1_ASM966627v1	HML:flank_missing(L=0,R=1)	MAT:split_contigs	HMR:split_contigs
GCA_009666385.1_ASM966638v1	HML:flank_missing(L=0,R=0)	MAT:flank_missing(L=0,R=0)	HMR:flank_missing(L=0,R=0)
GCA_009666355.1_ASM966635v1	HML:flank_missing(L=0,R=1)	MAT:split_contigs	HMR:split_contigs
GCA_009666405.1_ASM966640v1	HML:flank_missing(L=0,R=0)	MAT:flank_missing(L=0,R=0)	HMR:flank_missing(L=0,R=0)
GCA_009666445.1_ASM966644v1	HML:flank_missing(L=0,R=0)	MAT:flank_missing(L=0,R=0)	HMR:flank_missing(L=0,R=0)
GCA_009666475.1_ASM966647v1	HML:flank_missing(L=0,R=0)	MAT:flank_missing(L=0,R=0)	HMR:flank_missing(L=0,R=0)
GCA_009666465.1_ASM966646v1	HML:flank_missing(L=0,R=0)	MAT:flank_missing(L=0,R=0)	HMR:flank_missing(L=0,R=0)
GCA_009666535.1_ASM966653v1	HML:flank_missing(L=0,R=0)	MAT:flank_missing(L=0,R=0)	HMR:flank_missing(L=0,R=0)
GCA_009666495.1_ASM966649v1	HML:flank_missing(L=0,R=0)	MAT:flank_missing(L=0,R=0)	HMR:flank_missing(L=0,R=0)
GCA_009666585.1_ASM966658v1	HML:flank_missing(L=0,R=0)	MAT:flank_missing(L=0,R=0)	HMR:flank_missing(L=0,R=0)
GCA_009666575.1_ASM966657v1	HML:flank_missing(L=0,R=1)	MAT:split_contigs	HMR:split_contigs
GCA_009666635.1_ASM966663v1	HML:flank_missing(L=0,R=1)	MAT:split_contigs	HMR:split_contigs
GCA_009666655.1_ASM966665v1	HML:flank_missing(L=0,R=1)	MAT:split_contigs	HMR:split_contigs
GCA_009666755.1_ASM966675v1	HML:flank_missing(L=0,R=0)	MAT:flank_missing(L=0,R=0)	HMR:flank_missing(L=0,R=0)
GCA_009666665.1_ASM966666v1	HML:flank_missing(L=0,R=0)	MAT:flank_missing(L=0,R=1)	HMR:split_contigs
GCA_009666725.1_ASM966672v1	HML:flank_missing(L=0,R=1)	MAT:split_contigs	HMR:split_contigs
GCA_009666765.1_ASM966676v1	HML:flank_missing(L=0,R=0)	MAT:flank_missing(L=0,R=0)	HMR:flank_missing(L=0,R=0)
GCA_009666835.1_ASM966683v1	HML:flank_missing(L=0,R=0)	MAT:flank_missing(L=0,R=0)	HMR:flank_missing(L=0,R=0)
GCA_009666905.1_ASM966690v1	HML:flank_missing(L=0,R=0)	MAT:flank_missing(L=0,R=0)	HMR:flank_missing(L=0,R=0)
GCA_009666845.1_ASM966684v1	HML:flank_missing(L=0,R=0)	MAT:flank_missing(L=0,R=0)	HMR:flank_missing(L=0,R=0)
GCA_009666865.1_ASM966686v1	HML:flank_missing(L=0,R=0)	MAT:flank_missing(L=0,R=0)	HMR:flank_missing(L=0,R=0)
GCA_009666875.1_ASM966687v1	HML:split_contigs	MAT:split_contigs	HMR:split_contigs
GCA_009666955.1_ASM966695v1	HML:flank_missing(L=0,R=0)	MAT:flank_missing(L=0,R=0)	HMR:flank_missing(L=0,R=0)
GCA_009666965.1_ASM966696v1	HML:flank_missing(L=0,R=0)	MAT:flank_missing(L=0,R=0)	HMR:flank_missing(L=0,R=0)
GCA_009667045.1_ASM966704v1	HML:flank_missing(L=0,R=0)	MAT:flank_missing(L=0,R=0)	HMR:flank_missing(L=0,R=0)
GCA_009667075.1_ASM966707v1	HML:flank_missing(L=0,R=0)	MAT:flank_missing(L=0,R=0)	HMR:flank_missing(L=0,R=0)
GCA_009667145.1_ASM966714v1	HML:flank_missing(L=0,R=0)	MAT:flank_missing(L=0,R=0)	HMR:flank_missing(L=0,R=0)
GCA_009667125.1_ASM966712v1	HML:flank_missing(L=0,R=1)	MAT:split_contigs	HMR:split_contigs
GCA_009667055.1_ASM966705v1	HML:flank_missing(L=0,R=0)	MAT:split_contigs	HMR:split_contigs
GCA_009667195.1_ASM966719v1	HML:flank_missing(L=0,R=0)	MAT:flank_missing(L=0,R=0)	HMR:flank_missing(L=0,R=0)
GCA_009667215.1_ASM966721v1	HML:flank_missing(L=0,R=1)	MAT:split_contigs	HMR:split_contigs
GCA_009667225.1_ASM966722v1	HML:flank_missing(L=0,R=1)	MAT:flank_missing(L=1,R=0)	HMR:flank_missing(L=0,R=0)
GCA_009667275.1_ASM966727v1	HML:flank_missing(L=0,R=0)	MAT:flank_missing(L=0,R=0)	HMR:flank_missing(L=0,R=0)
GCA_009667335.1_ASM966733v1	HML:flank_missing(L=0,R=2)	MAT:split_contigs	HMR:flank_missing(L=0,R=1)
GCA_009667295.1_ASM966729v1	HML:flank_missing(L=0,R=1)	MAT:split_contigs	HMR:split_contigs
GCA_009667345.1_ASM966734v1	HML:flank_missing(L=0,R=1)	MAT:split_contigs	HMR:split_contigs
GCA_009667385.1_ASM966738v1	HML:flank_missing(L=0,R=0)	MAT:flank_missing(L=0,R=0)	HMR:flank_missing(L=0,R=0)
GCA_009667455.1_ASM966745v1	HML:flank_missing(L=0,R=0)	MAT:flank_missing(L=2,R=0)	HMR:flank_missing(L=0,R=0)
GCA_009667515.1_ASM966751v1	HML:flank_missing(L=0,R=1)	MAT:split_contigs	HMR:split_contigs
GCA_009667415.1_ASM966741v1	HML:flank_missing(L=0,R=1)	MAT:split_contigs	HMR:split_contigs
GCA_009667545.1_ASM966754v1	HML:split_contigs	MAT:split_contigs	HMR:split_contigs
GCA_009738405.1_ASM973840v1	HML:gap=4488;N=5;contig=CP046472.1;pos=10961	MAT:gap=4391;N=129;contig=CP046472.1;pos=189770	HMR:gap=3494;N=2;contig=CP046472.1;pos=283419
GCA_009805645.1_ASM980564v1	HML:flank_missing(L=0,R=0)	MAT:flank_missing(L=0,R=0)	HMR:flank_missing(L=0,R=0)
GCA_009805665.1_ASM980566v1	HML:gap=4499;N=0;contig=VLHV01000020.1;pos=13202	MAT:gap=4393;N=0;contig=VLHV01000020.1;pos=192146	HMR:gap=3940;N=0;contig=VLHV01000020.1;pos=285984
GCA_010356925.1_ASM1035692v1	HML:gap=4499;N=0;contig=CM021129.1;pos=11420	MAT:gap=4499;N=0;contig=CM021129.1;pos=200187	HMR:gap=3499;N=0;contig=CM021129.1;pos=294187
GCA_010356935.1_ASM1035693v1	HML:gap=4500;N=0;contig=CM021113.1;pos=10639	MAT:gap=4394;N=0;contig=CM021113.1;pos=211336	HMR:gap=3598;N=0;contig=CM021113.1;pos=306051
GCA_011316215.1_ASM1131621v1	HML:gap=5055;N=0;contig=CM022137.1;pos=10967	MAT:gap=4385;N=0;contig=CM022137.1;pos=196570	HMR:flank_missing(L=0,R=0)
GCA_011393105.1_ASM1139310v1	HML:split_contigs	MAT:gap=3573;N=1111;contig=MU031898.1;pos=94198	HMR:split_contigs
GCA_011393115.1_ASM1139311v1	HML:split_contigs	MAT:gap=3200;N=951;contig=MU031764.1;pos=145793	HMR:gap=3708;N=1985;contig=MU031764.1;pos=103112
GCA_011393125.1_ASM1139312v1	HML:split_contigs	MAT:split_contigs	HMR:flank_missing(L=0,R=1)
GCA_011393155.1_ASM1139315v1	HML:split_contigs	MAT:split_contigs	HMR:gap=37346;N=3609;contig=MU032014.1;pos=25265
GCA_011393215.1_ASM1139321v1	HML:split_contigs	MAT:split_contigs	HMR:gap=3603;N=1559;contig=MU032179.1;pos=49541
GCA_011393235.1_ASM1139323v1	HML:split_contigs	MAT:gap=4209;N=40;contig=MU032234.1;pos=178348	HMR:gap=3105;N=964;contig=MU032234.1;pos=272791
GCA_011799815.1_ASM1179981v1	HML:gap=4500;N=0;contig=CM022360.1;pos=11376	MAT:gap=4394;N=0;contig=CM022360.1;pos=191220	HMR:flank_missing(L=0,R=0)
GCA_013179785.1_ASM1317978v1	HML:flank_missing(L=0,R=0)	MAT:flank_missing(L=0,R=0)	HMR:flank_missing(L=0,R=0)
GCA_012275245.1_ASM1227524v1	HML:flank_missing(L=0,R=1)	MAT:gap=4394;N=0;contig=WMJW01000013.1;pos=201304	HMR:flank_missing(L=0,R=0)
GCA_013179815.1_ASM1317981v1	HML:flank_missing(L=0,R=0)	MAT:flank_missing(L=0,R=0)	HMR:flank_missing(L=0,R=0)
GCA_013179855.1_ASM1317985v1	HML:flank_missing(L=0,R=0)	MAT:flank_missing(L=0,R=0)	HMR:flank_missing(L=0,R=0)
GCA_013179935.1_ASM1317993v1	HML:flank_missing(L=0,R=0)	MAT:flank_missing(L=0,R=0)	HMR:flank_missing(L=0,R=0)
GCA_013179955.1_ASM1317995v1	HML:flank_missing(L=0,R=0)	MAT:flank_missing(L=0,R=0)	HMR:flank_missing(L=0,R=0)
GCA_013179845.1_ASM1317984v1	HML:flank_missing(L=0,R=1)	MAT:split_contigs	HMR:split_contigs
GCA_013180005.1_ASM1318000v1	HML:flank_missing(L=0,R=0)	MAT:flank_missing(L=0,R=0)	HMR:flank_missing(L=0,R=0)
GCA_013179965.1_ASM1317996v1	HML:flank_missing(L=0,R=0)	MAT:flank_missing(L=0,R=0)	HMR:flank_missing(L=0,R=0)
GCA_013180055.1_ASM1318005v1	HML:flank_missing(L=0,R=0)	MAT:flank_missing(L=0,R=0)	HMR:flank_missing(L=0,R=0)
GCA_013180065.1_ASM1318006v1	HML:flank_missing(L=0,R=0)	MAT:flank_missing(L=0,R=0)	HMR:flank_missing(L=0,R=0)
GCA_013180125.1_ASM1318012v1	HML:flank_missing(L=0,R=0)	MAT:flank_missing(L=0,R=0)	HMR:flank_missing(L=0,R=0)
GCA_013180045.1_ASM1318004v1	HML:split_contigs	MAT:split_contigs	HMR:split_contigs
GCA_013180165.1_ASM1318016v1	HML:flank_missing(L=0,R=0)	MAT:flank_missing(L=0,R=0)	HMR:flank_missing(L=0,R=0)
GCA_013180235.1_ASM1318023v1	HML:flank_missing(L=0,R=0)	MAT:flank_missing(L=0,R=0)	HMR:flank_missing(L=0,R=0)
GCA_013180195.1_ASM1318019v1	HML:flank_missing(L=0,R=0)	MAT:flank_missing(L=0,R=0)	HMR:flank_missing(L=0,R=0)
GCA_013180185.1_ASM1318018v1	HML:split_contigs	MAT:split_contigs	HMR:split_contigs
GCA_013180255.1_ASM1318025v1	HML:flank_missing(L=0,R=0)	MAT:flank_missing(L=0,R=0)	HMR:flank_missing(L=0,R=0)
GCA_013180345.1_ASM1318034v1	HML:flank_missing(L=0,R=0)	MAT:flank_missing(L=0,R=0)	HMR:flank_missing(L=0,R=0)
GCA_013180645.1_ASM1318064v1	HML:flank_missing(L=0,R=0)	MAT:flank_missing(L=0,R=0)	HMR:flank_missing(L=0,R=0)
GCA_013180355.1_ASM1318035v1	HML:flank_missing(L=0,R=1)	MAT:flank_missing(L=1,R=0)	HMR:split_contigs
GCA_013180675.1_ASM1318067v1	HML:flank_missing(L=0,R=0)	MAT:flank_missing(L=0,R=0)	HMR:flank_missing(L=0,R=0)
GCA_013180725.1_ASM1318072v1	HML:split_contigs	MAT:split_contigs	HMR:split_contigs
GCA_013180665.1_ASM1318066v1	HML:split_contigs	MAT:split_contigs	HMR:split_contigs
GCA_013180745.1_ASM1318074v1	HML:flank_missing(L=0,R=1)	MAT:flank_missing(L=0,R=0)	HMR:flank_missing(L=0,R=0)
GCA_013180735.1_ASM1318073v1	HML:flank_missing(L=0,R=1)	MAT:split_contigs	HMR:split_contigs
GCA_013181245.1_ASM1318124v1	HML:split_contigs	MAT:split_contigs	HMR:split_contigs
GCA_013181305.1_ASM1318130v1	HML:split_contigs	MAT:split_contigs	HMR:flank_missing(L=1,R=0)
GCA_013181185.1_ASM1318118v1	HML:split_contigs	MAT:split_contigs	HMR:split_contigs
GCA_013181225.1_ASM1318122v1	HML:split_contigs	MAT:split_contigs	HMR:flank_missing(L=0,R=1)
GCA_013181335.1_ASM1318133v1	HML:flank_missing(L=0,R=0)	MAT:flank_missing(L=0,R=0)	HMR:flank_missing(L=0,R=0)
GCA_013181535.1_ASM1318153v1	HML:flank_missing(L=0,R=0)	MAT:flank_missing(L=0,R=0)	HMR:flank_missing(L=0,R=0)
GCA_013181345.1_ASM1318134v1	HML:flank_missing(L=0,R=1)	MAT:flank_missing(L=1,R=0)	HMR:flank_missing(L=0,R=1)
GCA_013181375.1_ASM1318137v1	HML:flank_missing(L=0,R=1)	MAT:split_contigs	HMR:split_contigs
GCA_013181555.1_ASM1318155v1	HML:flank_missing(L=0,R=0)	MAT:flank_missing(L=0,R=0)	HMR:flank_missing(L=0,R=0)
GCA_013183845.1_ASM1318384v1	HML:split_contigs	MAT:split_contigs	HMR:flank_missing(L=1,R=0)
GCA_013183795.1_ASM1318379v1	HML:split_contigs	MAT:split_contigs	HMR:flank_missing(L=1,R=0)
GCA_013183875.1_ASM1318387v1	HML:split_contigs	MAT:split_contigs	HMR:split_contigs
GCA_013183865.1_ASM1318386v1	HML:split_contigs	MAT:split_contigs	HMR:split_contigs
GCA_013183905.1_ASM1318390v1	HML:split_contigs	MAT:split_contigs	HMR:split_contigs
GCA_013265745.1_ASM1326574v1	HML:flank_missing(L=0,R=0)	MAT:flank_missing(L=0,R=0)	HMR:flank_missing(L=0,R=0)
GCA_013265705.1_ASM1326570v1	HML:flank_missing(L=0,R=0)	MAT:flank_missing(L=0,R=0)	HMR:flank_missing(L=0,R=0)
GCA_013265755.1_ASM1326575v1	HML:flank_missing(L=0,R=1)	MAT:split_contigs	HMR:flank_missing(L=0,R=0)
GCA_013368685.1_ASM1336868v1	HML:split_contigs	MAT:flank_missing(L=1,R=0)	HMR:flank_missing(L=1,R=0)
GCA_013265775.1_ASM1326577v1	HML:flank_missing(L=0,R=0)	MAT:flank_missing(L=0,R=0)	HMR:flank_missing(L=0,R=0)
GCA_014132375.1_Scer_NYR20_01	HML:split_contigs	MAT:gap=2573;N=100;contig=BLZP01000014.1;pos=186773	HMR:gap=3457;N=200;contig=BLZP01000014.1;pos=278723
GCA_014132395.1_Scer_P-684_01	HML:gap=4951;N=300;contig=BLZQ01000014.1;pos=9469	MAT:gap=3805;N=200;contig=BLZQ01000014.1;pos=205350	HMR:gap=688;N=100;contig=BLZQ01000014.1;pos=300778
GCA_014133995.2_ASM1413399v2	HML:gap=4499;N=0;contig=CP059524.2;pos=10284	MAT:gap=4394;N=0;contig=CP059524.2;pos=214820	HMR:gap=3499;N=0;contig=CP059524.2;pos=308715
GCA_015251375.1_ASM1525137v1	HML:split_contigs	MAT:split_contigs	HMR:split_contigs
GCA_014905575.1_SCawmr101_1.0	HML:split_contigs	MAT:split_contigs	HMR:split_contigs
GCA_014898825.1_ASM1489882v1	HML:gap=4500;N=0;contig=JADBMH010000003.1;pos=10958	MAT:gap=4500;N=0;contig=JADBMH010000004.1;pos=48978	HMR:gap=3499;N=0;contig=JADBMH010000004.1;pos=142979
GCA_015251885.1_ASM1525188v1	HML:split_contigs	MAT:split_contigs	HMR:flank_missing(L=0,R=1)
GCA_015353045.1_ASM1535304v1	HML:flank_missing(L=0,R=0)	MAT:flank_missing(L=0,R=0)	HMR:flank_missing(L=0,R=0)
GCA_015363515.1_ASM1536351v1	HML:gap=5058;N=0;contig=CM026999.1;pos=11222	MAT:gap=4450;N=0;contig=CM026999.1;pos=191304	HMR:gap=4655;N=0;contig=CM026999.1;pos=285221
GCA_015353015.1_ASM1535301v1	HML:flank_missing(L=0,R=0)	MAT:flank_missing(L=0,R=0)	HMR:flank_missing(L=0,R=0)
GCA_016858175.1_ASM1685817v1	HML:gap=4499;N=0;contig=CM029075.1;pos=12071	MAT:gap=4394;N=0;contig=CM029075.1;pos=212765	HMR:gap=3598;N=0;contig=CM029075.1;pos=307477
GCA_017165635.1_ASM1716563v1	HML:gap=4499;N=0;contig=JADWTA010000011.1;pos=308606	MAT:gap=4394;N=0;contig=JADWTA010000011.1;pos=104196	HMR:gap=3499;N=0;contig=JADWTA010000011.1;pos=11205
GCA_017165605.1_ASM1716560v1	HML:gap=4499;N=0;contig=JADWSZ010000018.1;pos=318726	MAT:gap=4394;N=0;contig=JADWSZ010000018.1;pos=114309	HMR:gap=3499;N=0;contig=JADWSZ010000018.1;pos=21319
GCA_017864775.1_ASM1786477v1	HML:split_contigs	MAT:split_contigs	HMR:split_contigs
GCA_017165595.1_ASM1716559v1	HML:gap=4499;N=0;contig=JADWTB010000003.1;pos=333208	MAT:gap=4394;N=0;contig=JADWTB010000003.1;pos=129042	HMR:gap=3492;N=0;contig=JADWTB010000003.1;pos=36058
GCA_017864795.1_ASM1786479v1	HML:split_contigs	MAT:split_contigs	HMR:flank_missing(L=1,R=0)
GCA_017864785.1_ASM1786478v1	HML:split_contigs	MAT:split_contigs	HMR:split_contigs
GCA_017864805.1_ASM1786480v1	HML:split_contigs	MAT:split_contigs	HMR:split_contigs
GCA_017864825.1_ASM1786482v1	HML:split_contigs	MAT:split_contigs	HMR:split_contigs
GCA_017864925.1_ASM1786492v1	HML:split_contigs	MAT:split_contigs	HMR:split_contigs
GCA_017864915.1_ASM1786491v1	HML:split_contigs	MAT:split_contigs	HMR:split_contigs
GCA_017864975.1_ASM1786497v1	HML:split_contigs	MAT:split_contigs	HMR:split_contigs
GCA_017864945.1_ASM1786494v1	HML:split_contigs	MAT:split_contigs	HMR:split_contigs
GCA_017865225.1_ASM1786522v1	HML:split_contigs	MAT:split_contigs	HMR:split_contigs
GCA_017865125.1_ASM1786512v1	HML:split_contigs	MAT:split_contigs	HMR:flank_missing(L=1,R=0)
GCA_017865245.1_ASM1786524v1	HML:split_contigs	MAT:split_contigs	HMR:split_contigs
GCA_017865285.1_ASM1786528v1	HML:split_contigs	MAT:split_contigs	HMR:flank_missing(L=1,R=0)
GCA_017865275.1_ASM1786527v1	HML:split_contigs	MAT:split_contigs	HMR:flank_missing(L=1,R=0)
GCA_017865375.1_ASM1786537v1	HML:split_contigs	MAT:split_contigs	HMR:split_contigs
GCA_017865415.1_ASM1786541v1	HML:split_contigs	MAT:split_contigs	HMR:split_contigs
GCA_017865475.1_ASM1786547v1	HML:split_contigs	MAT:split_contigs	HMR:split_contigs
GCA_017865645.1_ASM1786564v1	HML:split_contigs	MAT:split_contigs	HMR:split_contigs
GCA_017865655.1_ASM1786565v1	HML:split_contigs	MAT:split_contigs	HMR:split_contigs
GCA_017865715.1_ASM1786571v1	HML:split_contigs	MAT:split_contigs	HMR:split_contigs
GCA_017865745.1_ASM1786574v1	HML:split_contigs	MAT:split_contigs	HMR:split_contigs
GCA_017865695.1_ASM1786569v1	HML:split_contigs	MAT:split_contigs	HMR:split_contigs
GCA_017865875.1_ASM1786587v1	HML:split_contigs	MAT:split_contigs	HMR:split_contigs
GCA_017865995.1_ASM1786599v1	HML:split_contigs	MAT:split_contigs	HMR:split_contigs
GCA_017866045.1_ASM1786604v1	HML:split_contigs	MAT:split_contigs	HMR:split_contigs
GCA_017866055.1_ASM1786605v1	HML:split_contigs	MAT:split_contigs	HMR:split_contigs
GCA_017866065.1_ASM1786606v1	HML:split_contigs	MAT:split_contigs	HMR:flank_missing(L=1,R=0)
GCA_017866075.1_ASM1786607v1	HML:split_contigs	MAT:split_contigs	HMR:split_contigs
GCA_017866135.1_ASM1786613v1	HML:split_contigs	MAT:split_contigs	HMR:flank_missing(L=0,R=0)
GCA_017866085.1_ASM1786608v1	HML:split_contigs	MAT:split_contigs	HMR:split_contigs
GCA_017866155.1_ASM1786615v1	HML:split_contigs	MAT:split_contigs	HMR:split_contigs
GCA_017866175.1_ASM1786617v1	HML:split_contigs	MAT:split_contigs	HMR:split_contigs
GCA_017866185.1_ASM1786618v1	HML:split_contigs	MAT:split_contigs	HMR:split_contigs
GCA_017866275.1_ASM1786627v1	HML:split_contigs	MAT:split_contigs	HMR:split_contigs
GCA_017866255.1_ASM1786625v1	HML:split_contigs	MAT:split_contigs	HMR:split_contigs
GCA_017866305.1_ASM1786630v1	HML:split_contigs	MAT:split_contigs	HMR:split_contigs
GCA_017866315.1_ASM1786631v1	HML:split_contigs	MAT:split_contigs	HMR:split_contigs
GCA_017866405.1_ASM1786640v1	HML:split_contigs	MAT:split_contigs	HMR:split_contigs
GCA_017866385.1_ASM1786638v1	HML:split_contigs	MAT:split_contigs	HMR:split_contigs
GCA_017866475.1_ASM1786647v1	HML:split_contigs	MAT:split_contigs	HMR:split_contigs
GCA_017866485.1_ASM1786648v1	HML:split_contigs	MAT:split_contigs	HMR:split_contigs
GCA_017866455.1_ASM1786645v1	HML:split_contigs	MAT:split_contigs	HMR:split_contigs
GCA_017866465.1_ASM1786646v1	HML:split_contigs	MAT:split_contigs	HMR:split_contigs
GCA_017866575.1_ASM1786657v1	HML:split_contigs	MAT:split_contigs	HMR:split_contigs
GCA_017866745.1_ASM1786674v1	HML:split_contigs	MAT:split_contigs	HMR:split_contigs
GCA_017866495.1_ASM1786649v1	HML:split_contigs	MAT:split_contigs	HMR:flank_missing(L=1,R=0)
GCA_017866565.1_ASM1786656v1	HML:split_contigs	MAT:split_contigs	HMR:flank_missing(L=1,R=0)
GCA_017866755.1_ASM1786675v1	HML:split_contigs	MAT:split_contigs	HMR:split_contigs
GCA_017866955.1_ASM1786695v1	HML:split_contigs	MAT:split_contigs	HMR:split_contigs
GCA_017866845.1_ASM1786684v1	HML:split_contigs	MAT:split_contigs	HMR:split_contigs
GCA_017866945.1_ASM1786694v1	HML:split_contigs	MAT:split_contigs	HMR:split_contigs
GCA_017866995.1_ASM1786699v1	HML:split_contigs	MAT:split_contigs	HMR:split_contigs
GCA_017867015.1_ASM1786701v1	HML:split_contigs	MAT:split_contigs	HMR:split_contigs
GCA_017867005.1_ASM1786700v1	HML:split_contigs	MAT:split_contigs	HMR:split_contigs
GCA_017867205.1_ASM1786720v1	HML:split_contigs	MAT:split_contigs	HMR:flank_missing(L=1,R=0)
GCA_017867255.1_ASM1786725v1	HML:split_contigs	MAT:split_contigs	HMR:split_contigs
GCA_017867295.1_ASM1786729v1	HML:split_contigs	MAT:split_contigs	HMR:split_contigs
GCA_017867285.1_ASM1786728v1	HML:split_contigs	MAT:split_contigs	HMR:split_contigs
GCA_017867305.1_ASM1786730v1	HML:split_contigs	MAT:split_contigs	HMR:split_contigs
GCA_017867525.1_ASM1786752v1	HML:split_contigs	MAT:split_contigs	HMR:split_contigs
GCA_017867555.1_ASM1786755v1	HML:split_contigs	MAT:split_contigs	HMR:split_contigs
GCA_017867515.1_ASM1786751v1	HML:split_contigs	MAT:split_contigs	HMR:split_contigs
GCA_017867585.1_ASM1786758v1	HML:split_contigs	MAT:split_contigs	HMR:split_contigs
GCA_017867595.1_ASM1786759v1	HML:split_contigs	MAT:split_contigs	HMR:split_contigs
GCA_017867735.1_ASM1786773v1	HML:split_contigs	MAT:split_contigs	HMR:split_contigs
GCA_017867835.1_ASM1786783v1	HML:split_contigs	MAT:split_contigs	HMR:split_contigs
GCA_017867755.1_ASM1786775v1	HML:split_contigs	MAT:split_contigs	HMR:split_contigs
GCA_017867915.1_ASM1786791v1	HML:split_contigs	MAT:split_contigs	HMR:split_contigs
GCA_017867885.1_ASM1786788v1	HML:split_contigs	MAT:split_contigs	HMR:split_contigs
GCA_017867955.1_ASM1786795v1	HML:split_contigs	MAT:split_contigs	HMR:split_contigs
GCA_017867995.1_ASM1786799v1	HML:split_contigs	MAT:split_contigs	HMR:flank_missing(L=1,R=0)
GCA_017868025.1_ASM1786802v1	HML:split_contigs	MAT:split_contigs	HMR:split_contigs
GCA_017868065.1_ASM1786806v1	HML:split_contigs	MAT:split_contigs	HMR:flank_missing(L=0,R=1)
GCA_017868075.1_ASM1786807v1	HML:split_contigs	MAT:split_contigs	HMR:split_contigs
GCA_017868145.1_ASM1786814v1	HML:split_contigs	MAT:split_contigs	HMR:flank_missing(L=1,R=0)
GCA_017868155.1_ASM1786815v1	HML:split_contigs	MAT:split_contigs	HMR:split_contigs
GCA_017868175.1_ASM1786817v1	HML:split_contigs	MAT:split_contigs	HMR:flank_missing(L=1,R=0)
GCA_017868165.1_ASM1786816v1	HML:split_contigs	MAT:split_contigs	HMR:split_contigs
GCA_017868185.1_ASM1786818v1	HML:split_contigs	MAT:split_contigs	HMR:split_contigs
GCA_017868355.1_ASM1786835v1	HML:split_contigs	MAT:split_contigs	HMR:split_contigs
GCA_017868345.1_ASM1786834v1	HML:split_contigs	MAT:split_contigs	HMR:split_contigs
GCA_017868485.1_ASM1786848v1	HML:split_contigs	MAT:split_contigs	HMR:split_contigs
GCA_017868655.1_ASM1786865v1	HML:split_contigs	MAT:split_contigs	HMR:split_contigs
GCA_017868835.1_ASM1786883v1	HML:split_contigs	MAT:split_contigs	HMR:flank_missing(L=1,R=0)
GCA_017868915.1_ASM1786891v1	HML:split_contigs	MAT:split_contigs	HMR:flank_missing(L=0,R=1)
GCA_017868925.1_ASM1786892v1	HML:split_contigs	MAT:split_contigs	HMR:split_contigs
GCA_017868975.1_ASM1786897v1	HML:split_contigs	MAT:split_contigs	HMR:flank_missing(L=0,R=1)
GCA_017869095.1_ASM1786909v1	HML:split_contigs	MAT:split_contigs	HMR:split_contigs
GCA_017869105.1_ASM1786910v1	HML:split_contigs	MAT:split_contigs	HMR:flank_missing(L=0,R=1)
GCA_017869165.1_ASM1786916v1	HML:split_contigs	MAT:split_contigs	HMR:split_contigs
GCA_017869305.1_ASM1786930v1	HML:split_contigs	MAT:split_contigs	HMR:split_contigs
GCA_017869315.1_ASM1786931v1	HML:split_contigs	MAT:split_contigs	HMR:flank_missing(L=1,R=0)
GCA_017869335.1_ASM1786933v1	HML:split_contigs	MAT:split_contigs	HMR:split_contigs
GCA_017869325.1_ASM1786932v1	HML:split_contigs	MAT:split_contigs	HMR:split_contigs
GCA_017869405.1_ASM1786940v1	HML:split_contigs	MAT:split_contigs	HMR:split_contigs
GCA_017869445.1_ASM1786944v1	HML:split_contigs	MAT:split_contigs	HMR:split_contigs
GCA_017869545.1_ASM1786954v1	HML:split_contigs	MAT:split_contigs	HMR:split_contigs
GCA_017869495.1_ASM1786949v1	HML:split_contigs	MAT:split_contigs	HMR:flank_missing(L=0,R=1)
GCA_017869555.1_ASM1786955v1	HML:split_contigs	MAT:split_contigs	HMR:split_contigs
GCA_017869615.1_ASM1786961v1	HML:split_contigs	MAT:split_contigs	HMR:split_contigs
GCA_017869635.1_ASM1786963v1	HML:split_contigs	MAT:split_contigs	HMR:split_contigs
GCA_017869625.1_ASM1786962v1	HML:flank_missing(L=0,R=1)	MAT:split_contigs	HMR:flank_missing(L=0,R=0)
GCA_017869715.1_ASM1786971v1	HML:flank_missing(L=0,R=1)	MAT:split_contigs	HMR:flank_missing(L=0,R=0)
GCA_017869735.1_ASM1786973v1	HML:split_contigs	MAT:split_contigs	HMR:split_contigs
GCA_017869745.1_ASM1786974v1	HML:flank_missing(L=0,R=1)	MAT:split_contigs	HMR:flank_missing(L=0,R=0)
GCA_017869765.1_ASM1786976v1	HML:split_contigs	MAT:split_contigs	HMR:split_contigs
GCA_017869795.1_ASM1786979v1	HML:split_contigs	MAT:split_contigs	HMR:split_contigs
GCA_017869965.1_ASM1786996v1	HML:split_contigs	MAT:split_contigs	HMR:split_contigs
GCA_017869985.1_ASM1786998v1	HML:split_contigs	MAT:split_contigs	HMR:split_contigs
GCA_017870115.1_ASM1787011v1	HML:flank_missing(L=0,R=1)	MAT:split_contigs	HMR:split_contigs
GCA_017870085.1_ASM1787008v1	HML:split_contigs	MAT:split_contigs	HMR:split_contigs
GCA_017870125.1_ASM1787012v1	HML:split_contigs	MAT:split_contigs	HMR:flank_missing(L=1,R=0)
GCA_017870445.1_ASM1787044v1	HML:split_contigs	MAT:split_contigs	HMR:split_contigs
GCA_017870435.1_ASM1787043v1	HML:split_contigs	MAT:split_contigs	HMR:split_contigs
GCA_017870425.1_ASM1787042v1	HML:split_contigs	MAT:split_contigs	HMR:split_contigs
GCA_017870455.1_ASM1787045v1	HML:flank_missing(L=0,R=1)	MAT:split_contigs	HMR:split_contigs
GCA_017870715.1_ASM1787071v1	HML:split_contigs	MAT:split_contigs	HMR:split_contigs
GCA_017870815.1_ASM1787081v1	HML:split_contigs	MAT:split_contigs	HMR:split_contigs
GCA_017870595.1_ASM1787059v1	HML:flank_missing(L=0,R=1)	MAT:split_contigs	HMR:split_contigs
GCA_017870925.1_ASM1787092v1	HML:split_contigs	MAT:split_contigs	HMR:split_contigs
GCA_017870945.1_ASM1787094v1	HML:split_contigs	MAT:split_contigs	HMR:split_contigs
GCA_017870955.1_ASM1787095v1	HML:split_contigs	MAT:split_contigs	HMR:flank_missing(L=0,R=0)
GCA_017871015.1_ASM1787101v1	HML:split_contigs	MAT:split_contigs	HMR:split_contigs
GCA_017871025.1_ASM1787102v1	HML:split_contigs	MAT:split_contigs	HMR:split_contigs
GCA_017871065.1_ASM1787106v1	HML:split_contigs	MAT:split_contigs	HMR:split_contigs
GCA_017871085.1_ASM1787108v1	HML:split_contigs	MAT:split_contigs	HMR:split_contigs
GCA_018219195.1_ASM1821919v1	HML:gap=4499;N=0;contig=CP063257.1;pos=11230	MAT:gap=4393;N=0;contig=CP063257.1;pos=233186	HMR:gap=3598;N=0;contig=CP063257.1;pos=327842
GCA_018831675.1_ASM1883167v1	HML:gap=5044;N=0;contig=JADIFZ010000031.1;pos=21593	MAT:gap=4499;N=0;contig=JADIFZ010000011.1;pos=106162	HMR:gap=4311;N=0;contig=JADIFZ010000011.1;pos=12223
GCA_019155645.1_ASM1915564v1	HML:flank_missing(L=0,R=1)	MAT:gap=4396;N=0;contig=JAGEKC010000018.1;pos=106740	HMR:flank_missing(L=0,R=0)
GCA_019393785.1_ASM1939378v1	HML:split_contigs	MAT:split_contigs	HMR:flank_missing(L=0,R=1)
GCA_019393865.1_ASM1939386v1	HML:split_contigs	MAT:split_contigs	HMR:flank_missing(L=0,R=0)
GCA_019393935.1_ASM1939393v1	HML:split_contigs	MAT:split_contigs	HMR:split_contigs
GCA_019155725.1_ASM1915572v1	HML:gap=4504;N=0;contig=JAGEKD010000014.1;pos=11007	MAT:gap=4505;N=0;contig=JAGEKD010000014.1;pos=198836	HMR:gap=9549;N=0;contig=JAGEKD010000014.1;pos=292938
GCA_019394105.1_ASM1939410v1	HML:split_contigs	MAT:split_contigs	HMR:split_contigs
GCA_019394265.1_ASM1939426v1	HML:split_contigs	MAT:split_contigs	HMR:flank_missing(L=1,R=0)
GCA_019393945.1_ASM1939394v1	HML:split_contigs	MAT:split_contigs	HMR:split_contigs
GCA_019394275.1_ASM1939427v1	HML:split_contigs	MAT:split_contigs	HMR:split_contigs
GCA_019394485.1_ASM1939448v1	HML:split_contigs	MAT:split_contigs	HMR:flank_missing(L=0,R=0)
GCA_019394325.1_ASM1939432v1	HML:split_contigs	MAT:split_contigs	HMR:split_contigs
GCA_019394315.1_ASM1939431v1	HML:split_contigs	MAT:split_contigs	HMR:split_contigs
GCA_019394495.1_ASM1939449v1	HML:split_contigs	MAT:flank_missing(L=0,R=1)	HMR:flank_missing(L=1,R=0)
GCA_019394525.1_ASM1939452v1	HML:split_contigs	MAT:split_contigs	HMR:split_contigs
GCA_019394535.1_ASM1939453v1	HML:flank_missing(L=0,R=1)	MAT:split_contigs	HMR:flank_missing(L=0,R=1)
GCA_019394645.1_ASM1939464v1	HML:split_contigs	MAT:split_contigs	HMR:flank_missing(L=1,R=0)
GCA_019394655.1_ASM1939465v1	HML:split_contigs	MAT:split_contigs	HMR:split_contigs
GCA_019394675.1_ASM1939467v1	HML:split_contigs	MAT:split_contigs	HMR:split_contigs
GCA_019394785.1_ASM1939478v1	HML:split_contigs	MAT:split_contigs	HMR:split_contigs
GCA_019394775.1_ASM1939477v1	HML:split_contigs	MAT:split_contigs	HMR:flank_missing(L=1,R=0)
GCA_019394725.1_ASM1939472v1	HML:flank_missing(L=0,R=1)	MAT:split_contigs	HMR:split_contigs
GCA_019394895.1_ASM1939489v1	HML:flank_missing(L=0,R=1)	MAT:split_contigs	HMR:split_contigs
GCA_019394885.1_ASM1939488v1	HML:split_contigs	MAT:split_contigs	HMR:split_contigs
GCA_019394915.1_ASM1939491v1	HML:split_contigs	MAT:split_contigs	HMR:split_contigs
GCA_019394805.1_ASM1939480v1	HML:split_contigs	MAT:split_contigs	HMR:split_contigs
GCA_019431265.1_ASM1943126v1	HML:flank_missing(L=0,R=0)	MAT:flank_missing(L=0,R=0)	HMR:flank_missing(L=0,R=0)
GCA_019953615.1_ASM1995361v1	HML:flank_missing(L=0,R=0)	MAT:flank_missing(L=0,R=0)	HMR:flank_missing(L=0,R=0)
GCA_021172205.1_ASM2117220v1	HML:gap=5061;N=0;contig=CP089102.1;pos=10724	MAT:gap=4394;N=0;contig=CP089102.1;pos=207004	HMR:gap=3501;N=0;contig=CP089102.1;pos=300899
GCA_021216695.1_ASM2121669v1	HML:gap=4245;N=472;contig=JXBM01000017.1;pos=73159	MAT:gap=3991;N=0;contig=JXBM01000015.1;pos=115149	HMR:gap=3564;N=0;contig=JXBM01000015.1;pos=19999
GCA_021403135.1_ASM2140313v1	HML:flank_missing(L=0,R=0)	MAT:flank_missing(L=0,R=0)	HMR:flank_missing(L=0,R=0)
GCA_021403145.1_ASM2140314v1	HML:flank_missing(L=0,R=0)	MAT:flank_missing(L=0,R=0)	HMR:flank_missing(L=0,R=0)
GCA_021403155.1_ASM2140315v1	HML:flank_missing(L=0,R=0)	MAT:flank_missing(L=0,R=0)	HMR:flank_missing(L=0,R=0)
GCA_021403165.1_ASM2140316v1	HML:flank_missing(L=0,R=0)	MAT:flank_missing(L=0,R=0)	HMR:flank_missing(L=0,R=0)
GCA_021403175.1_ASM2140317v1	HML:flank_missing(L=0,R=0)	MAT:flank_missing(L=0,R=0)	HMR:flank_missing(L=0,R=0)
GCA_021403275.1_ASM2140327v1	HML:flank_missing(L=0,R=0)	MAT:flank_missing(L=0,R=0)	HMR:flank_missing(L=0,R=0)
GCA_021403295.1_ASM2140329v1	HML:flank_missing(L=0,R=0)	MAT:flank_missing(L=0,R=0)	HMR:flank_missing(L=0,R=0)
GCA_021403305.1_ASM2140330v1	HML:flank_missing(L=0,R=0)	MAT:flank_missing(L=0,R=0)	HMR:flank_missing(L=0,R=0)
GCA_021403315.1_ASM2140331v1	HML:flank_missing(L=0,R=0)	MAT:flank_missing(L=0,R=0)	HMR:flank_missing(L=0,R=0)
GCA_021403405.1_ASM2140340v1	HML:flank_missing(L=0,R=0)	MAT:flank_missing(L=0,R=0)	HMR:flank_missing(L=0,R=0)
GCA_021403335.1_ASM2140333v1	HML:flank_missing(L=0,R=0)	MAT:flank_missing(L=0,R=0)	HMR:flank_missing(L=0,R=0)
GCA_021403425.1_ASM2140342v1	HML:flank_missing(L=0,R=0)	MAT:flank_missing(L=0,R=0)	HMR:flank_missing(L=0,R=0)
GCA_021403455.1_ASM2140345v1	HML:flank_missing(L=0,R=0)	MAT:flank_missing(L=0,R=0)	HMR:flank_missing(L=0,R=0)
GCA_021403465.1_ASM2140346v1	HML:flank_missing(L=0,R=0)	MAT:flank_missing(L=0,R=0)	HMR:flank_missing(L=0,R=0)
GCA_021403505.1_ASM2140350v1	HML:flank_missing(L=0,R=0)	MAT:flank_missing(L=0,R=0)	HMR:flank_missing(L=0,R=0)
GCA_021403545.1_ASM2140354v1	HML:flank_missing(L=0,R=0)	MAT:flank_missing(L=0,R=0)	HMR:flank_missing(L=0,R=0)
GCA_021403565.1_ASM2140356v1	HML:flank_missing(L=0,R=0)	MAT:flank_missing(L=0,R=0)	HMR:flank_missing(L=0,R=0)
GCA_021403605.1_ASM2140360v1	HML:flank_missing(L=0,R=0)	MAT:flank_missing(L=0,R=0)	HMR:flank_missing(L=0,R=0)
GCA_021403645.1_ASM2140364v1	HML:flank_missing(L=0,R=0)	MAT:flank_missing(L=0,R=0)	HMR:flank_missing(L=0,R=0)
GCA_021403665.1_ASM2140366v1	HML:flank_missing(L=0,R=0)	MAT:flank_missing(L=0,R=0)	HMR:flank_missing(L=0,R=0)
GCA_021403695.1_ASM2140369v1	HML:flank_missing(L=0,R=0)	MAT:flank_missing(L=0,R=0)	HMR:flank_missing(L=0,R=0)
GCA_021403725.1_ASM2140372v1	HML:flank_missing(L=0,R=0)	MAT:flank_missing(L=0,R=0)	HMR:flank_missing(L=0,R=0)
GCA_021403755.1_ASM2140375v1	HML:flank_missing(L=0,R=0)	MAT:flank_missing(L=0,R=0)	HMR:flank_missing(L=0,R=0)
GCA_021403765.1_ASM2140376v1	HML:flank_missing(L=0,R=0)	MAT:flank_missing(L=0,R=0)	HMR:flank_missing(L=0,R=0)
GCA_021437045.1_ASM2143704v1	HML:flank_missing(L=0,R=0)	MAT:flank_missing(L=0,R=0)	HMR:flank_missing(L=0,R=0)
GCA_021403785.1_ASM2140378v1	HML:flank_missing(L=0,R=0)	MAT:flank_missing(L=0,R=0)	HMR:flank_missing(L=0,R=0)
GCA_021437055.1_ASM2143705v1	HML:flank_missing(L=0,R=0)	MAT:flank_missing(L=0,R=0)	HMR:flank_missing(L=0,R=0)
GCA_021437065.1_ASM2143706v1	HML:flank_missing(L=0,R=0)	MAT:flank_missing(L=0,R=0)	HMR:flank_missing(L=0,R=0)
GCA_021513805.1_ASM2151380v1	HML:flank_missing(L=0,R=0)	MAT:flank_missing(L=0,R=0)	HMR:flank_missing(L=0,R=0)
GCA_022695675.1_ASM2269567v1	HML:gap=4500;N=0;contig=CP093655.1;pos=10800	MAT:gap=4498;N=0;contig=CP093655.1;pos=196694	HMR:gap=3602;N=0;contig=CP093655.1;pos=297975
GCA_022695715.1_ASM2269571v1	HML:gap=4492;N=0;contig=CP093623.1;pos=9997	MAT:gap=4501;N=0;contig=CP093623.1;pos=190321	HMR:gap=3938;N=0;contig=CP093623.1;pos=286039
GCA_022695735.1_ASM2269573v1	HML:gap=5038;N=0;contig=CP093607.1;pos=8002	MAT:gap=4499;N=0;contig=CP093607.1;pos=201105	HMR:gap=9828;N=0;contig=CP093607.1;pos=298190
GCA_022837015.1_ASM2283701v1	HML:gap=5058;N=0;contig=CM040882.1;pos=297747	MAT:gap=4394;N=0;contig=CM040882.1;pos=118016	HMR:gap=4317;N=0;contig=CM040882.1;pos=23792
GCA_023065715.1_ASM2306571v1	HML:gap=5040;N=0;contig=CM041187.1;pos=8222	MAT:gap=4499;N=0;contig=CM041187.1;pos=189304	HMR:gap=4859;N=0;contig=CM041187.1;pos=283874
GCA_023373815.1_SC_Flye_Medaka_Pilon	HML:gap=5060;N=0;contig=JAJUKL010000001.1;pos=10732	MAT:gap=4502;N=0;contig=JAJUKL010000001.1;pos=191685	HMR:gap=4318;N=0;contig=JAJUKL010000001.1;pos=286322
GCA_023375095.1_ASM2337509v1	HML:split_contigs	MAT:flank_missing(L=0,R=1)	HMR:flank_missing(L=0,R=0)
GCA_023629095.1_ASM2362909v1	HML:split_contigs	MAT:split_contigs	HMR:split_contigs
GCA_024267735.1_ASM2426773v1	HML:gap=4495;N=0;contig=JAMQBC010000026.1;pos=173335	MAT:gap=4394;N=0;contig=JAMQBC010000012.1;pos=71373	HMR:flank_missing(L=0,R=0)
GCA_024267745.1_ASM2426774v1	HML:gap=4499;N=0;contig=JAMQBB010000025.1;pos=326020	MAT:gap=4396;N=0;contig=JAMQBB010000025.1;pos=114008	HMR:gap=3495;N=0;contig=JAMQBB010000025.1;pos=21058
GCA_024267755.1_ASM2426775v1	HML:gap=4498;N=0;contig=JAMQAZ010000028.1;pos=325060	MAT:gap=4394;N=0;contig=JAMQAZ010000028.1;pos=114357	HMR:gap=3497;N=0;contig=JAMQAZ010000028.1;pos=21383
GCA_024267765.1_ASM2426776v1	HML:gap=4497;N=0;contig=JAMQBA010000025.1;pos=10657	MAT:gap=4394;N=0;contig=JAMQBA010000025.1;pos=222837	HMR:gap=3497;N=0;contig=JAMQBA010000025.1;pos=316698
GCA_024267825.1_ASM2426782v1	HML:gap=4392;N=0;contig=JAMQBE010000013.1;pos=348929	MAT:gap=4394;N=0;contig=JAMQBE010000013.1;pos=136884	HMR:gap=3497;N=0;contig=JAMQBE010000013.1;pos=43905
GCA_024267845.1_ASM2426784v1	HML:gap=4497;N=0;contig=JAMQBF010000026.1;pos=326078	MAT:gap=4394;N=0;contig=JAMQBF010000026.1;pos=114010	HMR:gap=3498;N=0;contig=JAMQBF010000026.1;pos=21035
GCA_024267775.1_ASM2426777v1	HML:gap=4499;N=0;contig=JAMQBD010000033.1;pos=19572	MAT:gap=4396;N=0;contig=JAMQBD010000020.1;pos=114112	HMR:gap=3579;N=0;contig=JAMQBD010000020.1;pos=21055
GCA_024732265.1_ASM2473226v1	HML:gap=4394;N=0;contig=CP097134.1;pos=10943	MAT:gap=4398;N=0;contig=CP097134.1;pos=197131	HMR:gap=3602;N=0;contig=CP097134.1;pos=290967
GCA_024972955.1_ASM2497295v1	HML:gap=4499;N=0;contig=CP072093.1;pos=11000	MAT:gap=4499;N=0;contig=CP072093.1;pos=198008	HMR:gap=3499;N=0;contig=CP072093.1;pos=291986
GCA_024267865.1_ASM2426786v1	HML:flank_missing(L=0,R=0)	MAT:gap=4392;N=0;contig=JAMQBG010000028.1;pos=84456	HMR:flank_missing(L=0,R=0)
GCA_024972935.1_ASM2497293v1	HML:gap=4499;N=0;contig=CP072077.1;pos=10998	MAT:gap=4499;N=0;contig=CP072077.1;pos=197994	HMR:gap=3499;N=0;contig=CP072077.1;pos=291964
GCA_025383845.1_ASM2538384v1	HML:gap=5058;N=0;contig=CP088331.1;pos=286050	MAT:gap=4394;N=0;contig=CP088331.1;pos=106654	HMR:gap=4315;N=0;contig=CP088331.1;pos=12200
GCA_025503195.1_ASM2550319v1	HML:split_contigs	MAT:split_contigs	HMR:gap=3978;N=0;contig=JAMFQR010000075.1;pos=9104
GCA_025503375.1_ASM2550337v1	HML:split_contigs	MAT:split_contigs	HMR:gap=4315;N=1089;contig=JAMFQQ010000034.1;pos=91073
GCA_025434915.2_ASM2543491v2	HML:gap=5044;N=0;contig=CP093591.1;pos=17530	MAT:gap=4499;N=0;contig=CP093591.1;pos=190582	HMR:gap=3934;N=0;contig=CP093591.1;pos=286731
GCA_025561685.1_ASM2556168v1	HML:split_contigs	MAT:gap=4499;N=1974;contig=CP011670.1;pos=197565	HMR:gap=3499;N=4;contig=CP011670.1;pos=291564
GCA_025727185.1_ASM2572718v1	HML:gap=4501;N=0;contig=CP093703.1;pos=10783	MAT:gap=4396;N=0;contig=CP093703.1;pos=191461	HMR:gap=3602;N=0;contig=CP093703.1;pos=286176
GCA_025727245.1_ASM2572724v1	HML:gap=5055;N=0;contig=CP093751.1;pos=10571	MAT:gap=4396;N=0;contig=CP093751.1;pos=190587	HMR:gap=3605;N=0;contig=CP093751.1;pos=285627
GCA_025503465.1_ASM2550346v1	HML:split_contigs	MAT:split_contigs	HMR:gap=4316;N=1;contig=JAMFQP010000021.1;pos=91999
GCA_025782755.1_ASM2578275v1	HML:gap=5057;N=0;contig=CP088303.1;pos=17706	MAT:gap=4499;N=0;contig=CP088303.1;pos=197768	HMR:gap=4316;N=0;contig=CP088303.1;pos=292242
GCA_026001015.1_ScS799_1.0	HML:gap=5061;N=0;contig=AP026851.1;pos=11037	MAT:gap=4394;N=0;contig=AP026851.1;pos=202671	HMR:flank_missing(L=0,R=0)
GCA_026585705.1_ASM2658570v1	HML:split_contigs	MAT:split_contigs	HMR:split_contigs
GCA_026122535.1_22d10alpha	HML:gap=21873;N=100;contig=JAOCZK010000003.1;pos=15498	MAT:gap=4394;N=0;contig=JAOCZK010000003.1;pos=236969	HMR:gap=3938;N=0;contig=JAOCZK010000003.1;pos=330904
GCA_026954535.1_ASM2695453v1	HML:split_contigs	MAT:split_contigs	HMR:split_contigs
GCA_026585715.1_ASM2658571v1	HML:split_contigs	MAT:split_contigs	HMR:split_contigs
GCA_026954905.1_ASM2695490v1	HML:split_contigs	MAT:split_contigs	HMR:split_contigs
GCA_027557565.1_ASM2755756v1	HML:flank_missing(L=0,R=0)	MAT:flank_missing(L=0,R=0)	HMR:flank_missing(L=0,R=0)
GCA_029255875.1_ASM2925587v1	HML:split_contigs	MAT:split_contigs	HMR:split_contigs
GCA_029290615.1_ASM2929061v1	HML:flank_missing(L=0,R=0)	MAT:split_contigs	HMR:flank_missing(L=1,R=0)
GCA_027557585.1_ASM2755758v1	HML:flank_missing(L=0,R=0)	MAT:flank_missing(L=0,R=0)	HMR:flank_missing(L=0,R=0)
GCA_028975445.1_ASM2897544v1	HML:flank_missing(L=0,R=1)	MAT:gap=4394;N=0;contig=JAQZRZ010000020.1;pos=133053	HMR:flank_missing(L=0,R=0)
GCA_029300775.1_ASM2930077v1	HML:split_contigs	MAT:flank_missing(L=1,R=0)	HMR:flank_missing(L=0,R=0)
GCA_029581805.1_ASM2958180v1	HML:gap=5059;N=0;contig=JARGRX010000014.1;pos=10943	MAT:gap=4502;N=0;contig=JARGRX010000014.1;pos=201774	HMR:flank_missing(L=0,R=0)
GCA_029301735.1_ASM2930173v1	HML:flank_missing(L=0,R=1)	MAT:split_contigs	HMR:flank_missing(L=0,R=0)
GCA_029403705.1_ASM2940370v1	HML:gap=5056;N=0;contig=CP080605.1;pos=11130	MAT:gap=4392;N=0;contig=CP080605.1;pos=191291	HMR:gap=4355;N=0;contig=CP080605.1;pos=285514
GCA_029702625.1_ASM2970262v1	HML:gap=4499;N=0;contig=JAKLXF010000014.1;pos=11190	MAT:gap=4499;N=0;contig=JAKLXF010000014.1;pos=197825	HMR:gap=3524;N=0;contig=JAKLXF010000014.1;pos=291821
GCA_029702615.1_ASM2970261v1	HML:gap=4499;N=0;contig=JAKLXC010000011.1;pos=11328	MAT:gap=4394;N=0;contig=JAKLXC010000011.1;pos=223537	HMR:gap=3499;N=0;contig=JAKLXC010000011.1;pos=317432
GCA_029702605.1_ASM2970260v1	HML:gap=4499;N=0;contig=JAKLXB010000014.1;pos=11381	MAT:gap=4501;N=0;contig=JAKLXB010000014.1;pos=191735	HMR:gap=3602;N=0;contig=JAKLXB010000014.1;pos=285661
GCA_029581825.1_ASM2958182v1	HML:gap=5041;N=0;contig=JARGRY010000014.1;pos=6447	MAT:gap=4501;N=0;contig=JARGRY010000014.1;pos=198288	HMR:gap=3990;N=0;contig=JARGRY010000014.1;pos=292388
GCA_029702635.1_ASM2970263v1	HML:gap=4499;N=0;contig=JAKLXD010000012.1;pos=13411	MAT:gap=4501;N=0;contig=JAKLXD010000012.1;pos=194089	HMR:gap=3939;N=0;contig=JAKLXD010000012.1;pos=288364
GCA_029702885.1_ASM2970288v1	HML:gap=4499;N=0;contig=JAKLXG010000012.1;pos=18191	MAT:gap=4394;N=0;contig=JAKLXG010000012.1;pos=204381	HMR:gap=3600;N=0;contig=JAKLXG010000012.1;pos=298559
GCA_029702955.1_ASM2970295v1	HML:gap=4499;N=0;contig=JAKLXK010000014.1;pos=11070	MAT:gap=4394;N=0;contig=JAKLXK010000014.1;pos=191058	HMR:gap=3938;N=0;contig=JAKLXK010000014.1;pos=285192
GCA_029702895.1_ASM2970289v1	HML:gap=4499;N=0;contig=JAKLXI010000014.1;pos=11036	MAT:gap=4394;N=0;contig=JAKLXI010000014.1;pos=191836	HMR:gap=9828;N=0;contig=JAKLXI010000014.1;pos=286739
GCA_029703145.1_ASM2970314v1	HML:gap=4499;N=0;contig=JAKLXN010000013.1;pos=11023	MAT:gap=4394;N=0;contig=JAKLXN010000013.1;pos=196320	HMR:gap=3602;N=0;contig=JAKLXN010000013.1;pos=296148
GCA_029703195.1_ASM2970319v1	HML:gap=5043;N=0;contig=JAKLXP010000013.1;pos=11069	MAT:gap=4394;N=0;contig=JAKLXP010000013.1;pos=203928	HMR:gap=3527;N=0;contig=JAKLXP010000013.1;pos=298263
GCA_029703415.1_ASM2970341v1	HML:gap=5061;N=0;contig=JAKLXQ010000014.1;pos=10530	MAT:gap=4499;N=0;contig=JAKLXQ010000014.1;pos=197357	HMR:gap=3579;N=0;contig=JAKLXQ010000014.1;pos=292441
GCA_029747685.1_ASM2974768v1	HML:split_contigs	MAT:split_contigs	HMR:flank_missing(L=1,R=0)
GCA_029873595.1_ASM2987359v1	HML:gap=5056;N=0;contig=JARBIT010000015.1;pos=17724	MAT:gap=4499;N=0;contig=JARBIT010000015.1;pos=197865	HMR:gap=4318;N=0;contig=JARBIT010000015.1;pos=292363
GCA_029884715.1_ASM2988471v1	HML:flank_missing(L=0,R=0)	MAT:flank_missing(L=0,R=0)	HMR:flank_missing(L=0,R=0)
GCA_029884725.1_ASM2988472v1	HML:flank_missing(L=0,R=0)	MAT:flank_missing(L=0,R=0)	HMR:flank_missing(L=0,R=0)
GCA_029989085.1_AMP_1a.nuclear_genome	HML:gap=5059;N=0;contig=CANBNW010000003.1;pos=31548	MAT:gap=4516;N=0;contig=CANBNW010000003.1;pos=225002	HMR:split_contigs
GCA_030034815.1_ASM3003481v1	HML:flank_missing(L=0,R=1)	MAT:gap=4499;N=0;contig=CP125399.1;pos=177310	HMR:gap=3935;N=0;contig=CP125399.1;pos=272099
GCA_030034875.1_ASM3003487v1	HML:flank_missing(L=2,R=0)	MAT:flank_missing(L=0,R=0)	HMR:flank_missing(L=0,R=0)
GCA_030034845.1_ASM3003484v1	HML:gap=5043;N=0;contig=CP125416.1;pos=8404	MAT:gap=4498;N=0;contig=CP125416.1;pos=188079	HMR:gap=3934;N=0;contig=CP125416.1;pos=282873
GCA_030034905.1_ASM3003490v1	HML:flank_missing(L=2,R=0)	MAT:flank_missing(L=0,R=0)	HMR:flank_missing(L=0,R=0)
GCA_030034965.1_ASM3003496v1	HML:flank_missing(L=2,R=0)	MAT:flank_missing(L=0,R=0)	HMR:flank_missing(L=0,R=0)
GCA_030034935.1_ASM3003493v1	HML:flank_missing(L=0,R=0)	MAT:flank_missing(L=0,R=0)	HMR:flank_missing(L=0,R=0)
GCA_030034995.1_ASM3003499v1	HML:flank_missing(L=0,R=0)	MAT:flank_missing(L=0,R=0)	HMR:flank_missing(L=0,R=0)
GCA_030035025.1_ASM3003502v1	HML:flank_missing(L=0,R=0)	MAT:flank_missing(L=0,R=0)	HMR:flank_missing(L=0,R=0)
GCA_030035115.1_ASM3003511v1	HML:flank_missing(L=1,R=0)	MAT:flank_missing(L=0,R=0)	HMR:flank_missing(L=0,R=0)
GCA_030035085.1_ASM3003508v1	HML:flank_missing(L=0,R=0)	MAT:flank_missing(L=0,R=0)	HMR:flank_missing(L=0,R=0)
GCA_030035055.1_ASM3003505v1	HML:flank_missing(L=1,R=0)	MAT:flank_missing(L=0,R=0)	HMR:flank_missing(L=0,R=0)
GCA_030035145.1_ASM3003514v1	HML:flank_missing(L=0,R=0)	MAT:flank_missing(L=0,R=0)	HMR:flank_missing(L=0,R=0)
GCA_030142945.1_WPI_ScKTP_1.0	HML:split_contigs	MAT:gap=4502;N=0;contig=JANQBH010000028.1;pos=45167	HMR:gap=4314;N=0;contig=JANQBH010000028.1;pos=139032
GCA_030035175.1_ASM3003517v1	HML:flank_missing(L=0,R=0)	MAT:flank_missing(L=0,R=0)	HMR:flank_missing(L=0,R=0)
GCA_030267465.1_ASM3026746v1	HML:split_contigs	MAT:split_contigs	HMR:split_contigs
GCA_030267525.1_ASM3026752v1	HML:split_contigs	MAT:split_contigs	HMR:split_contigs
GCA_030267605.1_ASM3026760v1	HML:split_contigs	MAT:split_contigs	HMR:split_contigs
GCA_030267545.1_ASM3026754v1	HML:split_contigs	MAT:split_contigs	HMR:split_contigs
GCA_030267645.1_ASM3026764v1	HML:split_contigs	MAT:split_contigs	HMR:split_contigs
GCA_030292175.1_ASM3029217v1	HML:gap=4499;N=0;contig=CP127197.1;pos=11698	MAT:gap=4394;N=0;contig=CP127197.1;pos=212384	HMR:gap=3598;N=0;contig=CP127197.1;pos=307096
GCA_030504475.1_Suva_E1_HGU	HML:flank_missing(L=0,R=0)	MAT:flank_missing(L=0,R=0)	HMR:flank_missing(L=0,R=0)
GCA_030295885.1_ScYKN1419_v7	HML:gap=5043;N=0;contig=AP027346.1;pos=11358	MAT:gap=4394;N=0;contig=AP027346.1;pos=200295	HMR:gap=3493;N=0;contig=AP027346.1;pos=294285
GCA_030578135.1_HGU_ScerxSkud_CEG	HML:gap=4497;N=0;contig=JARXNF010000007.1;pos=10808	MAT:gap=4394;N=0;contig=JARXNF010000009.1;pos=106438	HMR:gap=3602;N=0;contig=JARXNF010000009.1;pos=200541
GCA_030607045.1_ASM3060704v1	HML:flank_missing(L=0,R=1)	MAT:gap=4394;N=0;contig=CP129570.1;pos=177019	HMR:flank_missing(L=0,R=0)
GCA_033870455.1_161I0	HML:split_contigs	MAT:split_contigs	HMR:split_contigs
GCA_030866685.1_ASM3086668v1	HML:gap=5032;N=0;contig=CP133023.1;pos=10933	MAT:gap=4393;N=0;contig=CP133023.1;pos=196919	HMR:gap=3602;N=0;contig=CP133023.1;pos=291415
GCA_033870475.1_161U7	HML:split_contigs	MAT:split_contigs	HMR:split_contigs
GCA_036986815.1_AH465_1.0	HML:gap=5035;N=0;contig=BTXB01000009.1;pos=299277	MAT:gap=4576;N=0;contig=BTXB01000009.1;pos=107522	HMR:gap=3602;N=0;contig=BTXB01000009.1;pos=14260
GCA_037126535.1_ASM3712653v1	HML:gap=4497;N=0;contig=JAXUAU010000014.1;pos=9840	MAT:gap=4396;N=0;contig=JAXUAU010000014.1;pos=190207	HMR:gap=3602;N=0;contig=JAXUAU010000014.1;pos=284331
GCA_038420445.1_ASM3842044v1	HML:flank_missing(L=0,R=1)	MAT:gap=4394;N=0;contig=JBCEXF010000027.1;pos=191646	HMR:gap=3499;N=0;contig=JBCEXF010000027.1;pos=285176
GCA_037126715.1_ASM3712671v1	HML:gap=4499;N=0;contig=JAXUAV010000001.1;pos=11308	MAT:gap=4502;N=0;contig=JAXUAV010000001.1;pos=191642	HMR:gap=3938;N=0;contig=JAXUAV010000001.1;pos=286238
GCA_039790455.1_ASM3979045v1	HML:gap=5043;N=0;contig=CP093872.1;pos=314966	MAT:gap=4499;N=0;contig=CP093872.1;pos=114239	HMR:gap=3499;N=0;contig=CP093872.1;pos=21239
GCA_039844365.1_ASM3984436v1	HML:gap=4499;N=0;contig=CP156557.1;pos=10675	MAT:gap=4499;N=0;contig=CP156557.1;pos=215208	HMR:gap=3497;N=0;contig=CP156557.1;pos=309201
GCA_039848515.1_ASM3984851v1	HML:gap=4499;N=0;contig=CP156638.1;pos=9867	MAT:gap=4502;N=0;contig=CP156638.1;pos=195484	HMR:gap=3975;N=0;contig=CP156638.1;pos=289457
GCA_039851725.1_ASM3985172v1	HML:gap=4500;N=0;contig=CP156592.1;pos=9111	MAT:gap=4499;N=0;contig=CP156592.1;pos=213653	HMR:gap=3499;N=0;contig=CP156592.1;pos=307651
GCA_039851885.1_ASM3985188v1	HML:gap=4499;N=0;contig=CP156609.1;pos=2893	MAT:gap=4394;N=0;contig=CP156609.1;pos=265523	HMR:gap=3499;N=0;contig=CP156609.1;pos=359416
GCA_039880175.1_ASM3988017v1	HML:gap=4499;N=0;contig=CP156875.1;pos=10966	MAT:gap=4499;N=0;contig=CP156875.1;pos=215459	HMR:gap=3499;N=0;contig=CP156875.1;pos=309460
GCA_039880145.1_ASM3988014v1	HML:gap=4499;N=0;contig=CP156824.1;pos=10640	MAT:gap=4396;N=0;contig=CP156824.1;pos=190992	HMR:gap=3602;N=0;contig=CP156824.1;pos=284807
GCA_039880205.1_ASM3988020v1	HML:gap=4498;N=285;contig=CP156858.1;pos=11308	MAT:gap=4499;N=0;contig=CP156858.1;pos=215805	HMR:gap=3499;N=0;contig=CP156858.1;pos=309802
GCA_039880235.1_ASM3988023v1	HML:gap=4499;N=0;contig=CP156841.1;pos=11140	MAT:gap=4498;N=0;contig=CP156841.1;pos=215634	HMR:gap=3499;N=0;contig=CP156841.1;pos=309630
GCA_039905835.1_ASM3990583v1	HML:gap=4496;N=0;contig=CP157054.1;pos=9822	MAT:gap=4396;N=0;contig=CP157054.1;pos=221997	HMR:gap=3938;N=0;contig=CP157054.1;pos=315892
GCA_040105025.1_ASM4010502v1	HML:gap=4499;N=0;contig=CP157691.1;pos=9839	MAT:gap=4498;N=0;contig=CP157691.1;pos=214304	HMR:gap=3499;N=0;contig=CP157691.1;pos=308289
GCA_040105055.1_ASM4010505v1	HML:gap=4499;N=0;contig=CP157709.1;pos=9823	MAT:gap=4394;N=0;contig=CP157709.1;pos=210477	HMR:gap=3597;N=0;contig=CP157709.1;pos=305186
GCA_040167625.2_HC_SC_RS_2	HML:split_contigs	MAT:gap=4499;N=0;contig=JAKZJP020000032.1;pos=47475	HMR:gap=9561;N=0;contig=JAKZJP020000032.1;pos=141761
GCA_040167615.1_ASM4016761v1	HML:gap=4498;N=0;contig=JAKZJO010000032.1;pos=10564	MAT:gap=4394;N=0;contig=JAKZJO010000028.1;pos=105165	HMR:gap=3596;N=0;contig=JAKZJO010000028.1;pos=12043
GCA_040207565.1_ASM4020756v1	HML:gap=4499;N=0;contig=JBCLUV010000028.1;pos=325345	MAT:gap=4394;N=0;contig=JBCLUV010000028.1;pos=124758	HMR:gap=3598;N=0;contig=JBCLUV010000028.1;pos=30841
GCA_040746905.1_ASM4074690v1	HML:gap=5027;N=0;contig=CP159546.1;pos=2632	MAT:gap=4390;N=0;contig=CP159546.1;pos=188127	HMR:gap=3964;N=0;contig=CP159546.1;pos=282214
GCA_040938615.1_ASM4093861v1	HML:gap=4499;N=0;contig=CM082028.1;pos=317600	MAT:gap=4393;N=0;contig=CM082028.1;pos=113200	HMR:gap=3499;N=0;contig=CM082028.1;pos=20199
GCA_040747045.1_ASM4074704v1	HML:flank_missing(L=0,R=1)	MAT:gap=4499;N=0;contig=CP159562.1;pos=204022	HMR:gap=3499;N=0;contig=CP159562.1;pos=298022
GCA_040938625.1_ASM4093862v1	HML:flank_missing(L=0,R=1)	MAT:gap=4499;N=0;contig=CM082045.1;pos=113248	HMR:gap=3499;N=0;contig=CM082045.1;pos=20248
GCA_040938645.1_ASM4093864v1	HML:gap=4496;N=0;contig=CM082062.1;pos=10714	MAT:gap=4394;N=0;contig=CM082062.1;pos=209206	HMR:gap=3496;N=0;contig=CM082062.1;pos=303084
GCA_041294695.1_ASM4129469v1	HML:gap=5058;N=0;contig=CP166474.1;pos=327376	MAT:gap=4394;N=0;contig=CP166474.1;pos=126347	HMR:gap=4316;N=0;contig=CP166474.1;pos=31956
GCA_041146475.1_ASM4114647v1	HML:flank_missing(L=0,R=0)	MAT:flank_missing(L=0,R=0)	HMR:flank_missing(L=0,R=0)
GCA_041381055.1_ASM4138105v1	HML:gap=5041;N=0;contig=JAUHGX010000016.1;pos=11229	MAT:gap=4394;N=0;contig=JAUHGX010000016.1;pos=204416	HMR:gap=3600;N=0;contig=JAUHGX010000016.1;pos=299182
GCA_041381115.1_ASM4138111v1	HML:gap=5041;N=0;contig=JAUHGY010000015.1;pos=11209	MAT:gap=4492;N=0;contig=JAUHGY010000015.1;pos=204382	HMR:gap=3600;N=0;contig=JAUHGY010000015.1;pos=299247
GCA_043381745.1_Scer_NIGAB-Y1_v1	HML:flank_missing(L=0,R=0)	MAT:flank_missing(L=0,R=0)	HMR:flank_missing(L=1,R=0)
GCA_042257055.1_ASM4225705v1	HML:flank_missing(L=0,R=0)	MAT:flank_missing(L=0,R=0)	HMR:flank_missing(L=0,R=0)
GCA_042919985.1_ASM4291998v1	HML:gap=4556;N=0;contig=JBEJUU010000007.1;pos=67166	MAT:gap=4554;N=0;contig=JBEJUU010000002.1;pos=93582	HMR:split_contigs
GCA_043643505.1_ASM4364350v1	HML:gap=5041;N=0;contig=CM092873.1;pos=10975	MAT:gap=4499;N=0;contig=JBIEIO010000018.1;pos=18068	HMR:gap=3602;N=0;contig=CM092873.1;pos=285817
GCA_045517165.1_ASM4551716v1	HML:gap=5058;N=0;contig=CP042223.1;pos=10611	MAT:gap=4499;N=0;contig=CP042223.1;pos=197330	HMR:gap=4316;N=0;contig=CP042223.1;pos=291806
GCA_043643545.1_ASM4364354v1	HML:gap=5058;N=0;contig=CM092890.1;pos=17587	MAT:gap=4499;N=0;contig=CM092890.1;pos=198281	HMR:gap=3600;N=0;contig=CM092890.1;pos=293596
GCA_044089635.1_ASM4408963v1	HML:gap=4499;N=0;contig=CM093922.1;pos=11380	MAT:gap=4499;N=0;contig=JBIEIQ010000018.1;pos=15481	HMR:gap=3499;N=0;contig=CM093922.1;pos=309811
GCA_047655275.1_ASM4765527v1	HML:gap=4498;N=0;contig=JBLHEO010000026.1;pos=305865	MAT:gap=4499;N=0;contig=JBLHEO010000028.1;pos=186490	HMR:gap=3603;N=0;contig=JBLHEO010000026.1;pos=32685
GCA_048987815.1_UDeb-BY0012	HML:flank_missing(L=0,R=1)	MAT:gap=4393;N=0;contig=JBLOUH010000003.1;pos=176189	HMR:flank_missing(L=0,R=0)
GCA_050916155.1_ASM5091615v1	HML:gap=4861;N=0;contig=CP085111.1;pos=10949	MAT:gap=4495;N=0;contig=CP085111.1;pos=208669	HMR:gap=3602;N=0;contig=CP085111.1;pos=303447
GCA_050575315.1_ASM5057531v1	HML:split_contigs	MAT:split_contigs	HMR:flank_missing(L=1,R=0)
GCA_051621945.1_ZIM_3704	HML:gap=4501;N=0;contig=CM121475.1;pos=10942	MAT:gap=4499;N=0;contig=CM121475.1;pos=197633	HMR:gap=3600;N=0;contig=CM121475.1;pos=291567
GCA_051861825.1_ASM5186182v1	HML:flank_missing(L=0,R=0)	MAT:gap=4396;N=0;contig=CP159426.1;pos=157417	HMR:flank_missing(L=0,R=0)
GCA_051903455.1_ASM5190345v1	HML:gap=5057;N=0;contig=JBNOCJ010000007.1;pos=10559	MAT:gap=4394;N=0;contig=JBNOCJ010000007.1;pos=190667	HMR:gap=4318;N=0;contig=JBNOCJ010000007.1;pos=285053
GCA_051942865.1_ASM5194286v1	HML:gap=5057;N=0;contig=JBPTTX010000013.1;pos=10559	MAT:gap=4394;N=0;contig=JBPTTX010000013.1;pos=190667	HMR:gap=4318;N=0;contig=JBPTTX010000013.1;pos=285053
GCA_051943025.1_ASM5194302v1	HML:flank_missing(L=0,R=1)	MAT:flank_missing(L=0,R=0)	HMR:flank_missing(L=1,R=0)
GCA_051989875.1_ASM5198987v1	HML:flank_missing(L=0,R=1)	MAT:gap=4394;N=0;contig=JBPPHI010000005.1;pos=188413	HMR:gap=3600;N=0;contig=JBPPHI010000005.1;pos=282921
GCA_054124115.1_ASM5412411v1	HML:flank_missing(L=0,R=1)	MAT:gap=4394;N=0;contig=JBQCRA010000109.1;pos=3608	HMR:flank_missing(L=0,R=0)
GCA_053525345.1_ASM5352534v1	HML:gap=4498;N=0;contig=CM130912.1;pos=10774	MAT:gap=4501;N=0;contig=CM130912.1;pos=191104	HMR:gap=9568;N=0;contig=CM130912.1;pos=285061
GCA_054130705.1_ASM5413070v1	HML:gap=4497;N=0;contig=CM134319.1;pos=10956	MAT:gap=4498;N=0;contig=CM134319.1;pos=191302	HMR:gap=3598;N=0;contig=CM134319.1;pos=284886
GCA_054135515.1_JH-8-1	HML:gap=4392;N=0;contig=JBSYGU010000003.1;pos=20724	MAT:gap=4394;N=0;contig=JBSYGU010000003.1;pos=199970	HMR:gap=3602;N=0;contig=JBSYGU010000003.1;pos=294119
GCA_054643295.1_ASM5464329v1	HML:gap=4499;N=0;contig=CM138005.1;pos=11000	MAT:gap=4499;N=0;contig=CM138005.1;pos=198000	HMR:gap=3499;N=0;contig=CM138005.1;pos=292000
GCA_055697335.1_ASM5569733v1	HML:gap=4499;N=0;contig=CM146500.1;pos=11001	MAT:gap=4499;N=0;contig=CM146500.1;pos=197996	HMR:gap=3497;N=0;contig=CM146500.1;pos=291996
GCA_056247655.1_ASM5624765v1	HML:split_contigs	MAT:gap=4503;N=0;contig=JBWDFH010000028.1;pos=93770	HMR:split_contigs
GCA_056247675.1_ASM5624767v1	HML:gap=5061;N=0;contig=JBWDFI010000029.1;pos=67160	MAT:gap=4394;N=0;contig=JBWDFI010000028.1;pos=107239	HMR:split_contigs
GCA_056882535.1_ASM5688253v1	HML:split_contigs	MAT:split_contigs	HMR:split_contigs
GCA_056824455.1_ASM5682445v1	HML:flank_missing(L=0,R=2)	MAT:far(97989)	HMR:gap=3602;N=0;contig=CP150026.1;pos=297368
GCA_057318475.1_ASM5731847v1	HML:flank_missing(L=0,R=1)	MAT:gap=4402;N=0;contig=CM170330.1;pos=112956	HMR:gap=3618;N=0;contig=CM170330.1;pos=19847
GCA_057550505.1_KA31a_v1	HML:gap=4499;N=0;contig=BAAJAR010000017.1;pos=10929	MAT:gap=4394;N=0;contig=BAAJAR010000017.1;pos=220323	HMR:gap=3499;N=0;contig=BAAJAR010000017.1;pos=314212
GCA_057318525.1_ASM5731852v1	HML:flank_missing(L=0,R=1)	MAT:gap=4499;N=0;contig=CM170370.1;pos=107207	HMR:gap=3599;N=0;contig=CM170370.1;pos=14095
GCA_058969545.1_ASM5896954v1	HML:flank_missing(L=0,R=1)	MAT:gap=4499;N=0;contig=CM179683.1;pos=201289	HMR:gap=9562;N=0;contig=CM179683.1;pos=295548
GCA_058969635.1_ASM5896963v1	HML:gap=5055;N=0;contig=CM179699.1;pos=11153	MAT:gap=4499;N=0;contig=CM179699.1;pos=196924	HMR:gap=4316;N=0;contig=CM179699.1;pos=291557
GCA_058969745.1_ASM5896974v1	HML:flank_missing(L=0,R=1)	MAT:gap=4394;N=0;contig=CM179716.1;pos=201955	HMR:gap=3600;N=0;contig=CM179716.1;pos=295669
GCA_059994315.1_ASM5999431v1	HML:split_contigs	MAT:split_contigs	HMR:split_contigs
GCA_059059305.1_ASM5905930v1	HML:flank_missing(L=0,R=0)	MAT:flank_missing(L=0,R=0)	HMR:flank_missing(L=0,R=0)
GCA_060154805.1_ASM6015480v1	HML:flank_missing(L=0,R=0)	MAT:flank_missing(L=0,R=0)	HMR:flank_missing(L=0,R=0)
GCA_060154965.1_ASM6015496v1	HML:flank_missing(L=1,R=0)	MAT:gap=4394;N=0;contig=JBYNJL010000012.1;pos=134879	HMR:gap=3938;N=0;contig=JBYNJL010000012.1;pos=228776
GCA_900099155.1_7-7	HML:split_contigs	MAT:split_contigs	HMR:split_contigs
GCA_900099165.1_FS2D	HML:split_contigs	MAT:split_contigs	HMR:split_contigs
GCA_060307435.1_ASM6030743v1	HML:split_contigs	MAT:split_contigs	HMR:split_contigs
GCA_900099195.1_20B2	HML:flank_missing(L=0,R=1)	MAT:split_contigs	HMR:split_contigs
GCA_900099225.1_TA12-2	HML:split_contigs	MAT:split_contigs	HMR:split_contigs
GCA_900099235.1_L1414	HML:split_contigs	MAT:split_contigs	HMR:split_contigs
GCA_900099265.1_F25	HML:split_contigs	MAT:split_contigs	HMR:flank_missing(L=0,R=1)
GCA_900099275.1_22A4	HML:split_contigs	MAT:split_contigs	HMR:split_contigs
GCA_900099285.1_K1-280-2B	HML:split_contigs	MAT:split_contigs	HMR:split_contigs
GCA_900099305.1_P3-D5	HML:split_contigs	MAT:split_contigs	HMR:split_contigs
GCA_900099345.1_D47-60-3B	HML:split_contigs	MAT:split_contigs	HMR:flank_missing(L=0,R=1)
GCA_900099375.1_GE7-4A	HML:flank_missing(L=0,R=1)	MAT:split_contigs	HMR:split_contigs
GCA_900099395.1_F12-3B	HML:flank_missing(L=0,R=1)	MAT:split_contigs	HMR:flank_missing(L=0,R=0)
GCA_900099355.1_1014-F5	HML:split_contigs	MAT:split_contigs	HMR:split_contigs
GCA_900099425.1_GUF54-A1	HML:split_contigs	MAT:split_contigs	HMR:split_contigs
GCA_900178115.1_BB_Souche838_V1	HML:flank_missing(L=0,R=1)	MAT:flank_missing(L=0,R=0)	HMR:split_contigs
GCA_900099445.1_6320-A7	HML:split_contigs	MAT:split_contigs	HMR:split_contigs
GCA_900178105.1_BA_Souche789_V1	HML:split_contigs	MAT:split_contigs	HMR:split_contigs
GCA_900178125.1_BH_Souche796_V1	HML:split_contigs	MAT:split_contigs	HMR:split_contigs
GCA_900178135.1_CD_SoucheMTF2377_V1	HML:flank_missing(L=0,R=1)	MAT:split_contigs	HMR:flank_missing(L=1,R=0)
GCA_900178155.1_BD_Souche2333_V1	HML:split_contigs	MAT:split_contigs	HMR:flank_missing(L=1,R=0)
GCA_900178145.1_CA_SoucheMTF2344_V1	HML:flank_missing(L=0,R=1)	MAT:split_contigs	HMR:split_contigs
GCA_900178165.1_EH_SoucheMTF2432_V1	HML:split_contigs	MAT:split_contigs	HMR:split_contigs
GCA_900178175.1_CC_SoucheMTF2359_V1	HML:flank_missing(L=0,R=1)	MAT:split_contigs	HMR:flank_missing(L=0,R=0)
GCA_900178195.1_EF_SoucheMTF2416_V1	HML:flank_missing(L=0,R=1)	MAT:split_contigs	HMR:split_contigs
GCA_900178185.1_DC_SoucheMTF2247_V1	HML:split_contigs	MAT:split_contigs	HMR:split_contigs
GCA_900178215.1_FA_SoucheMTF2421_V1	HML:split_contigs	MAT:split_contigs	HMR:split_contigs
GCA_900178225.1_BG_Souche2331_V1	HML:flank_missing(L=0,R=1)	MAT:split_contigs	HMR:split_contigs
GCA_900178235.1_CE_SoucheMTF2380_V1	HML:flank_missing(L=0,R=1)	MAT:split_contigs	HMR:flank_missing(L=1,R=0)
GCA_900178245.1_DD_SoucheMTF2388_V1	HML:split_contigs	MAT:split_contigs	HMR:flank_missing(L=1,R=0)
GCA_900178255.1_EB_SoucheMTF2370_V1	HML:flank_missing(L=0,R=1)	MAT:flank_missing(L=0,R=1)	HMR:split_contigs
GCA_900178265.1_ED_SoucheMTF2387_V1	HML:split_contigs	MAT:flank_missing(L=0,R=1)	HMR:flank_missing(L=0,R=0)
GCA_900178275.1_BE_Souche2334_V1	HML:split_contigs	MAT:split_contigs	HMR:flank_missing(L=1,R=0)
GCA_900178285.1_DG_SoucheMTF889_V1	HML:flank_missing(L=0,R=1)	MAT:split_contigs	HMR:split_contigs
GCA_900178295.1_EG_SoucheMTF1798_V1	HML:split_contigs	MAT:split_contigs	HMR:split_contigs
GCA_900178305.1_DE_SoucheMTF2350_V1	HML:flank_missing(L=0,R=1)	MAT:flank_missing(L=0,R=1)	HMR:flank_missing(L=0,R=0)
GCA_900178315.1_DB_SoucheMTF2249_V1	HML:split_contigs	MAT:split_contigs	HMR:split_contigs
GCA_900178325.1_FF_SoucheMTF2404_V1	HML:flank_missing(L=0,R=1)	MAT:split_contigs	HMR:split_contigs
GCA_900178335.1_FD_SoucheMTF2419_V1	HML:flank_missing(L=0,R=1)	MAT:split_contigs	HMR:flank_missing(L=1,R=0)
GCA_900178345.1_FE_SoucheMTF2414_V1	HML:split_contigs	MAT:split_contigs	HMR:split_contigs
GCA_900178355.1_DF_SoucheMTF2351_V1	HML:flank_missing(L=0,R=1)	MAT:split_contigs	HMR:split_contigs
GCA_900178375.1_FC_SoucheMTF2418_V1	HML:split_contigs	MAT:split_contigs	HMR:split_contigs
GCA_900178385.1_FG_SoucheMTF2376_V1	HML:flank_missing(L=0,R=1)	MAT:split_contigs	HMR:split_contigs
GCA_900178405.1_FH_SoucheMTF2453_V1	HML:flank_missing(L=0,R=1)	MAT:split_contigs	HMR:split_contigs
GCA_900178415.1_FI_SoucheMTF2264_V1	HML:flank_missing(L=0,R=1)	MAT:split_contigs	HMR:split_contigs
GCA_900178395.1_CB_SoucheMTF2357_V1	HML:flank_missing(L=0,R=1)	MAT:split_contigs	HMR:split_contigs
GCA_900178425.1_EC_SoucheMTF2383_V1	HML:flank_missing(L=0,R=1)	MAT:flank_missing(L=0,R=1)	HMR:flank_missing(L=1,R=0)
GCA_900178435.1_CG_SoucheMTF2412_V1	HML:flank_missing(L=0,R=0)	MAT:gap=5938;N=5;contig=FXDH01002636.1;pos=25600	HMR:flank_missing(L=0,R=0)
GCA_900178455.1_DH_SoucheMTF2352_V1	HML:flank_missing(L=0,R=0)	MAT:split_contigs	HMR:flank_missing(L=0,R=0)
GCA_900178475.1_FB_SoucheMTF2417_V1	HML:split_contigs	MAT:split_contigs	HMR:split_contigs
GCA_900178445.1_EA_SoucheMTF2368_V1	HML:flank_missing(L=0,R=1)	MAT:split_contigs	HMR:split_contigs
GCA_900178485.1_CF_SoucheMTF2386_V1	HML:flank_missing(L=0,R=1)	MAT:split_contigs	HMR:split_contigs
GCA_900178495.1_DA_SoucheMTF2248_V1	HML:flank_missing(L=0,R=1)	MAT:split_contigs	HMR:split_contigs
GCA_900178505.1_BC_Souche1152_V1	HML:flank_missing(L=0,R=1)	MAT:split_contigs	HMR:split_contigs
GCA_900290405.1_SacJureiUoM1	HML:flank_missing(L=0,R=0)	MAT:flank_missing(L=0,R=0)	HMR:flank_missing(L=0,R=0)
GCA_900682665.1_SKCA111	HML:flank_missing(L=0,R=0)	MAT:flank_missing(L=0,R=0)	HMR:flank_missing(L=0,R=0)
GCA_903819205.2_EM14S01-3B_Assembly_v2	HML:gap=4065;N=0;contig=LR813553.2;pos=7977	MAT:gap=4499;N=0;contig=LR813553.2;pos=193055	HMR:flank_missing(L=1,R=0)
GCA_918221285.1_yHCT77	HML:flank_missing(L=0,R=0)	MAT:flank_missing(L=0,R=0)	HMR:flank_missing(L=0,R=0)
GCA_918239655.1_yHAB335	HML:gap=4846;N=1208;contig=CAKJYA010000003.1;pos=2601	MAT:gap=4338;N=1192;contig=CAKJYA010000003.1;pos=182615	HMR:gap=3593;N=0;contig=CAKJYA010000003.1;pos=277670
GCA_918246195.1_yHCT99	HML:flank_missing(L=0,R=0)	MAT:flank_missing(L=0,R=0)	HMR:flank_missing(L=0,R=0)
GCA_918250775.1_IFO1815	HML:flank_missing(L=0,R=0)	MAT:flank_missing(L=0,R=0)	HMR:flank_missing(L=0,R=0)
GCA_918251765.1_yHAB60	HML:flank_missing(L=0,R=0)	MAT:flank_missing(L=0,R=0)	HMR:flank_missing(L=0,R=0)
GCA_918252685.1_IFO1802	HML:flank_missing(L=0,R=0)	MAT:flank_missing(L=0,R=0)	HMR:flank_missing(L=0,R=0)
GCA_918261815.1_CBS7001	HML:flank_missing(L=0,R=0)	MAT:flank_missing(L=0,R=0)	HMR:flank_missing(L=0,R=0)
GCA_918265445.1_yHRVM108	HML:flank_missing(L=0,R=0)	MAT:flank_missing(L=0,R=0)	HMR:flank_missing(L=0,R=0)
GCA_918264245.1_yHAB482	HML:flank_missing(L=0,R=0)	MAT:flank_missing(L=0,R=0)	HMR:flank_missing(L=0,R=0)
GCA_918265645.1_yHDPN32	HML:flank_missing(L=2,R=0)	MAT:flank_missing(L=0,R=0)	HMR:flank_missing(L=0,R=0)
GCA_918265725.1_yHAB94	HML:flank_missing(L=0,R=0)	MAT:flank_missing(L=0,R=0)	HMR:flank_missing(L=0,R=0)
GCA_918268255.1_ZP960	HML:flank_missing(L=0,R=0)	MAT:flank_missing(L=0,R=0)	HMR:flank_missing(L=0,R=0)
GCA_918269355.1_ZP964	HML:flank_missing(L=0,R=0)	MAT:flank_missing(L=0,R=0)	HMR:flank_missing(L=0,R=0)
GCA_918271895.1_CDFM21L1	HML:flank_missing(L=0,R=0)	MAT:flank_missing(L=0,R=0)	HMR:flank_missing(L=0,R=0)
GCA_918272125.1_yHAB336	HML:flank_missing(L=0,R=0)	MAT:flank_missing(L=0,R=0)	HMR:flank_missing(L=0,R=0)
GCA_918280685.1_yHAB521	HML:flank_missing(L=0,R=0)	MAT:flank_missing(L=0,R=0)	HMR:flank_missing(L=0,R=0)
GCA_918282095.1_yHKS300	HML:flank_missing(L=0,R=0)	MAT:flank_missing(L=0,R=0)	HMR:flank_missing(L=0,R=0)
GCA_918281175.1_yHDPN24	HML:flank_missing(L=0,R=0)	MAT:flank_missing(L=0,R=0)	HMR:flank_missing(L=0,R=0)
GCA_918298155.1_yHAB447	HML:flank_missing(L=0,R=0)	MAT:flank_missing(L=0,R=0)	HMR:flank_missing(L=0,R=0)
GCA_918298305.1_yHCT69	HML:flank_missing(L=0,R=0)	MAT:flank_missing(L=0,R=0)	HMR:flank_missing(L=0,R=0)
GCA_946405395.1_Wolfe_SeubUCD650	HML:flank_missing(L=0,R=0)	MAT:flank_missing(L=0,R=0)	HMR:flank_missing(L=0,R=0)
GCA_946408725.1_Wolfe_SeubUCD646	HML:flank_missing(L=0,R=0)	MAT:flank_missing(L=0,R=0)	HMR:flank_missing(L=0,R=0)
GCA_947343045.1_NCYC3339	HML:far(185309)	MAT:flank_missing(L=0,R=1)	HMR:gap=3716;N=1205;contig=CAMZOX010000003.1;pos=282576
GCA_947243795.1_Suva-ZP964	HML:flank_missing(L=0,R=0)	MAT:flank_missing(L=0,R=0)	HMR:flank_missing(L=0,R=0)
GCA_947343065.1_NCYC3497	HML:flank_missing(L=2,R=0)	MAT:gap=4499;N=318;contig=CAMZOW010000003.1;pos=214910	HMR:split_contigs
GCA_947343055.1_NCYC695	HML:gap=6054;N=200;contig=CAMZPH010000003.1;pos=10704	MAT:gap=4499;N=191;contig=CAMZPH010000003.1;pos=196983	HMR:gap=5273;N=200;contig=CAMZPH010000003.1;pos=292570
GCA_947343085.1_NCYC97	HML:far(286835)	MAT:gap=4499;N=1623;contig=CAMZOQ010000003.1;pos=184213	HMR:gap=15993;N=100;contig=CAMZOQ010000003.1;pos=277818
GCA_947343075.1_NCYC3612	HML:gap=5058;N=719;contig=CAMZOS010000003.1;pos=12383	MAT:gap=4681;N=100;contig=CAMZOS010000003.1;pos=193041	HMR:gap=4311;N=100;contig=CAMZOS010000003.1;pos=288364
GCA_947343105.1_NCYC3025	HML:gap=4499;N=462;contig=CAMZOT010000003.1;pos=24913	MAT:gap=29075;N=100;contig=CAMZOT010000003.1;pos=205317	HMR:far(114751)
GCA_947343095.1_NCYC3121	HML:gap=4499;N=1446;contig=CAMZPF010000003.1;pos=12246	MAT:gap=4499;N=391;contig=CAMZPF010000003.1;pos=198677	HMR:gap=3485;N=234;contig=CAMZPF010000003.1;pos=293624
GCA_947343115.1_NCYC3457	HML:gap=4499;N=1828;contig=CAMZPC010000003.1;pos=10649	MAT:gap=5209;N=100;contig=CAMZPC010000003.1;pos=191184	HMR:gap=3602;N=0;contig=CAMZPC010000003.1;pos=286843
GCA_947343125.1_NCYC3462	HML:gap=5070;N=565;contig=CAMZOU010000003.1;pos=804	MAT:gap=4499;N=543;contig=CAMZOU010000003.1;pos=183245	HMR:gap=5940;N=120;contig=CAMZOU010000003.1;pos=278717
GCA_947343135.1_NCYC2967	HML:flank_missing(L=0,R=0)	MAT:gap=4394;N=0;contig=CAMZOV010000003.1;pos=176538	HMR:split_contigs
GCA_947343145.1_NCYC3333	HML:gap=4507;N=100;contig=CAMZPE010000003.1;pos=10739	MAT:gap=4394;N=0;contig=CAMZPE010000003.1;pos=197002	HMR:flank_missing(L=0,R=0)
GCA_947343155.1_NCYC79	HML:gap=4497;N=1373;contig=CAMZOP010000003.1;pos=10675	MAT:gap=4499;N=191;contig=CAMZOP010000003.1;pos=192610	HMR:gap=9032;N=240;contig=CAMZOP010000003.1;pos=287397
GCA_947343165.1_NCYC96	HML:gap=4499;N=0;contig=CAMZOO010000003.1;pos=668	MAT:gap=4499;N=1623;contig=CAMZOO010000003.1;pos=181886	HMR:flank_missing(L=1,R=0)
GCA_947343175.1_NCYC363	HML:flank_missing(L=0,R=1)	MAT:flank_missing(L=0,R=0)	HMR:gap=3604;N=1563;contig=CAMZPL010000003.1;pos=285629
GCA_947343185.1_NCYC1410	HML:gap=4499;N=1828;contig=CAMZPI010000003.1;pos=10806	MAT:flank_missing(L=1,R=0)	HMR:flank_missing(L=0,R=1)
GCA_947343195.1_NCYC667	HML:flank_missing(L=0,R=1)	MAT:gap=10124;N=100;contig=CAMZOZ010000003.1;pos=201101	HMR:far(129744)
GCA_947343205.1_NCYC3331	HML:flank_missing(L=0,R=1)	MAT:gap=5980;N=100;contig=CAMZPA010000003.1;pos=180867	HMR:gap=5020;N=100;contig=CAMZPA010000003.1;pos=276405
GCA_947343215.1_NCYC3487	HML:flank_missing(L=0,R=1)	MAT:gap=5395;N=100;contig=CAMZOR010000003.1;pos=181863	HMR:flank_missing(L=0,R=0)
GCA_947343225.1_NCYC3039	HML:split_contigs	MAT:gap=4499;N=0;contig=CAMZPD010000003.1;pos=203390	HMR:split_contigs
GCA_947343235.1_NCYC3127	HML:flank_missing(L=0,R=1)	MAT:gap=4495;N=988;contig=CAMZPB010000003.1;pos=220428	HMR:far(284114)
GCA_947343245.1_NCYC3465	HML:split_contigs	MAT:gap=5347;N=847;contig=CAMZOY010000003.1;pos=179302	HMR:gap=3603;N=122;contig=CAMZOY010000003.1;pos=274632
GCA_947343255.1_NCYC621	HML:split_contigs	MAT:gap=4394;N=843;contig=CAMZPU010000003.1;pos=149457	HMR:gap=32877;N=120;contig=CAMZPU010000003.1;pos=244238
GCA_947343265.1_NCYC3028	HML:gap=5102;N=0;contig=CAMZPY010000003.1;pos=10705	MAT:flank_missing(L=0,R=1)	HMR:gap=4101;N=780;contig=CAMZPY010000003.1;pos=297632
GCA_947343275.1_NCYC2855	HML:split_contigs	MAT:gap=4499;N=1370;contig=CAMZPM010000003.1;pos=192275	HMR:gap=3784;N=100;contig=CAMZPM010000003.1;pos=287369
GCA_947343285.1_NCYC1765	HML:gap=4499;N=1906;contig=CAMZQE010000003.1;pos=10795	MAT:gap=6227;N=100;contig=CAMZQE010000003.1;pos=198539	HMR:flank_missing(L=0,R=0)
GCA_947343295.1_NCYC2779	HML:gap=5353;N=1628;contig=CAMZPO010000003.1;pos=11177	MAT:gap=38611;N=100;contig=CAMZPO010000003.1;pos=197397	HMR:gap=27677;N=100;contig=CAMZPO010000003.1;pos=231882
GCA_947343305.1_NCYC358	HML:split_contigs	MAT:gap=4499;N=394;contig=CAMZPT010000003.1;pos=204282	HMR:gap=4305;N=100;contig=CAMZPT010000003.1;pos=298513
GCA_947343315.1_NCYC3486	HML:gap=5378;N=100;contig=CAMZPP010000003.1;pos=392	MAT:gap=4394;N=543;contig=CAMZPP010000003.1;pos=207053	HMR:gap=4816;N=100;contig=CAMZPP010000003.1;pos=301683
GCA_947343325.1_NCYC684	HML:split_contigs	MAT:gap=4576;N=100;contig=CAMZQA010000003.1;pos=183673	HMR:gap=7918;N=100;contig=CAMZQA010000003.1;pos=278792
GCA_947343335.1_NCYC609	HML:flank_missing(L=1,R=0)	MAT:gap=4499;N=0;contig=CAMZPR010000003.1;pos=235229	HMR:gap=3993;N=0;contig=CAMZPR010000003.1;pos=342326
GCA_947343345.1_NCYC1529	HML:flank_missing(L=0,R=1)	MAT:gap=5692;N=150;contig=CAMZPX010000003.1;pos=183453	HMR:gap=3499;N=439;contig=CAMZPX010000003.1;pos=280003
GCA_947343355.1_NCYC4063	HML:flank_missing(L=0,R=0)	MAT:flank_missing(L=0,R=0)	HMR:gap=3694;N=816;contig=CAMZPS010000003.1;pos=291214
GCA_947343365.1_NCYC95	HML:far(284551)	MAT:gap=8245;N=541;contig=CAMZPJ010000003.1;pos=192636	HMR:far(73601)
GCA_947343375.1_NCYC1414	HML:flank_missing(L=0,R=1)	MAT:gap=4396;N=0;contig=CAMZQK010000003.1;pos=199444	HMR:flank_missing(L=0,R=0)
GCA_947343385.1_NCYC93	HML:gap=4663;N=100;contig=CAMZPG010000003.1;pos=668	MAT:gap=4499;N=1623;contig=CAMZPG010000003.1;pos=185166	HMR:gap=5186;N=200;contig=CAMZPG010000003.1;pos=279542
GCA_947343395.1_NCYC77	HML:far(189942)	MAT:gap=15643;N=20;contig=CAMZPK010000003.1;pos=194322	HMR:flank_missing(L=0,R=0)
GCA_947343405.1_NCYC81	HML:gap=5788;N=324;contig=CAMZQF010000003.1;pos=10710	MAT:gap=4499;N=289;contig=CAMZQF010000003.1;pos=195101	HMR:gap=4201;N=100;contig=CAMZQF010000003.1;pos=291058
GCA_947343435.1_NCYC3516	HML:split_contigs	MAT:gap=4713;N=100;contig=CAMZQI010000003.1;pos=198399	HMR:gap=4478;N=100;contig=CAMZQI010000003.1;pos=294739
GCA_947343415.1_NCYC3051	HML:flank_missing(L=0,R=0)	MAT:gap=5043;N=100;contig=CAMZQL010000003.1;pos=194879	HMR:gap=3477;N=1243;contig=CAMZQL010000003.1;pos=290755
GCA_947343425.1_NCYC2777	HML:flank_missing(L=0,R=1)	MAT:far(98452)	HMR:gap=14732;N=40;contig=CAMZPN010000003.1;pos=278730
GCA_947343445.1_NCYC1132	HML:flank_missing(L=0,R=0)	MAT:gap=5451;N=120;contig=CAMZPZ010000003.1;pos=201349	HMR:flank_missing(L=0,R=1)
GCA_947343465.1_NCYC78	HML:split_contigs	MAT:gap=4499;N=1623;contig=CAMZQC010000003.1;pos=179650	HMR:gap=3769;N=100;contig=CAMZQC010000003.1;pos=273255
GCA_947343455.1_NCYC2402	HML:far(194548)	MAT:gap=19508;N=100;contig=CAMZQJ010000003.1;pos=201668	HMR:gap=4132;N=1053;contig=CAMZQJ010000003.1;pos=313320
GCA_947343475.1_NCYC3324	HML:gap=4499;N=964;contig=CAMZPQ010000003.1;pos=12323	MAT:flank_missing(L=0,R=0)	HMR:flank_missing(L=0,R=0)
GCA_947343485.1_NCYC3052	HML:flank_missing(L=2,R=0)	MAT:gap=12401;N=100;contig=CAMZPV010000003.1;pos=146083	HMR:gap=4918;N=1147;contig=CAMZPV010000003.1;pos=248989
GCA_947343495.1_NCYC1097	HML:flank_missing(L=0,R=1)	MAT:gap=4767;N=3030;contig=CAMZQB010000003.1;pos=187386	HMR:gap=3898;N=200;contig=CAMZQB010000003.1;pos=282919
GCA_947343505.1_NCYC3035	HML:gap=5058;N=1312;contig=CAMZQD010000003.1;pos=12365	MAT:gap=6571;N=200;contig=CAMZQD010000003.1;pos=202988	HMR:flank_missing(L=0,R=0)
GCA_947343515.1_NCYC3076	HML:gap=14057;N=100;contig=CAMZQG010000003.1;pos=10698	MAT:far(193632)	HMR:gap=4517;N=200;contig=CAMZQG010000003.1;pos=303729
GCA_947343525.1_NCYC3997	HML:gap=5050;N=330;contig=CAMZQH010000003.1;pos=10701	MAT:gap=5134;N=1106;contig=CAMZQH010000003.1;pos=192200	HMR:gap=3776;N=200;contig=CAMZQH010000003.1;pos=288024
GCA_947343535.1_NCYC1111	HML:flank_missing(L=0,R=1)	MAT:flank_missing(L=1,R=0)	HMR:gap=4789;N=731;contig=CAMZQN010000003.1;pos=287878
GCA_947343545.1_NCYC3030	HML:flank_missing(L=1,R=0)	MAT:flank_missing(L=0,R=0)	HMR:flank_missing(L=0,R=0)
GCA_947343555.1_NCYC2798	HML:gap=4819;N=100;contig=CAMZQT010000003.1;pos=10496	MAT:flank_missing(L=0,R=0)	HMR:flank_missing(L=0,R=1)
GCA_947343565.1_NCYC3036	HML:gap=5058;N=730;contig=CAMZQY010000003.1;pos=12767	MAT:gap=28743;N=100;contig=CAMZQY010000003.1;pos=199284	HMR:flank_missing(L=1,R=0)
GCA_947343575.1_NCYC86	HML:gap=4501;N=1355;contig=CAMZPW010000003.1;pos=10708	MAT:gap=4501;N=0;contig=CAMZPW010000003.1;pos=192226	HMR:flank_missing(L=0,R=1)
GCA_947343585.1_NCYC3031	HML:gap=5058;N=197;contig=CAMZQW010000003.1;pos=10706	MAT:gap=4499;N=927;contig=CAMZQW010000003.1;pos=193120	HMR:gap=3602;N=845;contig=CAMZQW010000003.1;pos=288523
GCA_947343605.1_NCYC1167	HML:flank_missing(L=0,R=0)	MAT:gap=4394;N=0;contig=CAMZQO010000003.1;pos=186187	HMR:gap=3604;N=2244;contig=CAMZQO010000003.1;pos=304324
GCA_947343595.1_NCYC2778	HML:flank_missing(L=2,R=0)	MAT:gap=4501;N=0;contig=CAMZQM010000003.1;pos=131543	HMR:split_contigs
GCA_947343615.1_NCYC1026	HML:flank_missing(L=0,R=1)	MAT:gap=5207;N=100;contig=CAMZQR010000003.1;pos=182269	HMR:gap=4193;N=20;contig=CAMZQR010000003.1;pos=279697
GCA_947343625.1_NCYC3546	HML:gap=4393;N=915;contig=CAMZRA010000003.1;pos=10694	MAT:flank_missing(L=0,R=0)	HMR:gap=3950;N=915;contig=CAMZRA010000003.1;pos=286197
GCA_947343635.1_NCYC367	HML:flank_missing(L=0,R=1)	MAT:gap=4571;N=0;contig=CAMZQQ010000003.1;pos=185151	HMR:flank_missing(L=0,R=0)
GCA_947343645.1_NCYC3124	HML:gap=7952;N=220;contig=CAMZRB010000003.1;pos=11049	MAT:flank_missing(L=0,R=1)	HMR:flank_missing(L=0,R=0)
GCA_947343655.1_NCYC2974	HML:flank_missing(L=0,R=0)	MAT:gap=4997;N=100;contig=CAMZQZ010000003.1;pos=173816	HMR:gap=3497;N=764;contig=CAMZQZ010000003.1;pos=269773
GCA_947343665.1_NCYC3032	HML:gap=5058;N=150;contig=CAMZQS010000003.1;pos=10675	MAT:flank_missing(L=0,R=0)	HMR:gap=3599;N=0;contig=CAMZQS010000003.1;pos=296706
GCA_947343675.1_NCYC1260	HML:gap=5059;N=1700;contig=CAMZRD010000003.1;pos=11653	MAT:flank_missing(L=0,R=1)	HMR:gap=5100;N=200;contig=CAMZRD010000003.1;pos=296878
GCA_947343685.1_NCYC3122	HML:far(138022)	MAT:gap=32142;N=100;contig=CAMZQU010000003.1;pos=144538	HMR:gap=3987;N=1293;contig=CAMZQU010000003.1;pos=266598
GCA_947343695.1_NCYC3514	HML:split_contigs	MAT:flank_missing(L=1,R=0)	HMR:flank_missing(L=0,R=1)
GCA_947343715.1_NCYC3125	HML:gap=13576;N=100;contig=CAMZRE010000003.1;pos=10722	MAT:far(192833)	HMR:flank_missing(L=0,R=0)
GCA_947343705.1_NCYC3499	HML:split_contigs	MAT:gap=4499;N=1464;contig=CAMZQX010000003.1;pos=196822	HMR:gap=3633;N=0;contig=CAMZQX010000003.1;pos=290999
GCA_947343725.1_NCYC3038	HML:split_contigs	MAT:gap=4499;N=0;contig=CAMZRG010000003.1;pos=186110	HMR:gap=7194;N=334;contig=CAMZRG010000003.1;pos=282656
GCA_947343755.1_NCYC3326	HML:gap=9715;N=378;contig=CAMZRH010000003.1;pos=10712	MAT:flank_missing(L=1,R=0)	HMR:gap=4583;N=358;contig=CAMZRH010000003.1;pos=293270
GCA_947343735.1_NCYC3123	HML:flank_missing(L=2,R=0)	MAT:flank_missing(L=0,R=0)	HMR:flank_missing(L=0,R=0)
GCA_947343745.1_NCYC82	HML:gap=5063;N=1096;contig=CAMZRC010000003.1;pos=668	MAT:gap=4499;N=843;contig=CAMZRC010000003.1;pos=159936	HMR:gap=4300;N=100;contig=CAMZRC010000003.1;pos=256052
GCA_947343765.1_NCYC235	HML:gap=5845;N=100;contig=CAMZRI010000003.1;pos=10720	MAT:gap=4499;N=289;contig=CAMZRI010000003.1;pos=199864	HMR:gap=4290;N=204;contig=CAMZRI010000003.1;pos=296519
GCA_947343775.1_NCYC1159	HML:flank_missing(L=0,R=1)	MAT:flank_missing(L=0,R=1)	HMR:flank_missing(L=0,R=0)
GCA_947343785.1_NCYC88	HML:flank_missing(L=0,R=1)	MAT:split_contigs	HMR:flank_missing(L=1,R=0)
GCA_947343795.1_NCYC70	HML:gap=5060;N=573;contig=CAMZRJ010000003.1;pos=11161	MAT:gap=5460;N=120;contig=CAMZRJ010000003.1;pos=192754	HMR:gap=3597;N=777;contig=CAMZRJ010000003.1;pos=287623
GCA_947343805.1_NCYC619	HML:split_contigs	MAT:gap=4431;N=100;contig=CAMZRN010000003.1;pos=199500	HMR:gap=18508;N=100;contig=CAMZRN010000003.1;pos=293823
GCA_947343825.1_NCYC479	HML:flank_missing(L=1,R=0)	MAT:gap=4394;N=0;contig=CAMZRP010000003.1;pos=197289	HMR:gap=3498;N=1655;contig=CAMZRP010000003.1;pos=293677
GCA_947343815.1_NCYC1023	HML:flank_missing(L=0,R=1)	MAT:gap=4396;N=0;contig=CAMZRO010000003.1;pos=209954	HMR:flank_missing(L=0,R=0)
GCA_947343835.1_NCYC3448	HML:gap=5040;N=545;contig=CAMZRR010000003.1;pos=398	MAT:gap=4499;N=543;contig=CAMZRR010000003.1;pos=188970	HMR:gap=3495;N=1099;contig=CAMZRR010000003.1;pos=284871
GCA_947343845.1_NCYC89	HML:flank_missing(L=0,R=1)	MAT:gap=5209;N=100;contig=CAMZRM010000003.1;pos=180132	HMR:flank_missing(L=0,R=0)
GCA_947343855.1_NCYC4081	HML:flank_missing(L=0,R=1)	MAT:gap=4394;N=0;contig=CAMZRQ010000003.1;pos=198968	HMR:gap=3706;N=1272;contig=CAMZRQ010000003.1;pos=294137
GCA_947343865.1_NCYC3077	HML:far(185250)	MAT:gap=18875;N=100;contig=CAMZRS010000003.1;pos=191508	HMR:flank_missing(L=0,R=1)
GCA_947343875.1_NCYC1409	HML:split_contigs	MAT:gap=4394;N=999;contig=CAMZRT010000003.1;pos=192452	HMR:gap=3781;N=100;contig=CAMZRT010000003.1;pos=286827
GCA_947343885.1_NCYC1001	HML:far(287207)	MAT:gap=4495;N=921;contig=CAMZRY010000003.1;pos=198238	HMR:gap=32564;N=100;contig=CAMZRY010000003.1;pos=293685
GCA_947343895.1_NCYC3528	HML:gap=5103;N=1307;contig=CAMZRX010000003.1;pos=15084	MAT:flank_missing(L=0,R=1)	HMR:gap=3937;N=0;contig=CAMZRX010000003.1;pos=295838
GCA_947343905.1_NCYC3445	HML:gap=5058;N=1292;contig=CAMZSB010000003.1;pos=10736	MAT:gap=4582;N=100;contig=CAMZSB010000003.1;pos=191860	HMR:gap=3473;N=1322;contig=CAMZSB010000003.1;pos=287752
GCA_947343925.1_NCYC2945	HML:split_contigs	MAT:gap=4499;N=749;contig=CAMZRV010000003.1;pos=191200	HMR:gap=5024;N=100;contig=CAMZRV010000003.1;pos=286616
GCA_947343915.1_NCYC3529	HML:far(182590)	MAT:flank_missing(L=0,R=1)	HMR:flank_missing(L=0,R=0)
GCA_947343935.1_NCYC3467	HML:gap=5055;N=747;contig=CAMZRW010000003.1;pos=12931	MAT:gap=4499;N=1021;contig=CAMZRW010000003.1;pos=196311	HMR:gap=4653;N=100;contig=CAMZRW010000003.1;pos=291262
GCA_947343945.1_NCYC356	HML:flank_missing(L=0,R=1)	MAT:gap=10335;N=100;contig=CAMZSA010000003.1;pos=195251	HMR:far(94224)
GCA_947343965.1_NCYC1102	HML:flank_missing(L=0,R=1)	MAT:gap=6801;N=120;contig=CAMZSL010000003.1;pos=185358	HMR:flank_missing(L=0,R=1)
GCA_947343955.1_NCYC430	HML:split_contigs	MAT:gap=4501;N=994;contig=CAMZRU010000003.1;pos=178840	HMR:gap=4118;N=100;contig=CAMZRU010000003.1;pos=273156
GCA_947343975.1_NCYC672	HML:gap=5295;N=545;contig=CAMZSG010000003.1;pos=392	MAT:gap=4499;N=543;contig=CAMZSG010000003.1;pos=183035	HMR:gap=3778;N=100;contig=CAMZSG010000003.1;pos=278733
GCA_947343985.1_NCYC3343	HML:gap=5061;N=1292;contig=CAMZSU010000003.1;pos=10820	MAT:gap=4499;N=0;contig=CAMZSU010000003.1;pos=192940	HMR:gap=3491;N=1885;contig=CAMZSU010000003.1;pos=287422
GCA_947344005.1_NCYC1243	HML:flank_missing(L=0,R=0)	MAT:gap=4394;N=0;contig=CAMZSR010000003.1;pos=196775	HMR:flank_missing(L=0,R=0)
GCA_947344015.1_NCYC1311	HML:flank_missing(L=0,R=1)	MAT:flank_missing(L=0,R=1)	HMR:gap=3604;N=1805;contig=CAMZSN010000003.1;pos=281442
GCA_947343995.1_NCYC3449	HML:gap=5046;N=545;contig=CAMZSF010000003.1;pos=2658	MAT:gap=4499;N=543;contig=CAMZSF010000003.1;pos=189091	HMR:gap=4114;N=100;contig=CAMZSF010000003.1;pos=283718
GCA_947344025.1_NCYC2587	HML:gap=4499;N=1853;contig=CAMZSK010000003.1;pos=11729	MAT:gap=4499;N=1801;contig=CAMZSK010000003.1;pos=191535	HMR:gap=9168;N=160;contig=CAMZSK010000003.1;pos=288203
GCA_947344035.1_NCYC241	HML:flank_missing(L=0,R=1)	MAT:flank_missing(L=0,R=0)	HMR:gap=3601;N=0;contig=CAMZSM010000003.1;pos=284566
GCA_947344045.1_NCYC1072	HML:flank_missing(L=0,R=1)	MAT:flank_missing(L=0,R=1)	HMR:gap=3730;N=200;contig=CAMZSP010000003.1;pos=281926
GCA_947344055.1_NCYC491	HML:flank_missing(L=0,R=1)	MAT:gap=4499;N=0;contig=CAMZSO010000003.1;pos=188538	HMR:flank_missing(L=0,R=0)
GCA_947344065.1_NCYC1218	HML:flank_missing(L=0,R=0)	MAT:gap=4427;N=1532;contig=CAMZSS010000003.1;pos=198008	HMR:flank_missing(L=0,R=0)
GCA_947344095.1_NCYC622	HML:split_contigs	MAT:gap=4501;N=518;contig=CAMZSE010000003.1;pos=191748	HMR:gap=5339;N=100;contig=CAMZSE010000003.1;pos=285658
GCA_947344085.1_NCYC1406	HML:gap=4499;N=1738;contig=CAMZSC010000003.1;pos=10748	MAT:gap=4501;N=994;contig=CAMZSC010000003.1;pos=196462	HMR:gap=3782;N=100;contig=CAMZSC010000003.1;pos=291493
GCA_947344075.1_NCYC2517	HML:split_contigs	MAT:gap=4681;N=100;contig=CAMZSI010000003.1;pos=196186	HMR:gap=3782;N=100;contig=CAMZSI010000003.1;pos=291393
GCA_947344105.1_NCYC1274	HML:flank_missing(L=0,R=1)	MAT:flank_missing(L=0,R=1)	HMR:gap=3604;N=555;contig=CAMZSV010000003.1;pos=279421
GCA_947344145.1_NCYC620	HML:split_contigs	MAT:gap=4499;N=2058;contig=CAMZSD010000003.1;pos=179011	HMR:gap=3779;N=100;contig=CAMZSD010000003.1;pos=273329
GCA_947344135.1_NCYC1298	HML:flank_missing(L=0,R=1)	MAT:gap=18910;N=1375;contig=CAMZSQ010000003.1;pos=185499	HMR:flank_missing(L=0,R=1)
GCA_947344125.1_NCYC1118	HML:flank_missing(L=0,R=1)	MAT:flank_missing(L=0,R=0)	HMR:gap=3602;N=1480;contig=CAMZSJ010000003.1;pos=284329
GCA_947344115.1_NCYC1007	HML:flank_missing(L=0,R=0)	MAT:gap=4394;N=0;contig=CAMZST010000003.1;pos=169532	HMR:flank_missing(L=0,R=0)
GCA_947344185.1_NCYC956	HML:gap=5205;N=100;contig=CAMZTP010000003.1;pos=10719	MAT:gap=4394;N=1006;contig=CAMZTP010000003.1;pos=198801	HMR:gap=3679;N=100;contig=CAMZTP010000003.1;pos=293323
GCA_947344175.1_NCYC3523	HML:flank_missing(L=0,R=1)	MAT:flank_missing(L=1,R=0)	HMR:flank_missing(L=1,R=0)
GCA_947344155.1_NCYC2401	HML:split_contigs	MAT:flank_missing(L=1,R=0)	HMR:flank_missing(L=0,R=1)
GCA_947344165.1_NCYC3313	HML:far(101897)	MAT:far(82522)	HMR:gap=13364;N=100;contig=CAMZTJ010000003.1;pos=187269
GCA_947344215.1_NCYC357	HML:flank_missing(L=0,R=1)	MAT:gap=2830;N=389;contig=CAMZTG010000003.1;pos=204971	HMR:gap=6092;N=100;contig=CAMZTG010000003.1;pos=297540
GCA_947344195.1_NCYC1147	HML:flank_missing(L=0,R=0)	MAT:gap=4394;N=0;contig=CAMZTR010000003.1;pos=202385	HMR:flank_missing(L=0,R=0)
GCA_947344205.1_NCYC1444	HML:flank_missing(L=0,R=1)	MAT:gap=5516;N=100;contig=CAMZTO010000003.1;pos=184101	HMR:gap=4308;N=100;contig=CAMZTO010000003.1;pos=280530
GCA_947344225.1_NCYC2695	HML:split_contigs	MAT:gap=18555;N=100;contig=CAMZTM010000003.1;pos=198788	HMR:gap=3776;N=100;contig=CAMZTM010000003.1;pos=307288
GCA_947344235.1_NCYC1228	HML:flank_missing(L=0,R=1)	MAT:gap=5205;N=100;contig=CAMZTC010000003.1;pos=181704	HMR:gap=3600;N=0;contig=CAMZTC010000003.1;pos=276541
GCA_947344245.1_NCYC3455	HML:flank_missing(L=0,R=1)	MAT:gap=5859;N=120;contig=CAMZTQ010000003.1;pos=203016	HMR:gap=3499;N=2376;contig=CAMZTQ010000003.1;pos=303774
GCA_947344255.1_NCYC3464	HML:flank_missing(L=0,R=1)	MAT:far(184187)	HMR:flank_missing(L=1,R=0)
GCA_947344265.1_NCYC996	HML:far(283805)	MAT:gap=4904;N=1813;contig=CAMZTN010000003.1;pos=196060	HMR:gap=11432;N=190;contig=CAMZTN010000003.1;pos=290652
GCA_947344295.1_NCYC1413	HML:split_contigs	MAT:gap=18359;N=100;contig=CAMZTH010000003.1;pos=85366	HMR:gap=3602;N=0;contig=CAMZTH010000003.1;pos=193218
GCA_947344285.1_NCYC816	HML:split_contigs	MAT:gap=4499;N=382;contig=CAMZTD010000003.1;pos=196862	HMR:gap=3607;N=359;contig=CAMZTD010000003.1;pos=291260
GCA_947344275.1_NCYC2737	HML:flank_missing(L=0,R=1)	MAT:gap=4499;N=0;contig=CAMZTE010000003.1;pos=186457	HMR:flank_missing(L=0,R=0)
GCA_947344305.1_NCYC3511	HML:gap=4497;N=913;contig=CAMZTK010000003.1;pos=10651	MAT:gap=38464;N=100;contig=CAMZTK010000003.1;pos=196446	HMR:gap=31580;N=100;contig=CAMZTK010000003.1;pos=230887
GCA_947344325.1_NCYC3026	HML:flank_missing(L=0,R=1)	MAT:gap=6046;N=20;contig=CAMZTA010000003.1;pos=186412	HMR:gap=3611;N=1394;contig=CAMZTA010000003.1;pos=282444
GCA_947344335.1_NCYC72	HML:far(280499)	MAT:gap=4499;N=1003;contig=CAMZSY010000003.1;pos=192129	HMR:gap=33472;N=120;contig=CAMZSY010000003.1;pos=286435
GCA_947344315.1_NCYC3522	HML:flank_missing(L=1,R=0)	MAT:gap=4499;N=1161;contig=CAMZTI010000003.1;pos=140752	HMR:gap=3498;N=236;contig=CAMZTI010000003.1;pos=235599
GCA_947344345.1_NCYC1315	HML:flank_missing(L=0,R=1)	MAT:flank_missing(L=1,R=0)	HMR:gap=5487;N=100;contig=CAMZSX010000003.1;pos=217107
GCA_947344365.1_NCYC1190	HML:flank_missing(L=0,R=1)	MAT:gap=4501;N=0;contig=CAMZTB010000003.1;pos=189584	HMR:gap=3604;N=941;contig=CAMZTB010000003.1;pos=285197
GCA_947344355.1_NCYC1408	HML:flank_missing(L=1,R=0)	MAT:flank_missing(L=1,R=0)	HMR:flank_missing(L=0,R=1)
GCA_947344375.1_NCYC2397	HML:flank_missing(L=0,R=1)	MAT:gap=4499;N=1743;contig=CAMZSZ010000003.1;pos=197712	HMR:gap=3599;N=0;contig=CAMZSZ010000003.1;pos=293471
GCA_947344385.1_NCYC3557	HML:gap=5094;N=437;contig=CAMZTX010000003.1;pos=11282	MAT:split_contigs	HMR:gap=4117;N=100;contig=CAMZTX010000003.1;pos=289426
GCA_947344395.1_NCYC3470	HML:gap=5058;N=1001;contig=CAMZTW010000003.1;pos=10755	MAT:gap=4677;N=100;contig=CAMZTW010000003.1;pos=205799	HMR:gap=3605;N=119;contig=CAMZTW010000003.1;pos=300400
GCA_947344415.1_NCYC1151	HML:flank_missing(L=0,R=1)	MAT:gap=6233;N=20;contig=CAMZUQ010000003.1;pos=186395	HMR:gap=3604;N=1872;contig=CAMZUQ010000003.1;pos=285416
GCA_947344425.1_NCYC1415	HML:split_contigs	MAT:gap=26038;N=100;contig=CAMZUU010000003.1;pos=179429	HMR:flank_missing(L=1,R=0)
GCA_947344405.1_NCYC90	HML:flank_missing(L=0,R=1)	MAT:gap=4501;N=0;contig=CAMZTY010000003.1;pos=180117	HMR:flank_missing(L=0,R=0)
GCA_947344435.1_NCYC360	HML:gap=4499;N=2355;contig=CAMZVC010000003.1;pos=11280	MAT:flank_missing(L=0,R=0)	HMR:flank_missing(L=0,R=1)
GCA_947344445.1_NCYC76	HML:gap=5102;N=1512;contig=CAMZUI010000003.1;pos=10710	MAT:flank_missing(L=1,R=0)	HMR:flank_missing(L=0,R=1)
GCA_947344455.1_NCYC361	HML:split_contigs	MAT:gap=4499;N=666;contig=CAMZUX010000003.1;pos=201815	HMR:gap=4964;N=200;contig=CAMZUX010000003.1;pos=298692
GCA_947344465.1_NCYC3314	HML:gap=4499;N=547;contig=CAMZUO010000003.1;pos=10815	MAT:far(68250)	HMR:gap=10126;N=120;contig=CAMZUO010000003.1;pos=254895
GCA_947344475.1_NCYC1407	HML:gap=5318;N=100;contig=CAMZUW010000003.1;pos=10999	MAT:gap=7537;N=200;contig=CAMZUW010000003.1;pos=194777	HMR:gap=4317;N=173;contig=CAMZUW010000003.1;pos=294675
GCA_947344485.1_NCYC3460	HML:gap=5141;N=100;contig=CAMZUL010000003.1;pos=10711	MAT:gap=4578;N=100;contig=CAMZUL010000003.1;pos=191421	HMR:gap=4471;N=100;contig=CAMZUL010000003.1;pos=286305
GCA_947344495.1_NCYC482	HML:split_contigs	MAT:gap=19700;N=120;contig=CAMZVB010000003.1;pos=200973	HMR:gap=3600;N=1325;contig=CAMZVB010000003.1;pos=310519
GCA_947344505.1_NCYC3456	HML:gap=5058;N=149;contig=CAMZUS010000003.1;pos=1820	MAT:gap=4497;N=556;contig=CAMZUS010000003.1;pos=188553	HMR:gap=3812;N=100;contig=CAMZUS010000003.1;pos=282639
GCA_947344515.1_NCYC3461	HML:split_contigs	MAT:gap=4499;N=543;contig=CAMZUY010000003.1;pos=179138	HMR:flank_missing(L=2,R=0)
GCA_947344545.1_NCYC2947	HML:split_contigs	MAT:gap=4679;N=100;contig=CAMZUM010000003.1;pos=191295	HMR:gap=3677;N=100;contig=CAMZUM010000003.1;pos=286365
GCA_947344535.1_NCYC1163	HML:flank_missing(L=0,R=0)	MAT:gap=4500;N=925;contig=CAMZVA010000003.1;pos=153468	HMR:gap=3604;N=549;contig=CAMZVA010000003.1;pos=250428
GCA_947344525.1_NCYC232	HML:flank_missing(L=0,R=1)	MAT:gap=5205;N=100;contig=CAMZVD010000003.1;pos=224483	HMR:gap=4304;N=100;contig=CAMZVD010000003.1;pos=325932
GCA_947344555.1_NCYC3265	HML:split_contigs	MAT:gap=4499;N=1370;contig=CAMZUR010000003.1;pos=180246	HMR:gap=3778;N=100;contig=CAMZUR010000003.1;pos=276487
GCA_947344585.1_NCYC3315	HML:gap=5044;N=545;contig=CAMZUT010000003.1;pos=8314	MAT:gap=4499;N=543;contig=CAMZUT010000003.1;pos=194224	HMR:gap=3600;N=997;contig=CAMZUT010000003.1;pos=288804
GCA_947344575.1_NCYC3341	HML:split_contigs	MAT:gap=4499;N=0;contig=CAMZVE010000003.1;pos=198057	HMR:flank_missing(L=1,R=0)
GCA_947344565.1_NCYC80	HML:flank_missing(L=2,R=0)	MAT:gap=6833;N=201;contig=CAMZUJ010000003.1;pos=190106	HMR:gap=3919;N=100;contig=CAMZUJ010000003.1;pos=286442
GCA_947344595.1_NCYC3458	HML:split_contigs	MAT:gap=4499;N=543;contig=CAMZUZ010000003.1;pos=192173	HMR:gap=3783;N=100;contig=CAMZUZ010000003.1;pos=287310
GCA_947344615.1_NCYC478	HML:gap=27514;N=100;contig=CAMZUN010000003.1;pos=10721	MAT:gap=4499;N=1635;contig=CAMZUN010000003.1;pos=219569	HMR:split_contigs
GCA_947344605.1_NCYC91	HML:gap=5295;N=1390;contig=CAMZUK010000003.1;pos=7767	MAT:far(70513)	HMR:gap=33346;N=120;contig=CAMZUK010000003.1;pos=255940
GCA_947344625.1_NCYC1308	HML:flank_missing(L=0,R=1)	MAT:gap=4592;N=100;contig=CAMZUV010000003.1;pos=195535	HMR:gap=5153;N=1079;contig=CAMZUV010000003.1;pos=291042
GCA_947344635.1_NCYC1064	HML:flank_missing(L=0,R=1)	MAT:gap=5209;N=100;contig=CAMZUP010000003.1;pos=185491	HMR:gap=3600;N=0;contig=CAMZUP010000003.1;pos=280697
GCA_947344655.1_NCYC1010	HML:flank_missing(L=0,R=1)	MAT:flank_missing(L=0,R=0)	HMR:gap=3602;N=509;contig=CAMZTU010000003.1;pos=281693
GCA_947344645.1_NCYC963	HML:flank_missing(L=0,R=1)	MAT:gap=4396;N=0;contig=CAMZTT010000003.1;pos=186830	HMR:flank_missing(L=0,R=0)
GCA_947344665.1_NCYC1004	HML:flank_missing(L=0,R=1)	MAT:flank_missing(L=0,R=1)	HMR:flank_missing(L=0,R=0)
GCA_947344695.1_NCYC1033	HML:flank_missing(L=0,R=1)	MAT:gap=4499;N=1373;contig=CAMZUH010000003.1;pos=185024	HMR:flank_missing(L=0,R=0)
GCA_947344685.1_NCYC3630	HML:gap=5141;N=100;contig=CAMZTZ010000003.1;pos=10744	MAT:gap=4503;N=667;contig=CAMZTZ010000003.1;pos=191688	HMR:gap=3473;N=1293;contig=CAMZTZ010000003.1;pos=287385
GCA_947344675.1_NCYC3521	HML:gap=4499;N=191;contig=CAMZTS010000003.1;pos=11086	MAT:gap=4394;N=0;contig=CAMZTS010000003.1;pos=199416	HMR:flank_missing(L=0,R=0)
GCA_947344705.1_NCYC3447	HML:gap=4499;N=1210;contig=CAMZUE010000003.1;pos=10258	MAT:gap=4576;N=100;contig=CAMZUE010000003.1;pos=201632	HMR:gap=3778;N=100;contig=CAMZUE010000003.1;pos=297031
GCA_947344745.1_NCYC2592	HML:flank_missing(L=0,R=1)	MAT:gap=4499;N=148;contig=CAMZUG010000003.1;pos=191959	HMR:gap=5455;N=100;contig=CAMZUG010000003.1;pos=286041
GCA_947344715.1_NCYC1603	HML:flank_missing(L=0,R=1)	MAT:gap=6256;N=100;contig=CAMZUB010000003.1;pos=182786	HMR:flank_missing(L=0,R=0)
GCA_947344735.1_NCYC1337	HML:flank_missing(L=0,R=1)	MAT:gap=5209;N=100;contig=CAMZUD010000003.1;pos=180345	HMR:gap=4308;N=100;contig=CAMZUD010000003.1;pos=277699
GCA_947344725.1_NCYC3406	HML:flank_missing(L=0,R=1)	MAT:gap=5209;N=100;contig=CAMZUC010000003.1;pos=194818	HMR:gap=3600;N=0;contig=CAMZUC010000003.1;pos=289780
GCA_947344755.1_NCYC2733	HML:flank_missing(L=0,R=1)	MAT:gap=4394;N=1148;contig=CAMZUA010000003.1;pos=186895	HMR:flank_missing(L=0,R=0)
GCA_947344765.1_NCYC3318	HML:split_contigs	MAT:gap=4499;N=947;contig=CAMZUF010000003.1;pos=184346	HMR:gap=3782;N=100;contig=CAMZUF010000003.1;pos=278787
GCA_947344775.1_NCYC1292	HML:gap=5313;N=100;contig=CAMZVG010000003.1;pos=11743	MAT:gap=4499;N=1288;contig=CAMZVG010000003.1;pos=204020	HMR:flank_missing(L=1,R=0)
GCA_947344785.1_NCYC1280	HML:flank_missing(L=0,R=1)	MAT:gap=16596;N=60;contig=CAMZVF010000003.1;pos=184928	HMR:far(102377)
GCA_947344795.1_NCYC1681	HML:flank_missing(L=0,R=1)	MAT:gap=4499;N=0;contig=CAMZVK010000003.1;pos=180797	HMR:flank_missing(L=0,R=0)
GCA_947344805.1_NCYC92	HML:gap=5269;N=100;contig=CAMZVH010000003.1;pos=10706	MAT:gap=4499;N=2052;contig=CAMZVH010000003.1;pos=205426	HMR:gap=3598;N=201;contig=CAMZVH010000003.1;pos=300313
GCA_947344815.1_NCYC75	HML:split_contigs	MAT:flank_missing(L=0,R=1)	HMR:flank_missing(L=1,R=0)
GCA_947344825.1_NCYC505	HML:flank_missing(L=0,R=1)	MAT:flank_missing(L=0,R=1)	HMR:flank_missing(L=1,R=0)
GCA_947344835.1_NCYC87	HML:flank_missing(L=0,R=0)	MAT:gap=4499;N=0;contig=CAMZVL010000003.1;pos=193178	HMR:flank_missing(L=0,R=0)
GCA_947344845.1_NCYC3325	HML:flank_missing(L=1,R=0)	MAT:gap=4394;N=0;contig=CAMZVO010000003.1;pos=199161	HMR:flank_missing(L=0,R=0)
GCA_947344855.1_NCYC3037	HML:gap=5078;N=1749;contig=CAMZVN010000003.1;pos=1784	MAT:gap=5057;N=100;contig=CAMZVN010000003.1;pos=190435	HMR:gap=3989;N=680;contig=CAMZVN010000003.1;pos=285961
GCA_947344865.1_NCYC83	HML:flank_missing(L=0,R=0)	MAT:gap=4499;N=0;contig=CAMZVM010000003.1;pos=170013	HMR:gap=3600;N=0;contig=CAMZVM010000003.1;pos=266935
GCA_947344885.1_NCYC3334	HML:flank_missing(L=0,R=1)	MAT:flank_missing(L=1,R=0)	HMR:gap=3595;N=417;contig=CAMZVQ010000003.1;pos=241438
GCA_947344875.1_NCYC3338	HML:flank_missing(L=0,R=0)	MAT:flank_missing(L=0,R=1)	HMR:gap=3499;N=885;contig=CAMZVP010000003.1;pos=283552
GCA_947344895.1_NCYC1321	HML:flank_missing(L=0,R=0)	MAT:flank_missing(L=0,R=0)	HMR:gap=6341;N=496;contig=CAMZWM010000003.1;pos=241863
GCA_947344905.1_NCYC1030	HML:flank_missing(L=0,R=1)	MAT:flank_missing(L=1,R=0)	HMR:flank_missing(L=0,R=1)
GCA_947344915.1_NCYC1017	HML:flank_missing(L=0,R=1)	MAT:gap=4394;N=0;contig=CAMZVR010000003.1;pos=183967	HMR:gap=3697;N=1012;contig=CAMZVR010000003.1;pos=278978
GCA_947344925.1_NCYC1270	HML:flank_missing(L=0,R=1)	MAT:flank_missing(L=0,R=1)	HMR:flank_missing(L=0,R=1)
GCA_947344935.1_NCYC3472	HML:gap=4580;N=100;contig=CAMZWK010000003.1;pos=11203	MAT:gap=4477;N=100;contig=CAMZWK010000003.1;pos=192340	HMR:gap=3603;N=115;contig=CAMZWK010000003.1;pos=286668
GCA_947344945.1_NCYC1199	HML:flank_missing(L=0,R=1)	MAT:flank_missing(L=0,R=1)	HMR:flank_missing(L=0,R=0)
GCA_947344955.1_NCYC3552	HML:gap=3885;N=100;contig=CAMZWH010000003.1;pos=10705	MAT:flank_missing(L=0,R=1)	HMR:gap=3703;N=200;contig=CAMZWH010000003.1;pos=288177
GCA_947344965.1_NCYC1044	HML:flank_missing(L=0,R=1)	MAT:gap=5118;N=20;contig=CAMZWJ010000003.1;pos=190167	HMR:gap=3601;N=502;contig=CAMZWJ010000003.1;pos=285206
GCA_947344975.1_NCYC401	HML:flank_missing(L=0,R=1)	MAT:gap=5184;N=100;contig=CAMZWC010000003.1;pos=180625	HMR:flank_missing(L=0,R=0)
GCA_947344985.1_NCYC1240	HML:flank_missing(L=0,R=1)	MAT:flank_missing(L=1,R=0)	HMR:flank_missing(L=0,R=1)
GCA_947344995.1_NCYC1286	HML:flank_missing(L=0,R=0)	MAT:flank_missing(L=0,R=0)	HMR:flank_missing(L=0,R=0)
GCA_947345025.1_NCYC1289	HML:flank_missing(L=0,R=1)	MAT:flank_missing(L=0,R=0)	HMR:flank_missing(L=0,R=0)
GCA_947345015.1_NCYC3403	HML:flank_missing(L=0,R=1)	MAT:flank_missing(L=1,R=0)	HMR:gap=3989;N=696;contig=CAMZWI010000003.1;pos=299390
GCA_947345005.1_NCYC1183	HML:flank_missing(L=0,R=1)	MAT:flank_missing(L=0,R=1)	HMR:gap=3600;N=0;contig=CAMZWF010000003.1;pos=285645
GCA_947345035.1_NCYC1179	HML:flank_missing(L=0,R=1)	MAT:gap=29120;N=1282;contig=CAMZWG010000003.1;pos=187497	HMR:gap=10798;N=100;contig=CAMZWG010000003.1;pos=212486
GCA_947345045.1_NCYC3549	HML:gap=4952;N=0;contig=CAMZWA010000003.1;pos=12556	MAT:gap=4499;N=2321;contig=CAMZWA010000003.1;pos=194130	HMR:gap=4151;N=1210;contig=CAMZWA010000003.1;pos=289101
GCA_947345055.1_NCYC3510	HML:gap=13935;N=100;contig=CAMZWN010000003.1;pos=10783	MAT:far(185578)	HMR:gap=3766;N=200;contig=CAMZWN010000003.1;pos=296824
GCA_947345065.1_NCYC3513	HML:split_contigs	MAT:flank_missing(L=1,R=0)	HMR:flank_missing(L=1,R=0)
GCA_947345095.1_NCYC3493	HML:gap=37823;N=100;contig=CAMZVT010000003.1;pos=7764	MAT:flank_missing(L=0,R=1)	HMR:flank_missing(L=1,R=0)
GCA_947345085.1_NCYC1283	HML:flank_missing(L=0,R=0)	MAT:flank_missing(L=0,R=1)	HMR:flank_missing(L=0,R=1)
GCA_947345075.1_NCYC3340	HML:flank_missing(L=0,R=1)	MAT:gap=4499;N=0;contig=CAMZVS010000003.1;pos=191924	HMR:flank_missing(L=0,R=0)
GCA_947345105.1_NCYC1055	HML:flank_missing(L=0,R=1)	MAT:gap=4786;N=100;contig=CAMZVZ010000003.1;pos=194942	HMR:gap=3986;N=200;contig=CAMZVZ010000003.1;pos=289422
GCA_947345115.1_NCYC3311	HML:split_contigs	MAT:gap=4501;N=972;contig=CAMZVV010000003.1;pos=179236	HMR:gap=3784;N=100;contig=CAMZVV010000003.1;pos=274236
GCA_947345145.1_NCYC1211	HML:flank_missing(L=0,R=1)	MAT:gap=6387;N=100;contig=CAMZWQ010000003.1;pos=186550	HMR:flank_missing(L=0,R=0)
GCA_947345125.1_NCYC826	HML:split_contigs	MAT:gap=4576;N=100;contig=CAMZWB010000003.1;pos=186040	HMR:gap=3679;N=100;contig=CAMZWB010000003.1;pos=281418
GCA_947345135.1_NCYC1037	HML:flank_missing(L=0,R=1)	MAT:flank_missing(L=0,R=1)	HMR:flank_missing(L=0,R=0)
GCA_947345165.1_NCYC4068	HML:gap=13919;N=100;contig=CAMZWU010000003.1;pos=10684	MAT:far(190899)	HMR:flank_missing(L=0,R=0)
GCA_947345175.1_NCYC1052	HML:flank_missing(L=0,R=0)	MAT:gap=4394;N=0;contig=CAMZWV010000003.1;pos=197760	HMR:gap=3703;N=792;contig=CAMZWV010000003.1;pos=291679
GCA_947345155.1_NCYC3498	HML:far(184144)	MAT:flank_missing(L=0,R=1)	HMR:flank_missing(L=1,R=0)
GCA_947345185.1_NCYC1006	HML:flank_missing(L=0,R=1)	MAT:gap=31821;N=100;contig=CAMZWR010000003.1;pos=182179	HMR:gap=29427;N=100;contig=CAMZWR010000003.1;pos=209873
GCA_947345195.1_NCYC3319	HML:gap=4499;N=545;contig=CAMZWS010000003.1;pos=2637	MAT:gap=4501;N=994;contig=CAMZWS010000003.1;pos=183342	HMR:gap=5548;N=200;contig=CAMZWS010000003.1;pos=278384
GCA_947345205.1_NCYC1245	HML:flank_missing(L=0,R=1)	MAT:gap=4499;N=0;contig=CAMZWW010000003.1;pos=179501	HMR:flank_missing(L=0,R=0)
GCA_947345225.1_NCYC2780	HML:flank_missing(L=0,R=1)	MAT:gap=6664;N=100;contig=CAMZXB010000003.1;pos=188567	HMR:gap=3790;N=1935;contig=CAMZXB010000003.1;pos=286323
GCA_947345215.1_NCYC1264	HML:flank_missing(L=0,R=1)	MAT:flank_missing(L=0,R=1)	HMR:flank_missing(L=0,R=1)
GCA_947345245.1_NCYC3033	HML:split_contigs	MAT:flank_missing(L=0,R=1)	HMR:flank_missing(L=0,R=0)
GCA_947345235.1_NCYC85	HML:flank_missing(L=0,R=1)	MAT:gap=4497;N=1548;contig=CAMZWX010000003.1;pos=196365	HMR:flank_missing(L=1,R=0)
GCA_947345255.1_NCYC2776	HML:flank_missing(L=0,R=0)	MAT:gap=4499;N=0;contig=CAMZXA010000003.1;pos=172488	HMR:gap=3602;N=1348;contig=CAMZXA010000003.1;pos=268543
GCA_947345265.1_NCYC84	HML:flank_missing(L=0,R=1)	MAT:gap=4396;N=0;contig=CAMZWY010000003.1;pos=189214	HMR:flank_missing(L=0,R=0)
GCA_947345285.1_NCYC236	HML:flank_missing(L=0,R=2)	MAT:flank_missing(L=1,R=0)	HMR:flank_missing(L=0,R=0)
GCA_947345275.1_NCYC3515	HML:flank_missing(L=0,R=1)	MAT:flank_missing(L=0,R=2)	HMR:flank_missing(L=2,R=0)
GCA_947345295.1_NCYC3114	HML:flank_missing(L=0,R=0)	MAT:flank_missing(L=0,R=1)	HMR:gap=3638;N=100;contig=CAMZXF010000003.1;pos=295072
GCA_947345305.1_NCYC3342	HML:split_contigs	MAT:flank_missing(L=0,R=0)	HMR:flank_missing(L=1,R=0)
GCA_947345325.1_NCYC368	HML:flank_missing(L=0,R=1)	MAT:gap=6386;N=20;contig=CAMZXI010000003.1;pos=186757	HMR:flank_missing(L=0,R=0)
GCA_947345335.1_NCYC74	HML:flank_missing(L=2,R=0)	MAT:flank_missing(L=0,R=1)	HMR:flank_missing(L=1,R=0)
GCA_947345315.1_NCYC3126	HML:flank_missing(L=0,R=1)	MAT:gap=4495;N=449;contig=CAMZXH010000003.1;pos=199735	HMR:flank_missing(L=1,R=0)
GCA_949649765.1_2578_Saccharomyces_bayanus	HML:flank_missing(L=0,R=0)	MAT:flank_missing(L=0,R=0)	HMR:flank_missing(L=0,R=0)
GCA_965637945.1_SCKFAY2_assembly	HML:gap=4499;N=0;contig=CBFEWO010000018.1;pos=16663	MAT:gap=4551;N=0;contig=CBFEWO010000018.1;pos=196989	HMR:gap=3938;N=0;contig=CBFEWO010000018.1;pos=291285
GCA_965282845.1_W303	HML:gap=4499;N=0;contig=CBDILZ010000003.1;pos=11205	MAT:gap=4394;N=0;contig=CBDILZ010000003.1;pos=223405	HMR:gap=3938;N=0;contig=CBDILZ010000003.1;pos=317294
GCA_965609025.1_SUPURC4202_assembly	HML:flank_missing(L=0,R=0)	MAT:flank_missing(L=0,R=0)	HMR:flank_missing(L=0,R=0)
GCA_965637975.1_SCVUBH027Y12_assembly	HML:gap=5056;N=0;contig=CBFEWQ010000059.1;pos=11022	MAT:gap=4550;N=0;contig=CBFEWQ010000060.1;pos=69978	HMR:gap=4316;N=0;contig=CBFEWQ010000060.1;pos=164795
GCA_965830275.1_SCUH0023_assembly	HML:gap=5056;N=0;contig=CBGHGV010000016.1;pos=54331	MAT:gap=4499;N=0;contig=CBGHGV010000009.1;pos=47080	HMR:gap=4316;N=0;contig=CBGHGV010000009.1;pos=141557
GCA_965638015.1_SCVUBH042Y18_assembly	HML:gap=5055;N=0;contig=CBFEWR010000005.1;pos=17418	MAT:gap=4485;N=0;contig=CBFEWR010000005.1;pos=204159	HMR:gap=4318;N=0;contig=CBFEWR010000005.1;pos=298736
GCA_974869005.1_yZX503_survivor_c14	HML:gap=4499;N=0;contig=CDFNSZ010000003.1;pos=11116	MAT:gap=4499;N=0;contig=CDFNSZ010000003.1;pos=223320	HMR:gap=3938;N=0;contig=CDFNSZ010000003.1;pos=317317
GCA_974871505.1_yZX409_survivor_c9	HML:gap=4499;N=0;contig=CDFOCQ010000003.1;pos=10810	MAT:gap=4499;N=0;contig=CDFOCQ010000003.1;pos=223012	HMR:gap=3938;N=0;contig=CDFOCQ010000003.1;pos=317012
GCA_974872965.1_yZX419_survivor_c3	HML:gap=4499;N=0;contig=CDFOII010000003.1;pos=10978	MAT:gap=4499;N=0;contig=CDFOII010000004.1;pos=64572	HMR:gap=3938;N=0;contig=CDFOII010000004.1;pos=158569
GCA_974872445.1_yT1291_survivor_c3.3	HML:gap=4500;N=0;contig=CDFOGK010000003.1;pos=22330	MAT:gap=4499;N=0;contig=CDFOGK010000003.1;pos=234493	HMR:gap=3936;N=0;contig=CDFOGK010000003.1;pos=328478
GCA_974873215.1_yZX424_survivor_c2	HML:flank_missing(L=0,R=0)	MAT:gap=4499;N=0;contig=CDFOJF010000003.1;pos=48725	HMR:gap=3938;N=0;contig=CDFOJF010000003.1;pos=142721
GCA_974923035.1_yZX447_survivor_c6	HML:split_contigs	MAT:far(301487)	HMR:flank_missing(L=1,R=0)
GCF_000146045.2_R64	HML:gap=4499;N=0;contig=NC_001135.5;pos=11000	MAT:gap=4499;N=0;contig=NC_001135.5;pos=198000	HMR:gap=3499;N=0;contig=NC_001135.5;pos=292000
GCF_001298625.1_SEUB3.0	HML:flank_missing(L=0,R=0)	MAT:flank_missing(L=0,R=0)	HMR:flank_missing(L=0,R=0)
GCF_002079055.1_ASM207905v1	HML:flank_missing(L=0,R=0)	MAT:flank_missing(L=0,R=0)	HMR:flank_missing(L=0,R=0)
GCF_000292725.1_SacArb1.0	HML:flank_missing(L=0,R=0)	MAT:flank_missing(L=0,R=0)	HMR:flank_missing(L=0,R=0)
GCF_947243775.1_Skud-IFO1802	HML:flank_missing(L=0,R=0)	MAT:flank_missing(L=0,R=0)	HMR:flank_missing(L=0,R=0)
