genome	family	contig	base_span	cand_span	base_state	cand_state	base_idiomorph	cand_idiomorph	base_confidence	cand_confidence	base_locus_class	cand_locus_class	base_verification	cand_verification	base_clf_input	cand_clf_input	base_margin	cand_margin	margin_delta	base_best_score	cand_best_score	base_genes	cand_genes	model_changes	change_types
GCA_000147375.2_WaNRRLY366_v02	Ascomycota:MATsc	JH119216.1	27609-35563	27609-35563	called	called	MATa	MATa	medium	medium	partial_locus	partial_locus										MATA1,sla2	MATA1,sla2		
GCA_000147375.2_WaNRRLY366_v02	Ascomycota:MATsc	JH119233.1	5969-11263	5969-11263	called	called	MATalpha	MATalpha	medium	medium	mat_locus	mat_locus										MATA2,MATALPHA1,MATALPHA2,sla2	MATA2,MATALPHA1,MATALPHA2,sla2		
GCA_000147375.2_WaNRRLY366_v02	Ascomycota:mat1	JH119216.1	27609-35563	27609-35563	withheld:modelled_gene_bar	withheld:modelled_gene_bar	M	M														mat1-Mc	mat1-Mc		
GCA_000147375.2_WaNRRLY366_v02	Ascomycota:MTL	JH119216.1	27609-35563	27609-35563	withheld:modelled_gene_bar	withheld:modelled_gene_bar	A	A														MTLA1,MTLA2	MTLA1,MTLA2		
GCA_000147375.2_WaNRRLY366_v02	Ascomycota:MAT	JH119216.1	27609-35563	27609-35563	withheld:modelled_gene_bar	withheld:modelled_gene_bar	MAT1-2	MAT1-2														MAT1-2-1,SLA2	MAT1-2-1,SLA2		
GCA_000147375.2_WaNRRLY366_v02	Ascomycota:PM	JH119216.1	27609-35563	27609-35563	withheld:modelled_gene_bar	withheld:modelled_gene_bar	M	M														matMc	matMc		
GCA_000147375.2_WaNRRLY366_v02	Ascomycota:MATyl	JH119216.1	27609-35563	27609-35563	withheld:modelled_gene_bar	withheld:modelled_gene_bar	undetermined	undetermined														sla2	sla2		
GCA_000147375.2_WaNRRLY366_v02	Ascomycota:MATtub	JH119216.1	27609-35563	27609-35563	withheld:modelled_gene_bar	withheld:modelled_gene_bar	undetermined	undetermined														SLA2	SLA2		
GCA_000147375.2_WaNRRLY366_v02	Ascomycota:PM	JH119233.1	5969-11263	5969-11263	withheld:modelled_gene_bar	withheld:modelled_gene_bar	P	P														matPi	matPi		
GCA_000147375.2_WaNRRLY366_v02	Ascomycota:MTL	JH119233.1	5969-11263	5969-11263	withheld:modelled_gene_bar	withheld:modelled_gene_bar	alpha	alpha														MTLalpha1,MTLalpha2	MTLalpha1,MTLalpha2		
GCA_000147375.2_WaNRRLY366_v02	Ascomycota:MAT	JH119233.1	5969-11263	5969-11263	withheld:modelled_gene_bar	withheld:modelled_gene_bar	MAT1-1	MAT1-1														MAT1-1-1,SLA2	MAT1-1-1,SLA2		
GCA_000147375.2_WaNRRLY366_v02	Ascomycota:MATyl	JH119233.1	5969-11263	5969-11263	withheld:modelled_gene_bar	withheld:modelled_gene_bar	undetermined	undetermined														sla2	sla2		
GCA_000147375.2_WaNRRLY366_v02	Ascomycota:MATtub	JH119233.1	5969-11263	5969-11263	withheld:modelled_gene_bar	withheld:modelled_gene_bar	undetermined	undetermined														SLA2	SLA2		
GCA_000147375.2_WaNRRLY366_v02	Ascomycota:MTL	JH119243.1	32795-44217	32795-44217	withheld:modelled_gene_bar	withheld:modelled_gene_bar	alpha	alpha														MTLalpha1	MTLalpha1		
GCA_000147375.2_WaNRRLY366_v02	Ascomycota:MTL	JH119230.1	71386-82828	71386-82828	withheld:modelled_gene_bar	withheld:modelled_gene_bar	alpha	alpha														MTLalpha1	MTLalpha1		
GCA_000147375.2_WaNRRLY366_v02	Ascomycota:mat1	JH119222.1	105201-105599	105201-105599	withheld:modelled_gene_bar	withheld:modelled_gene_bar	M	M														mat1-Mc	mat1-Mc		
GCA_000147375.2_WaNRRLY366_v02	Ascomycota:PM	JH119222.1	105201-105599	105201-105599	withheld:modelled_gene_bar	withheld:modelled_gene_bar	M	M														matMc	matMc		
GCA_000147375.2_WaNRRLY366_v02	Ascomycota:mat2	JH119222.1	105201-105599	105201-105599	withheld:modelled_gene_bar	withheld:modelled_gene_bar	P	P														matPc	matPc		
GCA_000147375.2_WaNRRLY366_v02	Ascomycota:MATsc	JH119222.1	105201-105599	105201-105599	withheld:modelled_gene_bar	withheld:modelled_gene_bar	undetermined	undetermined														MATA2	MATA2		
GCA_000147375.2_WaNRRLY366_v02	Ascomycota:MATtub	JH119222.1	105201-105599	105201-105599	withheld:modelled_gene_bar	withheld:modelled_gene_bar	MAT1-2	MAT1-2														MAT1-2-1	MAT1-2-1		
GCA_000147375.2_WaNRRLY366_v02	Ascomycota:MAT	JH119222.1	105201-105599	105201-105599	withheld:modelled_gene_bar	withheld:modelled_gene_bar	MAT1-2	MAT1-2														MAT1-2-1	MAT1-2-1		
GCA_000147375.2_WaNRRLY366_v02	Ascomycota:MTL	JH119222.1	226301-230856	226301-230856	withheld:modelled_gene_bar	withheld:modelled_gene_bar	A	A														MTLA1	MTLA1		
GCA_000147375.2_WaNRRLY366_v02	Ascomycota:mat1	AEGI02001671.1	8479-8784	8479-8784	withheld:modelled_gene_bar	withheld:modelled_gene_bar	M	M														mat1-Mc	mat1-Mc		
GCA_000147375.2_WaNRRLY366_v02	Ascomycota:PM	AEGI02001671.1	8479-8784	8479-8784	withheld:modelled_gene_bar	withheld:modelled_gene_bar	M	M														matMc	matMc		
GCA_000147375.2_WaNRRLY366_v02	Ascomycota:mat2	AEGI02001671.1	8479-8784	8479-8784	withheld:modelled_gene_bar	withheld:modelled_gene_bar	P	P														matPc	matPc		
GCA_000147375.2_WaNRRLY366_v02	Ascomycota:MATsc	AEGI02001671.1	8479-8784	8479-8784	withheld:modelled_gene_bar	withheld:modelled_gene_bar	undetermined	undetermined														MATA2	MATA2		
GCA_000147375.2_WaNRRLY366_v02	Ascomycota:MATtub	AEGI02001671.1	8479-8784	8479-8784	withheld:modelled_gene_bar	withheld:modelled_gene_bar	MAT1-2	MAT1-2														MAT1-2-1	MAT1-2-1		
GCA_000147375.2_WaNRRLY366_v02	Ascomycota:MAT	AEGI02001671.1	8479-8784	8479-8784	withheld:modelled_gene_bar	withheld:modelled_gene_bar	MAT1-2	MAT1-2														MAT1-2-1	MAT1-2-1		
GCA_000147375.2_WaNRRLY366_v02	Ascomycota:MATsc	JH119240.1	122270-129362	122270-129362	withheld:modelled_gene_bar	withheld:modelled_gene_bar	undetermined	undetermined														MATALPHA2	MATALPHA2		
GCA_000147375.2_WaNRRLY366_v02	Ascomycota:mat1	JH119240.1	172838-173260	172838-173260	withheld:modelled_gene_bar	withheld:modelled_gene_bar	M	M														mat1-Mc	mat1-Mc		
GCA_000147375.2_WaNRRLY366_v02	Ascomycota:PM	JH119240.1	172838-173260	172838-173260	withheld:modelled_gene_bar	withheld:modelled_gene_bar	M	M														matMc	matMc		
GCA_000147375.2_WaNRRLY366_v02	Ascomycota:MATtub	JH119240.1	172838-173260	172838-173260	withheld:modelled_gene_bar	withheld:modelled_gene_bar	MAT1-2	MAT1-2														MAT1-2-1	MAT1-2-1		
GCA_000147375.2_WaNRRLY366_v02	Ascomycota:MAT	JH119240.1	172838-173260	172838-173260	withheld:modelled_gene_bar	withheld:modelled_gene_bar	MAT1-2	MAT1-2														MAT1-2-1	MAT1-2-1		
GCA_000147375.2_WaNRRLY366_v02	Ascomycota:MTL	JH119372.1	47053-47145	47053-47145	withheld:modelled_gene_bar	withheld:modelled_gene_bar	A	A														MTLA2	MTLA2		
GCA_000147375.2_WaNRRLY366_v02	Ascomycota:MTL	JH119242.1	22664-54484	22664-54484	withheld:modelled_gene_bar	withheld:modelled_gene_bar	A	A														MTLA1	MTLA1		
GCA_000147375.2_WaNRRLY366_v02	Ascomycota:MTL	JH119215.1	48743-70658	48743-70658	withheld:modelled_gene_bar	withheld:modelled_gene_bar	A	A														MTLA2,OBP1	MTLA2,OBP1		
GCA_000147375.2_WaNRRLY366_v02	Ascomycota:MATsc	JH119215.1	383346-383651	383346-383651	withheld:modelled_gene_bar	withheld:modelled_gene_bar	undetermined	undetermined														MATA2	MATA2		
GCA_000147375.2_WaNRRLY366_v02	Ascomycota:MAT	JH119399.1	4-33111	4-33111	withheld:modelled_gene_bar+polish_capped	withheld:modelled_gene_bar+polish_capped	MAT1-2	MAT1-2														COX13,MAT1-2-1	COX13,MAT1-2-1		
GCA_000147375.2_WaNRRLY366_v02	Ascomycota:mat1	JH119305.1	23831-24211	23831-24211	withheld:modelled_gene_bar	withheld:modelled_gene_bar	M	M														mat1-Mc	mat1-Mc		
GCA_000147375.2_WaNRRLY366_v02	Ascomycota:PM	JH119305.1	23831-24211	23831-24211	withheld:modelled_gene_bar	withheld:modelled_gene_bar	M	M														matMc	matMc		
GCA_000147375.2_WaNRRLY366_v02	Ascomycota:MAT	JH119305.1	23831-24211	23831-24211	withheld:modelled_gene_bar	withheld:modelled_gene_bar	MAT1-2	MAT1-2														MAT1-2-1	MAT1-2-1		
GCA_000147375.2_WaNRRLY366_v02	Ascomycota:mat1	JH119339.1	36523-38064	36523-38064	withheld:modelled_gene_bar	withheld:modelled_gene_bar	M	M														mat1-Mc	mat1-Mc		
GCA_000147375.2_WaNRRLY366_v02	Ascomycota:PM	JH119339.1	36523-38064	36523-38064	withheld:modelled_gene_bar	withheld:modelled_gene_bar	M	M														matMc	matMc		
GCA_000147375.2_WaNRRLY366_v02	Ascomycota:MAT	JH119339.1	36523-38064	36523-38064	withheld:modelled_gene_bar	withheld:modelled_gene_bar	MAT1-2	MAT1-2														MAT1-2-1	MAT1-2-1		
GCA_000147375.2_WaNRRLY366_v02	Ascomycota:PM	JH119458.1	2333-23863	2333-23863	withheld:modelled_gene_bar	withheld:modelled_gene_bar	P	P														matPi	matPi		
GCA_000147375.2_WaNRRLY366_v02	Ascomycota:MATsc	JH119229.1	83440-83562	83440-83562	withheld:modelled_gene_bar	withheld:modelled_gene_bar	undetermined	undetermined														MATALPHA2	MATALPHA2		
GCA_000147375.2_WaNRRLY366_v02	Ascomycota:MAT	JH119229.1	126496-153895	126496-153895	withheld:modelled_gene_bar+polish_capped	withheld:modelled_gene_bar+polish_capped	MAT1-2	MAT1-2														APN2,MAT1-2-1	APN2,MAT1-2-1		
GCA_000147375.2_WaNRRLY366_v02	Ascomycota:MATsc	JH119264.1	10024-10146	10024-10146	withheld:modelled_gene_bar	withheld:modelled_gene_bar	undetermined	undetermined														MATALPHA2	MATALPHA2		
GCA_000147375.2_WaNRRLY366_v02	Ascomycota:MAT	AEGI02001654.1	8002-9602	8002-9602	withheld:modelled_gene_bar	withheld:modelled_gene_bar	MAT1-2	MAT1-2														APN2,MAT1-2-1	APN2,MAT1-2-1		
GCA_000147375.2_WaNRRLY366_v02	Ascomycota:MAT	AEGI02001655.1	7995-9595	7995-9595	withheld:modelled_gene_bar	withheld:modelled_gene_bar	MAT1-2	MAT1-2														APN2,MAT1-2-1	APN2,MAT1-2-1		
GCA_000147375.2_WaNRRLY366_v02	Ascomycota:MAT	JH119352.1	2179-19012	2179-19012	withheld:modelled_gene_bar+polish_capped	withheld:modelled_gene_bar+polish_capped	MAT1-2	MAT1-2														APN2,MAT1-2-1	APN2,MAT1-2-1		
GCA_000147375.2_WaNRRLY366_v02	Ascomycota:PM	JH119352.1	2179-19012	2179-19012	withheld:modelled_gene_bar	withheld:modelled_gene_bar	M	M														matMc	matMc		
GCA_000147375.2_WaNRRLY366_v02	Ascomycota:MATsc	JH119270.1	40000-40089	40000-40089	withheld:modelled_gene_bar	withheld:modelled_gene_bar	MATa	MATa														MATA1	MATA1		
GCA_000147375.2_WaNRRLY366_v02	Ascomycota:MATsc	JH119270.1	91399-92779	91399-92779	withheld:modelled_gene_bar	withheld:modelled_gene_bar	MATalpha	MATalpha														MATALPHA1	MATALPHA1		
GCA_000147375.2_WaNRRLY366_v02	Ascomycota:MAT	JH119221.1	23981-41340	23981-41340	withheld:modelled_gene_bar+polish_capped	withheld:modelled_gene_bar+polish_capped	MAT1-1	MAT1-1														MAT1-1-1,SLA2	MAT1-1-1,SLA2		
GCA_000147375.2_WaNRRLY366_v02	Ascomycota:MATsc	JH119219.1	97425-97628	97425-97628	withheld:modelled_gene_bar	withheld:modelled_gene_bar	MATalpha	MATalpha														MATALPHA1	MATALPHA1		
GCA_000147375.2_WaNRRLY366_v02	Ascomycota:mat2	JH119219.1	213179-213286	213179-213286	withheld:modelled_gene_bar	withheld:modelled_gene_bar	P	P														matPi	matPi		
GCA_000147375.2_WaNRRLY366_v02	Ascomycota:mat2	JH119218.1	213753-213860	213753-213860	withheld:modelled_gene_bar	withheld:modelled_gene_bar	P	P														matPi	matPi		
GCA_000147375.2_WaNRRLY366_v02	Ascomycota:MAT	JH119490.1	9602-20977	9602-20977	withheld:modelled_gene_bar+polish_capped	withheld:modelled_gene_bar+polish_capped	MAT1-2	MAT1-2														APN2,MAT1-2-1	APN2,MAT1-2-1		
GCA_000147375.2_WaNRRLY366_v02	Ascomycota:mat1	AEGI02001262.1	8447-25809	8447-25809	withheld:modelled_gene_bar	withheld:modelled_gene_bar	M	M														mat1-Mi	mat1-Mi		
GCA_000147375.2_WaNRRLY366_v02	Ascomycota:mat1	JH119226.1	113925-148835	113925-148835	withheld:modelled_gene_bar	withheld:modelled_gene_bar	M	M														mat1-Mc	mat1-Mc		
GCA_000147375.2_WaNRRLY366_v02	Ascomycota:mat1	JH119248.1	17508-17867	17508-17867	withheld:modelled_gene_bar	withheld:modelled_gene_bar	M	M														mat1-Mc	mat1-Mc		
GCA_000147375.2_WaNRRLY366_v02	Ascomycota:MTL	JH119337.1	15113-39211	15113-39211	withheld:modelled_gene_bar	withheld:modelled_gene_bar	A	A														MTLA1	MTLA1		
GCA_000147375.2_WaNRRLY366_v02	Ascomycota:MATsc	JH119365.1	3248-3460	3248-3460	withheld:modelled_gene_bar	withheld:modelled_gene_bar	MATalpha	MATalpha														MATALPHA1	MATALPHA1		
GCA_000147375.2_WaNRRLY366_v02	Ascomycota:PM	JH119237.1	147696-148232	147696-148232	withheld:modelled_gene_bar	withheld:modelled_gene_bar	P	P														matPi	matPi		
GCA_000147375.2_WaNRRLY366_v02	Ascomycota:MTL	JH119374.1	48088-48366	48088-48366	withheld:modelled_gene_bar	withheld:modelled_gene_bar	alpha	alpha														MTLalpha1	MTLalpha1		
GCA_000147375.2_WaNRRLY366_v02	Ascomycota:MTL	JH119258.1	84338-84538	84338-84538	withheld:modelled_gene_bar	withheld:modelled_gene_bar	A	A														MTLA1	MTLA1		
GCA_000147375.2_WaNRRLY366_v02	Ascomycota:mat1	AEGI02001526.1	7408-15698	7408-15698	withheld:modelled_gene_bar	withheld:modelled_gene_bar	P	P														mat1-Pc	mat1-Pc		
GCA_000147375.2_WaNRRLY366_v02	Ascomycota:MATsc	AEGI02001526.1	7408-15698	7408-15698	withheld:modelled_gene_bar	withheld:modelled_gene_bar	MATa	MATa														MATA1	MATA1		
GCA_000147375.2_WaNRRLY366_v02	Ascomycota:MAT	AEGI02001526.1	7408-15698	7408-15698	withheld:modelled_gene_bar	withheld:modelled_gene_bar	MAT1-2	MAT1-2														MAT1-2-1	MAT1-2-1		
GCA_000147375.2_WaNRRLY366_v02	Ascomycota:MATsc	AEGI02001523.1	14619-15844	14619-15844	withheld:modelled_gene_bar	withheld:modelled_gene_bar	MATa	MATa														MATA1	MATA1		
GCA_000147375.2_WaNRRLY366_v02	Ascomycota:PM	JH119253.1	19580-26145	19580-26145	withheld:modelled_gene_bar	withheld:modelled_gene_bar	P	P														matPi	matPi		
GCA_000147375.2_WaNRRLY366_v02	Ascomycota:PM	JH119358.1	26897-53500	26897-53500	withheld:modelled_gene_bar	withheld:modelled_gene_bar	P	P														matPi	matPi		
GCA_000147375.2_WaNRRLY366_v02	Ascomycota:MTL	JH119358.1	26897-53500	26897-53500	withheld:modelled_gene_bar	withheld:modelled_gene_bar	alpha	alpha														MTLalpha1	MTLalpha1		
GCA_000147375.2_WaNRRLY366_v02	Ascomycota:MAT	JH119358.1	26897-53500	26897-53500	withheld:modelled_gene_bar	withheld:modelled_gene_bar	MAT1-1	MAT1-1														MAT1-1-4	MAT1-1-4		
GCA_000147375.2_WaNRRLY366_v02	Ascomycota:MATsc	JH119249.1	32985-35397	32985-35397	withheld:modelled_gene_bar	withheld:modelled_gene_bar	MATalpha	MATalpha														MATALPHA1	MATALPHA1		
GCA_000147375.2_WaNRRLY366_v02	Ascomycota:MATsc	JH119223.1	118878-121284	118878-121284	withheld:modelled_gene_bar	withheld:modelled_gene_bar	MATalpha	MATalpha														MATALPHA1	MATALPHA1		
GCA_000147375.2_WaNRRLY366_v02	Ascomycota:PM	JH119326.1	42737-58235	42737-58235	withheld:modelled_gene_bar	withheld:modelled_gene_bar	P	P														matPi	matPi		
GCA_000147375.2_WaNRRLY366_v02	Ascomycota:MTL	AEGI02001897.1	2144-2482	2144-2482	withheld:modelled_gene_bar	withheld:modelled_gene_bar	A	A														MTLA1	MTLA1		
GCA_000147375.2_WaNRRLY366_v02	Ascomycota:mat1	JH119278.1	53414-53515	53414-53515	withheld:modelled_gene_bar	withheld:modelled_gene_bar	M	M														mat1-Mi	mat1-Mi		
GCA_000147375.2_WaNRRLY366_v02	Ascomycota:MTL	JH119382.1	11806-28268	11806-28268	withheld:modelled_gene_bar	withheld:modelled_gene_bar	alpha	alpha														MTLalpha1	MTLalpha1		
GCA_000147375.2_WaNRRLY366_v02	Ascomycota:mat1	JH119382.1	11806-28268	11806-28268	withheld:modelled_gene_bar	withheld:modelled_gene_bar	M	M														mat1-Mi	mat1-Mi		
GCA_000147375.2_WaNRRLY366_v02	Ascomycota:MAT	JH119382.1	11806-28268	11806-28268	withheld:modelled_gene_bar	withheld:modelled_gene_bar	MAT1-1	MAT1-1														MAT1-1-1	MAT1-1-1		
GCA_000147375.2_WaNRRLY366_v02	Ascomycota:PM	JH119261.1	46227-69698	46227-69698	withheld:modelled_gene_bar	withheld:modelled_gene_bar	M	M														matMc	matMc		
GCA_000147375.2_WaNRRLY366_v02	Ascomycota:MATsc	JH119261.1	46227-69698	46227-69698	withheld:modelled_gene_bar	withheld:modelled_gene_bar	MATa	MATa														MATA1	MATA1		
GCA_000147375.2_WaNRRLY366_v02	Ascomycota:MTL	JH119261.1	46227-69698	46227-69698	withheld:modelled_gene_bar	withheld:modelled_gene_bar	undetermined	undetermined														OBP1	OBP1		
GCA_000147375.2_WaNRRLY366_v02	Ascomycota:MATtub	JH119261.1	46227-69698	46227-69698	withheld:modelled_gene_bar	withheld:modelled_gene_bar	undetermined	undetermined														APN2	APN2		
GCA_000147375.2_WaNRRLY366_v02	Ascomycota:mat1	JH119220.1	170825-175719	170825-175719	withheld:modelled_gene_bar	withheld:modelled_gene_bar	M	M														mat1-Mc	mat1-Mc		
GCA_000147375.2_WaNRRLY366_v02	Ascomycota:PM	JH119220.1	170825-175719	170825-175719	withheld:modelled_gene_bar	withheld:modelled_gene_bar	M	M														matMc	matMc		
GCA_000147375.2_WaNRRLY366_v02	Ascomycota:mat2	JH119220.1	170825-175719	170825-175719	withheld:modelled_gene_bar	withheld:modelled_gene_bar	P	P														matPc	matPc		
GCA_000147375.2_WaNRRLY366_v02	Ascomycota:MATtub	JH119220.1	170825-175719	170825-175719	withheld:modelled_gene_bar	withheld:modelled_gene_bar	MAT1-2	MAT1-2														MAT1-1-1,MAT1-2-1	MAT1-1-1,MAT1-2-1		
GCA_000147375.2_WaNRRLY366_v02	Ascomycota:MAT	JH119220.1	170825-175719	170825-175719	withheld:modelled_gene_bar	withheld:modelled_gene_bar	MAT1-2	MAT1-2														MAT1-2-1	MAT1-2-1		
GCA_000147375.2_WaNRRLY366_v02	Ascomycota:mat2	JH119513.1	12743-15401	12743-15401	withheld:modelled_gene_bar	withheld:modelled_gene_bar	P	P														matPc	matPc		
GCA_000147375.2_WaNRRLY366_v02	Ascomycota:PM	JH119265.1	78010-78159	78010-78159	withheld:modelled_gene_bar	withheld:modelled_gene_bar	P	P														matPi	matPi		
GCA_000147375.2_WaNRRLY366_v02	Ascomycota:MTL	JH119306.1	27190-48702	27190-48702	withheld:modelled_gene_bar	withheld:modelled_gene_bar	alpha	alpha														MTLalpha1	MTLalpha1		
GCA_000147375.2_WaNRRLY366_v02	Ascomycota:PM	JH119347.1	52154-52432	52154-52432	withheld:modelled_gene_bar	withheld:modelled_gene_bar	P	P														matPi	matPi		
GCA_000147375.2_WaNRRLY366_v02	Ascomycota:mat1	JH119347.1	52154-52432	52154-52432	withheld:modelled_gene_bar	withheld:modelled_gene_bar	P	P														mat1-Pi	mat1-Pi		
GCA_000147375.2_WaNRRLY366_v02	Ascomycota:mat2	JH119347.1	52154-52432	52154-52432	withheld:modelled_gene_bar	withheld:modelled_gene_bar	P	P														matPi	matPi		
GCA_000147375.2_WaNRRLY366_v02	Ascomycota:MATsc	JH119347.1	52154-52432	52154-52432	withheld:modelled_gene_bar	withheld:modelled_gene_bar	undetermined	undetermined														MATALPHA2	MATALPHA2		
GCA_000147375.2_WaNRRLY366_v02	Ascomycota:MTL	JH119347.1	52154-52432	52154-52432	withheld:modelled_gene_bar	withheld:modelled_gene_bar	A	A														MTLA1	MTLA1		
GCA_000147375.2_WaNRRLY366_v02	Ascomycota:MATyl	JH119347.1	52154-52432	52154-52432	withheld:modelled_gene_bar	withheld:modelled_gene_bar	A	A														mata1	mata1		
GCA_000147375.2_WaNRRLY366_v02	Ascomycota:PM	JH119239.1	90341-90601	90341-90601	withheld:modelled_gene_bar	withheld:modelled_gene_bar	P	P														matPi	matPi		
GCA_000147375.2_WaNRRLY366_v02	Ascomycota:mat1	JH119239.1	90341-90601	90341-90601	withheld:modelled_gene_bar	withheld:modelled_gene_bar	P	P														mat1-Pi	mat1-Pi		
GCA_000147375.2_WaNRRLY366_v02	Ascomycota:mat2	JH119239.1	90341-90601	90341-90601	withheld:modelled_gene_bar	withheld:modelled_gene_bar	P	P														matPi	matPi		
GCA_000147375.2_WaNRRLY366_v02	Ascomycota:MATsc	JH119239.1	90341-90601	90341-90601	withheld:modelled_gene_bar	withheld:modelled_gene_bar	undetermined	undetermined														MATALPHA2	MATALPHA2		
GCA_000147375.2_WaNRRLY366_v02	Ascomycota:MTL	JH119239.1	90341-90601	90341-90601	withheld:modelled_gene_bar	withheld:modelled_gene_bar	A	A														MTLA1	MTLA1		
GCA_000147375.2_WaNRRLY366_v02	Ascomycota:MATyl	JH119239.1	90341-90601	90341-90601	withheld:modelled_gene_bar	withheld:modelled_gene_bar	A	A														mata1	mata1		
GCA_000147375.2_WaNRRLY366_v02	Ascomycota:PM	JH119335.1	66258-66491	66258-66491	withheld:modelled_gene_bar	withheld:modelled_gene_bar	P	P														matPi	matPi		
GCA_000147375.2_WaNRRLY366_v02	Ascomycota:mat1	JH119335.1	66258-66491	66258-66491	withheld:modelled_gene_bar	withheld:modelled_gene_bar	P	P														mat1-Pi	mat1-Pi		
GCA_000147375.2_WaNRRLY366_v02	Ascomycota:mat2	JH119335.1	66258-66491	66258-66491	withheld:modelled_gene_bar	withheld:modelled_gene_bar	P	P														matPi	matPi		
GCA_000147375.2_WaNRRLY366_v02	Ascomycota:MATsc	JH119335.1	66258-66491	66258-66491	withheld:modelled_gene_bar	withheld:modelled_gene_bar	undetermined	undetermined														MATALPHA2	MATALPHA2		
GCA_000147375.2_WaNRRLY366_v02	Ascomycota:MTL	JH119335.1	66258-66491	66258-66491	withheld:modelled_gene_bar	withheld:modelled_gene_bar	alpha	alpha														MTLalpha2	MTLalpha2		
GCA_000147375.2_WaNRRLY366_v02	Ascomycota:PM	JH119336.1	65895-66128	65895-66128	withheld:modelled_gene_bar	withheld:modelled_gene_bar	P	P														matPi	matPi		
GCA_000147375.2_WaNRRLY366_v02	Ascomycota:mat1	JH119336.1	65895-66128	65895-66128	withheld:modelled_gene_bar	withheld:modelled_gene_bar	P	P														mat1-Pi	mat1-Pi		
GCA_000147375.2_WaNRRLY366_v02	Ascomycota:mat2	JH119336.1	65895-66128	65895-66128	withheld:modelled_gene_bar	withheld:modelled_gene_bar	P	P														matPi	matPi		
GCA_000147375.2_WaNRRLY366_v02	Ascomycota:MATsc	JH119336.1	65895-66128	65895-66128	withheld:modelled_gene_bar	withheld:modelled_gene_bar	undetermined	undetermined														MATALPHA2	MATALPHA2		
GCA_000147375.2_WaNRRLY366_v02	Ascomycota:MTL	JH119336.1	65895-66128	65895-66128	withheld:modelled_gene_bar	withheld:modelled_gene_bar	alpha	alpha														MTLalpha2	MTLalpha2		
GCA_000147375.2_WaNRRLY366_v02	Ascomycota:PM	JH119407.1	22680-22814	22680-22814	withheld:modelled_gene_bar	withheld:modelled_gene_bar	P	P														matPi	matPi		
GCA_000147375.2_WaNRRLY366_v02	Ascomycota:PM	JH119564.1	3606-3764	3606-3764	withheld:modelled_gene_bar	withheld:modelled_gene_bar	P	P														matPi	matPi		
GCA_000147375.2_WaNRRLY366_v02	Ascomycota:PM	JH119569.1	3893-4051	3893-4051	withheld:modelled_gene_bar	withheld:modelled_gene_bar	P	P														matPi	matPi		
GCA_000147375.2_WaNRRLY366_v02	Ascomycota:PM	JH119235.1	148507-149043	148507-149043	withheld:modelled_gene_bar	withheld:modelled_gene_bar	P	P														matPi	matPi		
GCA_000147375.2_WaNRRLY366_v02	Ascomycota:PM	JH119394.1	17352-17465	17352-17465	withheld:modelled_gene_bar	withheld:modelled_gene_bar	M	M														matMc	matMc		
GCA_000147375.2_WaNRRLY366_v02	Ascomycota:PM	JH119263.1	17439-30475	17439-30475	withheld:modelled_gene_bar	withheld:modelled_gene_bar	M	M														matMc	matMc		
GCA_000147375.2_WaNRRLY366_v02	Ascomycota:MATsc	JH119263.1	17439-30475	17439-30475	withheld:modelled_gene_bar	withheld:modelled_gene_bar	undetermined	undetermined														MATALPHA2	MATALPHA2		
GCA_000147375.2_WaNRRLY366_v02	Ascomycota:MATsc	JH119263.1	122210-122425	122210-122425	withheld:modelled_gene_bar	withheld:modelled_gene_bar	MATalpha	MATalpha														MATALPHA1	MATALPHA1		
GCA_000147375.2_WaNRRLY366_v02	Ascomycota:PM	JH119315.1	7080-7208	7080-7208	withheld:modelled_gene_bar	withheld:modelled_gene_bar	M	M														matMc	matMc		
GCA_000147375.2_WaNRRLY366_v02	Ascomycota:MATsc	JH119315.1	53541-53816	53541-53816	withheld:modelled_gene_bar	withheld:modelled_gene_bar	MATalpha	MATalpha														MATALPHA1	MATALPHA1		
GCA_000147375.2_WaNRRLY366_v02	Ascomycota:PM	JH119428.1	1400-18505	1400-18505	withheld:modelled_gene_bar	withheld:modelled_gene_bar	M	M														matMc	matMc		
GCA_000147375.2_WaNRRLY366_v02	Ascomycota:MTL	JH119428.1	1400-18505	1400-18505	withheld:modelled_gene_bar	withheld:modelled_gene_bar	A	A														MTLA1	MTLA1		
GCA_000147375.2_WaNRRLY366_v02	Ascomycota:MAT	JH119428.1	1400-18505	1400-18505	withheld:modelled_gene_bar	withheld:modelled_gene_bar	MAT1-1	MAT1-1														MAT1-1-2	MAT1-1-2		
GCA_000147375.2_WaNRRLY366_v02	Ascomycota:PM	AEGI02001448.1	26689-26802	26689-26802	withheld:modelled_gene_bar	withheld:modelled_gene_bar	M	M														matMi	matMi		
GCA_000147375.2_WaNRRLY366_v02	Ascomycota:PM	JH119254.1	84217-95344	84217-95344	withheld:modelled_gene_bar	withheld:modelled_gene_bar	M	M														matMc	matMc		
GCA_000147375.2_WaNRRLY366_v02	Ascomycota:MATsc	JH119310.1	24978-25253	24978-25253	withheld:modelled_gene_bar	withheld:modelled_gene_bar	MATalpha	MATalpha														MATALPHA1	MATALPHA1		
GCA_000147375.2_WaNRRLY366_v02	Ascomycota:MATsc	JH119224.1	110827-110943	110827-110943	withheld:modelled_gene_bar	withheld:modelled_gene_bar	undetermined	undetermined														MATALPHA2	MATALPHA2		
GCA_000147375.2_WaNRRLY366_v02	Ascomycota:MATsc	JH119227.1	98013-98129	98013-98129	withheld:modelled_gene_bar	withheld:modelled_gene_bar	undetermined	undetermined														MATALPHA2	MATALPHA2		
GCA_000147375.2_WaNRRLY366_v02	Ascomycota:MATsc	JH119375.1	51765-52019	51765-52019	withheld:modelled_gene_bar	withheld:modelled_gene_bar	MATalpha	MATalpha														MATALPHA1	MATALPHA1		
GCA_000147375.2_WaNRRLY366_v02	Ascomycota:MATsc	JH119378.1	707-961	707-961	withheld:modelled_gene_bar	withheld:modelled_gene_bar	MATalpha	MATalpha														MATALPHA1	MATALPHA1		
GCA_000147375.2_WaNRRLY366_v02	Ascomycota:MATsc	JH119385.1	35164-35358	35164-35358	withheld:modelled_gene_bar	withheld:modelled_gene_bar	MATalpha	MATalpha														MATALPHA1	MATALPHA1		
GCA_000147375.2_WaNRRLY366_v02	Ascomycota:MATsc	JH119274.1	13643-13837	13643-13837	withheld:modelled_gene_bar	withheld:modelled_gene_bar	MATalpha	MATalpha														MATALPHA1	MATALPHA1		
GCA_000147375.2_WaNRRLY366_v02	Ascomycota:MTL	JH119274.1	48929-112693	48929-112693	withheld:modelled_gene_bar	withheld:modelled_gene_bar	A	A														MTLA1,MTLalpha1	MTLA1,MTLalpha1		
GCA_000147375.2_WaNRRLY366_v02	Ascomycota:MATsc	JH119274.1	48929-112693	48929-112693	withheld:modelled_gene_bar	withheld:modelled_gene_bar	MATa	MATa														MATA1	MATA1		
GCA_000147375.2_WaNRRLY366_v02	Ascomycota:MATyl	JH119274.1	48929-112693	48929-112693	withheld:modelled_gene_bar	withheld:modelled_gene_bar	A	A														mata2	mata2		
GCA_000147375.2_WaNRRLY366_v02	Ascomycota:MATsc	AEGI02001396.1	5910-6050	5910-6050	withheld:modelled_gene_bar	withheld:modelled_gene_bar	undetermined	undetermined														MATALPHA2	MATALPHA2		
GCA_000147375.2_WaNRRLY366_v02	Ascomycota:MATsc	AEGI02001395.1	5900-6040	5900-6040	withheld:modelled_gene_bar	withheld:modelled_gene_bar	undetermined	undetermined														MATALPHA2	MATALPHA2		
GCA_000147375.2_WaNRRLY366_v02	Ascomycota:MATsc	JH119463.1	5700-5909	5700-5909	withheld:modelled_gene_bar	withheld:modelled_gene_bar	undetermined	undetermined														MATALPHA2	MATALPHA2		
GCA_000147375.2_WaNRRLY366_v02	Ascomycota:MATsc	JH119471.1	3666-3830	3666-3830	withheld:modelled_gene_bar	withheld:modelled_gene_bar	MATa	MATa														MATA1	MATA1		
GCA_000147375.2_WaNRRLY366_v02	Ascomycota:MTL	JH119493.1	2248-16884	2248-16884	withheld:modelled_gene_bar	withheld:modelled_gene_bar	alpha	alpha														MTLalpha1	MTLalpha1		
GCA_000147375.2_WaNRRLY366_v02	Ascomycota:MATsc	JH119493.1	2248-16884	2248-16884	withheld:modelled_gene_bar	withheld:modelled_gene_bar	MATa	MATa														MATA1	MATA1		
GCA_000147375.2_WaNRRLY366_v02	Ascomycota:PM	JH119268.1	63397-85948	63397-85948	withheld:modelled_gene_bar	withheld:modelled_gene_bar	M	M														matMc	matMc		
GCA_000147375.2_WaNRRLY366_v02	Ascomycota:MATsc	JH119268.1	63397-85948	63397-85948	withheld:modelled_gene_bar	withheld:modelled_gene_bar	MATa	MATa														MATA1	MATA1		
GCA_000147375.2_WaNRRLY366_v02	Ascomycota:MATyl	JH119268.1	63397-85948	63397-85948	withheld:modelled_gene_bar	withheld:modelled_gene_bar	A	A														mata2	mata2		
GCA_000147375.2_WaNRRLY366_v02	Ascomycota:MTL	JH119268.1	63397-85948	63397-85948	withheld:modelled_gene_bar	withheld:modelled_gene_bar	undetermined	undetermined														OBP1	OBP1		
GCA_000147375.2_WaNRRLY366_v02	Ascomycota:MATsc	JH119507.1	8992-9087	8992-9087	withheld:modelled_gene_bar	withheld:modelled_gene_bar	MATalpha	MATalpha														MATALPHA1	MATALPHA1		
GCA_000147375.2_WaNRRLY366_v02	Ascomycota:MATsc	JH119429.1	23439-23534	23439-23534	withheld:modelled_gene_bar	withheld:modelled_gene_bar	MATalpha	MATalpha														MATALPHA1	MATALPHA1		
GCA_000147375.2_WaNRRLY366_v02	Ascomycota:MTL	AEGI02001814.1	4166-4282	4166-4282	withheld:modelled_gene_bar	withheld:modelled_gene_bar	alpha	alpha														MTLalpha1	MTLalpha1		
GCA_000147375.2_WaNRRLY366_v02	Ascomycota:MTL	JH119367.1	1261-1383	1261-1383	withheld:modelled_gene_bar	withheld:modelled_gene_bar	alpha	alpha														MTLalpha1	MTLalpha1		
GCA_000147375.2_WaNRRLY366_v02	Ascomycota:MTL	AEGI02001681.1	9693-9809	9693-9809	withheld:modelled_gene_bar	withheld:modelled_gene_bar	alpha	alpha														MTLalpha1	MTLalpha1		
GCA_000147375.2_WaNRRLY366_v02	Ascomycota:MTL	JH119481.1	19226-19504	19226-19504	withheld:modelled_gene_bar	withheld:modelled_gene_bar	alpha	alpha														MTLalpha1	MTLalpha1		
GCA_000147375.2_WaNRRLY366_v02	Ascomycota:MTL	AEGI02001832.1	2978-3241	2978-3241	withheld:modelled_gene_bar	withheld:modelled_gene_bar	A	A														MTLA1	MTLA1		
GCA_000147375.2_WaNRRLY366_v02	Ascomycota:MTL	JH119295.1	21195-35971	21195-35971	withheld:modelled_gene_bar	withheld:modelled_gene_bar	A	A														MTLA1,PAP1	MTLA1,PAP1		
GCA_000147375.2_WaNRRLY366_v02	Ascomycota:MTL	JH119297.1	35855-35950	35855-35950	withheld:modelled_gene_bar	withheld:modelled_gene_bar	A	A														MTLA1	MTLA1		
GCA_000147375.2_WaNRRLY366_v02	Ascomycota:mat1	JH119244.1	154492-154587	154492-154587	withheld:modelled_gene_bar	withheld:modelled_gene_bar	M	M														mat1-Mi	mat1-Mi		
GCA_000147375.2_WaNRRLY366_v02	Ascomycota:mat2	JH119434.1	8053-8250	8053-8250	withheld:modelled_gene_bar	withheld:modelled_gene_bar	P	P														matPc	matPc		
GCA_000147375.2_WaNRRLY366_v02	Ascomycota:mat2	AEGI02001527.1	2138-2335	2138-2335	withheld:modelled_gene_bar	withheld:modelled_gene_bar	P	P														matPc	matPc		
GCA_000147375.2_WaNRRLY366_v02	Ascomycota:mat2	AEGI02001738.1	1821-2051	1821-2051	withheld:modelled_gene_bar	withheld:modelled_gene_bar	P	P														matPi	matPi		
GCA_000147375.2_WaNRRLY366_v02	Ascomycota:mat2	AEGI02001739.1	1819-1962	1819-1962	withheld:modelled_gene_bar	withheld:modelled_gene_bar	P	P														matPi	matPi		
GCA_000147375.2_WaNRRLY366_v02	Ascomycota:PM	JH119236.1	90719-90838	90719-90838	withheld:modelled_gene_bar	withheld:modelled_gene_bar	P	P														matPi	matPi		
GCA_000147375.2_WaNRRLY366_v02	Ascomycota:MTL	AEGI02001857.1	3551-3676	3551-3676	withheld:modelled_gene_bar	withheld:modelled_gene_bar	A	A														MTLA2	MTLA2		
GCA_000147375.2_WaNRRLY366_v02	Ascomycota:MTL	AEGI02001856.1	3558-3683	3558-3683	withheld:modelled_gene_bar	withheld:modelled_gene_bar	A	A														MTLA2	MTLA2		
GCA_000147375.2_WaNRRLY366_v02	Ascomycota:MTL	JH119464.1	9345-9656	9345-9656	withheld:modelled_gene_bar	withheld:modelled_gene_bar	alpha	alpha														MTLalpha1	MTLalpha1		
GCA_000147375.2_WaNRRLY366_v02	Ascomycota:MTL	JH119304.1	85434-85547	85434-85547	withheld:modelled_gene_bar	withheld:modelled_gene_bar	alpha	alpha														MTLalpha1	MTLalpha1		
GCA_000147375.2_WaNRRLY366_v02	Ascomycota:MTL	JH119409.1	2611-8799	2611-8799	withheld:modelled_gene_bar	withheld:modelled_gene_bar	A	A														MTLA1	MTLA1		
GCA_000147375.2_WaNRRLY366_v02	Ascomycota:MTL	AEGI02001630.1	8971-9090	8971-9090	withheld:modelled_gene_bar	withheld:modelled_gene_bar	A	A														MTLA1	MTLA1		
GCA_000147375.2_WaNRRLY366_v02	Ascomycota:PM	JH119348.1	41419-41595	41419-41595	withheld:modelled_gene_bar	withheld:modelled_gene_bar	P	P														matPi	matPi		
GCA_000147375.2_WaNRRLY366_v02	Ascomycota:PM	JH119241.1	113037-113474	113037-113474	withheld:modelled_gene_bar	withheld:modelled_gene_bar	P	P														matPi	matPi		
GCA_000147375.2_WaNRRLY366_v02	Ascomycota:PM	JH119329.1	17054-17194	17054-17194	withheld:modelled_gene_bar	withheld:modelled_gene_bar	P	P														matPi	matPi		
GCA_000147375.2_WaNRRLY366_v02	Ascomycota:PM	JH119329.1	43896-44117	43896-44117	withheld:modelled_gene_bar	withheld:modelled_gene_bar	M	M														matMc	matMc		
GCA_000147375.2_WaNRRLY366_v02	Ascomycota:PM	JH119386.1	4639-4860	4639-4860	withheld:modelled_gene_bar	withheld:modelled_gene_bar	M	M														matMc	matMc		
GCA_000147375.2_WaNRRLY366_v02	Ascomycota:PM	JH119386.1	31558-31698	31558-31698	withheld:modelled_gene_bar	withheld:modelled_gene_bar	P	P														matPi	matPi		
GCA_000498155.1_1.0	Ascomycota:MAT	AXZN01000055.1	110965-136999	110965-136999	called	called	MAT1-2	MAT1-2	medium	medium	mat_locus	mat_locus										APN2,COX13,MAT1-1-4,MAT1-2-1	APN2,COX13,MAT1-1-4,MAT1-2-1		
GCA_000498155.1_1.0	Ascomycota:MAT	AXZN01000024.1	110541-131574	110541-131574	withheld:modelled_gene_bar+polish_capped	withheld:modelled_gene_bar+polish_capped	MAT1-2	MAT1-2														COX13,MAT1-2-1	COX13,MAT1-2-1		
GCA_000498155.1_1.0	Ascomycota:MAT	AXZN01000053.1	179120-185390	179120-185390	withheld:modelled_gene_bar+polish_capped	withheld:modelled_gene_bar+polish_capped	MAT1-2	MAT1-2														MAT1-2-1,SLA2	MAT1-2-1,SLA2		
GCA_000498155.1_1.0	Ascomycota:MAT	AXZN01000015.1	253280-277760	253280-277760	withheld:modelled_gene_bar	withheld:modelled_gene_bar	MAT1-1	MAT1-1														APN2,MAT1-1-1	APN2,MAT1-1-1		
GCA_000498155.1_1.0	Ascomycota:MAT	AXZN01000042.1	390739-392962	390739-392962	withheld:modelled_gene_bar+polish_capped	withheld:modelled_gene_bar+polish_capped	MAT1-1	MAT1-1														APN2,MAT1-1-1	APN2,MAT1-1-1		
GCA_000498155.1_1.0	Ascomycota:MAT	AXZN01000012.1	105630-132811	105630-132811	withheld:modelled_gene_bar	withheld:modelled_gene_bar	MAT1-1	MAT1-1														APN2,COX13,MAT1-1-1	APN2,COX13,MAT1-1-1		
GCA_000498155.1_1.0	Ascomycota:MAT	AXZN01000030.1	308625-325003	308625-325003	withheld:modelled_gene_bar+polish_capped	withheld:modelled_gene_bar+polish_capped	MAT1-2	MAT1-2														COX13,MAT1-2-1	COX13,MAT1-2-1		
GCA_000498155.1_1.0	Ascomycota:MAT	AXZN01000027.1	324291-333876	324291-333876	withheld:modelled_gene_bar+polish_capped	withheld:modelled_gene_bar+polish_capped	MAT1-2	MAT1-2														APN2,MAT1-2-1	APN2,MAT1-2-1		
GCA_000498155.1_1.0	Ascomycota:MAT	AXZN01000072.1	156874-167724	156874-167724	withheld:below_fraction_floor	withheld:below_fraction_floor	MAT1-2	MAT1-2														CIMG_00407,SLA2	CIMG_00407,SLA2		
GCA_000525045.1_DREv1	Ascomycota:MAT	KI966457.1	216885-268310	216885-268310	withheld:modelled_gene_bar+polish_capped	withheld:modelled_gene_bar+polish_capped	MAT1-2	MAT1-2														APN2,MAT1-2-1	APN2,MAT1-2-1		
GCA_000525045.1_DREv1	Ascomycota:MTL	KI966457.1	216885-268310	216885-268310	withheld:modelled_gene_bar	withheld:modelled_gene_bar	A	A														MTLA1,OBP1	MTLA1,OBP1		
GCA_000525045.1_DREv1	Ascomycota:MTL	KI966457.1	464370-483817	464370-483817	withheld:modelled_gene_bar	withheld:modelled_gene_bar	A	A														MTLA2	MTLA2		
GCA_000525045.1_DREv1	Ascomycota:PM	KI966457.1	524582-534682	524582-534682	withheld:modelled_gene_bar	withheld:modelled_gene_bar	P	P														matPi	matPi		
GCA_000525045.1_DREv1	Ascomycota:MTL	KI966427.1	69064-116547	69064-116547	withheld:modelled_gene_bar	withheld:modelled_gene_bar	alpha	alpha														MTLalpha1	MTLalpha1		
GCA_000525045.1_DREv1	Ascomycota:MAT	KI966427.1	69064-116547	69064-116547	withheld:modelled_gene_bar+polish_capped	withheld:modelled_gene_bar+polish_capped	MAT1-1	MAT1-1														MAT1-1-1,SLA2	MAT1-1-1,SLA2		
GCA_000525045.1_DREv1	Ascomycota:MATtub	KI966427.1	69064-116547	69064-116547	withheld:modelled_gene_bar	withheld:modelled_gene_bar	MAT1-1	MAT1-1														MAT1-1-1	MAT1-1-1		
GCA_000525045.1_DREv1	Ascomycota:MTL	KI966427.1	144069-146589	144069-146589	withheld:modelled_gene_bar	withheld:modelled_gene_bar	A	A														MTLA2	MTLA2		
GCA_000525045.1_DREv1	Ascomycota:MTL	KI966427.1	207843-208079	207843-208079	withheld:modelled_gene_bar	withheld:modelled_gene_bar	alpha	alpha														MTLalpha1	MTLalpha1		
GCA_000525045.1_DREv1	Ascomycota:MTL	KI966371.1	38172-66047	38172-66047	withheld:modelled_gene_bar+polish_capped	withheld:modelled_gene_bar+polish_capped	A	A														MTLA1,PAP1	MTLA1,PAP1		
GCA_000525045.1_DREv1	Ascomycota:mat1	KI966371.1	122833-123266	122833-123266	withheld:modelled_gene_bar	withheld:modelled_gene_bar	M	M														mat1-Mc	mat1-Mc		
GCA_000525045.1_DREv1	Ascomycota:PM	KI966371.1	122833-123266	122833-123266	withheld:modelled_gene_bar	withheld:modelled_gene_bar	M	M														matMc	matMc		
GCA_000525045.1_DREv1	Ascomycota:MATtub	KI966371.1	122833-123266	122833-123266	withheld:modelled_gene_bar	withheld:modelled_gene_bar	MAT1-2	MAT1-2														MAT1-2-1	MAT1-2-1		
GCA_000525045.1_DREv1	Ascomycota:MAT	KI966371.1	122833-123266	122833-123266	withheld:modelled_gene_bar	withheld:modelled_gene_bar	MAT1-2	MAT1-2														MAT1-2-1	MAT1-2-1		
GCA_000525045.1_DREv1	Ascomycota:MTL	KI966371.1	186054-192940	186054-192940	withheld:modelled_gene_bar	withheld:modelled_gene_bar	A	A														MTLA1	MTLA1		
GCA_000525045.1_DREv1	Ascomycota:MAT	KI966371.1	297270-359809	297270-359809	withheld:modelled_gene_bar+polish_capped	withheld:modelled_gene_bar+polish_capped	MAT1-2	MAT1-2														APN2,MAT1-2-1	APN2,MAT1-2-1		
GCA_000525045.1_DREv1	Ascomycota:MTL	KI966371.1	455554-497064	455554-497064	withheld:modelled_gene_bar	withheld:modelled_gene_bar	alpha	alpha														MTLalpha1	MTLalpha1		
GCA_000525045.1_DREv1	Ascomycota:PM	KI966371.1	455554-497064	455554-497064	withheld:modelled_gene_bar	withheld:modelled_gene_bar	M	M														matMc,matPi	matMc,matPi		
GCA_000525045.1_DREv1	Ascomycota:MTL	KI966371.1	537763-555882	537763-555882	withheld:modelled_gene_bar+polish_capped	withheld:modelled_gene_bar+polish_capped	alpha	alpha														MTLalpha1,OBP1	MTLalpha1,OBP1		
GCA_000525045.1_DREv1	Ascomycota:MATsc	KI966371.1	705742-706005	705742-706005	withheld:modelled_gene_bar	withheld:modelled_gene_bar	MATalpha	MATalpha														MATALPHA1	MATALPHA1		
GCA_000525045.1_DREv1	Ascomycota:mat1	KI966430.1	158282-158641	158282-158641	withheld:modelled_gene_bar	withheld:modelled_gene_bar	M	M														mat1-Mc	mat1-Mc		
GCA_000525045.1_DREv1	Ascomycota:MATsc	KI966430.1	255146-255271	255146-255271	withheld:modelled_gene_bar	withheld:modelled_gene_bar	MATa	MATa														MATA1	MATA1		
GCA_000525045.1_DREv1	Ascomycota:mat1	KI966414.1	100832-147990	100832-147990	withheld:modelled_gene_bar	withheld:modelled_gene_bar	P	P														mat1-Pi	mat1-Pi		
GCA_000525045.1_DREv1	Ascomycota:MATsc	KI966414.1	100832-147990	100832-147990	withheld:modelled_gene_bar	withheld:modelled_gene_bar	undetermined	undetermined														MATALPHA2	MATALPHA2		
GCA_000525045.1_DREv1	Ascomycota:MATtub	KI966414.1	100832-147990	100832-147990	withheld:modelled_gene_bar	withheld:modelled_gene_bar	MAT1-2	MAT1-2														MAT1-2-1	MAT1-2-1		
GCA_000525045.1_DREv1	Ascomycota:MATsc	KI966423.1	19210-19311	19210-19311	withheld:modelled_gene_bar	withheld:modelled_gene_bar	MATa	MATa														MATA1	MATA1		
GCA_000525045.1_DREv1	Ascomycota:mat1	KI966423.1	76704-94647	76704-94647	withheld:modelled_gene_bar	withheld:modelled_gene_bar	M	M														mat1-Mc	mat1-Mc		
GCA_000525045.1_DREv1	Ascomycota:MAT	KI966423.1	76704-94647	76704-94647	withheld:modelled_gene_bar+polish_capped	withheld:modelled_gene_bar+polish_capped	MAT1-2	MAT1-2														COX13,MAT1-2-1	COX13,MAT1-2-1		
GCA_000525045.1_DREv1	Ascomycota:MATsc	KI966372.1	74414-131008	74414-131008	withheld:modelled_gene_bar	withheld:modelled_gene_bar	MATalpha	MATalpha														MATALPHA1,sla2	MATALPHA1,sla2		
GCA_000525045.1_DREv1	Ascomycota:PM	KI966372.1	262350-262541	262350-262541	withheld:modelled_gene_bar	withheld:modelled_gene_bar	P	P														matPi	matPi		
GCA_000525045.1_DREv1	Ascomycota:PM	KI966372.1	437181-451142	437181-451142	withheld:modelled_gene_bar	withheld:modelled_gene_bar	P	P														matPi	matPi		
GCA_000525045.1_DREv1	Ascomycota:MTL	KI966429.1	143896-238224	143896-238224	withheld:modelled_gene_bar	withheld:modelled_gene_bar	alpha	alpha														MTLalpha1,PIK1	MTLalpha1,PIK1		
GCA_000525045.1_DREv1	Ascomycota:MATsc	KI966429.1	143896-238224	143896-238224	withheld:modelled_gene_bar	withheld:modelled_gene_bar	MATalpha	MATalpha														MATA2,MATALPHA1	MATA2,MATALPHA1		
GCA_000525045.1_DREv1	Ascomycota:MATtub	KI966429.1	143896-238224	143896-238224	withheld:modelled_gene_bar	withheld:modelled_gene_bar	MAT1-1	MAT1-1														MAT1-1-1	MAT1-1-1		
GCA_000525045.1_DREv1	Ascomycota:MAT	KI966429.1	143896-238224	143896-238224	withheld:modelled_gene_bar	withheld:modelled_gene_bar	MAT1-2	MAT1-2														MAT1-1-2,MAT1-1-5,MAT1-2-1	MAT1-1-2,MAT1-1-5,MAT1-2-1		
GCA_000525045.1_DREv1	Ascomycota:mat2	KI966390.1	93279-135787	93279-135787	withheld:modelled_gene_bar	withheld:modelled_gene_bar	P	P														matPi	matPi		
GCA_000525045.1_DREv1	Ascomycota:mat1	KI966390.1	445161-454548	445161-454548	withheld:modelled_gene_bar	withheld:modelled_gene_bar	P	P														mat1-Pi	mat1-Pi		
GCA_000525045.1_DREv1	Ascomycota:MATsc	KI966390.1	581342-581509	581342-581509	withheld:modelled_gene_bar	withheld:modelled_gene_bar	MATalpha	MATalpha														MATALPHA1	MATALPHA1		
GCA_000525045.1_DREv1	Ascomycota:MTL	KI966409.1	57057-62325	57057-62325	withheld:modelled_gene_bar	withheld:modelled_gene_bar	A	A														MTLA2	MTLA2		
GCA_000525045.1_DREv1	Ascomycota:PM	KI966409.1	240820-241062	240820-241062	withheld:modelled_gene_bar	withheld:modelled_gene_bar	M	M														matMc	matMc		
GCA_000525045.1_DREv1	Ascomycota:MATsc	KI966407.1	116975-117196	116975-117196	withheld:modelled_gene_bar	withheld:modelled_gene_bar	MATalpha	MATalpha														MATALPHA1	MATALPHA1		
GCA_000525045.1_DREv1	Ascomycota:MTL	KI966407.1	511770-511868	511770-511868	withheld:modelled_gene_bar	withheld:modelled_gene_bar	alpha	alpha														MTLalpha1	MTLalpha1		
GCA_000525045.1_DREv1	Ascomycota:mat2	KI966418.1	38069-42177	38069-42177	withheld:modelled_gene_bar	withheld:modelled_gene_bar	P	P														matPi	matPi		
GCA_000525045.1_DREv1	Ascomycota:PM	KI966418.1	90089-90466	90089-90466	withheld:modelled_gene_bar	withheld:modelled_gene_bar	P	P														matPi	matPi		
GCA_000525045.1_DREv1	Ascomycota:MATsc	KI966418.1	214293-224825	214293-224825	withheld:modelled_gene_bar	withheld:modelled_gene_bar	MATalpha	MATalpha														MATALPHA1	MATALPHA1		
GCA_000525045.1_DREv1	Ascomycota:PM	KI966418.1	263638-309263	263638-309263	withheld:modelled_gene_bar	withheld:modelled_gene_bar	P	P														matPi	matPi		
GCA_000525045.1_DREv1	Ascomycota:PM	KI966411.1	113258-113452	113258-113452	withheld:modelled_gene_bar	withheld:modelled_gene_bar	P	P														matPi	matPi		
GCA_000525045.1_DREv1	Ascomycota:MTL	KI966411.1	264270-288114	264270-288114	withheld:modelled_gene_bar	withheld:modelled_gene_bar	A	A														MTLA1,PIK1	MTLA1,PIK1		
GCA_000525045.1_DREv1	Ascomycota:MTL	KI966411.1	373747-373896	373747-373896	withheld:modelled_gene_bar	withheld:modelled_gene_bar	alpha	alpha														MTLalpha1	MTLalpha1		
GCA_000525045.1_DREv1	Ascomycota:MATsc	KI966406.1	427177-440892	427177-440892	withheld:modelled_gene_bar	withheld:modelled_gene_bar	MATalpha	MATalpha														MATALPHA1	MATALPHA1		
GCA_000525045.1_DREv1	Ascomycota:MATsc	KI966406.1	532993-552929	532993-552929	withheld:modelled_gene_bar	withheld:modelled_gene_bar	MATalpha	MATalpha														MATALPHA1	MATALPHA1		
GCA_000525045.1_DREv1	Ascomycota:mat1	KI966426.1	117570-117680	117570-117680	withheld:modelled_gene_bar	withheld:modelled_gene_bar	P	P														mat1-Pc	mat1-Pc		
GCA_000525045.1_DREv1	Ascomycota:mat2	KI966426.1	117570-117680	117570-117680	withheld:modelled_gene_bar	withheld:modelled_gene_bar	P	P														matPc	matPc		
GCA_000525045.1_DREv1	Ascomycota:MATsc	KI966426.1	193298-204981	193298-204981	withheld:modelled_gene_bar	withheld:modelled_gene_bar	undetermined	undetermined														MATA2	MATA2		
GCA_000525045.1_DREv1	Ascomycota:MAT	KI966426.1	295020-323399	295020-323399	withheld:modelled_gene_bar+polish_capped	withheld:modelled_gene_bar+polish_capped	MAT1-1	MAT1-1														APN2,MAT1-1-1	APN2,MAT1-1-1		
GCA_000525045.1_DREv1	Ascomycota:MTL	KI966426.1	295020-323399	295020-323399	withheld:modelled_gene_bar	withheld:modelled_gene_bar	A	A														MTLA1	MTLA1		
GCA_000525045.1_DREv1	Ascomycota:MATyl	KI966426.1	295020-323399	295020-323399	withheld:modelled_gene_bar	withheld:modelled_gene_bar	A	A														mata2	mata2		
GCA_000525045.1_DREv1	Ascomycota:MTL	KI966426.1	353929-354021	353929-354021	withheld:modelled_gene_bar	withheld:modelled_gene_bar	A	A														MTLA1	MTLA1		
GCA_000525045.1_DREv1	Ascomycota:MTL	KI966417.1	263142-264576	263142-264576	withheld:modelled_gene_bar	withheld:modelled_gene_bar	A	A														MTLA2	MTLA2		
GCA_000525045.1_DREv1	Ascomycota:MAT	KI966417.1	293525-332329	293525-332329	withheld:modelled_gene_bar+polish_capped	withheld:modelled_gene_bar+polish_capped	MAT1-1	MAT1-1														APN2,MAT1-1-1	APN2,MAT1-1-1		
GCA_000525045.1_DREv1	Ascomycota:MTL	KI966417.1	293525-332329	293525-332329	withheld:modelled_gene_bar	withheld:modelled_gene_bar	A	A														MTLA2	MTLA2		
GCA_000525045.1_DREv1	Ascomycota:MATtub	KI966417.1	293525-332329	293525-332329	withheld:modelled_gene_bar	withheld:modelled_gene_bar	undetermined	undetermined														APN2	APN2		
GCA_000525045.1_DREv1	Ascomycota:MAT	KI966417.1	367641-404254	367641-404254	withheld:modelled_gene_bar	withheld:modelled_gene_bar	MAT1-1	MAT1-1														APN2,MAT1-1-1,MAT1-1-3,SLA2	APN2,MAT1-1-1,MAT1-1-3,SLA2		
GCA_000525045.1_DREv1	Ascomycota:mat1	KI966436.1	73798-76950	73798-76950	withheld:modelled_gene_bar	withheld:modelled_gene_bar	P	P														mat1-Pc	mat1-Pc		
GCA_000525045.1_DREv1	Ascomycota:MTL	KI966436.1	170461-203747	170461-203747	withheld:modelled_gene_bar+polish_capped	withheld:modelled_gene_bar+polish_capped	alpha	alpha														MTLalpha1,OBP1	MTLalpha1,OBP1		
GCA_000525045.1_DREv1	Ascomycota:mat2	KI966410.1	19478-19582	19478-19582	withheld:modelled_gene_bar	withheld:modelled_gene_bar	P	P														matPc	matPc		
GCA_000525045.1_DREv1	Ascomycota:MTL	KI966410.1	162056-162181	162056-162181	withheld:modelled_gene_bar	withheld:modelled_gene_bar	alpha	alpha														MTLalpha1	MTLalpha1		
GCA_000525045.1_DREv1	Ascomycota:MAT	KI966410.1	285149-300275	285149-300275	withheld:modelled_gene_bar+polish_capped	withheld:modelled_gene_bar+polish_capped	MAT1-2	MAT1-2														COX13,MAT1-2-1	COX13,MAT1-2-1		
GCA_000525045.1_DREv1	Ascomycota:PM	KI966410.1	439641-439802	439641-439802	withheld:modelled_gene_bar	withheld:modelled_gene_bar	M	M														matMc	matMc		
GCA_000525045.1_DREv1	Ascomycota:PM	KI966410.1	515229-515375	515229-515375	withheld:modelled_gene_bar	withheld:modelled_gene_bar	M	M														matMc	matMc		
GCA_000525045.1_DREv1	Ascomycota:MTL	KI966410.1	574369-574506	574369-574506	withheld:modelled_gene_bar	withheld:modelled_gene_bar	A	A														MTLA1	MTLA1		
GCA_000525045.1_DREv1	Ascomycota:MAT	KI966439.1	106370-116190	106370-116190	withheld:modelled_gene_bar+polish_capped	withheld:modelled_gene_bar+polish_capped	MAT1-2	MAT1-2														COX13,MAT1-2-1,MAT1-2-10	COX13,MAT1-2-1,MAT1-2-10		
GCA_000525045.1_DREv1	Ascomycota:MATsc	KI966439.1	160428-169085	160428-169085	withheld:modelled_gene_bar	withheld:modelled_gene_bar	undetermined	undetermined														MATA2	MATA2		
GCA_000525045.1_DREv1	Ascomycota:MTL	KI966425.1	1512-1631	1512-1631	withheld:modelled_gene_bar	withheld:modelled_gene_bar	A	A														MTLA1	MTLA1		
GCA_000525045.1_DREv1	Ascomycota:mat1	KI966425.1	140440-140559	140440-140559	withheld:modelled_gene_bar	withheld:modelled_gene_bar	P	P														mat1-Pc	mat1-Pc		
GCA_000525045.1_DREv1	Ascomycota:PM	KI966425.1	177699-177917	177699-177917	withheld:modelled_gene_bar	withheld:modelled_gene_bar	M	M														matMc	matMc		
GCA_000525045.1_DREv1	Ascomycota:MTL	KI966448.1	77536-86494	77536-86494	withheld:modelled_gene_bar	withheld:modelled_gene_bar	A	A														MTLA2	MTLA2		
GCA_000525045.1_DREv1	Ascomycota:MATsc	KI966448.1	124883-152014	124883-152014	withheld:modelled_gene_bar	withheld:modelled_gene_bar	undetermined	undetermined														MATA2,MATALPHA2	MATA2,MATALPHA2		
GCA_000525045.1_DREv1	Ascomycota:MTL	KI966448.1	124883-152014	124883-152014	withheld:modelled_gene_bar	withheld:modelled_gene_bar	A	A														MTLA2	MTLA2		
GCA_000525045.1_DREv1	Ascomycota:MAT	KI966448.1	124883-152014	124883-152014	withheld:modelled_gene_bar	withheld:modelled_gene_bar	MAT1-2	MAT1-2														MAT1-2-1	MAT1-2-1		
GCA_000525045.1_DREv1	Ascomycota:MATsc	KI966448.1	283132-287567	283132-287567	withheld:modelled_gene_bar	withheld:modelled_gene_bar	MATa	MATa														MATA1	MATA1		
GCA_000525045.1_DREv1	Ascomycota:mat1	KI966448.1	424859-443850	424859-443850	withheld:modelled_gene_bar	withheld:modelled_gene_bar	M	M														mat1-Mc	mat1-Mc		
GCA_000525045.1_DREv1	Ascomycota:PM	KI966448.1	424859-443850	424859-443850	withheld:modelled_gene_bar	withheld:modelled_gene_bar	M	M														matMc	matMc		
GCA_000525045.1_DREv1	Ascomycota:MATsc	KI966448.1	424859-443850	424859-443850	withheld:modelled_gene_bar	withheld:modelled_gene_bar	MATalpha	MATalpha														MATALPHA1	MATALPHA1		
GCA_000525045.1_DREv1	Ascomycota:MAT	KI966448.1	424859-443850	424859-443850	withheld:modelled_gene_bar	withheld:modelled_gene_bar	MAT1-2	MAT1-2														MAT1-1-1,MAT1-1-2,MAT1-2-1	MAT1-1-1,MAT1-1-2,MAT1-2-1		
GCA_000525045.1_DREv1	Ascomycota:MATtub	KI966448.1	424859-443850	424859-443850	withheld:modelled_gene_bar	withheld:modelled_gene_bar	MAT1-2	MAT1-2														MAT1-2-1	MAT1-2-1		
GCA_000525045.1_DREv1	Ascomycota:MTL	KI966433.1	30623-30769	30623-30769	withheld:modelled_gene_bar	withheld:modelled_gene_bar	A	A														MTLA1	MTLA1		
GCA_000525045.1_DREv1	Ascomycota:MTL	KI966433.1	165393-197112	165393-197112	withheld:modelled_gene_bar	withheld:modelled_gene_bar	A	A														MTLA1	MTLA1		
GCA_000525045.1_DREv1	Ascomycota:mat2	KI966433.1	364499-364591	364499-364591	withheld:modelled_gene_bar	withheld:modelled_gene_bar	P	P														matPi	matPi		
GCA_000525045.1_DREv1	Ascomycota:MATsc	KI966433.1	532927-533922	532927-533922	withheld:modelled_gene_bar	withheld:modelled_gene_bar	undetermined	undetermined														MATALPHA2	MATALPHA2		
GCA_000525045.1_DREv1	Ascomycota:MATsc	KI966433.1	628660-628761	628660-628761	withheld:modelled_gene_bar	withheld:modelled_gene_bar	MATalpha	MATalpha														MATALPHA1	MATALPHA1		
GCA_000525045.1_DREv1	Ascomycota:MAT	KI966443.1	5487-11408	5487-11408	withheld:modelled_gene_bar+polish_capped	withheld:modelled_gene_bar+polish_capped	MAT1-2	MAT1-2														APN2,MAT1-2-1	APN2,MAT1-2-1		
GCA_000525045.1_DREv1	Ascomycota:MTL	KI966443.1	180973-208094	180973-208094	withheld:modelled_gene_bar	withheld:modelled_gene_bar	A	A														MTLA1	MTLA1		
GCA_000525045.1_DREv1	Ascomycota:MAT	KI966443.1	508374-515895	508374-515895	withheld:modelled_gene_bar+polish_capped	withheld:modelled_gene_bar+polish_capped	MAT1-2	MAT1-2														APN2,MAT1-2-1	APN2,MAT1-2-1		
GCA_000525045.1_DREv1	Ascomycota:mat2	KI966420.1	207284-221149	207284-221149	withheld:modelled_gene_bar	withheld:modelled_gene_bar	P	P														matPc	matPc		
GCA_000525045.1_DREv1	Ascomycota:MTL	KI966420.1	300058-331022	300058-331022	withheld:modelled_gene_bar	withheld:modelled_gene_bar	A	A														MTLA1	MTLA1		
GCA_000525045.1_DREv1	Ascomycota:mat1	KI966413.1	18881-39335	18881-39335	withheld:modelled_gene_bar	withheld:modelled_gene_bar	P	P														mat1-Pc	mat1-Pc		
GCA_000525045.1_DREv1	Ascomycota:PM	KI966413.1	66283-90704	66283-90704	withheld:modelled_gene_bar	withheld:modelled_gene_bar	P	P														matPi	matPi		
GCA_000525045.1_DREv1	Ascomycota:mat1	KI966413.1	66283-90704	66283-90704	withheld:modelled_gene_bar	withheld:modelled_gene_bar	P	P														mat1-Pi	mat1-Pi		
GCA_000525045.1_DREv1	Ascomycota:mat2	KI966413.1	66283-90704	66283-90704	withheld:modelled_gene_bar	withheld:modelled_gene_bar	P	P														matPi	matPi		
GCA_000525045.1_DREv1	Ascomycota:MATsc	KI966413.1	66283-90704	66283-90704	withheld:modelled_gene_bar	withheld:modelled_gene_bar	undetermined	undetermined														MATALPHA2	MATALPHA2		
GCA_000525045.1_DREv1	Ascomycota:MTL	KI966413.1	66283-90704	66283-90704	withheld:modelled_gene_bar	withheld:modelled_gene_bar	A	A														MTLA1	MTLA1		
GCA_000525045.1_DREv1	Ascomycota:MAT	KI966413.1	66283-90704	66283-90704	withheld:modelled_gene_bar+polish_capped	withheld:modelled_gene_bar+polish_capped	MAT1-1	MAT1-1														MAT1-1-2,MAT1-2-1	MAT1-1-2,MAT1-2-1		
GCA_000525045.1_DREv1	Ascomycota:MTL	KI966413.1	174574-185028	174574-185028	withheld:modelled_gene_bar	withheld:modelled_gene_bar	alpha	alpha														MTLalpha1,PIK1	MTLalpha1,PIK1		
GCA_000525045.1_DREv1	Ascomycota:MAT	KI966413.1	353818-379616	353818-379616	withheld:modelled_gene_bar+polish_capped	withheld:modelled_gene_bar+polish_capped	MAT1-2	MAT1-2														APN2,MAT1-2-1	APN2,MAT1-2-1		
GCA_000525045.1_DREv1	Ascomycota:MATsc	KI966413.1	353818-379616	353818-379616	withheld:modelled_gene_bar	withheld:modelled_gene_bar	undetermined	undetermined														MATALPHA2	MATALPHA2		
GCA_000525045.1_DREv1	Ascomycota:MTL	KI966424.1	66461-89450	66461-89450	withheld:modelled_gene_bar	withheld:modelled_gene_bar	A	A														MTLA1,PAP1,PIK1	MTLA1,PAP1,PIK1		
GCA_000525045.1_DREv1	Ascomycota:mat1	KI966453.1	2747-55340	2747-55340	withheld:modelled_gene_bar	withheld:modelled_gene_bar	M	M														mat1-Mc	mat1-Mc		
GCA_000525045.1_DREv1	Ascomycota:MAT	KI966453.1	2747-55340	2747-55340	withheld:modelled_gene_bar+polish_capped	withheld:modelled_gene_bar+polish_capped	MAT1-1	MAT1-1														APN2,MAT1-1-1	APN2,MAT1-1-1		
GCA_000525045.1_DREv1	Ascomycota:MTL	KI966453.1	2747-55340	2747-55340	withheld:modelled_gene_bar	withheld:modelled_gene_bar	A	A														MTLA1	MTLA1		
GCA_000525045.1_DREv1	Ascomycota:MATtub	KI966453.1	2747-55340	2747-55340	withheld:modelled_gene_bar	withheld:modelled_gene_bar	MAT1-1	MAT1-1														MAT1-1-1	MAT1-1-1		
GCA_000525045.1_DREv1	Ascomycota:MTL	KI966401.1	31044-47911	31044-47911	withheld:modelled_gene_bar	withheld:modelled_gene_bar	A	A														MTLA1,MTLA2,PIK1	MTLA1,MTLA2,PIK1		
GCA_000525045.1_DREv1	Ascomycota:MATsc	KI966401.1	31044-47911	31044-47911	withheld:modelled_gene_bar	withheld:modelled_gene_bar	undetermined	undetermined														MATALPHA2	MATALPHA2		
GCA_000525045.1_DREv1	Ascomycota:MAT	KI966401.1	137064-224845	137064-224845	withheld:modelled_gene_bar	withheld:modelled_gene_bar	MAT1-1	MAT1-1														APN2,MAT1-1-1,MAT1-2-1	APN2,MAT1-1-1,MAT1-2-1		
GCA_000525045.1_DREv1	Ascomycota:MATsc	KI966401.1	137064-224845	137064-224845	withheld:modelled_gene_bar	withheld:modelled_gene_bar	MATa	MATa														MATA1,MATALPHA2	MATA1,MATALPHA2		
GCA_000525045.1_DREv1	Ascomycota:MTL	KI966401.1	137064-224845	137064-224845	withheld:modelled_gene_bar+polish_capped	withheld:modelled_gene_bar+polish_capped	A	A														MTLA1,PAP1	MTLA1,PAP1		
GCA_000525045.1_DREv1	Ascomycota:MATtub	KI966401.1	137064-224845	137064-224845	withheld:modelled_gene_bar	withheld:modelled_gene_bar	undetermined	undetermined														APN2	APN2		
GCA_000525045.1_DREv1	Ascomycota:MATsc	KI966408.1	81867-94663	81867-94663	withheld:modelled_gene_bar	withheld:modelled_gene_bar	undetermined	undetermined														MATALPHA2	MATALPHA2		
GCA_000525045.1_DREv1	Ascomycota:MTL	KI966408.1	417789-448312	417789-448312	withheld:modelled_gene_bar	withheld:modelled_gene_bar	alpha	alpha														MTLalpha1	MTLalpha1		
GCA_000525045.1_DREv1	Ascomycota:mat1	KI966415.1	177399-219460	177399-219460	withheld:modelled_gene_bar	withheld:modelled_gene_bar	M	M														mat1-Mc,mat1-Pi	mat1-Mc,mat1-Pi		
GCA_000525045.1_DREv1	Ascomycota:MATsc	KI966415.1	177399-219460	177399-219460	withheld:modelled_gene_bar	withheld:modelled_gene_bar	MATalpha	MATalpha														MATALPHA1	MATALPHA1		
GCA_000525045.1_DREv1	Ascomycota:MAT	KI966415.1	177399-219460	177399-219460	withheld:modelled_gene_bar	withheld:modelled_gene_bar	undetermined	undetermined														SLA2	SLA2		
GCA_000525045.1_DREv1	Ascomycota:MTL	KI966415.1	177399-219460	177399-219460	withheld:modelled_gene_bar	withheld:modelled_gene_bar	undetermined	undetermined														PAP1	PAP1		
GCA_000525045.1_DREv1	Ascomycota:PM	KI966415.1	267513-267644	267513-267644	withheld:modelled_gene_bar	withheld:modelled_gene_bar	P	P														matPi	matPi		
GCA_000525045.1_DREv1	Ascomycota:mat1	KI966415.1	334991-335161	334991-335161	withheld:modelled_gene_bar	withheld:modelled_gene_bar	M	M														mat1-Mc	mat1-Mc		
GCA_000525045.1_DREv1	Ascomycota:PM	KI966416.1	93092-93241	93092-93241	withheld:modelled_gene_bar	withheld:modelled_gene_bar	M	M														matMc	matMc		
GCA_000525045.1_DREv1	Ascomycota:MTL	KI966441.1	145950-152704	145950-152704	withheld:modelled_gene_bar	withheld:modelled_gene_bar	A	A														MTLA1	MTLA1		
GCA_000525045.1_DREv1	Ascomycota:MTL	KI966435.1	17093-17326	17093-17326	withheld:modelled_gene_bar	withheld:modelled_gene_bar	A	A														MTLA1	MTLA1		
GCA_000525045.1_DREv1	Ascomycota:MTL	KI966451.1	23726-46624	23726-46624	withheld:modelled_gene_bar	withheld:modelled_gene_bar	alpha	alpha														MTLalpha1	MTLalpha1		
GCA_000525045.1_DREv1	Ascomycota:MAT	KI966451.1	72644-98158	72644-98158	withheld:modelled_gene_bar+polish_capped	withheld:modelled_gene_bar+polish_capped	MAT1-1	MAT1-1														APN2,MAT1-1-1	APN2,MAT1-1-1		
GCA_000525045.1_DREv1	Ascomycota:MATsc	KI966451.1	72644-98158	72644-98158	withheld:modelled_gene_bar	withheld:modelled_gene_bar	MATalpha	MATalpha														MATALPHA1	MATALPHA1		
GCA_000525045.1_DREv1	Ascomycota:MTL	KI966451.1	72644-98158	72644-98158	withheld:modelled_gene_bar	withheld:modelled_gene_bar	A	A														MTLA2	MTLA2		
GCA_000525045.1_DREv1	Ascomycota:PM	KI966444.1	39893-100746	39893-100746	withheld:modelled_gene_bar	withheld:modelled_gene_bar	M	M														matMi	matMi		
GCA_000525045.1_DREv1	Ascomycota:MTL	KI966444.1	39893-100746	39893-100746	withheld:modelled_gene_bar+polish_capped	withheld:modelled_gene_bar+polish_capped	A	A														MTLA1,PIK1	MTLA1,PIK1		
GCA_000525045.1_DREv1	Ascomycota:MAT	KI966444.1	39893-100746	39893-100746	withheld:modelled_gene_bar+polish_capped	withheld:modelled_gene_bar+polish_capped	MAT1-2	MAT1-2														MAT1-1-3,MAT1-2-1	MAT1-1-3,MAT1-2-1		
GCA_000525045.1_DREv1	Ascomycota:PM	KI966419.1	12325-12447	12325-12447	withheld:modelled_gene_bar	withheld:modelled_gene_bar	M	M														matMc	matMc		
GCA_000525045.1_DREv1	Ascomycota:MATsc	KI966419.1	313312-323708	313312-323708	withheld:modelled_gene_bar	withheld:modelled_gene_bar	undetermined	undetermined														MATA2,MATALPHA2	MATA2,MATALPHA2		
GCA_000525045.1_DREv1	Ascomycota:MATsc	KI966412.1	86949-87098	86949-87098	withheld:modelled_gene_bar	withheld:modelled_gene_bar	MATalpha	MATalpha														MATALPHA1	MATALPHA1		
GCA_000525045.1_DREv1	Ascomycota:MATsc	KI966422.1	118145-125347	118145-125347	withheld:modelled_gene_bar	withheld:modelled_gene_bar	undetermined	undetermined														MATA2	MATA2		
GCA_000525045.1_DREv1	Ascomycota:mat2	KI966422.1	250567-309145	250567-309145	withheld:modelled_gene_bar	withheld:modelled_gene_bar	P	P														matPi	matPi		
GCA_000525045.1_DREv1	Ascomycota:MTL	KI966422.1	250567-309145	250567-309145	withheld:modelled_gene_bar	withheld:modelled_gene_bar	A	A														MTLA1	MTLA1		
GCA_000525045.1_DREv1	Ascomycota:MATyl	KI966422.1	250567-309145	250567-309145	withheld:modelled_gene_bar	withheld:modelled_gene_bar	undetermined	undetermined														apn2	apn2		
GCA_000525045.1_DREv1	Ascomycota:MAT	KI966422.1	250567-309145	250567-309145	withheld:modelled_gene_bar	withheld:modelled_gene_bar	undetermined	undetermined														APN2	APN2		
GCA_000525045.1_DREv1	Ascomycota:MTL	KI966434.1	145585-145692	145585-145692	withheld:modelled_gene_bar	withheld:modelled_gene_bar	A	A														MTLA2	MTLA2		
GCA_000525045.1_DREv1	Ascomycota:MTL	KI966460.1	30835-35324	30835-35324	withheld:modelled_gene_bar	withheld:modelled_gene_bar	alpha	alpha														MTLalpha1	MTLalpha1		
GCA_000525045.1_DREv1	Ascomycota:MTL	KI966442.1	73694-90302	73694-90302	withheld:modelled_gene_bar+polish_capped	withheld:modelled_gene_bar+polish_capped	alpha	alpha														MTLA1,MTLalpha1	MTLA1,MTLalpha1		
GCA_000525045.1_DREv1	Ascomycota:PM	KI966431.1	196470-207813	196470-207813	withheld:modelled_gene_bar	withheld:modelled_gene_bar	P	P														matPi	matPi		
GCA_000525045.1_DREv1	Ascomycota:MTL	KI966431.1	196470-207813	196470-207813	withheld:modelled_gene_bar	withheld:modelled_gene_bar	A	A														MTLA2	MTLA2		
GCA_000525045.1_DREv1	Ascomycota:MTL	KI966421.1	142998-143123	142998-143123	withheld:modelled_gene_bar	withheld:modelled_gene_bar	alpha	alpha														MTLalpha1	MTLalpha1		
GCA_000525045.1_DREv1	Ascomycota:mat2	KI966421.1	234983-257683	234983-257683	withheld:modelled_gene_bar	withheld:modelled_gene_bar	P	P														matPi	matPi		
GCA_000525045.1_DREv1	Ascomycota:PM	KI966437.1	71677-71772	71677-71772	withheld:modelled_gene_bar	withheld:modelled_gene_bar	M	M														matMc	matMc		
GCA_000525045.1_DREv1	Ascomycota:mat1	KI966437.1	125023-125199	125023-125199	withheld:modelled_gene_bar	withheld:modelled_gene_bar	P	P														mat1-Pi	mat1-Pi		
GCA_000525045.1_DREv1	Ascomycota:MATsc	KI966379.1	6148-6321	6148-6321	withheld:modelled_gene_bar	withheld:modelled_gene_bar	undetermined	undetermined														MATALPHA2	MATALPHA2		
GCA_000525045.1_DREv1	Ascomycota:MATsc	KI966465.1	26307-26426	26307-26426	withheld:modelled_gene_bar	withheld:modelled_gene_bar	MATalpha	MATalpha														MATALPHA1	MATALPHA1		
GCA_000525045.1_DREv1	Ascomycota:PM	KI966454.1	43719-43874	43719-43874	withheld:modelled_gene_bar	withheld:modelled_gene_bar	M	M														matMc	matMc		
GCA_000525045.1_DREv1	Ascomycota:MTL	KI966454.1	86854-86964	86854-86964	withheld:modelled_gene_bar	withheld:modelled_gene_bar	A	A														MTLA1	MTLA1		
GCA_000525045.1_DREv1	Ascomycota:mat1	KI966452.1	65803-108870	65803-108870	withheld:modelled_gene_bar	withheld:modelled_gene_bar	M	M														mat1-Mc	mat1-Mc		
GCA_000525045.1_DREv1	Ascomycota:MTL	KI966452.1	65803-108870	65803-108870	withheld:modelled_gene_bar+polish_capped	withheld:modelled_gene_bar+polish_capped	alpha	alpha														MTLalpha1,PAP1	MTLalpha1,PAP1		
GCA_000525045.1_DREv1	Ascomycota:MAT	KI966452.1	65803-108870	65803-108870	withheld:modelled_gene_bar	withheld:modelled_gene_bar	MAT1-1	MAT1-1														MAT1-1-1	MAT1-1-1		
GCA_000525045.1_DREv1	Ascomycota:MATsc	KI966452.1	65803-108870	65803-108870	withheld:modelled_gene_bar	withheld:modelled_gene_bar	undetermined	undetermined														sla2	sla2		
GCA_000525045.1_DREv1	Ascomycota:MTL	KI966428.1	152631-152726	152631-152726	withheld:modelled_gene_bar	withheld:modelled_gene_bar	A	A														MTLA1	MTLA1		
GCA_000525045.1_DREv1	Ascomycota:MAT	KI966457.1	524582-534682	524582-534682	withheld:modelled_gene_bar+polish_capped	withheld:modelled_gene_bar+polish_capped	MAT1-1	MAT1-1														APN2,MAT1-1-5	APN2,MAT1-1-5		
GCA_000525045.1_DREv1	Ascomycota:MAT	KI966427.1	394733-413322	394733-413322	withheld:modelled_gene_bar+polish_capped	withheld:modelled_gene_bar+polish_capped	MAT1-1	MAT1-1														MAT1-1-1,MAT1-2-1	MAT1-1-1,MAT1-2-1		
GCA_000525045.1_DREv1	Ascomycota:MAT	KI966423.1	291190-304142	291190-304142	withheld:modelled_gene_bar+polish_capped	withheld:modelled_gene_bar+polish_capped	MAT1-1	MAT1-1														MAT1-1-1,MAT1-1-5	MAT1-1-1,MAT1-1-5		
GCA_000525045.1_DREv1	Ascomycota:MAT	KI966372.1	74414-131008	74414-131008	withheld:modelled_gene_bar+polish_capped	withheld:modelled_gene_bar+polish_capped	MAT1-1	MAT1-1														MAT1-1-4,MAT1-2-1	MAT1-1-4,MAT1-2-1		
GCA_000525045.1_DREv1	Ascomycota:MAT	KI966429.1	143896-238224	143896-238224	withheld:modelled_gene_bar	withheld:modelled_gene_bar	MAT1-2	MAT1-2														MAT1-1-2,MAT1-1-5,MAT1-2-1	MAT1-1-2,MAT1-1-5,MAT1-2-1		
GCA_000525045.1_DREv1	Ascomycota:MAT	KI966390.1	93279-135787	93279-135787	withheld:modelled_gene_bar+polish_capped	withheld:modelled_gene_bar+polish_capped	MAT1-1	MAT1-1														MAT1-1-1,MAT1-1-3	MAT1-1-1,MAT1-1-3		
GCA_000525045.1_DREv1	Ascomycota:MAT	KI966418.1	263638-309263	263638-309263	withheld:modelled_gene_bar+polish_capped	withheld:modelled_gene_bar+polish_capped	MAT1-2	MAT1-2														COX13,MAT1-1-3,MAT1-2-1	COX13,MAT1-1-3,MAT1-2-1		
GCA_000525045.1_DREv1	Ascomycota:MAT	KI966418.1	353176-371817	353176-371817	withheld:modelled_gene_bar+polish_capped	withheld:modelled_gene_bar+polish_capped	MAT1-1	MAT1-1														MAT1-1-2,MAT1-1-5	MAT1-1-2,MAT1-1-5		
GCA_000525045.1_DREv1	Ascomycota:MAT	KI966406.1	336682-377496	336682-377496	withheld:modelled_gene_bar+polish_capped	withheld:modelled_gene_bar+polish_capped	undetermined	undetermined														MAT1-1-2,MAT1-2-1	MAT1-1-2,MAT1-2-1		
GCA_000525045.1_DREv1	Ascomycota:MAT	KI966406.1	532993-552929	532993-552929	withheld:modelled_gene_bar+polish_capped	withheld:modelled_gene_bar+polish_capped	MAT1-1	MAT1-1														MAT1-1-2,MAT1-1-3	MAT1-1-2,MAT1-1-3		
GCA_000525045.1_DREv1	Ascomycota:MAT	KI966410.1	723822-778625	723822-778625	withheld:modelled_gene_bar	withheld:modelled_gene_bar	MAT1-1	MAT1-1														COX13,MAT1-1-5,MAT1-2-1	COX13,MAT1-1-5,MAT1-2-1		
GCA_000525045.1_DREv1	Ascomycota:MAT	KI966448.1	424859-443850	424859-443850	withheld:modelled_gene_bar	withheld:modelled_gene_bar	MAT1-2	MAT1-2														MAT1-1-1,MAT1-1-2,MAT1-2-1	MAT1-1-1,MAT1-1-2,MAT1-2-1		
GCA_000525045.1_DREv1	Ascomycota:MAT	KI966433.1	165393-197112	165393-197112	withheld:modelled_gene_bar+polish_capped	withheld:modelled_gene_bar+polish_capped	MAT1-1	MAT1-1														MAT1-1-1,MAT1-1-3	MAT1-1-1,MAT1-1-3		
GCA_000525045.1_DREv1	Ascomycota:MAT	KI966420.1	207284-221149	207284-221149	withheld:modelled_gene_bar+polish_capped	withheld:modelled_gene_bar+polish_capped	MAT1-2	MAT1-2														CIMG_00407,MAT1-2-4	CIMG_00407,MAT1-2-4		
GCA_000525045.1_DREv1	Ascomycota:MAT	KI966420.1	300058-331022	300058-331022	withheld:modelled_gene_bar+polish_capped	withheld:modelled_gene_bar+polish_capped	MAT1-2	MAT1-2														APN2,MAT1-2-10	APN2,MAT1-2-10		
GCA_000525045.1_DREv1	Ascomycota:MAT	KI966413.1	18881-39335	18881-39335	withheld:modelled_gene_bar+polish_capped	withheld:modelled_gene_bar+polish_capped	MAT1-2	MAT1-2														MAT1-1-2,MAT1-2-1	MAT1-1-2,MAT1-2-1		
GCA_000525045.1_DREv1	Ascomycota:MAT	KI966413.1	66283-90704	66283-90704	withheld:modelled_gene_bar+polish_capped	withheld:modelled_gene_bar+polish_capped	MAT1-1	MAT1-1														MAT1-1-2,MAT1-2-1	MAT1-1-2,MAT1-2-1		
GCA_000525045.1_DREv1	Ascomycota:MAT	KI966401.1	423056-423957	423056-423957	withheld:modelled_gene_bar+polish_capped	withheld:modelled_gene_bar+polish_capped	MAT1-1	MAT1-1														COX13,MAT1-1-2	COX13,MAT1-1-2		
GCA_000525045.1_DREv1	Ascomycota:MAT	KI966408.1	35292-56431	35292-56431	withheld:modelled_gene_bar	withheld:modelled_gene_bar	undetermined	undetermined														COX13,MAT1-1-1,MAT1-1-3,MAT1-1-5,MAT1-2-10	COX13,MAT1-1-1,MAT1-1-3,MAT1-1-5,MAT1-2-10		
GCA_000525045.1_DREv1	Ascomycota:MAT	KI966446.1	77852-87195	77852-87195	withheld:modelled_gene_bar+polish_capped	withheld:modelled_gene_bar+polish_capped	MAT1-1	MAT1-1														APN2,MAT1-1-4	APN2,MAT1-1-4		
GCA_000525045.1_DREv1	Ascomycota:MAT	KI966444.1	39893-100746	39893-100746	withheld:modelled_gene_bar+polish_capped	withheld:modelled_gene_bar+polish_capped	MAT1-2	MAT1-2														MAT1-1-3,MAT1-2-1	MAT1-1-3,MAT1-2-1		
GCA_000525045.1_DREv1	Ascomycota:MAT	KI966412.1	129879-133348	129879-133348	withheld:modelled_gene_bar+polish_capped	withheld:modelled_gene_bar+polish_capped	MAT1-1	MAT1-1														APN2,MAT1-1-4	APN2,MAT1-1-4		
GCA_000525045.1_DREv1	Ascomycota:MAT	KI966412.1	253778-261446	253778-261446	withheld:modelled_gene_bar+polish_capped	withheld:modelled_gene_bar+polish_capped	MAT1-1	MAT1-1														MAT1-1-1,MAT1-2-1	MAT1-1-1,MAT1-2-1		
GCA_000525045.1_DREv1	Ascomycota:MATtub	KI966434.1	171007-215625	171007-215625	withheld:modelled_gene_bar	withheld:modelled_gene_bar	MAT1-1	MAT1-1														APN2,MAT1-1-1	APN2,MAT1-1-1		
GCA_000613145.2_YALI0	Ascomycota:MATyl	HG934061.1	965110-972915	965110-972915	withheld:modelled_gene_bar	withheld:modelled_gene_bar	undetermined	undetermined														apn2,sla2	apn2,sla2		
GCA_000966595.1_ASM96659v1	Ascomycota:MAT	LAFY01004296.1	3059-9210	3059-9210	called	called	MAT1-1	MAT1-1	medium	medium	partial_locus	partial_locus										APN2,MAT1-1-1	APN2,MAT1-1-1		
GCA_000966595.1_ASM96659v1	Ascomycota:MAT	LAFY01000295.1	19128-43216	19128-43216	withheld:modelled_gene_bar	withheld:modelled_gene_bar	MAT1-1	MAT1-1														APN2,MAT1-1-1,MAT1-1-5	APN2,MAT1-1-1,MAT1-1-5		
GCA_000966595.1_ASM96659v1	Ascomycota:MAT	LAFY01005842.1	2586-15762	2586-15762	withheld:modelled_gene_bar+polish_capped	withheld:modelled_gene_bar+polish_capped	MAT1-1	MAT1-1														COX13,MAT1-1-1	COX13,MAT1-1-1		
GCA_000966595.1_ASM96659v1	Ascomycota:MAT	LAFY01005777.1	8892-18385	8892-18385	withheld:modelled_gene_bar+polish_capped	withheld:modelled_gene_bar+polish_capped	MAT1-2	MAT1-2														MAT1-2-1,SLA2	MAT1-2-1,SLA2		
GCA_000966595.1_ASM96659v1	Ascomycota:MAT	LAFY01000321.1	62679-84502	62679-84502	withheld:modelled_gene_bar	withheld:modelled_gene_bar	MAT1-1	MAT1-1														COX13,MAT1-1-1,MAT1-2-1	COX13,MAT1-1-1,MAT1-2-1		
GCA_000966595.1_ASM96659v1	Ascomycota:MAT	LAFY01000842.1	1158-34419	1158-34419	withheld:modelled_gene_bar	withheld:modelled_gene_bar	MAT1-1	MAT1-1														APN2,MAT1-1-1,MAT1-1-3	APN2,MAT1-1-1,MAT1-1-3		
GCA_000966595.1_ASM96659v1	Ascomycota:MAT	LAFY01000254.1	98646-105515	98646-105515	withheld:modelled_gene_bar+polish_capped	withheld:modelled_gene_bar+polish_capped	MAT1-2	MAT1-2														APN2,MAT1-2-1	APN2,MAT1-2-1		
GCA_000966595.1_ASM96659v1	Ascomycota:MAT	LAFY01000324.1	2856-16945	2856-16945	withheld:modelled_gene_bar+polish_capped	withheld:modelled_gene_bar+polish_capped	MAT1-2	MAT1-2														APN2,MAT1-2-1	APN2,MAT1-2-1		
GCA_000966595.1_ASM96659v1	Ascomycota:MAT	LAFY01000293.1	32797-39158	32797-39158	withheld:modelled_gene_bar+polish_capped	withheld:modelled_gene_bar+polish_capped	MAT1-2	MAT1-2														APN2,MAT1-2-1	APN2,MAT1-2-1		
GCA_000966595.1_ASM96659v1	Ascomycota:MAT	LAFY01000350.1	19288-23745	19288-23745	withheld:modelled_gene_bar+polish_capped	withheld:modelled_gene_bar+polish_capped	MAT1-1	MAT1-1														COX13,MAT1-1-1	COX13,MAT1-1-1		
GCA_000966595.1_ASM96659v1	Ascomycota:MAT	LAFY01000345.1	7097-18148	7097-18148	withheld:modelled_gene_bar+polish_capped	withheld:modelled_gene_bar+polish_capped	MAT1-2	MAT1-2														APN2,MAT1-2-1	APN2,MAT1-2-1		
GCA_000966595.1_ASM96659v1	Ascomycota:MAT	LAFY01004170.1	1290-6496	1290-6496	withheld:modelled_gene_bar+polish_capped	withheld:modelled_gene_bar+polish_capped	MAT1-1	MAT1-1														APN2,MAT1-1-1	APN2,MAT1-1-1		
GCA_001510565.1_ASM151056v1	Ascomycota:MAT	LNGL01000024.1	379889-403819	379889-403819	called	called	MAT1-2	MAT1-2	medium	medium	mat_locus	mat_locus										APN2,COX13,MAT1-1-1,MAT1-2-1,SLA2	APN2,COX13,MAT1-1-1,MAT1-2-1,SLA2		
GCA_001510565.1_ASM151056v1	Ascomycota:MAT	LNGL01000038.1	127525-145222	127525-145222	withheld:modelled_gene_bar+polish_capped	withheld:modelled_gene_bar+polish_capped	MAT1-2	MAT1-2														APN2,MAT1-2-1	APN2,MAT1-2-1		
GCA_001510565.1_ASM151056v1	Ascomycota:MAT	LNGL01000030.1	364456-370277	364456-370277	withheld:modelled_gene_bar+polish_capped	withheld:modelled_gene_bar+polish_capped	MAT1-2	MAT1-2														APN2,MAT1-2-1	APN2,MAT1-2-1		
GCA_001510565.1_ASM151056v1	Ascomycota:MAT	LNGL01000005.1	1746890-1766671	1746890-1766671	withheld:modelled_gene_bar+polish_capped	withheld:modelled_gene_bar+polish_capped	MAT1-2	MAT1-2														APN2,MAT1-2-1	APN2,MAT1-2-1		
GCA_001510565.1_ASM151056v1	Ascomycota:MAT	LNGL01000002.1	597509-602567	597509-602567	withheld:modelled_gene_bar	withheld:modelled_gene_bar	MAT1-1	MAT1-1														COX13,MAT1-1-1	COX13,MAT1-1-1		
GCA_001510565.1_ASM151056v1	Ascomycota:MAT	LNGL01000022.1	53511-69977	53511-69977	withheld:modelled_gene_bar+polish_capped	withheld:modelled_gene_bar+polish_capped	MAT1-2	MAT1-2														APN2,MAT1-2-1	APN2,MAT1-2-1		
GCA_001510565.1_ASM151056v1	Ascomycota:MAT	LNGL01000018.1	921606-924526	921606-924526	withheld:modelled_gene_bar	withheld:modelled_gene_bar	MAT1-1	MAT1-1														APN2,MAT1-1-1	APN2,MAT1-1-1		
GCA_001510565.1_ASM151056v1	Ascomycota:MAT	LNGL01000017.1	186642-211945	186642-211945	withheld:modelled_gene_bar+polish_capped	withheld:modelled_gene_bar+polish_capped	MAT1-2	MAT1-2														COX13,MAT1-2-1	COX13,MAT1-2-1		
GCA_001510565.1_ASM151056v1	Ascomycota:MAT	LNGL01000025.1	567830-591594	567830-591594	withheld:modelled_gene_bar+polish_capped	withheld:modelled_gene_bar+polish_capped	MAT1-1	MAT1-1														APN2,MAT1-1-1	APN2,MAT1-1-1		
GCA_001510565.1_ASM151056v1	Ascomycota:MAT	LNGL01000026.1	1213594-1238188	1213594-1238188	withheld:modelled_gene_bar	withheld:modelled_gene_bar	MAT1-1	MAT1-1														COX13,MAT1-1-1	COX13,MAT1-1-1		
GCA_001510565.1_ASM151056v1	Ascomycota:MAT	LNGL01000027.1	65062-78991	65062-78991	withheld:modelled_gene_bar+polish_capped	withheld:modelled_gene_bar+polish_capped	MAT1-2	MAT1-2														APN2,MAT1-2-1	APN2,MAT1-2-1		
GCA_001510565.1_ASM151056v1	Ascomycota:MAT	LNGL01000043.1	161464-210974	161464-210974	withheld:modelled_gene_bar+polish_capped	withheld:modelled_gene_bar+polish_capped	MAT1-2	MAT1-2														APN2,MAT1-2-1	APN2,MAT1-2-1		
GCA_001557505.1_ASM155750v1	Ascomycota:MAT	LSAX01000007.1	2729756-2746128	2729756-2746128	called	called	MAT1-1	MAT1-1	high	high	mat_locus	mat_locus										APN2,COX13,MAT1-1-1,MAT1-1-3,SLA2	APN2,COX13,MAT1-1-1,MAT1-1-3,SLA2		
GCA_001557505.1_ASM155750v1	Ascomycota:MAT	LSAX01000002.1	1317142-1325143	1317142-1325143	withheld:modelled_gene_bar+polish_capped	withheld:modelled_gene_bar+polish_capped	MAT1-2	MAT1-2														APN2,MAT1-2-1	APN2,MAT1-2-1		
GCA_001557505.1_ASM155750v1	Ascomycota:MAT	LSAX01000002.1	2052751-2061602	2052751-2061602	withheld:modelled_gene_bar+polish_capped	withheld:modelled_gene_bar+polish_capped	MAT1-2	MAT1-2														APN2,MAT1-2-1	APN2,MAT1-2-1		
GCA_001557505.1_ASM155750v1	Ascomycota:MAT	LSAX01000001.1	587700-621592	587700-621592	withheld:modelled_gene_bar	withheld:modelled_gene_bar	MAT1-1	MAT1-1														APN2,MAT1-1-1,MAT1-1-2	APN2,MAT1-1-1,MAT1-1-2		
GCA_001557505.1_ASM155750v1	Ascomycota:MAT	LSAX01000001.1	3038253-3053185	3038253-3053185	withheld:modelled_gene_bar+polish_capped	withheld:modelled_gene_bar+polish_capped	MAT1-1	MAT1-1														MAT1-1-1,SLA2	MAT1-1-1,SLA2		
GCA_001557505.1_ASM155750v1	Ascomycota:MAT	LSAX01000006.1	3206587-3229040	3206587-3229040	withheld:modelled_gene_bar+polish_capped	withheld:modelled_gene_bar+polish_capped	MAT1-2	MAT1-2														APN2,MAT1-2-1	APN2,MAT1-2-1		
GCA_001557505.1_ASM155750v1	Ascomycota:MAT	LSAX01000005.1	1179891-1191325	1179891-1191325	withheld:modelled_gene_bar+polish_capped	withheld:modelled_gene_bar+polish_capped	MAT1-2	MAT1-2														APN2,MAT1-2-1	APN2,MAT1-2-1		
GCA_001557505.1_ASM155750v1	Ascomycota:MAT	LSAX01000009.1	1430192-1446125	1430192-1446125	withheld:modelled_gene_bar	withheld:modelled_gene_bar	MAT1-2	MAT1-2														APN2,MAT1-2-1,MAT1-2-4	APN2,MAT1-2-1,MAT1-2-4		
GCA_001557505.1_ASM155750v1	Ascomycota:MAT	LSAX01000013.1	434407-437026	434407-437026	withheld:modelled_gene_bar+polish_capped	withheld:modelled_gene_bar+polish_capped	MAT1-2	MAT1-2														APN2,MAT1-2-1	APN2,MAT1-2-1		
GCA_001557505.1_ASM155750v1	Ascomycota:MAT	LSAX01000004.1	3789179-3800390	3789179-3800390	withheld:modelled_gene_bar+polish_capped	withheld:modelled_gene_bar+polish_capped	MAT1-1	MAT1-1														MAT1-1-1,SLA2	MAT1-1-1,SLA2		
GCA_001599215.1_JCM_7620_assembly_v001	Ascomycota:PM	BCGJ01000004.1	149255-149356	149255-149356	withheld:modelled_gene_bar	withheld:modelled_gene_bar	P	P														matPi	matPi		
GCA_001599215.1_JCM_7620_assembly_v001	Ascomycota:PM	BCGJ01000004.1	180018-194689	180018-194689	withheld:modelled_gene_bar	withheld:modelled_gene_bar	M	M														matMc,matPi	matMc,matPi		
GCA_001599215.1_JCM_7620_assembly_v001	Ascomycota:MATsc	BCGJ01000004.1	180018-194689	180018-194689	withheld:modelled_gene_bar	withheld:modelled_gene_bar	undetermined	undetermined														MATA2,sla2	MATA2,sla2		
GCA_001599215.1_JCM_7620_assembly_v001	Ascomycota:MTL	BCGJ01000004.1	180018-194689	180018-194689	withheld:modelled_gene_bar	withheld:modelled_gene_bar	A	A														MTLA2	MTLA2		
GCA_001599215.1_JCM_7620_assembly_v001	Ascomycota:MAT	BCGJ01000004.1	180018-194689	180018-194689	withheld:modelled_gene_bar	withheld:modelled_gene_bar	MAT1-1	MAT1-1														MAT1-1-3,SLA2	MAT1-1-3,SLA2		
GCA_001599215.1_JCM_7620_assembly_v001	Ascomycota:MATyl	BCGJ01000004.1	180018-194689	180018-194689	withheld:modelled_gene_bar	withheld:modelled_gene_bar	undetermined	undetermined														sla2	sla2		
GCA_001599215.1_JCM_7620_assembly_v001	Ascomycota:MATtub	BCGJ01000004.1	180018-194689	180018-194689	withheld:modelled_gene_bar	withheld:modelled_gene_bar	undetermined	undetermined														SLA2	SLA2		
GCA_001599215.1_JCM_7620_assembly_v001	Ascomycota:MAT	BCGJ01000004.1	224315-247950	224315-247950	withheld:modelled_gene_bar	withheld:modelled_gene_bar	undetermined	undetermined														APN2,COX13,SLA2	APN2,COX13,SLA2		
GCA_001599215.1_JCM_7620_assembly_v001	Ascomycota:mat1	BCGJ01000004.1	366377-375774	366377-375774	withheld:modelled_gene_bar	withheld:modelled_gene_bar	M	M														mat1-Mc	mat1-Mc		
GCA_001599215.1_JCM_7620_assembly_v001	Ascomycota:MTL	BCGJ01000004.1	568570-575469	568570-575469	withheld:modelled_gene_bar	withheld:modelled_gene_bar	alpha	alpha														MTLalpha1,PIK1	MTLalpha1,PIK1		
GCA_001599215.1_JCM_7620_assembly_v001	Ascomycota:MATsc	BCGJ01000004.1	1585100-1585321	1585100-1585321	withheld:modelled_gene_bar	withheld:modelled_gene_bar	MATa	MATa														MATA1	MATA1		
GCA_001599215.1_JCM_7620_assembly_v001	Ascomycota:MTL	BCGJ01000004.1	1585100-1585321	1585100-1585321	withheld:modelled_gene_bar	withheld:modelled_gene_bar	A	A														MTLA1	MTLA1		
GCA_001599215.1_JCM_7620_assembly_v001	Ascomycota:MATyl	BCGJ01000004.1	1585100-1585321	1585100-1585321	withheld:modelled_gene_bar	withheld:modelled_gene_bar	A	A														mata1	mata1		
GCA_001599215.1_JCM_7620_assembly_v001	Ascomycota:MAT	BCGJ01000005.1	197074-251171	197074-251171	withheld:modelled_gene_bar+polish_capped	withheld:modelled_gene_bar+polish_capped	MAT1-1	MAT1-1														COX13,MAT1-1-1	COX13,MAT1-1-1		
GCA_001599215.1_JCM_7620_assembly_v001	Ascomycota:MATsc	BCGJ01000005.1	197074-251171	197074-251171	withheld:modelled_gene_bar	withheld:modelled_gene_bar	undetermined	undetermined														MATALPHA2	MATALPHA2		
GCA_001599215.1_JCM_7620_assembly_v001	Ascomycota:MATtub	BCGJ01000005.1	197074-251171	197074-251171	withheld:modelled_gene_bar	withheld:modelled_gene_bar	undetermined	undetermined														SLA2	SLA2		
GCA_001599215.1_JCM_7620_assembly_v001	Ascomycota:MATsc	BCGJ01000005.1	277086-277262	277086-277262	withheld:modelled_gene_bar	withheld:modelled_gene_bar	MATa	MATa														MATA1	MATA1		
GCA_001599215.1_JCM_7620_assembly_v001	Ascomycota:mat1	BCGJ01000005.1	365961-389475	365961-389475	withheld:modelled_gene_bar	withheld:modelled_gene_bar	M	M														mat1-Mc	mat1-Mc		
GCA_001599215.1_JCM_7620_assembly_v001	Ascomycota:PM	BCGJ01000005.1	365961-389475	365961-389475	withheld:modelled_gene_bar	withheld:modelled_gene_bar	M	M														matMc	matMc		
GCA_001599215.1_JCM_7620_assembly_v001	Ascomycota:mat2	BCGJ01000005.1	365961-389475	365961-389475	withheld:modelled_gene_bar	withheld:modelled_gene_bar	P	P														matPc	matPc		
GCA_001599215.1_JCM_7620_assembly_v001	Ascomycota:MATtub	BCGJ01000005.1	365961-389475	365961-389475	withheld:modelled_gene_bar	withheld:modelled_gene_bar	MAT1-2	MAT1-2														MAT1-2-1	MAT1-2-1		
GCA_001599215.1_JCM_7620_assembly_v001	Ascomycota:MAT	BCGJ01000005.1	365961-389475	365961-389475	withheld:modelled_gene_bar	withheld:modelled_gene_bar	MAT1-2	MAT1-2														MAT1-2-1	MAT1-2-1		
GCA_001599215.1_JCM_7620_assembly_v001	Ascomycota:MATyl	BCGJ01000005.1	365961-389475	365961-389475	withheld:modelled_gene_bar	withheld:modelled_gene_bar	A	A														mata2	mata2		
GCA_001599215.1_JCM_7620_assembly_v001	Ascomycota:MTL	BCGJ01000005.1	365961-389475	365961-389475	withheld:modelled_gene_bar	withheld:modelled_gene_bar	undetermined	undetermined														PIK1	PIK1		
GCA_001599215.1_JCM_7620_assembly_v001	Ascomycota:mat2	BCGJ01000005.1	457871-475729	457871-475729	withheld:modelled_gene_bar	withheld:modelled_gene_bar	P	P														matPi	matPi		
GCA_001599215.1_JCM_7620_assembly_v001	Ascomycota:MTL	BCGJ01000005.1	457871-475729	457871-475729	withheld:modelled_gene_bar	withheld:modelled_gene_bar	A	A														MTLA1	MTLA1		
GCA_001599215.1_JCM_7620_assembly_v001	Ascomycota:mat1	BCGJ01000005.1	530894-545647	530894-545647	withheld:modelled_gene_bar	withheld:modelled_gene_bar	P	P														mat1-Pc	mat1-Pc		
GCA_001599215.1_JCM_7620_assembly_v001	Ascomycota:MATsc	BCGJ01000005.1	940059-943640	940059-943640	withheld:modelled_gene_bar	withheld:modelled_gene_bar	MATalpha	MATalpha														MATALPHA1	MATALPHA1		
GCA_001599215.1_JCM_7620_assembly_v001	Ascomycota:PM	BCGJ01000005.1	1000388-1001656	1000388-1001656	withheld:modelled_gene_bar	withheld:modelled_gene_bar	M	M														matMc	matMc		
GCA_001599215.1_JCM_7620_assembly_v001	Ascomycota:mat1	BCGJ01000005.1	1555524-1555775	1555524-1555775	withheld:modelled_gene_bar	withheld:modelled_gene_bar	M	M														mat1-Mc	mat1-Mc		
GCA_001599215.1_JCM_7620_assembly_v001	Ascomycota:mat1	BCGJ01000001.1	73537-73881	73537-73881	withheld:modelled_gene_bar	withheld:modelled_gene_bar	P	P														mat1-Pi	mat1-Pi		
GCA_001599215.1_JCM_7620_assembly_v001	Ascomycota:MATsc	BCGJ01000001.1	108080-108172	108080-108172	withheld:modelled_gene_bar	withheld:modelled_gene_bar	undetermined	undetermined														MATA2,MATALPHA2	MATA2,MATALPHA2		
GCA_001599215.1_JCM_7620_assembly_v001	Ascomycota:mat1	BCGJ01000001.1	290962-291246	290962-291246	withheld:modelled_gene_bar	withheld:modelled_gene_bar	M	M														mat1-Mc	mat1-Mc		
GCA_001599215.1_JCM_7620_assembly_v001	Ascomycota:PM	BCGJ01000001.1	290962-291246	290962-291246	withheld:modelled_gene_bar	withheld:modelled_gene_bar	M	M														matMc	matMc		
GCA_001599215.1_JCM_7620_assembly_v001	Ascomycota:MATtub	BCGJ01000001.1	290962-291246	290962-291246	withheld:modelled_gene_bar	withheld:modelled_gene_bar	MAT1-2	MAT1-2														MAT1-2-1	MAT1-2-1		
GCA_001599215.1_JCM_7620_assembly_v001	Ascomycota:MAT	BCGJ01000001.1	290962-291246	290962-291246	withheld:modelled_gene_bar	withheld:modelled_gene_bar	MAT1-2	MAT1-2														MAT1-2-1	MAT1-2-1		
GCA_001599215.1_JCM_7620_assembly_v001	Ascomycota:MTL	BCGJ01000001.1	519654-536115	519654-536115	withheld:modelled_gene_bar	withheld:modelled_gene_bar	A	A														MTLA2	MTLA2		
GCA_001599215.1_JCM_7620_assembly_v001	Ascomycota:MTL	BCGJ01000001.1	626816-626947	626816-626947	withheld:modelled_gene_bar	withheld:modelled_gene_bar	A	A														MTLA2	MTLA2		
GCA_001599215.1_JCM_7620_assembly_v001	Ascomycota:MTL	BCGJ01000001.1	696395-696511	696395-696511	withheld:modelled_gene_bar	withheld:modelled_gene_bar	alpha	alpha														MTLalpha1	MTLalpha1		
GCA_001599215.1_JCM_7620_assembly_v001	Ascomycota:MTL	BCGJ01000001.1	1001341-1001535	1001341-1001535	withheld:modelled_gene_bar	withheld:modelled_gene_bar	A	A														MTLA2	MTLA2		
GCA_001599215.1_JCM_7620_assembly_v001	Ascomycota:MTL	BCGJ01000001.1	1357207-1372675	1357207-1372675	withheld:modelled_gene_bar	withheld:modelled_gene_bar	A	A														MTLA1	MTLA1		
GCA_001599215.1_JCM_7620_assembly_v001	Ascomycota:mat1	BCGJ01000001.1	1530817-1542833	1530817-1542833	withheld:modelled_gene_bar	withheld:modelled_gene_bar	P	P														mat1-Pi	mat1-Pi		
GCA_001599215.1_JCM_7620_assembly_v001	Ascomycota:MATsc	BCGJ01000001.1	1530817-1542833	1530817-1542833	withheld:modelled_gene_bar	withheld:modelled_gene_bar	undetermined	undetermined														MATALPHA2	MATALPHA2		
GCA_001599215.1_JCM_7620_assembly_v001	Ascomycota:MTL	BCGJ01000001.1	1530817-1542833	1530817-1542833	withheld:modelled_gene_bar	withheld:modelled_gene_bar	A	A														MTLA1	MTLA1		
GCA_001599215.1_JCM_7620_assembly_v001	Ascomycota:MATtub	BCGJ01000001.1	1530817-1542833	1530817-1542833	withheld:modelled_gene_bar	withheld:modelled_gene_bar	MAT1-1	MAT1-1														MAT1-1-1	MAT1-1-1		
GCA_001599215.1_JCM_7620_assembly_v001	Ascomycota:MATyl	BCGJ01000001.1	1530817-1542833	1530817-1542833	withheld:modelled_gene_bar	withheld:modelled_gene_bar	A	A														mata1	mata1		
GCA_001599215.1_JCM_7620_assembly_v001	Ascomycota:MATsc	BCGJ01000001.1	1667326-1667457	1667326-1667457	withheld:modelled_gene_bar	withheld:modelled_gene_bar	undetermined	undetermined														MATA2	MATA2		
GCA_001599215.1_JCM_7620_assembly_v001	Ascomycota:MTL	BCGJ01000001.1	1812011-1812121	1812011-1812121	withheld:modelled_gene_bar	withheld:modelled_gene_bar	A	A														MTLA1	MTLA1		
GCA_001599215.1_JCM_7620_assembly_v001	Ascomycota:MATsc	BCGJ01000001.1	1861957-1862061	1861957-1862061	withheld:modelled_gene_bar	withheld:modelled_gene_bar	undetermined	undetermined														MATA2	MATA2		
GCA_001599215.1_JCM_7620_assembly_v001	Ascomycota:mat1	BCGJ01000001.1	2089393-2089593	2089393-2089593	withheld:modelled_gene_bar	withheld:modelled_gene_bar	M	M														mat1-Mc	mat1-Mc		
GCA_001599215.1_JCM_7620_assembly_v001	Ascomycota:PM	BCGJ01000001.1	2114970-2118413	2114970-2118413	withheld:modelled_gene_bar	withheld:modelled_gene_bar	M	M														matMc	matMc		
GCA_001599215.1_JCM_7620_assembly_v001	Ascomycota:MTL	BCGJ01000001.1	2180516-2180662	2180516-2180662	withheld:modelled_gene_bar	withheld:modelled_gene_bar	alpha	alpha														MTLalpha1	MTLalpha1		
GCA_001599215.1_JCM_7620_assembly_v001	Ascomycota:MTL	BCGJ01000001.1	2263522-2284693	2263522-2284693	withheld:modelled_gene_bar	withheld:modelled_gene_bar	alpha	alpha														MTLalpha1	MTLalpha1		
GCA_001599215.1_JCM_7620_assembly_v001	Ascomycota:MTL	BCGJ01000001.1	2311799-2312116	2311799-2312116	withheld:modelled_gene_bar	withheld:modelled_gene_bar	A	A														MTLA1	MTLA1		
GCA_001599215.1_JCM_7620_assembly_v001	Ascomycota:MTL	BCGJ01000001.1	2343451-2343561	2343451-2343561	withheld:modelled_gene_bar	withheld:modelled_gene_bar	A	A														MTLA2	MTLA2		
GCA_001599215.1_JCM_7620_assembly_v001	Ascomycota:MATsc	BCGJ01000001.1	2435447-2463753	2435447-2463753	withheld:modelled_gene_bar	withheld:modelled_gene_bar	MATalpha	MATalpha														MATALPHA1	MATALPHA1		
GCA_001599215.1_JCM_7620_assembly_v001	Ascomycota:MATsc	BCGJ01000001.1	2730312-2738966	2730312-2738966	withheld:modelled_gene_bar	withheld:modelled_gene_bar	MATalpha	MATalpha														MATALPHA1,MATALPHA2	MATALPHA1,MATALPHA2		
GCA_001599215.1_JCM_7620_assembly_v001	Ascomycota:MATsc	BCGJ01000001.1	2831147-2835340	2831147-2835340	withheld:modelled_gene_bar	withheld:modelled_gene_bar	MATa	MATa														MATA1	MATA1		
GCA_001599215.1_JCM_7620_assembly_v001	Ascomycota:MTL	BCGJ01000001.1	2916414-2920642	2916414-2920642	withheld:modelled_gene_bar	withheld:modelled_gene_bar	alpha	alpha														MTLalpha1	MTLalpha1		
GCA_001599215.1_JCM_7620_assembly_v001	Ascomycota:MTL	BCGJ01000001.1	3103709-3103813	3103709-3103813	withheld:modelled_gene_bar	withheld:modelled_gene_bar	A	A														MTLA1	MTLA1		
GCA_001599215.1_JCM_7620_assembly_v001	Ascomycota:MATsc	BCGJ01000007.1	78516-78713	78516-78713	withheld:modelled_gene_bar	withheld:modelled_gene_bar	MATalpha	MATalpha														MATALPHA1	MATALPHA1		
GCA_001599215.1_JCM_7620_assembly_v001	Ascomycota:PM	BCGJ01000007.1	254990-255106	254990-255106	withheld:modelled_gene_bar	withheld:modelled_gene_bar	M	M														matMi	matMi		
GCA_001599215.1_JCM_7620_assembly_v001	Ascomycota:mat1	BCGJ01000007.1	299487-321276	299487-321276	withheld:modelled_gene_bar	withheld:modelled_gene_bar	M	M														mat1-Mi	mat1-Mi		
GCA_001599215.1_JCM_7620_assembly_v001	Ascomycota:PM	BCGJ01000007.1	568016-568105	568016-568105	withheld:modelled_gene_bar	withheld:modelled_gene_bar	P	P														matPi	matPi		
GCA_001599215.1_JCM_7620_assembly_v001	Ascomycota:MATsc	BCGJ01000007.1	737301-746161	737301-746161	withheld:modelled_gene_bar	withheld:modelled_gene_bar	MATa	MATa														MATA1	MATA1		
GCA_001599215.1_JCM_7620_assembly_v001	Ascomycota:MATsc	BCGJ01000007.1	1003315-1006882	1003315-1006882	withheld:modelled_gene_bar	withheld:modelled_gene_bar	MATalpha	MATalpha														MATALPHA1	MATALPHA1		
GCA_001599215.1_JCM_7620_assembly_v001	Ascomycota:MAT	BCGJ01000014.1	15359-32000	15359-32000	withheld:modelled_gene_bar+polish_capped	withheld:modelled_gene_bar+polish_capped	MAT1-2	MAT1-2														MAT1-2-1,SLA2	MAT1-2-1,SLA2		
GCA_001599215.1_JCM_7620_assembly_v001	Ascomycota:MTL	BCGJ01000014.1	119823-125791	119823-125791	withheld:modelled_gene_bar	withheld:modelled_gene_bar	alpha	alpha														MTLalpha1,PAP1	MTLalpha1,PAP1		
GCA_001599215.1_JCM_7620_assembly_v001	Ascomycota:mat2	BCGJ01000014.1	201450-226745	201450-226745	withheld:modelled_gene_bar	withheld:modelled_gene_bar	P	P														matPi	matPi		
GCA_001599215.1_JCM_7620_assembly_v001	Ascomycota:MTL	BCGJ01000002.1	116854-140679	116854-140679	withheld:modelled_gene_bar	withheld:modelled_gene_bar	alpha	alpha														MTLalpha1	MTLalpha1		
GCA_001599215.1_JCM_7620_assembly_v001	Ascomycota:PM	BCGJ01000002.1	309422-309571	309422-309571	withheld:modelled_gene_bar	withheld:modelled_gene_bar	P	P														matPi	matPi		
GCA_001599215.1_JCM_7620_assembly_v001	Ascomycota:MATsc	BCGJ01000002.1	357231-364573	357231-364573	withheld:modelled_gene_bar	withheld:modelled_gene_bar	MATalpha	MATalpha														MATALPHA1	MATALPHA1		
GCA_001599215.1_JCM_7620_assembly_v001	Ascomycota:MTL	BCGJ01000002.1	859848-880438	859848-880438	withheld:modelled_gene_bar	withheld:modelled_gene_bar	A	A														MTLA1	MTLA1		
GCA_001599215.1_JCM_7620_assembly_v001	Ascomycota:MTL	BCGJ01000002.1	958115-976908	958115-976908	withheld:modelled_gene_bar	withheld:modelled_gene_bar	alpha	alpha														MTLalpha1	MTLalpha1		
GCA_001599215.1_JCM_7620_assembly_v001	Ascomycota:MAT	BCGJ01000002.1	958115-976908	958115-976908	withheld:modelled_gene_bar+polish_capped	withheld:modelled_gene_bar+polish_capped	MAT1-1	MAT1-1														APN2,MAT1-1-1	APN2,MAT1-1-1		
GCA_001599215.1_JCM_7620_assembly_v001	Ascomycota:MTL	BCGJ01000002.1	1063922-1064197	1063922-1064197	withheld:modelled_gene_bar	withheld:modelled_gene_bar	A	A														MTLA2	MTLA2		
GCA_001599215.1_JCM_7620_assembly_v001	Ascomycota:mat1	BCGJ01000002.1	1201919-1202062	1201919-1202062	withheld:modelled_gene_bar	withheld:modelled_gene_bar	P	P														mat1-Pc	mat1-Pc		
GCA_001599215.1_JCM_7620_assembly_v001	Ascomycota:MAT	BCGJ01000002.1	1367458-1399387	1367458-1399387	withheld:modelled_gene_bar+polish_capped	withheld:modelled_gene_bar+polish_capped	MAT1-1	MAT1-1														MAT1-1-1,SLA2	MAT1-1-1,SLA2		
GCA_001599215.1_JCM_7620_assembly_v001	Ascomycota:PM	BCGJ01000002.1	1367458-1399387	1367458-1399387	withheld:modelled_gene_bar	withheld:modelled_gene_bar	M	M														matMc	matMc		
GCA_001599215.1_JCM_7620_assembly_v001	Ascomycota:MATyl	BCGJ01000002.1	1367458-1399387	1367458-1399387	withheld:modelled_gene_bar	withheld:modelled_gene_bar	A	A														mata1	mata1		
GCA_001599215.1_JCM_7620_assembly_v001	Ascomycota:MTL	BCGJ01000002.1	1367458-1399387	1367458-1399387	withheld:modelled_gene_bar	withheld:modelled_gene_bar	undetermined	undetermined														PIK1	PIK1		
GCA_001599215.1_JCM_7620_assembly_v001	Ascomycota:mat1	BCGJ01000002.1	1469852-1478791	1469852-1478791	withheld:modelled_gene_bar	withheld:modelled_gene_bar	P	P														mat1-Pi	mat1-Pi		
GCA_001599215.1_JCM_7620_assembly_v001	Ascomycota:MTL	BCGJ01000010.1	6188-6325	6188-6325	withheld:modelled_gene_bar	withheld:modelled_gene_bar	alpha	alpha														MTLalpha1	MTLalpha1		
GCA_001599215.1_JCM_7620_assembly_v001	Ascomycota:MATsc	BCGJ01000010.1	95680-95808	95680-95808	withheld:modelled_gene_bar	withheld:modelled_gene_bar	undetermined	undetermined														MATA2	MATA2		
GCA_001599215.1_JCM_7620_assembly_v001	Ascomycota:MAT	BCGJ01000010.1	563380-589934	563380-589934	withheld:modelled_gene_bar	withheld:modelled_gene_bar	MAT1-1	MAT1-1														MAT1-1-1,MAT1-1-5,MAT1-2-1,SLA2	MAT1-1-1,MAT1-1-5,MAT1-2-1,SLA2		
GCA_001599215.1_JCM_7620_assembly_v001	Ascomycota:MAT	BCGJ01000010.1	661122-670248	661122-670248	withheld:modelled_gene_bar+polish_capped	withheld:modelled_gene_bar+polish_capped	MAT1-2	MAT1-2														COX13,MAT1-2-1	COX13,MAT1-2-1		
GCA_001599215.1_JCM_7620_assembly_v001	Ascomycota:MATsc	BCGJ01000010.1	732050-741119	732050-741119	withheld:modelled_gene_bar	withheld:modelled_gene_bar	MATa	MATa														MATA1	MATA1		
GCA_001599215.1_JCM_7620_assembly_v001	Ascomycota:mat1	BCGJ01000008.1	14157-14285	14157-14285	withheld:modelled_gene_bar	withheld:modelled_gene_bar	P	P														mat1-Pc	mat1-Pc		
GCA_001599215.1_JCM_7620_assembly_v001	Ascomycota:PM	BCGJ01000008.1	355887-358723	355887-358723	withheld:modelled_gene_bar	withheld:modelled_gene_bar	P	P														matPi	matPi		
GCA_001599215.1_JCM_7620_assembly_v001	Ascomycota:MATsc	BCGJ01000008.1	683325-684068	683325-684068	withheld:modelled_gene_bar	withheld:modelled_gene_bar	MATalpha	MATalpha														MATALPHA1	MATALPHA1		
GCA_001599215.1_JCM_7620_assembly_v001	Ascomycota:MTL	BCGJ01000008.1	716949-717050	716949-717050	withheld:modelled_gene_bar	withheld:modelled_gene_bar	A	A														MTLA1	MTLA1		
GCA_001599215.1_JCM_7620_assembly_v001	Ascomycota:MTL	BCGJ01000003.1	127256-127372	127256-127372	withheld:modelled_gene_bar	withheld:modelled_gene_bar	A	A														MTLA1	MTLA1		
GCA_001599215.1_JCM_7620_assembly_v001	Ascomycota:PM	BCGJ01000003.1	358087-394123	358087-394123	withheld:modelled_gene_bar	withheld:modelled_gene_bar	P	P														matPi	matPi		
GCA_001599215.1_JCM_7620_assembly_v001	Ascomycota:MAT	BCGJ01000003.1	358087-394123	358087-394123	withheld:modelled_gene_bar+polish_capped	withheld:modelled_gene_bar+polish_capped	MAT1-2	MAT1-2														COX13,MAT1-2-1	COX13,MAT1-2-1		
GCA_001599215.1_JCM_7620_assembly_v001	Ascomycota:mat1	BCGJ01000003.1	358087-394123	358087-394123	withheld:modelled_gene_bar	withheld:modelled_gene_bar	P	P														mat1-Pi	mat1-Pi		
GCA_001599215.1_JCM_7620_assembly_v001	Ascomycota:mat2	BCGJ01000003.1	358087-394123	358087-394123	withheld:modelled_gene_bar	withheld:modelled_gene_bar	P	P														matPi	matPi		
GCA_001599215.1_JCM_7620_assembly_v001	Ascomycota:MATsc	BCGJ01000003.1	358087-394123	358087-394123	withheld:modelled_gene_bar	withheld:modelled_gene_bar	MATa	MATa														MATA1	MATA1		
GCA_001599215.1_JCM_7620_assembly_v001	Ascomycota:MTL	BCGJ01000003.1	358087-394123	358087-394123	withheld:modelled_gene_bar	withheld:modelled_gene_bar	alpha	alpha														MTLalpha2	MTLalpha2		
GCA_001599215.1_JCM_7620_assembly_v001	Ascomycota:MATtub	BCGJ01000003.1	358087-394123	358087-394123	withheld:modelled_gene_bar	withheld:modelled_gene_bar	undetermined	undetermined														APN2	APN2		
GCA_001599215.1_JCM_7620_assembly_v001	Ascomycota:MATsc	BCGJ01000003.1	707683-707805	707683-707805	withheld:modelled_gene_bar	withheld:modelled_gene_bar	MATalpha	MATalpha														MATALPHA1	MATALPHA1		
GCA_001599215.1_JCM_7620_assembly_v001	Ascomycota:MATsc	BCGJ01000003.1	768781-769089	768781-769089	withheld:modelled_gene_bar	withheld:modelled_gene_bar	undetermined	undetermined														MATALPHA2	MATALPHA2		
GCA_001599215.1_JCM_7620_assembly_v001	Ascomycota:MATsc	BCGJ01000003.1	869400-869558	869400-869558	withheld:modelled_gene_bar	withheld:modelled_gene_bar	MATalpha	MATalpha														MATALPHA1	MATALPHA1		
GCA_001599215.1_JCM_7620_assembly_v001	Ascomycota:MTL	BCGJ01000003.1	1023009-1048068	1023009-1048068	withheld:modelled_gene_bar	withheld:modelled_gene_bar	A	A														MTLA1	MTLA1		
GCA_001599215.1_JCM_7620_assembly_v001	Ascomycota:MTL	BCGJ01000003.1	1108040-1137778	1108040-1137778	withheld:modelled_gene_bar	withheld:modelled_gene_bar	alpha	alpha														MTLA2,MTLalpha1	MTLA2,MTLalpha1		
GCA_001599215.1_JCM_7620_assembly_v001	Ascomycota:PM	BCGJ01000003.1	1163887-1220516	1163887-1220516	withheld:modelled_gene_bar	withheld:modelled_gene_bar	P	P														matPi	matPi		
GCA_001599215.1_JCM_7620_assembly_v001	Ascomycota:mat1	BCGJ01000003.1	1163887-1220516	1163887-1220516	withheld:modelled_gene_bar	withheld:modelled_gene_bar	P	P														mat1-Pi	mat1-Pi		
GCA_001599215.1_JCM_7620_assembly_v001	Ascomycota:mat2	BCGJ01000003.1	1163887-1220516	1163887-1220516	withheld:modelled_gene_bar	withheld:modelled_gene_bar	P	P														matPi	matPi		
GCA_001599215.1_JCM_7620_assembly_v001	Ascomycota:MATsc	BCGJ01000003.1	1163887-1220516	1163887-1220516	withheld:modelled_gene_bar	withheld:modelled_gene_bar	MATa	MATa														MATA1	MATA1		
GCA_001599215.1_JCM_7620_assembly_v001	Ascomycota:MTL	BCGJ01000003.1	1163887-1220516	1163887-1220516	withheld:modelled_gene_bar	withheld:modelled_gene_bar	A	A														MTLA1,OBP1	MTLA1,OBP1		
GCA_001599215.1_JCM_7620_assembly_v001	Ascomycota:MAT	BCGJ01000003.1	1163887-1220516	1163887-1220516	withheld:modelled_gene_bar	withheld:modelled_gene_bar	undetermined	undetermined														APN2	APN2		
GCA_001599215.1_JCM_7620_assembly_v001	Ascomycota:PM	BCGJ01000003.1	1322840-1323010	1322840-1323010	withheld:modelled_gene_bar	withheld:modelled_gene_bar	M	M														matMc	matMc		
GCA_001599215.1_JCM_7620_assembly_v001	Ascomycota:MTL	BCGJ01000003.1	1718633-1736949	1718633-1736949	withheld:modelled_gene_bar	withheld:modelled_gene_bar	A	A														MTLA1,OBP1	MTLA1,OBP1		
GCA_001599215.1_JCM_7620_assembly_v001	Ascomycota:mat1	BCGJ01000009.1	291434-374164	291434-374164	withheld:modelled_gene_bar	withheld:modelled_gene_bar	P	P														mat1-Pi	mat1-Pi		
GCA_001599215.1_JCM_7620_assembly_v001	Ascomycota:MATsc	BCGJ01000009.1	404016-420646	404016-420646	withheld:modelled_gene_bar	withheld:modelled_gene_bar	MATalpha	MATalpha														MATALPHA1	MATALPHA1		
GCA_001599215.1_JCM_7620_assembly_v001	Ascomycota:MTL	BCGJ01000009.1	544066-559757	544066-559757	withheld:modelled_gene_bar+polish_capped	withheld:modelled_gene_bar+polish_capped	alpha	alpha														MTLA1,MTLalpha1	MTLA1,MTLalpha1		
GCA_001599215.1_JCM_7620_assembly_v001	Ascomycota:MATsc	BCGJ01000009.1	715021-722361	715021-722361	withheld:modelled_gene_bar	withheld:modelled_gene_bar	undetermined	undetermined														MATALPHA2	MATALPHA2		
GCA_001599215.1_JCM_7620_assembly_v001	Ascomycota:MATsc	BCGJ01000006.1	43710-58828	43710-58828	withheld:modelled_gene_bar	withheld:modelled_gene_bar	undetermined	undetermined														MATALPHA2	MATALPHA2		
GCA_001599215.1_JCM_7620_assembly_v001	Ascomycota:MTL	BCGJ01000006.1	43710-58828	43710-58828	withheld:modelled_gene_bar	withheld:modelled_gene_bar	A	A														MTLA1	MTLA1		
GCA_001599215.1_JCM_7620_assembly_v001	Ascomycota:PM	BCGJ01000006.1	339186-354964	339186-354964	withheld:modelled_gene_bar	withheld:modelled_gene_bar	M	M														matMc	matMc		
GCA_001599215.1_JCM_7620_assembly_v001	Ascomycota:MAT	BCGJ01000006.1	456646-472627	456646-472627	withheld:modelled_gene_bar+polish_capped	withheld:modelled_gene_bar+polish_capped	MAT1-1	MAT1-1														MAT1-1-1,SLA2	MAT1-1-1,SLA2		
GCA_001599215.1_JCM_7620_assembly_v001	Ascomycota:MATtub	BCGJ01000006.1	723043-780229	723043-780229	withheld:modelled_gene_bar	withheld:modelled_gene_bar	MAT1-2	MAT1-2														MAT1-2-1,unnamed_flanking_ORF	MAT1-2-1,unnamed_flanking_ORF		
GCA_001599215.1_JCM_7620_assembly_v001	Ascomycota:MATsc	BCGJ01000006.1	723043-780229	723043-780229	withheld:modelled_gene_bar	withheld:modelled_gene_bar	undetermined	undetermined														MATALPHA2	MATALPHA2		
GCA_001599215.1_JCM_7620_assembly_v001	Ascomycota:MAT	BCGJ01000006.1	723043-780229	723043-780229	withheld:modelled_gene_bar	withheld:modelled_gene_bar	MAT1-2	MAT1-2														MAT1-2-1	MAT1-2-1		
GCA_001599215.1_JCM_7620_assembly_v001	Ascomycota:MATyl	BCGJ01000006.1	723043-780229	723043-780229	withheld:modelled_gene_bar	withheld:modelled_gene_bar	undetermined	undetermined														sla2	sla2		
GCA_001599215.1_JCM_7620_assembly_v001	Ascomycota:MTL	BCGJ01000006.1	1236854-1251328	1236854-1251328	withheld:modelled_gene_bar	withheld:modelled_gene_bar	A	A														MTLA1	MTLA1		
GCA_001599215.1_JCM_7620_assembly_v001	Ascomycota:MTL	BCGJ01000006.1	1310991-1314707	1310991-1314707	withheld:modelled_gene_bar	withheld:modelled_gene_bar	A	A														MTLA1,MTLA2	MTLA1,MTLA2		
GCA_001599215.1_JCM_7620_assembly_v001	Ascomycota:MTL	BCGJ01000006.1	1445823-1455652	1445823-1455652	withheld:modelled_gene_bar	withheld:modelled_gene_bar	A	A														MTLA1	MTLA1		
GCA_001599215.1_JCM_7620_assembly_v001	Ascomycota:PM	BCGJ01000011.1	61540-63992	61540-63992	withheld:modelled_gene_bar	withheld:modelled_gene_bar	M	M														matMc	matMc		
GCA_001599215.1_JCM_7620_assembly_v001	Ascomycota:mat1	BCGJ01000012.1	117633-145201	117633-145201	withheld:modelled_gene_bar	withheld:modelled_gene_bar	P	P														mat1-Pc	mat1-Pc		
GCA_001599215.1_JCM_7620_assembly_v001	Ascomycota:mat1	BCGJ01000015.1	19299-29453	19299-29453	withheld:modelled_gene_bar	withheld:modelled_gene_bar	P	P														mat1-Pc	mat1-Pc		
GCA_001599215.1_JCM_7620_assembly_v001	Ascomycota:mat2	BCGJ01000015.1	104192-118749	104192-118749	withheld:modelled_gene_bar	withheld:modelled_gene_bar	P	P														matPc	matPc		
GCA_001599215.1_JCM_7620_assembly_v001	Ascomycota:MTL	BCGJ01000015.1	104192-118749	104192-118749	withheld:modelled_gene_bar	withheld:modelled_gene_bar	A	A														MTLA1	MTLA1		
GCA_001599215.1_JCM_7620_assembly_v001	Ascomycota:MATsc	BCGJ01000018.1	927-1166	927-1166	withheld:modelled_gene_bar	withheld:modelled_gene_bar	undetermined	undetermined														MATA2	MATA2		
GCA_001599215.1_JCM_7620_assembly_v001	Ascomycota:MATsc	BCGJ01000017.1	17344-17583	17344-17583	withheld:modelled_gene_bar	withheld:modelled_gene_bar	undetermined	undetermined														MATA2	MATA2		
GCA_001599215.1_JCM_7620_assembly_v001	Ascomycota:MATsc	BCGJ01000016.1	9632-25854	9632-25854	withheld:modelled_gene_bar	withheld:modelled_gene_bar	MATa	MATa														MATA1	MATA1		
GCA_001599215.1_JCM_7620_assembly_v001	Ascomycota:mat2	BCGJ01000013.1	165550-165672	165550-165672	withheld:modelled_gene_bar	withheld:modelled_gene_bar	P	P														matPc	matPc		
GCA_001599215.1_JCM_7620_assembly_v001	Ascomycota:MAT	BCGJ01000004.1	180018-194689	180018-194689	withheld:modelled_gene_bar	withheld:modelled_gene_bar	MAT1-1	MAT1-1														MAT1-1-3,SLA2	MAT1-1-3,SLA2		
GCA_001599215.1_JCM_7620_assembly_v001	Ascomycota:MAT	BCGJ01000004.1	1299687-1309353	1299687-1309353	withheld:modelled_gene_bar	withheld:modelled_gene_bar	MAT1-1	MAT1-1														MAT1-1-3,MAT1-2-10	MAT1-1-3,MAT1-2-10		
GCA_001599215.1_JCM_7620_assembly_v001	Ascomycota:MAT	BCGJ01000004.1	1409236-1413078	1409236-1413078	withheld:modelled_gene_bar+polish_capped	withheld:modelled_gene_bar+polish_capped	MAT1-1	MAT1-1														COX13,MAT1-1-2	COX13,MAT1-1-2		
GCA_001599215.1_JCM_7620_assembly_v001	Ascomycota:MAT	BCGJ01000004.1	1470326-1488617	1470326-1488617	withheld:modelled_gene_bar+polish_capped	withheld:modelled_gene_bar+polish_capped	MAT1-1	MAT1-1														MAT1-1-1,MAT1-1-2	MAT1-1-1,MAT1-1-2		
GCA_001599215.1_JCM_7620_assembly_v001	Ascomycota:MAT	BCGJ01000001.1	519654-536115	519654-536115	withheld:modelled_gene_bar+polish_capped	withheld:modelled_gene_bar+polish_capped	MAT1-1	MAT1-1														MAT1-1-2,MAT1-2-1	MAT1-1-2,MAT1-2-1		
GCA_001599215.1_JCM_7620_assembly_v001	Ascomycota:MAT	BCGJ01000001.1	1721093-1763386	1721093-1763386	withheld:modelled_gene_bar	withheld:modelled_gene_bar	MAT1-1	MAT1-1														MAT1-1-1,MAT1-2-1	MAT1-1-1,MAT1-2-1		
GCA_001599215.1_JCM_7620_assembly_v001	Ascomycota:MAT	BCGJ01000001.1	2435447-2463753	2435447-2463753	withheld:modelled_gene_bar	withheld:modelled_gene_bar	MAT1-1	MAT1-1														MAT1-1-1,MAT1-1-3,MAT1-2-1	MAT1-1-1,MAT1-1-3,MAT1-2-1		
GCA_001599215.1_JCM_7620_assembly_v001	Ascomycota:MAT	BCGJ01000002.1	391422-415179	391422-415179	withheld:modelled_gene_bar+polish_capped	withheld:modelled_gene_bar+polish_capped	MAT1-1	MAT1-1														COX13,MAT1-1-2	COX13,MAT1-1-2		
GCA_001599215.1_JCM_7620_assembly_v001	Ascomycota:MAT	BCGJ01000002.1	556563-584131	556563-584131	withheld:modelled_gene_bar+polish_capped	withheld:modelled_gene_bar+polish_capped	MAT1-1	MAT1-1														MAT1-1-2,MAT1-1-3	MAT1-1-2,MAT1-1-3		
GCA_001599215.1_JCM_7620_assembly_v001	Ascomycota:MAT	BCGJ01000002.1	792987-831752	792987-831752	withheld:modelled_gene_bar+polish_capped	withheld:modelled_gene_bar+polish_capped	MAT1-2	MAT1-2														MAT1-1-1,MAT1-2-1	MAT1-1-1,MAT1-2-1		
GCA_001599215.1_JCM_7620_assembly_v001	Ascomycota:MAT	BCGJ01000002.1	1730055-1800737	1730055-1800737	withheld:modelled_gene_bar	withheld:modelled_gene_bar	MAT1-1	MAT1-1														MAT1-1-5,MAT1-2-1,SLA2	MAT1-1-5,MAT1-2-1,SLA2		
GCA_001599215.1_JCM_7620_assembly_v001	Ascomycota:MAT	BCGJ01000010.1	291527-313800	291527-313800	withheld:modelled_gene_bar+polish_capped	withheld:modelled_gene_bar+polish_capped	undetermined	undetermined														MAT1-1-1,MAT1-2-1	MAT1-1-1,MAT1-2-1		
GCA_001599215.1_JCM_7620_assembly_v001	Ascomycota:MAT	BCGJ01000003.1	1023009-1048068	1023009-1048068	withheld:modelled_gene_bar+polish_capped	withheld:modelled_gene_bar+polish_capped	MAT1-1	MAT1-1														MAT1-1-1,MAT1-1-3	MAT1-1-1,MAT1-1-3		
GCA_001599215.1_JCM_7620_assembly_v001	Ascomycota:MATtub	BCGJ01000003.1	1403582-1448095	1403582-1448095	withheld:modelled_gene_bar	withheld:modelled_gene_bar	MAT1-2	MAT1-2														APN2,MAT1-2-1	APN2,MAT1-2-1		
GCA_001599215.1_JCM_7620_assembly_v001	Ascomycota:MAT	BCGJ01000003.1	1649149-1679518	1649149-1679518	withheld:modelled_gene_bar+polish_capped	withheld:modelled_gene_bar+polish_capped	MAT1-1	MAT1-1														MAT1-1-2,MAT1-1-3	MAT1-1-2,MAT1-1-3		
GCA_001599215.1_JCM_7620_assembly_v001	Ascomycota:MAT	BCGJ01000012.1	117633-145201	117633-145201	withheld:modelled_gene_bar+polish_capped	withheld:modelled_gene_bar+polish_capped	MAT1-1	MAT1-1														MAT1-1-1,MAT1-2-1	MAT1-1-1,MAT1-2-1		
GCA_001599215.1_JCM_7620_assembly_v001	Ascomycota:MAT	BCGJ01000002.1	1730055-1800737	1730055-1800737	withheld:below_fraction_floor	withheld:below_fraction_floor	MAT1-1	MAT1-1														MAT1-1-5,MAT1-2-1,SLA2	MAT1-1-5,MAT1-2-1,SLA2		
GCA_001692735.1_Leppa1	Ascomycota:MAT	KV744868.1	35860-62072	35860-62072	called	called	MAT1-2	MAT1-2	high	high	mat_locus	mat_locus										APN2,COX13,MAT1-2-1	APN2,COX13,MAT1-2-1		
GCA_001692735.1_Leppa1	Ascomycota:MAT	KV744930.1	2335-5097	2335-5097	withheld:modelled_gene_bar+polish_capped	withheld:modelled_gene_bar+polish_capped	MAT1-1	MAT1-1														MAT1-1-1,SLA2	MAT1-1-1,SLA2		
GCA_001692735.1_Leppa1	Ascomycota:MAT	KV744914.1	10114-23090	10114-23090	withheld:modelled_gene_bar+polish_capped	withheld:modelled_gene_bar+polish_capped	MAT1-1	MAT1-1														COX13,MAT1-1-1	COX13,MAT1-1-1		
GCA_001692735.1_Leppa1	Ascomycota:MAT	KV744833.1	38194-72083	38194-72083	withheld:modelled_gene_bar	withheld:modelled_gene_bar	MAT1-1	MAT1-1														APN2,COX13,MAT1-1-1	APN2,COX13,MAT1-1-1		
GCA_001692735.1_Leppa1	Ascomycota:MAT	KV745192.1	27378-32073	27378-32073	withheld:modelled_gene_bar+polish_capped	withheld:modelled_gene_bar+polish_capped	MAT1-1	MAT1-1														APN2,MAT1-1-1	APN2,MAT1-1-1		
GCA_001692735.1_Leppa1	Ascomycota:MAT	KV744931.1	42331-69533	42331-69533	withheld:modelled_gene_bar	withheld:modelled_gene_bar	MAT1-1	MAT1-1														COX13,MAT1-1-1	COX13,MAT1-1-1		
GCA_001692735.1_Leppa1	Ascomycota:MAT	KV744874.1	89580-99943	89580-99943	withheld:modelled_gene_bar+polish_capped	withheld:modelled_gene_bar+polish_capped	MAT1-1	MAT1-1														MAT1-1-1,SLA2	MAT1-1-1,SLA2		
GCA_001692735.1_Leppa1	Ascomycota:MAT	KV744843.1	80336-87263	80336-87263	withheld:modelled_gene_bar+polish_capped	withheld:modelled_gene_bar+polish_capped	MAT1-1	MAT1-1														MAT1-1-1,SLA2	MAT1-1-1,SLA2		
GCA_001692735.1_Leppa1	Ascomycota:MAT	KV744868.1	96577-109846	96577-109846	withheld:below_fraction_floor	withheld:below_fraction_floor	MAT1-1	MAT1-1														MAT1-1-1,MAT1-1-2	MAT1-1-1,MAT1-1-2		
GCA_002786065.1_ASM278606v1	Ascomycota:MAT	NHNY01000001.1	1437383-1505941	1437383-1505941	withheld:modelled_gene_bar	withheld:modelled_gene_bar	MAT1-1	MAT1-1														MAT1-1-1,MAT1-1-2,MAT1-2-1,SLA2	MAT1-1-1,MAT1-1-2,MAT1-2-1,SLA2		
GCA_002786065.1_ASM278606v1	Ascomycota:MAT	NHNY01000005.1	1116996-1159072	1116996-1159072	withheld:modelled_gene_bar+polish_capped	withheld:modelled_gene_bar+polish_capped	MAT1-1	MAT1-1														APN2,MAT1-1-1,MAT1-2-1	APN2,MAT1-1-1,MAT1-2-1		
GCA_002786065.1_ASM278606v1	Ascomycota:MAT	NHNY01000008.1	147667-154475	147667-154475	withheld:modelled_gene_bar+polish_capped	withheld:modelled_gene_bar+polish_capped	MAT1-2	MAT1-2														MAT1-2-1,SLA2	MAT1-2-1,SLA2		
GCA_002786065.1_ASM278606v1	Ascomycota:MAT	NHNY01000003.1	306507-314141	306507-314141	withheld:modelled_gene_bar+polish_capped	withheld:modelled_gene_bar+polish_capped	MAT1-2	MAT1-2														APN2,MAT1-2-1	APN2,MAT1-2-1		
GCA_002786065.1_ASM278606v1	Ascomycota:MAT	NHNY01000003.1	557463-558307	557463-558307	withheld:modelled_gene_bar+polish_capped	withheld:modelled_gene_bar+polish_capped	MAT1-1	MAT1-1														APN2,MAT1-1-1	APN2,MAT1-1-1		
GCA_002786065.1_ASM278606v1	Ascomycota:MAT	NHNY01000003.1	1159999-1166932	1159999-1166932	withheld:modelled_gene_bar	withheld:modelled_gene_bar	MAT1-2	MAT1-2														APN2,MAT1-2-1	APN2,MAT1-2-1		
GCA_002786065.1_ASM278606v1	Ascomycota:MAT	NHNY01000021.1	85658-99545	85658-99545	withheld:modelled_gene_bar+polish_capped	withheld:modelled_gene_bar+polish_capped	MAT1-2	MAT1-2														COX13,MAT1-2-1	COX13,MAT1-2-1		
GCA_002786065.1_ASM278606v1	Ascomycota:MAT	NHNY01000006.1	488058-505455	488058-505455	withheld:modelled_gene_bar+polish_capped	withheld:modelled_gene_bar+polish_capped	MAT1-1	MAT1-1														COX13,MAT1-1-1	COX13,MAT1-1-1		
GCA_002786065.1_ASM278606v1	Ascomycota:MAT	NHNY01000017.1	242243-280736	242243-280736	withheld:modelled_gene_bar	withheld:modelled_gene_bar	undetermined	undetermined														MAT1-1-1,MAT1-2-1,SLA2	MAT1-1-1,MAT1-2-1,SLA2		
GCA_002786065.1_ASM278606v1	Ascomycota:MAT	NHNY01000017.1	354286-378399	354286-378399	withheld:modelled_gene_bar+polish_capped	withheld:modelled_gene_bar+polish_capped	MAT1-2	MAT1-2														MAT1-1-1,MAT1-2-1,SLA2	MAT1-1-1,MAT1-2-1,SLA2		
GCA_002786065.1_ASM278606v1	Ascomycota:MAT	NHNY01000014.1	436179-468001	436179-468001	withheld:modelled_gene_bar+polish_capped	withheld:modelled_gene_bar+polish_capped	MAT1-1	MAT1-1														APN2,MAT1-1-1,MAT1-1-2	APN2,MAT1-1-1,MAT1-1-2		
GCA_002786065.1_ASM278606v1	Ascomycota:MAT	NHNY01000019.1	165642-197146	165642-197146	withheld:modelled_gene_bar	withheld:modelled_gene_bar	MAT1-1	MAT1-1														APN2,COX13,MAT1-1-1,MAT1-1-5,MAT1-2-1	APN2,COX13,MAT1-1-1,MAT1-1-5,MAT1-2-1		
GCA_002786065.1_ASM278606v1	Ascomycota:MAT	NHNY01000035.1	9125-48296	9125-48296	withheld:modelled_gene_bar	withheld:modelled_gene_bar	MAT1-2	MAT1-2														MAT1-1-1,MAT1-2-1,SLA2	MAT1-1-1,MAT1-2-1,SLA2		
GCA_002786065.1_ASM278606v1	Ascomycota:MAT	NHNY01000001.1	300063-302320	300063-302320	withheld:modelled_gene_bar+polish_capped	withheld:modelled_gene_bar+polish_capped	MAT1-1	MAT1-1														MAT1-1-1,MAT1-1-5	MAT1-1-1,MAT1-1-5		
GCA_002786065.1_ASM278606v1	Ascomycota:MAT	NHNY01000001.1	869784-882670	869784-882670	withheld:modelled_gene_bar+polish_capped	withheld:modelled_gene_bar+polish_capped	MAT1-1	MAT1-1														MAT1-1-3,SLA2	MAT1-1-3,SLA2		
GCA_002786065.1_ASM278606v1	Ascomycota:MAT	NHNY01000001.1	1310427-1310915	1310427-1310915	withheld:modelled_gene_bar+polish_capped	withheld:modelled_gene_bar+polish_capped	MAT1-1	MAT1-1														MAT1-1-1,MAT1-1-3	MAT1-1-1,MAT1-1-3		
GCA_002786065.1_ASM278606v1	Ascomycota:MAT	NHNY01000001.1	2397212-2413616	2397212-2413616	withheld:modelled_gene_bar+polish_capped	withheld:modelled_gene_bar+polish_capped	MAT1-1	MAT1-1														MAT1-1-2,MAT1-1-3	MAT1-1-2,MAT1-1-3		
GCA_002786065.1_ASM278606v1	Ascomycota:MAT	NHNY01000001.1	2485938-2487664	2485938-2487664	withheld:modelled_gene_bar+polish_capped	withheld:modelled_gene_bar+polish_capped	MAT1-1	MAT1-1														MAT1-1-1,MAT1-1-3	MAT1-1-1,MAT1-1-3		
GCA_002786065.1_ASM278606v1	Ascomycota:MAT	NHNY01000005.1	286878-294534	286878-294534	withheld:modelled_gene_bar+polish_capped	withheld:modelled_gene_bar+polish_capped	MAT1-2	MAT1-2														APN2,MAT1-2-4	APN2,MAT1-2-4		
GCA_002786065.1_ASM278606v1	Ascomycota:MAT	NHNY01000005.1	689607-699860	689607-699860	withheld:modelled_gene_bar+polish_capped	withheld:modelled_gene_bar+polish_capped	MAT1-1	MAT1-1														MAT1-1-2,MAT1-1-5	MAT1-1-2,MAT1-1-5		
GCA_002786065.1_ASM278606v1	Ascomycota:MAT	NHNY01000008.1	420547-423727	420547-423727	withheld:modelled_gene_bar+polish_capped	withheld:modelled_gene_bar+polish_capped	MAT1-1	MAT1-1														MAT1-1-1,MAT1-1-4	MAT1-1-1,MAT1-1-4		
GCA_002786065.1_ASM278606v1	Ascomycota:MAT	NHNY01000003.1	993383-998847	993383-998847	withheld:modelled_gene_bar+polish_capped	withheld:modelled_gene_bar+polish_capped	MAT1-2	MAT1-2														MAT1-1-1,MAT1-2-1	MAT1-1-1,MAT1-2-1		
GCA_002786065.1_ASM278606v1	Ascomycota:MAT	NHNY01000020.1	359067-369375	359067-369375	withheld:modelled_gene_bar+polish_capped	withheld:modelled_gene_bar+polish_capped	MAT1-1	MAT1-1														MAT1-1-3,MAT1-1-5	MAT1-1-3,MAT1-1-5		
GCA_002786065.1_ASM278606v1	Ascomycota:MAT	NHNY01000033.1	267954-277250	267954-277250	withheld:modelled_gene_bar+polish_capped	withheld:modelled_gene_bar+polish_capped	MAT1-1	MAT1-1														COX13,MAT1-1-3	COX13,MAT1-1-3		
GCA_002786065.1_ASM278606v1	Ascomycota:MAT	NHNY01000012.1	56849-57382	56849-57382	withheld:modelled_gene_bar+polish_capped	withheld:modelled_gene_bar+polish_capped	MAT1-1	MAT1-1														COX13,MAT1-1-3	COX13,MAT1-1-3		
GCA_002786065.1_ASM278606v1	Ascomycota:MAT	NHNY01000012.1	165357-188480	165357-188480	withheld:modelled_gene_bar+polish_capped	withheld:modelled_gene_bar+polish_capped	undetermined	undetermined														MAT1-1-1,MAT1-2-1	MAT1-1-1,MAT1-2-1		
GCA_002786065.1_ASM278606v1	Ascomycota:MAT	NHNY01000022.1	359766-372302	359766-372302	withheld:modelled_gene_bar+polish_capped	withheld:modelled_gene_bar+polish_capped	MAT1-1	MAT1-1														MAT1-1-3,SLA2	MAT1-1-3,SLA2		
GCA_002786065.1_ASM278606v1	Ascomycota:MAT	NHNY01000034.1	231626-234827	231626-234827	withheld:modelled_gene_bar+polish_capped	withheld:modelled_gene_bar+polish_capped	MAT1-2	MAT1-2														MAT1-1-4,MAT1-2-1	MAT1-1-4,MAT1-2-1		
GCA_002786065.1_ASM278606v1	Ascomycota:MAT	NHNY01000021.1	222743-225611	222743-225611	withheld:modelled_gene_bar+polish_capped	withheld:modelled_gene_bar+polish_capped	MAT1-2	MAT1-2														COX13,MAT1-2-4	COX13,MAT1-2-4		
GCA_002786065.1_ASM278606v1	Ascomycota:MAT	NHNY01000006.1	162795-177143	162795-177143	withheld:modelled_gene_bar+polish_capped	withheld:modelled_gene_bar+polish_capped	MAT1-1	MAT1-1														MAT1-1-1,MAT1-1-2	MAT1-1-1,MAT1-1-2		
GCA_002786065.1_ASM278606v1	Ascomycota:MAT	NHNY01000006.1	225423-225706	225423-225706	withheld:modelled_gene_bar+polish_capped	withheld:modelled_gene_bar+polish_capped	MAT1-1	MAT1-1														MAT1-1-1,MAT1-1-3	MAT1-1-1,MAT1-1-3		
GCA_002786065.1_ASM278606v1	Ascomycota:MAT	NHNY01000019.1	347224-393069	347224-393069	withheld:modelled_gene_bar	withheld:modelled_gene_bar	MAT1-2	MAT1-2														APN2,MAT1-1-3,MAT1-1-5,MAT1-2-1	APN2,MAT1-1-3,MAT1-1-5,MAT1-2-1		
GCA_002786065.1_ASM278606v1	Ascomycota:MAT	NHNY01000018.1	125413-146367	125413-146367	withheld:modelled_gene_bar+polish_capped	withheld:modelled_gene_bar+polish_capped	MAT1-1	MAT1-1														MAT1-1-1,MAT1-1-3,MAT1-1-5	MAT1-1-1,MAT1-1-3,MAT1-1-5		
GCA_002786065.1_ASM278606v1	Ascomycota:MAT	NHNY01000018.1	563715-572931	563715-572931	withheld:modelled_gene_bar+polish_capped	withheld:modelled_gene_bar+polish_capped	MAT1-1	MAT1-1														MAT1-1-1,MAT1-2-1	MAT1-1-1,MAT1-2-1		
GCA_002786065.1_ASM278606v1	Ascomycota:MAT	NHNY01000009.1	491364-513634	491364-513634	withheld:modelled_gene_bar+polish_capped	withheld:modelled_gene_bar+polish_capped	undetermined	undetermined														MAT1-1-3,MAT1-2-1	MAT1-1-3,MAT1-2-1		
GCA_002786065.1_ASM278606v1	Ascomycota:MAT	NHNY01000011.1	49186-67554	49186-67554	withheld:modelled_gene_bar+polish_capped	withheld:modelled_gene_bar+polish_capped	undetermined	undetermined														MAT1-1-3,MAT1-2-10	MAT1-1-3,MAT1-2-10		
GCA_002786065.1_ASM278606v1	Ascomycota:MAT	NHNY01000032.1	45556-61890	45556-61890	withheld:modelled_gene_bar+polish_capped	withheld:modelled_gene_bar+polish_capped	MAT1-1	MAT1-1														APN2,MAT1-1-3	APN2,MAT1-1-3		
GCA_002786065.1_ASM278606v1	Ascomycota:MAT	NHNY01000040.1	66312-90618	66312-90618	withheld:modelled_gene_bar+polish_capped	withheld:modelled_gene_bar+polish_capped	undetermined	undetermined														MAT1-1-3,MAT1-2-1	MAT1-1-3,MAT1-2-1		
GCA_002786065.1_ASM278606v1	Ascomycota:MAT	NHNY01000019.1	347224-393069	347224-393069	withheld:below_fraction_floor	withheld:below_fraction_floor	MAT1-2	MAT1-2														APN2,MAT1-1-3,MAT1-1-5,MAT1-2-1	APN2,MAT1-1-3,MAT1-1-5,MAT1-2-1		
GCA_002924885.1_ASM292488v1	Ascomycota:MAT	PJYB01000136.1	48044-65174	48044-65174	called	called	MAT1-1	MAT1-1	high	high	mat_locus	mat_locus										APN2,COX13,MAT1-1-1,MAT1-2-1	APN2,COX13,MAT1-1-1,MAT1-2-1		
GCA_002924885.1_ASM292488v1	Ascomycota:MAT	PJYB01000213.1	32530-56085	32530-56085	withheld:modelled_gene_bar+polish_capped	withheld:modelled_gene_bar+polish_capped	MAT1-2	MAT1-2														MAT1-2-1,SLA2	MAT1-2-1,SLA2		
GCA_002924885.1_ASM292488v1	Ascomycota:MAT	PJYB01000001.1	199070-199811	199070-199811	withheld:modelled_gene_bar	withheld:modelled_gene_bar	MAT1-1	MAT1-1														APN2,MAT1-1-1	APN2,MAT1-1-1		
GCA_002924885.1_ASM292488v1	Ascomycota:MAT	PJYB01000015.1	187198-211851	187198-211851	withheld:modelled_gene_bar+polish_capped	withheld:modelled_gene_bar+polish_capped	MAT1-1	MAT1-1														MAT1-1-1,SLA2	MAT1-1-1,SLA2		
GCA_002924885.1_ASM292488v1	Ascomycota:MAT	PJYB01000157.1	32321-38516	32321-38516	withheld:modelled_gene_bar+polish_capped	withheld:modelled_gene_bar+polish_capped	MAT1-2	MAT1-2														APN2,MAT1-2-1	APN2,MAT1-2-1		
GCA_002924885.1_ASM292488v1	Ascomycota:MAT	PJYB01000009.1	198153-208267	198153-208267	withheld:modelled_gene_bar+polish_capped	withheld:modelled_gene_bar+polish_capped	MAT1-1	MAT1-1														APN2,MAT1-1-1	APN2,MAT1-1-1		
GCA_002924885.1_ASM292488v1	Ascomycota:MAT	PJYB01000130.1	26216-49789	26216-49789	withheld:below_fraction_floor	withheld:below_fraction_floor	MAT1-1	MAT1-1														MAT1-1-2,SLA2	MAT1-1-2,SLA2		
GCA_003705895.2_ASM370589v2	Ascomycota:MAT	PPJV02000047.1	230-32524	230-32524	called	called	MAT1-2	MAT1-2	high	high	mat_locus	mat_locus										APN2,MAT1-1-1,MAT1-1-2,MAT1-1-4,MAT1-2-1,SLA2	APN2,MAT1-1-1,MAT1-1-2,MAT1-1-4,MAT1-2-1,SLA2		
GCA_003705895.2_ASM370589v2	Ascomycota:MATtub	PPJV02000047.1	230-32524	230-32524	called	called	MAT1-2	MAT1-2	medium	medium	mat_locus	mat_locus										APN2,MAT1-2-1,SLA2	APN2,MAT1-2-1,SLA2		
GCA_003705895.2_ASM370589v2	Ascomycota:mat1	PPJV02000047.1	230-32524	230-32524	withheld:modelled_gene_bar	withheld:modelled_gene_bar	M	M														mat1-Mc	mat1-Mc		
GCA_003705895.2_ASM370589v2	Ascomycota:PM	PPJV02000047.1	230-32524	230-32524	withheld:modelled_gene_bar	withheld:modelled_gene_bar	M	M														matMc	matMc		
GCA_003705895.2_ASM370589v2	Ascomycota:MATyl	PPJV02000047.1	230-32524	230-32524	withheld:modelled_gene_bar	withheld:modelled_gene_bar	undetermined	undetermined														apn2,sla2	apn2,sla2		
GCA_003705895.2_ASM370589v2	Ascomycota:MTL	PPJV02000047.1	230-32524	230-32524	withheld:modelled_gene_bar	withheld:modelled_gene_bar	A	A														MTLA1	MTLA1		
GCA_003705895.2_ASM370589v2	Ascomycota:MATsc	PPJV02000047.1	230-32524	230-32524	withheld:modelled_gene_bar	withheld:modelled_gene_bar	undetermined	undetermined														sla2	sla2		
GCA_003705895.2_ASM370589v2	Ascomycota:MAT	PPJV02000059.1	30393-46685	30393-46685	withheld:modelled_gene_bar+polish_capped	withheld:modelled_gene_bar+polish_capped	MAT1-2	MAT1-2														MAT1-2-1,MAT1-2-4,SLA2	MAT1-2-1,MAT1-2-4,SLA2		
GCA_003705895.2_ASM370589v2	Ascomycota:MATsc	PPJV02000059.1	30393-46685	30393-46685	withheld:modelled_gene_bar	withheld:modelled_gene_bar	undetermined	undetermined														MATALPHA2	MATALPHA2		
GCA_003705895.2_ASM370589v2	Ascomycota:PM	PPJV02000004.1	102631-125413	102631-125413	withheld:modelled_gene_bar	withheld:modelled_gene_bar	P	P														matPi	matPi		
GCA_003705895.2_ASM370589v2	Ascomycota:MAT	PPJV02000004.1	165377-184712	165377-184712	withheld:modelled_gene_bar+polish_capped	withheld:modelled_gene_bar+polish_capped	MAT1-2	MAT1-2														MAT1-2-1,MAT1-2-10,SLA2	MAT1-2-1,MAT1-2-10,SLA2		
GCA_003705895.2_ASM370589v2	Ascomycota:MTL	PPJV02000004.1	165377-184712	165377-184712	withheld:modelled_gene_bar	withheld:modelled_gene_bar	A	A														MTLA2	MTLA2		
GCA_003705895.2_ASM370589v2	Ascomycota:MTL	PPJV02000004.1	213406-228614	213406-228614	withheld:modelled_gene_bar	withheld:modelled_gene_bar	alpha	alpha														MTLalpha1	MTLalpha1		
GCA_003705895.2_ASM370589v2	Ascomycota:mat2	PPJV02000004.1	258891-274889	258891-274889	withheld:modelled_gene_bar	withheld:modelled_gene_bar	P	P														matPc	matPc		
GCA_003705895.2_ASM370589v2	Ascomycota:MATsc	PPJV02000004.1	258891-274889	258891-274889	withheld:modelled_gene_bar	withheld:modelled_gene_bar	MATalpha	MATalpha														MATALPHA1	MATALPHA1		
GCA_003705895.2_ASM370589v2	Ascomycota:MTL	PPJV02000007.1	4041-37693	4041-37693	withheld:modelled_gene_bar+polish_capped	withheld:modelled_gene_bar+polish_capped	alpha	alpha														MTLA2,MTLalpha1	MTLA2,MTLalpha1		
GCA_003705895.2_ASM370589v2	Ascomycota:MAT	PPJV02000007.1	4041-37693	4041-37693	withheld:modelled_gene_bar+polish_capped	withheld:modelled_gene_bar+polish_capped	MAT1-2	MAT1-2														COX13,MAT1-2-1	COX13,MAT1-2-1		
GCA_003705895.2_ASM370589v2	Ascomycota:MAT	PPJV02000007.1	233719-279966	233719-279966	withheld:modelled_gene_bar+polish_capped	withheld:modelled_gene_bar+polish_capped	MAT1-2	MAT1-2														COX13,MAT1-2-1	COX13,MAT1-2-1		
GCA_003705895.2_ASM370589v2	Ascomycota:PM	PPJV02000007.1	233719-279966	233719-279966	withheld:modelled_gene_bar	withheld:modelled_gene_bar	M	M														matMc	matMc		
GCA_003705895.2_ASM370589v2	Ascomycota:mat2	PPJV02000007.1	233719-279966	233719-279966	withheld:modelled_gene_bar	withheld:modelled_gene_bar	P	P														matPc	matPc		
GCA_003705895.2_ASM370589v2	Ascomycota:MATsc	PPJV02000007.1	233719-279966	233719-279966	withheld:modelled_gene_bar	withheld:modelled_gene_bar	undetermined	undetermined														MATALPHA2	MATALPHA2		
GCA_003705895.2_ASM370589v2	Ascomycota:mat1	PPJV02000008.1	271133-275809	271133-275809	withheld:modelled_gene_bar	withheld:modelled_gene_bar	M	M														mat1-Mc	mat1-Mc		
GCA_003705895.2_ASM370589v2	Ascomycota:PM	PPJV02000008.1	271133-275809	271133-275809	withheld:modelled_gene_bar	withheld:modelled_gene_bar	M	M														matMc	matMc		
GCA_003705895.2_ASM370589v2	Ascomycota:MTL	PPJV02000008.1	271133-275809	271133-275809	withheld:modelled_gene_bar	withheld:modelled_gene_bar	A	A														MTLA2	MTLA2		
GCA_003705895.2_ASM370589v2	Ascomycota:MATtub	PPJV02000008.1	271133-275809	271133-275809	withheld:modelled_gene_bar	withheld:modelled_gene_bar	MAT1-2	MAT1-2														MAT1-2-1	MAT1-2-1		
GCA_003705895.2_ASM370589v2	Ascomycota:MAT	PPJV02000008.1	271133-275809	271133-275809	withheld:modelled_gene_bar	withheld:modelled_gene_bar	MAT1-2	MAT1-2														MAT1-2-1	MAT1-2-1		
GCA_003705895.2_ASM370589v2	Ascomycota:MTL	PPJV02000117.1	19245-22331	19245-22331	withheld:modelled_gene_bar	withheld:modelled_gene_bar	alpha	alpha														MTLalpha1	MTLalpha1		
GCA_003705895.2_ASM370589v2	Ascomycota:PM	PPJV02000117.1	19245-22331	19245-22331	withheld:modelled_gene_bar	withheld:modelled_gene_bar	M	M														matMc,matPi	matMc,matPi		
GCA_003705895.2_ASM370589v2	Ascomycota:mat1	PPJV02000117.1	19245-22331	19245-22331	withheld:modelled_gene_bar	withheld:modelled_gene_bar	M	M														mat1-Mc,mat1-Pi	mat1-Mc,mat1-Pi		
GCA_003705895.2_ASM370589v2	Ascomycota:MATsc	PPJV02000117.1	19245-22331	19245-22331	withheld:modelled_gene_bar	withheld:modelled_gene_bar	MATalpha	MATalpha														MATALPHA1	MATALPHA1		
GCA_003705895.2_ASM370589v2	Ascomycota:MAT	PPJV02000117.1	19245-22331	19245-22331	withheld:modelled_gene_bar	withheld:modelled_gene_bar	MAT1-2	MAT1-2														MAT1-1-1,MAT1-2-1	MAT1-1-1,MAT1-2-1		
GCA_003705895.2_ASM370589v2	Ascomycota:MATtub	PPJV02000117.1	19245-22331	19245-22331	withheld:modelled_gene_bar	withheld:modelled_gene_bar	MAT1-2	MAT1-2														MAT1-2-1	MAT1-2-1		
GCA_003705895.2_ASM370589v2	Ascomycota:PM	PPJV02000107.1	7995-25755	7995-25755	withheld:modelled_gene_bar	withheld:modelled_gene_bar	M	M														matMc	matMc		
GCA_003705895.2_ASM370589v2	Ascomycota:MATtub	PPJV02000107.1	7995-25755	7995-25755	withheld:modelled_gene_bar	withheld:modelled_gene_bar	MAT1-1	MAT1-1														MAT1-1-1,MAT1-2-1	MAT1-1-1,MAT1-2-1		
GCA_003705895.2_ASM370589v2	Ascomycota:MAT	PPJV02000107.1	7995-25755	7995-25755	withheld:modelled_gene_bar	withheld:modelled_gene_bar	MAT1-2	MAT1-2														MAT1-1-1,MAT1-1-2,MAT1-2-1	MAT1-1-1,MAT1-1-2,MAT1-2-1		
GCA_003705895.2_ASM370589v2	Ascomycota:MTL	PPJV02000001.1	52435-52689	52435-52689	withheld:modelled_gene_bar	withheld:modelled_gene_bar	alpha	alpha														MTLalpha1	MTLalpha1		
GCA_003705895.2_ASM370589v2	Ascomycota:MATsc	PPJV02000001.1	444637-444747	444637-444747	withheld:modelled_gene_bar	withheld:modelled_gene_bar	MATa	MATa														MATA1	MATA1		
GCA_003705895.2_ASM370589v2	Ascomycota:mat1	PPJV02000031.1	23530-42484	23530-42484	withheld:modelled_gene_bar	withheld:modelled_gene_bar	M	M														mat1-Mc	mat1-Mc		
GCA_003705895.2_ASM370589v2	Ascomycota:MTL	PPJV02000031.1	126962-140933	126962-140933	withheld:modelled_gene_bar	withheld:modelled_gene_bar	A	A														MTLA1,PIK1	MTLA1,PIK1		
GCA_003705895.2_ASM370589v2	Ascomycota:MATsc	PPJV02000056.1	12711-59637	12711-59637	withheld:modelled_gene_bar	withheld:modelled_gene_bar	MATalpha	MATalpha														MATALPHA1	MATALPHA1		
GCA_003705895.2_ASM370589v2	Ascomycota:MAT	PPJV02000006.1	144201-157033	144201-157033	withheld:modelled_gene_bar	withheld:modelled_gene_bar	MAT1-1	MAT1-1														MAT1-1-1,MAT1-1-2,MAT1-2-1,SLA2	MAT1-1-1,MAT1-1-2,MAT1-2-1,SLA2		
GCA_003705895.2_ASM370589v2	Ascomycota:PM	PPJV02000006.1	240013-271461	240013-271461	withheld:modelled_gene_bar	withheld:modelled_gene_bar	M	M														matMc	matMc		
GCA_003705895.2_ASM370589v2	Ascomycota:MATsc	PPJV02000006.1	240013-271461	240013-271461	withheld:modelled_gene_bar	withheld:modelled_gene_bar	MATalpha	MATalpha														MATALPHA1	MATALPHA1		
GCA_003705895.2_ASM370589v2	Ascomycota:MAT	PPJV02000006.1	240013-271461	240013-271461	withheld:modelled_gene_bar+polish_capped	withheld:modelled_gene_bar+polish_capped	MAT1-1	MAT1-1														APN2,MAT1-1-5	APN2,MAT1-1-5		
GCA_003705895.2_ASM370589v2	Ascomycota:PM	PPJV02000116.1	645-10753	645-10753	withheld:modelled_gene_bar	withheld:modelled_gene_bar	P	P														matPi	matPi		
GCA_003705895.2_ASM370589v2	Ascomycota:mat1	PPJV02000116.1	645-10753	645-10753	withheld:modelled_gene_bar	withheld:modelled_gene_bar	P	P														mat1-Pi	mat1-Pi		
GCA_003705895.2_ASM370589v2	Ascomycota:mat2	PPJV02000116.1	645-10753	645-10753	withheld:modelled_gene_bar	withheld:modelled_gene_bar	P	P														matPi	matPi		
GCA_003705895.2_ASM370589v2	Ascomycota:MATsc	PPJV02000116.1	645-10753	645-10753	withheld:modelled_gene_bar	withheld:modelled_gene_bar	undetermined	undetermined														MATALPHA2	MATALPHA2		
GCA_003705895.2_ASM370589v2	Ascomycota:MTL	PPJV02000116.1	645-10753	645-10753	withheld:modelled_gene_bar	withheld:modelled_gene_bar	A	A														MTLA1	MTLA1		
GCA_003705895.2_ASM370589v2	Ascomycota:MAT	PPJV02000116.1	645-10753	645-10753	withheld:modelled_gene_bar+polish_capped	withheld:modelled_gene_bar+polish_capped	MAT1-2	MAT1-2														CIMG_00407,COX13	CIMG_00407,COX13		
GCA_003705895.2_ASM370589v2	Ascomycota:MATyl	PPJV02000116.1	645-10753	645-10753	withheld:modelled_gene_bar	withheld:modelled_gene_bar	A	A														mata1	mata1		
GCA_003705895.2_ASM370589v2	Ascomycota:MTL	PPJV02000012.1	407-5379	407-5379	withheld:modelled_gene_bar	withheld:modelled_gene_bar	A	A														MTLA1	MTLA1		
GCA_003705895.2_ASM370589v2	Ascomycota:MTL	PPJV02000078.1	8728-48384	8728-48384	withheld:modelled_gene_bar	withheld:modelled_gene_bar	alpha	alpha														MTLalpha1	MTLalpha1		
GCA_003705895.2_ASM370589v2	Ascomycota:MTL	PPJV02000037.1	45233-70853	45233-70853	withheld:modelled_gene_bar	withheld:modelled_gene_bar	A	A														MTLA2,OBP1,PIK1	MTLA2,OBP1,PIK1		
GCA_003705895.2_ASM370589v2	Ascomycota:MAT	PPJV02000037.1	96106-120774	96106-120774	withheld:modelled_gene_bar+polish_capped	withheld:modelled_gene_bar+polish_capped	MAT1-1	MAT1-1														APN2,MAT1-1-1	APN2,MAT1-1-1		
GCA_003705895.2_ASM370589v2	Ascomycota:MATsc	PPJV02000037.1	96106-120774	96106-120774	withheld:modelled_gene_bar	withheld:modelled_gene_bar	MATalpha	MATalpha														MATALPHA1	MATALPHA1		
GCA_003705895.2_ASM370589v2	Ascomycota:mat1	PPJV02000058.1	1859-34299	1859-34299	withheld:modelled_gene_bar	withheld:modelled_gene_bar	P	P														mat1-Pc	mat1-Pc		
GCA_003705895.2_ASM370589v2	Ascomycota:mat2	PPJV02000058.1	1859-34299	1859-34299	withheld:modelled_gene_bar	withheld:modelled_gene_bar	P	P														matPi	matPi		
GCA_003705895.2_ASM370589v2	Ascomycota:MAT	PPJV02000058.1	1859-34299	1859-34299	withheld:modelled_gene_bar+polish_capped	withheld:modelled_gene_bar+polish_capped	MAT1-1	MAT1-1														APN2,MAT1-1-2	APN2,MAT1-1-2		
GCA_003705895.2_ASM370589v2	Ascomycota:MTL	PPJV02000058.1	1859-34299	1859-34299	withheld:modelled_gene_bar	withheld:modelled_gene_bar	undetermined	undetermined														OBP1	OBP1		
GCA_003705895.2_ASM370589v2	Ascomycota:MAT	PPJV02000058.1	62724-73341	62724-73341	withheld:modelled_gene_bar+polish_capped	withheld:modelled_gene_bar+polish_capped	MAT1-2	MAT1-2														APN2,MAT1-2-1	APN2,MAT1-2-1		
GCA_003705895.2_ASM370589v2	Ascomycota:PM	PPJV02000058.1	62724-73341	62724-73341	withheld:modelled_gene_bar	withheld:modelled_gene_bar	M	M														matMc	matMc		
GCA_003705895.2_ASM370589v2	Ascomycota:MATyl	PPJV02000058.1	62724-73341	62724-73341	withheld:modelled_gene_bar	withheld:modelled_gene_bar	A	A														mata1	mata1		
GCA_003705895.2_ASM370589v2	Ascomycota:MTL	PPJV02000038.1	89443-101361	89443-101361	withheld:modelled_gene_bar	withheld:modelled_gene_bar	alpha	alpha														MTLalpha1	MTLalpha1		
GCA_003705895.2_ASM370589v2	Ascomycota:PM	PPJV02000016.1	76441-100498	76441-100498	withheld:modelled_gene_bar	withheld:modelled_gene_bar	P	P														matPi	matPi		
GCA_003705895.2_ASM370589v2	Ascomycota:MATsc	PPJV02000068.1	40404-70300	40404-70300	withheld:modelled_gene_bar	withheld:modelled_gene_bar	MATalpha	MATalpha														MATALPHA1	MATALPHA1		
GCA_003705895.2_ASM370589v2	Ascomycota:MATsc	PPJV02000005.1	74574-107038	74574-107038	withheld:modelled_gene_bar	withheld:modelled_gene_bar	undetermined	undetermined														MATALPHA2	MATALPHA2		
GCA_003705895.2_ASM370589v2	Ascomycota:MATtub	PPJV02000005.1	288775-298498	288775-298498	withheld:modelled_gene_bar	withheld:modelled_gene_bar	MAT1-1	MAT1-1														MAT1-1-1,MAT1-2-1	MAT1-1-1,MAT1-2-1		
GCA_003705895.2_ASM370589v2	Ascomycota:MATyl	PPJV02000026.1	36879-54707	36879-54707	withheld:modelled_gene_bar	withheld:modelled_gene_bar	A	A														mata1,mata2	mata1,mata2		
GCA_003705895.2_ASM370589v2	Ascomycota:MTL	PPJV02000026.1	104847-148248	104847-148248	withheld:modelled_gene_bar	withheld:modelled_gene_bar	alpha	alpha														MTLA1,MTLalpha1	MTLA1,MTLalpha1		
GCA_003705895.2_ASM370589v2	Ascomycota:MATsc	PPJV02000026.1	104847-148248	104847-148248	withheld:modelled_gene_bar	withheld:modelled_gene_bar	MATa	MATa														MATA1	MATA1		
GCA_003705895.2_ASM370589v2	Ascomycota:MAT	PPJV02000026.1	104847-148248	104847-148248	withheld:modelled_gene_bar	withheld:modelled_gene_bar	MAT1-1	MAT1-1														MAT1-1-1	MAT1-1-1		
GCA_003705895.2_ASM370589v2	Ascomycota:MAT	PPJV02000011.1	65708-101999	65708-101999	withheld:modelled_gene_bar+polish_capped	withheld:modelled_gene_bar+polish_capped	MAT1-1	MAT1-1														MAT1-1-1,SLA2	MAT1-1-1,SLA2		
GCA_003705895.2_ASM370589v2	Ascomycota:PM	PPJV02000011.1	65708-101999	65708-101999	withheld:modelled_gene_bar	withheld:modelled_gene_bar	M	M														matMc	matMc		
GCA_003705895.2_ASM370589v2	Ascomycota:MTL	PPJV02000011.1	164875-184459	164875-184459	withheld:modelled_gene_bar	withheld:modelled_gene_bar	alpha	alpha														MTLalpha1	MTLalpha1		
GCA_003705895.2_ASM370589v2	Ascomycota:MAT	PPJV02000042.1	4093-33485	4093-33485	withheld:modelled_gene_bar+polish_capped	withheld:modelled_gene_bar+polish_capped	MAT1-1	MAT1-1														COX13,MAT1-1-1	COX13,MAT1-1-1		
GCA_003705895.2_ASM370589v2	Ascomycota:MATsc	PPJV02000042.1	74239-95624	74239-95624	withheld:modelled_gene_bar	withheld:modelled_gene_bar	undetermined	undetermined														MATALPHA2	MATALPHA2		
GCA_003705895.2_ASM370589v2	Ascomycota:MATsc	PPJV02000065.1	5841-24364	5841-24364	withheld:modelled_gene_bar	withheld:modelled_gene_bar	MATalpha	MATalpha														MATALPHA1	MATALPHA1		
GCA_003705895.2_ASM370589v2	Ascomycota:MAT	PPJV02000025.1	132526-160622	132526-160622	withheld:modelled_gene_bar	withheld:modelled_gene_bar	MAT1-1	MAT1-1														APN2,MAT1-1-2,SLA2	APN2,MAT1-1-2,SLA2		
GCA_003705895.2_ASM370589v2	Ascomycota:PM	PPJV02000105.1	1014-15443	1014-15443	withheld:modelled_gene_bar	withheld:modelled_gene_bar	M	M														matMi	matMi		
GCA_003705895.2_ASM370589v2	Ascomycota:PM	PPJV02000002.1	148283-165505	148283-165505	withheld:modelled_gene_bar	withheld:modelled_gene_bar	P	P														matPi	matPi		
GCA_003705895.2_ASM370589v2	Ascomycota:mat1	PPJV02000002.1	148283-165505	148283-165505	withheld:modelled_gene_bar	withheld:modelled_gene_bar	P	P														mat1-Pi	mat1-Pi		
GCA_003705895.2_ASM370589v2	Ascomycota:mat2	PPJV02000002.1	148283-165505	148283-165505	withheld:modelled_gene_bar	withheld:modelled_gene_bar	P	P														matPi	matPi		
GCA_003705895.2_ASM370589v2	Ascomycota:MATsc	PPJV02000002.1	148283-165505	148283-165505	withheld:modelled_gene_bar	withheld:modelled_gene_bar	MATa	MATa														MATA1	MATA1		
GCA_003705895.2_ASM370589v2	Ascomycota:MTL	PPJV02000002.1	148283-165505	148283-165505	withheld:modelled_gene_bar+polish_capped	withheld:modelled_gene_bar+polish_capped	A	A														MTLA1,PIK1	MTLA1,PIK1		
GCA_003705895.2_ASM370589v2	Ascomycota:MATyl	PPJV02000002.1	148283-165505	148283-165505	withheld:modelled_gene_bar	withheld:modelled_gene_bar	A	A														mata1	mata1		
GCA_003705895.2_ASM370589v2	Ascomycota:MTL	PPJV02000002.1	377991-382567	377991-382567	withheld:modelled_gene_bar	withheld:modelled_gene_bar	alpha	alpha														MTLalpha1	MTLalpha1		
GCA_003705895.2_ASM370589v2	Ascomycota:MTL	PPJV02000010.1	113998-116876	113998-116876	withheld:modelled_gene_bar	withheld:modelled_gene_bar	A	A														MTLA2,PAP1	MTLA2,PAP1		
GCA_003705895.2_ASM370589v2	Ascomycota:MATsc	PPJV02000010.1	146916-155579	146916-155579	withheld:modelled_gene_bar	withheld:modelled_gene_bar	undetermined	undetermined														MATALPHA2	MATALPHA2		
GCA_003705895.2_ASM370589v2	Ascomycota:mat2	PPJV02000084.1	21161-39251	21161-39251	withheld:modelled_gene_bar	withheld:modelled_gene_bar	P	P														matPi	matPi		
GCA_003705895.2_ASM370589v2	Ascomycota:MATsc	PPJV02000046.1	21640-39284	21640-39284	withheld:modelled_gene_bar	withheld:modelled_gene_bar	MATalpha	MATalpha														MATALPHA1	MATALPHA1		
GCA_003705895.2_ASM370589v2	Ascomycota:PM	PPJV02000046.1	81763-81930	81763-81930	withheld:modelled_gene_bar	withheld:modelled_gene_bar	M	M														matMi	matMi		
GCA_003705895.2_ASM370589v2	Ascomycota:MATsc	PPJV02000019.1	93837-108180	93837-108180	withheld:modelled_gene_bar	withheld:modelled_gene_bar	MATalpha	MATalpha														MATALPHA1,sla2	MATALPHA1,sla2		
GCA_003705895.2_ASM370589v2	Ascomycota:MTL	PPJV02000019.1	157925-181387	157925-181387	withheld:modelled_gene_bar+polish_capped	withheld:modelled_gene_bar+polish_capped	A	A														MTLA1,OBP1	MTLA1,OBP1		
GCA_003705895.2_ASM370589v2	Ascomycota:MAT	PPJV02000033.1	6683-29039	6683-29039	withheld:modelled_gene_bar+polish_capped	withheld:modelled_gene_bar+polish_capped	MAT1-2	MAT1-2														APN2,MAT1-2-1	APN2,MAT1-2-1		
GCA_003705895.2_ASM370589v2	Ascomycota:MTL	PPJV02000024.1	52801-57497	52801-57497	withheld:modelled_gene_bar	withheld:modelled_gene_bar	A	A														MTLA2	MTLA2		
GCA_003705895.2_ASM370589v2	Ascomycota:MATsc	PPJV02000024.1	114523-117521	114523-117521	withheld:modelled_gene_bar	withheld:modelled_gene_bar	MATalpha	MATalpha														MATALPHA1	MATALPHA1		
GCA_003705895.2_ASM370589v2	Ascomycota:MTL	PPJV02000075.1	23984-44466	23984-44466	withheld:modelled_gene_bar	withheld:modelled_gene_bar	A	A														MTLA1	MTLA1		
GCA_003705895.2_ASM370589v2	Ascomycota:PM	PPJV02000061.1	29438-52536	29438-52536	withheld:modelled_gene_bar	withheld:modelled_gene_bar	M	M														matMi	matMi		
GCA_003705895.2_ASM370589v2	Ascomycota:MATsc	PPJV02000109.1	19177-21941	19177-21941	withheld:modelled_gene_bar	withheld:modelled_gene_bar	MATa	MATa														MATA1	MATA1		
GCA_003705895.2_ASM370589v2	Ascomycota:MTL	PPJV02000082.1	45689-45832	45689-45832	withheld:modelled_gene_bar	withheld:modelled_gene_bar	alpha	alpha														MTLalpha1	MTLalpha1		
GCA_003705895.2_ASM370589v2	Ascomycota:PM	PPJV02000044.1	80707-81135	80707-81135	withheld:modelled_gene_bar	withheld:modelled_gene_bar	P	P														matPi	matPi		
GCA_003705895.2_ASM370589v2	Ascomycota:mat1	PPJV02000079.1	27302-41383	27302-41383	withheld:modelled_gene_bar	withheld:modelled_gene_bar	M	M														mat1-Mc	mat1-Mc		
GCA_003705895.2_ASM370589v2	Ascomycota:MTL	PPJV02000028.1	126073-126237	126073-126237	withheld:modelled_gene_bar	withheld:modelled_gene_bar	A	A														MTLA2	MTLA2		
GCA_003705895.2_ASM370589v2	Ascomycota:MATtub	PPJV02000017.1	170068-187727	170068-187727	withheld:modelled_gene_bar	withheld:modelled_gene_bar	MAT1-1	MAT1-1														MAT1-1-1,Rsm22-like	MAT1-1-1,Rsm22-like		
GCA_003705895.2_ASM370589v2	Ascomycota:PM	PPJV02000017.1	170068-187727	170068-187727	withheld:modelled_gene_bar	withheld:modelled_gene_bar	M	M														matMc	matMc		
GCA_003705895.2_ASM370589v2	Ascomycota:MATsc	PPJV02000009.1	22525-44149	22525-44149	withheld:modelled_gene_bar	withheld:modelled_gene_bar	MATa	MATa														MATA1	MATA1		
GCA_003705895.2_ASM370589v2	Ascomycota:MTL	PPJV02000009.1	22525-44149	22525-44149	withheld:modelled_gene_bar	withheld:modelled_gene_bar	A	A														MTLA1,OBP1	MTLA1,OBP1		
GCA_003705895.2_ASM370589v2	Ascomycota:MATtub	PPJV02000009.1	22525-44149	22525-44149	withheld:modelled_gene_bar	withheld:modelled_gene_bar	MAT1-1	MAT1-1														MAT1-1-1	MAT1-1-1		
GCA_003705895.2_ASM370589v2	Ascomycota:MATsc	PPJV02000089.1	31703-39349	31703-39349	withheld:modelled_gene_bar	withheld:modelled_gene_bar	MATalpha	MATalpha														MATALPHA1	MATALPHA1		
GCA_003705895.2_ASM370589v2	Ascomycota:PM	PPJV02000199.1	2869-3057	2869-3057	withheld:modelled_gene_bar	withheld:modelled_gene_bar	P	P														matPi	matPi		
GCA_003705895.2_ASM370589v2	Ascomycota:PM	PPJV02000070.1	57455-57595	57455-57595	withheld:modelled_gene_bar	withheld:modelled_gene_bar	P	P														matPi	matPi		
GCA_003705895.2_ASM370589v2	Ascomycota:PM	PPJV02000015.1	69176-69403	69176-69403	withheld:modelled_gene_bar	withheld:modelled_gene_bar	M	M														matMc	matMc		
GCA_003705895.2_ASM370589v2	Ascomycota:PM	PPJV02000015.1	114275-156644	114275-156644	withheld:modelled_gene_bar	withheld:modelled_gene_bar	P	P														matPi	matPi		
GCA_003705895.2_ASM370589v2	Ascomycota:MTL	PPJV02000015.1	215768-215902	215768-215902	withheld:modelled_gene_bar	withheld:modelled_gene_bar	alpha	alpha														MTLalpha1	MTLalpha1		
GCA_003705895.2_ASM370589v2	Ascomycota:PM	PPJV02000066.1	12451-21386	12451-21386	withheld:modelled_gene_bar	withheld:modelled_gene_bar	P	P														matPi	matPi		
GCA_003705895.2_ASM370589v2	Ascomycota:mat1	PPJV02000066.1	12451-21386	12451-21386	withheld:modelled_gene_bar	withheld:modelled_gene_bar	P	P														mat1-Pc	mat1-Pc		
GCA_003705895.2_ASM370589v2	Ascomycota:MTL	PPJV02000053.1	2515-4068	2515-4068	withheld:modelled_gene_bar+polish_capped	withheld:modelled_gene_bar+polish_capped	alpha	alpha														MTLalpha1,OBP1	MTLalpha1,OBP1		
GCA_003705895.2_ASM370589v2	Ascomycota:MATsc	PPJV02000067.1	33283-49992	33283-49992	withheld:modelled_gene_bar	withheld:modelled_gene_bar	MATa	MATa														MATA1	MATA1		
GCA_003705895.2_ASM370589v2	Ascomycota:MTL	PPJV02000067.1	33283-49992	33283-49992	withheld:modelled_gene_bar	withheld:modelled_gene_bar	A	A														MTLA1	MTLA1		
GCA_003705895.2_ASM370589v2	Ascomycota:MATsc	PPJV02000123.1	5677-5784	5677-5784	withheld:modelled_gene_bar	withheld:modelled_gene_bar	undetermined	undetermined														MATA2	MATA2		
GCA_003705895.2_ASM370589v2	Ascomycota:MTL	PPJV02000013.1	119718-119867	119718-119867	withheld:modelled_gene_bar	withheld:modelled_gene_bar	A	A														MTLA1	MTLA1		
GCA_003705895.2_ASM370589v2	Ascomycota:MATsc	PPJV02000013.1	171271-176751	171271-176751	withheld:modelled_gene_bar	withheld:modelled_gene_bar	undetermined	undetermined														MATA2	MATA2		
GCA_003705895.2_ASM370589v2	Ascomycota:MTL	PPJV02000013.1	220758-220850	220758-220850	withheld:modelled_gene_bar	withheld:modelled_gene_bar	alpha	alpha														MTLalpha1	MTLalpha1		
GCA_003705895.2_ASM370589v2	Ascomycota:MATsc	PPJV02000027.1	17767-35975	17767-35975	withheld:modelled_gene_bar	withheld:modelled_gene_bar	undetermined	undetermined														MATA2	MATA2		
GCA_003705895.2_ASM370589v2	Ascomycota:MATsc	PPJV02000097.1	19944-20081	19944-20081	withheld:modelled_gene_bar	withheld:modelled_gene_bar	undetermined	undetermined														MATALPHA2	MATALPHA2		
GCA_003705895.2_ASM370589v2	Ascomycota:MATsc	PPJV02000062.1	43847-43954	43847-43954	withheld:modelled_gene_bar	withheld:modelled_gene_bar	undetermined	undetermined														MATALPHA2	MATALPHA2		
GCA_003705895.2_ASM370589v2	Ascomycota:MATsc	PPJV02000134.1	11629-11817	11629-11817	withheld:modelled_gene_bar	withheld:modelled_gene_bar	undetermined	undetermined														MATALPHA2	MATALPHA2		
GCA_003705895.2_ASM370589v2	Ascomycota:MATsc	PPJV02000041.1	31071-50072	31071-50072	withheld:modelled_gene_bar	withheld:modelled_gene_bar	undetermined	undetermined														MATA2	MATA2		
GCA_003705895.2_ASM370589v2	Ascomycota:MTL	PPJV02000041.1	31071-50072	31071-50072	withheld:modelled_gene_bar	withheld:modelled_gene_bar	A	A														MTLA1	MTLA1		
GCA_003705895.2_ASM370589v2	Ascomycota:MATsc	PPJV02000121.1	17848-17979	17848-17979	withheld:modelled_gene_bar	withheld:modelled_gene_bar	MATa	MATa														MATA1	MATA1		
GCA_003705895.2_ASM370589v2	Ascomycota:mat2	PPJV02000093.1	4210-21204	4210-21204	withheld:modelled_gene_bar	withheld:modelled_gene_bar	P	P														matPc	matPc		
GCA_003705895.2_ASM370589v2	Ascomycota:MATsc	PPJV02000137.1	4702-4881	4702-4881	withheld:modelled_gene_bar	withheld:modelled_gene_bar	undetermined	undetermined														MATALPHA2	MATALPHA2		
GCA_003705895.2_ASM370589v2	Ascomycota:MATsc	PPJV02000149.1	7051-7152	7051-7152	withheld:modelled_gene_bar	withheld:modelled_gene_bar	MATalpha	MATalpha														MATALPHA1	MATALPHA1		
GCA_003705895.2_ASM370589v2	Ascomycota:MTL	PPJV02000022.1	66513-76245	66513-76245	withheld:modelled_gene_bar	withheld:modelled_gene_bar	A	A														MTLA2,MTLalpha1	MTLA2,MTLalpha1		
GCA_003705895.2_ASM370589v2	Ascomycota:MTL	PPJV02000003.1	72148-72354	72148-72354	withheld:modelled_gene_bar	withheld:modelled_gene_bar	A	A														MTLA1	MTLA1		
GCA_003705895.2_ASM370589v2	Ascomycota:MTL	PPJV02000003.1	275888-276094	275888-276094	withheld:modelled_gene_bar	withheld:modelled_gene_bar	A	A														MTLA1	MTLA1		
GCA_003705895.2_ASM370589v2	Ascomycota:mat1	PPJV02000063.1	16065-16157	16065-16157	withheld:modelled_gene_bar	withheld:modelled_gene_bar	P	P														mat1-Pc	mat1-Pc		
GCA_003705895.2_ASM370589v2	Ascomycota:mat1	PPJV02000030.1	50233-50349	50233-50349	withheld:modelled_gene_bar	withheld:modelled_gene_bar	P	P														mat1-Pi	mat1-Pi		
GCA_003705895.2_ASM370589v2	Ascomycota:mat1	PPJV02000035.1	15160-15393	15160-15393	withheld:modelled_gene_bar	withheld:modelled_gene_bar	P	P														mat1-Pi	mat1-Pi		
GCA_003705895.2_ASM370589v2	Ascomycota:MTL	PPJV02000219.1	1494-1766	1494-1766	withheld:modelled_gene_bar	withheld:modelled_gene_bar	A	A														MTLA1	MTLA1		
GCA_003705895.2_ASM370589v2	Ascomycota:MTL	PPJV02000051.1	1171-1293	1171-1293	withheld:modelled_gene_bar	withheld:modelled_gene_bar	alpha	alpha														MTLalpha1	MTLalpha1		
GCA_003705895.2_ASM370589v2	Ascomycota:MTL	PPJV02000051.1	57973-58095	57973-58095	withheld:modelled_gene_bar	withheld:modelled_gene_bar	alpha	alpha														MTLalpha1	MTLalpha1		
GCA_003705895.2_ASM370589v2	Ascomycota:MTL	PPJV02000069.1	4170-4337	4170-4337	withheld:modelled_gene_bar	withheld:modelled_gene_bar	alpha	alpha														MTLalpha1	MTLalpha1		
GCA_004918105.1_ASM491810v1	Ascomycota:MAT	QZBS01000102.1	32127-58780	32127-58780	called	called	MAT1-2	MAT1-2	high	high	mat_locus	mat_locus										APN2,COX13,MAT1-1-1,MAT1-2-1,SLA2	APN2,COX13,MAT1-1-1,MAT1-2-1,SLA2		
GCA_004918105.1_ASM491810v1	Ascomycota:MAT	QZBS01000112.1	52597-54818	52597-54818	withheld:modelled_gene_bar+polish_capped	withheld:modelled_gene_bar+polish_capped	MAT1-2	MAT1-2														MAT1-2-1,SLA2	MAT1-2-1,SLA2		
GCA_004918105.1_ASM491810v1	Ascomycota:MAT	QZBS01000010.1	12624-37450	12624-37450	withheld:modelled_gene_bar+polish_capped	withheld:modelled_gene_bar+polish_capped	MAT1-1	MAT1-1														MAT1-1-1,SLA2	MAT1-1-1,SLA2		
GCA_004918105.1_ASM491810v1	Ascomycota:MAT	QZBS01000060.1	2728-22793	2728-22793	withheld:modelled_gene_bar+polish_capped	withheld:modelled_gene_bar+polish_capped	MAT1-2	MAT1-2														APN2,MAT1-2-1	APN2,MAT1-2-1		
GCA_004918105.1_ASM491810v1	Ascomycota:MAT	QZBS01000035.1	9394-27566	9394-27566	withheld:modelled_gene_bar	withheld:modelled_gene_bar	MAT1-2	MAT1-2														COX13,MAT1-2-1	COX13,MAT1-2-1		
GCA_004918105.1_ASM491810v1	Ascomycota:MAT	QZBS01000368.1	4848-21559	4848-21559	withheld:modelled_gene_bar+polish_capped	withheld:modelled_gene_bar+polish_capped	MAT1-1	MAT1-1														MAT1-1-1,SLA2	MAT1-1-1,SLA2		
GCA_004918105.1_ASM491810v1	Ascomycota:MAT	QZBS01000130.1	36110-53700	36110-53700	withheld:modelled_gene_bar+polish_capped	withheld:modelled_gene_bar+polish_capped	MAT1-1	MAT1-1														APN2,MAT1-1-1	APN2,MAT1-1-1		
GCA_004918105.1_ASM491810v1	Ascomycota:MAT	QZBS01000160.1	20461-31718	20461-31718	withheld:modelled_gene_bar+polish_capped	withheld:modelled_gene_bar+polish_capped	MAT1-2	MAT1-2														COX13,MAT1-2-1	COX13,MAT1-2-1		
GCA_004918105.1_ASM491810v1	Ascomycota:MAT	QZBS01000161.1	21913-29190	21913-29190	withheld:modelled_gene_bar+polish_capped	withheld:modelled_gene_bar+polish_capped	MAT1-1	MAT1-1														APN2,MAT1-1-1	APN2,MAT1-1-1		
GCA_004918105.1_ASM491810v1	Ascomycota:MAT	QZBS01000001.1	12118-30322	12118-30322	withheld:modelled_gene_bar+polish_capped	withheld:modelled_gene_bar+polish_capped	MAT1-1	MAT1-1														COX13,MAT1-1-1	COX13,MAT1-1-1		
GCA_004918105.1_ASM491810v1	Ascomycota:MAT	QZBS01000732.1	3770-6204	3770-6204	withheld:modelled_gene_bar+polish_capped	withheld:modelled_gene_bar+polish_capped	MAT1-2	MAT1-2														APN2,MAT1-2-1	APN2,MAT1-2-1		
GCA_004918105.1_ASM491810v1	Ascomycota:MAT	QZBS01000550.1	1897-13425	1897-13425	withheld:modelled_gene_bar+polish_capped	withheld:modelled_gene_bar+polish_capped	MAT1-1	MAT1-1														APN2,MAT1-1-1	APN2,MAT1-1-1		
GCA_007556565.1_ASM755656v1	Ascomycota:MAT	SWCR01000009.1	1486467-1490847	1486467-1490847	called	called	MAT1-2	MAT1-2	high	high	mat_locus	mat_locus										APN2,COX13,MAT1-2-1	APN2,COX13,MAT1-2-1		
GCA_007556565.1_ASM755656v1	Ascomycota:MAT	SWCR01000009.1	127798-128478	127798-128478	withheld:modelled_gene_bar+polish_capped	withheld:modelled_gene_bar+polish_capped	MAT1-1	MAT1-1														MAT1-1-1,SLA2	MAT1-1-1,SLA2		
GCA_007556565.1_ASM755656v1	Ascomycota:MAT	SWCR01000005.1	1717805-1751736	1717805-1751736	withheld:modelled_gene_bar	withheld:modelled_gene_bar	MAT1-1	MAT1-1														APN2,MAT1-1-1,MAT1-1-5	APN2,MAT1-1-1,MAT1-1-5		
GCA_007556565.1_ASM755656v1	Ascomycota:MAT	SWCR01000002.1	540123-541610	540123-541610	withheld:modelled_gene_bar+polish_capped	withheld:modelled_gene_bar+polish_capped	MAT1-2	MAT1-2														APN2,MAT1-2-1	APN2,MAT1-2-1		
GCA_007556565.1_ASM755656v1	Ascomycota:MAT	SWCR01000002.1	1264210-1274628	1264210-1274628	withheld:modelled_gene_bar+polish_capped	withheld:modelled_gene_bar+polish_capped	MAT1-2	MAT1-2														APN2,MAT1-2-1	APN2,MAT1-2-1		
GCA_007556565.1_ASM755656v1	Ascomycota:MAT	SWCR01000003.1	2126900-2131921	2126900-2131921	withheld:modelled_gene_bar+polish_capped	withheld:modelled_gene_bar+polish_capped	MAT1-2	MAT1-2														APN2,MAT1-2-1	APN2,MAT1-2-1		
GCA_007556565.1_ASM755656v1	Ascomycota:MAT	SWCR01000001.1	1842713-1858386	1842713-1858386	withheld:modelled_gene_bar+polish_capped	withheld:modelled_gene_bar+polish_capped	MAT1-1	MAT1-1														APN2,MAT1-1-1	APN2,MAT1-1-1		
GCA_007556565.1_ASM755656v1	Ascomycota:MAT	SWCR01000001.1	2521606-2537337	2521606-2537337	withheld:modelled_gene_bar+polish_capped	withheld:modelled_gene_bar+polish_capped	MAT1-1	MAT1-1														MAT1-1-1,SLA2	MAT1-1-1,SLA2		
GCA_007556565.1_ASM755656v1	Ascomycota:MAT	SWCR01000007.1	447369-469590	447369-469590	withheld:modelled_gene_bar+polish_capped	withheld:modelled_gene_bar+polish_capped	MAT1-2	MAT1-2														APN2,MAT1-2-1	APN2,MAT1-2-1		
GCA_007556565.1_ASM755656v1	Ascomycota:MAT	SWCR01000004.1	5306-19359	5306-19359	withheld:modelled_gene_bar+polish_capped	withheld:modelled_gene_bar+polish_capped	MAT1-1	MAT1-1														MAT1-1-1,SLA2	MAT1-1-1,SLA2		
GCA_007556565.1_ASM755656v1	Ascomycota:MAT	SWCR01000004.1	697857-711678	697857-711678	withheld:modelled_gene_bar+polish_capped	withheld:modelled_gene_bar+polish_capped	MAT1-2	MAT1-2														APN2,MAT1-2-1	APN2,MAT1-2-1		
GCA_007556565.1_ASM755656v1	Ascomycota:MAT	SWCR01000011.1	403686-408164	403686-408164	withheld:modelled_gene_bar+polish_capped	withheld:modelled_gene_bar+polish_capped	MAT1-2	MAT1-2														APN2,MAT1-2-1	APN2,MAT1-2-1		
GCA_007556565.1_ASM755656v1	Ascomycota:MAT	SWCR01000027.1	45618-50743	45618-50743	withheld:modelled_gene_bar+polish_capped	withheld:modelled_gene_bar+polish_capped	MAT1-1	MAT1-1														MAT1-1-1,SLA2	MAT1-1-1,SLA2		
GCA_007556565.1_ASM755656v1	Ascomycota:MAT	SWCR01000021.1	68910-90337	68910-90337	withheld:modelled_gene_bar+polish_capped	withheld:modelled_gene_bar+polish_capped	MAT1-2	MAT1-2														MAT1-2-1,SLA2	MAT1-2-1,SLA2		
GCA_007556565.1_ASM755656v1	Ascomycota:MAT	SWCR01000017.1	57987-79921	57987-79921	withheld:modelled_gene_bar+polish_capped	withheld:modelled_gene_bar+polish_capped	MAT1-2	MAT1-2														COX13,MAT1-2-1	COX13,MAT1-2-1		
GCA_007556565.1_ASM755656v1	Ascomycota:MAT	SWCR01000010.1	771051-780411	771051-780411	withheld:below_fraction_floor	withheld:below_fraction_floor	MAT1-2	MAT1-2														MAT1-1-2,MAT1-2-1	MAT1-1-2,MAT1-2-1		
GCA_007556565.1_ASM755656v1	Ascomycota:MAT	SWCR01000001.1	3108476-3118308	3108476-3118308	withheld:below_fraction_floor	withheld:below_fraction_floor	MAT1-2	MAT1-2														MAT1-1-1,MAT1-2-1	MAT1-1-1,MAT1-2-1		
GCA_009982855.1_Lizem1	Ascomycota:MAT	JAADKA010000001.1	450650-489890	450650-489890	called	called	MAT1-1	MAT1-1	high	high	mat_locus	mat_locus										APN2,COX13,MAT1-1-1,MAT1-2-1	APN2,COX13,MAT1-1-1,MAT1-2-1		
GCA_009982855.1_Lizem1	Ascomycota:MAT	JAADKA010000001.1	1839528-1865425	1839528-1865425	withheld:modelled_gene_bar+polish_capped	withheld:modelled_gene_bar+polish_capped	MAT1-1	MAT1-1														COX13,MAT1-1-1,MAT1-1-2	COX13,MAT1-1-1,MAT1-1-2		
GCA_009982855.1_Lizem1	Ascomycota:MAT	JAADKA010000003.1	1424907-1441473	1424907-1441473	withheld:modelled_gene_bar+polish_capped	withheld:modelled_gene_bar+polish_capped	MAT1-1	MAT1-1														APN2,MAT1-1-1	APN2,MAT1-1-1		
GCA_009982855.1_Lizem1	Ascomycota:MAT	JAADKA010000004.1	1592009-1592303	1592009-1592303	withheld:modelled_gene_bar+polish_capped	withheld:modelled_gene_bar+polish_capped	MAT1-1	MAT1-1														APN2,MAT1-1-1	APN2,MAT1-1-1		
GCA_009982855.1_Lizem1	Ascomycota:MAT	JAADKA010000033.1	142223-158419	142223-158419	withheld:modelled_gene_bar+polish_capped	withheld:modelled_gene_bar+polish_capped	MAT1-1	MAT1-1														APN2,MAT1-1-1	APN2,MAT1-1-1		
GCA_009982855.1_Lizem1	Ascomycota:MAT	JAADKA010000032.1	190652-203590	190652-203590	withheld:modelled_gene_bar+polish_capped	withheld:modelled_gene_bar+polish_capped	MAT1-1	MAT1-1														COX13,MAT1-1-1	COX13,MAT1-1-1		
GCA_009982855.1_Lizem1	Ascomycota:MAT	JAADKA010000005.1	169040-171147	169040-171147	withheld:modelled_gene_bar+polish_capped	withheld:modelled_gene_bar+polish_capped	MAT1-2	MAT1-2														APN2,MAT1-2-1	APN2,MAT1-2-1		
GCA_009982855.1_Lizem1	Ascomycota:MAT	JAADKA010000005.1	1137030-1152187	1137030-1152187	withheld:modelled_gene_bar	withheld:modelled_gene_bar	MAT1-1	MAT1-1														APN2,COX13,MAT1-1-2	APN2,COX13,MAT1-1-2		
GCA_009982855.1_Lizem1	Ascomycota:MAT	JAADKA010000016.1	43300-88007	43300-88007	withheld:modelled_gene_bar	withheld:modelled_gene_bar	MAT1-1	MAT1-1														APN2,COX13,MAT1-1-1	APN2,COX13,MAT1-1-1		
GCA_009982855.1_Lizem1	Ascomycota:MAT	JAADKA010000016.1	229143-230009	229143-230009	withheld:modelled_gene_bar+polish_capped	withheld:modelled_gene_bar+polish_capped	MAT1-2	MAT1-2														APN2,MAT1-2-1	APN2,MAT1-2-1		
GCA_009982855.1_Lizem1	Ascomycota:MAT	JAADKA010000008.1	541500-557923	541500-557923	withheld:modelled_gene_bar+polish_capped	withheld:modelled_gene_bar+polish_capped	MAT1-1	MAT1-1														MAT1-1-1,SLA2	MAT1-1-1,SLA2		
GCA_009982855.1_Lizem1	Ascomycota:MAT	JAADKA010000015.1	939440-960353	939440-960353	withheld:modelled_gene_bar+polish_capped	withheld:modelled_gene_bar+polish_capped	MAT1-2	MAT1-2														COX13,MAT1-2-1	COX13,MAT1-2-1		
GCA_009982855.1_Lizem1	Ascomycota:MAT	JAADKA010000006.1	1108907-1132011	1108907-1132011	withheld:modelled_gene_bar+polish_capped	withheld:modelled_gene_bar+polish_capped	MAT1-2	MAT1-2														APN2,MAT1-2-1	APN2,MAT1-2-1		
GCA_009982855.1_Lizem1	Ascomycota:MAT	JAADKA010000047.1	349437-368174	349437-368174	withheld:modelled_gene_bar+polish_capped	withheld:modelled_gene_bar+polish_capped	MAT1-1	MAT1-1														COX13,MAT1-1-1	COX13,MAT1-1-1		
GCA_009982855.1_Lizem1	Ascomycota:MAT	JAADKA010000023.1	74260-102769	74260-102769	withheld:modelled_gene_bar+polish_capped	withheld:modelled_gene_bar+polish_capped	MAT1-1	MAT1-1														COX13,MAT1-1-1	COX13,MAT1-1-1		
GCA_009982855.1_Lizem1	Ascomycota:MAT	JAADKA010000023.1	536413-553608	536413-553608	withheld:modelled_gene_bar+polish_capped	withheld:modelled_gene_bar+polish_capped	MAT1-1	MAT1-1														COX13,MAT1-1-1	COX13,MAT1-1-1		
GCA_009982855.1_Lizem1	Ascomycota:MAT	JAADKA010000023.1	645329-651641	645329-651641	withheld:modelled_gene_bar+polish_capped	withheld:modelled_gene_bar+polish_capped	MAT1-1	MAT1-1														COX13,MAT1-1-1	COX13,MAT1-1-1		
GCA_009982855.1_Lizem1	Ascomycota:MAT	JAADKA010000039.1	112387-130460	112387-130460	withheld:modelled_gene_bar+polish_capped	withheld:modelled_gene_bar+polish_capped	MAT1-1	MAT1-1														COX13,MAT1-1-1	COX13,MAT1-1-1		
GCA_009982855.1_Lizem1	Ascomycota:MAT	JAADKA010000059.1	118330-143583	118330-143583	withheld:modelled_gene_bar+polish_capped	withheld:modelled_gene_bar+polish_capped	MAT1-2	MAT1-2														COX13,MAT1-2-1	COX13,MAT1-2-1		
GCA_009982855.1_Lizem1	Ascomycota:MAT	JAADKA010000002.1	959226-979441	959226-979441	withheld:modelled_gene_bar+polish_capped	withheld:modelled_gene_bar+polish_capped	MAT1-2	MAT1-2														COX13,MAT1-2-1	COX13,MAT1-2-1		
GCA_009982855.1_Lizem1	Ascomycota:MAT	JAADKA010000030.1	325256-333286	325256-333286	withheld:modelled_gene_bar+polish_capped	withheld:modelled_gene_bar+polish_capped	MAT1-2	MAT1-2														APN2,MAT1-2-1	APN2,MAT1-2-1		
GCA_009982855.1_Lizem1	Ascomycota:MAT	JAADKA010000048.1	47415-70320	47415-70320	withheld:modelled_gene_bar+polish_capped	withheld:modelled_gene_bar+polish_capped	MAT1-1	MAT1-1														COX13,MAT1-1-1	COX13,MAT1-1-1		
GCA_009982855.1_Lizem1	Ascomycota:MAT	JAADKA010000003.1	746661-747426	746661-747426	withheld:below_fraction_floor	withheld:below_fraction_floor	MAT1-2	MAT1-2														MAT1-1-1,MAT1-2-1	MAT1-1-1,MAT1-2-1		
GCA_010015705.1_Aulhe2	Ascomycota:MAT	ML977137.1	185141-192631	185141-192631	withheld:modelled_gene_bar	withheld:modelled_gene_bar	MAT1-1	MAT1-1														MAT1-1-1,SLA2	MAT1-1-1,SLA2		
GCA_010015705.1_Aulhe2	Ascomycota:MAT	ML977137.1	545788-558999	545788-558999	withheld:modelled_gene_bar+polish_capped	withheld:modelled_gene_bar+polish_capped	MAT1-1	MAT1-1														APN2,MAT1-1-1	APN2,MAT1-1-1		
GCA_010015705.1_Aulhe2	Ascomycota:MAT	ML977149.1	638452-655103	638452-655103	withheld:modelled_gene_bar+polish_capped	withheld:modelled_gene_bar+polish_capped	MAT1-2	MAT1-2														MAT1-2-1,SLA2	MAT1-2-1,SLA2		
GCA_010015705.1_Aulhe2	Ascomycota:MAT	ML977139.1	515642-520155	515642-520155	withheld:modelled_gene_bar+polish_capped	withheld:modelled_gene_bar+polish_capped	MAT1-1	MAT1-1														MAT1-1-1,SLA2	MAT1-1-1,SLA2		
GCA_010015705.1_Aulhe2	Ascomycota:MAT	ML977158.1	444669-459046	444669-459046	withheld:modelled_gene_bar+polish_capped	withheld:modelled_gene_bar+polish_capped	MAT1-2	MAT1-2														COX13,MAT1-2-1	COX13,MAT1-2-1		
GCA_010015705.1_Aulhe2	Ascomycota:MAT	ML977170.1	74623-89394	74623-89394	withheld:modelled_gene_bar+polish_capped	withheld:modelled_gene_bar+polish_capped	MAT1-2	MAT1-2														COX13,MAT1-2-1	COX13,MAT1-2-1		
GCA_010015705.1_Aulhe2	Ascomycota:MAT	ML977227.1	16965-23011	16965-23011	withheld:modelled_gene_bar+polish_capped	withheld:modelled_gene_bar+polish_capped	MAT1-2	MAT1-2														MAT1-2-1,SLA2	MAT1-2-1,SLA2		
GCA_010015705.1_Aulhe2	Ascomycota:MAT	ML977163.1	59685-74770	59685-74770	withheld:modelled_gene_bar+polish_capped	withheld:modelled_gene_bar+polish_capped	MAT1-2	MAT1-2														APN2,MAT1-2-1	APN2,MAT1-2-1		
GCA_010015705.1_Aulhe2	Ascomycota:MAT	ML977147.1	553880-572087	553880-572087	withheld:modelled_gene_bar	withheld:modelled_gene_bar	MAT1-2	MAT1-2														APN2,MAT1-2-1,SLA2	APN2,MAT1-2-1,SLA2		
GCA_010015705.1_Aulhe2	Ascomycota:MAT	ML977189.1	125267-141448	125267-141448	withheld:modelled_gene_bar+polish_capped	withheld:modelled_gene_bar+polish_capped	MAT1-2	MAT1-2														MAT1-2-1,SLA2	MAT1-2-1,SLA2		
GCA_010015705.1_Aulhe2	Ascomycota:MAT	ML977137.1	155102-159853	155102-159853	withheld:modelled_gene_bar+polish_capped	withheld:modelled_gene_bar+polish_capped	MAT1-1	MAT1-1														MAT1-1-1,MAT1-1-2	MAT1-1-1,MAT1-1-2		
GCA_010015705.1_Aulhe2	Ascomycota:MAT	ML977137.1	257622-259366	257622-259366	withheld:modelled_gene_bar+polish_capped	withheld:modelled_gene_bar+polish_capped	MAT1-1	MAT1-1														MAT1-1-1,MAT1-1-3	MAT1-1-1,MAT1-1-3		
GCA_010015705.1_Aulhe2	Ascomycota:MAT	ML977137.1	439519-441819	439519-441819	withheld:modelled_gene_bar+polish_capped	withheld:modelled_gene_bar+polish_capped	MAT1-1	MAT1-1														MAT1-1-1,MAT1-1-3	MAT1-1-1,MAT1-1-3		
GCA_010015705.1_Aulhe2	Ascomycota:MAT	ML977149.1	583046-598293	583046-598293	withheld:modelled_gene_bar+polish_capped	withheld:modelled_gene_bar+polish_capped	MAT1-2	MAT1-2														MAT1-1-1,MAT1-2-1	MAT1-1-1,MAT1-2-1		
GCA_010015705.1_Aulhe2	Ascomycota:MAT	ML977154.1	217641-222013	217641-222013	withheld:modelled_gene_bar+polish_capped	withheld:modelled_gene_bar+polish_capped	MAT1-1	MAT1-1														MAT1-1-2,SLA2	MAT1-1-2,SLA2		
GCA_010015705.1_Aulhe2	Ascomycota:MAT	ML977148.1	674188-705035	674188-705035	withheld:modelled_gene_bar	withheld:modelled_gene_bar	MAT1-1	MAT1-1														APN2,MAT1-1-3,MAT1-2-1	APN2,MAT1-1-3,MAT1-2-1		
GCA_010015705.1_Aulhe2	Ascomycota:MAT	ML977150.1	667405-679341	667405-679341	withheld:modelled_gene_bar+polish_capped	withheld:modelled_gene_bar+polish_capped	MAT1-1	MAT1-1														MAT1-1-3,SLA2	MAT1-1-3,SLA2		
GCA_010015705.1_Aulhe2	Ascomycota:MAT	ML977170.1	334099-336815	334099-336815	withheld:modelled_gene_bar+polish_capped	withheld:modelled_gene_bar+polish_capped	MAT1-2	MAT1-2														APN2,MAT1-2-10	APN2,MAT1-2-10		
GCA_010015705.1_Aulhe2	Ascomycota:MAT	ML977138.1	367925-374159	367925-374159	withheld:modelled_gene_bar	withheld:modelled_gene_bar	MAT1-2	MAT1-2														APN2,MAT1-1-2,MAT1-2-1	APN2,MAT1-1-2,MAT1-2-1		
GCA_010015705.1_Aulhe2	Ascomycota:MAT	ML977144.1	155417-156848	155417-156848	withheld:modelled_gene_bar+polish_capped	withheld:modelled_gene_bar+polish_capped	MAT1-1	MAT1-1														MAT1-1-1,MAT1-2-1	MAT1-1-1,MAT1-2-1		
GCA_010015705.1_Aulhe2	Ascomycota:MAT	ML977143.1	726157-763748	726157-763748	withheld:modelled_gene_bar+polish_capped	withheld:modelled_gene_bar+polish_capped	MAT1-2	MAT1-2														APN2,MAT1-2-10	APN2,MAT1-2-10		
GCA_010015705.1_Aulhe2	Ascomycota:MAT	ML977156.1	18154-19795	18154-19795	withheld:modelled_gene_bar	withheld:modelled_gene_bar	MAT1-2	MAT1-2														APN2,MAT1-1-2,MAT1-2-1	APN2,MAT1-1-2,MAT1-2-1		
GCA_010015705.1_Aulhe2	Ascomycota:MAT	ML977147.1	491351-503380	491351-503380	withheld:modelled_gene_bar+polish_capped	withheld:modelled_gene_bar+polish_capped	MAT1-1	MAT1-1														COX13,MAT1-1-2	COX13,MAT1-1-2		
GCA_010015705.1_Aulhe2	Ascomycota:MAT	ML977166.1	229621-247144	229621-247144	withheld:modelled_gene_bar+polish_capped	withheld:modelled_gene_bar+polish_capped	MAT1-2	MAT1-2														MAT1-2-1,MAT1-2-4	MAT1-2-1,MAT1-2-4		
GCA_010015705.1_Aulhe2	Ascomycota:MAT	ML977166.1	360085-382328	360085-382328	withheld:modelled_gene_bar+polish_capped	withheld:modelled_gene_bar+polish_capped	MAT1-2	MAT1-2														MAT1-1-3,MAT1-2-1	MAT1-1-3,MAT1-2-1		
GCA_010015705.1_Aulhe2	Ascomycota:MAT	ML977145.1	427669-440012	427669-440012	withheld:modelled_gene_bar+polish_capped	withheld:modelled_gene_bar+polish_capped	MAT1-1	MAT1-1														MAT1-1-2,MAT1-1-3	MAT1-1-2,MAT1-1-3		
GCA_010015705.1_Aulhe2	Ascomycota:MAT	ML977146.1	41061-80736	41061-80736	withheld:modelled_gene_bar	withheld:modelled_gene_bar	MAT1-1	MAT1-1														APN2,MAT1-1-5,MAT1-2-1	APN2,MAT1-1-5,MAT1-2-1		
GCA_010015705.1_Aulhe2	Ascomycota:MAT	ML977169.1	292398-309994	292398-309994	withheld:modelled_gene_bar+polish_capped	withheld:modelled_gene_bar+polish_capped	MAT1-1	MAT1-1														MAT1-1-5,MAT1-2-1	MAT1-1-5,MAT1-2-1		
GCA_010015705.1_Aulhe2	Ascomycota:MAT	ML977194.1	52231-68044	52231-68044	withheld:modelled_gene_bar+polish_capped	withheld:modelled_gene_bar+polish_capped	MAT1-2	MAT1-2														MAT1-1-2,MAT1-2-1	MAT1-1-2,MAT1-2-1		
GCA_010015705.1_Aulhe2	Ascomycota:MAT	ML977217.1	26712-37253	26712-37253	withheld:modelled_gene_bar+polish_capped	withheld:modelled_gene_bar+polish_capped	MAT1-2	MAT1-2														MAT1-2-1,MAT1-2-10	MAT1-2-1,MAT1-2-10		
GCA_010015705.1_Aulhe2	Ascomycota:MAT	ML977206.1	4984-13618	4984-13618	withheld:modelled_gene_bar+polish_capped	withheld:modelled_gene_bar+polish_capped	MAT1-1	MAT1-1														MAT1-1-2,MAT1-2-1	MAT1-1-2,MAT1-2-1		
GCA_010015705.1_Aulhe2	Ascomycota:MAT	ML977208.1	34083-48466	34083-48466	withheld:modelled_gene_bar+polish_capped	withheld:modelled_gene_bar+polish_capped	MAT1-1	MAT1-1														MAT1-1-1,MAT1-1-3	MAT1-1-1,MAT1-1-3		
GCA_010015705.1_Aulhe2	Ascomycota:MAT	ML977197.1	69139-88686	69139-88686	withheld:modelled_gene_bar+polish_capped	withheld:modelled_gene_bar+polish_capped	MAT1-1	MAT1-1														APN2,MAT1-1-3	APN2,MAT1-1-3		
GCA_010015785.1_Sacpr1	Ascomycota:MAT	ML978713.1	619813-625940	619813-625940	called	called	MAT1-2	MAT1-2	medium	medium	mat_locus	mat_locus										APN2,COX13,MAT1-1-4,MAT1-2-1	APN2,COX13,MAT1-1-4,MAT1-2-1		
GCA_010015785.1_Sacpr1	Ascomycota:MAT	ML978713.1	663929-703328	663929-703328	withheld:modelled_gene_bar	withheld:modelled_gene_bar	MAT1-1	MAT1-1														APN2,MAT1-1-1,MAT1-1-2,SLA2	APN2,MAT1-1-1,MAT1-1-2,SLA2		
GCA_010015785.1_Sacpr1	Ascomycota:MAT	ML978713.1	2115595-2130617	2115595-2130617	withheld:modelled_gene_bar+polish_capped	withheld:modelled_gene_bar+polish_capped	MAT1-2	MAT1-2														APN2,MAT1-2-1	APN2,MAT1-2-1		
GCA_010015785.1_Sacpr1	Ascomycota:MAT	ML978712.1	1509402-1513711	1509402-1513711	withheld:modelled_gene_bar+polish_capped	withheld:modelled_gene_bar+polish_capped	MAT1-2	MAT1-2														COX13,MAT1-2-1	COX13,MAT1-2-1		
GCA_010015785.1_Sacpr1	Ascomycota:MAT	ML978712.1	2532394-2555412	2532394-2555412	withheld:modelled_gene_bar+polish_capped	withheld:modelled_gene_bar+polish_capped	MAT1-2	MAT1-2														MAT1-2-1,SLA2	MAT1-2-1,SLA2		
GCA_010015785.1_Sacpr1	Ascomycota:MAT	ML978717.1	453447-458914	453447-458914	withheld:modelled_gene_bar	withheld:modelled_gene_bar	undetermined	undetermined														APN2,COX13,SLA2	APN2,COX13,SLA2		
GCA_010015785.1_Sacpr1	Ascomycota:MAT	ML978719.1	887900-906959	887900-906959	withheld:modelled_gene_bar+polish_capped	withheld:modelled_gene_bar+polish_capped	MAT1-2	MAT1-2														MAT1-2-1,SLA2	MAT1-2-1,SLA2		
GCA_010015785.1_Sacpr1	Ascomycota:MAT	ML978728.1	27637-64859	27637-64859	withheld:modelled_gene_bar+polish_capped	withheld:modelled_gene_bar+polish_capped	MAT1-1	MAT1-1														APN2,MAT1-1-1	APN2,MAT1-1-1		
GCA_010015785.1_Sacpr1	Ascomycota:MAT	ML978731.1	308364-340275	308364-340275	withheld:modelled_gene_bar	withheld:modelled_gene_bar	MAT1-1	MAT1-1														COX13,MAT1-1-1,SLA2	COX13,MAT1-1-1,SLA2		
GCA_010015785.1_Sacpr1	Ascomycota:MAT	ML978735.1	134801-161971	134801-161971	withheld:modelled_gene_bar+polish_capped	withheld:modelled_gene_bar+polish_capped	MAT1-1	MAT1-1														APN2,COX13,MAT1-1-2	APN2,COX13,MAT1-1-2		
GCA_010015785.1_Sacpr1	Ascomycota:MAT	ML978740.1	124359-137817	124359-137817	withheld:modelled_gene_bar+polish_capped	withheld:modelled_gene_bar+polish_capped	MAT1-1	MAT1-1														APN2,MAT1-1-1	APN2,MAT1-1-1		
GCA_010015785.1_Sacpr1	Ascomycota:MAT	ML978771.1	31064-38502	31064-38502	withheld:modelled_gene_bar+polish_capped	withheld:modelled_gene_bar+polish_capped	MAT1-1	MAT1-1														APN2,MAT1-1-1	APN2,MAT1-1-1		
GCA_015295635.1_ASM1529563v1	Ascomycota:MAT	JADCRI010000943.1	1063-1422	1063-1422	withheld:modelled_gene_bar+polish_capped	withheld:modelled_gene_bar+polish_capped	MAT1-1	MAT1-1														MAT1-1-1,SLA2	MAT1-1-1,SLA2		
GCA_015295635.1_ASM1529563v1	Ascomycota:MAT	JADCRI010000338.1	5820-6291	5820-6291	withheld:modelled_gene_bar+polish_capped	withheld:modelled_gene_bar+polish_capped	MAT1-2	MAT1-2														MAT1-2-1,SLA2	MAT1-2-1,SLA2		
GCA_015295635.1_ASM1529563v1	Ascomycota:MAT	JADCRI010001315.1	2073-2585	2073-2585	withheld:modelled_gene_bar+polish_capped	withheld:modelled_gene_bar+polish_capped	MAT1-2	MAT1-2														APN2,MAT1-2-1	APN2,MAT1-2-1		
GCA_015295635.1_ASM1529563v1	Ascomycota:MAT	JADCRI010000268.1	1998-4010	1998-4010	withheld:modelled_gene_bar+polish_capped	withheld:modelled_gene_bar+polish_capped	MAT1-1	MAT1-1														APN2,MAT1-1-1	APN2,MAT1-1-1		
GCA_015295635.1_ASM1529563v1	Ascomycota:MAT	JADCRI010000827.1	3166-3940	3166-3940	withheld:modelled_gene_bar+polish_capped	withheld:modelled_gene_bar+polish_capped	MAT1-2	MAT1-2														APN2,MAT1-2-1	APN2,MAT1-2-1		
GCA_015295635.1_ASM1529563v1	Ascomycota:MAT	JADCRI010000063.1	241-6545	241-6545	withheld:modelled_gene_bar	withheld:modelled_gene_bar	MAT1-1	MAT1-1														APN2,MAT1-1-1	APN2,MAT1-1-1		
GCA_015295635.1_ASM1529563v1	Ascomycota:MAT	JADCRI010000269.1	2981-3420	2981-3420	withheld:modelled_gene_bar+polish_capped	withheld:modelled_gene_bar+polish_capped	MAT1-1	MAT1-1														MAT1-1-1,SLA2	MAT1-1-1,SLA2		
GCA_015295635.1_ASM1529563v1	Ascomycota:MAT	JADCRI010000181.1	2712-4348	2712-4348	withheld:modelled_gene_bar	withheld:modelled_gene_bar	MAT1-2	MAT1-2														APN2,MAT1-2-1	APN2,MAT1-2-1		
GCA_015295635.1_ASM1529563v1	Ascomycota:MAT	JADCRI010000069.1	7892-11290	7892-11290	withheld:modelled_gene_bar+polish_capped	withheld:modelled_gene_bar+polish_capped	MAT1-2	MAT1-2														MAT1-2-1,MAT1-2-10	MAT1-2-1,MAT1-2-10		
GCA_015295635.1_ASM1529563v1	Ascomycota:MAT	JADCRI010001664.1	53-1758	53-1758	withheld:modelled_gene_bar	withheld:modelled_gene_bar	MAT1-1	MAT1-1														APN2,MAT1-1-2,MAT1-2-1	APN2,MAT1-1-2,MAT1-2-1		
GCA_015295635.1_ASM1529563v1	Ascomycota:MAT	JADCRI010000877.1	98-2200	98-2200	withheld:modelled_gene_bar+polish_capped	withheld:modelled_gene_bar+polish_capped	MAT1-2	MAT1-2														MAT1-1-1,MAT1-2-10	MAT1-1-1,MAT1-2-10		
GCA_015295635.1_ASM1529563v1	Ascomycota:MAT	JADCRI010000045.1	1768-11816	1768-11816	withheld:modelled_gene_bar	withheld:modelled_gene_bar	MAT1-1	MAT1-1														MAT1-1-1,MAT1-2-1	MAT1-1-1,MAT1-2-1		
GCA_015295635.1_ASM1529563v1	Ascomycota:MAT	JADCRI010000135.1	3250-6012	3250-6012	withheld:modelled_gene_bar+polish_capped	withheld:modelled_gene_bar+polish_capped	MAT1-1	MAT1-1														MAT1-1-1,MAT1-1-5	MAT1-1-1,MAT1-1-5		
GCA_015295635.1_ASM1529563v1	Ascomycota:MAT	JADCRI010000395.1	3689-4229	3689-4229	withheld:modelled_gene_bar+polish_capped	withheld:modelled_gene_bar+polish_capped	undetermined	undetermined														MAT1-1-5,MAT1-2-10	MAT1-1-5,MAT1-2-10		
GCA_015295635.1_ASM1529563v1	Ascomycota:MAT	JADCRI010000770.1	1747-3353	1747-3353	withheld:modelled_gene_bar+polish_capped	withheld:modelled_gene_bar+polish_capped	MAT1-1	MAT1-1														MAT1-1-1,MAT1-2-1	MAT1-1-1,MAT1-2-1		
GCA_015295635.1_ASM1529563v1	Ascomycota:MAT	JADCRI010002428.1	899-1627	899-1627	withheld:modelled_gene_bar+polish_capped	withheld:modelled_gene_bar+polish_capped	MAT1-1	MAT1-1														MAT1-1-1,MAT1-2-1	MAT1-1-1,MAT1-2-1		
GCA_015295635.1_ASM1529563v1	Ascomycota:MAT	JADCRI010000201.1	6253-7590	6253-7590	withheld:modelled_gene_bar	withheld:modelled_gene_bar	MAT1-2	MAT1-2														MAT1-1-2,MAT1-2-1	MAT1-1-2,MAT1-2-1		
GCA_015295635.1_ASM1529563v1	Ascomycota:MAT	JADCRI010000331.1	2604-3247	2604-3247	withheld:modelled_gene_bar	withheld:modelled_gene_bar	MAT1-1	MAT1-1														MAT1-1-3,MAT1-1-4	MAT1-1-3,MAT1-1-4		
GCA_022813925.1_ASM2281392v1	Ascomycota:MAT	JALDZU010000500.1	2722-14118	2722-14118	called	called	MAT1-1	MAT1-1	medium	medium	partial_locus	partial_locus										MAT1-1-1,MAT1-1-4,SLA2	MAT1-1-1,MAT1-1-4,SLA2		
GCA_022813925.1_ASM2281392v1	Ascomycota:MAT	JALDZU010000168.1	6020-12910	6020-12910	called	called	MAT1-2	MAT1-2	high	high	mat_locus	mat_locus										APN2,COX13,MAT1-2-1	APN2,COX13,MAT1-2-1		
GCA_022813925.1_ASM2281392v1	Ascomycota:MAT	JALDZU010000865.1	14760-23470	14760-23470	withheld:modelled_gene_bar	withheld:modelled_gene_bar	MAT1-2	MAT1-2														MAT1-2-1,SLA2	MAT1-2-1,SLA2		
GCA_022814105.1_ASM2281410v1	Ascomycota:MAT	JALDZM010000006.1	40505-57072	40505-57072	called	called	MAT1-2	MAT1-2	high	high	mat_locus	mat_locus										APN2,COX13,MAT1-1-1,MAT1-2-1,SLA2	APN2,COX13,MAT1-1-1,MAT1-2-1,SLA2		
GCA_022814105.1_ASM2281410v1	Ascomycota:MAT	JALDZM010000002.1	639459-653645	639459-653645	withheld:modelled_gene_bar+polish_capped	withheld:modelled_gene_bar+polish_capped	MAT1-2	MAT1-2														MAT1-2-1,SLA2	MAT1-2-1,SLA2		
GCA_022814105.1_ASM2281410v1	Ascomycota:MAT	JALDZM010000011.1	208596-240734	208596-240734	withheld:modelled_gene_bar	withheld:modelled_gene_bar	MAT1-2	MAT1-2														APN2,COX13,MAT1-2-1	APN2,COX13,MAT1-2-1		
GCA_022814105.1_ASM2281410v1	Ascomycota:MAT	JALDZM010000003.1	579917-602269	579917-602269	withheld:modelled_gene_bar+polish_capped	withheld:modelled_gene_bar+polish_capped	MAT1-2	MAT1-2														MAT1-2-1,SLA2	MAT1-2-1,SLA2		
GCA_022814105.1_ASM2281410v1	Ascomycota:MAT	JALDZM010000003.1	672478-675266	672478-675266	withheld:modelled_gene_bar+polish_capped	withheld:modelled_gene_bar+polish_capped	MAT1-2	MAT1-2														APN2,MAT1-2-1,SLA2	APN2,MAT1-2-1,SLA2		
GCA_022814105.1_ASM2281410v1	Ascomycota:MAT	JALDZM010000005.1	227718-243579	227718-243579	withheld:modelled_gene_bar+polish_capped	withheld:modelled_gene_bar+polish_capped	MAT1-2	MAT1-2														MAT1-2-1,SLA2	MAT1-2-1,SLA2		
GCA_022814105.1_ASM2281410v1	Ascomycota:MAT	JALDZM010000072.1	3689-29756	3689-29756	withheld:modelled_gene_bar	withheld:modelled_gene_bar	MAT1-1	MAT1-1														APN2,MAT1-1-1,MAT1-1-2,MAT1-1-3,MAT1-2-1	APN2,MAT1-1-1,MAT1-1-2,MAT1-1-3,MAT1-2-1		
GCA_022814105.1_ASM2281410v1	Ascomycota:MAT	JALDZM010000028.1	65928-75010	65928-75010	withheld:modelled_gene_bar+polish_capped	withheld:modelled_gene_bar+polish_capped	MAT1-1	MAT1-1														APN2,MAT1-1-1	APN2,MAT1-1-1		
GCA_022814105.1_ASM2281410v1	Ascomycota:MAT	JALDZM010000017.1	25341-48281	25341-48281	withheld:modelled_gene_bar+polish_capped	withheld:modelled_gene_bar+polish_capped	MAT1-1	MAT1-1														APN2,MAT1-1-1	APN2,MAT1-1-1		
GCA_022814105.1_ASM2281410v1	Ascomycota:MAT	JALDZM010000012.1	195798-197191	195798-197191	withheld:modelled_gene_bar+polish_capped	withheld:modelled_gene_bar+polish_capped	MAT1-1	MAT1-1														MAT1-1-1,SLA2	MAT1-1-1,SLA2		
GCA_022814105.1_ASM2281410v1	Ascomycota:MAT	JALDZM010000083.1	35300-57499	35300-57499	withheld:modelled_gene_bar+polish_capped	withheld:modelled_gene_bar+polish_capped	MAT1-1	MAT1-1														COX13,MAT1-1-1,MAT1-2-1	COX13,MAT1-1-1,MAT1-2-1		
GCA_022814105.1_ASM2281410v1	Ascomycota:MAT	JALDZM010000050.1	13976-21054	13976-21054	withheld:modelled_gene_bar+polish_capped	withheld:modelled_gene_bar+polish_capped	MAT1-2	MAT1-2														APN2,MAT1-2-1	APN2,MAT1-2-1		
GCA_022814105.1_ASM2281410v1	Ascomycota:MAT	JALDZM010000036.1	230077-237268	230077-237268	withheld:modelled_gene_bar+polish_capped	withheld:modelled_gene_bar+polish_capped	MAT1-1	MAT1-1														COX13,MAT1-1-1	COX13,MAT1-1-1		
GCA_023645945.1_KEW_Ddia	Ascomycota:MAT	JALAIB010000011.1	28613-45633	28613-45633	called	called	MAT1-1	MAT1-1	medium	medium	mat_locus	mat_locus										APN2,COX13,MAT1-1-1,MAT1-1-4,SLA2	APN2,COX13,MAT1-1-1,MAT1-1-4,SLA2		
GCA_023645945.1_KEW_Ddia	Ascomycota:MAT	JALAIB010000688.1	7769-11385	7769-11385	withheld:modelled_gene_bar+polish_capped	withheld:modelled_gene_bar+polish_capped	MAT1-1	MAT1-1														COX13,MAT1-1-1	COX13,MAT1-1-1		
GCA_023645945.1_KEW_Ddia	Ascomycota:MAT	JALAIB010000019.1	13395-37336	13395-37336	withheld:modelled_gene_bar	withheld:modelled_gene_bar	MAT1-1	MAT1-1														APN2,COX13,MAT1-1-1	APN2,COX13,MAT1-1-1		
GCA_023645945.1_KEW_Ddia	Ascomycota:MAT	JALAIB010001011.1	7630-8539	7630-8539	withheld:modelled_gene_bar+polish_capped	withheld:modelled_gene_bar+polish_capped	MAT1-2	MAT1-2														MAT1-2-1,SLA2	MAT1-2-1,SLA2		
GCA_023645945.1_KEW_Ddia	Ascomycota:MAT	JALAIB010000569.1	927-8626	927-8626	withheld:modelled_gene_bar	withheld:modelled_gene_bar	MAT1-2	MAT1-2														COX13,MAT1-2-1,MAT1-2-4	COX13,MAT1-2-1,MAT1-2-4		
GCA_023645945.1_KEW_Ddia	Ascomycota:MAT	JALAIB010000627.1	40-10232	40-10232	withheld:modelled_gene_bar	withheld:modelled_gene_bar	MAT1-1	MAT1-1														MAT1-1-1,MAT1-2-1,SLA2	MAT1-1-1,MAT1-2-1,SLA2		
GCA_023645945.1_KEW_Ddia	Ascomycota:MAT	JALAIB010000511.1	936-7256	936-7256	withheld:modelled_gene_bar+polish_capped	withheld:modelled_gene_bar+polish_capped	MAT1-2	MAT1-2														APN2,MAT1-2-1	APN2,MAT1-2-1		
GCA_023645945.1_KEW_Ddia	Ascomycota:MAT	JALAIB010000288.1	9168-20816	9168-20816	withheld:below_fraction_floor	withheld:below_fraction_floor	MAT1-2	MAT1-2														MAT1-1-1,MAT1-2-1	MAT1-1-1,MAT1-2-1		
GCA_024708745.1_USC_Clado_1.0	Ascomycota:MAT	JALDSY010003218.1	194-496	194-496	withheld:modelled_gene_bar	withheld:modelled_gene_bar	MAT1-1	MAT1-1														MAT1-1-3,MAT1-2-1	MAT1-1-3,MAT1-2-1		
GCA_025802115.2_ASM2580211v2	Ascomycota:MAT	JAOYNC020110414.1	8091-16481	8091-16481	called	called	MAT1-1	MAT1-1	medium	medium	partial_locus	partial_locus										MAT1-1-1,MAT1-1-2,SLA2	MAT1-1-1,MAT1-1-2,SLA2		
GCA_025802115.2_ASM2580211v2	Ascomycota:MAT	JAOYNC020059261.1	22395-32626	22395-32626	called	called	MAT1-2	MAT1-2	high	high	mat_locus	mat_locus										APN2,COX13,MAT1-2-1,MAT1-2-4,SLA2	APN2,COX13,MAT1-2-1,MAT1-2-4,SLA2		
GCA_025802115.2_ASM2580211v2	Ascomycota:MAT	JAOYNC020085828.1	71-2174	71-2174	withheld:modelled_gene_bar	withheld:modelled_gene_bar	MAT1-2	MAT1-2														APN2,MAT1-2-1	APN2,MAT1-2-1		
GCA_025802115.2_ASM2580211v2	Ascomycota:MAT	JAOYNC020010312.1	1664-16446	1664-16446	withheld:modelled_gene_bar	withheld:modelled_gene_bar	MAT1-2	MAT1-2														APN2,MAT1-2-1	APN2,MAT1-2-1		
GCA_025802115.2_ASM2580211v2	Ascomycota:MAT	JAOYNC020086963.1	9135-15171	9135-15171	withheld:modelled_gene_bar+polish_capped	withheld:modelled_gene_bar+polish_capped	MAT1-2	MAT1-2														APN2,MAT1-2-1	APN2,MAT1-2-1		
GCA_025802115.2_ASM2580211v2	Ascomycota:MAT	JAOYNC020091407.1	8961-41878	8961-41878	withheld:modelled_gene_bar	withheld:modelled_gene_bar	MAT1-2	MAT1-2														APN2,COX13,MAT1-2-1	APN2,COX13,MAT1-2-1		
GCA_025802115.2_ASM2580211v2	Ascomycota:MAT	JAOYNC020131946.1	83363-85726	83363-85726	withheld:modelled_gene_bar+polish_capped	withheld:modelled_gene_bar+polish_capped	MAT1-2	MAT1-2														APN2,MAT1-2-1	APN2,MAT1-2-1		
GCA_025802115.2_ASM2580211v2	Ascomycota:MAT	JAOYNC020045285.1	67414-70166	67414-70166	withheld:modelled_gene_bar+polish_capped	withheld:modelled_gene_bar+polish_capped	MAT1-1	MAT1-1														APN2,MAT1-1-1	APN2,MAT1-1-1		
GCA_025802115.2_ASM2580211v2	Ascomycota:MAT	JAOYNC020017679.1	1278-5158	1278-5158	withheld:below_fraction_floor	withheld:below_fraction_floor	MAT1-1	MAT1-1														APN2,MAT1-1-3	APN2,MAT1-1-3		
GCA_025802455.2_ASM2580245v2	Ascomycota:MAT	JAOYMO020009395.1	1742-2266	1742-2266	withheld:modelled_gene_bar	withheld:modelled_gene_bar	MAT1-1	MAT1-1														APN2,MAT1-1-1	APN2,MAT1-1-1		
GCA_025802455.2_ASM2580245v2	Ascomycota:MAT	JAOYMO020043255.1	1502-2034	1502-2034	withheld:modelled_gene_bar	withheld:modelled_gene_bar	MAT1-2	MAT1-2														MAT1-1-3,MAT1-2-1	MAT1-1-3,MAT1-2-1		
GCA_025802455.2_ASM2580245v2	Ascomycota:MAT	JAOYMO020266458.1	5330-9211	5330-9211	withheld:modelled_gene_bar	withheld:modelled_gene_bar	MAT1-1	MAT1-1														MAT1-1-1,MAT1-2-1	MAT1-1-1,MAT1-2-1		
GCA_026023515.1_ASM2602351v1	Ascomycota:MAT	JAPETT010000019.1	262315-301149	262315-301149	called	called	MAT1-1	MAT1-1	medium	medium	mat_locus	mat_locus										APN2,COX13,MAT1-1-1,MAT1-1-5,MAT1-2-1,SLA2	APN2,COX13,MAT1-1-1,MAT1-1-5,MAT1-2-1,SLA2		
GCA_026023515.1_ASM2602351v1	Ascomycota:MAT	JAPETT010000001.1	880812-886556	880812-886556	withheld:modelled_gene_bar+polish_capped	withheld:modelled_gene_bar+polish_capped	MAT1-1	MAT1-1														APN2,MAT1-1-1	APN2,MAT1-1-1		
GCA_026023515.1_ASM2602351v1	Ascomycota:MAT	JAPETT010000001.1	1285103-1290245	1285103-1290245	withheld:modelled_gene_bar+polish_capped	withheld:modelled_gene_bar+polish_capped	MAT1-1	MAT1-1														APN2,MAT1-1-1	APN2,MAT1-1-1		
GCA_026023515.1_ASM2602351v1	Ascomycota:MAT	JAPETT010000029.1	113572-118929	113572-118929	withheld:modelled_gene_bar	withheld:modelled_gene_bar	MAT1-1	MAT1-1														APN2,MAT1-1-1,MAT1-1-2	APN2,MAT1-1-1,MAT1-1-2		
GCA_026023515.1_ASM2602351v1	Ascomycota:MAT	JAPETT010000011.1	518775-528859	518775-528859	withheld:modelled_gene_bar+polish_capped	withheld:modelled_gene_bar+polish_capped	MAT1-2	MAT1-2														COX13,MAT1-2-1	COX13,MAT1-2-1		
GCA_026023515.1_ASM2602351v1	Ascomycota:MAT	JAPETT010000026.1	117519-122453	117519-122453	withheld:modelled_gene_bar+polish_capped	withheld:modelled_gene_bar+polish_capped	MAT1-1	MAT1-1														MAT1-1-1,SLA2	MAT1-1-1,SLA2		
GCA_026023515.1_ASM2602351v1	Ascomycota:MAT	JAPETT010000023.1	358320-384876	358320-384876	withheld:modelled_gene_bar+polish_capped	withheld:modelled_gene_bar+polish_capped	MAT1-2	MAT1-2														APN2,MAT1-2-1,MAT1-2-10	APN2,MAT1-2-1,MAT1-2-10		
GCA_026023515.1_ASM2602351v1	Ascomycota:MAT	JAPETT010000039.1	124608-144397	124608-144397	withheld:modelled_gene_bar+polish_capped	withheld:modelled_gene_bar+polish_capped	MAT1-2	MAT1-2														APN2,MAT1-2-1	APN2,MAT1-2-1		
GCA_026023515.1_ASM2602351v1	Ascomycota:MAT	JAPETT010000039.1	216966-219747	216966-219747	withheld:modelled_gene_bar+polish_capped	withheld:modelled_gene_bar+polish_capped	MAT1-1	MAT1-1														APN2,MAT1-1-1	APN2,MAT1-1-1		
GCA_026023515.1_ASM2602351v1	Ascomycota:MAT	JAPETT010000020.1	13771-36879	13771-36879	withheld:modelled_gene_bar+polish_capped	withheld:modelled_gene_bar+polish_capped	MAT1-2	MAT1-2														APN2,MAT1-2-1	APN2,MAT1-2-1		
GCA_026023515.1_ASM2602351v1	Ascomycota:MAT	JAPETT010000038.1	165006-168514	165006-168514	withheld:modelled_gene_bar+polish_capped	withheld:modelled_gene_bar+polish_capped	MAT1-2	MAT1-2														COX13,MAT1-2-1	COX13,MAT1-2-1		
GCA_026023515.1_ASM2602351v1	Ascomycota:MAT	JAPETT010000058.1	22141-49621	22141-49621	withheld:modelled_gene_bar	withheld:modelled_gene_bar	MAT1-1	MAT1-1														COX13,MAT1-1-1,MAT1-1-2	COX13,MAT1-1-1,MAT1-1-2		
GCA_026023555.1_ASM2602355v1	Ascomycota:MAT	JAPETR010000115.1	54070-60128	54070-60128	called	called	MAT1-2	MAT1-2	high	high	mat_locus	mat_locus										APN2,COX13,MAT1-2-1	APN2,COX13,MAT1-2-1		
GCA_026023555.1_ASM2602355v1	Ascomycota:MAT	JAPETR010000037.1	4310-28973	4310-28973	withheld:modelled_gene_bar+polish_capped	withheld:modelled_gene_bar+polish_capped	MAT1-2	MAT1-2														COX13,MAT1-2-1	COX13,MAT1-2-1		
GCA_026023555.1_ASM2602355v1	Ascomycota:MAT	JAPETR010000074.1	49696-78368	49696-78368	withheld:modelled_gene_bar+polish_capped	withheld:modelled_gene_bar+polish_capped	MAT1-1	MAT1-1														MAT1-1-1,SLA2	MAT1-1-1,SLA2		
GCA_026023555.1_ASM2602355v1	Ascomycota:MAT	JAPETR010000038.1	89649-125352	89649-125352	withheld:modelled_gene_bar	withheld:modelled_gene_bar	MAT1-2	MAT1-2														APN2,MAT1-1-1,MAT1-2-1	APN2,MAT1-1-1,MAT1-2-1		
GCA_026023555.1_ASM2602355v1	Ascomycota:MAT	JAPETR010000027.1	110640-117192	110640-117192	withheld:modelled_gene_bar	withheld:modelled_gene_bar	MAT1-1	MAT1-1														APN2,COX13,MAT1-1-1	APN2,COX13,MAT1-1-1		
GCA_026023555.1_ASM2602355v1	Ascomycota:MAT	JAPETR010000013.1	186341-210746	186341-210746	withheld:modelled_gene_bar	withheld:modelled_gene_bar	MAT1-1	MAT1-1														APN2,MAT1-1-2,SLA2	APN2,MAT1-1-2,SLA2		
GCA_026023555.1_ASM2602355v1	Ascomycota:MAT	JAPETR010000002.1	290338-304380	290338-304380	withheld:modelled_gene_bar+polish_capped	withheld:modelled_gene_bar+polish_capped	MAT1-1	MAT1-1														APN2,MAT1-1-1	APN2,MAT1-1-1		
GCA_026023555.1_ASM2602355v1	Ascomycota:MAT	JAPETR010000018.1	5874-6538	5874-6538	withheld:modelled_gene_bar+polish_capped	withheld:modelled_gene_bar+polish_capped	MAT1-1	MAT1-1														MAT1-1-1,SLA2	MAT1-1-1,SLA2		
GCA_026054615.1_ASM2605461v1	Ascomycota:MAT	JAPETX010000099.1	850-9694	850-9694	called	called	MAT1-1	MAT1-1	high	high	mat_locus	mat_locus										MAT1-1-1,MAT1-2-1,SLA2	MAT1-1-1,MAT1-2-1,SLA2		
GCA_026054615.1_ASM2605461v1	Ascomycota:MAT	JAPETX010000002.1	291965-313601	291965-313601	withheld:modelled_gene_bar+polish_capped	withheld:modelled_gene_bar+polish_capped	MAT1-2	MAT1-2														COX13,MAT1-2-1	COX13,MAT1-2-1		
GCA_026054615.1_ASM2605461v1	Ascomycota:MAT	JAPETX010000174.1	13825-47923	13825-47923	withheld:modelled_gene_bar+polish_capped	withheld:modelled_gene_bar+polish_capped	MAT1-2	MAT1-2														MAT1-2-1,SLA2	MAT1-2-1,SLA2		
GCA_026054615.1_ASM2605461v1	Ascomycota:MAT	JAPETX010000057.1	53324-70051	53324-70051	withheld:modelled_gene_bar+polish_capped	withheld:modelled_gene_bar+polish_capped	MAT1-1	MAT1-1														MAT1-1-1,SLA2	MAT1-1-1,SLA2		
GCA_026054615.1_ASM2605461v1	Ascomycota:MAT	JAPETX010000071.1	59464-84895	59464-84895	withheld:modelled_gene_bar+polish_capped	withheld:modelled_gene_bar+polish_capped	MAT1-1	MAT1-1														APN2,MAT1-1-1	APN2,MAT1-1-1		
GCA_026054615.1_ASM2605461v1	Ascomycota:MAT	JAPETX010000082.1	55982-68523	55982-68523	withheld:modelled_gene_bar+polish_capped	withheld:modelled_gene_bar+polish_capped	MAT1-2	MAT1-2														MAT1-2-1,SLA2	MAT1-2-1,SLA2		
GCA_026054615.1_ASM2605461v1	Ascomycota:MAT	JAPETX010000016.1	192896-213406	192896-213406	withheld:modelled_gene_bar	withheld:modelled_gene_bar	MAT1-2	MAT1-2														APN2,MAT1-2-1	APN2,MAT1-2-1		
GCA_026054615.1_ASM2605461v1	Ascomycota:MAT	JAPETX010000115.1	13345-35838	13345-35838	withheld:modelled_gene_bar+polish_capped	withheld:modelled_gene_bar+polish_capped	MAT1-1	MAT1-1														APN2,MAT1-1-1	APN2,MAT1-1-1		
GCA_937854325.1_SRR12240182_bin.18_CONCOCT_v1.1_MAG	Ascomycota:MAT	CALHDC010000043.1	198163-209545	198163-209545	called	called	MAT1-1	MAT1-1	high	high	mat_locus	mat_locus										APN2,COX13,MAT1-1-1,SLA2	APN2,COX13,MAT1-1-1,SLA2		
GCA_937854325.1_SRR12240182_bin.18_CONCOCT_v1.1_MAG	Ascomycota:MAT	CALHDC010000093.1	203534-207146	203534-207146	withheld:modelled_gene_bar+polish_capped	withheld:modelled_gene_bar+polish_capped	MAT1-2	MAT1-2														APN2,MAT1-2-1	APN2,MAT1-2-1		
GCA_937854325.1_SRR12240182_bin.18_CONCOCT_v1.1_MAG	Ascomycota:MAT	CALHDC010000076.1	30038-59094	30038-59094	withheld:modelled_gene_bar+polish_capped	withheld:modelled_gene_bar+polish_capped	MAT1-2	MAT1-2														COX13,MAT1-2-1	COX13,MAT1-2-1		
GCA_937854325.1_SRR12240182_bin.18_CONCOCT_v1.1_MAG	Ascomycota:MAT	CALHDC010000255.1	92714-116047	92714-116047	withheld:modelled_gene_bar	withheld:modelled_gene_bar	MAT1-1	MAT1-1														COX13,MAT1-1-1,SLA2	COX13,MAT1-1-1,SLA2		
GCA_937854325.1_SRR12240182_bin.18_CONCOCT_v1.1_MAG	Ascomycota:MAT	CALHDC010000165.1	307443-328597	307443-328597	withheld:modelled_gene_bar	withheld:modelled_gene_bar	MAT1-2	MAT1-2														APN2,MAT1-2-1	APN2,MAT1-2-1		
GCA_937854325.1_SRR12240182_bin.18_CONCOCT_v1.1_MAG	Ascomycota:MAT	CALHDC010000208.1	123389-142243	123389-142243	withheld:modelled_gene_bar+polish_capped	withheld:modelled_gene_bar+polish_capped	MAT1-1	MAT1-1														APN2,MAT1-1-1	APN2,MAT1-1-1		
GCA_937854325.1_SRR12240182_bin.18_CONCOCT_v1.1_MAG	Ascomycota:MAT	CALHDC010000208.1	263447-271372	263447-271372	withheld:modelled_gene_bar+polish_capped	withheld:modelled_gene_bar+polish_capped	MAT1-2	MAT1-2														APN2,MAT1-2-1	APN2,MAT1-2-1		
GCA_937854325.1_SRR12240182_bin.18_CONCOCT_v1.1_MAG	Ascomycota:MAT	CALHDC010000203.1	50808-68732	50808-68732	withheld:modelled_gene_bar	withheld:modelled_gene_bar	MAT1-1	MAT1-1														APN2,MAT1-1-1	APN2,MAT1-1-1		
GCA_937854325.1_SRR12240182_bin.18_CONCOCT_v1.1_MAG	Ascomycota:MAT	CALHDC010000132.1	8144-15825	8144-15825	withheld:modelled_gene_bar+polish_capped	withheld:modelled_gene_bar+polish_capped	MAT1-1	MAT1-1														APN2,MAT1-1-1	APN2,MAT1-1-1		
GCA_937854325.1_SRR12240182_bin.18_CONCOCT_v1.1_MAG	Ascomycota:MAT	CALHDC010000109.1	47736-52435	47736-52435	withheld:below_fraction_floor	withheld:below_fraction_floor	MAT1-2	MAT1-2														MAT1-1-3,MAT1-2-1	MAT1-1-3,MAT1-2-1		
GCA_937854325.1_SRR12240182_bin.18_CONCOCT_v1.1_MAG	Ascomycota:MAT	CALHDC010000060.1	54665-55015	54665-55015	withheld:below_fraction_floor	withheld:below_fraction_floor	MAT1-1	MAT1-1														MAT1-1-1,MAT1-1-3	MAT1-1-1,MAT1-1-3		
GCA_964254465.1_private_X5_concoct_bin.21	Ascomycota:MAT	CAXUUA010000001.1	170900-182494	170900-182494	called	called	MAT1-2	MAT1-2	high	high	mat_locus	mat_locus										APN2,COX13,MAT1-2-1,SLA2	APN2,COX13,MAT1-2-1,SLA2		
GCA_964254465.1_private_X5_concoct_bin.21	Ascomycota:MAT	CAXUUA010000272.1	4004-5267	4004-5267	withheld:modelled_gene_bar	withheld:modelled_gene_bar	MAT1-2	MAT1-2														APN2,MAT1-2-1	APN2,MAT1-2-1		
GCA_964254465.1_private_X5_concoct_bin.21	Ascomycota:MAT	CAXUUA010000637.1	3188-13735	3188-13735	withheld:modelled_gene_bar+polish_capped	withheld:modelled_gene_bar+polish_capped	MAT1-2	MAT1-2														APN2,MAT1-2-1	APN2,MAT1-2-1		
GCA_964254465.1_private_X5_concoct_bin.21	Ascomycota:MAT	CAXUUA010000109.1	38860-42983	38860-42983	withheld:modelled_gene_bar+polish_capped	withheld:modelled_gene_bar+polish_capped	MAT1-1	MAT1-1														APN2,MAT1-1-1	APN2,MAT1-1-1		
GCA_964254465.1_private_X5_concoct_bin.21	Ascomycota:MAT	CAXUUA010000031.1	15530-32935	15530-32935	withheld:modelled_gene_bar+polish_capped	withheld:modelled_gene_bar+polish_capped	MAT1-2	MAT1-2														MAT1-2-1,SLA2	MAT1-2-1,SLA2		
GCA_964255695.1_public_SRR14722165_metabat2_bin.16	Ascomycota:MAT	CAXUYV010000011.1	2848-13173	2848-13173	called	called	MAT1-2	MAT1-2	high	high	mat_locus	mat_locus										APN2,COX13,MAT1-2-1,SLA2	APN2,COX13,MAT1-2-1,SLA2		
GCA_964255695.1_public_SRR14722165_metabat2_bin.16	Ascomycota:MAT	CAXUYV010000459.1	4069-4392	4069-4392	withheld:modelled_gene_bar+polish_capped	withheld:modelled_gene_bar+polish_capped	MAT1-2	MAT1-2														MAT1-2-1,SLA2	MAT1-2-1,SLA2		
GCA_964255695.1_public_SRR14722165_metabat2_bin.16	Ascomycota:MAT	CAXUYV010000069.1	7779-11010	7779-11010	withheld:modelled_gene_bar+polish_capped	withheld:modelled_gene_bar+polish_capped	MAT1-1	MAT1-1														MAT1-1-1,SLA2	MAT1-1-1,SLA2		
GCA_964255695.1_public_SRR14722165_metabat2_bin.16	Ascomycota:MAT	CAXUYV010000680.1	5170-7042	5170-7042	withheld:modelled_gene_bar	withheld:modelled_gene_bar	MAT1-2	MAT1-2														MAT1-1-1,MAT1-2-1,SLA2	MAT1-1-1,MAT1-2-1,SLA2		
GCA_964255695.1_public_SRR14722165_metabat2_bin.16	Ascomycota:MAT	CAXUYV010000854.1	177-653	177-653	withheld:modelled_gene_bar+polish_capped	withheld:modelled_gene_bar+polish_capped	MAT1-1	MAT1-1														MAT1-1-1,SLA2	MAT1-1-1,SLA2		
GCA_964255695.1_public_SRR14722165_metabat2_bin.16	Ascomycota:MAT	CAXUYV010000128.1	1470-2865	1470-2865	withheld:modelled_gene_bar	withheld:modelled_gene_bar	MAT1-2	MAT1-2														APN2,MAT1-2-1	APN2,MAT1-2-1		
