genome	contig	start	end	gene_count	hit_count	best_identity	admitted	polish_capped	polished	label	withheld	wall	cid
GCA_000222205.2_R.glutinis2	AEVR02000013.1	1647681	1658573	2	2	42.222	True	False	False	neg	True	162	C00000
GCA_000222205.2_R.glutinis2	AEVR02000014.1	361987	377296	2	2	36.735	True	False	False	neg	True	162	C00001
GCA_000222205.2_R.glutinis2	AEVR02000009.1	140033	152168	2	2	48.649	True	False	False	neg	True	162	C00002
GCA_000222205.2_R.glutinis2	AEVR02000008.1	1252021	1268991	2	19	100.0	True	False	False	pos	False	162	C00003
GCA_000258745.1_ASM25874v1	JH650716.1	178809	181557	2	18	100.0	True	False	False	pos	False	126	C00004
GCA_000258745.1_ASM25874v1	AJMJ01000129.1	5954	14942	2	2	47.059	True	False	False	neg	True	126	C00005
GCA_000258745.1_ASM25874v1	JH650677.1	78145	95475	2	2	45.0	True	False	False	neg	True	126	C00006
GCA_000931965.1_ASM93196v1	JWTJ01000240.1	15344	23805	2	10	71.204	True	False	False	pos	False	92	C00007
GCA_000931965.1_ASM93196v1	JWTJ01000090.1	2064	5152	2	2	43.333	True	False	False	neg	True	92	C00008
GCA_000931965.1_ASM93196v1	JWTJ01000029.1	15873	29714	2	2	36.17	True	False	False	neg	True	92	C00009
GCA_000988805.1_ASM98880v1	LCTU01000063.1	235045	252374	2	2	45.0	True	False	False	neg	True	132	C00010
GCA_000988805.1_ASM98880v1	LCTU01000065.1	86904	89652	2	18	100.0	True	False	False	pos	False	132	C00011
GCA_000988805.1_ASM98880v1	LCTU01000036.1	235292	244264	2	2	47.059	True	False	False	neg	True	132	C00012
GCA_000988875.2_ASM98887v2	LCTV02000002.1	1420565	1431443	2	2	42.222	True	False	False	neg	True	153	C00013
GCA_000988875.2_ASM98887v2	LCTV02000004.1	362418	377727	2	2	36.735	True	False	False	neg	True	153	C00014
GCA_000988875.2_ASM98887v2	LCTV02000011.1	786623	798758	2	2	48.649	True	False	False	neg	True	153	C00015
GCA_000988875.2_ASM98887v2	LCTV02000005.1	1256423	1276797	2	20	100.0	True	False	False	pos	False	153	C00016
GCA_001255795.1_IFO0880_HGAP3_v1	CWKI01000002.1	1420530	1431407	2	2	42.222	True	False	False	neg	True	136	C00017
GCA_001255795.1_IFO0880_HGAP3_v1	CWKI01000004.1	489678	504987	2	2	36.735	True	False	False	neg	True	136	C00018
GCA_001255795.1_IFO0880_HGAP3_v1	CWKI01000011.1	786609	798744	2	2	48.649	True	False	False	neg	True	136	C00019
GCA_001255795.1_IFO0880_HGAP3_v1	CWKI01000005.1	1256404	1276778	2	20	100.0	True	False	False	pos	False	136	C00020
GCA_001373355.1_SPOSA68321A01	CENE01000017.1	382590	401757	2	2	53.125	True	False	False	neg	True	166	C00021
GCA_001373355.1_SPOSA68321A01	CENE01000022.1	195300	201828	2	2	35.211	True	False	False	neg	True	166	C00022
GCA_001373355.1_SPOSA68321A01	CENE01000003.1	19245	31772	2	2	52.778	True	False	False	neg	True	166	C00023
GCA_001373355.1_SPOSA68321A01	CENE01000029.1	49334	51883	2	10	42.083	True	False	False	pos	False	166	C00024
GCA_001373355.1_SPOSA68321A01	CENE01000023.1	204009	214105	2	2	37.879	True	False	False	neg	True	166	C00025
GCA_001456015.1_ASM145601v1	LKER01000001.1	856822	865811	2	2	47.059	True	False	False	neg	True	185	C00026
GCA_001456015.1_ASM145601v1	LKER01000019.1	193446	196194	2	17	100.0	True	False	False	pos	False	185	C00027
GCA_001456015.1_ASM145601v1	LKER01000019.1	255137	275939	2	20	100.0	True	False	False	pos	False	185	C00028
GCA_001456015.1_ASM145601v1	LKER01000011.1	173680	191009	2	2	45.0	True	False	False	neg	True	185	C00029
GCA_001541205.1_Rhosp1	KQ954464.1	397721	400777	2	14	87.708	True	False	False	pos	False	89	C00030
GCA_001541205.1_Rhosp1	KQ954519.1	37203	41712	2	2	44.444	True	False	False	neg	True	89	C00031
GCA_001542265.1_ASM154226v1	LNKU01000002.1	1240101	1260475	2	20	100.0	True	False	False	pos	False	157	C00032
GCA_001542265.1_ASM154226v1	LNKU01000001.1	541559	552437	2	2	42.222	True	False	False	neg	True	157	C00033
GCA_001542265.1_ASM154226v1	LNKU01000015.1	362599	377908	2	2	36.735	True	False	False	neg	True	157	C00034
GCA_001542265.1_ASM154226v1	LNKU01000013.1	786611	798746	2	2	48.649	True	False	False	neg	True	157	C00035
GCA_001542305.1_ASM154230v1	LNQQ01000020.1	6016	15004	2	2	47.059	True	False	False	neg	True	152	C00036
GCA_001542305.1_ASM154230v1	LNQQ01000002.1	1171835	1189164	2	2	45.0	True	False	False	neg	True	152	C00037
GCA_001542305.1_ASM154230v1	LNQQ01000018.1	86977	89733	2	18	100.0	True	False	False	pos	False	152	C00038
GCA_001542305.1_ASM154230v1	LNQQ01000018.1	478088	480844	2	18	100.0	True	False	False	pos	False	152	C00039
GCA_001600115.1_JCM_10020_assembly_v001	BCIY01000009.1	5941	14929	2	2	47.059	True	False	False	neg	True	143	C00040
GCA_001600115.1_JCM_10020_assembly_v001	BCIY01000007.1	573238	590567	2	2	45.0	True	False	False	neg	True	143	C00041
GCA_001600115.1_JCM_10020_assembly_v001	BCIY01000004.1	382966	385722	2	18	100.0	True	False	False	pos	False	143	C00042
GCA_001600135.1_JCM_10021_assembly_v001	BCIZ01000001.1	1420754	1431632	2	2	42.222	True	False	False	neg	True	158	C00043
GCA_001600135.1_JCM_10021_assembly_v001	BCIZ01000018.1	363269	378578	2	2	36.735	True	False	False	neg	True	158	C00044
GCA_001600135.1_JCM_10021_assembly_v001	BCIZ01000008.1	140020	152155	2	2	48.649	True	False	False	neg	True	158	C00045
GCA_001600135.1_JCM_10021_assembly_v001	BCIZ01000003.1	1255092	1275466	2	20	100.0	True	False	False	pos	False	158	C00046
GCA_001600155.1_JCM_10049_assembly_v001	BCJA01000015.1	344772	350721	2	2	36.585	True	False	False	neg	True	149	C00047
GCA_001600155.1_JCM_10049_assembly_v001	BCJA01000008.1	512738	530066	2	2	45.0	True	False	False	neg	True	149	C00048
GCA_001600155.1_JCM_10049_assembly_v001	BCJA01000005.1	918800	921548	2	16	95.946	True	False	False	pos	False	149	C00049
GCA_001600215.1_JCM_24501_assembly_v001	BCJE01000007.1	917119	922240	2	2	28.571	True	False	False	neg	True	143	C00050
GCA_001600215.1_JCM_24501_assembly_v001	BCJE01000008.1	45630	56975	2	2	37.705	True	False	False	neg	True	143	C00051
GCA_001600215.1_JCM_24501_assembly_v001	BCJE01000004.1	1008526	1011282	2	16	94.515	True	False	False	pos	False	143	C00052
GCA_001914285.1_FNED7-bin-22	MSDX01002808.1	135660	148135	2	6	36.585	True	False	False	neg	True	44	C00053
GCA_001914285.1_FNED7-bin-22	MSDX01000645.1	896	3758	2	10	34.706	True	False	False	pos	False	44	C00054
GCA_002250355.1_RIT389_v1	NIUW01000006.1	442462	450964	2	10	82.057	True	False	False	pos	False	95	C00055
GCA_002250355.1_RIT389_v1	NIUW01000026.1	71515	77755	2	2	36.709	True	False	False	neg	True	95	C00056
GCA_002250355.1_RIT389_v1	NIUW01000003.1	444374	467634	2	2	40.625	True	False	False	neg	True	95	C00057
GCA_002250355.1_RIT389_v1	NIUW01000038.1	13316	23316	2	2	30.233	True	False	False	neg	True	95	C00058
GCA_002250355.1_RIT389_v1	NIUW01000040.1	120125	130125	2	2	30.233	True	False	False	neg	True	95	C00059
GCA_002806785.1_ASM280678v1	NHTJ01000005.1	939688	952228	2	2	44.231	True	False	False	neg	True	99	C00060
GCA_002806785.1_ASM280678v1	NHTJ01000004.1	492345	495084	2	14	94.545	True	False	False	pos	False	99	C00061
GCA_002806785.1_ASM280678v1	NHTJ01000011.1	410403	413491	2	2	43.333	True	False	False	neg	True	99	C00062
GCA_002806785.1_ASM280678v1	NHTJ01000012.1	238944	254340	2	2	32.812	True	False	False	neg	True	99	C00063
GCA_002917965.1_ASM291796v1	PQDI01000056.1	305710	316513	2	17	100.0	True	False	False	pos	False	288	C00064
GCA_002917965.1_ASM291796v1	PQDI01000050.1	1029237	1034950	2	2	33.871	True	False	False	neg	True	288	C00065
GCA_002917965.1_ASM291796v1	PQDI01000053.1	399329	405573	2	3	37.209	True	False	False	neg	True	288	C00066
GCA_002917965.1_ASM291796v1	PQDI01000020.1	55024	75213	2	2	39.655	True	False	False	neg	True	288	C00067
GCA_002922495.1_ASM292249v1	PJQD01000035.1	461852	464861	2	14	49.0	True	False	False	pos	False	75	C00068
GCA_002922495.1_ASM292249v1	PJQD01000025.1	333379	350581	2	5	38.806	True	False	False	neg	True	75	C00069
GCA_002922495.1_ASM292249v1	PJQD01000115.1	85215	102754	2	2	35.294	True	False	False	neg	True	75	C00070
GCA_003055205.1_ASM305520v1	PEFX01000009.1	478520	486962	2	10	71.204	True	False	False	pos	False	103	C00071
GCA_003055205.1_ASM305520v1	PEFX01000021.1	88219	91307	2	2	43.333	True	False	False	neg	True	103	C00072
GCA_003055205.1_ASM305520v1	PEFX01000043.1	240250	255600	2	2	32.812	True	False	False	neg	True	103	C00073
GCA_003234015.1_ASM323401v1	LK052944.1	5786	14758	2	2	47.059	True	False	False	neg	True	143	C00074
GCA_003234015.1_ASM323401v1	LK052945.1	569905	587234	2	2	45.0	True	False	False	neg	True	143	C00075
GCA_003234015.1_ASM323401v1	LK052943.1	583044	585792	2	18	100.0	True	False	False	pos	False	143	C00076
GCA_004143675.1_ASM414367v1	RZHN01000004.1	304690	318516	2	2	36.17	True	False	False	neg	True	94	C00077
GCA_004143675.1_ASM414367v1	RZHN01000003.1	456907	459967	2	10	70.833	True	False	False	pos	False	94	C00078
GCA_004143675.1_ASM414367v1	RZHN01000015.1	8024	26371	2	2	36.842	True	False	False	neg	True	94	C00079
GCA_005059875.1_ASM505987v1	MXAQ01000002.1	355630	368136	2	2	44.231	True	False	False	neg	True	93	C00080
GCA_005059875.1_ASM505987v1	MXAQ01000003.1	179048	182120	2	14	81.208	True	False	False	pos	False	93	C00081
GCA_005059875.1_ASM505987v1	MXAQ01000029.1	244143	257996	2	2	36.17	True	False	False	neg	True	93	C00082
GCA_005281665.1_ASM528166v1	SWEA01000005.1	503979	506861	2	15	57.471	True	False	False	pos	False	143	C00083
GCA_005281665.1_ASM528166v1	SWEA01000023.1	29551	41761	2	2	36.842	True	False	False	neg	True	143	C00084
GCA_005281665.1_ASM528166v1	SWEA01000072.1	14832	20152	2	2	36.364	True	False	False	neg	True	143	C00085
GCA_005387725.1_ASM538772v1	SJTE01000084.1	219846	222623	2	16	94.068	True	False	False	pos	False	109	C00086
GCA_005387725.1_ASM538772v1	SJTE01000019.1	132170	143741	2	2	38.235	True	False	False	neg	True	109	C00087
GCA_005387725.1_ASM538772v1	SJTE01000158.1	18538	29582	2	2	40.984	True	False	False	neg	True	109	C00088
GCA_006352295.1_UMAN_Rdio_1.0	SOZI01000120.1	45068	48163	2	16	57.778	True	False	False	pos	False	224	C00089
GCA_006352295.1_UMAN_Rdio_1.0	SOZI01000075.1	54325	65583	2	2	33.333	True	False	False	neg	True	224	C00090
GCA_006352295.1_UMAN_Rdio_1.0	SOZI01000057.1	72517	103925	2	4	37.313	True	False	False	neg	True	224	C00091
GCA_006352295.1_UMAN_Rdio_1.0	SOZI01000033.1	83016	100270	2	2	42.222	True	False	False	neg	True	224	C00092
GCA_007990605.1_Rt10032-v1	BJWK01000003.1	111740	160562	2	4	36.364	True	False	False	neg	True	120	C00093
GCA_007990605.1_Rt10032-v1	BJWK01000008.1	249	2534	2	2	39.623	True	False	False	neg	True	120	C00094
GCA_007990605.1_Rt10032-v1	BJWK01000004.1	194228	208607	2	2	34.545	True	True	False	neg	True	120	C00095
GCA_007990605.1_Rt10032-v1	BJWK01000011.1	725870	734819	2	2	42.373	True	False	False	neg	True	120	C00096
GCA_007990605.1_Rt10032-v1	BJWK01000011.1	806504	820589	2	2	37.5	True	False	False	neg	True	120	C00097
GCA_007990605.1_Rt10032-v1	BJWK01000005.1	329724	332494	2	17	80.717	True	False	False	pos	False	120	C00098
GCA_007990605.1_Rt10032-v1	BJWK01000013.1	197120	206099	2	2	42.424	True	False	False	neg	True	120	C00099
GCA_009806315.1_ASM980631v1	QYSD01000008.1	88377	91106	2	15	80.269	True	False	False	pos	False	129	C00100
GCA_009806315.1_ASM980631v1	QYSD01000003.1	408070	423258	2	2	42.553	True	False	False	neg	True	129	C00101
GCA_009806315.1_ASM980631v1	QYSD01000039.1	63051	67349	2	2	30.986	True	False	False	neg	True	129	C00102
GCA_009806315.1_ASM980631v1	QYSD01000027.1	9194	42215	2	3	36.364	True	False	False	neg	True	129	C00103
GCA_009806315.1_ASM980631v1	QYSD01000023.1	171661	198465	2	3	40.0	True	False	False	neg	True	129	C00104
GCA_009806315.1_ASM980631v1	QYSD01000067.1	64924	73885	2	2	42.424	True	False	False	neg	True	129	C00105
GCA_010758995.1_ASM1075899v1	RSDY01000004.1	653902	671081	2	2	39.286	True	False	False	neg	True	62	C00106
GCA_010758995.1_ASM1075899v1	RSDY01000005.1	1004049	1021850	2	2	45.161	True	False	False	neg	True	62	C00107
GCA_010758995.1_ASM1075899v1	RSDY01000006.1	1105289	1108234	2	13	44.737	True	False	False	neg	True	62	C00108
GCA_012922695.1_ASM1292269v1	JABBMU010000003.1	302397	310839	2	10	71.204	True	False	False	pos	False	104	C00109
GCA_012922695.1_ASM1292269v1	JABBMU010000065.1	88250	91338	2	2	43.333	True	False	False	neg	True	104	C00110
GCA_012922695.1_ASM1292269v1	JABBMU010000005.1	3851	17704	2	2	36.17	True	False	False	neg	True	104	C00111
GCA_012922695.1_ASM1292269v1	JABBMU010000071.1	33273	48623	2	2	32.812	True	False	False	neg	True	104	C00112
GCA_012922725.1_ASM1292272v1	JABBYM010000004.1	173972	182414	2	10	71.204	True	False	False	pos	False	112	C00113
GCA_012922725.1_ASM1292272v1	JABBYM010000029.1	138271	144511	2	2	36.709	True	False	False	neg	True	112	C00114
GCA_012922725.1_ASM1292272v1	JABBYM010000081.1	9369	32732	2	2	43.75	True	False	False	neg	True	112	C00115
GCA_012922725.1_ASM1292272v1	JABBYM010000072.1	3889	17742	2	2	36.17	True	False	False	neg	True	112	C00116
GCA_012922725.1_ASM1292272v1	JABBYM010000016.1	40900	56250	2	2	32.812	True	False	False	neg	True	112	C00117
GCA_012922765.1_ASM1292276v1	JABBMV010000036.1	16030	24472	2	10	71.204	True	False	False	pos	False	103	C00118
GCA_012922765.1_ASM1292276v1	JABBMV010000046.1	88237	91325	2	2	43.333	True	False	False	neg	True	103	C00119
GCA_012922765.1_ASM1292276v1	JABBMV010000004.1	559131	572984	2	2	36.17	True	False	False	neg	True	103	C00120
GCA_012922765.1_ASM1292276v1	JABBMV010000020.1	240898	256248	2	2	32.812	True	False	False	neg	True	103	C00121
GCA_012922805.1_ASM1292280v1	JABBMW010000015.1	280127	288569	2	10	71.204	True	False	False	pos	False	113	C00122
GCA_012922805.1_ASM1292280v1	JABBMW010000030.1	72165	78405	2	2	36.709	True	False	False	neg	True	113	C00123
GCA_012922805.1_ASM1292280v1	JABBMW010000075.1	54196	77559	2	2	43.75	True	False	False	neg	True	113	C00124
GCA_012922805.1_ASM1292280v1	JABBMW010000067.1	3889	17742	2	2	36.17	True	False	False	neg	True	113	C00125
GCA_012922805.1_ASM1292280v1	JABBMW010000016.1	40900	56250	2	2	32.812	True	False	False	neg	True	113	C00126
GCA_012922825.1_ASM1292282v1	JABBMX010000004.1	305807	314249	2	10	71.204	True	False	False	pos	False	102	C00127
GCA_012922825.1_ASM1292282v1	JABBMX010000060.1	88250	91338	2	2	43.333	True	False	False	neg	True	102	C00128
GCA_012922825.1_ASM1292282v1	JABBMX010000018.1	40900	56250	2	2	32.812	True	False	False	neg	True	102	C00129
GCA_012922835.1_ASM1292283v1	JABBYN010000003.1	476198	484640	2	10	71.204	True	False	False	pos	False	114	C00130
GCA_012922835.1_ASM1292283v1	JABBYN010000027.1	138272	144512	2	2	36.709	True	False	False	neg	True	114	C00131
GCA_012922835.1_ASM1292283v1	JABBYN010000076.1	9369	32732	2	2	43.75	True	False	False	neg	True	114	C00132
GCA_012922835.1_ASM1292283v1	JABBYN010000066.1	93127	106980	2	2	36.17	True	False	False	neg	True	114	C00133
GCA_012922835.1_ASM1292283v1	JABBYN010000017.1	40900	56250	2	2	32.812	True	False	False	neg	True	114	C00134
GCA_013030385.1_ASM1303038v1	JABENE010000018.1	15959	24401	2	10	71.204	True	False	False	pos	False	116	C00135
GCA_013030385.1_ASM1303038v1	JABENE010000034.1	138272	144512	2	2	36.709	True	False	False	neg	True	116	C00136
GCA_013030385.1_ASM1303038v1	JABENE010000075.1	54197	77560	2	2	43.75	True	False	False	neg	True	116	C00137
GCA_013030385.1_ASM1303038v1	JABENE010000064.1	3889	17742	2	2	36.17	True	False	False	neg	True	116	C00138
GCA_013030385.1_ASM1303038v1	JABENE010000019.1	240579	255929	2	2	32.812	True	False	False	neg	True	116	C00139
GCA_013030395.1_ASM1303039v1	JABENG010000017.1	280128	288570	2	10	71.204	True	False	False	pos	False	114	C00140
GCA_013030395.1_ASM1303039v1	JABENG010000032.1	138272	144512	2	2	36.709	True	False	False	neg	True	114	C00141
GCA_013030395.1_ASM1303039v1	JABENG010000074.1	54197	77560	2	2	43.75	True	False	False	neg	True	114	C00142
GCA_013030395.1_ASM1303039v1	JABENG010000066.1	3889	17742	2	2	36.17	True	False	False	neg	True	114	C00143
GCA_013030395.1_ASM1303039v1	JABENG010000018.1	240586	255936	2	2	32.812	True	False	False	neg	True	114	C00144
GCA_013030405.1_ASM1303040v1	JABENF010000006.1	15929	24371	2	10	71.204	True	False	False	pos	False	115	C00145
GCA_013030405.1_ASM1303040v1	JABENF010000021.1	72165	78405	2	2	36.709	True	False	False	neg	True	115	C00146
GCA_013030405.1_ASM1303040v1	JABENF010000080.1	9369	32732	2	2	43.75	True	False	False	neg	True	115	C00147
GCA_013030405.1_ASM1303040v1	JABENF010000067.1	93127	106980	2	2	36.17	True	False	False	neg	True	115	C00148
GCA_013030405.1_ASM1303040v1	JABENF010000032.1	40900	56250	2	2	32.812	True	False	False	neg	True	115	C00149
GCA_013030415.1_ASM1303041v1	JABENH010000006.1	15911	24353	2	10	71.204	True	False	False	pos	False	114	C00150
GCA_013030415.1_ASM1303041v1	JABENH010000072.1	9369	32732	2	2	43.75	True	False	False	neg	True	114	C00151
GCA_013030415.1_ASM1303041v1	JABENH010000039.1	72165	78405	2	2	36.709	True	False	False	neg	True	114	C00152
GCA_013030415.1_ASM1303041v1	JABENH010000063.1	93127	106980	2	2	36.17	True	False	False	neg	True	114	C00153
GCA_013030415.1_ASM1303041v1	JABENH010000018.1	40900	56250	2	2	32.812	True	False	False	neg	True	114	C00154
GCA_013036305.1_ASM1303630v1	JABBHW010000007.1	175602	184044	2	10	71.204	True	False	False	pos	False	112	C00155
GCA_013036305.1_ASM1303630v1	JABBHW010000033.1	72165	78405	2	2	36.709	True	False	False	neg	True	112	C00156
GCA_013036305.1_ASM1303630v1	JABBHW010000073.1	9369	32732	2	2	43.75	True	False	False	neg	True	112	C00157
GCA_013036305.1_ASM1303630v1	JABBHW010000063.1	3889	17742	2	2	36.17	True	False	False	neg	True	112	C00158
GCA_013036305.1_ASM1303630v1	JABBHW010000020.1	40900	56250	2	2	32.812	True	False	False	neg	True	112	C00159
GCA_013036355.1_ASM1303635v1	JABBHX010000006.1	173972	182414	2	10	71.204	True	False	False	pos	False	114	C00160
GCA_013036355.1_ASM1303635v1	JABBHX010000028.1	138271	144511	2	2	36.709	True	False	False	neg	True	114	C00161
GCA_013036355.1_ASM1303635v1	JABBHX010000075.1	9369	32732	2	2	43.75	True	False	False	neg	True	114	C00162
GCA_013036355.1_ASM1303635v1	JABBHX010000065.1	3889	17742	2	2	36.17	True	False	False	neg	True	114	C00163
GCA_013036355.1_ASM1303635v1	JABBHX010000037.1	124998	140348	2	2	32.812	True	False	False	neg	True	114	C00164
GCA_013036365.1_ASM1303636v1	JABBHZ010000015.1	302144	310586	2	10	71.204	True	False	False	pos	False	101	C00165
GCA_013036365.1_ASM1303636v1	JABBHZ010000062.1	88250	91338	2	2	43.333	True	False	False	neg	True	101	C00166
GCA_013036365.1_ASM1303636v1	JABBHZ010000020.1	40347	55697	2	2	32.812	True	False	False	neg	True	101	C00167
GCA_013036385.1_ASM1303638v1	JABBHY010000018.1	280130	288572	2	10	71.204	True	False	False	pos	False	114	C00168
GCA_013036385.1_ASM1303638v1	JABBHY010000029.1	72165	78405	2	2	36.709	True	False	False	neg	True	114	C00169
GCA_013036385.1_ASM1303638v1	JABBHY010000030.1	9369	32732	2	2	43.75	True	False	False	neg	True	114	C00170
GCA_013036385.1_ASM1303638v1	JABBHY010000067.1	93127	106980	2	2	36.17	True	False	False	neg	True	114	C00171
GCA_013036385.1_ASM1303638v1	JABBHY010000019.1	240579	255929	2	2	32.812	True	False	False	neg	True	114	C00172
GCA_013036445.1_ASM1303644v1	JABBIA010000032.1	173972	182414	2	10	71.204	True	False	False	pos	False	116	C00173
GCA_013036445.1_ASM1303644v1	JABBIA010000025.1	72165	78405	2	2	36.709	True	False	False	neg	True	116	C00174
GCA_013036445.1_ASM1303644v1	JABBIA010000078.1	9369	32732	2	2	43.75	True	False	False	neg	True	116	C00175
GCA_013036445.1_ASM1303644v1	JABBIA010000067.1	3889	17742	2	2	36.17	True	False	False	neg	True	116	C00176
GCA_013036445.1_ASM1303644v1	JABBIA010000015.1	240579	255929	2	2	32.812	True	False	False	neg	True	116	C00177
GCA_013036475.1_ASM1303647v1	JABBIB010000002.1	633844	642286	2	10	71.204	True	False	False	pos	False	115	C00178
GCA_013036475.1_ASM1303647v1	JABBIB010000028.1	72165	78405	2	2	36.709	True	False	False	neg	True	115	C00179
GCA_013036475.1_ASM1303647v1	JABBIB010000068.1	54197	77559	2	2	43.75	True	False	False	neg	True	115	C00180
GCA_013036475.1_ASM1303647v1	JABBIB010000058.1	3889	17742	2	2	36.17	True	False	False	neg	True	115	C00181
GCA_013036475.1_ASM1303647v1	JABBIB010000021.1	240590	255940	2	2	32.812	True	False	False	neg	True	115	C00182
GCA_013036505.1_ASM1303650v1	JABBIE010000006.1	305813	314255	2	10	71.204	True	False	False	pos	False	100	C00183
GCA_013036505.1_ASM1303650v1	JABBIE010000058.1	88343	91431	2	2	43.333	True	False	False	neg	True	100	C00184
GCA_013036505.1_ASM1303650v1	JABBIE010000024.1	40707	56057	2	2	32.812	True	False	False	neg	True	100	C00185
GCA_013036515.1_ASM1303651v1	JABBIC010000035.1	15925	24367	2	10	71.204	True	False	False	pos	False	101	C00186
GCA_013036515.1_ASM1303651v1	JABBIC010000061.1	88256	91344	2	2	43.333	True	False	False	neg	True	101	C00187
GCA_013036515.1_ASM1303651v1	JABBIC010000019.1	240889	256239	2	2	32.812	True	False	False	neg	True	101	C00188
GCA_013036525.1_ASM1303652v1	JABBID010000033.1	15903	24345	2	10	71.204	True	False	False	pos	False	117	C00189
GCA_013036525.1_ASM1303652v1	JABBID010000027.1	72165	78405	2	2	36.709	True	False	False	neg	True	117	C00190
GCA_013036525.1_ASM1303652v1	JABBID010000079.1	9369	32732	2	2	43.75	True	False	False	neg	True	117	C00191
GCA_013036525.1_ASM1303652v1	JABBID010000068.1	3889	17742	2	2	36.17	True	False	False	neg	True	117	C00192
GCA_013036525.1_ASM1303652v1	JABBID010000016.1	240063	255413	2	2	32.812	True	False	False	neg	True	117	C00193
GCA_013036595.1_ASM1303659v1	JABBIF010000035.1	173972	182414	2	10	71.204	True	False	False	pos	False	113	C00194
GCA_013036595.1_ASM1303659v1	JABBIF010000031.1	138272	144512	2	2	36.709	True	False	False	neg	True	113	C00195
GCA_013036595.1_ASM1303659v1	JABBIF010000069.1	9369	32732	2	2	43.75	True	False	False	neg	True	113	C00196
GCA_013036595.1_ASM1303659v1	JABBIF010000063.1	3889	17742	2	2	36.17	True	False	False	neg	True	113	C00197
GCA_013036595.1_ASM1303659v1	JABBIF010000019.1	40900	56250	2	2	32.812	True	False	False	neg	True	113	C00198
GCA_013036615.1_ASM1303661v1	JABBIG010000017.1	302144	310586	2	10	71.204	True	False	False	pos	False	101	C00199
GCA_013036615.1_ASM1303661v1	JABBIG010000061.1	88287	91375	2	2	43.333	True	False	False	neg	True	101	C00200
GCA_013036615.1_ASM1303661v1	JABBIG010000007.1	240890	256240	2	2	32.812	True	False	False	neg	True	101	C00201
GCA_013036655.1_ASM1303665v1	JABBIH010000020.1	302145	310587	2	10	71.204	True	False	False	pos	False	100	C00202
GCA_013036655.1_ASM1303665v1	JABBIH010000060.1	88245	91333	2	2	43.333	True	False	False	neg	True	100	C00203
GCA_013036655.1_ASM1303665v1	JABBIH010000024.1	40347	55697	2	2	32.812	True	False	False	neg	True	100	C00204
GCA_013036665.1_ASM1303666v1	JABBII010000004.1	175610	184052	2	10	71.204	True	False	False	pos	False	114	C00205
GCA_013036665.1_ASM1303666v1	JABBII010000029.1	138272	144512	2	2	36.709	True	False	False	neg	True	114	C00206
GCA_013036665.1_ASM1303666v1	JABBII010000079.1	9369	32732	2	2	43.75	True	False	False	neg	True	114	C00207
GCA_013036665.1_ASM1303666v1	JABBII010000068.1	93127	106980	2	2	36.17	True	False	False	neg	True	114	C00208
GCA_013036665.1_ASM1303666v1	JABBII010000017.1	240579	255929	2	2	32.812	True	False	False	neg	True	114	C00209
GCA_013036715.1_ASM1303671v1	JABBIJ010000007.1	175605	184047	2	10	71.204	True	False	False	pos	False	111	C00210
GCA_013036715.1_ASM1303671v1	JABBIJ010000029.1	138271	144511	2	2	36.709	True	False	False	neg	True	111	C00211
GCA_013036715.1_ASM1303671v1	JABBIJ010000071.1	9369	32732	2	2	43.75	True	False	False	neg	True	111	C00212
GCA_013036715.1_ASM1303671v1	JABBIJ010000017.1	40900	56250	2	2	32.812	True	False	False	neg	True	111	C00213
GCA_013036735.1_ASM1303673v1	JABBIK010000003.1	280053	288495	2	10	71.204	True	False	False	pos	False	114	C00214
GCA_013036735.1_ASM1303673v1	JABBIK010000029.1	72165	78405	2	2	36.709	True	False	False	neg	True	114	C00215
GCA_013036735.1_ASM1303673v1	JABBIK010000074.1	54229	77592	2	2	43.75	True	False	False	neg	True	114	C00216
GCA_013036735.1_ASM1303673v1	JABBIK010000065.1	93127	106980	2	2	36.17	True	False	False	neg	True	114	C00217
GCA_013036735.1_ASM1303673v1	JABBIK010000021.1	40900	56250	2	2	32.812	True	False	False	neg	True	114	C00218
GCA_013036755.1_ASM1303675v1	JABBIL010000003.1	280055	288497	2	10	71.204	True	False	False	pos	False	114	C00219
GCA_013036755.1_ASM1303675v1	JABBIL010000028.1	72165	78405	2	2	36.709	True	False	False	neg	True	114	C00220
GCA_013036755.1_ASM1303675v1	JABBIL010000074.1	9369	32732	2	2	43.75	True	False	False	neg	True	114	C00221
GCA_013036755.1_ASM1303675v1	JABBIL010000066.1	3889	17742	2	2	36.17	True	False	False	neg	True	114	C00222
GCA_013036755.1_ASM1303675v1	JABBIL010000019.1	40900	56250	2	2	32.812	True	False	False	neg	True	114	C00223
GCA_013036805.1_ASM1303680v1	JABBIM010000006.1	305629	314071	2	10	71.204	True	False	False	pos	False	100	C00224
GCA_013036805.1_ASM1303680v1	JABBIM010000060.1	88287	91375	2	2	43.333	True	False	False	neg	True	100	C00225
GCA_013036805.1_ASM1303680v1	JABBIM010000022.1	40707	56057	2	2	32.812	True	False	False	neg	True	100	C00226
GCA_013036825.1_ASM1303682v1	JABBIN010000002.1	304998	313440	2	10	71.204	True	False	False	pos	False	113	C00227
GCA_013036825.1_ASM1303682v1	JABBIN010000030.1	72165	78405	2	2	36.709	True	False	False	neg	True	113	C00228
GCA_013036825.1_ASM1303682v1	JABBIN010000070.1	54197	77560	2	2	43.75	True	False	False	neg	True	113	C00229
GCA_013036825.1_ASM1303682v1	JABBIN010000063.1	3889	17742	2	2	36.17	True	False	False	neg	True	113	C00230
GCA_013036825.1_ASM1303682v1	JABBIN010000020.1	40900	56250	2	2	32.812	True	False	False	neg	True	113	C00231
GCA_013036835.1_ASM1303683v1	JABBIO010000002.1	304997	313439	2	10	71.204	True	False	False	pos	False	115	C00232
GCA_013036835.1_ASM1303683v1	JABBIO010000031.1	138272	144512	2	2	36.709	True	False	False	neg	True	115	C00233
GCA_013036835.1_ASM1303683v1	JABBIO010000072.1	9369	32732	2	2	43.75	True	False	False	neg	True	115	C00234
GCA_013036835.1_ASM1303683v1	JABBIO010000064.1	3889	17742	2	2	36.17	True	False	False	neg	True	115	C00235
GCA_013036835.1_ASM1303683v1	JABBIO010000018.1	240592	255942	2	2	32.812	True	False	False	neg	True	115	C00236
GCA_013036895.1_ASM1303689v1	JABBIQ010000036.1	15946	24388	2	10	71.204	True	False	False	pos	False	101	C00237
GCA_013036895.1_ASM1303689v1	JABBIQ010000062.1	88346	91434	2	2	43.333	True	False	False	neg	True	101	C00238
GCA_013036895.1_ASM1303689v1	JABBIQ010000017.1	240890	256240	2	2	32.812	True	False	False	neg	True	101	C00239
GCA_013036905.1_ASM1303690v1	JABBIP010000019.1	280071	288513	2	10	71.204	True	False	False	pos	False	115	C00240
GCA_013036905.1_ASM1303690v1	JABBIP010000070.1	54196	77559	2	2	43.75	True	False	False	neg	True	115	C00241
GCA_013036905.1_ASM1303690v1	JABBIP010000041.1	102176	108416	2	2	36.709	True	False	False	neg	True	115	C00242
GCA_013036905.1_ASM1303690v1	JABBIP010000066.1	3889	17742	2	2	36.17	True	False	False	neg	True	115	C00243
GCA_013036905.1_ASM1303690v1	JABBIP010000020.1	40900	56250	2	2	32.812	True	False	False	neg	True	115	C00244
GCA_013036955.1_ASM1303695v1	JABBIR010000034.1	175597	184039	2	10	71.204	True	False	False	pos	False	116	C00245
GCA_013036955.1_ASM1303695v1	JABBIR010000028.1	72165	78405	2	2	36.709	True	False	False	neg	True	116	C00246
GCA_013036955.1_ASM1303695v1	JABBIR010000071.1	54197	77560	2	2	43.75	True	False	False	neg	True	116	C00247
GCA_013036955.1_ASM1303695v1	JABBIR010000063.1	93127	106980	2	2	36.17	True	False	False	neg	True	116	C00248
GCA_013036955.1_ASM1303695v1	JABBIR010000040.1	124997	140347	2	2	32.812	True	False	False	neg	True	116	C00249
GCA_015501985.1_ASM1550198v1	JAAGPT010000004.1	24241	42424	2	2	41.667	True	False	False	neg	True	410	C00250
GCA_015501985.1_ASM1550198v1	JAAGPT010000004.1	2060831	2075632	2	3	35.938	True	False	False	neg	True	410	C00251
GCA_015501985.1_ASM1550198v1	JAAGPT010000007.1	1391611	1421591	2	5	35.556	True	True	False	neg	True	410	C00252
GCA_015501985.1_ASM1550198v1	JAAGPT010000002.1	286668	296671	2	3	47.5	True	False	False	neg	True	410	C00253
GCA_015501985.1_ASM1550198v1	JAAGPT010000005.1	1607582	1612967	2	2	45.946	True	False	False	neg	True	410	C00254
GCA_015501985.1_ASM1550198v1	JAAGPT010000016.1	132853	155878	2	16	100.0	True	False	False	pos	False	410	C00255
GCA_015501985.1_ASM1550198v1	JAAGPT010000018.1	187425	201115	2	2	58.333	True	False	False	neg	True	410	C00256
GCA_016584205.1_ASM1658420v1	PUHQ01000008.1	15782	24224	2	10	71.204	True	False	False	pos	False	93	C00257
GCA_016584205.1_ASM1658420v1	PUHQ01000141.1	9695	12783	2	2	43.333	True	False	False	neg	True	93	C00258
GCA_016584205.1_ASM1658420v1	PUHQ01000091.1	21127	36477	2	2	32.812	True	False	False	neg	True	93	C00259
GCA_016808315.1_ASM1680831v1	JABGON010000185.1	12459	15241	2	18	93.249	True	False	False	pos	False	215	C00260
GCA_016808315.1_ASM1680831v1	JABGON010000175.1	12286	15046	2	15	91.561	True	False	False	pos	False	215	C00261
GCA_016808315.1_ASM1680831v1	JABGON010000043.1	121127	138456	2	2	45.0	True	False	False	neg	True	215	C00262
GCA_018687845.1_ASM1868784v1	JAGYYI010000026.1	182829	196655	2	2	36.17	True	False	False	neg	True	104	C00263
GCA_018687845.1_ASM1868784v1	JAGYYI010000015.1	348674	367021	2	2	36.842	True	False	False	neg	True	104	C00264
GCA_018687845.1_ASM1868784v1	JAGYYI010000006.1	174037	177097	2	10	70.833	True	False	False	pos	False	104	C00265
GCA_018687845.1_ASM1868784v1	JAGYYI010000083.1	9457	32799	2	2	43.75	True	False	False	neg	True	104	C00266
GCA_018687845.1_ASM1868784v1	JAGYYI010000045.1	88231	91320	2	2	43.333	True	False	False	neg	True	104	C00267
GCA_019059545.1_ASM1905954v1	JAGYWK010000005.1	322699	325760	2	11	77.367	True	False	False	pos	False	106	C00268
GCA_019059545.1_ASM1905954v1	JAGYWK010000001.1	555083	568854	2	2	48.387	True	False	False	neg	True	106	C00269
GCA_019059545.1_ASM1905954v1	JAGYWK010000007.1	42451	60806	2	2	40.0	True	False	False	neg	True	106	C00270
GCA_019059545.1_ASM1905954v1	JAGYWK010000003.1	807321	835808	2	3	36.842	True	False	False	neg	True	106	C00271
GCA_019189345.1_ASM1918934v1	JAHAPE010000004.1	475352	483794	2	10	71.204	True	False	False	pos	False	103	C00272
GCA_019189345.1_ASM1918934v1	JAHAPE010000052.1	88245	91333	2	2	43.333	True	False	False	neg	True	103	C00273
GCA_019189345.1_ASM1918934v1	JAHAPE010000006.1	3851	17704	2	2	36.17	True	False	False	neg	True	103	C00274
GCA_019189345.1_ASM1918934v1	JAHAPE010000027.1	40900	56250	2	2	32.812	True	False	False	neg	True	103	C00275
GCA_019189395.1_ASM1918939v1	JAHAPF010000003.1	475260	483702	2	10	71.204	True	False	False	pos	False	103	C00276
GCA_019189395.1_ASM1918939v1	JAHAPF010000052.1	28346	31434	2	2	43.333	True	False	False	neg	True	103	C00277
GCA_019189395.1_ASM1918939v1	JAHAPF010000006.1	3851	17704	2	2	36.17	True	False	False	neg	True	103	C00278
GCA_019189395.1_ASM1918939v1	JAHAPF010000026.1	240896	256246	2	2	32.812	True	False	False	neg	True	103	C00279
GCA_019189415.1_ASM1918941v1	JAHAPG010000003.1	475427	483869	2	10	71.204	True	False	False	pos	False	101	C00280
GCA_019189415.1_ASM1918941v1	JAHAPG010000053.1	88256	91344	2	2	43.333	True	False	False	neg	True	101	C00281
GCA_019189415.1_ASM1918941v1	JAHAPG010000007.1	240894	256244	2	2	32.812	True	False	False	neg	True	101	C00282
GCA_019189475.1_ASM1918947v1	JAHAPH010000004.1	301657	310099	2	10	71.204	True	False	False	pos	False	101	C00283
GCA_019189475.1_ASM1918947v1	JAHAPH010000058.1	88242	91330	2	2	43.333	True	False	False	neg	True	101	C00284
GCA_019189475.1_ASM1918947v1	JAHAPH010000025.1	40707	56057	2	2	32.812	True	False	False	neg	True	101	C00285
GCA_019189485.1_ASM1918948v1	JAHAPI010000003.1	305348	313790	2	10	71.204	True	False	False	pos	False	100	C00286
GCA_019189485.1_ASM1918948v1	JAHAPI010000048.1	76173	79261	2	2	43.333	True	False	False	neg	True	100	C00287
GCA_019189485.1_ASM1918948v1	JAHAPI010000026.1	240890	256240	2	2	32.812	True	False	False	neg	True	100	C00288
GCA_019189525.1_ASM1918952v1	JAHAPJ010000005.1	301746	310188	2	10	71.204	True	False	False	pos	False	99	C00289
GCA_019189525.1_ASM1918952v1	JAHAPJ010000060.1	88250	91338	2	2	43.333	True	False	False	neg	True	99	C00290
GCA_019189525.1_ASM1918952v1	JAHAPJ010000026.1	40707	56057	2	2	32.812	True	False	False	neg	True	99	C00291
GCA_019189545.1_ASM1918954v1	JAHAPK010000003.1	301576	310018	2	10	71.204	True	False	False	pos	False	100	C00292
GCA_019189545.1_ASM1918954v1	JAHAPK010000030.1	256553	259641	2	2	43.333	True	False	False	neg	True	100	C00293
GCA_019189545.1_ASM1918954v1	JAHAPK010000029.1	240901	256251	2	2	32.812	True	False	False	neg	True	100	C00294
GCA_019189595.1_ASM1918959v1	JAHAPM010000004.1	301748	310190	2	10	71.204	True	False	False	pos	False	101	C00295
GCA_019189595.1_ASM1918959v1	JAHAPM010000042.1	152748	155836	2	2	43.333	True	False	False	neg	True	101	C00296
GCA_019189595.1_ASM1918959v1	JAHAPM010000006.1	560466	574319	2	2	36.17	True	False	False	neg	True	101	C00297
GCA_019189595.1_ASM1918959v1	JAHAPM010000027.1	40822	56172	2	2	32.812	True	False	False	neg	True	101	C00298
GCA_019189665.1_ASM1918966v1	JAHAPO010000002.1	301748	310190	2	10	71.204	True	False	False	pos	False	105	C00299
GCA_019189665.1_ASM1918966v1	JAHAPO010000056.1	88250	91338	2	2	43.333	True	False	False	neg	True	105	C00300
GCA_019189665.1_ASM1918966v1	JAHAPO010000006.1	559131	572984	2	2	36.17	True	False	False	neg	True	105	C00301
GCA_019189665.1_ASM1918966v1	JAHAPO010000023.1	240896	256246	2	2	32.812	True	False	False	neg	True	105	C00302
GCA_019189675.1_ASM1918967v1	JAHAPQ010000003.1	301578	310020	2	10	71.204	True	False	False	pos	False	104	C00303
GCA_019189675.1_ASM1918967v1	JAHAPQ010000045.1	88247	91335	2	2	43.333	True	False	False	neg	True	104	C00304
GCA_019189675.1_ASM1918967v1	JAHAPQ010000010.1	254705	270055	2	2	32.812	True	False	False	neg	True	104	C00305
GCA_019189675.1_ASM1918967v1	JAHAPQ010000004.1	559990	573843	2	2	36.17	True	False	False	neg	True	104	C00306
GCA_019189755.1_ASM1918975v1	JAHAPS010000004.1	307679	316121	2	10	71.204	True	False	False	pos	False	105	C00307
GCA_019189755.1_ASM1918975v1	JAHAPS010000050.1	88250	91338	2	2	43.333	True	False	False	neg	True	105	C00308
GCA_019189755.1_ASM1918975v1	JAHAPS010000006.1	559989	573842	2	2	36.17	True	False	False	neg	True	105	C00309
GCA_019189755.1_ASM1918975v1	JAHAPS010000025.1	240896	256246	2	2	32.812	True	False	False	neg	True	105	C00310
GCA_019189785.1_ASM1918978v1	JAHAPV010000003.1	301576	310018	2	10	71.204	True	False	False	pos	False	103	C00311
GCA_019189785.1_ASM1918978v1	JAHAPV010000063.1	88242	91330	2	2	43.333	True	False	False	neg	True	103	C00312
GCA_019189785.1_ASM1918978v1	JAHAPV010000022.1	240894	256244	2	2	32.812	True	False	False	neg	True	103	C00313
GCA_019189795.1_ASM1918979v1	JAHAPU010000003.1	475364	483806	2	10	71.204	True	False	False	pos	False	102	C00314
GCA_019189795.1_ASM1918979v1	JAHAPU010000050.1	51014	54102	2	2	43.333	True	False	False	neg	True	102	C00315
GCA_019189795.1_ASM1918979v1	JAHAPU010000064.1	40900	56250	2	2	32.812	True	False	False	neg	True	102	C00316
GCA_019189885.1_ASM1918988v1	JAHAPW010000003.1	302316	310758	2	10	71.204	True	False	False	pos	False	105	C00317
GCA_019189885.1_ASM1918988v1	JAHAPW010000052.1	88282	91370	2	2	43.333	True	False	False	neg	True	105	C00318
GCA_019189885.1_ASM1918988v1	JAHAPW010000006.1	3851	17704	2	2	36.17	True	False	False	neg	True	105	C00319
GCA_019189885.1_ASM1918988v1	JAHAPW010000027.1	241063	256413	2	2	32.812	True	False	False	neg	True	105	C00320
GCA_019189905.1_ASM1918990v1	JAHAPY010000018.1	301748	310190	2	10	71.204	True	False	False	pos	False	103	C00321
GCA_019189905.1_ASM1918990v1	JAHAPY010000053.1	88238	91326	2	2	43.333	True	False	False	neg	True	103	C00322
GCA_019189905.1_ASM1918990v1	JAHAPY010000004.1	559131	572984	2	2	36.17	True	False	False	neg	True	103	C00323
GCA_019189905.1_ASM1918990v1	JAHAPY010000025.1	40900	56250	2	2	32.812	True	False	False	neg	True	103	C00324
GCA_019189915.1_ASM1918991v1	JAHAPX010000002.1	475253	483695	2	10	71.204	True	False	False	pos	False	100	C00325
GCA_019189915.1_ASM1918991v1	JAHAPX010000056.1	88251	91339	2	2	43.333	True	False	False	neg	True	100	C00326
GCA_019189915.1_ASM1918991v1	JAHAPX010000010.1	240894	256244	2	2	32.812	True	False	False	neg	True	100	C00327
GCA_019189975.1_ASM1918997v1	JAHAQB010000002.1	301578	310020	2	10	71.204	True	False	False	pos	False	102	C00328
GCA_019189975.1_ASM1918997v1	JAHAQB010000056.1	28346	31434	2	2	43.333	True	False	False	neg	True	102	C00329
GCA_019189975.1_ASM1918997v1	JAHAQB010000007.1	3851	17704	2	2	36.17	True	False	False	neg	True	102	C00330
GCA_019189975.1_ASM1918997v1	JAHAQB010000027.1	40822	56172	2	2	32.812	True	False	False	neg	True	102	C00331
GCA_019189985.1_ASM1918998v1	JAHAPZ010000004.1	301746	310188	2	10	71.204	True	False	False	pos	False	102	C00332
GCA_019189985.1_ASM1918998v1	JAHAPZ010000051.1	88250	91338	2	2	43.333	True	False	False	neg	True	102	C00333
GCA_019189985.1_ASM1918998v1	JAHAPZ010000027.1	240896	256246	2	2	32.812	True	False	False	neg	True	102	C00334
GCA_019189995.1_ASM1918999v1	JAHAQA010000002.1	474432	482874	2	10	71.204	True	False	False	pos	False	100	C00335
GCA_019189995.1_ASM1918999v1	JAHAQA010000040.1	152759	155847	2	2	43.333	True	False	False	neg	True	100	C00336
GCA_019189995.1_ASM1918999v1	JAHAQA010000026.1	40900	56250	2	2	32.812	True	False	False	neg	True	100	C00337
GCA_019190015.1_ASM1919001v1	JAHAQC010000003.1	626424	629485	2	11	77.367	True	False	False	pos	False	101	C00338
GCA_019190015.1_ASM1919001v1	JAHAQC010000002.1	398087	416442	2	2	40.0	True	False	False	neg	True	101	C00339
GCA_019190015.1_ASM1919001v1	JAHAQC010000004.1	17180	30951	2	2	48.387	True	False	False	neg	True	101	C00340
GCA_019190035.1_ASM1919003v1	JAHAQD010000003.1	322644	325705	2	11	77.367	True	False	False	pos	False	113	C00341
GCA_019190035.1_ASM1919003v1	JAHAQD010000006.1	30599	48954	2	2	40.0	True	False	False	neg	True	113	C00342
GCA_019190035.1_ASM1919003v1	JAHAQD010000004.1	17180	30951	2	2	48.387	True	False	False	neg	True	113	C00343
GCA_019190035.1_ASM1919003v1	JAHAQD010000025.1	229542	258029	2	3	36.842	True	False	False	neg	True	113	C00344
GCA_019190125.1_ASM1919012v1	JAHAQF010000001.1	82275	105607	2	3	40.625	True	False	False	neg	True	99	C00345
GCA_019190125.1_ASM1919012v1	JAHAQF010000007.1	22046	25085	2	10	86.364	True	False	False	pos	False	99	C00346
GCA_019190125.1_ASM1919012v1	JAHAQF010000009.1	306213	308389	2	2	38.71	True	False	False	neg	True	99	C00347
GCA_019190125.1_ASM1919012v1	JAHAQF010000017.1	354465	365496	2	2	52.632	True	False	False	neg	True	99	C00348
GCA_019190135.1_ASM1919013v1	JAHAQG010000004.1	457378	460439	2	11	77.367	True	False	False	pos	False	105	C00349
GCA_019190135.1_ASM1919013v1	JAHAQG010000002.1	645742	664097	2	2	40.0	True	False	False	neg	True	105	C00350
GCA_019190135.1_ASM1919013v1	JAHAQG010000005.1	17180	30951	2	2	48.387	True	False	False	neg	True	105	C00351
GCA_019190135.1_ASM1919013v1	JAHAQG010000015.1	120228	148715	2	3	36.842	True	False	False	neg	True	105	C00352
GCA_019190145.1_ASM1919014v1	JAHAQE010000003.1	836087	859419	2	3	40.625	True	False	False	neg	True	100	C00353
GCA_019190145.1_ASM1919014v1	JAHAQE010000004.1	22046	25085	2	10	86.364	True	False	False	pos	False	100	C00354
GCA_019190145.1_ASM1919014v1	JAHAQE010000007.1	234136	236312	2	2	38.71	True	False	False	neg	True	100	C00355
GCA_019190145.1_ASM1919014v1	JAHAQE010000014.1	22482	33513	2	2	52.632	True	False	False	neg	True	100	C00356
GCA_019190235.1_ASM1919023v1	JAHAQK010000001.1	931406	934557	2	5	38.0	True	False	False	neg	True	104	C00357
GCA_019190235.1_ASM1919023v1	JAHAQK010000002.1	481900	484972	2	14	81.208	True	False	False	pos	False	104	C00358
GCA_019190235.1_ASM1919023v1	JAHAQK010000005.1	183145	206553	2	2	52.778	True	False	False	neg	True	104	C00359
GCA_019190235.1_ASM1919023v1	JAHAQK010000061.1	19218	33070	2	2	36.17	True	False	False	neg	True	104	C00360
GCA_019190245.1_ASM1919024v1	JAHAQJ010000001.1	83542	86693	2	5	38.0	True	False	False	neg	True	100	C00361
GCA_019190245.1_ASM1919024v1	JAHAQJ010000005.1	481884	484956	2	14	81.208	True	False	False	pos	False	100	C00362
GCA_019190245.1_ASM1919024v1	JAHAQJ010000013.1	183145	206553	2	2	52.778	True	False	False	neg	True	100	C00363
GCA_019190265.1_ASM1919026v1	JAHAQL010000001.1	179310	182461	2	5	38.0	True	False	False	neg	True	100	C00364
GCA_019190265.1_ASM1919026v1	JAHAQL010000006.1	481900	484972	2	14	81.208	True	False	False	pos	False	100	C00365
GCA_019190265.1_ASM1919026v1	JAHAQL010000011.1	183145	206553	2	2	52.778	True	False	False	neg	True	100	C00366
GCA_019190345.1_ASM1919034v1	JAHAQM010000029.1	27366	30517	2	5	38.0	True	False	False	neg	True	101	C00367
GCA_019190345.1_ASM1919034v1	JAHAQM010000003.1	481908	484980	2	14	81.208	True	False	False	pos	False	101	C00368
GCA_019190345.1_ASM1919034v1	JAHAQM010000009.1	183145	206553	2	2	52.778	True	False	False	neg	True	101	C00369
GCA_019190365.1_ASM1919036v1	JAHAQO010000002.1	179861	183012	2	5	38.0	True	False	False	neg	True	100	C00370
GCA_019190365.1_ASM1919036v1	JAHAQO010000007.1	20492	23564	2	14	81.208	True	False	False	pos	False	100	C00371
GCA_019190365.1_ASM1919036v1	JAHAQO010000006.1	183145	206553	2	2	52.778	True	False	False	neg	True	100	C00372
GCA_019190375.1_ASM1919037v1	JAHAQP010000001.1	179846	182997	2	5	38.0	True	False	False	neg	True	100	C00373
GCA_019190375.1_ASM1919037v1	JAHAQP010000005.1	17746	20818	2	14	81.208	True	False	False	pos	False	100	C00374
GCA_019190375.1_ASM1919037v1	JAHAQP010000036.1	183145	206553	2	2	52.778	True	False	False	neg	True	100	C00375
GCA_019190385.1_ASM1919038v1	JAHAQN010000001.1	931661	934812	2	5	38.0	True	False	False	neg	True	99	C00376
GCA_019190385.1_ASM1919038v1	JAHAQN010000006.1	17746	20818	2	14	81.208	True	False	False	pos	False	99	C00377
GCA_019190385.1_ASM1919038v1	JAHAQN010000011.1	183145	206553	2	2	52.778	True	False	False	neg	True	99	C00378
GCA_019190495.1_ASM1919049v1	JAHAQU010000021.1	301826	310268	2	10	71.204	True	False	False	pos	False	103	C00379
GCA_019190495.1_ASM1919049v1	JAHAQU010000051.1	88242	91330	2	2	43.333	True	False	False	neg	True	103	C00380
GCA_019190495.1_ASM1919049v1	JAHAQU010000026.1	240886	256236	2	2	32.812	True	False	False	neg	True	103	C00381
GCA_019190505.1_ASM1919050v1	JAHAQT010000004.1	301746	310188	2	10	71.204	True	False	False	pos	False	100	C00382
GCA_019190505.1_ASM1919050v1	JAHAQT010000044.1	88345	91433	2	2	43.333	True	False	False	neg	True	100	C00383
GCA_019190505.1_ASM1919050v1	JAHAQT010000009.1	254700	270050	2	2	32.812	True	False	False	neg	True	100	C00384
GCA_019190525.1_ASM1919052v1	JAHAQS010000004.1	301576	310018	2	10	71.204	True	False	False	pos	False	100	C00385
GCA_019190525.1_ASM1919052v1	JAHAQS010000057.1	88255	91343	2	2	43.333	True	False	False	neg	True	100	C00386
GCA_019190525.1_ASM1919052v1	JAHAQS010000010.1	240895	256245	2	2	32.812	True	False	False	neg	True	100	C00387
GCA_019190585.1_ASM1919058v1	JAHAQV010000008.1	475332	483774	2	10	71.204	True	False	False	pos	False	100	C00388
GCA_019190585.1_ASM1919058v1	JAHAQV010000054.1	88251	91339	2	2	43.333	True	False	False	neg	True	100	C00389
GCA_019190585.1_ASM1919058v1	JAHAQV010000025.1	40707	56057	2	2	32.812	True	False	False	neg	True	100	C00390
GCA_019190605.1_ASM1919060v1	JAHAQW010000003.1	305353	313795	2	10	71.204	True	False	False	pos	False	101	C00391
GCA_019190605.1_ASM1919060v1	JAHAQW010000054.1	88371	91459	2	2	43.333	True	False	False	neg	True	101	C00392
GCA_019190605.1_ASM1919060v1	JAHAQW010000024.1	40707	56057	2	2	32.812	True	False	False	neg	True	101	C00393
GCA_019190625.1_ASM1919062v1	JAHAQY010000002.1	307595	316037	2	10	71.204	True	False	False	pos	False	102	C00394
GCA_019190625.1_ASM1919062v1	JAHAQY010000056.1	88270	91358	2	2	43.333	True	False	False	neg	True	102	C00395
GCA_019190625.1_ASM1919062v1	JAHAQY010000025.1	240890	256240	2	2	32.812	True	False	False	neg	True	102	C00396
GCA_019190635.1_ASM1919063v1	JAHAQX010000002.1	301576	310018	2	10	71.204	True	False	False	pos	False	101	C00397
GCA_019190635.1_ASM1919063v1	JAHAQX010000041.1	122095	125183	2	2	43.333	True	False	False	neg	True	101	C00398
GCA_019190635.1_ASM1919063v1	JAHAQX010000027.1	240888	256238	2	2	32.812	True	False	False	neg	True	101	C00399
GCA_019190705.1_ASM1919070v1	JAHAQZ010000023.1	301657	310099	2	10	71.204	True	False	False	pos	False	100	C00400
GCA_019190705.1_ASM1919070v1	JAHAQZ010000050.1	88242	91330	2	2	43.333	True	False	False	neg	True	100	C00401
GCA_019190705.1_ASM1919070v1	JAHAQZ010000007.1	240895	256245	2	2	32.812	True	False	False	neg	True	100	C00402
GCA_019190745.1_ASM1919074v1	JAHARB010000002.1	474786	483228	2	10	71.204	True	False	False	pos	False	99	C00403
GCA_019190745.1_ASM1919074v1	JAHARB010000047.1	88250	91338	2	2	43.333	True	False	False	neg	True	99	C00404
GCA_019190745.1_ASM1919074v1	JAHARB010000063.1	40707	56057	2	2	32.812	True	False	False	neg	True	99	C00405
GCA_019190765.1_ASM1919076v1	JAHARC010000003.1	301576	310018	2	10	71.204	True	False	False	pos	False	102	C00406
GCA_019190765.1_ASM1919076v1	JAHARC010000055.1	88243	91331	2	2	43.333	True	False	False	neg	True	102	C00407
GCA_019190765.1_ASM1919076v1	JAHARC010000027.1	40900	56250	2	2	32.812	True	False	False	neg	True	102	C00408
GCA_019190795.1_ASM1919079v1	JAHARD010000003.1	301746	310188	2	10	71.204	True	False	False	pos	False	99	C00409
GCA_019190795.1_ASM1919079v1	JAHARD010000060.1	88255	91343	2	2	43.333	True	False	False	neg	True	99	C00410
GCA_019190795.1_ASM1919079v1	JAHARD010000022.1	40347	55697	2	2	32.812	True	False	False	neg	True	99	C00411
GCA_019190805.1_ASM1919080v1	JAHARE010000002.1	301576	310018	2	10	71.204	True	False	False	pos	False	100	C00412
GCA_019190805.1_ASM1919080v1	JAHARE010000051.1	88242	91330	2	2	43.333	True	False	False	neg	True	100	C00413
GCA_019190805.1_ASM1919080v1	JAHARE010000025.1	240889	256239	2	2	32.812	True	False	False	neg	True	100	C00414
GCA_019190885.1_ASM1919088v1	JAHARF010000003.1	475364	483806	2	10	71.204	True	False	False	pos	False	101	C00415
GCA_019190885.1_ASM1919088v1	JAHARF010000056.1	88287	91375	2	2	43.333	True	False	False	neg	True	101	C00416
GCA_019190885.1_ASM1919088v1	JAHARF010000023.1	40822	56172	2	2	32.812	True	False	False	neg	True	101	C00417
GCA_019190895.1_ASM1919089v1	JAHARG010000002.1	475388	483830	2	10	71.204	True	False	False	pos	False	103	C00418
GCA_019190895.1_ASM1919089v1	JAHARG010000009.1	88242	91330	2	2	43.333	True	False	False	neg	True	103	C00419
GCA_019190895.1_ASM1919089v1	JAHARG010000027.1	40822	56172	2	2	32.812	True	False	False	neg	True	103	C00420
GCA_019190905.1_ASM1919090v1	JAHARH010000004.1	302475	310917	2	10	71.204	True	False	False	pos	False	101	C00421
GCA_019190905.1_ASM1919090v1	JAHARH010000057.1	88255	91343	2	2	43.333	True	False	False	neg	True	101	C00422
GCA_019190905.1_ASM1919090v1	JAHARH010000023.1	240890	256240	2	2	32.812	True	False	False	neg	True	101	C00423
GCA_019190935.1_ASM1919093v1	JAHARI010000003.1	626592	629653	2	11	77.367	True	False	False	pos	False	110	C00424
GCA_019190935.1_ASM1919093v1	JAHARI010000007.1	645742	664097	2	2	40.0	True	False	False	neg	True	110	C00425
GCA_019190935.1_ASM1919093v1	JAHARI010000002.1	807131	835618	2	3	36.842	True	False	False	neg	True	110	C00426
GCA_019190935.1_ASM1919093v1	JAHARI010000006.1	736881	750652	2	2	48.387	True	False	False	neg	True	110	C00427
GCA_019190965.1_ASM1919096v1	JAHARJ010000004.1	301747	310189	2	10	71.204	True	False	False	pos	False	105	C00428
GCA_019190965.1_ASM1919096v1	JAHARJ010000055.1	88243	91331	2	2	43.333	True	False	False	neg	True	105	C00429
GCA_019190965.1_ASM1919096v1	JAHARJ010000006.1	559988	573841	2	2	36.17	True	False	False	neg	True	105	C00430
GCA_019190965.1_ASM1919096v1	JAHARJ010000032.1	50457	65807	2	2	32.812	True	False	False	neg	True	105	C00431
GCA_019191065.1_ASM1919106v1	JAHARN010000003.1	305355	313797	2	10	71.204	True	False	False	pos	False	99	C00432
GCA_019191065.1_ASM1919106v1	JAHARN010000055.1	88245	91333	2	2	43.333	True	False	False	neg	True	99	C00433
GCA_019191065.1_ASM1919106v1	JAHARN010000028.1	40707	56057	2	2	32.812	True	False	False	neg	True	99	C00434
GCA_019191075.1_ASM1919107v1	JAHARO010000003.1	305367	313809	2	10	71.204	True	False	False	pos	False	100	C00435
GCA_019191075.1_ASM1919107v1	JAHARO010000053.1	88337	91425	2	2	43.333	True	False	False	neg	True	100	C00436
GCA_019191075.1_ASM1919107v1	JAHARO010000011.1	240896	256246	2	2	32.812	True	False	False	neg	True	100	C00437
GCA_019191155.1_ASM1919115v1	JAHARP010000003.1	301575	310017	2	10	71.204	True	False	False	pos	False	99	C00438
GCA_019191155.1_ASM1919115v1	JAHARP010000042.1	88242	91330	2	2	43.333	True	False	False	neg	True	99	C00439
GCA_019191155.1_ASM1919115v1	JAHARP010000022.1	240891	256241	2	2	32.812	True	False	False	neg	True	99	C00440
GCA_019303655.1_ASM1930365v1	JAHUZI010000046.1	15329	23771	2	10	71.204	True	False	False	pos	False	99	C00441
GCA_019303655.1_ASM1930365v1	JAHUZI010000031.1	52720	65260	2	2	44.231	True	False	False	neg	True	99	C00442
GCA_019303655.1_ASM1930365v1	JAHUZI010000217.1	3851	17704	2	2	36.17	True	False	False	neg	True	99	C00443
GCA_019303655.1_ASM1930365v1	JAHUZI010000121.1	13801	29151	2	2	32.812	True	False	False	neg	True	99	C00444
GCA_019671035.1_ASM1967103v1	JAHALV010000026.1	182829	196655	2	2	36.17	True	False	False	neg	True	102	C00445
GCA_019671035.1_ASM1967103v1	JAHALV010000015.1	348674	367021	2	2	36.842	True	False	False	neg	True	102	C00446
GCA_019671035.1_ASM1967103v1	JAHALV010000006.1	174037	177097	2	10	70.833	True	False	False	pos	False	102	C00447
GCA_019671035.1_ASM1967103v1	JAHALV010000083.1	9457	32799	2	2	43.75	True	False	False	neg	True	102	C00448
GCA_019671035.1_ASM1967103v1	JAHALV010000045.1	88231	91320	2	2	43.333	True	False	False	neg	True	102	C00449
GCA_019671115.1_ASM1967111v1	JAHERV010000152.1	12550	15449	2	11	46.652	True	False	False	pos	False	156	C00450
GCA_019671115.1_ASM1967111v1	JAHERV010000057.1	25613	32042	2	3	44.186	True	False	False	neg	True	156	C00451
GCA_019671115.1_ASM1967111v1	JAHERV010000080.1	61358	70140	2	2	39.216	True	False	False	neg	True	156	C00452
GCA_019671115.1_ASM1967111v1	JAHERV010000114.1	33615	38952	2	2	38.776	True	False	False	neg	True	156	C00453
GCA_019671115.1_ASM1967111v1	JAHERV010000122.1	2520	14742	2	2	36.842	True	False	False	neg	True	156	C00454
GCA_019775375.1_ASM1977537v1	JACWFW010000041.1	18371	21179	2	9	78.526	True	False	False	pos	False	244	C00455
GCA_019775375.1_ASM1977537v1	JACWFW010000018.1	23480	40158	2	3	45.455	True	False	False	neg	True	244	C00456
GCA_019775375.1_ASM1977537v1	JACWFW010000033.1	29691	31055	2	2	47.059	True	False	False	neg	True	244	C00457
GCA_019775385.1_ASM1977538v1	JACWFV010000100.1	18342	21150	2	9	78.526	True	False	False	pos	False	244	C00458
GCA_019775385.1_ASM1977538v1	JACWFV010000031.1	49004	65682	2	3	45.455	True	False	False	neg	True	244	C00459
GCA_019775385.1_ASM1977538v1	JACWFV010000172.1	29691	31055	2	2	47.059	True	False	False	neg	True	244	C00460
GCA_019775595.1_ASM1977559v1	JACWFL010000191.1	8778	11586	2	9	78.526	True	False	False	pos	False	238	C00461
GCA_019775605.1_ASM1977560v1	JACWFK010000068.1	30864	33672	2	9	78.526	True	False	False	pos	False	244	C00462
GCA_019775605.1_ASM1977560v1	JACWFK010000144.1	23905	40583	2	3	45.455	True	False	False	neg	True	244	C00463
GCA_019775605.1_ASM1977560v1	JACWFK010000141.1	45361	46725	2	2	47.059	True	False	False	neg	True	244	C00464
GCA_019802805.1_ASM1980280v1	JACVTD010000003.1	173870	182312	2	10	71.204	True	False	False	pos	False	98	C00465
GCA_019802805.1_ASM1980280v1	JACVTD010000041.1	28346	31434	2	2	43.333	True	False	False	neg	True	98	C00466
GCA_019802805.1_ASM1980280v1	JACVTD010000021.1	40347	55697	2	2	32.812	True	False	False	neg	True	98	C00467
GCA_019802815.1_ASM1980281v1	JACVTE010000002.1	305007	313449	2	10	71.204	True	False	False	pos	False	113	C00468
GCA_019802815.1_ASM1980281v1	JACVTE010000021.1	178670	202033	2	2	43.75	True	False	False	neg	True	113	C00469
GCA_019802815.1_ASM1980281v1	JACVTE010000043.1	72165	78405	2	2	36.709	True	False	False	neg	True	113	C00470
GCA_019802815.1_ASM1980281v1	JACVTE010000064.1	93127	106980	2	2	36.17	True	False	False	neg	True	113	C00471
GCA_019802815.1_ASM1980281v1	JACVTE010000017.1	40900	56250	2	2	32.812	True	False	False	neg	True	113	C00472
GCA_019802825.1_ASM1980282v1	JACVTF010000005.1	173972	182414	2	10	71.204	True	False	False	pos	False	115	C00473
GCA_019802825.1_ASM1980282v1	JACVTF010000027.1	139358	145598	2	2	36.709	True	False	False	neg	True	115	C00474
GCA_019802825.1_ASM1980282v1	JACVTF010000075.1	9369	32732	2	2	43.75	True	False	False	neg	True	115	C00475
GCA_019802825.1_ASM1980282v1	JACVTF010000062.1	3889	17742	2	2	36.17	True	False	False	neg	True	115	C00476
GCA_019802825.1_ASM1980282v1	JACVTF010000022.1	240062	255412	2	2	32.812	True	False	False	neg	True	115	C00477
GCA_019802895.1_ASM1980289v1	JACVTJ010000003.1	305707	314149	2	10	71.204	True	False	False	pos	False	102	C00478
GCA_019802895.1_ASM1980289v1	JACVTJ010000062.1	88285	91373	2	2	43.333	True	False	False	neg	True	102	C00479
GCA_019802895.1_ASM1980289v1	JACVTJ010000021.1	40347	55697	2	2	32.812	True	False	False	neg	True	102	C00480
GCA_019802905.1_ASM1980290v1	JACVTG010000037.1	173870	182312	2	10	71.204	True	False	False	pos	False	99	C00481
GCA_019802905.1_ASM1980290v1	JACVTG010000062.1	28346	31434	2	2	43.333	True	False	False	neg	True	99	C00482
GCA_019802905.1_ASM1980290v1	JACVTG010000025.1	204512	219862	2	2	32.812	True	False	False	neg	True	99	C00483
GCA_019802915.1_ASM1980291v1	JACVTH010000005.1	173972	182414	2	10	71.204	True	False	False	pos	False	114	C00484
GCA_019802915.1_ASM1980291v1	JACVTH010000030.1	139357	145597	2	2	36.709	True	False	False	neg	True	114	C00485
GCA_019802915.1_ASM1980291v1	JACVTH010000031.1	9369	32732	2	2	43.75	True	False	False	neg	True	114	C00486
GCA_019802915.1_ASM1980291v1	JACVTH010000065.1	3889	17742	2	2	36.17	True	False	False	neg	True	114	C00487
GCA_019802915.1_ASM1980291v1	JACVTH010000019.1	240579	255929	2	2	32.812	True	False	False	neg	True	114	C00488
GCA_019802925.1_ASM1980292v1	JACVTI010000003.1	633837	642279	2	10	71.204	True	False	False	pos	False	114	C00489
GCA_019802925.1_ASM1980292v1	JACVTI010000027.1	138272	144512	2	2	36.709	True	False	False	neg	True	114	C00490
GCA_019802925.1_ASM1980292v1	JACVTI010000077.1	54230	77593	2	2	43.75	True	False	False	neg	True	114	C00491
GCA_019802925.1_ASM1980292v1	JACVTI010000069.1	93127	106980	2	2	36.17	True	False	False	neg	True	114	C00492
GCA_019802925.1_ASM1980292v1	JACVTI010000015.1	240577	255927	2	2	32.812	True	False	False	neg	True	114	C00493
GCA_019803015.1_ASM1980301v1	JACVTK010000514.1	227	3315	2	2	43.333	True	False	False	neg	True	52	C00494
GCA_019803015.1_ASM1980301v1	JACVTK010000904.1	2641	4116	2	2	35.556	True	False	False	neg	True	52	C00495
GCA_019805405.1_ASM1980540v1	JADQAW010000046.1	520004	523065	2	10	99.773	True	False	False	pos	False	102	C00496
GCA_019805405.1_ASM1980540v1	JADQAW010000015.1	233587	235763	2	2	38.71	True	False	False	neg	True	102	C00497
GCA_019805405.1_ASM1980540v1	JADQAW010000037.1	169109	192443	2	3	40.625	True	False	False	neg	True	102	C00498
GCA_019805405.1_ASM1980540v1	JADQAW010000072.1	104327	121405	2	2	29.592	True	False	False	neg	True	102	C00499
GCA_019805405.1_ASM1980540v1	JADQAW010000039.1	22436	33467	2	2	52.632	True	False	False	neg	True	102	C00500
GCA_019923515.1_ASM1992351v1	JACAVT010000068.1	30864	33672	2	9	78.526	True	False	False	pos	False	242	C00501
GCA_019923515.1_ASM1992351v1	JACAVT010000144.1	23905	40583	2	3	45.455	True	False	False	neg	True	242	C00502
GCA_019923515.1_ASM1992351v1	JACAVT010000141.1	45361	46725	2	2	47.059	True	False	False	neg	True	242	C00503
GCA_019926025.1_ASM1992602v1	JAHSUG010000005.1	577393	585516	2	2	33.962	True	False	False	neg	True	305	C00504
GCA_019926025.1_ASM1992602v1	JAHSUG010000010.1	575758	598760	2	4	33.333	True	False	False	neg	True	305	C00505
GCA_019926025.1_ASM1992602v1	JAHSUG010000019.1	427940	438636	2	16	97.297	True	False	False	pos	False	305	C00506
GCA_019926025.1_ASM1992602v1	JAHSUG010000029.1	134776	154191	2	2	36.17	True	False	False	neg	True	305	C00507
GCA_021654155.1_ASM2165415v1	JAKEZK010000002.1	825237	836940	2	2	37.097	True	False	False	neg	True	103	C00508
GCA_021654155.1_ASM2165415v1	JAKEZK010000030.1	155912	158088	2	2	38.71	True	False	False	neg	True	103	C00509
GCA_021654155.1_ASM2165415v1	JAKEZK010000007.1	22977	26018	2	11	80.378	True	False	False	pos	False	103	C00510
GCA_021654155.1_ASM2165415v1	JAKEZK010000013.1	323071	346403	2	3	40.625	True	False	False	neg	True	103	C00511
GCA_021654155.1_ASM2165415v1	JAKEZK010000016.1	23524	40602	2	2	29.592	True	True	False	neg	True	103	C00512
GCA_021654155.1_ASM2165415v1	JAKEZK010000003.1	159770	163636	2	2	31.343	True	False	False	neg	True	103	C00513
GCA_021654155.1_ASM2165415v1	JAKEZK010000053.1	22482	33513	2	2	52.632	True	False	False	neg	True	103	C00514
GCA_022817825.1_ASM2281782v1	JAFEUJ010000003.1	969831	986387	2	2	35.065	True	False	False	neg	True	318	C00515
GCA_022817825.1_ASM2281782v1	JAFEUJ010000003.1	1151528	1162326	2	16	89.119	True	False	False	pos	False	318	C00516
GCA_022817825.1_ASM2281782v1	JAFEUJ010000007.1	742346	754239	2	3	33.333	True	True	False	neg	True	318	C00517
GCA_022817825.1_ASM2281782v1	JAFEUJ010000007.1	896293	901970	2	2	33.871	True	True	False	neg	True	318	C00518
GCA_022817825.1_ASM2281782v1	JAFEUJ010000010.1	435395	455597	2	2	39.655	True	False	False	neg	True	318	C00519
GCA_022817825.1_ASM2281782v1	JAFEUJ010000004.1	438848	445098	2	3	37.209	True	False	False	neg	True	318	C00520
GCA_022817825.1_ASM2281782v1	JAFEUJ010000026.1	51479	59613	2	2	37.209	True	False	False	neg	True	318	C00521
GCA_022817825.1_ASM2281782v1	JAFEUJ010000028.1	41791	61305	2	2	36.17	True	False	False	neg	True	318	C00522
GCA_023078535.2_ASM2307853v2	JAKRWS020000177.1	386883	404212	2	2	45.0	True	False	False	neg	True	115	C00523
GCA_023078535.2_ASM2307853v2	JAKRWS020000066.1	187712	190468	2	18	100.0	True	False	False	pos	False	115	C00524
GCA_023078535.2_ASM2307853v2	JAKRWS020000383.1	138497	147485	2	2	47.059	True	False	False	neg	True	115	C00525
GCA_023628195.1_ASM2362819v1	JAMALB010000021.1	119043	131583	2	2	44.231	True	False	False	neg	True	100	C00526
GCA_023628195.1_ASM2362819v1	JAMALB010000002.1	14262	17334	2	14	81.208	True	False	False	pos	False	100	C00527
GCA_023628195.1_ASM2362819v1	JAMALB010000187.1	22195	25283	2	2	43.333	True	False	False	neg	True	100	C00528
GCA_023628195.1_ASM2362819v1	JAMALB010000073.1	90720	106070	2	2	32.812	True	False	False	neg	True	100	C00529
GCA_023628195.1_ASM2362819v1	JAMALB010000026.1	91773	105614	2	2	36.17	True	False	False	neg	True	100	C00530
GCA_023628235.1_ASM2362823v1	JAMALD010000017.1	325466	325774	2	2	30.38	True	False	False	neg	True	125	C00531
GCA_023628235.1_ASM2362823v1	JAMALD010000001.1	192898	196269	2	3	36.508	True	False	False	neg	True	125	C00532
GCA_023628235.1_ASM2362823v1	JAMALD010000038.1	206023	211297	2	23	79.598	True	False	False	pos	False	125	C00533
GCA_023628235.1_ASM2362823v1	JAMALD010000036.1	13621	18077	2	2	38.889	True	False	False	neg	True	125	C00534
GCA_023628235.1_ASM2362823v1	JAMALD010000011.1	423948	440259	2	2	30.719	True	False	False	neg	True	125	C00535
GCA_023628275.1_ASM2362827v1	JAMALC010000009.1	236402	239449	2	14	84.615	True	False	False	pos	False	94	C00536
GCA_023628275.1_ASM2362827v1	JAMALC010000049.1	22117	50649	2	3	36.842	True	False	False	neg	True	94	C00537
GCA_023628275.1_ASM2362827v1	JAMALC010000194.1	3558	17329	2	2	48.387	True	False	False	neg	True	94	C00538
GCA_023628275.1_ASM2362827v1	JAMALC010000013.1	31720	50075	2	2	40.0	True	False	False	neg	True	94	C00539
GCA_023968905.1_ASM2396890v1	MU450645.1	2824331	2835209	2	2	42.222	True	False	False	neg	True	176	C00540
GCA_023968905.1_ASM2396890v1	JAMRMT010000020.1	273019	288328	2	2	36.735	True	False	False	neg	True	176	C00541
GCA_023968905.1_ASM2396890v1	MU450647.1	786879	799014	2	2	48.649	True	False	False	neg	True	176	C00542
GCA_023968905.1_ASM2396890v1	JAMRMT010000018.1	387660	408034	2	20	100.0	True	False	False	pos	False	176	C00543
GCA_024184655.1_ASM2418465v1	JAMKPX010000103.1	174110	182552	2	10	71.204	True	False	False	pos	False	93	C00544
GCA_024184655.1_ASM2418465v1	JAMKPX010000149.1	319923	332463	2	2	44.231	True	False	False	neg	True	93	C00545
GCA_024500305.1_UAEM_Rmus_1.0	JALGWT010000001.1	822341	825829	2	2	42.857	True	False	False	neg	True	95	C00546
GCA_024500305.1_UAEM_Rmus_1.0	JALGWT010000050.1	95719	102759	2	18	80.87	True	False	False	pos	False	95	C00547
GCA_024713535.1_ASM2471353v1	JANIBP010000004.1	665037	667918	2	13	70.0	True	False	False	pos	False	132	C00548
GCA_024713535.1_ASM2471353v1	JANIBP010000002.1	109793	120405	2	2	38.71	True	False	False	neg	True	132	C00549
GCA_024713535.1_ASM2471353v1	JANIBP010000002.1	150780	172810	2	4	48.571	True	False	False	neg	True	132	C00550
GCA_024713535.1_ASM2471353v1	JANIBP010000005.1	903502	904887	2	2	47.826	True	False	False	neg	True	132	C00551
GCA_024713535.1_ASM2471353v1	JANIBP010000017.1	5957	16749	2	2	33.333	True	False	False	neg	True	132	C00552
GCA_024713535.1_ASM2471353v1	JANIBP010000017.1	149285	155616	2	2	32.812	True	True	False	neg	True	132	C00553
GCA_024713535.1_ASM2471353v1	JANIBP010000007.1	56697	57349	2	2	41.667	True	False	False	neg	True	132	C00554
GCA_024734855.1_ASM2473485v1	JANQAS010000177.1	386883	404212	2	2	45.0	True	False	False	neg	True	116	C00555
GCA_024734855.1_ASM2473485v1	JANQAS010000066.1	187712	190468	2	18	100.0	True	False	False	pos	False	116	C00556
GCA_024734855.1_ASM2473485v1	JANQAS010000383.1	138497	147485	2	2	47.059	True	False	False	neg	True	116	C00557
GCA_024748845.1_ASM2474884v1	JANBVD010000009.1	486369	489430	2	10	100.0	True	False	False	pos	False	104	C00558
GCA_024748845.1_ASM2474884v1	JANBVD010000027.1	343774	367104	2	3	40.625	True	False	False	neg	True	104	C00559
GCA_024748845.1_ASM2474884v1	JANBVD010000012.1	426869	437900	2	2	52.632	True	False	False	neg	True	104	C00560
GCA_024748845.1_ASM2474884v1	JANBVD010000012.1	718754	720930	2	2	38.71	True	False	False	neg	True	104	C00561
GCA_024748845.1_ASM2474884v1	JANBVD010000008.1	447432	464510	2	2	29.592	True	False	False	neg	True	104	C00562
GCA_025502725.1_ASM2550272v1	JAMFRB010000003.1	475268	483710	2	10	71.204	True	False	False	pos	False	102	C00563
GCA_025502725.1_ASM2550272v1	JAMFRB010000049.1	88238	91326	2	2	43.333	True	False	False	neg	True	102	C00564
GCA_025502725.1_ASM2550272v1	JAMFRB010000004.1	560046	573899	2	2	36.17	True	False	False	neg	True	102	C00565
GCA_025502725.1_ASM2550272v1	JAMFRB010000009.1	220301	235651	2	2	32.812	True	False	False	neg	True	102	C00566
GCA_025502745.1_ASM2550274v1	JAMFRC010000001.1	840188	863518	2	3	40.625	True	False	False	neg	True	100	C00567
GCA_025502745.1_ASM2550274v1	JAMFRC010000002.1	487314	490368	2	10	77.857	True	False	False	pos	False	100	C00568
GCA_025502745.1_ASM2550274v1	JAMFRC010000022.1	124058	126234	2	2	38.71	True	False	False	neg	True	100	C00569
GCA_025502745.1_ASM2550274v1	JAMFRC010000012.1	344683	361761	2	2	29.592	True	False	False	neg	True	100	C00570
GCA_025502745.1_ASM2550274v1	JAMFRC010000040.1	161817	172848	2	2	52.632	True	False	False	neg	True	100	C00571
GCA_025502755.1_ASM2550275v1	JAMFRA010000004.1	305110	313552	2	10	71.204	True	False	False	pos	False	98	C00572
GCA_025502755.1_ASM2550275v1	JAMFRA010000041.1	88250	91338	2	2	43.333	True	False	False	neg	True	98	C00573
GCA_025502755.1_ASM2550275v1	JAMFRA010000027.1	254146	269496	2	2	32.812	True	False	False	neg	True	98	C00574
GCA_025502865.1_ASM2550286v1	JAMFQZ010000003.1	474985	483427	2	10	71.204	True	False	False	pos	False	101	C00575
GCA_025502865.1_ASM2550286v1	JAMFQZ010000040.1	88249	91337	2	2	43.333	True	False	False	neg	True	101	C00576
GCA_025502865.1_ASM2550286v1	JAMFQZ010000006.1	560046	573899	2	2	36.17	True	False	False	neg	True	101	C00577
GCA_025502865.1_ASM2550286v1	JAMFQZ010000027.1	40822	56172	2	2	32.812	True	False	False	neg	True	101	C00578
GCA_025502885.1_ASM2550288v1	JAMFQY010000004.1	475266	483708	2	10	71.204	True	False	False	pos	False	90	C00579
GCA_025502885.1_ASM2550288v1	JAMFQY010000029.1	152809	155897	2	2	43.333	True	False	False	neg	True	90	C00580
GCA_025502915.1_ASM2550291v1	JAMFQX010000003.1	173977	182419	2	10	71.204	True	False	False	pos	False	102	C00581
GCA_025502915.1_ASM2550291v1	JAMFQX010000005.1	249384	261924	2	2	44.231	True	False	False	neg	True	102	C00582
GCA_025502915.1_ASM2550291v1	JAMFQX010000022.1	40436	55786	2	2	32.812	True	False	False	neg	True	102	C00583
GCA_025502925.1_ASM2550292v1	JAMFQW010000003.1	632014	640456	2	10	71.204	True	False	False	pos	False	96	C00584
GCA_025502925.1_ASM2550292v1	JAMFQW010000051.1	73318	76406	2	2	43.333	True	False	False	neg	True	96	C00585
GCA_025502925.1_ASM2550292v1	JAMFQW010000024.1	254146	269496	2	2	32.812	True	False	False	neg	True	96	C00586
GCA_025502945.1_ASM2550294v1	JAMFQV010000004.1	305124	313566	2	10	71.204	True	False	False	pos	False	102	C00587
GCA_025502945.1_ASM2550294v1	JAMFQV010000044.1	74703	77791	2	2	43.333	True	False	False	neg	True	102	C00588
GCA_025502945.1_ASM2550294v1	JAMFQV010000007.1	561074	574927	2	2	36.17	True	False	False	neg	True	102	C00589
GCA_025502945.1_ASM2550294v1	JAMFQV010000024.1	240931	256281	2	2	32.812	True	False	False	neg	True	102	C00590
GCA_026119225.1_ASM2611922v1	JANKJK010000012.1	1110418	1113698	2	19	64.776	True	False	False	pos	False	356	C00591
GCA_026119225.1_ASM2611922v1	JANKJK010000001.1	2311409	2313946	2	2	45.455	True	False	False	neg	True	356	C00592
GCA_026119225.1_ASM2611922v1	JANKJK010000005.1	157115	164228	2	2	43.478	True	False	False	neg	True	356	C00593
GCA_028828615.1_ASM2882861v1	JAQRHP010000014.1	364328	367238	2	16	59.649	True	False	False	pos	False	146	C00594
GCA_028828615.1_ASM2882861v1	JAQRHP010000013.1	29217	41427	2	2	36.842	True	False	False	neg	True	146	C00595
GCA_028828615.1_ASM2882861v1	JAQRHP010000034.1	363816	369136	2	2	36.364	True	False	False	neg	True	146	C00596
GCA_028828645.1_ASM2882864v1	JAPZQE010000025.1	367292	380251	2	14	69.189	True	False	False	pos	False	184	C00597
GCA_028828645.1_ASM2882864v1	JAPZQE010000045.1	49540	49809	2	2	36.17	True	False	False	neg	True	184	C00598
GCA_029694785.1_ASM2969478v1	JAOWAH010000010.1	493465	510794	2	2	45.0	True	False	False	neg	True	148	C00599
GCA_029694785.1_ASM2969478v1	JAOWAH010000006.1	1017142	1019905	2	17	95.781	True	False	False	pos	False	148	C00600
GCA_029873615.1_ASM2987361v1	JAQJJA010000008.1	218011	239116	2	2	42.623	True	False	False	neg	True	156	C00601
GCA_029873615.1_ASM2987361v1	JAQJJA010000019.1	281367	284279	2	15	52.747	True	False	False	pos	False	156	C00602
GCA_029873615.1_ASM2987361v1	JAQJJA010000011.1	746782	753211	2	3	44.186	True	False	False	neg	True	156	C00603
GCA_029873615.1_ASM2987361v1	JAQJJA010000030.1	129136	137918	2	2	39.216	True	False	False	neg	True	156	C00604
GCA_029873615.1_ASM2987361v1	JAQJJA010000020.1	111039	116377	2	2	38.776	True	False	False	neg	True	156	C00605
GCA_030867695.1_ASM3086769v1	JARDXF010000007.1	166738	179694	2	14	69.189	True	False	False	pos	False	183	C00606
GCA_030867695.1_ASM3086769v1	JARDXF010000038.1	52673	52942	2	2	36.17	True	False	False	neg	True	183	C00607
GCA_030983975.1_UCSB_Rmuci_1.0	JABVZP010000002.1	460049	462902	2	14	69.444	True	False	False	pos	False	124	C00608
GCA_030983975.1_UCSB_Rmuci_1.0	JABVZP010000011.1	192758	210773	2	5	45.946	True	False	False	neg	True	124	C00609
GCA_030983975.1_UCSB_Rmuci_1.0	JABVZP010000053.1	5372	16202	2	2	33.333	True	False	False	neg	True	124	C00610
GCA_030983975.1_UCSB_Rmuci_1.0	JABVZP010000013.1	241156	242540	2	2	47.826	True	False	False	neg	True	124	C00611
GCA_030983975.1_UCSB_Rmuci_1.0	JABVZP010000039.1	154345	158240	2	2	48.571	True	False	False	neg	True	124	C00612
GCA_030983975.1_UCSB_Rmuci_1.0	JABVZP010000008.1	293337	294181	2	2	40.323	True	False	False	neg	True	124	C00613
GCA_032719295.1_ASM3271929v1	JAVIXT010000099.1	16999	25441	2	10	71.204	True	False	False	pos	False	102	C00614
GCA_032719295.1_ASM3271929v1	JAVIXT010000051.1	15163	38650	2	2	50.0	True	False	False	neg	True	102	C00615
GCA_032719295.1_ASM3271929v1	JAVIXT010000063.1	25954	29043	2	2	43.333	True	False	False	neg	True	102	C00616
GCA_032719295.1_ASM3271929v1	JAVIXT010000005.1	183168	196994	2	2	36.17	True	False	False	neg	True	102	C00617
GCA_033458335.1_ASM3345833v1	JAWJBI010000015.1	364263	367173	2	16	59.649	True	False	False	pos	False	152	C00618
GCA_033458335.1_ASM3345833v1	JAWJBI010000018.1	29386	41596	2	2	36.842	True	False	False	neg	True	152	C00619
GCA_033458335.1_ASM3345833v1	JAWJBI010000032.1	363595	368915	2	2	36.364	True	False	False	neg	True	152	C00620
GCA_034406715.1_ASM3440671v1	CP137867.1	263386	266475	2	2	43.333	True	False	False	neg	True	117	C00621
GCA_034406715.1_ASM3440671v1	CP137874.1	395822	414169	2	2	36.842	True	False	False	neg	True	117	C00622
GCA_034406715.1_ASM3440671v1	CP137872.1	891774	915157	2	2	43.75	True	False	False	neg	True	117	C00623
GCA_034406715.1_ASM3440671v1	CP137872.1	975361	990715	2	2	32.812	True	False	False	neg	True	117	C00624
GCA_034406715.1_ASM3440671v1	CP137870.1	868317	871377	2	10	70.833	True	False	False	pos	False	117	C00625
GCA_034509285.1_ASM3450928v1	JAOEGQ010000007.1	1012744	1033118	2	20	100.0	True	False	False	pos	False	162	C00626
GCA_034509285.1_ASM3450928v1	JAOEGQ010000011.1	541634	552512	2	2	42.222	True	False	False	neg	True	162	C00627
GCA_034509285.1_ASM3450928v1	JAOEGQ010000016.1	272727	288036	2	2	36.735	True	False	False	neg	True	162	C00628
GCA_034509285.1_ASM3450928v1	JAOEGQ010000019.1	139916	152051	2	2	48.649	True	False	False	neg	True	162	C00629
GCA_035220585.1_ASM3522058v1	JAWPQQ010000005.1	361457	376766	2	2	36.735	True	False	False	neg	True	145	C00630
GCA_035220585.1_ASM3522058v1	JAWPQQ010000025.1	192585	212959	2	20	100.0	True	False	False	pos	False	145	C00631
GCA_035220585.1_ASM3522058v1	JAWPQQ010000037.1	140033	152168	2	2	48.649	True	False	False	neg	True	145	C00632
GCA_036244875.1_Rhopal_B15_v1.0	BQKY01000003.1	283304	300851	2	5	35.556	True	False	False	neg	True	172	C00633
GCA_036244875.1_Rhopal_B15_v1.0	BQKY01000006.1	45650	69198	2	3	37.931	True	False	False	neg	True	172	C00634
GCA_036244875.1_Rhopal_B15_v1.0	BQKY01000011.1	348946	364925	2	2	35.211	True	False	False	neg	True	172	C00635
GCA_036244875.1_Rhopal_B15_v1.0	BQKY01000014.1	867271	869389	2	2	47.059	True	False	False	neg	True	172	C00636
GCA_036244875.1_Rhopal_B15_v1.0	BQKY01000005.1	379481	382377	2	16	66.667	True	False	False	pos	False	172	C00637
GCA_036320835.1_ASM3632083v1	JAZBNE010000039.1	52839	57116	2	2	43.333	True	False	False	neg	True	90	C00638
GCA_036320835.1_ASM3632083v1	JAZBNE010000043.1	233700	235876	2	2	38.71	True	False	False	neg	True	90	C00639
GCA_036320835.1_ASM3632083v1	JAZBNE010000008.1	169009	192339	2	3	40.625	True	False	False	neg	True	90	C00640
GCA_036320835.1_ASM3632083v1	JAZBNE010000002.1	172679	175760	2	10	81.776	True	False	False	pos	False	90	C00641
GCA_036320835.1_ASM3632083v1	JAZBNE010000042.1	23080	34111	2	2	52.632	True	False	False	neg	True	90	C00642
GCA_037040695.1_ASM3704069v1	JAXQHD010000315.1	154522	156698	2	2	38.71	True	False	False	neg	True	95	C00643
GCA_037040695.1_ASM3704069v1	JAXQHD010000075.1	76151	99481	2	3	40.625	True	False	False	neg	True	95	C00644
GCA_037040695.1_ASM3704069v1	JAXQHD010000311.1	133399	136453	2	10	77.857	True	False	False	pos	False	95	C00645
GCA_037040695.1_ASM3704069v1	JAXQHD010000115.1	104299	121377	2	2	29.592	True	False	False	neg	True	95	C00646
GCA_037040695.1_ASM3704069v1	JAXQHD010000013.1	76756	87787	2	2	52.632	True	False	False	neg	True	95	C00647
GCA_037041355.1_ASM3704135v1	JAXQIK010000147.1	633747	642189	2	10	71.204	True	False	False	pos	False	104	C00648
GCA_037041355.1_ASM3704135v1	JAXQIK010000148.1	237955	250495	2	2	44.231	True	False	False	neg	True	104	C00649
GCA_037041355.1_ASM3704135v1	JAXQIK010000151.1	243605	257458	2	2	36.17	True	False	False	neg	True	104	C00650
GCA_037041355.1_ASM3704135v1	JAXQIK010000143.1	64471	79821	2	2	32.812	True	False	False	neg	True	104	C00651
GCA_037126565.1_ASM3712656v1	JAXUAX010000023.1	1256469	1276843	2	20	100.0	True	False	False	pos	False	158	C00652
GCA_037126565.1_ASM3712656v1	JAXUAX010000010.1	1648886	1659764	2	2	42.222	True	False	False	neg	True	158	C00653
GCA_037126565.1_ASM3712656v1	JAXUAX010000007.1	365748	381057	2	2	36.735	True	False	False	neg	True	158	C00654
GCA_037126565.1_ASM3712656v1	JAXUAX010000016.1	786631	798766	2	2	48.649	True	False	False	neg	True	158	C00655
GCA_037974285.1_ASM3797428v1	JBBPFV010000005.1	358124	361157	2	14	45.614	True	False	False	pos	False	74	C00656
GCA_037974285.1_ASM3797428v1	JBBPFV010000003.1	341612	367792	2	2	35.417	True	False	False	neg	True	74	C00657
GCA_038381065.1_ASM3838106v1	JAZHGP010000001.1	324233	338045	2	2	44.737	True	False	False	neg	True	151	C00658
GCA_038381065.1_ASM3838106v1	JAZHGP010000010.1	426534	445578	2	2	37.736	True	False	False	neg	True	151	C00659
GCA_038381065.1_ASM3838106v1	JAZHGP010000006.1	288583	295885	2	2	31.765	True	True	False	neg	True	151	C00660
GCA_038381065.1_ASM3838106v1	JAZHGP010000006.1	503068	505174	2	11	48.78	True	False	False	pos	False	151	C00661
GCA_038381065.1_ASM3838106v1	JAZHGP010000006.1	568922	588153	2	2	50.0	True	False	False	neg	True	151	C00662
GCA_038381065.1_ASM3838106v1	JAZHGP010000034.1	88333	106729	2	2	42.222	True	False	False	neg	True	151	C00663
GCA_038381065.1_ASM3838106v1	JAZHGP010000025.1	22970	41366	2	2	42.222	True	False	False	neg	True	151	C00664
GCA_041430375.1_ASM4143037v1	JBFMMJ010000004.1	15908	24350	2	10	71.204	True	False	False	pos	False	103	C00665
GCA_041430375.1_ASM4143037v1	JBFMMJ010000072.1	53187	56275	2	2	43.333	True	False	False	neg	True	103	C00666
GCA_041430375.1_ASM4143037v1	JBFMMJ010000050.1	254141	269491	2	2	32.812	True	False	False	neg	True	103	C00667
GCA_041430375.1_ASM4143037v1	JBFMMJ010000012.1	561095	574948	2	2	36.17	True	False	False	neg	True	103	C00668
GCA_041430435.1_ASM4143043v1	JBFMMI010000009.1	174194	182636	2	10	71.204	True	False	False	pos	False	102	C00669
GCA_041430435.1_ASM4143043v1	JBFMMI010000065.1	74603	77691	2	2	43.333	True	False	False	neg	True	102	C00670
GCA_041430435.1_ASM4143043v1	JBFMMI010000041.1	254144	269494	2	2	32.812	True	False	False	neg	True	102	C00671
GCA_041430435.1_ASM4143043v1	JBFMMI010000013.1	561095	574948	2	2	36.17	True	False	False	neg	True	102	C00672
GCA_041430455.1_ASM4143045v1	JBFMMH010000004.1	307058	315500	2	10	71.204	True	False	False	pos	False	102	C00673
GCA_041430455.1_ASM4143045v1	JBFMMH010000079.1	88244	91332	2	2	43.333	True	False	False	neg	True	102	C00674
GCA_041430455.1_ASM4143045v1	JBFMMH010000009.1	3889	17742	2	2	36.17	True	False	False	neg	True	102	C00675
GCA_041430455.1_ASM4143045v1	JBFMMH010000048.1	125074	140424	2	2	32.812	True	False	False	neg	True	102	C00676
GCA_046118745.1_ASM4611874v1	JAWHQO010000007.1	471841	496269	2	11	52.632	True	False	False	pos	False	61	C00677
GCA_049500115.1_Rt_mucilaginosa_JCM8115v1	BAABVA010000035.1	101303	113843	2	2	44.231	True	False	False	neg	True	107	C00678
GCA_049500115.1_Rt_mucilaginosa_JCM8115v1	BAABVA010000092.1	9926	13014	2	2	43.333	True	False	False	neg	True	107	C00679
GCA_049500115.1_Rt_mucilaginosa_JCM8115v1	BAABVA010000006.1	238536	256883	2	2	36.842	True	False	False	neg	True	107	C00680
GCA_049500115.1_Rt_mucilaginosa_JCM8115v1	BAABVA010000003.1	310972	313981	2	14	81.022	True	False	False	pos	False	107	C00681
GCA_049500115.1_Rt_mucilaginosa_JCM8115v1	BAABVA010000130.1	26613	41967	2	2	32.812	True	False	False	neg	True	107	C00682
GCA_049863195.1_ICGEB_R_pacifica_INDKK	JBLUWB010000010.1	70272	73285	2	10	50.562	True	False	False	pos	False	120	C00683
GCA_049863195.1_ICGEB_R_pacifica_INDKK	JBLUWB010000009.1	864413	867533	2	14	52.542	True	False	False	pos	False	120	C00684
GCA_049863195.1_ICGEB_R_pacifica_INDKK	JBLUWB010000034.1	3884	6897	2	10	50.562	True	False	False	pos	False	120	C00685
GCA_050403085.1_Rt_araucariae_JCM3770v1	BAABUV010000151.1	42515	44568	2	10	64.671	True	False	False	pos	False	196	C00686
GCA_050403085.1_Rt_araucariae_JCM3770v1	BAABUV010000011.1	27737	45508	2	2	35.849	True	False	False	neg	True	196	C00687
GCA_050403085.1_Rt_araucariae_JCM3770v1	BAABUV010000183.1	15218	20607	2	3	43.182	True	False	False	neg	True	196	C00688
GCA_050403085.1_Rt_araucariae_JCM3770v1	BAABUV010000039.1	20347	47502	2	3	31.818	True	False	False	neg	True	196	C00689
GCA_050403085.1_Rt_araucariae_JCM3770v1	BAABUV010000212.1	15433	22607	2	2	33.981	True	False	False	neg	True	196	C00690
GCA_050403085.1_Rt_araucariae_JCM3770v1	BAABUV010000088.1	35625	36377	2	2	29.851	True	False	False	neg	True	196	C00691
GCA_050403105.1_Rt_babjevae_JCM9279v1	BAABUW010000052.1	26049	29185	2	16	66.496	True	False	False	pos	False	289	C00692
GCA_050403105.1_Rt_babjevae_JCM9279v1	BAABUW010000005.1	305681	313634	2	2	41.176	True	False	False	neg	True	289	C00693
GCA_050403105.1_Rt_babjevae_JCM9279v1	BAABUW010000037.1	111690	127982	2	2	43.243	True	False	False	neg	True	289	C00694
GCA_050403125.1_Rt_dairenensis_JCM3774v1	BAABUX010000004.1	90925	93943	2	15	62.207	True	False	False	pos	False	86	C00695
GCA_050403145.1_Rt_glutinis_JCM8208v1	BAABUY010000025.1	4149	20946	2	2	35.556	True	False	False	neg	True	306	C00696
GCA_050403145.1_Rt_glutinis_JCM8208v1	BAABUY010000012.1	135754	158779	2	16	100.0	True	False	False	pos	False	306	C00697
GCA_050403145.1_Rt_glutinis_JCM8208v1	BAABUY010000002.1	324193	334196	2	3	47.5	True	False	False	neg	True	306	C00698
GCA_050403145.1_Rt_glutinis_JCM8208v1	BAABUY010000066.1	9067	14452	2	2	45.946	True	False	False	neg	True	306	C00699
GCA_050403145.1_Rt_glutinis_JCM8208v1	BAABUY010000077.1	69402	83092	2	2	58.333	True	False	False	neg	True	306	C00700
GCA_050403165.1_Rt_graminis_JCM3775v1	BAABUZ010000038.1	122922	126015	2	16	70.332	True	False	False	pos	False	279	C00701
GCA_050403165.1_Rt_graminis_JCM3775v1	BAABUZ010000066.1	77867	87076	2	3	37.705	True	False	False	neg	True	279	C00702
GCA_050403165.1_Rt_graminis_JCM3775v1	BAABUZ010000028.1	73614	74704	2	2	41.86	True	False	False	neg	True	279	C00703
GCA_050403165.1_Rt_graminis_JCM3775v1	BAABUZ010000023.1	3401	12995	2	2	41.667	True	False	False	neg	True	279	C00704
GCA_050403245.1_Rt_toruloides_NBRC10512v1	BAABVE010000006.1	180361	183109	2	18	100.0	True	False	False	pos	False	120	C00705
GCA_050403245.1_Rt_toruloides_NBRC10512v1	BAABVE010000035.1	24172	41501	2	2	45.0	True	False	False	neg	True	120	C00706
GCA_050403265.1_Rt_toruloides_NBRC10513v1	BAABVF010000007.1	157317	168195	2	2	42.222	True	False	False	neg	True	137	C00707
GCA_050403265.1_Rt_toruloides_NBRC10513v1	BAABVF010000013.1	362539	377848	2	2	36.735	True	False	False	neg	True	137	C00708
GCA_050403265.1_Rt_toruloides_NBRC10513v1	BAABVF010000011.1	519618	531753	2	2	48.649	True	False	False	neg	True	137	C00709
GCA_050403265.1_Rt_toruloides_NBRC10513v1	BAABVF010000025.1	74955	95329	2	20	100.0	True	False	False	pos	False	137	C00710
GCA_050403505.1_S_salmonicolor_JCM1841v1	BAABVR010000137.1	29900	32300	2	10	44.444	True	False	False	pos	False	160	C00711
GCA_050403505.1_S_salmonicolor_JCM1841v1	BAABVR010000068.1	23604	33898	2	2	37.879	True	False	False	neg	True	160	C00712
GCA_050403505.1_S_salmonicolor_JCM1841v1	BAABVR010000053.1	54798	61326	2	2	35.211	True	False	False	neg	True	160	C00713
GCA_050403505.1_S_salmonicolor_JCM1841v1	BAABVR010000412.1	842	1215	2	2	38.095	True	False	False	neg	True	160	C00714
GCA_050403525.1_S_salmonicolor_JCM21900v1	BAABVS010000004.1	17910	28623	2	3	37.209	True	False	False	neg	True	177	C00715
GCA_050403525.1_S_salmonicolor_JCM21900v1	BAABVS010000006.1	102107	102859	2	2	45.652	True	False	False	neg	True	177	C00716
GCA_050403525.1_S_salmonicolor_JCM21900v1	BAABVS010000107.1	19889	22336	2	13	47.778	True	False	False	pos	False	177	C00717
GCA_050916435.1_ASM5091643v1	JBPBFG010000030.1	155920	158096	2	2	38.71	True	False	False	neg	True	97	C00718
GCA_050916435.1_ASM5091643v1	JBPBFG010000035.1	84377	107709	2	3	40.625	True	False	False	neg	True	97	C00719
GCA_050916435.1_ASM5091643v1	JBPBFG010000032.1	129602	140633	2	2	52.632	True	False	False	neg	True	97	C00720
GCA_050916435.1_ASM5091643v1	JBPBFG010000126.1	22970	26011	2	11	80.378	True	False	False	pos	False	97	C00721
GCA_051308255.1_Rhoto_ATCC26217_1	PS018121.1	235422	252751	2	2	45.0	True	False	False	neg	True	134	C00722
GCA_051308255.1_Rhoto_ATCC26217_1	PS018122.1	180012	182768	2	18	100.0	True	False	False	pos	False	134	C00723
GCA_051308255.1_Rhoto_ATCC26217_1	PS018141.1	235365	244353	2	2	47.059	True	False	False	neg	True	134	C00724
GCA_051313295.1_ASM5131329v1	JBOZGK010000006.1	66163	88447	2	2	42.105	True	False	False	neg	True	225	C00725
GCA_051313295.1_ASM5131329v1	JBOZGK010000207.1	44248	47736	2	10	49.502	True	False	False	pos	False	225	C00726
GCA_051313295.1_ASM5131329v1	JBOZGK010000128.1	135028	152282	2	2	42.222	True	False	False	neg	True	225	C00727
GCA_051313295.1_ASM5131329v1	JBOZGK010000121.1	118706	121011	2	3	43.86	True	False	False	neg	True	225	C00728
GCA_051805495.1_RsphJCM8202v2	AP041762.1	64101	76728	2	2	38.095	True	False	False	neg	True	134	C00729
GCA_051805495.1_RsphJCM8202v2	AP041753.1	665787	668623	2	13	70.0	True	False	False	pos	False	134	C00730
GCA_051805495.1_RsphJCM8202v2	AP041750.1	113761	124381	2	2	38.71	True	False	False	neg	True	134	C00731
GCA_051805495.1_RsphJCM8202v2	AP041761.1	729675	743809	2	2	40.816	True	False	False	neg	True	134	C00732
GCA_051805495.1_RsphJCM8202v2	AP041751.1	1143654	1161667	2	5	50.0	True	False	False	neg	True	134	C00733
GCA_051805495.1_RsphJCM8202v2	AP041752.1	73410	74062	2	2	41.667	True	False	False	neg	True	134	C00734
GCA_051805495.1_RsphJCM8202v2	AP041765.1	457778	468584	2	2	33.333	True	True	False	neg	True	134	C00735
GCA_051805505.1_RkraJCM10450v2	AP041736.1	1159874	1162737	2	15	95.0	True	False	False	pos	False	324	C00736
GCA_051805505.1_RkraJCM10450v2	AP041733.1	546173	558074	2	3	33.333	True	False	False	neg	True	324	C00737
GCA_051805505.1_RkraJCM10450v2	AP041738.1	369210	370574	2	2	47.059	True	False	False	neg	True	324	C00738
GCA_051805515.1_RkraJCM10449v2	AP041719.1	1178795	1189637	2	16	88.384	True	False	False	pos	False	299	C00739
GCA_051805515.1_RkraJCM10449v2	AP041715.1	404242	422928	2	2	40.541	True	False	False	neg	True	299	C00740
GCA_051805545.1_RtJCM10296v2	AP041700.1	1268914	1282482	2	4	38.043	True	False	False	neg	True	153	C00741
GCA_051805545.1_RtJCM10296v2	AP041703.1	1362416	1379200	2	2	45.455	True	False	False	neg	True	153	C00742
GCA_051805545.1_RtJCM10296v2	AP041702.1	1050732	1053492	2	15	91.561	True	False	False	pos	False	153	C00743
GCA_051805545.1_RtJCM10296v2	AP041705.1	505275	522388	2	2	42.5	True	False	False	neg	True	153	C00744
GCA_051805565.1_RtJCM10295v2	AP041686.1	1226535	1275364	2	4	36.364	True	False	False	neg	True	131	C00745
GCA_051805565.1_RtJCM10295v2	AP041683.1	314	2599	2	2	39.623	True	False	False	neg	True	131	C00746
GCA_051805565.1_RtJCM10295v2	AP041688.1	194264	208647	2	2	34.545	True	True	False	neg	True	131	C00747
GCA_051805565.1_RtJCM10295v2	AP041691.1	124604	138690	2	2	37.5	True	False	False	neg	True	131	C00748
GCA_051805565.1_RtJCM10295v2	AP041691.1	210375	219324	2	2	42.373	True	False	False	neg	True	131	C00749
GCA_051805565.1_RtJCM10295v2	AP041685.1	983800	986570	2	17	80.717	True	False	False	pos	False	131	C00750
GCA_051805565.1_RtJCM10295v2	AP041695.1	197107	206086	2	2	42.424	True	False	False	neg	True	131	C00751
GCA_051805575.1_RtJCM10049v2	AP041657.1	509485	526813	2	2	45.0	True	False	False	neg	True	151	C00752
GCA_051805575.1_RtJCM10049v2	AP041651.1	1012089	1014837	2	16	95.946	True	False	False	pos	False	151	C00753
GCA_051805585.1_RtJCM10021v2	AP041635.1	541585	552463	2	2	42.222	True	False	False	neg	True	163	C00754
GCA_051805585.1_RtJCM10021v2	AP041646.1	366012	381321	2	2	36.735	True	False	False	neg	True	163	C00755
GCA_051805585.1_RtJCM10021v2	AP041639.1	786697	798832	2	2	48.649	True	False	False	neg	True	163	C00756
GCA_051805585.1_RtJCM10021v2	AP041634.1	1256530	1276904	2	20	100.0	True	False	False	pos	False	163	C00757
GCA_051805595.1_RtJCM10020v2	AP041622.1	923859	932836	2	2	47.059	True	False	False	neg	True	147	C00758
GCA_051805595.1_RtJCM10020v2	AP041623.1	500263	517592	2	2	45.0	True	False	False	neg	True	147	C00759
GCA_051805595.1_RtJCM10020v2	AP041617.1	1036135	1038891	2	18	100.0	True	False	False	pos	False	147	C00760
GCA_055801775.1_ASM5580177v1	JBSSUU010000021.1	16064	24506	2	10	71.204	True	False	False	pos	False	98	C00761
GCA_055801775.1_ASM5580177v1	JBSSUU010000059.1	28346	31434	2	2	43.333	True	False	False	neg	True	98	C00762
GCA_055801775.1_ASM5580177v1	JBSSUU010000027.1	40900	56250	2	2	32.812	True	False	False	neg	True	98	C00763
GCA_056149925.1_EIMB_Rkra_OB1_1.0	CM148912.1	1025559	1033693	2	2	37.209	True	False	False	neg	True	346	C00764
GCA_056149925.1_EIMB_Rkra_OB1_1.0	CM148914.1	426572	437378	2	12	74.429	True	False	False	pos	False	346	C00765
GCA_056149925.1_EIMB_Rkra_OB1_1.0	CM148914.1	602548	619103	2	2	35.065	True	False	False	neg	True	346	C00766
GCA_056149925.1_EIMB_Rkra_OB1_1.0	CM148911.1	409187	414864	2	2	33.871	True	False	False	neg	True	346	C00767
GCA_056149925.1_EIMB_Rkra_OB1_1.0	CM148911.1	556915	568811	2	3	33.333	True	True	False	neg	True	346	C00768
GCA_056149925.1_EIMB_Rkra_OB1_1.0	CM148922.1	436729	456930	2	2	39.655	True	False	False	neg	True	346	C00769
GCA_056149925.1_EIMB_Rkra_OB1_1.0	CM148916.1	1025135	1031385	2	3	37.209	True	False	False	neg	True	346	C00770
GCA_057542475.1_Rhodotorula_sp._strain_HGY2	BAAJPC010000320.1	12561	25187	2	16	57.471	True	False	False	pos	False	154	C00771
GCA_057542475.1_Rhodotorula_sp._strain_HGY2	BAAJPC010000135.1	34090	40838	2	5	35.556	True	False	False	neg	True	154	C00772
GCA_057542475.1_Rhodotorula_sp._strain_HGY2	BAAJPC010000312.1	819477	821594	2	2	44.118	True	False	False	neg	True	154	C00773
GCA_057544825.1_Rhodotorula_sp._strain_HGY1	BAAJPB010000376.1	352887	363394	2	2	40.909	True	False	False	neg	True	171	C00774
GCA_057544825.1_Rhodotorula_sp._strain_HGY1	BAAJPB010000360.1	122129	136071	2	16	56.322	True	False	False	pos	False	171	C00775
GCA_057544825.1_Rhodotorula_sp._strain_HGY1	BAAJPB010000396.1	34204	44411	2	7	39.024	True	False	False	neg	True	171	C00776
GCA_057544825.1_Rhodotorula_sp._strain_HGY1	BAAJPB010000283.1	55370	57487	2	2	47.059	True	False	False	neg	True	171	C00777
GCA_057544825.1_Rhodotorula_sp._strain_HGY1	BAAJPB010000370.1	147246	150798	2	2	34.375	True	False	False	neg	True	171	C00778
GCA_057544825.1_Rhodotorula_sp._strain_HGY1	BAAJPB010000246.1	33157	45410	2	2	36.842	True	False	False	neg	True	171	C00779
GCA_057930215.1_Rhodotorula_pacifica_RDY01_v1	JBUBPS010000016.1	878469	888261	2	2	32.609	True	False	False	neg	True	97	C00780
GCA_057930215.1_Rhodotorula_pacifica_RDY01_v1	JBUBPS010000013.1	885125	888206	2	14	56.41	True	False	False	pos	False	97	C00781
GCA_057930215.1_Rhodotorula_pacifica_RDY01_v1	JBUBPS010000007.1	903066	907648	2	2	33.333	True	False	False	neg	True	97	C00782
GCA_058775505.1_UCR_RmucDH4148_1.0	CM179490.1	885110	893552	2	10	71.204	True	False	False	pos	False	111	C00783
GCA_058775505.1_UCR_RmucDH4148_1.0	CM179487.1	1195291	1198379	2	2	43.333	True	False	False	neg	True	111	C00784
GCA_058775505.1_UCR_RmucDH4148_1.0	CM179492.1	980423	995773	2	2	32.812	True	False	False	neg	True	111	C00785
GCA_920103735.2_Hybrid_genome_assembly_and_annotation_-DBVPG_8058	CAKKSY020000001.1	197665	200703	2	17	71.831	True	False	False	pos	False	335	C00786
GCA_920103735.2_Hybrid_genome_assembly_and_annotation_-DBVPG_8058	CAKKSY020000034.1	859038	861575	2	2	45.455	True	False	False	neg	True	335	C00787
GCA_920103745.3_Hybrid_genome_assembly_and_annotation	CAKKSX030000025.1	4000	38385	2	6	35.556	True	True	False	neg	True	366	C00788
GCA_920103745.3_Hybrid_genome_assembly_and_annotation	CAKKSX030000026.1	389353	412378	2	16	100.0	True	False	False	pos	False	366	C00789
GCA_920103745.3_Hybrid_genome_assembly_and_annotation	CAKKSX030000026.1	1267588	1277591	2	3	47.5	True	False	False	neg	True	366	C00790
GCA_920103745.3_Hybrid_genome_assembly_and_annotation	CAKKSX030000018.1	144803	159604	2	3	35.938	True	False	False	neg	True	366	C00791
GCA_920103745.3_Hybrid_genome_assembly_and_annotation	CAKKSX030000018.1	1623900	1642083	2	2	41.667	True	False	False	neg	True	366	C00792
GCA_920103745.3_Hybrid_genome_assembly_and_annotation	CAKKSX030000016.1	975246	980631	2	2	45.946	True	False	False	neg	True	366	C00793
GCA_920103745.3_Hybrid_genome_assembly_and_annotation	CAKKSX030000012.1	886756	900446	2	2	58.333	True	False	False	neg	True	366	C00794
GCA_920104245.2_Hybrid_genome_assembly_and_annotation	CAKKSZ020000014.1	369932	373068	2	16	66.496	True	False	False	pos	False	355	C00795
GCA_920104245.2_Hybrid_genome_assembly_and_annotation	CAKKSZ020000015.1	840614	848567	2	2	41.176	True	False	False	neg	True	355	C00796
GCA_920104245.2_Hybrid_genome_assembly_and_annotation	CAKKSZ020000023.1	1357192	1373484	2	2	43.243	True	False	False	neg	True	355	C00797
GCA_921037615.3_Hybrid_genome_assembly_and_annotation_02	CAKLCE030000018.1	5908	14896	2	2	47.059	True	False	False	neg	True	154	C00798
GCA_921037615.3_Hybrid_genome_assembly_and_annotation_02	CAKLCE030000025.1	501940	519269	2	2	45.0	True	False	False	neg	True	154	C00799
GCA_921037615.3_Hybrid_genome_assembly_and_annotation_02	CAKLCE030000016.1	73463	76219	2	18	100.0	True	False	False	pos	False	154	C00800
GCA_937859235.1_SRR3017090_bin.1_CONCOCT_v1.1_MAG	CALMAM010001514.1	1962	4499	2	2	45.455	True	False	False	neg	True	128	C00801
GCA_937898295.1_SRR6853349_bin.25_CONCOCT_v1.1_MAG	CALEJI010000445.1	15882	24324	2	10	71.204	True	False	False	pos	False	92	C00802
GCA_937898295.1_SRR6853349_bin.25_CONCOCT_v1.1_MAG	CALEJI010000393.1	7750	10838	2	2	43.333	True	False	False	neg	True	92	C00803
GCA_937898295.1_SRR6853349_bin.25_CONCOCT_v1.1_MAG	CALEJI010000208.1	584	14437	2	2	36.17	True	False	False	neg	True	92	C00804
GCA_937898295.1_SRR6853349_bin.25_CONCOCT_v1.1_MAG	CALEJI010000385.1	19974	35324	2	2	32.812	True	False	False	neg	True	92	C00805
GCA_963379285.1_SMGC_7569_bin.1_MetaWRAP_v1.2.1_MAG	CAUJNL010000159.1	1	2116	2	10	73.077	True	False	False	pos	False	66	C00806
GCA_963379285.1_SMGC_7569_bin.1_MetaWRAP_v1.2.1_MAG	CAUJNL010000123.1	15104	16805	2	2	33.333	True	False	False	neg	True	66	C00807
GCA_963855895.1_AIST536MM15v1	CAWLCL010000010.1	158464	175793	2	2	45.0	True	False	False	neg	True	152	C00808
GCA_963855895.1_AIST536MM15v1	CAWLCL010000019.1	99650	114959	2	2	36.735	True	False	False	neg	True	152	C00809
GCA_963855895.1_AIST536MM15v1	CAWLCL010000022.1	179599	182347	2	18	100.0	True	False	False	pos	False	152	C00810
GCA_963855895.1_AIST536MM15v1	CAWLCL010000080.1	5994	14982	2	2	47.059	True	False	False	neg	True	152	C00811
GCA_965239605.3_Hybrid_Genome_assembly_Updated-_INGCA000000200-3	CBDEHS030000008.1	864413	867533	2	14	52.542	True	False	False	pos	False	90	C00812
GCA_965239605.3_Hybrid_Genome_assembly_Updated-_INGCA000000200-3	CBDEHS030000002.1	460386	478372	2	2	36.585	True	False	False	neg	True	90	C00813
GCA_965239605.3_Hybrid_Genome_assembly_Updated-_INGCA000000200-3	CBDEHS030000005.1	695342	704093	2	2	48.837	True	False	False	neg	True	90	C00814
GCF_000320785.1_RHOziaDV1.0	NW_015622968.1	618791	627779	2	2	47.059	True	False	False	neg	True	122	C00815
GCF_000320785.1_RHOziaDV1.0	NW_015622969.1	432107	449436	2	2	45.0	True	False	False	neg	True	122	C00816
GCF_000320785.1_RHOziaDV1.0	NW_015622971.1	382944	385700	2	18	100.0	True	False	False	pos	False	122	C00817
GCF_001329695.1_Rhoba1_1	NW_017264938.1	583130	591151	2	2	35.443	True	False	False	neg	True	313	C00818
GCF_001329695.1_Rhoba1_1	NW_017264932.1	842811	843901	2	2	41.86	True	False	False	neg	True	313	C00819
GCF_001329695.1_Rhoba1_1	NW_017264943.1	159610	162732	2	13	73.684	True	False	False	pos	False	313	C00820
GCF_050403185.1_Rt_pacifica_JCM10908v1	NW_027481559.1	878291	888047	2	2	32.609	True	False	False	neg	True	95	C00821
GCF_050403185.1_Rt_pacifica_JCM10908v1	NW_027481544.1	158374	161455	2	14	56.41	True	False	False	pos	False	95	C00822
GCF_050403185.1_Rt_pacifica_JCM10908v1	NW_027481553.1	122968	127550	2	2	33.333	True	False	False	neg	True	95	C00823
GCF_050403185.1_Rt_pacifica_JCM10908v1	NW_027481550.1	456631	458210	2	2	35.714	True	False	False	neg	True	95	C00824
GCF_050403205.1_Rt_paludigena_JCM10292v1	NW_027481456.1	599591	613403	2	2	44.737	True	False	False	neg	True	152	C00825
GCF_050403205.1_Rt_paludigena_JCM10292v1	NW_027481457.1	358721	366023	2	2	31.765	True	False	False	neg	True	152	C00826
GCF_050403205.1_Rt_paludigena_JCM10292v1	NW_027481457.1	573200	576095	2	11	47.748	True	False	False	pos	False	152	C00827
GCF_050403205.1_Rt_paludigena_JCM10292v1	NW_027481409.1	61931	80955	2	2	37.736	True	False	False	neg	True	152	C00828
GCF_050403205.1_Rt_paludigena_JCM10292v1	NW_027481428.1	53395	66501	2	2	36.207	True	False	False	neg	True	152	C00829
GCA_012922835.1_ASM1292283v1	JABBYN010000050.1	44202	62216	1	1	28.916	False	False	False	neg	True	114	C00830
GCA_026119225.1_ASM2611922v1	JANKJK010000014.1	1149757	1149849	1	1	48.387	False	False	False	neg	True	356	C00831
GCA_965239605.3_Hybrid_Genome_assembly_Updated-_INGCA000000200-3	CBDEHS030000001.1	610356	610517	1	1	31.481	False	False	False	neg	True	90	C00832
GCA_057930215.1_Rhodotorula_pacifica_RDY01_v1	JBUBPS010000009.1	600248	600355	1	1	47.222	False	False	False	neg	True	97	C00833
GCA_002250355.1_RIT389_v1	NIUW01000016.1	63187	63342	1	4	38.0	False	False	False	neg	True	95	C00834
GCA_019189415.1_ASM1918941v1	JAHAPG010000001.1	828319	828456	1	1	40.0	False	False	False	neg	True	101	C00835
GCA_012922695.1_ASM1292269v1	JABBMU010000002.1	423204	423344	1	1	42.0	False	False	False	neg	True	104	C00836
GCA_021654155.1_ASM2165415v1	JAKEZK010000043.1	87365	87514	1	1	34.0	False	False	False	neg	True	103	C00837
GCA_057544825.1_Rhodotorula_sp._strain_HGY1	BAAJPB010000319.1	110374	110505	1	1	43.182	False	False	False	neg	True	171	C00838
GCA_019775605.1_ASM1977560v1	JACWFK010000074.1	54105	54284	1	1	37.705	False	False	False	neg	True	244	C00839
GCA_019802915.1_ASM1980291v1	JACVTH010000050.1	63775	72388	1	2	45.455	False	False	False	neg	True	114	C00840
GCA_041430455.1_ASM4143045v1	JBFMMH010000027.1	431978	432088	1	1	46.154	False	False	False	neg	True	102	C00841
GCA_019190705.1_ASM1919070v1	JAHAQZ010000015.1	309581	325276	1	1	30.0	False	False	False	neg	True	100	C00842
GCA_937859235.1_SRR3017090_bin.1_CONCOCT_v1.1_MAG	CALMAM010001559.1	2389	2646	1	1	36.364	False	False	False	neg	True	128	C00843
GCA_013036805.1_ASM1303680v1	JABBIM010000001.1	345534	345743	1	1	29.73	False	False	False	neg	True	100	C00844
GCA_005281665.1_ASM528166v1	SWEA01000006.1	98523	98705	1	1	34.375	False	False	False	neg	True	143	C00845
GCA_019923515.1_ASM1992351v1	JACAVT010000125.1	178686	178862	1	1	36.667	False	False	False	neg	True	242	C00846
GCA_001456015.1_ASM145601v1	LKER01000003.1	927911	928039	1	1	42.222	False	False	False	neg	True	185	C00847
GCA_019190795.1_ASM1919079v1	JAHARD010000001.1	663841	664050	1	1	29.73	False	False	False	neg	True	99	C00848
GCA_019671115.1_ASM1967111v1	JAHERV010000137.1	10220	10357	1	1	38.776	False	False	False	neg	True	156	C00849
GCA_034509285.1_ASM3450928v1	JAOEGQ010000019.1	869725	869871	1	1	38.776	False	False	False	neg	True	162	C00850
GCA_057930215.1_Rhodotorula_pacifica_RDY01_v1	JBUBPS010000018.1	513676	513804	1	1	46.512	False	False	False	neg	True	97	C00851
GCA_058775505.1_UCR_RmucDH4148_1.0	CM179486.1	779396	779509	1	1	34.211	False	False	False	neg	True	111	C00852
GCA_000222205.2_R.glutinis2	AEVR02000005.1	152892	153167	1	1	31.183	False	False	False	neg	True	162	C00853
GCA_050403525.1_S_salmonicolor_JCM21900v1	BAABVS010000285.1	10626	10823	1	1	32.836	False	False	False	neg	True	177	C00854
GCA_019775595.1_ASM1977559v1	JACWFL010000256.1	6833	6961	1	1	39.535	False	False	False	neg	True	238	C00855
GCA_019189525.1_ASM1918952v1	JAHAPJ010000011.1	416709	416813	1	1	40.0	False	False	False	neg	True	99	C00856
GCA_051805515.1_RkraJCM10449v2	AP041716.1	548365	548598	1	1	33.333	False	False	False	neg	True	299	C00857
GCA_965239605.3_Hybrid_Genome_assembly_Updated-_INGCA000000200-3	CBDEHS030000007.1	623328	623432	1	1	48.571	False	False	False	neg	True	90	C00858
GCA_015501985.1_ASM1550198v1	JAAGPT010000017.1	417729	417845	1	1	39.024	False	False	False	neg	True	410	C00859
GCA_030983975.1_UCSB_Rmuci_1.0	JABVZP010000009.1	351577	351780	1	1	33.333	False	False	False	neg	True	124	C00860
GCA_006352295.1_UMAN_Rdio_1.0	SOZI01000121.1	15575	15685	1	1	43.902	False	False	False	neg	True	224	C00861
GCA_019190015.1_ASM1919001v1	JAHAQC010000004.1	120500	151993	1	1	42.5	False	False	False	neg	True	101	C00862
GCA_001456015.1_ASM145601v1	LKER01000050.1	187208	187306	1	1	42.424	False	False	False	neg	True	185	C00863
GCA_001255795.1_IFO0880_HGAP3_v1	CWKI01000010.1	700807	700929	1	1	41.463	False	False	False	neg	True	136	C00864
GCA_001373355.1_SPOSA68321A01	CENE01000003.1	1048169	1048309	1	1	31.25	False	False	False	neg	True	166	C00865
GCA_041430455.1_ASM4143045v1	JBFMMH010000008.1	372599	372955	1	1	25.547	False	False	False	neg	True	102	C00866
GCA_025502745.1_ASM2550274v1	JAMFRC010000015.1	252111	252266	1	1	37.288	False	False	False	neg	True	100	C00867
GCA_000931965.1_ASM93196v1	JWTJ01000543.1	320	466	1	1	30.189	False	False	False	neg	True	92	C00868
GCA_019190705.1_ASM1919070v1	JAHAQZ010000002.1	574101	574328	1	1	33.333	False	False	False	neg	True	100	C00869
GCA_050403245.1_Rt_toruloides_NBRC10512v1	BAABVE010000061.1	43476	56231	1	2	36.842	False	False	False	neg	True	120	C00870
GCA_013036835.1_ASM1303683v1	JABBIO010000075.1	13895	14008	1	1	34.211	False	False	False	neg	True	115	C00871
GCA_019191155.1_ASM1919115v1	JAHARP010000009.1	183459	183656	1	1	36.709	False	False	False	neg	True	99	C00872
GCA_051805545.1_RtJCM10296v2	AP041703.1	287233	287361	1	1	39.535	False	False	False	neg	True	153	C00873
GCA_001456015.1_ASM145601v1	LKER01000033.1	192084	192458	1	1	25.6	False	False	False	neg	True	185	C00874
GCA_024713535.1_ASM2471353v1	JANIBP010000006.1	1037151	1037333	1	1	31.148	False	False	False	neg	True	132	C00875
GCA_013036905.1_ASM1303690v1	JABBIP010000019.1	3283	3447	1	1	38.596	False	False	False	neg	True	115	C00876
GCA_057930215.1_Rhodotorula_pacifica_RDY01_v1	JBUBPS010000009.1	578076	578198	1	1	38.0	False	False	False	neg	True	97	C00877
GCA_019775375.1_ASM1977537v1	JACWFW010000023.1	64012	64359	1	1	31.933	False	False	False	neg	True	244	C00878
GCA_021654155.1_ASM2165415v1	JAKEZK010000012.1	106676	106855	1	1	35.484	False	False	False	neg	True	103	C00879
GCA_025502885.1_ASM2550288v1	JAMFQY010000001.1	673334	673531	1	1	36.709	False	False	False	neg	True	90	C00880
GCA_016584205.1_ASM1658420v1	PUHQ01000015.1	72300	72407	1	1	42.105	False	False	False	neg	True	93	C00881
GCA_019190365.1_ASM1919036v1	JAHAQO010000033.1	156628	156723	1	1	50.0	False	False	False	neg	True	100	C00882
GCA_015501985.1_ASM1550198v1	JAAGPT010000010.1	102196	102378	1	1	35.385	False	False	False	neg	True	410	C00883
GCA_050403145.1_Rt_glutinis_JCM8208v1	BAABUY010000075.1	60414	60572	1	1	30.189	False	False	False	neg	True	306	C00884
GCA_013036895.1_ASM1303689v1	JABBIQ010000010.1	377619	377855	1	1	30.233	False	False	False	neg	True	101	C00885
GCF_050403205.1_Rt_paludigena_JCM10292v1	NW_027481424.1	75815	75988	1	1	26.23	False	False	False	neg	True	152	C00886
GCA_019802815.1_ASM1980281v1	JACVTE010000055.1	65337	65471	1	1	35.556	False	False	False	neg	True	113	C00887
GCA_019189785.1_ASM1918978v1	JAHAPV010000023.1	42673	42879	1	1	29.885	False	False	False	neg	True	103	C00888
GCA_001255795.1_IFO0880_HGAP3_v1	CWKI01000006.1	1364930	1365244	1	1	32.075	False	False	False	neg	True	136	C00889
GCA_019191065.1_ASM1919106v1	JAHARN010000037.1	139090	139449	1	1	28.346	False	False	False	neg	True	99	C00890
GCA_025502915.1_ASM2550291v1	JAMFQX010000020.1	60726	67979	1	1	36.842	False	False	False	neg	True	102	C00891
GCA_041430375.1_ASM4143037v1	JBFMMJ010000055.1	147069	165083	1	1	28.916	False	False	False	neg	True	103	C00892
GCA_006352295.1_UMAN_Rdio_1.0	SOZI01000004.1	204943	205050	1	1	39.535	False	False	False	neg	True	224	C00893
GCA_013036595.1_ASM1303659v1	JABBIF010000017.1	248606	248857	1	1	27.381	False	False	False	neg	True	113	C00894
GCA_037126565.1_ASM3712656v1	JAXUAX010000013.1	408319	408441	1	1	36.585	False	False	False	neg	True	158	C00895
GCA_051805515.1_RkraJCM10449v2	AP041717.1	1216643	1216789	1	1	38.776	False	False	False	neg	True	299	C00896
GCA_019189885.1_ASM1918988v1	JAHAPW010000017.1	153893	154051	1	1	37.037	False	False	False	neg	True	105	C00897
GCA_012922725.1_ASM1292272v1	JABBYM010000083.1	69898	70011	1	1	34.211	False	False	False	neg	True	112	C00898
GCA_051805595.1_RtJCM10020v2	AP041625.1	104377	104523	1	1	39.623	False	False	False	neg	True	147	C00899
GCA_019190235.1_ASM1919023v1	JAHAQK010000022.1	206199	206384	1	1	36.765	False	False	False	neg	True	104	C00900
GCA_051805515.1_RkraJCM10449v2	AP041716.1	510240	510329	1	1	46.667	False	False	False	neg	True	299	C00901
GCA_051313295.1_ASM5131329v1	JBOZGK010000153.1	40680	40922	1	1	32.558	False	False	False	neg	True	225	C00902
GCA_023078535.2_ASM2307853v2	JAKRWS020000271.1	196294	196407	1	1	39.474	False	False	False	neg	True	115	C00903
GCF_050403205.1_Rt_paludigena_JCM10292v1	NW_027481451.1	229570	229716	1	2	37.037	False	False	False	neg	True	152	C00904
GCA_023628195.1_ASM2362819v1	JAMALB010000107.1	8427	8630	1	1	30.882	False	False	False	neg	True	100	C00905
GCA_050403125.1_Rt_dairenensis_JCM3774v1	BAABUX010000057.1	10517	10672	1	1	40.385	False	False	False	neg	True	86	C00906
GCA_013036655.1_ASM1303665v1	JABBIH010000018.1	167507	167704	1	1	33.333	False	False	False	neg	True	100	C00907
GCA_019189915.1_ASM1918991v1	JAHAPX010000035.1	101769	119783	1	1	28.916	False	False	False	neg	True	100	C00908
GCA_019189755.1_ASM1918975v1	JAHAPS010000026.1	21021	21176	1	4	38.0	False	False	False	neg	True	105	C00909
GCA_030867695.1_ASM3086769v1	JARDXF010000022.1	426103	426219	1	1	48.718	False	False	False	neg	True	183	C00910
GCA_022817825.1_ASM2281782v1	JAFEUJ010000004.1	1177608	1177865	1	1	29.67	False	False	False	neg	True	318	C00911
GCA_023628195.1_ASM2362819v1	JAMALB010000033.1	86755	87018	1	1	32.584	False	False	False	neg	True	100	C00912
GCA_019190805.1_ASM1919080v1	JAHARE010000006.1	287242	287445	1	1	30.882	False	False	False	neg	True	100	C00913
GCA_030867695.1_ASM3086769v1	JARDXF010000025.1	52806	52949	1	1	39.216	False	False	False	neg	True	183	C00914
GCA_001541205.1_Rhosp1	KQ954540.1	12033	12152	1	1	42.5	False	False	False	neg	True	89	C00915
GCA_019803015.1_ASM1980301v1	JACVTK010002925.1	1351	1485	1	1	40.0	False	False	False	neg	True	52	C00916
GCA_018687845.1_ASM1868784v1	JAGYYI010000004.1	299919	300068	1	1	30.0	False	False	False	neg	True	104	C00917
GCA_051805595.1_RtJCM10020v2	AP041623.1	1518063	1518191	1	1	42.222	False	False	False	neg	True	147	C00918
GCA_963855895.1_AIST536MM15v1	CAWLCL010000007.1	346307	346456	1	1	35.849	False	False	False	neg	True	152	C00919
GCA_019190905.1_ASM1919090v1	JAHARH010000036.1	21021	21176	1	4	38.0	False	False	False	neg	True	101	C00920
GCA_019191065.1_ASM1919106v1	JAHARN010000005.1	332375	332533	1	1	36.066	False	False	False	neg	True	99	C00921
GCA_050403085.1_Rt_araucariae_JCM3770v1	BAABUV010000182.1	23404	23529	1	1	38.095	False	False	False	neg	True	196	C00922
GCA_013036505.1_ASM1303650v1	JABBIE010000011.1	306182	306538	1	1	25.547	False	False	False	neg	True	100	C00923
GCA_019190585.1_ASM1919058v1	JAHAQV010000057.1	112025	112225	1	1	26.866	False	False	False	neg	True	100	C00924
GCA_025502865.1_ASM2550286v1	JAMFQZ010000001.1	47168	47275	1	1	36.111	False	False	False	neg	True	101	C00925
GCA_050916435.1_ASM5091643v1	JBPBFG010000235.1	3621	3857	1	1	30.769	False	False	False	neg	True	97	C00926
GCA_920103745.3_Hybrid_genome_assembly_and_annotation	CAKKSX030000001.1	973275	973481	1	1	26.087	False	False	False	neg	True	366	C00927
GCA_050403145.1_Rt_glutinis_JCM8208v1	BAABUY010000202.1	23284	23433	1	3	32.0	False	False	False	neg	True	306	C00928
GCA_051805575.1_RtJCM10049v2	AP041651.1	784585	784740	1	1	36.538	False	False	False	neg	True	151	C00929
GCA_019190635.1_ASM1919063v1	JAHAQX010000002.1	467493	478809	1	2	40.541	False	False	False	neg	True	101	C00930
GCA_004143675.1_ASM414367v1	RZHN01000014.1	254890	256626	1	2	26.562	False	False	False	neg	True	94	C00931
GCA_019775375.1_ASM1977537v1	JACWFW010000169.1	79654	79749	1	1	45.0	False	False	False	neg	True	244	C00932
GCA_050403085.1_Rt_araucariae_JCM3770v1	BAABUV010000012.1	1308	1421	1	1	50.0	False	False	False	neg	True	196	C00933
GCA_023628195.1_ASM2362819v1	JAMALB010000158.1	39564	39674	1	1	46.154	False	False	False	neg	True	100	C00934
GCA_007990605.1_Rt10032-v1	BJWK01000007.1	332302	332481	1	1	27.869	False	False	False	neg	True	120	C00935
GCA_920104245.2_Hybrid_genome_assembly_and_annotation	CAKKSZ020000019.1	2124023	2124118	1	1	51.429	False	False	False	neg	True	355	C00936
GCA_013036385.1_ASM1303638v1	JABBHY010000022.1	60825	60965	1	1	42.0	False	False	False	neg	True	114	C00937
GCA_024184655.1_ASM2418465v1	JAMKPX010000204.1	397824	398024	1	1	34.409	False	False	False	neg	True	93	C00938
GCA_019190805.1_ASM1919080v1	JAHARE010000006.1	30921	38713	1	1	25.581	False	False	False	neg	True	100	C00939
GCA_019190605.1_ASM1919060v1	JAHAQW010000051.1	63566	63700	1	1	35.556	False	False	False	neg	True	101	C00940
GCA_019926025.1_ASM1992602v1	JAHSUG010000005.1	1047503	1047691	1	1	35.821	False	False	False	neg	True	305	C00941
GCA_051805565.1_RtJCM10295v2	AP041691.1	529211	529366	1	1	27.273	False	False	False	neg	True	131	C00942
GCA_001456015.1_ASM145601v1	LKER01000019.1	27114	27587	1	1	28.125	False	False	False	neg	True	185	C00943
GCA_019802905.1_ASM1980290v1	JACVTG010000017.1	246456	246599	1	1	32.653	False	False	False	neg	True	99	C00944
GCA_001542305.1_ASM154230v1	LNQQ01000008.1	857245	857718	1	1	28.125	False	False	False	neg	True	152	C00945
GCA_019189975.1_ASM1918997v1	JAHAQB010000005.1	207994	208134	1	1	42.0	False	False	False	neg	True	102	C00946
GCA_051308255.1_Rhoto_ATCC26217_1	PS018124.1	24391	24675	1	1	30.928	False	False	False	neg	True	134	C00947
GCA_036244875.1_Rhopal_B15_v1.0	BQKY01000005.1	317825	317926	1	1	50.0	False	False	False	neg	True	172	C00948
GCA_030983975.1_UCSB_Rmuci_1.0	JABVZP010000005.1	63730	64008	1	1	31.0	False	False	False	neg	True	124	C00949
GCA_029694785.1_ASM2969478v1	JAOWAH010000014.1	656191	656445	1	1	31.111	False	False	False	neg	True	148	C00950
GCA_019190805.1_ASM1919080v1	JAHARE010000061.1	58933	59040	1	1	42.105	False	False	False	neg	True	100	C00951
GCA_041430435.1_ASM4143043v1	JBFMMI010000051.1	139070	139429	1	1	28.346	False	False	False	neg	True	102	C00952
GCA_013036475.1_ASM1303647v1	JABBIB010000006.1	316194	316418	1	1	32.0	False	False	False	neg	True	115	C00953
GCA_013036475.1_ASM1303647v1	JABBIB010000002.1	799607	810932	1	2	38.889	False	False	False	neg	True	115	C00954
GCA_023078535.2_ASM2307853v2	JAKRWS020000001.1	398258	415317	1	2	40.625	False	False	False	neg	True	115	C00955
GCA_013036955.1_ASM1303695v1	JABBIR010000060.1	75206	75412	1	1	29.885	False	False	False	neg	True	116	C00956
GCA_000988805.1_ASM98880v1	LCTU01000048.1	89451	89597	1	1	39.623	False	False	False	neg	True	132	C00957
GCA_920103735.2_Hybrid_genome_assembly_and_annotation_-DBVPG_8058	CAKKSY020000015.1	348325	348807	1	1	26.596	False	False	False	neg	True	335	C00958
GCA_013036715.1_ASM1303671v1	JABBIJ010000061.1	23675	23863	1	1	33.333	False	False	False	neg	True	111	C00959
GCA_025502725.1_ASM2550272v1	JAMFRB010000039.1	225082	225204	1	2	30.435	False	False	False	neg	True	102	C00960
GCA_025502865.1_ASM2550286v1	JAMFQZ010000003.1	792914	793099	1	1	34.921	False	False	False	neg	True	101	C00961
GCA_015501985.1_ASM1550198v1	JAAGPT010000009.1	466103	466339	1	1	29.07	False	False	False	neg	True	410	C00962
GCA_019190905.1_ASM1919090v1	JAHARH010000007.1	56942	57178	1	1	30.233	False	False	False	neg	True	101	C00963
GCA_023628275.1_ASM2362827v1	JAMALC010000053.1	61014	61163	1	1	36.364	False	False	False	neg	True	94	C00964
GCA_019190365.1_ASM1919036v1	JAHAQO010000014.1	307716	307814	1	1	42.424	False	False	False	neg	True	100	C00965
GCA_028828645.1_ASM2882864v1	JAPZQE010000028.1	239798	239971	1	1	36.923	False	False	False	neg	True	184	C00966
GCA_019190495.1_ASM1919049v1	JAHAQU010000012.1	128250	128606	1	1	25.547	False	False	False	neg	True	103	C00967
GCA_019802815.1_ASM1980281v1	JACVTE010000028.1	183986	184264	1	1	31.633	False	False	False	neg	True	113	C00968
GCA_019189545.1_ASM1918954v1	JAHAPK010000003.1	467440	478756	1	2	40.541	False	False	False	neg	True	100	C00969
GCA_049863195.1_ICGEB_R_pacifica_INDKK	JBLUWB010000038.1	372746	372847	1	1	44.118	False	False	False	neg	True	120	C00970
GCA_025502755.1_ASM2550275v1	JAMFRA010000048.1	9591	9791	1	1	26.866	False	False	False	neg	True	98	C00971
GCA_035220585.1_ASM3522058v1	JAWPQQ010000001.1	727658	727879	1	1	40.244	False	False	False	neg	True	145	C00972
GCA_051805565.1_RtJCM10295v2	AP041687.1	206002	206127	1	1	45.238	False	False	False	neg	True	131	C00973
GCA_000258745.1_ASM25874v1	AJMJ01000652.1	59858	59998	1	1	44.681	False	False	False	neg	True	126	C00974
GCA_019190745.1_ASM1919074v1	JAHARB010000034.1	185253	185606	1	1	25.0	False	False	False	neg	True	99	C00975
GCA_921037615.3_Hybrid_genome_assembly_and_annotation_02	CAKLCE030000026.1	1065003	1065143	1	1	40.426	False	False	False	neg	True	154	C00976
GCA_051805585.1_RtJCM10021v2	AP041630.1	280102	280347	1	1	38.824	False	False	False	neg	True	163	C00977
GCA_023628235.1_ASM2362823v1	JAMALD010000042.1	9482	9625	1	1	41.667	False	False	False	neg	True	125	C00978
GCF_001329695.1_Rhoba1_1	NW_017264936.1	746346	746453	1	1	38.889	False	False	False	neg	True	313	C00979
GCA_012922805.1_ASM1292280v1	JABBMW010000069.1	89436	89648	1	1	30.986	False	False	False	neg	True	113	C00980
GCA_023968905.1_ASM2396890v1	MU450647.1	68837	68983	1	1	38.776	False	False	False	neg	True	176	C00981
GCA_920103745.3_Hybrid_genome_assembly_and_annotation	CAKKSX030000024.1	186521	186775	1	1	32.222	False	False	False	neg	True	366	C00982
GCA_025502925.1_ASM2550292v1	JAMFQW010000020.1	137161	137376	1	1	30.337	False	False	False	neg	True	96	C00983
GCA_013036755.1_ASM1303675v1	JABBIL010000008.1	396041	396184	1	1	32.653	False	False	False	neg	True	114	C00984
GCA_019303655.1_ASM1930365v1	JAHUZI010000085.1	15968	16216	1	1	28.916	False	False	False	neg	True	99	C00985
GCA_001600155.1_JCM_10049_assembly_v001	BCJA01000010.1	831032	831142	1	1	43.59	False	False	False	neg	True	149	C00986
GCA_019803015.1_ASM1980301v1	JACVTK010000489.1	2608	2718	1	1	46.154	False	False	False	neg	True	52	C00987
GCA_019190585.1_ASM1919058v1	JAHAQV010000028.1	194885	195022	1	2	45.652	False	False	False	neg	True	100	C00988
GCA_028828615.1_ASM2882861v1	JAQRHP010000012.1	363646	363834	1	1	43.284	False	False	False	neg	True	146	C00989
GCA_025502885.1_ASM2550288v1	JAMFQY010000032.1	144963	145082	1	1	35.0	False	False	False	neg	True	90	C00990
GCA_013036715.1_ASM1303671v1	JABBIJ010000030.1	25148	25252	1	1	44.444	False	False	False	neg	True	111	C00991
GCA_023078535.2_ASM2307853v2	JAKRWS020000203.1	144725	144844	1	1	29.268	False	False	False	neg	True	115	C00992
GCA_019190965.1_ASM1919096v1	JAHARJ010000031.1	3910	4053	1	1	37.5	False	False	False	neg	True	105	C00993
GCA_019923515.1_ASM1992351v1	JACAVT010000074.1	54105	54284	1	1	37.705	False	False	False	neg	True	242	C00994
GCA_019190505.1_ASM1919050v1	JAHAQT010000001.1	552459	552596	1	1	40.0	False	False	False	neg	True	100	C00995
GCA_019191065.1_ASM1919106v1	JAHARN010000005.1	402086	402283	1	1	36.709	False	False	False	neg	True	99	C00996
GCA_019190365.1_ASM1919036v1	JAHAQO010000062.1	65827	65937	1	1	46.154	False	False	False	neg	True	100	C00997
GCA_000222205.2_R.glutinis2	AEVR02000023.1	1185770	1185892	1	1	39.024	False	False	False	neg	True	162	C00998
GCA_025502725.1_ASM2550272v1	JAMFRB010000022.1	148047	148244	1	1	36.709	False	False	False	neg	True	102	C00999
GCA_025502725.1_ASM2550272v1	JAMFRB010000007.1	183281	183505	1	1	32.0	False	False	False	neg	True	102	C01000
GCA_037041355.1_ASM3704135v1	JAXQIK010000149.1	212850	213206	1	1	25.547	False	False	False	neg	True	104	C01001
GCA_937859235.1_SRR3017090_bin.1_CONCOCT_v1.1_MAG	CALMAM010000744.1	5183	5359	1	2	35.484	False	False	False	neg	True	128	C01002
GCA_036244875.1_Rhopal_B15_v1.0	BQKY01000008.1	243250	243366	1	1	45.0	False	False	False	neg	True	172	C01003
GCA_019190235.1_ASM1919023v1	JAHAQK010000004.1	311265	319880	1	2	45.455	False	False	False	neg	True	104	C01004
GCA_019802815.1_ASM1980281v1	JACVTE010000006.1	396520	396663	1	1	32.653	False	False	False	neg	True	113	C01005
GCA_033458335.1_ASM3345833v1	JAWJBI010000014.1	646172	646270	1	1	48.485	False	False	False	neg	True	152	C01006
GCA_001456015.1_ASM145601v1	LKER01000073.1	75212	89089	1	1	30.088	False	False	False	neg	True	185	C01007
GCA_965239605.3_Hybrid_Genome_assembly_Updated-_INGCA000000200-3	CBDEHS030000004.1	552250	552474	1	1	31.461	False	False	False	neg	True	90	C01008
GCA_015501985.1_ASM1550198v1	JAAGPT010000001.1	1397623	1397811	1	1	43.478	False	False	False	neg	True	410	C01009
GCA_038381065.1_ASM3838106v1	JAZHGP010000002.1	606811	606990	1	1	40.0	False	False	False	neg	True	151	C01010
GCA_013036515.1_ASM1303651v1	JABBIC010000016.1	311851	311967	1	1	34.783	False	False	False	neg	True	101	C01011
GCA_025502865.1_ASM2550286v1	JAMFQZ010000032.1	75944	76063	1	1	35.0	False	False	False	neg	True	101	C01012
GCA_029873615.1_ASM2987361v1	JAQJJA010000010.1	415791	415985	1	1	33.803	False	False	False	neg	True	156	C01013
GCA_013036525.1_ASM1303652v1	JABBID010000053.1	94919	95272	1	1	24.219	False	False	False	neg	True	117	C01014
GCA_005281665.1_ASM528166v1	SWEA01000001.1	741420	741593	1	1	31.034	False	False	False	neg	True	143	C01015
GCA_963855895.1_AIST536MM15v1	CAWLCL010000061.1	74624	74794	1	2	31.579	False	False	False	neg	True	152	C01016
GCA_025502865.1_ASM2550286v1	JAMFQZ010000033.1	178655	184553	1	1	43.75	False	False	False	neg	True	101	C01017
GCA_963855895.1_AIST536MM15v1	CAWLCL010000024.1	188700	188846	1	1	39.623	False	False	False	neg	True	152	C01018
GCA_019189415.1_ASM1918941v1	JAHAPG010000011.1	416773	416877	1	1	40.0	False	False	False	neg	True	101	C01019
GCA_001456015.1_ASM145601v1	LKER01000110.1	8121	8255	1	1	42.308	False	False	False	neg	True	185	C01020
GCA_050403125.1_Rt_dairenensis_JCM3774v1	BAABUX010000138.1	23878	24030	1	1	32.143	False	False	False	neg	True	86	C01021
GCA_002917965.1_ASM291796v1	PQDI01000010.1	451062	451292	1	1	29.87	False	False	False	neg	True	288	C01022
GCA_003234015.1_ASM323401v1	LK052939.1	1208159	1208254	1	1	50.0	False	False	False	neg	True	143	C01023
GCA_000988875.2_ASM98887v2	LCTV02000002.1	1601649	1601741	1	1	48.571	False	False	False	neg	True	153	C01024
GCA_019775605.1_ASM1977560v1	JACWFK010000192.1	14763	14885	1	1	45.652	False	False	False	neg	True	244	C01025
GCA_000988805.1_ASM98880v1	LCTU01000081.1	125825	125944	1	1	47.5	False	False	False	neg	True	132	C01026
GCA_056149925.1_EIMB_Rkra_OB1_1.0	CM148921.1	765857	766030	1	1	34.848	False	False	False	neg	True	346	C01027
GCA_057542475.1_Rhodotorula_sp._strain_HGY2	BAAJPC010000135.1	121669	121800	1	1	40.0	False	False	False	neg	True	154	C01028
GCA_019189675.1_ASM1918967v1	JAHAPQ010000016.1	248049	248312	1	1	32.584	False	False	False	neg	True	104	C01029
GCA_019189345.1_ASM1918934v1	JAHAPE010000011.1	6540	6740	1	1	34.409	False	False	False	neg	True	103	C01030
GCA_019189525.1_ASM1918952v1	JAHAPJ010000006.1	338571	338774	1	1	30.882	False	False	False	neg	True	99	C01031
GCA_009806315.1_ASM980631v1	QYSD01000034.1	18737	18841	1	1	55.556	False	False	False	neg	True	129	C01032
GCA_963855895.1_AIST536MM15v1	CAWLCL010000005.1	186651	187025	1	1	25.6	False	False	False	neg	True	152	C01033
GCA_037041355.1_ASM3704135v1	JAXQIK010000020.1	44325	44471	1	1	30.189	False	False	False	neg	True	104	C01034
GCA_013036595.1_ASM1303659v1	JABBIF010000072.1	13895	14008	1	1	34.211	False	False	False	neg	True	113	C01035
GCA_019190365.1_ASM1919036v1	JAHAQO010000021.1	32843	33070	1	1	33.333	False	False	False	neg	True	100	C01036
GCA_019189785.1_ASM1918978v1	JAHAPV010000002.1	353705	353842	1	1	40.0	False	False	False	neg	True	103	C01037
GCA_002917965.1_ASM291796v1	PQDI01000013.1	694701	694898	1	1	35.294	False	False	False	neg	True	288	C01038
GCA_013036445.1_ASM1303644v1	JABBIA010000011.1	98075	98209	1	1	40.0	False	False	False	neg	True	116	C01039
GCA_013036365.1_ASM1303636v1	JABBHZ010000014.1	224969	225091	1	2	30.435	False	False	False	neg	True	101	C01040
GCA_019189415.1_ASM1918941v1	JAHAPG010000011.1	167177	167350	1	1	34.483	False	False	False	neg	True	101	C01041
GCA_024713535.1_ASM2471353v1	JANIBP010000006.1	142480	142704	1	1	32.0	False	False	False	neg	True	132	C01042
GCA_013036445.1_ASM1303644v1	JABBIA010000079.1	77291	77491	1	1	26.866	False	False	False	neg	True	116	C01043
GCA_049500115.1_Rt_mucilaginosa_JCM8115v1	BAABVA010000024.1	928	1017	1	1	46.667	False	False	False	neg	True	107	C01044
GCA_019189595.1_ASM1918959v1	JAHAPM010000004.1	467522	478838	1	2	40.541	False	False	False	neg	True	101	C01045
GCA_041430435.1_ASM4143043v1	JBFMMI010000048.1	5459	5602	1	1	37.5	False	False	False	neg	True	102	C01046
GCA_051313295.1_ASM5131329v1	JBOZGK010000275.1	3277	3384	1	1	41.667	False	False	False	neg	True	225	C01047
GCA_019189795.1_ASM1918979v1	JAHAPU010000043.1	29624	29728	1	1	40.0	False	False	False	neg	True	102	C01048
GCA_019802805.1_ASM1980280v1	JACVTD010000018.1	167504	167701	1	1	33.333	False	False	False	neg	True	98	C01049
GCA_050916435.1_ASM5091643v1	JBPBFG010000011.1	196464	196598	1	1	36.17	False	False	False	neg	True	97	C01050
GCA_019190125.1_ASM1919012v1	JAHAQF010000032.1	173763	173918	1	4	38.0	False	False	False	neg	True	99	C01051
GCA_021654155.1_ASM2165415v1	JAKEZK010000080.1	36444	36569	1	1	40.476	False	False	False	neg	True	103	C01052
GCA_019802915.1_ASM1980291v1	JACVTH010000043.1	25148	25252	1	1	44.444	False	False	False	neg	True	114	C01053
GCA_010758995.1_ASM1075899v1	RSDY01000002.1	1120783	1120917	1	1	35.417	False	False	False	neg	True	62	C01054
GCA_001255795.1_IFO0880_HGAP3_v1	CWKI01000015.1	29766	30020	1	1	27.907	False	False	False	neg	True	136	C01055
GCA_019189985.1_ASM1918998v1	JAHAPZ010000025.1	274448	274654	1	1	29.885	False	False	False	neg	True	102	C01056
GCA_019190765.1_ASM1919076v1	JAHARC010000008.1	444059	444295	1	1	30.233	False	False	False	neg	True	102	C01057
GCA_019190365.1_ASM1919036v1	JAHAQO010000013.1	14595	14951	1	1	25.547	False	False	False	neg	True	100	C01058
GCA_019191075.1_ASM1919107v1	JAHARO010000052.1	9774	9974	1	1	26.866	False	False	False	neg	True	100	C01059
GCA_963855895.1_AIST536MM15v1	CAWLCL010000002.1	58236	58427	1	3	34.0	False	False	False	neg	True	152	C01060
GCA_013036615.1_ASM1303661v1	JABBIG010000006.1	405414	408907	1	2	33.333	False	False	False	neg	True	101	C01061
GCA_019189475.1_ASM1918947v1	JAHAPH010000008.1	183315	183413	1	1	47.059	False	False	False	neg	True	101	C01062
GCA_009806315.1_ASM980631v1	QYSD01000004.1	247009	247230	1	1	31.325	False	False	False	neg	True	129	C01063
GCA_019189395.1_ASM1918939v1	JAHAPF010000062.1	13885	13998	1	1	34.211	False	False	False	neg	True	103	C01064
GCA_051805565.1_RtJCM10295v2	AP041692.1	372010	372156	1	1	34.694	False	False	False	neg	True	131	C01065
GCA_023628235.1_ASM2362823v1	JAMALD010000012.1	367052	367147	1	1	37.5	False	False	False	neg	True	125	C01066
GCA_013036805.1_ASM1303680v1	JABBIM010000073.1	41418	41771	1	1	25.0	False	False	False	neg	True	100	C01067
GCA_034509285.1_ASM3450928v1	JAOEGQ010000002.1	351211	351321	1	1	45.946	False	False	False	neg	True	162	C01068
GCA_019671115.1_ASM1967111v1	JAHERV010000086.1	76758	76943	1	1	43.939	False	False	False	neg	True	156	C01069
GCA_001255795.1_IFO0880_HGAP3_v1	CWKI01000002.1	1947851	1957239	1	1	38.889	False	False	False	neg	True	136	C01070
GCA_013036955.1_ASM1303695v1	JABBIR010000050.1	118521	118676	1	4	38.0	False	False	False	neg	True	116	C01071
GCA_000988875.2_ASM98887v2	LCTV02000006.1	1452575	1452724	1	1	35.849	False	False	False	neg	True	153	C01072
GCA_019190885.1_ASM1919088v1	JAHARF010000048.1	83421	90674	1	1	36.842	False	False	False	neg	True	101	C01073
GCA_013030405.1_ASM1303040v1	JABENF010000011.1	91340	91474	1	1	42.222	False	False	False	neg	True	115	C01074
GCA_001541205.1_Rhosp1	KQ954518.1	4393	4743	1	1	35.833	False	False	False	neg	True	89	C01075
GCA_051805505.1_RkraJCM10450v2	AP041734.1	125868	126026	1	1	32.075	False	False	False	neg	True	324	C01076
GCA_013036365.1_ASM1303636v1	JABBHZ010000033.1	75921	76040	1	1	35.0	False	False	False	neg	True	101	C01077
GCA_019775595.1_ASM1977559v1	JACWFL010000021.1	120734	120886	1	1	35.714	False	False	False	neg	True	238	C01078
GCA_051308255.1_Rhoto_ATCC26217_1	PS018111.1	244465	256472	1	1	31.579	False	False	False	neg	True	134	C01079
GCA_023628195.1_ASM2362819v1	JAMALB010000015.1	36911	37270	1	1	28.346	False	False	False	neg	True	100	C01080
GCA_050403145.1_Rt_glutinis_JCM8208v1	BAABUY010000115.1	49608	49736	1	1	33.333	False	False	False	neg	True	306	C01081
GCA_019303655.1_ASM1930365v1	JAHUZI010000321.1	16808	17005	1	1	35.443	False	False	False	neg	True	99	C01082
GCA_025502755.1_ASM2550275v1	JAMFRA010000025.1	3910	4053	1	1	37.5	False	False	False	neg	True	98	C01083
GCA_013036895.1_ASM1303689v1	JABBIQ010000032.1	26869	32767	1	1	43.75	False	False	False	neg	True	101	C01084
GCA_037974285.1_ASM3797428v1	JBBPFV010000001.1	1946782	1946874	1	1	48.387	False	False	False	neg	True	74	C01085
GCA_963855895.1_AIST536MM15v1	CAWLCL010000004.1	42420	42590	1	1	35.821	False	False	False	neg	True	152	C01086
GCA_050403505.1_S_salmonicolor_JCM1841v1	BAABVR010000101.1	10522	10911	1	1	26.087	False	False	False	neg	True	160	C01087
GCA_023968905.1_ASM2396890v1	JAMRMT010000004.1	632962	633069	1	1	43.182	False	False	False	neg	True	176	C01088
GCA_019775605.1_ASM1977560v1	JACWFK010000048.1	8117	8275	1	1	25.926	False	False	False	neg	True	244	C01089
GCA_013036905.1_ASM1303690v1	JABBIP010000007.1	381388	381603	1	1	30.337	False	False	False	neg	True	115	C01090
GCA_024500305.1_UAEM_Rmus_1.0	JALGWT010000009.1	36326	36430	1	1	40.0	False	False	False	neg	True	95	C01091
GCA_041430455.1_ASM4143045v1	JBFMMH010000034.1	164036	164233	1	1	33.333	False	False	False	neg	True	102	C01092
GCA_001456015.1_ASM145601v1	LKER01000059.1	137418	137708	1	1	24.51	False	False	False	neg	True	185	C01093
GCA_019190805.1_ASM1919080v1	JAHARE010000010.1	467741	467851	1	1	46.154	False	False	False	neg	True	100	C01094
GCA_050403145.1_Rt_glutinis_JCM8208v1	BAABUY010000032.1	72709	73038	1	1	26.724	False	False	False	neg	True	306	C01095
GCA_028828645.1_ASM2882864v1	JAPZQE010000013.1	245099	245236	1	1	34.783	False	False	False	neg	True	184	C01096
GCA_965239605.3_Hybrid_Genome_assembly_Updated-_INGCA000000200-3	CBDEHS030000006.1	58267	58362	1	1	40.625	False	False	False	neg	True	90	C01097
GCA_019190035.1_ASM1919003v1	JAHAQD010000054.1	66927	67040	1	1	48.718	False	False	False	neg	True	113	C01098
GCA_049863195.1_ICGEB_R_pacifica_INDKK	JBLUWB010000005.1	1107785	1108012	1	2	33.333	False	False	False	neg	True	120	C01099
GCA_037974285.1_ASM3797428v1	JBBPFV010000001.1	2628210	2628383	1	1	32.787	False	False	False	neg	True	74	C01100
GCA_019303655.1_ASM1930365v1	JAHUZI010000019.1	101815	107713	1	1	50.0	False	False	False	neg	True	99	C01101
GCA_001600215.1_JCM_24501_assembly_v001	BCJE01000016.1	356618	356854	1	1	32.927	False	False	False	neg	True	143	C01102
GCA_051805575.1_RtJCM10049v2	AP041659.1	172070	173030	1	2	35.556	False	False	False	neg	True	151	C01103
GCA_019189905.1_ASM1918990v1	JAHAPY010000014.1	207468	207614	1	1	30.189	False	False	False	neg	True	103	C01104
GCA_012922765.1_ASM1292276v1	JABBMV010000058.1	65341	65475	1	1	35.556	False	False	False	neg	True	103	C01105
GCA_013036825.1_ASM1303682v1	JABBIN010000010.1	127188	127544	1	1	25.547	False	False	False	neg	True	113	C01106
GCA_001600115.1_JCM_10020_assembly_v001	BCIY01000016.1	241315	241422	1	1	44.444	False	False	False	neg	True	143	C01107
GCA_019189975.1_ASM1918997v1	JAHAQB010000063.1	9127	9234	1	1	42.105	False	False	False	neg	True	102	C01108
GCA_002917965.1_ASM291796v1	PQDI01000029.1	302647	302883	1	1	35.443	False	False	False	neg	True	288	C01109
GCA_002922495.1_ASM292249v1	PJQD01000017.1	110117	110206	1	1	40.0	False	False	False	neg	True	75	C01110
GCA_019189985.1_ASM1918998v1	JAHAPZ010000007.1	161696	161905	1	1	29.73	False	False	False	neg	True	102	C01111
GCA_019189885.1_ASM1918988v1	JAHAPW010000006.1	338479	338682	1	1	30.882	False	False	False	neg	True	105	C01112
GCA_051805595.1_RtJCM10020v2	AP041627.1	221774	221935	1	1	35.714	False	False	False	neg	True	147	C01113
GCA_013036365.1_ASM1303636v1	JABBHZ010000001.1	352701	352838	1	1	40.0	False	False	False	neg	True	101	C01114
GCF_050403205.1_Rt_paludigena_JCM10292v1	NW_027481439.1	316658	316855	1	1	30.303	False	False	False	neg	True	152	C01115
GCA_025502945.1_ASM2550294v1	JAMFQV010000023.1	13682	17175	1	2	33.333	False	False	False	neg	True	102	C01116
GCA_019189395.1_ASM1918939v1	JAHAPF010000042.1	28214	46228	1	1	28.916	False	False	False	neg	True	103	C01117
GCA_012922825.1_ASM1292282v1	JABBMX010000009.1	187456	187719	1	1	32.584	False	False	False	neg	True	102	C01118
GCA_000931965.1_ASM93196v1	JWTJ01000528.1	611	727	1	1	35.0	False	False	False	neg	True	92	C01119
GCA_025502925.1_ASM2550292v1	JAMFQW010000007.1	59299	59535	1	1	30.233	False	False	False	neg	True	96	C01120
GCA_001542265.1_ASM154226v1	LNKU01000004.1	1191652	1191897	1	1	27.174	False	False	False	neg	True	157	C01121
GCA_030983975.1_UCSB_Rmuci_1.0	JABVZP010000001.1	292096	292365	1	1	34.0	False	False	False	neg	True	124	C01122
GCA_013036835.1_ASM1303683v1	JABBIO010000017.1	172798	173007	1	1	29.73	False	False	False	neg	True	115	C01123
GCA_028828615.1_ASM2882861v1	JAQRHP010000017.1	408949	409101	1	1	33.333	False	False	False	neg	True	146	C01124
GCA_019802825.1_ASM1980282v1	JACVTF010000027.1	74011	74130	1	1	35.0	False	False	False	neg	True	115	C01125
GCA_013036475.1_ASM1303647v1	JABBIB010000020.1	274042	274200	1	1	37.037	False	False	False	neg	True	115	C01126
GCA_920104245.2_Hybrid_genome_assembly_and_annotation	CAKKSZ020000016.1	157842	157964	1	1	45.652	False	False	False	neg	True	355	C01127
GCA_051308255.1_Rhoto_ATCC26217_1	PS018115.1	308884	309258	1	1	25.6	False	False	False	neg	True	134	C01128
GCA_037041355.1_ASM3704135v1	JAXQIK010000153.1	72136	72243	1	1	42.105	False	False	False	neg	True	104	C01129
GCA_023628235.1_ASM2362823v1	JAMALD010000040.1	16213	33521	1	1	27.778	False	False	False	neg	True	125	C01130
GCA_001542265.1_ASM154226v1	LNKU01000003.1	386354	386512	1	1	33.333	False	False	False	neg	True	157	C01131
GCA_019190635.1_ASM1919063v1	JAHAQX010000034.1	237430	237573	1	1	37.5	False	False	False	neg	True	101	C01132
GCA_013036715.1_ASM1303671v1	JABBIJ010000045.1	67492	67602	1	1	46.154	False	False	False	neg	True	111	C01133
GCA_019190375.1_ASM1919037v1	JAHAQP010000005.1	194678	206003	1	2	38.889	False	False	False	neg	True	100	C01134
GCA_005387725.1_ASM538772v1	SJTE01000020.1	30302	30448	1	1	34.694	False	False	False	neg	True	109	C01135
GCA_013036755.1_ASM1303675v1	JABBIL010000007.1	183274	183498	1	1	32.0	False	False	False	neg	True	114	C01136
GCA_028828615.1_ASM2882861v1	JAQRHP010000039.1	67079	67273	1	1	32.877	False	False	False	neg	True	146	C01137
GCA_050403145.1_Rt_glutinis_JCM8208v1	BAABUY010000041.1	113288	113494	1	1	26.087	False	False	False	neg	True	306	C01138
GCA_019671115.1_ASM1967111v1	JAHERV010000016.1	242741	242926	1	1	37.097	False	False	False	neg	True	156	C01139
GCA_030983975.1_UCSB_Rmuci_1.0	JABVZP010000021.1	49535	49630	1	1	34.375	False	False	False	neg	True	124	C01140
GCA_013036665.1_ASM1303666v1	JABBII010000009.1	98231	98389	1	1	36.066	False	False	False	neg	True	114	C01141
GCA_019926025.1_ASM1992602v1	JAHSUG010000003.1	1110374	1110520	1	1	47.059	False	False	False	neg	True	305	C01142
GCA_007990605.1_Rt10032-v1	BJWK01000003.1	683871	684050	1	1	33.333	False	False	False	neg	True	120	C01143
GCA_050403105.1_Rt_babjevae_JCM9279v1	BAABUW010000003.1	149068	149313	1	1	35.366	False	False	False	neg	True	289	C01144
GCA_019190795.1_ASM1919079v1	JAHARD010000045.1	83421	90674	1	1	36.842	False	False	False	neg	True	99	C01145
GCA_019189885.1_ASM1918988v1	JAHAPW010000016.1	244053	244304	1	1	27.381	False	False	False	neg	True	105	C01146
GCA_023078535.2_ASM2307853v2	JAKRWS020000478.1	393079	393237	1	1	30.189	False	False	False	neg	True	115	C01147
GCA_022817825.1_ASM2281782v1	JAFEUJ010000022.1	44660	44842	1	1	40.0	False	False	False	neg	True	318	C01148
GCA_000988875.2_ASM98887v2	LCTV02000003.1	859696	859980	1	1	26.0	False	False	False	neg	True	153	C01149
GCA_019190135.1_ASM1919013v1	JAHAQG010000028.1	191586	191744	1	1	36.066	False	False	False	neg	True	105	C01150
GCA_036244875.1_Rhopal_B15_v1.0	BQKY01000015.1	176333	176548	1	1	36.364	False	False	False	neg	True	172	C01151
GCA_019190895.1_ASM1919089v1	JAHARG010000044.1	124618	124791	1	2	30.263	False	False	False	neg	True	103	C01152
GCA_019189675.1_ASM1918967v1	JAHAPQ010000017.1	377589	377825	1	1	30.233	False	False	False	neg	True	104	C01153
GCA_000988875.2_ASM98887v2	LCTV02000009.1	1060868	1061312	1	2	37.5	False	False	False	neg	True	153	C01154
GCA_013036355.1_ASM1303635v1	JABBHX010000012.1	340147	340281	1	1	40.0	False	False	False	neg	True	114	C01155
GCA_013036735.1_ASM1303673v1	JABBIK010000010.1	386293	386382	1	1	43.333	False	False	False	neg	True	114	C01156
GCA_019190145.1_ASM1919014v1	JAHAQE010000032.1	225655	225774	1	1	30.0	False	False	False	neg	True	100	C01157
GCA_025502945.1_ASM2550294v1	JAMFQV010000053.1	77905	85158	1	1	36.842	False	False	False	neg	True	102	C01158
GCA_921037615.3_Hybrid_genome_assembly_and_annotation_02	CAKLCE030000003.1	731250	732210	1	2	35.556	False	False	False	neg	True	154	C01159
GCA_012922835.1_ASM1292283v1	JABBYN010000006.1	183274	183498	1	1	32.0	False	False	False	neg	True	114	C01160
GCA_019190265.1_ASM1919026v1	JAHAQL010000047.1	85801	85986	1	1	33.846	False	False	False	neg	True	100	C01161
GCA_019671035.1_ASM1967103v1	JAHALV010000018.1	432612	432875	1	1	28.409	False	False	False	neg	True	102	C01162
GCA_013036825.1_ASM1303682v1	JABBIN010000007.1	316190	316414	1	1	32.0	False	False	False	neg	True	113	C01163
GCA_019189525.1_ASM1918952v1	JAHAPJ010000013.1	248048	248311	1	1	32.584	False	False	False	neg	True	99	C01164
GCF_050403185.1_Rt_pacifica_JCM10908v1	NW_027481552.1	439003	439227	1	1	35.0	False	False	False	neg	True	95	C01165
GCA_005387725.1_ASM538772v1	SJTE01000022.1	27095	27289	1	1	31.343	False	False	False	neg	True	109	C01166
GCA_019190705.1_ASM1919070v1	JAHAQZ010000008.1	372718	373074	1	1	25.547	False	False	False	neg	True	100	C01167
GCA_025502755.1_ASM2550275v1	JAMFRA010000027.1	178656	184554	1	1	43.75	False	False	False	neg	True	98	C01168
GCF_001329695.1_Rhoba1_1	NW_017264929.1	991280	991465	1	2	33.929	False	False	False	neg	True	313	C01169
GCA_050403245.1_Rt_toruloides_NBRC10512v1	BAABVE010000015.1	97683	97823	1	1	40.426	False	False	False	neg	True	120	C01170
GCA_024748845.1_ASM2474884v1	JANBVD010000003.1	173535	173645	1	1	45.946	False	False	False	neg	True	104	C01171
GCA_019923515.1_ASM1992351v1	JACAVT010000149.1	112890	119583	1	1	28.395	False	False	False	neg	True	242	C01172
GCA_058775505.1_UCR_RmucDH4148_1.0	CM179491.1	1134871	1134966	1	1	42.424	False	False	False	neg	True	111	C01173
GCA_024734855.1_ASM2473485v1	JANQAS010000127.1	143438	158857	1	1	30.0	False	False	False	neg	True	116	C01174
GCA_016584205.1_ASM1658420v1	PUHQ01000068.1	28434	28553	1	1	35.0	False	False	False	neg	True	93	C01175
GCA_002250355.1_RIT389_v1	NIUW01000012.1	109587	109799	1	1	30.986	False	False	False	neg	True	95	C01176
GCA_051805545.1_RtJCM10296v2	AP041712.1	200243	200341	1	1	42.424	False	False	False	neg	True	153	C01177
GCA_001542305.1_ASM154230v1	LNQQ01000002.1	492708	492914	1	1	28.947	False	False	False	neg	True	152	C01178
GCA_004143675.1_ASM414367v1	RZHN01000008.1	145510	145653	1	1	37.5	False	False	False	neg	True	94	C01179
GCA_012922825.1_ASM1292282v1	JABBMX010000056.1	65341	65475	1	1	35.556	False	False	False	neg	True	102	C01180
GCA_013036475.1_ASM1303647v1	JABBIB010000014.1	29196	44893	1	1	30.0	False	False	False	neg	True	115	C01181
GCA_013036445.1_ASM1303644v1	JABBIA010000062.1	75206	75412	1	1	29.885	False	False	False	neg	True	116	C01182
GCA_025502725.1_ASM2550272v1	JAMFRB010000001.1	249266	249403	1	1	40.0	False	False	False	neg	True	102	C01183
GCA_013036825.1_ASM1303682v1	JABBIN010000022.1	132624	132737	1	1	44.737	False	False	False	neg	True	113	C01184
GCA_019189525.1_ASM1918952v1	JAHAPJ010000017.1	72942	73085	1	1	32.653	False	False	False	neg	True	99	C01185
GCA_057544825.1_Rhodotorula_sp._strain_HGY1	BAAJPB010000360.1	20261	20548	1	1	29.592	False	False	False	neg	True	171	C01186
GCA_019190235.1_ASM1919023v1	JAHAQK010000012.1	259854	263329	1	2	36.232	False	False	False	neg	True	104	C01187
GCA_033458335.1_ASM3345833v1	JAWJBI010000001.1	124179	124271	1	1	38.71	False	False	False	neg	True	152	C01188
GCA_023628195.1_ASM2362819v1	JAMALB010000059.1	102605	105880	1	2	37.681	False	False	False	neg	True	100	C01189
GCF_000320785.1_RHOziaDV1.0	NW_015622977.1	364270	364464	1	1	37.681	False	False	False	neg	True	122	C01190
GCA_019190605.1_ASM1919060v1	JAHAQW010000035.1	214770	214862	1	1	51.613	False	False	False	neg	True	101	C01191
GCA_019190265.1_ASM1919026v1	JAHAQL010000002.1	124888	124989	1	1	44.118	False	False	False	neg	True	100	C01192
GCA_019190345.1_ASM1919034v1	JAHAQM010000006.1	245402	254017	1	2	45.455	False	False	False	neg	True	101	C01193
GCA_010758995.1_ASM1075899v1	RSDY01000009.1	599371	599628	1	1	31.915	False	False	False	neg	True	62	C01194
GCA_019189795.1_ASM1918979v1	JAHAPU010000003.1	306720	318036	1	2	40.541	False	False	False	neg	True	102	C01195
GCA_016584205.1_ASM1658420v1	PUHQ01000079.1	59122	59283	1	1	32.143	False	False	False	neg	True	93	C01196
GCA_034406715.1_ASM3440671v1	CP137881.1	223805	223942	1	2	45.652	False	False	False	neg	True	117	C01197
GCA_920104245.2_Hybrid_genome_assembly_and_annotation	CAKKSZ020000004.1	562595	562741	1	1	46.939	False	False	False	neg	True	355	C01198
GCA_051805495.1_RsphJCM8202v2	AP041752.1	356259	356606	1	1	26.891	False	False	False	neg	True	134	C01199
GCA_019926025.1_ASM1992602v1	JAHSUG010000012.1	644263	644367	1	1	48.571	False	False	False	neg	True	305	C01200
GCA_012922835.1_ASM1292283v1	JABBYN010000092.1	16148	16333	1	1	36.765	False	False	False	neg	True	114	C01201
GCA_029694785.1_ASM2969478v1	JAOWAH010000012.1	280322	280498	1	1	38.983	False	False	False	neg	True	148	C01202
GCA_025502865.1_ASM2550286v1	JAMFQZ010000006.1	469075	469251	1	1	32.203	False	False	False	neg	True	101	C01203
GCA_920103735.2_Hybrid_genome_assembly_and_annotation_-DBVPG_8058	CAKKSY020000034.1	817837	823146	1	1	47.222	False	False	False	neg	True	335	C01204
GCA_007990605.1_Rt10032-v1	BJWK01000003.1	264303	264584	1	1	29.787	False	False	False	neg	True	120	C01205
GCA_019190035.1_ASM1919003v1	JAHAQD010000032.1	150906	151001	1	1	50.0	False	False	False	neg	True	113	C01206
GCA_001542265.1_ASM154226v1	LNKU01000012.1	237711	237833	1	1	41.463	False	False	False	neg	True	157	C01207
GCA_019190905.1_ASM1919090v1	JAHARH010000027.1	236398	236589	1	1	39.062	False	False	False	neg	True	101	C01208
GCA_002917965.1_ASM291796v1	PQDI01000020.1	267074	267229	1	1	33.846	False	False	False	neg	True	288	C01209
GCA_019190705.1_ASM1919070v1	JAHAQZ010000021.1	322669	322854	1	1	34.921	False	False	False	neg	True	100	C01210
GCA_937859235.1_SRR3017090_bin.1_CONCOCT_v1.1_MAG	CALMAM010001060.1	6246	6443	1	1	35.821	False	False	False	neg	True	128	C01211
GCA_013030415.1_ASM1303041v1	JABENH010000006.1	300975	301139	1	1	38.596	False	False	False	neg	True	114	C01212
GCA_012922765.1_ASM1292276v1	JABBMV010000079.1	4468	4563	1	1	42.424	False	False	False	neg	True	103	C01213
GCA_019190345.1_ASM1919034v1	JAHAQM010000009.1	258557	258748	1	1	32.812	False	False	False	neg	True	101	C01214
GCA_010758995.1_ASM1075899v1	RSDY01000001.1	2200638	2200796	1	1	35.849	False	False	False	neg	True	62	C01215
GCA_036244875.1_Rhopal_B15_v1.0	BQKY01000016.1	824347	824466	1	1	40.0	False	False	False	neg	True	172	C01216
GCA_030867695.1_ASM3086769v1	JARDXF010000022.1	18243	18503	1	1	23.585	False	False	False	neg	True	183	C01217
GCA_921037615.3_Hybrid_genome_assembly_and_annotation_02	CAKLCE030000024.1	403501	403665	1	1	34.545	False	False	False	neg	True	154	C01218
GCA_019190635.1_ASM1919063v1	JAHAQX010000057.1	90839	91051	1	1	30.986	False	False	False	neg	True	101	C01219
GCA_003055205.1_ASM305520v1	PEFX01000009.1	309923	321239	1	2	40.541	False	False	False	neg	True	103	C01220
GCA_028828615.1_ASM2882861v1	JAQRHP010000075.1	11980	12156	1	1	32.203	False	False	False	neg	True	146	C01221
GCA_025502865.1_ASM2550286v1	JAMFQZ010000022.1	72858	73001	1	1	32.653	False	False	False	neg	True	101	C01222
GCA_013036905.1_ASM1303690v1	JABBIP010000002.1	136136	136345	1	1	29.73	False	False	False	neg	True	115	C01223
GCA_025502945.1_ASM2550294v1	JAMFQV010000031.1	25148	25252	1	1	44.444	False	False	False	neg	True	102	C01224
GCA_003234015.1_ASM323401v1	LK052946.1	279059	279235	1	1	38.983	False	False	False	neg	True	143	C01225
GCA_019189525.1_ASM1918952v1	JAHAPJ010000028.1	103328	121342	1	1	28.916	False	False	False	neg	True	99	C01226
GCA_019190585.1_ASM1919058v1	JAHAQV010000003.1	500976	501134	1	1	37.037	False	False	False	neg	True	100	C01227
GCA_019189885.1_ASM1918988v1	JAHAPW010000008.1	136593	136802	1	1	29.73	False	False	False	neg	True	105	C01228
GCA_025502945.1_ASM2550294v1	JAMFQV010000014.1	227825	227986	1	1	31.481	False	False	False	neg	True	102	C01229
GCA_024748845.1_ASM2474884v1	JANBVD010000016.1	123282	123407	1	1	40.476	False	False	False	neg	True	104	C01230
GCA_010758995.1_ASM1075899v1	RSDY01000002.1	2150336	2150455	1	1	32.5	False	False	False	neg	True	62	C01231
GCA_019802815.1_ASM1980281v1	JACVTE010000048.1	63796	72409	1	2	45.455	False	False	False	neg	True	113	C01232
GCA_019189665.1_ASM1918966v1	JAHAPO010000047.1	58873	66126	1	1	36.842	False	False	False	neg	True	105	C01233
GCA_007990605.1_Rt10032-v1	BJWK01000007.1	143121	143471	1	1	30.534	False	False	False	neg	True	120	C01234
GCA_937859235.1_SRR3017090_bin.1_CONCOCT_v1.1_MAG	CALMAM010001823.1	4445	4660	1	1	34.568	False	False	False	neg	True	128	C01235
GCA_001600115.1_JCM_10020_assembly_v001	BCIY01000006.1	169959	170117	1	1	30.189	False	False	False	neg	True	143	C01236
GCA_019189885.1_ASM1918988v1	JAHAPW010000014.1	417946	418050	1	1	40.0	False	False	False	neg	True	105	C01237
GCA_000988805.1_ASM98880v1	LCTU01000113.1	39283	39483	1	1	26.316	False	False	False	neg	True	132	C01238
GCA_036244875.1_Rhopal_B15_v1.0	BQKY01000011.1	937027	937164	1	1	34.783	False	False	False	neg	True	172	C01239
GCA_050403125.1_Rt_dairenensis_JCM3774v1	BAABUX010000111.1	48477	48620	1	1	35.417	False	False	False	neg	True	86	C01240
GCF_000320785.1_RHOziaDV1.0	NW_015622996.1	117767	117937	1	2	31.579	False	False	False	neg	True	122	C01241
GCA_005281665.1_ASM528166v1	SWEA01000001.1	909635	909757	1	1	43.902	False	False	False	neg	True	143	C01242
GCA_019190965.1_ASM1919096v1	JAHARJ010000054.1	112025	112225	1	1	26.866	False	False	False	neg	True	105	C01243
GCA_010758995.1_ASM1075899v1	RSDY01000014.1	86381	86470	1	1	40.0	False	False	False	neg	True	62	C01244
GCA_937898295.1_SRR6853349_bin.25_CONCOCT_v1.1_MAG	CALEJI010000367.1	8284	23979	1	1	30.0	False	False	False	neg	True	92	C01245
GCA_001542305.1_ASM154230v1	LNQQ01000006.1	801351	801443	1	1	45.161	False	False	False	neg	True	152	C01246
GCA_013036615.1_ASM1303661v1	JABBIG010000016.1	322685	322870	1	1	34.921	False	False	False	neg	True	101	C01247
GCA_016808315.1_ASM1680831v1	JABGON010000067.1	32477	32710	1	1	35.802	False	False	False	neg	True	215	C01248
GCA_921037615.3_Hybrid_genome_assembly_and_annotation_02	CAKLCE030000014.1	58465	58659	1	1	34.783	False	False	False	neg	True	154	C01249
GCA_030867695.1_ASM3086769v1	JARDXF010000077.1	30619	30819	1	4	37.778	False	False	False	neg	True	183	C01250
GCA_019191155.1_ASM1919115v1	JAHARP010000003.1	28083	28268	1	1	34.328	False	False	False	neg	True	99	C01251
GCA_013036385.1_ASM1303638v1	JABBHY010000059.1	59479	66732	1	1	36.842	False	False	False	neg	True	114	C01252
GCA_012922695.1_ASM1292269v1	JABBMU010000023.1	21021	21176	1	4	38.0	False	False	False	neg	True	104	C01253
GCA_019775605.1_ASM1977560v1	JACWFK010000055.1	4128	4331	1	1	32.051	False	False	False	neg	True	244	C01254
GCA_013036445.1_ASM1303644v1	JABBIA010000016.1	141502	152827	1	2	38.889	False	False	False	neg	True	116	C01255
GCA_050403165.1_Rt_graminis_JCM3775v1	BAABUZ010000064.1	68862	69026	1	1	37.931	False	False	False	neg	True	279	C01256
GCA_018687845.1_ASM1868784v1	JAGYYI010000050.1	59886	60032	1	1	30.189	False	False	False	neg	True	104	C01257
GCA_013036365.1_ASM1303636v1	JABBHZ010000024.1	194885	195022	1	2	45.652	False	False	False	neg	True	101	C01258
GCA_051805595.1_RtJCM10020v2	AP041621.1	1424	1597	1	1	32.759	False	False	False	neg	True	147	C01259
GCA_006352295.1_UMAN_Rdio_1.0	SOZI01000224.1	14389	14481	1	1	45.161	False	False	False	neg	True	224	C01260
GCA_019671115.1_ASM1967111v1	JAHERV010000017.1	75294	75458	1	1	27.273	False	False	False	neg	True	156	C01261
GCA_019190705.1_ASM1919070v1	JAHAQZ010000003.1	181068	181214	1	1	30.189	False	False	False	neg	True	100	C01262
GCA_025502745.1_ASM2550274v1	JAMFRC010000018.1	247161	247298	1	2	45.652	False	False	False	neg	True	100	C01263
GCA_019189795.1_ASM1918979v1	JAHAPU010000033.1	63158	63253	1	1	42.424	False	False	False	neg	True	102	C01264
GCA_025502865.1_ASM2550286v1	JAMFQZ010000068.1	17003	17176	1	2	30.263	False	False	False	neg	True	101	C01265
GCA_019189395.1_ASM1918939v1	JAHAPF010000021.1	246456	246599	1	1	32.653	False	False	False	neg	True	103	C01266
GCA_051313295.1_ASM5131329v1	JBOZGK010000186.1	31211	31345	1	1	42.857	False	False	False	neg	True	225	C01267
GCA_019802925.1_ASM1980292v1	JACVTI010000068.1	17567	17665	1	1	42.424	False	False	False	neg	True	114	C01268
GCA_019189995.1_ASM1918999v1	JAHAQA010000018.1	144974	145111	1	2	45.652	False	False	False	neg	True	100	C01269
GCA_006352295.1_UMAN_Rdio_1.0	SOZI01000118.1	15617	15832	1	2	30.556	False	False	False	neg	True	224	C01270
GCA_013036805.1_ASM1303680v1	JABBIM010000023.1	93289	93387	1	1	47.059	False	False	False	neg	True	100	C01271
GCA_041430455.1_ASM4143045v1	JBFMMH010000006.1	15910	16095	1	1	34.328	False	False	False	neg	True	102	C01272
GCF_050403205.1_Rt_paludigena_JCM10292v1	NW_027481421.1	72331	72420	1	1	43.333	False	False	False	neg	True	152	C01273
GCA_001542305.1_ASM154230v1	LNQQ01000012.1	109532	109786	1	1	31.111	False	False	False	neg	True	152	C01274
GCA_001373355.1_SPOSA68321A01	CENE01000014.1	309996	310193	1	1	30.435	False	False	False	neg	True	166	C01275
GCA_000931965.1_ASM93196v1	JWTJ01000084.1	1040	1174	1	1	42.222	False	False	False	neg	True	92	C01276
GCA_937859235.1_SRR3017090_bin.1_CONCOCT_v1.1_MAG	CALMAM010001462.1	564	740	1	1	27.119	False	False	False	neg	True	128	C01277
GCA_963379285.1_SMGC_7569_bin.1_MetaWRAP_v1.2.1_MAG	CAUJNL010000033.1	36582	36830	1	1	27.907	False	False	False	neg	True	66	C01278
GCA_051805545.1_RtJCM10296v2	AP041704.1	672065	672307	1	1	29.762	False	False	False	neg	True	153	C01279
GCA_032719295.1_ASM3271929v1	JAVIXT010000066.1	65977	66102	1	1	40.476	False	False	False	neg	True	102	C01280
GCA_019190035.1_ASM1919003v1	JAHAQD010000007.1	29216	52284	1	3	45.652	False	False	False	neg	True	113	C01281
GCA_019775605.1_ASM1977560v1	JACWFK010000148.1	6803	6979	1	2	39.286	False	False	False	neg	True	244	C01282
GCA_019190795.1_ASM1919079v1	JAHARD010000047.1	6449	6634	1	1	34.921	False	False	False	neg	True	99	C01283
GCA_019189995.1_ASM1918999v1	JAHAQA010000002.1	305788	317104	1	2	40.541	False	False	False	neg	True	100	C01284
GCA_019190885.1_ASM1919088v1	JAHARF010000009.1	405414	408907	1	2	33.333	False	False	False	neg	True	101	C01285
GCA_001914285.1_FNED7-bin-22	MSDX01001635.1	2931	3170	1	1	30.488	False	False	False	neg	True	44	C01286
GCA_002250355.1_RIT389_v1	NIUW01000031.1	105682	105822	1	1	31.915	False	False	False	neg	True	95	C01287
GCA_019190015.1_ASM1919001v1	JAHAQC010000001.1	1240373	1240534	1	1	37.037	False	False	False	neg	True	101	C01288
GCA_034406715.1_ASM3440671v1	CP137866.1	666292	666435	1	1	35.417	False	False	False	neg	True	117	C01289
GCA_019802805.1_ASM1980280v1	JACVTD010000004.1	3889	4116	1	1	33.333	False	False	False	neg	True	98	C01290
GCA_009806315.1_ASM980631v1	QYSD01000093.1	25802	25909	1	1	33.333	False	False	False	neg	True	129	C01291
GCA_019189345.1_ASM1918934v1	JAHAPE010000033.1	64370	64465	1	1	42.424	False	False	False	neg	True	103	C01292
GCA_013036835.1_ASM1303683v1	JABBIO010000004.1	351385	351483	1	1	47.059	False	False	False	neg	True	115	C01293
GCA_921037615.3_Hybrid_genome_assembly_and_annotation_02	CAKLCE030000016.1	375431	375619	1	1	34.921	False	False	False	neg	True	154	C01294
GCA_036320835.1_ASM3632083v1	JAZBNE010000070.1	173925	174182	1	1	30.233	False	False	False	neg	True	90	C01295
GCA_920104245.2_Hybrid_genome_assembly_and_annotation	CAKKSZ020000027.1	1025646	1025780	1	1	35.556	False	False	False	neg	True	355	C01296
GCA_963379285.1_SMGC_7569_bin.1_MetaWRAP_v1.2.1_MAG	CAUJNL010000506.1	1610	6225	1	1	38.462	False	False	False	neg	True	66	C01297
GCA_050403265.1_Rt_toruloides_NBRC10513v1	BAABVF010000006.1	164665	164886	1	1	40.244	False	False	False	neg	True	137	C01298
GCA_019802905.1_ASM1980290v1	JACVTG010000052.1	44381	44503	1	2	30.435	False	False	False	neg	True	99	C01299
GCA_050403085.1_Rt_araucariae_JCM3770v1	BAABUV010000148.1	10361	10720	1	1	29.104	False	False	False	neg	True	196	C01300
GCA_019190495.1_ASM1919049v1	JAHAQU010000015.1	201233	201337	1	1	44.444	False	False	False	neg	True	103	C01301
GCA_019189475.1_ASM1918947v1	JAHAPH010000014.1	215710	215883	1	1	34.483	False	False	False	neg	True	101	C01302
GCA_013036595.1_ASM1303659v1	JABBIF010000055.1	62455	69708	1	1	36.842	False	False	False	neg	True	113	C01303
GCA_025502745.1_ASM2550274v1	JAMFRC010000001.1	92843	108508	1	1	31.667	False	False	False	neg	True	100	C01304
GCA_013036805.1_ASM1303680v1	JABBIM010000047.1	83421	90674	1	1	36.842	False	False	False	neg	True	100	C01305
GCA_019189975.1_ASM1918997v1	JAHAQB010000023.1	10928	11044	1	1	34.783	False	False	False	neg	True	102	C01306
GCA_013036715.1_ASM1303671v1	JABBIJ010000092.1	15430	15576	1	1	30.189	False	False	False	neg	True	111	C01307
GCA_019059545.1_ASM1905954v1	JAGYWK010000033.1	156465	156710	1	1	30.12	False	False	False	neg	True	106	C01308
GCA_019190525.1_ASM1919052v1	JAHAQS010000001.1	104093	104233	1	1	42.0	False	False	False	neg	True	100	C01309
GCA_003234015.1_ASM323401v1	LK052947.1	221362	221523	1	1	35.714	False	False	False	neg	True	143	C01310
GCA_019189675.1_ASM1918967v1	JAHAPQ010000005.1	426505	426714	1	1	29.73	False	False	False	neg	True	104	C01311
GCA_005059875.1_ASM505987v1	MXAQ01000079.1	18306	18479	1	2	30.263	False	False	False	neg	True	93	C01312
GCA_056149925.1_EIMB_Rkra_OB1_1.0	CM148910.1	327221	327322	1	1	38.235	False	False	False	neg	True	346	C01313
GCA_019775595.1_ASM1977559v1	JACWFL010000083.1	5001	5510	1	1	27.368	False	False	False	neg	True	238	C01314
GCA_005059875.1_ASM505987v1	MXAQ01000045.1	115036	115140	1	1	40.0	False	False	False	neg	True	93	C01315
GCA_041430455.1_ASM4143045v1	JBFMMH010000086.1	90839	91051	1	1	30.986	False	False	False	neg	True	102	C01316
GCA_028828645.1_ASM2882864v1	JAPZQE010000024.1	228337	233219	1	1	35.484	False	False	False	neg	True	184	C01317
GCA_041430375.1_ASM4143037v1	JBFMMJ010000061.1	139070	139429	1	1	28.346	False	False	False	neg	True	103	C01318
GCA_019190265.1_ASM1919026v1	JAHAQL010000020.1	243793	244020	1	1	33.333	False	False	False	neg	True	100	C01319
GCA_013036955.1_ASM1303695v1	JABBIR010000024.1	21361	21552	1	1	39.062	False	False	False	neg	True	116	C01320
GCA_019190795.1_ASM1919079v1	JAHARD010000028.1	34836	35216	1	1	28.148	False	False	False	neg	True	99	C01321
GCA_019189975.1_ASM1918997v1	JAHAQB010000013.1	250298	250561	1	1	32.584	False	False	False	neg	True	102	C01322
GCA_001542305.1_ASM154230v1	LNQQ01000001.1	826816	826962	1	1	30.612	False	False	False	neg	True	152	C01323
GCA_019190135.1_ASM1919013v1	JAHAQG010000091.1	10807	10914	1	1	41.463	False	False	False	neg	True	105	C01324
GCA_013036615.1_ASM1303661v1	JABBIG010000002.1	402088	402285	1	1	36.709	False	False	False	neg	True	101	C01325
GCA_019189995.1_ASM1918999v1	JAHAQA010000034.1	237430	237573	1	1	37.5	False	False	False	neg	True	100	C01326
GCA_029694785.1_ASM2969478v1	JAOWAH010000008.1	678808	678933	1	1	38.636	False	False	False	neg	True	148	C01327
GCA_019189915.1_ASM1918991v1	JAHAPX010000036.1	214770	214862	1	1	51.613	False	False	False	neg	True	100	C01328
GCA_019059545.1_ASM1905954v1	JAGYWK010000042.1	132563	132742	1	1	35.484	False	False	False	neg	True	106	C01329
GCA_019190245.1_ASM1919024v1	JAHAQJ010000033.1	148248	148385	1	2	45.652	False	False	False	neg	True	100	C01330
GCA_006352295.1_UMAN_Rdio_1.0	SOZI01000017.1	160261	160377	1	1	35.897	False	False	False	neg	True	224	C01331
GCA_025502745.1_ASM2550274v1	JAMFRC010000011.1	24786	24896	1	1	45.946	False	False	False	neg	True	100	C01332
GCA_035220585.1_ASM3522058v1	JAWPQQ010000022.1	359619	359864	1	1	27.174	False	False	False	neg	True	145	C01333
GCA_937898295.1_SRR6853349_bin.25_CONCOCT_v1.1_MAG	CALEJI010000033.1	60703	60954	1	1	27.381	False	False	False	neg	True	92	C01334
GCA_032719295.1_ASM3271929v1	JAVIXT010000078.1	63626	63730	1	1	40.0	False	False	False	neg	True	102	C01335
GCA_005281665.1_ASM528166v1	SWEA01000025.1	23488	23622	1	1	34.0	False	False	False	neg	True	143	C01336
GCA_019059545.1_ASM1905954v1	JAGYWK010000003.1	191635	191793	1	1	36.066	False	False	False	neg	True	106	C01337
GCA_013036895.1_ASM1303689v1	JABBIQ010000077.1	65976	66089	1	1	34.211	False	False	False	neg	True	101	C01338
GCA_001255795.1_IFO0880_HGAP3_v1	CWKI01000007.1	906466	906555	1	1	48.387	False	False	False	neg	True	136	C01339
GCA_018687845.1_ASM1868784v1	JAGYYI010000062.1	35579	35722	1	1	35.417	False	False	False	neg	True	104	C01340
GCA_019190895.1_ASM1919089v1	JAHARG010000030.1	69680	69817	1	2	45.652	False	False	False	neg	True	103	C01341
GCA_002917965.1_ASM291796v1	PQDI01000028.1	35514	35663	1	2	36.0	False	False	False	neg	True	288	C01342
GCA_963855895.1_AIST536MM15v1	CAWLCL010000021.1	161985	162365	1	1	31.579	False	False	False	neg	True	152	C01343
GCF_000320785.1_RHOziaDV1.0	NW_015622971.1	232570	232719	1	1	32.0	False	False	False	neg	True	122	C01344
GCA_002917965.1_ASM291796v1	PQDI01000056.1	107140	107403	1	1	32.99	False	False	False	neg	True	288	C01345
GCA_051805545.1_RtJCM10296v2	AP041707.1	665736	665915	1	1	33.846	False	False	False	neg	True	153	C01346
GCA_002922495.1_ASM292249v1	PJQD01000009.1	66925	67026	1	1	42.857	False	False	False	neg	True	75	C01347
GCF_050403205.1_Rt_paludigena_JCM10292v1	NW_027481367.1	40225	46265	1	1	48.387	False	False	False	neg	True	152	C01348
GCA_038381065.1_ASM3838106v1	JAZHGP010000002.1	746578	761311	1	2	45.946	False	False	False	neg	True	151	C01349
GCA_000931965.1_ASM93196v1	JWTJ01000366.1	45720	45818	1	1	42.424	False	False	False	neg	True	92	C01350
GCA_019189785.1_ASM1918978v1	JAHAPV010000068.1	64729	64833	1	1	40.0	False	False	False	neg	True	103	C01351
GCA_056149925.1_EIMB_Rkra_OB1_1.0	CM148913.1	460219	479004	1	1	30.303	False	False	False	neg	True	346	C01352
GCA_019190505.1_ASM1919050v1	JAHAQT010000006.1	108535	108711	1	1	32.203	False	False	False	neg	True	100	C01353
GCA_019926025.1_ASM1992602v1	JAHSUG010000025.1	37343	37459	1	1	46.154	False	False	False	neg	True	305	C01354
GCA_019802905.1_ASM1980290v1	JACVTG010000073.1	41248	41601	1	1	25.0	False	False	False	neg	True	99	C01355
GCA_013036305.1_ASM1303630v1	JABBHW010000059.1	34534	34659	1	1	42.857	False	False	False	neg	True	112	C01356
GCA_937898295.1_SRR6853349_bin.25_CONCOCT_v1.1_MAG	CALEJI010000558.1	275947	276102	1	4	38.0	False	False	False	neg	True	92	C01357
GCA_023078535.2_ASM2307853v2	JAKRWS020000086.1	182862	183068	1	1	28.947	False	False	False	neg	True	115	C01358
GCA_920104245.2_Hybrid_genome_assembly_and_annotation	CAKKSZ020000027.1	110376	110711	1	1	38.053	False	False	False	neg	True	355	C01359
GCA_019190145.1_ASM1919014v1	JAHAQE010000024.1	113375	113488	1	1	34.211	False	False	False	neg	True	100	C01360
GCA_003055205.1_ASM305520v1	PEFX01000033.1	426718	426927	1	1	29.73	False	False	False	neg	True	103	C01361
GCA_023628235.1_ASM2362823v1	JAMALD010000004.1	478995	479111	1	1	35.897	False	False	False	neg	True	125	C01362
GCA_050403105.1_Rt_babjevae_JCM9279v1	BAABUW010000036.1	18921	19088	1	1	33.846	False	False	False	neg	True	289	C01363
GCA_013036505.1_ASM1303650v1	JABBIE010000026.1	194885	195022	1	2	45.652	False	False	False	neg	True	100	C01364
GCA_013036525.1_ASM1303652v1	JABBID010000027.1	143633	143752	1	1	35.0	False	False	False	neg	True	117	C01365
GCA_920103745.3_Hybrid_genome_assembly_and_annotation	CAKKSX030000002.1	806262	806402	1	1	42.553	False	False	False	neg	True	366	C01366
GCA_013030415.1_ASM1303041v1	JABENH010000045.1	60825	60965	1	1	42.0	False	False	False	neg	True	114	C01367
GCA_013030395.1_ASM1303039v1	JABENG010000030.1	27120	42817	1	1	30.0	False	False	False	neg	True	114	C01368
GCA_019190035.1_ASM1919003v1	JAHAQD010000008.1	385933	386091	1	1	36.066	False	False	False	neg	True	113	C01369
GCA_019189915.1_ASM1918991v1	JAHAPX010000042.1	40508	40651	1	1	27.083	False	False	False	neg	True	100	C01370
GCA_007990605.1_Rt10032-v1	BJWK01000001.1	1411742	1411888	1	2	32.653	False	False	False	neg	True	120	C01371
GCA_051313295.1_ASM5131329v1	JBOZGK010000001.1	68964	69188	1	1	25.333	False	False	False	neg	True	225	C01372
GCA_023628275.1_ASM2362827v1	JAMALC010000021.1	158443	158553	1	1	43.243	False	False	False	neg	True	94	C01373
GCA_034406715.1_ASM3440671v1	CP137868.1	702831	702992	1	1	32.143	False	False	False	neg	True	117	C01374
GCA_019189795.1_ASM1918979v1	JAHAPU010000008.1	405457	408950	1	2	33.333	False	False	False	neg	True	102	C01375
GCA_012922805.1_ASM1292280v1	JABBMW010000029.1	207558	207704	1	1	30.189	False	False	False	neg	True	113	C01376
GCA_013036755.1_ASM1303675v1	JABBIL010000053.1	65341	65475	1	1	35.556	False	False	False	neg	True	114	C01377
GCA_013030395.1_ASM1303039v1	JABENG010000044.1	49212	49334	1	2	30.435	False	False	False	neg	True	114	C01378
GCA_025502755.1_ASM2550275v1	JAMFRA010000005.1	332396	332554	1	1	36.066	False	False	False	neg	True	98	C01379
GCA_051805515.1_RkraJCM10449v2	AP041723.1	516530	516772	1	2	31.507	False	False	False	neg	True	299	C01380
GCA_001456015.1_ASM145601v1	LKER01000112.1	64080	64205	1	1	39.216	False	False	False	neg	True	185	C01381
GCA_920104245.2_Hybrid_genome_assembly_and_annotation	CAKKSZ020000001.1	526423	526560	1	1	43.478	False	False	False	neg	True	355	C01382
GCA_019189995.1_ASM1918999v1	JAHAQA010000039.1	26869	32767	1	1	43.75	False	False	False	neg	True	100	C01383
GCF_001329695.1_Rhoba1_1	NW_017264932.1	1028086	1028319	1	1	32.53	False	False	False	neg	True	313	C01384
GCA_050403125.1_Rt_dairenensis_JCM3774v1	BAABUX010000020.1	40044	40214	1	1	28.571	False	False	False	neg	True	86	C01385
GCA_025502885.1_ASM2550288v1	JAMFQY010000001.1	743084	743242	1	1	36.066	False	False	False	neg	True	90	C01386
GCA_051805595.1_RtJCM10020v2	AP041617.1	720802	720990	1	1	34.921	False	False	False	neg	True	147	C01387
GCA_050403265.1_Rt_toruloides_NBRC10513v1	BAABVF010000011.1	430072	430212	1	1	44.681	False	False	False	neg	True	137	C01388
GCA_013036755.1_ASM1303675v1	JABBIL010000008.1	87730	87945	1	1	30.337	False	False	False	neg	True	114	C01389
GCA_013036515.1_ASM1303651v1	JABBIC010000082.1	4489	4584	1	1	42.424	False	False	False	neg	True	101	C01390
GCA_019189905.1_ASM1918990v1	JAHAPY010000001.1	207539	207679	1	1	42.0	False	False	False	neg	True	103	C01391
GCA_019671115.1_ASM1967111v1	JAHERV010000023.1	80647	80796	1	2	32.759	False	False	False	neg	True	156	C01392
GCA_024748845.1_ASM2474884v1	JANBVD010000011.1	278737	279036	1	1	23.423	False	False	False	neg	True	104	C01393
GCA_013036365.1_ASM1303636v1	JABBHZ010000006.1	110186	110284	1	1	47.059	False	False	False	neg	True	101	C01394
GCA_001600135.1_JCM_10021_assembly_v001	BCIZ01000016.1	151976	152173	1	1	32.432	False	False	False	neg	True	158	C01395
GCA_051805495.1_RsphJCM8202v2	AP041755.1	696729	696872	1	1	37.5	False	False	False	neg	True	134	C01396
GCA_050403105.1_Rt_babjevae_JCM9279v1	BAABUW010000043.1	141475	141756	1	1	33.663	False	False	False	neg	True	289	C01397
GCA_019189345.1_ASM1918934v1	JAHAPE010000004.1	757103	757288	1	1	34.328	False	False	False	neg	True	103	C01398
GCA_019189395.1_ASM1918939v1	JAHAPF010000027.1	100387	100521	1	1	40.0	False	False	False	neg	True	103	C01399
GCA_920104245.2_Hybrid_genome_assembly_and_annotation	CAKKSZ020000027.1	169417	169560	1	1	44.444	False	False	False	neg	True	355	C01400
GCA_002250355.1_RIT389_v1	NIUW01000014.1	133210	133386	1	1	32.203	False	False	False	neg	True	95	C01401
GCA_050403165.1_Rt_graminis_JCM3775v1	BAABUZ010000003.1	39711	40001	1	1	28.866	False	False	False	neg	True	279	C01402
GCA_019775595.1_ASM1977559v1	JACWFL010000082.1	55929	67051	1	2	34.091	False	False	False	neg	True	238	C01403
GCA_019671035.1_ASM1967103v1	JAHALV010000074.1	41069	41260	1	1	32.812	False	False	False	neg	True	102	C01404
GCA_025502865.1_ASM2550286v1	JAMFQZ010000004.1	402096	402293	1	1	36.709	False	False	False	neg	True	101	C01405
GCA_019189345.1_ASM1918934v1	JAHAPE010000006.1	108443	108619	1	1	32.203	False	False	False	neg	True	103	C01406
GCA_025502745.1_ASM2550274v1	JAMFRC010000015.1	71792	71983	1	1	30.882	False	False	False	neg	True	100	C01407
GCA_019775375.1_ASM1977537v1	JACWFW010000029.1	103202	103321	1	1	34.146	False	False	False	neg	True	244	C01408
GCA_025502725.1_ASM2550272v1	JAMFRB010000002.1	47167	47274	1	1	36.111	False	False	False	neg	True	102	C01409
GCA_019802805.1_ASM1980280v1	JACVTD010000005.1	255526	255681	1	4	38.0	False	False	False	neg	True	98	C01410
GCA_000931965.1_ASM93196v1	JWTJ01000092.1	10130	10273	1	1	37.5	False	False	False	neg	True	92	C01411
GCA_019190805.1_ASM1919080v1	JAHARE010000038.1	139090	139449	1	1	28.346	False	False	False	neg	True	100	C01412
GCA_019190265.1_ASM1919026v1	JAHAQL010000026.1	85723	85908	1	1	36.765	False	False	False	neg	True	100	C01413
GCA_965239605.3_Hybrid_Genome_assembly_Updated-_INGCA000000200-3	CBDEHS030000007.1	1383696	1384964	1	1	33.735	False	False	False	neg	True	90	C01414
GCA_019189415.1_ASM1918941v1	JAHAPG010000043.1	40507	40650	1	1	27.083	False	False	False	neg	True	101	C01415
GCA_019923515.1_ASM1992351v1	JACAVT010000054.1	69172	69330	1	1	37.736	False	False	False	neg	True	242	C01416
GCA_001373355.1_SPOSA68321A01	CENE01000010.1	29727	29933	1	1	33.803	False	False	False	neg	True	166	C01417
GCA_041430435.1_ASM4143043v1	JBFMMI010000008.1	44386	44508	1	2	30.435	False	False	False	neg	True	102	C01418
GCA_019191065.1_ASM1919106v1	JAHARN010000004.1	574101	574328	1	1	33.333	False	False	False	neg	True	99	C01419
GCA_028828615.1_ASM2882861v1	JAQRHP010000030.1	30669	30809	1	1	40.426	False	False	False	neg	True	146	C01420
GCA_000988875.2_ASM98887v2	LCTV02000001.1	980516	980632	1	1	46.154	False	False	False	neg	True	153	C01421
GCA_001914285.1_FNED7-bin-22	MSDX01002827.1	5742	5909	1	1	29.825	False	False	False	neg	True	44	C01422
GCA_050403505.1_S_salmonicolor_JCM1841v1	BAABVR010000628.1	2949	3161	1	1	31.818	False	False	False	neg	True	160	C01423
GCA_019190495.1_ASM1919049v1	JAHAQU010000061.1	21363	21554	1	1	39.062	False	False	False	neg	True	103	C01424
GCA_029694785.1_ASM2969478v1	JAOWAH010000012.1	339296	342738	1	1	38.462	False	False	False	neg	True	148	C01425
GCA_013030385.1_ASM1303038v1	JABENE010000006.1	73151	73294	1	1	32.653	False	False	False	neg	True	116	C01426
GCA_030983975.1_UCSB_Rmuci_1.0	JABVZP010000026.1	102447	102617	1	1	29.825	False	False	False	neg	True	124	C01427
GCA_012922765.1_ASM1292276v1	JABBMV010000004.1	238153	238356	1	1	30.882	False	False	False	neg	True	103	C01428
GCA_013030385.1_ASM1303038v1	JABENE010000061.1	42657	42863	1	1	29.885	False	False	False	neg	True	116	C01429
GCA_019189475.1_ASM1918947v1	JAHAPH010000047.1	83421	90674	1	1	36.842	False	False	False	neg	True	101	C01430
GCA_019189665.1_ASM1918966v1	JAHAPO010000001.1	213319	213462	1	1	35.417	False	False	False	neg	True	105	C01431
GCA_019190885.1_ASM1919088v1	JAHARF010000013.1	153894	154052	1	1	37.037	False	False	False	neg	True	101	C01432
GCA_025502945.1_ASM2550294v1	JAMFQV010000016.1	28884	44579	1	1	30.0	False	False	False	neg	True	102	C01433
GCA_019190895.1_ASM1919089v1	JAHARG010000001.1	413656	413865	1	1	29.73	False	False	False	neg	True	103	C01434
GCA_013036505.1_ASM1303650v1	JABBIE010000008.1	182397	182552	1	4	38.0	False	False	False	neg	True	100	C01435
GCF_001329695.1_Rhoba1_1	NW_017264932.1	414736	415020	1	1	31.034	False	False	False	neg	True	313	C01436
GCA_005059875.1_ASM505987v1	MXAQ01000006.1	384097	384231	1	1	42.222	False	False	False	neg	True	93	C01437
GCA_016584205.1_ASM1658420v1	PUHQ01000054.1	87775	87933	1	1	37.037	False	False	False	neg	True	93	C01438
GCA_019923515.1_ASM1992351v1	JACAVT010000195.1	45804	46040	1	1	35.443	False	False	False	neg	True	242	C01439
GCA_000258745.1_ASM25874v1	JH650663.1	29344	29436	1	1	45.161	False	False	False	neg	True	126	C01440
GCA_013036515.1_ASM1303651v1	JABBIC010000058.1	36493	36708	1	1	30.337	False	False	False	neg	True	101	C01441
GCA_024713535.1_ASM2471353v1	JANIBP010000013.1	297864	298133	1	1	34.0	False	False	False	neg	True	132	C01442
GCA_019190015.1_ASM1919001v1	JAHAQC010000001.1	1145118	1145267	1	1	42.0	False	False	False	neg	True	101	C01443
GCA_023078535.2_ASM2307853v2	JAKRWS020000271.1	616140	616364	1	1	25.333	False	False	False	neg	True	115	C01444
GCA_041430455.1_ASM4143045v1	JBFMMH010000050.1	183317	183415	1	1	47.059	False	False	False	neg	True	102	C01445
GCA_019775375.1_ASM1977537v1	JACWFW010000109.1	7227	26525	1	2	42.857	False	False	False	neg	True	244	C01446
GCF_050403205.1_Rt_paludigena_JCM10292v1	NW_027481451.1	514200	514370	1	1	32.203	False	False	False	neg	True	152	C01447
GCA_040807085.1_ASM4080708v1	JBEWOO010002012.1	1878	1982	1	1	45.714	False	False	False	neg	True	42	C01448
GCA_051805565.1_RtJCM10295v2	AP041684.1	897145	903344	1	1	25.6	False	False	False	neg	True	131	C01449
GCA_013036955.1_ASM1303695v1	JABBIR010000003.1	402084	402281	1	1	36.709	False	False	False	neg	True	116	C01450
GCA_016808315.1_ASM1680831v1	JABGON010000536.1	16301	16561	1	1	33.696	False	False	False	neg	True	215	C01451
GCA_019189985.1_ASM1918998v1	JAHAPZ010000054.1	63635	63769	1	1	35.556	False	False	False	neg	True	102	C01452
GCA_021654155.1_ASM2165415v1	JAKEZK010000006.1	535365	535661	1	1	24.752	False	False	False	neg	True	103	C01453
GCA_050403245.1_Rt_toruloides_NBRC10512v1	BAABVE010000055.1	20187	20375	1	1	34.921	False	False	False	neg	True	120	C01454
GCA_019803015.1_ASM1980301v1	JACVTK010002747.1	1264	1482	1	1	30.303	False	False	False	neg	True	52	C01455
GCA_013036905.1_ASM1303690v1	JABBIP010000099.1	30104	30220	1	1	34.783	False	False	False	neg	True	115	C01456
GCA_051805495.1_RsphJCM8202v2	AP041750.1	319286	319426	1	1	38.298	False	False	False	neg	True	134	C01457
GCA_019190965.1_ASM1919096v1	JAHARJ010000053.1	87729	87944	1	1	30.337	False	False	False	neg	True	105	C01458
GCA_019190265.1_ASM1919026v1	JAHAQL010000016.1	252537	252695	1	1	36.066	False	False	False	neg	True	100	C01459
GCA_025502925.1_ASM2550292v1	JAMFQW010000006.1	114945	115094	1	1	30.0	False	False	False	neg	True	96	C01460
GCA_035220585.1_ASM3522058v1	JAWPQQ010000068.1	15679	25067	1	1	38.889	False	False	False	neg	True	145	C01461
GCA_051805545.1_RtJCM10296v2	AP041698.1	1280615	1280752	1	1	41.304	False	False	False	neg	True	153	C01462
GCA_046118745.1_ASM4611874v1	JAWHQO010000006.1	391028	391183	1	4	34.146	False	False	False	neg	True	61	C01463
GCA_019189595.1_ASM1918959v1	JAHAPM010000021.1	76115	76258	1	1	32.653	False	False	False	neg	True	101	C01464
GCA_041430435.1_ASM4143043v1	JBFMMI010000101.1	47842	48015	1	2	30.263	False	False	False	neg	True	102	C01465
GCA_013036895.1_ASM1303689v1	JABBIQ010000038.1	142125	142286	1	1	31.481	False	False	False	neg	True	101	C01466
GCA_001600115.1_JCM_10020_assembly_v001	BCIY01000042.1	18678	18926	1	1	33.333	False	False	False	neg	True	143	C01467
GCA_002917965.1_ASM291796v1	PQDI01000050.1	1065398	1065547	1	1	34.0	False	False	False	neg	True	288	C01468
GCA_057930215.1_Rhodotorula_pacifica_RDY01_v1	JBUBPS010000019.1	731394	731516	1	1	36.585	False	False	False	neg	True	97	C01469
GCA_023628235.1_ASM2362823v1	JAMALD010000014.1	216272	216373	1	1	36.111	False	False	False	neg	True	125	C01470
GCA_041430435.1_ASM4143043v1	JBFMMI010000004.1	498955	499098	1	1	35.417	False	False	False	neg	True	102	C01471
GCA_019190605.1_ASM1919060v1	JAHAQW010000013.1	153894	154052	1	1	37.037	False	False	False	neg	True	101	C01472
GCA_013036365.1_ASM1303636v1	JABBHZ010000042.1	47188	47349	1	1	31.481	False	False	False	neg	True	101	C01473
GCA_023628235.1_ASM2362823v1	JAMALD010000014.1	166357	166485	1	1	42.222	False	False	False	neg	True	125	C01474
GCA_058775505.1_UCR_RmucDH4148_1.0	JBZGVR010000032.1	184980	185126	1	1	30.189	False	False	False	neg	True	111	C01475
GCA_013036735.1_ASM1303673v1	JABBIK010000024.1	67613	67723	1	1	46.154	False	False	False	neg	True	114	C01476
GCA_019189985.1_ASM1918998v1	JAHAPZ010000055.1	87604	87819	1	1	30.337	False	False	False	neg	True	102	C01477
GCA_019189905.1_ASM1918990v1	JAHAPY010000029.1	93289	93387	1	1	47.059	False	False	False	neg	True	103	C01478
GCA_050403505.1_S_salmonicolor_JCM1841v1	BAABVR010000197.1	16731	16913	1	1	27.869	False	False	False	neg	True	160	C01479
GCA_019189905.1_ASM1918990v1	JAHAPY010000008.1	34836	35216	1	1	28.148	False	False	False	neg	True	103	C01480
GCA_025502885.1_ASM2550288v1	JAMFQY010000002.1	294946	295089	1	1	35.417	False	False	False	neg	True	90	C01481
GCA_019190625.1_ASM1919062v1	JAHAQY010000013.1	417818	417922	1	1	40.0	False	False	False	neg	True	102	C01482
GCA_013036445.1_ASM1303644v1	JABBIA010000001.1	12808	12915	1	1	36.111	False	False	False	neg	True	116	C01483
GCA_050916435.1_ASM5091643v1	JBPBFG010000025.1	198295	198438	1	1	31.25	False	False	False	neg	True	97	C01484
GCA_920104245.2_Hybrid_genome_assembly_and_annotation	CAKKSZ020000016.1	573807	574130	1	1	21.93	False	False	False	neg	True	355	C01485
GCA_051805575.1_RtJCM10049v2	AP041658.1	282600	282770	1	1	35.821	False	False	False	neg	True	151	C01486
GCA_019802895.1_ASM1980289v1	JACVTJ010000006.1	127488	127844	1	1	25.547	False	False	False	neg	True	102	C01487
GCA_032719295.1_ASM3271929v1	JAVIXT010000008.1	196276	196452	1	2	31.667	False	False	False	neg	True	102	C01488
GCA_004143675.1_ASM414367v1	RZHN01000011.1	522814	523056	1	1	33.333	False	False	False	neg	True	94	C01489
GCA_012922765.1_ASM1292276v1	JABBMV010000009.1	244054	244305	1	1	27.381	False	False	False	neg	True	103	C01490
GCA_034509285.1_ASM3450928v1	JAOEGQ010000006.1	21564	27500	1	1	35.294	False	False	False	neg	True	162	C01491
GCA_023628275.1_ASM2362827v1	JAMALC010000038.1	88892	111914	1	3	45.652	False	False	False	neg	True	94	C01492
GCA_028828615.1_ASM2882861v1	JAQRHP010000019.1	438213	438365	1	1	33.333	False	False	False	neg	True	146	C01493
GCA_019190635.1_ASM1919063v1	JAHAQX010000007.1	278019	278156	1	1	40.0	False	False	False	neg	True	101	C01494
GCA_013036515.1_ASM1303651v1	JABBIC010000059.1	56287	63540	1	1	36.842	False	False	False	neg	True	101	C01495
GCA_013036355.1_ASM1303635v1	JABBHX010000038.1	128893	129015	1	2	30.435	False	False	False	neg	True	114	C01496
GCA_019189345.1_ASM1918934v1	JAHAPE010000042.1	40508	40651	1	1	27.083	False	False	False	neg	True	103	C01497
GCA_019303655.1_ASM1930365v1	JAHUZI010000082.1	28772	28876	1	1	40.0	False	False	False	neg	True	99	C01498
GCA_965239605.3_Hybrid_Genome_assembly_Updated-_INGCA000000200-3	CBDEHS030000001.1	132308	132418	1	1	47.368	False	False	False	neg	True	90	C01499
GCA_026119225.1_ASM2611922v1	JANKJK010000002.1	128343	128453	1	1	43.243	False	False	False	neg	True	356	C01500
GCA_051805505.1_RkraJCM10450v2	AP041738.1	1380235	1380393	1	1	25.926	False	False	False	neg	True	324	C01501
GCA_057542475.1_Rhodotorula_sp._strain_HGY2	BAAJPC010000151.1	150406	150603	1	1	33.333	False	False	False	neg	True	154	C01502
GCA_001600135.1_JCM_10021_assembly_v001	BCIZ01000037.1	11190	11465	1	1	31.183	False	False	False	neg	True	158	C01503
GCA_021654155.1_ASM2165415v1	JAKEZK010000006.1	501293	501454	1	1	37.288	False	False	False	neg	True	103	C01504
GCA_050403165.1_Rt_graminis_JCM3775v1	BAABUZ010000097.1	41875	42069	1	1	29.851	False	False	False	neg	True	279	C01505
GCF_001329695.1_Rhoba1_1	NW_017264944.1	104278	104631	1	1	33.058	False	False	False	neg	True	313	C01506
GCA_051805505.1_RkraJCM10450v2	AP041735.1	1238062	1244752	1	1	41.667	False	False	False	neg	True	324	C01507
GCA_040807085.1_ASM4080708v1	JBEWOO010000086.1	4844	4990	1	1	30.612	False	False	False	neg	True	42	C01508
GCA_019190375.1_ASM1919037v1	JAHAQP010000013.1	91494	91583	1	1	43.333	False	False	False	neg	True	100	C01509
GCA_019190745.1_ASM1919074v1	JAHARB010000015.1	67638	71131	1	2	33.333	False	False	False	neg	True	99	C01510
GCA_023628275.1_ASM2362827v1	JAMALC010000174.1	28254	28520	1	1	32.632	False	False	False	neg	True	94	C01511
GCA_013036385.1_ASM1303638v1	JABBHY010000066.1	34524	34649	1	1	42.857	False	False	False	neg	True	114	C01512
GCA_937898295.1_SRR6853349_bin.25_CONCOCT_v1.1_MAG	CALEJI010000558.1	18192	18383	1	1	39.062	False	False	False	neg	True	92	C01513
GCA_051805565.1_RtJCM10295v2	AP041686.1	1078158	1078298	1	1	38.298	False	False	False	neg	True	131	C01514
GCA_001542305.1_ASM154230v1	LNQQ01000014.1	511784	511945	1	1	35.714	False	False	False	neg	True	152	C01515
GCA_024500305.1_UAEM_Rmus_1.0	JALGWT010000030.1	176255	176590	1	1	29.825	False	False	False	neg	True	95	C01516
GCA_005059875.1_ASM505987v1	MXAQ01000044.1	93586	93684	1	1	42.424	False	False	False	neg	True	93	C01517
GCA_019189415.1_ASM1918941v1	JAHAPG010000001.1	973488	973628	1	1	42.0	False	False	False	neg	True	101	C01518
GCA_037126565.1_ASM3712656v1	JAXUAX010000005.1	1179723	1179968	1	1	38.824	False	False	False	neg	True	158	C01519
GCA_006352295.1_UMAN_Rdio_1.0	SOZI01000038.1	67152	67280	1	1	32.558	False	False	False	neg	True	224	C01520
GCA_019189525.1_ASM1918952v1	JAHAPJ010000043.1	72326	72448	1	2	30.435	False	False	False	neg	True	99	C01521
GCA_051805575.1_RtJCM10049v2	AP041650.1	61391	79960	1	1	28.814	False	False	False	neg	True	151	C01522
GCA_003234015.1_ASM323401v1	LK052950.1	304210	304317	1	1	44.444	False	False	False	neg	True	143	C01523
GCA_013030385.1_ASM1303038v1	JABENE010000066.1	87045	87233	1	1	33.333	False	False	False	neg	True	116	C01524
GCA_920103745.3_Hybrid_genome_assembly_and_annotation	CAKKSX030000001.1	898961	899098	1	1	34.783	False	False	False	neg	True	366	C01525
GCA_036320835.1_ASM3632083v1	JAZBNE010000046.1	459844	459948	1	1	40.0	False	False	False	neg	True	90	C01526
GCA_049863195.1_ICGEB_R_pacifica_INDKK	JBLUWB010000007.1	946550	946645	1	1	47.368	False	False	False	neg	True	120	C01527
GCA_050403245.1_Rt_toruloides_NBRC10512v1	BAABVE010000018.1	13862	14068	1	1	28.947	False	False	False	neg	True	120	C01528
GCA_050916435.1_ASM5091643v1	JBPBFG010000012.1	113346	113459	1	1	34.211	False	False	False	neg	True	97	C01529
GCA_003234015.1_ASM323401v1	LK052946.1	569937	570083	1	1	34.694	False	False	False	neg	True	143	C01530
GCA_019775595.1_ASM1977559v1	JACWFL010000002.1	6421	6519	1	2	45.455	False	False	False	neg	True	238	C01531
GCA_016808315.1_ASM1680831v1	JABGON010000216.1	39877	40005	1	1	37.209	False	False	False	neg	True	215	C01532
GCA_019190745.1_ASM1919074v1	JAHARB010000047.1	150638	158430	1	1	25.581	False	False	False	neg	True	99	C01533
GCA_019671115.1_ASM1967111v1	JAHERV010000016.1	67697	67792	1	1	50.0	False	False	False	neg	True	156	C01534
GCA_019190885.1_ASM1919088v1	JAHARF010000010.1	416802	416906	1	1	40.0	False	False	False	neg	True	101	C01535
GCA_013036385.1_ASM1303638v1	JABBHY010000023.1	194294	194404	1	1	46.154	False	False	False	neg	True	114	C01536
GCA_019190135.1_ASM1919013v1	JAHAQG010000001.1	1311371	1311520	1	1	42.0	False	False	False	neg	True	105	C01537
GCA_019775375.1_ASM1977537v1	JACWFW010000056.1	12501	12650	1	1	44.0	False	False	False	neg	True	244	C01538
GCA_937859235.1_SRR3017090_bin.1_CONCOCT_v1.1_MAG	CALMAM010004474.1	1033	1149	1	1	33.333	False	False	False	neg	True	128	C01539
GCA_037041355.1_ASM3704135v1	JAXQIK010000147.1	322654	322839	1	1	34.921	False	False	False	neg	True	104	C01540
GCA_019923515.1_ASM1992351v1	JACAVT010000125.1	206825	207037	1	1	29.577	False	False	False	neg	True	242	C01541
GCA_013036825.1_ASM1303682v1	JABBIN010000010.1	55969	56205	1	1	30.233	False	False	False	neg	True	113	C01542
GCA_012922725.1_ASM1292272v1	JABBYM010000009.1	386280	386369	1	1	43.333	False	False	False	neg	True	112	C01543
GCA_019671035.1_ASM1967103v1	JAHALV010000098.1	39607	39807	1	1	33.333	False	False	False	neg	True	102	C01544
GCA_033458335.1_ASM3345833v1	JAWJBI010000006.1	995049	995138	1	1	43.333	False	False	False	neg	True	152	C01545
GCA_024734855.1_ASM2473485v1	JANQAS010000464.1	5520	5708	1	1	34.921	False	False	False	neg	True	116	C01546
GCA_019190935.1_ASM1919093v1	JAHARI010000019.1	92485	92694	1	1	36.62	False	False	False	neg	True	110	C01547
GCA_012922695.1_ASM1292269v1	JABBMU010000005.1	108443	108619	1	1	32.203	False	False	False	neg	True	104	C01548
GCA_049863195.1_ICGEB_R_pacifica_INDKK	JBLUWB010000018.1	188692	188838	1	1	38.776	False	False	False	neg	True	120	C01549
GCA_019189885.1_ASM1918988v1	JAHAPW010000001.1	743127	743234	1	1	36.111	False	False	False	neg	True	105	C01550
GCA_019189665.1_ASM1918966v1	JAHAPO010000029.1	147069	165083	1	1	28.916	False	False	False	neg	True	105	C01551
GCA_019189345.1_ASM1918934v1	JAHAPE010000008.1	332308	332466	1	1	36.066	False	False	False	neg	True	103	C01552
GCA_019190705.1_ASM1919070v1	JAHAQZ010000012.1	278502	278675	1	1	34.483	False	False	False	neg	True	100	C01553
GCA_055801775.1_ASM5580177v1	JBSSUU010000003.1	573669	573896	1	1	33.333	False	False	False	neg	True	98	C01554
GCA_025502925.1_ASM2550292v1	JAMFQW010000003.1	358201	358386	1	1	34.328	False	False	False	neg	True	96	C01555
GCA_000222205.2_R.glutinis2	AEVR02000021.1	113516	113782	1	1	35.556	False	False	False	neg	True	162	C01556
GCF_050403185.1_Rt_pacifica_JCM10908v1	NW_027481547.1	292857	293006	1	1	36.538	False	False	False	neg	True	95	C01557
GCA_024713535.1_ASM2471353v1	JANIBP010000002.1	315382	315522	1	1	38.298	False	False	False	neg	True	132	C01558
GCA_019775375.1_ASM1977537v1	JACWFW010000038.1	38335	38469	1	1	39.583	False	False	False	neg	True	244	C01559
GCA_029694785.1_ASM2969478v1	JAOWAH010000008.1	857784	857930	1	1	39.623	False	False	False	neg	True	148	C01560
GCA_001255795.1_IFO0880_HGAP3_v1	CWKI01000008.1	1326429	1326545	1	1	38.636	False	False	False	neg	True	136	C01561
GCA_001456015.1_ASM145601v1	LKER01000278.1	8413	8574	1	1	41.818	False	False	False	neg	True	185	C01562
GCA_037126565.1_ASM3712656v1	JAXUAX010000001.1	152824	153099	1	1	31.183	False	False	False	neg	True	158	C01563
GCF_000320785.1_RHOziaDV1.0	NW_015622967.1	469916	482612	1	1	42.424	False	False	False	neg	True	122	C01564
GCA_018687845.1_ASM1868784v1	JAGYYI010000008.1	453459	453572	1	1	34.211	False	False	False	neg	True	104	C01565
GCA_019189475.1_ASM1918947v1	JAHAPH010000055.1	36493	36708	1	1	30.337	False	False	False	neg	True	101	C01566
GCA_013036755.1_ASM1303675v1	JABBIL010000011.1	137512	137646	1	1	42.222	False	False	False	neg	True	114	C01567
GCA_013036505.1_ASM1303650v1	JABBIE010000010.1	191534	191785	1	1	27.381	False	False	False	neg	True	100	C01568
GCA_019189755.1_ASM1918975v1	JAHAPS010000005.1	402020	402217	1	1	36.709	False	False	False	neg	True	105	C01569
GCA_013030415.1_ASM1303041v1	JABENH010000012.1	92860	108557	1	1	30.0	False	False	False	neg	True	114	C01570
GCA_025502745.1_ASM2550274v1	JAMFRC010000002.1	86950	89821	1	1	35.417	False	False	False	neg	True	100	C01571
GCA_013036735.1_ASM1303673v1	JABBIK010000003.1	3267	3431	1	1	38.596	False	False	False	neg	True	114	C01572
GCA_019189595.1_ASM1918959v1	JAHAPM010000079.1	7931	15723	1	1	25.581	False	False	False	neg	True	101	C01573
GCA_019189985.1_ASM1918998v1	JAHAPZ010000018.1	154104	154238	1	1	40.0	False	False	False	neg	True	102	C01574
GCA_029873615.1_ASM2987361v1	JAQJJA010000040.1	10593	10748	1	1	30.357	False	False	False	neg	True	156	C01575
GCA_057542475.1_Rhodotorula_sp._strain_HGY2	BAAJPC010000208.1	152834	152941	1	1	47.368	False	False	False	neg	True	154	C01576
GCA_019189395.1_ASM1918939v1	JAHAPF010000018.1	164034	164231	1	1	33.333	False	False	False	neg	True	103	C01577
GCA_050403245.1_Rt_toruloides_NBRC10512v1	BAABVE010000024.1	11302	11403	1	1	41.176	False	False	False	neg	True	120	C01578
GCA_019775595.1_ASM1977559v1	JACWFL010000204.1	1503	1592	1	1	43.333	False	False	False	neg	True	238	C01579
GCA_013036445.1_ASM1303644v1	JABBIA010000014.1	62500	62751	1	1	27.381	False	False	False	neg	True	116	C01580
GCA_025502755.1_ASM2550275v1	JAMFRA010000011.1	289638	289811	1	1	34.483	False	False	False	neg	True	98	C01581
GCA_019190505.1_ASM1919050v1	JAHAQT010000034.1	39	131	1	1	51.613	False	False	False	neg	True	100	C01582
GCA_019926025.1_ASM1992602v1	JAHSUG010000002.1	820748	820897	1	2	36.0	False	False	False	neg	True	305	C01583
GCA_019191075.1_ASM1919107v1	JAHARO010000060.1	13622	13735	1	1	34.211	False	False	False	neg	True	100	C01584
GCA_012922725.1_ASM1292272v1	JABBYM010000030.1	25148	25252	1	1	44.444	False	False	False	neg	True	112	C01585
GCA_920103735.2_Hybrid_genome_assembly_and_annotation_-DBVPG_8058	CAKKSY020000006.1	713	892	1	1	39.394	False	False	False	neg	True	335	C01586
GCA_013036805.1_ASM1303680v1	JABBIM010000041.1	47911	48084	1	2	30.263	False	False	False	neg	True	100	C01587
GCA_028828615.1_ASM2882861v1	JAQRHP010000032.1	561220	565462	1	1	44.0	False	False	False	neg	True	146	C01588
GCA_019190745.1_ASM1919074v1	JAHARB010000024.1	143577	143735	1	1	37.037	False	False	False	neg	True	99	C01589
GCA_013036755.1_ASM1303675v1	JABBIL010000009.1	390789	391025	1	1	30.233	False	False	False	neg	True	114	C01590
GCA_019189755.1_ASM1918975v1	JAHAPS010000004.1	589999	590184	1	1	34.328	False	False	False	neg	True	105	C01591
GCA_007990605.1_Rt10032-v1	BJWK01000013.1	14595	14819	1	1	27.381	False	False	False	neg	True	120	C01592
GCA_001373355.1_SPOSA68321A01	CENE01000001.1	165615	178367	1	2	27.869	False	False	False	neg	True	166	C01593
GCA_937859235.1_SRR3017090_bin.1_CONCOCT_v1.1_MAG	CALMAM010000976.1	2642	2830	1	1	33.824	False	False	False	neg	True	128	C01594
GCA_026119225.1_ASM2611922v1	JANKJK010000023.1	82576	82788	1	1	31.507	False	False	False	neg	True	356	C01595
GCA_055801775.1_ASM5580177v1	JBSSUU010000018.1	301793	301900	1	1	42.105	False	False	False	neg	True	98	C01596
GCA_000988805.1_ASM98880v1	LCTU01000010.1	12532	12741	1	1	27.907	False	False	False	neg	True	132	C01597
GCA_025502755.1_ASM2550275v1	JAMFRA010000001.1	1018714	1018821	1	1	42.105	False	False	False	neg	True	98	C01598
GCF_050403185.1_Rt_pacifica_JCM10908v1	NW_027481551.1	392577	392837	1	1	28.571	False	False	False	neg	True	95	C01599
GCA_050403145.1_Rt_glutinis_JCM8208v1	BAABUY010000110.1	52788	53000	1	1	35.135	False	False	False	neg	True	306	C01600
GCA_057544825.1_Rhodotorula_sp._strain_HGY1	BAAJPB010000269.1	25373	25561	1	1	43.284	False	False	False	neg	True	171	C01601
GCA_051805515.1_RkraJCM10449v2	AP041730.1	269412	269630	1	1	25.676	False	False	False	neg	True	299	C01602
GCA_041430455.1_ASM4143045v1	JBFMMH010000007.1	402117	402314	1	1	36.709	False	False	False	neg	True	102	C01603
GCA_012922835.1_ASM1292283v1	JABBYN010000016.1	248596	248847	1	1	27.381	False	False	False	neg	True	114	C01604
GCA_002922495.1_ASM292249v1	PJQD01000009.1	220818	220937	1	1	42.5	False	False	False	neg	True	75	C01605
GCA_022817825.1_ASM2281782v1	JAFEUJ010000016.1	355195	355416	1	1	25.676	False	False	False	neg	True	318	C01606
GCA_019190625.1_ASM1919062v1	JAHAQY010000033.1	63347	63442	1	1	42.424	False	False	False	neg	True	102	C01607
GCA_028828615.1_ASM2882861v1	JAQRHP010000022.1	206080	206181	1	1	45.946	False	False	False	neg	True	146	C01608
GCA_019189985.1_ASM1918998v1	JAHAPZ010000023.1	152066	152263	1	1	33.333	False	False	False	neg	True	102	C01609
GCA_019775375.1_ASM1977537v1	JACWFW010000249.1	21723	25104	1	1	37.778	False	False	False	neg	True	244	C01610
GCA_023078535.2_ASM2307853v2	JAKRWS020000222.1	140928	141038	1	1	43.59	False	False	False	neg	True	115	C01611
GCA_050403145.1_Rt_glutinis_JCM8208v1	BAABUY010000010.1	205980	206078	1	1	42.424	False	False	False	neg	True	306	C01612
GCA_019190505.1_ASM1919050v1	JAHAQT010000001.1	967043	967252	1	1	29.73	False	False	False	neg	True	100	C01613
GCA_057544825.1_Rhodotorula_sp._strain_HGY1	BAAJPB010000426.1	24119	24337	1	2	34.615	False	False	False	neg	True	171	C01614
GCA_024713535.1_ASM2471353v1	JANIBP010000002.1	388524	388664	1	1	36.17	False	False	False	neg	True	132	C01615
GCA_019190125.1_ASM1919012v1	JAHAQF010000040.1	87365	87514	1	1	34.0	False	False	False	neg	True	99	C01616
GCA_000222205.2_R.glutinis2	AEVR02000029.1	870212	870373	1	1	31.481	False	False	False	neg	True	162	C01617
GCA_012922765.1_ASM1292276v1	JABBMV010000016.1	10920	11036	1	1	34.783	False	False	False	neg	True	103	C01618
GCA_019775385.1_ASM1977538v1	JACWFV010000044.1	267436	286828	1	2	42.308	False	False	False	neg	True	244	C01619
GCA_051805505.1_RkraJCM10450v2	AP041740.1	825777	826031	1	1	32.609	False	False	False	neg	True	324	C01620
GCA_019775605.1_ASM1977560v1	JACWFK010000264.1	16894	17022	1	1	37.209	False	False	False	neg	True	244	C01621
GCA_019190385.1_ASM1919038v1	JAHAQN010000011.1	258557	258748	1	1	32.812	False	False	False	neg	True	99	C01622
GCA_019189915.1_ASM1918991v1	JAHAPX010000001.1	208611	208751	1	1	42.0	False	False	False	neg	True	100	C01623
GCA_025502725.1_ASM2550272v1	JAMFRB010000023.1	191573	191707	1	1	40.0	False	False	False	neg	True	102	C01624
GCA_019190885.1_ASM1919088v1	JAHARF010000038.1	178655	184553	1	1	43.75	False	False	False	neg	True	101	C01625
GCA_019190265.1_ASM1919026v1	JAHAQL010000057.1	1239	1388	1	1	32.0	False	False	False	neg	True	100	C01626
GCA_051805565.1_RtJCM10295v2	AP041688.1	858375	858791	1	1	29.286	False	False	False	neg	True	131	C01627
GCA_050403245.1_Rt_toruloides_NBRC10512v1	BAABVE010000009.1	297755	297883	1	1	42.222	False	False	False	neg	True	120	C01628
GCA_028828615.1_ASM2882861v1	JAQRHP010000046.1	43662	43898	1	1	35.632	False	False	False	neg	True	146	C01629
GCA_019926025.1_ASM1992602v1	JAHSUG010000003.1	793885	794109	1	1	28.235	False	False	False	neg	True	305	C01630
GCA_009806315.1_ASM980631v1	QYSD01000002.1	64609	64872	1	1	28.409	False	False	False	neg	True	129	C01631
GCA_041430435.1_ASM4143043v1	JBFMMI010000053.1	104433	104594	1	1	32.143	False	False	False	neg	True	102	C01632
GCA_019190635.1_ASM1919063v1	JAHAQX010000003.1	108535	108711	1	1	32.203	False	False	False	neg	True	101	C01633
GCA_019190745.1_ASM1919074v1	JAHARB010000001.1	258482	258625	1	1	35.417	False	False	False	neg	True	99	C01634
GCA_013036735.1_ASM1303673v1	JABBIK010000060.1	34524	34649	1	1	42.857	False	False	False	neg	True	114	C01635
GCA_025502915.1_ASM2550291v1	JAMFQX010000042.1	194892	195029	1	2	45.652	False	False	False	neg	True	102	C01636
GCA_000222205.2_R.glutinis2	AEVR02000018.1	1127598	1127723	1	1	39.216	False	False	False	neg	True	162	C01637
GCA_019189665.1_ASM1918966v1	JAHAPO010000029.1	34836	35216	1	1	28.148	False	False	False	neg	True	105	C01638
GCA_038381065.1_ASM3838106v1	JAZHGP010000002.1	1041496	1041588	1	1	48.387	False	False	False	neg	True	151	C01639
GCA_033458335.1_ASM3345833v1	JAWJBI010000033.1	137284	137382	1	1	48.485	False	False	False	neg	True	152	C01640
GCA_051805515.1_RkraJCM10449v2	AP041720.1	592508	592759	1	1	32.323	False	False	False	neg	True	299	C01641
GCA_051805585.1_RtJCM10021v2	AP041633.1	73390	83105	1	2	28.814	False	False	False	neg	True	163	C01642
GCA_051805545.1_RtJCM10296v2	AP041698.1	1740987	1741106	1	2	45.0	False	False	False	neg	True	153	C01643
GCA_023628235.1_ASM2362823v1	JAMALD010000003.1	226164	237436	1	3	38.095	False	False	False	neg	True	125	C01644
GCA_013036715.1_ASM1303671v1	JABBIJ010000059.1	42657	42863	1	1	29.885	False	False	False	neg	True	111	C01645
GCA_019802825.1_ASM1980282v1	JACVTF010000087.1	47916	48089	1	2	30.263	False	False	False	neg	True	115	C01646
GCA_033458335.1_ASM3345833v1	JAWJBI010000034.1	67304	67489	1	1	34.286	False	False	False	neg	True	152	C01647
GCA_023968905.1_ASM2396890v1	JAMRMT010000013.1	491356	499450	1	1	45.098	False	False	False	neg	True	176	C01648
GCA_019190935.1_ASM1919093v1	JAHARI010000034.1	83871	92654	1	1	32.432	False	False	False	neg	True	110	C01649
GCA_051805595.1_RtJCM10020v2	AP041624.1	491803	491928	1	1	38.095	False	False	False	neg	True	147	C01650
GCA_051805495.1_RsphJCM8202v2	AP041759.1	384956	385147	1	1	34.848	False	False	False	neg	True	134	C01651
GCA_019189915.1_ASM1918991v1	JAHAPX010000025.1	183341	183502	1	1	32.143	False	False	False	neg	True	100	C01652
GCA_050916435.1_ASM5091643v1	JBPBFG010000064.1	46841	46978	1	2	45.652	False	False	False	neg	True	97	C01653
GCA_013036475.1_ASM1303647v1	JABBIB010000023.1	142367	142480	1	1	44.737	False	False	False	neg	True	115	C01654
GCA_019775605.1_ASM1977560v1	JACWFK010000167.1	29035	29133	1	2	45.455	False	False	False	neg	True	244	C01655
GCA_037040695.1_ASM3704069v1	JAXQHD010000015.1	17088	17234	1	1	30.612	False	False	False	neg	True	95	C01656
GCA_050403105.1_Rt_babjevae_JCM9279v1	BAABUW010000093.1	15315	15866	1	1	25.728	False	False	False	neg	True	289	C01657
GCA_024734855.1_ASM2473485v1	JANQAS010000374.1	457790	457936	1	1	34.694	False	False	False	neg	True	116	C01658
GCA_013036715.1_ASM1303671v1	JABBIJ010000050.1	34524	34649	1	1	42.857	False	False	False	neg	True	111	C01659
GCA_019190505.1_ASM1919050v1	JAHAQT010000071.1	33830	33934	1	1	40.0	False	False	False	neg	True	100	C01660
GCA_024500305.1_UAEM_Rmus_1.0	JALGWT010000047.1	528982	529140	1	1	36.066	False	False	False	neg	True	95	C01661
GCA_000222205.2_R.glutinis2	AEVR02000008.1	1623456	1623626	1	1	38.333	False	False	False	neg	True	162	C01662
GCA_050403145.1_Rt_glutinis_JCM8208v1	BAABUY010000003.1	286697	286792	1	1	51.429	False	False	False	neg	True	306	C01663
GCA_019190765.1_ASM1919076v1	JAHARC010000076.1	6005	6115	1	1	46.154	False	False	False	neg	True	102	C01664
GCA_029694785.1_ASM2969478v1	JAOWAH010000001.1	903099	903215	1	1	38.462	False	False	False	neg	True	148	C01665
GCA_019303655.1_ASM1930365v1	JAHUZI010000158.1	35785	35931	1	1	30.189	False	False	False	neg	True	99	C01666
GCA_019190905.1_ASM1919090v1	JAHARH010000011.1	243978	244229	1	1	27.381	False	False	False	neg	True	101	C01667
GCA_019190245.1_ASM1919024v1	JAHAQJ010000021.1	177335	177496	1	1	32.143	False	False	False	neg	True	100	C01668
GCA_037040695.1_ASM3704069v1	JAXQHD010000236.1	105864	105998	1	1	36.17	False	False	False	neg	True	95	C01669
GCF_000320785.1_RHOziaDV1.0	NW_015622989.1	97329	97469	1	1	40.426	False	False	False	neg	True	122	C01670
GCA_051805565.1_RtJCM10295v2	AP041695.1	678728	678928	1	1	33.333	False	False	False	neg	True	131	C01671
GCA_050403525.1_S_salmonicolor_JCM21900v1	BAABVS010000029.1	14511	14654	1	1	34.483	False	False	False	neg	True	177	C01672
GCA_055801775.1_ASM5580177v1	JBSSUU010000023.1	42673	42879	1	1	29.885	False	False	False	neg	True	98	C01673
GCA_002806785.1_ASM280678v1	NHTJ01000004.1	772729	772914	1	1	34.328	False	False	False	neg	True	99	C01674
GCA_019926025.1_ASM1992602v1	JAHSUG010000016.1	355095	355331	1	1	26.829	False	False	False	neg	True	305	C01675
GCA_051805595.1_RtJCM10020v2	AP041615.1	994584	994793	1	1	27.907	False	False	False	neg	True	147	C01676
GCA_019189345.1_ASM1918934v1	JAHAPE010000003.1	47169	47276	1	1	36.111	False	False	False	neg	True	103	C01677
GCA_040807085.1_ASM4080708v1	JBEWOO010000045.1	7085	7243	1	1	30.189	False	False	False	neg	True	42	C01678
GCA_041430455.1_ASM4143045v1	JBFMMH010000042.1	540177	540320	1	1	37.5	False	False	False	neg	True	102	C01679
GCA_019189785.1_ASM1918978v1	JAHAPV010000031.1	201397	201501	1	1	44.444	False	False	False	neg	True	103	C01680
GCA_037126565.1_ASM3712656v1	JAXUAX010000004.1	109573	109689	1	2	45.0	False	False	False	neg	True	158	C01681
GCA_001255795.1_IFO0880_HGAP3_v1	CWKI01000002.1	1673605	1721920	1	3	35.0	False	False	False	neg	True	136	C01682
GCA_019190905.1_ASM1919090v1	JAHARH010000017.1	147765	148043	1	1	31.633	False	False	False	neg	True	101	C01683
GCA_051805515.1_RkraJCM10449v2	AP041715.1	2336635	2336772	1	2	45.455	False	False	False	neg	True	299	C01684
GCA_037126565.1_ASM3712656v1	JAXUAX010000013.1	98304	98420	1	1	38.636	False	False	False	neg	True	158	C01685
GCA_013036355.1_ASM1303635v1	JABBHX010000062.1	75206	75412	1	1	29.885	False	False	False	neg	True	114	C01686
GCA_038381065.1_ASM3838106v1	JAZHGP010000017.1	255500	255757	1	1	36.047	False	False	False	neg	True	151	C01687
GCF_000320785.1_RHOziaDV1.0	NW_015622985.1	259869	269247	1	1	33.333	False	False	False	neg	True	122	C01688
GCA_019189545.1_ASM1918954v1	JAHAPK010000007.1	372788	373144	1	1	25.547	False	False	False	neg	True	100	C01689
GCA_921037615.3_Hybrid_genome_assembly_and_annotation_02	CAKLCE030000012.1	76672	76821	1	1	32.0	False	False	False	neg	True	154	C01690
GCA_058775505.1_UCR_RmucDH4148_1.0	CM179495.1	154440	154574	1	1	40.0	False	False	False	neg	True	111	C01691
GCA_002917965.1_ASM291796v1	PQDI01000042.1	70112	70282	1	1	35.088	False	False	False	neg	True	288	C01692
GCA_034509285.1_ASM3450928v1	JAOEGQ010000011.1	1909934	1910378	1	2	37.5	False	False	False	neg	True	162	C01693
GCA_000931965.1_ASM93196v1	JWTJ01000630.1	14202	14582	1	1	28.148	False	False	False	neg	True	92	C01694
GCA_019190385.1_ASM1919038v1	JAHAQN010000014.1	189937	190148	1	2	41.667	False	False	False	neg	True	99	C01695
GCA_019189485.1_ASM1918948v1	JAHAPI010000029.1	236398	236589	1	1	39.062	False	False	False	neg	True	100	C01696
GCA_051313295.1_ASM5131329v1	JBOZGK010000143.1	4417	4632	1	2	30.556	False	False	False	neg	True	225	C01697
GCA_019190965.1_ASM1919096v1	JAHARJ010000005.1	183420	183617	1	1	36.709	False	False	False	neg	True	105	C01698
GCA_050403245.1_Rt_toruloides_NBRC10512v1	BAABVE010000010.1	7351	7611	1	1	27.273	False	False	False	neg	True	120	C01699
GCA_920104245.2_Hybrid_genome_assembly_and_annotation	CAKKSZ020000019.1	1414108	1414263	1	1	34.615	False	False	False	neg	True	355	C01700
GCA_019189915.1_ASM1918991v1	JAHAPX010000022.1	147753	147950	1	1	33.333	False	False	False	neg	True	100	C01701
GCA_013036305.1_ASM1303630v1	JABBHW010000085.1	47966	48139	1	2	30.263	False	False	False	neg	True	112	C01702
GCA_019802825.1_ASM1980282v1	JACVTF010000037.1	39766	40119	1	1	24.219	False	False	False	neg	True	115	C01703
GCA_019189475.1_ASM1918947v1	JAHAPH010000012.1	248048	248311	1	1	32.584	False	False	False	neg	True	101	C01704
GCA_963855895.1_AIST536MM15v1	CAWLCL010000013.1	330849	331043	1	1	37.681	False	False	False	neg	True	152	C01705
GCA_013036475.1_ASM1303647v1	JABBIB010000024.1	194892	195029	1	2	45.652	False	False	False	neg	True	115	C01706
GCA_019802895.1_ASM1980289v1	JACVTJ010000067.1	90921	91133	1	1	30.986	False	False	False	neg	True	102	C01707
GCA_023628235.1_ASM2362823v1	JAMALD010000015.1	403997	404137	1	1	31.915	False	False	False	neg	True	125	C01708
GCA_001600115.1_JCM_10020_assembly_v001	BCIY01000002.1	831751	831897	1	1	30.612	False	False	False	neg	True	143	C01709
GCA_019189545.1_ASM1918954v1	JAHAPK010000026.1	304609	304725	1	1	34.783	False	False	False	neg	True	100	C01710
GCA_023628235.1_ASM2362823v1	JAMALD010000019.1	190773	191123	1	1	29.06	False	False	False	neg	True	125	C01711
GCA_005387725.1_ASM538772v1	SJTE01000312.1	7679	7840	1	1	41.667	False	False	False	neg	True	109	C01712
GCA_051805595.1_RtJCM10020v2	AP041624.1	586788	590247	1	1	40.385	False	False	False	neg	True	147	C01713
GCA_965239605.3_Hybrid_Genome_assembly_Updated-_INGCA000000200-3	CBDEHS030000001.1	443472	443573	1	1	50.0	False	False	False	neg	True	90	C01714
GCA_019191155.1_ASM1919115v1	JAHARP010000016.1	309581	325276	1	1	30.0	False	False	False	neg	True	99	C01715
GCA_002917965.1_ASM291796v1	PQDI01000004.1	1434753	1434932	1	1	37.705	False	False	False	neg	True	288	C01716
GCA_019190495.1_ASM1919049v1	JAHAQU010000055.1	63130	63225	1	1	42.424	False	False	False	neg	True	103	C01717
GCA_002806785.1_ASM280678v1	NHTJ01000006.1	1313425	1313544	1	1	36.585	False	False	False	neg	True	99	C01718
GCA_049500115.1_Rt_mucilaginosa_JCM8115v1	BAABVA010000037.1	83107	83463	1	1	25.547	False	False	False	neg	True	107	C01719
GCA_019775385.1_ASM1977538v1	JACWFV010000360.1	744	932	1	1	35.385	False	False	False	neg	True	244	C01720
GCA_000988875.2_ASM98887v2	LCTV02000015.1	29766	30020	1	1	27.907	False	False	False	neg	True	153	C01721
GCA_013036385.1_ASM1303638v1	JABBHY010000006.1	51855	51989	1	1	40.0	False	False	False	neg	True	114	C01722
GCA_023628195.1_ASM2362819v1	JAMALB010000137.1	34835	35215	1	1	28.148	False	False	False	neg	True	100	C01723
GCA_051313295.1_ASM5131329v1	JBOZGK010000142.1	112855	113139	1	1	30.612	False	False	False	neg	True	225	C01724
GCA_013036385.1_ASM1303638v1	JABBHY010000007.1	21361	21552	1	1	39.062	False	False	False	neg	True	114	C01725
GCA_050403265.1_Rt_toruloides_NBRC10513v1	BAABVF010000027.1	190732	190878	1	1	38.776	False	False	False	neg	True	137	C01726
GCA_005281665.1_ASM528166v1	SWEA01000016.1	103481	103636	1	4	37.736	False	False	False	neg	True	143	C01727
GCA_019190895.1_ASM1919089v1	JAHARG010000014.1	99297	114992	1	1	30.0	False	False	False	neg	True	103	C01728
GCA_038381065.1_ASM3838106v1	JAZHGP010000005.1	609934	622131	1	1	26.966	False	False	False	neg	True	151	C01729
GCA_050403265.1_Rt_toruloides_NBRC10513v1	BAABVF010000065.1	19094	29388	1	2	42.424	False	False	False	neg	True	137	C01730
GCA_019189595.1_ASM1918959v1	JAHAPM010000006.1	469551	469727	1	1	32.203	False	False	False	neg	True	101	C01731
GCA_034509285.1_ASM3450928v1	JAOEGQ010000010.1	1483927	1484274	1	1	26.724	False	False	False	neg	True	162	C01732
GCA_019189915.1_ASM1918991v1	JAHAPX010000037.1	136033	136146	1	1	44.737	False	False	False	neg	True	100	C01733
GCA_013036805.1_ASM1303680v1	JABBIM010000038.1	47194	47355	1	1	31.481	False	False	False	neg	True	100	C01734
GCA_024713535.1_ASM2471353v1	JANIBP010000008.1	557414	557749	1	1	30.088	False	False	False	neg	True	132	C01735
GCA_013036805.1_ASM1303680v1	JABBIM010000002.1	677570	677713	1	1	35.417	False	False	False	neg	True	100	C01736
GCA_016808315.1_ASM1680831v1	JABGON010000068.1	59519	62240	1	1	30.612	False	False	False	neg	True	215	C01737
GCA_019190245.1_ASM1919024v1	JAHAQJ010000016.1	189938	190149	1	2	41.667	False	False	False	neg	True	100	C01738
GCA_019189525.1_ASM1918952v1	JAHAPJ010000062.1	90840	91052	1	1	30.986	False	False	False	neg	True	99	C01739
GCA_002806785.1_ASM280678v1	NHTJ01000003.1	1201863	1203599	1	2	26.562	False	False	False	neg	True	99	C01740
GCA_002922495.1_ASM292249v1	PJQD01000035.1	173031	173168	1	1	34.783	False	False	False	neg	True	75	C01741
GCA_050403525.1_S_salmonicolor_JCM21900v1	BAABVS010000598.1	4733	4936	1	1	27.941	False	False	False	neg	True	177	C01742
GCA_024500305.1_UAEM_Rmus_1.0	JALGWT010000035.1	1202223	1202378	1	4	38.0	False	False	False	neg	True	95	C01743
GCA_049863195.1_ICGEB_R_pacifica_INDKK	JBLUWB010000001.1	2035749	2035862	1	1	42.105	False	False	False	neg	True	120	C01744
GCA_019190605.1_ASM1919060v1	JAHAQW010000045.1	58873	66126	1	1	36.842	False	False	False	neg	True	101	C01745
GCA_019802905.1_ASM1980290v1	JACVTG010000051.1	58873	66126	1	1	36.842	False	False	False	neg	True	99	C01746
GCA_023628235.1_ASM2362823v1	JAMALD010000020.1	192893	193024	1	1	39.13	False	False	False	neg	True	125	C01747
GCA_025502915.1_ASM2550291v1	JAMFQX010000014.1	40140	40340	1	1	33.333	False	False	False	neg	True	102	C01748
GCA_051805575.1_RtJCM10049v2	AP041654.1	858408	858572	1	1	34.545	False	False	False	neg	True	151	C01749
GCA_001600135.1_JCM_10021_assembly_v001	BCIZ01000019.1	184156	184305	1	1	36.0	False	False	False	neg	True	158	C01750
GCA_013036475.1_ASM1303647v1	JABBIB010000002.1	357057	357221	1	1	38.596	False	False	False	neg	True	115	C01751
GCA_019189885.1_ASM1918988v1	JAHAPW010000050.1	36493	36708	1	1	30.337	False	False	False	neg	True	105	C01752
GCA_046118745.1_ASM4611874v1	JAWHQO010000002.1	1467224	1467334	1	1	43.243	False	False	False	neg	True	61	C01753
GCA_051805575.1_RtJCM10049v2	AP041655.1	580150	580383	1	1	35.802	False	False	False	neg	True	151	C01754
GCA_051805495.1_RsphJCM8202v2	AP041749.1	242170	242277	1	1	36.111	False	False	False	neg	True	134	C01755
GCA_025502915.1_ASM2550291v1	JAMFQX010000004.1	57841	57984	1	1	35.417	False	False	False	neg	True	102	C01756
GCA_019189545.1_ASM1918954v1	JAHAPK010000001.1	828159	828296	1	1	40.0	False	False	False	neg	True	100	C01757
GCA_019190495.1_ASM1919049v1	JAHAQU010000042.1	40641	40784	1	1	27.083	False	False	False	neg	True	103	C01758
GCA_035220585.1_ASM3522058v1	JAWPQQ010000004.1	493133	501227	1	1	45.098	False	False	False	neg	True	145	C01759
GCA_051805585.1_RtJCM10021v2	AP041636.1	594380	594601	1	1	40.244	False	False	False	neg	True	163	C01760
GCA_015501985.1_ASM1550198v1	JAAGPT010000009.1	433950	434273	1	1	28.182	False	False	False	neg	True	410	C01761
GCA_019190795.1_ASM1919079v1	JAHARD010000031.1	201236	201340	1	1	44.444	False	False	False	neg	True	99	C01762
GCA_025502925.1_ASM2550292v1	JAMFQW010000023.1	309577	325272	1	1	30.0	False	False	False	neg	True	96	C01763
GCA_019190885.1_ASM1919088v1	JAHARF010000025.1	140190	140468	1	1	31.633	False	False	False	neg	True	101	C01764
GCA_013036505.1_ASM1303650v1	JABBIE010000002.1	256689	256832	1	1	35.417	False	False	False	neg	True	100	C01765
GCA_019805405.1_ASM1980540v1	JADQAW010000097.1	44209	44557	1	2	42.222	False	False	False	neg	True	102	C01766
GCA_019189475.1_ASM1918947v1	JAHAPH010000027.1	194885	195022	1	2	45.652	False	False	False	neg	True	101	C01767
GCA_035220585.1_ASM3522058v1	JAWPQQ010000046.1	119428	119550	1	1	39.024	False	False	False	neg	True	145	C01768
GCA_019190145.1_ASM1919014v1	JAHAQE010000021.1	90308	90448	1	1	31.915	False	False	False	neg	True	100	C01769
GCA_051805505.1_RkraJCM10450v2	AP041736.1	1354832	1371827	1	1	29.091	False	False	False	neg	True	324	C01770
GCA_013036905.1_ASM1303690v1	JABBIP010000004.1	170511	170669	1	1	36.066	False	False	False	neg	True	115	C01771
GCA_019189475.1_ASM1918947v1	JAHAPH010000002.1	258482	258625	1	1	35.417	False	False	False	neg	True	101	C01772
GCA_035220585.1_ASM3522058v1	JAWPQQ010000003.1	504056	504331	1	1	32.258	False	False	False	neg	True	145	C01773
GCA_051308255.1_Rhoto_ATCC26217_1	PS018195.1	15141	15350	1	1	25.926	False	False	False	neg	True	134	C01774
GCA_018687845.1_ASM1868784v1	JAGYYI010000001.1	494016	494225	1	1	29.73	False	False	False	neg	True	104	C01775
GCA_050403085.1_Rt_araucariae_JCM3770v1	BAABUV010000061.1	13996	33989	1	1	34.722	False	False	False	neg	True	196	C01776
GCA_001456015.1_ASM145601v1	LKER01000074.1	26060	26230	1	1	38.333	False	False	False	neg	True	185	C01777
GCA_037041355.1_ASM3704135v1	JAXQIK010000147.1	357175	357339	1	1	38.596	False	False	False	neg	True	104	C01778
GCA_019190895.1_ASM1919089v1	JAHARG010000015.1	405414	408907	1	2	33.333	False	False	False	neg	True	103	C01779
GCA_019189995.1_ASM1918999v1	JAHAQA010000032.1	201236	201340	1	1	44.444	False	False	False	neg	True	100	C01780
GCA_019671115.1_ASM1967111v1	JAHERV010000014.1	253729	253965	1	1	26.829	False	False	False	neg	True	156	C01781
GCA_057544825.1_Rhodotorula_sp._strain_HGY1	BAAJPB010000386.1	78853	79080	1	1	31.169	False	False	False	neg	True	171	C01782
GCA_019189345.1_ASM1918934v1	JAHAPE010000010.1	56180	56416	1	1	30.233	False	False	False	neg	True	103	C01783
GCA_057930215.1_Rhodotorula_pacifica_RDY01_v1	JBUBPS010000008.1	307934	308194	1	1	28.571	False	False	False	neg	True	97	C01784
GCA_013036655.1_ASM1303665v1	JABBIH010000020.1	28083	28268	1	1	34.328	False	False	False	neg	True	100	C01785
GCA_002917965.1_ASM291796v1	PQDI01000060.1	230751	230912	1	1	31.481	False	False	False	neg	True	288	C01786
GCA_037126565.1_ASM3712656v1	JAXUAX010000023.1	268094	268627	1	1	27.885	False	False	False	neg	True	158	C01787
GCA_051805565.1_RtJCM10295v2	AP041681.1	1323541	1323717	1	1	34.783	False	False	False	neg	True	131	C01788
GCA_013036445.1_ASM1303644v1	JABBIA010000006.1	92393	92521	1	1	38.636	False	False	False	neg	True	116	C01789
GCA_029694785.1_ASM2969478v1	JAOWAH010000008.1	1018432	1018656	1	5	41.176	False	False	False	neg	True	148	C01790
GCA_019775385.1_ASM1977538v1	JACWFV010000051.1	101932	102108	1	1	36.667	False	False	False	neg	True	244	C01791
GCA_029694785.1_ASM2969478v1	JAOWAH010000004.1	1245008	1245199	1	3	34.0	False	False	False	neg	True	148	C01792
GCA_920104245.2_Hybrid_genome_assembly_and_annotation	CAKKSZ020000002.1	46721	46879	1	1	35.0	False	False	False	neg	True	355	C01793
GCA_013030415.1_ASM1303041v1	JABENH010000010.1	91420	91548	1	1	38.636	False	False	False	neg	True	114	C01794
GCA_034509285.1_ASM3450928v1	JAOEGQ010000006.1	320145	320429	1	1	26.0	False	False	False	neg	True	162	C01795
GCA_019189485.1_ASM1918948v1	JAHAPI010000003.1	136551	147867	1	2	40.541	False	False	False	neg	True	100	C01796
GCA_019802815.1_ASM1980281v1	JACVTE010000094.1	29254	29358	1	1	40.0	False	False	False	neg	True	113	C01797
GCA_024500305.1_UAEM_Rmus_1.0	JALGWT010000045.1	22191	22295	1	1	37.143	False	False	False	neg	True	95	C01798
GCA_013036385.1_ASM1303638v1	JABBHY010000024.1	194892	195029	1	2	45.652	False	False	False	neg	True	114	C01799
GCA_013030385.1_ASM1303038v1	JABENE010000005.1	183274	183498	1	1	32.0	False	False	False	neg	True	116	C01800
GCA_013030385.1_ASM1303038v1	JABENE010000090.1	47938	48111	1	2	30.263	False	False	False	neg	True	116	C01801
GCA_051805505.1_RkraJCM10450v2	AP041745.1	581208	581309	1	1	41.176	False	False	False	neg	True	324	C01802
GCA_019775385.1_ASM1977538v1	JACWFV010000121.1	27655	27813	1	1	29.333	False	False	False	neg	True	244	C01803
GCA_019190525.1_ASM1919052v1	JAHAQS010000031.1	194885	195022	1	2	45.652	False	False	False	neg	True	100	C01804
GCA_019189985.1_ASM1918998v1	JAHAPZ010000012.1	110186	110284	1	1	47.059	False	False	False	neg	True	102	C01805
GCA_056149925.1_EIMB_Rkra_OB1_1.0	CM148912.1	1513652	1513747	1	1	45.0	False	False	False	neg	True	346	C01806
GCA_019190895.1_ASM1919089v1	JAHARG010000006.1	30785	38577	1	1	25.581	False	False	False	neg	True	103	C01807
GCA_016808315.1_ASM1680831v1	JABGON010000098.1	35671	35826	1	1	38.462	False	False	False	neg	True	215	C01808
GCA_012922695.1_ASM1292269v1	JABBMU010000001.1	677482	677625	1	1	35.417	False	False	False	neg	True	104	C01809
GCA_051805505.1_RkraJCM10450v2	AP041748.1	445851	446054	1	1	32.051	False	False	False	neg	True	324	C01810
GCA_013036755.1_ASM1303675v1	JABBIL010000040.1	60825	60965	1	1	42.0	False	False	False	neg	True	114	C01811
GCA_051805505.1_RkraJCM10450v2	AP041742.1	1002880	1003047	1	1	34.848	False	False	False	neg	True	324	C01812
GCA_050403165.1_Rt_graminis_JCM3775v1	BAABUZ010000011.1	228121	228225	1	1	40.0	False	False	False	neg	True	279	C01813
GCA_019189915.1_ASM1918991v1	JAHAPX010000015.1	201236	201340	1	1	44.444	False	False	False	neg	True	100	C01814
GCA_002806785.1_ASM280678v1	NHTJ01000007.1	469215	469325	1	1	46.154	False	False	False	neg	True	99	C01815
GCA_007990605.1_Rt10032-v1	BJWK01000001.1	183012	183233	1	1	29.73	False	False	False	neg	True	120	C01816
GCA_013036955.1_ASM1303695v1	JABBIR010000046.1	140171	140449	1	1	31.633	False	False	False	neg	True	116	C01817
GCA_019190885.1_ASM1919088v1	JAHARF010000076.1	30919	38711	1	1	25.581	False	False	False	neg	True	101	C01818
GCA_019190035.1_ASM1919003v1	JAHAQD010000023.1	258763	266845	1	1	29.577	False	False	False	neg	True	113	C01819
GCA_963855895.1_AIST536MM15v1	CAWLCL010000069.1	62626	62751	1	1	38.636	False	False	False	neg	True	152	C01820
GCA_006352295.1_UMAN_Rdio_1.0	SOZI01000019.1	164467	165307	1	1	35.849	False	False	False	neg	True	224	C01821
GCA_013036615.1_ASM1303661v1	JABBIG010000002.1	332377	332535	1	1	36.066	False	False	False	neg	True	101	C01822
GCA_001600115.1_JCM_10020_assembly_v001	BCIY01000012.1	221756	221917	1	1	35.714	False	False	False	neg	True	143	C01823
GCA_001600155.1_JCM_10049_assembly_v001	BCJA01000017.1	425933	426079	1	1	39.623	False	False	False	neg	True	149	C01824
GCA_033458335.1_ASM3345833v1	JAWJBI010000022.1	238796	239053	1	1	36.047	False	False	False	neg	True	152	C01825
GCA_001255795.1_IFO0880_HGAP3_v1	CWKI01000011.1	238763	239008	1	1	29.897	False	False	False	neg	True	136	C01826
GCA_056149925.1_EIMB_Rkra_OB1_1.0	CM148915.1	872785	872976	1	1	34.375	False	False	False	neg	True	346	C01827
GCF_050403205.1_Rt_paludigena_JCM10292v1	NW_027481451.1	442068	442205	1	1	36.957	False	False	False	neg	True	152	C01828
GCA_050403245.1_Rt_toruloides_NBRC10512v1	BAABVE010000041.1	32623	45319	1	1	42.424	False	False	False	neg	True	120	C01829
GCA_001541205.1_Rhosp1	KQ954537.1	28643	28774	1	1	40.0	False	False	False	neg	True	89	C01830
GCA_021654155.1_ASM2165415v1	JAKEZK010000016.1	105525	105665	1	1	31.915	False	False	False	neg	True	103	C01831
GCA_051308255.1_Rhoto_ATCC26217_1	PS018115.1	276844	276993	1	1	39.216	False	False	False	neg	True	134	C01832
GCA_024713535.1_ASM2471353v1	JANIBP010000002.1	867247	867408	1	1	28.333	False	False	False	neg	True	132	C01833
GCA_051805515.1_RkraJCM10449v2	AP041721.1	90844	91233	1	1	27.941	False	False	False	neg	True	299	C01834
GCA_036244875.1_Rhopal_B15_v1.0	BQKY01000001.1	318123	318365	1	1	32.584	False	False	False	neg	True	172	C01835
GCA_920103735.2_Hybrid_genome_assembly_and_annotation_-DBVPG_8058	CAKKSY020000020.1	957662	957787	1	1	40.476	False	False	False	neg	True	335	C01836
GCA_019190345.1_ASM1919034v1	JAHAQM010000067.1	52545	52649	1	1	40.0	False	False	False	neg	True	101	C01837
GCA_050403085.1_Rt_araucariae_JCM3770v1	BAABUV010000141.1	43401	43526	1	1	38.095	False	False	False	neg	True	196	C01838
GCA_019189595.1_ASM1918959v1	JAHAPM010000017.1	195834	196010	1	2	31.667	False	False	False	neg	True	101	C01839
GCA_920103745.3_Hybrid_genome_assembly_and_annotation	CAKKSX030000020.1	263267	263422	1	1	33.333	False	False	False	neg	True	366	C01840
GCA_036244875.1_Rhopal_B15_v1.0	BQKY01000001.1	775125	775220	1	1	50.0	False	False	False	neg	True	172	C01841
GCA_050403505.1_S_salmonicolor_JCM1841v1	BAABVR010000315.1	14258	14482	1	1	34.667	False	False	False	neg	True	160	C01842
GCA_013036505.1_ASM1303650v1	JABBIE010000003.1	47204	47365	1	1	31.481	False	False	False	neg	True	100	C01843
GCA_005281665.1_ASM528166v1	SWEA01000044.1	112051	112143	1	1	48.387	False	False	False	neg	True	143	C01844
GCA_013036905.1_ASM1303690v1	JABBIP010000001.1	498956	499099	1	1	35.417	False	False	False	neg	True	115	C01845
GCA_057930215.1_Rhodotorula_pacifica_RDY01_v1	JBUBPS010000019.1	173026	173301	1	1	29.474	False	False	False	neg	True	97	C01846
GCA_016584205.1_ASM1658420v1	PUHQ01000041.1	26375	26638	1	1	32.584	False	False	False	neg	True	93	C01847
GCA_920104245.2_Hybrid_genome_assembly_and_annotation	CAKKSZ020000009.1	1012796	1012918	1	1	43.902	False	False	False	neg	True	355	C01848
GCA_019775605.1_ASM1977560v1	JACWFK010000259.1	11245	11400	1	2	32.692	False	False	False	neg	True	244	C01849
GCA_019190635.1_ASM1919063v1	JAHAQX010000066.1	36541	36684	1	1	27.083	False	False	False	neg	True	101	C01850
GCA_056149925.1_EIMB_Rkra_OB1_1.0	CM148918.1	565980	566111	1	1	33.333	False	False	False	neg	True	346	C01851
GCF_001329695.1_Rhoba1_1	NW_017264947.1	222330	233470	1	2	35.556	False	False	False	neg	True	313	C01852
GCA_015501985.1_ASM1550198v1	JAAGPT010000005.1	1402199	1402357	1	1	30.189	False	False	False	neg	True	410	C01853
GCA_016584205.1_ASM1658420v1	PUHQ01000006.1	79128	79265	1	1	40.0	False	False	False	neg	True	93	C01854
GCA_019189675.1_ASM1918967v1	JAHAPQ010000033.1	3910	4053	1	1	37.5	False	False	False	neg	True	104	C01855
GCA_019802825.1_ASM1980282v1	JACVTF010000044.1	60825	60965	1	1	42.0	False	False	False	neg	True	115	C01856
GCA_025502755.1_ASM2550275v1	JAMFRA010000028.1	132834	132947	1	1	44.737	False	False	False	neg	True	98	C01857
GCA_029694785.1_ASM2969478v1	JAOWAH010000005.1	1265787	1265915	1	1	42.222	False	False	False	neg	True	148	C01858
GCA_019190795.1_ASM1919079v1	JAHARD010000002.1	533306	533449	1	1	35.417	False	False	False	neg	True	99	C01859
GCA_013036825.1_ASM1303682v1	JABBIN010000003.1	332401	332559	1	1	36.066	False	False	False	neg	True	113	C01860
GCA_019775605.1_ASM1977560v1	JACWFK010000024.1	37458	37757	1	1	23.762	False	False	False	neg	True	244	C01861
GCA_051805495.1_RsphJCM8202v2	AP041755.1	1087961	1088098	1	1	36.17	False	False	False	neg	True	134	C01862
GCA_019189415.1_ASM1918941v1	JAHAPG010000050.1	63569	63703	1	1	35.556	False	False	False	neg	True	101	C01863
GCA_019190145.1_ASM1919014v1	JAHAQE010000031.1	68264	68368	1	1	42.857	False	False	False	neg	True	100	C01864
GCA_021654155.1_ASM2165415v1	JAKEZK010000055.1	80998	81144	1	1	33.929	False	False	False	neg	True	103	C01865
GCA_030983975.1_UCSB_Rmuci_1.0	JABVZP010000003.1	278384	278812	1	1	31.126	False	False	False	neg	True	124	C01866
GCA_009806315.1_ASM980631v1	QYSD01000127.1	9876	10061	1	2	33.871	False	False	False	neg	True	129	C01867
GCA_013036825.1_ASM1303682v1	JABBIN010000081.1	29254	29358	1	1	40.0	False	False	False	neg	True	113	C01868
GCA_003055205.1_ASM305520v1	PEFX01000028.1	628894	629100	1	1	29.885	False	False	False	neg	True	103	C01869
GCA_001600115.1_JCM_10020_assembly_v001	BCIY01000001.1	611479	628538	1	2	40.625	False	False	False	neg	True	143	C01870
GCA_000988805.1_ASM98880v1	LCTU01000094.1	42076	42249	1	1	34.483	False	False	False	neg	True	132	C01871
GCA_000258745.1_ASM25874v1	JH650723.1	59539	59652	1	1	39.474	False	False	False	neg	True	126	C01872
GCA_019803015.1_ASM1980301v1	JACVTK010003085.1	476	598	1	1	39.13	False	False	False	neg	True	52	C01873
GCA_019190035.1_ASM1919003v1	JAHAQD010000010.1	284125	284280	1	4	38.0	False	False	False	neg	True	113	C01874
GCA_019190745.1_ASM1919074v1	JAHARB010000029.1	194885	195022	1	2	45.652	False	False	False	neg	True	99	C01875
GCA_029694785.1_ASM2969478v1	JAOWAH010000012.1	645283	645453	1	1	35.821	False	False	False	neg	True	148	C01876
GCA_019189755.1_ASM1918975v1	JAHAPS010000036.1	201236	201340	1	1	44.444	False	False	False	neg	True	105	C01877
GCA_013036665.1_ASM1303666v1	JABBII010000046.1	11716	11994	1	1	31.633	False	False	False	neg	True	114	C01878
GCA_019190885.1_ASM1919088v1	JAHARF010000053.1	65342	65476	1	1	35.556	False	False	False	neg	True	101	C01879
GCA_013036365.1_ASM1303636v1	JABBHZ010000013.1	183283	183507	1	1	32.0	False	False	False	neg	True	101	C01880
GCA_041430435.1_ASM4143043v1	JBFMMI010000046.1	194888	195025	1	2	45.652	False	False	False	neg	True	102	C01881
GCA_013036305.1_ASM1303630v1	JABBHW010000022.1	181397	181561	1	1	38.596	False	False	False	neg	True	112	C01882
GCA_001456015.1_ASM145601v1	LKER01000014.1	177755	177943	1	1	34.921	False	False	False	neg	True	185	C01883
GCA_000988805.1_ASM98880v1	LCTU01000112.1	14798	15007	1	1	25.926	False	False	False	neg	True	132	C01884
GCA_019190765.1_ASM1919076v1	JAHARC010000009.1	317023	317121	1	1	42.424	False	False	False	neg	True	102	C01885
GCA_013030405.1_ASM1303040v1	JABENF010000007.1	87730	87945	1	1	30.337	False	False	False	neg	True	115	C01886
GCA_050403085.1_Rt_araucariae_JCM3770v1	BAABUV010000036.1	80301	80444	1	1	37.5	False	False	False	neg	True	196	C01887
GCA_025502745.1_ASM2550274v1	JAMFRC010000009.1	161889	162083	1	1	31.343	False	False	False	neg	True	100	C01888
GCA_001600215.1_JCM_24501_assembly_v001	BCJE01000012.1	812270	812449	1	1	33.333	False	False	False	neg	True	143	C01889
GCA_025502945.1_ASM2550294v1	JAMFQV010000021.1	88210	88425	1	1	30.337	False	False	False	neg	True	102	C01890
GCA_019190705.1_ASM1919070v1	JAHAQZ010000030.1	194885	195022	1	2	45.652	False	False	False	neg	True	100	C01891
GCA_019189395.1_ASM1918939v1	JAHAPF010000048.1	63653	63787	1	1	35.556	False	False	False	neg	True	103	C01892
GCA_012922825.1_ASM1292282v1	JABBMX010000115.1	5833	13625	1	1	25.581	False	False	False	neg	True	102	C01893
GCA_003055205.1_ASM305520v1	PEFX01000035.1	168756	169109	1	1	24.219	False	False	False	neg	True	103	C01894
GCA_019802825.1_ASM1980282v1	JACVTF010000017.1	314800	314898	1	1	42.424	False	False	False	neg	True	115	C01895
GCA_041430455.1_ASM4143045v1	JBFMMH010000078.1	112025	112225	1	1	26.866	False	False	False	neg	True	102	C01896
GCF_050403185.1_Rt_pacifica_JCM10908v1	NW_027481525.1	153573	153740	1	1	34.483	False	False	False	neg	True	95	C01897
GCA_000988805.1_ASM98880v1	LCTU01000117.1	45137	45310	1	1	32.759	False	False	False	neg	True	132	C01898
GCA_001542265.1_ASM154226v1	LNKU01000018.1	423120	423254	1	1	41.304	False	False	False	neg	True	157	C01899
GCA_024748845.1_ASM2474884v1	JANBVD010000008.1	1001219	1001323	1	1	42.857	False	False	False	neg	True	104	C01900
GCA_001914285.1_FNED7-bin-22	MSDX01000830.1	2695	2802	1	1	35.135	False	False	False	neg	True	44	C01901
GCA_024500305.1_UAEM_Rmus_1.0	JALGWT010000022.1	439435	439719	1	1	26.316	False	False	False	neg	True	95	C01902
GCA_012922805.1_ASM1292280v1	JABBMW010000031.1	25148	25252	1	1	44.444	False	False	False	neg	True	113	C01903
GCA_001542305.1_ASM154230v1	LNQQ01000022.1	125904	138446	1	1	47.5	False	False	False	neg	True	152	C01904
GCA_019189595.1_ASM1918959v1	JAHAPM010000050.1	58873	66126	1	1	36.842	False	False	False	neg	True	101	C01905
GCA_012922695.1_ASM1292269v1	JABBMU010000015.1	183916	184140	1	1	32.0	False	False	False	neg	True	104	C01906
GCA_019671115.1_ASM1967111v1	JAHERV010000061.1	89533	94815	1	2	35.897	False	False	False	neg	True	156	C01907
GCA_005059875.1_ASM505987v1	MXAQ01000042.1	151753	151869	1	1	34.783	False	False	False	neg	True	93	C01908
GCA_013036655.1_ASM1303665v1	JABBIH010000006.1	182397	182552	1	4	38.0	False	False	False	neg	True	100	C01909
GCA_001373355.1_SPOSA68321A01	CENE01000024.1	159340	159582	1	1	33.735	False	False	False	neg	True	166	C01910
GCA_022817825.1_ASM2281782v1	JAFEUJ010000008.1	912087	912182	1	1	34.375	False	False	False	neg	True	318	C01911
GCA_040807085.1_ASM4080708v1	JBEWOO010002138.1	261	395	1	1	35.556	False	False	False	neg	True	42	C01912
GCA_012922825.1_ASM1292282v1	JABBMX010000003.1	442756	442914	1	1	36.066	False	False	False	neg	True	102	C01913
GCA_051805595.1_RtJCM10020v2	AP041624.1	427185	427304	1	1	40.0	False	False	False	neg	True	147	C01914
GCA_019189665.1_ASM1918966v1	JAHAPO010000004.1	423201	423341	1	1	42.0	False	False	False	neg	True	105	C01915
GCA_050403245.1_Rt_toruloides_NBRC10512v1	BAABVE010000016.1	76160	76318	1	1	30.189	False	False	False	neg	True	120	C01916
GCA_013036655.1_ASM1303665v1	JABBIH010000032.1	79040	79399	1	1	28.346	False	False	False	neg	True	100	C01917
GCA_050403085.1_Rt_araucariae_JCM3770v1	BAABUV010000278.1	16891	17067	1	1	34.426	False	False	False	neg	True	196	C01918
GCA_019775595.1_ASM1977559v1	JACWFL010000011.1	23712	23846	1	1	39.583	False	False	False	neg	True	238	C01919
GCA_019190795.1_ASM1919079v1	JAHARD010000001.1	104081	104221	1	1	42.0	False	False	False	neg	True	99	C01920
GCA_019190145.1_ASM1919014v1	JAHAQE010000030.1	22959	23255	1	1	29.907	False	False	False	neg	True	100	C01921
GCA_037974285.1_ASM3797428v1	JBBPFV010000010.1	248400	248534	1	1	37.778	False	False	False	neg	True	74	C01922
GCA_019189525.1_ASM1918952v1	JAHAPJ010000021.1	150270	150494	1	1	32.0	False	False	False	neg	True	99	C01923
GCA_019189475.1_ASM1918947v1	JAHAPH010000049.1	40603	40737	1	1	40.0	False	False	False	neg	True	101	C01924
GCA_041430375.1_ASM4143037v1	JBFMMJ010000001.1	191341	191448	1	1	36.111	False	False	False	neg	True	103	C01925
GCA_038381065.1_ASM3838106v1	JAZHGP010000004.1	16554	24290	1	2	28.169	False	False	False	neg	True	151	C01926
GCA_018687845.1_ASM1868784v1	JAGYYI010000022.1	343773	343988	1	1	30.337	False	False	False	neg	True	104	C01927
GCA_019059545.1_ASM1905954v1	JAGYWK010000008.1	485592	485729	1	1	34.783	False	False	False	neg	True	106	C01928
GCA_001600215.1_JCM_24501_assembly_v001	BCJE01000004.1	231404	231562	1	1	32.075	False	False	False	neg	True	143	C01929
GCA_030867695.1_ASM3086769v1	JARDXF010000004.1	308114	327366	1	1	22.93	False	False	False	neg	True	183	C01930
GCA_030983975.1_UCSB_Rmuci_1.0	JABVZP010000010.1	73960	79448	1	1	35.385	False	False	False	neg	True	124	C01931
GCA_013036505.1_ASM1303650v1	JABBIE010000061.1	12370	12582	1	1	30.986	False	False	False	neg	True	100	C01932
GCA_019190385.1_ASM1919038v1	JAHAQN010000003.1	245099	253714	1	2	45.455	False	False	False	neg	True	99	C01933
GCA_019671035.1_ASM1967103v1	JAHALV010000040.1	137898	138101	1	1	30.882	False	False	False	neg	True	102	C01934
GCA_034509285.1_ASM3450928v1	JAOEGQ010000011.1	1568128	1568235	1	1	43.182	False	False	False	neg	True	162	C01935
GCA_050403525.1_S_salmonicolor_JCM21900v1	BAABVS010000174.1	11971	12186	1	1	34.247	False	False	False	neg	True	177	C01936
GCA_025502925.1_ASM2550292v1	JAMFQW010000042.1	84368	91621	1	1	36.842	False	False	False	neg	True	96	C01937
GCA_040807085.1_ASM4080708v1	JBEWOO010001985.1	1471	1560	1	1	46.667	False	False	False	neg	True	42	C01938
GCA_024184655.1_ASM2418465v1	JAMKPX010000148.1	58424	58780	1	1	25.547	False	False	False	neg	True	93	C01939
GCA_056149925.1_EIMB_Rkra_OB1_1.0	CM148925.1	497779	497895	1	1	43.59	False	False	False	neg	True	346	C01940
GCA_019190495.1_ASM1919049v1	JAHAQU010000012.1	56942	57178	1	1	30.233	False	False	False	neg	True	103	C01941
GCA_025502755.1_ASM2550275v1	JAMFRA010000015.1	405992	409485	1	2	33.333	False	False	False	neg	True	98	C01942
GCA_019190965.1_ASM1919096v1	JAHARJ010000022.1	76116	76259	1	1	32.653	False	False	False	neg	True	105	C01943
GCA_025502725.1_ASM2550272v1	JAMFRB010000002.1	533309	533452	1	1	35.417	False	False	False	neg	True	102	C01944
GCA_013036715.1_ASM1303671v1	JABBIJ010000021.1	207526	207666	1	1	42.0	False	False	False	neg	True	111	C01945
GCA_963379285.1_SMGC_7569_bin.1_MetaWRAP_v1.2.1_MAG	CAUJNL010000113.1	14514	14630	1	2	35.897	False	False	False	neg	True	66	C01946
GCA_024748845.1_ASM2474884v1	JANBVD010000012.1	250090	250227	1	2	45.652	False	False	False	neg	True	104	C01947
GCA_019191155.1_ASM1919115v1	JAHARP010000005.1	108535	108711	1	1	32.203	False	False	False	neg	True	99	C01948
GCA_050403085.1_Rt_araucariae_JCM3770v1	BAABUV010000442.1	867	1058	1	1	27.273	False	False	False	neg	True	196	C01949
GCA_002917965.1_ASM291796v1	PQDI01000003.1	868893	869126	1	1	28.205	False	False	False	neg	True	288	C01950
GCA_051805495.1_RsphJCM8202v2	AP041749.1	1028869	1028994	1	1	41.86	False	False	False	neg	True	134	C01951
GCA_019189525.1_ASM1918952v1	JAHAPJ010000027.1	187543	187677	1	1	40.0	False	False	False	neg	True	99	C01952
GCA_051805595.1_RtJCM10020v2	AP041625.1	915415	915525	1	1	43.59	False	False	False	neg	True	147	C01953
GCA_035220585.1_ASM3522058v1	JAWPQQ010000065.1	313	438	1	1	39.216	False	False	False	neg	True	145	C01954
GCA_051805515.1_RkraJCM10449v2	AP041715.1	1894656	1901356	1	1	28.395	False	False	False	neg	True	299	C01955
GCA_002917965.1_ASM291796v1	PQDI01000025.1	366388	366561	1	1	34.848	False	False	False	neg	True	288	C01956
GCA_019189395.1_ASM1918939v1	JAHAPF010000001.1	207535	207675	1	1	42.0	False	False	False	neg	True	103	C01957
GCA_921037615.3_Hybrid_genome_assembly_and_annotation_02	CAKLCE030000003.1	815724	815834	1	1	43.59	False	False	False	neg	True	154	C01958
GCA_005387725.1_ASM538772v1	SJTE01000094.1	159038	159232	1	1	31.818	False	False	False	neg	True	109	C01959
GCA_013036305.1_ASM1303630v1	JABBHW010000012.1	118603	118758	1	4	38.0	False	False	False	neg	True	112	C01960
GCA_001600215.1_JCM_24501_assembly_v001	BCJE01000002.1	1453285	1453497	1	1	33.333	False	False	False	neg	True	143	C01961
GCA_013036735.1_ASM1303673v1	JABBIK010000040.1	22465	22665	1	1	33.803	False	False	False	neg	True	114	C01962
GCA_019671035.1_ASM1967103v1	JAHALV010000053.1	38431	38550	1	1	36.585	False	False	False	neg	True	102	C01963
GCA_001600115.1_JCM_10020_assembly_v001	BCIY01000012.1	4775	4969	1	1	34.783	False	False	False	neg	True	143	C01964
GCA_001600155.1_JCM_10049_assembly_v001	BCJA01000003.1	524613	524726	1	1	39.474	False	False	False	neg	True	149	C01965
GCA_040807085.1_ASM4080708v1	JBEWOO010000685.1	1584	1712	1	1	39.583	False	False	False	neg	True	42	C01966
GCA_005281665.1_ASM528166v1	SWEA01000002.1	18427	18516	1	1	43.333	False	False	False	neg	True	143	C01967
GCA_023628275.1_ASM2362827v1	JAMALC010000050.1	48458	48667	1	1	36.62	False	False	False	neg	True	94	C01968
GCA_019802905.1_ASM1980290v1	JACVTG010000064.1	75209	75415	1	1	29.885	False	False	False	neg	True	99	C01969
GCA_023078535.2_ASM2307853v2	JAKRWS020000010.1	234791	234991	1	1	26.316	False	False	False	neg	True	115	C01970
GCA_019190605.1_ASM1919060v1	JAHAQW010000033.1	11717	11995	1	1	31.633	False	False	False	neg	True	101	C01971
GCA_005387725.1_ASM538772v1	SJTE01000173.1	27524	27718	1	1	35.385	False	False	False	neg	True	109	C01972
GCA_019189985.1_ASM1918998v1	JAHAPZ010000028.1	147594	147872	1	1	31.633	False	False	False	neg	True	102	C01973
GCA_001542305.1_ASM154230v1	LNQQ01000006.1	1277170	1277418	1	1	33.333	False	False	False	neg	True	152	C01974
GCA_012922805.1_ASM1292280v1	JABBMW010000002.1	408560	408703	1	1	35.417	False	False	False	neg	True	113	C01975
GCA_024734855.1_ASM2473485v1	JANQAS010000001.1	398258	415317	1	2	40.625	False	False	False	neg	True	116	C01976
GCA_001541205.1_Rhosp1	KQ954531.1	22174	22398	1	2	30.667	False	False	False	neg	True	89	C01977
GCA_019775385.1_ASM1977538v1	JACWFV010000270.1	39385	39498	1	1	44.737	False	False	False	neg	True	244	C01978
GCA_050403085.1_Rt_araucariae_JCM3770v1	BAABUV010000275.1	22676	22897	1	1	35.443	False	False	False	neg	True	196	C01979
GCA_012922805.1_ASM1292280v1	JABBMW010000004.1	476701	476931	1	1	32.558	False	False	False	neg	True	113	C01980
GCA_019190805.1_ASM1919080v1	JAHARE010000049.1	36493	36708	1	1	30.337	False	False	False	neg	True	100	C01981
GCA_051313295.1_ASM5131329v1	JBOZGK010000176.1	21206	21412	1	1	37.681	False	False	False	neg	True	225	C01982
GCA_019775595.1_ASM1977559v1	JACWFL010000137.1	291397	291585	1	1	35.821	False	False	False	neg	True	238	C01983
GCA_001373355.1_SPOSA68321A01	CENE01000005.1	178524	178613	1	1	63.333	False	False	False	neg	True	166	C01984
GCA_051805575.1_RtJCM10049v2	AP041658.1	577725	581180	1	1	40.385	False	False	False	neg	True	151	C01985
GCA_024500305.1_UAEM_Rmus_1.0	JALGWT010000054.1	136520	136657	1	1	35.417	False	False	False	neg	True	95	C01986
GCA_019189545.1_ASM1918954v1	JAHAPK010000004.1	183429	183626	1	1	36.709	False	False	False	neg	True	100	C01987
GCA_005059875.1_ASM505987v1	MXAQ01000007.1	442731	442841	1	1	46.154	False	False	False	neg	True	93	C01988
GCA_019189345.1_ASM1918934v1	JAHAPE010000036.1	139085	139444	1	1	28.346	False	False	False	neg	True	103	C01989
GCA_019190135.1_ASM1919013v1	JAHAQG010000001.1	72082	72579	1	1	28.324	False	False	False	neg	True	105	C01990
GCA_004143675.1_ASM414367v1	RZHN01000017.1	28372	28650	1	1	31.633	False	False	False	neg	True	94	C01991
GCA_019189905.1_ASM1918990v1	JAHAPY010000034.1	25148	25252	1	1	44.444	False	False	False	neg	True	103	C01992
GCA_001541205.1_Rhosp1	KQ954481.1	82844	82975	1	1	36.364	False	False	False	neg	True	89	C01993
GCA_019190745.1_ASM1919074v1	JAHARB010000016.1	272052	272195	1	1	32.653	False	False	False	neg	True	99	C01994
GCA_001600215.1_JCM_24501_assembly_v001	BCJE01000009.1	646221	646358	1	1	43.478	False	False	False	neg	True	143	C01995
GCA_051805565.1_RtJCM10295v2	AP041681.1	2175487	2175846	1	1	26.829	False	False	False	neg	True	131	C01996
GCA_019189475.1_ASM1918947v1	JAHAPH010000037.1	178655	184553	1	1	43.75	False	False	False	neg	True	101	C01997
GCA_019189985.1_ASM1918998v1	JAHAPZ010000056.1	9774	9974	1	1	26.866	False	False	False	neg	True	102	C01998
GCA_051805575.1_RtJCM10049v2	AP041655.1	853855	854001	1	1	39.623	False	False	False	neg	True	151	C01999
GCA_012922825.1_ASM1292282v1	JABBMX010000002.1	533305	533448	1	1	35.417	False	False	False	neg	True	102	C02000
GCA_019189475.1_ASM1918947v1	JAHAPH010000017.1	6449	6634	1	1	34.921	False	False	False	neg	True	101	C02001
GCA_019190705.1_ASM1919070v1	JAHAQZ010000021.1	224964	225086	1	2	30.435	False	False	False	neg	True	100	C02002
GCA_012922695.1_ASM1292269v1	JABBMU010000061.1	36493	36708	1	1	30.337	False	False	False	neg	True	104	C02003
GCA_050403145.1_Rt_glutinis_JCM8208v1	BAABUY010000056.1	46899	47153	1	1	32.222	False	False	False	neg	True	306	C02004
GCA_019189915.1_ASM1918991v1	JAHAPX010000022.1	304392	304508	1	1	34.783	False	False	False	neg	True	100	C02005
GCA_005281665.1_ASM528166v1	SWEA01000003.1	894199	894291	1	1	38.71	False	False	False	neg	True	143	C02006
GCA_019303655.1_ASM1930365v1	JAHUZI010000040.1	58739	65992	1	1	36.842	False	False	False	neg	True	99	C02007
GCA_019059545.1_ASM1905954v1	JAGYWK010000008.1	29258	52291	1	3	45.652	False	False	False	neg	True	106	C02008
GCA_023078535.2_ASM2307853v2	JAKRWS020000462.1	36824	36970	1	1	30.612	False	False	False	neg	True	115	C02009
GCA_025502915.1_ASM2550291v1	JAMFQX010000100.1	11270	11452	1	1	36.232	False	False	False	neg	True	102	C02010
GCA_921037615.3_Hybrid_genome_assembly_and_annotation_02	CAKLCE030000012.1	220687	220803	1	1	35.897	False	False	False	neg	True	154	C02011
GCA_057542475.1_Rhodotorula_sp._strain_HGY2	BAAJPC010000298.1	129181	129324	1	1	39.216	False	False	False	neg	True	154	C02012
GCA_921037615.3_Hybrid_genome_assembly_and_annotation_02	CAKLCE030000008.1	1456554	1456727	1	1	28.814	False	False	False	neg	True	154	C02013
GCA_023628235.1_ASM2362823v1	JAMALD010000004.1	632525	632674	1	3	34.0	False	False	False	neg	True	125	C02014
GCA_019190795.1_ASM1919079v1	JAHARD010000043.1	39564	39674	1	1	46.154	False	False	False	neg	True	99	C02015
GCA_029873615.1_ASM2987361v1	JAQJJA010000003.1	594685	594822	1	2	34.0	False	False	False	neg	True	156	C02016
GCA_019805405.1_ASM1980540v1	JADQAW010000004.1	36509	36613	1	1	40.0	False	False	False	neg	True	102	C02017
GCA_007990605.1_Rt10032-v1	BJWK01000020.1	324156	324338	1	1	27.869	False	False	False	neg	True	120	C02018
GCA_012922825.1_ASM1292282v1	JABBMX010000004.1	589391	589576	1	1	34.328	False	False	False	neg	True	102	C02019
GCA_046118745.1_ASM4611874v1	JAWHQO010000001.1	2608011	2608127	1	1	30.769	False	False	False	neg	True	61	C02020
GCA_019775595.1_ASM1977559v1	JACWFL010000114.1	4074	4328	1	1	32.609	False	False	False	neg	True	238	C02021
GCA_024500305.1_UAEM_Rmus_1.0	JALGWT010000041.1	248248	248748	1	1	26.705	False	False	False	neg	True	95	C02022
GCA_025502915.1_ASM2550291v1	JAMFQX010000032.1	78055	79163	1	1	28.346	False	False	False	neg	True	102	C02023
GCA_051805505.1_RkraJCM10450v2	AP041738.1	664317	677583	1	2	39.535	False	False	False	neg	True	324	C02024
GCA_029694785.1_ASM2969478v1	JAOWAH010000004.1	983817	984026	1	1	27.907	False	False	False	neg	True	148	C02025
GCA_920104245.2_Hybrid_genome_assembly_and_annotation	CAKKSZ020000016.1	482844	482984	1	1	34.043	False	False	False	neg	True	355	C02026
GCA_024184655.1_ASM2418465v1	JAMKPX010000155.1	62998	63135	1	2	45.652	False	False	False	neg	True	93	C02027
GCA_024748845.1_ASM2474884v1	JANBVD010000001.1	1020770	1020949	1	1	35.484	False	False	False	neg	True	104	C02028
GCA_001456015.1_ASM145601v1	LKER01000247.1	9315	9614	1	1	31.373	False	False	False	neg	True	185	C02029
GCA_019189795.1_ASM1918979v1	JAHAPU010000040.1	207460	207606	1	1	30.189	False	False	False	neg	True	102	C02030
GCA_051805595.1_RtJCM10020v2	AP041625.1	821247	821348	1	1	41.176	False	False	False	neg	True	147	C02031
GCA_013036355.1_ASM1303635v1	JABBHX010000030.1	180417	180521	1	1	44.444	False	False	False	neg	True	114	C02032
GCA_013036715.1_ASM1303671v1	JABBIJ010000027.1	237506	237649	1	1	37.5	False	False	False	neg	True	111	C02033
GCA_019190605.1_ASM1919060v1	JAHAQW010000033.1	47312	47473	1	1	32.143	False	False	False	neg	True	101	C02034
GCA_019190795.1_ASM1919079v1	JAHARD010000003.1	28253	28438	1	1	34.328	False	False	False	neg	True	99	C02035
GCA_024184655.1_ASM2418465v1	JAMKPX010000144.1	135807	135914	1	1	44.444	False	False	False	neg	True	93	C02036
GCA_019190125.1_ASM1919012v1	JAHAQF010000021.1	296238	296420	1	1	29.508	False	False	False	neg	True	99	C02037
GCA_005387725.1_ASM538772v1	SJTE01000206.1	7221	7700	1	1	27.5	False	False	False	neg	True	109	C02038
GCA_019190935.1_ASM1919093v1	JAHARI010000040.1	22226	22336	1	1	43.243	False	False	False	neg	True	110	C02039
GCA_019190365.1_ASM1919036v1	JAHAQO010000087.1	34839	35138	1	1	31.0	False	False	False	neg	True	100	C02040
GCA_012922805.1_ASM1292280v1	JABBMW010000003.1	13197	13286	1	1	43.333	False	False	False	neg	True	113	C02041
GCA_028828645.1_ASM2882864v1	JAPZQE010000087.1	70597	70764	1	2	45.455	False	False	False	neg	True	184	C02042
GCA_002250355.1_RIT389_v1	NIUW01000059.1	34006	34149	1	1	32.653	False	False	False	neg	True	95	C02043
GCA_001542305.1_ASM154230v1	LNQQ01000032.1	2072	2245	1	1	36.508	False	False	False	neg	True	152	C02044
GCA_019189905.1_ASM1918990v1	JAHAPY010000066.1	41248	41601	1	1	24.219	False	False	False	neg	True	103	C02045
GCA_041430455.1_ASM4143045v1	JBFMMH010000053.1	236398	236589	1	1	39.062	False	False	False	neg	True	102	C02046
GCA_024734855.1_ASM2473485v1	JANQAS010000019.1	14853	15062	1	1	25.926	False	False	False	neg	True	116	C02047
GCA_019189995.1_ASM1918999v1	JAHAQA010000003.1	256945	257088	1	1	35.417	False	False	False	neg	True	100	C02048
GCA_019191075.1_ASM1919107v1	JAHARO010000019.1	181111	181257	1	1	30.189	False	False	False	neg	True	100	C02049
GCA_019189885.1_ASM1918988v1	JAHAPW010000045.1	18930	19073	1	1	27.083	False	False	False	neg	True	105	C02050
GCA_019190015.1_ASM1919001v1	JAHAQC010000053.1	24265	24453	1	1	28.571	False	False	False	neg	True	101	C02051
GCA_019190495.1_ASM1919049v1	JAHAQU010000029.1	255526	255681	1	4	38.0	False	False	False	neg	True	103	C02052
GCA_019189545.1_ASM1918954v1	JAHAPK010000037.1	237430	237573	1	1	37.5	False	False	False	neg	True	100	C02053
GCA_019190135.1_ASM1919013v1	JAHAQG010000002.1	1034641	1047618	1	2	50.0	False	False	False	neg	True	105	C02054
GCA_024184655.1_ASM2418465v1	JAMKPX010000155.1	92945	110959	1	1	28.916	False	False	False	neg	True	93	C02055
GCA_023078535.2_ASM2307853v2	JAKRWS020000177.1	819165	830559	1	2	32.353	False	False	False	neg	True	115	C02056
GCA_000931965.1_ASM93196v1	JWTJ01000169.1	44385	44507	1	2	30.435	False	False	False	neg	True	92	C02057
GCA_024500305.1_UAEM_Rmus_1.0	JALGWT010000047.1	43374	43517	1	1	33.333	False	False	False	neg	True	95	C02058
GCA_012922725.1_ASM1292272v1	JABBYM010000057.1	65339	65473	1	1	35.556	False	False	False	neg	True	112	C02059
GCA_013030415.1_ASM1303041v1	JABENH010000089.1	47937	48110	1	2	30.263	False	False	False	neg	True	114	C02060
GCA_019190015.1_ASM1919001v1	JAHAQC010000009.1	434583	434720	1	1	41.304	False	False	False	neg	True	101	C02061
GCA_051805545.1_RtJCM10296v2	AP041705.1	1100172	1103891	1	1	33.333	False	False	False	neg	True	153	C02062
GCA_019190135.1_ASM1919013v1	JAHAQG010000005.1	120500	151993	1	1	42.5	False	False	False	neg	True	105	C02063
GCA_019190135.1_ASM1919013v1	JAHAQG010000072.1	40258	40362	1	1	40.0	False	False	False	neg	True	105	C02064
GCA_028828615.1_ASM2882861v1	JAQRHP010000003.1	187906	188007	1	1	38.235	False	False	False	neg	True	146	C02065
GCA_002806785.1_ASM280678v1	NHTJ01000019.1	72029	72172	1	1	32.653	False	False	False	neg	True	99	C02066
GCA_019775605.1_ASM1977560v1	JACWFK010000166.1	17912	18301	1	1	27.941	False	False	False	neg	True	244	C02067
GCA_019189665.1_ASM1918966v1	JAHAPO010000016.1	266865	267143	1	1	31.633	False	False	False	neg	True	105	C02068
GCA_019803015.1_ASM1980301v1	JACVTK010002942.1	1099	1284	1	1	34.921	False	False	False	neg	True	52	C02069
GCA_019802805.1_ASM1980280v1	JACVTD010000024.1	34836	35216	1	1	28.148	False	False	False	neg	True	98	C02070
GCA_019190585.1_ASM1919058v1	JAHAQV010000051.1	58873	66126	1	1	36.842	False	False	False	neg	True	100	C02071
GCA_051805585.1_RtJCM10021v2	AP041638.1	980598	980714	1	1	46.154	False	False	False	neg	True	163	C02072
GCA_019190705.1_ASM1919070v1	JAHAQZ010000040.1	78664	78777	1	1	44.737	False	False	False	neg	True	100	C02073
GCA_003055205.1_ASM305520v1	PEFX01000003.1	875583	875756	1	1	34.483	False	False	False	neg	True	103	C02074
GCA_029694785.1_ASM2969478v1	JAOWAH010000008.1	105844	105939	1	1	50.0	False	False	False	neg	True	148	C02075
GCF_001329695.1_Rhoba1_1	NW_017264928.1	1220730	1220918	1	1	42.029	False	False	False	neg	True	313	C02076
GCA_012922835.1_ASM1292283v1	JABBYN010000022.1	232889	233077	1	1	33.333	False	False	False	neg	True	114	C02077
GCA_001600135.1_JCM_10021_assembly_v001	BCIZ01000004.1	362825	363007	1	1	35.616	False	False	False	neg	True	158	C02078
GCA_024500305.1_UAEM_Rmus_1.0	JALGWT010000041.1	84098	99334	1	2	33.333	False	False	False	neg	True	95	C02079
GCA_019926025.1_ASM1992602v1	JAHSUG010000003.1	64435	64593	1	1	25.926	False	False	False	neg	True	305	C02080
GCA_028828645.1_ASM2882864v1	JAPZQE010000042.1	113165	113275	1	2	41.667	False	False	False	neg	True	184	C02081
GCA_019189395.1_ASM1918939v1	JAHAPF010000047.1	83422	90675	1	1	36.842	False	False	False	neg	True	103	C02082
GCA_055801775.1_ASM5580177v1	JBSSUU010000011.1	139881	140015	1	1	42.222	False	False	False	neg	True	98	C02083
GCA_920103735.2_Hybrid_genome_assembly_and_annotation_-DBVPG_8058	CAKKSY020000013.1	657591	657803	1	1	35.211	False	False	False	neg	True	335	C02084
GCA_028828615.1_ASM2882861v1	JAQRHP010000086.1	13817	13996	1	1	26.087	False	False	False	neg	True	146	C02085
GCA_055801775.1_ASM5580177v1	JBSSUU010000007.1	147067	165081	1	1	28.916	False	False	False	neg	True	98	C02086
GCA_019190525.1_ASM1919052v1	JAHAQS010000015.1	142127	142288	1	1	31.481	False	False	False	neg	True	100	C02087
GCA_041430375.1_ASM4143037v1	JBFMMJ010000052.1	27577	27768	1	1	39.062	False	False	False	neg	True	103	C02088
GCA_019190605.1_ASM1919060v1	JAHAQW010000004.1	108535	108711	1	1	32.203	False	False	False	neg	True	101	C02089
GCA_019190895.1_ASM1919089v1	JAHARG010000052.1	87604	87819	1	1	30.337	False	False	False	neg	True	103	C02090
GCA_019189975.1_ASM1918997v1	JAHAQB010000023.1	167487	167684	1	1	33.333	False	False	False	neg	True	102	C02091
GCA_019802895.1_ASM1980289v1	JACVTJ010000009.1	187452	187715	1	1	32.584	False	False	False	neg	True	102	C02092
GCA_033458335.1_ASM3345833v1	JAWJBI010000054.1	11976	12152	1	1	32.203	False	False	False	neg	True	152	C02093
GCA_019190345.1_ASM1919034v1	JAHAQM010000005.1	1239	1388	1	1	32.0	False	False	False	neg	True	101	C02094
GCA_024734855.1_ASM2473485v1	JANQAS010000475.1	5029	5169	1	1	44.681	False	False	False	neg	True	116	C02095
GCA_023628195.1_ASM2362819v1	JAMALB010000287.1	1034	1168	1	1	42.222	False	False	False	neg	True	100	C02096
GCA_013036445.1_ASM1303644v1	JABBIA010000023.1	3910	4053	1	1	37.5	False	False	False	neg	True	116	C02097
GCA_001456015.1_ASM145601v1	LKER01000012.1	238525	238749	1	5	41.176	False	False	False	neg	True	185	C02098
GCA_013030415.1_ASM1303041v1	JABENH010000049.1	95997	114011	1	1	28.916	False	False	False	neg	True	114	C02099
GCA_019189345.1_ASM1918934v1	JAHAPE010000038.1	26869	32767	1	1	43.75	False	False	False	neg	True	103	C02100
GCA_050403245.1_Rt_toruloides_NBRC10512v1	BAABVE010000087.1	34935	35060	1	1	38.636	False	False	False	neg	True	120	C02101
GCA_013036895.1_ASM1303689v1	JABBIQ010000031.1	126206	126379	1	1	34.483	False	False	False	neg	True	101	C02102
GCA_025502945.1_ASM2550294v1	JAMFQV010000004.1	587378	587563	1	1	34.328	False	False	False	neg	True	102	C02103
GCA_012922835.1_ASM1292283v1	JABBYN010000003.1	307551	318876	1	2	38.889	False	False	False	neg	True	114	C02104
GCA_009806315.1_ASM980631v1	QYSD01000021.1	79396	79521	1	1	33.333	False	False	False	neg	True	129	C02105
GCF_000320785.1_RHOziaDV1.0	NW_015622973.1	512386	530217	1	1	31.111	False	False	False	neg	True	122	C02106
GCA_019190965.1_ASM1919096v1	JAHARJ010000047.1	83422	90675	1	1	36.842	False	False	False	neg	True	105	C02107
GCA_051805545.1_RtJCM10296v2	AP041698.1	543014	543196	1	1	32.836	False	False	False	neg	True	153	C02108
GCA_037040695.1_ASM3704069v1	JAXQHD010000146.1	143114	143254	1	1	29.787	False	False	False	neg	True	95	C02109
GCA_001600135.1_JCM_10021_assembly_v001	BCIZ01000005.1	601991	602182	1	1	35.938	False	False	False	neg	True	158	C02110
GCA_005387725.1_ASM538772v1	SJTE01000248.1	14758	15027	1	1	30.435	False	False	False	neg	True	109	C02111
GCA_025502755.1_ASM2550275v1	JAMFRA010000014.1	250297	250560	1	1	32.584	False	False	False	neg	True	98	C02112
GCA_050403165.1_Rt_graminis_JCM3775v1	BAABUZ010000086.1	70802	70909	1	1	41.667	False	False	False	neg	True	279	C02113
GCA_019189525.1_ASM1918952v1	JAHAPJ010000003.1	260024	260221	1	1	36.709	False	False	False	neg	True	99	C02114
GCA_051805495.1_RsphJCM8202v2	AP041751.1	1259776	1259910	1	1	41.304	False	False	False	neg	True	134	C02115
GCA_007990605.1_Rt10032-v1	BJWK01000001.1	1733990	1734349	1	1	26.829	False	False	False	neg	True	120	C02116
GCA_013036755.1_ASM1303675v1	JABBIL010000001.1	190766	190873	1	1	36.111	False	False	False	neg	True	114	C02117
GCA_019189475.1_ASM1918947v1	JAHAPH010000062.1	90834	91046	1	1	30.986	False	False	False	neg	True	101	C02118
GCA_002806785.1_ASM280678v1	NHTJ01000006.1	418029	418310	1	1	29.787	False	False	False	neg	True	99	C02119
GCA_037974285.1_ASM3797428v1	JBBPFV010000011.1	379679	379783	1	1	40.0	False	False	False	neg	True	74	C02120
GCA_028828615.1_ASM2882861v1	JAQRHP010000019.1	27172	27321	1	1	43.137	False	False	False	neg	True	146	C02121
GCA_024500305.1_UAEM_Rmus_1.0	JALGWT010000033.1	352862	352966	1	1	42.857	False	False	False	neg	True	95	C02122
GCA_040807085.1_ASM4080708v1	JBEWOO010000498.1	2542	2661	1	1	35.0	False	False	False	neg	True	42	C02123
GCA_003055205.1_ASM305520v1	PEFX01000023.1	265082	265240	1	1	36.066	False	False	False	neg	True	103	C02124
GCA_002917965.1_ASM291796v1	PQDI01000017.1	292311	292430	1	1	42.5	False	False	False	neg	True	288	C02125
GCA_013036835.1_ASM1303683v1	JABBIO010000097.1	11049	11192	1	1	27.083	False	False	False	neg	True	115	C02126
GCA_041430375.1_ASM4143037v1	JBFMMJ010000038.1	150277	150501	1	1	32.0	False	False	False	neg	True	103	C02127
GCA_013036505.1_ASM1303650v1	JABBIE010000012.1	270521	270679	1	1	37.037	False	False	False	neg	True	100	C02128
GCA_057930215.1_Rhodotorula_pacifica_RDY01_v1	JBUBPS010000003.1	142871	143011	1	1	31.915	False	False	False	neg	True	97	C02129
GCA_019671115.1_ASM1967111v1	JAHERV010000004.1	125917	140833	1	2	42.105	False	False	False	neg	True	156	C02130
GCA_001255795.1_IFO0880_HGAP3_v1	CWKI01000009.1	1060855	1061299	1	2	37.5	False	False	False	neg	True	136	C02131
GCA_030983975.1_UCSB_Rmuci_1.0	JABVZP010000002.1	594491	594727	1	1	29.293	False	False	False	neg	True	124	C02132
GCA_963855895.1_AIST536MM15v1	CAWLCL010000004.1	401781	401957	1	1	38.983	False	False	False	neg	True	152	C02133
GCA_019923515.1_ASM1992351v1	JACAVT010000041.1	85710	105102	1	2	42.308	False	False	False	neg	True	242	C02134
GCA_051313295.1_ASM5131329v1	JBOZGK010000227.1	17960	18070	1	1	43.902	False	False	False	neg	True	225	C02135
GCA_019189675.1_ASM1918967v1	JAHAPQ010000054.1	13202	13414	1	1	30.986	False	False	False	neg	True	104	C02136
GCA_013036895.1_ASM1303689v1	JABBIQ010000064.1	42673	42879	1	1	29.885	False	False	False	neg	True	101	C02137
GCA_965239605.3_Hybrid_Genome_assembly_Updated-_INGCA000000200-3	CBDEHS030000012.1	38700	38837	1	1	41.667	False	False	False	neg	True	90	C02138
GCA_033458335.1_ASM3345833v1	JAWJBI010000030.1	128196	130673	1	2	34.0	False	False	False	neg	True	152	C02139
GCA_021654155.1_ASM2165415v1	JAKEZK010000017.1	51405	51611	1	1	30.556	False	False	False	neg	True	103	C02140
GCA_963855895.1_AIST536MM15v1	CAWLCL010000029.1	48142	60838	1	1	42.424	False	False	False	neg	True	152	C02141
GCA_019303655.1_ASM1930365v1	JAHUZI010000022.1	102722	103075	1	1	24.219	False	False	False	neg	True	99	C02142
GCA_019775605.1_ASM1977560v1	JACWFK010000169.1	16949	17062	1	1	44.737	False	False	False	neg	True	244	C02143
GCA_050403145.1_Rt_glutinis_JCM8208v1	BAABUY010000040.1	30012	30212	1	1	32.353	False	False	False	neg	True	306	C02144
GCA_019190605.1_ASM1919060v1	JAHAQW010000003.1	136718	148034	1	2	40.541	False	False	False	neg	True	101	C02145
GCA_025502745.1_ASM2550274v1	JAMFRC010000077.1	36404	36529	1	1	40.476	False	False	False	neg	True	100	C02146
GCA_013036615.1_ASM1303661v1	JABBIG010000003.1	3889	4116	1	1	33.333	False	False	False	neg	True	101	C02147
GCA_019805405.1_ASM1980540v1	JADQAW010000040.1	97551	97679	1	1	27.907	False	False	False	neg	True	102	C02148
GCA_051805545.1_RtJCM10296v2	AP041703.1	240818	255750	1	2	37.624	False	False	False	neg	True	153	C02149
GCA_002917965.1_ASM291796v1	PQDI01000017.1	183114	188390	1	2	38.182	False	False	False	neg	True	288	C02150
GCA_019189415.1_ASM1918941v1	JAHAPG010000035.1	41418	41771	1	1	25.0	False	False	False	neg	True	101	C02151
GCA_019190905.1_ASM1919090v1	JAHARH010000013.1	253794	253937	1	1	27.083	False	False	False	neg	True	101	C02152
GCA_013036735.1_ASM1303673v1	JABBIK010000007.1	91420	91548	1	1	38.636	False	False	False	neg	True	114	C02153
GCA_000931965.1_ASM93196v1	JWTJ01000233.1	25428	32681	1	1	36.842	False	False	False	neg	True	92	C02154
GCA_024734855.1_ASM2473485v1	JANQAS010000462.1	85608	85724	1	1	38.462	False	False	False	neg	True	116	C02155
GCA_019190705.1_ASM1919070v1	JAHAQZ010000010.1	305914	317230	1	2	40.541	False	False	False	neg	True	100	C02156
GCA_023628275.1_ASM2362827v1	JAMALC010000245.1	4737	5138	1	1	29.197	False	False	False	neg	True	94	C02157
GCA_019923515.1_ASM1992351v1	JACAVT010000062.1	47900	48019	1	1	42.5	False	False	False	neg	True	242	C02158
GCA_002922495.1_ASM292249v1	PJQD01000060.1	61959	62330	1	1	28.788	False	False	False	neg	True	75	C02159
GCA_019190895.1_ASM1919089v1	JAHARG010000055.1	13202	13414	1	1	30.986	False	False	False	neg	True	103	C02160
GCA_036320835.1_ASM3632083v1	JAZBNE010000041.1	124056	124175	1	1	30.0	False	False	False	neg	True	90	C02161
GCA_023628235.1_ASM2362823v1	JAMALD010000023.1	270828	271016	1	1	33.333	False	False	False	neg	True	125	C02162
GCA_029694785.1_ASM2969478v1	JAOWAH010000011.1	237220	237360	1	1	44.681	False	False	False	neg	True	148	C02163
GCA_029873615.1_ASM2987361v1	JAQJJA010000023.1	337856	337951	1	1	40.625	False	False	False	neg	True	156	C02164
GCA_019303655.1_ASM1930365v1	JAHUZI010000089.1	42673	42879	1	1	29.885	False	False	False	neg	True	99	C02165
GCA_055801775.1_ASM5580177v1	JBSSUU010000058.1	112026	112226	1	1	26.866	False	False	False	neg	True	98	C02166
GCA_019190385.1_ASM1919038v1	JAHAQN010000030.1	98416	107366	1	1	27.083	False	False	False	neg	True	99	C02167
GCA_019802815.1_ASM1980281v1	JACVTE010000081.1	69012	69125	1	1	34.211	False	False	False	neg	True	113	C02168
GCA_000258745.1_ASM25874v1	AJMJ01000389.1	67367	67474	1	1	44.444	False	False	False	neg	True	126	C02169
GCA_013036655.1_ASM1303665v1	JABBIH010000018.1	10949	11065	1	1	34.783	False	False	False	neg	True	100	C02170
GCA_019189905.1_ASM1918990v1	JAHAPY010000011.1	187534	187797	1	1	32.584	False	False	False	neg	True	103	C02171
GCA_050403525.1_S_salmonicolor_JCM21900v1	BAABVS010000049.1	24277	24372	1	1	43.75	False	False	False	neg	True	177	C02172
GCA_050403265.1_Rt_toruloides_NBRC10513v1	BAABVF010000016.1	368656	368778	1	1	43.902	False	False	False	neg	True	137	C02173
GCA_041430375.1_ASM4143037v1	JBFMMJ010000025.1	248048	248311	1	1	32.584	False	False	False	neg	True	103	C02174
GCA_000258745.1_ASM25874v1	JH650657.1	40679	40903	1	5	41.176	False	False	False	neg	True	126	C02175
GCA_025502725.1_ASM2550272v1	JAMFRB010000031.1	125772	125945	1	1	34.483	False	False	False	neg	True	102	C02176
GCA_012922725.1_ASM1292272v1	JABBYM010000024.1	186255	201952	1	1	30.0	False	False	False	neg	True	112	C02177
GCA_019189915.1_ASM1918991v1	JAHAPX010000003.1	256945	257088	1	1	35.417	False	False	False	neg	True	100	C02178
GCF_001329695.1_Rhoba1_1	NW_017264930.1	164323	164643	1	1	30.357	False	False	False	neg	True	313	C02179
GCA_019189995.1_ASM1918999v1	JAHAQA010000022.1	42673	42879	1	1	29.885	False	False	False	neg	True	100	C02180
GCA_025502745.1_ASM2550274v1	JAMFRC010000005.1	46455	46604	1	1	40.0	False	False	False	neg	True	100	C02181
GCA_041430435.1_ASM4143043v1	JBFMMI010000043.1	21021	21176	1	4	38.0	False	False	False	neg	True	102	C02182
GCA_028828615.1_ASM2882861v1	JAQRHP010000002.1	845225	845497	1	1	30.612	False	False	False	neg	True	146	C02183
GCA_025502865.1_ASM2550286v1	JAMFQZ010000021.1	316900	316998	1	1	42.424	False	False	False	neg	True	101	C02184
GCA_019189675.1_ASM1918967v1	JAHAPQ010000009.1	468827	469027	1	1	34.409	False	False	False	neg	True	104	C02185
GCA_024500305.1_UAEM_Rmus_1.0	JALGWT010000011.1	530054	530215	1	1	32.143	False	False	False	neg	True	95	C02186
GCA_019190965.1_ASM1919096v1	JAHARJ010000008.1	372739	373095	1	1	25.547	False	False	False	neg	True	105	C02187
GCA_025502745.1_ASM2550274v1	JAMFRC010000039.1	134579	134927	1	2	42.222	False	False	False	neg	True	100	C02188
GCA_023968905.1_ASM2396890v1	JAMRMT010000010.1	1008649	1008744	1	1	37.5	False	False	False	neg	True	176	C02189
GCA_019190935.1_ASM1919093v1	JAHARI010000008.1	29191	52247	1	3	45.652	False	False	False	neg	True	110	C02190
GCA_034406715.1_ASM3440671v1	CP137865.1	768584	768697	1	1	34.211	False	False	False	neg	True	117	C02191
GCA_037126565.1_ASM3712656v1	JAXUAX010000029.1	271965	272339	1	1	25.6	False	False	False	neg	True	158	C02192
GCA_029694785.1_ASM2969478v1	JAOWAH010000016.1	323995	324420	1	1	23.944	False	False	False	neg	True	148	C02193
GCA_019189975.1_ASM1918997v1	JAHAQB010000053.1	36493	36708	1	1	30.337	False	False	False	neg	True	102	C02194
GCA_019775605.1_ASM1977560v1	JACWFK010000016.1	157928	158098	1	1	33.846	False	False	False	neg	True	244	C02195
GCA_019189905.1_ASM1918990v1	JAHAPY010000056.1	65339	65473	1	1	35.556	False	False	False	neg	True	103	C02196
GCA_012922825.1_ASM1292282v1	JABBMX010000016.1	10946	11062	1	1	34.783	False	False	False	neg	True	102	C02197
GCA_965239605.3_Hybrid_Genome_assembly_Updated-_INGCA000000200-3	CBDEHS030000019.1	102560	102661	1	1	44.118	False	False	False	neg	True	90	C02198
GCA_019775385.1_ASM1977538v1	JACWFV010000109.1	66098	66349	1	1	32.323	False	False	False	neg	True	244	C02199
GCA_030867695.1_ASM3086769v1	JARDXF010000008.1	247945	248208	1	1	30.851	False	False	False	neg	True	183	C02200
GCA_013030395.1_ASM1303039v1	JABENG010000017.1	3341	3505	1	1	38.596	False	False	False	neg	True	114	C02201
GCA_025502865.1_ASM2550286v1	JAMFQZ010000024.1	147757	147954	1	1	33.333	False	False	False	neg	True	101	C02202
GCA_013036385.1_ASM1303638v1	JABBHY010000005.1	87730	87945	1	1	30.337	False	False	False	neg	True	114	C02203
GCA_019189395.1_ASM1918939v1	JAHAPF010000022.1	142126	142302	1	2	31.667	False	False	False	neg	True	103	C02204
GCA_038381065.1_ASM3838106v1	JAZHGP010000012.1	81145	95329	1	1	36.364	False	False	False	neg	True	151	C02205
GCA_000931965.1_ASM93196v1	JWTJ01000085.1	8628	14526	1	1	43.75	False	False	False	neg	True	92	C02206
GCA_019191155.1_ASM1919115v1	JAHARP010000005.1	338570	338773	1	1	30.882	False	False	False	neg	True	99	C02207
GCA_050403085.1_Rt_araucariae_JCM3770v1	BAABUV010000014.1	82615	82755	1	1	34.043	False	False	False	neg	True	196	C02208
GCA_025502945.1_ASM2550294v1	JAMFQV010000011.1	375324	375428	1	1	40.0	False	False	False	neg	True	102	C02209
GCA_001542265.1_ASM154226v1	LNKU01000001.1	371378	371470	1	1	48.571	False	False	False	neg	True	157	C02210
GCA_019190605.1_ASM1919060v1	JAHAQW010000012.1	187456	187719	1	1	32.584	False	False	False	neg	True	101	C02211
GCA_019191075.1_ASM1919107v1	JAHARO010000031.1	276300	276512	1	1	30.986	False	False	False	neg	True	100	C02212
GCA_019190895.1_ASM1919089v1	JAHARG010000023.1	215725	215859	1	1	40.0	False	False	False	neg	True	103	C02213
GCA_019189675.1_ASM1918967v1	JAHAPQ010000031.1	231637	232017	1	1	28.148	False	False	False	neg	True	104	C02214
GCA_049863195.1_ICGEB_R_pacifica_INDKK	JBLUWB010000042.1	46719	47090	1	1	26.718	False	False	False	neg	True	120	C02215
GCA_050403125.1_Rt_dairenensis_JCM3774v1	BAABUX010000074.1	42186	42317	1	1	38.636	False	False	False	neg	True	86	C02216
GCA_000988875.2_ASM98887v2	LCTV02000010.1	635826	635951	1	1	45.238	False	False	False	neg	True	153	C02217
GCA_937898295.1_SRR6853349_bin.25_CONCOCT_v1.1_MAG	CALEJI010000516.1	3890	7383	1	2	33.333	False	False	False	neg	True	92	C02218
GCA_005059875.1_ASM505987v1	MXAQ01000027.1	88949	89041	1	1	51.613	False	False	False	neg	True	93	C02219
GCA_000258745.1_ASM25874v1	JH650729.1	41985	42158	1	1	34.483	False	False	False	neg	True	126	C02220
GCA_019190745.1_ASM1919074v1	JAHARB010000028.1	187540	187674	1	1	40.0	False	False	False	neg	True	99	C02221
GCA_019189525.1_ASM1918952v1	JAHAPJ010000033.1	24303	24407	1	1	44.444	False	False	False	neg	True	99	C02222
GCA_019802895.1_ASM1980289v1	JACVTJ010000051.1	58873	66126	1	1	36.842	False	False	False	neg	True	102	C02223
GCA_019189545.1_ASM1918954v1	JAHAPK010000035.1	18216	18407	1	1	39.062	False	False	False	neg	True	100	C02224
GCA_019190625.1_ASM1919062v1	JAHAQY010000009.1	124925	125098	1	2	30.263	False	False	False	neg	True	102	C02225
GCA_038381065.1_ASM3838106v1	JAZHGP010000005.1	421489	421632	1	1	42.308	False	False	False	neg	True	151	C02226
GCA_019805405.1_ASM1980540v1	JADQAW010000011.1	252031	252186	1	1	37.288	False	False	False	neg	True	102	C02227
GCA_019190245.1_ASM1919024v1	JAHAQJ010000023.1	138701	138796	1	1	50.0	False	False	False	neg	True	100	C02228
GCA_019190765.1_ASM1919076v1	JAHARC010000005.1	238108	238311	1	1	30.882	False	False	False	neg	True	102	C02229
GCA_019802805.1_ASM1980280v1	JACVTD010000014.1	314709	314807	1	1	42.424	False	False	False	neg	True	98	C02230
GCA_012922695.1_ASM1292269v1	JABBMU010000024.1	194888	195025	1	2	45.652	False	False	False	neg	True	104	C02231
GCA_019805405.1_ASM1980540v1	JADQAW010000030.1	123910	124167	1	1	30.233	False	False	False	neg	True	102	C02232
GCA_019190495.1_ASM1919049v1	JAHAQU010000024.1	42673	42879	1	1	29.885	False	False	False	neg	True	103	C02233
GCA_013030405.1_ASM1303040v1	JABENF010000008.1	319435	319791	1	1	25.547	False	False	False	neg	True	115	C02234
GCA_019191065.1_ASM1919106v1	JAHARN010000024.1	304443	304559	1	1	34.783	False	False	False	neg	True	99	C02235
GCA_013030415.1_ASM1303041v1	JABENH010000049.1	66056	66193	1	2	45.652	False	False	False	neg	True	114	C02236
GCA_000988875.2_ASM98887v2	LCTV02000009.1	1121862	1122137	1	1	32.258	False	False	False	neg	True	153	C02237
GCA_013036505.1_ASM1303650v1	JABBIE010000008.1	110186	110284	1	1	47.059	False	False	False	neg	True	100	C02238
GCA_019189475.1_ASM1918947v1	JAHAPH010000033.1	41418	41771	1	1	25.0	False	False	False	neg	True	101	C02239
GCA_019190605.1_ASM1919060v1	JAHAQW010000001.1	164924	165019	1	1	42.424	False	False	False	neg	True	101	C02240
GCA_012922805.1_ASM1292280v1	JABBMW010000008.1	355404	355532	1	1	38.636	False	False	False	neg	True	113	C02241
GCA_030867695.1_ASM3086769v1	JARDXF010000048.1	2683	2805	1	1	36.585	False	False	False	neg	True	183	C02242
GCA_019189755.1_ASM1918975v1	JAHAPS010000044.1	163036	163140	1	1	40.0	False	False	False	neg	True	105	C02243
GCA_019190965.1_ASM1919096v1	JAHARJ010000006.1	239012	239215	1	1	30.882	False	False	False	neg	True	105	C02244
GCA_057542475.1_Rhodotorula_sp._strain_HGY2	BAAJPC010000315.1	145144	145317	1	1	36.207	False	False	False	neg	True	154	C02245
GCF_001329695.1_Rhoba1_1	NW_017264929.1	1254756	1254869	1	1	44.737	False	False	False	neg	True	313	C02246
GCA_019189755.1_ASM1918975v1	JAHAPS010000048.1	40690	40833	1	1	27.083	False	False	False	neg	True	105	C02247
GCA_019191075.1_ASM1919107v1	JAHARO010000020.1	253894	254037	1	1	27.083	False	False	False	neg	True	100	C02248
GCA_051805575.1_RtJCM10049v2	AP041651.1	582975	598394	1	1	30.0	False	False	False	neg	True	151	C02249
GCA_019189595.1_ASM1918959v1	JAHAPM010000005.1	332305	332463	1	1	36.066	False	False	False	neg	True	101	C02250
GCA_019671115.1_ASM1967111v1	JAHERV010000036.1	146944	147045	1	1	37.838	False	False	False	neg	True	156	C02251
GCA_019190245.1_ASM1919024v1	JAHAQJ010000029.1	126092	126187	1	1	42.424	False	False	False	neg	True	100	C02252
GCA_921037615.3_Hybrid_genome_assembly_and_annotation_02	CAKLCE030000008.1	631601	631975	1	1	25.6	False	False	False	neg	True	154	C02253
GCA_013036835.1_ASM1303683v1	JABBIO010000003.1	285882	286079	1	1	36.709	False	False	False	neg	True	115	C02254
GCA_051805495.1_RsphJCM8202v2	AP041758.1	586535	586744	1	1	31.944	False	False	False	neg	True	134	C02255
GCA_019926025.1_ASM1992602v1	JAHSUG010000010.1	439214	439384	1	1	33.871	False	False	False	neg	True	305	C02256
GCA_019190895.1_ASM1919089v1	JAHARG010000030.1	229486	229866	1	1	28.148	False	False	False	neg	True	103	C02257
GCA_051805505.1_RkraJCM10450v2	AP041744.1	918778	918909	1	1	37.778	False	False	False	neg	True	324	C02258
GCA_019303655.1_ASM1930365v1	JAHUZI010000146.1	34474	34647	1	2	30.263	False	False	False	neg	True	99	C02259
GCA_005281665.1_ASM528166v1	SWEA01000011.1	194690	197075	1	1	33.333	False	False	False	neg	True	143	C02260
GCA_921037615.3_Hybrid_genome_assembly_and_annotation_02	CAKLCE030000021.1	32043	44050	1	1	31.579	False	False	False	neg	True	154	C02261
GCA_012922805.1_ASM1292280v1	JABBMW010000098.1	10051	10167	1	1	34.783	False	False	False	neg	True	113	C02262
GCA_013036755.1_ASM1303675v1	JABBIL010000024.1	21361	21552	1	1	39.062	False	False	False	neg	True	114	C02263
GCA_013030415.1_ASM1303041v1	JABENH010000048.1	11521	11799	1	1	31.633	False	False	False	neg	True	114	C02264
GCA_015501985.1_ASM1550198v1	JAAGPT010000004.1	1407829	1420617	1	1	35.593	False	False	False	neg	True	410	C02265
GCA_051805565.1_RtJCM10295v2	AP041692.1	587923	588105	1	1	27.869	False	False	False	neg	True	131	C02266
GCA_001373355.1_SPOSA68321A01	CENE01000016.1	74250	74501	1	1	33.333	False	False	False	neg	True	166	C02267
GCA_006352295.1_UMAN_Rdio_1.0	SOZI01000157.1	4413	4568	1	1	42.105	False	False	False	neg	True	224	C02268
GCA_019189395.1_ASM1918939v1	JAHAPF010000024.1	42673	42879	1	1	29.885	False	False	False	neg	True	103	C02269
GCA_013036355.1_ASM1303635v1	JABBHX010000038.1	31166	31351	1	1	34.921	False	False	False	neg	True	114	C02270
GCA_019803015.1_ASM1980301v1	JACVTK010000443.1	1624	1767	1	1	32.653	False	False	False	neg	True	52	C02271
GCA_005387725.1_ASM538772v1	SJTE01000079.1	32712	32972	1	1	30.337	False	False	False	neg	True	109	C02272
GCA_019190885.1_ASM1919088v1	JAHARF010000001.1	345530	345739	1	1	29.73	False	False	False	neg	True	101	C02273
GCA_041430455.1_ASM4143045v1	JBFMMH010000008.1	518082	518195	1	1	34.211	False	False	False	neg	True	102	C02274
GCA_051805515.1_RkraJCM10449v2	AP041717.1	118939	119097	1	1	32.075	False	False	False	neg	True	299	C02275
GCA_013036615.1_ASM1303661v1	JABBIG010000053.1	100384	100518	1	1	40.0	False	False	False	neg	True	101	C02276
GCA_000222205.2_R.glutinis2	AEVR02000001.1	607385	607513	1	1	42.222	False	False	False	neg	True	162	C02277
GCA_005059875.1_ASM505987v1	MXAQ01000022.1	215878	216012	1	1	35.556	False	False	False	neg	True	93	C02278
GCA_019303655.1_ASM1930365v1	JAHUZI010000439.1	9249	9449	1	1	26.866	False	False	False	neg	True	99	C02279
GCA_035220585.1_ASM3522058v1	JAWPQQ010000074.1	13811	13927	1	1	46.154	False	False	False	neg	True	145	C02280
GCA_001600135.1_JCM_10021_assembly_v001	BCIZ01000006.1	450851	451036	1	2	34.921	False	False	False	neg	True	158	C02281
GCA_025502865.1_ASM2550286v1	JAMFQZ010000011.1	278249	278386	1	2	45.652	False	False	False	neg	True	101	C02282
GCA_013036895.1_ASM1303689v1	JABBIQ010000002.1	533305	533448	1	1	35.417	False	False	False	neg	True	101	C02283
GCA_024748845.1_ASM2474884v1	JANBVD010000003.1	822677	822853	1	1	32.203	False	False	False	neg	True	104	C02284
GCA_019191155.1_ASM1919115v1	JAHARP010000013.1	29624	29728	1	1	40.0	False	False	False	neg	True	99	C02285
GCA_019190375.1_ASM1919037v1	JAHAQP010000034.1	71660	71797	1	2	45.652	False	False	False	neg	True	100	C02286
GCA_001600115.1_JCM_10020_assembly_v001	BCIY01000004.1	232602	232751	1	1	32.0	False	False	False	neg	True	143	C02287
GCF_050403205.1_Rt_paludigena_JCM10292v1	NW_027481431.1	34511	48695	1	1	36.364	False	False	False	neg	True	152	C02288
GCA_006352295.1_UMAN_Rdio_1.0	SOZI01000027.1	87273	87413	1	1	38.462	False	False	False	neg	True	224	C02289
GCA_025502885.1_ASM2550288v1	JAMFQY010000001.1	347600	347761	1	1	31.481	False	False	False	neg	True	90	C02290
GCA_050403165.1_Rt_graminis_JCM3775v1	BAABUZ010000025.1	83784	84068	1	1	25.439	False	False	False	neg	True	279	C02291
GCA_019191075.1_ASM1919107v1	JAHARO010000009.1	469806	470006	1	1	34.409	False	False	False	neg	True	100	C02292
GCA_050403125.1_Rt_dairenensis_JCM3774v1	BAABUX010000060.1	44390	56235	1	1	31.868	False	False	False	neg	True	86	C02293
GCA_012922695.1_ASM1292269v1	JABBMU010000022.1	253914	254057	1	1	27.083	False	False	False	neg	True	104	C02294
GCA_019189485.1_ASM1918948v1	JAHAPI010000032.1	3910	4053	1	1	37.5	False	False	False	neg	True	100	C02295
GCA_050403245.1_Rt_toruloides_NBRC10512v1	BAABVE010000090.1	23792	24752	1	2	35.556	False	False	False	neg	True	120	C02296
GCA_019189665.1_ASM1918966v1	JAHAPO010000034.1	136033	136146	1	1	44.737	False	False	False	neg	True	105	C02297
GCA_013036515.1_ASM1303651v1	JABBIC010000090.1	6540	6740	1	1	34.409	False	False	False	neg	True	101	C02298
GCA_051805595.1_RtJCM10020v2	AP041624.1	71701	71934	1	1	30.769	False	False	False	neg	True	147	C02299
GCA_051308255.1_Rhoto_ATCC26217_1	PS018113.1	324258	324383	1	1	38.095	False	False	False	neg	True	134	C02300
GCA_001600115.1_JCM_10020_assembly_v001	BCIY01000068.1	2059	2232	1	1	36.508	False	False	False	neg	True	143	C02301
GCA_013036825.1_ASM1303682v1	JABBIN010000025.1	3910	4053	1	1	37.5	False	False	False	neg	True	113	C02302
GCA_050403145.1_Rt_glutinis_JCM8208v1	BAABUY010000124.1	54125	54217	1	1	41.667	False	False	False	neg	True	306	C02303
GCA_041430375.1_ASM4143037v1	JBFMMJ010000035.1	278022	278159	1	1	40.0	False	False	False	neg	True	103	C02304
GCA_004143675.1_ASM414367v1	RZHN01000001.1	731420	731560	1	1	42.0	False	False	False	neg	True	94	C02305
GCA_019190795.1_ASM1919079v1	JAHARD010000001.1	249253	249390	1	1	40.0	False	False	False	neg	True	99	C02306
GCA_012922765.1_ASM1292276v1	JABBMV010000056.1	139884	140018	1	1	42.222	False	False	False	neg	True	103	C02307
GCA_050403105.1_Rt_babjevae_JCM9279v1	BAABUW010000163.1	14815	15297	1	1	27.128	False	False	False	neg	True	289	C02308
GCA_019775595.1_ASM1977559v1	JACWFL010000156.1	37450	37749	1	1	23.762	False	False	False	neg	True	238	C02309
GCA_019189795.1_ASM1918979v1	JAHAPU010000005.1	468170	468346	1	1	32.203	False	False	False	neg	True	102	C02310
GCA_050403165.1_Rt_graminis_JCM3775v1	BAABUZ010000085.1	24557	24766	1	1	23.944	False	False	False	neg	True	279	C02311
GCA_023628195.1_ASM2362819v1	JAMALB010000016.1	11039	11182	1	1	27.083	False	False	False	neg	True	100	C02312
GCA_022817825.1_ASM2281782v1	JAFEUJ010000009.1	518347	518688	1	1	27.586	False	False	False	neg	True	318	C02313
GCA_019190805.1_ASM1919080v1	JAHARE010000009.1	183309	183407	1	1	47.059	False	False	False	neg	True	100	C02314
GCA_012922695.1_ASM1292269v1	JABBMU010000008.1	244054	244305	1	1	27.381	False	False	False	neg	True	104	C02315
GCA_920104245.2_Hybrid_genome_assembly_and_annotation	CAKKSZ020000001.1	445500	445610	1	1	37.838	False	False	False	neg	True	355	C02316
GCA_019803015.1_ASM1980301v1	JACVTK010000146.1	5829	6005	1	1	32.203	False	False	False	neg	True	52	C02317
GCA_007990605.1_Rt10032-v1	BJWK01000002.1	1134890	1135006	1	1	43.59	False	False	False	neg	True	120	C02318
GCA_013030415.1_ASM1303041v1	JABENH010000021.1	142367	142480	1	1	44.737	False	False	False	neg	True	114	C02319
GCA_019190765.1_ASM1919076v1	JAHARC010000011.1	191534	191785	1	1	27.381	False	False	False	neg	True	102	C02320
GCA_036244875.1_Rhopal_B15_v1.0	BQKY01000011.1	770733	770870	1	1	37.255	False	False	False	neg	True	172	C02321
GCA_050916435.1_ASM5091643v1	JBPBFG010000074.1	25304	25483	1	1	35.484	False	False	False	neg	True	97	C02322
GCA_013036735.1_ASM1303673v1	JABBIK010000002.1	285882	286079	1	1	36.709	False	False	False	neg	True	114	C02323
GCA_013036445.1_ASM1303644v1	JABBIA010000030.1	96255	96416	1	1	32.143	False	False	False	neg	True	116	C02324
GCA_024184655.1_ASM2418465v1	JAMKPX010000171.1	303774	303974	1	1	33.803	False	False	False	neg	True	93	C02325
GCA_019189415.1_ASM1918941v1	JAHAPG010000005.1	469030	469206	1	1	32.203	False	False	False	neg	True	101	C02326
GCA_019191065.1_ASM1919106v1	JAHARN010000004.1	469506	469682	1	1	32.203	False	False	False	neg	True	99	C02327
GCA_024748845.1_ASM2474884v1	JANBVD010000008.1	161330	161506	1	1	42.029	False	False	False	neg	True	104	C02328
GCA_019189785.1_ASM1918978v1	JAHAPV010000028.1	34836	35216	1	1	28.148	False	False	False	neg	True	103	C02329
