cid	genome	species	label	admitted	polish_capped	record_genome	n_hsp	max_blast_bits	hd1	hd2	score	loso_excluded
C00000	GCA_000222205.2_R.glutinis2	Rhodotorula toruloides	neg	True	False	False	20	28.9	-1000000000.0	-1000000000.0	-1000000000.0	Rhodotorula toruloides
C00001	GCA_000222205.2_R.glutinis2	Rhodotorula toruloides	neg	True	False	False	28	30.0	-1000000000.0	-1000000000.0	-1000000000.0	Rhodotorula toruloides
C00002	GCA_000222205.2_R.glutinis2	Rhodotorula toruloides	neg	True	False	False	23	30.8	-1000000000.0	-1000000000.0	-1000000000.0	Rhodotorula toruloides
C00003	GCA_000222205.2_R.glutinis2	Rhodotorula toruloides	pos	True	False	False	43	835.0	291.4	122.2	291.4	Rhodotorula toruloides
C00004	GCA_000258745.1_ASM25874v1	Rhodotorula toruloides	pos	True	False	False	25	859.0	264.2	122.5	264.2	Rhodotorula toruloides
C00005	GCA_000258745.1_ASM25874v1	Rhodotorula toruloides	neg	True	False	False	26	30.8	-1000000000.0	-1000000000.0	-1000000000.0	Rhodotorula toruloides
C00006	GCA_000258745.1_ASM25874v1	Rhodotorula toruloides	neg	True	False	False	33	44.3	-1000000000.0	26.9	26.9	Rhodotorula toruloides
C00007	GCA_000931965.1_ASM93196v1	Rhodotorula mucilaginosa	pos	True	False	False	17	479.0	237.8	107.7	237.8	Rhodotorula mucilaginosa
C00008	GCA_000931965.1_ASM93196v1	Rhodotorula mucilaginosa	neg	True	False	False	12	29.3	-1000000000.0	-1000000000.0	-1000000000.0	Rhodotorula mucilaginosa
C00009	GCA_000931965.1_ASM93196v1	Rhodotorula mucilaginosa	neg	True	False	False	18	30.4	-1000000000.0	-1000000000.0	-1000000000.0	Rhodotorula mucilaginosa
C00010	GCA_000988805.1_ASM98880v1	Rhodotorula toruloides	neg	True	False	False	33	44.3	-1000000000.0	26.9	26.9	Rhodotorula toruloides
C00011	GCA_000988805.1_ASM98880v1	Rhodotorula toruloides	pos	True	False	False	24	859.0	264.2	122.5	264.2	Rhodotorula toruloides
C00012	GCA_000988805.1_ASM98880v1	Rhodotorula toruloides	neg	True	False	False	24	30.8	-1000000000.0	-1000000000.0	-1000000000.0	Rhodotorula toruloides
C00013	GCA_000988875.2_ASM98887v2	Rhodotorula toruloides	neg	True	False	True	20	28.9	-1000000000.0	-1000000000.0	-1000000000.0	Rhodotorula toruloides
C00014	GCA_000988875.2_ASM98887v2	Rhodotorula toruloides	neg	True	False	True	27	30.0	-1000000000.0	-1000000000.0	-1000000000.0	Rhodotorula toruloides
C00015	GCA_000988875.2_ASM98887v2	Rhodotorula toruloides	neg	True	False	True	22	30.8	-1000000000.0	-1000000000.0	-1000000000.0	Rhodotorula toruloides
C00016	GCA_000988875.2_ASM98887v2	Rhodotorula toruloides	pos	True	False	True	45	835.0	291.4	122.2	291.4	Rhodotorula toruloides
C00017	GCA_001255795.1_IFO0880_HGAP3_v1	Rhodotorula toruloides	neg	True	False	False	11	28.9	-1000000000.0	-1000000000.0	-1000000000.0	Rhodotorula toruloides
C00018	GCA_001255795.1_IFO0880_HGAP3_v1	Rhodotorula toruloides	neg	True	False	False	16	30.0	-1000000000.0	-1000000000.0	-1000000000.0	Rhodotorula toruloides
C00019	GCA_001255795.1_IFO0880_HGAP3_v1	Rhodotorula toruloides	neg	True	False	False	15	30.8	-1000000000.0	-1000000000.0	-1000000000.0	Rhodotorula toruloides
C00020	GCA_001255795.1_IFO0880_HGAP3_v1	Rhodotorula toruloides	pos	True	False	False	32	835.0	291.4	122.2	291.4	Rhodotorula toruloides
C00021	GCA_001373355.1_SPOSA68321A01	Sporobolomyces salmonicolor	neg	True	False	False	22	30.4	-1000000000.0	-1000000000.0	-1000000000.0	
C00022	GCA_001373355.1_SPOSA68321A01	Sporobolomyces salmonicolor	neg	True	False	False	9	30.0	-1000000000.0	-1000000000.0	-1000000000.0	
C00023	GCA_001373355.1_SPOSA68321A01	Sporobolomyces salmonicolor	neg	True	False	False	8	30.4	-1000000000.0	-1000000000.0	-1000000000.0	
C00024	GCA_001373355.1_SPOSA68321A01	Sporobolomyces salmonicolor	pos	True	False	False	15	199.0	243.3	158.8	243.3	
C00025	GCA_001373355.1_SPOSA68321A01	Sporobolomyces salmonicolor	neg	True	False	False	15	30.4	-1000000000.0	-1000000000.0	-1000000000.0	
C00026	GCA_001456015.1_ASM145601v1	Rhodotorula toruloides	neg	True	False	False	12	30.4	-1000000000.0	-1000000000.0	-1000000000.0	Rhodotorula toruloides
C00027	GCA_001456015.1_ASM145601v1	Rhodotorula toruloides	pos	True	False	False	23	859.0	264.2	122.5	264.2	Rhodotorula toruloides
C00028	GCA_001456015.1_ASM145601v1	Rhodotorula toruloides	pos	True	False	False	43	835.0	291.4	122.2	291.4	Rhodotorula toruloides
C00029	GCA_001456015.1_ASM145601v1	Rhodotorula toruloides	neg	True	False	False	23	44.3	-1000000000.0	26.9	26.9	Rhodotorula toruloides
C00030	GCA_001541205.1_Rhosp1	Rhodotorula sp. JG-1b	pos	True	False	False	35	438.0	417.5	225.1	417.5	
C00031	GCA_001541205.1_Rhosp1	Rhodotorula sp. JG-1b	neg	True	False	False	29	28.9	-1000000000.0	-1000000000.0	-1000000000.0	
C00032	GCA_001542265.1_ASM154226v1	Rhodotorula toruloides	pos	True	False	False	47	835.0	291.4	122.2	291.4	Rhodotorula toruloides
C00033	GCA_001542265.1_ASM154226v1	Rhodotorula toruloides	neg	True	False	False	20	28.9	-1000000000.0	-1000000000.0	-1000000000.0	Rhodotorula toruloides
C00034	GCA_001542265.1_ASM154226v1	Rhodotorula toruloides	neg	True	False	False	28	30.0	-1000000000.0	-1000000000.0	-1000000000.0	Rhodotorula toruloides
C00035	GCA_001542265.1_ASM154226v1	Rhodotorula toruloides	neg	True	False	False	24	30.8	-1000000000.0	-1000000000.0	-1000000000.0	Rhodotorula toruloides
C00036	GCA_001542305.1_ASM154230v1	Rhodotorula toruloides	neg	True	False	False	19	30.8	-1000000000.0	-1000000000.0	-1000000000.0	Rhodotorula toruloides
C00037	GCA_001542305.1_ASM154230v1	Rhodotorula toruloides	neg	True	False	False	29	44.3	-1000000000.0	26.9	26.9	Rhodotorula toruloides
C00038	GCA_001542305.1_ASM154230v1	Rhodotorula toruloides	pos	True	False	False	23	859.0	264.2	122.5	264.2	Rhodotorula toruloides
C00039	GCA_001542305.1_ASM154230v1	Rhodotorula toruloides	pos	True	False	False	23	859.0	264.2	122.5	264.2	Rhodotorula toruloides
C00040	GCA_001600115.1_JCM_10020_assembly_v001	Rhodotorula toruloides	neg	True	False	False	19	30.8	-1000000000.0	-1000000000.0	-1000000000.0	Rhodotorula toruloides
C00041	GCA_001600115.1_JCM_10020_assembly_v001	Rhodotorula toruloides	neg	True	False	False	29	44.3	-1000000000.0	26.9	26.9	Rhodotorula toruloides
C00042	GCA_001600115.1_JCM_10020_assembly_v001	Rhodotorula toruloides	pos	True	False	False	23	859.0	264.2	122.5	264.2	Rhodotorula toruloides
C00043	GCA_001600135.1_JCM_10021_assembly_v001	Rhodotorula toruloides	neg	True	False	False	20	28.9	-1000000000.0	-1000000000.0	-1000000000.0	Rhodotorula toruloides
C00044	GCA_001600135.1_JCM_10021_assembly_v001	Rhodotorula toruloides	neg	True	False	False	27	30.0	-1000000000.0	-1000000000.0	-1000000000.0	Rhodotorula toruloides
C00045	GCA_001600135.1_JCM_10021_assembly_v001	Rhodotorula toruloides	neg	True	False	False	20	30.8	-1000000000.0	-1000000000.0	-1000000000.0	Rhodotorula toruloides
C00046	GCA_001600135.1_JCM_10021_assembly_v001	Rhodotorula toruloides	pos	True	False	False	47	835.0	291.4	122.2	291.4	Rhodotorula toruloides
C00047	GCA_001600155.1_JCM_10049_assembly_v001	Rhodotorula toruloides	neg	True	False	False	18	32.3	-1000000000.0	-1000000000.0	-1000000000.0	Rhodotorula toruloides
C00048	GCA_001600155.1_JCM_10049_assembly_v001	Rhodotorula toruloides	neg	True	False	False	41	44.3	-1000000000.0	26.9	26.9	Rhodotorula toruloides
C00049	GCA_001600155.1_JCM_10049_assembly_v001	Rhodotorula toruloides	pos	True	False	False	25	499.0	245.9	115.4	245.9	Rhodotorula toruloides
C00050	GCA_001600215.1_JCM_24501_assembly_v001	Rhodotorula toruloides	neg	True	False	False	32	31.6	-1000000000.0	-1000000000.0	-1000000000.0	Rhodotorula toruloides
C00051	GCA_001600215.1_JCM_24501_assembly_v001	Rhodotorula toruloides	neg	True	False	False	40	30.0	-1000000000.0	-1000000000.0	-1000000000.0	Rhodotorula toruloides
C00052	GCA_001600215.1_JCM_24501_assembly_v001	Rhodotorula toruloides	pos	True	False	False	26	496.0	250.8	121.8	250.8	Rhodotorula toruloides
C00053	GCA_001914285.1_FNED7-bin-22	Rhodotorula sp. FNED7-22	neg	True	False	False	26	37.4	-1000000000.0	22.1	22.1	
C00054	GCA_001914285.1_FNED7-bin-22	Rhodotorula sp. FNED7-22	pos	True	False	False	26	148.0	272.4	68.7	272.4	
C00055	GCA_002250355.1_RIT389_v1	Rhodotorula mucilaginosa	pos	True	False	False	15	460.0	232.7	110.9	232.7	Rhodotorula mucilaginosa
C00056	GCA_002250355.1_RIT389_v1	Rhodotorula mucilaginosa	neg	True	False	False	11	28.9	-1000000000.0	-1000000000.0	-1000000000.0	Rhodotorula mucilaginosa
C00057	GCA_002250355.1_RIT389_v1	Rhodotorula mucilaginosa	neg	True	False	False	22	28.5	-1000000000.0	-1000000000.0	-1000000000.0	Rhodotorula mucilaginosa
C00058	GCA_002250355.1_RIT389_v1	Rhodotorula mucilaginosa	neg	True	False	False	11	28.1	-1000000000.0	-1000000000.0	-1000000000.0	Rhodotorula mucilaginosa
C00059	GCA_002250355.1_RIT389_v1	Rhodotorula mucilaginosa	neg	True	False	False	11	28.1	-1000000000.0	-1000000000.0	-1000000000.0	Rhodotorula mucilaginosa
C00060	GCA_002806785.1_ASM280678v1	Rhodotorula mucilaginosa	neg	True	False	False	21	30.8	-1000000000.0	-1000000000.0	-1000000000.0	Rhodotorula mucilaginosa
C00061	GCA_002806785.1_ASM280678v1	Rhodotorula mucilaginosa	pos	True	False	False	16	410.0	175.1	44.9	175.1	Rhodotorula mucilaginosa
C00062	GCA_002806785.1_ASM280678v1	Rhodotorula mucilaginosa	neg	True	False	False	13	29.3	-1000000000.0	-1000000000.0	-1000000000.0	Rhodotorula mucilaginosa
C00063	GCA_002806785.1_ASM280678v1	Rhodotorula mucilaginosa	neg	True	False	False	26	30.0	-1000000000.0	-1000000000.0	-1000000000.0	Rhodotorula mucilaginosa
C00064	GCA_002917965.1_ASM291796v1	Rhodotorula kratochvilovae	pos	True	False	True	38	857.0	351.0	117.9	351.0	Rhodotorula kratochvilovae
C00065	GCA_002917965.1_ASM291796v1	Rhodotorula kratochvilovae	neg	True	False	True	12	32.3	-1000000000.0	-1000000000.0	-1000000000.0	Rhodotorula kratochvilovae
C00066	GCA_002917965.1_ASM291796v1	Rhodotorula kratochvilovae	neg	True	False	True	11	30.0	-1000000000.0	-1000000000.0	-1000000000.0	Rhodotorula kratochvilovae
C00067	GCA_002917965.1_ASM291796v1	Rhodotorula kratochvilovae	neg	True	False	True	29	29.3	-1000000000.0	-1000000000.0	-1000000000.0	Rhodotorula kratochvilovae
C00068	GCA_002922495.1_ASM292249v1	Rhodotorula taiwanensis	pos	True	False	False	21	169.0	242.6	93.3	242.6	
C00069	GCA_002922495.1_ASM292249v1	Rhodotorula taiwanensis	neg	True	False	False	32	32.7	-1000000000.0	20.8	20.8	
C00070	GCA_002922495.1_ASM292249v1	Rhodotorula taiwanensis	neg	True	False	False	27	30.8	-1000000000.0	-1000000000.0	-1000000000.0	
C00071	GCA_003055205.1_ASM305520v1	Rhodotorula mucilaginosa	pos	True	False	False	18	479.0	237.8	107.7	237.8	Rhodotorula mucilaginosa
C00072	GCA_003055205.1_ASM305520v1	Rhodotorula mucilaginosa	neg	True	False	False	12	29.3	-1000000000.0	-1000000000.0	-1000000000.0	Rhodotorula mucilaginosa
C00073	GCA_003055205.1_ASM305520v1	Rhodotorula mucilaginosa	neg	True	False	False	26	29.6	-1000000000.0	-1000000000.0	-1000000000.0	Rhodotorula mucilaginosa
C00074	GCA_003234015.1_ASM323401v1	Rhodotorula toruloides	neg	True	False	False	26	30.8	-1000000000.0	-1000000000.0	-1000000000.0	Rhodotorula toruloides
C00075	GCA_003234015.1_ASM323401v1	Rhodotorula toruloides	neg	True	False	False	34	44.3	-1000000000.0	26.9	26.9	Rhodotorula toruloides
C00076	GCA_003234015.1_ASM323401v1	Rhodotorula toruloides	pos	True	False	False	25	859.0	264.2	122.5	264.2	Rhodotorula toruloides
C00077	GCA_004143675.1_ASM414367v1	Rhodotorula mucilaginosa	neg	True	False	False	16	30.4	-1000000000.0	-1000000000.0	-1000000000.0	Rhodotorula mucilaginosa
C00078	GCA_004143675.1_ASM414367v1	Rhodotorula mucilaginosa	pos	True	False	False	12	461.0	229.5	107.7	229.5	Rhodotorula mucilaginosa
C00079	GCA_004143675.1_ASM414367v1	Rhodotorula mucilaginosa	neg	True	False	False	40	28.9	-1000000000.0	-1000000000.0	-1000000000.0	Rhodotorula mucilaginosa
C00080	GCA_005059875.1_ASM505987v1	Rhodotorula sp. CCFEE 5036	neg	True	False	False	22	30.8	-1000000000.0	-1000000000.0	-1000000000.0	
C00081	GCA_005059875.1_ASM505987v1	Rhodotorula sp. CCFEE 5036	pos	True	False	False	16	425.0	393.2	206.0	393.2	
C00082	GCA_005059875.1_ASM505987v1	Rhodotorula sp. CCFEE 5036	neg	True	False	False	23	30.4	-1000000000.0	-1000000000.0	-1000000000.0	
C00083	GCA_005281665.1_ASM528166v1	Rhodotorula paludigena	pos	True	False	False	29	290.0	385.5	118.7	385.5	
C00084	GCA_005281665.1_ASM528166v1	Rhodotorula paludigena	neg	True	False	False	25	28.1	-1000000000.0	-1000000000.0	-1000000000.0	
C00085	GCA_005281665.1_ASM528166v1	Rhodotorula paludigena	neg	True	False	False	20	36.2	-1000000000.0	-1000000000.0	-1000000000.0	
C00086	GCA_005387725.1_ASM538772v1	Rhodotorula toruloides	pos	True	False	False	26	517.0	247.3	115.3	247.3	Rhodotorula toruloides
C00087	GCA_005387725.1_ASM538772v1	Rhodotorula toruloides	neg	True	False	False	28	33.5	-1000000000.0	-1000000000.0	-1000000000.0	Rhodotorula toruloides
C00088	GCA_005387725.1_ASM538772v1	Rhodotorula toruloides	neg	True	False	False	14	31.6	-1000000000.0	-1000000000.0	-1000000000.0	Rhodotorula toruloides
C00089	GCA_006352295.1_UMAN_Rdio_1.0	Rhodotorula diobovata	pos	True	False	False	23	299.0	385.3	160.5	385.3	
C00090	GCA_006352295.1_UMAN_Rdio_1.0	Rhodotorula diobovata	neg	True	False	False	17	29.6	-1000000000.0	-1000000000.0	-1000000000.0	
C00091	GCA_006352295.1_UMAN_Rdio_1.0	Rhodotorula diobovata	neg	True	False	False	33	32.3	-1000000000.0	-1000000000.0	-1000000000.0	
C00092	GCA_006352295.1_UMAN_Rdio_1.0	Rhodotorula diobovata	neg	True	False	False	11	32.7	-1000000000.0	-1000000000.0	-1000000000.0	
C00093	GCA_007990605.1_Rt10032-v1	Rhodotorula toruloides	neg	True	False	False	36	28.9	-1000000000.0	-1000000000.0	-1000000000.0	Rhodotorula toruloides
C00094	GCA_007990605.1_Rt10032-v1	Rhodotorula toruloides	neg	True	False	False	6	28.9	-1000000000.0	-1000000000.0	-1000000000.0	Rhodotorula toruloides
C00095	GCA_007990605.1_Rt10032-v1	Rhodotorula toruloides	neg	True	True	False	16	28.9	-1000000000.0	-1000000000.0	-1000000000.0	Rhodotorula toruloides
C00096	GCA_007990605.1_Rt10032-v1	Rhodotorula toruloides	neg	True	False	False	9	32.0	-1000000000.0	-1000000000.0	-1000000000.0	Rhodotorula toruloides
C00097	GCA_007990605.1_Rt10032-v1	Rhodotorula toruloides	neg	True	False	False	7	29.6	-1000000000.0	-1000000000.0	-1000000000.0	Rhodotorula toruloides
C00098	GCA_007990605.1_Rt10032-v1	Rhodotorula toruloides	pos	True	False	False	22	470.0	235.3	121.5	235.3	Rhodotorula toruloides
C00099	GCA_007990605.1_Rt10032-v1	Rhodotorula toruloides	neg	True	False	False	9	31.6	-1000000000.0	-1000000000.0	-1000000000.0	Rhodotorula toruloides
C00100	GCA_009806315.1_ASM980631v1	Rhodotorula sp. ZM1	pos	True	False	False	22	480.0	491.8	249.6	491.8	
C00101	GCA_009806315.1_ASM980631v1	Rhodotorula sp. ZM1	neg	True	False	False	22	33.9	-1000000000.0	-1000000000.0	-1000000000.0	
C00102	GCA_009806315.1_ASM980631v1	Rhodotorula sp. ZM1	neg	True	False	False	8	36.2	-1000000000.0	-1000000000.0	-1000000000.0	
C00103	GCA_009806315.1_ASM980631v1	Rhodotorula sp. ZM1	neg	True	False	False	33	28.5	-1000000000.0	-1000000000.0	-1000000000.0	
C00104	GCA_009806315.1_ASM980631v1	Rhodotorula sp. ZM1	neg	True	False	False	26	28.9	-1000000000.0	-1000000000.0	-1000000000.0	
C00105	GCA_009806315.1_ASM980631v1	Rhodotorula sp. ZM1	neg	True	False	False	10	32.0	-1000000000.0	-1000000000.0	-1000000000.0	
C00106	GCA_010758995.1_ASM1075899v1	Sporobolomyces pararoseus	neg	True	False	False	26	30.0	-1000000000.0	-1000000000.0	-1000000000.0	
C00107	GCA_010758995.1_ASM1075899v1	Sporobolomyces pararoseus	neg	True	False	False	19	30.0	-1000000000.0	-1000000000.0	-1000000000.0	
C00108	GCA_010758995.1_ASM1075899v1	Sporobolomyces pararoseus	neg	True	False	False	20	150.0	251.1	54.5	251.1	
C00109	GCA_012922695.1_ASM1292269v1	Rhodotorula mucilaginosa	pos	True	False	False	18	479.0	237.8	107.7	237.8	Rhodotorula mucilaginosa
C00110	GCA_012922695.1_ASM1292269v1	Rhodotorula mucilaginosa	neg	True	False	False	10	29.3	-1000000000.0	-1000000000.0	-1000000000.0	Rhodotorula mucilaginosa
C00111	GCA_012922695.1_ASM1292269v1	Rhodotorula mucilaginosa	neg	True	False	False	18	30.4	-1000000000.0	-1000000000.0	-1000000000.0	Rhodotorula mucilaginosa
C00112	GCA_012922695.1_ASM1292269v1	Rhodotorula mucilaginosa	neg	True	False	False	25	29.6	-1000000000.0	-1000000000.0	-1000000000.0	Rhodotorula mucilaginosa
C00113	GCA_012922725.1_ASM1292272v1	Rhodotorula mucilaginosa	pos	True	False	False	14	479.0	237.8	107.7	237.8	Rhodotorula mucilaginosa
C00114	GCA_012922725.1_ASM1292272v1	Rhodotorula mucilaginosa	neg	True	False	False	10	28.9	-1000000000.0	-1000000000.0	-1000000000.0	Rhodotorula mucilaginosa
C00115	GCA_012922725.1_ASM1292272v1	Rhodotorula mucilaginosa	neg	True	False	False	16	31.6	-1000000000.0	-1000000000.0	-1000000000.0	Rhodotorula mucilaginosa
C00116	GCA_012922725.1_ASM1292272v1	Rhodotorula mucilaginosa	neg	True	False	False	12	30.4	-1000000000.0	-1000000000.0	-1000000000.0	Rhodotorula mucilaginosa
C00117	GCA_012922725.1_ASM1292272v1	Rhodotorula mucilaginosa	neg	True	False	False	15	29.6	-1000000000.0	-1000000000.0	-1000000000.0	Rhodotorula mucilaginosa
C00118	GCA_012922765.1_ASM1292276v1	Rhodotorula mucilaginosa	pos	True	False	False	18	479.0	237.8	107.7	237.8	Rhodotorula mucilaginosa
C00119	GCA_012922765.1_ASM1292276v1	Rhodotorula mucilaginosa	neg	True	False	False	12	29.3	-1000000000.0	-1000000000.0	-1000000000.0	Rhodotorula mucilaginosa
C00120	GCA_012922765.1_ASM1292276v1	Rhodotorula mucilaginosa	neg	True	False	False	20	30.4	-1000000000.0	-1000000000.0	-1000000000.0	Rhodotorula mucilaginosa
C00121	GCA_012922765.1_ASM1292276v1	Rhodotorula mucilaginosa	neg	True	False	False	26	29.6	-1000000000.0	-1000000000.0	-1000000000.0	Rhodotorula mucilaginosa
C00122	GCA_012922805.1_ASM1292280v1	Rhodotorula mucilaginosa	pos	True	False	False	15	479.0	237.8	107.7	237.8	Rhodotorula mucilaginosa
C00123	GCA_012922805.1_ASM1292280v1	Rhodotorula mucilaginosa	neg	True	False	False	10	28.9	-1000000000.0	-1000000000.0	-1000000000.0	Rhodotorula mucilaginosa
C00124	GCA_012922805.1_ASM1292280v1	Rhodotorula mucilaginosa	neg	True	False	False	19	31.6	-1000000000.0	-1000000000.0	-1000000000.0	Rhodotorula mucilaginosa
C00125	GCA_012922805.1_ASM1292280v1	Rhodotorula mucilaginosa	neg	True	False	False	12	30.4	-1000000000.0	-1000000000.0	-1000000000.0	Rhodotorula mucilaginosa
C00126	GCA_012922805.1_ASM1292280v1	Rhodotorula mucilaginosa	neg	True	False	False	18	29.6	-1000000000.0	-1000000000.0	-1000000000.0	Rhodotorula mucilaginosa
C00127	GCA_012922825.1_ASM1292282v1	Rhodotorula mucilaginosa	pos	True	False	False	18	479.0	237.8	107.7	237.8	Rhodotorula mucilaginosa
C00128	GCA_012922825.1_ASM1292282v1	Rhodotorula mucilaginosa	neg	True	False	False	13	29.3	-1000000000.0	-1000000000.0	-1000000000.0	Rhodotorula mucilaginosa
C00129	GCA_012922825.1_ASM1292282v1	Rhodotorula mucilaginosa	neg	True	False	False	26	29.6	-1000000000.0	-1000000000.0	-1000000000.0	Rhodotorula mucilaginosa
C00130	GCA_012922835.1_ASM1292283v1	Rhodotorula mucilaginosa	pos	True	False	False	14	479.0	237.8	107.7	237.8	Rhodotorula mucilaginosa
C00131	GCA_012922835.1_ASM1292283v1	Rhodotorula mucilaginosa	neg	True	False	False	9	28.9	-1000000000.0	-1000000000.0	-1000000000.0	Rhodotorula mucilaginosa
C00132	GCA_012922835.1_ASM1292283v1	Rhodotorula mucilaginosa	neg	True	False	False	15	31.6	-1000000000.0	-1000000000.0	-1000000000.0	Rhodotorula mucilaginosa
C00133	GCA_012922835.1_ASM1292283v1	Rhodotorula mucilaginosa	neg	True	False	False	10	30.4	-1000000000.0	-1000000000.0	-1000000000.0	Rhodotorula mucilaginosa
C00134	GCA_012922835.1_ASM1292283v1	Rhodotorula mucilaginosa	neg	True	False	False	14	29.6	-1000000000.0	-1000000000.0	-1000000000.0	Rhodotorula mucilaginosa
C00135	GCA_013030385.1_ASM1303038v1	Rhodotorula mucilaginosa	pos	True	False	False	15	479.0	237.8	107.7	237.8	Rhodotorula mucilaginosa
C00136	GCA_013030385.1_ASM1303038v1	Rhodotorula mucilaginosa	neg	True	False	False	10	28.9	-1000000000.0	-1000000000.0	-1000000000.0	Rhodotorula mucilaginosa
C00137	GCA_013030385.1_ASM1303038v1	Rhodotorula mucilaginosa	neg	True	False	False	20	31.6	-1000000000.0	-1000000000.0	-1000000000.0	Rhodotorula mucilaginosa
C00138	GCA_013030385.1_ASM1303038v1	Rhodotorula mucilaginosa	neg	True	False	False	12	30.4	-1000000000.0	-1000000000.0	-1000000000.0	Rhodotorula mucilaginosa
C00139	GCA_013030385.1_ASM1303038v1	Rhodotorula mucilaginosa	neg	True	False	False	18	29.6	-1000000000.0	-1000000000.0	-1000000000.0	Rhodotorula mucilaginosa
C00140	GCA_013030395.1_ASM1303039v1	Rhodotorula mucilaginosa	pos	True	False	False	14	479.0	237.8	107.7	237.8	Rhodotorula mucilaginosa
C00141	GCA_013030395.1_ASM1303039v1	Rhodotorula mucilaginosa	neg	True	False	False	10	28.9	-1000000000.0	-1000000000.0	-1000000000.0	Rhodotorula mucilaginosa
C00142	GCA_013030395.1_ASM1303039v1	Rhodotorula mucilaginosa	neg	True	False	False	16	31.6	-1000000000.0	-1000000000.0	-1000000000.0	Rhodotorula mucilaginosa
C00143	GCA_013030395.1_ASM1303039v1	Rhodotorula mucilaginosa	neg	True	False	False	12	30.4	-1000000000.0	-1000000000.0	-1000000000.0	Rhodotorula mucilaginosa
C00144	GCA_013030395.1_ASM1303039v1	Rhodotorula mucilaginosa	neg	True	False	False	15	29.6	-1000000000.0	-1000000000.0	-1000000000.0	Rhodotorula mucilaginosa
C00145	GCA_013030405.1_ASM1303040v1	Rhodotorula mucilaginosa	pos	True	False	False	15	479.0	237.8	107.7	237.8	Rhodotorula mucilaginosa
C00146	GCA_013030405.1_ASM1303040v1	Rhodotorula mucilaginosa	neg	True	False	False	10	28.9	-1000000000.0	-1000000000.0	-1000000000.0	Rhodotorula mucilaginosa
C00147	GCA_013030405.1_ASM1303040v1	Rhodotorula mucilaginosa	neg	True	False	False	20	31.6	-1000000000.0	-1000000000.0	-1000000000.0	Rhodotorula mucilaginosa
C00148	GCA_013030405.1_ASM1303040v1	Rhodotorula mucilaginosa	neg	True	False	False	12	30.4	-1000000000.0	-1000000000.0	-1000000000.0	Rhodotorula mucilaginosa
C00149	GCA_013030405.1_ASM1303040v1	Rhodotorula mucilaginosa	neg	True	False	False	18	29.6	-1000000000.0	-1000000000.0	-1000000000.0	Rhodotorula mucilaginosa
C00150	GCA_013030415.1_ASM1303041v1	Rhodotorula mucilaginosa	pos	True	False	False	14	479.0	237.8	107.7	237.8	Rhodotorula mucilaginosa
C00151	GCA_013030415.1_ASM1303041v1	Rhodotorula mucilaginosa	neg	True	False	False	15	31.6	-1000000000.0	-1000000000.0	-1000000000.0	Rhodotorula mucilaginosa
C00152	GCA_013030415.1_ASM1303041v1	Rhodotorula mucilaginosa	neg	True	False	False	8	28.9	-1000000000.0	-1000000000.0	-1000000000.0	Rhodotorula mucilaginosa
C00153	GCA_013030415.1_ASM1303041v1	Rhodotorula mucilaginosa	neg	True	False	False	10	30.4	-1000000000.0	-1000000000.0	-1000000000.0	Rhodotorula mucilaginosa
C00154	GCA_013030415.1_ASM1303041v1	Rhodotorula mucilaginosa	neg	True	False	False	14	29.6	-1000000000.0	-1000000000.0	-1000000000.0	Rhodotorula mucilaginosa
C00155	GCA_013036305.1_ASM1303630v1	Rhodotorula mucilaginosa	pos	True	False	False	15	479.0	237.8	107.7	237.8	Rhodotorula mucilaginosa
C00156	GCA_013036305.1_ASM1303630v1	Rhodotorula mucilaginosa	neg	True	False	False	10	28.9	-1000000000.0	-1000000000.0	-1000000000.0	Rhodotorula mucilaginosa
C00157	GCA_013036305.1_ASM1303630v1	Rhodotorula mucilaginosa	neg	True	False	False	20	31.6	-1000000000.0	-1000000000.0	-1000000000.0	Rhodotorula mucilaginosa
C00158	GCA_013036305.1_ASM1303630v1	Rhodotorula mucilaginosa	neg	True	False	False	12	30.4	-1000000000.0	-1000000000.0	-1000000000.0	Rhodotorula mucilaginosa
C00159	GCA_013036305.1_ASM1303630v1	Rhodotorula mucilaginosa	neg	True	False	False	18	29.6	-1000000000.0	-1000000000.0	-1000000000.0	Rhodotorula mucilaginosa
C00160	GCA_013036355.1_ASM1303635v1	Rhodotorula mucilaginosa	pos	True	False	False	15	479.0	237.8	107.7	237.8	Rhodotorula mucilaginosa
C00161	GCA_013036355.1_ASM1303635v1	Rhodotorula mucilaginosa	neg	True	False	False	10	28.9	-1000000000.0	-1000000000.0	-1000000000.0	Rhodotorula mucilaginosa
C00162	GCA_013036355.1_ASM1303635v1	Rhodotorula mucilaginosa	neg	True	False	False	20	31.6	-1000000000.0	-1000000000.0	-1000000000.0	Rhodotorula mucilaginosa
C00163	GCA_013036355.1_ASM1303635v1	Rhodotorula mucilaginosa	neg	True	False	False	12	30.4	-1000000000.0	-1000000000.0	-1000000000.0	Rhodotorula mucilaginosa
C00164	GCA_013036355.1_ASM1303635v1	Rhodotorula mucilaginosa	neg	True	False	False	18	29.6	-1000000000.0	-1000000000.0	-1000000000.0	Rhodotorula mucilaginosa
C00165	GCA_013036365.1_ASM1303636v1	Rhodotorula mucilaginosa	pos	True	False	False	23	479.0	237.8	107.7	237.8	Rhodotorula mucilaginosa
C00166	GCA_013036365.1_ASM1303636v1	Rhodotorula mucilaginosa	neg	True	False	False	15	29.3	-1000000000.0	-1000000000.0	-1000000000.0	Rhodotorula mucilaginosa
C00167	GCA_013036365.1_ASM1303636v1	Rhodotorula mucilaginosa	neg	True	False	False	34	29.6	-1000000000.0	-1000000000.0	-1000000000.0	Rhodotorula mucilaginosa
C00168	GCA_013036385.1_ASM1303638v1	Rhodotorula mucilaginosa	pos	True	False	False	14	479.0	237.8	107.7	237.8	Rhodotorula mucilaginosa
C00169	GCA_013036385.1_ASM1303638v1	Rhodotorula mucilaginosa	neg	True	False	False	10	28.9	-1000000000.0	-1000000000.0	-1000000000.0	Rhodotorula mucilaginosa
C00170	GCA_013036385.1_ASM1303638v1	Rhodotorula mucilaginosa	neg	True	False	False	17	31.6	-1000000000.0	-1000000000.0	-1000000000.0	Rhodotorula mucilaginosa
C00171	GCA_013036385.1_ASM1303638v1	Rhodotorula mucilaginosa	neg	True	False	False	12	30.4	-1000000000.0	-1000000000.0	-1000000000.0	Rhodotorula mucilaginosa
C00172	GCA_013036385.1_ASM1303638v1	Rhodotorula mucilaginosa	neg	True	False	False	16	29.6	-1000000000.0	-1000000000.0	-1000000000.0	Rhodotorula mucilaginosa
C00173	GCA_013036445.1_ASM1303644v1	Rhodotorula mucilaginosa	pos	True	False	False	14	479.0	237.8	107.7	237.8	Rhodotorula mucilaginosa
C00174	GCA_013036445.1_ASM1303644v1	Rhodotorula mucilaginosa	neg	True	False	False	10	28.9	-1000000000.0	-1000000000.0	-1000000000.0	Rhodotorula mucilaginosa
C00175	GCA_013036445.1_ASM1303644v1	Rhodotorula mucilaginosa	neg	True	False	False	16	31.6	-1000000000.0	-1000000000.0	-1000000000.0	Rhodotorula mucilaginosa
C00176	GCA_013036445.1_ASM1303644v1	Rhodotorula mucilaginosa	neg	True	False	False	12	30.4	-1000000000.0	-1000000000.0	-1000000000.0	Rhodotorula mucilaginosa
C00177	GCA_013036445.1_ASM1303644v1	Rhodotorula mucilaginosa	neg	True	False	False	15	29.6	-1000000000.0	-1000000000.0	-1000000000.0	Rhodotorula mucilaginosa
C00178	GCA_013036475.1_ASM1303647v1	Rhodotorula mucilaginosa	pos	True	False	False	14	479.0	237.8	107.7	237.8	Rhodotorula mucilaginosa
C00179	GCA_013036475.1_ASM1303647v1	Rhodotorula mucilaginosa	neg	True	False	False	9	28.9	-1000000000.0	-1000000000.0	-1000000000.0	Rhodotorula mucilaginosa
C00180	GCA_013036475.1_ASM1303647v1	Rhodotorula mucilaginosa	neg	True	False	False	15	31.6	-1000000000.0	-1000000000.0	-1000000000.0	Rhodotorula mucilaginosa
C00181	GCA_013036475.1_ASM1303647v1	Rhodotorula mucilaginosa	neg	True	False	False	10	30.4	-1000000000.0	-1000000000.0	-1000000000.0	Rhodotorula mucilaginosa
C00182	GCA_013036475.1_ASM1303647v1	Rhodotorula mucilaginosa	neg	True	False	False	14	29.6	-1000000000.0	-1000000000.0	-1000000000.0	Rhodotorula mucilaginosa
C00183	GCA_013036505.1_ASM1303650v1	Rhodotorula mucilaginosa	pos	True	False	False	20	479.0	237.8	107.7	237.8	Rhodotorula mucilaginosa
C00184	GCA_013036505.1_ASM1303650v1	Rhodotorula mucilaginosa	neg	True	False	False	14	29.3	-1000000000.0	-1000000000.0	-1000000000.0	Rhodotorula mucilaginosa
C00185	GCA_013036505.1_ASM1303650v1	Rhodotorula mucilaginosa	neg	True	False	False	30	29.6	-1000000000.0	-1000000000.0	-1000000000.0	Rhodotorula mucilaginosa
C00186	GCA_013036515.1_ASM1303651v1	Rhodotorula mucilaginosa	pos	True	False	False	20	479.0	237.8	107.7	237.8	Rhodotorula mucilaginosa
C00187	GCA_013036515.1_ASM1303651v1	Rhodotorula mucilaginosa	neg	True	False	False	13	29.3	-1000000000.0	-1000000000.0	-1000000000.0	Rhodotorula mucilaginosa
C00188	GCA_013036515.1_ASM1303651v1	Rhodotorula mucilaginosa	neg	True	False	False	29	29.6	-1000000000.0	-1000000000.0	-1000000000.0	Rhodotorula mucilaginosa
C00189	GCA_013036525.1_ASM1303652v1	Rhodotorula mucilaginosa	pos	True	False	False	15	479.0	237.8	107.7	237.8	Rhodotorula mucilaginosa
C00190	GCA_013036525.1_ASM1303652v1	Rhodotorula mucilaginosa	neg	True	False	False	10	28.9	-1000000000.0	-1000000000.0	-1000000000.0	Rhodotorula mucilaginosa
C00191	GCA_013036525.1_ASM1303652v1	Rhodotorula mucilaginosa	neg	True	False	False	20	31.6	-1000000000.0	-1000000000.0	-1000000000.0	Rhodotorula mucilaginosa
C00192	GCA_013036525.1_ASM1303652v1	Rhodotorula mucilaginosa	neg	True	False	False	13	30.4	-1000000000.0	-1000000000.0	-1000000000.0	Rhodotorula mucilaginosa
C00193	GCA_013036525.1_ASM1303652v1	Rhodotorula mucilaginosa	neg	True	False	False	19	29.6	-1000000000.0	-1000000000.0	-1000000000.0	Rhodotorula mucilaginosa
C00194	GCA_013036595.1_ASM1303659v1	Rhodotorula mucilaginosa	pos	True	False	False	15	479.0	237.8	107.7	237.8	Rhodotorula mucilaginosa
C00195	GCA_013036595.1_ASM1303659v1	Rhodotorula mucilaginosa	neg	True	False	False	10	28.9	-1000000000.0	-1000000000.0	-1000000000.0	Rhodotorula mucilaginosa
C00196	GCA_013036595.1_ASM1303659v1	Rhodotorula mucilaginosa	neg	True	False	False	19	31.6	-1000000000.0	-1000000000.0	-1000000000.0	Rhodotorula mucilaginosa
C00197	GCA_013036595.1_ASM1303659v1	Rhodotorula mucilaginosa	neg	True	False	False	12	30.4	-1000000000.0	-1000000000.0	-1000000000.0	Rhodotorula mucilaginosa
C00198	GCA_013036595.1_ASM1303659v1	Rhodotorula mucilaginosa	neg	True	False	False	18	29.6	-1000000000.0	-1000000000.0	-1000000000.0	Rhodotorula mucilaginosa
C00199	GCA_013036615.1_ASM1303661v1	Rhodotorula mucilaginosa	pos	True	False	False	20	479.0	237.8	107.7	237.8	Rhodotorula mucilaginosa
C00200	GCA_013036615.1_ASM1303661v1	Rhodotorula mucilaginosa	neg	True	False	False	14	29.3	-1000000000.0	-1000000000.0	-1000000000.0	Rhodotorula mucilaginosa
C00201	GCA_013036615.1_ASM1303661v1	Rhodotorula mucilaginosa	neg	True	False	False	30	29.6	-1000000000.0	-1000000000.0	-1000000000.0	Rhodotorula mucilaginosa
C00202	GCA_013036655.1_ASM1303665v1	Rhodotorula mucilaginosa	pos	True	False	False	24	479.0	237.8	107.7	237.8	Rhodotorula mucilaginosa
C00203	GCA_013036655.1_ASM1303665v1	Rhodotorula mucilaginosa	neg	True	False	False	15	29.3	-1000000000.0	-1000000000.0	-1000000000.0	Rhodotorula mucilaginosa
C00204	GCA_013036655.1_ASM1303665v1	Rhodotorula mucilaginosa	neg	True	False	False	35	29.6	-1000000000.0	-1000000000.0	-1000000000.0	Rhodotorula mucilaginosa
C00205	GCA_013036665.1_ASM1303666v1	Rhodotorula mucilaginosa	pos	True	False	False	15	479.0	237.8	107.7	237.8	Rhodotorula mucilaginosa
C00206	GCA_013036665.1_ASM1303666v1	Rhodotorula mucilaginosa	neg	True	False	False	10	28.9	-1000000000.0	-1000000000.0	-1000000000.0	Rhodotorula mucilaginosa
C00207	GCA_013036665.1_ASM1303666v1	Rhodotorula mucilaginosa	neg	True	False	False	20	31.6	-1000000000.0	-1000000000.0	-1000000000.0	Rhodotorula mucilaginosa
C00208	GCA_013036665.1_ASM1303666v1	Rhodotorula mucilaginosa	neg	True	False	False	13	30.4	-1000000000.0	-1000000000.0	-1000000000.0	Rhodotorula mucilaginosa
C00209	GCA_013036665.1_ASM1303666v1	Rhodotorula mucilaginosa	neg	True	False	False	19	29.6	-1000000000.0	-1000000000.0	-1000000000.0	Rhodotorula mucilaginosa
C00210	GCA_013036715.1_ASM1303671v1	Rhodotorula mucilaginosa	pos	True	False	False	17	479.0	237.8	107.7	237.8	Rhodotorula mucilaginosa
C00211	GCA_013036715.1_ASM1303671v1	Rhodotorula mucilaginosa	neg	True	False	False	13	28.9	-1000000000.0	-1000000000.0	-1000000000.0	Rhodotorula mucilaginosa
C00212	GCA_013036715.1_ASM1303671v1	Rhodotorula mucilaginosa	neg	True	False	False	22	31.6	-1000000000.0	-1000000000.0	-1000000000.0	Rhodotorula mucilaginosa
C00213	GCA_013036715.1_ASM1303671v1	Rhodotorula mucilaginosa	neg	True	False	False	22	29.6	-1000000000.0	-1000000000.0	-1000000000.0	Rhodotorula mucilaginosa
C00214	GCA_013036735.1_ASM1303673v1	Rhodotorula mucilaginosa	pos	True	False	False	15	479.0	237.8	107.7	237.8	Rhodotorula mucilaginosa
C00215	GCA_013036735.1_ASM1303673v1	Rhodotorula mucilaginosa	neg	True	False	False	10	28.9	-1000000000.0	-1000000000.0	-1000000000.0	Rhodotorula mucilaginosa
C00216	GCA_013036735.1_ASM1303673v1	Rhodotorula mucilaginosa	neg	True	False	False	20	31.6	-1000000000.0	-1000000000.0	-1000000000.0	Rhodotorula mucilaginosa
C00217	GCA_013036735.1_ASM1303673v1	Rhodotorula mucilaginosa	neg	True	False	False	12	30.4	-1000000000.0	-1000000000.0	-1000000000.0	Rhodotorula mucilaginosa
C00218	GCA_013036735.1_ASM1303673v1	Rhodotorula mucilaginosa	neg	True	False	False	18	29.6	-1000000000.0	-1000000000.0	-1000000000.0	Rhodotorula mucilaginosa
C00219	GCA_013036755.1_ASM1303675v1	Rhodotorula mucilaginosa	pos	True	False	False	15	479.0	237.8	107.7	237.8	Rhodotorula mucilaginosa
C00220	GCA_013036755.1_ASM1303675v1	Rhodotorula mucilaginosa	neg	True	False	False	10	28.9	-1000000000.0	-1000000000.0	-1000000000.0	Rhodotorula mucilaginosa
C00221	GCA_013036755.1_ASM1303675v1	Rhodotorula mucilaginosa	neg	True	False	False	19	31.6	-1000000000.0	-1000000000.0	-1000000000.0	Rhodotorula mucilaginosa
C00222	GCA_013036755.1_ASM1303675v1	Rhodotorula mucilaginosa	neg	True	False	False	12	30.4	-1000000000.0	-1000000000.0	-1000000000.0	Rhodotorula mucilaginosa
C00223	GCA_013036755.1_ASM1303675v1	Rhodotorula mucilaginosa	neg	True	False	False	18	29.6	-1000000000.0	-1000000000.0	-1000000000.0	Rhodotorula mucilaginosa
C00224	GCA_013036805.1_ASM1303680v1	Rhodotorula mucilaginosa	pos	True	False	False	19	479.0	237.8	107.7	237.8	Rhodotorula mucilaginosa
C00225	GCA_013036805.1_ASM1303680v1	Rhodotorula mucilaginosa	neg	True	False	False	13	29.3	-1000000000.0	-1000000000.0	-1000000000.0	Rhodotorula mucilaginosa
C00226	GCA_013036805.1_ASM1303680v1	Rhodotorula mucilaginosa	neg	True	False	False	26	29.6	-1000000000.0	-1000000000.0	-1000000000.0	Rhodotorula mucilaginosa
C00227	GCA_013036825.1_ASM1303682v1	Rhodotorula mucilaginosa	pos	True	False	False	15	479.0	237.8	107.7	237.8	Rhodotorula mucilaginosa
C00228	GCA_013036825.1_ASM1303682v1	Rhodotorula mucilaginosa	neg	True	False	False	10	28.9	-1000000000.0	-1000000000.0	-1000000000.0	Rhodotorula mucilaginosa
C00229	GCA_013036825.1_ASM1303682v1	Rhodotorula mucilaginosa	neg	True	False	False	20	31.6	-1000000000.0	-1000000000.0	-1000000000.0	Rhodotorula mucilaginosa
C00230	GCA_013036825.1_ASM1303682v1	Rhodotorula mucilaginosa	neg	True	False	False	12	30.4	-1000000000.0	-1000000000.0	-1000000000.0	Rhodotorula mucilaginosa
C00231	GCA_013036825.1_ASM1303682v1	Rhodotorula mucilaginosa	neg	True	False	False	18	29.6	-1000000000.0	-1000000000.0	-1000000000.0	Rhodotorula mucilaginosa
C00232	GCA_013036835.1_ASM1303683v1	Rhodotorula mucilaginosa	pos	True	False	False	15	479.0	237.8	107.7	237.8	Rhodotorula mucilaginosa
C00233	GCA_013036835.1_ASM1303683v1	Rhodotorula mucilaginosa	neg	True	False	False	10	28.9	-1000000000.0	-1000000000.0	-1000000000.0	Rhodotorula mucilaginosa
C00234	GCA_013036835.1_ASM1303683v1	Rhodotorula mucilaginosa	neg	True	False	False	20	31.6	-1000000000.0	-1000000000.0	-1000000000.0	Rhodotorula mucilaginosa
C00235	GCA_013036835.1_ASM1303683v1	Rhodotorula mucilaginosa	neg	True	False	False	12	30.4	-1000000000.0	-1000000000.0	-1000000000.0	Rhodotorula mucilaginosa
C00236	GCA_013036835.1_ASM1303683v1	Rhodotorula mucilaginosa	neg	True	False	False	18	29.6	-1000000000.0	-1000000000.0	-1000000000.0	Rhodotorula mucilaginosa
C00237	GCA_013036895.1_ASM1303689v1	Rhodotorula mucilaginosa	pos	True	False	False	20	479.0	237.8	107.7	237.8	Rhodotorula mucilaginosa
C00238	GCA_013036895.1_ASM1303689v1	Rhodotorula mucilaginosa	neg	True	False	False	13	29.3	-1000000000.0	-1000000000.0	-1000000000.0	Rhodotorula mucilaginosa
C00239	GCA_013036895.1_ASM1303689v1	Rhodotorula mucilaginosa	neg	True	False	False	28	29.6	-1000000000.0	-1000000000.0	-1000000000.0	Rhodotorula mucilaginosa
C00240	GCA_013036905.1_ASM1303690v1	Rhodotorula mucilaginosa	pos	True	False	False	15	479.0	237.8	107.7	237.8	Rhodotorula mucilaginosa
C00241	GCA_013036905.1_ASM1303690v1	Rhodotorula mucilaginosa	neg	True	False	False	20	31.6	-1000000000.0	-1000000000.0	-1000000000.0	Rhodotorula mucilaginosa
C00242	GCA_013036905.1_ASM1303690v1	Rhodotorula mucilaginosa	neg	True	False	False	10	28.9	-1000000000.0	-1000000000.0	-1000000000.0	Rhodotorula mucilaginosa
C00243	GCA_013036905.1_ASM1303690v1	Rhodotorula mucilaginosa	neg	True	False	False	12	30.4	-1000000000.0	-1000000000.0	-1000000000.0	Rhodotorula mucilaginosa
C00244	GCA_013036905.1_ASM1303690v1	Rhodotorula mucilaginosa	neg	True	False	False	18	29.6	-1000000000.0	-1000000000.0	-1000000000.0	Rhodotorula mucilaginosa
C00245	GCA_013036955.1_ASM1303695v1	Rhodotorula mucilaginosa	pos	True	False	False	15	479.0	237.8	107.7	237.8	Rhodotorula mucilaginosa
C00246	GCA_013036955.1_ASM1303695v1	Rhodotorula mucilaginosa	neg	True	False	False	10	28.9	-1000000000.0	-1000000000.0	-1000000000.0	Rhodotorula mucilaginosa
C00247	GCA_013036955.1_ASM1303695v1	Rhodotorula mucilaginosa	neg	True	False	False	20	31.6	-1000000000.0	-1000000000.0	-1000000000.0	Rhodotorula mucilaginosa
C00248	GCA_013036955.1_ASM1303695v1	Rhodotorula mucilaginosa	neg	True	False	False	12	30.4	-1000000000.0	-1000000000.0	-1000000000.0	Rhodotorula mucilaginosa
C00249	GCA_013036955.1_ASM1303695v1	Rhodotorula mucilaginosa	neg	True	False	False	18	29.6	-1000000000.0	-1000000000.0	-1000000000.0	Rhodotorula mucilaginosa
C00250	GCA_015501985.1_ASM1550198v1	Rhodotorula glutinis	neg	True	False	False	14	29.6	-1000000000.0	-1000000000.0	-1000000000.0	Rhodotorula glutinis
C00251	GCA_015501985.1_ASM1550198v1	Rhodotorula glutinis	neg	True	False	False	20	32.3	-1000000000.0	-1000000000.0	-1000000000.0	Rhodotorula glutinis
C00252	GCA_015501985.1_ASM1550198v1	Rhodotorula glutinis	neg	True	True	False	14	30.8	-1000000000.0	-1000000000.0	-1000000000.0	Rhodotorula glutinis
C00253	GCA_015501985.1_ASM1550198v1	Rhodotorula glutinis	neg	True	False	False	10	29.6	-1000000000.0	-1000000000.0	-1000000000.0	Rhodotorula glutinis
C00254	GCA_015501985.1_ASM1550198v1	Rhodotorula glutinis	neg	True	False	False	10	28.5	-1000000000.0	-1000000000.0	-1000000000.0	Rhodotorula glutinis
C00255	GCA_015501985.1_ASM1550198v1	Rhodotorula glutinis	pos	True	False	False	30	768.0	303.0	119.2	303.0	Rhodotorula glutinis
C00256	GCA_015501985.1_ASM1550198v1	Rhodotorula glutinis	neg	True	False	False	13	29.6	-1000000000.0	-1000000000.0	-1000000000.0	Rhodotorula glutinis
C00257	GCA_016584205.1_ASM1658420v1	Rhodotorula mucilaginosa	pos	True	False	False	24	479.0	237.8	107.7	237.8	Rhodotorula mucilaginosa
C00258	GCA_016584205.1_ASM1658420v1	Rhodotorula mucilaginosa	neg	True	False	False	15	29.3	-1000000000.0	-1000000000.0	-1000000000.0	Rhodotorula mucilaginosa
C00259	GCA_016584205.1_ASM1658420v1	Rhodotorula mucilaginosa	neg	True	False	False	34	29.6	-1000000000.0	-1000000000.0	-1000000000.0	Rhodotorula mucilaginosa
C00260	GCA_016808315.1_ASM1680831v1	Rhodotorula toruloides	pos	True	False	False	26	486.0	267.7	112.9	267.7	Rhodotorula toruloides
C00261	GCA_016808315.1_ASM1680831v1	Rhodotorula toruloides	pos	True	False	False	26	462.0	239.3	121.9	239.3	Rhodotorula toruloides
C00262	GCA_016808315.1_ASM1680831v1	Rhodotorula toruloides	neg	True	False	False	37	44.3	-1000000000.0	26.9	26.9	Rhodotorula toruloides
C00263	GCA_018687845.1_ASM1868784v1	Rhodotorula mucilaginosa	neg	True	False	False	9	30.4	-1000000000.0	-1000000000.0	-1000000000.0	Rhodotorula mucilaginosa
C00264	GCA_018687845.1_ASM1868784v1	Rhodotorula mucilaginosa	neg	True	False	False	28	28.9	-1000000000.0	-1000000000.0	-1000000000.0	Rhodotorula mucilaginosa
C00265	GCA_018687845.1_ASM1868784v1	Rhodotorula mucilaginosa	pos	True	False	False	12	461.0	229.5	107.7	229.5	Rhodotorula mucilaginosa
C00266	GCA_018687845.1_ASM1868784v1	Rhodotorula mucilaginosa	neg	True	False	False	21	31.6	-1000000000.0	-1000000000.0	-1000000000.0	Rhodotorula mucilaginosa
C00267	GCA_018687845.1_ASM1868784v1	Rhodotorula mucilaginosa	neg	True	False	False	6	28.9	-1000000000.0	-1000000000.0	-1000000000.0	Rhodotorula mucilaginosa
C00268	GCA_019059545.1_ASM1905954v1	Rhodotorula sp. VS67	pos	True	False	False	16	484.0	404.6	346.3	404.6	
C00269	GCA_019059545.1_ASM1905954v1	Rhodotorula sp. VS67	neg	True	False	False	17	30.8	-1000000000.0	-1000000000.0	-1000000000.0	
C00270	GCA_019059545.1_ASM1905954v1	Rhodotorula sp. VS67	neg	True	False	False	24	31.6	-1000000000.0	-1000000000.0	-1000000000.0	
C00271	GCA_019059545.1_ASM1905954v1	Rhodotorula sp. VS67	neg	True	False	False	27	30.0	-1000000000.0	-1000000000.0	-1000000000.0	
C00272	GCA_019189345.1_ASM1918934v1	Rhodotorula mucilaginosa	pos	True	False	False	17	479.0	237.8	107.7	237.8	Rhodotorula mucilaginosa
C00273	GCA_019189345.1_ASM1918934v1	Rhodotorula mucilaginosa	neg	True	False	False	9	29.3	-1000000000.0	-1000000000.0	-1000000000.0	Rhodotorula mucilaginosa
C00274	GCA_019189345.1_ASM1918934v1	Rhodotorula mucilaginosa	neg	True	False	False	15	30.4	-1000000000.0	-1000000000.0	-1000000000.0	Rhodotorula mucilaginosa
C00275	GCA_019189345.1_ASM1918934v1	Rhodotorula mucilaginosa	neg	True	False	False	23	29.6	-1000000000.0	-1000000000.0	-1000000000.0	Rhodotorula mucilaginosa
C00276	GCA_019189395.1_ASM1918939v1	Rhodotorula mucilaginosa	pos	True	False	False	15	479.0	237.8	107.7	237.8	Rhodotorula mucilaginosa
C00277	GCA_019189395.1_ASM1918939v1	Rhodotorula mucilaginosa	neg	True	False	False	8	29.3	-1000000000.0	-1000000000.0	-1000000000.0	Rhodotorula mucilaginosa
C00278	GCA_019189395.1_ASM1918939v1	Rhodotorula mucilaginosa	neg	True	False	False	12	30.4	-1000000000.0	-1000000000.0	-1000000000.0	Rhodotorula mucilaginosa
C00279	GCA_019189395.1_ASM1918939v1	Rhodotorula mucilaginosa	neg	True	False	False	18	29.6	-1000000000.0	-1000000000.0	-1000000000.0	Rhodotorula mucilaginosa
C00280	GCA_019189415.1_ASM1918941v1	Rhodotorula mucilaginosa	pos	True	False	False	22	479.0	237.8	107.7	237.8	Rhodotorula mucilaginosa
C00281	GCA_019189415.1_ASM1918941v1	Rhodotorula mucilaginosa	neg	True	False	False	14	29.3	-1000000000.0	-1000000000.0	-1000000000.0	Rhodotorula mucilaginosa
C00282	GCA_019189415.1_ASM1918941v1	Rhodotorula mucilaginosa	neg	True	False	False	32	29.6	-1000000000.0	-1000000000.0	-1000000000.0	Rhodotorula mucilaginosa
C00283	GCA_019189475.1_ASM1918947v1	Rhodotorula mucilaginosa	pos	True	False	False	18	479.0	237.8	107.7	237.8	Rhodotorula mucilaginosa
C00284	GCA_019189475.1_ASM1918947v1	Rhodotorula mucilaginosa	neg	True	False	False	10	29.3	-1000000000.0	-1000000000.0	-1000000000.0	Rhodotorula mucilaginosa
C00285	GCA_019189475.1_ASM1918947v1	Rhodotorula mucilaginosa	neg	True	False	False	24	29.6	-1000000000.0	-1000000000.0	-1000000000.0	Rhodotorula mucilaginosa
C00286	GCA_019189485.1_ASM1918948v1	Rhodotorula mucilaginosa	pos	True	False	False	20	479.0	237.8	107.7	237.8	Rhodotorula mucilaginosa
C00287	GCA_019189485.1_ASM1918948v1	Rhodotorula mucilaginosa	neg	True	False	False	13	29.3	-1000000000.0	-1000000000.0	-1000000000.0	Rhodotorula mucilaginosa
C00288	GCA_019189485.1_ASM1918948v1	Rhodotorula mucilaginosa	neg	True	False	False	27	29.6	-1000000000.0	-1000000000.0	-1000000000.0	Rhodotorula mucilaginosa
C00289	GCA_019189525.1_ASM1918952v1	Rhodotorula mucilaginosa	pos	True	False	False	17	479.0	237.8	107.7	237.8	Rhodotorula mucilaginosa
C00290	GCA_019189525.1_ASM1918952v1	Rhodotorula mucilaginosa	neg	True	False	False	9	29.3	-1000000000.0	-1000000000.0	-1000000000.0	Rhodotorula mucilaginosa
C00291	GCA_019189525.1_ASM1918952v1	Rhodotorula mucilaginosa	neg	True	False	False	23	29.6	-1000000000.0	-1000000000.0	-1000000000.0	Rhodotorula mucilaginosa
C00292	GCA_019189545.1_ASM1918954v1	Rhodotorula mucilaginosa	pos	True	False	False	18	479.0	237.8	107.7	237.8	Rhodotorula mucilaginosa
C00293	GCA_019189545.1_ASM1918954v1	Rhodotorula mucilaginosa	neg	True	False	False	12	29.3	-1000000000.0	-1000000000.0	-1000000000.0	Rhodotorula mucilaginosa
C00294	GCA_019189545.1_ASM1918954v1	Rhodotorula mucilaginosa	neg	True	False	False	26	29.6	-1000000000.0	-1000000000.0	-1000000000.0	Rhodotorula mucilaginosa
C00295	GCA_019189595.1_ASM1918959v1	Rhodotorula mucilaginosa	pos	True	False	False	15	479.0	237.8	107.7	237.8	Rhodotorula mucilaginosa
C00296	GCA_019189595.1_ASM1918959v1	Rhodotorula mucilaginosa	neg	True	False	False	8	29.3	-1000000000.0	-1000000000.0	-1000000000.0	Rhodotorula mucilaginosa
C00297	GCA_019189595.1_ASM1918959v1	Rhodotorula mucilaginosa	neg	True	False	False	12	30.4	-1000000000.0	-1000000000.0	-1000000000.0	Rhodotorula mucilaginosa
C00298	GCA_019189595.1_ASM1918959v1	Rhodotorula mucilaginosa	neg	True	False	False	18	29.6	-1000000000.0	-1000000000.0	-1000000000.0	Rhodotorula mucilaginosa
C00299	GCA_019189665.1_ASM1918966v1	Rhodotorula mucilaginosa	pos	True	False	False	15	479.0	237.8	107.7	237.8	Rhodotorula mucilaginosa
C00300	GCA_019189665.1_ASM1918966v1	Rhodotorula mucilaginosa	neg	True	False	False	8	29.3	-1000000000.0	-1000000000.0	-1000000000.0	Rhodotorula mucilaginosa
C00301	GCA_019189665.1_ASM1918966v1	Rhodotorula mucilaginosa	neg	True	False	False	12	30.4	-1000000000.0	-1000000000.0	-1000000000.0	Rhodotorula mucilaginosa
C00302	GCA_019189665.1_ASM1918966v1	Rhodotorula mucilaginosa	neg	True	False	False	18	29.6	-1000000000.0	-1000000000.0	-1000000000.0	Rhodotorula mucilaginosa
C00303	GCA_019189675.1_ASM1918967v1	Rhodotorula mucilaginosa	pos	True	False	False	18	479.0	237.8	107.7	237.8	Rhodotorula mucilaginosa
C00304	GCA_019189675.1_ASM1918967v1	Rhodotorula mucilaginosa	neg	True	False	False	11	29.3	-1000000000.0	-1000000000.0	-1000000000.0	Rhodotorula mucilaginosa
C00305	GCA_019189675.1_ASM1918967v1	Rhodotorula mucilaginosa	neg	True	False	False	25	29.6	-1000000000.0	-1000000000.0	-1000000000.0	Rhodotorula mucilaginosa
C00306	GCA_019189675.1_ASM1918967v1	Rhodotorula mucilaginosa	neg	True	False	False	20	30.4	-1000000000.0	-1000000000.0	-1000000000.0	Rhodotorula mucilaginosa
C00307	GCA_019189755.1_ASM1918975v1	Rhodotorula mucilaginosa	pos	True	False	False	18	479.0	237.8	107.7	237.8	Rhodotorula mucilaginosa
C00308	GCA_019189755.1_ASM1918975v1	Rhodotorula mucilaginosa	neg	True	False	False	12	29.3	-1000000000.0	-1000000000.0	-1000000000.0	Rhodotorula mucilaginosa
C00309	GCA_019189755.1_ASM1918975v1	Rhodotorula mucilaginosa	neg	True	False	False	20	30.4	-1000000000.0	-1000000000.0	-1000000000.0	Rhodotorula mucilaginosa
C00310	GCA_019189755.1_ASM1918975v1	Rhodotorula mucilaginosa	neg	True	False	False	26	29.6	-1000000000.0	-1000000000.0	-1000000000.0	Rhodotorula mucilaginosa
C00311	GCA_019189785.1_ASM1918978v1	Rhodotorula mucilaginosa	pos	True	False	False	24	479.0	237.8	107.7	237.8	Rhodotorula mucilaginosa
C00312	GCA_019189785.1_ASM1918978v1	Rhodotorula mucilaginosa	neg	True	False	False	15	29.3	-1000000000.0	-1000000000.0	-1000000000.0	Rhodotorula mucilaginosa
C00313	GCA_019189785.1_ASM1918978v1	Rhodotorula mucilaginosa	neg	True	False	False	35	29.6	-1000000000.0	-1000000000.0	-1000000000.0	Rhodotorula mucilaginosa
C00314	GCA_019189795.1_ASM1918979v1	Rhodotorula mucilaginosa	pos	True	False	False	18	479.0	237.8	107.7	237.8	Rhodotorula mucilaginosa
C00315	GCA_019189795.1_ASM1918979v1	Rhodotorula mucilaginosa	neg	True	False	False	12	29.3	-1000000000.0	-1000000000.0	-1000000000.0	Rhodotorula mucilaginosa
C00316	GCA_019189795.1_ASM1918979v1	Rhodotorula mucilaginosa	neg	True	False	False	26	29.6	-1000000000.0	-1000000000.0	-1000000000.0	Rhodotorula mucilaginosa
C00317	GCA_019189885.1_ASM1918988v1	Rhodotorula mucilaginosa	pos	True	False	False	18	479.0	237.8	107.7	237.8	Rhodotorula mucilaginosa
C00318	GCA_019189885.1_ASM1918988v1	Rhodotorula mucilaginosa	neg	True	False	False	10	29.3	-1000000000.0	-1000000000.0	-1000000000.0	Rhodotorula mucilaginosa
C00319	GCA_019189885.1_ASM1918988v1	Rhodotorula mucilaginosa	neg	True	False	False	19	30.4	-1000000000.0	-1000000000.0	-1000000000.0	Rhodotorula mucilaginosa
C00320	GCA_019189885.1_ASM1918988v1	Rhodotorula mucilaginosa	neg	True	False	False	25	29.6	-1000000000.0	-1000000000.0	-1000000000.0	Rhodotorula mucilaginosa
C00321	GCA_019189905.1_ASM1918990v1	Rhodotorula mucilaginosa	pos	True	False	False	18	479.0	237.8	107.7	237.8	Rhodotorula mucilaginosa
C00322	GCA_019189905.1_ASM1918990v1	Rhodotorula mucilaginosa	neg	True	False	False	10	29.3	-1000000000.0	-1000000000.0	-1000000000.0	Rhodotorula mucilaginosa
C00323	GCA_019189905.1_ASM1918990v1	Rhodotorula mucilaginosa	neg	True	False	False	19	30.4	-1000000000.0	-1000000000.0	-1000000000.0	Rhodotorula mucilaginosa
C00324	GCA_019189905.1_ASM1918990v1	Rhodotorula mucilaginosa	neg	True	False	False	25	29.6	-1000000000.0	-1000000000.0	-1000000000.0	Rhodotorula mucilaginosa
C00325	GCA_019189915.1_ASM1918991v1	Rhodotorula mucilaginosa	pos	True	False	False	18	479.0	237.8	107.7	237.8	Rhodotorula mucilaginosa
C00326	GCA_019189915.1_ASM1918991v1	Rhodotorula mucilaginosa	neg	True	False	False	10	29.3	-1000000000.0	-1000000000.0	-1000000000.0	Rhodotorula mucilaginosa
C00327	GCA_019189915.1_ASM1918991v1	Rhodotorula mucilaginosa	neg	True	False	False	23	29.6	-1000000000.0	-1000000000.0	-1000000000.0	Rhodotorula mucilaginosa
C00328	GCA_019189975.1_ASM1918997v1	Rhodotorula mucilaginosa	pos	True	False	False	18	479.0	237.8	107.7	237.8	Rhodotorula mucilaginosa
C00329	GCA_019189975.1_ASM1918997v1	Rhodotorula mucilaginosa	neg	True	False	False	12	29.3	-1000000000.0	-1000000000.0	-1000000000.0	Rhodotorula mucilaginosa
C00330	GCA_019189975.1_ASM1918997v1	Rhodotorula mucilaginosa	neg	True	False	False	20	30.4	-1000000000.0	-1000000000.0	-1000000000.0	Rhodotorula mucilaginosa
C00331	GCA_019189975.1_ASM1918997v1	Rhodotorula mucilaginosa	neg	True	False	False	26	29.6	-1000000000.0	-1000000000.0	-1000000000.0	Rhodotorula mucilaginosa
C00332	GCA_019189985.1_ASM1918998v1	Rhodotorula mucilaginosa	pos	True	False	False	20	479.0	237.8	107.7	237.8	Rhodotorula mucilaginosa
C00333	GCA_019189985.1_ASM1918998v1	Rhodotorula mucilaginosa	neg	True	False	False	14	29.3	-1000000000.0	-1000000000.0	-1000000000.0	Rhodotorula mucilaginosa
C00334	GCA_019189985.1_ASM1918998v1	Rhodotorula mucilaginosa	neg	True	False	False	30	29.6	-1000000000.0	-1000000000.0	-1000000000.0	Rhodotorula mucilaginosa
C00335	GCA_019189995.1_ASM1918999v1	Rhodotorula mucilaginosa	pos	True	False	False	18	479.0	237.8	107.7	237.8	Rhodotorula mucilaginosa
C00336	GCA_019189995.1_ASM1918999v1	Rhodotorula mucilaginosa	neg	True	False	False	10	29.3	-1000000000.0	-1000000000.0	-1000000000.0	Rhodotorula mucilaginosa
C00337	GCA_019189995.1_ASM1918999v1	Rhodotorula mucilaginosa	neg	True	False	False	25	29.6	-1000000000.0	-1000000000.0	-1000000000.0	Rhodotorula mucilaginosa
C00338	GCA_019190015.1_ASM1919001v1	Rhodotorula mucilaginosa	pos	True	False	False	16	484.0	224.2	126.7	224.2	Rhodotorula mucilaginosa
C00339	GCA_019190015.1_ASM1919001v1	Rhodotorula mucilaginosa	neg	True	False	False	29	31.6	-1000000000.0	-1000000000.0	-1000000000.0	Rhodotorula mucilaginosa
C00340	GCA_019190015.1_ASM1919001v1	Rhodotorula mucilaginosa	neg	True	False	False	18	30.8	-1000000000.0	-1000000000.0	-1000000000.0	Rhodotorula mucilaginosa
C00341	GCA_019190035.1_ASM1919003v1	Rhodotorula mucilaginosa	pos	True	False	False	16	484.0	224.2	126.7	224.2	Rhodotorula mucilaginosa
C00342	GCA_019190035.1_ASM1919003v1	Rhodotorula mucilaginosa	neg	True	False	False	23	31.6	-1000000000.0	-1000000000.0	-1000000000.0	Rhodotorula mucilaginosa
C00343	GCA_019190035.1_ASM1919003v1	Rhodotorula mucilaginosa	neg	True	False	False	15	30.8	-1000000000.0	-1000000000.0	-1000000000.0	Rhodotorula mucilaginosa
C00344	GCA_019190035.1_ASM1919003v1	Rhodotorula mucilaginosa	neg	True	False	False	25	30.0	-1000000000.0	-1000000000.0	-1000000000.0	Rhodotorula mucilaginosa
C00345	GCA_019190125.1_ASM1919012v1	Rhodotorula mucilaginosa	neg	True	False	False	37	28.9	-1000000000.0	-1000000000.0	-1000000000.0	Rhodotorula mucilaginosa
C00346	GCA_019190125.1_ASM1919012v1	Rhodotorula mucilaginosa	pos	True	False	False	23	603.0	240.2	122.8	240.2	Rhodotorula mucilaginosa
C00347	GCA_019190125.1_ASM1919012v1	Rhodotorula mucilaginosa	neg	True	False	False	6	31.2	-1000000000.0	-1000000000.0	-1000000000.0	Rhodotorula mucilaginosa
C00348	GCA_019190125.1_ASM1919012v1	Rhodotorula mucilaginosa	neg	True	False	False	17	32.0	-1000000000.0	-1000000000.0	-1000000000.0	Rhodotorula mucilaginosa
C00349	GCA_019190135.1_ASM1919013v1	Rhodotorula mucilaginosa	pos	True	False	False	15	484.0	224.2	126.7	224.2	Rhodotorula mucilaginosa
C00350	GCA_019190135.1_ASM1919013v1	Rhodotorula mucilaginosa	neg	True	False	False	16	31.6	-1000000000.0	-1000000000.0	-1000000000.0	Rhodotorula mucilaginosa
C00351	GCA_019190135.1_ASM1919013v1	Rhodotorula mucilaginosa	neg	True	False	False	14	30.8	-1000000000.0	-1000000000.0	-1000000000.0	Rhodotorula mucilaginosa
C00352	GCA_019190135.1_ASM1919013v1	Rhodotorula mucilaginosa	neg	True	False	False	23	30.0	-1000000000.0	-1000000000.0	-1000000000.0	Rhodotorula mucilaginosa
C00353	GCA_019190145.1_ASM1919014v1	Rhodotorula mucilaginosa	neg	True	False	False	35	28.9	-1000000000.0	-1000000000.0	-1000000000.0	Rhodotorula mucilaginosa
C00354	GCA_019190145.1_ASM1919014v1	Rhodotorula mucilaginosa	pos	True	False	False	23	603.0	240.2	122.8	240.2	Rhodotorula mucilaginosa
C00355	GCA_019190145.1_ASM1919014v1	Rhodotorula mucilaginosa	neg	True	False	False	5	31.2	-1000000000.0	-1000000000.0	-1000000000.0	Rhodotorula mucilaginosa
C00356	GCA_019190145.1_ASM1919014v1	Rhodotorula mucilaginosa	neg	True	False	False	15	32.0	-1000000000.0	-1000000000.0	-1000000000.0	Rhodotorula mucilaginosa
C00357	GCA_019190235.1_ASM1919023v1	Rhodotorula mucilaginosa	neg	True	False	False	10	34.3	-1000000000.0	20.2	20.2	Rhodotorula mucilaginosa
C00358	GCA_019190235.1_ASM1919023v1	Rhodotorula mucilaginosa	pos	True	False	False	16	429.0	218.9	93.4	218.9	Rhodotorula mucilaginosa
C00359	GCA_019190235.1_ASM1919023v1	Rhodotorula mucilaginosa	neg	True	False	False	28	33.1	-1000000000.0	-1000000000.0	-1000000000.0	Rhodotorula mucilaginosa
C00360	GCA_019190235.1_ASM1919023v1	Rhodotorula mucilaginosa	neg	True	False	False	13	30.4	-1000000000.0	-1000000000.0	-1000000000.0	Rhodotorula mucilaginosa
C00361	GCA_019190245.1_ASM1919024v1	Rhodotorula mucilaginosa	neg	True	False	False	10	34.3	-1000000000.0	20.2	20.2	Rhodotorula mucilaginosa
C00362	GCA_019190245.1_ASM1919024v1	Rhodotorula mucilaginosa	pos	True	False	False	16	429.0	218.9	93.4	218.9	Rhodotorula mucilaginosa
C00363	GCA_019190245.1_ASM1919024v1	Rhodotorula mucilaginosa	neg	True	False	False	45	33.1	-1000000000.0	-1000000000.0	-1000000000.0	Rhodotorula mucilaginosa
C00364	GCA_019190265.1_ASM1919026v1	Rhodotorula mucilaginosa	neg	True	False	False	10	34.3	-1000000000.0	20.2	20.2	Rhodotorula mucilaginosa
C00365	GCA_019190265.1_ASM1919026v1	Rhodotorula mucilaginosa	pos	True	False	False	16	429.0	218.9	93.4	218.9	Rhodotorula mucilaginosa
C00366	GCA_019190265.1_ASM1919026v1	Rhodotorula mucilaginosa	neg	True	False	False	43	33.1	-1000000000.0	-1000000000.0	-1000000000.0	Rhodotorula mucilaginosa
C00367	GCA_019190345.1_ASM1919034v1	Rhodotorula mucilaginosa	neg	True	False	False	10	34.3	-1000000000.0	20.2	20.2	Rhodotorula mucilaginosa
C00368	GCA_019190345.1_ASM1919034v1	Rhodotorula mucilaginosa	pos	True	False	False	16	429.0	218.9	93.4	218.9	Rhodotorula mucilaginosa
C00369	GCA_019190345.1_ASM1919034v1	Rhodotorula mucilaginosa	neg	True	False	False	38	33.1	-1000000000.0	-1000000000.0	-1000000000.0	Rhodotorula mucilaginosa
C00370	GCA_019190365.1_ASM1919036v1	Rhodotorula mucilaginosa	neg	True	False	False	10	34.3	-1000000000.0	20.2	20.2	Rhodotorula mucilaginosa
C00371	GCA_019190365.1_ASM1919036v1	Rhodotorula mucilaginosa	pos	True	False	False	16	429.0	218.9	93.4	218.9	Rhodotorula mucilaginosa
C00372	GCA_019190365.1_ASM1919036v1	Rhodotorula mucilaginosa	neg	True	False	False	43	33.1	-1000000000.0	-1000000000.0	-1000000000.0	Rhodotorula mucilaginosa
C00373	GCA_019190375.1_ASM1919037v1	Rhodotorula mucilaginosa	neg	True	False	False	10	34.3	-1000000000.0	20.2	20.2	Rhodotorula mucilaginosa
C00374	GCA_019190375.1_ASM1919037v1	Rhodotorula mucilaginosa	pos	True	False	False	16	429.0	218.9	93.4	218.9	Rhodotorula mucilaginosa
C00375	GCA_019190375.1_ASM1919037v1	Rhodotorula mucilaginosa	neg	True	False	False	38	33.1	-1000000000.0	-1000000000.0	-1000000000.0	Rhodotorula mucilaginosa
C00376	GCA_019190385.1_ASM1919038v1	Rhodotorula mucilaginosa	neg	True	False	False	10	34.3	-1000000000.0	20.2	20.2	Rhodotorula mucilaginosa
C00377	GCA_019190385.1_ASM1919038v1	Rhodotorula mucilaginosa	pos	True	False	False	16	429.0	218.9	93.4	218.9	Rhodotorula mucilaginosa
C00378	GCA_019190385.1_ASM1919038v1	Rhodotorula mucilaginosa	neg	True	False	False	34	33.1	-1000000000.0	-1000000000.0	-1000000000.0	Rhodotorula mucilaginosa
C00379	GCA_019190495.1_ASM1919049v1	Rhodotorula mucilaginosa	pos	True	False	False	20	479.0	237.8	107.7	237.8	Rhodotorula mucilaginosa
C00380	GCA_019190495.1_ASM1919049v1	Rhodotorula mucilaginosa	neg	True	False	False	14	29.3	-1000000000.0	-1000000000.0	-1000000000.0	Rhodotorula mucilaginosa
C00381	GCA_019190495.1_ASM1919049v1	Rhodotorula mucilaginosa	neg	True	False	False	32	29.6	-1000000000.0	-1000000000.0	-1000000000.0	Rhodotorula mucilaginosa
C00382	GCA_019190505.1_ASM1919050v1	Rhodotorula mucilaginosa	pos	True	False	False	25	479.0	237.8	107.7	237.8	Rhodotorula mucilaginosa
C00383	GCA_019190505.1_ASM1919050v1	Rhodotorula mucilaginosa	neg	True	False	False	15	29.3	-1000000000.0	-1000000000.0	-1000000000.0	Rhodotorula mucilaginosa
C00384	GCA_019190505.1_ASM1919050v1	Rhodotorula mucilaginosa	neg	True	False	False	36	29.6	-1000000000.0	-1000000000.0	-1000000000.0	Rhodotorula mucilaginosa
C00385	GCA_019190525.1_ASM1919052v1	Rhodotorula mucilaginosa	pos	True	False	False	25	479.0	237.8	107.7	237.8	Rhodotorula mucilaginosa
C00386	GCA_019190525.1_ASM1919052v1	Rhodotorula mucilaginosa	neg	True	False	False	15	29.3	-1000000000.0	-1000000000.0	-1000000000.0	Rhodotorula mucilaginosa
C00387	GCA_019190525.1_ASM1919052v1	Rhodotorula mucilaginosa	neg	True	False	False	37	29.6	-1000000000.0	-1000000000.0	-1000000000.0	Rhodotorula mucilaginosa
C00388	GCA_019190585.1_ASM1919058v1	Rhodotorula mucilaginosa	pos	True	False	False	20	479.0	237.8	107.7	237.8	Rhodotorula mucilaginosa
C00389	GCA_019190585.1_ASM1919058v1	Rhodotorula mucilaginosa	neg	True	False	False	14	29.3	-1000000000.0	-1000000000.0	-1000000000.0	Rhodotorula mucilaginosa
C00390	GCA_019190585.1_ASM1919058v1	Rhodotorula mucilaginosa	neg	True	False	False	30	29.6	-1000000000.0	-1000000000.0	-1000000000.0	Rhodotorula mucilaginosa
C00391	GCA_019190605.1_ASM1919060v1	Rhodotorula mucilaginosa	pos	True	False	False	18	479.0	237.8	107.7	237.8	Rhodotorula mucilaginosa
C00392	GCA_019190605.1_ASM1919060v1	Rhodotorula mucilaginosa	neg	True	False	False	10	29.3	-1000000000.0	-1000000000.0	-1000000000.0	Rhodotorula mucilaginosa
C00393	GCA_019190605.1_ASM1919060v1	Rhodotorula mucilaginosa	neg	True	False	False	23	29.6	-1000000000.0	-1000000000.0	-1000000000.0	Rhodotorula mucilaginosa
C00394	GCA_019190625.1_ASM1919062v1	Rhodotorula mucilaginosa	pos	True	False	False	25	479.0	237.8	107.7	237.8	Rhodotorula mucilaginosa
C00395	GCA_019190625.1_ASM1919062v1	Rhodotorula mucilaginosa	neg	True	False	False	15	29.3	-1000000000.0	-1000000000.0	-1000000000.0	Rhodotorula mucilaginosa
C00396	GCA_019190625.1_ASM1919062v1	Rhodotorula mucilaginosa	neg	True	False	False	37	29.6	-1000000000.0	-1000000000.0	-1000000000.0	Rhodotorula mucilaginosa
C00397	GCA_019190635.1_ASM1919063v1	Rhodotorula mucilaginosa	pos	True	False	False	18	479.0	237.8	107.7	237.8	Rhodotorula mucilaginosa
C00398	GCA_019190635.1_ASM1919063v1	Rhodotorula mucilaginosa	neg	True	False	False	12	29.3	-1000000000.0	-1000000000.0	-1000000000.0	Rhodotorula mucilaginosa
C00399	GCA_019190635.1_ASM1919063v1	Rhodotorula mucilaginosa	neg	True	False	False	26	29.6	-1000000000.0	-1000000000.0	-1000000000.0	Rhodotorula mucilaginosa
C00400	GCA_019190705.1_ASM1919070v1	Rhodotorula mucilaginosa	pos	True	False	False	17	479.0	237.8	107.7	237.8	Rhodotorula mucilaginosa
C00401	GCA_019190705.1_ASM1919070v1	Rhodotorula mucilaginosa	neg	True	False	False	8	29.3	-1000000000.0	-1000000000.0	-1000000000.0	Rhodotorula mucilaginosa
C00402	GCA_019190705.1_ASM1919070v1	Rhodotorula mucilaginosa	neg	True	False	False	22	29.6	-1000000000.0	-1000000000.0	-1000000000.0	Rhodotorula mucilaginosa
C00403	GCA_019190745.1_ASM1919074v1	Rhodotorula mucilaginosa	pos	True	False	False	18	479.0	237.8	107.7	237.8	Rhodotorula mucilaginosa
C00404	GCA_019190745.1_ASM1919074v1	Rhodotorula mucilaginosa	neg	True	False	False	12	29.3	-1000000000.0	-1000000000.0	-1000000000.0	Rhodotorula mucilaginosa
C00405	GCA_019190745.1_ASM1919074v1	Rhodotorula mucilaginosa	neg	True	False	False	26	29.6	-1000000000.0	-1000000000.0	-1000000000.0	Rhodotorula mucilaginosa
C00406	GCA_019190765.1_ASM1919076v1	Rhodotorula mucilaginosa	pos	True	False	False	24	479.0	237.8	107.7	237.8	Rhodotorula mucilaginosa
C00407	GCA_019190765.1_ASM1919076v1	Rhodotorula mucilaginosa	neg	True	False	False	15	29.3	-1000000000.0	-1000000000.0	-1000000000.0	Rhodotorula mucilaginosa
C00408	GCA_019190765.1_ASM1919076v1	Rhodotorula mucilaginosa	neg	True	False	False	35	29.6	-1000000000.0	-1000000000.0	-1000000000.0	Rhodotorula mucilaginosa
C00409	GCA_019190795.1_ASM1919079v1	Rhodotorula mucilaginosa	pos	True	False	False	18	479.0	237.8	107.7	237.8	Rhodotorula mucilaginosa
C00410	GCA_019190795.1_ASM1919079v1	Rhodotorula mucilaginosa	neg	True	False	False	12	29.3	-1000000000.0	-1000000000.0	-1000000000.0	Rhodotorula mucilaginosa
C00411	GCA_019190795.1_ASM1919079v1	Rhodotorula mucilaginosa	neg	True	False	False	26	29.6	-1000000000.0	-1000000000.0	-1000000000.0	Rhodotorula mucilaginosa
C00412	GCA_019190805.1_ASM1919080v1	Rhodotorula mucilaginosa	pos	True	False	False	18	479.0	237.8	107.7	237.8	Rhodotorula mucilaginosa
C00413	GCA_019190805.1_ASM1919080v1	Rhodotorula mucilaginosa	neg	True	False	False	13	29.3	-1000000000.0	-1000000000.0	-1000000000.0	Rhodotorula mucilaginosa
C00414	GCA_019190805.1_ASM1919080v1	Rhodotorula mucilaginosa	neg	True	False	False	26	29.6	-1000000000.0	-1000000000.0	-1000000000.0	Rhodotorula mucilaginosa
C00415	GCA_019190885.1_ASM1919088v1	Rhodotorula mucilaginosa	pos	True	False	False	17	479.0	237.8	107.7	237.8	Rhodotorula mucilaginosa
C00416	GCA_019190885.1_ASM1919088v1	Rhodotorula mucilaginosa	neg	True	False	False	9	29.3	-1000000000.0	-1000000000.0	-1000000000.0	Rhodotorula mucilaginosa
C00417	GCA_019190885.1_ASM1919088v1	Rhodotorula mucilaginosa	neg	True	False	False	23	29.6	-1000000000.0	-1000000000.0	-1000000000.0	Rhodotorula mucilaginosa
C00418	GCA_019190895.1_ASM1919089v1	Rhodotorula mucilaginosa	pos	True	False	False	17	479.0	237.8	107.7	237.8	Rhodotorula mucilaginosa
C00419	GCA_019190895.1_ASM1919089v1	Rhodotorula mucilaginosa	neg	True	False	False	8	29.3	-1000000000.0	-1000000000.0	-1000000000.0	Rhodotorula mucilaginosa
C00420	GCA_019190895.1_ASM1919089v1	Rhodotorula mucilaginosa	neg	True	False	False	22	29.6	-1000000000.0	-1000000000.0	-1000000000.0	Rhodotorula mucilaginosa
C00421	GCA_019190905.1_ASM1919090v1	Rhodotorula mucilaginosa	pos	True	False	False	24	479.0	237.8	107.7	237.8	Rhodotorula mucilaginosa
C00422	GCA_019190905.1_ASM1919090v1	Rhodotorula mucilaginosa	neg	True	False	False	15	29.3	-1000000000.0	-1000000000.0	-1000000000.0	Rhodotorula mucilaginosa
C00423	GCA_019190905.1_ASM1919090v1	Rhodotorula mucilaginosa	neg	True	False	False	34	29.6	-1000000000.0	-1000000000.0	-1000000000.0	Rhodotorula mucilaginosa
C00424	GCA_019190935.1_ASM1919093v1	Rhodotorula mucilaginosa	pos	True	False	False	16	484.0	224.2	126.7	224.2	Rhodotorula mucilaginosa
C00425	GCA_019190935.1_ASM1919093v1	Rhodotorula mucilaginosa	neg	True	False	False	23	31.6	-1000000000.0	-1000000000.0	-1000000000.0	Rhodotorula mucilaginosa
C00426	GCA_019190935.1_ASM1919093v1	Rhodotorula mucilaginosa	neg	True	False	False	25	30.0	-1000000000.0	-1000000000.0	-1000000000.0	Rhodotorula mucilaginosa
C00427	GCA_019190935.1_ASM1919093v1	Rhodotorula mucilaginosa	neg	True	False	False	15	30.8	-1000000000.0	-1000000000.0	-1000000000.0	Rhodotorula mucilaginosa
C00428	GCA_019190965.1_ASM1919096v1	Rhodotorula mucilaginosa	pos	True	False	False	17	479.0	237.8	107.7	237.8	Rhodotorula mucilaginosa
C00429	GCA_019190965.1_ASM1919096v1	Rhodotorula mucilaginosa	neg	True	False	False	9	29.3	-1000000000.0	-1000000000.0	-1000000000.0	Rhodotorula mucilaginosa
C00430	GCA_019190965.1_ASM1919096v1	Rhodotorula mucilaginosa	neg	True	False	False	16	30.4	-1000000000.0	-1000000000.0	-1000000000.0	Rhodotorula mucilaginosa
C00431	GCA_019190965.1_ASM1919096v1	Rhodotorula mucilaginosa	neg	True	False	False	23	29.6	-1000000000.0	-1000000000.0	-1000000000.0	Rhodotorula mucilaginosa
C00432	GCA_019191065.1_ASM1919106v1	Rhodotorula mucilaginosa	pos	True	False	False	24	479.0	237.8	107.7	237.8	Rhodotorula mucilaginosa
C00433	GCA_019191065.1_ASM1919106v1	Rhodotorula mucilaginosa	neg	True	False	False	15	29.3	-1000000000.0	-1000000000.0	-1000000000.0	Rhodotorula mucilaginosa
C00434	GCA_019191065.1_ASM1919106v1	Rhodotorula mucilaginosa	neg	True	False	False	34	29.6	-1000000000.0	-1000000000.0	-1000000000.0	Rhodotorula mucilaginosa
C00435	GCA_019191075.1_ASM1919107v1	Rhodotorula mucilaginosa	pos	True	False	False	24	479.0	237.8	107.7	237.8	Rhodotorula mucilaginosa
C00436	GCA_019191075.1_ASM1919107v1	Rhodotorula mucilaginosa	neg	True	False	False	15	29.3	-1000000000.0	-1000000000.0	-1000000000.0	Rhodotorula mucilaginosa
C00437	GCA_019191075.1_ASM1919107v1	Rhodotorula mucilaginosa	neg	True	False	False	34	29.6	-1000000000.0	-1000000000.0	-1000000000.0	Rhodotorula mucilaginosa
C00438	GCA_019191155.1_ASM1919115v1	Rhodotorula mucilaginosa	pos	True	False	False	18	479.0	237.8	107.7	237.8	Rhodotorula mucilaginosa
C00439	GCA_019191155.1_ASM1919115v1	Rhodotorula mucilaginosa	neg	True	False	False	11	29.3	-1000000000.0	-1000000000.0	-1000000000.0	Rhodotorula mucilaginosa
C00440	GCA_019191155.1_ASM1919115v1	Rhodotorula mucilaginosa	neg	True	False	False	25	29.6	-1000000000.0	-1000000000.0	-1000000000.0	Rhodotorula mucilaginosa
C00441	GCA_019303655.1_ASM1930365v1	Rhodotorula mucilaginosa	pos	True	False	False	15	479.0	237.8	107.7	237.8	Rhodotorula mucilaginosa
C00442	GCA_019303655.1_ASM1930365v1	Rhodotorula mucilaginosa	neg	True	False	False	15	30.8	-1000000000.0	-1000000000.0	-1000000000.0	Rhodotorula mucilaginosa
C00443	GCA_019303655.1_ASM1930365v1	Rhodotorula mucilaginosa	neg	True	False	False	12	30.4	-1000000000.0	-1000000000.0	-1000000000.0	Rhodotorula mucilaginosa
C00444	GCA_019303655.1_ASM1930365v1	Rhodotorula mucilaginosa	neg	True	False	False	18	29.6	-1000000000.0	-1000000000.0	-1000000000.0	Rhodotorula mucilaginosa
C00445	GCA_019671035.1_ASM1967103v1	Rhodotorula mucilaginosa	neg	True	False	False	9	30.4	-1000000000.0	-1000000000.0	-1000000000.0	Rhodotorula mucilaginosa
C00446	GCA_019671035.1_ASM1967103v1	Rhodotorula mucilaginosa	neg	True	False	False	28	28.9	-1000000000.0	-1000000000.0	-1000000000.0	Rhodotorula mucilaginosa
C00447	GCA_019671035.1_ASM1967103v1	Rhodotorula mucilaginosa	pos	True	False	False	12	461.0	229.5	107.7	229.5	Rhodotorula mucilaginosa
C00448	GCA_019671035.1_ASM1967103v1	Rhodotorula mucilaginosa	neg	True	False	False	21	31.6	-1000000000.0	-1000000000.0	-1000000000.0	Rhodotorula mucilaginosa
C00449	GCA_019671035.1_ASM1967103v1	Rhodotorula mucilaginosa	neg	True	False	False	6	28.9	-1000000000.0	-1000000000.0	-1000000000.0	Rhodotorula mucilaginosa
C00450	GCA_019671115.1_ASM1967111v1	Rhodotorula paludigena	pos	True	False	False	13	276.0	384.4	236.1	384.4	
C00451	GCA_019671115.1_ASM1967111v1	Rhodotorula paludigena	neg	True	False	False	12	30.4	-1000000000.0	-1000000000.0	-1000000000.0	
C00452	GCA_019671115.1_ASM1967111v1	Rhodotorula paludigena	neg	True	False	False	8	28.5	-1000000000.0	-1000000000.0	-1000000000.0	
C00453	GCA_019671115.1_ASM1967111v1	Rhodotorula paludigena	neg	True	False	False	7	30.4	-1000000000.0	-1000000000.0	-1000000000.0	
C00454	GCA_019671115.1_ASM1967111v1	Rhodotorula paludigena	neg	True	False	False	19	29.6	-1000000000.0	-1000000000.0	-1000000000.0	
C00455	GCA_019775375.1_ASM1977537v1	Rhodotorula kratochvilovae	pos	True	False	False	17	526.0	331.2	254.8	331.2	Rhodotorula kratochvilovae
C00456	GCA_019775375.1_ASM1977537v1	Rhodotorula kratochvilovae	neg	True	False	False	30	31.6	-1000000000.0	-1000000000.0	-1000000000.0	Rhodotorula kratochvilovae
C00457	GCA_019775375.1_ASM1977537v1	Rhodotorula kratochvilovae	neg	True	False	False	5	30.4	-1000000000.0	-1000000000.0	-1000000000.0	Rhodotorula kratochvilovae
C00458	GCA_019775385.1_ASM1977538v1	Rhodotorula kratochvilovae	pos	True	False	False	18	526.0	331.2	254.8	331.2	Rhodotorula kratochvilovae
C00459	GCA_019775385.1_ASM1977538v1	Rhodotorula kratochvilovae	neg	True	False	False	32	31.6	-1000000000.0	-1000000000.0	-1000000000.0	Rhodotorula kratochvilovae
C00460	GCA_019775385.1_ASM1977538v1	Rhodotorula kratochvilovae	neg	True	False	False	6	30.4	-1000000000.0	-1000000000.0	-1000000000.0	Rhodotorula kratochvilovae
C00461	GCA_019775595.1_ASM1977559v1	Rhodotorula kratochvilovae	pos	True	False	False	22	526.0	331.2	254.8	331.2	Rhodotorula kratochvilovae
C00462	GCA_019775605.1_ASM1977560v1	Rhodotorula kratochvilovae	pos	True	False	False	19	526.0	331.2	254.8	331.2	Rhodotorula kratochvilovae
C00463	GCA_019775605.1_ASM1977560v1	Rhodotorula kratochvilovae	neg	True	False	False	40	31.6	-1000000000.0	-1000000000.0	-1000000000.0	Rhodotorula kratochvilovae
C00464	GCA_019775605.1_ASM1977560v1	Rhodotorula kratochvilovae	neg	True	False	False	7	30.4	-1000000000.0	-1000000000.0	-1000000000.0	Rhodotorula kratochvilovae
C00465	GCA_019802805.1_ASM1980280v1	Rhodotorula mucilaginosa	pos	True	False	False	24	479.0	237.8	107.7	237.8	Rhodotorula mucilaginosa
C00466	GCA_019802805.1_ASM1980280v1	Rhodotorula mucilaginosa	neg	True	False	False	15	29.3	-1000000000.0	-1000000000.0	-1000000000.0	Rhodotorula mucilaginosa
C00467	GCA_019802805.1_ASM1980280v1	Rhodotorula mucilaginosa	neg	True	False	False	35	29.6	-1000000000.0	-1000000000.0	-1000000000.0	Rhodotorula mucilaginosa
C00468	GCA_019802815.1_ASM1980281v1	Rhodotorula mucilaginosa	pos	True	False	False	14	479.0	237.8	107.7	237.8	Rhodotorula mucilaginosa
C00469	GCA_019802815.1_ASM1980281v1	Rhodotorula mucilaginosa	neg	True	False	False	17	31.6	-1000000000.0	-1000000000.0	-1000000000.0	Rhodotorula mucilaginosa
C00470	GCA_019802815.1_ASM1980281v1	Rhodotorula mucilaginosa	neg	True	False	False	10	28.9	-1000000000.0	-1000000000.0	-1000000000.0	Rhodotorula mucilaginosa
C00471	GCA_019802815.1_ASM1980281v1	Rhodotorula mucilaginosa	neg	True	False	False	12	30.4	-1000000000.0	-1000000000.0	-1000000000.0	Rhodotorula mucilaginosa
C00472	GCA_019802815.1_ASM1980281v1	Rhodotorula mucilaginosa	neg	True	False	False	17	29.6	-1000000000.0	-1000000000.0	-1000000000.0	Rhodotorula mucilaginosa
C00473	GCA_019802825.1_ASM1980282v1	Rhodotorula mucilaginosa	pos	True	False	False	15	479.0	237.8	107.7	237.8	Rhodotorula mucilaginosa
C00474	GCA_019802825.1_ASM1980282v1	Rhodotorula mucilaginosa	neg	True	False	False	10	28.9	-1000000000.0	-1000000000.0	-1000000000.0	Rhodotorula mucilaginosa
C00475	GCA_019802825.1_ASM1980282v1	Rhodotorula mucilaginosa	neg	True	False	False	20	31.6	-1000000000.0	-1000000000.0	-1000000000.0	Rhodotorula mucilaginosa
C00476	GCA_019802825.1_ASM1980282v1	Rhodotorula mucilaginosa	neg	True	False	False	12	30.4	-1000000000.0	-1000000000.0	-1000000000.0	Rhodotorula mucilaginosa
C00477	GCA_019802825.1_ASM1980282v1	Rhodotorula mucilaginosa	neg	True	False	False	18	29.6	-1000000000.0	-1000000000.0	-1000000000.0	Rhodotorula mucilaginosa
C00478	GCA_019802895.1_ASM1980289v1	Rhodotorula mucilaginosa	pos	True	False	False	20	479.0	237.8	107.7	237.8	Rhodotorula mucilaginosa
C00479	GCA_019802895.1_ASM1980289v1	Rhodotorula mucilaginosa	neg	True	False	False	14	29.3	-1000000000.0	-1000000000.0	-1000000000.0	Rhodotorula mucilaginosa
C00480	GCA_019802895.1_ASM1980289v1	Rhodotorula mucilaginosa	neg	True	False	False	30	29.6	-1000000000.0	-1000000000.0	-1000000000.0	Rhodotorula mucilaginosa
C00481	GCA_019802905.1_ASM1980290v1	Rhodotorula mucilaginosa	pos	True	False	False	20	479.0	237.8	107.7	237.8	Rhodotorula mucilaginosa
C00482	GCA_019802905.1_ASM1980290v1	Rhodotorula mucilaginosa	neg	True	False	False	13	29.3	-1000000000.0	-1000000000.0	-1000000000.0	Rhodotorula mucilaginosa
C00483	GCA_019802905.1_ASM1980290v1	Rhodotorula mucilaginosa	neg	True	False	False	29	29.6	-1000000000.0	-1000000000.0	-1000000000.0	Rhodotorula mucilaginosa
C00484	GCA_019802915.1_ASM1980291v1	Rhodotorula mucilaginosa	pos	True	False	False	15	479.0	237.8	107.7	237.8	Rhodotorula mucilaginosa
C00485	GCA_019802915.1_ASM1980291v1	Rhodotorula mucilaginosa	neg	True	False	False	10	28.9	-1000000000.0	-1000000000.0	-1000000000.0	Rhodotorula mucilaginosa
C00486	GCA_019802915.1_ASM1980291v1	Rhodotorula mucilaginosa	neg	True	False	False	19	31.6	-1000000000.0	-1000000000.0	-1000000000.0	Rhodotorula mucilaginosa
C00487	GCA_019802915.1_ASM1980291v1	Rhodotorula mucilaginosa	neg	True	False	False	12	30.4	-1000000000.0	-1000000000.0	-1000000000.0	Rhodotorula mucilaginosa
C00488	GCA_019802915.1_ASM1980291v1	Rhodotorula mucilaginosa	neg	True	False	False	18	29.6	-1000000000.0	-1000000000.0	-1000000000.0	Rhodotorula mucilaginosa
C00489	GCA_019802925.1_ASM1980292v1	Rhodotorula mucilaginosa	pos	True	False	False	16	479.0	237.8	107.7	237.8	Rhodotorula mucilaginosa
C00490	GCA_019802925.1_ASM1980292v1	Rhodotorula mucilaginosa	neg	True	False	False	11	28.9	-1000000000.0	-1000000000.0	-1000000000.0	Rhodotorula mucilaginosa
C00491	GCA_019802925.1_ASM1980292v1	Rhodotorula mucilaginosa	neg	True	False	False	20	31.6	-1000000000.0	-1000000000.0	-1000000000.0	Rhodotorula mucilaginosa
C00492	GCA_019802925.1_ASM1980292v1	Rhodotorula mucilaginosa	neg	True	False	False	13	30.4	-1000000000.0	-1000000000.0	-1000000000.0	Rhodotorula mucilaginosa
C00493	GCA_019802925.1_ASM1980292v1	Rhodotorula mucilaginosa	neg	True	False	False	20	29.6	-1000000000.0	-1000000000.0	-1000000000.0	Rhodotorula mucilaginosa
C00494	GCA_019803015.1_ASM1980301v1	Rhodotorula mucilaginosa	neg	True	False	False	24	29.3	-1000000000.0	-1000000000.0	-1000000000.0	Rhodotorula mucilaginosa
C00495	GCA_019803015.1_ASM1980301v1	Rhodotorula mucilaginosa	neg	True	False	False	13	28.5	-1000000000.0	-1000000000.0	-1000000000.0	Rhodotorula mucilaginosa
C00496	GCA_019805405.1_ASM1980540v1	Rhodotorula mucilaginosa	pos	True	False	False	20	894.0	214.2	122.2	214.2	Rhodotorula mucilaginosa
C00497	GCA_019805405.1_ASM1980540v1	Rhodotorula mucilaginosa	neg	True	False	False	4	31.2	-1000000000.0	-1000000000.0	-1000000000.0	Rhodotorula mucilaginosa
C00498	GCA_019805405.1_ASM1980540v1	Rhodotorula mucilaginosa	neg	True	False	False	29	28.9	-1000000000.0	-1000000000.0	-1000000000.0	Rhodotorula mucilaginosa
C00499	GCA_019805405.1_ASM1980540v1	Rhodotorula mucilaginosa	neg	True	False	False	22	31.6	-1000000000.0	-1000000000.0	-1000000000.0	Rhodotorula mucilaginosa
C00500	GCA_019805405.1_ASM1980540v1	Rhodotorula mucilaginosa	neg	True	False	False	9	32.0	-1000000000.0	-1000000000.0	-1000000000.0	Rhodotorula mucilaginosa
C00501	GCA_019923515.1_ASM1992351v1	Rhodotorula kratochvilovae	pos	True	False	False	17	526.0	331.2	254.8	331.2	Rhodotorula kratochvilovae
C00502	GCA_019923515.1_ASM1992351v1	Rhodotorula kratochvilovae	neg	True	False	False	27	31.6	-1000000000.0	-1000000000.0	-1000000000.0	Rhodotorula kratochvilovae
C00503	GCA_019923515.1_ASM1992351v1	Rhodotorula kratochvilovae	neg	True	False	False	4	30.4	-1000000000.0	-1000000000.0	-1000000000.0	Rhodotorula kratochvilovae
C00504	GCA_019926025.1_ASM1992602v1	Rhodotorula kratochvilovae	neg	True	False	False	14	30.4	-1000000000.0	-1000000000.0	-1000000000.0	Rhodotorula kratochvilovae
C00505	GCA_019926025.1_ASM1992602v1	Rhodotorula kratochvilovae	neg	True	False	False	27	32.3	-1000000000.0	-1000000000.0	-1000000000.0	Rhodotorula kratochvilovae
C00506	GCA_019926025.1_ASM1992602v1	Rhodotorula kratochvilovae	pos	True	False	False	39	625.0	354.0	190.6	354.0	Rhodotorula kratochvilovae
C00507	GCA_019926025.1_ASM1992602v1	Rhodotorula kratochvilovae	neg	True	False	False	27	30.4	-1000000000.0	-1000000000.0	-1000000000.0	Rhodotorula kratochvilovae
C00508	GCA_021654155.1_ASM2165415v1	Rhodotorula sp. CC01	neg	True	False	False	11	32.0	-1000000000.0	-1000000000.0	-1000000000.0	
C00509	GCA_021654155.1_ASM2165415v1	Rhodotorula sp. CC01	neg	True	False	False	4	31.2	-1000000000.0	-1000000000.0	-1000000000.0	
C00510	GCA_021654155.1_ASM2165415v1	Rhodotorula sp. CC01	pos	True	False	False	14	545.0	450.6	371.3	450.6	
C00511	GCA_021654155.1_ASM2165415v1	Rhodotorula sp. CC01	neg	True	False	False	22	28.9	-1000000000.0	-1000000000.0	-1000000000.0	
C00512	GCA_021654155.1_ASM2165415v1	Rhodotorula sp. CC01	neg	True	True	False	18	31.6	-1000000000.0	-1000000000.0	-1000000000.0	
C00513	GCA_021654155.1_ASM2165415v1	Rhodotorula sp. CC01	neg	True	False	False	8	29.3	-1000000000.0	-1000000000.0	-1000000000.0	
C00514	GCA_021654155.1_ASM2165415v1	Rhodotorula sp. CC01	neg	True	False	False	7	32.0	-1000000000.0	-1000000000.0	-1000000000.0	
C00515	GCA_022817825.1_ASM2281782v1	Rhodotorula kratochvilovae	neg	True	False	False	14	28.5	-1000000000.0	-1000000000.0	-1000000000.0	Rhodotorula kratochvilovae
C00516	GCA_022817825.1_ASM2281782v1	Rhodotorula kratochvilovae	pos	True	False	False	28	617.0	349.8	139.2	349.8	Rhodotorula kratochvilovae
C00517	GCA_022817825.1_ASM2281782v1	Rhodotorula kratochvilovae	neg	True	True	False	11	32.3	-1000000000.0	-1000000000.0	-1000000000.0	Rhodotorula kratochvilovae
C00518	GCA_022817825.1_ASM2281782v1	Rhodotorula kratochvilovae	neg	True	True	False	6	29.3	-1000000000.0	-1000000000.0	-1000000000.0	Rhodotorula kratochvilovae
C00519	GCA_022817825.1_ASM2281782v1	Rhodotorula kratochvilovae	neg	True	False	False	21	29.3	-1000000000.0	-1000000000.0	-1000000000.0	Rhodotorula kratochvilovae
C00520	GCA_022817825.1_ASM2281782v1	Rhodotorula kratochvilovae	neg	True	False	False	8	30.0	-1000000000.0	-1000000000.0	-1000000000.0	Rhodotorula kratochvilovae
C00521	GCA_022817825.1_ASM2281782v1	Rhodotorula kratochvilovae	neg	True	False	False	13	30.4	-1000000000.0	-1000000000.0	-1000000000.0	Rhodotorula kratochvilovae
C00522	GCA_022817825.1_ASM2281782v1	Rhodotorula kratochvilovae	neg	True	False	False	15	30.4	-1000000000.0	-1000000000.0	-1000000000.0	Rhodotorula kratochvilovae
C00523	GCA_023078535.2_ASM2307853v2	Rhodotorula toruloides	neg	True	False	False	25	44.3	-1000000000.0	26.9	26.9	Rhodotorula toruloides
C00524	GCA_023078535.2_ASM2307853v2	Rhodotorula toruloides	pos	True	False	False	23	859.0	264.2	122.5	264.2	Rhodotorula toruloides
C00525	GCA_023078535.2_ASM2307853v2	Rhodotorula toruloides	neg	True	False	False	13	30.4	-1000000000.0	-1000000000.0	-1000000000.0	Rhodotorula toruloides
C00526	GCA_023628195.1_ASM2362819v1	Rhodotorula mucilaginosa	neg	True	False	False	17	30.8	-1000000000.0	-1000000000.0	-1000000000.0	Rhodotorula mucilaginosa
C00527	GCA_023628195.1_ASM2362819v1	Rhodotorula mucilaginosa	pos	True	False	False	16	429.0	218.9	93.4	218.9	Rhodotorula mucilaginosa
C00528	GCA_023628195.1_ASM2362819v1	Rhodotorula mucilaginosa	neg	True	False	False	9	29.3	-1000000000.0	-1000000000.0	-1000000000.0	Rhodotorula mucilaginosa
C00529	GCA_023628195.1_ASM2362819v1	Rhodotorula mucilaginosa	neg	True	False	False	22	29.6	-1000000000.0	-1000000000.0	-1000000000.0	Rhodotorula mucilaginosa
C00530	GCA_023628195.1_ASM2362819v1	Rhodotorula mucilaginosa	neg	True	False	False	14	30.4	-1000000000.0	-1000000000.0	-1000000000.0	Rhodotorula mucilaginosa
C00531	GCA_023628235.1_ASM2362823v1	Rhodotorula sp. S30-09	neg	True	False	False	2	30.0	-1000000000.0	-1000000000.0	-1000000000.0	
C00532	GCA_023628235.1_ASM2362823v1	Rhodotorula sp. S30-09	neg	True	False	False	6	31.2	-1000000000.0	-1000000000.0	-1000000000.0	
C00533	GCA_023628235.1_ASM2362823v1	Rhodotorula sp. S30-09	pos	True	False	False	34	538.0	540.8	461.0	540.8	
C00534	GCA_023628235.1_ASM2362823v1	Rhodotorula sp. S30-09	neg	True	False	False	5	28.5	-1000000000.0	-1000000000.0	-1000000000.0	
C00535	GCA_023628235.1_ASM2362823v1	Rhodotorula sp. S30-09	neg	True	False	False	21	30.8	-1000000000.0	-1000000000.0	-1000000000.0	
C00536	GCA_023628275.1_ASM2362827v1	Rhodotorula sp. M30-05A-2	pos	True	False	False	17	472.0	412.8	215.8	412.8	
C00537	GCA_023628275.1_ASM2362827v1	Rhodotorula sp. M30-05A-2	neg	True	False	False	21	30.4	-1000000000.0	-1000000000.0	-1000000000.0	
C00538	GCA_023628275.1_ASM2362827v1	Rhodotorula sp. M30-05A-2	neg	True	False	False	16	30.8	-1000000000.0	-1000000000.0	-1000000000.0	
C00539	GCA_023628275.1_ASM2362827v1	Rhodotorula sp. M30-05A-2	neg	True	False	False	18	33.5	-1000000000.0	-1000000000.0	-1000000000.0	
C00540	GCA_023968905.1_ASM2396890v1	Rhodotorula toruloides	neg	True	False	False	19	28.9	-1000000000.0	-1000000000.0	-1000000000.0	Rhodotorula toruloides
C00541	GCA_023968905.1_ASM2396890v1	Rhodotorula toruloides	neg	True	False	False	27	30.0	-1000000000.0	-1000000000.0	-1000000000.0	Rhodotorula toruloides
C00542	GCA_023968905.1_ASM2396890v1	Rhodotorula toruloides	neg	True	False	False	22	30.8	-1000000000.0	-1000000000.0	-1000000000.0	Rhodotorula toruloides
C00543	GCA_023968905.1_ASM2396890v1	Rhodotorula toruloides	pos	True	False	False	45	835.0	291.4	122.2	291.4	Rhodotorula toruloides
C00544	GCA_024184655.1_ASM2418465v1	Rhodotorula mucilaginosa	pos	True	False	False	18	479.0	237.8	107.7	237.8	Rhodotorula mucilaginosa
C00545	GCA_024184655.1_ASM2418465v1	Rhodotorula mucilaginosa	neg	True	False	False	21	30.8	-1000000000.0	-1000000000.0	-1000000000.0	Rhodotorula mucilaginosa
C00546	GCA_024500305.1_UAEM_Rmus_1.0	Rhodotorula mucilaginosa	neg	True	False	False	14	31.2	-1000000000.0	-1000000000.0	-1000000000.0	Rhodotorula mucilaginosa
C00547	GCA_024500305.1_UAEM_Rmus_1.0	Rhodotorula mucilaginosa	pos	True	False	False	37	296.0	159.5	84.4	159.5	Rhodotorula mucilaginosa
C00548	GCA_024713535.1_ASM2471353v1	Rhodotorula sphaerocarpa	pos	True	False	False	20	171.0	312.8	103.4	312.8	
C00549	GCA_024713535.1_ASM2471353v1	Rhodotorula sphaerocarpa	neg	True	False	False	18	29.3	-1000000000.0	-1000000000.0	-1000000000.0	
C00550	GCA_024713535.1_ASM2471353v1	Rhodotorula sphaerocarpa	neg	True	False	False	24	28.1	-1000000000.0	-1000000000.0	-1000000000.0	
C00551	GCA_024713535.1_ASM2471353v1	Rhodotorula sphaerocarpa	neg	True	False	False	10	31.2	-1000000000.0	-1000000000.0	-1000000000.0	
C00552	GCA_024713535.1_ASM2471353v1	Rhodotorula sphaerocarpa	neg	True	False	False	14	28.9	-1000000000.0	-1000000000.0	-1000000000.0	
C00553	GCA_024713535.1_ASM2471353v1	Rhodotorula sphaerocarpa	neg	True	True	False	16	29.6	-1000000000.0	-1000000000.0	-1000000000.0	
C00554	GCA_024713535.1_ASM2471353v1	Rhodotorula sphaerocarpa	neg	True	False	False	3	28.1	-1000000000.0	-1000000000.0	-1000000000.0	
C00555	GCA_024734855.1_ASM2473485v1	Rhodotorula toruloides	neg	True	False	False	25	44.3	-1000000000.0	26.9	26.9	Rhodotorula toruloides
C00556	GCA_024734855.1_ASM2473485v1	Rhodotorula toruloides	pos	True	False	False	23	859.0	264.2	122.5	264.2	Rhodotorula toruloides
C00557	GCA_024734855.1_ASM2473485v1	Rhodotorula toruloides	neg	True	False	False	12	30.4	-1000000000.0	-1000000000.0	-1000000000.0	Rhodotorula toruloides
C00558	GCA_024748845.1_ASM2474884v1	Rhodotorula mucilaginosa	pos	True	False	True	20	895.0	215.5	122.2	215.5	Rhodotorula mucilaginosa
C00559	GCA_024748845.1_ASM2474884v1	Rhodotorula mucilaginosa	neg	True	False	True	26	28.9	-1000000000.0	-1000000000.0	-1000000000.0	Rhodotorula mucilaginosa
C00560	GCA_024748845.1_ASM2474884v1	Rhodotorula mucilaginosa	neg	True	False	True	9	32.0	-1000000000.0	-1000000000.0	-1000000000.0	Rhodotorula mucilaginosa
C00561	GCA_024748845.1_ASM2474884v1	Rhodotorula mucilaginosa	neg	True	False	True	4	31.2	-1000000000.0	-1000000000.0	-1000000000.0	Rhodotorula mucilaginosa
C00562	GCA_024748845.1_ASM2474884v1	Rhodotorula mucilaginosa	neg	True	False	True	21	31.6	-1000000000.0	-1000000000.0	-1000000000.0	Rhodotorula mucilaginosa
C00563	GCA_025502725.1_ASM2550272v1	Rhodotorula mucilaginosa	pos	True	False	False	18	479.0	237.8	107.7	237.8	Rhodotorula mucilaginosa
C00564	GCA_025502725.1_ASM2550272v1	Rhodotorula mucilaginosa	neg	True	False	False	10	29.3	-1000000000.0	-1000000000.0	-1000000000.0	Rhodotorula mucilaginosa
C00565	GCA_025502725.1_ASM2550272v1	Rhodotorula mucilaginosa	neg	True	False	False	19	30.4	-1000000000.0	-1000000000.0	-1000000000.0	Rhodotorula mucilaginosa
C00566	GCA_025502725.1_ASM2550272v1	Rhodotorula mucilaginosa	neg	True	False	False	25	29.6	-1000000000.0	-1000000000.0	-1000000000.0	Rhodotorula mucilaginosa
C00567	GCA_025502745.1_ASM2550274v1	Rhodotorula mucilaginosa	neg	True	False	False	24	28.9	-1000000000.0	-1000000000.0	-1000000000.0	Rhodotorula mucilaginosa
C00568	GCA_025502745.1_ASM2550274v1	Rhodotorula mucilaginosa	pos	True	False	False	14	531.0	229.3	128.1	229.3	Rhodotorula mucilaginosa
C00569	GCA_025502745.1_ASM2550274v1	Rhodotorula mucilaginosa	neg	True	False	False	4	31.2	-1000000000.0	-1000000000.0	-1000000000.0	Rhodotorula mucilaginosa
C00570	GCA_025502745.1_ASM2550274v1	Rhodotorula mucilaginosa	neg	True	False	False	18	31.6	-1000000000.0	-1000000000.0	-1000000000.0	Rhodotorula mucilaginosa
C00571	GCA_025502745.1_ASM2550274v1	Rhodotorula mucilaginosa	neg	True	False	False	7	32.0	-1000000000.0	-1000000000.0	-1000000000.0	Rhodotorula mucilaginosa
C00572	GCA_025502755.1_ASM2550275v1	Rhodotorula mucilaginosa	pos	True	False	False	18	479.0	237.8	107.7	237.8	Rhodotorula mucilaginosa
C00573	GCA_025502755.1_ASM2550275v1	Rhodotorula mucilaginosa	neg	True	False	False	12	29.3	-1000000000.0	-1000000000.0	-1000000000.0	Rhodotorula mucilaginosa
C00574	GCA_025502755.1_ASM2550275v1	Rhodotorula mucilaginosa	neg	True	False	False	27	29.6	-1000000000.0	-1000000000.0	-1000000000.0	Rhodotorula mucilaginosa
C00575	GCA_025502865.1_ASM2550286v1	Rhodotorula mucilaginosa	pos	True	False	False	17	479.0	237.8	107.7	237.8	Rhodotorula mucilaginosa
C00576	GCA_025502865.1_ASM2550286v1	Rhodotorula mucilaginosa	neg	True	False	False	9	29.3	-1000000000.0	-1000000000.0	-1000000000.0	Rhodotorula mucilaginosa
C00577	GCA_025502865.1_ASM2550286v1	Rhodotorula mucilaginosa	neg	True	False	False	14	30.4	-1000000000.0	-1000000000.0	-1000000000.0	Rhodotorula mucilaginosa
C00578	GCA_025502865.1_ASM2550286v1	Rhodotorula mucilaginosa	neg	True	False	False	23	29.6	-1000000000.0	-1000000000.0	-1000000000.0	Rhodotorula mucilaginosa
C00579	GCA_025502885.1_ASM2550288v1	Rhodotorula mucilaginosa	pos	True	False	False	37	479.0	237.8	107.7	237.8	Rhodotorula mucilaginosa
C00580	GCA_025502885.1_ASM2550288v1	Rhodotorula mucilaginosa	neg	True	False	False	22	29.3	-1000000000.0	-1000000000.0	-1000000000.0	Rhodotorula mucilaginosa
C00581	GCA_025502915.1_ASM2550291v1	Rhodotorula mucilaginosa	pos	True	False	False	18	479.0	237.8	107.7	237.8	Rhodotorula mucilaginosa
C00582	GCA_025502915.1_ASM2550291v1	Rhodotorula mucilaginosa	neg	True	False	False	18	30.8	-1000000000.0	-1000000000.0	-1000000000.0	Rhodotorula mucilaginosa
C00583	GCA_025502915.1_ASM2550291v1	Rhodotorula mucilaginosa	neg	True	False	False	25	29.6	-1000000000.0	-1000000000.0	-1000000000.0	Rhodotorula mucilaginosa
C00584	GCA_025502925.1_ASM2550292v1	Rhodotorula mucilaginosa	pos	True	False	False	18	479.0	237.8	107.7	237.8	Rhodotorula mucilaginosa
C00585	GCA_025502925.1_ASM2550292v1	Rhodotorula mucilaginosa	neg	True	False	False	9	29.3	-1000000000.0	-1000000000.0	-1000000000.0	Rhodotorula mucilaginosa
C00586	GCA_025502925.1_ASM2550292v1	Rhodotorula mucilaginosa	neg	True	False	False	23	29.6	-1000000000.0	-1000000000.0	-1000000000.0	Rhodotorula mucilaginosa
C00587	GCA_025502945.1_ASM2550294v1	Rhodotorula mucilaginosa	pos	True	False	False	15	479.0	237.8	107.7	237.8	Rhodotorula mucilaginosa
C00588	GCA_025502945.1_ASM2550294v1	Rhodotorula mucilaginosa	neg	True	False	False	8	29.3	-1000000000.0	-1000000000.0	-1000000000.0	Rhodotorula mucilaginosa
C00589	GCA_025502945.1_ASM2550294v1	Rhodotorula mucilaginosa	neg	True	False	False	12	30.4	-1000000000.0	-1000000000.0	-1000000000.0	Rhodotorula mucilaginosa
C00590	GCA_025502945.1_ASM2550294v1	Rhodotorula mucilaginosa	neg	True	False	False	18	29.6	-1000000000.0	-1000000000.0	-1000000000.0	Rhodotorula mucilaginosa
C00591	GCA_026119225.1_ASM2611922v1	Rhodotorula graminis	pos	True	False	False	40	400.0	417.1	249.3	417.1	
C00592	GCA_026119225.1_ASM2611922v1	Rhodotorula graminis	neg	True	False	False	17	28.9	-1000000000.0	-1000000000.0	-1000000000.0	
C00593	GCA_026119225.1_ASM2611922v1	Rhodotorula graminis	neg	True	False	False	34	30.8	-1000000000.0	-1000000000.0	-1000000000.0	
C00594	GCA_028828615.1_ASM2882861v1	Rhodotorula paludigena	pos	True	False	False	24	281.0	368.4	122.4	368.4	
C00595	GCA_028828615.1_ASM2882861v1	Rhodotorula paludigena	neg	True	False	False	25	28.1	-1000000000.0	-1000000000.0	-1000000000.0	
C00596	GCA_028828615.1_ASM2882861v1	Rhodotorula paludigena	neg	True	False	False	18	36.2	-1000000000.0	-1000000000.0	-1000000000.0	
C00597	GCA_028828645.1_ASM2882864v1	Rhodotorula sp. PL61-2	pos	True	False	False	49	460.0	469.6	221.8	469.6	
C00598	GCA_028828645.1_ASM2882864v1	Rhodotorula sp. PL61-2	neg	True	False	False	7	31.2	-1000000000.0	-1000000000.0	-1000000000.0	
C00599	GCA_029694785.1_ASM2969478v1	Rhodotorula toruloides	neg	True	False	False	34	44.3	-1000000000.0	26.9	26.9	Rhodotorula toruloides
C00600	GCA_029694785.1_ASM2969478v1	Rhodotorula toruloides	pos	True	False	False	23	531.0	285.7	115.5	285.7	Rhodotorula toruloides
C00601	GCA_029873615.1_ASM2987361v1	Rhodotorula paludigena	neg	True	False	False	33	32.0	-1000000000.0	-1000000000.0	-1000000000.0	
C00602	GCA_029873615.1_ASM2987361v1	Rhodotorula paludigena	pos	True	False	False	22	267.0	372.6	119.3	372.6	
C00603	GCA_029873615.1_ASM2987361v1	Rhodotorula paludigena	neg	True	False	False	17	30.4	-1000000000.0	-1000000000.0	-1000000000.0	
C00604	GCA_029873615.1_ASM2987361v1	Rhodotorula paludigena	neg	True	False	False	11	28.5	-1000000000.0	-1000000000.0	-1000000000.0	
C00605	GCA_029873615.1_ASM2987361v1	Rhodotorula paludigena	neg	True	False	False	7	30.4	-1000000000.0	-1000000000.0	-1000000000.0	
C00606	GCA_030867695.1_ASM3086769v1	Rhodotorula sp. CP72-2	pos	True	False	False	34	460.0	469.6	221.8	469.6	
C00607	GCA_030867695.1_ASM3086769v1	Rhodotorula sp. CP72-2	neg	True	False	False	4	31.2	-1000000000.0	-1000000000.0	-1000000000.0	
C00608	GCA_030983975.1_UCSB_Rmuci_1.0	Rhodotorula sphaerocarpa	pos	True	False	False	15	176.0	309.7	109.1	309.7	
C00609	GCA_030983975.1_UCSB_Rmuci_1.0	Rhodotorula sphaerocarpa	neg	True	False	False	27	33.1	-1000000000.0	20.6	20.6	
C00610	GCA_030983975.1_UCSB_Rmuci_1.0	Rhodotorula sphaerocarpa	neg	True	False	False	18	29.3	-1000000000.0	-1000000000.0	-1000000000.0	
C00611	GCA_030983975.1_UCSB_Rmuci_1.0	Rhodotorula sphaerocarpa	neg	True	False	False	6	30.0	-1000000000.0	-1000000000.0	-1000000000.0	
C00612	GCA_030983975.1_UCSB_Rmuci_1.0	Rhodotorula sphaerocarpa	neg	True	False	False	3	28.1	-1000000000.0	-1000000000.0	-1000000000.0	
C00613	GCA_030983975.1_UCSB_Rmuci_1.0	Rhodotorula sphaerocarpa	neg	True	False	False	4	32.0	-1000000000.0	-1000000000.0	-1000000000.0	
C00614	GCA_032719295.1_ASM3271929v1	Rhodotorula mucilaginosa	pos	True	False	False	18	479.0	237.8	107.7	237.8	Rhodotorula mucilaginosa
C00615	GCA_032719295.1_ASM3271929v1	Rhodotorula mucilaginosa	neg	True	False	False	29	31.6	-1000000000.0	-1000000000.0	-1000000000.0	Rhodotorula mucilaginosa
C00616	GCA_032719295.1_ASM3271929v1	Rhodotorula mucilaginosa	neg	True	False	False	7	28.9	-1000000000.0	-1000000000.0	-1000000000.0	Rhodotorula mucilaginosa
C00617	GCA_032719295.1_ASM3271929v1	Rhodotorula mucilaginosa	neg	True	False	False	11	30.4	-1000000000.0	-1000000000.0	-1000000000.0	Rhodotorula mucilaginosa
C00618	GCA_033458335.1_ASM3345833v1	Rhodotorula paludigena	pos	True	False	False	25	281.0	368.3	122.4	368.3	
C00619	GCA_033458335.1_ASM3345833v1	Rhodotorula paludigena	neg	True	False	False	26	28.1	-1000000000.0	-1000000000.0	-1000000000.0	
C00620	GCA_033458335.1_ASM3345833v1	Rhodotorula paludigena	neg	True	False	False	20	36.2	-1000000000.0	-1000000000.0	-1000000000.0	
C00621	GCA_034406715.1_ASM3440671v1	Rhodotorula mucilaginosa	neg	True	False	False	6	28.9	-1000000000.0	-1000000000.0	-1000000000.0	Rhodotorula mucilaginosa
C00622	GCA_034406715.1_ASM3440671v1	Rhodotorula mucilaginosa	neg	True	False	False	27	28.9	-1000000000.0	-1000000000.0	-1000000000.0	Rhodotorula mucilaginosa
C00623	GCA_034406715.1_ASM3440671v1	Rhodotorula mucilaginosa	neg	True	False	False	22	31.6	-1000000000.0	-1000000000.0	-1000000000.0	Rhodotorula mucilaginosa
C00624	GCA_034406715.1_ASM3440671v1	Rhodotorula mucilaginosa	neg	True	False	False	23	29.3	-1000000000.0	-1000000000.0	-1000000000.0	Rhodotorula mucilaginosa
C00625	GCA_034406715.1_ASM3440671v1	Rhodotorula mucilaginosa	pos	True	False	False	12	461.0	229.5	107.7	229.5	Rhodotorula mucilaginosa
C00626	GCA_034509285.1_ASM3450928v1	Rhodotorula toruloides	pos	True	False	False	44	835.0	291.4	122.2	291.4	Rhodotorula toruloides
C00627	GCA_034509285.1_ASM3450928v1	Rhodotorula toruloides	neg	True	False	False	18	28.9	-1000000000.0	-1000000000.0	-1000000000.0	Rhodotorula toruloides
C00628	GCA_034509285.1_ASM3450928v1	Rhodotorula toruloides	neg	True	False	False	26	30.0	-1000000000.0	-1000000000.0	-1000000000.0	Rhodotorula toruloides
C00629	GCA_034509285.1_ASM3450928v1	Rhodotorula toruloides	neg	True	False	False	20	30.8	-1000000000.0	-1000000000.0	-1000000000.0	Rhodotorula toruloides
C00630	GCA_035220585.1_ASM3522058v1	Rhodotorula toruloides	neg	True	False	False	26	30.0	-1000000000.0	-1000000000.0	-1000000000.0	Rhodotorula toruloides
C00631	GCA_035220585.1_ASM3522058v1	Rhodotorula toruloides	pos	True	False	False	44	835.0	291.4	122.2	291.4	Rhodotorula toruloides
C00632	GCA_035220585.1_ASM3522058v1	Rhodotorula toruloides	neg	True	False	False	20	30.8	-1000000000.0	-1000000000.0	-1000000000.0	Rhodotorula toruloides
C00633	GCA_036244875.1_Rhopal_B15_v1.0	Rhodotorula paludigena	neg	True	False	False	20	32.7	-1000000000.0	20.2	20.2	
C00634	GCA_036244875.1_Rhopal_B15_v1.0	Rhodotorula paludigena	neg	True	False	False	29	30.4	-1000000000.0	-1000000000.0	-1000000000.0	
C00635	GCA_036244875.1_Rhopal_B15_v1.0	Rhodotorula paludigena	neg	True	False	False	20	30.8	-1000000000.0	-1000000000.0	-1000000000.0	
C00636	GCA_036244875.1_Rhopal_B15_v1.0	Rhodotorula paludigena	neg	True	False	False	3	30.0	-1000000000.0	-1000000000.0	-1000000000.0	
C00637	GCA_036244875.1_Rhopal_B15_v1.0	Rhodotorula paludigena	pos	True	False	False	28	317.0	378.4	126.9	378.4	
C00638	GCA_036320835.1_ASM3632083v1	Rhodotorula mucilaginosa	neg	True	False	False	10	28.9	-1000000000.0	-1000000000.0	-1000000000.0	Rhodotorula mucilaginosa
C00639	GCA_036320835.1_ASM3632083v1	Rhodotorula mucilaginosa	neg	True	False	False	4	31.2	-1000000000.0	-1000000000.0	-1000000000.0	Rhodotorula mucilaginosa
C00640	GCA_036320835.1_ASM3632083v1	Rhodotorula mucilaginosa	neg	True	False	False	36	28.9	-1000000000.0	-1000000000.0	-1000000000.0	Rhodotorula mucilaginosa
C00641	GCA_036320835.1_ASM3632083v1	Rhodotorula mucilaginosa	pos	True	False	False	20	627.0	234.8	114.6	234.8	Rhodotorula mucilaginosa
C00642	GCA_036320835.1_ASM3632083v1	Rhodotorula mucilaginosa	neg	True	False	False	14	32.0	-1000000000.0	-1000000000.0	-1000000000.0	Rhodotorula mucilaginosa
C00643	GCA_037040695.1_ASM3704069v1	Rhodotorula mucilaginosa	neg	True	False	False	4	31.2	-1000000000.0	-1000000000.0	-1000000000.0	Rhodotorula mucilaginosa
C00644	GCA_037040695.1_ASM3704069v1	Rhodotorula mucilaginosa	neg	True	False	False	29	28.9	-1000000000.0	-1000000000.0	-1000000000.0	Rhodotorula mucilaginosa
C00645	GCA_037040695.1_ASM3704069v1	Rhodotorula mucilaginosa	pos	True	False	False	14	531.0	229.3	128.1	229.3	Rhodotorula mucilaginosa
C00646	GCA_037040695.1_ASM3704069v1	Rhodotorula mucilaginosa	neg	True	False	False	22	31.6	-1000000000.0	-1000000000.0	-1000000000.0	Rhodotorula mucilaginosa
C00647	GCA_037040695.1_ASM3704069v1	Rhodotorula mucilaginosa	neg	True	False	False	11	32.0	-1000000000.0	-1000000000.0	-1000000000.0	Rhodotorula mucilaginosa
C00648	GCA_037041355.1_ASM3704135v1	Rhodotorula mucilaginosa	pos	True	False	False	18	479.0	237.8	107.7	237.8	Rhodotorula mucilaginosa
C00649	GCA_037041355.1_ASM3704135v1	Rhodotorula mucilaginosa	neg	True	False	False	18	30.8	-1000000000.0	-1000000000.0	-1000000000.0	Rhodotorula mucilaginosa
C00650	GCA_037041355.1_ASM3704135v1	Rhodotorula mucilaginosa	neg	True	False	False	17	30.4	-1000000000.0	-1000000000.0	-1000000000.0	Rhodotorula mucilaginosa
C00651	GCA_037041355.1_ASM3704135v1	Rhodotorula mucilaginosa	neg	True	False	False	23	29.6	-1000000000.0	-1000000000.0	-1000000000.0	Rhodotorula mucilaginosa
C00652	GCA_037126565.1_ASM3712656v1	Rhodotorula toruloides	pos	True	False	False	45	835.0	291.4	122.2	291.4	Rhodotorula toruloides
C00653	GCA_037126565.1_ASM3712656v1	Rhodotorula toruloides	neg	True	False	False	20	28.9	-1000000000.0	-1000000000.0	-1000000000.0	Rhodotorula toruloides
C00654	GCA_037126565.1_ASM3712656v1	Rhodotorula toruloides	neg	True	False	False	27	30.0	-1000000000.0	-1000000000.0	-1000000000.0	Rhodotorula toruloides
C00655	GCA_037126565.1_ASM3712656v1	Rhodotorula toruloides	neg	True	False	False	22	30.8	-1000000000.0	-1000000000.0	-1000000000.0	Rhodotorula toruloides
C00656	GCA_037974285.1_ASM3797428v1	Rhodotorula glutinis	pos	True	False	False	20	186.0	266.0	97.7	266.0	Rhodotorula glutinis
C00657	GCA_037974285.1_ASM3797428v1	Rhodotorula glutinis	neg	True	False	False	56	28.5	-1000000000.0	-1000000000.0	-1000000000.0	Rhodotorula glutinis
C00658	GCA_038381065.1_ASM3838106v1	Rhodotorula sp. BUB8	neg	True	False	False	6	28.9	-1000000000.0	-1000000000.0	-1000000000.0	
C00659	GCA_038381065.1_ASM3838106v1	Rhodotorula sp. BUB8	neg	True	False	False	12	30.0	-1000000000.0	-1000000000.0	-1000000000.0	
C00660	GCA_038381065.1_ASM3838106v1	Rhodotorula sp. BUB8	neg	True	True	False	5	28.5	-1000000000.0	-1000000000.0	-1000000000.0	
C00661	GCA_038381065.1_ASM3838106v1	Rhodotorula sp. BUB8	pos	True	False	False	14	276.0	377.1	128.8	377.1	
C00662	GCA_038381065.1_ASM3838106v1	Rhodotorula sp. BUB8	neg	True	False	False	11	29.3	-1000000000.0	-1000000000.0	-1000000000.0	
C00663	GCA_038381065.1_ASM3838106v1	Rhodotorula sp. BUB8	neg	True	False	False	12	32.3	-1000000000.0	-1000000000.0	-1000000000.0	
C00664	GCA_038381065.1_ASM3838106v1	Rhodotorula sp. BUB8	neg	True	False	False	12	32.3	-1000000000.0	-1000000000.0	-1000000000.0	
C00665	GCA_041430375.1_ASM4143037v1	Rhodotorula mucilaginosa	pos	True	False	False	17	479.0	237.8	107.7	237.8	Rhodotorula mucilaginosa
C00666	GCA_041430375.1_ASM4143037v1	Rhodotorula mucilaginosa	neg	True	False	False	8	29.3	-1000000000.0	-1000000000.0	-1000000000.0	Rhodotorula mucilaginosa
C00667	GCA_041430375.1_ASM4143037v1	Rhodotorula mucilaginosa	neg	True	False	False	21	29.6	-1000000000.0	-1000000000.0	-1000000000.0	Rhodotorula mucilaginosa
C00668	GCA_041430375.1_ASM4143037v1	Rhodotorula mucilaginosa	neg	True	False	False	13	30.4	-1000000000.0	-1000000000.0	-1000000000.0	Rhodotorula mucilaginosa
C00669	GCA_041430435.1_ASM4143043v1	Rhodotorula mucilaginosa	pos	True	False	False	18	479.0	237.8	107.7	237.8	Rhodotorula mucilaginosa
C00670	GCA_041430435.1_ASM4143043v1	Rhodotorula mucilaginosa	neg	True	False	False	10	29.3	-1000000000.0	-1000000000.0	-1000000000.0	Rhodotorula mucilaginosa
C00671	GCA_041430435.1_ASM4143043v1	Rhodotorula mucilaginosa	neg	True	False	False	25	29.6	-1000000000.0	-1000000000.0	-1000000000.0	Rhodotorula mucilaginosa
C00672	GCA_041430435.1_ASM4143043v1	Rhodotorula mucilaginosa	neg	True	False	False	19	30.4	-1000000000.0	-1000000000.0	-1000000000.0	Rhodotorula mucilaginosa
C00673	GCA_041430455.1_ASM4143045v1	Rhodotorula mucilaginosa	pos	True	False	False	18	479.0	237.8	107.7	237.8	Rhodotorula mucilaginosa
C00674	GCA_041430455.1_ASM4143045v1	Rhodotorula mucilaginosa	neg	True	False	False	10	29.3	-1000000000.0	-1000000000.0	-1000000000.0	Rhodotorula mucilaginosa
C00675	GCA_041430455.1_ASM4143045v1	Rhodotorula mucilaginosa	neg	True	False	False	18	30.4	-1000000000.0	-1000000000.0	-1000000000.0	Rhodotorula mucilaginosa
C00676	GCA_041430455.1_ASM4143045v1	Rhodotorula mucilaginosa	neg	True	False	False	23	29.6	-1000000000.0	-1000000000.0	-1000000000.0	Rhodotorula mucilaginosa
C00677	GCA_046118745.1_ASM4611874v1	Sporobolomyces pararoseus	pos	True	False	False	51	154.0	266.3	54.5	266.3	
C00678	GCA_049500115.1_Rt_mucilaginosa_JCM8115v1	Rhodotorula mucilaginosa	neg	True	False	False	18	30.8	-1000000000.0	-1000000000.0	-1000000000.0	Rhodotorula mucilaginosa
C00679	GCA_049500115.1_Rt_mucilaginosa_JCM8115v1	Rhodotorula mucilaginosa	neg	True	False	False	9	29.3	-1000000000.0	-1000000000.0	-1000000000.0	Rhodotorula mucilaginosa
C00680	GCA_049500115.1_Rt_mucilaginosa_JCM8115v1	Rhodotorula mucilaginosa	neg	True	False	False	29	28.9	-1000000000.0	-1000000000.0	-1000000000.0	Rhodotorula mucilaginosa
C00681	GCA_049500115.1_Rt_mucilaginosa_JCM8115v1	Rhodotorula mucilaginosa	pos	True	False	False	17	429.0	218.9	93.4	218.9	Rhodotorula mucilaginosa
C00682	GCA_049500115.1_Rt_mucilaginosa_JCM8115v1	Rhodotorula mucilaginosa	neg	True	False	False	24	29.3	-1000000000.0	-1000000000.0	-1000000000.0	Rhodotorula mucilaginosa
C00683	GCA_049863195.1_ICGEB_R_pacifica_INDKK	Rhodotorula pacifica	pos	True	False	False	23	318.0	345.6	236.4	345.6	
C00684	GCA_049863195.1_ICGEB_R_pacifica_INDKK	Rhodotorula pacifica	pos	True	False	False	26	333.0	339.8	116.8	339.8	
C00685	GCA_049863195.1_ICGEB_R_pacifica_INDKK	Rhodotorula pacifica	pos	True	False	False	23	318.0	345.6	236.4	345.6	
C00686	GCA_050403085.1_Rt_araucariae_JCM3770v1	Rhodotorula araucariae	pos	True	False	False	13	304.0	180.5	344.0	344.0	
C00687	GCA_050403085.1_Rt_araucariae_JCM3770v1	Rhodotorula araucariae	neg	True	False	False	24	28.9	-1000000000.0	-1000000000.0	-1000000000.0	
C00688	GCA_050403085.1_Rt_araucariae_JCM3770v1	Rhodotorula araucariae	neg	True	False	False	7	29.3	-1000000000.0	-1000000000.0	-1000000000.0	
C00689	GCA_050403085.1_Rt_araucariae_JCM3770v1	Rhodotorula araucariae	neg	True	False	False	17	30.8	-1000000000.0	-1000000000.0	-1000000000.0	
C00690	GCA_050403085.1_Rt_araucariae_JCM3770v1	Rhodotorula araucariae	neg	True	False	False	9	30.0	-1000000000.0	-1000000000.0	-1000000000.0	
C00691	GCA_050403085.1_Rt_araucariae_JCM3770v1	Rhodotorula araucariae	neg	True	False	False	2	30.4	-1000000000.0	-1000000000.0	-1000000000.0	
C00692	GCA_050403105.1_Rt_babjevae_JCM9279v1	Rhodotorula babjevae	pos	True	False	False	27	383.0	450.9	241.9	450.9	
C00693	GCA_050403105.1_Rt_babjevae_JCM9279v1	Rhodotorula babjevae	neg	True	False	False	14	30.4	-1000000000.0	-1000000000.0	-1000000000.0	
C00694	GCA_050403105.1_Rt_babjevae_JCM9279v1	Rhodotorula babjevae	neg	True	False	False	34	28.9	-1000000000.0	-1000000000.0	-1000000000.0	
C00695	GCA_050403125.1_Rt_dairenensis_JCM3774v1	Rhodotorula dairenensis	pos	True	False	False	31	309.0	325.7	153.5	325.7	
C00696	GCA_050403145.1_Rt_glutinis_JCM8208v1	Rhodotorula glutinis	neg	True	False	False	13	30.8	-1000000000.0	-1000000000.0	-1000000000.0	Rhodotorula glutinis
C00697	GCA_050403145.1_Rt_glutinis_JCM8208v1	Rhodotorula glutinis	pos	True	False	False	35	768.0	303.0	119.2	303.0	Rhodotorula glutinis
C00698	GCA_050403145.1_Rt_glutinis_JCM8208v1	Rhodotorula glutinis	neg	True	False	False	15	29.6	-1000000000.0	-1000000000.0	-1000000000.0	Rhodotorula glutinis
C00699	GCA_050403145.1_Rt_glutinis_JCM8208v1	Rhodotorula glutinis	neg	True	False	False	12	28.5	-1000000000.0	-1000000000.0	-1000000000.0	Rhodotorula glutinis
C00700	GCA_050403145.1_Rt_glutinis_JCM8208v1	Rhodotorula glutinis	neg	True	False	False	17	29.6	-1000000000.0	-1000000000.0	-1000000000.0	Rhodotorula glutinis
C00701	GCA_050403165.1_Rt_graminis_JCM3775v1	Rhodotorula graminis	pos	True	False	False	22	426.0	447.1	236.2	447.1	
C00702	GCA_050403165.1_Rt_graminis_JCM3775v1	Rhodotorula graminis	neg	True	False	False	20	33.1	-1000000000.0	12.9	12.9	
C00703	GCA_050403165.1_Rt_graminis_JCM3775v1	Rhodotorula graminis	neg	True	False	False	7	29.6	-1000000000.0	-1000000000.0	-1000000000.0	
C00704	GCA_050403165.1_Rt_graminis_JCM3775v1	Rhodotorula graminis	neg	True	False	False	26	29.3	-1000000000.0	-1000000000.0	-1000000000.0	
C00705	GCA_050403245.1_Rt_toruloides_NBRC10512v1	Rhodotorula toruloides	pos	True	False	False	23	859.0	264.2	122.5	264.2	Rhodotorula toruloides
C00706	GCA_050403245.1_Rt_toruloides_NBRC10512v1	Rhodotorula toruloides	neg	True	False	False	29	44.3	-1000000000.0	26.9	26.9	Rhodotorula toruloides
C00707	GCA_050403265.1_Rt_toruloides_NBRC10513v1	Rhodotorula toruloides	neg	True	False	False	17	28.9	-1000000000.0	-1000000000.0	-1000000000.0	Rhodotorula toruloides
C00708	GCA_050403265.1_Rt_toruloides_NBRC10513v1	Rhodotorula toruloides	neg	True	False	False	26	30.0	-1000000000.0	-1000000000.0	-1000000000.0	Rhodotorula toruloides
C00709	GCA_050403265.1_Rt_toruloides_NBRC10513v1	Rhodotorula toruloides	neg	True	False	False	21	30.8	-1000000000.0	-1000000000.0	-1000000000.0	Rhodotorula toruloides
C00710	GCA_050403265.1_Rt_toruloides_NBRC10513v1	Rhodotorula toruloides	pos	True	False	False	44	835.0	291.4	122.2	291.4	Rhodotorula toruloides
C00711	GCA_050403505.1_S_salmonicolor_JCM1841v1	Sporobolomyces salmonicolor	pos	True	False	False	16	213.0	238.4	120.3	238.4	
C00712	GCA_050403505.1_S_salmonicolor_JCM1841v1	Sporobolomyces salmonicolor	neg	True	False	False	29	31.2	-1000000000.0	-1000000000.0	-1000000000.0	
C00713	GCA_050403505.1_S_salmonicolor_JCM1841v1	Sporobolomyces salmonicolor	neg	True	False	False	23	29.6	-1000000000.0	-1000000000.0	-1000000000.0	
C00714	GCA_050403505.1_S_salmonicolor_JCM1841v1	Sporobolomyces salmonicolor	neg	True	False	False	7	27.7	-1000000000.0	-1000000000.0	-1000000000.0	
C00715	GCA_050403525.1_S_salmonicolor_JCM21900v1	Sporobolomyces salmonicolor	neg	True	False	False	36	28.5	-1000000000.0	-1000000000.0	-1000000000.0	
C00716	GCA_050403525.1_S_salmonicolor_JCM21900v1	Sporobolomyces salmonicolor	neg	True	False	False	10	28.9	-1000000000.0	-1000000000.0	-1000000000.0	
C00717	GCA_050403525.1_S_salmonicolor_JCM21900v1	Sporobolomyces salmonicolor	pos	True	False	False	21	205.0	239.4	77.5	239.4	
C00718	GCA_050916435.1_ASM5091643v1	Rhodotorula mucilaginosa	neg	True	False	False	4	31.2	-1000000000.0	-1000000000.0	-1000000000.0	Rhodotorula mucilaginosa
C00719	GCA_050916435.1_ASM5091643v1	Rhodotorula mucilaginosa	neg	True	False	False	34	28.9	-1000000000.0	-1000000000.0	-1000000000.0	Rhodotorula mucilaginosa
C00720	GCA_050916435.1_ASM5091643v1	Rhodotorula mucilaginosa	neg	True	False	False	15	32.0	-1000000000.0	-1000000000.0	-1000000000.0	Rhodotorula mucilaginosa
C00721	GCA_050916435.1_ASM5091643v1	Rhodotorula mucilaginosa	pos	True	False	False	15	545.0	241.2	128.6	241.2	Rhodotorula mucilaginosa
C00722	GCA_051308255.1_Rhoto_ATCC26217_1	Rhodotorula toruloides	neg	True	False	False	31	44.3	-1000000000.0	26.9	26.9	Rhodotorula toruloides
C00723	GCA_051308255.1_Rhoto_ATCC26217_1	Rhodotorula toruloides	pos	True	False	False	23	859.0	264.2	122.5	264.2	Rhodotorula toruloides
C00724	GCA_051308255.1_Rhoto_ATCC26217_1	Rhodotorula toruloides	neg	True	False	False	22	30.8	-1000000000.0	-1000000000.0	-1000000000.0	Rhodotorula toruloides
C00725	GCA_051313295.1_ASM5131329v1	Rhodotorula diobovata	neg	True	False	False	30	28.9	-1000000000.0	-1000000000.0	-1000000000.0	
C00726	GCA_051313295.1_ASM5131329v1	Rhodotorula diobovata	pos	True	False	False	15	295.0	391.3	260.5	391.3	
C00727	GCA_051313295.1_ASM5131329v1	Rhodotorula diobovata	neg	True	False	False	18	32.7	-1000000000.0	-1000000000.0	-1000000000.0	
C00728	GCA_051313295.1_ASM5131329v1	Rhodotorula diobovata	neg	True	False	False	10	28.5	-1000000000.0	-1000000000.0	-1000000000.0	
C00729	GCA_051805495.1_RsphJCM8202v2	Rhodotorula sphaerocarpa	neg	True	False	False	8	28.9	-1000000000.0	-1000000000.0	-1000000000.0	
C00730	GCA_051805495.1_RsphJCM8202v2	Rhodotorula sphaerocarpa	pos	True	False	False	17	187.0	303.2	106.4	303.2	
C00731	GCA_051805495.1_RsphJCM8202v2	Rhodotorula sphaerocarpa	neg	True	False	False	17	29.3	-1000000000.0	-1000000000.0	-1000000000.0	
C00732	GCA_051805495.1_RsphJCM8202v2	Rhodotorula sphaerocarpa	neg	True	False	False	21	29.3	-1000000000.0	-1000000000.0	-1000000000.0	
C00733	GCA_051805495.1_RsphJCM8202v2	Rhodotorula sphaerocarpa	neg	True	False	False	23	33.9	-1000000000.0	20.6	20.6	
C00734	GCA_051805495.1_RsphJCM8202v2	Rhodotorula sphaerocarpa	neg	True	False	False	3	28.1	-1000000000.0	-1000000000.0	-1000000000.0	
C00735	GCA_051805495.1_RsphJCM8202v2	Rhodotorula sphaerocarpa	neg	True	True	False	9	28.9	-1000000000.0	-1000000000.0	-1000000000.0	
C00736	GCA_051805505.1_RkraJCM10450v2	Rhodotorula kratochvilovae	pos	True	False	False	21	545.0	352.0	146.9	352.0	Rhodotorula kratochvilovae
C00737	GCA_051805505.1_RkraJCM10450v2	Rhodotorula kratochvilovae	neg	True	False	False	17	32.0	-1000000000.0	-1000000000.0	-1000000000.0	Rhodotorula kratochvilovae
C00738	GCA_051805505.1_RkraJCM10450v2	Rhodotorula kratochvilovae	neg	True	False	False	4	30.4	-1000000000.0	-1000000000.0	-1000000000.0	Rhodotorula kratochvilovae
C00739	GCA_051805515.1_RkraJCM10449v2	Rhodotorula kratochvilovae	pos	True	False	False	48	613.0	352.7	146.5	352.7	Rhodotorula kratochvilovae
C00740	GCA_051805515.1_RkraJCM10449v2	Rhodotorula kratochvilovae	neg	True	False	False	35	31.6	-1000000000.0	-1000000000.0	-1000000000.0	Rhodotorula kratochvilovae
C00741	GCA_051805545.1_RtJCM10296v2	Rhodotorula toruloides	neg	True	False	False	25	34.7	-1000000000.0	15.9	15.9	Rhodotorula toruloides
C00742	GCA_051805545.1_RtJCM10296v2	Rhodotorula toruloides	neg	True	False	False	22	29.6	-1000000000.0	-1000000000.0	-1000000000.0	Rhodotorula toruloides
C00743	GCA_051805545.1_RtJCM10296v2	Rhodotorula toruloides	pos	True	False	False	22	462.0	239.3	121.9	239.3	Rhodotorula toruloides
C00744	GCA_051805545.1_RtJCM10296v2	Rhodotorula toruloides	neg	True	False	False	12	28.5	-1000000000.0	-1000000000.0	-1000000000.0	Rhodotorula toruloides
C00745	GCA_051805565.1_RtJCM10295v2	Rhodotorula toruloides	neg	True	False	False	34	28.9	-1000000000.0	-1000000000.0	-1000000000.0	Rhodotorula toruloides
C00746	GCA_051805565.1_RtJCM10295v2	Rhodotorula toruloides	neg	True	False	False	6	28.9	-1000000000.0	-1000000000.0	-1000000000.0	Rhodotorula toruloides
C00747	GCA_051805565.1_RtJCM10295v2	Rhodotorula toruloides	neg	True	True	False	15	28.9	-1000000000.0	-1000000000.0	-1000000000.0	Rhodotorula toruloides
C00748	GCA_051805565.1_RtJCM10295v2	Rhodotorula toruloides	neg	True	False	False	7	29.6	-1000000000.0	-1000000000.0	-1000000000.0	Rhodotorula toruloides
C00749	GCA_051805565.1_RtJCM10295v2	Rhodotorula toruloides	neg	True	False	False	8	32.0	-1000000000.0	-1000000000.0	-1000000000.0	Rhodotorula toruloides
C00750	GCA_051805565.1_RtJCM10295v2	Rhodotorula toruloides	pos	True	False	False	22	470.0	235.3	121.5	235.3	Rhodotorula toruloides
C00751	GCA_051805565.1_RtJCM10295v2	Rhodotorula toruloides	neg	True	False	False	8	31.6	-1000000000.0	-1000000000.0	-1000000000.0	Rhodotorula toruloides
C00752	GCA_051805575.1_RtJCM10049v2	Rhodotorula toruloides	neg	True	False	False	28	44.3	-1000000000.0	26.9	26.9	Rhodotorula toruloides
C00753	GCA_051805575.1_RtJCM10049v2	Rhodotorula toruloides	pos	True	False	False	21	499.0	245.9	115.4	245.9	Rhodotorula toruloides
C00754	GCA_051805585.1_RtJCM10021v2	Rhodotorula toruloides	neg	True	False	False	18	28.9	-1000000000.0	-1000000000.0	-1000000000.0	Rhodotorula toruloides
C00755	GCA_051805585.1_RtJCM10021v2	Rhodotorula toruloides	neg	True	False	False	26	30.0	-1000000000.0	-1000000000.0	-1000000000.0	Rhodotorula toruloides
C00756	GCA_051805585.1_RtJCM10021v2	Rhodotorula toruloides	neg	True	False	False	22	30.8	-1000000000.0	-1000000000.0	-1000000000.0	Rhodotorula toruloides
C00757	GCA_051805585.1_RtJCM10021v2	Rhodotorula toruloides	pos	True	False	False	44	835.0	291.4	122.2	291.4	Rhodotorula toruloides
C00758	GCA_051805595.1_RtJCM10020v2	Rhodotorula toruloides	neg	True	False	False	21	30.8	-1000000000.0	-1000000000.0	-1000000000.0	Rhodotorula toruloides
C00759	GCA_051805595.1_RtJCM10020v2	Rhodotorula toruloides	neg	True	False	False	31	44.3	-1000000000.0	26.9	26.9	Rhodotorula toruloides
C00760	GCA_051805595.1_RtJCM10020v2	Rhodotorula toruloides	pos	True	False	False	23	859.0	264.2	122.5	264.2	Rhodotorula toruloides
C00761	GCA_055801775.1_ASM5580177v1	Rhodotorula mucilaginosa	pos	True	False	False	18	479.0	237.8	107.7	237.8	Rhodotorula mucilaginosa
C00762	GCA_055801775.1_ASM5580177v1	Rhodotorula mucilaginosa	neg	True	False	False	10	29.3	-1000000000.0	-1000000000.0	-1000000000.0	Rhodotorula mucilaginosa
C00763	GCA_055801775.1_ASM5580177v1	Rhodotorula mucilaginosa	neg	True	False	False	25	29.6	-1000000000.0	-1000000000.0	-1000000000.0	Rhodotorula mucilaginosa
C00764	GCA_056149925.1_EIMB_Rkra_OB1_1.0	Rhodotorula kratochvilovae	neg	True	False	False	13	30.4	-1000000000.0	-1000000000.0	-1000000000.0	Rhodotorula kratochvilovae
C00765	GCA_056149925.1_EIMB_Rkra_OB1_1.0	Rhodotorula kratochvilovae	pos	True	False	False	23	550.0	359.3	273.7	359.3	Rhodotorula kratochvilovae
C00766	GCA_056149925.1_EIMB_Rkra_OB1_1.0	Rhodotorula kratochvilovae	neg	True	False	False	14	28.5	-1000000000.0	-1000000000.0	-1000000000.0	Rhodotorula kratochvilovae
C00767	GCA_056149925.1_EIMB_Rkra_OB1_1.0	Rhodotorula kratochvilovae	neg	True	False	False	6	29.3	-1000000000.0	-1000000000.0	-1000000000.0	Rhodotorula kratochvilovae
C00768	GCA_056149925.1_EIMB_Rkra_OB1_1.0	Rhodotorula kratochvilovae	neg	True	True	False	11	33.1	13.7	-1000000000.0	13.7	Rhodotorula kratochvilovae
C00769	GCA_056149925.1_EIMB_Rkra_OB1_1.0	Rhodotorula kratochvilovae	neg	True	False	False	22	29.3	-1000000000.0	-1000000000.0	-1000000000.0	Rhodotorula kratochvilovae
C00770	GCA_056149925.1_EIMB_Rkra_OB1_1.0	Rhodotorula kratochvilovae	neg	True	False	False	8	30.0	-1000000000.0	-1000000000.0	-1000000000.0	Rhodotorula kratochvilovae
C00771	GCA_057542475.1_Rhodotorula_sp._strain_HGY2	Rhodotorula sp. HGY2	pos	True	False	False	41	261.0	369.0	126.6	369.0	
C00772	GCA_057542475.1_Rhodotorula_sp._strain_HGY2	Rhodotorula sp. HGY2	neg	True	False	False	32	32.7	-1000000000.0	20.6	20.6	
C00773	GCA_057542475.1_Rhodotorula_sp._strain_HGY2	Rhodotorula sp. HGY2	neg	True	False	False	5	30.4	-1000000000.0	-1000000000.0	-1000000000.0	
C00774	GCA_057544825.1_Rhodotorula_sp._strain_HGY1	Rhodotorula sp. HGY1	neg	True	False	False	14	29.6	-1000000000.0	-1000000000.0	-1000000000.0	
C00775	GCA_057544825.1_Rhodotorula_sp._strain_HGY1	Rhodotorula sp. HGY1	pos	True	False	False	30	292.0	367.5	126.7	367.5	
C00776	GCA_057544825.1_Rhodotorula_sp._strain_HGY1	Rhodotorula sp. HGY1	neg	True	False	False	24	32.7	-1000000000.0	20.6	20.6	
C00777	GCA_057544825.1_Rhodotorula_sp._strain_HGY1	Rhodotorula sp. HGY1	neg	True	False	False	3	30.0	-1000000000.0	-1000000000.0	-1000000000.0	
C00778	GCA_057544825.1_Rhodotorula_sp._strain_HGY1	Rhodotorula sp. HGY1	neg	True	False	False	8	32.7	-1000000000.0	-1000000000.0	-1000000000.0	
C00779	GCA_057544825.1_Rhodotorula_sp._strain_HGY1	Rhodotorula sp. HGY1	neg	True	False	False	24	28.9	-1000000000.0	-1000000000.0	-1000000000.0	
C00780	GCA_057930215.1_Rhodotorula_pacifica_RDY01_v1	Rhodotorula pacifica	neg	True	False	False	25	31.2	-1000000000.0	-1000000000.0	-1000000000.0	
C00781	GCA_057930215.1_Rhodotorula_pacifica_RDY01_v1	Rhodotorula pacifica	pos	True	False	False	24	308.0	343.4	128.1	343.4	
C00782	GCA_057930215.1_Rhodotorula_pacifica_RDY01_v1	Rhodotorula pacifica	neg	True	False	False	15	28.9	-1000000000.0	-1000000000.0	-1000000000.0	
C00783	GCA_058775505.1_UCR_RmucDH4148_1.0	Rhodotorula mucilaginosa	pos	True	False	False	25	479.0	237.8	107.7	237.8	Rhodotorula mucilaginosa
C00784	GCA_058775505.1_UCR_RmucDH4148_1.0	Rhodotorula mucilaginosa	neg	True	False	False	15	29.3	-1000000000.0	-1000000000.0	-1000000000.0	Rhodotorula mucilaginosa
C00785	GCA_058775505.1_UCR_RmucDH4148_1.0	Rhodotorula mucilaginosa	neg	True	False	False	36	29.6	-1000000000.0	-1000000000.0	-1000000000.0	Rhodotorula mucilaginosa
C00786	GCA_920103735.2_Hybrid_genome_assembly_and_annotation_-DBVPG_8058	Rhodotorula babjevae	pos	True	False	False	45	440.0	425.7	177.6	425.7	
C00787	GCA_920103735.2_Hybrid_genome_assembly_and_annotation_-DBVPG_8058	Rhodotorula babjevae	neg	True	False	False	21	28.9	-1000000000.0	-1000000000.0	-1000000000.0	
C00788	GCA_920103745.3_Hybrid_genome_assembly_and_annotation	Rhodotorula glutinis	neg	True	True	True	23	30.8	-1000000000.0	-1000000000.0	-1000000000.0	Rhodotorula glutinis
C00789	GCA_920103745.3_Hybrid_genome_assembly_and_annotation	Rhodotorula glutinis	pos	True	False	True	31	768.0	303.0	119.2	303.0	Rhodotorula glutinis
C00790	GCA_920103745.3_Hybrid_genome_assembly_and_annotation	Rhodotorula glutinis	neg	True	False	True	10	29.6	-1000000000.0	-1000000000.0	-1000000000.0	Rhodotorula glutinis
C00791	GCA_920103745.3_Hybrid_genome_assembly_and_annotation	Rhodotorula glutinis	neg	True	False	True	21	32.3	-1000000000.0	-1000000000.0	-1000000000.0	Rhodotorula glutinis
C00792	GCA_920103745.3_Hybrid_genome_assembly_and_annotation	Rhodotorula glutinis	neg	True	False	True	14	29.6	-1000000000.0	-1000000000.0	-1000000000.0	Rhodotorula glutinis
C00793	GCA_920103745.3_Hybrid_genome_assembly_and_annotation	Rhodotorula glutinis	neg	True	False	True	11	28.5	-1000000000.0	-1000000000.0	-1000000000.0	Rhodotorula glutinis
C00794	GCA_920103745.3_Hybrid_genome_assembly_and_annotation	Rhodotorula glutinis	neg	True	False	True	14	29.6	-1000000000.0	-1000000000.0	-1000000000.0	Rhodotorula glutinis
C00795	GCA_920104245.2_Hybrid_genome_assembly_and_annotation	Rhodotorula babjevae	pos	True	False	False	24	383.0	450.9	241.9	450.9	
C00796	GCA_920104245.2_Hybrid_genome_assembly_and_annotation	Rhodotorula babjevae	neg	True	False	False	14	30.4	-1000000000.0	-1000000000.0	-1000000000.0	
C00797	GCA_920104245.2_Hybrid_genome_assembly_and_annotation	Rhodotorula babjevae	neg	True	False	False	30	28.9	-1000000000.0	-1000000000.0	-1000000000.0	
C00798	GCA_921037615.3_Hybrid_genome_assembly_and_annotation_02	Rhodotorula toruloides	neg	True	False	True	20	30.8	-1000000000.0	-1000000000.0	-1000000000.0	Rhodotorula toruloides
C00799	GCA_921037615.3_Hybrid_genome_assembly_and_annotation_02	Rhodotorula toruloides	neg	True	False	True	30	44.3	-1000000000.0	26.9	26.9	Rhodotorula toruloides
C00800	GCA_921037615.3_Hybrid_genome_assembly_and_annotation_02	Rhodotorula toruloides	pos	True	False	True	23	859.0	264.2	122.5	264.2	Rhodotorula toruloides
C00801	GCA_937859235.1_SRR3017090_bin.1_CONCOCT_v1.1_MAG	Rhodotorula graminis	neg	True	False	False	26	28.9	-1000000000.0	-1000000000.0	-1000000000.0	
C00802	GCA_937898295.1_SRR6853349_bin.25_CONCOCT_v1.1_MAG	Rhodotorula sp. CCFEE 5036	pos	True	False	False	17	479.0	414.6	319.2	414.6	
C00803	GCA_937898295.1_SRR6853349_bin.25_CONCOCT_v1.1_MAG	Rhodotorula sp. CCFEE 5036	neg	True	False	False	8	29.3	-1000000000.0	-1000000000.0	-1000000000.0	
C00804	GCA_937898295.1_SRR6853349_bin.25_CONCOCT_v1.1_MAG	Rhodotorula sp. CCFEE 5036	neg	True	False	False	13	30.4	-1000000000.0	-1000000000.0	-1000000000.0	
C00805	GCA_937898295.1_SRR6853349_bin.25_CONCOCT_v1.1_MAG	Rhodotorula sp. CCFEE 5036	neg	True	False	False	22	29.6	-1000000000.0	-1000000000.0	-1000000000.0	
C00806	GCA_963379285.1_SMGC_7569_bin.1_MetaWRAP_v1.2.1_MAG	Rhodotorula sp. JG-1b	pos	True	False	False	20	491.0	417.6	136.7	417.6	
C00807	GCA_963379285.1_SMGC_7569_bin.1_MetaWRAP_v1.2.1_MAG	Rhodotorula sp. JG-1b	neg	True	False	False	13	32.3	-1000000000.0	-1000000000.0	-1000000000.0	
C00808	GCA_963855895.1_AIST536MM15v1	Rhodotorula toruloides	neg	True	False	False	25	44.3	-1000000000.0	26.9	26.9	Rhodotorula toruloides
C00809	GCA_963855895.1_AIST536MM15v1	Rhodotorula toruloides	neg	True	False	False	27	30.0	-1000000000.0	-1000000000.0	-1000000000.0	Rhodotorula toruloides
C00810	GCA_963855895.1_AIST536MM15v1	Rhodotorula toruloides	pos	True	False	False	23	859.0	264.2	122.5	264.2	Rhodotorula toruloides
C00811	GCA_963855895.1_AIST536MM15v1	Rhodotorula toruloides	neg	True	False	False	12	30.4	-1000000000.0	-1000000000.0	-1000000000.0	Rhodotorula toruloides
C00812	GCA_965239605.3_Hybrid_Genome_assembly_Updated-_INGCA000000200-3	Rhodotorula pacifica	pos	True	False	False	20	333.0	339.8	116.8	339.8	
C00813	GCA_965239605.3_Hybrid_Genome_assembly_Updated-_INGCA000000200-3	Rhodotorula pacifica	neg	True	False	False	24	28.1	-1000000000.0	-1000000000.0	-1000000000.0	
C00814	GCA_965239605.3_Hybrid_Genome_assembly_Updated-_INGCA000000200-3	Rhodotorula pacifica	neg	True	False	False	9	28.9	-1000000000.0	-1000000000.0	-1000000000.0	
C00815	GCF_000320785.1_RHOziaDV1.0	Rhodotorula toruloides	neg	True	False	False	12	30.4	-1000000000.0	-1000000000.0	-1000000000.0	Rhodotorula toruloides
C00816	GCF_000320785.1_RHOziaDV1.0	Rhodotorula toruloides	neg	True	False	False	23	44.3	-1000000000.0	26.9	26.9	Rhodotorula toruloides
C00817	GCF_000320785.1_RHOziaDV1.0	Rhodotorula toruloides	pos	True	False	False	23	859.0	264.2	122.5	264.2	Rhodotorula toruloides
C00818	GCF_001329695.1_Rhoba1_1	Rhodotorula graminis	neg	True	False	False	17	29.6	-1000000000.0	-1000000000.0	-1000000000.0	
C00819	GCF_001329695.1_Rhoba1_1	Rhodotorula graminis	neg	True	False	False	7	29.6	-1000000000.0	-1000000000.0	-1000000000.0	
C00820	GCF_001329695.1_Rhoba1_1	Rhodotorula graminis	pos	True	False	False	27	436.0	470.9	176.0	470.9	
C00821	GCF_050403185.1_Rt_pacifica_JCM10908v1	Rhodotorula pacifica	neg	True	False	False	24	31.2	-1000000000.0	-1000000000.0	-1000000000.0	
C00822	GCF_050403185.1_Rt_pacifica_JCM10908v1	Rhodotorula pacifica	pos	True	False	False	24	308.0	343.4	128.1	343.4	
C00823	GCF_050403185.1_Rt_pacifica_JCM10908v1	Rhodotorula pacifica	neg	True	False	False	15	28.9	-1000000000.0	-1000000000.0	-1000000000.0	
C00824	GCF_050403185.1_Rt_pacifica_JCM10908v1	Rhodotorula pacifica	neg	True	False	False	9	29.6	-1000000000.0	-1000000000.0	-1000000000.0	
C00825	GCF_050403205.1_Rt_paludigena_JCM10292v1	Rhodotorula paludigena	neg	True	False	False	16	28.9	-1000000000.0	-1000000000.0	-1000000000.0	
C00826	GCF_050403205.1_Rt_paludigena_JCM10292v1	Rhodotorula paludigena	neg	True	False	False	6	28.5	-1000000000.0	-1000000000.0	-1000000000.0	
C00827	GCF_050403205.1_Rt_paludigena_JCM10292v1	Rhodotorula paludigena	pos	True	False	False	14	289.0	378.6	228.7	378.6	
C00828	GCF_050403205.1_Rt_paludigena_JCM10292v1	Rhodotorula paludigena	neg	True	False	False	19	29.6	-1000000000.0	-1000000000.0	-1000000000.0	
C00829	GCF_050403205.1_Rt_paludigena_JCM10292v1	Rhodotorula paludigena	neg	True	False	False	11	32.0	-1000000000.0	-1000000000.0	-1000000000.0	
C00830	GCA_012922835.1_ASM1292283v1	Rhodotorula mucilaginosa	neg	False	False	False	12	28.1	-1000000000.0	-1000000000.0	-1000000000.0	Rhodotorula mucilaginosa
C00831	GCA_026119225.1_ASM2611922v1	Rhodotorula graminis	neg	False	False	False	7	28.1	-1000000000.0	-1000000000.0	-1000000000.0	
C00832	GCA_965239605.3_Hybrid_Genome_assembly_Updated-_INGCA000000200-3	Rhodotorula pacifica	neg	False	False	False	2	29.3	-1000000000.0	-1000000000.0	-1000000000.0	
C00833	GCA_057930215.1_Rhodotorula_pacifica_RDY01_v1	Rhodotorula pacifica	neg	False	False	False	4	28.1	-1000000000.0	-1000000000.0	-1000000000.0	
C00834	GCA_002250355.1_RIT389_v1	Rhodotorula mucilaginosa	neg	False	False	False	5	34.3	-1000000000.0	20.2	20.2	Rhodotorula mucilaginosa
C00835	GCA_019189415.1_ASM1918941v1	Rhodotorula mucilaginosa	neg	False	False	False	1	32.0	-1000000000.0	-1000000000.0	-1000000000.0	Rhodotorula mucilaginosa
C00836	GCA_012922695.1_ASM1292269v1	Rhodotorula mucilaginosa	neg	False	False	False	5	27.7	15.2	-1000000000.0	15.2	Rhodotorula mucilaginosa
C00837	GCA_021654155.1_ASM2165415v1	Rhodotorula sp. CC01	neg	False	False	False	3	29.3	-1000000000.0	-1000000000.0	-1000000000.0	
C00838	GCA_057544825.1_Rhodotorula_sp._strain_HGY1	Rhodotorula sp. HGY1	neg	False	False	False	1	33.5	-1000000000.0	-1000000000.0	-1000000000.0	
C00839	GCA_019775605.1_ASM1977560v1	Rhodotorula kratochvilovae	neg	False	False	False	6	29.6	-1000000000.0	-1000000000.0	-1000000000.0	Rhodotorula kratochvilovae
C00840	GCA_019802915.1_ASM1980291v1	Rhodotorula mucilaginosa	neg	False	False	False	10	29.6	-1000000000.0	-1000000000.0	-1000000000.0	Rhodotorula mucilaginosa
C00841	GCA_041430455.1_ASM4143045v1	Rhodotorula mucilaginosa	neg	False	False	False	5	28.9	-1000000000.0	-1000000000.0	-1000000000.0	Rhodotorula mucilaginosa
C00842	GCA_019190705.1_ASM1919070v1	Rhodotorula mucilaginosa	neg	False	False	False	26	31.2	-1000000000.0	-1000000000.0	-1000000000.0	Rhodotorula mucilaginosa
C00843	GCA_937859235.1_SRR3017090_bin.1_CONCOCT_v1.1_MAG	Rhodotorula graminis	neg	False	False	False	8	30.0	-1000000000.0	-1000000000.0	-1000000000.0	
C00844	GCA_013036805.1_ASM1303680v1	Rhodotorula mucilaginosa	neg	False	False	False	2	29.3	-1000000000.0	-1000000000.0	-1000000000.0	Rhodotorula mucilaginosa
C00845	GCA_005281665.1_ASM528166v1	Rhodotorula paludigena	neg	False	False	False	2	28.1	-1000000000.0	-1000000000.0	-1000000000.0	
C00846	GCA_019923515.1_ASM1992351v1	Rhodotorula kratochvilovae	neg	False	False	False	4	28.9	-1000000000.0	-1000000000.0	-1000000000.0	Rhodotorula kratochvilovae
C00847	GCA_001456015.1_ASM145601v1	Rhodotorula toruloides	neg	False	False	False	2	33.1	-1000000000.0	-1000000000.0	-1000000000.0	Rhodotorula toruloides
C00848	GCA_019190795.1_ASM1919079v1	Rhodotorula mucilaginosa	neg	False	False	False	2	29.3	-1000000000.0	-1000000000.0	-1000000000.0	Rhodotorula mucilaginosa
C00849	GCA_019671115.1_ASM1967111v1	Rhodotorula paludigena	neg	False	False	False	3	29.6	-1000000000.0	-1000000000.0	-1000000000.0	
C00850	GCA_034509285.1_ASM3450928v1	Rhodotorula toruloides	neg	False	False	False	3	28.9	-1000000000.0	-1000000000.0	-1000000000.0	Rhodotorula toruloides
C00851	GCA_057930215.1_Rhodotorula_pacifica_RDY01_v1	Rhodotorula pacifica	neg	False	False	False	7	28.5	-1000000000.0	-1000000000.0	-1000000000.0	
C00852	GCA_058775505.1_UCR_RmucDH4148_1.0	Rhodotorula mucilaginosa	neg	False	False	False	2	28.1	-1000000000.0	-1000000000.0	-1000000000.0	Rhodotorula mucilaginosa
C00853	GCA_000222205.2_R.glutinis2	Rhodotorula toruloides	neg	False	False	False	2	28.9	-1000000000.0	-1000000000.0	-1000000000.0	Rhodotorula toruloides
C00854	GCA_050403525.1_S_salmonicolor_JCM21900v1	Sporobolomyces salmonicolor	neg	False	False	False	2	28.9	-1000000000.0	-1000000000.0	-1000000000.0	
C00855	GCA_019775595.1_ASM1977559v1	Rhodotorula kratochvilovae	neg	False	False	False	4	30.0	-1000000000.0	-1000000000.0	-1000000000.0	Rhodotorula kratochvilovae
C00856	GCA_019189525.1_ASM1918952v1	Rhodotorula mucilaginosa	neg	False	False	False	4	28.9	-1000000000.0	-1000000000.0	-1000000000.0	Rhodotorula mucilaginosa
C00857	GCA_051805515.1_RkraJCM10449v2	Rhodotorula kratochvilovae	neg	False	False	False	4	32.3	-1000000000.0	-1000000000.0	-1000000000.0	Rhodotorula kratochvilovae
C00858	GCA_965239605.3_Hybrid_Genome_assembly_Updated-_INGCA000000200-3	Rhodotorula pacifica	neg	False	False	False	2	28.1	-1000000000.0	-1000000000.0	-1000000000.0	
C00859	GCA_015501985.1_ASM1550198v1	Rhodotorula glutinis	neg	False	False	False	1	30.0	-1000000000.0	-1000000000.0	-1000000000.0	Rhodotorula glutinis
C00860	GCA_030983975.1_UCSB_Rmuci_1.0	Rhodotorula sphaerocarpa	neg	False	False	False	1	28.1	-1000000000.0	-1000000000.0	-1000000000.0	
C00861	GCA_006352295.1_UMAN_Rdio_1.0	Rhodotorula diobovata	neg	False	False	False	3	28.1	-1000000000.0	-1000000000.0	-1000000000.0	
C00862	GCA_019190015.1_ASM1919001v1	Rhodotorula mucilaginosa	neg	False	False	False	39	27.7	-1000000000.0	-1000000000.0	-1000000000.0	Rhodotorula mucilaginosa
C00863	GCA_001456015.1_ASM145601v1	Rhodotorula toruloides	neg	False	False	False	1	31.2	-1000000000.0	-1000000000.0	-1000000000.0	Rhodotorula toruloides
C00864	GCA_001255795.1_IFO0880_HGAP3_v1	Rhodotorula toruloides	neg	False	False	False	2	27.7	-1000000000.0	-1000000000.0	-1000000000.0	Rhodotorula toruloides
C00865	GCA_001373355.1_SPOSA68321A01	Sporobolomyces salmonicolor	neg	False	False	False	4	29.6	-1000000000.0	12.9	12.9	
C00866	GCA_041430455.1_ASM4143045v1	Rhodotorula mucilaginosa	neg	False	False	False	6	32.3	-1000000000.0	-1000000000.0	-1000000000.0	Rhodotorula mucilaginosa
C00867	GCA_025502745.1_ASM2550274v1	Rhodotorula mucilaginosa	neg	False	False	False	1	28.1	-1000000000.0	-1000000000.0	-1000000000.0	Rhodotorula mucilaginosa
C00868	GCA_000931965.1_ASM93196v1	Rhodotorula mucilaginosa	neg	False	False	False	4	28.5	-1000000000.0	-1000000000.0	-1000000000.0	Rhodotorula mucilaginosa
C00869	GCA_019190705.1_ASM1919070v1	Rhodotorula mucilaginosa	neg	False	False	False	2	30.4	-1000000000.0	-1000000000.0	-1000000000.0	Rhodotorula mucilaginosa
C00870	GCA_050403245.1_Rt_toruloides_NBRC10512v1	Rhodotorula toruloides	neg	False	False	False	12	28.9	-1000000000.0	-1000000000.0	-1000000000.0	Rhodotorula toruloides
C00871	GCA_013036835.1_ASM1303683v1	Rhodotorula mucilaginosa	neg	False	False	False	1	28.1	-1000000000.0	-1000000000.0	-1000000000.0	Rhodotorula mucilaginosa
C00872	GCA_019191155.1_ASM1919115v1	Rhodotorula mucilaginosa	neg	False	False	False	3	31.2	-1000000000.0	-1000000000.0	-1000000000.0	Rhodotorula mucilaginosa
C00873	GCA_051805545.1_RtJCM10296v2	Rhodotorula toruloides	neg	False	False	False	6	28.5	-1000000000.0	-1000000000.0	-1000000000.0	Rhodotorula toruloides
C00874	GCA_001456015.1_ASM145601v1	Rhodotorula toruloides	neg	False	False	False	4	31.2	-1000000000.0	-1000000000.0	-1000000000.0	Rhodotorula toruloides
C00875	GCA_024713535.1_ASM2471353v1	Rhodotorula sphaerocarpa	neg	False	False	False	1	28.5	-1000000000.0	-1000000000.0	-1000000000.0	
C00876	GCA_013036905.1_ASM1303690v1	Rhodotorula mucilaginosa	neg	False	False	False	3	32.3	-1000000000.0	-1000000000.0	-1000000000.0	Rhodotorula mucilaginosa
C00877	GCA_057930215.1_Rhodotorula_pacifica_RDY01_v1	Rhodotorula pacifica	neg	False	False	False	5	29.3	-1000000000.0	-1000000000.0	-1000000000.0	
C00878	GCA_019775375.1_ASM1977537v1	Rhodotorula kratochvilovae	neg	False	False	False	2	29.6	-1000000000.0	-1000000000.0	-1000000000.0	Rhodotorula kratochvilovae
C00879	GCA_021654155.1_ASM2165415v1	Rhodotorula sp. CC01	neg	False	False	False	1	30.4	-1000000000.0	-1000000000.0	-1000000000.0	
C00880	GCA_025502885.1_ASM2550288v1	Rhodotorula mucilaginosa	neg	False	False	False	4	31.2	-1000000000.0	-1000000000.0	-1000000000.0	Rhodotorula mucilaginosa
C00881	GCA_016584205.1_ASM1658420v1	Rhodotorula mucilaginosa	neg	False	False	False	3	27.7	-1000000000.0	-1000000000.0	-1000000000.0	Rhodotorula mucilaginosa
C00882	GCA_019190365.1_ASM1919036v1	Rhodotorula mucilaginosa	neg	False	False	False	2	28.5	-1000000000.0	-1000000000.0	-1000000000.0	Rhodotorula mucilaginosa
C00883	GCA_015501985.1_ASM1550198v1	Rhodotorula glutinis	neg	False	False	False	1	30.4	-1000000000.0	-1000000000.0	-1000000000.0	Rhodotorula glutinis
C00884	GCA_050403145.1_Rt_glutinis_JCM8208v1	Rhodotorula glutinis	neg	False	False	False	1	29.3	-1000000000.0	-1000000000.0	-1000000000.0	Rhodotorula glutinis
C00885	GCA_013036895.1_ASM1303689v1	Rhodotorula mucilaginosa	neg	False	False	False	2	27.3	-1000000000.0	-1000000000.0	-1000000000.0	Rhodotorula mucilaginosa
C00886	GCF_050403205.1_Rt_paludigena_JCM10292v1	Rhodotorula paludigena	neg	False	False	False	1	28.9	-1000000000.0	-1000000000.0	-1000000000.0	
C00887	GCA_019802815.1_ASM1980281v1	Rhodotorula mucilaginosa	neg	False	False	False	1	28.5	-1000000000.0	-1000000000.0	-1000000000.0	Rhodotorula mucilaginosa
C00888	GCA_019189785.1_ASM1918978v1	Rhodotorula mucilaginosa	neg	False	False	False	4	28.1	-1000000000.0	-1000000000.0	-1000000000.0	Rhodotorula mucilaginosa
C00889	GCA_001255795.1_IFO0880_HGAP3_v1	Rhodotorula toruloides	neg	False	False	False	2	28.5	-1000000000.0	-1000000000.0	-1000000000.0	Rhodotorula toruloides
C00890	GCA_019191065.1_ASM1919106v1	Rhodotorula mucilaginosa	neg	False	False	False	4	28.9	-1000000000.0	-1000000000.0	-1000000000.0	Rhodotorula mucilaginosa
C00891	GCA_025502915.1_ASM2550291v1	Rhodotorula mucilaginosa	neg	False	False	False	13	28.9	-1000000000.0	-1000000000.0	-1000000000.0	Rhodotorula mucilaginosa
C00892	GCA_041430375.1_ASM4143037v1	Rhodotorula mucilaginosa	neg	False	False	False	19	28.1	-1000000000.0	-1000000000.0	-1000000000.0	Rhodotorula mucilaginosa
C00893	GCA_006352295.1_UMAN_Rdio_1.0	Rhodotorula diobovata	neg	False	False	False	4	29.3	-1000000000.0	12.7	12.7	
C00894	GCA_013036595.1_ASM1303659v1	Rhodotorula mucilaginosa	neg	False	False	False	1	31.2	-1000000000.0	-1000000000.0	-1000000000.0	Rhodotorula mucilaginosa
C00895	GCA_037126565.1_ASM3712656v1	Rhodotorula toruloides	neg	False	False	False	2	28.9	-1000000000.0	-1000000000.0	-1000000000.0	Rhodotorula toruloides
C00896	GCA_051805515.1_RkraJCM10449v2	Rhodotorula kratochvilovae	neg	False	False	False	3	30.4	-1000000000.0	-1000000000.0	-1000000000.0	Rhodotorula kratochvilovae
C00897	GCA_019189885.1_ASM1918988v1	Rhodotorula mucilaginosa	neg	False	False	False	4	27.3	-1000000000.0	-1000000000.0	-1000000000.0	Rhodotorula mucilaginosa
C00898	GCA_012922725.1_ASM1292272v1	Rhodotorula mucilaginosa	neg	False	False	False	1	28.1	-1000000000.0	-1000000000.0	-1000000000.0	Rhodotorula mucilaginosa
C00899	GCA_051805595.1_RtJCM10020v2	Rhodotorula toruloides	neg	False	False	False	6	29.3	-1000000000.0	-1000000000.0	-1000000000.0	Rhodotorula toruloides
C00900	GCA_019190235.1_ASM1919023v1	Rhodotorula mucilaginosa	neg	False	False	False	2	29.6	-1000000000.0	-1000000000.0	-1000000000.0	Rhodotorula mucilaginosa
C00901	GCA_051805515.1_RkraJCM10449v2	Rhodotorula kratochvilovae	neg	False	False	False	2	29.6	-1000000000.0	-1000000000.0	-1000000000.0	Rhodotorula kratochvilovae
C00902	GCA_051313295.1_ASM5131329v1	Rhodotorula diobovata	neg	False	False	False	3	27.7	-1000000000.0	-1000000000.0	-1000000000.0	
C00903	GCA_023078535.2_ASM2307853v2	Rhodotorula toruloides	neg	False	False	False	1	28.5	-1000000000.0	-1000000000.0	-1000000000.0	Rhodotorula toruloides
C00904	GCF_050403205.1_Rt_paludigena_JCM10292v1	Rhodotorula paludigena	neg	False	False	False	2	28.9	-1000000000.0	-1000000000.0	-1000000000.0	
C00905	GCA_023628195.1_ASM2362819v1	Rhodotorula mucilaginosa	neg	False	False	False	2	28.1	-1000000000.0	-1000000000.0	-1000000000.0	Rhodotorula mucilaginosa
C00906	GCA_050403125.1_Rt_dairenensis_JCM3774v1	Rhodotorula dairenensis	neg	False	False	False	12	28.9	-1000000000.0	-1000000000.0	-1000000000.0	
C00907	GCA_013036655.1_ASM1303665v1	Rhodotorula mucilaginosa	neg	False	False	False	1	28.9	-1000000000.0	-1000000000.0	-1000000000.0	Rhodotorula mucilaginosa
C00908	GCA_019189915.1_ASM1918991v1	Rhodotorula mucilaginosa	neg	False	False	False	24	28.1	-1000000000.0	-1000000000.0	-1000000000.0	Rhodotorula mucilaginosa
C00909	GCA_019189755.1_ASM1918975v1	Rhodotorula mucilaginosa	neg	False	False	False	6	34.3	-1000000000.0	20.2	20.2	Rhodotorula mucilaginosa
C00910	GCA_030867695.1_ASM3086769v1	Rhodotorula sp. CP72-2	neg	False	False	False	4	27.3	-1000000000.0	-1000000000.0	-1000000000.0	
C00911	GCA_022817825.1_ASM2281782v1	Rhodotorula kratochvilovae	neg	False	False	False	1	31.2	-1000000000.0	-1000000000.0	-1000000000.0	Rhodotorula kratochvilovae
C00912	GCA_023628195.1_ASM2362819v1	Rhodotorula mucilaginosa	neg	False	False	False	1	30.0	-1000000000.0	-1000000000.0	-1000000000.0	Rhodotorula mucilaginosa
C00913	GCA_019190805.1_ASM1919080v1	Rhodotorula mucilaginosa	neg	False	False	False	2	28.1	-1000000000.0	-1000000000.0	-1000000000.0	Rhodotorula mucilaginosa
C00914	GCA_030867695.1_ASM3086769v1	Rhodotorula sp. CP72-2	neg	False	False	False	2	28.5	-1000000000.0	-1000000000.0	-1000000000.0	
C00915	GCA_001541205.1_Rhosp1	Rhodotorula sp. JG-1b	neg	False	False	False	7	28.1	-1000000000.0	-1000000000.0	-1000000000.0	
C00916	GCA_019803015.1_ASM1980301v1	Rhodotorula mucilaginosa	neg	False	False	False	7	28.1	-1000000000.0	-1000000000.0	-1000000000.0	Rhodotorula mucilaginosa
C00917	GCA_018687845.1_ASM1868784v1	Rhodotorula mucilaginosa	neg	False	False	False	2	28.1	-1000000000.0	-1000000000.0	-1000000000.0	Rhodotorula mucilaginosa
C00918	GCA_051805595.1_RtJCM10020v2	Rhodotorula toruloides	neg	False	False	False	2	33.1	-1000000000.0	-1000000000.0	-1000000000.0	Rhodotorula toruloides
C00919	GCA_963855895.1_AIST536MM15v1	Rhodotorula toruloides	neg	False	False	False	5	28.5	-1000000000.0	-1000000000.0	-1000000000.0	Rhodotorula toruloides
C00920	GCA_019190905.1_ASM1919090v1	Rhodotorula mucilaginosa	neg	False	False	False	6	34.3	-1000000000.0	20.2	20.2	Rhodotorula mucilaginosa
C00921	GCA_019191065.1_ASM1919106v1	Rhodotorula mucilaginosa	neg	False	False	False	3	28.9	-1000000000.0	-1000000000.0	-1000000000.0	Rhodotorula mucilaginosa
C00922	GCA_050403085.1_Rt_araucariae_JCM3770v1	Rhodotorula araucariae	neg	False	False	False	1	29.3	-1000000000.0	-1000000000.0	-1000000000.0	
C00923	GCA_013036505.1_ASM1303650v1	Rhodotorula mucilaginosa	neg	False	False	False	7	32.3	-1000000000.0	-1000000000.0	-1000000000.0	Rhodotorula mucilaginosa
C00924	GCA_019190585.1_ASM1919058v1	Rhodotorula mucilaginosa	neg	False	False	False	4	27.7	-1000000000.0	-1000000000.0	-1000000000.0	Rhodotorula mucilaginosa
C00925	GCA_025502865.1_ASM2550286v1	Rhodotorula mucilaginosa	neg	False	False	False	2	28.5	-1000000000.0	-1000000000.0	-1000000000.0	Rhodotorula mucilaginosa
C00926	GCA_050916435.1_ASM5091643v1	Rhodotorula mucilaginosa	neg	False	False	False	2	28.9	-1000000000.0	-1000000000.0	-1000000000.0	Rhodotorula mucilaginosa
C00927	GCA_920103745.3_Hybrid_genome_assembly_and_annotation	Rhodotorula glutinis	neg	False	False	True	1	28.1	-1000000000.0	-1000000000.0	-1000000000.0	Rhodotorula glutinis
C00928	GCA_050403145.1_Rt_glutinis_JCM8208v1	Rhodotorula glutinis	neg	False	False	False	5	29.3	-1000000000.0	14.5	14.5	Rhodotorula glutinis
C00929	GCA_051805575.1_RtJCM10049v2	Rhodotorula toruloides	neg	False	False	False	1	28.1	-1000000000.0	-1000000000.0	-1000000000.0	Rhodotorula toruloides
C00930	GCA_019190635.1_ASM1919063v1	Rhodotorula mucilaginosa	neg	False	False	False	14	28.9	-1000000000.0	-1000000000.0	-1000000000.0	Rhodotorula mucilaginosa
C00931	GCA_004143675.1_ASM414367v1	Rhodotorula mucilaginosa	neg	False	False	False	6	30.4	-1000000000.0	-1000000000.0	-1000000000.0	Rhodotorula mucilaginosa
C00932	GCA_019775375.1_ASM1977537v1	Rhodotorula kratochvilovae	neg	False	False	False	1	28.1	-1000000000.0	-1000000000.0	-1000000000.0	Rhodotorula kratochvilovae
C00933	GCA_050403085.1_Rt_araucariae_JCM3770v1	Rhodotorula araucariae	neg	False	False	False	1	28.1	-1000000000.0	-1000000000.0	-1000000000.0	
C00934	GCA_023628195.1_ASM2362819v1	Rhodotorula mucilaginosa	neg	False	False	False	4	28.9	-1000000000.0	-1000000000.0	-1000000000.0	Rhodotorula mucilaginosa
C00935	GCA_007990605.1_Rt10032-v1	Rhodotorula toruloides	neg	False	False	False	2	29.3	-1000000000.0	-1000000000.0	-1000000000.0	Rhodotorula toruloides
C00936	GCA_920104245.2_Hybrid_genome_assembly_and_annotation	Rhodotorula babjevae	neg	False	False	False	4	28.5	-1000000000.0	-1000000000.0	-1000000000.0	
C00937	GCA_013036385.1_ASM1303638v1	Rhodotorula mucilaginosa	neg	False	False	False	4	27.7	15.2	-1000000000.0	15.2	Rhodotorula mucilaginosa
C00938	GCA_024184655.1_ASM2418465v1	Rhodotorula mucilaginosa	neg	False	False	False	2	29.3	-1000000000.0	-1000000000.0	-1000000000.0	Rhodotorula mucilaginosa
C00939	GCA_019190805.1_ASM1919080v1	Rhodotorula mucilaginosa	neg	False	False	False	9	28.1	-1000000000.0	-1000000000.0	-1000000000.0	Rhodotorula mucilaginosa
C00940	GCA_019190605.1_ASM1919060v1	Rhodotorula mucilaginosa	neg	False	False	False	1	28.5	-1000000000.0	-1000000000.0	-1000000000.0	Rhodotorula mucilaginosa
C00941	GCA_019926025.1_ASM1992602v1	Rhodotorula kratochvilovae	neg	False	False	False	2	28.1	-1000000000.0	-1000000000.0	-1000000000.0	Rhodotorula kratochvilovae
C00942	GCA_051805565.1_RtJCM10295v2	Rhodotorula toruloides	neg	False	False	False	4	29.3	-1000000000.0	-1000000000.0	-1000000000.0	Rhodotorula toruloides
C00943	GCA_001456015.1_ASM145601v1	Rhodotorula toruloides	neg	False	False	False	2	33.9	-1000000000.0	-1000000000.0	-1000000000.0	Rhodotorula toruloides
C00944	GCA_019802905.1_ASM1980290v1	Rhodotorula mucilaginosa	neg	False	False	False	1	28.5	-1000000000.0	-1000000000.0	-1000000000.0	Rhodotorula mucilaginosa
C00945	GCA_001542305.1_ASM154230v1	Rhodotorula toruloides	neg	False	False	False	3	33.9	-1000000000.0	-1000000000.0	-1000000000.0	Rhodotorula toruloides
C00946	GCA_019189975.1_ASM1918997v1	Rhodotorula mucilaginosa	neg	False	False	False	5	27.7	15.2	-1000000000.0	15.2	Rhodotorula mucilaginosa
C00947	GCA_051308255.1_Rhoto_ATCC26217_1	Rhodotorula toruloides	neg	False	False	False	1	28.1	-1000000000.0	-1000000000.0	-1000000000.0	Rhodotorula toruloides
C00948	GCA_036244875.1_Rhopal_B15_v1.0	Rhodotorula paludigena	neg	False	False	False	2	31.2	-1000000000.0	-1000000000.0	-1000000000.0	
C00949	GCA_030983975.1_UCSB_Rmuci_1.0	Rhodotorula sphaerocarpa	neg	False	False	False	3	28.1	-1000000000.0	-1000000000.0	-1000000000.0	
C00950	GCA_029694785.1_ASM2969478v1	Rhodotorula toruloides	neg	False	False	False	3	28.9	-1000000000.0	-1000000000.0	-1000000000.0	Rhodotorula toruloides
C00951	GCA_019190805.1_ASM1919080v1	Rhodotorula mucilaginosa	neg	False	False	False	3	27.7	-1000000000.0	-1000000000.0	-1000000000.0	Rhodotorula mucilaginosa
C00952	GCA_041430435.1_ASM4143043v1	Rhodotorula mucilaginosa	neg	False	False	False	2	28.9	-1000000000.0	-1000000000.0	-1000000000.0	Rhodotorula mucilaginosa
C00953	GCA_013036475.1_ASM1303647v1	Rhodotorula mucilaginosa	neg	False	False	False	2	28.5	-1000000000.0	-1000000000.0	-1000000000.0	Rhodotorula mucilaginosa
C00954	GCA_013036475.1_ASM1303647v1	Rhodotorula mucilaginosa	neg	False	False	False	8	34.3	-1000000000.0	-1000000000.0	-1000000000.0	Rhodotorula mucilaginosa
C00955	GCA_023078535.2_ASM2307853v2	Rhodotorula toruloides	neg	False	False	False	33	28.9	-1000000000.0	-1000000000.0	-1000000000.0	Rhodotorula toruloides
C00956	GCA_013036955.1_ASM1303695v1	Rhodotorula mucilaginosa	neg	False	False	False	3	28.1	-1000000000.0	-1000000000.0	-1000000000.0	Rhodotorula mucilaginosa
C00957	GCA_000988805.1_ASM98880v1	Rhodotorula toruloides	neg	False	False	False	7	29.3	-1000000000.0	-1000000000.0	-1000000000.0	Rhodotorula toruloides
C00958	GCA_920103735.2_Hybrid_genome_assembly_and_annotation_-DBVPG_8058	Rhodotorula babjevae	neg	False	False	False	4	32.0	-1000000000.0	-1000000000.0	-1000000000.0	
C00959	GCA_013036715.1_ASM1303671v1	Rhodotorula mucilaginosa	neg	False	False	False	3	28.5	-1000000000.0	-1000000000.0	-1000000000.0	Rhodotorula mucilaginosa
C00960	GCA_025502725.1_ASM2550272v1	Rhodotorula mucilaginosa	neg	False	False	False	3	29.6	-1000000000.0	-1000000000.0	-1000000000.0	Rhodotorula mucilaginosa
C00961	GCA_025502865.1_ASM2550286v1	Rhodotorula mucilaginosa	neg	False	False	False	2	28.5	-1000000000.0	-1000000000.0	-1000000000.0	Rhodotorula mucilaginosa
C00962	GCA_015501985.1_ASM1550198v1	Rhodotorula glutinis	neg	False	False	False	4	29.6	-1000000000.0	-1000000000.0	-1000000000.0	Rhodotorula glutinis
C00963	GCA_019190905.1_ASM1919090v1	Rhodotorula mucilaginosa	neg	False	False	False	2	27.3	-1000000000.0	-1000000000.0	-1000000000.0	Rhodotorula mucilaginosa
C00964	GCA_023628275.1_ASM2362827v1	Rhodotorula sp. M30-05A-2	neg	False	False	False	2	28.5	-1000000000.0	-1000000000.0	-1000000000.0	
C00965	GCA_019190365.1_ASM1919036v1	Rhodotorula mucilaginosa	neg	False	False	False	1	28.1	-1000000000.0	-1000000000.0	-1000000000.0	Rhodotorula mucilaginosa
C00966	GCA_028828645.1_ASM2882864v1	Rhodotorula sp. PL61-2	neg	False	False	False	2	30.4	-1000000000.0	-1000000000.0	-1000000000.0	
C00967	GCA_019190495.1_ASM1919049v1	Rhodotorula mucilaginosa	neg	False	False	False	7	32.3	-1000000000.0	-1000000000.0	-1000000000.0	Rhodotorula mucilaginosa
C00968	GCA_019802815.1_ASM1980281v1	Rhodotorula mucilaginosa	neg	False	False	False	1	28.5	-1000000000.0	-1000000000.0	-1000000000.0	Rhodotorula mucilaginosa
C00969	GCA_019189545.1_ASM1918954v1	Rhodotorula mucilaginosa	neg	False	False	False	14	28.9	-1000000000.0	-1000000000.0	-1000000000.0	Rhodotorula mucilaginosa
C00970	GCA_049863195.1_ICGEB_R_pacifica_INDKK	Rhodotorula pacifica	neg	False	False	False	2	29.3	-1000000000.0	-1000000000.0	-1000000000.0	
C00971	GCA_025502755.1_ASM2550275v1	Rhodotorula mucilaginosa	neg	False	False	False	2	27.7	-1000000000.0	-1000000000.0	-1000000000.0	Rhodotorula mucilaginosa
C00972	GCA_035220585.1_ASM3522058v1	Rhodotorula toruloides	neg	False	False	False	7	32.7	-1000000000.0	-1000000000.0	-1000000000.0	Rhodotorula toruloides
C00973	GCA_051805565.1_RtJCM10295v2	Rhodotorula toruloides	neg	False	False	False	1	31.2	-1000000000.0	-1000000000.0	-1000000000.0	Rhodotorula toruloides
C00974	GCA_000258745.1_ASM25874v1	Rhodotorula toruloides	neg	False	False	False	3	28.9	-1000000000.0	-1000000000.0	-1000000000.0	Rhodotorula toruloides
C00975	GCA_019190745.1_ASM1919074v1	Rhodotorula mucilaginosa	neg	False	False	False	7	30.4	-1000000000.0	-1000000000.0	-1000000000.0	Rhodotorula mucilaginosa
C00976	GCA_921037615.3_Hybrid_genome_assembly_and_annotation_02	Rhodotorula toruloides	neg	False	False	True	2	29.6	-1000000000.0	-1000000000.0	-1000000000.0	Rhodotorula toruloides
C00977	GCA_051805585.1_RtJCM10021v2	Rhodotorula toruloides	neg	False	False	False	4	30.4	-1000000000.0	-1000000000.0	-1000000000.0	Rhodotorula toruloides
C00978	GCA_023628235.1_ASM2362823v1	Rhodotorula sp. S30-09	neg	False	False	False	2	28.9	-1000000000.0	-1000000000.0	-1000000000.0	
C00979	GCF_001329695.1_Rhoba1_1	Rhodotorula graminis	neg	False	False	False	3	28.1	-1000000000.0	-1000000000.0	-1000000000.0	
C00980	GCA_012922805.1_ASM1292280v1	Rhodotorula mucilaginosa	neg	False	False	False	2	28.5	-1000000000.0	-1000000000.0	-1000000000.0	Rhodotorula mucilaginosa
C00981	GCA_023968905.1_ASM2396890v1	Rhodotorula toruloides	neg	False	False	False	3	28.9	-1000000000.0	-1000000000.0	-1000000000.0	Rhodotorula toruloides
C00982	GCA_920103745.3_Hybrid_genome_assembly_and_annotation	Rhodotorula glutinis	neg	False	False	True	2	28.5	-1000000000.0	-1000000000.0	-1000000000.0	Rhodotorula glutinis
C00983	GCA_025502925.1_ASM2550292v1	Rhodotorula mucilaginosa	neg	False	False	False	3	28.9	-1000000000.0	-1000000000.0	-1000000000.0	Rhodotorula mucilaginosa
C00984	GCA_013036755.1_ASM1303675v1	Rhodotorula mucilaginosa	neg	False	False	False	1	28.5	-1000000000.0	-1000000000.0	-1000000000.0	Rhodotorula mucilaginosa
C00985	GCA_019303655.1_ASM1930365v1	Rhodotorula mucilaginosa	neg	False	False	False	4	28.1	-1000000000.0	-1000000000.0	-1000000000.0	Rhodotorula mucilaginosa
C00986	GCA_001600155.1_JCM_10049_assembly_v001	Rhodotorula toruloides	neg	False	False	False	3	30.8	-1000000000.0	-1000000000.0	-1000000000.0	Rhodotorula toruloides
C00987	GCA_019803015.1_ASM1980301v1	Rhodotorula mucilaginosa	neg	False	False	False	7	28.9	-1000000000.0	-1000000000.0	-1000000000.0	Rhodotorula mucilaginosa
C00988	GCA_019190585.1_ASM1919058v1	Rhodotorula mucilaginosa	neg	False	False	False	5	45.8	-1000000000.0	14.6	14.6	Rhodotorula mucilaginosa
C00989	GCA_028828615.1_ASM2882861v1	Rhodotorula paludigena	neg	False	False	False	2	31.6	-1000000000.0	-1000000000.0	-1000000000.0	
C00990	GCA_025502885.1_ASM2550288v1	Rhodotorula mucilaginosa	neg	False	False	False	5	29.6	-1000000000.0	-1000000000.0	-1000000000.0	Rhodotorula mucilaginosa
C00991	GCA_013036715.1_ASM1303671v1	Rhodotorula mucilaginosa	neg	False	False	False	6	28.5	-1000000000.0	-1000000000.0	-1000000000.0	Rhodotorula mucilaginosa
C00992	GCA_023078535.2_ASM2307853v2	Rhodotorula toruloides	neg	False	False	False	5	26.2	-1000000000.0	-1000000000.0	-1000000000.0	Rhodotorula toruloides
C00993	GCA_019190965.1_ASM1919096v1	Rhodotorula mucilaginosa	neg	False	False	False	1	28.9	-1000000000.0	-1000000000.0	-1000000000.0	Rhodotorula mucilaginosa
C00994	GCA_019923515.1_ASM1992351v1	Rhodotorula kratochvilovae	neg	False	False	False	6	29.6	-1000000000.0	-1000000000.0	-1000000000.0	Rhodotorula kratochvilovae
C00995	GCA_019190505.1_ASM1919050v1	Rhodotorula mucilaginosa	neg	False	False	False	1	32.0	-1000000000.0	-1000000000.0	-1000000000.0	Rhodotorula mucilaginosa
C00996	GCA_019191065.1_ASM1919106v1	Rhodotorula mucilaginosa	neg	False	False	False	3	31.2	-1000000000.0	-1000000000.0	-1000000000.0	Rhodotorula mucilaginosa
C00997	GCA_019190365.1_ASM1919036v1	Rhodotorula mucilaginosa	neg	False	False	False	5	28.9	-1000000000.0	-1000000000.0	-1000000000.0	Rhodotorula mucilaginosa
C00998	GCA_000222205.2_R.glutinis2	Rhodotorula toruloides	neg	False	False	False	1	28.9	-1000000000.0	-1000000000.0	-1000000000.0	Rhodotorula toruloides
C00999	GCA_025502725.1_ASM2550272v1	Rhodotorula mucilaginosa	neg	False	False	False	2	31.2	-1000000000.0	-1000000000.0	-1000000000.0	Rhodotorula mucilaginosa
C01000	GCA_025502725.1_ASM2550272v1	Rhodotorula mucilaginosa	neg	False	False	False	2	28.5	-1000000000.0	-1000000000.0	-1000000000.0	Rhodotorula mucilaginosa
C01001	GCA_037041355.1_ASM3704135v1	Rhodotorula mucilaginosa	neg	False	False	False	6	32.3	-1000000000.0	-1000000000.0	-1000000000.0	Rhodotorula mucilaginosa
C01002	GCA_937859235.1_SRR3017090_bin.1_CONCOCT_v1.1_MAG	Rhodotorula graminis	neg	False	False	False	6	27.3	-1000000000.0	-1000000000.0	-1000000000.0	
C01003	GCA_036244875.1_Rhopal_B15_v1.0	Rhodotorula paludigena	neg	False	False	False	3	31.2	-1000000000.0	-1000000000.0	-1000000000.0	
C01004	GCA_019190235.1_ASM1919023v1	Rhodotorula mucilaginosa	neg	False	False	False	13	29.6	-1000000000.0	-1000000000.0	-1000000000.0	Rhodotorula mucilaginosa
C01005	GCA_019802815.1_ASM1980281v1	Rhodotorula mucilaginosa	neg	False	False	False	1	28.5	-1000000000.0	-1000000000.0	-1000000000.0	Rhodotorula mucilaginosa
C01006	GCA_033458335.1_ASM3345833v1	Rhodotorula paludigena	neg	False	False	False	3	28.5	-1000000000.0	-1000000000.0	-1000000000.0	
C01007	GCA_001456015.1_ASM145601v1	Rhodotorula toruloides	neg	False	False	False	16	30.8	-1000000000.0	-1000000000.0	-1000000000.0	Rhodotorula toruloides
C01008	GCA_965239605.3_Hybrid_Genome_assembly_Updated-_INGCA000000200-3	Rhodotorula pacifica	neg	False	False	False	4	30.0	-1000000000.0	-1000000000.0	-1000000000.0	
C01009	GCA_015501985.1_ASM1550198v1	Rhodotorula glutinis	neg	False	False	False	2	31.2	-1000000000.0	-1000000000.0	-1000000000.0	Rhodotorula glutinis
C01010	GCA_038381065.1_ASM3838106v1	Rhodotorula sp. BUB8	neg	False	False	False	2	30.0	-1000000000.0	-1000000000.0	-1000000000.0	
C01011	GCA_013036515.1_ASM1303651v1	Rhodotorula mucilaginosa	neg	False	False	False	2	28.9	-1000000000.0	-1000000000.0	-1000000000.0	Rhodotorula mucilaginosa
C01012	GCA_025502865.1_ASM2550286v1	Rhodotorula mucilaginosa	neg	False	False	False	1	29.6	-1000000000.0	-1000000000.0	-1000000000.0	Rhodotorula mucilaginosa
C01013	GCA_029873615.1_ASM2987361v1	Rhodotorula paludigena	neg	False	False	False	2	28.1	-1000000000.0	-1000000000.0	-1000000000.0	
C01014	GCA_013036525.1_ASM1303652v1	Rhodotorula mucilaginosa	neg	False	False	False	6	28.5	-1000000000.0	-1000000000.0	-1000000000.0	Rhodotorula mucilaginosa
C01015	GCA_005281665.1_ASM528166v1	Rhodotorula paludigena	neg	False	False	False	6	31.6	-1000000000.0	-1000000000.0	-1000000000.0	
C01016	GCA_963855895.1_AIST536MM15v1	Rhodotorula toruloides	neg	False	False	False	5	29.3	-1000000000.0	-1000000000.0	-1000000000.0	Rhodotorula toruloides
C01017	GCA_025502865.1_ASM2550286v1	Rhodotorula mucilaginosa	neg	False	False	False	7	31.6	-1000000000.0	-1000000000.0	-1000000000.0	Rhodotorula mucilaginosa
C01018	GCA_963855895.1_AIST536MM15v1	Rhodotorula toruloides	neg	False	False	False	5	29.3	-1000000000.0	-1000000000.0	-1000000000.0	Rhodotorula toruloides
C01019	GCA_019189415.1_ASM1918941v1	Rhodotorula mucilaginosa	neg	False	False	False	4	28.9	-1000000000.0	-1000000000.0	-1000000000.0	Rhodotorula mucilaginosa
C01020	GCA_001456015.1_ASM145601v1	Rhodotorula toruloides	neg	False	False	False	4	28.9	-1000000000.0	-1000000000.0	-1000000000.0	Rhodotorula toruloides
C01021	GCA_050403125.1_Rt_dairenensis_JCM3774v1	Rhodotorula dairenensis	neg	False	False	False	3	30.0	-1000000000.0	-1000000000.0	-1000000000.0	
C01022	GCA_002917965.1_ASM291796v1	Rhodotorula kratochvilovae	neg	False	False	True	4	28.9	-1000000000.0	-1000000000.0	-1000000000.0	Rhodotorula kratochvilovae
C01023	GCA_003234015.1_ASM323401v1	Rhodotorula toruloides	neg	False	False	False	4	29.6	-1000000000.0	-1000000000.0	-1000000000.0	Rhodotorula toruloides
C01024	GCA_000988875.2_ASM98887v2	Rhodotorula toruloides	neg	False	False	True	3	29.3	-1000000000.0	-1000000000.0	-1000000000.0	Rhodotorula toruloides
C01025	GCA_019775605.1_ASM1977560v1	Rhodotorula kratochvilovae	neg	False	False	False	5	28.9	-1000000000.0	-1000000000.0	-1000000000.0	Rhodotorula kratochvilovae
C01026	GCA_000988805.1_ASM98880v1	Rhodotorula toruloides	neg	False	False	False	2	29.3	-1000000000.0	-1000000000.0	-1000000000.0	Rhodotorula toruloides
C01027	GCA_056149925.1_EIMB_Rkra_OB1_1.0	Rhodotorula kratochvilovae	neg	False	False	False	2	29.6	-1000000000.0	-1000000000.0	-1000000000.0	Rhodotorula kratochvilovae
C01028	GCA_057542475.1_Rhodotorula_sp._strain_HGY2	Rhodotorula sp. HGY2	neg	False	False	False	3	31.6	-1000000000.0	-1000000000.0	-1000000000.0	
C01029	GCA_019189675.1_ASM1918967v1	Rhodotorula mucilaginosa	neg	False	False	False	1	30.0	-1000000000.0	-1000000000.0	-1000000000.0	Rhodotorula mucilaginosa
C01030	GCA_019189345.1_ASM1918934v1	Rhodotorula mucilaginosa	neg	False	False	False	2	29.3	-1000000000.0	-1000000000.0	-1000000000.0	Rhodotorula mucilaginosa
C01031	GCA_019189525.1_ASM1918952v1	Rhodotorula mucilaginosa	neg	False	False	False	2	28.1	-1000000000.0	-1000000000.0	-1000000000.0	Rhodotorula mucilaginosa
C01032	GCA_009806315.1_ASM980631v1	Rhodotorula sp. ZM1	neg	False	False	False	3	32.0	-1000000000.0	-1000000000.0	-1000000000.0	
C01033	GCA_963855895.1_AIST536MM15v1	Rhodotorula toruloides	neg	False	False	False	4	30.4	-1000000000.0	-1000000000.0	-1000000000.0	Rhodotorula toruloides
C01034	GCA_037041355.1_ASM3704135v1	Rhodotorula mucilaginosa	neg	False	False	False	4	28.5	-1000000000.0	-1000000000.0	-1000000000.0	Rhodotorula mucilaginosa
C01035	GCA_013036595.1_ASM1303659v1	Rhodotorula mucilaginosa	neg	False	False	False	1	28.1	-1000000000.0	-1000000000.0	-1000000000.0	Rhodotorula mucilaginosa
C01036	GCA_019190365.1_ASM1919036v1	Rhodotorula mucilaginosa	neg	False	False	False	3	30.4	-1000000000.0	-1000000000.0	-1000000000.0	Rhodotorula mucilaginosa
C01037	GCA_019189785.1_ASM1918978v1	Rhodotorula mucilaginosa	neg	False	False	False	1	32.0	-1000000000.0	-1000000000.0	-1000000000.0	Rhodotorula mucilaginosa
C01038	GCA_002917965.1_ASM291796v1	Rhodotorula kratochvilovae	neg	False	False	True	1	30.4	-1000000000.0	-1000000000.0	-1000000000.0	Rhodotorula kratochvilovae
C01039	GCA_013036445.1_ASM1303644v1	Rhodotorula mucilaginosa	neg	False	False	False	3	28.1	-1000000000.0	-1000000000.0	-1000000000.0	Rhodotorula mucilaginosa
C01040	GCA_013036365.1_ASM1303636v1	Rhodotorula mucilaginosa	neg	False	False	False	3	29.6	-1000000000.0	-1000000000.0	-1000000000.0	Rhodotorula mucilaginosa
C01041	GCA_019189415.1_ASM1918941v1	Rhodotorula mucilaginosa	neg	False	False	False	3	29.3	-1000000000.0	-1000000000.0	-1000000000.0	Rhodotorula mucilaginosa
C01042	GCA_024713535.1_ASM2471353v1	Rhodotorula sphaerocarpa	neg	False	False	False	3	28.9	-1000000000.0	-1000000000.0	-1000000000.0	
C01043	GCA_013036445.1_ASM1303644v1	Rhodotorula mucilaginosa	neg	False	False	False	2	27.7	-1000000000.0	-1000000000.0	-1000000000.0	Rhodotorula mucilaginosa
C01044	GCA_049500115.1_Rt_mucilaginosa_JCM8115v1	Rhodotorula mucilaginosa	neg	False	False	False	2	28.1	-1000000000.0	-1000000000.0	-1000000000.0	Rhodotorula mucilaginosa
C01045	GCA_019189595.1_ASM1918959v1	Rhodotorula mucilaginosa	neg	False	False	False	10	28.9	-1000000000.0	-1000000000.0	-1000000000.0	Rhodotorula mucilaginosa
C01046	GCA_041430435.1_ASM4143043v1	Rhodotorula mucilaginosa	neg	False	False	False	1	28.9	-1000000000.0	-1000000000.0	-1000000000.0	Rhodotorula mucilaginosa
C01047	GCA_051313295.1_ASM5131329v1	Rhodotorula diobovata	neg	False	False	False	2	28.5	-1000000000.0	-1000000000.0	-1000000000.0	
C01048	GCA_019189795.1_ASM1918979v1	Rhodotorula mucilaginosa	neg	False	False	False	4	28.9	-1000000000.0	-1000000000.0	-1000000000.0	Rhodotorula mucilaginosa
C01049	GCA_019802805.1_ASM1980280v1	Rhodotorula mucilaginosa	neg	False	False	False	1	28.9	-1000000000.0	-1000000000.0	-1000000000.0	Rhodotorula mucilaginosa
C01050	GCA_050916435.1_ASM5091643v1	Rhodotorula mucilaginosa	neg	False	False	False	1	28.5	-1000000000.0	-1000000000.0	-1000000000.0	Rhodotorula mucilaginosa
C01051	GCA_019190125.1_ASM1919012v1	Rhodotorula mucilaginosa	neg	False	False	False	5	34.3	-1000000000.0	20.2	20.2	Rhodotorula mucilaginosa
C01052	GCA_021654155.1_ASM2165415v1	Rhodotorula sp. CC01	neg	False	False	False	1	28.9	-1000000000.0	-1000000000.0	-1000000000.0	
C01053	GCA_019802915.1_ASM1980291v1	Rhodotorula mucilaginosa	neg	False	False	False	6	28.5	-1000000000.0	-1000000000.0	-1000000000.0	Rhodotorula mucilaginosa
C01054	GCA_010758995.1_ASM1075899v1	Sporobolomyces pararoseus	neg	False	False	False	2	28.9	-1000000000.0	-1000000000.0	-1000000000.0	
C01055	GCA_001255795.1_IFO0880_HGAP3_v1	Rhodotorula toruloides	neg	False	False	False	1	28.1	-1000000000.0	-1000000000.0	-1000000000.0	Rhodotorula toruloides
C01056	GCA_019189985.1_ASM1918998v1	Rhodotorula mucilaginosa	neg	False	False	False	4	28.1	-1000000000.0	-1000000000.0	-1000000000.0	Rhodotorula mucilaginosa
C01057	GCA_019190765.1_ASM1919076v1	Rhodotorula mucilaginosa	neg	False	False	False	2	27.3	-1000000000.0	-1000000000.0	-1000000000.0	Rhodotorula mucilaginosa
C01058	GCA_019190365.1_ASM1919036v1	Rhodotorula mucilaginosa	neg	False	False	False	7	32.3	-1000000000.0	-1000000000.0	-1000000000.0	Rhodotorula mucilaginosa
C01059	GCA_019191075.1_ASM1919107v1	Rhodotorula mucilaginosa	neg	False	False	False	4	27.7	-1000000000.0	-1000000000.0	-1000000000.0	Rhodotorula mucilaginosa
C01060	GCA_963855895.1_AIST536MM15v1	Rhodotorula toruloides	neg	False	False	False	3	30.4	-1000000000.0	14.0	14.0	Rhodotorula toruloides
C01061	GCA_013036615.1_ASM1303661v1	Rhodotorula mucilaginosa	neg	False	False	False	8	30.4	-1000000000.0	-1000000000.0	-1000000000.0	Rhodotorula mucilaginosa
C01062	GCA_019189475.1_ASM1918947v1	Rhodotorula mucilaginosa	neg	False	False	False	2	28.5	-1000000000.0	-1000000000.0	-1000000000.0	Rhodotorula mucilaginosa
C01063	GCA_009806315.1_ASM980631v1	Rhodotorula sp. ZM1	neg	False	False	False	2	28.5	-1000000000.0	-1000000000.0	-1000000000.0	
C01064	GCA_019189395.1_ASM1918939v1	Rhodotorula mucilaginosa	neg	False	False	False	1	28.1	-1000000000.0	-1000000000.0	-1000000000.0	Rhodotorula mucilaginosa
C01065	GCA_051805565.1_RtJCM10295v2	Rhodotorula toruloides	neg	False	False	False	3	27.7	-1000000000.0	-1000000000.0	-1000000000.0	Rhodotorula toruloides
C01066	GCA_023628235.1_ASM2362823v1	Rhodotorula sp. S30-09	neg	False	False	False	1	27.7	-1000000000.0	-1000000000.0	-1000000000.0	
C01067	GCA_013036805.1_ASM1303680v1	Rhodotorula mucilaginosa	neg	False	False	False	7	30.4	-1000000000.0	-1000000000.0	-1000000000.0	Rhodotorula mucilaginosa
C01068	GCA_034509285.1_ASM3450928v1	Rhodotorula toruloides	neg	False	False	False	1	29.6	-1000000000.0	-1000000000.0	-1000000000.0	Rhodotorula toruloides
C01069	GCA_019671115.1_ASM1967111v1	Rhodotorula paludigena	neg	False	False	False	2	32.3	-1000000000.0	-1000000000.0	-1000000000.0	
C01070	GCA_001255795.1_IFO0880_HGAP3_v1	Rhodotorula toruloides	neg	False	False	False	8	28.1	-1000000000.0	-1000000000.0	-1000000000.0	Rhodotorula toruloides
C01071	GCA_013036955.1_ASM1303695v1	Rhodotorula mucilaginosa	neg	False	False	False	6	34.3	-1000000000.0	20.2	20.2	Rhodotorula mucilaginosa
C01072	GCA_000988875.2_ASM98887v2	Rhodotorula toruloides	neg	False	False	True	5	28.5	-1000000000.0	-1000000000.0	-1000000000.0	Rhodotorula toruloides
C01073	GCA_019190885.1_ASM1919088v1	Rhodotorula mucilaginosa	neg	False	False	False	12	28.9	-1000000000.0	-1000000000.0	-1000000000.0	Rhodotorula mucilaginosa
C01074	GCA_013030405.1_ASM1303040v1	Rhodotorula mucilaginosa	neg	False	False	False	1	28.5	-1000000000.0	-1000000000.0	-1000000000.0	Rhodotorula mucilaginosa
C01075	GCA_001541205.1_Rhosp1	Rhodotorula sp. JG-1b	neg	False	False	False	9	33.1	-1000000000.0	-1000000000.0	-1000000000.0	
C01076	GCA_051805505.1_RkraJCM10450v2	Rhodotorula kratochvilovae	neg	False	False	False	1	28.5	-1000000000.0	-1000000000.0	-1000000000.0	Rhodotorula kratochvilovae
C01077	GCA_013036365.1_ASM1303636v1	Rhodotorula mucilaginosa	neg	False	False	False	2	29.6	-1000000000.0	-1000000000.0	-1000000000.0	Rhodotorula mucilaginosa
C01078	GCA_019775595.1_ASM1977559v1	Rhodotorula kratochvilovae	neg	False	False	False	5	27.7	-1000000000.0	-1000000000.0	-1000000000.0	Rhodotorula kratochvilovae
C01079	GCA_051308255.1_Rhoto_ATCC26217_1	Rhodotorula toruloides	neg	False	False	False	19	22.7	-1000000000.0	-1000000000.0	-1000000000.0	Rhodotorula toruloides
C01080	GCA_023628195.1_ASM2362819v1	Rhodotorula mucilaginosa	neg	False	False	False	1	28.9	-1000000000.0	-1000000000.0	-1000000000.0	Rhodotorula mucilaginosa
C01081	GCA_050403145.1_Rt_glutinis_JCM8208v1	Rhodotorula glutinis	neg	False	False	False	4	27.7	-1000000000.0	-1000000000.0	-1000000000.0	Rhodotorula glutinis
C01082	GCA_019303655.1_ASM1930365v1	Rhodotorula mucilaginosa	neg	False	False	False	2	29.3	-1000000000.0	-1000000000.0	-1000000000.0	Rhodotorula mucilaginosa
C01083	GCA_025502755.1_ASM2550275v1	Rhodotorula mucilaginosa	neg	False	False	False	1	28.9	-1000000000.0	-1000000000.0	-1000000000.0	Rhodotorula mucilaginosa
C01084	GCA_013036895.1_ASM1303689v1	Rhodotorula mucilaginosa	neg	False	False	False	8	31.6	-1000000000.0	-1000000000.0	-1000000000.0	Rhodotorula mucilaginosa
C01085	GCA_037974285.1_ASM3797428v1	Rhodotorula glutinis	neg	False	False	False	4	27.7	-1000000000.0	-1000000000.0	-1000000000.0	Rhodotorula glutinis
C01086	GCA_963855895.1_AIST536MM15v1	Rhodotorula toruloides	neg	False	False	False	3	29.3	-1000000000.0	-1000000000.0	-1000000000.0	Rhodotorula toruloides
C01087	GCA_050403505.1_S_salmonicolor_JCM1841v1	Sporobolomyces salmonicolor	neg	False	False	False	9	27.3	-1000000000.0	-1000000000.0	-1000000000.0	
C01088	GCA_023968905.1_ASM2396890v1	Rhodotorula toruloides	neg	False	False	False	3	30.8	-1000000000.0	-1000000000.0	-1000000000.0	Rhodotorula toruloides
C01089	GCA_019775605.1_ASM1977560v1	Rhodotorula kratochvilovae	neg	False	False	False	4	28.5	-1000000000.0	-1000000000.0	-1000000000.0	Rhodotorula kratochvilovae
C01090	GCA_013036905.1_ASM1303690v1	Rhodotorula mucilaginosa	neg	False	False	False	3	28.9	-1000000000.0	-1000000000.0	-1000000000.0	Rhodotorula mucilaginosa
C01091	GCA_024500305.1_UAEM_Rmus_1.0	Rhodotorula mucilaginosa	neg	False	False	False	2	28.5	-1000000000.0	-1000000000.0	-1000000000.0	Rhodotorula mucilaginosa
C01092	GCA_041430455.1_ASM4143045v1	Rhodotorula mucilaginosa	neg	False	False	False	1	28.9	-1000000000.0	-1000000000.0	-1000000000.0	Rhodotorula mucilaginosa
C01093	GCA_001456015.1_ASM145601v1	Rhodotorula toruloides	neg	False	False	False	2	30.0	-1000000000.0	-1000000000.0	-1000000000.0	Rhodotorula toruloides
C01094	GCA_019190805.1_ASM1919080v1	Rhodotorula mucilaginosa	neg	False	False	False	5	28.9	-1000000000.0	-1000000000.0	-1000000000.0	Rhodotorula mucilaginosa
C01095	GCA_050403145.1_Rt_glutinis_JCM8208v1	Rhodotorula glutinis	neg	False	False	False	4	32.0	-1000000000.0	-1000000000.0	-1000000000.0	Rhodotorula glutinis
C01096	GCA_028828645.1_ASM2882864v1	Rhodotorula sp. PL61-2	neg	False	False	False	3	29.3	-1000000000.0	-1000000000.0	-1000000000.0	
C01097	GCA_965239605.3_Hybrid_Genome_assembly_Updated-_INGCA000000200-3	Rhodotorula pacifica	neg	False	False	False	4	30.4	-1000000000.0	-1000000000.0	-1000000000.0	
C01098	GCA_019190035.1_ASM1919003v1	Rhodotorula mucilaginosa	neg	False	False	False	1	28.9	-1000000000.0	-1000000000.0	-1000000000.0	Rhodotorula mucilaginosa
C01099	GCA_049863195.1_ICGEB_R_pacifica_INDKK	Rhodotorula pacifica	neg	False	False	False	7	30.0	13.3	-1000000000.0	13.3	
C01100	GCA_037974285.1_ASM3797428v1	Rhodotorula glutinis	neg	False	False	False	1	28.1	-1000000000.0	-1000000000.0	-1000000000.0	Rhodotorula glutinis
C01101	GCA_019303655.1_ASM1930365v1	Rhodotorula mucilaginosa	neg	False	False	False	3	31.6	-1000000000.0	-1000000000.0	-1000000000.0	Rhodotorula mucilaginosa
C01102	GCA_001600215.1_JCM_24501_assembly_v001	Rhodotorula toruloides	neg	False	False	False	5	30.4	-1000000000.0	-1000000000.0	-1000000000.0	Rhodotorula toruloides
C01103	GCA_051805575.1_RtJCM10049v2	Rhodotorula toruloides	neg	False	False	False	10	32.0	-1000000000.0	-1000000000.0	-1000000000.0	Rhodotorula toruloides
C01104	GCA_019189905.1_ASM1918990v1	Rhodotorula mucilaginosa	neg	False	False	False	4	28.5	-1000000000.0	-1000000000.0	-1000000000.0	Rhodotorula mucilaginosa
C01105	GCA_012922765.1_ASM1292276v1	Rhodotorula mucilaginosa	neg	False	False	False	1	28.5	-1000000000.0	-1000000000.0	-1000000000.0	Rhodotorula mucilaginosa
C01106	GCA_013036825.1_ASM1303682v1	Rhodotorula mucilaginosa	neg	False	False	False	5	32.3	-1000000000.0	-1000000000.0	-1000000000.0	Rhodotorula mucilaginosa
C01107	GCA_001600115.1_JCM_10020_assembly_v001	Rhodotorula toruloides	neg	False	False	False	2	27.3	-1000000000.0	-1000000000.0	-1000000000.0	Rhodotorula toruloides
C01108	GCA_019189975.1_ASM1918997v1	Rhodotorula mucilaginosa	neg	False	False	False	3	27.7	-1000000000.0	-1000000000.0	-1000000000.0	Rhodotorula mucilaginosa
C01109	GCA_002917965.1_ASM291796v1	Rhodotorula kratochvilovae	neg	False	False	True	1	30.4	-1000000000.0	-1000000000.0	-1000000000.0	Rhodotorula kratochvilovae
C01110	GCA_002922495.1_ASM292249v1	Rhodotorula taiwanensis	neg	False	False	False	4	29.3	-1000000000.0	-1000000000.0	-1000000000.0	
C01111	GCA_019189985.1_ASM1918998v1	Rhodotorula mucilaginosa	neg	False	False	False	2	29.3	-1000000000.0	-1000000000.0	-1000000000.0	Rhodotorula mucilaginosa
C01112	GCA_019189885.1_ASM1918988v1	Rhodotorula mucilaginosa	neg	False	False	False	2	28.1	-1000000000.0	-1000000000.0	-1000000000.0	Rhodotorula mucilaginosa
C01113	GCA_051805595.1_RtJCM10020v2	Rhodotorula toruloides	neg	False	False	False	3	28.1	-1000000000.0	-1000000000.0	-1000000000.0	Rhodotorula toruloides
C01114	GCA_013036365.1_ASM1303636v1	Rhodotorula mucilaginosa	neg	False	False	False	1	32.0	-1000000000.0	-1000000000.0	-1000000000.0	Rhodotorula mucilaginosa
C01115	GCF_050403205.1_Rt_paludigena_JCM10292v1	Rhodotorula paludigena	neg	False	False	False	1	29.3	-1000000000.0	-1000000000.0	-1000000000.0	
C01116	GCA_025502945.1_ASM2550294v1	Rhodotorula mucilaginosa	neg	False	False	False	7	30.4	-1000000000.0	-1000000000.0	-1000000000.0	Rhodotorula mucilaginosa
C01117	GCA_019189395.1_ASM1918939v1	Rhodotorula mucilaginosa	neg	False	False	False	17	28.1	-1000000000.0	-1000000000.0	-1000000000.0	Rhodotorula mucilaginosa
C01118	GCA_012922825.1_ASM1292282v1	Rhodotorula mucilaginosa	neg	False	False	False	1	30.0	-1000000000.0	-1000000000.0	-1000000000.0	Rhodotorula mucilaginosa
C01119	GCA_000931965.1_ASM93196v1	Rhodotorula mucilaginosa	neg	False	False	False	5	27.7	-1000000000.0	-1000000000.0	-1000000000.0	Rhodotorula mucilaginosa
C01120	GCA_025502925.1_ASM2550292v1	Rhodotorula mucilaginosa	neg	False	False	False	2	27.7	-1000000000.0	-1000000000.0	-1000000000.0	Rhodotorula mucilaginosa
C01121	GCA_001542265.1_ASM154226v1	Rhodotorula toruloides	neg	False	False	False	4	28.9	-1000000000.0	-1000000000.0	-1000000000.0	Rhodotorula toruloides
C01122	GCA_030983975.1_UCSB_Rmuci_1.0	Rhodotorula sphaerocarpa	neg	False	False	False	4	31.2	-1000000000.0	-1000000000.0	-1000000000.0	
C01123	GCA_013036835.1_ASM1303683v1	Rhodotorula mucilaginosa	neg	False	False	False	3	29.3	-1000000000.0	-1000000000.0	-1000000000.0	Rhodotorula mucilaginosa
C01124	GCA_028828615.1_ASM2882861v1	Rhodotorula paludigena	neg	False	False	False	4	29.3	-1000000000.0	-1000000000.0	-1000000000.0	
C01125	GCA_019802825.1_ASM1980282v1	Rhodotorula mucilaginosa	neg	False	False	False	1	29.6	-1000000000.0	-1000000000.0	-1000000000.0	Rhodotorula mucilaginosa
C01126	GCA_013036475.1_ASM1303647v1	Rhodotorula mucilaginosa	neg	False	False	False	2	30.0	-1000000000.0	-1000000000.0	-1000000000.0	Rhodotorula mucilaginosa
C01127	GCA_920104245.2_Hybrid_genome_assembly_and_annotation	Rhodotorula babjevae	neg	False	False	False	4	29.6	-1000000000.0	-1000000000.0	-1000000000.0	
C01128	GCA_051308255.1_Rhoto_ATCC26217_1	Rhodotorula toruloides	neg	False	False	False	5	31.2	-1000000000.0	-1000000000.0	-1000000000.0	Rhodotorula toruloides
C01129	GCA_037041355.1_ASM3704135v1	Rhodotorula mucilaginosa	neg	False	False	False	3	27.7	-1000000000.0	-1000000000.0	-1000000000.0	Rhodotorula mucilaginosa
C01130	GCA_023628235.1_ASM2362823v1	Rhodotorula sp. S30-09	neg	False	False	False	23	28.9	-1000000000.0	-1000000000.0	-1000000000.0	
C01131	GCA_001542265.1_ASM154226v1	Rhodotorula toruloides	neg	False	False	False	1	28.5	-1000000000.0	-1000000000.0	-1000000000.0	Rhodotorula toruloides
C01132	GCA_019190635.1_ASM1919063v1	Rhodotorula mucilaginosa	neg	False	False	False	2	28.9	-1000000000.0	-1000000000.0	-1000000000.0	Rhodotorula mucilaginosa
C01133	GCA_013036715.1_ASM1303671v1	Rhodotorula mucilaginosa	neg	False	False	False	4	28.9	-1000000000.0	-1000000000.0	-1000000000.0	Rhodotorula mucilaginosa
C01134	GCA_019190375.1_ASM1919037v1	Rhodotorula mucilaginosa	neg	False	False	False	15	34.3	-1000000000.0	-1000000000.0	-1000000000.0	Rhodotorula mucilaginosa
C01135	GCA_005387725.1_ASM538772v1	Rhodotorula toruloides	neg	False	False	False	4	30.4	-1000000000.0	-1000000000.0	-1000000000.0	Rhodotorula toruloides
C01136	GCA_013036755.1_ASM1303675v1	Rhodotorula mucilaginosa	neg	False	False	False	2	28.5	-1000000000.0	-1000000000.0	-1000000000.0	Rhodotorula mucilaginosa
C01137	GCA_028828615.1_ASM2882861v1	Rhodotorula paludigena	neg	False	False	False	4	28.5	-1000000000.0	-1000000000.0	-1000000000.0	
C01138	GCA_050403145.1_Rt_glutinis_JCM8208v1	Rhodotorula glutinis	neg	False	False	False	1	28.1	-1000000000.0	-1000000000.0	-1000000000.0	Rhodotorula glutinis
C01139	GCA_019671115.1_ASM1967111v1	Rhodotorula paludigena	neg	False	False	False	2	29.3	-1000000000.0	-1000000000.0	-1000000000.0	
C01140	GCA_030983975.1_UCSB_Rmuci_1.0	Rhodotorula sphaerocarpa	neg	False	False	False	3	28.9	-1000000000.0	-1000000000.0	-1000000000.0	
C01141	GCA_013036665.1_ASM1303666v1	Rhodotorula mucilaginosa	neg	False	False	False	2	28.9	-1000000000.0	-1000000000.0	-1000000000.0	Rhodotorula mucilaginosa
C01142	GCA_019926025.1_ASM1992602v1	Rhodotorula kratochvilovae	neg	False	False	False	2	29.6	-1000000000.0	-1000000000.0	-1000000000.0	Rhodotorula kratochvilovae
C01143	GCA_007990605.1_Rt10032-v1	Rhodotorula toruloides	neg	False	False	False	3	28.9	-1000000000.0	-1000000000.0	-1000000000.0	Rhodotorula toruloides
C01144	GCA_050403105.1_Rt_babjevae_JCM9279v1	Rhodotorula babjevae	neg	False	False	False	4	32.0	-1000000000.0	12.3	12.3	
C01145	GCA_019190795.1_ASM1919079v1	Rhodotorula mucilaginosa	neg	False	False	False	14	28.9	-1000000000.0	-1000000000.0	-1000000000.0	Rhodotorula mucilaginosa
C01146	GCA_019189885.1_ASM1918988v1	Rhodotorula mucilaginosa	neg	False	False	False	1	31.2	-1000000000.0	-1000000000.0	-1000000000.0	Rhodotorula mucilaginosa
C01147	GCA_023078535.2_ASM2307853v2	Rhodotorula toruloides	neg	False	False	False	2	28.1	-1000000000.0	-1000000000.0	-1000000000.0	Rhodotorula toruloides
C01148	GCA_022817825.1_ASM2281782v1	Rhodotorula kratochvilovae	neg	False	False	False	2	35.8	-1000000000.0	-1000000000.0	-1000000000.0	Rhodotorula kratochvilovae
C01149	GCA_000988875.2_ASM98887v2	Rhodotorula toruloides	neg	False	False	True	2	28.1	-1000000000.0	-1000000000.0	-1000000000.0	Rhodotorula toruloides
C01150	GCA_019190135.1_ASM1919013v1	Rhodotorula mucilaginosa	neg	False	False	False	3	28.5	-1000000000.0	-1000000000.0	-1000000000.0	Rhodotorula mucilaginosa
C01151	GCA_036244875.1_Rhopal_B15_v1.0	Rhodotorula paludigena	neg	False	False	False	3	29.3	-1000000000.0	-1000000000.0	-1000000000.0	
C01152	GCA_019190895.1_ASM1919089v1	Rhodotorula mucilaginosa	neg	False	False	False	6	28.9	-1000000000.0	-1000000000.0	-1000000000.0	Rhodotorula mucilaginosa
C01153	GCA_019189675.1_ASM1918967v1	Rhodotorula mucilaginosa	neg	False	False	False	2	27.3	-1000000000.0	-1000000000.0	-1000000000.0	Rhodotorula mucilaginosa
C01154	GCA_000988875.2_ASM98887v2	Rhodotorula toruloides	neg	False	False	True	5	29.6	-1000000000.0	-1000000000.0	-1000000000.0	Rhodotorula toruloides
C01155	GCA_013036355.1_ASM1303635v1	Rhodotorula mucilaginosa	neg	False	False	False	3	28.1	-1000000000.0	-1000000000.0	-1000000000.0	Rhodotorula mucilaginosa
C01156	GCA_013036735.1_ASM1303673v1	Rhodotorula mucilaginosa	neg	False	False	False	2	29.3	-1000000000.0	-1000000000.0	-1000000000.0	Rhodotorula mucilaginosa
C01157	GCA_019190145.1_ASM1919014v1	Rhodotorula mucilaginosa	neg	False	False	False	3	28.1	-1000000000.0	-1000000000.0	-1000000000.0	Rhodotorula mucilaginosa
C01158	GCA_025502945.1_ASM2550294v1	Rhodotorula mucilaginosa	neg	False	False	False	10	28.9	-1000000000.0	-1000000000.0	-1000000000.0	Rhodotorula mucilaginosa
C01159	GCA_921037615.3_Hybrid_genome_assembly_and_annotation_02	Rhodotorula toruloides	neg	False	False	True	13	32.0	-1000000000.0	-1000000000.0	-1000000000.0	Rhodotorula toruloides
C01160	GCA_012922835.1_ASM1292283v1	Rhodotorula mucilaginosa	neg	False	False	False	2	28.5	-1000000000.0	-1000000000.0	-1000000000.0	Rhodotorula mucilaginosa
C01161	GCA_019190265.1_ASM1919026v1	Rhodotorula mucilaginosa	neg	False	False	False	2	28.1	-1000000000.0	-1000000000.0	-1000000000.0	Rhodotorula mucilaginosa
C01162	GCA_019671035.1_ASM1967103v1	Rhodotorula mucilaginosa	neg	False	False	False	4	28.5	-1000000000.0	-1000000000.0	-1000000000.0	Rhodotorula mucilaginosa
C01163	GCA_013036825.1_ASM1303682v1	Rhodotorula mucilaginosa	neg	False	False	False	2	28.5	-1000000000.0	-1000000000.0	-1000000000.0	Rhodotorula mucilaginosa
C01164	GCA_019189525.1_ASM1918952v1	Rhodotorula mucilaginosa	neg	False	False	False	1	30.0	-1000000000.0	-1000000000.0	-1000000000.0	Rhodotorula mucilaginosa
C01165	GCF_050403185.1_Rt_pacifica_JCM10908v1	Rhodotorula pacifica	neg	False	False	False	3	28.1	-1000000000.0	-1000000000.0	-1000000000.0	
C01166	GCA_005387725.1_ASM538772v1	Rhodotorula toruloides	neg	False	False	False	2	28.1	-1000000000.0	-1000000000.0	-1000000000.0	Rhodotorula toruloides
C01167	GCA_019190705.1_ASM1919070v1	Rhodotorula mucilaginosa	neg	False	False	False	6	32.3	-1000000000.0	-1000000000.0	-1000000000.0	Rhodotorula mucilaginosa
C01168	GCA_025502755.1_ASM2550275v1	Rhodotorula mucilaginosa	neg	False	False	False	7	31.6	-1000000000.0	-1000000000.0	-1000000000.0	Rhodotorula mucilaginosa
C01169	GCF_001329695.1_Rhoba1_1	Rhodotorula graminis	neg	False	False	False	2	29.6	-1000000000.0	-1000000000.0	-1000000000.0	
C01170	GCA_050403245.1_Rt_toruloides_NBRC10512v1	Rhodotorula toruloides	neg	False	False	False	1	29.6	-1000000000.0	-1000000000.0	-1000000000.0	Rhodotorula toruloides
C01171	GCA_024748845.1_ASM2474884v1	Rhodotorula mucilaginosa	neg	False	False	True	2	28.1	-1000000000.0	-1000000000.0	-1000000000.0	Rhodotorula mucilaginosa
C01172	GCA_019923515.1_ASM1992351v1	Rhodotorula kratochvilovae	neg	False	False	False	14	28.5	-1000000000.0	-1000000000.0	-1000000000.0	Rhodotorula kratochvilovae
C01173	GCA_058775505.1_UCR_RmucDH4148_1.0	Rhodotorula mucilaginosa	neg	False	False	False	2	27.7	-1000000000.0	-1000000000.0	-1000000000.0	Rhodotorula mucilaginosa
C01174	GCA_024734855.1_ASM2473485v1	Rhodotorula toruloides	neg	False	False	False	11	28.1	-1000000000.0	-1000000000.0	-1000000000.0	Rhodotorula toruloides
C01175	GCA_016584205.1_ASM1658420v1	Rhodotorula mucilaginosa	neg	False	False	False	2	29.6	-1000000000.0	-1000000000.0	-1000000000.0	Rhodotorula mucilaginosa
C01176	GCA_002250355.1_RIT389_v1	Rhodotorula mucilaginosa	neg	False	False	False	3	28.5	-1000000000.0	-1000000000.0	-1000000000.0	Rhodotorula mucilaginosa
C01177	GCA_051805545.1_RtJCM10296v2	Rhodotorula toruloides	neg	False	False	False	1	32.3	-1000000000.0	-1000000000.0	-1000000000.0	Rhodotorula toruloides
C01178	GCA_001542305.1_ASM154230v1	Rhodotorula toruloides	neg	False	False	False	3	31.2	-1000000000.0	-1000000000.0	-1000000000.0	Rhodotorula toruloides
C01179	GCA_004143675.1_ASM414367v1	Rhodotorula mucilaginosa	neg	False	False	False	2	28.9	-1000000000.0	-1000000000.0	-1000000000.0	Rhodotorula mucilaginosa
C01180	GCA_012922825.1_ASM1292282v1	Rhodotorula mucilaginosa	neg	False	False	False	1	28.5	-1000000000.0	-1000000000.0	-1000000000.0	Rhodotorula mucilaginosa
C01181	GCA_013036475.1_ASM1303647v1	Rhodotorula mucilaginosa	neg	False	False	False	17	31.2	-1000000000.0	-1000000000.0	-1000000000.0	Rhodotorula mucilaginosa
C01182	GCA_013036445.1_ASM1303644v1	Rhodotorula mucilaginosa	neg	False	False	False	3	28.1	-1000000000.0	-1000000000.0	-1000000000.0	Rhodotorula mucilaginosa
C01183	GCA_025502725.1_ASM2550272v1	Rhodotorula mucilaginosa	neg	False	False	False	1	32.0	-1000000000.0	-1000000000.0	-1000000000.0	Rhodotorula mucilaginosa
C01184	GCA_013036825.1_ASM1303682v1	Rhodotorula mucilaginosa	neg	False	False	False	7	29.3	-1000000000.0	14.9	14.9	Rhodotorula mucilaginosa
C01185	GCA_019189525.1_ASM1918952v1	Rhodotorula mucilaginosa	neg	False	False	False	1	28.5	-1000000000.0	-1000000000.0	-1000000000.0	Rhodotorula mucilaginosa
C01186	GCA_057544825.1_Rhodotorula_sp._strain_HGY1	Rhodotorula sp. HGY1	neg	False	False	False	2	30.0	-1000000000.0	-1000000000.0	-1000000000.0	
C01187	GCA_019190235.1_ASM1919023v1	Rhodotorula mucilaginosa	neg	False	False	False	6	30.4	-1000000000.0	-1000000000.0	-1000000000.0	Rhodotorula mucilaginosa
C01188	GCA_033458335.1_ASM3345833v1	Rhodotorula paludigena	neg	False	False	False	3	28.1	-1000000000.0	-1000000000.0	-1000000000.0	
C01189	GCA_023628195.1_ASM2362819v1	Rhodotorula mucilaginosa	neg	False	False	False	3	29.6	-1000000000.0	-1000000000.0	-1000000000.0	Rhodotorula mucilaginosa
C01190	GCF_000320785.1_RHOziaDV1.0	Rhodotorula toruloides	neg	False	False	False	1	29.3	-1000000000.0	-1000000000.0	-1000000000.0	Rhodotorula toruloides
C01191	GCA_019190605.1_ASM1919060v1	Rhodotorula mucilaginosa	neg	False	False	False	2	27.7	-1000000000.0	-1000000000.0	-1000000000.0	Rhodotorula mucilaginosa
C01192	GCA_019190265.1_ASM1919026v1	Rhodotorula mucilaginosa	neg	False	False	False	6	28.5	-1000000000.0	-1000000000.0	-1000000000.0	Rhodotorula mucilaginosa
C01193	GCA_019190345.1_ASM1919034v1	Rhodotorula mucilaginosa	neg	False	False	False	15	29.6	-1000000000.0	-1000000000.0	-1000000000.0	Rhodotorula mucilaginosa
C01194	GCA_010758995.1_ASM1075899v1	Sporobolomyces pararoseus	neg	False	False	False	2	30.4	-1000000000.0	-1000000000.0	-1000000000.0	
C01195	GCA_019189795.1_ASM1918979v1	Rhodotorula mucilaginosa	neg	False	False	False	14	28.9	-1000000000.0	-1000000000.0	-1000000000.0	Rhodotorula mucilaginosa
C01196	GCA_016584205.1_ASM1658420v1	Rhodotorula mucilaginosa	neg	False	False	False	3	28.5	-1000000000.0	-1000000000.0	-1000000000.0	Rhodotorula mucilaginosa
C01197	GCA_034406715.1_ASM3440671v1	Rhodotorula mucilaginosa	neg	False	False	False	5	45.8	-1000000000.0	14.6	14.6	Rhodotorula mucilaginosa
C01198	GCA_920104245.2_Hybrid_genome_assembly_and_annotation	Rhodotorula babjevae	neg	False	False	False	3	34.7	-1000000000.0	-1000000000.0	-1000000000.0	
C01199	GCA_051805495.1_RsphJCM8202v2	Rhodotorula sphaerocarpa	neg	False	False	False	1	27.7	-1000000000.0	-1000000000.0	-1000000000.0	
C01200	GCA_019926025.1_ASM1992602v1	Rhodotorula kratochvilovae	neg	False	False	False	5	31.6	-1000000000.0	-1000000000.0	-1000000000.0	Rhodotorula kratochvilovae
C01201	GCA_012922835.1_ASM1292283v1	Rhodotorula mucilaginosa	neg	False	False	False	2	29.6	-1000000000.0	-1000000000.0	-1000000000.0	Rhodotorula mucilaginosa
C01202	GCA_029694785.1_ASM2969478v1	Rhodotorula toruloides	neg	False	False	False	3	30.4	-1000000000.0	-1000000000.0	-1000000000.0	Rhodotorula toruloides
C01203	GCA_025502865.1_ASM2550286v1	Rhodotorula mucilaginosa	neg	False	False	False	2	28.1	-1000000000.0	-1000000000.0	-1000000000.0	Rhodotorula mucilaginosa
C01204	GCA_920103735.2_Hybrid_genome_assembly_and_annotation_-DBVPG_8058	Rhodotorula babjevae	neg	False	False	False	23	28.1	-1000000000.0	-1000000000.0	-1000000000.0	
C01205	GCA_007990605.1_Rt10032-v1	Rhodotorula toruloides	neg	False	False	False	2	30.8	-1000000000.0	-1000000000.0	-1000000000.0	Rhodotorula toruloides
C01206	GCA_019190035.1_ASM1919003v1	Rhodotorula mucilaginosa	neg	False	False	False	2	28.5	-1000000000.0	-1000000000.0	-1000000000.0	Rhodotorula mucilaginosa
C01207	GCA_001542265.1_ASM154226v1	Rhodotorula toruloides	neg	False	False	False	3	27.7	-1000000000.0	-1000000000.0	-1000000000.0	Rhodotorula toruloides
C01208	GCA_019190905.1_ASM1919090v1	Rhodotorula mucilaginosa	neg	False	False	False	2	28.9	-1000000000.0	-1000000000.0	-1000000000.0	Rhodotorula mucilaginosa
C01209	GCA_002917965.1_ASM291796v1	Rhodotorula kratochvilovae	neg	False	False	True	4	28.9	-1000000000.0	-1000000000.0	-1000000000.0	Rhodotorula kratochvilovae
C01210	GCA_019190705.1_ASM1919070v1	Rhodotorula mucilaginosa	neg	False	False	False	1	28.5	-1000000000.0	-1000000000.0	-1000000000.0	Rhodotorula mucilaginosa
C01211	GCA_937859235.1_SRR3017090_bin.1_CONCOCT_v1.1_MAG	Rhodotorula graminis	neg	False	False	False	5	31.2	-1000000000.0	-1000000000.0	-1000000000.0	
C01212	GCA_013030415.1_ASM1303041v1	Rhodotorula mucilaginosa	neg	False	False	False	2	32.3	-1000000000.0	-1000000000.0	-1000000000.0	Rhodotorula mucilaginosa
C01213	GCA_012922765.1_ASM1292276v1	Rhodotorula mucilaginosa	neg	False	False	False	1	27.7	-1000000000.0	-1000000000.0	-1000000000.0	Rhodotorula mucilaginosa
C01214	GCA_019190345.1_ASM1919034v1	Rhodotorula mucilaginosa	neg	False	False	False	3	29.3	-1000000000.0	-1000000000.0	-1000000000.0	Rhodotorula mucilaginosa
C01215	GCA_010758995.1_ASM1075899v1	Sporobolomyces pararoseus	neg	False	False	False	8	28.9	-1000000000.0	-1000000000.0	-1000000000.0	
C01216	GCA_036244875.1_Rhopal_B15_v1.0	Rhodotorula paludigena	neg	False	False	False	3	28.5	-1000000000.0	-1000000000.0	-1000000000.0	
C01217	GCA_030867695.1_ASM3086769v1	Rhodotorula sp. CP72-2	neg	False	False	False	2	28.9	-1000000000.0	-1000000000.0	-1000000000.0	
C01218	GCA_921037615.3_Hybrid_genome_assembly_and_annotation_02	Rhodotorula toruloides	neg	False	False	True	5	28.9	-1000000000.0	-1000000000.0	-1000000000.0	Rhodotorula toruloides
C01219	GCA_019190635.1_ASM1919063v1	Rhodotorula mucilaginosa	neg	False	False	False	3	28.9	-1000000000.0	-1000000000.0	-1000000000.0	Rhodotorula mucilaginosa
C01220	GCA_003055205.1_ASM305520v1	Rhodotorula mucilaginosa	neg	False	False	False	14	28.9	-1000000000.0	-1000000000.0	-1000000000.0	Rhodotorula mucilaginosa
C01221	GCA_028828615.1_ASM2882861v1	Rhodotorula paludigena	neg	False	False	False	4	28.5	-1000000000.0	-1000000000.0	-1000000000.0	
C01222	GCA_025502865.1_ASM2550286v1	Rhodotorula mucilaginosa	neg	False	False	False	1	28.5	-1000000000.0	-1000000000.0	-1000000000.0	Rhodotorula mucilaginosa
C01223	GCA_013036905.1_ASM1303690v1	Rhodotorula mucilaginosa	neg	False	False	False	3	29.3	-1000000000.0	-1000000000.0	-1000000000.0	Rhodotorula mucilaginosa
C01224	GCA_025502945.1_ASM2550294v1	Rhodotorula mucilaginosa	neg	False	False	False	6	28.5	-1000000000.0	-1000000000.0	-1000000000.0	Rhodotorula mucilaginosa
C01225	GCA_003234015.1_ASM323401v1	Rhodotorula toruloides	neg	False	False	False	3	30.4	-1000000000.0	-1000000000.0	-1000000000.0	Rhodotorula toruloides
C01226	GCA_019189525.1_ASM1918952v1	Rhodotorula mucilaginosa	neg	False	False	False	21	28.1	-1000000000.0	-1000000000.0	-1000000000.0	Rhodotorula mucilaginosa
C01227	GCA_019190585.1_ASM1919058v1	Rhodotorula mucilaginosa	neg	False	False	False	4	27.3	-1000000000.0	-1000000000.0	-1000000000.0	Rhodotorula mucilaginosa
C01228	GCA_019189885.1_ASM1918988v1	Rhodotorula mucilaginosa	neg	False	False	False	2	29.3	-1000000000.0	-1000000000.0	-1000000000.0	Rhodotorula mucilaginosa
C01229	GCA_025502945.1_ASM2550294v1	Rhodotorula mucilaginosa	neg	False	False	False	2	28.5	-1000000000.0	-1000000000.0	-1000000000.0	Rhodotorula mucilaginosa
C01230	GCA_024748845.1_ASM2474884v1	Rhodotorula mucilaginosa	neg	False	False	True	1	28.9	-1000000000.0	-1000000000.0	-1000000000.0	Rhodotorula mucilaginosa
C01231	GCA_010758995.1_ASM1075899v1	Sporobolomyces pararoseus	neg	False	False	False	1	27.7	-1000000000.0	-1000000000.0	-1000000000.0	
C01232	GCA_019802815.1_ASM1980281v1	Rhodotorula mucilaginosa	neg	False	False	False	10	29.6	-1000000000.0	-1000000000.0	-1000000000.0	Rhodotorula mucilaginosa
C01233	GCA_019189665.1_ASM1918966v1	Rhodotorula mucilaginosa	neg	False	False	False	11	28.9	-1000000000.0	-1000000000.0	-1000000000.0	Rhodotorula mucilaginosa
C01234	GCA_007990605.1_Rt10032-v1	Rhodotorula toruloides	neg	False	False	False	2	32.3	-1000000000.0	-1000000000.0	-1000000000.0	Rhodotorula toruloides
C01235	GCA_937859235.1_SRR3017090_bin.1_CONCOCT_v1.1_MAG	Rhodotorula graminis	neg	False	False	False	11	30.4	-1000000000.0	-1000000000.0	-1000000000.0	
C01236	GCA_001600115.1_JCM_10020_assembly_v001	Rhodotorula toruloides	neg	False	False	False	2	28.1	-1000000000.0	-1000000000.0	-1000000000.0	Rhodotorula toruloides
C01237	GCA_019189885.1_ASM1918988v1	Rhodotorula mucilaginosa	neg	False	False	False	4	28.9	-1000000000.0	-1000000000.0	-1000000000.0	Rhodotorula mucilaginosa
C01238	GCA_000988805.1_ASM98880v1	Rhodotorula toruloides	neg	False	False	False	2	29.6	-1000000000.0	-1000000000.0	-1000000000.0	Rhodotorula toruloides
C01239	GCA_036244875.1_Rhopal_B15_v1.0	Rhodotorula paludigena	neg	False	False	False	3	27.7	-1000000000.0	-1000000000.0	-1000000000.0	
C01240	GCA_050403125.1_Rt_dairenensis_JCM3774v1	Rhodotorula dairenensis	neg	False	False	False	6	28.9	-1000000000.0	-1000000000.0	-1000000000.0	
C01241	GCF_000320785.1_RHOziaDV1.0	Rhodotorula toruloides	neg	False	False	False	5	29.3	-1000000000.0	-1000000000.0	-1000000000.0	Rhodotorula toruloides
C01242	GCA_005281665.1_ASM528166v1	Rhodotorula paludigena	neg	False	False	False	4	28.5	-1000000000.0	-1000000000.0	-1000000000.0	
C01243	GCA_019190965.1_ASM1919096v1	Rhodotorula mucilaginosa	neg	False	False	False	2	27.7	-1000000000.0	-1000000000.0	-1000000000.0	Rhodotorula mucilaginosa
C01244	GCA_010758995.1_ASM1075899v1	Sporobolomyces pararoseus	neg	False	False	False	8	28.1	-1000000000.0	-1000000000.0	-1000000000.0	
C01245	GCA_937898295.1_SRR6853349_bin.25_CONCOCT_v1.1_MAG	Rhodotorula sp. CCFEE 5036	neg	False	False	False	25	31.2	-1000000000.0	-1000000000.0	-1000000000.0	
C01246	GCA_001542305.1_ASM154230v1	Rhodotorula toruloides	neg	False	False	False	1	28.9	-1000000000.0	-1000000000.0	-1000000000.0	Rhodotorula toruloides
C01247	GCA_013036615.1_ASM1303661v1	Rhodotorula mucilaginosa	neg	False	False	False	2	28.5	-1000000000.0	-1000000000.0	-1000000000.0	Rhodotorula mucilaginosa
C01248	GCA_016808315.1_ASM1680831v1	Rhodotorula toruloides	neg	False	False	False	4	29.3	-1000000000.0	-1000000000.0	-1000000000.0	Rhodotorula toruloides
C01249	GCA_921037615.3_Hybrid_genome_assembly_and_annotation_02	Rhodotorula toruloides	neg	False	False	True	2	28.5	-1000000000.0	-1000000000.0	-1000000000.0	Rhodotorula toruloides
C01250	GCA_030867695.1_ASM3086769v1	Rhodotorula sp. CP72-2	neg	False	False	False	7	36.2	-1000000000.0	24.9	24.9	
C01251	GCA_019191155.1_ASM1919115v1	Rhodotorula mucilaginosa	neg	False	False	False	4	30.0	-1000000000.0	-1000000000.0	-1000000000.0	Rhodotorula mucilaginosa
C01252	GCA_013036385.1_ASM1303638v1	Rhodotorula mucilaginosa	neg	False	False	False	10	28.9	-1000000000.0	-1000000000.0	-1000000000.0	Rhodotorula mucilaginosa
C01253	GCA_012922695.1_ASM1292269v1	Rhodotorula mucilaginosa	neg	False	False	False	6	34.3	-1000000000.0	20.2	20.2	Rhodotorula mucilaginosa
C01254	GCA_019775605.1_ASM1977560v1	Rhodotorula kratochvilovae	neg	False	False	False	1	30.4	-1000000000.0	-1000000000.0	-1000000000.0	Rhodotorula kratochvilovae
C01255	GCA_013036445.1_ASM1303644v1	Rhodotorula mucilaginosa	neg	False	False	False	10	34.3	-1000000000.0	-1000000000.0	-1000000000.0	Rhodotorula mucilaginosa
C01256	GCA_050403165.1_Rt_graminis_JCM3775v1	Rhodotorula graminis	neg	False	False	False	2	26.2	-1000000000.0	-1000000000.0	-1000000000.0	
C01257	GCA_018687845.1_ASM1868784v1	Rhodotorula mucilaginosa	neg	False	False	False	4	28.5	-1000000000.0	-1000000000.0	-1000000000.0	Rhodotorula mucilaginosa
C01258	GCA_013036365.1_ASM1303636v1	Rhodotorula mucilaginosa	neg	False	False	False	5	45.8	-1000000000.0	14.6	14.6	Rhodotorula mucilaginosa
C01259	GCA_051805595.1_RtJCM10020v2	Rhodotorula toruloides	neg	False	False	False	3	28.5	-1000000000.0	-1000000000.0	-1000000000.0	Rhodotorula toruloides
C01260	GCA_006352295.1_UMAN_Rdio_1.0	Rhodotorula diobovata	neg	False	False	False	1	28.5	-1000000000.0	-1000000000.0	-1000000000.0	
C01261	GCA_019671115.1_ASM1967111v1	Rhodotorula paludigena	neg	False	False	False	2	26.2	-1000000000.0	-1000000000.0	-1000000000.0	
C01262	GCA_019190705.1_ASM1919070v1	Rhodotorula mucilaginosa	neg	False	False	False	4	28.5	-1000000000.0	-1000000000.0	-1000000000.0	Rhodotorula mucilaginosa
C01263	GCA_025502745.1_ASM2550274v1	Rhodotorula mucilaginosa	neg	False	False	False	2	45.1	-1000000000.0	14.6	14.6	Rhodotorula mucilaginosa
C01264	GCA_019189795.1_ASM1918979v1	Rhodotorula mucilaginosa	neg	False	False	False	1	27.7	-1000000000.0	-1000000000.0	-1000000000.0	Rhodotorula mucilaginosa
C01265	GCA_025502865.1_ASM2550286v1	Rhodotorula mucilaginosa	neg	False	False	False	6	28.9	-1000000000.0	-1000000000.0	-1000000000.0	Rhodotorula mucilaginosa
C01266	GCA_019189395.1_ASM1918939v1	Rhodotorula mucilaginosa	neg	False	False	False	1	28.5	-1000000000.0	-1000000000.0	-1000000000.0	Rhodotorula mucilaginosa
C01267	GCA_051313295.1_ASM5131329v1	Rhodotorula diobovata	neg	False	False	False	5	28.5	-1000000000.0	-1000000000.0	-1000000000.0	
C01268	GCA_019802925.1_ASM1980292v1	Rhodotorula mucilaginosa	neg	False	False	False	1	28.1	-1000000000.0	-1000000000.0	-1000000000.0	Rhodotorula mucilaginosa
C01269	GCA_019189995.1_ASM1918999v1	Rhodotorula mucilaginosa	neg	False	False	False	5	45.8	-1000000000.0	14.6	14.6	Rhodotorula mucilaginosa
C01270	GCA_006352295.1_UMAN_Rdio_1.0	Rhodotorula diobovata	neg	False	False	False	3	32.3	-1000000000.0	-1000000000.0	-1000000000.0	
C01271	GCA_013036805.1_ASM1303680v1	Rhodotorula mucilaginosa	neg	False	False	False	2	28.5	-1000000000.0	-1000000000.0	-1000000000.0	Rhodotorula mucilaginosa
C01272	GCA_041430455.1_ASM4143045v1	Rhodotorula mucilaginosa	neg	False	False	False	4	30.0	-1000000000.0	-1000000000.0	-1000000000.0	Rhodotorula mucilaginosa
C01273	GCF_050403205.1_Rt_paludigena_JCM10292v1	Rhodotorula paludigena	neg	False	False	False	2	27.7	-1000000000.0	-1000000000.0	-1000000000.0	
C01274	GCA_001542305.1_ASM154230v1	Rhodotorula toruloides	neg	False	False	False	3	28.9	-1000000000.0	-1000000000.0	-1000000000.0	Rhodotorula toruloides
C01275	GCA_001373355.1_SPOSA68321A01	Sporobolomyces salmonicolor	neg	False	False	False	7	28.9	-1000000000.0	-1000000000.0	-1000000000.0	
C01276	GCA_000931965.1_ASM93196v1	Rhodotorula mucilaginosa	neg	False	False	False	1	30.0	-1000000000.0	-1000000000.0	-1000000000.0	Rhodotorula mucilaginosa
C01277	GCA_937859235.1_SRR3017090_bin.1_CONCOCT_v1.1_MAG	Rhodotorula graminis	neg	False	False	False	7	27.7	-1000000000.0	-1000000000.0	-1000000000.0	
C01278	GCA_963379285.1_SMGC_7569_bin.1_MetaWRAP_v1.2.1_MAG	Rhodotorula sp. JG-1b	neg	False	False	False	7	26.9	-1000000000.0	-1000000000.0	-1000000000.0	
C01279	GCA_051805545.1_RtJCM10296v2	Rhodotorula toruloides	neg	False	False	False	3	28.1	-1000000000.0	-1000000000.0	-1000000000.0	Rhodotorula toruloides
C01280	GCA_032719295.1_ASM3271929v1	Rhodotorula mucilaginosa	neg	False	False	False	4	28.1	-1000000000.0	-1000000000.0	-1000000000.0	Rhodotorula mucilaginosa
C01281	GCA_019190035.1_ASM1919003v1	Rhodotorula mucilaginosa	neg	False	False	False	21	46.6	-1000000000.0	14.6	14.6	Rhodotorula mucilaginosa
C01282	GCA_019775605.1_ASM1977560v1	Rhodotorula kratochvilovae	neg	False	False	False	4	27.7	-1000000000.0	-1000000000.0	-1000000000.0	Rhodotorula kratochvilovae
C01283	GCA_019190795.1_ASM1919079v1	Rhodotorula mucilaginosa	neg	False	False	False	2	28.5	-1000000000.0	-1000000000.0	-1000000000.0	Rhodotorula mucilaginosa
C01284	GCA_019189995.1_ASM1918999v1	Rhodotorula mucilaginosa	neg	False	False	False	12	28.9	-1000000000.0	-1000000000.0	-1000000000.0	Rhodotorula mucilaginosa
C01285	GCA_019190885.1_ASM1919088v1	Rhodotorula mucilaginosa	neg	False	False	False	7	30.4	-1000000000.0	-1000000000.0	-1000000000.0	Rhodotorula mucilaginosa
C01286	GCA_001914285.1_FNED7-bin-22	Rhodotorula sp. FNED7-22	neg	False	False	False	5	28.1	-1000000000.0	-1000000000.0	-1000000000.0	
C01287	GCA_002250355.1_RIT389_v1	Rhodotorula mucilaginosa	neg	False	False	False	1	29.6	-1000000000.0	-1000000000.0	-1000000000.0	Rhodotorula mucilaginosa
C01288	GCA_019190015.1_ASM1919001v1	Rhodotorula mucilaginosa	neg	False	False	False	1	27.3	-1000000000.0	-1000000000.0	-1000000000.0	Rhodotorula mucilaginosa
C01289	GCA_034406715.1_ASM3440671v1	Rhodotorula mucilaginosa	neg	False	False	False	4	32.0	-1000000000.0	12.2	12.2	Rhodotorula mucilaginosa
C01290	GCA_019802805.1_ASM1980280v1	Rhodotorula mucilaginosa	neg	False	False	False	3	30.4	-1000000000.0	-1000000000.0	-1000000000.0	Rhodotorula mucilaginosa
C01291	GCA_009806315.1_ASM980631v1	Rhodotorula sp. ZM1	neg	False	False	False	3	29.3	-1000000000.0	-1000000000.0	-1000000000.0	
C01292	GCA_019189345.1_ASM1918934v1	Rhodotorula mucilaginosa	neg	False	False	False	1	27.7	-1000000000.0	-1000000000.0	-1000000000.0	Rhodotorula mucilaginosa
C01293	GCA_013036835.1_ASM1303683v1	Rhodotorula mucilaginosa	neg	False	False	False	2	28.5	-1000000000.0	-1000000000.0	-1000000000.0	Rhodotorula mucilaginosa
C01294	GCA_921037615.3_Hybrid_genome_assembly_and_annotation_02	Rhodotorula toruloides	neg	False	False	True	3	29.3	-1000000000.0	-1000000000.0	-1000000000.0	Rhodotorula toruloides
C01295	GCA_036320835.1_ASM3632083v1	Rhodotorula mucilaginosa	neg	False	False	False	1	27.7	-1000000000.0	-1000000000.0	-1000000000.0	Rhodotorula mucilaginosa
C01296	GCA_920104245.2_Hybrid_genome_assembly_and_annotation	Rhodotorula babjevae	neg	False	False	False	2	29.3	-1000000000.0	-1000000000.0	-1000000000.0	
C01297	GCA_963379285.1_SMGC_7569_bin.1_MetaWRAP_v1.2.1_MAG	Rhodotorula sp. JG-1b	neg	False	False	False	26	36.2	-1000000000.0	-1000000000.0	-1000000000.0	
C01298	GCA_050403265.1_Rt_toruloides_NBRC10513v1	Rhodotorula toruloides	neg	False	False	False	7	32.7	-1000000000.0	-1000000000.0	-1000000000.0	Rhodotorula toruloides
C01299	GCA_019802905.1_ASM1980290v1	Rhodotorula mucilaginosa	neg	False	False	False	3	29.6	-1000000000.0	-1000000000.0	-1000000000.0	Rhodotorula mucilaginosa
C01300	GCA_050403085.1_Rt_araucariae_JCM3770v1	Rhodotorula araucariae	neg	False	False	False	2	30.0	-1000000000.0	-1000000000.0	-1000000000.0	
C01301	GCA_019190495.1_ASM1919049v1	Rhodotorula mucilaginosa	neg	False	False	False	7	28.5	-1000000000.0	-1000000000.0	-1000000000.0	Rhodotorula mucilaginosa
C01302	GCA_019189475.1_ASM1918947v1	Rhodotorula mucilaginosa	neg	False	False	False	3	29.3	-1000000000.0	-1000000000.0	-1000000000.0	Rhodotorula mucilaginosa
C01303	GCA_013036595.1_ASM1303659v1	Rhodotorula mucilaginosa	neg	False	False	False	10	28.9	-1000000000.0	-1000000000.0	-1000000000.0	Rhodotorula mucilaginosa
C01304	GCA_025502745.1_ASM2550274v1	Rhodotorula mucilaginosa	neg	False	False	False	13	27.3	-1000000000.0	-1000000000.0	-1000000000.0	Rhodotorula mucilaginosa
C01305	GCA_013036805.1_ASM1303680v1	Rhodotorula mucilaginosa	neg	False	False	False	14	28.9	-1000000000.0	-1000000000.0	-1000000000.0	Rhodotorula mucilaginosa
C01306	GCA_019189975.1_ASM1918997v1	Rhodotorula mucilaginosa	neg	False	False	False	2	28.9	-1000000000.0	-1000000000.0	-1000000000.0	Rhodotorula mucilaginosa
C01307	GCA_013036715.1_ASM1303671v1	Rhodotorula mucilaginosa	neg	False	False	False	4	28.5	-1000000000.0	-1000000000.0	-1000000000.0	Rhodotorula mucilaginosa
C01308	GCA_019059545.1_ASM1905954v1	Rhodotorula sp. VS67	neg	False	False	False	2	27.7	-1000000000.0	-1000000000.0	-1000000000.0	
C01309	GCA_019190525.1_ASM1919052v1	Rhodotorula mucilaginosa	neg	False	False	False	6	27.7	15.2	-1000000000.0	15.2	Rhodotorula mucilaginosa
C01310	GCA_003234015.1_ASM323401v1	Rhodotorula toruloides	neg	False	False	False	4	28.1	-1000000000.0	-1000000000.0	-1000000000.0	Rhodotorula toruloides
C01311	GCA_019189675.1_ASM1918967v1	Rhodotorula mucilaginosa	neg	False	False	False	2	29.3	-1000000000.0	-1000000000.0	-1000000000.0	Rhodotorula mucilaginosa
C01312	GCA_005059875.1_ASM505987v1	Rhodotorula sp. CCFEE 5036	neg	False	False	False	7	28.9	-1000000000.0	-1000000000.0	-1000000000.0	
C01313	GCA_056149925.1_EIMB_Rkra_OB1_1.0	Rhodotorula kratochvilovae	neg	False	False	False	1	27.7	-1000000000.0	-1000000000.0	-1000000000.0	Rhodotorula kratochvilovae
C01314	GCA_019775595.1_ASM1977559v1	Rhodotorula kratochvilovae	neg	False	False	False	7	33.1	-1000000000.0	-1000000000.0	-1000000000.0	Rhodotorula kratochvilovae
C01315	GCA_005059875.1_ASM505987v1	Rhodotorula sp. CCFEE 5036	neg	False	False	False	4	28.9	-1000000000.0	-1000000000.0	-1000000000.0	
C01316	GCA_041430455.1_ASM4143045v1	Rhodotorula mucilaginosa	neg	False	False	False	3	28.9	-1000000000.0	-1000000000.0	-1000000000.0	Rhodotorula mucilaginosa
C01317	GCA_028828645.1_ASM2882864v1	Rhodotorula sp. PL61-2	neg	False	False	False	19	28.1	-1000000000.0	-1000000000.0	-1000000000.0	
C01318	GCA_041430375.1_ASM4143037v1	Rhodotorula mucilaginosa	neg	False	False	False	1	28.9	-1000000000.0	-1000000000.0	-1000000000.0	Rhodotorula mucilaginosa
C01319	GCA_019190265.1_ASM1919026v1	Rhodotorula mucilaginosa	neg	False	False	False	3	30.4	-1000000000.0	-1000000000.0	-1000000000.0	Rhodotorula mucilaginosa
C01320	GCA_013036955.1_ASM1303695v1	Rhodotorula mucilaginosa	neg	False	False	False	2	28.9	-1000000000.0	-1000000000.0	-1000000000.0	Rhodotorula mucilaginosa
C01321	GCA_019190795.1_ASM1919079v1	Rhodotorula mucilaginosa	neg	False	False	False	1	33.9	-1000000000.0	-1000000000.0	-1000000000.0	Rhodotorula mucilaginosa
C01322	GCA_019189975.1_ASM1918997v1	Rhodotorula mucilaginosa	neg	False	False	False	1	30.0	-1000000000.0	-1000000000.0	-1000000000.0	Rhodotorula mucilaginosa
C01323	GCA_001542305.1_ASM154230v1	Rhodotorula toruloides	neg	False	False	False	1	29.6	-1000000000.0	-1000000000.0	-1000000000.0	Rhodotorula toruloides
C01324	GCA_019190135.1_ASM1919013v1	Rhodotorula mucilaginosa	neg	False	False	False	1	27.7	-1000000000.0	-1000000000.0	-1000000000.0	Rhodotorula mucilaginosa
C01325	GCA_013036615.1_ASM1303661v1	Rhodotorula mucilaginosa	neg	False	False	False	3	31.2	-1000000000.0	-1000000000.0	-1000000000.0	Rhodotorula mucilaginosa
C01326	GCA_019189995.1_ASM1918999v1	Rhodotorula mucilaginosa	neg	False	False	False	1	28.9	-1000000000.0	-1000000000.0	-1000000000.0	Rhodotorula mucilaginosa
C01327	GCA_029694785.1_ASM2969478v1	Rhodotorula toruloides	neg	False	False	False	3	28.5	-1000000000.0	-1000000000.0	-1000000000.0	Rhodotorula toruloides
C01328	GCA_019189915.1_ASM1918991v1	Rhodotorula mucilaginosa	neg	False	False	False	3	27.7	-1000000000.0	-1000000000.0	-1000000000.0	Rhodotorula mucilaginosa
C01329	GCA_019059545.1_ASM1905954v1	Rhodotorula sp. VS67	neg	False	False	False	3	29.6	-1000000000.0	-1000000000.0	-1000000000.0	
C01330	GCA_019190245.1_ASM1919024v1	Rhodotorula mucilaginosa	neg	False	False	False	5	45.8	-1000000000.0	14.6	14.6	Rhodotorula mucilaginosa
C01331	GCA_006352295.1_UMAN_Rdio_1.0	Rhodotorula diobovata	neg	False	False	False	2	30.0	-1000000000.0	-1000000000.0	-1000000000.0	
C01332	GCA_025502745.1_ASM2550274v1	Rhodotorula mucilaginosa	neg	False	False	False	2	28.1	-1000000000.0	-1000000000.0	-1000000000.0	Rhodotorula mucilaginosa
C01333	GCA_035220585.1_ASM3522058v1	Rhodotorula toruloides	neg	False	False	False	3	28.9	-1000000000.0	-1000000000.0	-1000000000.0	Rhodotorula toruloides
C01334	GCA_937898295.1_SRR6853349_bin.25_CONCOCT_v1.1_MAG	Rhodotorula sp. CCFEE 5036	neg	False	False	False	1	31.2	-1000000000.0	-1000000000.0	-1000000000.0	
C01335	GCA_032719295.1_ASM3271929v1	Rhodotorula mucilaginosa	neg	False	False	False	4	28.9	-1000000000.0	-1000000000.0	-1000000000.0	Rhodotorula mucilaginosa
C01336	GCA_005281665.1_ASM528166v1	Rhodotorula paludigena	neg	False	False	False	1	29.6	-1000000000.0	-1000000000.0	-1000000000.0	
C01337	GCA_019059545.1_ASM1905954v1	Rhodotorula sp. VS67	neg	False	False	False	3	28.5	-1000000000.0	-1000000000.0	-1000000000.0	
C01338	GCA_013036895.1_ASM1303689v1	Rhodotorula mucilaginosa	neg	False	False	False	2	28.1	-1000000000.0	-1000000000.0	-1000000000.0	Rhodotorula mucilaginosa
C01339	GCA_001255795.1_IFO0880_HGAP3_v1	Rhodotorula toruloides	neg	False	False	False	2	30.4	-1000000000.0	-1000000000.0	-1000000000.0	Rhodotorula toruloides
C01340	GCA_018687845.1_ASM1868784v1	Rhodotorula mucilaginosa	neg	False	False	False	4	32.0	-1000000000.0	12.2	12.2	Rhodotorula mucilaginosa
C01341	GCA_019190895.1_ASM1919089v1	Rhodotorula mucilaginosa	neg	False	False	False	5	45.8	-1000000000.0	14.6	14.6	Rhodotorula mucilaginosa
C01342	GCA_002917965.1_ASM291796v1	Rhodotorula kratochvilovae	neg	False	False	True	5	28.5	-1000000000.0	-1000000000.0	-1000000000.0	Rhodotorula kratochvilovae
C01343	GCA_963855895.1_AIST536MM15v1	Rhodotorula toruloides	neg	False	False	False	2	28.1	-1000000000.0	-1000000000.0	-1000000000.0	Rhodotorula toruloides
C01344	GCF_000320785.1_RHOziaDV1.0	Rhodotorula toruloides	neg	False	False	False	3	27.7	-1000000000.0	-1000000000.0	-1000000000.0	Rhodotorula toruloides
C01345	GCA_002917965.1_ASM291796v1	Rhodotorula kratochvilovae	neg	False	False	True	4	28.1	-1000000000.0	-1000000000.0	-1000000000.0	Rhodotorula kratochvilovae
C01346	GCA_051805545.1_RtJCM10296v2	Rhodotorula toruloides	neg	False	False	False	3	27.7	-1000000000.0	-1000000000.0	-1000000000.0	Rhodotorula toruloides
C01347	GCA_002922495.1_ASM292249v1	Rhodotorula taiwanensis	neg	False	False	False	2	28.9	-1000000000.0	-1000000000.0	-1000000000.0	
C01348	GCF_050403205.1_Rt_paludigena_JCM10292v1	Rhodotorula paludigena	neg	False	False	False	3	30.0	-1000000000.0	-1000000000.0	-1000000000.0	
C01349	GCA_038381065.1_ASM3838106v1	Rhodotorula sp. BUB8	neg	False	False	False	6	28.5	-1000000000.0	-1000000000.0	-1000000000.0	
C01350	GCA_000931965.1_ASM93196v1	Rhodotorula mucilaginosa	neg	False	False	False	1	28.1	-1000000000.0	-1000000000.0	-1000000000.0	Rhodotorula mucilaginosa
C01351	GCA_019189785.1_ASM1918978v1	Rhodotorula mucilaginosa	neg	False	False	False	4	28.9	-1000000000.0	-1000000000.0	-1000000000.0	Rhodotorula mucilaginosa
C01352	GCA_056149925.1_EIMB_Rkra_OB1_1.0	Rhodotorula kratochvilovae	neg	False	False	False	15	31.6	-1000000000.0	-1000000000.0	-1000000000.0	Rhodotorula kratochvilovae
C01353	GCA_019190505.1_ASM1919050v1	Rhodotorula mucilaginosa	neg	False	False	False	4	28.1	-1000000000.0	-1000000000.0	-1000000000.0	Rhodotorula mucilaginosa
C01354	GCA_019926025.1_ASM1992602v1	Rhodotorula kratochvilovae	neg	False	False	False	2	30.8	-1000000000.0	-1000000000.0	-1000000000.0	Rhodotorula kratochvilovae
C01355	GCA_019802905.1_ASM1980290v1	Rhodotorula mucilaginosa	neg	False	False	False	7	30.4	-1000000000.0	-1000000000.0	-1000000000.0	Rhodotorula mucilaginosa
C01356	GCA_013036305.1_ASM1303630v1	Rhodotorula mucilaginosa	neg	False	False	False	2	28.1	-1000000000.0	-1000000000.0	-1000000000.0	Rhodotorula mucilaginosa
C01357	GCA_937898295.1_SRR6853349_bin.25_CONCOCT_v1.1_MAG	Rhodotorula sp. CCFEE 5036	neg	False	False	False	6	34.3	-1000000000.0	23.8	23.8	
C01358	GCA_023078535.2_ASM2307853v2	Rhodotorula toruloides	neg	False	False	False	3	31.2	-1000000000.0	-1000000000.0	-1000000000.0	Rhodotorula toruloides
C01359	GCA_920104245.2_Hybrid_genome_assembly_and_annotation	Rhodotorula babjevae	neg	False	False	False	5	36.6	-1000000000.0	-1000000000.0	-1000000000.0	
C01360	GCA_019190145.1_ASM1919014v1	Rhodotorula mucilaginosa	neg	False	False	False	3	28.1	-1000000000.0	-1000000000.0	-1000000000.0	Rhodotorula mucilaginosa
C01361	GCA_003055205.1_ASM305520v1	Rhodotorula mucilaginosa	neg	False	False	False	2	29.3	-1000000000.0	-1000000000.0	-1000000000.0	Rhodotorula mucilaginosa
C01362	GCA_023628235.1_ASM2362823v1	Rhodotorula sp. S30-09	neg	False	False	False	1	27.7	-1000000000.0	-1000000000.0	-1000000000.0	
C01363	GCA_050403105.1_Rt_babjevae_JCM9279v1	Rhodotorula babjevae	neg	False	False	False	7	28.1	-1000000000.0	-1000000000.0	-1000000000.0	
C01364	GCA_013036505.1_ASM1303650v1	Rhodotorula mucilaginosa	neg	False	False	False	5	45.8	-1000000000.0	14.6	14.6	Rhodotorula mucilaginosa
C01365	GCA_013036525.1_ASM1303652v1	Rhodotorula mucilaginosa	neg	False	False	False	1	29.6	-1000000000.0	-1000000000.0	-1000000000.0	Rhodotorula mucilaginosa
C01366	GCA_920103745.3_Hybrid_genome_assembly_and_annotation	Rhodotorula glutinis	neg	False	False	True	1	29.3	-1000000000.0	-1000000000.0	-1000000000.0	Rhodotorula glutinis
C01367	GCA_013030415.1_ASM1303041v1	Rhodotorula mucilaginosa	neg	False	False	False	3	27.7	15.2	-1000000000.0	15.2	Rhodotorula mucilaginosa
C01368	GCA_013030395.1_ASM1303039v1	Rhodotorula mucilaginosa	neg	False	False	False	19	31.2	-1000000000.0	-1000000000.0	-1000000000.0	Rhodotorula mucilaginosa
C01369	GCA_019190035.1_ASM1919003v1	Rhodotorula mucilaginosa	neg	False	False	False	3	28.5	-1000000000.0	-1000000000.0	-1000000000.0	Rhodotorula mucilaginosa
C01370	GCA_019189915.1_ASM1918991v1	Rhodotorula mucilaginosa	neg	False	False	False	2	28.1	-1000000000.0	-1000000000.0	-1000000000.0	Rhodotorula mucilaginosa
C01371	GCA_007990605.1_Rt10032-v1	Rhodotorula toruloides	neg	False	False	False	4	27.7	-1000000000.0	-1000000000.0	-1000000000.0	Rhodotorula toruloides
C01372	GCA_051313295.1_ASM5131329v1	Rhodotorula diobovata	neg	False	False	False	4	28.5	-1000000000.0	-1000000000.0	-1000000000.0	
C01373	GCA_023628275.1_ASM2362827v1	Rhodotorula sp. M30-05A-2	neg	False	False	False	2	28.9	-1000000000.0	-1000000000.0	-1000000000.0	
C01374	GCA_034406715.1_ASM3440671v1	Rhodotorula mucilaginosa	neg	False	False	False	2	28.5	-1000000000.0	-1000000000.0	-1000000000.0	Rhodotorula mucilaginosa
C01375	GCA_019189795.1_ASM1918979v1	Rhodotorula mucilaginosa	neg	False	False	False	7	30.4	-1000000000.0	-1000000000.0	-1000000000.0	Rhodotorula mucilaginosa
C01376	GCA_012922805.1_ASM1292280v1	Rhodotorula mucilaginosa	neg	False	False	False	4	28.5	-1000000000.0	-1000000000.0	-1000000000.0	Rhodotorula mucilaginosa
C01377	GCA_013036755.1_ASM1303675v1	Rhodotorula mucilaginosa	neg	False	False	False	1	28.5	-1000000000.0	-1000000000.0	-1000000000.0	Rhodotorula mucilaginosa
C01378	GCA_013030395.1_ASM1303039v1	Rhodotorula mucilaginosa	neg	False	False	False	3	29.6	-1000000000.0	-1000000000.0	-1000000000.0	Rhodotorula mucilaginosa
C01379	GCA_025502755.1_ASM2550275v1	Rhodotorula mucilaginosa	neg	False	False	False	3	28.9	-1000000000.0	-1000000000.0	-1000000000.0	Rhodotorula mucilaginosa
C01380	GCA_051805515.1_RkraJCM10449v2	Rhodotorula kratochvilovae	neg	False	False	False	3	29.3	-1000000000.0	-1000000000.0	-1000000000.0	Rhodotorula kratochvilovae
C01381	GCA_001456015.1_ASM145601v1	Rhodotorula toruloides	neg	False	False	False	3	31.2	-1000000000.0	-1000000000.0	-1000000000.0	Rhodotorula toruloides
C01382	GCA_920104245.2_Hybrid_genome_assembly_and_annotation	Rhodotorula babjevae	neg	False	False	False	4	30.4	-1000000000.0	-1000000000.0	-1000000000.0	
C01383	GCA_019189995.1_ASM1918999v1	Rhodotorula mucilaginosa	neg	False	False	False	7	31.6	-1000000000.0	-1000000000.0	-1000000000.0	Rhodotorula mucilaginosa
C01384	GCF_001329695.1_Rhoba1_1	Rhodotorula graminis	neg	False	False	False	2	28.1	-1000000000.0	-1000000000.0	-1000000000.0	
C01385	GCA_050403125.1_Rt_dairenensis_JCM3774v1	Rhodotorula dairenensis	neg	False	False	False	3	27.7	-1000000000.0	-1000000000.0	-1000000000.0	
C01386	GCA_025502885.1_ASM2550288v1	Rhodotorula mucilaginosa	neg	False	False	False	5	28.9	-1000000000.0	-1000000000.0	-1000000000.0	Rhodotorula mucilaginosa
C01387	GCA_051805595.1_RtJCM10020v2	Rhodotorula toruloides	neg	False	False	False	3	29.3	-1000000000.0	-1000000000.0	-1000000000.0	Rhodotorula toruloides
C01388	GCA_050403265.1_Rt_toruloides_NBRC10513v1	Rhodotorula toruloides	neg	False	False	False	7	29.6	-1000000000.0	-1000000000.0	-1000000000.0	Rhodotorula toruloides
C01389	GCA_013036755.1_ASM1303675v1	Rhodotorula mucilaginosa	neg	False	False	False	3	28.9	-1000000000.0	-1000000000.0	-1000000000.0	Rhodotorula mucilaginosa
C01390	GCA_013036515.1_ASM1303651v1	Rhodotorula mucilaginosa	neg	False	False	False	1	27.7	-1000000000.0	-1000000000.0	-1000000000.0	Rhodotorula mucilaginosa
C01391	GCA_019189905.1_ASM1918990v1	Rhodotorula mucilaginosa	neg	False	False	False	5	27.7	15.2	-1000000000.0	15.2	Rhodotorula mucilaginosa
C01392	GCA_019671115.1_ASM1967111v1	Rhodotorula paludigena	neg	False	False	False	4	28.9	-1000000000.0	-1000000000.0	-1000000000.0	
C01393	GCA_024748845.1_ASM2474884v1	Rhodotorula mucilaginosa	neg	False	False	True	4	27.3	-1000000000.0	-1000000000.0	-1000000000.0	Rhodotorula mucilaginosa
C01394	GCA_013036365.1_ASM1303636v1	Rhodotorula mucilaginosa	neg	False	False	False	2	28.5	-1000000000.0	-1000000000.0	-1000000000.0	Rhodotorula mucilaginosa
C01395	GCA_001600135.1_JCM_10021_assembly_v001	Rhodotorula toruloides	neg	False	False	False	4	30.0	-1000000000.0	-1000000000.0	-1000000000.0	Rhodotorula toruloides
C01396	GCA_051805495.1_RsphJCM8202v2	Rhodotorula sphaerocarpa	neg	False	False	False	3	28.5	-1000000000.0	-1000000000.0	-1000000000.0	
C01397	GCA_050403105.1_Rt_babjevae_JCM9279v1	Rhodotorula babjevae	neg	False	False	False	2	28.1	-1000000000.0	-1000000000.0	-1000000000.0	
C01398	GCA_019189345.1_ASM1918934v1	Rhodotorula mucilaginosa	neg	False	False	False	4	30.0	-1000000000.0	-1000000000.0	-1000000000.0	Rhodotorula mucilaginosa
C01399	GCA_019189395.1_ASM1918939v1	Rhodotorula mucilaginosa	neg	False	False	False	3	28.1	-1000000000.0	-1000000000.0	-1000000000.0	Rhodotorula mucilaginosa
C01400	GCA_920104245.2_Hybrid_genome_assembly_and_annotation	Rhodotorula babjevae	neg	False	False	False	5	28.5	-1000000000.0	-1000000000.0	-1000000000.0	
C01401	GCA_002250355.1_RIT389_v1	Rhodotorula mucilaginosa	neg	False	False	False	6	30.0	-1000000000.0	-1000000000.0	-1000000000.0	Rhodotorula mucilaginosa
C01402	GCA_050403165.1_Rt_graminis_JCM3775v1	Rhodotorula graminis	neg	False	False	False	4	28.1	-1000000000.0	-1000000000.0	-1000000000.0	
C01403	GCA_019775595.1_ASM1977559v1	Rhodotorula kratochvilovae	neg	False	False	False	18	28.9	-1000000000.0	-1000000000.0	-1000000000.0	Rhodotorula kratochvilovae
C01404	GCA_019671035.1_ASM1967103v1	Rhodotorula mucilaginosa	neg	False	False	False	3	29.3	-1000000000.0	-1000000000.0	-1000000000.0	Rhodotorula mucilaginosa
C01405	GCA_025502865.1_ASM2550286v1	Rhodotorula mucilaginosa	neg	False	False	False	2	31.2	-1000000000.0	-1000000000.0	-1000000000.0	Rhodotorula mucilaginosa
C01406	GCA_019189345.1_ASM1918934v1	Rhodotorula mucilaginosa	neg	False	False	False	2	28.1	-1000000000.0	-1000000000.0	-1000000000.0	Rhodotorula mucilaginosa
C01407	GCA_025502745.1_ASM2550274v1	Rhodotorula mucilaginosa	neg	False	False	False	1	28.1	-1000000000.0	-1000000000.0	-1000000000.0	Rhodotorula mucilaginosa
C01408	GCA_019775375.1_ASM1977537v1	Rhodotorula kratochvilovae	neg	False	False	False	5	23.5	-1000000000.0	-1000000000.0	-1000000000.0	Rhodotorula kratochvilovae
C01409	GCA_025502725.1_ASM2550272v1	Rhodotorula mucilaginosa	neg	False	False	False	2	28.5	-1000000000.0	-1000000000.0	-1000000000.0	Rhodotorula mucilaginosa
C01410	GCA_019802805.1_ASM1980280v1	Rhodotorula mucilaginosa	neg	False	False	False	6	34.3	-1000000000.0	20.2	20.2	Rhodotorula mucilaginosa
C01411	GCA_000931965.1_ASM93196v1	Rhodotorula mucilaginosa	neg	False	False	False	1	28.9	-1000000000.0	-1000000000.0	-1000000000.0	Rhodotorula mucilaginosa
C01412	GCA_019190805.1_ASM1919080v1	Rhodotorula mucilaginosa	neg	False	False	False	3	28.9	-1000000000.0	-1000000000.0	-1000000000.0	Rhodotorula mucilaginosa
C01413	GCA_019190265.1_ASM1919026v1	Rhodotorula mucilaginosa	neg	False	False	False	3	29.6	-1000000000.0	-1000000000.0	-1000000000.0	Rhodotorula mucilaginosa
C01414	GCA_965239605.3_Hybrid_Genome_assembly_Updated-_INGCA000000200-3	Rhodotorula pacifica	neg	False	False	False	4	28.9	-1000000000.0	-1000000000.0	-1000000000.0	
C01415	GCA_019189415.1_ASM1918941v1	Rhodotorula mucilaginosa	neg	False	False	False	3	28.1	-1000000000.0	-1000000000.0	-1000000000.0	Rhodotorula mucilaginosa
C01416	GCA_019923515.1_ASM1992351v1	Rhodotorula kratochvilovae	neg	False	False	False	1	29.6	-1000000000.0	-1000000000.0	-1000000000.0	Rhodotorula kratochvilovae
C01417	GCA_001373355.1_SPOSA68321A01	Sporobolomyces salmonicolor	neg	False	False	False	5	28.9	-1000000000.0	-1000000000.0	-1000000000.0	
C01418	GCA_041430435.1_ASM4143043v1	Rhodotorula mucilaginosa	neg	False	False	False	3	29.6	-1000000000.0	-1000000000.0	-1000000000.0	Rhodotorula mucilaginosa
C01419	GCA_019191065.1_ASM1919106v1	Rhodotorula mucilaginosa	neg	False	False	False	3	30.4	-1000000000.0	-1000000000.0	-1000000000.0	Rhodotorula mucilaginosa
C01420	GCA_028828615.1_ASM2882861v1	Rhodotorula paludigena	neg	False	False	False	5	28.9	-1000000000.0	-1000000000.0	-1000000000.0	
C01421	GCA_000988875.2_ASM98887v2	Rhodotorula toruloides	neg	False	False	True	1	28.1	-1000000000.0	-1000000000.0	-1000000000.0	Rhodotorula toruloides
C01422	GCA_001914285.1_FNED7-bin-22	Rhodotorula sp. FNED7-22	neg	False	False	False	3	29.3	-1000000000.0	-1000000000.0	-1000000000.0	
C01423	GCA_050403505.1_S_salmonicolor_JCM1841v1	Sporobolomyces salmonicolor	neg	False	False	False	5	29.3	-1000000000.0	-1000000000.0	-1000000000.0	
C01424	GCA_019190495.1_ASM1919049v1	Rhodotorula mucilaginosa	neg	False	False	False	2	28.9	-1000000000.0	-1000000000.0	-1000000000.0	Rhodotorula mucilaginosa
C01425	GCA_029694785.1_ASM2969478v1	Rhodotorula toruloides	neg	False	False	False	9	28.1	-1000000000.0	-1000000000.0	-1000000000.0	Rhodotorula toruloides
C01426	GCA_013030385.1_ASM1303038v1	Rhodotorula mucilaginosa	neg	False	False	False	1	28.5	-1000000000.0	-1000000000.0	-1000000000.0	Rhodotorula mucilaginosa
C01427	GCA_030983975.1_UCSB_Rmuci_1.0	Rhodotorula sphaerocarpa	neg	False	False	False	3	28.5	-1000000000.0	-1000000000.0	-1000000000.0	
C01428	GCA_012922765.1_ASM1292276v1	Rhodotorula mucilaginosa	neg	False	False	False	2	28.1	-1000000000.0	-1000000000.0	-1000000000.0	Rhodotorula mucilaginosa
C01429	GCA_013030385.1_ASM1303038v1	Rhodotorula mucilaginosa	neg	False	False	False	3	28.1	-1000000000.0	-1000000000.0	-1000000000.0	Rhodotorula mucilaginosa
C01430	GCA_019189475.1_ASM1918947v1	Rhodotorula mucilaginosa	neg	False	False	False	13	28.9	-1000000000.0	-1000000000.0	-1000000000.0	Rhodotorula mucilaginosa
C01431	GCA_019189665.1_ASM1918966v1	Rhodotorula mucilaginosa	neg	False	False	False	1	31.2	-1000000000.0	12.2	12.2	Rhodotorula mucilaginosa
C01432	GCA_019190885.1_ASM1919088v1	Rhodotorula mucilaginosa	neg	False	False	False	3	27.3	-1000000000.0	-1000000000.0	-1000000000.0	Rhodotorula mucilaginosa
C01433	GCA_025502945.1_ASM2550294v1	Rhodotorula mucilaginosa	neg	False	False	False	25	31.2	-1000000000.0	-1000000000.0	-1000000000.0	Rhodotorula mucilaginosa
C01434	GCA_019190895.1_ASM1919089v1	Rhodotorula mucilaginosa	neg	False	False	False	1	29.3	-1000000000.0	-1000000000.0	-1000000000.0	Rhodotorula mucilaginosa
C01435	GCA_013036505.1_ASM1303650v1	Rhodotorula mucilaginosa	neg	False	False	False	6	34.3	-1000000000.0	20.2	20.2	Rhodotorula mucilaginosa
C01436	GCF_001329695.1_Rhoba1_1	Rhodotorula graminis	neg	False	False	False	2	25.4	-1000000000.0	-1000000000.0	-1000000000.0	
C01437	GCA_005059875.1_ASM505987v1	Rhodotorula sp. CCFEE 5036	neg	False	False	False	1	28.5	-1000000000.0	-1000000000.0	-1000000000.0	
C01438	GCA_016584205.1_ASM1658420v1	Rhodotorula mucilaginosa	neg	False	False	False	4	27.3	-1000000000.0	-1000000000.0	-1000000000.0	Rhodotorula mucilaginosa
C01439	GCA_019923515.1_ASM1992351v1	Rhodotorula kratochvilovae	neg	False	False	False	3	31.2	-1000000000.0	-1000000000.0	-1000000000.0	Rhodotorula kratochvilovae
C01440	GCA_000258745.1_ASM25874v1	Rhodotorula toruloides	neg	False	False	False	2	28.9	-1000000000.0	-1000000000.0	-1000000000.0	Rhodotorula toruloides
C01441	GCA_013036515.1_ASM1303651v1	Rhodotorula mucilaginosa	neg	False	False	False	4	28.9	-1000000000.0	-1000000000.0	-1000000000.0	Rhodotorula mucilaginosa
C01442	GCA_024713535.1_ASM2471353v1	Rhodotorula sphaerocarpa	neg	False	False	False	2	30.8	-1000000000.0	-1000000000.0	-1000000000.0	
C01443	GCA_019190015.1_ASM1919001v1	Rhodotorula mucilaginosa	neg	False	False	False	2	28.5	-1000000000.0	-1000000000.0	-1000000000.0	Rhodotorula mucilaginosa
C01444	GCA_023078535.2_ASM2307853v2	Rhodotorula toruloides	neg	False	False	False	4	28.1	-1000000000.0	-1000000000.0	-1000000000.0	Rhodotorula toruloides
C01445	GCA_041430455.1_ASM4143045v1	Rhodotorula mucilaginosa	neg	False	False	False	2	28.5	-1000000000.0	-1000000000.0	-1000000000.0	Rhodotorula mucilaginosa
C01446	GCA_019775375.1_ASM1977537v1	Rhodotorula kratochvilovae	neg	False	False	False	31	28.5	-1000000000.0	-1000000000.0	-1000000000.0	Rhodotorula kratochvilovae
C01447	GCF_050403205.1_Rt_paludigena_JCM10292v1	Rhodotorula paludigena	neg	False	False	False	1	27.3	-1000000000.0	-1000000000.0	-1000000000.0	
C01448	GCA_040807085.1_ASM4080708v1	Rhodotorula toruloides	neg	False	False	False	11	26.6	-1000000000.0	-1000000000.0	-1000000000.0	Rhodotorula toruloides
C01449	GCA_051805565.1_RtJCM10295v2	Rhodotorula toruloides	neg	False	False	False	6	29.3	-1000000000.0	-1000000000.0	-1000000000.0	Rhodotorula toruloides
C01450	GCA_013036955.1_ASM1303695v1	Rhodotorula mucilaginosa	neg	False	False	False	2	31.2	-1000000000.0	-1000000000.0	-1000000000.0	Rhodotorula mucilaginosa
C01451	GCA_016808315.1_ASM1680831v1	Rhodotorula toruloides	neg	False	False	False	5	29.3	-1000000000.0	-1000000000.0	-1000000000.0	Rhodotorula toruloides
C01452	GCA_019189985.1_ASM1918998v1	Rhodotorula mucilaginosa	neg	False	False	False	1	28.5	-1000000000.0	-1000000000.0	-1000000000.0	Rhodotorula mucilaginosa
C01453	GCA_021654155.1_ASM2165415v1	Rhodotorula sp. CC01	neg	False	False	False	2	28.5	-1000000000.0	-1000000000.0	-1000000000.0	
C01454	GCA_050403245.1_Rt_toruloides_NBRC10512v1	Rhodotorula toruloides	neg	False	False	False	3	29.3	-1000000000.0	-1000000000.0	-1000000000.0	Rhodotorula toruloides
C01455	GCA_019803015.1_ASM1980301v1	Rhodotorula mucilaginosa	neg	False	False	False	6	27.7	-1000000000.0	-1000000000.0	-1000000000.0	Rhodotorula mucilaginosa
C01456	GCA_013036905.1_ASM1303690v1	Rhodotorula mucilaginosa	neg	False	False	False	1	28.9	-1000000000.0	-1000000000.0	-1000000000.0	Rhodotorula mucilaginosa
C01457	GCA_051805495.1_RsphJCM8202v2	Rhodotorula sphaerocarpa	neg	False	False	False	2	31.2	-1000000000.0	-1000000000.0	-1000000000.0	
C01458	GCA_019190965.1_ASM1919096v1	Rhodotorula mucilaginosa	neg	False	False	False	3	28.9	-1000000000.0	-1000000000.0	-1000000000.0	Rhodotorula mucilaginosa
C01459	GCA_019190265.1_ASM1919026v1	Rhodotorula mucilaginosa	neg	False	False	False	3	28.9	-1000000000.0	-1000000000.0	-1000000000.0	Rhodotorula mucilaginosa
C01460	GCA_025502925.1_ASM2550292v1	Rhodotorula mucilaginosa	neg	False	False	False	2	27.3	-1000000000.0	-1000000000.0	-1000000000.0	Rhodotorula mucilaginosa
C01461	GCA_035220585.1_ASM3522058v1	Rhodotorula toruloides	neg	False	False	False	13	28.1	-1000000000.0	-1000000000.0	-1000000000.0	Rhodotorula toruloides
C01462	GCA_051805545.1_RtJCM10296v2	Rhodotorula toruloides	neg	False	False	False	4	28.1	-1000000000.0	-1000000000.0	-1000000000.0	Rhodotorula toruloides
C01463	GCA_046118745.1_ASM4611874v1	Sporobolomyces pararoseus	neg	False	False	False	6	34.7	-1000000000.0	21.5	21.5	
C01464	GCA_019189595.1_ASM1918959v1	Rhodotorula mucilaginosa	neg	False	False	False	1	28.5	-1000000000.0	-1000000000.0	-1000000000.0	Rhodotorula mucilaginosa
C01465	GCA_041430435.1_ASM4143043v1	Rhodotorula mucilaginosa	neg	False	False	False	6	28.9	-1000000000.0	-1000000000.0	-1000000000.0	Rhodotorula mucilaginosa
C01466	GCA_013036895.1_ASM1303689v1	Rhodotorula mucilaginosa	neg	False	False	False	4	28.5	-1000000000.0	-1000000000.0	-1000000000.0	Rhodotorula mucilaginosa
C01467	GCA_001600115.1_JCM_10020_assembly_v001	Rhodotorula toruloides	neg	False	False	False	1	30.8	-1000000000.0	-1000000000.0	-1000000000.0	Rhodotorula toruloides
C01468	GCA_002917965.1_ASM291796v1	Rhodotorula kratochvilovae	neg	False	False	True	2	28.1	-1000000000.0	-1000000000.0	-1000000000.0	Rhodotorula kratochvilovae
C01469	GCA_057930215.1_Rhodotorula_pacifica_RDY01_v1	Rhodotorula pacifica	neg	False	False	False	3	28.1	-1000000000.0	-1000000000.0	-1000000000.0	
C01470	GCA_023628235.1_ASM2362823v1	Rhodotorula sp. S30-09	neg	False	False	False	1	28.1	-1000000000.0	-1000000000.0	-1000000000.0	
C01471	GCA_041430435.1_ASM4143043v1	Rhodotorula mucilaginosa	neg	False	False	False	1	31.2	-1000000000.0	12.2	12.2	Rhodotorula mucilaginosa
C01472	GCA_019190605.1_ASM1919060v1	Rhodotorula mucilaginosa	neg	False	False	False	4	27.3	-1000000000.0	-1000000000.0	-1000000000.0	Rhodotorula mucilaginosa
C01473	GCA_013036365.1_ASM1303636v1	Rhodotorula mucilaginosa	neg	False	False	False	5	28.5	-1000000000.0	-1000000000.0	-1000000000.0	Rhodotorula mucilaginosa
C01474	GCA_023628235.1_ASM2362823v1	Rhodotorula sp. S30-09	neg	False	False	False	1	33.1	-1000000000.0	-1000000000.0	-1000000000.0	
C01475	GCA_058775505.1_UCR_RmucDH4148_1.0	Rhodotorula mucilaginosa	neg	False	False	False	7	28.5	-1000000000.0	-1000000000.0	-1000000000.0	Rhodotorula mucilaginosa
C01476	GCA_013036735.1_ASM1303673v1	Rhodotorula mucilaginosa	neg	False	False	False	3	28.9	-1000000000.0	-1000000000.0	-1000000000.0	Rhodotorula mucilaginosa
C01477	GCA_019189985.1_ASM1918998v1	Rhodotorula mucilaginosa	neg	False	False	False	4	28.9	-1000000000.0	-1000000000.0	-1000000000.0	Rhodotorula mucilaginosa
C01478	GCA_019189905.1_ASM1918990v1	Rhodotorula mucilaginosa	neg	False	False	False	2	28.5	-1000000000.0	-1000000000.0	-1000000000.0	Rhodotorula mucilaginosa
C01479	GCA_050403505.1_S_salmonicolor_JCM1841v1	Sporobolomyces salmonicolor	neg	False	False	False	3	28.9	-1000000000.0	-1000000000.0	-1000000000.0	
C01480	GCA_019189905.1_ASM1918990v1	Rhodotorula mucilaginosa	neg	False	False	False	1	33.9	-1000000000.0	-1000000000.0	-1000000000.0	Rhodotorula mucilaginosa
C01481	GCA_025502885.1_ASM2550288v1	Rhodotorula mucilaginosa	neg	False	False	False	5	31.2	-1000000000.0	13.1	13.1	Rhodotorula mucilaginosa
C01482	GCA_019190625.1_ASM1919062v1	Rhodotorula mucilaginosa	neg	False	False	False	4	28.9	-1000000000.0	-1000000000.0	-1000000000.0	Rhodotorula mucilaginosa
C01483	GCA_013036445.1_ASM1303644v1	Rhodotorula mucilaginosa	neg	False	False	False	1	28.5	-1000000000.0	-1000000000.0	-1000000000.0	Rhodotorula mucilaginosa
C01484	GCA_050916435.1_ASM5091643v1	Rhodotorula mucilaginosa	neg	False	False	False	2	29.6	-1000000000.0	-1000000000.0	-1000000000.0	Rhodotorula mucilaginosa
C01485	GCA_920104245.2_Hybrid_genome_assembly_and_annotation	Rhodotorula babjevae	neg	False	False	False	1	30.0	-1000000000.0	-1000000000.0	-1000000000.0	
C01486	GCA_051805575.1_RtJCM10049v2	Rhodotorula toruloides	neg	False	False	False	3	29.3	-1000000000.0	-1000000000.0	-1000000000.0	Rhodotorula toruloides
C01487	GCA_019802895.1_ASM1980289v1	Rhodotorula mucilaginosa	neg	False	False	False	7	32.3	-1000000000.0	-1000000000.0	-1000000000.0	Rhodotorula mucilaginosa
C01488	GCA_032719295.1_ASM3271929v1	Rhodotorula mucilaginosa	neg	False	False	False	4	28.5	-1000000000.0	-1000000000.0	-1000000000.0	Rhodotorula mucilaginosa
C01489	GCA_004143675.1_ASM414367v1	Rhodotorula mucilaginosa	neg	False	False	False	4	26.9	-1000000000.0	-1000000000.0	-1000000000.0	Rhodotorula mucilaginosa
C01490	GCA_012922765.1_ASM1292276v1	Rhodotorula mucilaginosa	neg	False	False	False	1	31.2	-1000000000.0	-1000000000.0	-1000000000.0	Rhodotorula mucilaginosa
C01491	GCA_034509285.1_ASM3450928v1	Rhodotorula toruloides	neg	False	False	False	6	30.0	-1000000000.0	-1000000000.0	-1000000000.0	Rhodotorula toruloides
C01492	GCA_023628275.1_ASM2362827v1	Rhodotorula sp. M30-05A-2	neg	False	False	False	24	46.6	-1000000000.0	20.5	20.5	
C01493	GCA_028828615.1_ASM2882861v1	Rhodotorula paludigena	neg	False	False	False	5	29.6	-1000000000.0	-1000000000.0	-1000000000.0	
C01494	GCA_019190635.1_ASM1919063v1	Rhodotorula mucilaginosa	neg	False	False	False	1	32.0	-1000000000.0	-1000000000.0	-1000000000.0	Rhodotorula mucilaginosa
C01495	GCA_013036515.1_ASM1303651v1	Rhodotorula mucilaginosa	neg	False	False	False	14	28.9	-1000000000.0	-1000000000.0	-1000000000.0	Rhodotorula mucilaginosa
C01496	GCA_013036355.1_ASM1303635v1	Rhodotorula mucilaginosa	neg	False	False	False	3	29.6	-1000000000.0	-1000000000.0	-1000000000.0	Rhodotorula mucilaginosa
C01497	GCA_019189345.1_ASM1918934v1	Rhodotorula mucilaginosa	neg	False	False	False	2	28.1	-1000000000.0	-1000000000.0	-1000000000.0	Rhodotorula mucilaginosa
C01498	GCA_019303655.1_ASM1930365v1	Rhodotorula mucilaginosa	neg	False	False	False	3	28.9	-1000000000.0	-1000000000.0	-1000000000.0	Rhodotorula mucilaginosa
C01499	GCA_965239605.3_Hybrid_Genome_assembly_Updated-_INGCA000000200-3	Rhodotorula pacifica	neg	False	False	False	1	28.1	-1000000000.0	-1000000000.0	-1000000000.0	
C01500	GCA_026119225.1_ASM2611922v1	Rhodotorula graminis	neg	False	False	False	8	29.3	-1000000000.0	-1000000000.0	-1000000000.0	
C01501	GCA_051805505.1_RkraJCM10450v2	Rhodotorula kratochvilovae	neg	False	False	False	4	28.5	-1000000000.0	-1000000000.0	-1000000000.0	Rhodotorula kratochvilovae
C01502	GCA_057542475.1_Rhodotorula_sp._strain_HGY2	Rhodotorula sp. HGY2	neg	False	False	False	7	28.1	-1000000000.0	-1000000000.0	-1000000000.0	
C01503	GCA_001600135.1_JCM_10021_assembly_v001	Rhodotorula toruloides	neg	False	False	False	2	28.9	-1000000000.0	-1000000000.0	-1000000000.0	Rhodotorula toruloides
C01504	GCA_021654155.1_ASM2165415v1	Rhodotorula sp. CC01	neg	False	False	False	3	29.6	-1000000000.0	-1000000000.0	-1000000000.0	
C01505	GCA_050403165.1_Rt_graminis_JCM3775v1	Rhodotorula graminis	neg	False	False	False	4	29.3	-1000000000.0	-1000000000.0	-1000000000.0	
C01506	GCF_001329695.1_Rhoba1_1	Rhodotorula graminis	neg	False	False	False	1	22.3	-1000000000.0	-1000000000.0	-1000000000.0	
C01507	GCA_051805505.1_RkraJCM10450v2	Rhodotorula kratochvilovae	neg	False	False	False	13	30.0	-1000000000.0	-1000000000.0	-1000000000.0	Rhodotorula kratochvilovae
C01508	GCA_040807085.1_ASM4080708v1	Rhodotorula toruloides	neg	False	False	False	5	30.4	-1000000000.0	-1000000000.0	-1000000000.0	Rhodotorula toruloides
C01509	GCA_019190375.1_ASM1919037v1	Rhodotorula mucilaginosa	neg	False	False	False	4	29.3	-1000000000.0	-1000000000.0	-1000000000.0	Rhodotorula mucilaginosa
C01510	GCA_019190745.1_ASM1919074v1	Rhodotorula mucilaginosa	neg	False	False	False	7	30.4	-1000000000.0	-1000000000.0	-1000000000.0	Rhodotorula mucilaginosa
C01511	GCA_023628275.1_ASM2362827v1	Rhodotorula sp. M30-05A-2	neg	False	False	False	2	30.8	-1000000000.0	-1000000000.0	-1000000000.0	
C01512	GCA_013036385.1_ASM1303638v1	Rhodotorula mucilaginosa	neg	False	False	False	2	28.1	-1000000000.0	-1000000000.0	-1000000000.0	Rhodotorula mucilaginosa
C01513	GCA_937898295.1_SRR6853349_bin.25_CONCOCT_v1.1_MAG	Rhodotorula sp. CCFEE 5036	neg	False	False	False	2	28.9	-1000000000.0	-1000000000.0	-1000000000.0	
C01514	GCA_051805565.1_RtJCM10295v2	Rhodotorula toruloides	neg	False	False	False	3	27.7	-1000000000.0	-1000000000.0	-1000000000.0	Rhodotorula toruloides
C01515	GCA_001542305.1_ASM154230v1	Rhodotorula toruloides	neg	False	False	False	3	28.1	-1000000000.0	-1000000000.0	-1000000000.0	Rhodotorula toruloides
C01516	GCA_024500305.1_UAEM_Rmus_1.0	Rhodotorula mucilaginosa	neg	False	False	False	2	28.5	-1000000000.0	-1000000000.0	-1000000000.0	Rhodotorula mucilaginosa
C01517	GCA_005059875.1_ASM505987v1	Rhodotorula sp. CCFEE 5036	neg	False	False	False	1	28.1	-1000000000.0	-1000000000.0	-1000000000.0	
C01518	GCA_019189415.1_ASM1918941v1	Rhodotorula mucilaginosa	neg	False	False	False	6	27.7	15.2	-1000000000.0	15.2	Rhodotorula mucilaginosa
C01519	GCA_037126565.1_ASM3712656v1	Rhodotorula toruloides	neg	False	False	False	6	30.4	-1000000000.0	-1000000000.0	-1000000000.0	Rhodotorula toruloides
C01520	GCA_006352295.1_UMAN_Rdio_1.0	Rhodotorula diobovata	neg	False	False	False	4	28.9	-1000000000.0	-1000000000.0	-1000000000.0	
C01521	GCA_019189525.1_ASM1918952v1	Rhodotorula mucilaginosa	neg	False	False	False	3	29.6	-1000000000.0	-1000000000.0	-1000000000.0	Rhodotorula mucilaginosa
C01522	GCA_051805575.1_RtJCM10049v2	Rhodotorula toruloides	neg	False	False	False	23	28.1	-1000000000.0	-1000000000.0	-1000000000.0	Rhodotorula toruloides
C01523	GCA_003234015.1_ASM323401v1	Rhodotorula toruloides	neg	False	False	False	3	27.3	-1000000000.0	-1000000000.0	-1000000000.0	Rhodotorula toruloides
C01524	GCA_013030385.1_ASM1303038v1	Rhodotorula mucilaginosa	neg	False	False	False	3	28.5	-1000000000.0	-1000000000.0	-1000000000.0	Rhodotorula mucilaginosa
C01525	GCA_920103745.3_Hybrid_genome_assembly_and_annotation	Rhodotorula glutinis	neg	False	False	True	3	30.4	-1000000000.0	-1000000000.0	-1000000000.0	Rhodotorula glutinis
C01526	GCA_036320835.1_ASM3632083v1	Rhodotorula mucilaginosa	neg	False	False	False	2	28.5	-1000000000.0	-1000000000.0	-1000000000.0	Rhodotorula mucilaginosa
C01527	GCA_049863195.1_ICGEB_R_pacifica_INDKK	Rhodotorula pacifica	neg	False	False	False	6	28.9	-1000000000.0	-1000000000.0	-1000000000.0	
C01528	GCA_050403245.1_Rt_toruloides_NBRC10512v1	Rhodotorula toruloides	neg	False	False	False	3	31.2	-1000000000.0	-1000000000.0	-1000000000.0	Rhodotorula toruloides
C01529	GCA_050916435.1_ASM5091643v1	Rhodotorula mucilaginosa	neg	False	False	False	3	28.1	-1000000000.0	-1000000000.0	-1000000000.0	Rhodotorula mucilaginosa
C01530	GCA_003234015.1_ASM323401v1	Rhodotorula toruloides	neg	False	False	False	3	27.7	-1000000000.0	-1000000000.0	-1000000000.0	Rhodotorula toruloides
C01531	GCA_019775595.1_ASM1977559v1	Rhodotorula kratochvilovae	neg	False	False	False	6	31.2	-1000000000.0	-1000000000.0	-1000000000.0	Rhodotorula kratochvilovae
C01532	GCA_016808315.1_ASM1680831v1	Rhodotorula toruloides	neg	False	False	False	4	30.0	-1000000000.0	-1000000000.0	-1000000000.0	Rhodotorula toruloides
C01533	GCA_019190745.1_ASM1919074v1	Rhodotorula mucilaginosa	neg	False	False	False	9	28.1	-1000000000.0	-1000000000.0	-1000000000.0	Rhodotorula mucilaginosa
C01534	GCA_019671115.1_ASM1967111v1	Rhodotorula paludigena	neg	False	False	False	3	28.5	-1000000000.0	-1000000000.0	-1000000000.0	
C01535	GCA_019190885.1_ASM1919088v1	Rhodotorula mucilaginosa	neg	False	False	False	4	28.9	-1000000000.0	-1000000000.0	-1000000000.0	Rhodotorula mucilaginosa
C01536	GCA_013036385.1_ASM1303638v1	Rhodotorula mucilaginosa	neg	False	False	False	3	28.9	-1000000000.0	-1000000000.0	-1000000000.0	Rhodotorula mucilaginosa
C01537	GCA_019190135.1_ASM1919013v1	Rhodotorula mucilaginosa	neg	False	False	False	2	28.5	-1000000000.0	-1000000000.0	-1000000000.0	Rhodotorula mucilaginosa
C01538	GCA_019775375.1_ASM1977537v1	Rhodotorula kratochvilovae	neg	False	False	False	3	32.0	-1000000000.0	-1000000000.0	-1000000000.0	Rhodotorula kratochvilovae
C01539	GCA_937859235.1_SRR3017090_bin.1_CONCOCT_v1.1_MAG	Rhodotorula graminis	neg	False	False	False	8	28.5	-1000000000.0	-1000000000.0	-1000000000.0	
C01540	GCA_037041355.1_ASM3704135v1	Rhodotorula mucilaginosa	neg	False	False	False	2	28.5	-1000000000.0	-1000000000.0	-1000000000.0	Rhodotorula mucilaginosa
C01541	GCA_019923515.1_ASM1992351v1	Rhodotorula kratochvilovae	neg	False	False	False	3	28.1	-1000000000.0	-1000000000.0	-1000000000.0	Rhodotorula kratochvilovae
C01542	GCA_013036825.1_ASM1303682v1	Rhodotorula mucilaginosa	neg	False	False	False	2	27.3	-1000000000.0	-1000000000.0	-1000000000.0	Rhodotorula mucilaginosa
C01543	GCA_012922725.1_ASM1292272v1	Rhodotorula mucilaginosa	neg	False	False	False	2	29.3	-1000000000.0	-1000000000.0	-1000000000.0	Rhodotorula mucilaginosa
C01544	GCA_019671035.1_ASM1967103v1	Rhodotorula mucilaginosa	neg	False	False	False	1	28.1	-1000000000.0	-1000000000.0	-1000000000.0	Rhodotorula mucilaginosa
C01545	GCA_033458335.1_ASM3345833v1	Rhodotorula paludigena	neg	False	False	False	9	28.1	-1000000000.0	-1000000000.0	-1000000000.0	
C01546	GCA_024734855.1_ASM2473485v1	Rhodotorula toruloides	neg	False	False	False	2	29.3	-1000000000.0	-1000000000.0	-1000000000.0	Rhodotorula toruloides
C01547	GCA_019190935.1_ASM1919093v1	Rhodotorula mucilaginosa	neg	False	False	False	2	30.4	-1000000000.0	-1000000000.0	-1000000000.0	Rhodotorula mucilaginosa
C01548	GCA_012922695.1_ASM1292269v1	Rhodotorula mucilaginosa	neg	False	False	False	2	28.1	-1000000000.0	-1000000000.0	-1000000000.0	Rhodotorula mucilaginosa
C01549	GCA_049863195.1_ICGEB_R_pacifica_INDKK	Rhodotorula pacifica	neg	False	False	False	7	30.4	-1000000000.0	-1000000000.0	-1000000000.0	
C01550	GCA_019189885.1_ASM1918988v1	Rhodotorula mucilaginosa	neg	False	False	False	2	28.5	-1000000000.0	-1000000000.0	-1000000000.0	Rhodotorula mucilaginosa
C01551	GCA_019189665.1_ASM1918966v1	Rhodotorula mucilaginosa	neg	False	False	False	19	28.1	-1000000000.0	-1000000000.0	-1000000000.0	Rhodotorula mucilaginosa
C01552	GCA_019189345.1_ASM1918934v1	Rhodotorula mucilaginosa	neg	False	False	False	3	28.9	-1000000000.0	-1000000000.0	-1000000000.0	Rhodotorula mucilaginosa
C01553	GCA_019190705.1_ASM1919070v1	Rhodotorula mucilaginosa	neg	False	False	False	3	29.3	-1000000000.0	-1000000000.0	-1000000000.0	Rhodotorula mucilaginosa
C01554	GCA_055801775.1_ASM5580177v1	Rhodotorula mucilaginosa	neg	False	False	False	2	30.4	-1000000000.0	-1000000000.0	-1000000000.0	Rhodotorula mucilaginosa
C01555	GCA_025502925.1_ASM2550292v1	Rhodotorula mucilaginosa	neg	False	False	False	4	30.0	-1000000000.0	-1000000000.0	-1000000000.0	Rhodotorula mucilaginosa
C01556	GCA_000222205.2_R.glutinis2	Rhodotorula toruloides	neg	False	False	False	1	28.9	-1000000000.0	-1000000000.0	-1000000000.0	Rhodotorula toruloides
C01557	GCF_050403185.1_Rt_pacifica_JCM10908v1	Rhodotorula pacifica	neg	False	False	False	3	28.1	-1000000000.0	-1000000000.0	-1000000000.0	
C01558	GCA_024713535.1_ASM2471353v1	Rhodotorula sphaerocarpa	neg	False	False	False	2	31.2	-1000000000.0	-1000000000.0	-1000000000.0	
C01559	GCA_019775375.1_ASM1977537v1	Rhodotorula kratochvilovae	neg	False	False	False	2	28.9	-1000000000.0	-1000000000.0	-1000000000.0	Rhodotorula kratochvilovae
C01560	GCA_029694785.1_ASM2969478v1	Rhodotorula toruloides	neg	False	False	False	6	30.8	-1000000000.0	-1000000000.0	-1000000000.0	Rhodotorula toruloides
C01561	GCA_001255795.1_IFO0880_HGAP3_v1	Rhodotorula toruloides	neg	False	False	False	2	28.9	-1000000000.0	-1000000000.0	-1000000000.0	Rhodotorula toruloides
C01562	GCA_001456015.1_ASM145601v1	Rhodotorula toruloides	neg	False	False	False	2	32.7	-1000000000.0	-1000000000.0	-1000000000.0	Rhodotorula toruloides
C01563	GCA_037126565.1_ASM3712656v1	Rhodotorula toruloides	neg	False	False	False	2	28.9	-1000000000.0	-1000000000.0	-1000000000.0	Rhodotorula toruloides
C01564	GCF_000320785.1_RHOziaDV1.0	Rhodotorula toruloides	neg	False	False	False	14	31.2	-1000000000.0	-1000000000.0	-1000000000.0	Rhodotorula toruloides
C01565	GCA_018687845.1_ASM1868784v1	Rhodotorula mucilaginosa	neg	False	False	False	1	28.1	-1000000000.0	-1000000000.0	-1000000000.0	Rhodotorula mucilaginosa
C01566	GCA_019189475.1_ASM1918947v1	Rhodotorula mucilaginosa	neg	False	False	False	3	28.9	-1000000000.0	-1000000000.0	-1000000000.0	Rhodotorula mucilaginosa
C01567	GCA_013036755.1_ASM1303675v1	Rhodotorula mucilaginosa	neg	False	False	False	1	28.5	-1000000000.0	-1000000000.0	-1000000000.0	Rhodotorula mucilaginosa
C01568	GCA_013036505.1_ASM1303650v1	Rhodotorula mucilaginosa	neg	False	False	False	1	31.2	-1000000000.0	-1000000000.0	-1000000000.0	Rhodotorula mucilaginosa
C01569	GCA_019189755.1_ASM1918975v1	Rhodotorula mucilaginosa	neg	False	False	False	3	31.2	-1000000000.0	-1000000000.0	-1000000000.0	Rhodotorula mucilaginosa
C01570	GCA_013030415.1_ASM1303041v1	Rhodotorula mucilaginosa	neg	False	False	False	16	31.2	-1000000000.0	-1000000000.0	-1000000000.0	Rhodotorula mucilaginosa
C01571	GCA_025502745.1_ASM2550274v1	Rhodotorula mucilaginosa	neg	False	False	False	3	29.6	-1000000000.0	-1000000000.0	-1000000000.0	Rhodotorula mucilaginosa
C01572	GCA_013036735.1_ASM1303673v1	Rhodotorula mucilaginosa	neg	False	False	False	3	32.3	-1000000000.0	-1000000000.0	-1000000000.0	Rhodotorula mucilaginosa
C01573	GCA_019189595.1_ASM1918959v1	Rhodotorula mucilaginosa	neg	False	False	False	7	28.1	-1000000000.0	-1000000000.0	-1000000000.0	Rhodotorula mucilaginosa
C01574	GCA_019189985.1_ASM1918998v1	Rhodotorula mucilaginosa	neg	False	False	False	5	28.1	-1000000000.0	-1000000000.0	-1000000000.0	Rhodotorula mucilaginosa
C01575	GCA_029873615.1_ASM2987361v1	Rhodotorula paludigena	neg	False	False	False	1	27.3	-1000000000.0	-1000000000.0	-1000000000.0	
C01576	GCA_057542475.1_Rhodotorula_sp._strain_HGY2	Rhodotorula sp. HGY2	neg	False	False	False	3	27.7	-1000000000.0	-1000000000.0	-1000000000.0	
C01577	GCA_019189395.1_ASM1918939v1	Rhodotorula mucilaginosa	neg	False	False	False	1	28.9	-1000000000.0	-1000000000.0	-1000000000.0	Rhodotorula mucilaginosa
C01578	GCA_050403245.1_Rt_toruloides_NBRC10512v1	Rhodotorula toruloides	neg	False	False	False	3	28.5	-1000000000.0	-1000000000.0	-1000000000.0	Rhodotorula toruloides
C01579	GCA_019775595.1_ASM1977559v1	Rhodotorula kratochvilovae	neg	False	False	False	2	30.4	-1000000000.0	-1000000000.0	-1000000000.0	Rhodotorula kratochvilovae
C01580	GCA_013036445.1_ASM1303644v1	Rhodotorula mucilaginosa	neg	False	False	False	1	31.2	-1000000000.0	-1000000000.0	-1000000000.0	Rhodotorula mucilaginosa
C01581	GCA_025502755.1_ASM2550275v1	Rhodotorula mucilaginosa	neg	False	False	False	3	29.3	-1000000000.0	-1000000000.0	-1000000000.0	Rhodotorula mucilaginosa
C01582	GCA_019190505.1_ASM1919050v1	Rhodotorula mucilaginosa	neg	False	False	False	3	27.7	-1000000000.0	-1000000000.0	-1000000000.0	Rhodotorula mucilaginosa
C01583	GCA_019926025.1_ASM1992602v1	Rhodotorula kratochvilovae	neg	False	False	False	4	28.5	-1000000000.0	-1000000000.0	-1000000000.0	Rhodotorula kratochvilovae
C01584	GCA_019191075.1_ASM1919107v1	Rhodotorula mucilaginosa	neg	False	False	False	2	28.1	-1000000000.0	-1000000000.0	-1000000000.0	Rhodotorula mucilaginosa
C01585	GCA_012922725.1_ASM1292272v1	Rhodotorula mucilaginosa	neg	False	False	False	6	28.5	-1000000000.0	-1000000000.0	-1000000000.0	Rhodotorula mucilaginosa
C01586	GCA_920103735.2_Hybrid_genome_assembly_and_annotation_-DBVPG_8058	Rhodotorula babjevae	neg	False	False	False	7	33.5	-1000000000.0	-1000000000.0	-1000000000.0	
C01587	GCA_013036805.1_ASM1303680v1	Rhodotorula mucilaginosa	neg	False	False	False	7	28.9	-1000000000.0	-1000000000.0	-1000000000.0	Rhodotorula mucilaginosa
C01588	GCA_028828615.1_ASM2882861v1	Rhodotorula paludigena	neg	False	False	False	15	29.3	-1000000000.0	-1000000000.0	-1000000000.0	
C01589	GCA_019190745.1_ASM1919074v1	Rhodotorula mucilaginosa	neg	False	False	False	4	27.3	-1000000000.0	-1000000000.0	-1000000000.0	Rhodotorula mucilaginosa
C01590	GCA_013036755.1_ASM1303675v1	Rhodotorula mucilaginosa	neg	False	False	False	2	27.3	-1000000000.0	-1000000000.0	-1000000000.0	Rhodotorula mucilaginosa
C01591	GCA_019189755.1_ASM1918975v1	Rhodotorula mucilaginosa	neg	False	False	False	4	30.0	-1000000000.0	-1000000000.0	-1000000000.0	Rhodotorula mucilaginosa
C01592	GCA_007990605.1_Rt10032-v1	Rhodotorula toruloides	neg	False	False	False	1	28.5	-1000000000.0	-1000000000.0	-1000000000.0	Rhodotorula toruloides
C01593	GCA_001373355.1_SPOSA68321A01	Sporobolomyces salmonicolor	neg	False	False	False	14	28.9	-1000000000.0	-1000000000.0	-1000000000.0	
C01594	GCA_937859235.1_SRR3017090_bin.1_CONCOCT_v1.1_MAG	Rhodotorula graminis	neg	False	False	False	4	27.3	-1000000000.0	-1000000000.0	-1000000000.0	
C01595	GCA_026119225.1_ASM2611922v1	Rhodotorula graminis	neg	False	False	False	9	28.1	-1000000000.0	-1000000000.0	-1000000000.0	
C01596	GCA_055801775.1_ASM5580177v1	Rhodotorula mucilaginosa	neg	False	False	False	3	27.7	-1000000000.0	-1000000000.0	-1000000000.0	Rhodotorula mucilaginosa
C01597	GCA_000988805.1_ASM98880v1	Rhodotorula toruloides	neg	False	False	False	7	29.6	-1000000000.0	-1000000000.0	-1000000000.0	Rhodotorula toruloides
C01598	GCA_025502755.1_ASM2550275v1	Rhodotorula mucilaginosa	neg	False	False	False	3	27.7	-1000000000.0	-1000000000.0	-1000000000.0	Rhodotorula mucilaginosa
C01599	GCF_050403185.1_Rt_pacifica_JCM10908v1	Rhodotorula pacifica	neg	False	False	False	3	28.5	-1000000000.0	-1000000000.0	-1000000000.0	
C01600	GCA_050403145.1_Rt_glutinis_JCM8208v1	Rhodotorula glutinis	neg	False	False	False	1	30.0	-1000000000.0	-1000000000.0	-1000000000.0	Rhodotorula glutinis
C01601	GCA_057544825.1_Rhodotorula_sp._strain_HGY1	Rhodotorula sp. HGY1	neg	False	False	False	3	31.6	-1000000000.0	-1000000000.0	-1000000000.0	
C01602	GCA_051805515.1_RkraJCM10449v2	Rhodotorula kratochvilovae	neg	False	False	False	4	28.5	-1000000000.0	-1000000000.0	-1000000000.0	Rhodotorula kratochvilovae
C01603	GCA_041430455.1_ASM4143045v1	Rhodotorula mucilaginosa	neg	False	False	False	2	31.2	-1000000000.0	-1000000000.0	-1000000000.0	Rhodotorula mucilaginosa
C01604	GCA_012922835.1_ASM1292283v1	Rhodotorula mucilaginosa	neg	False	False	False	1	31.2	-1000000000.0	-1000000000.0	-1000000000.0	Rhodotorula mucilaginosa
C01605	GCA_002922495.1_ASM292249v1	Rhodotorula taiwanensis	neg	False	False	False	3	31.2	-1000000000.0	-1000000000.0	-1000000000.0	
C01606	GCA_022817825.1_ASM2281782v1	Rhodotorula kratochvilovae	neg	False	False	False	2	28.5	-1000000000.0	-1000000000.0	-1000000000.0	Rhodotorula kratochvilovae
C01607	GCA_019190625.1_ASM1919062v1	Rhodotorula mucilaginosa	neg	False	False	False	2	27.7	-1000000000.0	-1000000000.0	-1000000000.0	Rhodotorula mucilaginosa
C01608	GCA_028828615.1_ASM2882861v1	Rhodotorula paludigena	neg	False	False	False	3	28.5	-1000000000.0	-1000000000.0	-1000000000.0	
C01609	GCA_019189985.1_ASM1918998v1	Rhodotorula mucilaginosa	neg	False	False	False	1	28.9	-1000000000.0	-1000000000.0	-1000000000.0	Rhodotorula mucilaginosa
C01610	GCA_019775375.1_ASM1977537v1	Rhodotorula kratochvilovae	neg	False	False	False	7	29.3	-1000000000.0	-1000000000.0	-1000000000.0	Rhodotorula kratochvilovae
C01611	GCA_023078535.2_ASM2307853v2	Rhodotorula toruloides	neg	False	False	False	3	30.8	-1000000000.0	-1000000000.0	-1000000000.0	Rhodotorula toruloides
C01612	GCA_050403145.1_Rt_glutinis_JCM8208v1	Rhodotorula glutinis	neg	False	False	False	3	32.7	-1000000000.0	-1000000000.0	-1000000000.0	Rhodotorula glutinis
C01613	GCA_019190505.1_ASM1919050v1	Rhodotorula mucilaginosa	neg	False	False	False	2	29.3	-1000000000.0	-1000000000.0	-1000000000.0	Rhodotorula mucilaginosa
C01614	GCA_057544825.1_Rhodotorula_sp._strain_HGY1	Rhodotorula sp. HGY1	neg	False	False	False	8	28.5	-1000000000.0	-1000000000.0	-1000000000.0	
C01615	GCA_024713535.1_ASM2471353v1	Rhodotorula sphaerocarpa	neg	False	False	False	5	28.5	-1000000000.0	-1000000000.0	-1000000000.0	
C01616	GCA_019190125.1_ASM1919012v1	Rhodotorula mucilaginosa	neg	False	False	False	3	29.3	-1000000000.0	-1000000000.0	-1000000000.0	Rhodotorula mucilaginosa
C01617	GCA_000222205.2_R.glutinis2	Rhodotorula toruloides	neg	False	False	False	3	27.3	-1000000000.0	-1000000000.0	-1000000000.0	Rhodotorula toruloides
C01618	GCA_012922765.1_ASM1292276v1	Rhodotorula mucilaginosa	neg	False	False	False	2	28.9	-1000000000.0	-1000000000.0	-1000000000.0	Rhodotorula mucilaginosa
C01619	GCA_019775385.1_ASM1977538v1	Rhodotorula kratochvilovae	neg	False	False	False	36	30.4	-1000000000.0	-1000000000.0	-1000000000.0	Rhodotorula kratochvilovae
C01620	GCA_051805505.1_RkraJCM10450v2	Rhodotorula kratochvilovae	neg	False	False	False	2	29.3	-1000000000.0	-1000000000.0	-1000000000.0	Rhodotorula kratochvilovae
C01621	GCA_019775605.1_ASM1977560v1	Rhodotorula kratochvilovae	neg	False	False	False	3	29.6	-1000000000.0	-1000000000.0	-1000000000.0	Rhodotorula kratochvilovae
C01622	GCA_019190385.1_ASM1919038v1	Rhodotorula mucilaginosa	neg	False	False	False	3	29.3	-1000000000.0	-1000000000.0	-1000000000.0	Rhodotorula mucilaginosa
C01623	GCA_019189915.1_ASM1918991v1	Rhodotorula mucilaginosa	neg	False	False	False	5	27.7	15.2	-1000000000.0	15.2	Rhodotorula mucilaginosa
C01624	GCA_025502725.1_ASM2550272v1	Rhodotorula mucilaginosa	neg	False	False	False	3	28.1	-1000000000.0	-1000000000.0	-1000000000.0	Rhodotorula mucilaginosa
C01625	GCA_019190885.1_ASM1919088v1	Rhodotorula mucilaginosa	neg	False	False	False	7	31.6	-1000000000.0	-1000000000.0	-1000000000.0	Rhodotorula mucilaginosa
C01626	GCA_019190265.1_ASM1919026v1	Rhodotorula mucilaginosa	neg	False	False	False	3	28.1	-1000000000.0	-1000000000.0	-1000000000.0	Rhodotorula mucilaginosa
C01627	GCA_051805565.1_RtJCM10295v2	Rhodotorula toruloides	neg	False	False	False	2	30.4	-1000000000.0	-1000000000.0	-1000000000.0	Rhodotorula toruloides
C01628	GCA_050403245.1_Rt_toruloides_NBRC10512v1	Rhodotorula toruloides	neg	False	False	False	2	33.1	-1000000000.0	-1000000000.0	-1000000000.0	Rhodotorula toruloides
C01629	GCA_028828615.1_ASM2882861v1	Rhodotorula paludigena	neg	False	False	False	4	28.9	-1000000000.0	-1000000000.0	-1000000000.0	
C01630	GCA_019926025.1_ASM1992602v1	Rhodotorula kratochvilovae	neg	False	False	False	1	31.2	-1000000000.0	-1000000000.0	-1000000000.0	Rhodotorula kratochvilovae
C01631	GCA_009806315.1_ASM980631v1	Rhodotorula sp. ZM1	neg	False	False	False	3	28.1	-1000000000.0	-1000000000.0	-1000000000.0	
C01632	GCA_041430435.1_ASM4143043v1	Rhodotorula mucilaginosa	neg	False	False	False	2	28.5	-1000000000.0	-1000000000.0	-1000000000.0	Rhodotorula mucilaginosa
C01633	GCA_019190635.1_ASM1919063v1	Rhodotorula mucilaginosa	neg	False	False	False	2	28.1	-1000000000.0	-1000000000.0	-1000000000.0	Rhodotorula mucilaginosa
C01634	GCA_019190745.1_ASM1919074v1	Rhodotorula mucilaginosa	neg	False	False	False	1	31.2	-1000000000.0	12.2	12.2	Rhodotorula mucilaginosa
C01635	GCA_013036735.1_ASM1303673v1	Rhodotorula mucilaginosa	neg	False	False	False	2	28.1	-1000000000.0	-1000000000.0	-1000000000.0	Rhodotorula mucilaginosa
C01636	GCA_025502915.1_ASM2550291v1	Rhodotorula mucilaginosa	neg	False	False	False	5	45.8	-1000000000.0	14.6	14.6	Rhodotorula mucilaginosa
C01637	GCA_000222205.2_R.glutinis2	Rhodotorula toruloides	neg	False	False	False	3	31.2	-1000000000.0	-1000000000.0	-1000000000.0	Rhodotorula toruloides
C01638	GCA_019189665.1_ASM1918966v1	Rhodotorula mucilaginosa	neg	False	False	False	1	33.9	-1000000000.0	-1000000000.0	-1000000000.0	Rhodotorula mucilaginosa
C01639	GCA_038381065.1_ASM3838106v1	Rhodotorula sp. BUB8	neg	False	False	False	3	28.1	-1000000000.0	-1000000000.0	-1000000000.0	
C01640	GCA_033458335.1_ASM3345833v1	Rhodotorula paludigena	neg	False	False	False	2	28.5	-1000000000.0	-1000000000.0	-1000000000.0	
C01641	GCA_051805515.1_RkraJCM10449v2	Rhodotorula kratochvilovae	neg	False	False	False	9	27.7	-1000000000.0	-1000000000.0	-1000000000.0	Rhodotorula kratochvilovae
C01642	GCA_051805585.1_RtJCM10021v2	Rhodotorula toruloides	neg	False	False	False	14	29.3	-1000000000.0	-1000000000.0	-1000000000.0	Rhodotorula toruloides
C01643	GCA_051805545.1_RtJCM10296v2	Rhodotorula toruloides	neg	False	False	False	3	27.3	-1000000000.0	-1000000000.0	-1000000000.0	Rhodotorula toruloides
C01644	GCA_023628235.1_ASM2362823v1	Rhodotorula sp. S30-09	neg	False	False	False	14	28.5	-1000000000.0	-1000000000.0	-1000000000.0	
C01645	GCA_013036715.1_ASM1303671v1	Rhodotorula mucilaginosa	neg	False	False	False	3	28.1	-1000000000.0	-1000000000.0	-1000000000.0	Rhodotorula mucilaginosa
C01646	GCA_019802825.1_ASM1980282v1	Rhodotorula mucilaginosa	neg	False	False	False	6	28.9	-1000000000.0	-1000000000.0	-1000000000.0	Rhodotorula mucilaginosa
C01647	GCA_033458335.1_ASM3345833v1	Rhodotorula paludigena	neg	False	False	False	5	28.5	-1000000000.0	-1000000000.0	-1000000000.0	
C01648	GCA_023968905.1_ASM2396890v1	Rhodotorula toruloides	neg	False	False	False	13	47.4	-1000000000.0	26.9	26.9	Rhodotorula toruloides
C01649	GCA_019190935.1_ASM1919093v1	Rhodotorula mucilaginosa	neg	False	False	False	6	28.1	-1000000000.0	-1000000000.0	-1000000000.0	Rhodotorula mucilaginosa
C01650	GCA_051805595.1_RtJCM10020v2	Rhodotorula toruloides	neg	False	False	False	8	29.6	-1000000000.0	-1000000000.0	-1000000000.0	Rhodotorula toruloides
C01651	GCA_051805495.1_RsphJCM8202v2	Rhodotorula sphaerocarpa	neg	False	False	False	3	28.9	-1000000000.0	-1000000000.0	-1000000000.0	
C01652	GCA_019189915.1_ASM1918991v1	Rhodotorula mucilaginosa	neg	False	False	False	2	28.5	-1000000000.0	-1000000000.0	-1000000000.0	Rhodotorula mucilaginosa
C01653	GCA_050916435.1_ASM5091643v1	Rhodotorula mucilaginosa	neg	False	False	False	4	45.1	-1000000000.0	14.6	14.6	Rhodotorula mucilaginosa
C01654	GCA_013036475.1_ASM1303647v1	Rhodotorula mucilaginosa	neg	False	False	False	6	29.3	-1000000000.0	14.9	14.9	Rhodotorula mucilaginosa
C01655	GCA_019775605.1_ASM1977560v1	Rhodotorula kratochvilovae	neg	False	False	False	4	31.2	-1000000000.0	-1000000000.0	-1000000000.0	Rhodotorula kratochvilovae
C01656	GCA_037040695.1_ASM3704069v1	Rhodotorula mucilaginosa	neg	False	False	False	2	28.9	-1000000000.0	-1000000000.0	-1000000000.0	Rhodotorula mucilaginosa
C01657	GCA_050403105.1_Rt_babjevae_JCM9279v1	Rhodotorula babjevae	neg	False	False	False	1	32.0	-1000000000.0	-1000000000.0	-1000000000.0	
C01658	GCA_024734855.1_ASM2473485v1	Rhodotorula toruloides	neg	False	False	False	3	27.7	-1000000000.0	-1000000000.0	-1000000000.0	Rhodotorula toruloides
C01659	GCA_013036715.1_ASM1303671v1	Rhodotorula mucilaginosa	neg	False	False	False	2	28.1	-1000000000.0	-1000000000.0	-1000000000.0	Rhodotorula mucilaginosa
C01660	GCA_019190505.1_ASM1919050v1	Rhodotorula mucilaginosa	neg	False	False	False	4	28.9	-1000000000.0	-1000000000.0	-1000000000.0	Rhodotorula mucilaginosa
C01661	GCA_024500305.1_UAEM_Rmus_1.0	Rhodotorula mucilaginosa	neg	False	False	False	3	28.9	-1000000000.0	-1000000000.0	-1000000000.0	Rhodotorula mucilaginosa
C01662	GCA_000222205.2_R.glutinis2	Rhodotorula toruloides	neg	False	False	False	3	29.3	-1000000000.0	-1000000000.0	-1000000000.0	Rhodotorula toruloides
C01663	GCA_050403145.1_Rt_glutinis_JCM8208v1	Rhodotorula glutinis	neg	False	False	False	2	28.5	-1000000000.0	-1000000000.0	-1000000000.0	Rhodotorula glutinis
C01664	GCA_019190765.1_ASM1919076v1	Rhodotorula mucilaginosa	neg	False	False	False	5	28.9	-1000000000.0	-1000000000.0	-1000000000.0	Rhodotorula mucilaginosa
C01665	GCA_029694785.1_ASM2969478v1	Rhodotorula toruloides	neg	False	False	False	4	28.1	-1000000000.0	-1000000000.0	-1000000000.0	Rhodotorula toruloides
C01666	GCA_019303655.1_ASM1930365v1	Rhodotorula mucilaginosa	neg	False	False	False	4	28.5	-1000000000.0	-1000000000.0	-1000000000.0	Rhodotorula mucilaginosa
C01667	GCA_019190905.1_ASM1919090v1	Rhodotorula mucilaginosa	neg	False	False	False	2	31.2	-1000000000.0	-1000000000.0	-1000000000.0	Rhodotorula mucilaginosa
C01668	GCA_019190245.1_ASM1919024v1	Rhodotorula mucilaginosa	neg	False	False	False	3	28.5	-1000000000.0	-1000000000.0	-1000000000.0	Rhodotorula mucilaginosa
C01669	GCA_037040695.1_ASM3704069v1	Rhodotorula mucilaginosa	neg	False	False	False	1	28.5	-1000000000.0	-1000000000.0	-1000000000.0	Rhodotorula mucilaginosa
C01670	GCF_000320785.1_RHOziaDV1.0	Rhodotorula toruloides	neg	False	False	False	1	29.6	-1000000000.0	-1000000000.0	-1000000000.0	Rhodotorula toruloides
C01671	GCA_051805565.1_RtJCM10295v2	Rhodotorula toruloides	neg	False	False	False	1	29.3	-1000000000.0	-1000000000.0	-1000000000.0	Rhodotorula toruloides
C01672	GCA_050403525.1_S_salmonicolor_JCM21900v1	Sporobolomyces salmonicolor	neg	False	False	False	3	28.1	-1000000000.0	-1000000000.0	-1000000000.0	
C01673	GCA_055801775.1_ASM5580177v1	Rhodotorula mucilaginosa	neg	False	False	False	3	28.1	-1000000000.0	-1000000000.0	-1000000000.0	Rhodotorula mucilaginosa
C01674	GCA_002806785.1_ASM280678v1	Rhodotorula mucilaginosa	neg	False	False	False	4	30.0	-1000000000.0	-1000000000.0	-1000000000.0	Rhodotorula mucilaginosa
C01675	GCA_019926025.1_ASM1992602v1	Rhodotorula kratochvilovae	neg	False	False	False	2	28.9	-1000000000.0	-1000000000.0	-1000000000.0	Rhodotorula kratochvilovae
C01676	GCA_051805595.1_RtJCM10020v2	Rhodotorula toruloides	neg	False	False	False	7	29.6	-1000000000.0	-1000000000.0	-1000000000.0	Rhodotorula toruloides
C01677	GCA_019189345.1_ASM1918934v1	Rhodotorula mucilaginosa	neg	False	False	False	2	28.5	-1000000000.0	-1000000000.0	-1000000000.0	Rhodotorula mucilaginosa
C01678	GCA_040807085.1_ASM4080708v1	Rhodotorula toruloides	neg	False	False	False	10	28.1	-1000000000.0	-1000000000.0	-1000000000.0	Rhodotorula toruloides
C01679	GCA_041430455.1_ASM4143045v1	Rhodotorula mucilaginosa	neg	False	False	False	1	28.9	-1000000000.0	-1000000000.0	-1000000000.0	Rhodotorula mucilaginosa
C01680	GCA_019189785.1_ASM1918978v1	Rhodotorula mucilaginosa	neg	False	False	False	7	28.5	-1000000000.0	-1000000000.0	-1000000000.0	Rhodotorula mucilaginosa
C01681	GCA_037126565.1_ASM3712656v1	Rhodotorula toruloides	neg	False	False	False	3	28.5	-1000000000.0	-1000000000.0	-1000000000.0	Rhodotorula toruloides
C01682	GCA_001255795.1_IFO0880_HGAP3_v1	Rhodotorula toruloides	neg	False	False	False	37	32.0	-1000000000.0	-1000000000.0	-1000000000.0	Rhodotorula toruloides
C01683	GCA_019190905.1_ASM1919090v1	Rhodotorula mucilaginosa	neg	False	False	False	1	28.5	-1000000000.0	-1000000000.0	-1000000000.0	Rhodotorula mucilaginosa
C01684	GCA_051805515.1_RkraJCM10449v2	Rhodotorula kratochvilovae	neg	False	False	False	3	29.3	-1000000000.0	-1000000000.0	-1000000000.0	Rhodotorula kratochvilovae
C01685	GCA_037126565.1_ASM3712656v1	Rhodotorula toruloides	neg	False	False	False	3	28.9	-1000000000.0	-1000000000.0	-1000000000.0	Rhodotorula toruloides
C01686	GCA_013036355.1_ASM1303635v1	Rhodotorula mucilaginosa	neg	False	False	False	3	28.1	-1000000000.0	-1000000000.0	-1000000000.0	Rhodotorula mucilaginosa
C01687	GCA_038381065.1_ASM3838106v1	Rhodotorula sp. BUB8	neg	False	False	False	3	31.2	-1000000000.0	-1000000000.0	-1000000000.0	
C01688	GCF_000320785.1_RHOziaDV1.0	Rhodotorula toruloides	neg	False	False	False	5	28.1	-1000000000.0	-1000000000.0	-1000000000.0	Rhodotorula toruloides
C01689	GCA_019189545.1_ASM1918954v1	Rhodotorula mucilaginosa	neg	False	False	False	6	32.3	-1000000000.0	-1000000000.0	-1000000000.0	Rhodotorula mucilaginosa
C01690	GCA_921037615.3_Hybrid_genome_assembly_and_annotation_02	Rhodotorula toruloides	neg	False	False	True	3	27.7	-1000000000.0	-1000000000.0	-1000000000.0	Rhodotorula toruloides
C01691	GCA_058775505.1_UCR_RmucDH4148_1.0	Rhodotorula mucilaginosa	neg	False	False	False	5	28.1	-1000000000.0	-1000000000.0	-1000000000.0	Rhodotorula mucilaginosa
C01692	GCA_002917965.1_ASM291796v1	Rhodotorula kratochvilovae	neg	False	False	True	3	30.4	-1000000000.0	-1000000000.0	-1000000000.0	Rhodotorula kratochvilovae
C01693	GCA_034509285.1_ASM3450928v1	Rhodotorula toruloides	neg	False	False	False	5	29.6	-1000000000.0	-1000000000.0	-1000000000.0	Rhodotorula toruloides
C01694	GCA_000931965.1_ASM93196v1	Rhodotorula mucilaginosa	neg	False	False	False	1	33.9	-1000000000.0	-1000000000.0	-1000000000.0	Rhodotorula mucilaginosa
C01695	GCA_019190385.1_ASM1919038v1	Rhodotorula mucilaginosa	neg	False	False	False	3	21.6	-1000000000.0	-1000000000.0	-1000000000.0	Rhodotorula mucilaginosa
C01696	GCA_019189485.1_ASM1918948v1	Rhodotorula mucilaginosa	neg	False	False	False	2	28.9	-1000000000.0	-1000000000.0	-1000000000.0	Rhodotorula mucilaginosa
C01697	GCA_051313295.1_ASM5131329v1	Rhodotorula diobovata	neg	False	False	False	5	32.3	-1000000000.0	-1000000000.0	-1000000000.0	
C01698	GCA_019190965.1_ASM1919096v1	Rhodotorula mucilaginosa	neg	False	False	False	2	31.2	-1000000000.0	-1000000000.0	-1000000000.0	Rhodotorula mucilaginosa
C01699	GCA_050403245.1_Rt_toruloides_NBRC10512v1	Rhodotorula toruloides	neg	False	False	False	1	28.9	-1000000000.0	-1000000000.0	-1000000000.0	Rhodotorula toruloides
C01700	GCA_920104245.2_Hybrid_genome_assembly_and_annotation	Rhodotorula babjevae	neg	False	False	False	4	28.1	-1000000000.0	-1000000000.0	-1000000000.0	
C01701	GCA_019189915.1_ASM1918991v1	Rhodotorula mucilaginosa	neg	False	False	False	1	28.9	-1000000000.0	-1000000000.0	-1000000000.0	Rhodotorula mucilaginosa
C01702	GCA_013036305.1_ASM1303630v1	Rhodotorula mucilaginosa	neg	False	False	False	6	28.9	-1000000000.0	-1000000000.0	-1000000000.0	Rhodotorula mucilaginosa
C01703	GCA_019802825.1_ASM1980282v1	Rhodotorula mucilaginosa	neg	False	False	False	6	28.5	-1000000000.0	-1000000000.0	-1000000000.0	Rhodotorula mucilaginosa
C01704	GCA_019189475.1_ASM1918947v1	Rhodotorula mucilaginosa	neg	False	False	False	1	30.0	-1000000000.0	-1000000000.0	-1000000000.0	Rhodotorula mucilaginosa
C01705	GCA_963855895.1_AIST536MM15v1	Rhodotorula toruloides	neg	False	False	False	1	29.3	-1000000000.0	-1000000000.0	-1000000000.0	Rhodotorula toruloides
C01706	GCA_013036475.1_ASM1303647v1	Rhodotorula mucilaginosa	neg	False	False	False	4	45.8	-1000000000.0	14.6	14.6	Rhodotorula mucilaginosa
C01707	GCA_019802895.1_ASM1980289v1	Rhodotorula mucilaginosa	neg	False	False	False	3	28.9	-1000000000.0	-1000000000.0	-1000000000.0	Rhodotorula mucilaginosa
C01708	GCA_023628235.1_ASM2362823v1	Rhodotorula sp. S30-09	neg	False	False	False	3	28.5	-1000000000.0	-1000000000.0	-1000000000.0	
C01709	GCA_001600115.1_JCM_10020_assembly_v001	Rhodotorula toruloides	neg	False	False	False	1	29.6	-1000000000.0	-1000000000.0	-1000000000.0	Rhodotorula toruloides
C01710	GCA_019189545.1_ASM1918954v1	Rhodotorula mucilaginosa	neg	False	False	False	2	28.9	-1000000000.0	-1000000000.0	-1000000000.0	Rhodotorula mucilaginosa
C01711	GCA_023628235.1_ASM2362823v1	Rhodotorula sp. S30-09	neg	False	False	False	4	28.9	-1000000000.0	-1000000000.0	-1000000000.0	
C01712	GCA_005387725.1_ASM538772v1	Rhodotorula toruloides	neg	False	False	False	5	30.4	-1000000000.0	-1000000000.0	-1000000000.0	Rhodotorula toruloides
C01713	GCA_051805595.1_RtJCM10020v2	Rhodotorula toruloides	neg	False	False	False	11	28.1	-1000000000.0	-1000000000.0	-1000000000.0	Rhodotorula toruloides
C01714	GCA_965239605.3_Hybrid_Genome_assembly_Updated-_INGCA000000200-3	Rhodotorula pacifica	neg	False	False	False	3	29.6	-1000000000.0	-1000000000.0	-1000000000.0	
C01715	GCA_019191155.1_ASM1919115v1	Rhodotorula mucilaginosa	neg	False	False	False	36	31.2	-1000000000.0	-1000000000.0	-1000000000.0	Rhodotorula mucilaginosa
C01716	GCA_002917965.1_ASM291796v1	Rhodotorula kratochvilovae	neg	False	False	True	3	29.6	-1000000000.0	-1000000000.0	-1000000000.0	Rhodotorula kratochvilovae
C01717	GCA_019190495.1_ASM1919049v1	Rhodotorula mucilaginosa	neg	False	False	False	2	27.7	-1000000000.0	-1000000000.0	-1000000000.0	Rhodotorula mucilaginosa
C01718	GCA_002806785.1_ASM280678v1	Rhodotorula mucilaginosa	neg	False	False	False	9	27.3	-1000000000.0	-1000000000.0	-1000000000.0	Rhodotorula mucilaginosa
C01719	GCA_049500115.1_Rt_mucilaginosa_JCM8115v1	Rhodotorula mucilaginosa	neg	False	False	False	6	32.3	-1000000000.0	-1000000000.0	-1000000000.0	Rhodotorula mucilaginosa
C01720	GCA_019775385.1_ASM1977538v1	Rhodotorula kratochvilovae	neg	False	False	False	7	29.6	-1000000000.0	-1000000000.0	-1000000000.0	Rhodotorula kratochvilovae
C01721	GCA_000988875.2_ASM98887v2	Rhodotorula toruloides	neg	False	False	True	1	28.1	-1000000000.0	-1000000000.0	-1000000000.0	Rhodotorula toruloides
C01722	GCA_013036385.1_ASM1303638v1	Rhodotorula mucilaginosa	neg	False	False	False	3	28.1	-1000000000.0	-1000000000.0	-1000000000.0	Rhodotorula mucilaginosa
C01723	GCA_023628195.1_ASM2362819v1	Rhodotorula mucilaginosa	neg	False	False	False	1	33.9	-1000000000.0	-1000000000.0	-1000000000.0	Rhodotorula mucilaginosa
C01724	GCA_051313295.1_ASM5131329v1	Rhodotorula diobovata	neg	False	False	False	6	28.1	-1000000000.0	-1000000000.0	-1000000000.0	
C01725	GCA_013036385.1_ASM1303638v1	Rhodotorula mucilaginosa	neg	False	False	False	2	28.9	-1000000000.0	-1000000000.0	-1000000000.0	Rhodotorula mucilaginosa
C01726	GCA_050403265.1_Rt_toruloides_NBRC10513v1	Rhodotorula toruloides	neg	False	False	False	3	28.9	-1000000000.0	-1000000000.0	-1000000000.0	Rhodotorula toruloides
C01727	GCA_005281665.1_ASM528166v1	Rhodotorula paludigena	neg	False	False	False	7	32.7	-1000000000.0	20.6	20.6	
C01728	GCA_019190895.1_ASM1919089v1	Rhodotorula mucilaginosa	neg	False	False	False	26	31.2	-1000000000.0	-1000000000.0	-1000000000.0	Rhodotorula mucilaginosa
C01729	GCA_038381065.1_ASM3838106v1	Rhodotorula sp. BUB8	neg	False	False	False	5	28.9	-1000000000.0	-1000000000.0	-1000000000.0	
C01730	GCA_050403265.1_Rt_toruloides_NBRC10513v1	Rhodotorula toruloides	neg	False	False	False	9	31.2	-1000000000.0	-1000000000.0	-1000000000.0	Rhodotorula toruloides
C01731	GCA_019189595.1_ASM1918959v1	Rhodotorula mucilaginosa	neg	False	False	False	1	28.1	-1000000000.0	-1000000000.0	-1000000000.0	Rhodotorula mucilaginosa
C01732	GCA_034509285.1_ASM3450928v1	Rhodotorula toruloides	neg	False	False	False	2	33.9	-1000000000.0	-1000000000.0	-1000000000.0	Rhodotorula toruloides
C01733	GCA_019189915.1_ASM1918991v1	Rhodotorula mucilaginosa	neg	False	False	False	7	29.3	-1000000000.0	14.9	14.9	Rhodotorula mucilaginosa
C01734	GCA_013036805.1_ASM1303680v1	Rhodotorula mucilaginosa	neg	False	False	False	4	28.5	-1000000000.0	-1000000000.0	-1000000000.0	Rhodotorula mucilaginosa
C01735	GCA_024713535.1_ASM2471353v1	Rhodotorula sphaerocarpa	neg	False	False	False	5	28.5	-1000000000.0	-1000000000.0	-1000000000.0	
C01736	GCA_013036805.1_ASM1303680v1	Rhodotorula mucilaginosa	neg	False	False	False	1	31.2	-1000000000.0	12.2	12.2	Rhodotorula mucilaginosa
C01737	GCA_016808315.1_ASM1680831v1	Rhodotorula toruloides	neg	False	False	False	13	29.3	-1000000000.0	-1000000000.0	-1000000000.0	Rhodotorula toruloides
C01738	GCA_019190245.1_ASM1919024v1	Rhodotorula mucilaginosa	neg	False	False	False	4	21.6	-1000000000.0	-1000000000.0	-1000000000.0	Rhodotorula mucilaginosa
C01739	GCA_019189525.1_ASM1918952v1	Rhodotorula mucilaginosa	neg	False	False	False	3	28.9	-1000000000.0	-1000000000.0	-1000000000.0	Rhodotorula mucilaginosa
C01740	GCA_002806785.1_ASM280678v1	Rhodotorula mucilaginosa	neg	False	False	False	6	30.0	-1000000000.0	-1000000000.0	-1000000000.0	Rhodotorula mucilaginosa
C01741	GCA_002922495.1_ASM292249v1	Rhodotorula taiwanensis	neg	False	False	False	3	30.4	-1000000000.0	-1000000000.0	-1000000000.0	
C01742	GCA_050403525.1_S_salmonicolor_JCM21900v1	Sporobolomyces salmonicolor	neg	False	False	False	8	28.5	-1000000000.0	-1000000000.0	-1000000000.0	
C01743	GCA_024500305.1_UAEM_Rmus_1.0	Rhodotorula mucilaginosa	neg	False	False	False	5	34.3	-1000000000.0	20.2	20.2	Rhodotorula mucilaginosa
C01744	GCA_049863195.1_ICGEB_R_pacifica_INDKK	Rhodotorula pacifica	neg	False	False	False	7	30.0	-1000000000.0	-1000000000.0	-1000000000.0	
C01745	GCA_019190605.1_ASM1919060v1	Rhodotorula mucilaginosa	neg	False	False	False	11	28.9	-1000000000.0	-1000000000.0	-1000000000.0	Rhodotorula mucilaginosa
C01746	GCA_019802905.1_ASM1980290v1	Rhodotorula mucilaginosa	neg	False	False	False	14	28.9	-1000000000.0	-1000000000.0	-1000000000.0	Rhodotorula mucilaginosa
C01747	GCA_023628235.1_ASM2362823v1	Rhodotorula sp. S30-09	neg	False	False	False	5	29.6	11.4	-1000000000.0	11.4	
C01748	GCA_025502915.1_ASM2550291v1	Rhodotorula mucilaginosa	neg	False	False	False	1	28.1	-1000000000.0	-1000000000.0	-1000000000.0	Rhodotorula mucilaginosa
C01749	GCA_051805575.1_RtJCM10049v2	Rhodotorula toruloides	neg	False	False	False	5	29.3	-1000000000.0	-1000000000.0	-1000000000.0	Rhodotorula toruloides
C01750	GCA_001600135.1_JCM_10021_assembly_v001	Rhodotorula toruloides	neg	False	False	False	5	28.5	-1000000000.0	-1000000000.0	-1000000000.0	Rhodotorula toruloides
C01751	GCA_013036475.1_ASM1303647v1	Rhodotorula mucilaginosa	neg	False	False	False	2	32.3	-1000000000.0	-1000000000.0	-1000000000.0	Rhodotorula mucilaginosa
C01752	GCA_019189885.1_ASM1918988v1	Rhodotorula mucilaginosa	neg	False	False	False	4	28.9	-1000000000.0	-1000000000.0	-1000000000.0	Rhodotorula mucilaginosa
C01753	GCA_046118745.1_ASM4611874v1	Sporobolomyces pararoseus	neg	False	False	False	5	30.4	-1000000000.0	-1000000000.0	-1000000000.0	
C01754	GCA_051805575.1_RtJCM10049v2	Rhodotorula toruloides	neg	False	False	False	3	29.3	-1000000000.0	-1000000000.0	-1000000000.0	Rhodotorula toruloides
C01755	GCA_051805495.1_RsphJCM8202v2	Rhodotorula sphaerocarpa	neg	False	False	False	2	27.7	-1000000000.0	-1000000000.0	-1000000000.0	
C01756	GCA_025502915.1_ASM2550291v1	Rhodotorula mucilaginosa	neg	False	False	False	1	31.2	-1000000000.0	12.2	12.2	Rhodotorula mucilaginosa
C01757	GCA_019189545.1_ASM1918954v1	Rhodotorula mucilaginosa	neg	False	False	False	1	32.0	-1000000000.0	-1000000000.0	-1000000000.0	Rhodotorula mucilaginosa
C01758	GCA_019190495.1_ASM1919049v1	Rhodotorula mucilaginosa	neg	False	False	False	3	28.1	-1000000000.0	-1000000000.0	-1000000000.0	Rhodotorula mucilaginosa
C01759	GCA_035220585.1_ASM3522058v1	Rhodotorula toruloides	neg	False	False	False	13	47.4	-1000000000.0	26.9	26.9	Rhodotorula toruloides
C01760	GCA_051805585.1_RtJCM10021v2	Rhodotorula toruloides	neg	False	False	False	7	32.7	-1000000000.0	-1000000000.0	-1000000000.0	Rhodotorula toruloides
C01761	GCA_015501985.1_ASM1550198v1	Rhodotorula glutinis	neg	False	False	False	4	30.4	-1000000000.0	-1000000000.0	-1000000000.0	Rhodotorula glutinis
C01762	GCA_019190795.1_ASM1919079v1	Rhodotorula mucilaginosa	neg	False	False	False	6	28.5	-1000000000.0	-1000000000.0	-1000000000.0	Rhodotorula mucilaginosa
C01763	GCA_025502925.1_ASM2550292v1	Rhodotorula mucilaginosa	neg	False	False	False	33	31.2	-1000000000.0	-1000000000.0	-1000000000.0	Rhodotorula mucilaginosa
C01764	GCA_019190885.1_ASM1919088v1	Rhodotorula mucilaginosa	neg	False	False	False	1	28.5	-1000000000.0	-1000000000.0	-1000000000.0	Rhodotorula mucilaginosa
C01765	GCA_013036505.1_ASM1303650v1	Rhodotorula mucilaginosa	neg	False	False	False	3	31.2	-1000000000.0	12.2	12.2	Rhodotorula mucilaginosa
C01766	GCA_019805405.1_ASM1980540v1	Rhodotorula mucilaginosa	neg	False	False	False	3	25.4	-1000000000.0	-1000000000.0	-1000000000.0	Rhodotorula mucilaginosa
C01767	GCA_019189475.1_ASM1918947v1	Rhodotorula mucilaginosa	neg	False	False	False	5	45.8	-1000000000.0	14.6	14.6	Rhodotorula mucilaginosa
C01768	GCA_035220585.1_ASM3522058v1	Rhodotorula toruloides	neg	False	False	False	1	28.9	-1000000000.0	-1000000000.0	-1000000000.0	Rhodotorula toruloides
C01769	GCA_019190145.1_ASM1919014v1	Rhodotorula mucilaginosa	neg	False	False	False	1	29.6	-1000000000.0	-1000000000.0	-1000000000.0	Rhodotorula mucilaginosa
C01770	GCA_051805505.1_RkraJCM10450v2	Rhodotorula kratochvilovae	neg	False	False	False	29	28.9	-1000000000.0	-1000000000.0	-1000000000.0	Rhodotorula kratochvilovae
C01771	GCA_013036905.1_ASM1303690v1	Rhodotorula mucilaginosa	neg	False	False	False	2	28.9	-1000000000.0	-1000000000.0	-1000000000.0	Rhodotorula mucilaginosa
C01772	GCA_019189475.1_ASM1918947v1	Rhodotorula mucilaginosa	neg	False	False	False	1	31.2	-1000000000.0	12.2	12.2	Rhodotorula mucilaginosa
C01773	GCA_035220585.1_ASM3522058v1	Rhodotorula toruloides	neg	False	False	False	3	28.9	-1000000000.0	-1000000000.0	-1000000000.0	Rhodotorula toruloides
C01774	GCA_051308255.1_Rhoto_ATCC26217_1	Rhodotorula toruloides	neg	False	False	False	6	29.3	-1000000000.0	-1000000000.0	-1000000000.0	Rhodotorula toruloides
C01775	GCA_018687845.1_ASM1868784v1	Rhodotorula mucilaginosa	neg	False	False	False	1	29.3	-1000000000.0	-1000000000.0	-1000000000.0	Rhodotorula mucilaginosa
C01776	GCA_050403085.1_Rt_araucariae_JCM3770v1	Rhodotorula araucariae	neg	False	False	False	13	27.7	-1000000000.0	-1000000000.0	-1000000000.0	
C01777	GCA_001456015.1_ASM145601v1	Rhodotorula toruloides	neg	False	False	False	2	29.3	-1000000000.0	-1000000000.0	-1000000000.0	Rhodotorula toruloides
C01778	GCA_037041355.1_ASM3704135v1	Rhodotorula mucilaginosa	neg	False	False	False	3	32.3	-1000000000.0	-1000000000.0	-1000000000.0	Rhodotorula mucilaginosa
C01779	GCA_019190895.1_ASM1919089v1	Rhodotorula mucilaginosa	neg	False	False	False	7	30.4	-1000000000.0	-1000000000.0	-1000000000.0	Rhodotorula mucilaginosa
C01780	GCA_019189995.1_ASM1918999v1	Rhodotorula mucilaginosa	neg	False	False	False	6	28.5	-1000000000.0	-1000000000.0	-1000000000.0	Rhodotorula mucilaginosa
C01781	GCA_019671115.1_ASM1967111v1	Rhodotorula paludigena	neg	False	False	False	4	28.9	-1000000000.0	-1000000000.0	-1000000000.0	
C01782	GCA_057544825.1_Rhodotorula_sp._strain_HGY1	Rhodotorula sp. HGY1	neg	False	False	False	4	29.3	-1000000000.0	-1000000000.0	-1000000000.0	
C01783	GCA_019189345.1_ASM1918934v1	Rhodotorula mucilaginosa	neg	False	False	False	2	27.3	-1000000000.0	-1000000000.0	-1000000000.0	Rhodotorula mucilaginosa
C01784	GCA_057930215.1_Rhodotorula_pacifica_RDY01_v1	Rhodotorula pacifica	neg	False	False	False	3	28.5	-1000000000.0	-1000000000.0	-1000000000.0	
C01785	GCA_013036655.1_ASM1303665v1	Rhodotorula mucilaginosa	neg	False	False	False	4	30.0	-1000000000.0	-1000000000.0	-1000000000.0	Rhodotorula mucilaginosa
C01786	GCA_002917965.1_ASM291796v1	Rhodotorula kratochvilovae	neg	False	False	True	5	25.8	-1000000000.0	-1000000000.0	-1000000000.0	Rhodotorula kratochvilovae
C01787	GCA_037126565.1_ASM3712656v1	Rhodotorula toruloides	neg	False	False	False	2	29.3	-1000000000.0	-1000000000.0	-1000000000.0	Rhodotorula toruloides
C01788	GCA_051805565.1_RtJCM10295v2	Rhodotorula toruloides	neg	False	False	False	3	28.1	-1000000000.0	-1000000000.0	-1000000000.0	Rhodotorula toruloides
C01789	GCA_013036445.1_ASM1303644v1	Rhodotorula mucilaginosa	neg	False	False	False	1	30.8	-1000000000.0	-1000000000.0	-1000000000.0	Rhodotorula mucilaginosa
C01790	GCA_029694785.1_ASM2969478v1	Rhodotorula toruloides	neg	False	False	False	8	37.7	-1000000000.0	25.5	25.5	Rhodotorula toruloides
C01791	GCA_019775385.1_ASM1977538v1	Rhodotorula kratochvilovae	neg	False	False	False	4	28.9	-1000000000.0	-1000000000.0	-1000000000.0	Rhodotorula kratochvilovae
C01792	GCA_029694785.1_ASM2969478v1	Rhodotorula toruloides	neg	False	False	False	7	31.2	-1000000000.0	15.9	15.9	Rhodotorula toruloides
C01793	GCA_920104245.2_Hybrid_genome_assembly_and_annotation	Rhodotorula babjevae	neg	False	False	False	1	28.5	-1000000000.0	-1000000000.0	-1000000000.0	
C01794	GCA_013030415.1_ASM1303041v1	Rhodotorula mucilaginosa	neg	False	False	False	1	30.8	-1000000000.0	-1000000000.0	-1000000000.0	Rhodotorula mucilaginosa
C01795	GCA_034509285.1_ASM3450928v1	Rhodotorula toruloides	neg	False	False	False	2	28.1	-1000000000.0	-1000000000.0	-1000000000.0	Rhodotorula toruloides
C01796	GCA_019189485.1_ASM1918948v1	Rhodotorula mucilaginosa	neg	False	False	False	14	28.9	-1000000000.0	-1000000000.0	-1000000000.0	Rhodotorula mucilaginosa
C01797	GCA_019802815.1_ASM1980281v1	Rhodotorula mucilaginosa	neg	False	False	False	3	28.9	-1000000000.0	-1000000000.0	-1000000000.0	Rhodotorula mucilaginosa
C01798	GCA_024500305.1_UAEM_Rmus_1.0	Rhodotorula mucilaginosa	neg	False	False	False	7	26.9	-1000000000.0	-1000000000.0	-1000000000.0	Rhodotorula mucilaginosa
C01799	GCA_013036385.1_ASM1303638v1	Rhodotorula mucilaginosa	neg	False	False	False	5	45.8	-1000000000.0	14.6	14.6	Rhodotorula mucilaginosa
C01800	GCA_013030385.1_ASM1303038v1	Rhodotorula mucilaginosa	neg	False	False	False	2	28.5	-1000000000.0	-1000000000.0	-1000000000.0	Rhodotorula mucilaginosa
C01801	GCA_013030385.1_ASM1303038v1	Rhodotorula mucilaginosa	neg	False	False	False	6	28.9	-1000000000.0	-1000000000.0	-1000000000.0	Rhodotorula mucilaginosa
C01802	GCA_051805505.1_RkraJCM10450v2	Rhodotorula kratochvilovae	neg	False	False	False	3	28.5	-1000000000.0	-1000000000.0	-1000000000.0	Rhodotorula kratochvilovae
C01803	GCA_019775385.1_ASM1977538v1	Rhodotorula kratochvilovae	neg	False	False	False	1	28.1	-1000000000.0	-1000000000.0	-1000000000.0	Rhodotorula kratochvilovae
C01804	GCA_019190525.1_ASM1919052v1	Rhodotorula mucilaginosa	neg	False	False	False	5	45.8	-1000000000.0	14.6	14.6	Rhodotorula mucilaginosa
C01805	GCA_019189985.1_ASM1918998v1	Rhodotorula mucilaginosa	neg	False	False	False	2	28.5	-1000000000.0	-1000000000.0	-1000000000.0	Rhodotorula mucilaginosa
C01806	GCA_056149925.1_EIMB_Rkra_OB1_1.0	Rhodotorula kratochvilovae	neg	False	False	False	1	28.1	-1000000000.0	-1000000000.0	-1000000000.0	Rhodotorula kratochvilovae
C01807	GCA_019190895.1_ASM1919089v1	Rhodotorula mucilaginosa	neg	False	False	False	7	28.1	-1000000000.0	-1000000000.0	-1000000000.0	Rhodotorula mucilaginosa
C01808	GCA_016808315.1_ASM1680831v1	Rhodotorula toruloides	neg	False	False	False	6	28.9	-1000000000.0	-1000000000.0	-1000000000.0	Rhodotorula toruloides
C01809	GCA_012922695.1_ASM1292269v1	Rhodotorula mucilaginosa	neg	False	False	False	1	31.2	-1000000000.0	12.2	12.2	Rhodotorula mucilaginosa
C01810	GCA_051805505.1_RkraJCM10450v2	Rhodotorula kratochvilovae	neg	False	False	False	1	30.4	-1000000000.0	-1000000000.0	-1000000000.0	Rhodotorula kratochvilovae
C01811	GCA_013036755.1_ASM1303675v1	Rhodotorula mucilaginosa	neg	False	False	False	4	27.7	15.2	-1000000000.0	15.2	Rhodotorula mucilaginosa
C01812	GCA_051805505.1_RkraJCM10450v2	Rhodotorula kratochvilovae	neg	False	False	False	1	28.9	-1000000000.0	-1000000000.0	-1000000000.0	Rhodotorula kratochvilovae
C01813	GCA_050403165.1_Rt_graminis_JCM3775v1	Rhodotorula graminis	neg	False	False	False	1	30.0	-1000000000.0	-1000000000.0	-1000000000.0	
C01814	GCA_019189915.1_ASM1918991v1	Rhodotorula mucilaginosa	neg	False	False	False	6	28.5	-1000000000.0	-1000000000.0	-1000000000.0	Rhodotorula mucilaginosa
C01815	GCA_002806785.1_ASM280678v1	Rhodotorula mucilaginosa	neg	False	False	False	5	28.9	-1000000000.0	-1000000000.0	-1000000000.0	Rhodotorula mucilaginosa
C01816	GCA_007990605.1_Rt10032-v1	Rhodotorula toruloides	neg	False	False	False	2	28.1	-1000000000.0	-1000000000.0	-1000000000.0	Rhodotorula toruloides
C01817	GCA_013036955.1_ASM1303695v1	Rhodotorula mucilaginosa	neg	False	False	False	1	28.5	-1000000000.0	-1000000000.0	-1000000000.0	Rhodotorula mucilaginosa
C01818	GCA_019190885.1_ASM1919088v1	Rhodotorula mucilaginosa	neg	False	False	False	8	28.1	-1000000000.0	-1000000000.0	-1000000000.0	Rhodotorula mucilaginosa
C01819	GCA_019190035.1_ASM1919003v1	Rhodotorula mucilaginosa	neg	False	False	False	5	30.0	-1000000000.0	-1000000000.0	-1000000000.0	Rhodotorula mucilaginosa
C01820	GCA_963855895.1_AIST536MM15v1	Rhodotorula toruloides	neg	False	False	False	2	28.5	-1000000000.0	-1000000000.0	-1000000000.0	Rhodotorula toruloides
C01821	GCA_006352295.1_UMAN_Rdio_1.0	Rhodotorula diobovata	neg	False	False	False	6	29.6	-1000000000.0	-1000000000.0	-1000000000.0	
C01822	GCA_013036615.1_ASM1303661v1	Rhodotorula mucilaginosa	neg	False	False	False	3	28.9	-1000000000.0	-1000000000.0	-1000000000.0	Rhodotorula mucilaginosa
C01823	GCA_001600115.1_JCM_10020_assembly_v001	Rhodotorula toruloides	neg	False	False	False	3	28.1	-1000000000.0	-1000000000.0	-1000000000.0	Rhodotorula toruloides
C01824	GCA_001600155.1_JCM_10049_assembly_v001	Rhodotorula toruloides	neg	False	False	False	5	29.3	-1000000000.0	-1000000000.0	-1000000000.0	Rhodotorula toruloides
C01825	GCA_033458335.1_ASM3345833v1	Rhodotorula paludigena	neg	False	False	False	5	31.6	-1000000000.0	-1000000000.0	-1000000000.0	
C01826	GCA_001255795.1_IFO0880_HGAP3_v1	Rhodotorula toruloides	neg	False	False	False	2	27.7	-1000000000.0	-1000000000.0	-1000000000.0	Rhodotorula toruloides
C01827	GCA_056149925.1_EIMB_Rkra_OB1_1.0	Rhodotorula kratochvilovae	neg	False	False	False	3	28.9	-1000000000.0	-1000000000.0	-1000000000.0	Rhodotorula kratochvilovae
C01828	GCF_050403205.1_Rt_paludigena_JCM10292v1	Rhodotorula paludigena	neg	False	False	False	2	27.3	-1000000000.0	-1000000000.0	-1000000000.0	
C01829	GCA_050403245.1_Rt_toruloides_NBRC10512v1	Rhodotorula toruloides	neg	False	False	False	16	31.2	-1000000000.0	-1000000000.0	-1000000000.0	Rhodotorula toruloides
C01830	GCA_001541205.1_Rhosp1	Rhodotorula sp. JG-1b	neg	False	False	False	4	31.6	-1000000000.0	-1000000000.0	-1000000000.0	
C01831	GCA_021654155.1_ASM2165415v1	Rhodotorula sp. CC01	neg	False	False	False	1	29.6	-1000000000.0	-1000000000.0	-1000000000.0	
C01832	GCA_051308255.1_Rhoto_ATCC26217_1	Rhodotorula toruloides	neg	False	False	False	3	28.5	-1000000000.0	-1000000000.0	-1000000000.0	Rhodotorula toruloides
C01833	GCA_024713535.1_ASM2471353v1	Rhodotorula sphaerocarpa	neg	False	False	False	3	29.6	-1000000000.0	-1000000000.0	-1000000000.0	
C01834	GCA_051805515.1_RkraJCM10449v2	Rhodotorula kratochvilovae	neg	False	False	False	5	30.0	-1000000000.0	-1000000000.0	-1000000000.0	Rhodotorula kratochvilovae
C01835	GCA_036244875.1_Rhopal_B15_v1.0	Rhodotorula paludigena	neg	False	False	False	1	28.9	-1000000000.0	-1000000000.0	-1000000000.0	
C01836	GCA_920103735.2_Hybrid_genome_assembly_and_annotation_-DBVPG_8058	Rhodotorula babjevae	neg	False	False	False	8	31.2	-1000000000.0	-1000000000.0	-1000000000.0	
C01837	GCA_019190345.1_ASM1919034v1	Rhodotorula mucilaginosa	neg	False	False	False	4	28.9	-1000000000.0	-1000000000.0	-1000000000.0	Rhodotorula mucilaginosa
C01838	GCA_050403085.1_Rt_araucariae_JCM3770v1	Rhodotorula araucariae	neg	False	False	False	3	27.7	-1000000000.0	-1000000000.0	-1000000000.0	
C01839	GCA_019189595.1_ASM1918959v1	Rhodotorula mucilaginosa	neg	False	False	False	2	28.5	-1000000000.0	-1000000000.0	-1000000000.0	Rhodotorula mucilaginosa
C01840	GCA_920103745.3_Hybrid_genome_assembly_and_annotation	Rhodotorula glutinis	neg	False	False	True	4	28.5	-1000000000.0	-1000000000.0	-1000000000.0	Rhodotorula glutinis
C01841	GCA_036244875.1_Rhopal_B15_v1.0	Rhodotorula paludigena	neg	False	False	False	3	28.5	-1000000000.0	-1000000000.0	-1000000000.0	
C01842	GCA_050403505.1_S_salmonicolor_JCM1841v1	Sporobolomyces salmonicolor	neg	False	False	False	9	27.7	-1000000000.0	-1000000000.0	-1000000000.0	
C01843	GCA_013036505.1_ASM1303650v1	Rhodotorula mucilaginosa	neg	False	False	False	4	28.5	-1000000000.0	-1000000000.0	-1000000000.0	Rhodotorula mucilaginosa
C01844	GCA_005281665.1_ASM528166v1	Rhodotorula paludigena	neg	False	False	False	9	27.3	-1000000000.0	-1000000000.0	-1000000000.0	
C01845	GCA_013036905.1_ASM1303690v1	Rhodotorula mucilaginosa	neg	False	False	False	1	31.2	-1000000000.0	12.2	12.2	Rhodotorula mucilaginosa
C01846	GCA_057930215.1_Rhodotorula_pacifica_RDY01_v1	Rhodotorula pacifica	neg	False	False	False	5	28.9	-1000000000.0	-1000000000.0	-1000000000.0	
C01847	GCA_016584205.1_ASM1658420v1	Rhodotorula mucilaginosa	neg	False	False	False	1	30.0	-1000000000.0	-1000000000.0	-1000000000.0	Rhodotorula mucilaginosa
C01848	GCA_920104245.2_Hybrid_genome_assembly_and_annotation	Rhodotorula babjevae	neg	False	False	False	3	27.3	-1000000000.0	-1000000000.0	-1000000000.0	
C01849	GCA_019775605.1_ASM1977560v1	Rhodotorula kratochvilovae	neg	False	False	False	7	28.5	-1000000000.0	-1000000000.0	-1000000000.0	Rhodotorula kratochvilovae
C01850	GCA_019190635.1_ASM1919063v1	Rhodotorula mucilaginosa	neg	False	False	False	2	28.1	-1000000000.0	-1000000000.0	-1000000000.0	Rhodotorula mucilaginosa
C01851	GCA_056149925.1_EIMB_Rkra_OB1_1.0	Rhodotorula kratochvilovae	neg	False	False	False	2	23.1	-1000000000.0	-1000000000.0	-1000000000.0	Rhodotorula kratochvilovae
C01852	GCF_001329695.1_Rhoba1_1	Rhodotorula graminis	neg	False	False	False	33	33.1	-1000000000.0	-1000000000.0	-1000000000.0	
C01853	GCA_015501985.1_ASM1550198v1	Rhodotorula glutinis	neg	False	False	False	1	29.3	-1000000000.0	-1000000000.0	-1000000000.0	Rhodotorula glutinis
C01854	GCA_016584205.1_ASM1658420v1	Rhodotorula mucilaginosa	neg	False	False	False	1	32.0	-1000000000.0	-1000000000.0	-1000000000.0	Rhodotorula mucilaginosa
C01855	GCA_019189675.1_ASM1918967v1	Rhodotorula mucilaginosa	neg	False	False	False	1	28.9	-1000000000.0	-1000000000.0	-1000000000.0	Rhodotorula mucilaginosa
C01856	GCA_019802825.1_ASM1980282v1	Rhodotorula mucilaginosa	neg	False	False	False	4	27.7	15.2	-1000000000.0	15.2	Rhodotorula mucilaginosa
C01857	GCA_025502755.1_ASM2550275v1	Rhodotorula mucilaginosa	neg	False	False	False	7	29.3	-1000000000.0	14.9	14.9	Rhodotorula mucilaginosa
C01858	GCA_029694785.1_ASM2969478v1	Rhodotorula toruloides	neg	False	False	False	2	33.1	-1000000000.0	-1000000000.0	-1000000000.0	Rhodotorula toruloides
C01859	GCA_019190795.1_ASM1919079v1	Rhodotorula mucilaginosa	neg	False	False	False	1	31.2	-1000000000.0	12.2	12.2	Rhodotorula mucilaginosa
C01860	GCA_013036825.1_ASM1303682v1	Rhodotorula mucilaginosa	neg	False	False	False	2	28.9	-1000000000.0	-1000000000.0	-1000000000.0	Rhodotorula mucilaginosa
C01861	GCA_019775605.1_ASM1977560v1	Rhodotorula kratochvilovae	neg	False	False	False	2	28.1	-1000000000.0	-1000000000.0	-1000000000.0	Rhodotorula kratochvilovae
C01862	GCA_051805495.1_RsphJCM8202v2	Rhodotorula sphaerocarpa	neg	False	False	False	2	28.5	-1000000000.0	-1000000000.0	-1000000000.0	
C01863	GCA_019189415.1_ASM1918941v1	Rhodotorula mucilaginosa	neg	False	False	False	1	28.5	-1000000000.0	-1000000000.0	-1000000000.0	Rhodotorula mucilaginosa
C01864	GCA_019190145.1_ASM1919014v1	Rhodotorula mucilaginosa	neg	False	False	False	2	28.5	-1000000000.0	-1000000000.0	-1000000000.0	Rhodotorula mucilaginosa
C01865	GCA_021654155.1_ASM2165415v1	Rhodotorula sp. CC01	neg	False	False	False	4	34.7	-1000000000.0	-1000000000.0	-1000000000.0	
C01866	GCA_030983975.1_UCSB_Rmuci_1.0	Rhodotorula sphaerocarpa	neg	False	False	False	3	28.9	-1000000000.0	-1000000000.0	-1000000000.0	
C01867	GCA_009806315.1_ASM980631v1	Rhodotorula sp. ZM1	neg	False	False	False	3	30.4	-1000000000.0	-1000000000.0	-1000000000.0	
C01868	GCA_013036825.1_ASM1303682v1	Rhodotorula mucilaginosa	neg	False	False	False	3	28.9	-1000000000.0	-1000000000.0	-1000000000.0	Rhodotorula mucilaginosa
C01869	GCA_003055205.1_ASM305520v1	Rhodotorula mucilaginosa	neg	False	False	False	4	28.1	-1000000000.0	-1000000000.0	-1000000000.0	Rhodotorula mucilaginosa
C01870	GCA_001600115.1_JCM_10020_assembly_v001	Rhodotorula toruloides	neg	False	False	False	34	28.9	-1000000000.0	-1000000000.0	-1000000000.0	Rhodotorula toruloides
C01871	GCA_000988805.1_ASM98880v1	Rhodotorula toruloides	neg	False	False	False	7	28.1	-1000000000.0	-1000000000.0	-1000000000.0	Rhodotorula toruloides
C01872	GCA_000258745.1_ASM25874v1	Rhodotorula toruloides	neg	False	False	False	2	28.5	-1000000000.0	-1000000000.0	-1000000000.0	Rhodotorula toruloides
C01873	GCA_019803015.1_ASM1980301v1	Rhodotorula mucilaginosa	neg	False	False	False	4	27.3	-1000000000.0	-1000000000.0	-1000000000.0	Rhodotorula mucilaginosa
C01874	GCA_019190035.1_ASM1919003v1	Rhodotorula mucilaginosa	neg	False	False	False	5	35.0	-1000000000.0	20.2	20.2	Rhodotorula mucilaginosa
C01875	GCA_019190745.1_ASM1919074v1	Rhodotorula mucilaginosa	neg	False	False	False	5	45.8	-1000000000.0	14.6	14.6	Rhodotorula mucilaginosa
C01876	GCA_029694785.1_ASM2969478v1	Rhodotorula toruloides	neg	False	False	False	4	29.3	-1000000000.0	-1000000000.0	-1000000000.0	Rhodotorula toruloides
C01877	GCA_019189755.1_ASM1918975v1	Rhodotorula mucilaginosa	neg	False	False	False	6	28.5	-1000000000.0	-1000000000.0	-1000000000.0	Rhodotorula mucilaginosa
C01878	GCA_013036665.1_ASM1303666v1	Rhodotorula mucilaginosa	neg	False	False	False	1	28.5	-1000000000.0	-1000000000.0	-1000000000.0	Rhodotorula mucilaginosa
C01879	GCA_019190885.1_ASM1919088v1	Rhodotorula mucilaginosa	neg	False	False	False	1	28.5	-1000000000.0	-1000000000.0	-1000000000.0	Rhodotorula mucilaginosa
C01880	GCA_013036365.1_ASM1303636v1	Rhodotorula mucilaginosa	neg	False	False	False	2	28.5	-1000000000.0	-1000000000.0	-1000000000.0	Rhodotorula mucilaginosa
C01881	GCA_041430435.1_ASM4143043v1	Rhodotorula mucilaginosa	neg	False	False	False	5	45.8	-1000000000.0	14.6	14.6	Rhodotorula mucilaginosa
C01882	GCA_013036305.1_ASM1303630v1	Rhodotorula mucilaginosa	neg	False	False	False	3	32.3	-1000000000.0	-1000000000.0	-1000000000.0	Rhodotorula mucilaginosa
C01883	GCA_001456015.1_ASM145601v1	Rhodotorula toruloides	neg	False	False	False	2	29.3	-1000000000.0	-1000000000.0	-1000000000.0	Rhodotorula toruloides
C01884	GCA_000988805.1_ASM98880v1	Rhodotorula toruloides	neg	False	False	False	6	29.3	-1000000000.0	-1000000000.0	-1000000000.0	Rhodotorula toruloides
C01885	GCA_019190765.1_ASM1919076v1	Rhodotorula mucilaginosa	neg	False	False	False	2	28.1	-1000000000.0	-1000000000.0	-1000000000.0	Rhodotorula mucilaginosa
C01886	GCA_013030405.1_ASM1303040v1	Rhodotorula mucilaginosa	neg	False	False	False	3	28.9	-1000000000.0	-1000000000.0	-1000000000.0	Rhodotorula mucilaginosa
C01887	GCA_050403085.1_Rt_araucariae_JCM3770v1	Rhodotorula araucariae	neg	False	False	False	1	28.9	-1000000000.0	-1000000000.0	-1000000000.0	
C01888	GCA_025502745.1_ASM2550274v1	Rhodotorula mucilaginosa	neg	False	False	False	2	28.5	-1000000000.0	-1000000000.0	-1000000000.0	Rhodotorula mucilaginosa
C01889	GCA_001600215.1_JCM_24501_assembly_v001	Rhodotorula toruloides	neg	False	False	False	7	28.5	-1000000000.0	-1000000000.0	-1000000000.0	Rhodotorula toruloides
C01890	GCA_025502945.1_ASM2550294v1	Rhodotorula mucilaginosa	neg	False	False	False	3	28.9	-1000000000.0	-1000000000.0	-1000000000.0	Rhodotorula mucilaginosa
C01891	GCA_019190705.1_ASM1919070v1	Rhodotorula mucilaginosa	neg	False	False	False	5	45.8	-1000000000.0	14.6	14.6	Rhodotorula mucilaginosa
C01892	GCA_019189395.1_ASM1918939v1	Rhodotorula mucilaginosa	neg	False	False	False	1	28.5	-1000000000.0	-1000000000.0	-1000000000.0	Rhodotorula mucilaginosa
C01893	GCA_012922825.1_ASM1292282v1	Rhodotorula mucilaginosa	neg	False	False	False	9	28.1	-1000000000.0	-1000000000.0	-1000000000.0	Rhodotorula mucilaginosa
C01894	GCA_003055205.1_ASM305520v1	Rhodotorula mucilaginosa	neg	False	False	False	7	28.5	-1000000000.0	-1000000000.0	-1000000000.0	Rhodotorula mucilaginosa
C01895	GCA_019802825.1_ASM1980282v1	Rhodotorula mucilaginosa	neg	False	False	False	1	28.1	-1000000000.0	-1000000000.0	-1000000000.0	Rhodotorula mucilaginosa
C01896	GCA_041430455.1_ASM4143045v1	Rhodotorula mucilaginosa	neg	False	False	False	2	27.7	-1000000000.0	-1000000000.0	-1000000000.0	Rhodotorula mucilaginosa
C01897	GCF_050403185.1_Rt_pacifica_JCM10908v1	Rhodotorula pacifica	neg	False	False	False	4	29.6	-1000000000.0	-1000000000.0	-1000000000.0	
C01898	GCA_000988805.1_ASM98880v1	Rhodotorula toruloides	neg	False	False	False	3	28.5	-1000000000.0	-1000000000.0	-1000000000.0	Rhodotorula toruloides
C01899	GCA_001542265.1_ASM154226v1	Rhodotorula toruloides	neg	False	False	False	3	29.6	-1000000000.0	-1000000000.0	-1000000000.0	Rhodotorula toruloides
C01900	GCA_024748845.1_ASM2474884v1	Rhodotorula mucilaginosa	neg	False	False	True	2	28.5	-1000000000.0	-1000000000.0	-1000000000.0	Rhodotorula mucilaginosa
C01901	GCA_001914285.1_FNED7-bin-22	Rhodotorula sp. FNED7-22	neg	False	False	False	3	30.0	-1000000000.0	-1000000000.0	-1000000000.0	
C01902	GCA_024500305.1_UAEM_Rmus_1.0	Rhodotorula mucilaginosa	neg	False	False	False	2	33.1	-1000000000.0	-1000000000.0	-1000000000.0	Rhodotorula mucilaginosa
C01903	GCA_012922805.1_ASM1292280v1	Rhodotorula mucilaginosa	neg	False	False	False	6	28.5	-1000000000.0	-1000000000.0	-1000000000.0	Rhodotorula mucilaginosa
C01904	GCA_001542305.1_ASM154230v1	Rhodotorula toruloides	neg	False	False	False	28	29.3	-1000000000.0	-1000000000.0	-1000000000.0	Rhodotorula toruloides
C01905	GCA_019189595.1_ASM1918959v1	Rhodotorula mucilaginosa	neg	False	False	False	11	28.9	-1000000000.0	-1000000000.0	-1000000000.0	Rhodotorula mucilaginosa
C01906	GCA_012922695.1_ASM1292269v1	Rhodotorula mucilaginosa	neg	False	False	False	2	28.5	-1000000000.0	-1000000000.0	-1000000000.0	Rhodotorula mucilaginosa
C01907	GCA_019671115.1_ASM1967111v1	Rhodotorula paludigena	neg	False	False	False	9	31.6	-1000000000.0	-1000000000.0	-1000000000.0	
C01908	GCA_005059875.1_ASM505987v1	Rhodotorula sp. CCFEE 5036	neg	False	False	False	2	28.9	-1000000000.0	-1000000000.0	-1000000000.0	
C01909	GCA_013036655.1_ASM1303665v1	Rhodotorula mucilaginosa	neg	False	False	False	6	34.3	-1000000000.0	20.2	20.2	Rhodotorula mucilaginosa
C01910	GCA_001373355.1_SPOSA68321A01	Sporobolomyces salmonicolor	neg	False	False	False	2	28.5	-1000000000.0	-1000000000.0	-1000000000.0	
C01911	GCA_022817825.1_ASM2281782v1	Rhodotorula kratochvilovae	neg	False	False	False	1	31.2	-1000000000.0	-1000000000.0	-1000000000.0	Rhodotorula kratochvilovae
C01912	GCA_040807085.1_ASM4080708v1	Rhodotorula toruloides	neg	False	False	False	16	27.7	10.6	-1000000000.0	10.6	Rhodotorula toruloides
C01913	GCA_012922825.1_ASM1292282v1	Rhodotorula mucilaginosa	neg	False	False	False	3	28.9	-1000000000.0	-1000000000.0	-1000000000.0	Rhodotorula mucilaginosa
C01914	GCA_051805595.1_RtJCM10020v2	Rhodotorula toruloides	neg	False	False	False	2	28.1	-1000000000.0	-1000000000.0	-1000000000.0	Rhodotorula toruloides
C01915	GCA_019189665.1_ASM1918966v1	Rhodotorula mucilaginosa	neg	False	False	False	4	27.7	15.2	-1000000000.0	15.2	Rhodotorula mucilaginosa
C01916	GCA_050403245.1_Rt_toruloides_NBRC10512v1	Rhodotorula toruloides	neg	False	False	False	2	28.1	-1000000000.0	-1000000000.0	-1000000000.0	Rhodotorula toruloides
C01917	GCA_013036655.1_ASM1303665v1	Rhodotorula mucilaginosa	neg	False	False	False	3	28.9	-1000000000.0	-1000000000.0	-1000000000.0	Rhodotorula mucilaginosa
C01918	GCA_050403085.1_Rt_araucariae_JCM3770v1	Rhodotorula araucariae	neg	False	False	False	5	28.1	-1000000000.0	-1000000000.0	-1000000000.0	
C01919	GCA_019775595.1_ASM1977559v1	Rhodotorula kratochvilovae	neg	False	False	False	2	28.9	-1000000000.0	-1000000000.0	-1000000000.0	Rhodotorula kratochvilovae
C01920	GCA_019190795.1_ASM1919079v1	Rhodotorula mucilaginosa	neg	False	False	False	5	27.7	15.2	-1000000000.0	15.2	Rhodotorula mucilaginosa
C01921	GCA_019190145.1_ASM1919014v1	Rhodotorula mucilaginosa	neg	False	False	False	5	27.7	-1000000000.0	-1000000000.0	-1000000000.0	Rhodotorula mucilaginosa
C01922	GCA_037974285.1_ASM3797428v1	Rhodotorula glutinis	neg	False	False	False	1	30.0	-1000000000.0	-1000000000.0	-1000000000.0	Rhodotorula glutinis
C01923	GCA_019189525.1_ASM1918952v1	Rhodotorula mucilaginosa	neg	False	False	False	2	28.5	-1000000000.0	-1000000000.0	-1000000000.0	Rhodotorula mucilaginosa
C01924	GCA_019189475.1_ASM1918947v1	Rhodotorula mucilaginosa	neg	False	False	False	3	28.1	-1000000000.0	-1000000000.0	-1000000000.0	Rhodotorula mucilaginosa
C01925	GCA_041430375.1_ASM4143037v1	Rhodotorula mucilaginosa	neg	False	False	False	1	28.5	-1000000000.0	-1000000000.0	-1000000000.0	Rhodotorula mucilaginosa
C01926	GCA_038381065.1_ASM3838106v1	Rhodotorula sp. BUB8	neg	False	False	False	10	30.4	-1000000000.0	-1000000000.0	-1000000000.0	
C01927	GCA_018687845.1_ASM1868784v1	Rhodotorula mucilaginosa	neg	False	False	False	3	28.9	-1000000000.0	-1000000000.0	-1000000000.0	Rhodotorula mucilaginosa
C01928	GCA_019059545.1_ASM1905954v1	Rhodotorula sp. VS67	neg	False	False	False	2	29.6	-1000000000.0	-1000000000.0	-1000000000.0	
C01929	GCA_001600215.1_JCM_24501_assembly_v001	Rhodotorula toruloides	neg	False	False	False	5	29.6	-1000000000.0	-1000000000.0	-1000000000.0	Rhodotorula toruloides
C01930	GCA_030867695.1_ASM3086769v1	Rhodotorula sp. CP72-2	neg	False	False	False	31	28.5	-1000000000.0	-1000000000.0	-1000000000.0	
C01931	GCA_030983975.1_UCSB_Rmuci_1.0	Rhodotorula sphaerocarpa	neg	False	False	False	11	29.3	-1000000000.0	-1000000000.0	-1000000000.0	
C01932	GCA_013036505.1_ASM1303650v1	Rhodotorula mucilaginosa	neg	False	False	False	3	28.9	-1000000000.0	-1000000000.0	-1000000000.0	Rhodotorula mucilaginosa
C01933	GCA_019190385.1_ASM1919038v1	Rhodotorula mucilaginosa	neg	False	False	False	14	29.6	-1000000000.0	-1000000000.0	-1000000000.0	Rhodotorula mucilaginosa
C01934	GCA_019671035.1_ASM1967103v1	Rhodotorula mucilaginosa	neg	False	False	False	2	28.1	-1000000000.0	-1000000000.0	-1000000000.0	Rhodotorula mucilaginosa
C01935	GCA_034509285.1_ASM3450928v1	Rhodotorula toruloides	neg	False	False	False	2	30.8	-1000000000.0	-1000000000.0	-1000000000.0	Rhodotorula toruloides
C01936	GCA_050403525.1_S_salmonicolor_JCM21900v1	Sporobolomyces salmonicolor	neg	False	False	False	8	31.2	-1000000000.0	-1000000000.0	-1000000000.0	
C01937	GCA_025502925.1_ASM2550292v1	Rhodotorula mucilaginosa	neg	False	False	False	12	28.9	-1000000000.0	-1000000000.0	-1000000000.0	Rhodotorula mucilaginosa
C01938	GCA_040807085.1_ASM4080708v1	Rhodotorula toruloides	neg	False	False	False	14	26.2	-1000000000.0	-1000000000.0	-1000000000.0	Rhodotorula toruloides
C01939	GCA_024184655.1_ASM2418465v1	Rhodotorula mucilaginosa	neg	False	False	False	6	32.3	-1000000000.0	-1000000000.0	-1000000000.0	Rhodotorula mucilaginosa
C01940	GCA_056149925.1_EIMB_Rkra_OB1_1.0	Rhodotorula kratochvilovae	neg	False	False	False	3	28.5	-1000000000.0	-1000000000.0	-1000000000.0	Rhodotorula kratochvilovae
C01941	GCA_019190495.1_ASM1919049v1	Rhodotorula mucilaginosa	neg	False	False	False	2	27.3	-1000000000.0	-1000000000.0	-1000000000.0	Rhodotorula mucilaginosa
C01942	GCA_025502755.1_ASM2550275v1	Rhodotorula mucilaginosa	neg	False	False	False	7	30.4	-1000000000.0	-1000000000.0	-1000000000.0	Rhodotorula mucilaginosa
C01943	GCA_019190965.1_ASM1919096v1	Rhodotorula mucilaginosa	neg	False	False	False	1	28.5	-1000000000.0	-1000000000.0	-1000000000.0	Rhodotorula mucilaginosa
C01944	GCA_025502725.1_ASM2550272v1	Rhodotorula mucilaginosa	neg	False	False	False	1	31.2	-1000000000.0	12.2	12.2	Rhodotorula mucilaginosa
C01945	GCA_013036715.1_ASM1303671v1	Rhodotorula mucilaginosa	neg	False	False	False	4	27.7	15.2	-1000000000.0	15.2	Rhodotorula mucilaginosa
C01946	GCA_963379285.1_SMGC_7569_bin.1_MetaWRAP_v1.2.1_MAG	Rhodotorula sp. JG-1b	neg	False	False	False	10	29.3	-1000000000.0	-1000000000.0	-1000000000.0	
C01947	GCA_024748845.1_ASM2474884v1	Rhodotorula mucilaginosa	neg	False	False	True	4	45.1	-1000000000.0	14.6	14.6	Rhodotorula mucilaginosa
C01948	GCA_019191155.1_ASM1919115v1	Rhodotorula mucilaginosa	neg	False	False	False	2	28.1	-1000000000.0	-1000000000.0	-1000000000.0	Rhodotorula mucilaginosa
C01949	GCA_050403085.1_Rt_araucariae_JCM3770v1	Rhodotorula araucariae	neg	False	False	False	3	28.5	-1000000000.0	-1000000000.0	-1000000000.0	
C01950	GCA_002917965.1_ASM291796v1	Rhodotorula kratochvilovae	neg	False	False	True	2	28.9	-1000000000.0	-1000000000.0	-1000000000.0	Rhodotorula kratochvilovae
C01951	GCA_051805495.1_RsphJCM8202v2	Rhodotorula sphaerocarpa	neg	False	False	False	3	28.5	-1000000000.0	-1000000000.0	-1000000000.0	
C01952	GCA_019189525.1_ASM1918952v1	Rhodotorula mucilaginosa	neg	False	False	False	3	28.1	-1000000000.0	-1000000000.0	-1000000000.0	Rhodotorula mucilaginosa
C01953	GCA_051805595.1_RtJCM10020v2	Rhodotorula toruloides	neg	False	False	False	3	30.8	-1000000000.0	-1000000000.0	-1000000000.0	Rhodotorula toruloides
C01954	GCA_035220585.1_ASM3522058v1	Rhodotorula toruloides	neg	False	False	False	2	31.2	-1000000000.0	-1000000000.0	-1000000000.0	Rhodotorula toruloides
C01955	GCA_051805515.1_RkraJCM10449v2	Rhodotorula kratochvilovae	neg	False	False	False	14	28.5	-1000000000.0	-1000000000.0	-1000000000.0	Rhodotorula kratochvilovae
C01956	GCA_002917965.1_ASM291796v1	Rhodotorula kratochvilovae	neg	False	False	True	2	29.6	-1000000000.0	-1000000000.0	-1000000000.0	Rhodotorula kratochvilovae
C01957	GCA_019189395.1_ASM1918939v1	Rhodotorula mucilaginosa	neg	False	False	False	4	27.7	15.2	-1000000000.0	15.2	Rhodotorula mucilaginosa
C01958	GCA_921037615.3_Hybrid_genome_assembly_and_annotation_02	Rhodotorula toruloides	neg	False	False	True	3	30.8	-1000000000.0	-1000000000.0	-1000000000.0	Rhodotorula toruloides
C01959	GCA_005387725.1_ASM538772v1	Rhodotorula toruloides	neg	False	False	False	5	28.1	-1000000000.0	-1000000000.0	-1000000000.0	Rhodotorula toruloides
C01960	GCA_013036305.1_ASM1303630v1	Rhodotorula mucilaginosa	neg	False	False	False	6	34.3	-1000000000.0	20.2	20.2	Rhodotorula mucilaginosa
C01961	GCA_001600215.1_JCM_24501_assembly_v001	Rhodotorula toruloides	neg	False	False	False	6	28.9	-1000000000.0	-1000000000.0	-1000000000.0	Rhodotorula toruloides
C01962	GCA_013036735.1_ASM1303673v1	Rhodotorula mucilaginosa	neg	False	False	False	3	28.5	-1000000000.0	-1000000000.0	-1000000000.0	Rhodotorula mucilaginosa
C01963	GCA_019671035.1_ASM1967103v1	Rhodotorula mucilaginosa	neg	False	False	False	8	27.3	-1000000000.0	-1000000000.0	-1000000000.0	Rhodotorula mucilaginosa
C01964	GCA_001600115.1_JCM_10020_assembly_v001	Rhodotorula toruloides	neg	False	False	False	2	28.5	-1000000000.0	-1000000000.0	-1000000000.0	Rhodotorula toruloides
C01965	GCA_001600155.1_JCM_10049_assembly_v001	Rhodotorula toruloides	neg	False	False	False	2	28.5	-1000000000.0	-1000000000.0	-1000000000.0	Rhodotorula toruloides
C01966	GCA_040807085.1_ASM4080708v1	Rhodotorula toruloides	neg	False	False	False	10	27.7	-1000000000.0	-1000000000.0	-1000000000.0	Rhodotorula toruloides
C01967	GCA_005281665.1_ASM528166v1	Rhodotorula paludigena	neg	False	False	False	9	28.1	-1000000000.0	-1000000000.0	-1000000000.0	
C01968	GCA_023628275.1_ASM2362827v1	Rhodotorula sp. M30-05A-2	neg	False	False	False	2	30.0	-1000000000.0	-1000000000.0	-1000000000.0	
C01969	GCA_019802905.1_ASM1980290v1	Rhodotorula mucilaginosa	neg	False	False	False	4	28.1	-1000000000.0	-1000000000.0	-1000000000.0	Rhodotorula mucilaginosa
C01970	GCA_023078535.2_ASM2307853v2	Rhodotorula toruloides	neg	False	False	False	2	29.6	-1000000000.0	-1000000000.0	-1000000000.0	Rhodotorula toruloides
C01971	GCA_019190605.1_ASM1919060v1	Rhodotorula mucilaginosa	neg	False	False	False	1	28.5	-1000000000.0	-1000000000.0	-1000000000.0	Rhodotorula mucilaginosa
C01972	GCA_005387725.1_ASM538772v1	Rhodotorula toruloides	neg	False	False	False	5	28.1	-1000000000.0	-1000000000.0	-1000000000.0	Rhodotorula toruloides
C01973	GCA_019189985.1_ASM1918998v1	Rhodotorula mucilaginosa	neg	False	False	False	1	28.5	-1000000000.0	-1000000000.0	-1000000000.0	Rhodotorula mucilaginosa
C01974	GCA_001542305.1_ASM154230v1	Rhodotorula toruloides	neg	False	False	False	1	30.8	-1000000000.0	-1000000000.0	-1000000000.0	Rhodotorula toruloides
C01975	GCA_012922805.1_ASM1292280v1	Rhodotorula mucilaginosa	neg	False	False	False	1	31.2	-1000000000.0	12.2	12.2	Rhodotorula mucilaginosa
C01976	GCA_024734855.1_ASM2473485v1	Rhodotorula toruloides	neg	False	False	False	33	28.9	-1000000000.0	-1000000000.0	-1000000000.0	Rhodotorula toruloides
C01977	GCA_001541205.1_Rhosp1	Rhodotorula sp. JG-1b	neg	False	False	False	8	28.9	-1000000000.0	-1000000000.0	-1000000000.0	
C01978	GCA_019775385.1_ASM1977538v1	Rhodotorula kratochvilovae	neg	False	False	False	3	28.9	-1000000000.0	-1000000000.0	-1000000000.0	Rhodotorula kratochvilovae
C01979	GCA_050403085.1_Rt_araucariae_JCM3770v1	Rhodotorula araucariae	neg	False	False	False	1	29.3	-1000000000.0	-1000000000.0	-1000000000.0	
C01980	GCA_012922805.1_ASM1292280v1	Rhodotorula mucilaginosa	neg	False	False	False	3	28.5	-1000000000.0	-1000000000.0	-1000000000.0	Rhodotorula mucilaginosa
C01981	GCA_019190805.1_ASM1919080v1	Rhodotorula mucilaginosa	neg	False	False	False	4	28.9	-1000000000.0	-1000000000.0	-1000000000.0	Rhodotorula mucilaginosa
C01982	GCA_051313295.1_ASM5131329v1	Rhodotorula diobovata	neg	False	False	False	3	29.3	-1000000000.0	-1000000000.0	-1000000000.0	
C01983	GCA_019775595.1_ASM1977559v1	Rhodotorula kratochvilovae	neg	False	False	False	3	27.7	-1000000000.0	-1000000000.0	-1000000000.0	Rhodotorula kratochvilovae
C01984	GCA_001373355.1_SPOSA68321A01	Sporobolomyces salmonicolor	neg	False	False	False	2	28.9	-1000000000.0	-1000000000.0	-1000000000.0	
C01985	GCA_051805575.1_RtJCM10049v2	Rhodotorula toruloides	neg	False	False	False	10	28.1	-1000000000.0	-1000000000.0	-1000000000.0	Rhodotorula toruloides
C01986	GCA_024500305.1_UAEM_Rmus_1.0	Rhodotorula mucilaginosa	neg	False	False	False	1	29.3	-1000000000.0	-1000000000.0	-1000000000.0	Rhodotorula mucilaginosa
C01987	GCA_019189545.1_ASM1918954v1	Rhodotorula mucilaginosa	neg	False	False	False	3	31.2	-1000000000.0	-1000000000.0	-1000000000.0	Rhodotorula mucilaginosa
C01988	GCA_005059875.1_ASM505987v1	Rhodotorula sp. CCFEE 5036	neg	False	False	False	5	28.9	-1000000000.0	-1000000000.0	-1000000000.0	
C01989	GCA_019189345.1_ASM1918934v1	Rhodotorula mucilaginosa	neg	False	False	False	2	28.9	-1000000000.0	-1000000000.0	-1000000000.0	Rhodotorula mucilaginosa
C01990	GCA_019190135.1_ASM1919013v1	Rhodotorula mucilaginosa	neg	False	False	False	3	36.6	-1000000000.0	-1000000000.0	-1000000000.0	Rhodotorula mucilaginosa
C01991	GCA_004143675.1_ASM414367v1	Rhodotorula mucilaginosa	neg	False	False	False	1	28.5	-1000000000.0	-1000000000.0	-1000000000.0	Rhodotorula mucilaginosa
C01992	GCA_019189905.1_ASM1918990v1	Rhodotorula mucilaginosa	neg	False	False	False	6	28.5	-1000000000.0	-1000000000.0	-1000000000.0	Rhodotorula mucilaginosa
C01993	GCA_001541205.1_Rhosp1	Rhodotorula sp. JG-1b	neg	False	False	False	3	30.0	-1000000000.0	-1000000000.0	-1000000000.0	
C01994	GCA_019190745.1_ASM1919074v1	Rhodotorula mucilaginosa	neg	False	False	False	1	28.5	-1000000000.0	-1000000000.0	-1000000000.0	Rhodotorula mucilaginosa
C01995	GCA_001600215.1_JCM_24501_assembly_v001	Rhodotorula toruloides	neg	False	False	False	4	28.5	-1000000000.0	-1000000000.0	-1000000000.0	Rhodotorula toruloides
C01996	GCA_051805565.1_RtJCM10295v2	Rhodotorula toruloides	neg	False	False	False	1	28.9	-1000000000.0	-1000000000.0	-1000000000.0	Rhodotorula toruloides
C01997	GCA_019189475.1_ASM1918947v1	Rhodotorula mucilaginosa	neg	False	False	False	7	31.6	-1000000000.0	-1000000000.0	-1000000000.0	Rhodotorula mucilaginosa
C01998	GCA_019189985.1_ASM1918998v1	Rhodotorula mucilaginosa	neg	False	False	False	4	27.7	-1000000000.0	-1000000000.0	-1000000000.0	Rhodotorula mucilaginosa
C01999	GCA_051805575.1_RtJCM10049v2	Rhodotorula toruloides	neg	False	False	False	2	29.3	-1000000000.0	-1000000000.0	-1000000000.0	Rhodotorula toruloides
C02000	GCA_012922825.1_ASM1292282v1	Rhodotorula mucilaginosa	neg	False	False	False	1	31.2	-1000000000.0	12.2	12.2	Rhodotorula mucilaginosa
C02001	GCA_019189475.1_ASM1918947v1	Rhodotorula mucilaginosa	neg	False	False	False	2	28.5	-1000000000.0	-1000000000.0	-1000000000.0	Rhodotorula mucilaginosa
C02002	GCA_019190705.1_ASM1919070v1	Rhodotorula mucilaginosa	neg	False	False	False	3	29.6	-1000000000.0	-1000000000.0	-1000000000.0	Rhodotorula mucilaginosa
C02003	GCA_012922695.1_ASM1292269v1	Rhodotorula mucilaginosa	neg	False	False	False	4	28.9	-1000000000.0	-1000000000.0	-1000000000.0	Rhodotorula mucilaginosa
C02004	GCA_050403145.1_Rt_glutinis_JCM8208v1	Rhodotorula glutinis	neg	False	False	False	2	28.5	-1000000000.0	-1000000000.0	-1000000000.0	Rhodotorula glutinis
C02005	GCA_019189915.1_ASM1918991v1	Rhodotorula mucilaginosa	neg	False	False	False	1	28.9	-1000000000.0	-1000000000.0	-1000000000.0	Rhodotorula mucilaginosa
C02006	GCA_005281665.1_ASM528166v1	Rhodotorula paludigena	neg	False	False	False	3	28.1	-1000000000.0	-1000000000.0	-1000000000.0	
C02007	GCA_019303655.1_ASM1930365v1	Rhodotorula mucilaginosa	neg	False	False	False	11	28.9	-1000000000.0	-1000000000.0	-1000000000.0	Rhodotorula mucilaginosa
C02008	GCA_019059545.1_ASM1905954v1	Rhodotorula sp. VS67	neg	False	False	False	23	46.6	-1000000000.0	20.5	20.5	
C02009	GCA_023078535.2_ASM2307853v2	Rhodotorula toruloides	neg	False	False	False	1	29.6	-1000000000.0	-1000000000.0	-1000000000.0	Rhodotorula toruloides
C02010	GCA_025502915.1_ASM2550291v1	Rhodotorula mucilaginosa	neg	False	False	False	3	29.3	-1000000000.0	-1000000000.0	-1000000000.0	Rhodotorula mucilaginosa
C02011	GCA_921037615.3_Hybrid_genome_assembly_and_annotation_02	Rhodotorula toruloides	neg	False	False	True	1	28.9	-1000000000.0	-1000000000.0	-1000000000.0	Rhodotorula toruloides
C02012	GCA_057542475.1_Rhodotorula_sp._strain_HGY2	Rhodotorula sp. HGY2	neg	False	False	False	1	28.1	-1000000000.0	-1000000000.0	-1000000000.0	
C02013	GCA_921037615.3_Hybrid_genome_assembly_and_annotation_02	Rhodotorula toruloides	neg	False	False	True	2	28.1	-1000000000.0	-1000000000.0	-1000000000.0	Rhodotorula toruloides
C02014	GCA_023628235.1_ASM2362823v1	Rhodotorula sp. S30-09	neg	False	False	False	7	31.2	-1000000000.0	15.4	15.4	
C02015	GCA_019190795.1_ASM1919079v1	Rhodotorula mucilaginosa	neg	False	False	False	5	28.9	-1000000000.0	-1000000000.0	-1000000000.0	Rhodotorula mucilaginosa
C02016	GCA_029873615.1_ASM2987361v1	Rhodotorula paludigena	neg	False	False	False	3	30.0	-1000000000.0	-1000000000.0	-1000000000.0	
C02017	GCA_019805405.1_ASM1980540v1	Rhodotorula mucilaginosa	neg	False	False	False	2	28.5	-1000000000.0	-1000000000.0	-1000000000.0	Rhodotorula mucilaginosa
C02018	GCA_007990605.1_Rt10032-v1	Rhodotorula toruloides	neg	False	False	False	1	31.6	-1000000000.0	-1000000000.0	-1000000000.0	Rhodotorula toruloides
C02019	GCA_012922825.1_ASM1292282v1	Rhodotorula mucilaginosa	neg	False	False	False	4	30.0	-1000000000.0	-1000000000.0	-1000000000.0	Rhodotorula mucilaginosa
C02020	GCA_046118745.1_ASM4611874v1	Sporobolomyces pararoseus	neg	False	False	False	2	27.7	-1000000000.0	-1000000000.0	-1000000000.0	
C02021	GCA_019775595.1_ASM1977559v1	Rhodotorula kratochvilovae	neg	False	False	False	3	29.3	-1000000000.0	-1000000000.0	-1000000000.0	Rhodotorula kratochvilovae
C02022	GCA_024500305.1_UAEM_Rmus_1.0	Rhodotorula mucilaginosa	neg	False	False	False	4	32.0	-1000000000.0	-1000000000.0	-1000000000.0	Rhodotorula mucilaginosa
C02023	GCA_025502915.1_ASM2550291v1	Rhodotorula mucilaginosa	neg	False	False	False	4	29.6	-1000000000.0	-1000000000.0	-1000000000.0	Rhodotorula mucilaginosa
C02024	GCA_051805505.1_RkraJCM10450v2	Rhodotorula kratochvilovae	neg	False	False	False	20	30.0	-1000000000.0	-1000000000.0	-1000000000.0	Rhodotorula kratochvilovae
C02025	GCA_029694785.1_ASM2969478v1	Rhodotorula toruloides	neg	False	False	False	7	29.6	-1000000000.0	-1000000000.0	-1000000000.0	Rhodotorula toruloides
C02026	GCA_920104245.2_Hybrid_genome_assembly_and_annotation	Rhodotorula babjevae	neg	False	False	False	2	28.9	-1000000000.0	-1000000000.0	-1000000000.0	
C02027	GCA_024184655.1_ASM2418465v1	Rhodotorula mucilaginosa	neg	False	False	False	5	45.8	-1000000000.0	14.6	14.6	Rhodotorula mucilaginosa
C02028	GCA_024748845.1_ASM2474884v1	Rhodotorula mucilaginosa	neg	False	False	True	1	30.4	-1000000000.0	-1000000000.0	-1000000000.0	Rhodotorula mucilaginosa
C02029	GCA_001456015.1_ASM145601v1	Rhodotorula toruloides	neg	False	False	False	2	27.3	-1000000000.0	-1000000000.0	-1000000000.0	Rhodotorula toruloides
C02030	GCA_019189795.1_ASM1918979v1	Rhodotorula mucilaginosa	neg	False	False	False	4	28.5	-1000000000.0	-1000000000.0	-1000000000.0	Rhodotorula mucilaginosa
C02031	GCA_051805595.1_RtJCM10020v2	Rhodotorula toruloides	neg	False	False	False	3	28.5	-1000000000.0	-1000000000.0	-1000000000.0	Rhodotorula toruloides
C02032	GCA_013036355.1_ASM1303635v1	Rhodotorula mucilaginosa	neg	False	False	False	6	28.5	-1000000000.0	-1000000000.0	-1000000000.0	Rhodotorula mucilaginosa
C02033	GCA_013036715.1_ASM1303671v1	Rhodotorula mucilaginosa	neg	False	False	False	1	28.9	-1000000000.0	-1000000000.0	-1000000000.0	Rhodotorula mucilaginosa
C02034	GCA_019190605.1_ASM1919060v1	Rhodotorula mucilaginosa	neg	False	False	False	2	28.5	-1000000000.0	-1000000000.0	-1000000000.0	Rhodotorula mucilaginosa
C02035	GCA_019190795.1_ASM1919079v1	Rhodotorula mucilaginosa	neg	False	False	False	4	30.0	-1000000000.0	-1000000000.0	-1000000000.0	Rhodotorula mucilaginosa
C02036	GCA_024184655.1_ASM2418465v1	Rhodotorula mucilaginosa	neg	False	False	False	3	27.7	-1000000000.0	13.1	13.1	Rhodotorula mucilaginosa
C02037	GCA_019190125.1_ASM1919012v1	Rhodotorula mucilaginosa	neg	False	False	False	2	28.9	-1000000000.0	-1000000000.0	-1000000000.0	Rhodotorula mucilaginosa
C02038	GCA_005387725.1_ASM538772v1	Rhodotorula toruloides	neg	False	False	False	3	26.9	-1000000000.0	-1000000000.0	-1000000000.0	Rhodotorula toruloides
C02039	GCA_019190935.1_ASM1919093v1	Rhodotorula mucilaginosa	neg	False	False	False	2	28.9	-1000000000.0	-1000000000.0	-1000000000.0	Rhodotorula mucilaginosa
C02040	GCA_019190365.1_ASM1919036v1	Rhodotorula mucilaginosa	neg	False	False	False	5	32.3	-1000000000.0	-1000000000.0	-1000000000.0	Rhodotorula mucilaginosa
C02041	GCA_012922805.1_ASM1292280v1	Rhodotorula mucilaginosa	neg	False	False	False	2	29.3	-1000000000.0	-1000000000.0	-1000000000.0	Rhodotorula mucilaginosa
C02042	GCA_028828645.1_ASM2882864v1	Rhodotorula sp. PL61-2	neg	False	False	False	5	35.8	-1000000000.0	-1000000000.0	-1000000000.0	
C02043	GCA_002250355.1_RIT389_v1	Rhodotorula mucilaginosa	neg	False	False	False	1	28.5	-1000000000.0	-1000000000.0	-1000000000.0	Rhodotorula mucilaginosa
C02044	GCA_001542305.1_ASM154230v1	Rhodotorula toruloides	neg	False	False	False	5	28.1	-1000000000.0	-1000000000.0	-1000000000.0	Rhodotorula toruloides
C02045	GCA_019189905.1_ASM1918990v1	Rhodotorula mucilaginosa	neg	False	False	False	6	28.5	-1000000000.0	-1000000000.0	-1000000000.0	Rhodotorula mucilaginosa
C02046	GCA_041430455.1_ASM4143045v1	Rhodotorula mucilaginosa	neg	False	False	False	2	28.9	-1000000000.0	-1000000000.0	-1000000000.0	Rhodotorula mucilaginosa
C02047	GCA_024734855.1_ASM2473485v1	Rhodotorula toruloides	neg	False	False	False	3	29.3	-1000000000.0	-1000000000.0	-1000000000.0	Rhodotorula toruloides
C02048	GCA_019189995.1_ASM1918999v1	Rhodotorula mucilaginosa	neg	False	False	False	1	31.2	-1000000000.0	12.2	12.2	Rhodotorula mucilaginosa
C02049	GCA_019191075.1_ASM1919107v1	Rhodotorula mucilaginosa	neg	False	False	False	7	28.5	-1000000000.0	-1000000000.0	-1000000000.0	Rhodotorula mucilaginosa
C02050	GCA_019189885.1_ASM1918988v1	Rhodotorula mucilaginosa	neg	False	False	False	2	28.1	-1000000000.0	-1000000000.0	-1000000000.0	Rhodotorula mucilaginosa
C02051	GCA_019190015.1_ASM1919001v1	Rhodotorula mucilaginosa	neg	False	False	False	1	28.1	-1000000000.0	-1000000000.0	-1000000000.0	Rhodotorula mucilaginosa
C02052	GCA_019190495.1_ASM1919049v1	Rhodotorula mucilaginosa	neg	False	False	False	6	34.3	-1000000000.0	20.2	20.2	Rhodotorula mucilaginosa
C02053	GCA_019189545.1_ASM1918954v1	Rhodotorula mucilaginosa	neg	False	False	False	1	28.9	-1000000000.0	-1000000000.0	-1000000000.0	Rhodotorula mucilaginosa
C02054	GCA_019190135.1_ASM1919013v1	Rhodotorula mucilaginosa	neg	False	False	False	14	28.9	-1000000000.0	-1000000000.0	-1000000000.0	Rhodotorula mucilaginosa
C02055	GCA_024184655.1_ASM2418465v1	Rhodotorula mucilaginosa	neg	False	False	False	27	28.1	-1000000000.0	-1000000000.0	-1000000000.0	Rhodotorula mucilaginosa
C02056	GCA_023078535.2_ASM2307853v2	Rhodotorula toruloides	neg	False	False	False	14	28.5	-1000000000.0	-1000000000.0	-1000000000.0	Rhodotorula toruloides
C02057	GCA_000931965.1_ASM93196v1	Rhodotorula mucilaginosa	neg	False	False	False	3	29.6	-1000000000.0	-1000000000.0	-1000000000.0	Rhodotorula mucilaginosa
C02058	GCA_024500305.1_UAEM_Rmus_1.0	Rhodotorula mucilaginosa	neg	False	False	False	2	28.1	-1000000000.0	-1000000000.0	-1000000000.0	Rhodotorula mucilaginosa
C02059	GCA_012922725.1_ASM1292272v1	Rhodotorula mucilaginosa	neg	False	False	False	1	28.5	-1000000000.0	-1000000000.0	-1000000000.0	Rhodotorula mucilaginosa
C02060	GCA_013030415.1_ASM1303041v1	Rhodotorula mucilaginosa	neg	False	False	False	5	28.9	-1000000000.0	-1000000000.0	-1000000000.0	Rhodotorula mucilaginosa
C02061	GCA_019190015.1_ASM1919001v1	Rhodotorula mucilaginosa	neg	False	False	False	3	27.7	-1000000000.0	-1000000000.0	-1000000000.0	Rhodotorula mucilaginosa
C02062	GCA_051805545.1_RtJCM10296v2	Rhodotorula toruloides	neg	False	False	False	3	28.5	-1000000000.0	-1000000000.0	-1000000000.0	Rhodotorula toruloides
C02063	GCA_019190135.1_ASM1919013v1	Rhodotorula mucilaginosa	neg	False	False	False	28	27.7	-1000000000.0	-1000000000.0	-1000000000.0	Rhodotorula mucilaginosa
C02064	GCA_019190135.1_ASM1919013v1	Rhodotorula mucilaginosa	neg	False	False	False	1	28.9	-1000000000.0	-1000000000.0	-1000000000.0	Rhodotorula mucilaginosa
C02065	GCA_028828615.1_ASM2882861v1	Rhodotorula paludigena	neg	False	False	False	4	28.5	-1000000000.0	-1000000000.0	-1000000000.0	
C02066	GCA_002806785.1_ASM280678v1	Rhodotorula mucilaginosa	neg	False	False	False	1	28.5	-1000000000.0	-1000000000.0	-1000000000.0	Rhodotorula mucilaginosa
C02067	GCA_019775605.1_ASM1977560v1	Rhodotorula kratochvilovae	neg	False	False	False	7	30.0	-1000000000.0	-1000000000.0	-1000000000.0	Rhodotorula kratochvilovae
C02068	GCA_019189665.1_ASM1918966v1	Rhodotorula mucilaginosa	neg	False	False	False	1	28.5	-1000000000.0	-1000000000.0	-1000000000.0	Rhodotorula mucilaginosa
C02069	GCA_019803015.1_ASM1980301v1	Rhodotorula mucilaginosa	neg	False	False	False	4	28.5	-1000000000.0	-1000000000.0	-1000000000.0	Rhodotorula mucilaginosa
C02070	GCA_019802805.1_ASM1980280v1	Rhodotorula mucilaginosa	neg	False	False	False	5	33.9	-1000000000.0	-1000000000.0	-1000000000.0	Rhodotorula mucilaginosa
C02071	GCA_019190585.1_ASM1919058v1	Rhodotorula mucilaginosa	neg	False	False	False	15	28.9	-1000000000.0	-1000000000.0	-1000000000.0	Rhodotorula mucilaginosa
C02072	GCA_051805585.1_RtJCM10021v2	Rhodotorula toruloides	neg	False	False	False	1	28.1	-1000000000.0	-1000000000.0	-1000000000.0	Rhodotorula toruloides
C02073	GCA_019190705.1_ASM1919070v1	Rhodotorula mucilaginosa	neg	False	False	False	7	29.3	-1000000000.0	14.9	14.9	Rhodotorula mucilaginosa
C02074	GCA_003055205.1_ASM305520v1	Rhodotorula mucilaginosa	neg	False	False	False	3	29.3	-1000000000.0	-1000000000.0	-1000000000.0	Rhodotorula mucilaginosa
C02075	GCA_029694785.1_ASM2969478v1	Rhodotorula toruloides	neg	False	False	False	4	29.6	-1000000000.0	-1000000000.0	-1000000000.0	Rhodotorula toruloides
C02076	GCF_001329695.1_Rhoba1_1	Rhodotorula graminis	neg	False	False	False	5	28.5	-1000000000.0	-1000000000.0	-1000000000.0	
C02077	GCA_012922835.1_ASM1292283v1	Rhodotorula mucilaginosa	neg	False	False	False	3	28.5	-1000000000.0	-1000000000.0	-1000000000.0	Rhodotorula mucilaginosa
C02078	GCA_001600135.1_JCM_10021_assembly_v001	Rhodotorula toruloides	neg	False	False	False	2	29.6	-1000000000.0	-1000000000.0	-1000000000.0	Rhodotorula toruloides
C02079	GCA_024500305.1_UAEM_Rmus_1.0	Rhodotorula mucilaginosa	neg	False	False	False	36	29.3	-1000000000.0	-1000000000.0	-1000000000.0	Rhodotorula mucilaginosa
C02080	GCA_019926025.1_ASM1992602v1	Rhodotorula kratochvilovae	neg	False	False	False	3	28.5	-1000000000.0	-1000000000.0	-1000000000.0	Rhodotorula kratochvilovae
C02081	GCA_028828645.1_ASM2882864v1	Rhodotorula sp. PL61-2	neg	False	False	False	8	32.3	-1000000000.0	-1000000000.0	-1000000000.0	
C02082	GCA_019189395.1_ASM1918939v1	Rhodotorula mucilaginosa	neg	False	False	False	10	28.9	-1000000000.0	-1000000000.0	-1000000000.0	Rhodotorula mucilaginosa
C02083	GCA_055801775.1_ASM5580177v1	Rhodotorula mucilaginosa	neg	False	False	False	1	28.5	-1000000000.0	-1000000000.0	-1000000000.0	Rhodotorula mucilaginosa
C02084	GCA_920103735.2_Hybrid_genome_assembly_and_annotation_-DBVPG_8058	Rhodotorula babjevae	neg	False	False	False	2	25.4	-1000000000.0	-1000000000.0	-1000000000.0	
C02085	GCA_028828615.1_ASM2882861v1	Rhodotorula paludigena	neg	False	False	False	4	27.7	-1000000000.0	-1000000000.0	-1000000000.0	
C02086	GCA_055801775.1_ASM5580177v1	Rhodotorula mucilaginosa	neg	False	False	False	24	28.1	-1000000000.0	-1000000000.0	-1000000000.0	Rhodotorula mucilaginosa
C02087	GCA_019190525.1_ASM1919052v1	Rhodotorula mucilaginosa	neg	False	False	False	7	28.5	-1000000000.0	-1000000000.0	-1000000000.0	Rhodotorula mucilaginosa
C02088	GCA_041430375.1_ASM4143037v1	Rhodotorula mucilaginosa	neg	False	False	False	2	28.9	-1000000000.0	-1000000000.0	-1000000000.0	Rhodotorula mucilaginosa
C02089	GCA_019190605.1_ASM1919060v1	Rhodotorula mucilaginosa	neg	False	False	False	2	28.1	-1000000000.0	-1000000000.0	-1000000000.0	Rhodotorula mucilaginosa
C02090	GCA_019190895.1_ASM1919089v1	Rhodotorula mucilaginosa	neg	False	False	False	3	28.9	-1000000000.0	-1000000000.0	-1000000000.0	Rhodotorula mucilaginosa
C02091	GCA_019189975.1_ASM1918997v1	Rhodotorula mucilaginosa	neg	False	False	False	1	28.9	-1000000000.0	-1000000000.0	-1000000000.0	Rhodotorula mucilaginosa
C02092	GCA_019802895.1_ASM1980289v1	Rhodotorula mucilaginosa	neg	False	False	False	1	30.0	-1000000000.0	-1000000000.0	-1000000000.0	Rhodotorula mucilaginosa
C02093	GCA_033458335.1_ASM3345833v1	Rhodotorula paludigena	neg	False	False	False	6	28.5	-1000000000.0	-1000000000.0	-1000000000.0	
C02094	GCA_019190345.1_ASM1919034v1	Rhodotorula mucilaginosa	neg	False	False	False	3	28.1	-1000000000.0	-1000000000.0	-1000000000.0	Rhodotorula mucilaginosa
C02095	GCA_024734855.1_ASM2473485v1	Rhodotorula toruloides	neg	False	False	False	3	28.9	-1000000000.0	-1000000000.0	-1000000000.0	Rhodotorula toruloides
C02096	GCA_023628195.1_ASM2362819v1	Rhodotorula mucilaginosa	neg	False	False	False	1	28.5	-1000000000.0	-1000000000.0	-1000000000.0	Rhodotorula mucilaginosa
C02097	GCA_013036445.1_ASM1303644v1	Rhodotorula mucilaginosa	neg	False	False	False	1	28.9	-1000000000.0	-1000000000.0	-1000000000.0	Rhodotorula mucilaginosa
C02098	GCA_001456015.1_ASM145601v1	Rhodotorula toruloides	neg	False	False	False	7	38.1	-1000000000.0	25.5	25.5	Rhodotorula toruloides
C02099	GCA_013030415.1_ASM1303041v1	Rhodotorula mucilaginosa	neg	False	False	False	12	28.1	-1000000000.0	-1000000000.0	-1000000000.0	Rhodotorula mucilaginosa
C02100	GCA_019189345.1_ASM1918934v1	Rhodotorula mucilaginosa	neg	False	False	False	6	31.6	-1000000000.0	-1000000000.0	-1000000000.0	Rhodotorula mucilaginosa
C02101	GCA_050403245.1_Rt_toruloides_NBRC10512v1	Rhodotorula toruloides	neg	False	False	False	3	28.5	-1000000000.0	-1000000000.0	-1000000000.0	Rhodotorula toruloides
C02102	GCA_013036895.1_ASM1303689v1	Rhodotorula mucilaginosa	neg	False	False	False	3	29.3	-1000000000.0	-1000000000.0	-1000000000.0	Rhodotorula mucilaginosa
C02103	GCA_025502945.1_ASM2550294v1	Rhodotorula mucilaginosa	neg	False	False	False	4	30.0	-1000000000.0	-1000000000.0	-1000000000.0	Rhodotorula mucilaginosa
C02104	GCA_012922835.1_ASM1292283v1	Rhodotorula mucilaginosa	neg	False	False	False	8	34.3	-1000000000.0	-1000000000.0	-1000000000.0	Rhodotorula mucilaginosa
C02105	GCA_009806315.1_ASM980631v1	Rhodotorula sp. ZM1	neg	False	False	False	1	30.8	-1000000000.0	-1000000000.0	-1000000000.0	
C02106	GCF_000320785.1_RHOziaDV1.0	Rhodotorula toruloides	neg	False	False	False	28	28.9	-1000000000.0	-1000000000.0	-1000000000.0	Rhodotorula toruloides
C02107	GCA_019190965.1_ASM1919096v1	Rhodotorula mucilaginosa	neg	False	False	False	12	28.9	-1000000000.0	-1000000000.0	-1000000000.0	Rhodotorula mucilaginosa
C02108	GCA_051805545.1_RtJCM10296v2	Rhodotorula toruloides	neg	False	False	False	1	32.3	-1000000000.0	-1000000000.0	-1000000000.0	Rhodotorula toruloides
C02109	GCA_037040695.1_ASM3704069v1	Rhodotorula mucilaginosa	neg	False	False	False	1	28.9	-1000000000.0	-1000000000.0	-1000000000.0	Rhodotorula mucilaginosa
C02110	GCA_001600135.1_JCM_10021_assembly_v001	Rhodotorula toruloides	neg	False	False	False	1	28.9	-1000000000.0	-1000000000.0	-1000000000.0	Rhodotorula toruloides
C02111	GCA_005387725.1_ASM538772v1	Rhodotorula toruloides	neg	False	False	False	1	28.1	-1000000000.0	-1000000000.0	-1000000000.0	Rhodotorula toruloides
C02112	GCA_025502755.1_ASM2550275v1	Rhodotorula mucilaginosa	neg	False	False	False	1	30.0	-1000000000.0	-1000000000.0	-1000000000.0	Rhodotorula mucilaginosa
C02113	GCA_050403165.1_Rt_graminis_JCM3775v1	Rhodotorula graminis	neg	False	False	False	4	30.4	-1000000000.0	-1000000000.0	-1000000000.0	
C02114	GCA_019189525.1_ASM1918952v1	Rhodotorula mucilaginosa	neg	False	False	False	2	31.2	-1000000000.0	-1000000000.0	-1000000000.0	Rhodotorula mucilaginosa
C02115	GCA_051805495.1_RsphJCM8202v2	Rhodotorula sphaerocarpa	neg	False	False	False	3	29.3	-1000000000.0	-1000000000.0	-1000000000.0	
C02116	GCA_007990605.1_Rt10032-v1	Rhodotorula toruloides	neg	False	False	False	1	28.9	-1000000000.0	-1000000000.0	-1000000000.0	Rhodotorula toruloides
C02117	GCA_013036755.1_ASM1303675v1	Rhodotorula mucilaginosa	neg	False	False	False	1	28.5	-1000000000.0	-1000000000.0	-1000000000.0	Rhodotorula mucilaginosa
C02118	GCA_019189475.1_ASM1918947v1	Rhodotorula mucilaginosa	neg	False	False	False	3	28.9	-1000000000.0	-1000000000.0	-1000000000.0	Rhodotorula mucilaginosa
C02119	GCA_002806785.1_ASM280678v1	Rhodotorula mucilaginosa	neg	False	False	False	2	35.4	-1000000000.0	-1000000000.0	-1000000000.0	Rhodotorula mucilaginosa
C02120	GCA_037974285.1_ASM3797428v1	Rhodotorula glutinis	neg	False	False	False	7	29.3	-1000000000.0	-1000000000.0	-1000000000.0	Rhodotorula glutinis
C02121	GCA_028828615.1_ASM2882861v1	Rhodotorula paludigena	neg	False	False	False	1	28.1	-1000000000.0	-1000000000.0	-1000000000.0	
C02122	GCA_024500305.1_UAEM_Rmus_1.0	Rhodotorula mucilaginosa	neg	False	False	False	2	28.5	-1000000000.0	-1000000000.0	-1000000000.0	Rhodotorula mucilaginosa
C02123	GCA_040807085.1_ASM4080708v1	Rhodotorula toruloides	neg	False	False	False	9	26.9	-1000000000.0	-1000000000.0	-1000000000.0	Rhodotorula toruloides
C02124	GCA_003055205.1_ASM305520v1	Rhodotorula mucilaginosa	neg	False	False	False	3	28.9	-1000000000.0	-1000000000.0	-1000000000.0	Rhodotorula mucilaginosa
C02125	GCA_002917965.1_ASM291796v1	Rhodotorula kratochvilovae	neg	False	False	True	5	28.9	-1000000000.0	-1000000000.0	-1000000000.0	Rhodotorula kratochvilovae
C02126	GCA_013036835.1_ASM1303683v1	Rhodotorula mucilaginosa	neg	False	False	False	2	28.1	-1000000000.0	-1000000000.0	-1000000000.0	Rhodotorula mucilaginosa
C02127	GCA_041430375.1_ASM4143037v1	Rhodotorula mucilaginosa	neg	False	False	False	2	28.5	-1000000000.0	-1000000000.0	-1000000000.0	Rhodotorula mucilaginosa
C02128	GCA_013036505.1_ASM1303650v1	Rhodotorula mucilaginosa	neg	False	False	False	4	27.3	-1000000000.0	-1000000000.0	-1000000000.0	Rhodotorula mucilaginosa
C02129	GCA_057930215.1_Rhodotorula_pacifica_RDY01_v1	Rhodotorula pacifica	neg	False	False	False	7	28.5	-1000000000.0	-1000000000.0	-1000000000.0	
C02130	GCA_019671115.1_ASM1967111v1	Rhodotorula paludigena	neg	False	False	False	18	29.3	-1000000000.0	-1000000000.0	-1000000000.0	
C02131	GCA_001255795.1_IFO0880_HGAP3_v1	Rhodotorula toruloides	neg	False	False	False	3	29.6	-1000000000.0	-1000000000.0	-1000000000.0	Rhodotorula toruloides
C02132	GCA_030983975.1_UCSB_Rmuci_1.0	Rhodotorula sphaerocarpa	neg	False	False	False	3	29.3	-1000000000.0	-1000000000.0	-1000000000.0	
C02133	GCA_963855895.1_AIST536MM15v1	Rhodotorula toruloides	neg	False	False	False	2	30.4	-1000000000.0	-1000000000.0	-1000000000.0	Rhodotorula toruloides
C02134	GCA_019923515.1_ASM1992351v1	Rhodotorula kratochvilovae	neg	False	False	False	32	30.4	-1000000000.0	-1000000000.0	-1000000000.0	Rhodotorula kratochvilovae
C02135	GCA_051313295.1_ASM5131329v1	Rhodotorula diobovata	neg	False	False	False	3	28.1	-1000000000.0	-1000000000.0	-1000000000.0	
C02136	GCA_019189675.1_ASM1918967v1	Rhodotorula mucilaginosa	neg	False	False	False	3	28.9	-1000000000.0	-1000000000.0	-1000000000.0	Rhodotorula mucilaginosa
C02137	GCA_013036895.1_ASM1303689v1	Rhodotorula mucilaginosa	neg	False	False	False	4	28.1	-1000000000.0	-1000000000.0	-1000000000.0	Rhodotorula mucilaginosa
C02138	GCA_965239605.3_Hybrid_Genome_assembly_Updated-_INGCA000000200-3	Rhodotorula pacifica	neg	False	False	False	4	30.0	-1000000000.0	-1000000000.0	-1000000000.0	
C02139	GCA_033458335.1_ASM3345833v1	Rhodotorula paludigena	neg	False	False	False	6	30.0	-1000000000.0	-1000000000.0	-1000000000.0	
C02140	GCA_021654155.1_ASM2165415v1	Rhodotorula sp. CC01	neg	False	False	False	4	27.7	-1000000000.0	-1000000000.0	-1000000000.0	
C02141	GCA_963855895.1_AIST536MM15v1	Rhodotorula toruloides	neg	False	False	False	15	31.2	-1000000000.0	-1000000000.0	-1000000000.0	Rhodotorula toruloides
C02142	GCA_019303655.1_ASM1930365v1	Rhodotorula mucilaginosa	neg	False	False	False	6	28.5	-1000000000.0	-1000000000.0	-1000000000.0	Rhodotorula mucilaginosa
C02143	GCA_019775605.1_ASM1977560v1	Rhodotorula kratochvilovae	neg	False	False	False	3	28.9	-1000000000.0	-1000000000.0	-1000000000.0	Rhodotorula kratochvilovae
C02144	GCA_050403145.1_Rt_glutinis_JCM8208v1	Rhodotorula glutinis	neg	False	False	False	2	28.1	-1000000000.0	-1000000000.0	-1000000000.0	Rhodotorula glutinis
C02145	GCA_019190605.1_ASM1919060v1	Rhodotorula mucilaginosa	neg	False	False	False	11	28.9	-1000000000.0	-1000000000.0	-1000000000.0	Rhodotorula mucilaginosa
C02146	GCA_025502745.1_ASM2550274v1	Rhodotorula mucilaginosa	neg	False	False	False	1	28.9	-1000000000.0	-1000000000.0	-1000000000.0	Rhodotorula mucilaginosa
C02147	GCA_013036615.1_ASM1303661v1	Rhodotorula mucilaginosa	neg	False	False	False	3	30.4	-1000000000.0	-1000000000.0	-1000000000.0	Rhodotorula mucilaginosa
C02148	GCA_019805405.1_ASM1980540v1	Rhodotorula mucilaginosa	neg	False	False	False	2	29.3	-1000000000.0	-1000000000.0	-1000000000.0	Rhodotorula mucilaginosa
C02149	GCA_051805545.1_RtJCM10296v2	Rhodotorula toruloides	neg	False	False	False	16	33.1	-1000000000.0	-1000000000.0	-1000000000.0	Rhodotorula toruloides
C02150	GCA_002917965.1_ASM291796v1	Rhodotorula kratochvilovae	neg	False	False	True	9	29.3	-1000000000.0	-1000000000.0	-1000000000.0	Rhodotorula kratochvilovae
C02151	GCA_019189415.1_ASM1918941v1	Rhodotorula mucilaginosa	neg	False	False	False	7	30.4	-1000000000.0	-1000000000.0	-1000000000.0	Rhodotorula mucilaginosa
C02152	GCA_019190905.1_ASM1919090v1	Rhodotorula mucilaginosa	neg	False	False	False	3	28.1	-1000000000.0	-1000000000.0	-1000000000.0	Rhodotorula mucilaginosa
C02153	GCA_013036735.1_ASM1303673v1	Rhodotorula mucilaginosa	neg	False	False	False	2	30.8	-1000000000.0	-1000000000.0	-1000000000.0	Rhodotorula mucilaginosa
C02154	GCA_000931965.1_ASM93196v1	Rhodotorula mucilaginosa	neg	False	False	False	13	28.9	-1000000000.0	-1000000000.0	-1000000000.0	Rhodotorula mucilaginosa
C02155	GCA_024734855.1_ASM2473485v1	Rhodotorula toruloides	neg	False	False	False	4	28.1	-1000000000.0	-1000000000.0	-1000000000.0	Rhodotorula toruloides
C02156	GCA_019190705.1_ASM1919070v1	Rhodotorula mucilaginosa	neg	False	False	False	11	28.9	-1000000000.0	-1000000000.0	-1000000000.0	Rhodotorula mucilaginosa
C02157	GCA_023628275.1_ASM2362827v1	Rhodotorula sp. M30-05A-2	neg	False	False	False	2	28.1	-1000000000.0	-1000000000.0	-1000000000.0	
C02158	GCA_019923515.1_ASM1992351v1	Rhodotorula kratochvilovae	neg	False	False	False	2	28.1	-1000000000.0	-1000000000.0	-1000000000.0	Rhodotorula kratochvilovae
C02159	GCA_002922495.1_ASM292249v1	Rhodotorula taiwanensis	neg	False	False	False	2	30.4	-1000000000.0	-1000000000.0	-1000000000.0	
C02160	GCA_019190895.1_ASM1919089v1	Rhodotorula mucilaginosa	neg	False	False	False	3	28.9	-1000000000.0	-1000000000.0	-1000000000.0	Rhodotorula mucilaginosa
C02161	GCA_036320835.1_ASM3632083v1	Rhodotorula mucilaginosa	neg	False	False	False	3	28.1	-1000000000.0	-1000000000.0	-1000000000.0	Rhodotorula mucilaginosa
C02162	GCA_023628235.1_ASM2362823v1	Rhodotorula sp. S30-09	neg	False	False	False	1	32.3	-1000000000.0	-1000000000.0	-1000000000.0	
C02163	GCA_029694785.1_ASM2969478v1	Rhodotorula toruloides	neg	False	False	False	3	28.9	-1000000000.0	-1000000000.0	-1000000000.0	Rhodotorula toruloides
C02164	GCA_029873615.1_ASM2987361v1	Rhodotorula paludigena	neg	False	False	False	6	29.3	-1000000000.0	-1000000000.0	-1000000000.0	
C02165	GCA_019303655.1_ASM1930365v1	Rhodotorula mucilaginosa	neg	False	False	False	3	28.1	-1000000000.0	-1000000000.0	-1000000000.0	Rhodotorula mucilaginosa
C02166	GCA_055801775.1_ASM5580177v1	Rhodotorula mucilaginosa	neg	False	False	False	2	27.7	-1000000000.0	-1000000000.0	-1000000000.0	Rhodotorula mucilaginosa
C02167	GCA_019190385.1_ASM1919038v1	Rhodotorula mucilaginosa	neg	False	False	False	15	28.1	-1000000000.0	-1000000000.0	-1000000000.0	Rhodotorula mucilaginosa
C02168	GCA_019802815.1_ASM1980281v1	Rhodotorula mucilaginosa	neg	False	False	False	1	28.1	-1000000000.0	-1000000000.0	-1000000000.0	Rhodotorula mucilaginosa
C02169	GCA_000258745.1_ASM25874v1	Rhodotorula toruloides	neg	False	False	False	2	30.4	-1000000000.0	-1000000000.0	-1000000000.0	Rhodotorula toruloides
C02170	GCA_013036655.1_ASM1303665v1	Rhodotorula mucilaginosa	neg	False	False	False	2	28.9	-1000000000.0	-1000000000.0	-1000000000.0	Rhodotorula mucilaginosa
C02171	GCA_019189905.1_ASM1918990v1	Rhodotorula mucilaginosa	neg	False	False	False	1	30.0	-1000000000.0	-1000000000.0	-1000000000.0	Rhodotorula mucilaginosa
C02172	GCA_050403525.1_S_salmonicolor_JCM21900v1	Sporobolomyces salmonicolor	neg	False	False	False	5	28.1	-1000000000.0	-1000000000.0	-1000000000.0	
C02173	GCA_050403265.1_Rt_toruloides_NBRC10513v1	Rhodotorula toruloides	neg	False	False	False	2	27.3	-1000000000.0	-1000000000.0	-1000000000.0	Rhodotorula toruloides
C02174	GCA_041430375.1_ASM4143037v1	Rhodotorula mucilaginosa	neg	False	False	False	1	30.0	-1000000000.0	-1000000000.0	-1000000000.0	Rhodotorula mucilaginosa
C02175	GCA_000258745.1_ASM25874v1	Rhodotorula toruloides	neg	False	False	False	9	38.1	-1000000000.0	25.5	25.5	Rhodotorula toruloides
C02176	GCA_025502725.1_ASM2550272v1	Rhodotorula mucilaginosa	neg	False	False	False	3	29.3	-1000000000.0	-1000000000.0	-1000000000.0	Rhodotorula mucilaginosa
C02177	GCA_012922725.1_ASM1292272v1	Rhodotorula mucilaginosa	neg	False	False	False	19	31.2	-1000000000.0	-1000000000.0	-1000000000.0	Rhodotorula mucilaginosa
C02178	GCA_019189915.1_ASM1918991v1	Rhodotorula mucilaginosa	neg	False	False	False	1	31.2	-1000000000.0	12.2	12.2	Rhodotorula mucilaginosa
C02179	GCF_001329695.1_Rhoba1_1	Rhodotorula graminis	neg	False	False	False	4	31.6	-1000000000.0	-1000000000.0	-1000000000.0	
C02180	GCA_019189995.1_ASM1918999v1	Rhodotorula mucilaginosa	neg	False	False	False	3	28.1	-1000000000.0	-1000000000.0	-1000000000.0	Rhodotorula mucilaginosa
C02181	GCA_025502745.1_ASM2550274v1	Rhodotorula mucilaginosa	neg	False	False	False	2	30.4	-1000000000.0	-1000000000.0	-1000000000.0	Rhodotorula mucilaginosa
C02182	GCA_041430435.1_ASM4143043v1	Rhodotorula mucilaginosa	neg	False	False	False	6	34.3	-1000000000.0	20.2	20.2	Rhodotorula mucilaginosa
C02183	GCA_028828615.1_ASM2882861v1	Rhodotorula paludigena	neg	False	False	False	7	32.0	-1000000000.0	-1000000000.0	-1000000000.0	
C02184	GCA_025502865.1_ASM2550286v1	Rhodotorula mucilaginosa	neg	False	False	False	1	28.1	-1000000000.0	-1000000000.0	-1000000000.0	Rhodotorula mucilaginosa
C02185	GCA_019189675.1_ASM1918967v1	Rhodotorula mucilaginosa	neg	False	False	False	2	29.3	-1000000000.0	-1000000000.0	-1000000000.0	Rhodotorula mucilaginosa
C02186	GCA_024500305.1_UAEM_Rmus_1.0	Rhodotorula mucilaginosa	neg	False	False	False	3	28.5	-1000000000.0	-1000000000.0	-1000000000.0	Rhodotorula mucilaginosa
C02187	GCA_019190965.1_ASM1919096v1	Rhodotorula mucilaginosa	neg	False	False	False	6	32.3	-1000000000.0	-1000000000.0	-1000000000.0	Rhodotorula mucilaginosa
C02188	GCA_025502745.1_ASM2550274v1	Rhodotorula mucilaginosa	neg	False	False	False	3	25.4	-1000000000.0	-1000000000.0	-1000000000.0	Rhodotorula mucilaginosa
C02189	GCA_023968905.1_ASM2396890v1	Rhodotorula toruloides	neg	False	False	False	1	28.1	-1000000000.0	-1000000000.0	-1000000000.0	Rhodotorula toruloides
C02190	GCA_019190935.1_ASM1919093v1	Rhodotorula mucilaginosa	neg	False	False	False	23	46.6	-1000000000.0	14.6	14.6	Rhodotorula mucilaginosa
C02191	GCA_034406715.1_ASM3440671v1	Rhodotorula mucilaginosa	neg	False	False	False	1	28.1	-1000000000.0	-1000000000.0	-1000000000.0	Rhodotorula mucilaginosa
C02192	GCA_037126565.1_ASM3712656v1	Rhodotorula toruloides	neg	False	False	False	4	30.4	-1000000000.0	-1000000000.0	-1000000000.0	Rhodotorula toruloides
C02193	GCA_029694785.1_ASM2969478v1	Rhodotorula toruloides	neg	False	False	False	11	28.5	-1000000000.0	-1000000000.0	-1000000000.0	Rhodotorula toruloides
C02194	GCA_019189975.1_ASM1918997v1	Rhodotorula mucilaginosa	neg	False	False	False	4	28.9	-1000000000.0	-1000000000.0	-1000000000.0	Rhodotorula mucilaginosa
C02195	GCA_019775605.1_ASM1977560v1	Rhodotorula kratochvilovae	neg	False	False	False	5	28.1	-1000000000.0	-1000000000.0	-1000000000.0	Rhodotorula kratochvilovae
C02196	GCA_019189905.1_ASM1918990v1	Rhodotorula mucilaginosa	neg	False	False	False	1	28.5	-1000000000.0	-1000000000.0	-1000000000.0	Rhodotorula mucilaginosa
C02197	GCA_012922825.1_ASM1292282v1	Rhodotorula mucilaginosa	neg	False	False	False	2	28.9	-1000000000.0	-1000000000.0	-1000000000.0	Rhodotorula mucilaginosa
C02198	GCA_965239605.3_Hybrid_Genome_assembly_Updated-_INGCA000000200-3	Rhodotorula pacifica	neg	False	False	False	1	29.3	-1000000000.0	-1000000000.0	-1000000000.0	
C02199	GCA_019775385.1_ASM1977538v1	Rhodotorula kratochvilovae	neg	False	False	False	9	27.7	-1000000000.0	-1000000000.0	-1000000000.0	Rhodotorula kratochvilovae
C02200	GCA_030867695.1_ASM3086769v1	Rhodotorula sp. CP72-2	neg	False	False	False	3	31.6	-1000000000.0	-1000000000.0	-1000000000.0	
C02201	GCA_013030395.1_ASM1303039v1	Rhodotorula mucilaginosa	neg	False	False	False	2	32.3	-1000000000.0	-1000000000.0	-1000000000.0	Rhodotorula mucilaginosa
C02202	GCA_025502865.1_ASM2550286v1	Rhodotorula mucilaginosa	neg	False	False	False	1	28.9	-1000000000.0	-1000000000.0	-1000000000.0	Rhodotorula mucilaginosa
C02203	GCA_013036385.1_ASM1303638v1	Rhodotorula mucilaginosa	neg	False	False	False	3	28.9	-1000000000.0	-1000000000.0	-1000000000.0	Rhodotorula mucilaginosa
C02204	GCA_019189395.1_ASM1918939v1	Rhodotorula mucilaginosa	neg	False	False	False	2	28.5	-1000000000.0	-1000000000.0	-1000000000.0	Rhodotorula mucilaginosa
C02205	GCA_038381065.1_ASM3838106v1	Rhodotorula sp. BUB8	neg	False	False	False	5	28.9	-1000000000.0	-1000000000.0	-1000000000.0	
C02206	GCA_000931965.1_ASM93196v1	Rhodotorula mucilaginosa	neg	False	False	False	7	31.6	-1000000000.0	-1000000000.0	-1000000000.0	Rhodotorula mucilaginosa
C02207	GCA_019191155.1_ASM1919115v1	Rhodotorula mucilaginosa	neg	False	False	False	2	28.1	-1000000000.0	-1000000000.0	-1000000000.0	Rhodotorula mucilaginosa
C02208	GCA_050403085.1_Rt_araucariae_JCM3770v1	Rhodotorula araucariae	neg	False	False	False	5	27.3	-1000000000.0	-1000000000.0	-1000000000.0	
C02209	GCA_025502945.1_ASM2550294v1	Rhodotorula mucilaginosa	neg	False	False	False	3	28.9	-1000000000.0	-1000000000.0	-1000000000.0	Rhodotorula mucilaginosa
C02210	GCA_001542265.1_ASM154226v1	Rhodotorula toruloides	neg	False	False	False	3	29.3	-1000000000.0	-1000000000.0	-1000000000.0	Rhodotorula toruloides
C02211	GCA_019190605.1_ASM1919060v1	Rhodotorula mucilaginosa	neg	False	False	False	1	30.0	-1000000000.0	-1000000000.0	-1000000000.0	Rhodotorula mucilaginosa
C02212	GCA_019191075.1_ASM1919107v1	Rhodotorula mucilaginosa	neg	False	False	False	3	28.9	-1000000000.0	-1000000000.0	-1000000000.0	Rhodotorula mucilaginosa
C02213	GCA_019190895.1_ASM1919089v1	Rhodotorula mucilaginosa	neg	False	False	False	3	28.1	-1000000000.0	-1000000000.0	-1000000000.0	Rhodotorula mucilaginosa
C02214	GCA_019189675.1_ASM1918967v1	Rhodotorula mucilaginosa	neg	False	False	False	1	33.9	-1000000000.0	-1000000000.0	-1000000000.0	Rhodotorula mucilaginosa
C02215	GCA_049863195.1_ICGEB_R_pacifica_INDKK	Rhodotorula pacifica	neg	False	False	False	5	31.2	-1000000000.0	-1000000000.0	-1000000000.0	
C02216	GCA_050403125.1_Rt_dairenensis_JCM3774v1	Rhodotorula dairenensis	neg	False	False	False	4	30.0	-1000000000.0	-1000000000.0	-1000000000.0	
C02217	GCA_000988875.2_ASM98887v2	Rhodotorula toruloides	neg	False	False	True	5	29.6	-1000000000.0	-1000000000.0	-1000000000.0	Rhodotorula toruloides
C02218	GCA_937898295.1_SRR6853349_bin.25_CONCOCT_v1.1_MAG	Rhodotorula sp. CCFEE 5036	neg	False	False	False	7	30.4	-1000000000.0	-1000000000.0	-1000000000.0	
C02219	GCA_005059875.1_ASM505987v1	Rhodotorula sp. CCFEE 5036	neg	False	False	False	4	27.3	-1000000000.0	-1000000000.0	-1000000000.0	
C02220	GCA_000258745.1_ASM25874v1	Rhodotorula toruloides	neg	False	False	False	7	28.1	-1000000000.0	-1000000000.0	-1000000000.0	Rhodotorula toruloides
C02221	GCA_019190745.1_ASM1919074v1	Rhodotorula mucilaginosa	neg	False	False	False	4	28.1	-1000000000.0	-1000000000.0	-1000000000.0	Rhodotorula mucilaginosa
C02222	GCA_019189525.1_ASM1918952v1	Rhodotorula mucilaginosa	neg	False	False	False	6	28.5	-1000000000.0	-1000000000.0	-1000000000.0	Rhodotorula mucilaginosa
C02223	GCA_019802895.1_ASM1980289v1	Rhodotorula mucilaginosa	neg	False	False	False	14	28.9	-1000000000.0	-1000000000.0	-1000000000.0	Rhodotorula mucilaginosa
C02224	GCA_019189545.1_ASM1918954v1	Rhodotorula mucilaginosa	neg	False	False	False	2	28.9	-1000000000.0	-1000000000.0	-1000000000.0	Rhodotorula mucilaginosa
C02225	GCA_019190625.1_ASM1919062v1	Rhodotorula mucilaginosa	neg	False	False	False	7	28.9	-1000000000.0	-1000000000.0	-1000000000.0	Rhodotorula mucilaginosa
C02226	GCA_038381065.1_ASM3838106v1	Rhodotorula sp. BUB8	neg	False	False	False	3	28.9	-1000000000.0	-1000000000.0	-1000000000.0	
C02227	GCA_019805405.1_ASM1980540v1	Rhodotorula mucilaginosa	neg	False	False	False	1	28.1	-1000000000.0	-1000000000.0	-1000000000.0	Rhodotorula mucilaginosa
C02228	GCA_019190245.1_ASM1919024v1	Rhodotorula mucilaginosa	neg	False	False	False	3	28.5	-1000000000.0	-1000000000.0	-1000000000.0	Rhodotorula mucilaginosa
C02229	GCA_019190765.1_ASM1919076v1	Rhodotorula mucilaginosa	neg	False	False	False	2	28.1	-1000000000.0	-1000000000.0	-1000000000.0	Rhodotorula mucilaginosa
C02230	GCA_019802805.1_ASM1980280v1	Rhodotorula mucilaginosa	neg	False	False	False	2	28.1	-1000000000.0	-1000000000.0	-1000000000.0	Rhodotorula mucilaginosa
C02231	GCA_012922695.1_ASM1292269v1	Rhodotorula mucilaginosa	neg	False	False	False	5	45.8	-1000000000.0	14.6	14.6	Rhodotorula mucilaginosa
C02232	GCA_019805405.1_ASM1980540v1	Rhodotorula mucilaginosa	neg	False	False	False	1	27.7	-1000000000.0	-1000000000.0	-1000000000.0	Rhodotorula mucilaginosa
C02233	GCA_019190495.1_ASM1919049v1	Rhodotorula mucilaginosa	neg	False	False	False	4	28.1	-1000000000.0	-1000000000.0	-1000000000.0	Rhodotorula mucilaginosa
C02234	GCA_013030405.1_ASM1303040v1	Rhodotorula mucilaginosa	neg	False	False	False	5	32.3	-1000000000.0	-1000000000.0	-1000000000.0	Rhodotorula mucilaginosa
C02235	GCA_019191065.1_ASM1919106v1	Rhodotorula mucilaginosa	neg	False	False	False	2	28.9	-1000000000.0	-1000000000.0	-1000000000.0	Rhodotorula mucilaginosa
C02236	GCA_013030415.1_ASM1303041v1	Rhodotorula mucilaginosa	neg	False	False	False	4	45.8	-1000000000.0	14.6	14.6	Rhodotorula mucilaginosa
C02237	GCA_000988875.2_ASM98887v2	Rhodotorula toruloides	neg	False	False	True	3	28.9	-1000000000.0	-1000000000.0	-1000000000.0	Rhodotorula toruloides
C02238	GCA_013036505.1_ASM1303650v1	Rhodotorula mucilaginosa	neg	False	False	False	2	28.5	-1000000000.0	-1000000000.0	-1000000000.0	Rhodotorula mucilaginosa
C02239	GCA_019189475.1_ASM1918947v1	Rhodotorula mucilaginosa	neg	False	False	False	6	30.4	-1000000000.0	-1000000000.0	-1000000000.0	Rhodotorula mucilaginosa
C02240	GCA_019190605.1_ASM1919060v1	Rhodotorula mucilaginosa	neg	False	False	False	1	27.7	-1000000000.0	-1000000000.0	-1000000000.0	Rhodotorula mucilaginosa
C02241	GCA_012922805.1_ASM1292280v1	Rhodotorula mucilaginosa	neg	False	False	False	2	30.8	-1000000000.0	-1000000000.0	-1000000000.0	Rhodotorula mucilaginosa
C02242	GCA_030867695.1_ASM3086769v1	Rhodotorula sp. CP72-2	neg	False	False	False	10	28.9	-1000000000.0	-1000000000.0	-1000000000.0	
C02243	GCA_019189755.1_ASM1918975v1	Rhodotorula mucilaginosa	neg	False	False	False	4	28.9	-1000000000.0	-1000000000.0	-1000000000.0	Rhodotorula mucilaginosa
C02244	GCA_019190965.1_ASM1919096v1	Rhodotorula mucilaginosa	neg	False	False	False	2	28.1	-1000000000.0	-1000000000.0	-1000000000.0	Rhodotorula mucilaginosa
C02245	GCA_057542475.1_Rhodotorula_sp._strain_HGY2	Rhodotorula sp. HGY2	neg	False	False	False	3	31.2	-1000000000.0	-1000000000.0	-1000000000.0	
C02246	GCF_001329695.1_Rhoba1_1	Rhodotorula graminis	neg	False	False	False	3	29.3	-1000000000.0	-1000000000.0	-1000000000.0	
C02247	GCA_019189755.1_ASM1918975v1	Rhodotorula mucilaginosa	neg	False	False	False	2	28.1	-1000000000.0	-1000000000.0	-1000000000.0	Rhodotorula mucilaginosa
C02248	GCA_019191075.1_ASM1919107v1	Rhodotorula mucilaginosa	neg	False	False	False	3	28.1	-1000000000.0	-1000000000.0	-1000000000.0	Rhodotorula mucilaginosa
C02249	GCA_051805575.1_RtJCM10049v2	Rhodotorula toruloides	neg	False	False	False	13	28.1	-1000000000.0	-1000000000.0	-1000000000.0	Rhodotorula toruloides
C02250	GCA_019189595.1_ASM1918959v1	Rhodotorula mucilaginosa	neg	False	False	False	2	28.9	-1000000000.0	-1000000000.0	-1000000000.0	Rhodotorula mucilaginosa
C02251	GCA_019671115.1_ASM1967111v1	Rhodotorula paludigena	neg	False	False	False	3	28.1	-1000000000.0	-1000000000.0	-1000000000.0	
C02252	GCA_019190245.1_ASM1919024v1	Rhodotorula mucilaginosa	neg	False	False	False	2	27.7	-1000000000.0	-1000000000.0	-1000000000.0	Rhodotorula mucilaginosa
C02253	GCA_921037615.3_Hybrid_genome_assembly_and_annotation_02	Rhodotorula toruloides	neg	False	False	True	4	31.2	-1000000000.0	-1000000000.0	-1000000000.0	Rhodotorula toruloides
C02254	GCA_013036835.1_ASM1303683v1	Rhodotorula mucilaginosa	neg	False	False	False	2	31.2	-1000000000.0	-1000000000.0	-1000000000.0	Rhodotorula mucilaginosa
C02255	GCA_051805495.1_RsphJCM8202v2	Rhodotorula sphaerocarpa	neg	False	False	False	3	28.5	-1000000000.0	-1000000000.0	-1000000000.0	
C02256	GCA_019926025.1_ASM1992602v1	Rhodotorula kratochvilovae	neg	False	False	False	1	28.9	-1000000000.0	-1000000000.0	-1000000000.0	Rhodotorula kratochvilovae
C02257	GCA_019190895.1_ASM1919089v1	Rhodotorula mucilaginosa	neg	False	False	False	1	33.9	-1000000000.0	-1000000000.0	-1000000000.0	Rhodotorula mucilaginosa
C02258	GCA_051805505.1_RkraJCM10450v2	Rhodotorula kratochvilovae	neg	False	False	False	4	29.3	-1000000000.0	-1000000000.0	-1000000000.0	Rhodotorula kratochvilovae
C02259	GCA_019303655.1_ASM1930365v1	Rhodotorula mucilaginosa	neg	False	False	False	6	28.9	-1000000000.0	-1000000000.0	-1000000000.0	Rhodotorula mucilaginosa
C02260	GCA_005281665.1_ASM528166v1	Rhodotorula paludigena	neg	False	False	False	8	28.5	-1000000000.0	-1000000000.0	-1000000000.0	
C02261	GCA_921037615.3_Hybrid_genome_assembly_and_annotation_02	Rhodotorula toruloides	neg	False	False	True	16	22.7	-1000000000.0	-1000000000.0	-1000000000.0	Rhodotorula toruloides
C02262	GCA_012922805.1_ASM1292280v1	Rhodotorula mucilaginosa	neg	False	False	False	1	28.9	-1000000000.0	-1000000000.0	-1000000000.0	Rhodotorula mucilaginosa
C02263	GCA_013036755.1_ASM1303675v1	Rhodotorula mucilaginosa	neg	False	False	False	2	28.9	-1000000000.0	-1000000000.0	-1000000000.0	Rhodotorula mucilaginosa
C02264	GCA_013030415.1_ASM1303041v1	Rhodotorula mucilaginosa	neg	False	False	False	1	28.5	-1000000000.0	-1000000000.0	-1000000000.0	Rhodotorula mucilaginosa
C02265	GCA_015501985.1_ASM1550198v1	Rhodotorula glutinis	neg	False	False	False	11	29.6	-1000000000.0	-1000000000.0	-1000000000.0	Rhodotorula glutinis
C02266	GCA_051805565.1_RtJCM10295v2	Rhodotorula toruloides	neg	False	False	False	1	31.6	-1000000000.0	-1000000000.0	-1000000000.0	Rhodotorula toruloides
C02267	GCA_001373355.1_SPOSA68321A01	Sporobolomyces salmonicolor	neg	False	False	False	5	33.1	-1000000000.0	-1000000000.0	-1000000000.0	
C02268	GCA_006352295.1_UMAN_Rdio_1.0	Rhodotorula diobovata	neg	False	False	False	2	32.0	-1000000000.0	-1000000000.0	-1000000000.0	
C02269	GCA_019189395.1_ASM1918939v1	Rhodotorula mucilaginosa	neg	False	False	False	3	28.1	-1000000000.0	-1000000000.0	-1000000000.0	Rhodotorula mucilaginosa
C02270	GCA_013036355.1_ASM1303635v1	Rhodotorula mucilaginosa	neg	False	False	False	1	28.5	-1000000000.0	-1000000000.0	-1000000000.0	Rhodotorula mucilaginosa
C02271	GCA_019803015.1_ASM1980301v1	Rhodotorula mucilaginosa	neg	False	False	False	5	28.5	-1000000000.0	-1000000000.0	-1000000000.0	Rhodotorula mucilaginosa
C02272	GCA_005387725.1_ASM538772v1	Rhodotorula toruloides	neg	False	False	False	1	28.9	-1000000000.0	-1000000000.0	-1000000000.0	Rhodotorula toruloides
C02273	GCA_019190885.1_ASM1919088v1	Rhodotorula mucilaginosa	neg	False	False	False	1	29.3	-1000000000.0	-1000000000.0	-1000000000.0	Rhodotorula mucilaginosa
C02274	GCA_041430455.1_ASM4143045v1	Rhodotorula mucilaginosa	neg	False	False	False	1	28.1	-1000000000.0	-1000000000.0	-1000000000.0	Rhodotorula mucilaginosa
C02275	GCA_051805515.1_RkraJCM10449v2	Rhodotorula kratochvilovae	neg	False	False	False	1	28.5	-1000000000.0	-1000000000.0	-1000000000.0	Rhodotorula kratochvilovae
C02276	GCA_013036615.1_ASM1303661v1	Rhodotorula mucilaginosa	neg	False	False	False	5	28.1	-1000000000.0	-1000000000.0	-1000000000.0	Rhodotorula mucilaginosa
C02277	GCA_000222205.2_R.glutinis2	Rhodotorula toruloides	neg	False	False	False	1	33.1	-1000000000.0	-1000000000.0	-1000000000.0	Rhodotorula toruloides
C02278	GCA_005059875.1_ASM505987v1	Rhodotorula sp. CCFEE 5036	neg	False	False	False	1	28.5	-1000000000.0	-1000000000.0	-1000000000.0	
C02279	GCA_019303655.1_ASM1930365v1	Rhodotorula mucilaginosa	neg	False	False	False	2	27.7	-1000000000.0	-1000000000.0	-1000000000.0	Rhodotorula mucilaginosa
C02280	GCA_035220585.1_ASM3522058v1	Rhodotorula toruloides	neg	False	False	False	1	28.1	-1000000000.0	-1000000000.0	-1000000000.0	Rhodotorula toruloides
C02281	GCA_001600135.1_JCM_10021_assembly_v001	Rhodotorula toruloides	neg	False	False	False	3	31.2	-1000000000.0	-1000000000.0	-1000000000.0	Rhodotorula toruloides
C02282	GCA_025502865.1_ASM2550286v1	Rhodotorula mucilaginosa	neg	False	False	False	5	45.8	-1000000000.0	14.6	14.6	Rhodotorula mucilaginosa
C02283	GCA_013036895.1_ASM1303689v1	Rhodotorula mucilaginosa	neg	False	False	False	1	31.2	-1000000000.0	12.2	12.2	Rhodotorula mucilaginosa
C02284	GCA_024748845.1_ASM2474884v1	Rhodotorula mucilaginosa	neg	False	False	True	6	30.0	-1000000000.0	-1000000000.0	-1000000000.0	Rhodotorula mucilaginosa
C02285	GCA_019191155.1_ASM1919115v1	Rhodotorula mucilaginosa	neg	False	False	False	4	28.9	-1000000000.0	-1000000000.0	-1000000000.0	Rhodotorula mucilaginosa
C02286	GCA_019190375.1_ASM1919037v1	Rhodotorula mucilaginosa	neg	False	False	False	5	45.8	-1000000000.0	14.6	14.6	Rhodotorula mucilaginosa
C02287	GCA_001600115.1_JCM_10020_assembly_v001	Rhodotorula toruloides	neg	False	False	False	3	27.7	-1000000000.0	-1000000000.0	-1000000000.0	Rhodotorula toruloides
C02288	GCF_050403205.1_Rt_paludigena_JCM10292v1	Rhodotorula paludigena	neg	False	False	False	11	28.9	-1000000000.0	-1000000000.0	-1000000000.0	
C02289	GCA_006352295.1_UMAN_Rdio_1.0	Rhodotorula diobovata	neg	False	False	False	7	27.7	-1000000000.0	-1000000000.0	-1000000000.0	
C02290	GCA_025502885.1_ASM2550288v1	Rhodotorula mucilaginosa	neg	False	False	False	7	28.5	-1000000000.0	-1000000000.0	-1000000000.0	Rhodotorula mucilaginosa
C02291	GCA_050403165.1_Rt_graminis_JCM3775v1	Rhodotorula graminis	neg	False	False	False	1	28.1	-1000000000.0	-1000000000.0	-1000000000.0	
C02292	GCA_019191075.1_ASM1919107v1	Rhodotorula mucilaginosa	neg	False	False	False	4	29.3	-1000000000.0	-1000000000.0	-1000000000.0	Rhodotorula mucilaginosa
C02293	GCA_050403125.1_Rt_dairenensis_JCM3774v1	Rhodotorula dairenensis	neg	False	False	False	28	27.7	-1000000000.0	-1000000000.0	-1000000000.0	
C02294	GCA_012922695.1_ASM1292269v1	Rhodotorula mucilaginosa	neg	False	False	False	2	28.1	-1000000000.0	-1000000000.0	-1000000000.0	Rhodotorula mucilaginosa
C02295	GCA_019189485.1_ASM1918948v1	Rhodotorula mucilaginosa	neg	False	False	False	2	28.9	-1000000000.0	-1000000000.0	-1000000000.0	Rhodotorula mucilaginosa
C02296	GCA_050403245.1_Rt_toruloides_NBRC10512v1	Rhodotorula toruloides	neg	False	False	False	13	32.0	-1000000000.0	-1000000000.0	-1000000000.0	Rhodotorula toruloides
C02297	GCA_019189665.1_ASM1918966v1	Rhodotorula mucilaginosa	neg	False	False	False	7	29.3	-1000000000.0	14.9	14.9	Rhodotorula mucilaginosa
C02298	GCA_013036515.1_ASM1303651v1	Rhodotorula mucilaginosa	neg	False	False	False	2	29.3	-1000000000.0	-1000000000.0	-1000000000.0	Rhodotorula mucilaginosa
C02299	GCA_051805595.1_RtJCM10020v2	Rhodotorula toruloides	neg	False	False	False	6	32.3	-1000000000.0	-1000000000.0	-1000000000.0	Rhodotorula toruloides
C02300	GCA_051308255.1_Rhoto_ATCC26217_1	Rhodotorula toruloides	neg	False	False	False	7	29.6	-1000000000.0	-1000000000.0	-1000000000.0	Rhodotorula toruloides
C02301	GCA_001600115.1_JCM_10020_assembly_v001	Rhodotorula toruloides	neg	False	False	False	5	28.1	-1000000000.0	-1000000000.0	-1000000000.0	Rhodotorula toruloides
C02302	GCA_013036825.1_ASM1303682v1	Rhodotorula mucilaginosa	neg	False	False	False	1	28.9	-1000000000.0	-1000000000.0	-1000000000.0	Rhodotorula mucilaginosa
C02303	GCA_050403145.1_Rt_glutinis_JCM8208v1	Rhodotorula glutinis	neg	False	False	False	3	28.1	-1000000000.0	-1000000000.0	-1000000000.0	Rhodotorula glutinis
C02304	GCA_041430375.1_ASM4143037v1	Rhodotorula mucilaginosa	neg	False	False	False	1	32.0	-1000000000.0	-1000000000.0	-1000000000.0	Rhodotorula mucilaginosa
C02305	GCA_004143675.1_ASM414367v1	Rhodotorula mucilaginosa	neg	False	False	False	5	27.7	15.2	-1000000000.0	15.2	Rhodotorula mucilaginosa
C02306	GCA_019190795.1_ASM1919079v1	Rhodotorula mucilaginosa	neg	False	False	False	1	32.0	-1000000000.0	-1000000000.0	-1000000000.0	Rhodotorula mucilaginosa
C02307	GCA_012922765.1_ASM1292276v1	Rhodotorula mucilaginosa	neg	False	False	False	1	28.5	-1000000000.0	-1000000000.0	-1000000000.0	Rhodotorula mucilaginosa
C02308	GCA_050403105.1_Rt_babjevae_JCM9279v1	Rhodotorula babjevae	neg	False	False	False	1	26.9	-1000000000.0	-1000000000.0	-1000000000.0	
C02309	GCA_019775595.1_ASM1977559v1	Rhodotorula kratochvilovae	neg	False	False	False	2	28.1	-1000000000.0	-1000000000.0	-1000000000.0	Rhodotorula kratochvilovae
C02310	GCA_019189795.1_ASM1918979v1	Rhodotorula mucilaginosa	neg	False	False	False	2	28.1	-1000000000.0	-1000000000.0	-1000000000.0	Rhodotorula mucilaginosa
C02311	GCA_050403165.1_Rt_graminis_JCM3775v1	Rhodotorula graminis	neg	False	False	False	3	29.6	-1000000000.0	-1000000000.0	-1000000000.0	
C02312	GCA_023628195.1_ASM2362819v1	Rhodotorula mucilaginosa	neg	False	False	False	2	28.1	-1000000000.0	-1000000000.0	-1000000000.0	Rhodotorula mucilaginosa
C02313	GCA_022817825.1_ASM2281782v1	Rhodotorula kratochvilovae	neg	False	False	False	4	28.9	-1000000000.0	-1000000000.0	-1000000000.0	Rhodotorula kratochvilovae
C02314	GCA_019190805.1_ASM1919080v1	Rhodotorula mucilaginosa	neg	False	False	False	2	28.5	-1000000000.0	-1000000000.0	-1000000000.0	Rhodotorula mucilaginosa
C02315	GCA_012922695.1_ASM1292269v1	Rhodotorula mucilaginosa	neg	False	False	False	1	31.2	-1000000000.0	-1000000000.0	-1000000000.0	Rhodotorula mucilaginosa
C02316	GCA_920104245.2_Hybrid_genome_assembly_and_annotation	Rhodotorula babjevae	neg	False	False	False	3	28.5	-1000000000.0	-1000000000.0	-1000000000.0	
C02317	GCA_019803015.1_ASM1980301v1	Rhodotorula mucilaginosa	neg	False	False	False	8	28.1	-1000000000.0	-1000000000.0	-1000000000.0	Rhodotorula mucilaginosa
C02318	GCA_007990605.1_Rt10032-v1	Rhodotorula toruloides	neg	False	False	False	1	28.5	-1000000000.0	-1000000000.0	-1000000000.0	Rhodotorula toruloides
C02319	GCA_013030415.1_ASM1303041v1	Rhodotorula mucilaginosa	neg	False	False	False	6	29.3	-1000000000.0	14.9	14.9	Rhodotorula mucilaginosa
C02320	GCA_019190765.1_ASM1919076v1	Rhodotorula mucilaginosa	neg	False	False	False	2	31.2	-1000000000.0	-1000000000.0	-1000000000.0	Rhodotorula mucilaginosa
C02321	GCA_036244875.1_Rhopal_B15_v1.0	Rhodotorula paludigena	neg	False	False	False	2	29.3	-1000000000.0	-1000000000.0	-1000000000.0	
C02322	GCA_050916435.1_ASM5091643v1	Rhodotorula mucilaginosa	neg	False	False	False	1	30.4	-1000000000.0	-1000000000.0	-1000000000.0	Rhodotorula mucilaginosa
C02323	GCA_013036735.1_ASM1303673v1	Rhodotorula mucilaginosa	neg	False	False	False	2	31.2	-1000000000.0	-1000000000.0	-1000000000.0	Rhodotorula mucilaginosa
C02324	GCA_013036445.1_ASM1303644v1	Rhodotorula mucilaginosa	neg	False	False	False	1	28.5	-1000000000.0	-1000000000.0	-1000000000.0	Rhodotorula mucilaginosa
C02325	GCA_024184655.1_ASM2418465v1	Rhodotorula mucilaginosa	neg	False	False	False	4	28.5	-1000000000.0	-1000000000.0	-1000000000.0	Rhodotorula mucilaginosa
C02326	GCA_019189415.1_ASM1918941v1	Rhodotorula mucilaginosa	neg	False	False	False	4	28.1	-1000000000.0	-1000000000.0	-1000000000.0	Rhodotorula mucilaginosa
C02327	GCA_019191065.1_ASM1919106v1	Rhodotorula mucilaginosa	neg	False	False	False	4	28.1	-1000000000.0	-1000000000.0	-1000000000.0	Rhodotorula mucilaginosa
C02328	GCA_024748845.1_ASM2474884v1	Rhodotorula mucilaginosa	neg	False	False	True	3	32.3	-1000000000.0	14.9	14.9	Rhodotorula mucilaginosa
C02329	GCA_019189785.1_ASM1918978v1	Rhodotorula mucilaginosa	neg	False	False	False	5	33.9	-1000000000.0	-1000000000.0	-1000000000.0	Rhodotorula mucilaginosa
