GCA_000325505.1_RHIrdgD1.0|c0|m0	GCA_000325505.1_RHIrdgD1.0	cand	GCA_000325505.1_RHIrdgD1.0|c0	miniprot	REF|86630_cbs357-93_MAT_Minus|gene0|sexM	870	1.0	186
GCA_000401635.1_Muco_sp_1006Ph_V1|c0|m0	GCA_000401635.1_Muco_sp_1006Ph_V1	cand	GCA_000401635.1_Muco_sp_1006Ph_V1|c0	miniprot	REF|36080_nrrl-3631_MAT_Plus|gene1|sexP	1293	1.0	322
GCA_000401635.1_Muco_sp_1006Ph_V1|w0|t0	GCA_000401635.1_Muco_sp_1006Ph_V1	cand	GCA_000401635.1_Muco_sp_1006Ph_V1|w0	tblastn	REF|101119_atcc11807_MAT_Minus|gene0|sexM	65.8	E=0.001	78
GCA_000507065.1_B6842|w0|t1	GCA_000507065.1_B6842	cand	GCA_000507065.1_B6842|w0	tblastn	REF|35722_atcc11077_MAT_Minus|gene0|sexM	43.1	E=0.38	31
GCA_000507065.1_B6842|w0|t2	GCA_000507065.1_B6842	cand	GCA_000507065.1_B6842|w0	tblastn	REF|4837_nrrl1555_MAT_Minus|gene1|sexM	90.5	E=1.2e-09	144
GCA_000507065.1_B6842|w0|t3	GCA_000507065.1_B6842	cand	GCA_000507065.1_B6842|w0	tblastn	REF|86630_cbs357-93_MAT_Minus|gene0|sexM	39.6	E=3.2	56
GCA_000534915.1_ASM53491v1|c0|t0	GCA_000534915.1_ASM53491v1	cand	GCA_000534915.1_ASM53491v1|c0	tblastn	REF|3108396_ai-2023a_MAT_Plus|gene2|sexP	95.1	E=7.3e-11	110
GCA_000534915.1_ASM53491v1|w0|t0	GCA_000534915.1_ASM53491v1	cand	GCA_000534915.1_ASM53491v1|w0	tblastn	REF|64495_cbs346-36_MAT_Plus|gene2|sexP	86.6	E=0.64	109
GCA_000534915.1_ASM53491v1|w0|t2	GCA_000534915.1_ASM53491v1	cand	GCA_000534915.1_ASM53491v1|w0	tblastn	REF|64495_cbs110-17_MAT_Minus|gene1|sexM	43.1	E=0.45	39
GCA_000534915.1_ASM53491v1|w0|t3	GCA_000534915.1_ASM53491v1	cand	GCA_000534915.1_ASM53491v1|w0	tblastn	REF|101119_atcc11807_MAT_Plus|gene0|sexP	44.3	E=0.34	113
GCA_000587855.1_B50|c0|t0	GCA_000587855.1_B50	cand	GCA_000587855.1_B50|c0	tblastn	REF|3108396_ai-2023a_MAT_Plus|gene2|sexP	20.0	E=7.2	34
GCA_000587855.1_B50|c0|t1	GCA_000587855.1_B50	cand	GCA_000587855.1_B50|c0	tblastn	REF|29922_cbs109-16_MAT_Minus|gene1|sexM	27.3	E=0.021	43
GCA_000587855.1_B50|c0|t2	GCA_000587855.1_B50	cand	GCA_000587855.1_B50|c0	tblastn	REF|101119_atcc11807_MAT_Plus|gene0|sexP	23.9	E=0.4	37
GCA_000587855.1_B50|c0|t3	GCA_000587855.1_B50	cand	GCA_000587855.1_B50|c0	tblastn	REF|35722_atcc11077_MAT_Minus|gene0|sexM	56.2	E=6e-12	147
GCA_000587855.1_B50|c0|t4	GCA_000587855.1_B50	cand	GCA_000587855.1_B50|c0	tblastn	REF|3231046_uomau377_MAT_Minus|gene1|sexM	23.9	E=0.3	97
GCA_000587855.1_B50|w0|t0	GCA_000587855.1_B50	cand	GCA_000587855.1_B50|w0	tblastn	REF|3231046_uomd23-19_MAT_Plus|gene1|sexP	42.0	E=1.1e-06	90
GCA_000587855.1_B50|w0|t1	GCA_000587855.1_B50	cand	GCA_000587855.1_B50|w0	tblastn	REF|36080_nrrl-3631_MAT_Plus|gene1|sexP	43.9	E=0.51	81
GCA_000611695.1_RhzM_1.0|w0|t0	GCA_000611695.1_RhzM_1.0	cand	GCA_000611695.1_RhzM_1.0|w0	tblastn	REF|36080_nrrl-3631_MAT_Plus|gene1|sexP	93.9	E=6e-06	118
GCA_000696895.1_MucVelB5328-1.0|c0|m0	GCA_000696895.1_MucVelB5328-1.0	cand	GCA_000696895.1_MucVelB5328-1.0|c0	miniprot	REF|36080_r7b_MAT_Minus|gene1|sexM	883	1.0	256
GCA_000696895.1_MucVelB5328-1.0|w0|t0	GCA_000696895.1_MucVelB5328-1.0	cand	GCA_000696895.1_MucVelB5328-1.0|w0	tblastn	REF|3231046_uomd23-19_MAT_Plus|gene1|sexP	71.2	E=1.6e-05	90
GCA_000696915.1_RhiOryB7407-1.0|c0|m0	GCA_000696915.1_RhiOryB7407-1.0	cand	GCA_000696915.1_RhiOryB7407-1.0|c0	miniprot	REF|64495_cbs110-17_MAT_Minus|gene1|sexM	933	1.0	188
GCA_000696915.1_RhiOryB7407-1.0|w0|t0	GCA_000696915.1_RhiOryB7407-1.0	cand	GCA_000696915.1_RhiOryB7407-1.0|w0	tblastn	REF|64495_cbs346-36_MAT_Plus|gene2|sexP	62.0	E=3.4	75
GCA_000696915.1_RhiOryB7407-1.0|w0|t1	GCA_000696915.1_RhiOryB7407-1.0	cand	GCA_000696915.1_RhiOryB7407-1.0|w0	tblastn	REF|35722_atcc11077_MAT_Minus|gene0|sexM	28.9	E=0.007	127
GCA_000696915.1_RhiOryB7407-1.0|w1|t1	GCA_000696915.1_RhiOryB7407-1.0	cand	GCA_000696915.1_RhiOryB7407-1.0|w1	tblastn	REF|3231046_uomd23-19_MAT_Plus|gene1|sexP	40.0	E=6.5	45
GCA_000696915.1_RhiOryB7407-1.0|w1|t2	GCA_000696915.1_RhiOryB7407-1.0	cand	GCA_000696915.1_RhiOryB7407-1.0|w1	tblastn	REF|3231046_uomau377_MAT_Minus|gene1|sexM	34.6	E=7.7	66
GCA_000696915.1_RhiOryB7407-1.0|w1|t4	GCA_000696915.1_RhiOryB7407-1.0	cand	GCA_000696915.1_RhiOryB7407-1.0|w1	tblastn	REF|3231046_uomd23-19_MAT_Plus|gene1|sexP	19.6	E=9.7	32
GCA_000696915.1_RhiOryB7407-1.0|w1|t5	GCA_000696915.1_RhiOryB7407-1.0	cand	GCA_000696915.1_RhiOryB7407-1.0|w1	tblastn	REF|4837_nrrl1555_MAT_Minus|gene1|sexM	22.3	E=0.75	43
GCA_000696915.1_RhiOryB7407-1.0|w1|t6	GCA_000696915.1_RhiOryB7407-1.0	cand	GCA_000696915.1_RhiOryB7407-1.0|w1	tblastn	REF|4837_ubc21_MAT_Plus|gene1|sexP	35.8	E=7.8e-05	63
GCA_000696935.1_MucCirB8987-1.0|c0|m0	GCA_000696935.1_MucCirB8987-1.0	cand	GCA_000696935.1_MucCirB8987-1.0|c0	miniprot	REF|36080_nrrl-3631_MAT_Plus|gene1|sexP	1268	1.0	322
GCA_000696935.1_MucCirB8987-1.0|w0|t0	GCA_000696935.1_MucCirB8987-1.0	cand	GCA_000696935.1_MucCirB8987-1.0|w0	tblastn	REF|36080_nrrl-3631_MAT_Plus|gene1|sexP	79.0	E=1.4e-06	158
GCA_000696955.1_SynRacB6101-1.0|c0|t0	GCA_000696955.1_SynRacB6101-1.0	cand	GCA_000696955.1_SynRacB6101-1.0|c0	tblastn	REF|36080_r7b_MAT_Minus|gene1|sexM	25.0	E=0.63	58
GCA_000696955.1_SynRacB6101-1.0|c0|t1	GCA_000696955.1_SynRacB6101-1.0	cand	GCA_000696955.1_SynRacB6101-1.0|c0	tblastn	REF|29922_cbs109-16_MAT_Minus|gene1|sexM	23.1	E=2.1	84
GCA_000696955.1_SynRacB6101-1.0|c0|t2	GCA_000696955.1_SynRacB6101-1.0	cand	GCA_000696955.1_SynRacB6101-1.0|c0	tblastn	REF|4837_ubc21_MAT_Plus|gene1|sexP	43.5	E=7.2	49
GCA_000696955.1_SynRacB6101-1.0|c0|t4	GCA_000696955.1_SynRacB6101-1.0	cand	GCA_000696955.1_SynRacB6101-1.0|c0	tblastn	REF|29922_cbs109-16_MAT_Minus|gene1|sexM	23.5	E=1.5	42
GCA_000696955.1_SynRacB6101-1.0|c0|t5	GCA_000696955.1_SynRacB6101-1.0	cand	GCA_000696955.1_SynRacB6101-1.0|c0	tblastn	REF|4837_ubc21_MAT_Plus|gene1|sexP	92.0	E=1.2e-22	155
GCA_000696955.1_SynRacB6101-1.0|w1|t0	GCA_000696955.1_SynRacB6101-1.0	cand	GCA_000696955.1_SynRacB6101-1.0|w1	tblastn	REF|4837_ubc21_MAT_Plus|gene1|sexP	25.4	E=0.55	49
GCA_000696955.1_SynRacB6101-1.0|w1|t1	GCA_000696955.1_SynRacB6101-1.0	cand	GCA_000696955.1_SynRacB6101-1.0|w1	tblastn	REF|101119_atcc11807_MAT_Minus|gene0|sexM	41.6	E=7.7	39
GCA_000696955.1_SynRacB6101-1.0|w1|t2	GCA_000696955.1_SynRacB6101-1.0	cand	GCA_000696955.1_SynRacB6101-1.0|w1	tblastn	REF|3231046_uomau377_MAT_Minus|gene1|sexM	27.3	E=0.1	70
GCA_000696955.1_SynRacB6101-1.0|w1|t6	GCA_000696955.1_SynRacB6101-1.0	cand	GCA_000696955.1_SynRacB6101-1.0|w1	tblastn	REF|4850_vkm-f-921_MAT_Minus|gene0|sexM	21.9	E=4.3	46
GCA_000696955.1_SynRacB6101-1.0|w1|t7	GCA_000696955.1_SynRacB6101-1.0	cand	GCA_000696955.1_SynRacB6101-1.0|w1	tblastn	REF|35722_atcc11077_MAT_Minus|gene0|sexM	20.8	E=9.3	47
GCA_000696955.1_SynRacB6101-1.0|w1|t8	GCA_000696955.1_SynRacB6101-1.0	cand	GCA_000696955.1_SynRacB6101-1.0|w1	tblastn	REF|4837_ubc21_MAT_Plus|gene1|sexP	38.1	E=6.5e-05	94
GCA_000696955.1_SynRacB6101-1.0|w2|t0	GCA_000696955.1_SynRacB6101-1.0	cand	GCA_000696955.1_SynRacB6101-1.0|w2	tblastn	REF|3231046_uomau377_MAT_Minus|gene1|sexM	21.6	E=7.1	48
GCA_000696955.1_SynRacB6101-1.0|w2|t1	GCA_000696955.1_SynRacB6101-1.0	cand	GCA_000696955.1_SynRacB6101-1.0|w2	tblastn	REF|3231046_uomau377_MAT_Minus|gene1|sexM	27.7	E=0.083	39
GCA_000696955.1_SynRacB6101-1.0|w2|t4	GCA_000696955.1_SynRacB6101-1.0	cand	GCA_000696955.1_SynRacB6101-1.0|w2	tblastn	REF|3108396_ai-2023a_MAT_Plus|gene2|sexP	21.9	E=7.5	30
GCA_000696955.1_SynRacB6101-1.0|w2|t5	GCA_000696955.1_SynRacB6101-1.0	cand	GCA_000696955.1_SynRacB6101-1.0|w2	tblastn	REF|3231046_uomau377_MAT_Minus|gene1|sexM	22.7	E=3.2	47
GCA_000696955.1_SynRacB6101-1.0|w2|t6	GCA_000696955.1_SynRacB6101-1.0	cand	GCA_000696955.1_SynRacB6101-1.0|w2	tblastn	REF|64495_cbs346-36_MAT_Plus|gene2|sexP	21.9	E=7.4	49
GCA_000696955.1_SynRacB6101-1.0|w3|t0	GCA_000696955.1_SynRacB6101-1.0	cand	GCA_000696955.1_SynRacB6101-1.0|w3	tblastn	REF|29922_cbs109-16_MAT_Minus|gene1|sexM	30.4	E=0.01	40
GCA_000696955.1_SynRacB6101-1.0|w3|t5	GCA_000696955.1_SynRacB6101-1.0	cand	GCA_000696955.1_SynRacB6101-1.0|w3	tblastn	REF|64495_cbs346-36_MAT_Plus|gene2|sexP	27.7	E=0.13	61
GCA_000696955.1_SynRacB6101-1.0|w3|t6	GCA_000696955.1_SynRacB6101-1.0	cand	GCA_000696955.1_SynRacB6101-1.0|w3	tblastn	REF|101119_atcc11807_MAT_Plus|gene0|sexP	22.3	E=5.2	43
GCA_000696955.1_SynRacB6101-1.0|w3|t7	GCA_000696955.1_SynRacB6101-1.0	cand	GCA_000696955.1_SynRacB6101-1.0|w3	tblastn	REF|86630_cbs357-93_MAT_Minus|gene0|sexM	23.1	E=1.8	43
GCA_000696955.1_SynRacB6101-1.0|w3|t8	GCA_000696955.1_SynRacB6101-1.0	cand	GCA_000696955.1_SynRacB6101-1.0|w3	tblastn	REF|101119_atcc11807_MAT_Minus|gene0|sexM	21.2	E=7.2	54
GCA_000696975.1_ApoTraB9324-1.0|c0|m0	GCA_000696975.1_ApoTraB9324-1.0	cand	GCA_000696975.1_ApoTraB9324-1.0|c0	miniprot	REF|3231046_uomd23-19_MAT_Plus|gene1|sexP	299	0.815	238
GCA_000696995.1_ApoEleB7760-1.0|c0|m0	GCA_000696995.1_ApoEleB7760-1.0	cand	GCA_000696995.1_ApoEleB7760-1.0|c0	miniprot	REF|4837_nrrl1555_MAT_Minus|gene1|sexM	345	0.967	201
GCA_000697015.1_CunEleB9769-1.0|c0|m0	GCA_000697015.1_CunEleB9769-1.0	cand	GCA_000697015.1_CunEleB9769-1.0|c0	miniprot	REF|4837_nrrl1555_MAT_Minus|gene1|sexM	242	0.948	196
GCA_000697035.1_RhiStoB9770-1.0|c0|m0	GCA_000697035.1_RhiStoB9770-1.0	cand	GCA_000697035.1_RhiStoB9770-1.0|c0	miniprot	REF|64495_cbs346-36_MAT_Plus|gene2|sexP	855	1.0	319
GCA_000697055.1_SakVasB4078-1.0|c0|m0	GCA_000697055.1_SakVasB4078-1.0	cand	GCA_000697055.1_SakVasB4078-1.0|c0	miniprot	REF|4837_nrrl1555_MAT_Minus|gene1|sexM	290	0.938	191
GCA_000697075.1_RhiOry13440-1.0|c0|m0	GCA_000697075.1_RhiOry13440-1.0	cand	GCA_000697075.1_RhiOry13440-1.0|c0	miniprot	REF|64495_cbs110-17_MAT_Minus|gene1|sexM	938	1.0	188
GCA_000697075.1_RhiOry13440-1.0|w0|t0	GCA_000697075.1_RhiOry13440-1.0	cand	GCA_000697075.1_RhiOry13440-1.0|w0	tblastn	REF|101119_atcc11807_MAT_Plus|gene0|sexP	89.0	E=0.00081	91
GCA_000697095.1_RhiDel18148-1.0|c0|m0	GCA_000697095.1_RhiDel18148-1.0	cand	GCA_000697095.1_RhiDel18148-1.0|c0	miniprot	REF|64495_cbs346-36_MAT_Plus|gene2|sexP	1629	1.0	313
GCA_000697095.1_RhiDel18148-1.0|w0|t0	GCA_000697095.1_RhiDel18148-1.0	cand	GCA_000697095.1_RhiDel18148-1.0|w0	tblastn	REF|101119_atcc11807_MAT_Plus|gene0|sexP	88.6	E=0.002	91
GCA_000697095.1_RhiDel18148-1.0|w1|t0	GCA_000697095.1_RhiDel18148-1.0	cand	GCA_000697095.1_RhiDel18148-1.0|w1	tblastn	REF|86630_cbs357-93_MAT_Minus|gene0|sexM	47.4	E=0.003	91
GCA_000697115.1_RhiOry21396-1.0|c0|m0	GCA_000697115.1_RhiOry21396-1.0	cand	GCA_000697115.1_RhiOry21396-1.0|c0	miniprot	REF|64495_cbs346-36_MAT_Plus|gene2|sexP	1618	1.0	313
GCA_000697115.1_RhiOry21396-1.0|w0|t1	GCA_000697115.1_RhiOry21396-1.0	cand	GCA_000697115.1_RhiOry21396-1.0|w0	tblastn	REF|35722_atcc11077_MAT_Minus|gene0|sexM	28.9	E=0.007	127
GCA_000697115.1_RhiOry21396-1.0|w0|t2	GCA_000697115.1_RhiOry21396-1.0	cand	GCA_000697115.1_RhiOry21396-1.0|w0	tblastn	REF|64495_cbs346-36_MAT_Plus|gene2|sexP	62.0	E=3.4	75
GCA_000697115.1_RhiOry21396-1.0|w1|t1	GCA_000697115.1_RhiOry21396-1.0	cand	GCA_000697115.1_RhiOry21396-1.0|w1	tblastn	REF|3231046_uomd23-19_MAT_Plus|gene1|sexP	40.0	E=6.5	45
GCA_000697115.1_RhiOry21396-1.0|w1|t2	GCA_000697115.1_RhiOry21396-1.0	cand	GCA_000697115.1_RhiOry21396-1.0|w1	tblastn	REF|3231046_uomau377_MAT_Minus|gene1|sexM	34.6	E=7.5	68
GCA_000697115.1_RhiOry21396-1.0|w1|t4	GCA_000697115.1_RhiOry21396-1.0	cand	GCA_000697115.1_RhiOry21396-1.0|w1	tblastn	REF|3231046_uomd23-19_MAT_Plus|gene1|sexP	19.6	E=9.7	32
GCA_000697115.1_RhiOry21396-1.0|w1|t5	GCA_000697115.1_RhiOry21396-1.0	cand	GCA_000697115.1_RhiOry21396-1.0|w1	tblastn	REF|4837_nrrl1555_MAT_Minus|gene1|sexM	22.3	E=0.75	43
GCA_000697115.1_RhiOry21396-1.0|w1|t6	GCA_000697115.1_RhiOry21396-1.0	cand	GCA_000697115.1_RhiOry21396-1.0|w1	tblastn	REF|4837_ubc21_MAT_Plus|gene1|sexP	35.8	E=7.8e-05	63
GCA_000697135.1_RhiOry99-133-1.0|c0|m0	GCA_000697135.1_RhiOry99-133-1.0	cand	GCA_000697135.1_RhiOry99-133-1.0|c0	miniprot	REF|64495_cbs346-36_MAT_Plus|gene2|sexP	1620	1.0	313
GCA_000697135.1_RhiOry99-133-1.0|w0|t0	GCA_000697135.1_RhiOry99-133-1.0	cand	GCA_000697135.1_RhiOry99-133-1.0|w0	tblastn	REF|101119_atcc11807_MAT_Plus|gene0|sexP	123.2	E=0.0007	142
GCA_000697155.1_RhiDel21789-1.0|c0|m0	GCA_000697155.1_RhiDel21789-1.0	cand	GCA_000697155.1_RhiDel21789-1.0|c0	miniprot	REF|64495_cbs346-36_MAT_Plus|gene2|sexP	347	0.965	176
GCA_000697155.1_RhiDel21789-1.0|w0|t0	GCA_000697155.1_RhiDel21789-1.0	cand	GCA_000697155.1_RhiDel21789-1.0|w0	tblastn	REF|35722_atcc11077_MAT_Minus|gene0|sexM	47.0	E=0.001	133
GCA_000697175.1_LicCor008-049-1.0|nw0|t0	GCA_000697175.1_LicCor008-049-1.0	cand	GCA_000697175.1_LicCor008-049-1.0|nw0	tblastn	REF|36080_r7b_MAT_Minus|gene1|sexM	61.6	E=1.5	58
GCA_000697175.1_LicCor008-049-1.0|nw0|t1	GCA_000697175.1_LicCor008-049-1.0	cand	GCA_000697175.1_LicCor008-049-1.0|nw0	tblastn	REF|4850_vkm-f-921_MAT_Minus|gene0|sexM	56.2	E=1.8e-05	99
GCA_000697175.1_LicCor008-049-1.0|nw0|t2	GCA_000697175.1_LicCor008-049-1.0	cand	GCA_000697175.1_LicCor008-049-1.0|nw0	tblastn	REF|101119_atcc11807_MAT_Plus|gene0|sexP	43.5	E=1.1	106
GCA_000697175.1_LicCor008-049-1.0|nw0|t4	GCA_000697175.1_LicCor008-049-1.0	cand	GCA_000697175.1_LicCor008-049-1.0|nw0	tblastn	REF|29922_cbs109-16_MAT_Minus|gene1|sexM	93.6	E=8.8e-11	99
GCA_000697195.1_MucRam97-1192-1.0|c0|m0	GCA_000697195.1_MucRam97-1192-1.0	cand	GCA_000697195.1_MucRam97-1192-1.0|c0	miniprot	REF|64495_cbs346-36_MAT_Plus|gene2|sexP	1620	1.0	313
GCA_000697195.1_MucRam97-1192-1.0|w0|t1	GCA_000697195.1_MucRam97-1192-1.0	cand	GCA_000697195.1_MucRam97-1192-1.0|w0	tblastn	REF|101119_atcc11807_MAT_Plus|gene0|sexP	88.6	E=0.002	91
GCA_000697195.1_MucRam97-1192-1.0|w1|t0	GCA_000697195.1_MucRam97-1192-1.0	cand	GCA_000697195.1_MucRam97-1192-1.0|w1	tblastn	REF|101119_atcc11807_MAT_Plus|gene0|sexP	60.4	E=2.4	74
GCA_000697215.1_CunBer175-1.0|c0|m0	GCA_000697215.1_CunBer175-1.0	cand	GCA_000697215.1_CunBer175-1.0|c0	miniprot	REF|3231046_uomd23-19_MAT_Plus|gene1|sexP	556	0.981	287
GCA_000697235.1_CokRecB5483-1.0|c0|m0	GCA_000697235.1_CokRecB5483-1.0	cand	GCA_000697235.1_CokRecB5483-1.0|c0	miniprot	REF|29922_cbs109-16_MAT_Minus|gene1|sexM	411	0.977	211
GCA_000697255.1_MucRacB9645-1.0|c1|m0	GCA_000697255.1_MucRacB9645-1.0	cand	GCA_000697255.1_MucRacB9645-1.0|c1	miniprot	REF|64495_cbs346-36_MAT_Plus|gene2|sexP	620	0.994	316
GCA_000697255.1_MucRacB9645-1.0|c0|t0	GCA_000697255.1_MucRacB9645-1.0	cand	GCA_000697255.1_MucRacB9645-1.0|c0	tblastn	REF|29922_cbs109-16_MAT_Minus|gene1|sexM	65.5	E=1.6e-15	178
GCA_000697255.1_MucRacB9645-1.0|c0|t1	GCA_000697255.1_MucRacB9645-1.0	cand	GCA_000697255.1_MucRacB9645-1.0|c0	tblastn	REF|101119_atcc11807_MAT_Minus|gene0|sexM	20.8	E=0.63	34
GCA_000697275.1_RhiMicB9738-1.0|c1|m0	GCA_000697275.1_RhiMicB9738-1.0	cand	GCA_000697275.1_RhiMicB9738-1.0|c1	miniprot	REF|64495_cbs346-36_MAT_Plus|gene2|sexP	620	0.994	316
GCA_000697275.1_RhiMicB9738-1.0|c0|t0	GCA_000697275.1_RhiMicB9738-1.0	cand	GCA_000697275.1_RhiMicB9738-1.0|c0	tblastn	REF|35722_atcc11077_MAT_Minus|gene0|sexM	64.3	E=2.3e-15	160
GCA_000697275.1_RhiMicB9738-1.0|c0|t1	GCA_000697275.1_RhiMicB9738-1.0	cand	GCA_000697275.1_RhiMicB9738-1.0|c0	tblastn	REF|101119_atcc11807_MAT_Minus|gene0|sexM	20.8	E=0.55	34
GCA_000697295.1_MucIndB7402-1.0|c0|m0	GCA_000697295.1_MucIndB7402-1.0	cand	GCA_000697295.1_MucIndB7402-1.0|c0	miniprot	REF|29922_cbs109-16_MAT_Minus|gene1|sexM	305	0.977	210
GCA_000697295.1_MucIndB7402-1.0|c1|t1	GCA_000697295.1_MucIndB7402-1.0	cand	GCA_000697295.1_MucIndB7402-1.0|c1	tblastn	REF|3231046_uomau377_MAT_Minus|gene1|sexM	75.1	E=3e-10	76
GCA_000697295.1_MucIndB7402-1.0|w0|t0	GCA_000697295.1_MucIndB7402-1.0	cand	GCA_000697295.1_MucIndB7402-1.0|w0	tblastn	REF|4837_nrrl1555_MAT_Minus|gene1|sexM	21.6	E=4.6	35
GCA_000697295.1_MucIndB7402-1.0|w0|t1	GCA_000697295.1_MucIndB7402-1.0	cand	GCA_000697295.1_MucIndB7402-1.0|w0	tblastn	REF|3231046_uomau377_MAT_Minus|gene1|sexM	21.9	E=3.5	32
GCA_000697295.1_MucIndB7402-1.0|w0|t3	GCA_000697295.1_MucIndB7402-1.0	cand	GCA_000697295.1_MucIndB7402-1.0|w0	tblastn	REF|101119_atcc11807_MAT_Minus|gene0|sexM	56.2	E=0.002	58
GCA_000697295.1_MucIndB7402-1.0|w1|t0	GCA_000697295.1_MucIndB7402-1.0	cand	GCA_000697295.1_MucIndB7402-1.0|w1	tblastn	REF|3108396_ai-2023a_MAT_Plus|gene2|sexP	23.5	E=1.4	34
GCA_000697295.1_MucIndB7402-1.0|w1|t1	GCA_000697295.1_MucIndB7402-1.0	cand	GCA_000697295.1_MucIndB7402-1.0|w1	tblastn	REF|3231046_uomd23-19_MAT_Plus|gene1|sexP	35.8	E=0.00022	86
GCA_000697295.1_MucIndB7402-1.0|w2|t1	GCA_000697295.1_MucIndB7402-1.0	cand	GCA_000697295.1_MucIndB7402-1.0|w2	tblastn	REF|4837_ubc21_MAT_Plus|gene1|sexP	23.9	E=1.2	38
GCA_000697295.1_MucIndB7402-1.0|w2|t3	GCA_000697295.1_MucIndB7402-1.0	cand	GCA_000697295.1_MucIndB7402-1.0|w2	tblastn	REF|64495_cbs110-17_MAT_Minus|gene1|sexM	29.6	E=0.009	35
GCA_000697295.1_MucIndB7402-1.0|w3|t0	GCA_000697295.1_MucIndB7402-1.0	cand	GCA_000697295.1_MucIndB7402-1.0|w3	tblastn	REF|36080_nrrl-3631_MAT_Plus|gene1|sexP	39.7	E=1.9e-05	58
GCA_000697295.1_MucIndB7402-1.0|w3|t2	GCA_000697295.1_MucIndB7402-1.0	cand	GCA_000697295.1_MucIndB7402-1.0|w3	tblastn	REF|4850_vkm-f-921_MAT_Minus|gene0|sexM	22.3	E=2.5	34
GCA_000697295.1_MucIndB7402-1.0|w3|t3	GCA_000697295.1_MucIndB7402-1.0	cand	GCA_000697295.1_MucIndB7402-1.0|w3	tblastn	REF|29922_cbs109-16_MAT_Minus|gene1|sexM	20.8	E=7.2	52
GCA_000697295.1_MucIndB7402-1.0|w3|t5	GCA_000697295.1_MucIndB7402-1.0	cand	GCA_000697295.1_MucIndB7402-1.0|w3	tblastn	REF|86630_cbs357-93_MAT_Minus|gene0|sexM	21.6	E=3.3	49
GCA_000697295.1_MucIndB7402-1.0|w3|t6	GCA_000697295.1_MucIndB7402-1.0	cand	GCA_000697295.1_MucIndB7402-1.0|w3	tblastn	REF|4837_nrrl1555_MAT_Minus|gene1|sexM	20.8	E=7.4	51
GCA_000697295.1_MucIndB7402-1.0|h9|t0	GCA_000697295.1_MucIndB7402-1.0	nonlocus	GCA_000697295.1_MucIndB7402-1.0|h9	tblastn	REF|29922_cbs109-16_MAT_Minus|gene1|sexM	56.2	E=2.2e-11	89
GCA_000697295.1_MucIndB7402-1.0|h3|t0	GCA_000697295.1_MucIndB7402-1.0	nonlocus	GCA_000697295.1_MucIndB7402-1.0|h3	tblastn	REF|101119_atcc11807_MAT_Minus|gene0|sexM	68.6	E=1.3e-08	79
GCA_000697295.1_MucIndB7402-1.0|h2|t0	GCA_000697295.1_MucIndB7402-1.0	nonlocus	GCA_000697295.1_MucIndB7402-1.0|h2	tblastn	REF|101119_atcc11807_MAT_Minus|gene0|sexM	48.5	E=9.9e-10	89
GCA_000697315.1_CunBerB7461-1.0|c0|m0	GCA_000697315.1_CunBerB7461-1.0	cand	GCA_000697315.1_CunBerB7461-1.0|c0	miniprot	REF|3231046_uomd23-19_MAT_Plus|gene1|sexP	556	0.981	287
GCA_000697355.1_SynMonB8922-1.0|c0|t0	GCA_000697355.1_SynMonB8922-1.0	cand	GCA_000697355.1_SynMonB8922-1.0|c0	tblastn	REF|4850_vkm-f-921_MAT_Minus|gene0|sexM	25.8	E=0.24	30
GCA_000697355.1_SynMonB8922-1.0|c0|t1	GCA_000697355.1_SynMonB8922-1.0	cand	GCA_000697355.1_SynMonB8922-1.0|c0	tblastn	REF|4837_nrrl1555_MAT_Minus|gene1|sexM	23.1	E=1.5	79
GCA_000697355.1_SynMonB8922-1.0|c0|t3	GCA_000697355.1_SynMonB8922-1.0	cand	GCA_000697355.1_SynMonB8922-1.0|c0	tblastn	REF|3231046_uomau377_MAT_Minus|gene1|sexM	21.2	E=7.1	55
GCA_000697355.1_SynMonB8922-1.0|c0|t4	GCA_000697355.1_SynMonB8922-1.0	cand	GCA_000697355.1_SynMonB8922-1.0|c0	tblastn	REF|3231046_uomd23-19_MAT_Plus|gene1|sexP	23.9	E=1.4	48
GCA_000697355.1_SynMonB8922-1.0|c0|t6	GCA_000697355.1_SynMonB8922-1.0	cand	GCA_000697355.1_SynMonB8922-1.0|c0	tblastn	REF|29922_cbs109-16_MAT_Minus|gene1|sexM	65.1	E=2.5e-14	81
GCA_000697355.1_SynMonB8922-1.0|w0|t1	GCA_000697355.1_SynMonB8922-1.0	cand	GCA_000697355.1_SynMonB8922-1.0|w0	tblastn	REF|3231046_uomau377_MAT_Minus|gene1|sexM	45.0	E=1.8	31
GCA_000697355.1_SynMonB8922-1.0|w0|t3	GCA_000697355.1_SynMonB8922-1.0	cand	GCA_000697355.1_SynMonB8922-1.0|w0	tblastn	REF|86630_cbs357-93_MAT_Minus|gene0|sexM	23.1	E=1.2	66
GCA_000697355.1_SynMonB8922-1.0|w0|t4	GCA_000697355.1_SynMonB8922-1.0	cand	GCA_000697355.1_SynMonB8922-1.0|w0	tblastn	REF|36080_nrrl-3631_MAT_Plus|gene1|sexP	26.9	E=0.2	44
GCA_000697355.1_SynMonB8922-1.0|w0|t5	GCA_000697355.1_SynMonB8922-1.0	cand	GCA_000697355.1_SynMonB8922-1.0|w0	tblastn	REF|36080_r7b_MAT_Minus|gene1|sexM	25.0	E=0.45	33
GCA_000697355.1_SynMonB8922-1.0|w0|t6	GCA_000697355.1_SynMonB8922-1.0	cand	GCA_000697355.1_SynMonB8922-1.0|w0	tblastn	REF|4837_nrrl1555_MAT_Minus|gene1|sexM	46.6	E=3.9e-08	87
GCA_000697355.1_SynMonB8922-1.0|w0|t8	GCA_000697355.1_SynMonB8922-1.0	cand	GCA_000697355.1_SynMonB8922-1.0|w0	tblastn	REF|35722_atcc11077_MAT_Minus|gene0|sexM	42.4	E=4.4	39
GCA_000697355.1_SynMonB8922-1.0|w0|t9	GCA_000697355.1_SynMonB8922-1.0	cand	GCA_000697355.1_SynMonB8922-1.0|w0	tblastn	REF|3231046_uomau377_MAT_Minus|gene1|sexM	22.7	E=2.2	31
GCA_000697355.1_SynMonB8922-1.0|w0|t10	GCA_000697355.1_SynMonB8922-1.0	cand	GCA_000697355.1_SynMonB8922-1.0|w0	tblastn	REF|3231046_uomd23-19_MAT_Plus|gene1|sexP	34.7	E=0.00065	84
GCA_000697355.1_SynMonB8922-1.0|w1|t0	GCA_000697355.1_SynMonB8922-1.0	cand	GCA_000697355.1_SynMonB8922-1.0|w1	tblastn	REF|36080_nrrl-3631_MAT_Plus|gene1|sexP	23.1	E=2.6	37
GCA_000697355.1_SynMonB8922-1.0|w1|t1	GCA_000697355.1_SynMonB8922-1.0	cand	GCA_000697355.1_SynMonB8922-1.0|w1	tblastn	REF|4850_vkm-f-921_MAT_Minus|gene0|sexM	23.1	E=1.4	38
GCA_000697355.1_SynMonB8922-1.0|w1|t2	GCA_000697355.1_SynMonB8922-1.0	cand	GCA_000697355.1_SynMonB8922-1.0|w1	tblastn	REF|36080_r7b_MAT_Minus|gene1|sexM	21.9	E=4.3	45
GCA_000697355.1_SynMonB8922-1.0|w1|t3	GCA_000697355.1_SynMonB8922-1.0	cand	GCA_000697355.1_SynMonB8922-1.0|w1	tblastn	REF|86630_cbs357-93_MAT_Minus|gene0|sexM	22.3	E=2.3	72
GCA_000697355.1_SynMonB8922-1.0|w1|t4	GCA_000697355.1_SynMonB8922-1.0	cand	GCA_000697355.1_SynMonB8922-1.0|w1	tblastn	REF|86630_cbs357-93_MAT_Minus|gene0|sexM	27.7	E=0.043	49
GCA_000697355.1_SynMonB8922-1.0|w1|t6	GCA_000697355.1_SynMonB8922-1.0	cand	GCA_000697355.1_SynMonB8922-1.0|w1	tblastn	REF|4837_nrrl1555_MAT_Minus|gene1|sexM	21.2	E=6.2	31
GCA_000697355.1_SynMonB8922-1.0|w1|t7	GCA_000697355.1_SynMonB8922-1.0	cand	GCA_000697355.1_SynMonB8922-1.0|w1	tblastn	REF|36080_nrrl-3631_MAT_Plus|gene1|sexP	28.9	E=0.041	48
GCA_000697355.1_SynMonB8922-1.0|w2|t0	GCA_000697355.1_SynMonB8922-1.0	cand	GCA_000697355.1_SynMonB8922-1.0|w2	tblastn	REF|64495_cbs110-17_MAT_Minus|gene1|sexM	23.1	E=1.3	86
GCA_000697355.1_SynMonB8922-1.0|w2|t1	GCA_000697355.1_SynMonB8922-1.0	cand	GCA_000697355.1_SynMonB8922-1.0|w2	tblastn	REF|4837_ubc21_MAT_Plus|gene1|sexP	23.9	E=1.5	62
GCA_000697355.1_SynMonB8922-1.0|w2|t2	GCA_000697355.1_SynMonB8922-1.0	cand	GCA_000697355.1_SynMonB8922-1.0|w2	tblastn	REF|4837_nrrl1555_MAT_Minus|gene1|sexM	28.5	E=0.027	54
GCA_000697395.1_LicCorB5792-1.0|w0|t0	GCA_000697395.1_LicCorB5792-1.0	cand	GCA_000697395.1_LicCorB5792-1.0|w0	tblastn	REF|3108396_ai-2023a_MAT_Plus|gene2|sexP	76.6	E=5.3e-05	130
GCA_000697395.1_LicCorB5792-1.0|w0|t1	GCA_000697395.1_LicCorB5792-1.0	cand	GCA_000697395.1_LicCorB5792-1.0|w0	tblastn	REF|36080_r7b_MAT_Minus|gene1|sexM	43.5	E=1.4	105
GCA_000697395.1_LicCorB5792-1.0|w0|t2	GCA_000697395.1_LicCorB5792-1.0	cand	GCA_000697395.1_LicCorB5792-1.0|w0	tblastn	REF|29922_cbs109-16_MAT_Minus|gene1|sexM	44.3	E=0.51	72
GCA_000697395.1_LicCorB5792-1.0|w0|t4	GCA_000697395.1_LicCorB5792-1.0	cand	GCA_000697395.1_LicCorB5792-1.0|w0	tblastn	REF|86630_cbs357-93_MAT_Minus|gene0|sexM	23.1	E=0.48	32
GCA_000697395.1_LicCorB5792-1.0|w0|t5	GCA_000697395.1_LicCorB5792-1.0	cand	GCA_000697395.1_LicCorB5792-1.0|w0	tblastn	REF|29922_cbs109-16_MAT_Minus|gene1|sexM	75.5	E=9.5e-11	71
GCA_000697395.1_LicCorB5792-1.0|w0|t6	GCA_000697395.1_LicCorB5792-1.0	cand	GCA_000697395.1_LicCorB5792-1.0|w0	tblastn	REF|3231046_uomd23-19_MAT_Plus|gene1|sexP	20.8	E=4.6	46
GCA_000697395.1_LicCorB5792-1.0|w1|t2	GCA_000697395.1_LicCorB5792-1.0	cand	GCA_000697395.1_LicCorB5792-1.0|w1	tblastn	REF|36080_nrrl-3631_MAT_Plus|gene1|sexP	57.7	E=4.5	67
GCA_000697395.1_LicCorB5792-1.0|w1|t3	GCA_000697395.1_LicCorB5792-1.0	cand	GCA_000697395.1_LicCorB5792-1.0|w1	tblastn	REF|64495_cbs110-17_MAT_Minus|gene1|sexM	21.6	E=1.6	47
GCA_000697395.1_LicCorB5792-1.0|w1|t5	GCA_000697395.1_LicCorB5792-1.0	cand	GCA_000697395.1_LicCorB5792-1.0|w1	tblastn	REF|3231046_uomd23-19_MAT_Plus|gene1|sexP	62.4	E=2.8e-06	121
GCA_000697415.1_UmbIsaB7317-1.0|c0|t0	GCA_000697415.1_UmbIsaB7317-1.0	cand	GCA_000697415.1_UmbIsaB7317-1.0|c0	tblastn	REF|86630_cbs357-93_MAT_Minus|gene0|sexM	64.6	E=0.00036	113
GCA_000697435.1_RhiVarB7584-1.0|c0|t0	GCA_000697435.1_RhiVarB7584-1.0	cand	GCA_000697435.1_RhiVarB7584-1.0|c0	tblastn	REF|3108396_ai-2023a_MAT_Plus|gene2|sexP	19.6	E=8.3	34
GCA_000697435.1_RhiVarB7584-1.0|c0|t1	GCA_000697435.1_RhiVarB7584-1.0	cand	GCA_000697435.1_RhiVarB7584-1.0|c0	tblastn	REF|29922_cbs109-16_MAT_Minus|gene1|sexM	27.3	E=0.019	43
GCA_000697435.1_RhiVarB7584-1.0|c0|t2	GCA_000697435.1_RhiVarB7584-1.0	cand	GCA_000697435.1_RhiVarB7584-1.0|c0	tblastn	REF|101119_atcc11807_MAT_Plus|gene0|sexP	23.9	E=0.37	37
GCA_000697435.1_RhiVarB7584-1.0|c0|t3	GCA_000697435.1_RhiVarB7584-1.0	cand	GCA_000697435.1_RhiVarB7584-1.0|c0	tblastn	REF|35722_atcc11077_MAT_Minus|gene0|sexM	56.2	E=5.6e-12	147
GCA_000697435.1_RhiVarB7584-1.0|c0|t4	GCA_000697435.1_RhiVarB7584-1.0	cand	GCA_000697435.1_RhiVarB7584-1.0|c0	tblastn	REF|3231046_uomau377_MAT_Minus|gene1|sexM	23.9	E=0.27	97
GCA_000697435.1_RhiVarB7584-1.0|w0|t0	GCA_000697435.1_RhiVarB7584-1.0	cand	GCA_000697435.1_RhiVarB7584-1.0|w0	tblastn	REF|3231046_uomd23-19_MAT_Plus|gene1|sexP	42.0	E=1e-06	90
GCA_000697435.1_RhiVarB7584-1.0|w0|t1	GCA_000697435.1_RhiVarB7584-1.0	cand	GCA_000697435.1_RhiVarB7584-1.0|w0	tblastn	REF|3108396_ai-2023a_MAT_Plus|gene2|sexP	40.0	E=4.6	41
GCA_000697475.1_LicCorB2541-1.0|nw0|t0	GCA_000697475.1_LicCorB2541-1.0	cand	GCA_000697475.1_LicCorB2541-1.0|nw0	tblastn	REF|36080_r7b_MAT_Minus|gene1|sexM	62.0	E=1.5	58
GCA_000697475.1_LicCorB2541-1.0|nw0|t1	GCA_000697475.1_LicCorB2541-1.0	cand	GCA_000697475.1_LicCorB2541-1.0|nw0	tblastn	REF|4850_vkm-f-921_MAT_Minus|gene0|sexM	56.2	E=1.8e-05	99
GCA_000697475.1_LicCorB2541-1.0|nw0|t2	GCA_000697475.1_LicCorB2541-1.0	cand	GCA_000697475.1_LicCorB2541-1.0|nw0	tblastn	REF|101119_atcc11807_MAT_Plus|gene0|sexP	43.5	E=1.1	106
GCA_000697475.1_LicCorB2541-1.0|nw0|t4	GCA_000697475.1_LicCorB2541-1.0	cand	GCA_000697475.1_LicCorB2541-1.0|nw0	tblastn	REF|29922_cbs109-16_MAT_Minus|gene1|sexM	93.6	E=8.8e-11	99
GCA_000697495.1_SakOblB3353-1.0|c0|t0	GCA_000697495.1_SakOblB3353-1.0	cand	GCA_000697495.1_SakOblB3353-1.0|c0	tblastn	REF|4837_nrrl1555_MAT_Minus|gene1|sexM	123.0	E=7.2e-35	191
GCA_000697495.1_SakOblB3353-1.0|w1|t0	GCA_000697495.1_SakOblB3353-1.0	cand	GCA_000697495.1_SakOblB3353-1.0|w1	tblastn	REF|3231046_uomd23-19_MAT_Plus|gene1|sexP	24.6	E=0.42	35
GCA_000697495.1_SakOblB3353-1.0|w1|t1	GCA_000697495.1_SakOblB3353-1.0	cand	GCA_000697495.1_SakOblB3353-1.0|w1	tblastn	REF|3231046_uomau377_MAT_Minus|gene1|sexM	42.0	E=3.8	40
GCA_000697495.1_SakOblB3353-1.0|w1|t2	GCA_000697495.1_SakOblB3353-1.0	cand	GCA_000697495.1_SakOblB3353-1.0|w1	tblastn	REF|4837_nrrl1555_MAT_Minus|gene1|sexM	41.6	E=0.69	42
GCA_000697495.1_SakOblB3353-1.0|w1|t3	GCA_000697495.1_SakOblB3353-1.0	cand	GCA_000697495.1_SakOblB3353-1.0|w1	tblastn	REF|36080_r7b_MAT_Minus|gene1|sexM	23.5	E=0.75	37
GCA_000697495.1_SakOblB3353-1.0|w1|t4	GCA_000697495.1_SakOblB3353-1.0	cand	GCA_000697495.1_SakOblB3353-1.0|w1	tblastn	REF|4837_nrrl1555_MAT_Minus|gene1|sexM	25.0	E=0.16	30
GCA_000697495.1_SakOblB3353-1.0|w1|t5	GCA_000697495.1_SakOblB3353-1.0	cand	GCA_000697495.1_SakOblB3353-1.0|w1	tblastn	REF|3231046_uomd23-19_MAT_Plus|gene1|sexP	20.4	E=7.9	62
GCA_000697495.1_SakOblB3353-1.0|w1|t6	GCA_000697495.1_SakOblB3353-1.0	cand	GCA_000697495.1_SakOblB3353-1.0|w1	tblastn	REF|4837_nrrl1555_MAT_Minus|gene1|sexM	35.4	E=6.9	57
GCA_000697495.1_SakOblB3353-1.0|w1|t7	GCA_000697495.1_SakOblB3353-1.0	cand	GCA_000697495.1_SakOblB3353-1.0|w1	tblastn	REF|3108396_ai-2023a_MAT_Plus|gene2|sexP	21.6	E=4.1	32
GCA_000697495.1_SakOblB3353-1.0|h3|t0	GCA_000697495.1_SakOblB3353-1.0	nonlocus	GCA_000697495.1_SakOblB3353-1.0|h3	tblastn	REF|3231046_uomau377_MAT_Minus|gene1|sexM	43.9	E=2e-07	62
GCA_000697495.1_SakOblB3353-1.0|h2|t0	GCA_000697495.1_SakOblB3353-1.0	nonlocus	GCA_000697495.1_SakOblB3353-1.0|h2	tblastn	REF|86630_cbs357-93_MAT_Minus|gene0|sexM	43.1	E=1.5e-07	91
GCA_000697495.1_SakOblB3353-1.0|h2|t1	GCA_000697495.1_SakOblB3353-1.0	nonlocus	GCA_000697495.1_SakOblB3353-1.0|h2	tblastn	REF|36080_r7b_MAT_Minus|gene1|sexM	22.3	E=1.7	35
GCA_000697495.1_SakOblB3353-1.0|h4|t0	GCA_000697495.1_SakOblB3353-1.0	nonlocus	GCA_000697495.1_SakOblB3353-1.0|h4	tblastn	REF|36080_nrrl-3631_MAT_Plus|gene1|sexP	62.0	E=3e-06	172
GCA_000697605.1_RhiOryHUMC02-1.0|c0|m0	GCA_000697605.1_RhiOryHUMC02-1.0	cand	GCA_000697605.1_RhiOryHUMC02-1.0|c0	miniprot	REF|64495_cbs346-36_MAT_Plus|gene2|sexP	1618	1.0	313
GCA_000697605.1_RhiOryHUMC02-1.0|w0|t0	GCA_000697605.1_RhiOryHUMC02-1.0	cand	GCA_000697605.1_RhiOryHUMC02-1.0|w0	tblastn	REF|4837_nrrl1555_MAT_Minus|gene1|sexM	51.2	E=0.007	87
GCA_000697605.1_RhiOryHUMC02-1.0|w0|t1	GCA_000697605.1_RhiOryHUMC02-1.0	cand	GCA_000697605.1_RhiOryHUMC02-1.0|w0	tblastn	REF|3231046_uomd23-19_MAT_Plus|gene1|sexP	19.6	E=9.7	32
GCA_000697605.1_RhiOryHUMC02-1.0|w0|t3	GCA_000697605.1_RhiOryHUMC02-1.0	cand	GCA_000697605.1_RhiOryHUMC02-1.0|w0	tblastn	REF|36080_nrrl-3631_MAT_Plus|gene1|sexP	21.9	E=1.9	41
GCA_000697605.1_RhiOryHUMC02-1.0|w0|t4	GCA_000697605.1_RhiOryHUMC02-1.0	cand	GCA_000697605.1_RhiOryHUMC02-1.0|w0	tblastn	REF|3231046_uomd23-19_MAT_Plus|gene1|sexP	40.0	E=6.5	45
GCA_000697605.1_RhiOryHUMC02-1.0|w1|t0	GCA_000697605.1_RhiOryHUMC02-1.0	cand	GCA_000697605.1_RhiOryHUMC02-1.0|w1	tblastn	REF|64495_cbs346-36_MAT_Plus|gene2|sexP	62.0	E=3.5	75
GCA_000697605.1_RhiOryHUMC02-1.0|w1|t1	GCA_000697605.1_RhiOryHUMC02-1.0	cand	GCA_000697605.1_RhiOryHUMC02-1.0|w1	tblastn	REF|35722_atcc11077_MAT_Minus|gene0|sexM	28.9	E=0.007	127
GCA_000697725.1_RhiOry99-892-1.0|c0|m0	GCA_000697725.1_RhiOry99-892-1.0	cand	GCA_000697725.1_RhiOry99-892-1.0|c0	miniprot	REF|64495_cbs110-17_MAT_Minus|gene1|sexM	950	1.0	188
GCA_000697725.1_RhiOry99-892-1.0|w0|t1	GCA_000697725.1_RhiOry99-892-1.0	cand	GCA_000697725.1_RhiOry99-892-1.0|w0	tblastn	REF|64495_cbs346-36_MAT_Plus|gene2|sexP	41.6	E=3.4	52
GCA_000697725.1_RhiOry99-892-1.0|w1|t0	GCA_000697725.1_RhiOry99-892-1.0	cand	GCA_000697725.1_RhiOry99-892-1.0|w1	tblastn	REF|64495_cbs110-17_MAT_Minus|gene1|sexM	42.7	E=1.1	57
GCA_000697725.1_RhiOry99-892-1.0|w1|t1	GCA_000697725.1_RhiOry99-892-1.0	cand	GCA_000697725.1_RhiOry99-892-1.0|w1	tblastn	REF|29922_cbs109-16_MAT_Minus|gene1|sexM	38.8	E=5.8	38
GCA_000697725.1_RhiOry99-892-1.0|w1|t3	GCA_000697725.1_RhiOry99-892-1.0	cand	GCA_000697725.1_RhiOry99-892-1.0|w1	tblastn	REF|4837_nrrl1555_MAT_Minus|gene1|sexM	23.1	E=0.54	37
GCA_000697725.1_RhiOry99-892-1.0|w1|t5	GCA_000697725.1_RhiOry99-892-1.0	cand	GCA_000697725.1_RhiOry99-892-1.0|w1	tblastn	REF|4837_ubc21_MAT_Plus|gene1|sexP	34.7	E=0.00019	63
GCA_000723665.1_454Minimus|nw0|t1	GCA_000723665.1_454Minimus	cand	GCA_000723665.1_454Minimus|nw0	tblastn	REF|86630_cbs357-93_MAT_Minus|gene0|sexM	74.7	E=1.2e-10	75
GCA_000723665.1_454Minimus|nw0|t2	GCA_000723665.1_454Minimus	cand	GCA_000723665.1_454Minimus|nw0	tblastn	REF|101119_atcc11807_MAT_Plus|gene0|sexP	20.4	E=7.8	63
GCA_000723665.1_454Minimus|nw0|t3	GCA_000723665.1_454Minimus	cand	GCA_000723665.1_454Minimus|nw0	tblastn	REF|36080_r7b_MAT_Minus|gene1|sexM	20.0	E=8.4	39
GCA_000723665.1_454Minimus|nw0|t4	GCA_000723665.1_454Minimus	cand	GCA_000723665.1_454Minimus|nw0	tblastn	REF|101119_atcc11807_MAT_Plus|gene0|sexP	43.5	E=1.9	51
GCA_000723665.1_454Minimus|nw0|t5	GCA_000723665.1_454Minimus	cand	GCA_000723665.1_454Minimus|nw0	tblastn	REF|101119_atcc11807_MAT_Plus|gene0|sexP	22.3	E=2.1	68
GCA_000723665.1_454Minimus|nw0|t6	GCA_000723665.1_454Minimus	cand	GCA_000723665.1_454Minimus|nw0	tblastn	REF|4850_vkm-f-921_MAT_Minus|gene0|sexM	56.2	E=3.5e-05	99
GCA_000723665.1_454Minimus|nw0|t7	GCA_000723665.1_454Minimus	cand	GCA_000723665.1_454Minimus|nw0	tblastn	REF|101119_atcc11807_MAT_Minus|gene0|sexM	52.3	E=0.029	57
GCA_000723665.1_454Minimus|w1|t2	GCA_000723665.1_454Minimus	cand	GCA_000723665.1_454Minimus|w1	tblastn	REF|35722_atcc11077_MAT_Minus|gene0|sexM	21.6	E=2.1	52
GCA_000723665.1_454Minimus|w1|t3	GCA_000723665.1_454Minimus	cand	GCA_000723665.1_454Minimus|w1	tblastn	REF|101119_atcc11807_MAT_Plus|gene0|sexP	51.2	E=0.13	64
GCA_000723665.1_454Minimus|w1|t4	GCA_000723665.1_454Minimus	cand	GCA_000723665.1_454Minimus|w1	tblastn	REF|101119_atcc11807_MAT_Minus|gene0|sexM	36.9	E=2.9	57
GCA_000723665.1_454Minimus|w1|t5	GCA_000723665.1_454Minimus	cand	GCA_000723665.1_454Minimus|w1	tblastn	REF|3108396_ai-2023a_MAT_Plus|gene2|sexP	20.4	E=9.1	61
GCA_000723665.1_454Minimus|w1|t6	GCA_000723665.1_454Minimus	cand	GCA_000723665.1_454Minimus|w1	tblastn	REF|36080_nrrl-3631_MAT_Plus|gene1|sexP	85.8	E=1e-06	115
GCA_000738555.1_LicRamB5399-1.0|w0|t0	GCA_000738555.1_LicRamB5399-1.0	cand	GCA_000738555.1_LicRamB5399-1.0|w0	tblastn	REF|4837_nrrl1555_MAT_Minus|gene1|sexM	22.7	E=0.72	84
GCA_000738555.1_LicRamB5399-1.0|w0|t1	GCA_000738555.1_LicRamB5399-1.0	cand	GCA_000738555.1_LicRamB5399-1.0|w0	tblastn	REF|101119_atcc11807_MAT_Minus|gene0|sexM	77.4	E=1.7e-11	133
GCA_000738555.1_LicRamB5399-1.0|w0|t2	GCA_000738555.1_LicRamB5399-1.0	cand	GCA_000738555.1_LicRamB5399-1.0|w0	tblastn	REF|4837_nrrl1555_MAT_Minus|gene1|sexM	23.5	E=0.39	35
GCA_000738555.1_LicRamB5399-1.0|w0|t3	GCA_000738555.1_LicRamB5399-1.0	cand	GCA_000738555.1_LicRamB5399-1.0|w0	tblastn	REF|86630_cbs357-93_MAT_Minus|gene0|sexM	24.3	E=0.22	45
GCA_000738555.1_LicRamB5399-1.0|w0|t5	GCA_000738555.1_LicRamB5399-1.0	cand	GCA_000738555.1_LicRamB5399-1.0|w0	tblastn	REF|29922_cbs109-16_MAT_Minus|gene1|sexM	42.3	E=1.5	77
GCA_000738555.1_LicRamB5399-1.0|w0|t6	GCA_000738555.1_LicRamB5399-1.0	cand	GCA_000738555.1_LicRamB5399-1.0|w0	tblastn	REF|3231046_uomd23-19_MAT_Plus|gene1|sexP	43.1	E=5.9e-07	56
GCA_000738555.1_LicRamB5399-1.0|w1|t1	GCA_000738555.1_LicRamB5399-1.0	cand	GCA_000738555.1_LicRamB5399-1.0|w1	tblastn	REF|29922_cbs109-16_MAT_Minus|gene1|sexM	40.8	E=2.6	117
GCA_000738555.1_LicRamB5399-1.0|w1|t2	GCA_000738555.1_LicRamB5399-1.0	cand	GCA_000738555.1_LicRamB5399-1.0|w1	tblastn	REF|36080_nrrl-3631_MAT_Plus|gene1|sexP	42.0	E=4.4	61
GCA_000738555.1_LicRamB5399-1.0|w1|t3	GCA_000738555.1_LicRamB5399-1.0	cand	GCA_000738555.1_LicRamB5399-1.0|w1	tblastn	REF|4850_vkm-f-921_MAT_Minus|gene0|sexM	21.6	E=1.9	53
GCA_000738555.1_LicRamB5399-1.0|w1|t4	GCA_000738555.1_LicRamB5399-1.0	cand	GCA_000738555.1_LicRamB5399-1.0|w1	tblastn	REF|36080_nrrl-3631_MAT_Plus|gene1|sexP	85.1	E=5.8e-07	146
GCA_000738565.1_RhiAzyB7455-1.0|c0|m0	GCA_000738565.1_RhiAzyB7455-1.0	cand	GCA_000738565.1_RhiAzyB7455-1.0|c0	miniprot	REF|64495_cbs346-36_MAT_Plus|gene2|sexP	629	0.994	316
GCA_000738585.1_RhiDel21477-1.0|c0|m0	GCA_000738585.1_RhiDel21477-1.0	cand	GCA_000738585.1_RhiDel21477-1.0|c0	miniprot	REF|64495_cbs110-17_MAT_Minus|gene1|sexM	868	1.0	205
GCA_000738585.1_RhiDel21477-1.0|w0|t1	GCA_000738585.1_RhiDel21477-1.0	cand	GCA_000738585.1_RhiDel21477-1.0|w0	tblastn	REF|35722_atcc11077_MAT_Minus|gene0|sexM	28.9	E=0.007	127
GCA_000738585.1_RhiDel21477-1.0|w0|t2	GCA_000738585.1_RhiDel21477-1.0	cand	GCA_000738585.1_RhiDel21477-1.0|w0	tblastn	REF|64495_cbs346-36_MAT_Plus|gene2|sexP	62.8	E=3.2	75
GCA_000738585.1_RhiDel21477-1.0|w1|t0	GCA_000738585.1_RhiDel21477-1.0	cand	GCA_000738585.1_RhiDel21477-1.0|w1	tblastn	REF|35722_atcc11077_MAT_Minus|gene0|sexM	23.1	E=0.51	60
GCA_000738585.1_RhiDel21477-1.0|w1|t1	GCA_000738585.1_RhiDel21477-1.0	cand	GCA_000738585.1_RhiDel21477-1.0|w1	tblastn	REF|36080_nrrl-3631_MAT_Plus|gene1|sexP	28.9	E=0.015	40
GCA_000738585.1_RhiDel21477-1.0|w1|t3	GCA_000738585.1_RhiDel21477-1.0	cand	GCA_000738585.1_RhiDel21477-1.0|w1	tblastn	REF|101119_atcc11807_MAT_Plus|gene0|sexP	22.7	E=0.94	31
GCA_000738585.1_RhiDel21477-1.0|w1|t4	GCA_000738585.1_RhiDel21477-1.0	cand	GCA_000738585.1_RhiDel21477-1.0|w1	tblastn	REF|4850_vkm-f-921_MAT_Minus|gene0|sexM	57.7	E=0.73	56
GCA_000738585.1_RhiDel21477-1.0|w1|t5	GCA_000738585.1_RhiDel21477-1.0	cand	GCA_000738585.1_RhiDel21477-1.0|w1	tblastn	REF|36080_r7b_MAT_Minus|gene1|sexM	19.2	E=9.5	65
GCA_000738585.1_RhiDel21477-1.0|w1|t7	GCA_000738585.1_RhiDel21477-1.0	cand	GCA_000738585.1_RhiDel21477-1.0|w1	tblastn	REF|101119_atcc11807_MAT_Plus|gene0|sexP	20.4	E=5.1	30
GCA_000738595.1_RhiDel21447-1.0|c0|m0	GCA_000738595.1_RhiDel21447-1.0	cand	GCA_000738595.1_RhiDel21447-1.0|c0	miniprot	REF|64495_cbs346-36_MAT_Plus|gene2|sexP	1532	1.0	313
GCA_000738595.1_RhiDel21447-1.0|w0|t0	GCA_000738595.1_RhiDel21447-1.0	cand	GCA_000738595.1_RhiDel21447-1.0|w0	tblastn	REF|35722_atcc11077_MAT_Minus|gene0|sexM	47.0	E=0.001	133
GCA_000738605.1_RhiDel21446-1.0|c0|m0	GCA_000738605.1_RhiDel21446-1.0	cand	GCA_000738605.1_RhiDel21446-1.0|c0	miniprot	REF|64495_cbs346-36_MAT_Plus|gene2|sexP	1532	1.0	313
GCA_000738605.1_RhiDel21446-1.0|w0|t0	GCA_000738605.1_RhiDel21446-1.0	cand	GCA_000738605.1_RhiDel21446-1.0|w0	tblastn	REF|35722_atcc11077_MAT_Minus|gene0|sexM	47.0	E=0.001	133
GCA_000739165.1_Mort_vert_NRRL_6337_V1|w0|t0	GCA_000739165.1_Mort_vert_NRRL_6337_V1	cand	GCA_000739165.1_Mort_vert_NRRL_6337_V1|w0	tblastn	REF|36080_nrrl-3631_MAT_Plus|gene1|sexP	43.9	E=3.5e-07	51
GCA_000739165.1_Mort_vert_NRRL_6337_V1|w0|t1	GCA_000739165.1_Mort_vert_NRRL_6337_V1	cand	GCA_000739165.1_Mort_vert_NRRL_6337_V1|w0	tblastn	REF|35722_atcc11077_MAT_Minus|gene0|sexM	23.9	E=0.39	34
GCA_000739165.1_Mort_vert_NRRL_6337_V1|w0|t2	GCA_000739165.1_Mort_vert_NRRL_6337_V1	cand	GCA_000739165.1_Mort_vert_NRRL_6337_V1|w0	tblastn	REF|3231046_uomd23-19_MAT_Plus|gene1|sexP	22.3	E=1.8	40
GCA_000739165.1_Mort_vert_NRRL_6337_V1|w0|t3	GCA_000739165.1_Mort_vert_NRRL_6337_V1	cand	GCA_000739165.1_Mort_vert_NRRL_6337_V1|w0	tblastn	REF|101119_atcc11807_MAT_Minus|gene0|sexM	21.6	E=1.7	43
GCA_000739165.1_Mort_vert_NRRL_6337_V1|w0|t5	GCA_000739165.1_Mort_vert_NRRL_6337_V1	cand	GCA_000739165.1_Mort_vert_NRRL_6337_V1|w0	tblastn	REF|101119_atcc11807_MAT_Plus|gene0|sexP	42.0	E=3.7	108
GCA_000739165.1_Mort_vert_NRRL_6337_V1|w1|t0	GCA_000739165.1_Mort_vert_NRRL_6337_V1	cand	GCA_000739165.1_Mort_vert_NRRL_6337_V1|w1	tblastn	REF|36080_nrrl-3631_MAT_Plus|gene1|sexP	43.5	E=2	85
GCA_000739165.1_Mort_vert_NRRL_6337_V1|w1|t1	GCA_000739165.1_Mort_vert_NRRL_6337_V1	cand	GCA_000739165.1_Mort_vert_NRRL_6337_V1|w1	tblastn	REF|3231046_uomd23-19_MAT_Plus|gene1|sexP	23.5	E=0.91	33
GCA_000739165.1_Mort_vert_NRRL_6337_V1|w1|t3	GCA_000739165.1_Mort_vert_NRRL_6337_V1	cand	GCA_000739165.1_Mort_vert_NRRL_6337_V1|w1	tblastn	REF|101119_atcc11807_MAT_Plus|gene0|sexP	45.8	E=0.29	112
GCA_000739165.1_Mort_vert_NRRL_6337_V1|w1|t4	GCA_000739165.1_Mort_vert_NRRL_6337_V1	cand	GCA_000739165.1_Mort_vert_NRRL_6337_V1|w1	tblastn	REF|101119_atcc11807_MAT_Plus|gene0|sexP	20.0	E=7.9	74
GCA_000739165.1_Mort_vert_NRRL_6337_V1|w1|t5	GCA_000739165.1_Mort_vert_NRRL_6337_V1	cand	GCA_000739165.1_Mort_vert_NRRL_6337_V1|w1	tblastn	REF|36080_nrrl-3631_MAT_Plus|gene1|sexP	21.2	E=4.4	56
GCA_000787465.1_ASM78746v1|h5|m0	GCA_000787465.1_ASM78746v1	nonlocus	GCA_000787465.1_ASM78746v1|h5	miniprot	REF|3108396_ai-2023a_MAT_Plus|gene2|sexP	287	0.934	303
GCA_000787465.1_ASM78746v1|h1|m0	GCA_000787465.1_ASM78746v1	nonlocus	GCA_000787465.1_ASM78746v1|h1	miniprot	REF|4837_nrrl1555_MAT_Minus|gene1|sexM	337	0.943	187
GCA_000787465.1_ASM78746v1|w0|t0	GCA_000787465.1_ASM78746v1	cand	GCA_000787465.1_ASM78746v1|w0	tblastn	REF|4837_ubc21_MAT_Plus|gene1|sexP	42.0	E=8.3e-08	57
GCA_000787465.1_ASM78746v1|w1|t0	GCA_000787465.1_ASM78746v1	cand	GCA_000787465.1_ASM78746v1|w1	tblastn	REF|4850_vkm-f-921_MAT_Minus|gene0|sexM	47.3	E=0.031	72
GCA_000787465.1_ASM78746v1|w2|t0	GCA_000787465.1_ASM78746v1	cand	GCA_000787465.1_ASM78746v1|w2	tblastn	REF|36080_nrrl-3631_MAT_Plus|gene1|sexP	26.2	E=0.43	121
GCA_000787465.1_ASM78746v1|w2|t1	GCA_000787465.1_ASM78746v1	cand	GCA_000787465.1_ASM78746v1|w2	tblastn	REF|101119_atcc11807_MAT_Minus|gene0|sexM	30.0	E=0.012	61
GCA_000787465.1_ASM78746v1|w3|t0	GCA_000787465.1_ASM78746v1	cand	GCA_000787465.1_ASM78746v1|w3	tblastn	REF|101119_atcc11807_MAT_Minus|gene0|sexM	27.7	E=0.06	55
GCA_000787465.1_ASM78746v1|w3|t3	GCA_000787465.1_ASM78746v1	cand	GCA_000787465.1_ASM78746v1|w3	tblastn	REF|64495_cbs346-36_MAT_Plus|gene2|sexP	21.9	E=8.7	31
GCA_000787465.1_ASM78746v1|w4|t1	GCA_000787465.1_ASM78746v1	cand	GCA_000787465.1_ASM78746v1|w4	tblastn	REF|101119_atcc11807_MAT_Plus|gene0|sexP	32.0	E=0.006	54
GCA_000787465.1_ASM78746v1|w4|t2	GCA_000787465.1_ASM78746v1	cand	GCA_000787465.1_ASM78746v1|w4	tblastn	REF|4837_nrrl1555_MAT_Minus|gene1|sexM	43.5	E=3.9	62
GCA_000787465.1_ASM78746v1|w4|t4	GCA_000787465.1_ASM78746v1	cand	GCA_000787465.1_ASM78746v1|w4	tblastn	REF|36080_nrrl-3631_MAT_Plus|gene1|sexP	37.7	E=9.7	60
GCA_000787465.1_ASM78746v1|w5|t0	GCA_000787465.1_ASM78746v1	cand	GCA_000787465.1_ASM78746v1|w5	tblastn	REF|3108396_ai-2023a_MAT_Plus|gene2|sexP	24.3	E=1.7	34
GCA_000787465.1_ASM78746v1|w5|t3	GCA_000787465.1_ASM78746v1	cand	GCA_000787465.1_ASM78746v1|w5	tblastn	REF|36080_nrrl-3631_MAT_Plus|gene1|sexP	65.4	E=2.4e-05	133
GCA_000787465.1_ASM78746v1|w6|t1	GCA_000787465.1_ASM78746v1	cand	GCA_000787465.1_ASM78746v1|w6	tblastn	REF|36080_nrrl-3631_MAT_Plus|gene1|sexP	28.9	E=0.064	38
GCA_000787465.1_ASM78746v1|w7|t0	GCA_000787465.1_ASM78746v1	cand	GCA_000787465.1_ASM78746v1|w7	tblastn	REF|29922_cbs109-16_MAT_Minus|gene1|sexM	28.1	E=0.065	35
GCA_000787465.1_ASM78746v1|w7|t2	GCA_000787465.1_ASM78746v1	cand	GCA_000787465.1_ASM78746v1|w7	tblastn	REF|64495_cbs110-17_MAT_Minus|gene1|sexM	21.6	E=5.2	65
GCA_000787465.1_ASM78746v1|w8|t0	GCA_000787465.1_ASM78746v1	cand	GCA_000787465.1_ASM78746v1|w8	tblastn	REF|3108396_ai-2023a_MAT_Plus|gene2|sexP	28.5	E=0.08	82
GCA_000787465.1_ASM78746v1|w8|t2	GCA_000787465.1_ASM78746v1	cand	GCA_000787465.1_ASM78746v1|w8	tblastn	REF|86630_cbs357-93_MAT_Minus|gene0|sexM	31.2	E=0.005	78
GCA_000787465.1_ASM78746v1|w9|t0	GCA_000787465.1_ASM78746v1	cand	GCA_000787465.1_ASM78746v1|w9	tblastn	REF|3108396_ai-2023a_MAT_Plus|gene2|sexP	28.1	E=0.092	36
GCA_000787465.1_ASM78746v1|w10|t0	GCA_000787465.1_ASM78746v1	cand	GCA_000787465.1_ASM78746v1|w10	tblastn	REF|4850_vkm-f-921_MAT_Minus|gene0|sexM	29.6	E=0.016	38
GCA_000787465.1_ASM78746v1|w10|t1	GCA_000787465.1_ASM78746v1	cand	GCA_000787465.1_ASM78746v1|w10	tblastn	REF|29922_cbs109-16_MAT_Minus|gene1|sexM	22.3	E=4	45
GCA_000787465.1_ASM78746v1|w11|t0	GCA_000787465.1_ASM78746v1	cand	GCA_000787465.1_ASM78746v1|w11	tblastn	REF|4837_nrrl1555_MAT_Minus|gene1|sexM	23.1	E=2.5	37
GCA_000787465.1_ASM78746v1|w11|t1	GCA_000787465.1_ASM78746v1	cand	GCA_000787465.1_ASM78746v1|w11	tblastn	REF|3108396_ai-2023a_MAT_Plus|gene2|sexP	43.8	E=0.3	68
GCA_000787465.1_ASM78746v1|w11|t2	GCA_000787465.1_ASM78746v1	cand	GCA_000787465.1_ASM78746v1|w11	tblastn	REF|64495_cbs110-17_MAT_Minus|gene1|sexM	23.1	E=1.8	40
GCA_000787465.1_ASM78746v1|w11|t3	GCA_000787465.1_ASM78746v1	cand	GCA_000787465.1_ASM78746v1|w11	tblastn	REF|29922_cbs109-16_MAT_Minus|gene1|sexM	25.0	E=0.57	39
GCA_000787465.1_ASM78746v1|w11|t4	GCA_000787465.1_ASM78746v1	cand	GCA_000787465.1_ASM78746v1|w11	tblastn	REF|4837_nrrl1555_MAT_Minus|gene1|sexM	27.7	E=0.085	63
GCA_000787465.1_ASM78746v1|h2|t0	GCA_000787465.1_ASM78746v1	nonlocus	GCA_000787465.1_ASM78746v1|h2	tblastn	REF|4837_ubc21_MAT_Plus|gene1|sexP	68.6	E=1.2e-14	148
GCA_000825725.1_Rmicro_CBS_344.29_Allpaths-LG|c0|m0	GCA_000825725.1_Rmicro_CBS_344.29_Allpaths-LG	cand	GCA_000825725.1_Rmicro_CBS_344.29_Allpaths-LG|c0	miniprot	REF|86630_cbs357-93_MAT_Minus|gene0|sexM	862	1.0	186
GCA_000825725.1_Rmicro_CBS_344.29_Allpaths-LG|c1|m0	GCA_000825725.1_Rmicro_CBS_344.29_Allpaths-LG	cand	GCA_000825725.1_Rmicro_CBS_344.29_Allpaths-LG|c1	miniprot	REF|64495_cbs346-36_MAT_Plus|gene2|sexP	607	0.994	316
GCA_000938895.1_PP.v1|c0|m0	GCA_000938895.1_PP.v1	cand	GCA_000938895.1_PP.v1|c0	miniprot	REF|36080_nrrl-3631_MAT_Plus|gene1|sexP	965	0.957	303
GCA_000938895.1_PP.v1|w0|t0	GCA_000938895.1_PP.v1	cand	GCA_000938895.1_PP.v1|w0	tblastn	REF|36080_r7b_MAT_Minus|gene1|sexM	24.3	E=0.74	30
GCA_000938895.1_PP.v1|w0|t1	GCA_000938895.1_PP.v1	cand	GCA_000938895.1_PP.v1|w0	tblastn	REF|4837_ubc21_MAT_Plus|gene1|sexP	53.5	E=6e-10	162
GCA_000938895.1_PP.v1|w0|t2	GCA_000938895.1_PP.v1	cand	GCA_000938895.1_PP.v1|w0	tblastn	REF|64495_cbs346-36_MAT_Plus|gene2|sexP	22.3	E=3.7	30
GCA_000938895.1_PP.v1|w0|t4	GCA_000938895.1_PP.v1	cand	GCA_000938895.1_PP.v1|w0	tblastn	REF|4837_nrrl1555_MAT_Minus|gene1|sexM	23.1	E=1.2	33
GCA_000938895.1_PP.v1|w0|t5	GCA_000938895.1_PP.v1	cand	GCA_000938895.1_PP.v1|w0	tblastn	REF|4837_ubc21_MAT_Plus|gene1|sexP	43.5	E=3.5	71
GCA_000938895.1_PP.v1|w0|t7	GCA_000938895.1_PP.v1	cand	GCA_000938895.1_PP.v1|w0	tblastn	REF|4837_ubc21_MAT_Plus|gene1|sexP	21.2	E=8.4	39
GCA_000938895.1_PP.v1|w0|t8	GCA_000938895.1_PP.v1	cand	GCA_000938895.1_PP.v1|w0	tblastn	REF|36080_r7b_MAT_Minus|gene1|sexM	23.1	E=1.7	60
GCA_000938895.1_PP.v1|w0|t9	GCA_000938895.1_PP.v1	cand	GCA_000938895.1_PP.v1|w0	tblastn	REF|3108396_ai-2023a_MAT_Plus|gene2|sexP	44.7	E=2.2	67
GCA_000938895.1_PP.v1|w0|t12	GCA_000938895.1_PP.v1	cand	GCA_000938895.1_PP.v1|w0	tblastn	REF|4837_ubc21_MAT_Plus|gene1|sexP	42.4	E=2.2e-06	49
GCA_000938895.1_PP.v1|w1|t0	GCA_000938895.1_PP.v1	cand	GCA_000938895.1_PP.v1|w1	tblastn	REF|86630_cbs357-93_MAT_Minus|gene0|sexM	42.7	E=3.9e-07	98
GCA_000938895.1_PP.v1|w1|t2	GCA_000938895.1_PP.v1	cand	GCA_000938895.1_PP.v1|w1	tblastn	REF|36080_nrrl-3631_MAT_Plus|gene1|sexP	40.8	E=8.2e-06	73
GCA_000938895.1_PP.v1|w2|t1	GCA_000938895.1_PP.v1	cand	GCA_000938895.1_PP.v1|w2	tblastn	REF|36080_nrrl-3631_MAT_Plus|gene1|sexP	58.9	E=2.1e-05	80
GCA_000938895.1_PP.v1|w2|t3	GCA_000938895.1_PP.v1	cand	GCA_000938895.1_PP.v1|w2	tblastn	REF|3231046_uomau377_MAT_Minus|gene1|sexM	25.0	E=0.43	35
GCA_000938895.1_PP.v1|w2|t5	GCA_000938895.1_PP.v1	cand	GCA_000938895.1_PP.v1|w2	tblastn	REF|101119_atcc11807_MAT_Plus|gene0|sexP	21.2	E=9.2	35
GCA_000938895.1_PP.v1|w2|t6	GCA_000938895.1_PP.v1	cand	GCA_000938895.1_PP.v1|w2	tblastn	REF|86630_cbs357-93_MAT_Minus|gene0|sexM	22.7	E=1.5	56
GCA_000938895.1_PP.v1|h5|t0	GCA_000938895.1_PP.v1	nonlocus	GCA_000938895.1_PP.v1|h5	tblastn	REF|4850_vkm-f-921_MAT_Minus|gene0|sexM	26.6	E=0.12	32
GCA_000938895.1_PP.v1|h5|t1	GCA_000938895.1_PP.v1	nonlocus	GCA_000938895.1_PP.v1|h5	tblastn	REF|64495_cbs110-17_MAT_Minus|gene1|sexM	68.1	E=6.1e-08	117
GCA_000938895.1_PP.v1|h6|t0	GCA_000938895.1_PP.v1	nonlocus	GCA_000938895.1_PP.v1|h6	tblastn	REF|3108396_ai-2023a_MAT_Plus|gene2|sexP	21.2	E=7.9	56
GCA_000938895.1_PP.v1|h6|t1	GCA_000938895.1_PP.v1	nonlocus	GCA_000938895.1_PP.v1|h6	tblastn	REF|3231046_uomd23-19_MAT_Plus|gene1|sexP	50.1	E=7.2e-09	70
GCA_000938895.1_PP.v1|h12|t0	GCA_000938895.1_PP.v1	nonlocus	GCA_000938895.1_PP.v1|h12	tblastn	REF|36080_nrrl-3631_MAT_Plus|gene1|sexP	45.8	E=2e-07	99
GCA_000945115.1_Lramosa_hybrid_454_Illumina|w0|t0	GCA_000945115.1_Lramosa_hybrid_454_Illumina	cand	GCA_000945115.1_Lramosa_hybrid_454_Illumina|w0	tblastn	REF|36080_nrrl-3631_MAT_Plus|gene1|sexP	42.0	E=2e-06	95
GCA_000945115.1_Lramosa_hybrid_454_Illumina|w0|t1	GCA_000945115.1_Lramosa_hybrid_454_Illumina	cand	GCA_000945115.1_Lramosa_hybrid_454_Illumina|w0	tblastn	REF|36080_r7b_MAT_Minus|gene1|sexM	43.1	E=2.9	105
GCA_000945115.1_Lramosa_hybrid_454_Illumina|w0|t2	GCA_000945115.1_Lramosa_hybrid_454_Illumina	cand	GCA_000945115.1_Lramosa_hybrid_454_Illumina|w0	tblastn	REF|29922_cbs109-16_MAT_Minus|gene1|sexM	42.4	E=2.9	72
GCA_000945115.1_Lramosa_hybrid_454_Illumina|w0|t4	GCA_000945115.1_Lramosa_hybrid_454_Illumina	cand	GCA_000945115.1_Lramosa_hybrid_454_Illumina|w0	tblastn	REF|86630_cbs357-93_MAT_Minus|gene0|sexM	24.6	E=0.25	32
GCA_000945115.1_Lramosa_hybrid_454_Illumina|w0|t5	GCA_000945115.1_Lramosa_hybrid_454_Illumina	cand	GCA_000945115.1_Lramosa_hybrid_454_Illumina|w0	tblastn	REF|4837_nrrl1555_MAT_Minus|gene1|sexM	21.2	E=3.6	32
GCA_000945115.1_Lramosa_hybrid_454_Illumina|w0|t6	GCA_000945115.1_Lramosa_hybrid_454_Illumina	cand	GCA_000945115.1_Lramosa_hybrid_454_Illumina|w0	tblastn	REF|29922_cbs109-16_MAT_Minus|gene1|sexM	73.2	E=5.6e-10	72
GCA_000945115.1_Lramosa_hybrid_454_Illumina|w0|t7	GCA_000945115.1_Lramosa_hybrid_454_Illumina	cand	GCA_000945115.1_Lramosa_hybrid_454_Illumina|w0	tblastn	REF|3231046_uomd23-19_MAT_Plus|gene1|sexP	21.9	E=3.6	46
GCA_000945115.1_Lramosa_hybrid_454_Illumina|w1|t0	GCA_000945115.1_Lramosa_hybrid_454_Illumina	cand	GCA_000945115.1_Lramosa_hybrid_454_Illumina|w1	tblastn	REF|36080_r7b_MAT_Minus|gene1|sexM	43.1	E=2.2	62
GCA_000945115.1_Lramosa_hybrid_454_Illumina|w1|t1	GCA_000945115.1_Lramosa_hybrid_454_Illumina	cand	GCA_000945115.1_Lramosa_hybrid_454_Illumina|w1	tblastn	REF|101119_atcc11807_MAT_Plus|gene0|sexP	47.4	E=0.12	130
GCA_000945115.1_Lramosa_hybrid_454_Illumina|w1|t3	GCA_000945115.1_Lramosa_hybrid_454_Illumina	cand	GCA_000945115.1_Lramosa_hybrid_454_Illumina|w1	tblastn	REF|3231046_uomau377_MAT_Minus|gene1|sexM	27.3	E=0.052	46
GCA_000945115.1_Lramosa_hybrid_454_Illumina|w2|t0	GCA_000945115.1_Lramosa_hybrid_454_Illumina	cand	GCA_000945115.1_Lramosa_hybrid_454_Illumina|w2	tblastn	REF|36080_nrrl-3631_MAT_Plus|gene1|sexP	84.4	E=1.8e-06	122
GCA_000950595.1_ASM95059v1|c0|m0	GCA_000950595.1_ASM95059v1	cand	GCA_000950595.1_ASM95059v1|c0	miniprot	REF|36080_nrrl-3631_MAT_Plus|gene1|sexP	1493	1.0	326
GCA_000950595.1_ASM95059v1|w0|t1	GCA_000950595.1_ASM95059v1	cand	GCA_000950595.1_ASM95059v1|w0	tblastn	REF|36080_r7b_MAT_Minus|gene1|sexM	103.2	E=0.00022	117
GCA_001021685.1_ASM102168v1|w0|t0	GCA_001021685.1_ASM102168v1	cand	GCA_001021685.1_ASM102168v1|w0	tblastn	REF|4837_ubc21_MAT_Plus|gene1|sexP	53.5	E=2.3e-10	76
GCA_001021685.1_ASM102168v1|w0|t1	GCA_001021685.1_ASM102168v1	cand	GCA_001021685.1_ASM102168v1|w0	tblastn	REF|35722_atcc11077_MAT_Minus|gene0|sexM	41.9	E=1	35
GCA_001021685.1_ASM102168v1|w0|t2	GCA_001021685.1_ASM102168v1	cand	GCA_001021685.1_ASM102168v1|w0	tblastn	REF|4837_ubc21_MAT_Plus|gene1|sexP	43.1	E=1.3	48
GCA_001021685.1_ASM102168v1|w1|t0	GCA_001021685.1_ASM102168v1	cand	GCA_001021685.1_ASM102168v1|w1	tblastn	REF|3231046_uomd23-19_MAT_Plus|gene1|sexP	100.5	E=1.6	84
GCA_001021685.1_ASM102168v1|w1|t1	GCA_001021685.1_ASM102168v1	cand	GCA_001021685.1_ASM102168v1|w1	tblastn	REF|64495_cbs346-36_MAT_Plus|gene2|sexP	21.2	E=3.9	59
GCA_001021685.1_ASM102168v1|w1|t2	GCA_001021685.1_ASM102168v1	cand	GCA_001021685.1_ASM102168v1|w1	tblastn	REF|101119_atcc11807_MAT_Minus|gene0|sexM	40.8	E=2.4	36
GCA_001021685.1_ASM102168v1|w1|t3	GCA_001021685.1_ASM102168v1	cand	GCA_001021685.1_ASM102168v1|w1	tblastn	REF|4850_vkm-f-921_MAT_Minus|gene0|sexM	22.7	E=0.83	47
GCA_001276145.1_ASM127614v1|c0|m0	GCA_001276145.1_ASM127614v1	cand	GCA_001276145.1_ASM127614v1|c0	miniprot	REF|36080_r7b_MAT_Minus|gene1|sexM	720	1.0	256
GCA_001276145.1_ASM127614v1|w0|t0	GCA_001276145.1_ASM127614v1	cand	GCA_001276145.1_ASM127614v1|w0	tblastn	REF|36080_nrrl-3631_MAT_Plus|gene1|sexP	21.6	E=1.5	74
GCA_001276145.1_ASM127614v1|w0|t1	GCA_001276145.1_ASM127614v1	cand	GCA_001276145.1_ASM127614v1|w0	tblastn	REF|101119_atcc11807_MAT_Minus|gene0|sexM	87.4	E=9.5e-09	115
GCA_001276145.1_ASM127614v1|w1|t0	GCA_001276145.1_ASM127614v1	cand	GCA_001276145.1_ASM127614v1|w1	tblastn	REF|36080_nrrl-3631_MAT_Plus|gene1|sexP	60.8	E=9.3e-07	117
GCA_001599575.1_JCM_22480_assembly_v001|c0|m0	GCA_001599575.1_JCM_22480_assembly_v001	cand	GCA_001599575.1_JCM_22480_assembly_v001|c0	miniprot	REF|36080_r7b_MAT_Minus|gene1|sexM	720	1.0	256
GCA_001599575.1_JCM_22480_assembly_v001|w0|t0	GCA_001599575.1_JCM_22480_assembly_v001	cand	GCA_001599575.1_JCM_22480_assembly_v001|w0	tblastn	REF|101119_atcc11807_MAT_Minus|gene0|sexM	65.8	E=0.001	78
GCA_001599635.1_JCM_22485_assembly_v001|c0|m0	GCA_001599635.1_JCM_22485_assembly_v001	cand	GCA_001599635.1_JCM_22485_assembly_v001|c0	miniprot	REF|3108396_ai-2023a_MAT_Plus|gene2|sexP	519	0.974	309
GCA_001599635.1_JCM_22485_assembly_v001|w0|t0	GCA_001599635.1_JCM_22485_assembly_v001	cand	GCA_001599635.1_JCM_22485_assembly_v001|w0	tblastn	REF|3231046_uomd23-19_MAT_Plus|gene1|sexP	78.2	E=1.5e-06	147
GCA_001650995.1_ASM165099v1|c0|t0	GCA_001650995.1_ASM165099v1	cand	GCA_001650995.1_ASM165099v1|c0	tblastn	REF|4850_vkm-f-921_MAT_Minus|gene0|sexM	23.9	E=1.2	36
GCA_001650995.1_ASM165099v1|c0|t1	GCA_001650995.1_ASM165099v1	cand	GCA_001650995.1_ASM165099v1|c0	tblastn	REF|3231046_uomau377_MAT_Minus|gene1|sexM	83.2	E=4.1e-20	182
GCA_001650995.1_ASM165099v1|w0|t1	GCA_001650995.1_ASM165099v1	cand	GCA_001650995.1_ASM165099v1|w0	tblastn	REF|101119_atcc11807_MAT_Minus|gene0|sexM	28.5	E=0.032	36
GCA_001650995.1_ASM165099v1|w0|t2	GCA_001650995.1_ASM165099v1	cand	GCA_001650995.1_ASM165099v1|w0	tblastn	REF|36080_nrrl-3631_MAT_Plus|gene1|sexP	23.1	E=3.8	30
GCA_001650995.1_ASM165099v1|w0|t3	GCA_001650995.1_ASM165099v1	cand	GCA_001650995.1_ASM165099v1|w0	tblastn	REF|3231046_uomau377_MAT_Minus|gene1|sexM	36.6	E=9.1	32
GCA_001650995.1_ASM165099v1|w0|t4	GCA_001650995.1_ASM165099v1	cand	GCA_001650995.1_ASM165099v1|w0	tblastn	REF|101119_atcc11807_MAT_Plus|gene0|sexP	22.3	E=4.7	35
GCA_001650995.1_ASM165099v1|w0|t5	GCA_001650995.1_ASM165099v1	cand	GCA_001650995.1_ASM165099v1|w0	tblastn	REF|101119_atcc11807_MAT_Minus|gene0|sexM	21.6	E=5.1	33
GCA_001650995.1_ASM165099v1|w0|t6	GCA_001650995.1_ASM165099v1	cand	GCA_001650995.1_ASM165099v1|w0	tblastn	REF|3108396_ai-2023a_MAT_Plus|gene2|sexP	21.6	E=9.3	75
GCA_001650995.1_ASM165099v1|w0|t8	GCA_001650995.1_ASM165099v1	cand	GCA_001650995.1_ASM165099v1|w0	tblastn	REF|4837_nrrl1555_MAT_Minus|gene1|sexM	25.4	E=0.37	57
GCA_001650995.1_ASM165099v1|w1|t1	GCA_001650995.1_ASM165099v1	cand	GCA_001650995.1_ASM165099v1|w1	tblastn	REF|3108396_ai-2023a_MAT_Plus|gene2|sexP	23.9	E=1.7	49
GCA_001650995.1_ASM165099v1|w1|t3	GCA_001650995.1_ASM165099v1	cand	GCA_001650995.1_ASM165099v1|w1	tblastn	REF|3108396_ai-2023a_MAT_Plus|gene2|sexP	24.6	E=1.2	33
GCA_001650995.1_ASM165099v1|w1|t4	GCA_001650995.1_ASM165099v1	cand	GCA_001650995.1_ASM165099v1|w1	tblastn	REF|4837_ubc21_MAT_Plus|gene1|sexP	43.9	E=5.4	96
GCA_001650995.1_ASM165099v1|w1|t5	GCA_001650995.1_ASM165099v1	cand	GCA_001650995.1_ASM165099v1|w1	tblastn	REF|36080_r7b_MAT_Minus|gene1|sexM	28.9	E=0.038	81
GCA_001650995.1_ASM165099v1|w2|t0	GCA_001650995.1_ASM165099v1	cand	GCA_001650995.1_ASM165099v1|w2	tblastn	REF|3231046_uomau377_MAT_Minus|gene1|sexM	29.3	E=0.03	72
GCA_001650995.1_ASM165099v1|w2|t1	GCA_001650995.1_ASM165099v1	cand	GCA_001650995.1_ASM165099v1|w2	tblastn	REF|64495_cbs110-17_MAT_Minus|gene1|sexM	23.1	E=1.7	36
GCA_001650995.1_ASM165099v1|w2|t2	GCA_001650995.1_ASM165099v1	cand	GCA_001650995.1_ASM165099v1|w2	tblastn	REF|35722_atcc11077_MAT_Minus|gene0|sexM	22.3	E=3.5	37
GCA_001650995.1_ASM165099v1|w2|t7	GCA_001650995.1_ASM165099v1	cand	GCA_001650995.1_ASM165099v1|w2	tblastn	REF|4850_vkm-f-921_MAT_Minus|gene0|sexM	25.4	E=0.36	62
GCA_001650995.1_ASM165099v1|w2|t8	GCA_001650995.1_ASM165099v1	cand	GCA_001650995.1_ASM165099v1|w2	tblastn	REF|101119_atcc11807_MAT_Plus|gene0|sexP	23.5	E=2.6	76
GCA_001650995.1_ASM165099v1|w2|t10	GCA_001650995.1_ASM165099v1	cand	GCA_001650995.1_ASM165099v1|w2	tblastn	REF|86630_cbs357-93_MAT_Minus|gene0|sexM	23.9	E=1.1	31
GCA_001650995.1_ASM165099v1|h1|t0	GCA_001650995.1_ASM165099v1	nonlocus	GCA_001650995.1_ASM165099v1|h1	tblastn	REF|36080_r7b_MAT_Minus|gene1|sexM	77.8	E=1.1e-09	111
GCA_001650995.1_ASM165099v1|h4|t0	GCA_001650995.1_ASM165099v1	nonlocus	GCA_001650995.1_ASM165099v1|h4	tblastn	REF|4837_ubc21_MAT_Plus|gene1|sexP	65.8	E=9e-06	78
GCA_001650995.1_ASM165099v1|h3|t0	GCA_001650995.1_ASM165099v1	nonlocus	GCA_001650995.1_ASM165099v1|h3	tblastn	REF|101119_atcc11807_MAT_Minus|gene0|sexM	22.3	E=2.6	32
GCA_001650995.1_ASM165099v1|h3|t1	GCA_001650995.1_ASM165099v1	nonlocus	GCA_001650995.1_ASM165099v1|h3	tblastn	REF|86630_cbs357-93_MAT_Minus|gene0|sexM	67.4	E=1.9e-06	72
GCA_001651415.1_Mortierella_elongata_AG-77_v2.0|w0|t0	GCA_001651415.1_Mortierella_elongata_AG-77_v2.0	cand	GCA_001651415.1_Mortierella_elongata_AG-77_v2.0|w0	tblastn	REF|101119_atcc11807_MAT_Minus|gene0|sexM	66.6	E=0.25	71
GCA_001651415.1_Mortierella_elongata_AG-77_v2.0|w0|t2	GCA_001651415.1_Mortierella_elongata_AG-77_v2.0	cand	GCA_001651415.1_Mortierella_elongata_AG-77_v2.0|w0	tblastn	REF|64495_cbs346-36_MAT_Plus|gene2|sexP	66.9	E=1.6	95
GCA_001651415.1_Mortierella_elongata_AG-77_v2.0|w0|t3	GCA_001651415.1_Mortierella_elongata_AG-77_v2.0	cand	GCA_001651415.1_Mortierella_elongata_AG-77_v2.0|w0	tblastn	REF|101119_atcc11807_MAT_Minus|gene0|sexM	22.3	E=0.99	68
GCA_001651415.1_Mortierella_elongata_AG-77_v2.0|w0|t4	GCA_001651415.1_Mortierella_elongata_AG-77_v2.0	cand	GCA_001651415.1_Mortierella_elongata_AG-77_v2.0|w0	tblastn	REF|101119_atcc11807_MAT_Minus|gene0|sexM	31.6	E=0.001	82
GCA_001651415.1_Mortierella_elongata_AG-77_v2.0|w1|t0	GCA_001651415.1_Mortierella_elongata_AG-77_v2.0	cand	GCA_001651415.1_Mortierella_elongata_AG-77_v2.0|w1	tblastn	REF|64495_cbs346-36_MAT_Plus|gene2|sexP	30.4	E=0.007	38
GCA_001651415.1_Mortierella_elongata_AG-77_v2.0|w1|t1	GCA_001651415.1_Mortierella_elongata_AG-77_v2.0	cand	GCA_001651415.1_Mortierella_elongata_AG-77_v2.0|w1	tblastn	REF|101119_atcc11807_MAT_Minus|gene0|sexM	21.2	E=2.9	37
GCA_001651415.1_Mortierella_elongata_AG-77_v2.0|w1|t2	GCA_001651415.1_Mortierella_elongata_AG-77_v2.0	cand	GCA_001651415.1_Mortierella_elongata_AG-77_v2.0|w1	tblastn	REF|4837_nrrl1555_MAT_Minus|gene1|sexM	21.9	E=1.9	52
GCA_001651415.1_Mortierella_elongata_AG-77_v2.0|w1|t4	GCA_001651415.1_Mortierella_elongata_AG-77_v2.0	cand	GCA_001651415.1_Mortierella_elongata_AG-77_v2.0|w1	tblastn	REF|4850_vkm-f-921_MAT_Minus|gene0|sexM	44.6	E=0.19	47
GCA_001661515.1_ASM166151v1|w0|t0	GCA_001661515.1_ASM166151v1	cand	GCA_001661515.1_ASM166151v1|w0	tblastn	REF|3231046_uomd23-19_MAT_Plus|gene1|sexP	28.5	E=0.039	38
GCA_001661515.1_ASM166151v1|w0|t1	GCA_001661515.1_ASM166151v1	cand	GCA_001661515.1_ASM166151v1|w0	tblastn	REF|36080_nrrl-3631_MAT_Plus|gene1|sexP	21.2	E=9.2	89
GCA_001661515.1_ASM166151v1|w0|t3	GCA_001661515.1_ASM166151v1	cand	GCA_001661515.1_ASM166151v1|w0	tblastn	REF|4850_vkm-f-921_MAT_Minus|gene0|sexM	40.8	E=6.3	55
GCA_001661515.1_ASM166151v1|w0|t4	GCA_001661515.1_ASM166151v1	cand	GCA_001661515.1_ASM166151v1|w0	tblastn	REF|29922_cbs109-16_MAT_Minus|gene1|sexM	23.1	E=1.1	90
GCA_001661515.1_ASM166151v1|w0|t5	GCA_001661515.1_ASM166151v1	cand	GCA_001661515.1_ASM166151v1|w0	tblastn	REF|101119_atcc11807_MAT_Plus|gene0|sexP	26.9	E=0.097	36
GCA_001661515.1_ASM166151v1|w0|t7	GCA_001661515.1_ASM166151v1	cand	GCA_001661515.1_ASM166151v1|w0	tblastn	REF|4837_nrrl1555_MAT_Minus|gene1|sexM	48.9	E=5.3e-09	121
GCA_001661515.1_ASM166151v1|w1|t0	GCA_001661515.1_ASM166151v1	cand	GCA_001661515.1_ASM166151v1|w1	tblastn	REF|3231046_uomau377_MAT_Minus|gene1|sexM	42.4	E=3.8	67
GCA_001661515.1_ASM166151v1|w1|t1	GCA_001661515.1_ASM166151v1	cand	GCA_001661515.1_ASM166151v1|w1	tblastn	REF|4837_ubc21_MAT_Plus|gene1|sexP	21.6	E=5.2	136
GCA_001661515.1_ASM166151v1|w1|t2	GCA_001661515.1_ASM166151v1	cand	GCA_001661515.1_ASM166151v1|w1	tblastn	REF|35722_atcc11077_MAT_Minus|gene0|sexM	23.9	E=0.7	65
GCA_001661515.1_ASM166151v1|w1|t4	GCA_001661515.1_ASM166151v1	cand	GCA_001661515.1_ASM166151v1|w1	tblastn	REF|29922_cbs109-16_MAT_Minus|gene1|sexM	20.4	E=7.6	59
GCA_001661515.1_ASM166151v1|w1|t5	GCA_001661515.1_ASM166151v1	cand	GCA_001661515.1_ASM166151v1|w1	tblastn	REF|3231046_uomd23-19_MAT_Plus|gene1|sexP	21.6	E=6.5	34
GCA_001661515.1_ASM166151v1|w1|t6	GCA_001661515.1_ASM166151v1	cand	GCA_001661515.1_ASM166151v1|w1	tblastn	REF|101119_atcc11807_MAT_Plus|gene0|sexP	42.0	E=7.6	49
GCA_001661515.1_ASM166151v1|w1|t7	GCA_001661515.1_ASM166151v1	cand	GCA_001661515.1_ASM166151v1|w1	tblastn	REF|101119_atcc11807_MAT_Plus|gene0|sexP	20.8	E=9.7	89
GCA_001661515.1_ASM166151v1|w1|t8	GCA_001661515.1_ASM166151v1	cand	GCA_001661515.1_ASM166151v1|w1	tblastn	REF|101119_atcc11807_MAT_Plus|gene0|sexP	21.9	E=3.5	35
GCA_001661515.1_ASM166151v1|h1|t0	GCA_001661515.1_ASM166151v1	nonlocus	GCA_001661515.1_ASM166151v1|h1	tblastn	REF|3231046_uomd23-19_MAT_Plus|gene1|sexP	80.5	E=9.8e-12	105
GCA_001661515.1_ASM166151v1|h2|t0	GCA_001661515.1_ASM166151v1	nonlocus	GCA_001661515.1_ASM166151v1|h2	tblastn	REF|36080_nrrl-3631_MAT_Plus|gene1|sexP	64.0	E=1.5e-05	86
GCA_001661515.1_ASM166151v1|h5|t0	GCA_001661515.1_ASM166151v1	nonlocus	GCA_001661515.1_ASM166151v1|h5	tblastn	REF|3231046_uomau377_MAT_Minus|gene1|sexM	38.1	E=2.4e-05	69
GCA_001683725.1_ASM168372v1|c0|m0	GCA_001683725.1_ASM168372v1	cand	GCA_001683725.1_ASM168372v1|c0	miniprot	REF|101119_atcc11807_MAT_Plus|gene0|sexP	344	0.961	291
GCA_001953115.1_ASM195311v1|w0|t0	GCA_001953115.1_ASM195311v1	cand	GCA_001953115.1_ASM195311v1|w0	tblastn	REF|101119_atcc11807_MAT_Plus|gene0|sexP	60.4	E=0.009	167
GCA_001969505.1_ASM196950v1|w0|t0	GCA_001969505.1_ASM196950v1	cand	GCA_001969505.1_ASM196950v1|w0	tblastn	REF|86630_cbs357-93_MAT_Minus|gene0|sexM	75.4	E=0.61	90
GCA_002083735.1_Rhimi_ATCC11559_1|c0|m0	GCA_002083735.1_Rhimi_ATCC11559_1	cand	GCA_002083735.1_Rhimi_ATCC11559_1|c0	miniprot	REF|64495_cbs346-36_MAT_Plus|gene2|sexP	629	0.994	316
GCA_002083745.1_Rhimi_ATCC52814_1|c0|m0	GCA_002083745.1_Rhimi_ATCC52814_1	cand	GCA_002083745.1_Rhimi_ATCC52814_1|c0	miniprot	REF|86630_cbs357-93_MAT_Minus|gene0|sexM	873	1.0	186
GCA_002083745.1_Rhimi_ATCC52814_1|w0|t0	GCA_002083745.1_Rhimi_ATCC52814_1	cand	GCA_002083745.1_Rhimi_ATCC52814_1|w0	tblastn	REF|3231046_uomd23-19_MAT_Plus|gene1|sexP	24.3	E=0.32	42
GCA_002083745.1_Rhimi_ATCC52814_1|w0|t1	GCA_002083745.1_Rhimi_ATCC52814_1	cand	GCA_002083745.1_Rhimi_ATCC52814_1|w0	tblastn	REF|4837_ubc21_MAT_Plus|gene1|sexP	21.6	E=2.6	43
GCA_002083745.1_Rhimi_ATCC52814_1|w0|t2	GCA_002083745.1_Rhimi_ATCC52814_1	cand	GCA_002083745.1_Rhimi_ATCC52814_1|w0	tblastn	REF|3231046_uomd23-19_MAT_Plus|gene1|sexP	24.3	E=0.34	67
GCA_002083745.1_Rhimi_ATCC52814_1|w0|t4	GCA_002083745.1_Rhimi_ATCC52814_1	cand	GCA_002083745.1_Rhimi_ATCC52814_1|w0	tblastn	REF|64495_cbs110-17_MAT_Minus|gene1|sexM	26.9	E=0.026	69
GCA_002083745.1_Rhimi_ATCC52814_1|w0|t5	GCA_002083745.1_Rhimi_ATCC52814_1	cand	GCA_002083745.1_Rhimi_ATCC52814_1|w0	tblastn	REF|101119_atcc11807_MAT_Plus|gene0|sexP	20.4	E=5.1	79
GCA_002083745.1_Rhimi_ATCC52814_1|w0|t7	GCA_002083745.1_Rhimi_ATCC52814_1	cand	GCA_002083745.1_Rhimi_ATCC52814_1|w0	tblastn	REF|64495_cbs346-36_MAT_Plus|gene2|sexP	42.7	E=1.3	61
GCA_002083745.1_Rhimi_ATCC52814_1|w0|t8	GCA_002083745.1_Rhimi_ATCC52814_1	cand	GCA_002083745.1_Rhimi_ATCC52814_1|w0	tblastn	REF|4837_nrrl1555_MAT_Minus|gene1|sexM	60.4	E=4.1	65
GCA_002104935.1_Hesve2|c0|t2	GCA_002104935.1_Hesve2	cand	GCA_002104935.1_Hesve2|c0	tblastn	REF|3231046_uomau377_MAT_Minus|gene1|sexM	64.3	E=1e-13	160
GCA_002104935.1_Hesve2|c0|t3	GCA_002104935.1_Hesve2	cand	GCA_002104935.1_Hesve2|c0	tblastn	REF|64495_cbs346-36_MAT_Plus|gene2|sexP	21.9	E=8.7	54
GCA_002104935.1_Hesve2|w0|t2	GCA_002104935.1_Hesve2	cand	GCA_002104935.1_Hesve2|w0	tblastn	REF|36080_r7b_MAT_Minus|gene1|sexM	51.9	E=0.023	116
GCA_002104935.1_Hesve2|w1|t0	GCA_002104935.1_Hesve2	cand	GCA_002104935.1_Hesve2|w1	tblastn	REF|3231046_uomau377_MAT_Minus|gene1|sexM	23.5	E=2.3	65
GCA_002104935.1_Hesve2|w1|t1	GCA_002104935.1_Hesve2	cand	GCA_002104935.1_Hesve2|w1	tblastn	REF|4837_nrrl1555_MAT_Minus|gene1|sexM	27.3	E=0.11	83
GCA_002104935.1_Hesve2|w1|t2	GCA_002104935.1_Hesve2	cand	GCA_002104935.1_Hesve2|w1	tblastn	REF|64495_cbs110-17_MAT_Minus|gene1|sexM	26.2	E=0.2	54
GCA_002104935.1_Hesve2|w1|t3	GCA_002104935.1_Hesve2	cand	GCA_002104935.1_Hesve2|w1	tblastn	REF|4850_vkm-f-921_MAT_Minus|gene0|sexM	21.9	E=6.5	92
GCA_002104935.1_Hesve2|w1|t4	GCA_002104935.1_Hesve2	cand	GCA_002104935.1_Hesve2|w1	tblastn	REF|29922_cbs109-16_MAT_Minus|gene1|sexM	50.0	E=0.066	77
GCA_002104935.1_Hesve2|w1|t5	GCA_002104935.1_Hesve2	cand	GCA_002104935.1_Hesve2|w1	tblastn	REF|64495_cbs346-36_MAT_Plus|gene2|sexP	26.6	E=0.39	88
GCA_002104935.1_Hesve2|w2|t1	GCA_002104935.1_Hesve2	cand	GCA_002104935.1_Hesve2|w2	tblastn	REF|4850_vkm-f-921_MAT_Minus|gene0|sexM	23.5	E=1.6	36
GCA_002104935.1_Hesve2|w2|t6	GCA_002104935.1_Hesve2	cand	GCA_002104935.1_Hesve2|w2	tblastn	REF|4837_nrrl1555_MAT_Minus|gene1|sexM	23.5	E=1.7	38
GCA_002104935.1_Hesve2|w2|t7	GCA_002104935.1_Hesve2	cand	GCA_002104935.1_Hesve2|w2	tblastn	REF|101119_atcc11807_MAT_Plus|gene0|sexP	23.5	E=3	39
GCA_002104935.1_Hesve2|w2|t8	GCA_002104935.1_Hesve2	cand	GCA_002104935.1_Hesve2|w2	tblastn	REF|101119_atcc11807_MAT_Plus|gene0|sexP	29.6	E=0.031	72
GCA_002104935.1_Hesve2|w3|t0	GCA_002104935.1_Hesve2	cand	GCA_002104935.1_Hesve2|w3	tblastn	REF|3231046_uomd23-19_MAT_Plus|gene1|sexP	29.3	E=0.045	69
GCA_002104935.1_Hesve2|w3|t2	GCA_002104935.1_Hesve2	cand	GCA_002104935.1_Hesve2|w3	tblastn	REF|3231046_uomau377_MAT_Minus|gene1|sexM	38.5	E=4.7	38
GCA_002104935.1_Hesve2|w3|t4	GCA_002104935.1_Hesve2	cand	GCA_002104935.1_Hesve2|w3	tblastn	REF|3231046_uomau377_MAT_Minus|gene1|sexM	23.9	E=1.9	89
GCA_002104935.1_Hesve2|w3|t6	GCA_002104935.1_Hesve2	cand	GCA_002104935.1_Hesve2|w3	tblastn	REF|4837_nrrl1555_MAT_Minus|gene1|sexM	21.6	E=7.6	30
GCA_002104935.1_Hesve2|w3|t8	GCA_002104935.1_Hesve2	cand	GCA_002104935.1_Hesve2|w3	tblastn	REF|29922_cbs109-16_MAT_Minus|gene1|sexM	21.9	E=6.1	46
GCA_002104935.1_Hesve2|w4|t0	GCA_002104935.1_Hesve2	cand	GCA_002104935.1_Hesve2|w4	tblastn	REF|3108396_ai-2023a_MAT_Plus|gene2|sexP	21.9	E=9.2	39
GCA_002104935.1_Hesve2|w4|t2	GCA_002104935.1_Hesve2	cand	GCA_002104935.1_Hesve2|w4	tblastn	REF|36080_r7b_MAT_Minus|gene1|sexM	22.7	E=4.8	83
GCA_002104935.1_Hesve2|w4|t4	GCA_002104935.1_Hesve2	cand	GCA_002104935.1_Hesve2|w4	tblastn	REF|4850_vkm-f-921_MAT_Minus|gene0|sexM	31.6	E=0.004	58
GCA_002104935.1_Hesve2|w4|t5	GCA_002104935.1_Hesve2	cand	GCA_002104935.1_Hesve2|w4	tblastn	REF|101119_atcc11807_MAT_Plus|gene0|sexP	23.9	E=2.4	50
GCA_002104935.1_Hesve2|w4|t7	GCA_002104935.1_Hesve2	cand	GCA_002104935.1_Hesve2|w4	tblastn	REF|3108396_ai-2023a_MAT_Plus|gene2|sexP	22.3	E=6.9	49
GCA_002104935.1_Hesve2|h2|t0	GCA_002104935.1_Hesve2	nonlocus	GCA_002104935.1_Hesve2|h2	tblastn	REF|4850_vkm-f-921_MAT_Minus|gene0|sexM	51.6	E=1.2e-09	81
GCA_002104935.1_Hesve2|h4|t0	GCA_002104935.1_Hesve2	nonlocus	GCA_002104935.1_Hesve2|h4	tblastn	REF|4837_ubc21_MAT_Plus|gene1|sexP	49.3	E=2.3e-08	130
GCA_002104935.1_Hesve2|h7|t0	GCA_002104935.1_Hesve2	nonlocus	GCA_002104935.1_Hesve2|h7	tblastn	REF|3231046_uomd23-19_MAT_Plus|gene1|sexP	44.3	E=9.4e-07	73
GCA_002105135.1_Synrac1|c0|t1	GCA_002105135.1_Synrac1	cand	GCA_002105135.1_Synrac1|c0	tblastn	REF|3231046_uomd23-19_MAT_Plus|gene1|sexP	22.7	E=5.6	48
GCA_002105135.1_Synrac1|c0|t2	GCA_002105135.1_Synrac1	cand	GCA_002105135.1_Synrac1|c0	tblastn	REF|36080_nrrl-3631_MAT_Plus|gene1|sexP	22.3	E=7.2	47
GCA_002105135.1_Synrac1|c0|t3	GCA_002105135.1_Synrac1	cand	GCA_002105135.1_Synrac1|c0	tblastn	REF|64495_cbs110-17_MAT_Minus|gene1|sexM	39.6	E=2.7	40
GCA_002105135.1_Synrac1|c0|t4	GCA_002105135.1_Synrac1	cand	GCA_002105135.1_Synrac1|c0	tblastn	REF|4837_ubc21_MAT_Plus|gene1|sexP	61.2	E=3.4e-12	153
GCA_002105135.1_Synrac1|w1|t0	GCA_002105135.1_Synrac1	cand	GCA_002105135.1_Synrac1|w1	tblastn	REF|3108396_ai-2023a_MAT_Plus|gene2|sexP	22.3	E=7.9	37
GCA_002105135.1_Synrac1|w1|t4	GCA_002105135.1_Synrac1	cand	GCA_002105135.1_Synrac1|w1	tblastn	REF|101119_atcc11807_MAT_Minus|gene0|sexM	43.5	E=5.5	62
GCA_002105135.1_Synrac1|w1|t5	GCA_002105135.1_Synrac1	cand	GCA_002105135.1_Synrac1|w1	tblastn	REF|3231046_uomd23-19_MAT_Plus|gene1|sexP	38.5	E=6.3e-05	91
GCA_002105135.1_Synrac1|w2|t0	GCA_002105135.1_Synrac1	cand	GCA_002105135.1_Synrac1|w2	tblastn	REF|4837_ubc21_MAT_Plus|gene1|sexP	25.4	E=0.75	49
GCA_002105135.1_Synrac1|w2|t1	GCA_002105135.1_Synrac1	cand	GCA_002105135.1_Synrac1|w2	tblastn	REF|3231046_uomau377_MAT_Minus|gene1|sexM	27.3	E=0.14	70
GCA_002105135.1_Synrac1|w2|t5	GCA_002105135.1_Synrac1	cand	GCA_002105135.1_Synrac1|w2	tblastn	REF|4850_vkm-f-921_MAT_Minus|gene0|sexM	21.9	E=5.8	46
GCA_002105135.1_Synrac1|w2|t6	GCA_002105135.1_Synrac1	cand	GCA_002105135.1_Synrac1|w2	tblastn	REF|4837_ubc21_MAT_Plus|gene1|sexP	38.1	E=9e-05	94
GCA_002105135.1_Synrac1|w3|t0	GCA_002105135.1_Synrac1	cand	GCA_002105135.1_Synrac1|w3	tblastn	REF|29922_cbs109-16_MAT_Minus|gene1|sexM	30.4	E=0.014	40
GCA_002105135.1_Synrac1|w3|t5	GCA_002105135.1_Synrac1	cand	GCA_002105135.1_Synrac1|w3	tblastn	REF|64495_cbs346-36_MAT_Plus|gene2|sexP	27.7	E=0.18	61
GCA_002105135.1_Synrac1|w3|t6	GCA_002105135.1_Synrac1	cand	GCA_002105135.1_Synrac1|w3	tblastn	REF|101119_atcc11807_MAT_Plus|gene0|sexP	22.3	E=7	43
GCA_002105135.1_Synrac1|w3|t7	GCA_002105135.1_Synrac1	cand	GCA_002105135.1_Synrac1|w3	tblastn	REF|86630_cbs357-93_MAT_Minus|gene0|sexM	23.1	E=2.4	43
GCA_002105135.1_Synrac1|w4|t0	GCA_002105135.1_Synrac1	cand	GCA_002105135.1_Synrac1|w4	tblastn	REF|64495_cbs346-36_MAT_Plus|gene2|sexP	25.0	E=0.99	37
GCA_002105135.1_Synrac1|w4|t1	GCA_002105135.1_Synrac1	cand	GCA_002105135.1_Synrac1|w4	tblastn	REF|4837_ubc21_MAT_Plus|gene1|sexP	23.1	E=4.6	37
GCA_002105135.1_Synrac1|w4|t2	GCA_002105135.1_Synrac1	cand	GCA_002105135.1_Synrac1|w4	tblastn	REF|101119_atcc11807_MAT_Minus|gene0|sexM	29.6	E=0.016	37
GCA_002105135.1_Synrac1|w4|t3	GCA_002105135.1_Synrac1	cand	GCA_002105135.1_Synrac1|w4	tblastn	REF|3108396_ai-2023a_MAT_Plus|gene2|sexP	37.7	E=0.0001	70
GCA_002105135.1_Synrac1|w4|t4	GCA_002105135.1_Synrac1	cand	GCA_002105135.1_Synrac1|w4	tblastn	REF|3108396_ai-2023a_MAT_Plus|gene2|sexP	23.1	E=4.8	50
GCA_002105135.1_Synrac1|w5|t0	GCA_002105135.1_Synrac1	cand	GCA_002105135.1_Synrac1|w5	tblastn	REF|3231046_uomau377_MAT_Minus|gene1|sexM	21.6	E=9.7	48
GCA_002105135.1_Synrac1|w5|t1	GCA_002105135.1_Synrac1	cand	GCA_002105135.1_Synrac1|w5	tblastn	REF|3231046_uomau377_MAT_Minus|gene1|sexM	27.7	E=0.11	39
GCA_002105135.1_Synrac1|w5|t3	GCA_002105135.1_Synrac1	cand	GCA_002105135.1_Synrac1|w5	tblastn	REF|3231046_uomau377_MAT_Minus|gene1|sexM	22.7	E=4.4	47
GCA_002105135.1_Synrac1|h10|t0	GCA_002105135.1_Synrac1	nonlocus	GCA_002105135.1_Synrac1|h10	tblastn	REF|4837_ubc21_MAT_Plus|gene1|sexP	92.0	E=1.6e-22	155
GCA_002105135.1_Synrac1|h1|t0	GCA_002105135.1_Synrac1	nonlocus	GCA_002105135.1_Synrac1|h1	tblastn	REF|64495_cbs346-36_MAT_Plus|gene2|sexP	23.1	E=4.3	44
GCA_002105135.1_Synrac1|h1|t1	GCA_002105135.1_Synrac1	nonlocus	GCA_002105135.1_Synrac1|h1	tblastn	REF|101119_atcc11807_MAT_Minus|gene0|sexM	82.4	E=1.9e-20	139
GCA_002105135.1_Synrac1|h6|t0	GCA_002105135.1_Synrac1	nonlocus	GCA_002105135.1_Synrac1|h6	tblastn	REF|101119_atcc11807_MAT_Minus|gene0|sexM	69.7	E=4.6e-16	116
GCA_002105175.1_Absrep1|c0|m0	GCA_002105175.1_Absrep1	cand	GCA_002105175.1_Absrep1|c0	miniprot	REF|3231046_uomd23-19_MAT_Plus|gene1|sexP	833	0.981	293
GCA_002261195.1_ASM226119v1|w0|t0	GCA_002261195.1_ASM226119v1	cand	GCA_002261195.1_ASM226119v1|w0	tblastn	REF|101119_atcc11807_MAT_Minus|gene0|sexM	20.0	E=3.6	41
GCA_002261195.1_ASM226119v1|w0|t1	GCA_002261195.1_ASM226119v1	cand	GCA_002261195.1_ASM226119v1|w0	tblastn	REF|64495_cbs346-36_MAT_Plus|gene2|sexP	42.8	E=2.5	82
GCA_002261195.1_ASM226119v1|w0|t2	GCA_002261195.1_ASM226119v1	cand	GCA_002261195.1_ASM226119v1|w0	tblastn	REF|64495_cbs110-17_MAT_Minus|gene1|sexM	52.0	E=0.001	128
GCA_002261195.1_ASM226119v1|h4|t0	GCA_002261195.1_ASM226119v1	nonlocus	GCA_002261195.1_ASM226119v1|h4	tblastn	REF|4837_nrrl1555_MAT_Minus|gene1|sexM	68.9	E=2.9e-16	83
GCA_002261195.1_ASM226119v1|h2|t0	GCA_002261195.1_ASM226119v1	nonlocus	GCA_002261195.1_ASM226119v1|h2	tblastn	REF|86630_cbs357-93_MAT_Minus|gene0|sexM	88.5	E=1.6e-16	104
GCA_002261195.1_ASM226119v1|h2|t1	GCA_002261195.1_ASM226119v1	nonlocus	GCA_002261195.1_ASM226119v1|h2	tblastn	REF|64495_cbs346-36_MAT_Plus|gene2|sexP	44.3	E=0.42	72
GCA_002261195.1_ASM226119v1|h3|t0	GCA_002261195.1_ASM226119v1	nonlocus	GCA_002261195.1_ASM226119v1|h3	tblastn	REF|64495_cbs110-17_MAT_Minus|gene1|sexM	90.1	E=1.8e-16	115
GCA_002705745.1_Coere1|w0|t5	GCA_002705745.1_Coere1	cand	GCA_002705745.1_Coere1|w0	tblastn	REF|4837_ubc21_MAT_Plus|gene1|sexP	42.8	E=5.4	55
GCA_002705745.1_Coere1|w0|t6	GCA_002705745.1_Coere1	cand	GCA_002705745.1_Coere1|w0	tblastn	REF|36080_nrrl-3631_MAT_Plus|gene1|sexP	83.9	E=9e-06	109
GCA_002705745.1_Coere1|w1|t0	GCA_002705745.1_Coere1	cand	GCA_002705745.1_Coere1|w1	tblastn	REF|36080_nrrl-3631_MAT_Plus|gene1|sexP	21.6	E=5.7	51
GCA_002705745.1_Coere1|w1|t2	GCA_002705745.1_Coere1	cand	GCA_002705745.1_Coere1|w1	tblastn	REF|101119_atcc11807_MAT_Minus|gene0|sexM	21.9	E=2	39
GCA_002705745.1_Coere1|w1|t3	GCA_002705745.1_Coere1	cand	GCA_002705745.1_Coere1|w1	tblastn	REF|3108396_ai-2023a_MAT_Plus|gene2|sexP	21.2	E=7.6	33
GCA_002705745.1_Coere1|w1|t4	GCA_002705745.1_Coere1	cand	GCA_002705745.1_Coere1|w1	tblastn	REF|101119_atcc11807_MAT_Plus|gene0|sexP	23.1	E=1.5	75
GCA_002705745.1_Coere1|w1|t5	GCA_002705745.1_Coere1	cand	GCA_002705745.1_Coere1|w1	tblastn	REF|3231046_uomd23-19_MAT_Plus|gene1|sexP	21.6	E=5.5	79
GCA_002705745.1_Coere1|w1|t6	GCA_002705745.1_Coere1	cand	GCA_002705745.1_Coere1|w1	tblastn	REF|3231046_uomau377_MAT_Minus|gene1|sexM	45.4	E=0.4	66
GCA_002705745.1_Coere1|w1|t9	GCA_002705745.1_Coere1	cand	GCA_002705745.1_Coere1|w1	tblastn	REF|3231046_uomau377_MAT_Minus|gene1|sexM	21.9	E=3.2	53
GCA_002705745.1_Coere1|w1|t10	GCA_002705745.1_Coere1	cand	GCA_002705745.1_Coere1|w1	tblastn	REF|101119_atcc11807_MAT_Plus|gene0|sexP	20.8	E=7.6	50
GCA_002705745.1_Coere1|w1|t11	GCA_002705745.1_Coere1	cand	GCA_002705745.1_Coere1|w1	tblastn	REF|36080_nrrl-3631_MAT_Plus|gene1|sexP	21.2	E=8	39
GCA_002705745.1_Coere1|w1|t12	GCA_002705745.1_Coere1	cand	GCA_002705745.1_Coere1|w1	tblastn	REF|3108396_ai-2023a_MAT_Plus|gene2|sexP	29.6	E=0.017	42
GCA_002705745.1_Coere1|w2|t0	GCA_002705745.1_Coere1	cand	GCA_002705745.1_Coere1|w2	tblastn	REF|4837_nrrl1555_MAT_Minus|gene1|sexM	44.7	E=0.5	44
GCA_002705745.1_Coere1|w2|t1	GCA_002705745.1_Coere1	cand	GCA_002705745.1_Coere1|w2	tblastn	REF|101119_atcc11807_MAT_Plus|gene0|sexP	23.1	E=1.6	39
GCA_002705745.1_Coere1|w2|t2	GCA_002705745.1_Coere1	cand	GCA_002705745.1_Coere1|w2	tblastn	REF|101119_atcc11807_MAT_Plus|gene0|sexP	23.5	E=1.1	35
GCA_002705745.1_Coere1|w2|t3	GCA_002705745.1_Coere1	cand	GCA_002705745.1_Coere1|w2	tblastn	REF|36080_nrrl-3631_MAT_Plus|gene1|sexP	29.6	E=0.02	68
GCA_002749535.1_ASM274953v1|c0|m0	GCA_002749535.1_ASM274953v1	cand	GCA_002749535.1_ASM274953v1|c0	miniprot	REF|4837_nrrl1555_MAT_Minus|gene1|sexM	349	0.967	201
GCA_002749535.1_ASM274953v1|w0|t0	GCA_002749535.1_ASM274953v1	cand	GCA_002749535.1_ASM274953v1|w0	tblastn	REF|29922_cbs109-16_MAT_Minus|gene1|sexM	20.4	E=3.8	32
GCA_002749535.1_ASM274953v1|w0|t2	GCA_002749535.1_ASM274953v1	cand	GCA_002749535.1_ASM274953v1|w0	tblastn	REF|101119_atcc11807_MAT_Minus|gene0|sexM	22.3	E=1	35
GCA_002749535.1_ASM274953v1|w0|t3	GCA_002749535.1_ASM274953v1	cand	GCA_002749535.1_ASM274953v1|w0	tblastn	REF|36080_r7b_MAT_Minus|gene1|sexM	37.0	E=3.1	61
GCA_002749535.1_ASM274953v1|w0|t4	GCA_002749535.1_ASM274953v1	cand	GCA_002749535.1_ASM274953v1|w0	tblastn	REF|29922_cbs109-16_MAT_Minus|gene1|sexM	20.4	E=4.2	40
GCA_002749535.1_ASM274953v1|w0|t5	GCA_002749535.1_ASM274953v1	cand	GCA_002749535.1_ASM274953v1|w0	tblastn	REF|29922_cbs109-16_MAT_Minus|gene1|sexM	40.0	E=3.2	60
GCA_002749535.1_ASM274953v1|w1|t0	GCA_002749535.1_ASM274953v1	cand	GCA_002749535.1_ASM274953v1|w1	tblastn	REF|101119_atcc11807_MAT_Plus|gene0|sexP	25.8	E=0.11	34
GCA_002749535.1_ASM274953v1|w1|t1	GCA_002749535.1_ASM274953v1	cand	GCA_002749535.1_ASM274953v1|w1	tblastn	REF|3231046_uomd23-19_MAT_Plus|gene1|sexP	37.7	E=2.9e-05	39
GCA_002749535.1_ASM274953v1|h2|t1	GCA_002749535.1_ASM274953v1	nonlocus	GCA_002749535.1_ASM274953v1|h2	tblastn	REF|29922_cbs109-16_MAT_Minus|gene1|sexM	55.5	E=1.7e-11	109
GCA_002749535.1_ASM274953v1|h2|t2	GCA_002749535.1_ASM274953v1	nonlocus	GCA_002749535.1_ASM274953v1|h2	tblastn	REF|4837_ubc21_MAT_Plus|gene1|sexP	21.6	E=2.8	71
GCA_002749535.1_ASM274953v1|h7|t0	GCA_002749535.1_ASM274953v1	nonlocus	GCA_002749535.1_ASM274953v1|h7	tblastn	REF|36080_nrrl-3631_MAT_Plus|gene1|sexP	72.0	E=3.9e-09	109
GCA_002749535.1_ASM274953v1|h7|t1	GCA_002749535.1_ASM274953v1	nonlocus	GCA_002749535.1_ASM274953v1|h7	tblastn	REF|4850_vkm-f-921_MAT_Minus|gene0|sexM	20.4	E=4.6	46
GCA_002749535.1_ASM274953v1|h8|t0	GCA_002749535.1_ASM274953v1	nonlocus	GCA_002749535.1_ASM274953v1|h8	tblastn	REF|4837_nrrl1555_MAT_Minus|gene1|sexM	65.0	E=9.8e-08	81
GCA_003086725.1_ASM308672v1|w0|t3	GCA_003086725.1_ASM308672v1	cand	GCA_003086725.1_ASM308672v1|w0	tblastn	REF|35722_atcc11077_MAT_Minus|gene0|sexM	22.3	E=1.2	58
GCA_003086725.1_ASM308672v1|w0|t5	GCA_003086725.1_ASM308672v1	cand	GCA_003086725.1_ASM308672v1|w0	tblastn	REF|3231046_uomd23-19_MAT_Plus|gene1|sexP	28.9	E=0.022	48
GCA_003086725.1_ASM308672v1|w0|t6	GCA_003086725.1_ASM308672v1	cand	GCA_003086725.1_ASM308672v1|w0	tblastn	REF|4850_vkm-f-921_MAT_Minus|gene0|sexM	24.6	E=0.28	36
GCA_003086725.1_ASM308672v1|w0|t9	GCA_003086725.1_ASM308672v1	cand	GCA_003086725.1_ASM308672v1|w0	tblastn	REF|86630_cbs357-93_MAT_Minus|gene0|sexM	36.5	E=3.3	35
GCA_003086725.1_ASM308672v1|w0|t11	GCA_003086725.1_ASM308672v1	cand	GCA_003086725.1_ASM308672v1|w0	tblastn	REF|36080_nrrl-3631_MAT_Plus|gene1|sexP	43.1	E=3.8	58
GCA_003086725.1_ASM308672v1|w1|t0	GCA_003086725.1_ASM308672v1	cand	GCA_003086725.1_ASM308672v1|w1	tblastn	REF|101119_atcc11807_MAT_Plus|gene0|sexP	28.1	E=0.029	120
GCA_003086725.1_ASM308672v1|w1|t2	GCA_003086725.1_ASM308672v1	cand	GCA_003086725.1_ASM308672v1|w1	tblastn	REF|101119_atcc11807_MAT_Plus|gene0|sexP	63.1	E=3.2	88
GCA_003086725.1_ASM308672v1|h1|t1	GCA_003086725.1_ASM308672v1	nonlocus	GCA_003086725.1_ASM308672v1|h1	tblastn	REF|4837_nrrl1555_MAT_Minus|gene1|sexM	82.4	E=1.5e-20	116
GCA_003086725.1_ASM308672v1|h2|t0	GCA_003086725.1_ASM308672v1	nonlocus	GCA_003086725.1_ASM308672v1|h2	tblastn	REF|64495_cbs346-36_MAT_Plus|gene2|sexP	73.6	E=8.4e-10	112
GCA_003086725.1_ASM308672v1|h3|t0	GCA_003086725.1_ASM308672v1	nonlocus	GCA_003086725.1_ASM308672v1|h3	tblastn	REF|3231046_uomau377_MAT_Minus|gene1|sexM	78.9	E=2.2e-13	112
GCA_003086735.1_ASM308673v1|w0|t0	GCA_003086735.1_ASM308673v1	cand	GCA_003086735.1_ASM308673v1|w0	tblastn	REF|101119_atcc11807_MAT_Plus|gene0|sexP	37.7	E=3.1	103
GCA_003086735.1_ASM308673v1|w0|t1	GCA_003086735.1_ASM308673v1	cand	GCA_003086735.1_ASM308673v1|w0	tblastn	REF|36080_r7b_MAT_Minus|gene1|sexM	36.9	E=3.1	55
GCA_003097675.1_ASM309767v1|w0|t0	GCA_003097675.1_ASM309767v1	cand	GCA_003097675.1_ASM309767v1|w0	tblastn	REF|3231046_uomd23-19_MAT_Plus|gene1|sexP	64.7	E=1.7e-07	83
GCA_003097675.1_ASM309767v1|w1|t1	GCA_003097675.1_ASM309767v1	cand	GCA_003097675.1_ASM309767v1|w1	tblastn	REF|101119_atcc11807_MAT_Minus|gene0|sexM	42.7	E=0.85	92
GCA_003097675.1_ASM309767v1|w1|t2	GCA_003097675.1_ASM309767v1	cand	GCA_003097675.1_ASM309767v1|w1	tblastn	REF|29922_cbs109-16_MAT_Minus|gene1|sexM	58.4	E=7.3	90
GCA_003097675.1_ASM309767v1|w1|t4	GCA_003097675.1_ASM309767v1	cand	GCA_003097675.1_ASM309767v1|w1	tblastn	REF|4850_vkm-f-921_MAT_Minus|gene0|sexM	43.8	E=0.2	51
GCA_003097675.1_ASM309767v1|w2|t0	GCA_003097675.1_ASM309767v1	cand	GCA_003097675.1_ASM309767v1|w2	tblastn	REF|4837_nrrl1555_MAT_Minus|gene1|sexM	60.8	E=2.7	64
GCA_003097675.1_ASM309767v1|w2|t1	GCA_003097675.1_ASM309767v1	cand	GCA_003097675.1_ASM309767v1|w2	tblastn	REF|4837_ubc21_MAT_Plus|gene1|sexP	44.6	E=1.3	46
GCA_003325415.1_Rstol_CA|c0|m0	GCA_003325415.1_Rstol_CA	cand	GCA_003325415.1_Rstol_CA|c0	miniprot	REF|101119_atcc11807_MAT_Minus|gene0|sexM	420	1.0	194
GCA_003325415.1_Rstol_CA|c1|m0	GCA_003325415.1_Rstol_CA	cand	GCA_003325415.1_Rstol_CA|c1	miniprot	REF|3108396_ai-2023a_MAT_Plus|gene2|sexP	251	0.954	246
GCA_003325435.1_Razy_CA|c0|m0	GCA_003325435.1_Razy_CA	cand	GCA_003325435.1_Razy_CA|c0	miniprot	REF|86630_cbs357-93_MAT_Minus|gene0|sexM	952	1.0	185
GCA_003325435.1_Razy_CA|c1|m0	GCA_003325435.1_Razy_CA	cand	GCA_003325435.1_Razy_CA|c1	miniprot	REF|64495_cbs346-36_MAT_Plus|gene2|sexP	629	0.994	316
GCA_003614675.1_DimcrSC1|w0|t0	GCA_003614675.1_DimcrSC1	cand	GCA_003614675.1_DimcrSC1|w0	tblastn	REF|64495_cbs110-17_MAT_Minus|gene1|sexM	48.5	E=0.003	58
GCA_003614675.1_DimcrSC1|w0|t1	GCA_003614675.1_DimcrSC1	cand	GCA_003614675.1_DimcrSC1|w0	tblastn	REF|4837_ubc21_MAT_Plus|gene1|sexP	60.8	E=2.7	63
GCA_003614675.1_DimcrSC1|w0|t2	GCA_003614675.1_DimcrSC1	cand	GCA_003614675.1_DimcrSC1|w0	tblastn	REF|3231046_uomd23-19_MAT_Plus|gene1|sexP	65.1	E=6.5e-08	122
GCA_003951145.1_OSU_Jimlac_1.0|w0|t0	GCA_003951145.1_OSU_Jimlac_1.0	cand	GCA_003951145.1_OSU_Jimlac_1.0|w0	tblastn	REF|35722_atcc11077_MAT_Minus|gene0|sexM	47.3	E=0.00017	93
GCA_003990765.1_Jimfl_AD_1|h3|m0	GCA_003990765.1_Jimfl_AD_1	nonlocus	GCA_003990765.1_Jimfl_AD_1|h3	miniprot	REF|36080_r7b_MAT_Minus|gene1|sexM	170	0.349	91
GCA_003990765.1_Jimfl_AD_1|w0|t0	GCA_003990765.1_Jimfl_AD_1	cand	GCA_003990765.1_Jimfl_AD_1|w0	tblastn	REF|3231046_uomd23-19_MAT_Plus|gene1|sexP	41.6	E=1.1	67
GCA_003990765.1_Jimfl_AD_1|h1|t0	GCA_003990765.1_Jimfl_AD_1	nonlocus	GCA_003990765.1_Jimfl_AD_1|h1	tblastn	REF|4837_nrrl1555_MAT_Minus|gene1|sexM	96.7	E=2.6e-26	75
GCA_003990765.1_Jimfl_AD_1|h2|t0	GCA_003990765.1_Jimfl_AD_1	nonlocus	GCA_003990765.1_Jimfl_AD_1|h2	tblastn	REF|64495_cbs110-17_MAT_Minus|gene1|sexM	73.9	E=9.7e-19	89
GCA_003990785.1_Endsp1|h1|m0	GCA_003990785.1_Endsp1	nonlocus	GCA_003990785.1_Endsp1|h1	miniprot	REF|3231046_uomau377_MAT_Minus|gene1|sexM	146	0.481	101
GCA_003990785.1_Endsp1|w0|t0	GCA_003990785.1_Endsp1	cand	GCA_003990785.1_Endsp1|w0	tblastn	REF|36080_r7b_MAT_Minus|gene1|sexM	19.2	E=5.4	42
GCA_003990785.1_Endsp1|w0|t1	GCA_003990785.1_Endsp1	cand	GCA_003990785.1_Endsp1|w0	tblastn	REF|3231046_uomd23-19_MAT_Plus|gene1|sexP	23.5	E=0.39	47
GCA_003990785.1_Endsp1|w0|t3	GCA_003990785.1_Endsp1	cand	GCA_003990785.1_Endsp1|w0	tblastn	REF|4837_nrrl1555_MAT_Minus|gene1|sexM	36.6	E=1.4e-05	66
GCA_003990785.1_Endsp1|h2|t0	GCA_003990785.1_Endsp1	nonlocus	GCA_003990785.1_Endsp1|h2	tblastn	REF|4837_ubc21_MAT_Plus|gene1|sexP	123.2	E=1.4e-27	235
GCA_003990785.1_Endsp1|h3|t0	GCA_003990785.1_Endsp1	nonlocus	GCA_003990785.1_Endsp1|h3	tblastn	REF|36080_r7b_MAT_Minus|gene1|sexM	46.2	E=1.5e-08	90
GCA_006680115.1_ASM668011v1|c0|m0	GCA_006680115.1_ASM668011v1	cand	GCA_006680115.1_ASM668011v1|c0	miniprot	REF|64495_cbs346-36_MAT_Plus|gene2|sexP	629	0.994	316
GCA_008728235.1_ASM872823v1|w0|t0	GCA_008728235.1_ASM872823v1	cand	GCA_008728235.1_ASM872823v1|w0	tblastn	REF|36080_nrrl-3631_MAT_Plus|gene1|sexP	42.0	E=2e-06	95
GCA_008728235.1_ASM872823v1|w0|t1	GCA_008728235.1_ASM872823v1	cand	GCA_008728235.1_ASM872823v1|w0	tblastn	REF|36080_r7b_MAT_Minus|gene1|sexM	43.1	E=2.7	105
GCA_008728235.1_ASM872823v1|w0|t2	GCA_008728235.1_ASM872823v1	cand	GCA_008728235.1_ASM872823v1|w0	tblastn	REF|29922_cbs109-16_MAT_Minus|gene1|sexM	42.7	E=2.5	72
GCA_008728235.1_ASM872823v1|w0|t4	GCA_008728235.1_ASM872823v1	cand	GCA_008728235.1_ASM872823v1|w0	tblastn	REF|86630_cbs357-93_MAT_Minus|gene0|sexM	23.1	E=0.75	32
GCA_008728235.1_ASM872823v1|w0|t5	GCA_008728235.1_ASM872823v1	cand	GCA_008728235.1_ASM872823v1|w0	tblastn	REF|4850_vkm-f-921_MAT_Minus|gene0|sexM	20.0	E=7.5	37
GCA_008728235.1_ASM872823v1|w0|t6	GCA_008728235.1_ASM872823v1	cand	GCA_008728235.1_ASM872823v1|w0	tblastn	REF|29922_cbs109-16_MAT_Minus|gene1|sexM	73.9	E=2.8e-10	72
GCA_008728235.1_ASM872823v1|w0|t7	GCA_008728235.1_ASM872823v1	cand	GCA_008728235.1_ASM872823v1|w0	tblastn	REF|3231046_uomd23-19_MAT_Plus|gene1|sexP	21.9	E=3.6	46
GCA_008728235.1_ASM872823v1|w1|t1	GCA_008728235.1_ASM872823v1	cand	GCA_008728235.1_ASM872823v1|w1	tblastn	REF|3231046_uomau377_MAT_Minus|gene1|sexM	27.3	E=0.052	46
GCA_008728235.1_ASM872823v1|w1|t3	GCA_008728235.1_ASM872823v1	cand	GCA_008728235.1_ASM872823v1|w1	tblastn	REF|101119_atcc11807_MAT_Plus|gene0|sexP	47.4	E=0.12	130
GCA_008728235.1_ASM872823v1|w1|t4	GCA_008728235.1_ASM872823v1	cand	GCA_008728235.1_ASM872823v1|w1	tblastn	REF|36080_r7b_MAT_Minus|gene1|sexM	43.1	E=2.2	61
GCA_008728235.1_ASM872823v1|w2|t5	GCA_008728235.1_ASM872823v1	cand	GCA_008728235.1_ASM872823v1|w2	tblastn	REF|36080_nrrl-3631_MAT_Plus|gene1|sexP	84.4	E=1.8e-06	122
GCA_010203745.1_Muccir1_3|c0|m0	GCA_010203745.1_Muccir1_3	cand	GCA_010203745.1_Muccir1_3|c0	miniprot	REF|36080_r7b_MAT_Minus|gene1|sexM	1313	1.0	249
GCA_010203745.1_Muccir1_3|w0|t0	GCA_010203745.1_Muccir1_3	cand	GCA_010203745.1_Muccir1_3|w0	tblastn	REF|101119_atcc11807_MAT_Minus|gene0|sexM	64.2	E=0.00068	93
GCA_011634665.1_ASM1163466v1|w0|t0	GCA_011634665.1_ASM1163466v1	cand	GCA_011634665.1_ASM1163466v1|w0	tblastn	REF|36080_nrrl-3631_MAT_Plus|gene1|sexP	30.0	E=0.026	46
GCA_011634665.1_ASM1163466v1|w0|t1	GCA_011634665.1_ASM1163466v1	cand	GCA_011634665.1_ASM1163466v1|w0	tblastn	REF|64495_cbs110-17_MAT_Minus|gene1|sexM	21.2	E=7.3	47
GCA_011634665.1_ASM1163466v1|w1|t0	GCA_011634665.1_ASM1163466v1	cand	GCA_011634665.1_ASM1163466v1|w1	tblastn	REF|64495_cbs110-17_MAT_Minus|gene1|sexM	65.9	E=9.6e-08	86
GCA_011634665.1_ASM1163466v1|w1|t1	GCA_011634665.1_ASM1163466v1	cand	GCA_011634665.1_ASM1163466v1|w1	tblastn	REF|36080_nrrl-3631_MAT_Plus|gene1|sexP	24.3	E=1.6	40
GCA_011634665.1_ASM1163466v1|w1|t2	GCA_011634665.1_ASM1163466v1	cand	GCA_011634665.1_ASM1163466v1|w1	tblastn	REF|86630_cbs357-93_MAT_Minus|gene0|sexM	20.8	E=8.1	57
GCA_011634665.1_ASM1163466v1|w2|t0	GCA_011634665.1_ASM1163466v1	cand	GCA_011634665.1_ASM1163466v1|w2	tblastn	REF|64495_cbs346-36_MAT_Plus|gene2|sexP	28.9	E=0.058	64
GCA_011634665.1_ASM1163466v1|w2|t2	GCA_011634665.1_ASM1163466v1	cand	GCA_011634665.1_ASM1163466v1|w2	tblastn	REF|64495_cbs110-17_MAT_Minus|gene1|sexM	52.4	E=3.6e-10	108
GCA_011634665.1_ASM1163466v1|w3|t0	GCA_011634665.1_ASM1163466v1	cand	GCA_011634665.1_ASM1163466v1|w3	tblastn	REF|4837_ubc21_MAT_Plus|gene1|sexP	50.1	E=1e-08	86
GCA_011634665.1_ASM1163466v1|w4|t1	GCA_011634665.1_ASM1163466v1	cand	GCA_011634665.1_ASM1163466v1|w4	tblastn	REF|101119_atcc11807_MAT_Minus|gene0|sexM	30.0	E=0.009	44
GCA_011634665.1_ASM1163466v1|w4|t2	GCA_011634665.1_ASM1163466v1	cand	GCA_011634665.1_ASM1163466v1|w4	tblastn	REF|4837_ubc21_MAT_Plus|gene1|sexP	23.5	E=2.6	83
GCA_011634665.1_ASM1163466v1|w4|t3	GCA_011634665.1_ASM1163466v1	cand	GCA_011634665.1_ASM1163466v1|w4	tblastn	REF|64495_cbs110-17_MAT_Minus|gene1|sexM	21.9	E=3.6	44
GCA_011634665.1_ASM1163466v1|w4|t4	GCA_011634665.1_ASM1163466v1	cand	GCA_011634665.1_ASM1163466v1|w4	tblastn	REF|4837_ubc21_MAT_Plus|gene1|sexP	29.6	E=0.03	48
GCA_011634665.1_ASM1163466v1|w5|t1	GCA_011634665.1_ASM1163466v1	cand	GCA_011634665.1_ASM1163466v1|w5	tblastn	REF|4837_ubc21_MAT_Plus|gene1|sexP	22.7	E=3.6	35
GCA_011634665.1_ASM1163466v1|w5|t2	GCA_011634665.1_ASM1163466v1	cand	GCA_011634665.1_ASM1163466v1|w5	tblastn	REF|4850_vkm-f-921_MAT_Minus|gene0|sexM	36.2	E=0.00012	71
GCA_011634665.1_ASM1163466v1|w5|t3	GCA_011634665.1_ASM1163466v1	cand	GCA_011634665.1_ASM1163466v1|w5	tblastn	REF|86630_cbs357-93_MAT_Minus|gene0|sexM	21.6	E=4.8	61
GCA_011634665.1_ASM1163466v1|w6|t2	GCA_011634665.1_ASM1163466v1	cand	GCA_011634665.1_ASM1163466v1|w6	tblastn	REF|101119_atcc11807_MAT_Minus|gene0|sexM	21.6	E=4.6	34
GCA_011634665.1_ASM1163466v1|w6|t3	GCA_011634665.1_ASM1163466v1	cand	GCA_011634665.1_ASM1163466v1|w6	tblastn	REF|4837_nrrl1555_MAT_Minus|gene1|sexM	22.3	E=3.2	30
GCA_011634665.1_ASM1163466v1|w6|t4	GCA_011634665.1_ASM1163466v1	cand	GCA_011634665.1_ASM1163466v1|w6	tblastn	REF|4850_vkm-f-921_MAT_Minus|gene0|sexM	55.4	E=0.009	56
GCA_011634665.1_ASM1163466v1|w7|t1	GCA_011634665.1_ASM1163466v1	cand	GCA_011634665.1_ASM1163466v1|w7	tblastn	REF|36080_nrrl-3631_MAT_Plus|gene1|sexP	30.4	E=0.018	48
GCA_011634665.1_ASM1163466v1|w7|t3	GCA_011634665.1_ASM1163466v1	cand	GCA_011634665.1_ASM1163466v1|w7	tblastn	REF|64495_cbs346-36_MAT_Plus|gene2|sexP	26.2	E=0.38	34
GCA_011634665.1_ASM1163466v1|w7|t4	GCA_011634665.1_ASM1163466v1	cand	GCA_011634665.1_ASM1163466v1|w7	tblastn	REF|35722_atcc11077_MAT_Minus|gene0|sexM	27.7	E=0.062	54
GCA_011634665.1_ASM1163466v1|w8|t3	GCA_011634665.1_ASM1163466v1	cand	GCA_011634665.1_ASM1163466v1|w8	tblastn	REF|64495_cbs110-17_MAT_Minus|gene1|sexM	27.7	E=0.05	51
GCA_011634665.1_ASM1163466v1|w9|t0	GCA_011634665.1_ASM1163466v1	cand	GCA_011634665.1_ASM1163466v1|w9	tblastn	REF|4837_nrrl1555_MAT_Minus|gene1|sexM	28.1	E=0.051	49
GCA_011634665.1_ASM1163466v1|w9|t3	GCA_011634665.1_ASM1163466v1	cand	GCA_011634665.1_ASM1163466v1|w9	tblastn	REF|64495_cbs110-17_MAT_Minus|gene1|sexM	20.8	E=9.2	33
GCA_011634665.1_ASM1163466v1|h1|t0	GCA_011634665.1_ASM1163466v1	nonlocus	GCA_011634665.1_ASM1163466v1|h1	tblastn	REF|29922_cbs109-16_MAT_Minus|gene1|sexM	77.0	E=2.1e-18	75
GCA_011634665.1_ASM1163466v1|h3|t0	GCA_011634665.1_ASM1163466v1	nonlocus	GCA_011634665.1_ASM1163466v1|h3	tblastn	REF|86630_cbs357-93_MAT_Minus|gene0|sexM	49.7	E=2.3e-09	97
GCA_011762625.1_ASM1176262v1|c0|m0	GCA_011762625.1_ASM1176262v1	cand	GCA_011762625.1_ASM1176262v1|c0	miniprot	REF|64495_cbs346-36_MAT_Plus|gene2|sexP	629	0.994	316
GCA_011762635.1_ASM1176263v1|c0|m0	GCA_011762635.1_ASM1176263v1	cand	GCA_011762635.1_ASM1176263v1|c0	miniprot	REF|64495_cbs346-36_MAT_Plus|gene2|sexP	629	0.994	316
GCA_011762635.1_ASM1176263v1|w0|t0	GCA_011762635.1_ASM1176263v1	cand	GCA_011762635.1_ASM1176263v1|w0	tblastn	REF|101119_atcc11807_MAT_Minus|gene0|sexM	64.3	E=1.6e-07	98
GCA_011762635.1_ASM1176263v1|w0|t3	GCA_011762635.1_ASM1176263v1	cand	GCA_011762635.1_ASM1176263v1|w0	tblastn	REF|29922_cbs109-16_MAT_Minus|gene1|sexM	62.7	E=0.7	61
GCA_011763475.1_ASM1176347v1|c0|m0	GCA_011763475.1_ASM1176347v1	cand	GCA_011763475.1_ASM1176347v1|c0	miniprot	REF|64495_cbs346-36_MAT_Plus|gene2|sexP	629	0.994	316
GCA_011763565.1_ASM1176356v1|c0|m0	GCA_011763565.1_ASM1176356v1	cand	GCA_011763565.1_ASM1176356v1|c0	miniprot	REF|64495_cbs346-36_MAT_Plus|gene2|sexP	629	0.994	316
GCA_011763585.1_ASM1176358v1|c0|m0	GCA_011763585.1_ASM1176358v1	cand	GCA_011763585.1_ASM1176358v1|c0	miniprot	REF|64495_cbs110-17_MAT_Minus|gene1|sexM	931	1.0	188
GCA_011763585.1_ASM1176358v1|w0|t0	GCA_011763585.1_ASM1176358v1	cand	GCA_011763585.1_ASM1176358v1|w0	tblastn	REF|35722_atcc11077_MAT_Minus|gene0|sexM	47.0	E=0.001	133
GCA_011763605.1_ASM1176360v1|c0|m0	GCA_011763605.1_ASM1176360v1	cand	GCA_011763605.1_ASM1176360v1|c0	miniprot	REF|64495_cbs346-36_MAT_Plus|gene2|sexP	855	1.0	319
GCA_011763645.1_ASM1176364v1|c0|m0	GCA_011763645.1_ASM1176364v1	cand	GCA_011763645.1_ASM1176364v1|c0	miniprot	REF|64495_cbs110-17_MAT_Minus|gene1|sexM	968	1.0	188
GCA_011763645.1_ASM1176364v1|w0|t0	GCA_011763645.1_ASM1176364v1	cand	GCA_011763645.1_ASM1176364v1|w0	tblastn	REF|101119_atcc11807_MAT_Plus|gene0|sexP	123.2	E=0.0007	142
GCA_011763695.1_ASM1176369v1|c0|m0	GCA_011763695.1_ASM1176369v1	cand	GCA_011763695.1_ASM1176369v1|c0	miniprot	REF|64495_cbs346-36_MAT_Plus|gene2|sexP	1532	1.0	313
GCA_011763695.1_ASM1176369v1|w0|t0	GCA_011763695.1_ASM1176369v1	cand	GCA_011763695.1_ASM1176369v1|w0	tblastn	REF|35722_atcc11077_MAT_Minus|gene0|sexM	47.0	E=0.001	133
GCA_011763715.1_ASM1176371v1|c0|m0	GCA_011763715.1_ASM1176371v1	cand	GCA_011763715.1_ASM1176371v1|c0	miniprot	REF|64495_cbs346-36_MAT_Plus|gene2|sexP	1532	1.0	313
GCA_011763715.1_ASM1176371v1|w0|t0	GCA_011763715.1_ASM1176371v1	cand	GCA_011763715.1_ASM1176371v1|w0	tblastn	REF|35722_atcc11077_MAT_Minus|gene0|sexM	47.0	E=0.001	133
GCA_011763735.1_ASM1176373v1|c0|m0	GCA_011763735.1_ASM1176373v1	cand	GCA_011763735.1_ASM1176373v1|c0	miniprot	REF|64495_cbs110-17_MAT_Minus|gene1|sexM	931	1.0	188
GCA_011763735.1_ASM1176373v1|w0|t0	GCA_011763735.1_ASM1176373v1	cand	GCA_011763735.1_ASM1176373v1|w0	tblastn	REF|35722_atcc11077_MAT_Minus|gene0|sexM	47.0	E=0.001	133
GCA_011763755.1_ASM1176375v1|c0|m0	GCA_011763755.1_ASM1176375v1	cand	GCA_011763755.1_ASM1176375v1|c0	miniprot	REF|64495_cbs346-36_MAT_Plus|gene2|sexP	1532	1.0	313
GCA_011763755.1_ASM1176375v1|w0|t0	GCA_011763755.1_ASM1176375v1	cand	GCA_011763755.1_ASM1176375v1|w0	tblastn	REF|35722_atcc11077_MAT_Minus|gene0|sexM	47.0	E=0.001	133
GCA_011763775.1_ASM1176377v1|c0|m0	GCA_011763775.1_ASM1176377v1	cand	GCA_011763775.1_ASM1176377v1|c0	miniprot	REF|64495_cbs110-17_MAT_Minus|gene1|sexM	931	1.0	188
GCA_011763775.1_ASM1176377v1|w0|t0	GCA_011763775.1_ASM1176377v1	cand	GCA_011763775.1_ASM1176377v1|w0	tblastn	REF|35722_atcc11077_MAT_Minus|gene0|sexM	47.0	E=0.001	133
GCA_011763795.1_ASM1176379v1|c0|m0	GCA_011763795.1_ASM1176379v1	cand	GCA_011763795.1_ASM1176379v1|c0	miniprot	REF|64495_cbs110-17_MAT_Minus|gene1|sexM	931	1.0	188
GCA_011763795.1_ASM1176379v1|w0|t0	GCA_011763795.1_ASM1176379v1	cand	GCA_011763795.1_ASM1176379v1|w0	tblastn	REF|35722_atcc11077_MAT_Minus|gene0|sexM	47.0	E=0.001	133
GCA_011763815.1_ASM1176381v1|c0|m0	GCA_011763815.1_ASM1176381v1	cand	GCA_011763815.1_ASM1176381v1|c0	miniprot	REF|64495_cbs110-17_MAT_Minus|gene1|sexM	931	1.0	188
GCA_011763815.1_ASM1176381v1|w0|t0	GCA_011763815.1_ASM1176381v1	cand	GCA_011763815.1_ASM1176381v1|w0	tblastn	REF|35722_atcc11077_MAT_Minus|gene0|sexM	47.0	E=0.001	133
GCA_011763835.1_ASM1176383v1|c0|m0	GCA_011763835.1_ASM1176383v1	cand	GCA_011763835.1_ASM1176383v1|c0	miniprot	REF|64495_cbs346-36_MAT_Plus|gene2|sexP	1532	1.0	313
GCA_011763835.1_ASM1176383v1|w0|t0	GCA_011763835.1_ASM1176383v1	cand	GCA_011763835.1_ASM1176383v1|w0	tblastn	REF|35722_atcc11077_MAT_Minus|gene0|sexM	47.0	E=0.001	133
GCA_011763855.1_ASM1176385v1|c0|m0	GCA_011763855.1_ASM1176385v1	cand	GCA_011763855.1_ASM1176385v1|c0	miniprot	REF|64495_cbs110-17_MAT_Minus|gene1|sexM	931	1.0	188
GCA_011763855.1_ASM1176385v1|w0|t0	GCA_011763855.1_ASM1176385v1	cand	GCA_011763855.1_ASM1176385v1|w0	tblastn	REF|35722_atcc11077_MAT_Minus|gene0|sexM	47.0	E=0.001	133
GCA_011763875.1_ASM1176387v1|c0|m0	GCA_011763875.1_ASM1176387v1	cand	GCA_011763875.1_ASM1176387v1|c0	miniprot	REF|64495_cbs110-17_MAT_Minus|gene1|sexM	931	1.0	188
GCA_011763875.1_ASM1176387v1|w0|t0	GCA_011763875.1_ASM1176387v1	cand	GCA_011763875.1_ASM1176387v1|w0	tblastn	REF|35722_atcc11077_MAT_Minus|gene0|sexM	47.0	E=0.001	133
GCA_011763895.1_ASM1176389v1|c0|m0	GCA_011763895.1_ASM1176389v1	cand	GCA_011763895.1_ASM1176389v1|c0	miniprot	REF|64495_cbs110-17_MAT_Minus|gene1|sexM	931	1.0	188
GCA_011763895.1_ASM1176389v1|w0|t0	GCA_011763895.1_ASM1176389v1	cand	GCA_011763895.1_ASM1176389v1|w0	tblastn	REF|35722_atcc11077_MAT_Minus|gene0|sexM	47.0	E=0.001	133
GCA_011763915.1_ASM1176391v1|c0|m0	GCA_011763915.1_ASM1176391v1	cand	GCA_011763915.1_ASM1176391v1|c0	miniprot	REF|64495_cbs110-17_MAT_Minus|gene1|sexM	935	1.0	188
GCA_011763915.1_ASM1176391v1|w0|t0	GCA_011763915.1_ASM1176391v1	cand	GCA_011763915.1_ASM1176391v1|w0	tblastn	REF|35722_atcc11077_MAT_Minus|gene0|sexM	61.9	E=0.004	160
GCA_011763935.1_ASM1176393v1|c0|m0	GCA_011763935.1_ASM1176393v1	cand	GCA_011763935.1_ASM1176393v1|c0	miniprot	REF|64495_cbs346-36_MAT_Plus|gene2|sexP	1614	1.0	313
GCA_011763935.1_ASM1176393v1|w0|t0	GCA_011763935.1_ASM1176393v1	cand	GCA_011763935.1_ASM1176393v1|w0	tblastn	REF|101119_atcc11807_MAT_Plus|gene0|sexP	87.8	E=0.001	91
GCA_011763955.1_ASM1176395v1|c0|m0	GCA_011763955.1_ASM1176395v1	cand	GCA_011763955.1_ASM1176395v1|c0	miniprot	REF|64495_cbs346-36_MAT_Plus|gene2|sexP	1614	1.0	313
GCA_011763955.1_ASM1176395v1|w0|t0	GCA_011763955.1_ASM1176395v1	cand	GCA_011763955.1_ASM1176395v1|w0	tblastn	REF|101119_atcc11807_MAT_Plus|gene0|sexP	87.8	E=0.001	91
GCA_011763975.1_ASM1176397v1|c0|m0	GCA_011763975.1_ASM1176397v1	cand	GCA_011763975.1_ASM1176397v1|c0	miniprot	REF|64495_cbs346-36_MAT_Plus|gene2|sexP	1604	1.0	313
GCA_011763975.1_ASM1176397v1|w0|t0	GCA_011763975.1_ASM1176397v1	cand	GCA_011763975.1_ASM1176397v1|w0	tblastn	REF|101119_atcc11807_MAT_Plus|gene0|sexP	123.2	E=0.0007	142
GCA_011763995.1_ASM1176399v1|c0|m0	GCA_011763995.1_ASM1176399v1	cand	GCA_011763995.1_ASM1176399v1|c0	miniprot	REF|64495_cbs110-17_MAT_Minus|gene1|sexM	968	1.0	188
GCA_011764025.1_ASM1176402v1|c0|m0	GCA_011764025.1_ASM1176402v1	cand	GCA_011764025.1_ASM1176402v1|c0	miniprot	REF|64495_cbs110-17_MAT_Minus|gene1|sexM	968	1.0	188
GCA_011764025.1_ASM1176402v1|w0|t0	GCA_011764025.1_ASM1176402v1	cand	GCA_011764025.1_ASM1176402v1|w0	tblastn	REF|101119_atcc11807_MAT_Plus|gene0|sexP	122.8	E=0.00079	142
GCA_011764045.1_ASM1176404v1|c0|m0	GCA_011764045.1_ASM1176404v1	cand	GCA_011764045.1_ASM1176404v1|c0	miniprot	REF|64495_cbs346-36_MAT_Plus|gene2|sexP	629	0.994	316
GCA_011764055.1_ASM1176405v1|w0|t0	GCA_011764055.1_ASM1176405v1	cand	GCA_011764055.1_ASM1176405v1|w0	tblastn	REF|101119_atcc11807_MAT_Plus|gene0|sexP	122.8	E=0.00079	142
GCA_011764125.1_ASM1176412v1|c0|m0	GCA_011764125.1_ASM1176412v1	cand	GCA_011764125.1_ASM1176412v1|c0	miniprot	REF|64495_cbs110-17_MAT_Minus|gene1|sexM	968	1.0	188
GCA_011764125.1_ASM1176412v1|w0|t0	GCA_011764125.1_ASM1176412v1	cand	GCA_011764125.1_ASM1176412v1|w0	tblastn	REF|101119_atcc11807_MAT_Plus|gene0|sexP	123.2	E=0.00054	142
GCA_011764145.1_ASM1176414v1|w0|t0	GCA_011764145.1_ASM1176414v1	cand	GCA_011764145.1_ASM1176414v1|w0	tblastn	REF|101119_atcc11807_MAT_Plus|gene0|sexP	123.2	E=0.00064	142
GCA_011764185.1_ASM1176418v1|c0|m0	GCA_011764185.1_ASM1176418v1	cand	GCA_011764185.1_ASM1176418v1|c0	miniprot	REF|64495_cbs346-36_MAT_Plus|gene2|sexP	1620	1.0	313
GCA_011764185.1_ASM1176418v1|w0|t0	GCA_011764185.1_ASM1176418v1	cand	GCA_011764185.1_ASM1176418v1|w0	tblastn	REF|101119_atcc11807_MAT_Plus|gene0|sexP	122.8	E=0.00079	142
GCA_011764225.1_ASM1176422v1|nc0|m0	GCA_011764225.1_ASM1176422v1	cand	GCA_011764225.1_ASM1176422v1|nc0	miniprot	REF|64495_cbs346-36_MAT_Plus|gene2|sexP	1620	1.0	313
GCA_011764225.1_ASM1176422v1|w2|t0	GCA_011764225.1_ASM1176422v1	cand	GCA_011764225.1_ASM1176422v1|w2	tblastn	REF|64495_cbs110-17_MAT_Minus|gene1|sexM	37.3	E=4.2	48
GCA_011764225.1_ASM1176422v1|w3|t0	GCA_011764225.1_ASM1176422v1	cand	GCA_011764225.1_ASM1176422v1|w3	tblastn	REF|101119_atcc11807_MAT_Plus|gene0|sexP	69.7	E=0.002	71
GCA_011764225.1_ASM1176422v1|w4|t0	GCA_011764225.1_ASM1176422v1	cand	GCA_011764225.1_ASM1176422v1|w4	tblastn	REF|36080_nrrl-3631_MAT_Plus|gene1|sexP	38.5	E=7.1e-06	72
GCA_011764225.1_ASM1176422v1|w4|t1	GCA_011764225.1_ASM1176422v1	cand	GCA_011764225.1_ASM1176422v1|w4	tblastn	REF|29922_cbs109-16_MAT_Minus|gene1|sexM	50.1	E=0.006	59
GCA_011764225.1_ASM1176422v1|w5|t0	GCA_011764225.1_ASM1176422v1	cand	GCA_011764225.1_ASM1176422v1|w5	tblastn	REF|36080_nrrl-3631_MAT_Plus|gene1|sexP	68.9	E=0.006	112
GCA_011764225.1_ASM1176422v1|w6|t0	GCA_011764225.1_ASM1176422v1	cand	GCA_011764225.1_ASM1176422v1|w6	tblastn	REF|35722_atcc11077_MAT_Minus|gene0|sexM	27.3	E=0.011	30
GCA_011764225.1_ASM1176422v1|w7|t0	GCA_011764225.1_ASM1176422v1	cand	GCA_011764225.1_ASM1176422v1|w7	tblastn	REF|35722_atcc11077_MAT_Minus|gene0|sexM	27.7	E=0.009	112
GCA_011764225.1_ASM1176422v1|h2|t0	GCA_011764225.1_ASM1176422v1	nonlocus	GCA_011764225.1_ASM1176422v1|h2	tblastn	REF|29922_cbs109-16_MAT_Minus|gene1|sexM	53.9	E=2.2e-11	116
GCA_011764225.1_ASM1176422v1|h1|t0	GCA_011764225.1_ASM1176422v1	nonlocus	GCA_011764225.1_ASM1176422v1|h1	tblastn	REF|4837_nrrl1555_MAT_Minus|gene1|sexM	45.4	E=1.3e-08	106
GCA_011764225.1_ASM1176422v1|h7|t0	GCA_011764225.1_ASM1176422v1	nonlocus	GCA_011764225.1_ASM1176422v1|h7	tblastn	REF|64495_cbs346-36_MAT_Plus|gene2|sexP	44.3	E=9.3e-08	86
GCA_011764265.1_ASM1176426v1|w0|t0	GCA_011764265.1_ASM1176426v1	cand	GCA_011764265.1_ASM1176426v1|w0	tblastn	REF|64495_cbs110-17_MAT_Minus|gene1|sexM	37.3	E=2.3	48
GCA_011764265.1_ASM1176426v1|w1|t0	GCA_011764265.1_ASM1176426v1	cand	GCA_011764265.1_ASM1176426v1|w1	tblastn	REF|64495_cbs346-36_MAT_Plus|gene2|sexP	62.0	E=1.1	75
GCA_011764265.1_ASM1176426v1|w2|t0	GCA_011764265.1_ASM1176426v1	cand	GCA_011764265.1_ASM1176426v1|w2	tblastn	REF|36080_nrrl-3631_MAT_Plus|gene1|sexP	68.9	E=0.003	112
GCA_011764265.1_ASM1176426v1|w3|t0	GCA_011764265.1_ASM1176426v1	cand	GCA_011764265.1_ASM1176426v1|w3	tblastn	REF|35722_atcc11077_MAT_Minus|gene0|sexM	27.3	E=0.006	30
GCA_011764265.1_ASM1176426v1|w4|t0	GCA_011764265.1_ASM1176426v1	cand	GCA_011764265.1_ASM1176426v1|w4	tblastn	REF|35722_atcc11077_MAT_Minus|gene0|sexM	27.7	E=0.005	112
GCA_011800955.2_ASM1180095v2|c0|m0	GCA_011800955.2_ASM1180095v2	cand	GCA_011800955.2_ASM1180095v2|c0	miniprot	REF|64495_cbs346-36_MAT_Plus|gene2|sexP	1620	1.0	313
GCA_011800955.2_ASM1180095v2|w0|t0	GCA_011800955.2_ASM1180095v2	cand	GCA_011800955.2_ASM1180095v2|w0	tblastn	REF|101119_atcc11807_MAT_Plus|gene0|sexP	88.2	E=0.003	91
GCA_011800955.2_ASM1180095v2|w1|t0	GCA_011800955.2_ASM1180095v2	cand	GCA_011800955.2_ASM1180095v2|w1	tblastn	REF|86630_cbs357-93_MAT_Minus|gene0|sexM	47.4	E=0.003	91
GCA_011800985.2_ASM1180098v2|w0|t0	GCA_011800985.2_ASM1180098v2	cand	GCA_011800985.2_ASM1180098v2|w0	tblastn	REF|101119_atcc11807_MAT_Plus|gene0|sexP	122.8	E=0.00079	142
GCA_011801035.2_ASM1180103v2|c0|m0	GCA_011801035.2_ASM1180103v2	cand	GCA_011801035.2_ASM1180103v2|c0	miniprot	REF|64495_cbs346-36_MAT_Plus|gene2|sexP	1620	1.0	313
GCA_011801035.2_ASM1180103v2|w0|t0	GCA_011801035.2_ASM1180103v2	cand	GCA_011801035.2_ASM1180103v2|w0	tblastn	REF|101119_atcc11807_MAT_Plus|gene0|sexP	122.8	E=0.00079	142
GCA_011801055.2_ASM1180105v2|c0|m0	GCA_011801055.2_ASM1180105v2	cand	GCA_011801055.2_ASM1180105v2|c0	miniprot	REF|64495_cbs346-36_MAT_Plus|gene2|sexP	1620	1.0	313
GCA_011801055.2_ASM1180105v2|w0|t0	GCA_011801055.2_ASM1180105v2	cand	GCA_011801055.2_ASM1180105v2|w0	tblastn	REF|101119_atcc11807_MAT_Plus|gene0|sexP	122.8	E=0.00079	142
GCA_011801305.2_ASM1180130v2|c0|m0	GCA_011801305.2_ASM1180130v2	cand	GCA_011801305.2_ASM1180130v2|c0	miniprot	REF|64495_cbs346-36_MAT_Plus|gene2|sexP	1620	1.0	313
GCA_011801305.2_ASM1180130v2|w0|t0	GCA_011801305.2_ASM1180130v2	cand	GCA_011801305.2_ASM1180130v2|w0	tblastn	REF|101119_atcc11807_MAT_Plus|gene0|sexP	123.2	E=0.0007	142
GCA_011801335.2_ASM1180133v2|c0|m0	GCA_011801335.2_ASM1180133v2	cand	GCA_011801335.2_ASM1180133v2|c0	miniprot	REF|64495_cbs110-17_MAT_Minus|gene1|sexM	968	1.0	188
GCA_011801335.2_ASM1180133v2|w0|t0	GCA_011801335.2_ASM1180133v2	cand	GCA_011801335.2_ASM1180133v2|w0	tblastn	REF|101119_atcc11807_MAT_Plus|gene0|sexP	123.2	E=0.0007	142
GCA_011801385.2_ASM1180138v2|w0|t0	GCA_011801385.2_ASM1180138v2	cand	GCA_011801385.2_ASM1180138v2|w0	tblastn	REF|101119_atcc11807_MAT_Plus|gene0|sexP	123.2	E=0.0007	142
GCA_011801495.1_ASM1180149v1|w0|t0	GCA_011801495.1_ASM1180149v1	cand	GCA_011801495.1_ASM1180149v1|w0	tblastn	REF|101119_atcc11807_MAT_Plus|gene0|sexP	122.8	E=0.00079	142
GCA_011801505.2_ASM1180150v2|w0|t1	GCA_011801505.2_ASM1180150v2	cand	GCA_011801505.2_ASM1180150v2|w0	tblastn	REF|101119_atcc11807_MAT_Plus|gene0|sexP	88.6	E=0.002	91
GCA_011801505.2_ASM1180150v2|w1|t0	GCA_011801505.2_ASM1180150v2	cand	GCA_011801505.2_ASM1180150v2|w1	tblastn	REF|86630_cbs357-93_MAT_Minus|gene0|sexM	47.4	E=0.003	91
GCA_011801555.2_ASM1180155v2|c0|m0	GCA_011801555.2_ASM1180155v2	cand	GCA_011801555.2_ASM1180155v2|c0	miniprot	REF|64495_cbs346-36_MAT_Plus|gene2|sexP	1620	1.0	313
GCA_011801555.2_ASM1180155v2|w0|t0	GCA_011801555.2_ASM1180155v2	cand	GCA_011801555.2_ASM1180155v2|w0	tblastn	REF|101119_atcc11807_MAT_Plus|gene0|sexP	123.2	E=0.0007	142
GCA_011801575.2_ASM1180157v2|c0|m0	GCA_011801575.2_ASM1180157v2	cand	GCA_011801575.2_ASM1180157v2|c0	miniprot	REF|64495_cbs346-36_MAT_Plus|gene2|sexP	1620	1.0	313
GCA_011801575.2_ASM1180157v2|w0|t0	GCA_011801575.2_ASM1180157v2	cand	GCA_011801575.2_ASM1180157v2|w0	tblastn	REF|101119_atcc11807_MAT_Plus|gene0|sexP	123.2	E=0.0007	142
GCA_011801605.2_ASM1180160v2|c0|m0	GCA_011801605.2_ASM1180160v2	cand	GCA_011801605.2_ASM1180160v2|c0	miniprot	REF|64495_cbs346-36_MAT_Plus|gene2|sexP	1620	1.0	313
GCA_011801605.2_ASM1180160v2|w0|t0	GCA_011801605.2_ASM1180160v2	cand	GCA_011801605.2_ASM1180160v2|w0	tblastn	REF|101119_atcc11807_MAT_Plus|gene0|sexP	123.2	E=0.0007	142
GCA_011801645.2_ASM1180164v2|w0|t0	GCA_011801645.2_ASM1180164v2	cand	GCA_011801645.2_ASM1180164v2|w0	tblastn	REF|101119_atcc11807_MAT_Plus|gene0|sexP	122.8	E=0.00079	142
GCA_011801675.2_ASM1180167v2|c0|m0	GCA_011801675.2_ASM1180167v2	cand	GCA_011801675.2_ASM1180167v2|c0	miniprot	REF|64495_cbs110-17_MAT_Minus|gene1|sexM	968	1.0	188
GCA_011801675.2_ASM1180167v2|w0|t0	GCA_011801675.2_ASM1180167v2	cand	GCA_011801675.2_ASM1180167v2|w0	tblastn	REF|101119_atcc11807_MAT_Plus|gene0|sexP	123.6	E=0.00063	117
GCA_011801705.2_ASM1180170v2|w0|t0	GCA_011801705.2_ASM1180170v2	cand	GCA_011801705.2_ASM1180170v2|w0	tblastn	REF|101119_atcc11807_MAT_Plus|gene0|sexP	122.8	E=0.00079	142
GCA_011801725.2_ASM1180172v2|w0|t0	GCA_011801725.2_ASM1180172v2	cand	GCA_011801725.2_ASM1180172v2|w0	tblastn	REF|101119_atcc11807_MAT_Plus|gene0|sexP	123.2	E=0.0007	142
GCA_011801785.2_ASM1180178v2|c0|m0	GCA_011801785.2_ASM1180178v2	cand	GCA_011801785.2_ASM1180178v2|c0	miniprot	REF|64495_cbs110-17_MAT_Minus|gene1|sexM	964	1.0	188
GCA_011801785.2_ASM1180178v2|w0|t0	GCA_011801785.2_ASM1180178v2	cand	GCA_011801785.2_ASM1180178v2|w0	tblastn	REF|101119_atcc11807_MAT_Minus|gene0|sexM	55.0	E=0.63	76
GCA_011801815.2_ASM1180181v2|c0|m0	GCA_011801815.2_ASM1180181v2	cand	GCA_011801815.2_ASM1180181v2|c0	miniprot	REF|64495_cbs346-36_MAT_Plus|gene2|sexP	1620	1.0	313
GCA_011801815.2_ASM1180181v2|w0|t0	GCA_011801815.2_ASM1180181v2	cand	GCA_011801815.2_ASM1180181v2|w0	tblastn	REF|101119_atcc11807_MAT_Plus|gene0|sexP	122.8	E=0.00079	142
GCA_011950945.2_ASM1195094v2|c0|m0	GCA_011950945.2_ASM1195094v2	cand	GCA_011950945.2_ASM1195094v2|c0	miniprot	REF|64495_cbs346-36_MAT_Plus|gene2|sexP	1620	1.0	313
GCA_011950945.2_ASM1195094v2|w0|t0	GCA_011950945.2_ASM1195094v2	cand	GCA_011950945.2_ASM1195094v2|w0	tblastn	REF|101119_atcc11807_MAT_Plus|gene0|sexP	122.8	E=0.00079	142
GCA_011950985.2_ASM1195098v2|c0|m0	GCA_011950985.2_ASM1195098v2	cand	GCA_011950985.2_ASM1195098v2|c0	miniprot	REF|64495_cbs346-36_MAT_Plus|gene2|sexP	1563	0.968	304
GCA_011950985.2_ASM1195098v2|w0|t0	GCA_011950985.2_ASM1195098v2	cand	GCA_011950985.2_ASM1195098v2|w0	tblastn	REF|101119_atcc11807_MAT_Plus|gene0|sexP	123.2	E=0.0007	142
GCA_011951285.2_ASM1195128v2|c0|m0	GCA_011951285.2_ASM1195128v2	cand	GCA_011951285.2_ASM1195128v2|c0	miniprot	REF|64495_cbs110-17_MAT_Minus|gene1|sexM	968	1.0	188
GCA_011951285.2_ASM1195128v2|w0|t0	GCA_011951285.2_ASM1195128v2	cand	GCA_011951285.2_ASM1195128v2|w0	tblastn	REF|101119_atcc11807_MAT_Plus|gene0|sexP	123.2	E=0.0007	142
GCA_011951295.2_ASM1195129v2|c0|m0	GCA_011951295.2_ASM1195129v2	cand	GCA_011951295.2_ASM1195129v2|c0	miniprot	REF|64495_cbs346-36_MAT_Plus|gene2|sexP	1620	1.0	313
GCA_011951295.2_ASM1195129v2|w0|t0	GCA_011951295.2_ASM1195129v2	cand	GCA_011951295.2_ASM1195129v2|w0	tblastn	REF|101119_atcc11807_MAT_Plus|gene0|sexP	123.2	E=0.0007	142
GCA_011952045.2_ASM1195204v2|c0|m0	GCA_011952045.2_ASM1195204v2	cand	GCA_011952045.2_ASM1195204v2|c0	miniprot	REF|64495_cbs110-17_MAT_Minus|gene1|sexM	968	1.0	188
GCA_011952045.2_ASM1195204v2|w0|t0	GCA_011952045.2_ASM1195204v2	cand	GCA_011952045.2_ASM1195204v2|w0	tblastn	REF|101119_atcc11807_MAT_Plus|gene0|sexP	123.2	E=0.0007	142
GCA_011952115.2_ASM1195211v2|c0|m0	GCA_011952115.2_ASM1195211v2	cand	GCA_011952115.2_ASM1195211v2|c0	miniprot	REF|64495_cbs346-36_MAT_Plus|gene2|sexP	1620	1.0	313
GCA_011952115.2_ASM1195211v2|w0|t0	GCA_011952115.2_ASM1195211v2	cand	GCA_011952115.2_ASM1195211v2|w0	tblastn	REF|101119_atcc11807_MAT_Plus|gene0|sexP	123.2	E=0.0007	142
GCA_011952145.2_ASM1195214v2|w0|t0	GCA_011952145.2_ASM1195214v2	cand	GCA_011952145.2_ASM1195214v2|w0	tblastn	REF|101119_atcc11807_MAT_Plus|gene0|sexP	122.8	E=0.00079	142
GCA_011952175.2_ASM1195217v2|w0|t0	GCA_011952175.2_ASM1195217v2	cand	GCA_011952175.2_ASM1195217v2|w0	tblastn	REF|101119_atcc11807_MAT_Plus|gene0|sexP	122.8	E=0.00079	142
GCA_013461545.1_ASM1346154v1|w1|t0	GCA_013461545.1_ASM1346154v1	cand	GCA_013461545.1_ASM1346154v1|w1	tblastn	REF|4850_vkm-f-921_MAT_Minus|gene0|sexM	41.2	E=3.3	40
GCA_013461545.1_ASM1346154v1|w1|t1	GCA_013461545.1_ASM1346154v1	cand	GCA_013461545.1_ASM1346154v1|w1	tblastn	REF|101119_atcc11807_MAT_Plus|gene0|sexP	66.6	E=0.64	78
GCA_013461545.1_ASM1346154v1|w1|t5	GCA_013461545.1_ASM1346154v1	cand	GCA_013461545.1_ASM1346154v1|w1	tblastn	REF|3231046_uomd23-19_MAT_Plus|gene1|sexP	21.2	E=4	42
GCA_013461545.1_ASM1346154v1|w2|t0	GCA_013461545.1_ASM1346154v1	cand	GCA_013461545.1_ASM1346154v1|w2	tblastn	REF|4837_ubc21_MAT_Plus|gene1|sexP	22.3	E=2	57
GCA_013461545.1_ASM1346154v1|w2|t1	GCA_013461545.1_ASM1346154v1	cand	GCA_013461545.1_ASM1346154v1|w2	tblastn	REF|4837_nrrl1555_MAT_Minus|gene1|sexM	42.0	E=2.7	58
GCA_013461545.1_ASM1346154v1|w2|t3	GCA_013461545.1_ASM1346154v1	cand	GCA_013461545.1_ASM1346154v1|w2	tblastn	REF|101119_atcc11807_MAT_Minus|gene0|sexM	46.9	E=0.038	73
GCA_014839865.1_ASM1483986v1|c0|m0	GCA_014839865.1_ASM1483986v1	cand	GCA_014839865.1_ASM1483986v1|c0	miniprot	REF|3231046_uomd23-19_MAT_Plus|gene1|sexP	294	0.468	147
GCA_014839865.1_ASM1483986v1|w0|t2	GCA_014839865.1_ASM1483986v1	cand	GCA_014839865.1_ASM1483986v1|w0	tblastn	REF|101119_atcc11807_MAT_Plus|gene0|sexP	46.6	E=0.11	32
GCA_014839865.1_ASM1483986v1|w0|t3	GCA_014839865.1_ASM1483986v1	cand	GCA_014839865.1_ASM1483986v1|w0	tblastn	REF|101119_atcc11807_MAT_Plus|gene0|sexP	42.8	E=2.2	67
GCA_014839865.1_ASM1483986v1|w0|t4	GCA_014839865.1_ASM1483986v1	cand	GCA_014839865.1_ASM1483986v1|w0	tblastn	REF|4837_ubc21_MAT_Plus|gene1|sexP	21.6	E=2	66
GCA_014973025.1_ASM1497302v1|w0|t0	GCA_014973025.1_ASM1497302v1	cand	GCA_014973025.1_ASM1497302v1|w0	tblastn	REF|4837_ubc21_MAT_Plus|gene1|sexP	70.4	E=7.2e-10	87
GCA_014973025.1_ASM1497302v1|w1|t0	GCA_014973025.1_ASM1497302v1	cand	GCA_014973025.1_ASM1497302v1|w1	tblastn	REF|3231046_uomd23-19_MAT_Plus|gene1|sexP	58.4	E=5.7	157
GCA_014973025.1_ASM1497302v1|w2|t0	GCA_014973025.1_ASM1497302v1	cand	GCA_014973025.1_ASM1497302v1|w2	tblastn	REF|4850_vkm-f-921_MAT_Minus|gene0|sexM	65.4	E=0.075	64
GCA_014973025.1_ASM1497302v1|w2|t1	GCA_014973025.1_ASM1497302v1	cand	GCA_014973025.1_ASM1497302v1|w2	tblastn	REF|101119_atcc11807_MAT_Plus|gene0|sexP	81.9	E=0.3	79
GCA_015499975.1_UCR_DornN22417_1.0|w0|t0	GCA_015499975.1_UCR_DornN22417_1.0	cand	GCA_015499975.1_UCR_DornN22417_1.0|w0	tblastn	REF|86630_cbs357-93_MAT_Minus|gene0|sexM	53.1	E=5.8e-11	76
GCA_015499975.1_UCR_DornN22417_1.0|w0|t1	GCA_015499975.1_UCR_DornN22417_1.0	cand	GCA_015499975.1_UCR_DornN22417_1.0|w0	tblastn	REF|86630_cbs357-93_MAT_Minus|gene0|sexM	23.5	E=0.2	50
GCA_015499975.1_UCR_DornN22417_1.0|w1|t0	GCA_015499975.1_UCR_DornN22417_1.0	cand	GCA_015499975.1_UCR_DornN22417_1.0|w1	tblastn	REF|29922_cbs109-16_MAT_Minus|gene1|sexM	24.6	E=0.21	40
GCA_015499975.1_UCR_DornN22417_1.0|w1|t1	GCA_015499975.1_UCR_DornN22417_1.0	cand	GCA_015499975.1_UCR_DornN22417_1.0|w1	tblastn	REF|4837_nrrl1555_MAT_Minus|gene1|sexM	47.4	E=8.2e-09	74
GCA_015499975.1_UCR_DornN22417_1.0|w2|t0	GCA_015499975.1_UCR_DornN22417_1.0	cand	GCA_015499975.1_UCR_DornN22417_1.0|w2	tblastn	REF|4837_ubc21_MAT_Plus|gene1|sexP	22.7	E=1.4	38
GCA_015499975.1_UCR_DornN22417_1.0|w2|t1	GCA_015499975.1_UCR_DornN22417_1.0	cand	GCA_015499975.1_UCR_DornN22417_1.0|w2	tblastn	REF|4850_vkm-f-921_MAT_Minus|gene0|sexM	41.6	E=2.2	43
GCA_015499975.1_UCR_DornN22417_1.0|w3|t0	GCA_015499975.1_UCR_DornN22417_1.0	cand	GCA_015499975.1_UCR_DornN22417_1.0|w3	tblastn	REF|4837_ubc21_MAT_Plus|gene1|sexP	50.8	E=0.008	123
GCA_015499975.1_UCR_DornN22417_1.0|w3|t1	GCA_015499975.1_UCR_DornN22417_1.0	cand	GCA_015499975.1_UCR_DornN22417_1.0|w3	tblastn	REF|4837_nrrl1555_MAT_Minus|gene1|sexM	20.8	E=3.8	115
GCA_015499975.1_UCR_DornN22417_1.0|h2|t0	GCA_015499975.1_UCR_DornN22417_1.0	nonlocus	GCA_015499975.1_UCR_DornN22417_1.0|h2	tblastn	REF|101119_atcc11807_MAT_Minus|gene0|sexM	55.5	E=9.5e-12	72
GCA_015499975.1_UCR_DornN22417_1.0|h4|t0	GCA_015499975.1_UCR_DornN22417_1.0	nonlocus	GCA_015499975.1_UCR_DornN22417_1.0|h4	tblastn	REF|36080_nrrl-3631_MAT_Plus|gene1|sexP	55.0	E=0.00022	86
GCA_015499975.1_UCR_DornN22417_1.0|h3|t0	GCA_015499975.1_UCR_DornN22417_1.0	nonlocus	GCA_015499975.1_UCR_DornN22417_1.0|h3	tblastn	REF|86630_cbs357-93_MAT_Minus|gene0|sexM	79.3	E=8.2e-13	87
GCA_015499985.1_UCR_McamNRRL2610_1.0|w0|t0	GCA_015499985.1_UCR_McamNRRL2610_1.0	cand	GCA_015499985.1_UCR_McamNRRL2610_1.0|w0	tblastn	REF|4837_ubc21_MAT_Plus|gene1|sexP	50.8	E=3.3e-09	76
GCA_015499985.1_UCR_McamNRRL2610_1.0|w0|t1	GCA_015499985.1_UCR_McamNRRL2610_1.0	cand	GCA_015499985.1_UCR_McamNRRL2610_1.0|w0	tblastn	REF|36080_r7b_MAT_Minus|gene1|sexM	20.8	E=7.5	31
GCA_015499985.1_UCR_McamNRRL2610_1.0|w1|t1	GCA_015499985.1_UCR_McamNRRL2610_1.0	cand	GCA_015499985.1_UCR_McamNRRL2610_1.0|w1	tblastn	REF|36080_nrrl-3631_MAT_Plus|gene1|sexP	46.5	E=0.56	201
GCA_015499985.1_UCR_McamNRRL2610_1.0|w1|t4	GCA_015499985.1_UCR_McamNRRL2610_1.0	cand	GCA_015499985.1_UCR_McamNRRL2610_1.0|w1	tblastn	REF|3108396_ai-2023a_MAT_Plus|gene2|sexP	25.0	E=0.4	34
GCA_015499985.1_UCR_McamNRRL2610_1.0|w2|t0	GCA_015499985.1_UCR_McamNRRL2610_1.0	cand	GCA_015499985.1_UCR_McamNRRL2610_1.0|w2	tblastn	REF|3231046_uomd23-19_MAT_Plus|gene1|sexP	22.3	E=2.6	50
GCA_015499985.1_UCR_McamNRRL2610_1.0|w2|t3	GCA_015499985.1_UCR_McamNRRL2610_1.0	cand	GCA_015499985.1_UCR_McamNRRL2610_1.0|w2	tblastn	REF|4850_vkm-f-921_MAT_Minus|gene0|sexM	43.9	E=1.7	56
GCA_015499985.1_UCR_McamNRRL2610_1.0|w2|t5	GCA_015499985.1_UCR_McamNRRL2610_1.0	cand	GCA_015499985.1_UCR_McamNRRL2610_1.0|w2	tblastn	REF|35722_atcc11077_MAT_Minus|gene0|sexM	36.5	E=5.4	49
GCA_015499985.1_UCR_McamNRRL2610_1.0|w2|t6	GCA_015499985.1_UCR_McamNRRL2610_1.0	cand	GCA_015499985.1_UCR_McamNRRL2610_1.0|w2	tblastn	REF|29922_cbs109-16_MAT_Minus|gene1|sexM	33.1	E=0.00058	38
GCA_015499985.1_UCR_McamNRRL2610_1.0|w3|t0	GCA_015499985.1_UCR_McamNRRL2610_1.0	cand	GCA_015499985.1_UCR_McamNRRL2610_1.0|w3	tblastn	REF|36080_r7b_MAT_Minus|gene1|sexM	30.0	E=0.009	59
GCA_015499985.1_UCR_McamNRRL2610_1.0|w3|t1	GCA_015499985.1_UCR_McamNRRL2610_1.0	cand	GCA_015499985.1_UCR_McamNRRL2610_1.0|w3	tblastn	REF|36080_r7b_MAT_Minus|gene1|sexM	21.2	E=4.9	33
GCA_015499985.1_UCR_McamNRRL2610_1.0|w3|t2	GCA_015499985.1_UCR_McamNRRL2610_1.0	cand	GCA_015499985.1_UCR_McamNRRL2610_1.0|w3	tblastn	REF|3231046_uomd23-19_MAT_Plus|gene1|sexP	25.8	E=0.24	31
GCA_015499985.1_UCR_McamNRRL2610_1.0|w4|t0	GCA_015499985.1_UCR_McamNRRL2610_1.0	cand	GCA_015499985.1_UCR_McamNRRL2610_1.0|w4	tblastn	REF|64495_cbs110-17_MAT_Minus|gene1|sexM	20.4	E=7	45
GCA_015499985.1_UCR_McamNRRL2610_1.0|w4|t1	GCA_015499985.1_UCR_McamNRRL2610_1.0	cand	GCA_015499985.1_UCR_McamNRRL2610_1.0|w4	tblastn	REF|4837_ubc21_MAT_Plus|gene1|sexP	21.2	E=5.8	67
GCA_015499985.1_UCR_McamNRRL2610_1.0|w4|t3	GCA_015499985.1_UCR_McamNRRL2610_1.0	cand	GCA_015499985.1_UCR_McamNRRL2610_1.0|w4	tblastn	REF|4850_vkm-f-921_MAT_Minus|gene0|sexM	42.3	E=2.1	42
GCA_015499985.1_UCR_McamNRRL2610_1.0|w4|t4	GCA_015499985.1_UCR_McamNRRL2610_1.0	cand	GCA_015499985.1_UCR_McamNRRL2610_1.0|w4	tblastn	REF|86630_cbs357-93_MAT_Minus|gene0|sexM	30.8	E=0.003	92
GCA_015500005.1_UCR_HligNRRL2525_1.0|w0|t0	GCA_015500005.1_UCR_HligNRRL2525_1.0	cand	GCA_015500005.1_UCR_HligNRRL2525_1.0|w0	tblastn	REF|4837_nrrl1555_MAT_Minus|gene1|sexM	77.4	E=4.4	57
GCA_015500005.1_UCR_HligNRRL2525_1.0|w0|t1	GCA_015500005.1_UCR_HligNRRL2525_1.0	cand	GCA_015500005.1_UCR_HligNRRL2525_1.0|w0	tblastn	REF|36080_r7b_MAT_Minus|gene1|sexM	44.2	E=1	72
GCA_015500005.1_UCR_HligNRRL2525_1.0|w1|t0	GCA_015500005.1_UCR_HligNRRL2525_1.0	cand	GCA_015500005.1_UCR_HligNRRL2525_1.0|w1	tblastn	REF|36080_r7b_MAT_Minus|gene1|sexM	63.5	E=0.25	148
GCA_015500005.1_UCR_HligNRRL2525_1.0|w2|t0	GCA_015500005.1_UCR_HligNRRL2525_1.0	cand	GCA_015500005.1_UCR_HligNRRL2525_1.0|w2	tblastn	REF|64495_cbs346-36_MAT_Plus|gene2|sexP	28.1	E=0.022	42
GCA_015500005.1_UCR_HligNRRL2525_1.0|w2|t1	GCA_015500005.1_UCR_HligNRRL2525_1.0	cand	GCA_015500005.1_UCR_HligNRRL2525_1.0|w2	tblastn	REF|4837_ubc21_MAT_Plus|gene1|sexP	24.6	E=0.26	37
GCA_015500005.1_UCR_HligNRRL2525_1.0|w2|t2	GCA_015500005.1_UCR_HligNRRL2525_1.0	cand	GCA_015500005.1_UCR_HligNRRL2525_1.0|w2	tblastn	REF|3231046_uomau377_MAT_Minus|gene1|sexM	20.8	E=3.2	84
GCA_015500005.1_UCR_HligNRRL2525_1.0|w2|t3	GCA_015500005.1_UCR_HligNRRL2525_1.0	cand	GCA_015500005.1_UCR_HligNRRL2525_1.0|w2	tblastn	REF|4837_nrrl1555_MAT_Minus|gene1|sexM	20.0	E=4.3	35
GCA_015500155.1_UCR_MorNRRLA12553_1.0|w0|t0	GCA_015500155.1_UCR_MorNRRLA12553_1.0	cand	GCA_015500155.1_UCR_MorNRRLA12553_1.0|w0	tblastn	REF|4837_nrrl1555_MAT_Minus|gene1|sexM	42.7	E=1.1e-07	74
GCA_015500155.1_UCR_MorNRRLA12553_1.0|w1|t0	GCA_015500155.1_UCR_MorNRRLA12553_1.0	cand	GCA_015500155.1_UCR_MorNRRLA12553_1.0|w1	tblastn	REF|36080_nrrl-3631_MAT_Plus|gene1|sexP	44.3	E=1.3e-07	51
GCA_015500155.1_UCR_MorNRRLA12553_1.0|w2|t0	GCA_015500155.1_UCR_MorNRRLA12553_1.0	cand	GCA_015500155.1_UCR_MorNRRLA12553_1.0|w2	tblastn	REF|3231046_uomd23-19_MAT_Plus|gene1|sexP	50.8	E=0.004	90
GCA_015500155.1_UCR_MorNRRLA12553_1.0|w3|t0	GCA_015500155.1_UCR_MorNRRLA12553_1.0	cand	GCA_015500155.1_UCR_MorNRRLA12553_1.0|w3	tblastn	REF|3231046_uomd23-19_MAT_Plus|gene1|sexP	42.3	E=0.95	97
GCA_015500155.1_UCR_MorNRRLA12553_1.0|w3|t1	GCA_015500155.1_UCR_MorNRRLA12553_1.0	cand	GCA_015500155.1_UCR_MorNRRLA12553_1.0|w3	tblastn	REF|101119_atcc11807_MAT_Plus|gene0|sexP	38.5	E=4.9	53
GCA_015502445.1_UCR_MspGBA35_1.0|w0|t0	GCA_015502445.1_UCR_MspGBA35_1.0	cand	GCA_015502445.1_UCR_MspGBA35_1.0|w0	tblastn	REF|4837_nrrl1555_MAT_Minus|gene1|sexM	19.6	E=3	32
GCA_015502445.1_UCR_MspGBA35_1.0|w0|t1	GCA_015502445.1_UCR_MspGBA35_1.0	cand	GCA_015502445.1_UCR_MspGBA35_1.0|w0	tblastn	REF|29922_cbs109-16_MAT_Minus|gene1|sexM	72.7	E=4.9e-11	132
GCA_015502445.1_UCR_MspGBA35_1.0|w1|t0	GCA_015502445.1_UCR_MspGBA35_1.0	cand	GCA_015502445.1_UCR_MspGBA35_1.0|w1	tblastn	REF|3231046_uomd23-19_MAT_Plus|gene1|sexP	82.4	E=9.7e-07	117
GCA_015502445.1_UCR_MspGBA35_1.0|w2|t0	GCA_015502445.1_UCR_MspGBA35_1.0	cand	GCA_015502445.1_UCR_MspGBA35_1.0|w2	tblastn	REF|4837_nrrl1555_MAT_Minus|gene1|sexM	68.5	E=7.3e-09	107
GCA_015502455.1_UCR_MspAM989|w0|t0	GCA_015502455.1_UCR_MspAM989	cand	GCA_015502455.1_UCR_MspAM989|w0	tblastn	REF|4837_nrrl1555_MAT_Minus|gene1|sexM	46.6	E=2.7e-08	74
GCA_015502455.1_UCR_MspAM989|w1|t0	GCA_015502455.1_UCR_MspAM989	cand	GCA_015502455.1_UCR_MspAM989|w1	tblastn	REF|35722_atcc11077_MAT_Minus|gene0|sexM	27.3	E=0.037	45
GCA_015502455.1_UCR_MspAM989|w2|t1	GCA_015502455.1_UCR_MspAM989	cand	GCA_015502455.1_UCR_MspAM989|w2	tblastn	REF|36080_nrrl-3631_MAT_Plus|gene1|sexP	52.8	E=0.023	64
GCA_015502455.1_UCR_MspAM989|w3|t0	GCA_015502455.1_UCR_MspAM989	cand	GCA_015502455.1_UCR_MspAM989|w3	tblastn	REF|29922_cbs109-16_MAT_Minus|gene1|sexM	27.3	E=0.043	35
GCA_015502455.1_UCR_MspAM989|w4|t0	GCA_015502455.1_UCR_MspAM989	cand	GCA_015502455.1_UCR_MspAM989|w4	tblastn	REF|36080_nrrl-3631_MAT_Plus|gene1|sexP	21.2	E=7	45
GCA_015502455.1_UCR_MspAM989|w4|t1	GCA_015502455.1_UCR_MspAM989	cand	GCA_015502455.1_UCR_MspAM989|w4	tblastn	REF|4837_nrrl1555_MAT_Minus|gene1|sexM	22.7	E=1.4	54
GCA_015502455.1_UCR_MspAM989|w4|t5	GCA_015502455.1_UCR_MspAM989	cand	GCA_015502455.1_UCR_MspAM989|w4	tblastn	REF|3231046_uomd23-19_MAT_Plus|gene1|sexP	27.3	E=0.083	39
GCA_015502455.1_UCR_MspAM989|w4|t7	GCA_015502455.1_UCR_MspAM989	cand	GCA_015502455.1_UCR_MspAM989|w4	tblastn	REF|4850_vkm-f-921_MAT_Minus|gene0|sexM	30.4	E=0.005	96
GCA_015502455.1_UCR_MspAM989|w4|t8	GCA_015502455.1_UCR_MspAM989	cand	GCA_015502455.1_UCR_MspAM989|w4	tblastn	REF|64495_cbs110-17_MAT_Minus|gene1|sexM	41.2	E=3.5	41
GCA_015502455.1_UCR_MspAM989|w5|t1	GCA_015502455.1_UCR_MspAM989	cand	GCA_015502455.1_UCR_MspAM989|w5	tblastn	REF|3231046_uomau377_MAT_Minus|gene1|sexM	30.8	E=0.005	41
GCA_015502455.1_UCR_MspAM989|w6|t0	GCA_015502455.1_UCR_MspAM989	cand	GCA_015502455.1_UCR_MspAM989|w6	tblastn	REF|101119_atcc11807_MAT_Plus|gene0|sexP	52.3	E=0.016	57
GCA_015502455.1_UCR_MspAM989|w6|t3	GCA_015502455.1_UCR_MspAM989	cand	GCA_015502455.1_UCR_MspAM989|w6	tblastn	REF|36080_nrrl-3631_MAT_Plus|gene1|sexP	23.1	E=1.9	69
GCA_015502455.1_UCR_MspAM989|w6|t5	GCA_015502455.1_UCR_MspAM989	cand	GCA_015502455.1_UCR_MspAM989|w6	tblastn	REF|4837_ubc21_MAT_Plus|gene1|sexP	21.9	E=3.4	31
GCA_015502465.1_UCR_Msp14UC_1.0|w0|t0	GCA_015502465.1_UCR_Msp14UC_1.0	cand	GCA_015502465.1_UCR_Msp14UC_1.0|w0	tblastn	REF|4837_nrrl1555_MAT_Minus|gene1|sexM	48.5	E=3.3e-09	74
GCA_015502465.1_UCR_Msp14UC_1.0|w1|t0	GCA_015502465.1_UCR_Msp14UC_1.0	cand	GCA_015502465.1_UCR_Msp14UC_1.0|w1	tblastn	REF|101119_atcc11807_MAT_Minus|gene0|sexM	52.3	E=0.002	114
GCA_015502465.1_UCR_Msp14UC_1.0|w2|t0	GCA_015502465.1_UCR_Msp14UC_1.0	cand	GCA_015502465.1_UCR_Msp14UC_1.0|w2	tblastn	REF|4850_vkm-f-921_MAT_Minus|gene0|sexM	50.1	E=0.011	102
GCA_015502465.1_UCR_Msp14UC_1.0|w3|t0	GCA_015502465.1_UCR_Msp14UC_1.0	cand	GCA_015502465.1_UCR_Msp14UC_1.0|w3	tblastn	REF|36080_r7b_MAT_Minus|gene1|sexM	20.0	E=6.9	42
GCA_015502465.1_UCR_Msp14UC_1.0|w3|t1	GCA_015502465.1_UCR_Msp14UC_1.0	cand	GCA_015502465.1_UCR_Msp14UC_1.0|w3	tblastn	REF|35722_atcc11077_MAT_Minus|gene0|sexM	39.2	E=1.7	79
GCA_015502465.1_UCR_Msp14UC_1.0|w4|t0	GCA_015502465.1_UCR_Msp14UC_1.0	cand	GCA_015502465.1_UCR_Msp14UC_1.0|w4	tblastn	REF|36080_r7b_MAT_Minus|gene1|sexM	64.6	E=1.5	84
GCA_015502465.1_UCR_Msp14UC_1.0|w4|t2	GCA_015502465.1_UCR_Msp14UC_1.0	cand	GCA_015502465.1_UCR_Msp14UC_1.0|w4	tblastn	REF|29922_cbs109-16_MAT_Minus|gene1|sexM	29.6	E=0.004	40
GCA_015502475.1_UCR_MspAD031_1.0|w0|t0	GCA_015502475.1_UCR_MspAD031_1.0	cand	GCA_015502475.1_UCR_MspAD031_1.0|w0	tblastn	REF|4837_nrrl1555_MAT_Minus|gene1|sexM	48.1	E=9.2e-09	76
GCA_015502475.1_UCR_MspAD031_1.0|w1|t2	GCA_015502475.1_UCR_MspAD031_1.0	cand	GCA_015502475.1_UCR_MspAD031_1.0|w1	tblastn	REF|86630_cbs357-93_MAT_Minus|gene0|sexM	53.5	E=1e-10	74
GCA_015502475.1_UCR_MspAD031_1.0|w2|t0	GCA_015502475.1_UCR_MspAD031_1.0	cand	GCA_015502475.1_UCR_MspAD031_1.0|w2	tblastn	REF|64495_cbs346-36_MAT_Plus|gene2|sexP	22.7	E=2.7	48
GCA_015502475.1_UCR_MspAD031_1.0|w2|t3	GCA_015502475.1_UCR_MspAD031_1.0	cand	GCA_015502475.1_UCR_MspAD031_1.0|w2	tblastn	REF|36080_r7b_MAT_Minus|gene1|sexM	23.9	E=0.98	85
GCA_015502475.1_UCR_MspAD031_1.0|w2|t4	GCA_015502475.1_UCR_MspAD031_1.0	cand	GCA_015502475.1_UCR_MspAD031_1.0|w2	tblastn	REF|64495_cbs110-17_MAT_Minus|gene1|sexM	42.7	E=4.4e-07	59
GCA_015502475.1_UCR_MspAD031_1.0|w3|t0	GCA_015502475.1_UCR_MspAD031_1.0	cand	GCA_015502475.1_UCR_MspAD031_1.0|w3	tblastn	REF|86630_cbs357-93_MAT_Minus|gene0|sexM	25.0	E=0.23	46
GCA_015502475.1_UCR_MspAD031_1.0|w3|t1	GCA_015502475.1_UCR_MspAD031_1.0	cand	GCA_015502475.1_UCR_MspAD031_1.0|w3	tblastn	REF|36080_r7b_MAT_Minus|gene1|sexM	24.6	E=0.54	50
GCA_015502475.1_UCR_MspAD031_1.0|w3|t2	GCA_015502475.1_UCR_MspAD031_1.0	cand	GCA_015502475.1_UCR_MspAD031_1.0|w3	tblastn	REF|101119_atcc11807_MAT_Minus|gene0|sexM	30.0	E=0.007	73
GCA_015502475.1_UCR_MspAD031_1.0|w4|t2	GCA_015502475.1_UCR_MspAD031_1.0	cand	GCA_015502475.1_UCR_MspAD031_1.0|w4	tblastn	REF|101119_atcc11807_MAT_Minus|gene0|sexM	50.5	E=0.015	59
GCA_015502475.1_UCR_MspAD031_1.0|w5|t0	GCA_015502475.1_UCR_MspAD031_1.0	cand	GCA_015502475.1_UCR_MspAD031_1.0|w5	tblastn	REF|4850_vkm-f-921_MAT_Minus|gene0|sexM	20.4	E=9.8	30
GCA_015502475.1_UCR_MspAD031_1.0|w5|t1	GCA_015502475.1_UCR_MspAD031_1.0	cand	GCA_015502475.1_UCR_MspAD031_1.0|w5	tblastn	REF|3231046_uomd23-19_MAT_Plus|gene1|sexP	29.3	E=0.029	56
GCA_015502475.1_UCR_MspAD031_1.0|w6|t0	GCA_015502475.1_UCR_MspAD031_1.0	cand	GCA_015502475.1_UCR_MspAD031_1.0|w6	tblastn	REF|4837_nrrl1555_MAT_Minus|gene1|sexM	21.6	E=4.2	39
GCA_015502475.1_UCR_MspAD031_1.0|w6|t1	GCA_015502475.1_UCR_MspAD031_1.0	cand	GCA_015502475.1_UCR_MspAD031_1.0|w6	tblastn	REF|4837_nrrl1555_MAT_Minus|gene1|sexM	67.0	E=3.5e-08	104
GCA_015502475.1_UCR_MspAD031_1.0|w7|t0	GCA_015502475.1_UCR_MspAD031_1.0	cand	GCA_015502475.1_UCR_MspAD031_1.0|w7	tblastn	REF|4850_vkm-f-921_MAT_Minus|gene0|sexM	24.3	E=0.59	33
GCA_015502475.1_UCR_MspAD031_1.0|w7|t1	GCA_015502475.1_UCR_MspAD031_1.0	cand	GCA_015502475.1_UCR_MspAD031_1.0|w7	tblastn	REF|4850_vkm-f-921_MAT_Minus|gene0|sexM	43.1	E=2.3	64
GCA_015502475.1_UCR_MspAD031_1.0|w7|t2	GCA_015502475.1_UCR_MspAD031_1.0	cand	GCA_015502475.1_UCR_MspAD031_1.0|w7	tblastn	REF|86630_cbs357-93_MAT_Minus|gene0|sexM	41.6	E=0.46	62
GCA_015502475.1_UCR_MspAD031_1.0|w7|t3	GCA_015502475.1_UCR_MspAD031_1.0	cand	GCA_015502475.1_UCR_MspAD031_1.0|w7	tblastn	REF|36080_nrrl-3631_MAT_Plus|gene1|sexP	22.7	E=2.8	42
GCA_015502475.1_UCR_MspAD031_1.0|w7|t5	GCA_015502475.1_UCR_MspAD031_1.0	cand	GCA_015502475.1_UCR_MspAD031_1.0|w7	tblastn	REF|36080_nrrl-3631_MAT_Plus|gene1|sexP	30.8	E=0.009	53
GCA_015502475.1_UCR_MspAD031_1.0|w8|t0	GCA_015502475.1_UCR_MspAD031_1.0	cand	GCA_015502475.1_UCR_MspAD031_1.0|w8	tblastn	REF|4837_ubc21_MAT_Plus|gene1|sexP	28.5	E=0.04	84
GCA_015502485.1_UCR_MspGBA39_1.0|w0|t0	GCA_015502485.1_UCR_MspGBA39_1.0	cand	GCA_015502485.1_UCR_MspGBA39_1.0|w0	tblastn	REF|3231046_uomau377_MAT_Minus|gene1|sexM	40.0	E=7.6	39
GCA_015502485.1_UCR_MspGBA39_1.0|w0|t1	GCA_015502485.1_UCR_MspGBA39_1.0	cand	GCA_015502485.1_UCR_MspGBA39_1.0|w0	tblastn	REF|4837_nrrl1555_MAT_Minus|gene1|sexM	67.8	E=1.2e-15	83
GCA_015502485.1_UCR_MspGBA39_1.0|w0|t2	GCA_015502485.1_UCR_MspGBA39_1.0	cand	GCA_015502485.1_UCR_MspGBA39_1.0|w0	tblastn	REF|4837_nrrl1555_MAT_Minus|gene1|sexM	19.6	E=8.4	37
GCA_015502485.1_UCR_MspGBA39_1.0|w0|t3	GCA_015502485.1_UCR_MspGBA39_1.0	cand	GCA_015502485.1_UCR_MspGBA39_1.0|w0	tblastn	REF|3231046_uomd23-19_MAT_Plus|gene1|sexP	25.0	E=0.3	92
GCA_015502485.1_UCR_MspGBA39_1.0|w0|t4	GCA_015502485.1_UCR_MspGBA39_1.0	cand	GCA_015502485.1_UCR_MspGBA39_1.0|w0	tblastn	REF|3108396_ai-2023a_MAT_Plus|gene2|sexP	28.5	E=0.029	30
GCA_015502485.1_UCR_MspGBA39_1.0|w2|t0	GCA_015502485.1_UCR_MspGBA39_1.0	cand	GCA_015502485.1_UCR_MspGBA39_1.0|w2	tblastn	REF|101119_atcc11807_MAT_Minus|gene0|sexM	19.6	E=8.6	52
GCA_015502485.1_UCR_MspGBA39_1.0|w2|t1	GCA_015502485.1_UCR_MspGBA39_1.0	cand	GCA_015502485.1_UCR_MspGBA39_1.0|w2	tblastn	REF|4837_ubc21_MAT_Plus|gene1|sexP	51.2	E=1.7e-09	76
GCA_015502485.1_UCR_MspGBA39_1.0|w3|t0	GCA_015502485.1_UCR_MspGBA39_1.0	cand	GCA_015502485.1_UCR_MspGBA39_1.0|w3	tblastn	REF|101119_atcc11807_MAT_Plus|gene0|sexP	29.6	E=0.011	56
GCA_015502485.1_UCR_MspGBA39_1.0|w3|t1	GCA_015502485.1_UCR_MspGBA39_1.0	cand	GCA_015502485.1_UCR_MspGBA39_1.0|w3	tblastn	REF|101119_atcc11807_MAT_Minus|gene0|sexM	45.0	E=0.58	84
GCA_015502485.1_UCR_MspGBA39_1.0|w4|t1	GCA_015502485.1_UCR_MspGBA39_1.0	cand	GCA_015502485.1_UCR_MspGBA39_1.0|w4	tblastn	REF|35722_atcc11077_MAT_Minus|gene0|sexM	45.8	E=0.61	75
GCA_015502485.1_UCR_MspGBA39_1.0|w4|t2	GCA_015502485.1_UCR_MspGBA39_1.0	cand	GCA_015502485.1_UCR_MspGBA39_1.0|w4	tblastn	REF|3108396_ai-2023a_MAT_Plus|gene2|sexP	44.7	E=0.54	99
GCA_015502505.1_UCR_MschNRRL6426_1.0|w0|t0	GCA_015502505.1_UCR_MschNRRL6426_1.0	cand	GCA_015502505.1_UCR_MschNRRL6426_1.0|w0	tblastn	REF|101119_atcc11807_MAT_Plus|gene0|sexP	19.6	E=9.5	35
GCA_015502505.1_UCR_MschNRRL6426_1.0|w0|t1	GCA_015502505.1_UCR_MschNRRL6426_1.0	cand	GCA_015502505.1_UCR_MschNRRL6426_1.0|w0	tblastn	REF|101119_atcc11807_MAT_Minus|gene0|sexM	57.8	E=1.7e-12	75
GCA_015502505.1_UCR_MschNRRL6426_1.0|w0|t2	GCA_015502505.1_UCR_MschNRRL6426_1.0	cand	GCA_015502505.1_UCR_MschNRRL6426_1.0|w0	tblastn	REF|101119_atcc11807_MAT_Plus|gene0|sexP	41.6	E=4	87
GCA_015502505.1_UCR_MschNRRL6426_1.0|w0|t3	GCA_015502505.1_UCR_MschNRRL6426_1.0	cand	GCA_015502505.1_UCR_MschNRRL6426_1.0|w0	tblastn	REF|4837_ubc21_MAT_Plus|gene1|sexP	30.0	E=0.008	45
GCA_015502505.1_UCR_MschNRRL6426_1.0|w1|t1	GCA_015502505.1_UCR_MschNRRL6426_1.0	cand	GCA_015502505.1_UCR_MschNRRL6426_1.0|w1	tblastn	REF|3108396_ai-2023a_MAT_Plus|gene2|sexP	78.9	E=8.6e-05	151
GCA_015502505.1_UCR_MschNRRL6426_1.0|w3|t0	GCA_015502505.1_UCR_MschNRRL6426_1.0	cand	GCA_015502505.1_UCR_MschNRRL6426_1.0|w3	tblastn	REF|4837_nrrl1555_MAT_Minus|gene1|sexM	47.4	E=7.6e-09	74
GCA_015502505.1_UCR_MschNRRL6426_1.0|w4|t0	GCA_015502505.1_UCR_MschNRRL6426_1.0	cand	GCA_015502505.1_UCR_MschNRRL6426_1.0|w4	tblastn	REF|29922_cbs109-16_MAT_Minus|gene1|sexM	41.1	E=1.4	35
GCA_015502505.1_UCR_MschNRRL6426_1.0|w4|t1	GCA_015502505.1_UCR_MschNRRL6426_1.0	cand	GCA_015502505.1_UCR_MschNRRL6426_1.0|w4	tblastn	REF|101119_atcc11807_MAT_Minus|gene0|sexM	20.0	E=4.3	76
GCA_015502505.1_UCR_MschNRRL6426_1.0|w4|t2	GCA_015502505.1_UCR_MschNRRL6426_1.0	cand	GCA_015502505.1_UCR_MschNRRL6426_1.0|w4	tblastn	REF|4837_nrrl1555_MAT_Minus|gene1|sexM	61.2	E=0.87	64
GCA_015502565.1_UCR_MambBC1291|h1|m0	GCA_015502565.1_UCR_MambBC1291	nonlocus	GCA_015502565.1_UCR_MambBC1291|h1	miniprot	REF|86630_cbs357-93_MAT_Minus|gene0|sexM	145	0.427	77
GCA_015502565.1_UCR_MambBC1291|w0|t0	GCA_015502565.1_UCR_MambBC1291	cand	GCA_015502565.1_UCR_MambBC1291|w0	tblastn	REF|101119_atcc11807_MAT_Plus|gene0|sexP	52.0	E=4.1e-10	109
GCA_015502565.1_UCR_MambBC1291|w1|t0	GCA_015502565.1_UCR_MambBC1291	cand	GCA_015502565.1_UCR_MambBC1291|w1	tblastn	REF|36080_nrrl-3631_MAT_Plus|gene1|sexP	82.0	E=3.2	116
GCA_015502565.1_UCR_MambBC1291|w2|t1	GCA_015502565.1_UCR_MambBC1291	cand	GCA_015502565.1_UCR_MambBC1291|w2	tblastn	REF|86630_cbs357-93_MAT_Minus|gene0|sexM	27.3	E=0.017	58
GCA_015502565.1_UCR_MambBC1291|w2|t2	GCA_015502565.1_UCR_MambBC1291	cand	GCA_015502565.1_UCR_MambBC1291|w2	tblastn	REF|3108396_ai-2023a_MAT_Plus|gene2|sexP	45.5	E=0.28	89
GCA_015502565.1_UCR_MambBC1291|w3|t0	GCA_015502565.1_UCR_MambBC1291	cand	GCA_015502565.1_UCR_MambBC1291|w3	tblastn	REF|4850_vkm-f-921_MAT_Minus|gene0|sexM	22.3	E=0.83	72
GCA_015502565.1_UCR_MambBC1291|w3|t1	GCA_015502565.1_UCR_MambBC1291	cand	GCA_015502565.1_UCR_MambBC1291|w3	tblastn	REF|4850_vkm-f-921_MAT_Minus|gene0|sexM	52.7	E=0.00018	90
GCA_015502565.1_UCR_MambBC1291|h4|t0	GCA_015502565.1_UCR_MambBC1291	nonlocus	GCA_015502565.1_UCR_MambBC1291|h4	tblastn	REF|4837_nrrl1555_MAT_Minus|gene1|sexM	88.2	E=4.8e-16	100
GCA_015502565.1_UCR_MambBC1291|h2|t0	GCA_015502565.1_UCR_MambBC1291	nonlocus	GCA_015502565.1_UCR_MambBC1291|h2	tblastn	REF|3231046_uomau377_MAT_Minus|gene1|sexM	73.1	E=6.2e-10	153
GCA_015502575.1_UCR_MspAD010_1.0|w0|t1	GCA_015502575.1_UCR_MspAD010_1.0	cand	GCA_015502575.1_UCR_MspAD010_1.0|w0	tblastn	REF|64495_cbs110-17_MAT_Minus|gene1|sexM	100.9	E=1.9e-20	113
GCA_015502575.1_UCR_MspAD010_1.0|w1|t0	GCA_015502575.1_UCR_MspAD010_1.0	cand	GCA_015502575.1_UCR_MspAD010_1.0|w1	tblastn	REF|4837_nrrl1555_MAT_Minus|gene1|sexM	48.9	E=2.3e-09	74
GCA_015502575.1_UCR_MspAD010_1.0|w2|t0	GCA_015502575.1_UCR_MspAD010_1.0	cand	GCA_015502575.1_UCR_MspAD010_1.0|w2	tblastn	REF|29922_cbs109-16_MAT_Minus|gene1|sexM	61.2	E=8.3e-07	70
GCA_015502575.1_UCR_MspAD010_1.0|w3|t0	GCA_015502575.1_UCR_MspAD010_1.0	cand	GCA_015502575.1_UCR_MspAD010_1.0|w3	tblastn	REF|101119_atcc11807_MAT_Plus|gene0|sexP	48.1	E=0.008	109
GCA_015502575.1_UCR_MspAD010_1.0|w3|t1	GCA_015502575.1_UCR_MspAD010_1.0	cand	GCA_015502575.1_UCR_MspAD010_1.0|w3	tblastn	REF|3231046_uomau377_MAT_Minus|gene1|sexM	21.2	E=3.3	66
GCA_015502575.1_UCR_MspAD010_1.0|w4|t0	GCA_015502575.1_UCR_MspAD010_1.0	cand	GCA_015502575.1_UCR_MspAD010_1.0|w4	tblastn	REF|3231046_uomau377_MAT_Minus|gene1|sexM	40.4	E=4.3	41
GCA_015502575.1_UCR_MspAD010_1.0|w4|t2	GCA_015502575.1_UCR_MspAD010_1.0	cand	GCA_015502575.1_UCR_MspAD010_1.0|w4	tblastn	REF|36080_nrrl-3631_MAT_Plus|gene1|sexP	23.1	E=1.2	36
GCA_015502575.1_UCR_MspAD010_1.0|w4|t5	GCA_015502575.1_UCR_MspAD010_1.0	cand	GCA_015502575.1_UCR_MspAD010_1.0|w4	tblastn	REF|29922_cbs109-16_MAT_Minus|gene1|sexM	29.6	E=0.005	39
GCA_015502575.1_UCR_MspAD010_1.0|w4|t6	GCA_015502575.1_UCR_MspAD010_1.0	cand	GCA_015502575.1_UCR_MspAD010_1.0|w4	tblastn	REF|101119_atcc11807_MAT_Plus|gene0|sexP	21.6	E=2.6	30
GCA_015502575.1_UCR_MspAD010_1.0|w5|t0	GCA_015502575.1_UCR_MspAD010_1.0	cand	GCA_015502575.1_UCR_MspAD010_1.0|w5	tblastn	REF|4837_ubc21_MAT_Plus|gene1|sexP	28.5	E=0.022	42
GCA_015502575.1_UCR_MspAD010_1.0|w5|t1	GCA_015502575.1_UCR_MspAD010_1.0	cand	GCA_015502575.1_UCR_MspAD010_1.0|w5	tblastn	REF|4837_nrrl1555_MAT_Minus|gene1|sexM	71.6	E=0.002	111
GCA_015529505.1_UCR_HspNRRLA10739_1.0|w0|t0	GCA_015529505.1_UCR_HspNRRLA10739_1.0	cand	GCA_015529505.1_UCR_HspNRRLA10739_1.0|w0	tblastn	REF|4837_nrrl1555_MAT_Minus|gene1|sexM	42.8	E=4.4	54
GCA_015529505.1_UCR_HspNRRLA10739_1.0|w0|t1	GCA_015529505.1_UCR_HspNRRLA10739_1.0	cand	GCA_015529505.1_UCR_HspNRRLA10739_1.0|w0	tblastn	REF|36080_r7b_MAT_Minus|gene1|sexM	21.6	E=5.6	46
GCA_015529505.1_UCR_HspNRRLA10739_1.0|w0|t2	GCA_015529505.1_UCR_HspNRRLA10739_1.0	cand	GCA_015529505.1_UCR_HspNRRLA10739_1.0|w0	tblastn	REF|35722_atcc11077_MAT_Minus|gene0|sexM	42.7	E=3.4	41
GCA_015529505.1_UCR_HspNRRLA10739_1.0|w0|t4	GCA_015529505.1_UCR_HspNRRLA10739_1.0	cand	GCA_015529505.1_UCR_HspNRRLA10739_1.0|w0	tblastn	REF|101119_atcc11807_MAT_Plus|gene0|sexP	28.5	E=0.052	122
GCA_015529505.1_UCR_HspNRRLA10739_1.0|w0|t5	GCA_015529505.1_UCR_HspNRRLA10739_1.0	cand	GCA_015529505.1_UCR_HspNRRLA10739_1.0|w0	tblastn	REF|3231046_uomau377_MAT_Minus|gene1|sexM	29.6	E=0.015	66
GCA_015529505.1_UCR_HspNRRLA10739_1.0|w0|t6	GCA_015529505.1_UCR_HspNRRLA10739_1.0	cand	GCA_015529505.1_UCR_HspNRRLA10739_1.0|w0	tblastn	REF|64495_cbs346-36_MAT_Plus|gene2|sexP	24.3	E=1.2	64
GCA_015529505.1_UCR_HspNRRLA10739_1.0|w0|t7	GCA_015529505.1_UCR_HspNRRLA10739_1.0	cand	GCA_015529505.1_UCR_HspNRRLA10739_1.0|w0	tblastn	REF|101119_atcc11807_MAT_Plus|gene0|sexP	23.1	E=2.3	31
GCA_015529505.1_UCR_HspNRRLA10739_1.0|w0|t8	GCA_015529505.1_UCR_HspNRRLA10739_1.0	cand	GCA_015529505.1_UCR_HspNRRLA10739_1.0|w0	tblastn	REF|64495_cbs346-36_MAT_Plus|gene2|sexP	21.9	E=5.8	33
GCA_015529505.1_UCR_HspNRRLA10739_1.0|w0|t13	GCA_015529505.1_UCR_HspNRRLA10739_1.0	cand	GCA_015529505.1_UCR_HspNRRLA10739_1.0|w0	tblastn	REF|3231046_uomd23-19_MAT_Plus|gene1|sexP	21.6	E=7.4	37
GCA_015529505.1_UCR_HspNRRLA10739_1.0|w0|t14	GCA_015529505.1_UCR_HspNRRLA10739_1.0	cand	GCA_015529505.1_UCR_HspNRRLA10739_1.0|w0	tblastn	REF|35722_atcc11077_MAT_Minus|gene0|sexM	42.4	E=4.5	43
GCA_015529505.1_UCR_HspNRRLA10739_1.0|w1|t1	GCA_015529505.1_UCR_HspNRRLA10739_1.0	cand	GCA_015529505.1_UCR_HspNRRLA10739_1.0|w1	tblastn	REF|29922_cbs109-16_MAT_Minus|gene1|sexM	23.9	E=0.89	82
GCA_015529505.1_UCR_HspNRRLA10739_1.0|w1|t2	GCA_015529505.1_UCR_HspNRRLA10739_1.0	cand	GCA_015529505.1_UCR_HspNRRLA10739_1.0|w1	tblastn	REF|3231046_uomau377_MAT_Minus|gene1|sexM	42.4	E=4.9	37
GCA_015529505.1_UCR_HspNRRLA10739_1.0|w1|t3	GCA_015529505.1_UCR_HspNRRLA10739_1.0	cand	GCA_015529505.1_UCR_HspNRRLA10739_1.0|w1	tblastn	REF|64495_cbs346-36_MAT_Plus|gene2|sexP	21.9	E=5.8	39
GCA_015529505.1_UCR_HspNRRLA10739_1.0|w1|t4	GCA_015529505.1_UCR_HspNRRLA10739_1.0	cand	GCA_015529505.1_UCR_HspNRRLA10739_1.0|w1	tblastn	REF|64495_cbs110-17_MAT_Minus|gene1|sexM	23.1	E=1.3	31
GCA_015529505.1_UCR_HspNRRLA10739_1.0|w2|t1	GCA_015529505.1_UCR_HspNRRLA10739_1.0	cand	GCA_015529505.1_UCR_HspNRRLA10739_1.0|w2	tblastn	REF|4837_ubc21_MAT_Plus|gene1|sexP	24.6	E=0.69	32
GCA_015529505.1_UCR_HspNRRLA10739_1.0|w2|t2	GCA_015529505.1_UCR_HspNRRLA10739_1.0	cand	GCA_015529505.1_UCR_HspNRRLA10739_1.0|w2	tblastn	REF|29922_cbs109-16_MAT_Minus|gene1|sexM	28.1	E=0.041	32
GCA_015529505.1_UCR_HspNRRLA10739_1.0|w2|t3	GCA_015529505.1_UCR_HspNRRLA10739_1.0	cand	GCA_015529505.1_UCR_HspNRRLA10739_1.0|w2	tblastn	REF|101119_atcc11807_MAT_Minus|gene0|sexM	22.7	E=1.6	38
GCA_015529505.1_UCR_HspNRRLA10739_1.0|w2|t4	GCA_015529505.1_UCR_HspNRRLA10739_1.0	cand	GCA_015529505.1_UCR_HspNRRLA10739_1.0|w2	tblastn	REF|4850_vkm-f-921_MAT_Minus|gene0|sexM	25.4	E=0.25	34
GCA_015529505.1_UCR_HspNRRLA10739_1.0|w2|t5	GCA_015529505.1_UCR_HspNRRLA10739_1.0	cand	GCA_015529505.1_UCR_HspNRRLA10739_1.0|w2	tblastn	REF|3231046_uomau377_MAT_Minus|gene1|sexM	21.2	E=6	62
GCA_015529505.1_UCR_HspNRRLA10739_1.0|w2|t6	GCA_015529505.1_UCR_HspNRRLA10739_1.0	cand	GCA_015529505.1_UCR_HspNRRLA10739_1.0|w2	tblastn	REF|3108396_ai-2023a_MAT_Plus|gene2|sexP	21.9	E=6	61
GCA_015529505.1_UCR_HspNRRLA10739_1.0|w2|t7	GCA_015529505.1_UCR_HspNRRLA10739_1.0	cand	GCA_015529505.1_UCR_HspNRRLA10739_1.0|w2	tblastn	REF|3231046_uomd23-19_MAT_Plus|gene1|sexP	30.4	E=0.013	40
GCA_015529515.1_UCR_MspNRRLA10996_1.0|w0|t1	GCA_015529515.1_UCR_MspNRRLA10996_1.0	cand	GCA_015529515.1_UCR_MspNRRLA10996_1.0|w0	tblastn	REF|3231046_uomd23-19_MAT_Plus|gene1|sexP	30.4	E=0.006	40
GCA_015529515.1_UCR_MspNRRLA10996_1.0|w0|t3	GCA_015529515.1_UCR_MspNRRLA10996_1.0	cand	GCA_015529515.1_UCR_MspNRRLA10996_1.0|w0	tblastn	REF|4837_nrrl1555_MAT_Minus|gene1|sexM	34.2	E=9.6	92
GCA_015529515.1_UCR_MspNRRLA10996_1.0|w0|t4	GCA_015529515.1_UCR_MspNRRLA10996_1.0	cand	GCA_015529515.1_UCR_MspNRRLA10996_1.0|w0	tblastn	REF|3231046_uomau377_MAT_Minus|gene1|sexM	21.2	E=3.1	62
GCA_015529515.1_UCR_MspNRRLA10996_1.0|w0|t5	GCA_015529515.1_UCR_MspNRRLA10996_1.0	cand	GCA_015529515.1_UCR_MspNRRLA10996_1.0|w0	tblastn	REF|36080_nrrl-3631_MAT_Plus|gene1|sexP	42.8	E=3	69
GCA_015529515.1_UCR_MspNRRLA10996_1.0|w0|t6	GCA_015529515.1_UCR_MspNRRLA10996_1.0	cand	GCA_015529515.1_UCR_MspNRRLA10996_1.0|w0	tblastn	REF|29922_cbs109-16_MAT_Minus|gene1|sexM	48.1	E=0.018	54
GCA_015529515.1_UCR_MspNRRLA10996_1.0|w0|t7	GCA_015529515.1_UCR_MspNRRLA10996_1.0	cand	GCA_015529515.1_UCR_MspNRRLA10996_1.0|w0	tblastn	REF|86630_cbs357-93_MAT_Minus|gene0|sexM	23.1	E=0.57	46
GCA_015529515.1_UCR_MspNRRLA10996_1.0|w1|t0	GCA_015529515.1_UCR_MspNRRLA10996_1.0	cand	GCA_015529515.1_UCR_MspNRRLA10996_1.0|w1	tblastn	REF|29922_cbs109-16_MAT_Minus|gene1|sexM	23.9	E=0.39	82
GCA_015529515.1_UCR_MspNRRLA10996_1.0|w1|t1	GCA_015529515.1_UCR_MspNRRLA10996_1.0	cand	GCA_015529515.1_UCR_MspNRRLA10996_1.0|w1	tblastn	REF|101119_atcc11807_MAT_Minus|gene0|sexM	60.4	E=1.5	68
GCA_015529785.1_UCR_MvertNRRL2611_1.0|w0|t0	GCA_015529785.1_UCR_MvertNRRL2611_1.0	cand	GCA_015529785.1_UCR_MvertNRRL2611_1.0|w0	tblastn	REF|4837_ubc21_MAT_Plus|gene1|sexP	47.4	E=3.1e-08	48
GCA_015529785.1_UCR_MvertNRRL2611_1.0|w1|t0	GCA_015529785.1_UCR_MvertNRRL2611_1.0	cand	GCA_015529785.1_UCR_MvertNRRL2611_1.0|w1	tblastn	REF|3231046_uomd23-19_MAT_Plus|gene1|sexP	41.2	E=6.4	123
GCA_015529785.1_UCR_MvertNRRL2611_1.0|w1|t2	GCA_015529785.1_UCR_MvertNRRL2611_1.0	cand	GCA_015529785.1_UCR_MvertNRRL2611_1.0|w1	tblastn	REF|36080_nrrl-3631_MAT_Plus|gene1|sexP	48.9	E=0.029	116
GCA_015529785.1_UCR_MvertNRRL2611_1.0|w2|t0	GCA_015529785.1_UCR_MvertNRRL2611_1.0	cand	GCA_015529785.1_UCR_MvertNRRL2611_1.0|w2	tblastn	REF|36080_nrrl-3631_MAT_Plus|gene1|sexP	43.9	E=3.9e-07	51
GCA_015529785.1_UCR_MvertNRRL2611_1.0|w3|t0	GCA_015529785.1_UCR_MvertNRRL2611_1.0	cand	GCA_015529785.1_UCR_MvertNRRL2611_1.0|w3	tblastn	REF|101119_atcc11807_MAT_Minus|gene0|sexM	42.7	E=0.9	45
GCA_015529785.1_UCR_MvertNRRL2611_1.0|w3|t1	GCA_015529785.1_UCR_MvertNRRL2611_1.0	cand	GCA_015529785.1_UCR_MvertNRRL2611_1.0|w3	tblastn	REF|3108396_ai-2023a_MAT_Plus|gene2|sexP	23.9	E=0.82	76
GCA_015529785.1_UCR_MvertNRRL2611_1.0|w4|t0	GCA_015529785.1_UCR_MvertNRRL2611_1.0	cand	GCA_015529785.1_UCR_MvertNRRL2611_1.0|w4	tblastn	REF|3108396_ai-2023a_MAT_Plus|gene2|sexP	51.2	E=0.019	126
GCA_015529785.1_UCR_MvertNRRL2611_1.0|w4|t1	GCA_015529785.1_UCR_MvertNRRL2611_1.0	cand	GCA_015529785.1_UCR_MvertNRRL2611_1.0|w4	tblastn	REF|36080_nrrl-3631_MAT_Plus|gene1|sexP	44.2	E=2.2	75
GCA_015529785.1_UCR_MvertNRRL2611_1.0|w5|t0	GCA_015529785.1_UCR_MvertNRRL2611_1.0	cand	GCA_015529785.1_UCR_MvertNRRL2611_1.0|w5	tblastn	REF|3231046_uomd23-19_MAT_Plus|gene1|sexP	50.8	E=0.012	90
GCA_015529795.1_UCR_MspNRRL3175_1.0|w0|t0	GCA_015529795.1_UCR_MspNRRL3175_1.0	cand	GCA_015529795.1_UCR_MspNRRL3175_1.0|w0	tblastn	REF|4837_nrrl1555_MAT_Minus|gene1|sexM	39.3	E=4.6e-06	69
GCA_015529795.1_UCR_MspNRRL3175_1.0|w1|t1	GCA_015529795.1_UCR_MspNRRL3175_1.0	cand	GCA_015529795.1_UCR_MspNRRL3175_1.0|w1	tblastn	REF|29922_cbs109-16_MAT_Minus|gene1|sexM	26.6	E=0.056	54
GCA_015529795.1_UCR_MspNRRL3175_1.0|w1|t2	GCA_015529795.1_UCR_MspNRRL3175_1.0	cand	GCA_015529795.1_UCR_MspNRRL3175_1.0|w1	tblastn	REF|36080_r7b_MAT_Minus|gene1|sexM	22.3	E=1.9	49
GCA_015529795.1_UCR_MspNRRL3175_1.0|w2|t1	GCA_015529795.1_UCR_MspNRRL3175_1.0	cand	GCA_015529795.1_UCR_MspNRRL3175_1.0|w2	tblastn	REF|36080_r7b_MAT_Minus|gene1|sexM	63.8	E=0.32	147
GCA_015529795.1_UCR_MspNRRL3175_1.0|w2|t2	GCA_015529795.1_UCR_MspNRRL3175_1.0	cand	GCA_015529795.1_UCR_MspNRRL3175_1.0|w2	tblastn	REF|101119_atcc11807_MAT_Plus|gene0|sexP	22.7	E=1.4	35
GCA_015529795.1_UCR_MspNRRL3175_1.0|w3|t0	GCA_015529795.1_UCR_MspNRRL3175_1.0	cand	GCA_015529795.1_UCR_MspNRRL3175_1.0|w3	tblastn	REF|4837_ubc21_MAT_Plus|gene1|sexP	23.9	E=0.024	37
GCA_015529795.1_UCR_MspNRRL3175_1.0|w4|t0	GCA_015529795.1_UCR_MspNRRL3175_1.0	cand	GCA_015529795.1_UCR_MspNRRL3175_1.0|w4	tblastn	REF|64495_cbs110-17_MAT_Minus|gene1|sexM	27.3	E=0.029	94
GCA_015529795.1_UCR_MspNRRL3175_1.0|w4|t2	GCA_015529795.1_UCR_MspNRRL3175_1.0	cand	GCA_015529795.1_UCR_MspNRRL3175_1.0|w4	tblastn	REF|86630_cbs357-93_MAT_Minus|gene0|sexM	22.7	E=0.93	31
GCA_015529795.1_UCR_MspNRRL3175_1.0|w4|t3	GCA_015529795.1_UCR_MspNRRL3175_1.0	cand	GCA_015529795.1_UCR_MspNRRL3175_1.0|w4	tblastn	REF|3231046_uomd23-19_MAT_Plus|gene1|sexP	30.4	E=0.007	42
GCA_015529795.1_UCR_MspNRRL3175_1.0|w5|t1	GCA_015529795.1_UCR_MspNRRL3175_1.0	cand	GCA_015529795.1_UCR_MspNRRL3175_1.0|w5	tblastn	REF|64495_cbs110-17_MAT_Minus|gene1|sexM	28.9	E=0.008	40
GCA_015529795.1_UCR_MspNRRL3175_1.0|h1|t0	GCA_015529795.1_UCR_MspNRRL3175_1.0	nonlocus	GCA_015529795.1_UCR_MspNRRL3175_1.0|h1	tblastn	REF|4850_vkm-f-921_MAT_Minus|gene0|sexM	74.0	E=1.5e-10	102
GCA_015529795.1_UCR_MspNRRL3175_1.0|h2|t0	GCA_015529795.1_UCR_MspNRRL3175_1.0	nonlocus	GCA_015529795.1_UCR_MspNRRL3175_1.0|h2	tblastn	REF|64495_cbs110-17_MAT_Minus|gene1|sexM	63.2	E=2.8e-14	75
GCA_015529795.1_UCR_MspNRRL3175_1.0|h3|t0	GCA_015529795.1_UCR_MspNRRL3175_1.0	nonlocus	GCA_015529795.1_UCR_MspNRRL3175_1.0|h3	tblastn	REF|29922_cbs109-16_MAT_Minus|gene1|sexM	57.0	E=6.1e-12	89
GCA_015679405.1_UCR_MspKOD1030_1.0|w0|t0	GCA_015679405.1_UCR_MspKOD1030_1.0	cand	GCA_015679405.1_UCR_MspKOD1030_1.0|w0	tblastn	REF|4837_ubc21_MAT_Plus|gene1|sexP	48.9	E=7.9e-09	45
GCA_015679405.1_UCR_MspKOD1030_1.0|w0|t1	GCA_015679405.1_UCR_MspKOD1030_1.0	cand	GCA_015679405.1_UCR_MspKOD1030_1.0|w0	tblastn	REF|86630_cbs357-93_MAT_Minus|gene0|sexM	22.7	E=0.72	107
GCA_015679405.1_UCR_MspKOD1030_1.0|w1|t0	GCA_015679405.1_UCR_MspKOD1030_1.0	cand	GCA_015679405.1_UCR_MspKOD1030_1.0|w1	tblastn	REF|4837_ubc21_MAT_Plus|gene1|sexP	64.7	E=1.9e-07	75
GCA_015679405.1_UCR_MspKOD1030_1.0|w2|t0	GCA_015679405.1_UCR_MspKOD1030_1.0	cand	GCA_015679405.1_UCR_MspKOD1030_1.0|w2	tblastn	REF|29922_cbs109-16_MAT_Minus|gene1|sexM	22.7	E=0.93	38
GCA_015679405.1_UCR_MspKOD1030_1.0|w3|t0	GCA_015679405.1_UCR_MspKOD1030_1.0	cand	GCA_015679405.1_UCR_MspKOD1030_1.0|w3	tblastn	REF|4850_vkm-f-921_MAT_Minus|gene0|sexM	29.3	E=0.006	118
GCA_015679405.1_UCR_MspKOD1030_1.0|w4|t0	GCA_015679405.1_UCR_MspKOD1030_1.0	cand	GCA_015679405.1_UCR_MspKOD1030_1.0|w4	tblastn	REF|64495_cbs110-17_MAT_Minus|gene1|sexM	47.4	E=0.25	47
GCA_015679405.1_UCR_MspKOD1030_1.0|w4|t1	GCA_015679405.1_UCR_MspKOD1030_1.0	cand	GCA_015679405.1_UCR_MspKOD1030_1.0|w4	tblastn	REF|3108396_ai-2023a_MAT_Plus|gene2|sexP	29.3	E=0.012	58
GCA_015679405.1_UCR_MspKOD1030_1.0|w4|t2	GCA_015679405.1_UCR_MspKOD1030_1.0	cand	GCA_015679405.1_UCR_MspKOD1030_1.0|w4	tblastn	REF|3231046_uomd23-19_MAT_Plus|gene1|sexP	22.7	E=1.5	47
GCA_015679405.1_UCR_MspKOD1030_1.0|w5|t0	GCA_015679405.1_UCR_MspKOD1030_1.0	cand	GCA_015679405.1_UCR_MspKOD1030_1.0|w5	tblastn	REF|4837_ubc21_MAT_Plus|gene1|sexP	40.0	E=7.8	79
GCA_015679405.1_UCR_MspKOD1030_1.0|w6|t0	GCA_015679405.1_UCR_MspKOD1030_1.0	cand	GCA_015679405.1_UCR_MspKOD1030_1.0|w6	tblastn	REF|101119_atcc11807_MAT_Plus|gene0|sexP	41.6	E=4.4	52
GCA_015679405.1_UCR_MspKOD1030_1.0|w6|t1	GCA_015679405.1_UCR_MspKOD1030_1.0	cand	GCA_015679405.1_UCR_MspKOD1030_1.0|w6	tblastn	REF|64495_cbs346-36_MAT_Plus|gene2|sexP	22.3	E=1.8	56
GCA_015679405.1_UCR_MspKOD1030_1.0|w6|t2	GCA_015679405.1_UCR_MspKOD1030_1.0	cand	GCA_015679405.1_UCR_MspKOD1030_1.0|w6	tblastn	REF|4837_nrrl1555_MAT_Minus|gene1|sexM	27.7	E=0.024	54
GCA_015679415.1_UCR_MalpAD072_1.0|w0|t0	GCA_015679415.1_UCR_MalpAD072_1.0	cand	GCA_015679415.1_UCR_MalpAD072_1.0|w0	tblastn	REF|4837_nrrl1555_MAT_Minus|gene1|sexM	40.4	E=5.2	52
GCA_015679415.1_UCR_MalpAD072_1.0|w0|t1	GCA_015679415.1_UCR_MalpAD072_1.0	cand	GCA_015679415.1_UCR_MalpAD072_1.0|w0	tblastn	REF|4850_vkm-f-921_MAT_Minus|gene0|sexM	49.7	E=1.6e-09	65
GCA_015679415.1_UCR_MalpAD072_1.0|w1|t1	GCA_015679415.1_UCR_MalpAD072_1.0	cand	GCA_015679415.1_UCR_MalpAD072_1.0|w1	tblastn	REF|4837_ubc21_MAT_Plus|gene1|sexP	51.6	E=1.1e-09	76
GCA_015679415.1_UCR_MalpAD072_1.0|w2|t0	GCA_015679415.1_UCR_MalpAD072_1.0	cand	GCA_015679415.1_UCR_MalpAD072_1.0|w2	tblastn	REF|4837_ubc21_MAT_Plus|gene1|sexP	21.6	E=4.1	48
GCA_015679415.1_UCR_MalpAD072_1.0|w2|t2	GCA_015679415.1_UCR_MalpAD072_1.0	cand	GCA_015679415.1_UCR_MalpAD072_1.0|w2	tblastn	REF|3231046_uomd23-19_MAT_Plus|gene1|sexP	24.3	E=0.49	50
GCA_015679415.1_UCR_MalpAD072_1.0|w2|t5	GCA_015679415.1_UCR_MalpAD072_1.0	cand	GCA_015679415.1_UCR_MalpAD072_1.0|w2	tblastn	REF|29922_cbs109-16_MAT_Minus|gene1|sexM	42.0	E=6.8e-07	78
GCA_015679415.1_UCR_MalpAD072_1.0|w3|t2	GCA_015679415.1_UCR_MalpAD072_1.0	cand	GCA_015679415.1_UCR_MalpAD072_1.0|w3	tblastn	REF|64495_cbs110-17_MAT_Minus|gene1|sexM	38.8	E=7.6	58
GCA_015679415.1_UCR_MalpAD072_1.0|w3|t3	GCA_015679415.1_UCR_MalpAD072_1.0	cand	GCA_015679415.1_UCR_MalpAD072_1.0|w3	tblastn	REF|4837_nrrl1555_MAT_Minus|gene1|sexM	43.1	E=0.77	56
GCA_015679415.1_UCR_MalpAD072_1.0|w3|t4	GCA_015679415.1_UCR_MalpAD072_1.0	cand	GCA_015679415.1_UCR_MalpAD072_1.0|w3	tblastn	REF|64495_cbs346-36_MAT_Plus|gene2|sexP	45.8	E=0.7	51
GCA_015679415.1_UCR_MalpAD072_1.0|w3|t5	GCA_015679415.1_UCR_MalpAD072_1.0	cand	GCA_015679415.1_UCR_MalpAD072_1.0|w3	tblastn	REF|36080_nrrl-3631_MAT_Plus|gene1|sexP	21.9	E=3.3	51
GCA_015679415.1_UCR_MalpAD072_1.0|w3|t6	GCA_015679415.1_UCR_MalpAD072_1.0	cand	GCA_015679415.1_UCR_MalpAD072_1.0|w3	tblastn	REF|3108396_ai-2023a_MAT_Plus|gene2|sexP	28.1	E=0.033	30
GCA_015679415.1_UCR_MalpAD072_1.0|w4|t0	GCA_015679415.1_UCR_MalpAD072_1.0	cand	GCA_015679415.1_UCR_MalpAD072_1.0|w4	tblastn	REF|64495_cbs110-17_MAT_Minus|gene1|sexM	46.9	E=0.037	103
GCA_015679425.1_UCR_MelonGBA34_1.0|w0|t0	GCA_015679425.1_UCR_MelonGBA34_1.0	cand	GCA_015679425.1_UCR_MelonGBA34_1.0|w0	tblastn	REF|29922_cbs109-16_MAT_Minus|gene1|sexM	70.4	E=1.1e-09	78
GCA_015679425.1_UCR_MelonGBA34_1.0|w0|t1	GCA_015679425.1_UCR_MelonGBA34_1.0	cand	GCA_015679425.1_UCR_MelonGBA34_1.0|w0	tblastn	REF|86630_cbs357-93_MAT_Minus|gene0|sexM	24.6	E=0.19	42
GCA_015679425.1_UCR_MelonGBA34_1.0|w0|t3	GCA_015679425.1_UCR_MelonGBA34_1.0	cand	GCA_015679425.1_UCR_MelonGBA34_1.0|w0	tblastn	REF|64495_cbs110-17_MAT_Minus|gene1|sexM	20.0	E=7.4	31
GCA_015679425.1_UCR_MelonGBA34_1.0|w0|t4	GCA_015679425.1_UCR_MelonGBA34_1.0	cand	GCA_015679425.1_UCR_MelonGBA34_1.0|w0	tblastn	REF|64495_cbs110-17_MAT_Minus|gene1|sexM	20.0	E=7.2	63
GCA_015679425.1_UCR_MelonGBA34_1.0|w0|t5	GCA_015679425.1_UCR_MelonGBA34_1.0	cand	GCA_015679425.1_UCR_MelonGBA34_1.0|w0	tblastn	REF|3108396_ai-2023a_MAT_Plus|gene2|sexP	20.4	E=8.9	48
GCA_015679425.1_UCR_MelonGBA34_1.0|w0|t6	GCA_015679425.1_UCR_MelonGBA34_1.0	cand	GCA_015679425.1_UCR_MelonGBA34_1.0|w0	tblastn	REF|29922_cbs109-16_MAT_Minus|gene1|sexM	43.5	E=2.2	69
GCA_015679425.1_UCR_MelonGBA34_1.0|w0|t7	GCA_015679425.1_UCR_MelonGBA34_1.0	cand	GCA_015679425.1_UCR_MelonGBA34_1.0|w0	tblastn	REF|101119_atcc11807_MAT_Plus|gene0|sexP	21.6	E=3.7	37
GCA_015679425.1_UCR_MelonGBA34_1.0|w1|t0	GCA_015679425.1_UCR_MelonGBA34_1.0	cand	GCA_015679425.1_UCR_MelonGBA34_1.0|w1	tblastn	REF|36080_nrrl-3631_MAT_Plus|gene1|sexP	45.1	E=2.2e-07	89
GCA_015679425.1_UCR_MelonGBA34_1.0|w2|t0	GCA_015679425.1_UCR_MelonGBA34_1.0	cand	GCA_015679425.1_UCR_MelonGBA34_1.0|w2	tblastn	REF|3108396_ai-2023a_MAT_Plus|gene2|sexP	42.4	E=5.5	44
GCA_015679425.1_UCR_MelonGBA34_1.0|w2|t1	GCA_015679425.1_UCR_MelonGBA34_1.0	cand	GCA_015679425.1_UCR_MelonGBA34_1.0|w2	tblastn	REF|3231046_uomd23-19_MAT_Plus|gene1|sexP	65.9	E=2	74
GCA_015679425.1_UCR_MelonGBA34_1.0|w2|t3	GCA_015679425.1_UCR_MelonGBA34_1.0	cand	GCA_015679425.1_UCR_MelonGBA34_1.0|w2	tblastn	REF|4850_vkm-f-921_MAT_Minus|gene0|sexM	42.0	E=3.7	60
GCA_015679425.1_UCR_MelonGBA34_1.0|w3|t0	GCA_015679425.1_UCR_MelonGBA34_1.0	cand	GCA_015679425.1_UCR_MelonGBA34_1.0|w3	tblastn	REF|29922_cbs109-16_MAT_Minus|gene1|sexM	78.9	E=0.021	114
GCA_015679425.1_UCR_MelonGBA34_1.0|w3|t1	GCA_015679425.1_UCR_MelonGBA34_1.0	cand	GCA_015679425.1_UCR_MelonGBA34_1.0|w3	tblastn	REF|4837_nrrl1555_MAT_Minus|gene1|sexM	22.7	E=1	32
GCA_015679425.1_UCR_MelonGBA34_1.0|w3|t2	GCA_015679425.1_UCR_MelonGBA34_1.0	cand	GCA_015679425.1_UCR_MelonGBA34_1.0|w3	tblastn	REF|4837_ubc21_MAT_Plus|gene1|sexP	24.3	E=0.59	37
GCA_015679485.1_UCR_MminNVP1_1.0|w0|t0	GCA_015679485.1_UCR_MminNVP1_1.0	cand	GCA_015679485.1_UCR_MminNVP1_1.0|w0	tblastn	REF|4837_ubc21_MAT_Plus|gene1|sexP	46.2	E=1.4e-07	45
GCA_015679485.1_UCR_MminNVP1_1.0|w1|t0	GCA_015679485.1_UCR_MminNVP1_1.0	cand	GCA_015679485.1_UCR_MminNVP1_1.0|w1	tblastn	REF|4837_ubc21_MAT_Plus|gene1|sexP	68.6	E=4.8e-08	144
GCA_015679485.1_UCR_MminNVP1_1.0|w2|t0	GCA_015679485.1_UCR_MminNVP1_1.0	cand	GCA_015679485.1_UCR_MminNVP1_1.0|w2	tblastn	REF|4837_ubc21_MAT_Plus|gene1|sexP	44.3	E=5.2e-07	49
GCA_015679485.1_UCR_MminNVP1_1.0|w2|t1	GCA_015679485.1_UCR_MminNVP1_1.0	cand	GCA_015679485.1_UCR_MminNVP1_1.0|w2	tblastn	REF|4837_nrrl1555_MAT_Minus|gene1|sexM	27.7	E=0.045	85
GCA_015679485.1_UCR_MminNVP1_1.0|w2|t2	GCA_015679485.1_UCR_MminNVP1_1.0	cand	GCA_015679485.1_UCR_MminNVP1_1.0|w2	tblastn	REF|4850_vkm-f-921_MAT_Minus|gene0|sexM	43.5	E=3.4	56
GCA_015679485.1_UCR_MminNVP1_1.0|w3|t1	GCA_015679485.1_UCR_MminNVP1_1.0	cand	GCA_015679485.1_UCR_MminNVP1_1.0|w3	tblastn	REF|86630_cbs357-93_MAT_Minus|gene0|sexM	42.0	E=3.9	57
GCA_015679485.1_UCR_MminNVP1_1.0|w3|t2	GCA_015679485.1_UCR_MminNVP1_1.0	cand	GCA_015679485.1_UCR_MminNVP1_1.0|w3	tblastn	REF|101119_atcc11807_MAT_Minus|gene0|sexM	23.5	E=0.78	66
GCA_015679485.1_UCR_MminNVP1_1.0|w4|t0	GCA_015679485.1_UCR_MminNVP1_1.0	cand	GCA_015679485.1_UCR_MminNVP1_1.0|w4	tblastn	REF|3231046_uomau377_MAT_Minus|gene1|sexM	24.3	E=0.79	30
GCA_015679485.1_UCR_MminNVP1_1.0|w4|t4	GCA_015679485.1_UCR_MminNVP1_1.0	cand	GCA_015679485.1_UCR_MminNVP1_1.0|w4	tblastn	REF|3231046_uomd23-19_MAT_Plus|gene1|sexP	25.8	E=0.32	43
GCA_015679485.1_UCR_MminNVP1_1.0|w4|t5	GCA_015679485.1_UCR_MminNVP1_1.0	cand	GCA_015679485.1_UCR_MminNVP1_1.0|w4	tblastn	REF|4850_vkm-f-921_MAT_Minus|gene0|sexM	29.6	E=0.012	90
GCA_015679485.1_UCR_MminNVP1_1.0|w5|t0	GCA_015679485.1_UCR_MminNVP1_1.0	cand	GCA_015679485.1_UCR_MminNVP1_1.0|w5	tblastn	REF|101119_atcc11807_MAT_Minus|gene0|sexM	20.4	E=8	36
GCA_015679485.1_UCR_MminNVP1_1.0|w5|t1	GCA_015679485.1_UCR_MminNVP1_1.0	cand	GCA_015679485.1_UCR_MminNVP1_1.0|w5	tblastn	REF|35722_atcc11077_MAT_Minus|gene0|sexM	27.7	E=0.043	67
GCA_015679485.1_UCR_MminNVP1_1.0|w5|t2	GCA_015679485.1_UCR_MminNVP1_1.0	cand	GCA_015679485.1_UCR_MminNVP1_1.0|w5	tblastn	REF|101119_atcc11807_MAT_Plus|gene0|sexP	25.0	E=0.6	41
GCA_015679485.1_UCR_MminNVP1_1.0|w6|t0	GCA_015679485.1_UCR_MminNVP1_1.0	cand	GCA_015679485.1_UCR_MminNVP1_1.0|w6	tblastn	REF|3231046_uomau377_MAT_Minus|gene1|sexM	42.4	E=6.5	71
GCA_015679485.1_UCR_MminNVP1_1.0|w7|t0	GCA_015679485.1_UCR_MminNVP1_1.0	cand	GCA_015679485.1_UCR_MminNVP1_1.0|w7	tblastn	REF|36080_nrrl-3631_MAT_Plus|gene1|sexP	21.6	E=8.2	56
GCA_015679485.1_UCR_MminNVP1_1.0|w7|t1	GCA_015679485.1_UCR_MminNVP1_1.0	cand	GCA_015679485.1_UCR_MminNVP1_1.0|w7	tblastn	REF|3108396_ai-2023a_MAT_Plus|gene2|sexP	45.1	E=1.9	53
GCA_015679485.1_UCR_MminNVP1_1.0|w8|t0	GCA_015679485.1_UCR_MminNVP1_1.0	cand	GCA_015679485.1_UCR_MminNVP1_1.0|w8	tblastn	REF|3231046_uomd23-19_MAT_Plus|gene1|sexP	30.4	E=0.013	44
GCA_015679485.1_UCR_MminNVP1_1.0|w8|t2	GCA_015679485.1_UCR_MminNVP1_1.0	cand	GCA_015679485.1_UCR_MminNVP1_1.0|w8	tblastn	REF|36080_nrrl-3631_MAT_Plus|gene1|sexP	23.5	E=1.8	46
GCA_015679485.1_UCR_MminNVP1_1.0|w8|t3	GCA_015679485.1_UCR_MminNVP1_1.0	cand	GCA_015679485.1_UCR_MminNVP1_1.0|w8	tblastn	REF|36080_r7b_MAT_Minus|gene1|sexM	31.2	E=0.005	45
GCA_015679485.1_UCR_MminNVP1_1.0|w9|t0	GCA_015679485.1_UCR_MminNVP1_1.0	cand	GCA_015679485.1_UCR_MminNVP1_1.0|w9	tblastn	REF|36080_nrrl-3631_MAT_Plus|gene1|sexP	29.6	E=0.027	65
GCA_015679485.1_UCR_MminNVP1_1.0|w9|t2	GCA_015679485.1_UCR_MminNVP1_1.0	cand	GCA_015679485.1_UCR_MminNVP1_1.0|w9	tblastn	REF|36080_r7b_MAT_Minus|gene1|sexM	34.3	E=0.00051	96
GCA_015679495.1_UCR_MelonNVP71_1.0|w0|t0	GCA_015679495.1_UCR_MelonNVP71_1.0	cand	GCA_015679495.1_UCR_MelonNVP71_1.0|w0	tblastn	REF|4837_nrrl1555_MAT_Minus|gene1|sexM	64.7	E=2.1e-09	108
GCA_015679535.1_UCR_MhortCK413_1.0|c0|t0	GCA_015679535.1_UCR_MhortCK413_1.0	cand	GCA_015679535.1_UCR_MhortCK413_1.0|c0	tblastn	REF|4837_nrrl1555_MAT_Minus|gene1|sexM	44.2	E=1.6	38
GCA_015679535.1_UCR_MhortCK413_1.0|c0|t1	GCA_015679535.1_UCR_MhortCK413_1.0	cand	GCA_015679535.1_UCR_MhortCK413_1.0|c0	tblastn	REF|4850_vkm-f-921_MAT_Minus|gene0|sexM	22.7	E=1.2	46
GCA_015679535.1_UCR_MhortCK413_1.0|c0|t2	GCA_015679535.1_UCR_MhortCK413_1.0	cand	GCA_015679535.1_UCR_MhortCK413_1.0|c0	tblastn	REF|4850_vkm-f-921_MAT_Minus|gene0|sexM	43.9	E=1.2	79
GCA_015679535.1_UCR_MhortCK413_1.0|c0|t4	GCA_015679535.1_UCR_MhortCK413_1.0	cand	GCA_015679535.1_UCR_MhortCK413_1.0|c0	tblastn	REF|86630_cbs357-93_MAT_Minus|gene0|sexM	41.2	E=3.7	55
GCA_015679535.1_UCR_MhortCK413_1.0|c0|t5	GCA_015679535.1_UCR_MhortCK413_1.0	cand	GCA_015679535.1_UCR_MhortCK413_1.0|c0	tblastn	REF|4837_nrrl1555_MAT_Minus|gene1|sexM	76.6	E=1.6e-18	92
GCA_015679535.1_UCR_MhortCK413_1.0|w0|t1	GCA_015679535.1_UCR_MhortCK413_1.0	cand	GCA_015679535.1_UCR_MhortCK413_1.0|w0	tblastn	REF|3108396_ai-2023a_MAT_Plus|gene2|sexP	32.7	E=0.001	48
GCA_015679535.1_UCR_MhortCK413_1.0|w0|t2	GCA_015679535.1_UCR_MhortCK413_1.0	cand	GCA_015679535.1_UCR_MhortCK413_1.0|w0	tblastn	REF|64495_cbs346-36_MAT_Plus|gene2|sexP	20.8	E=8.9	63
GCA_015679535.1_UCR_MhortCK413_1.0|w0|t3	GCA_015679535.1_UCR_MhortCK413_1.0	cand	GCA_015679535.1_UCR_MhortCK413_1.0|w0	tblastn	REF|101119_atcc11807_MAT_Plus|gene0|sexP	45.1	E=0.97	65
GCA_015679535.1_UCR_MhortCK413_1.0|w0|t4	GCA_015679535.1_UCR_MhortCK413_1.0	cand	GCA_015679535.1_UCR_MhortCK413_1.0|w0	tblastn	REF|35722_atcc11077_MAT_Minus|gene0|sexM	24.3	E=0.38	55
GCA_015679535.1_UCR_MhortCK413_1.0|w0|t5	GCA_015679535.1_UCR_MhortCK413_1.0	cand	GCA_015679535.1_UCR_MhortCK413_1.0|w0	tblastn	REF|4837_ubc21_MAT_Plus|gene1|sexP	66.6	E=1.1e-07	133
GCA_015679535.1_UCR_MhortCK413_1.0|w1|t0	GCA_015679535.1_UCR_MhortCK413_1.0	cand	GCA_015679535.1_UCR_MhortCK413_1.0|w1	tblastn	REF|36080_r7b_MAT_Minus|gene1|sexM	20.8	E=5.7	34
GCA_015679535.1_UCR_MhortCK413_1.0|w1|t1	GCA_015679535.1_UCR_MhortCK413_1.0	cand	GCA_015679535.1_UCR_MhortCK413_1.0|w1	tblastn	REF|64495_cbs346-36_MAT_Plus|gene2|sexP	65.9	E=1.4	54
GCA_015679545.1_UCR_MspAD094_1.0|w0|t2	GCA_015679545.1_UCR_MspAD094_1.0	cand	GCA_015679545.1_UCR_MspAD094_1.0|w0	tblastn	REF|4837_nrrl1555_MAT_Minus|gene1|sexM	58.5	E=2.2	138
GCA_015679585.1_UCR_MbelKOD1040_1.0|w0|t0	GCA_015679585.1_UCR_MbelKOD1040_1.0	cand	GCA_015679585.1_UCR_MbelKOD1040_1.0|w0	tblastn	REF|3108396_ai-2023a_MAT_Plus|gene2|sexP	73.9	E=1.9e-10	108
GCA_015679585.1_UCR_MbelKOD1040_1.0|w0|t1	GCA_015679585.1_UCR_MbelKOD1040_1.0	cand	GCA_015679585.1_UCR_MbelKOD1040_1.0|w0	tblastn	REF|64495_cbs346-36_MAT_Plus|gene2|sexP	41.2	E=4.2	64
GCA_015679585.1_UCR_MbelKOD1040_1.0|w0|t2	GCA_015679585.1_UCR_MbelKOD1040_1.0	cand	GCA_015679585.1_UCR_MbelKOD1040_1.0|w0	tblastn	REF|36080_nrrl-3631_MAT_Plus|gene1|sexP	22.7	E=1.5	53
GCA_015679585.1_UCR_MbelKOD1040_1.0|w0|t3	GCA_015679585.1_UCR_MbelKOD1040_1.0	cand	GCA_015679585.1_UCR_MbelKOD1040_1.0|w0	tblastn	REF|35722_atcc11077_MAT_Minus|gene0|sexM	40.8	E=2.1	53
GCA_015679585.1_UCR_MbelKOD1040_1.0|w1|t0	GCA_015679585.1_UCR_MbelKOD1040_1.0	cand	GCA_015679585.1_UCR_MbelKOD1040_1.0|w1	tblastn	REF|4837_nrrl1555_MAT_Minus|gene1|sexM	42.7	E=2.4e-07	69
GCA_015679585.1_UCR_MbelKOD1040_1.0|w2|t1	GCA_015679585.1_UCR_MbelKOD1040_1.0	cand	GCA_015679585.1_UCR_MbelKOD1040_1.0|w2	tblastn	REF|64495_cbs346-36_MAT_Plus|gene2|sexP	21.9	E=2.6	42
GCA_015679585.1_UCR_MbelKOD1040_1.0|w2|t2	GCA_015679585.1_UCR_MbelKOD1040_1.0	cand	GCA_015679585.1_UCR_MbelKOD1040_1.0|w2	tblastn	REF|64495_cbs346-36_MAT_Plus|gene2|sexP	20.8	E=5.6	36
GCA_015679585.1_UCR_MbelKOD1040_1.0|w2|t4	GCA_015679585.1_UCR_MbelKOD1040_1.0	cand	GCA_015679585.1_UCR_MbelKOD1040_1.0|w2	tblastn	REF|4837_ubc21_MAT_Plus|gene1|sexP	48.9	E=7e-09	51
GCA_015679585.1_UCR_MbelKOD1040_1.0|w2|t5	GCA_015679585.1_UCR_MbelKOD1040_1.0	cand	GCA_015679585.1_UCR_MbelKOD1040_1.0|w2	tblastn	REF|4837_ubc21_MAT_Plus|gene1|sexP	22.7	E=1.3	40
GCA_015679585.1_UCR_MbelKOD1040_1.0|w3|t0	GCA_015679585.1_UCR_MbelKOD1040_1.0	cand	GCA_015679585.1_UCR_MbelKOD1040_1.0|w3	tblastn	REF|64495_cbs346-36_MAT_Plus|gene2|sexP	21.2	E=4.5	58
GCA_015679585.1_UCR_MbelKOD1040_1.0|w3|t1	GCA_015679585.1_UCR_MbelKOD1040_1.0	cand	GCA_015679585.1_UCR_MbelKOD1040_1.0|w3	tblastn	REF|36080_nrrl-3631_MAT_Plus|gene1|sexP	25.0	E=0.3	32
GCA_015679585.1_UCR_MbelKOD1040_1.0|w3|t2	GCA_015679585.1_UCR_MbelKOD1040_1.0	cand	GCA_015679585.1_UCR_MbelKOD1040_1.0|w3	tblastn	REF|3108396_ai-2023a_MAT_Plus|gene2|sexP	71.2	E=0.027	100
GCA_015679585.1_UCR_MbelKOD1040_1.0|w4|t0	GCA_015679585.1_UCR_MbelKOD1040_1.0	cand	GCA_015679585.1_UCR_MbelKOD1040_1.0|w4	tblastn	REF|86630_cbs357-93_MAT_Minus|gene0|sexM	60.0	E=1.8	92
GCA_015679595.1_UCR_MvertAD079_1.0|w0|t0	GCA_015679595.1_UCR_MvertAD079_1.0	cand	GCA_015679595.1_UCR_MvertAD079_1.0|w0	tblastn	REF|64495_cbs346-36_MAT_Plus|gene2|sexP	77.4	E=0.65	99
GCA_015679605.1_UCR_MepigNRRL5512_1.0|w0|t0	GCA_015679605.1_UCR_MepigNRRL5512_1.0	cand	GCA_015679605.1_UCR_MepigNRRL5512_1.0|w0	tblastn	REF|36080_nrrl-3631_MAT_Plus|gene1|sexP	63.9	E=5.4e-07	85
GCA_015679605.1_UCR_MepigNRRL5512_1.0|w1|t0	GCA_015679605.1_UCR_MepigNRRL5512_1.0	cand	GCA_015679605.1_UCR_MepigNRRL5512_1.0|w1	tblastn	REF|64495_cbs346-36_MAT_Plus|gene2|sexP	43.1	E=1.4	70
GCA_015679605.1_UCR_MepigNRRL5512_1.0|w2|t0	GCA_015679605.1_UCR_MepigNRRL5512_1.0	cand	GCA_015679605.1_UCR_MepigNRRL5512_1.0|w2	tblastn	REF|3231046_uomd23-19_MAT_Plus|gene1|sexP	30.4	E=0.004	51
GCA_015679605.1_UCR_MepigNRRL5512_1.0|w3|t1	GCA_015679605.1_UCR_MepigNRRL5512_1.0	cand	GCA_015679605.1_UCR_MepigNRRL5512_1.0|w3	tblastn	REF|3108396_ai-2023a_MAT_Plus|gene2|sexP	40.8	E=4.5	58
GCA_015679605.1_UCR_MepigNRRL5512_1.0|w3|t2	GCA_015679605.1_UCR_MepigNRRL5512_1.0	cand	GCA_015679605.1_UCR_MepigNRRL5512_1.0|w3	tblastn	REF|4837_ubc21_MAT_Plus|gene1|sexP	21.6	E=2.7	54
GCA_015679605.1_UCR_MepigNRRL5512_1.0|w4|t0	GCA_015679605.1_UCR_MepigNRRL5512_1.0	cand	GCA_015679605.1_UCR_MepigNRRL5512_1.0|w4	tblastn	REF|86630_cbs357-93_MAT_Minus|gene0|sexM	27.3	E=0.019	43
GCA_015679605.1_UCR_MepigNRRL5512_1.0|w4|t1	GCA_015679605.1_UCR_MepigNRRL5512_1.0	cand	GCA_015679605.1_UCR_MepigNRRL5512_1.0|w4	tblastn	REF|36080_r7b_MAT_Minus|gene1|sexM	21.9	E=1.5	54
GCA_015679605.1_UCR_MepigNRRL5512_1.0|w4|t2	GCA_015679605.1_UCR_MepigNRRL5512_1.0	cand	GCA_015679605.1_UCR_MepigNRRL5512_1.0|w4	tblastn	REF|4837_ubc21_MAT_Plus|gene1|sexP	48.9	E=0.015	73
GCA_015679645.1_UCR_MvertTTC192_1.0|w0|t0	GCA_015679645.1_UCR_MvertTTC192_1.0	cand	GCA_015679645.1_UCR_MvertTTC192_1.0|w0	tblastn	REF|4837_ubc21_MAT_Plus|gene1|sexP	47.0	E=3.7e-08	48
GCA_015679645.1_UCR_MvertTTC192_1.0|w1|t0	GCA_015679645.1_UCR_MvertTTC192_1.0	cand	GCA_015679645.1_UCR_MvertTTC192_1.0|w1	tblastn	REF|36080_nrrl-3631_MAT_Plus|gene1|sexP	43.9	E=4e-07	51
GCA_015679645.1_UCR_MvertTTC192_1.0|w2|t0	GCA_015679645.1_UCR_MvertTTC192_1.0	cand	GCA_015679645.1_UCR_MvertTTC192_1.0|w2	tblastn	REF|86630_cbs357-93_MAT_Minus|gene0|sexM	84.3	E=0.43	101
GCA_015679645.1_UCR_MvertTTC192_1.0|w2|t1	GCA_015679645.1_UCR_MvertTTC192_1.0	cand	GCA_015679645.1_UCR_MvertTTC192_1.0|w2	tblastn	REF|4837_ubc21_MAT_Plus|gene1|sexP	22.7	E=1.5	38
GCA_015679645.1_UCR_MvertTTC192_1.0|w2|t2	GCA_015679645.1_UCR_MvertTTC192_1.0	cand	GCA_015679645.1_UCR_MvertTTC192_1.0|w2	tblastn	REF|3108396_ai-2023a_MAT_Plus|gene2|sexP	23.9	E=0.83	76
GCA_015679645.1_UCR_MvertTTC192_1.0|w3|t0	GCA_015679645.1_UCR_MvertTTC192_1.0	cand	GCA_015679645.1_UCR_MvertTTC192_1.0|w3	tblastn	REF|4837_ubc21_MAT_Plus|gene1|sexP	41.2	E=5.8	67
GCA_015679645.1_UCR_MvertTTC192_1.0|w4|t0	GCA_015679645.1_UCR_MvertTTC192_1.0	cand	GCA_015679645.1_UCR_MvertTTC192_1.0|w4	tblastn	REF|36080_r7b_MAT_Minus|gene1|sexM	32.0	E=0.002	102
GCA_015679645.1_UCR_MvertTTC192_1.0|w5|t0	GCA_015679645.1_UCR_MvertTTC192_1.0	cand	GCA_015679645.1_UCR_MvertTTC192_1.0|w5	tblastn	REF|64495_cbs110-17_MAT_Minus|gene1|sexM	27.7	E=0.019	83
GCA_015679645.1_UCR_MvertTTC192_1.0|w5|t2	GCA_015679645.1_UCR_MvertTTC192_1.0	cand	GCA_015679645.1_UCR_MvertTTC192_1.0|w5	tblastn	REF|64495_cbs346-36_MAT_Plus|gene2|sexP	28.1	E=0.032	62
GCA_015679695.1_UCR_MspAD011_1.0|w0|t1	GCA_015679695.1_UCR_MspAD011_1.0	cand	GCA_015679695.1_UCR_MspAD011_1.0|w0	tblastn	REF|64495_cbs110-17_MAT_Minus|gene1|sexM	100.9	E=1.1e-20	113
GCA_015679695.1_UCR_MspAD011_1.0|w1|t0	GCA_015679695.1_UCR_MspAD011_1.0	cand	GCA_015679695.1_UCR_MspAD011_1.0|w1	tblastn	REF|4837_nrrl1555_MAT_Minus|gene1|sexM	48.9	E=1.4e-09	74
GCA_015679695.1_UCR_MspAD011_1.0|w2|t0	GCA_015679695.1_UCR_MspAD011_1.0	cand	GCA_015679695.1_UCR_MspAD011_1.0|w2	tblastn	REF|64495_cbs346-36_MAT_Plus|gene2|sexP	54.6	E=9.4e-05	68
GCA_015679695.1_UCR_MspAD011_1.0|w3|t0	GCA_015679695.1_UCR_MspAD011_1.0	cand	GCA_015679695.1_UCR_MspAD011_1.0|w3	tblastn	REF|101119_atcc11807_MAT_Plus|gene0|sexP	48.1	E=0.005	109
GCA_015679695.1_UCR_MspAD011_1.0|w4|t0	GCA_015679695.1_UCR_MspAD011_1.0	cand	GCA_015679695.1_UCR_MspAD011_1.0|w4	tblastn	REF|4837_ubc21_MAT_Plus|gene1|sexP	28.5	E=0.013	42
GCA_015679695.1_UCR_MspAD011_1.0|w4|t1	GCA_015679695.1_UCR_MspAD011_1.0	cand	GCA_015679695.1_UCR_MspAD011_1.0|w4	tblastn	REF|4837_nrrl1555_MAT_Minus|gene1|sexM	71.6	E=0.001	111
GCA_015680625.1_UCR_MhylaNRRL2591_1.0|w0|t0	GCA_015680625.1_UCR_MhylaNRRL2591_1.0	cand	GCA_015680625.1_UCR_MhylaNRRL2591_1.0|w0	tblastn	REF|4850_vkm-f-921_MAT_Minus|gene0|sexM	58.9	E=1.2	72
GCA_015680625.1_UCR_MhylaNRRL2591_1.0|w0|t1	GCA_015680625.1_UCR_MhylaNRRL2591_1.0	cand	GCA_015680625.1_UCR_MhylaNRRL2591_1.0|w0	tblastn	REF|64495_cbs346-36_MAT_Plus|gene2|sexP	81.6	E=1.3	130
GCA_015680635.1_UCR_MselenKOD1015_1.0|w0|t0	GCA_015680635.1_UCR_MselenKOD1015_1.0	cand	GCA_015680635.1_UCR_MselenKOD1015_1.0|w0	tblastn	REF|64495_cbs346-36_MAT_Plus|gene2|sexP	83.5	E=2.5e-07	161
GCA_015680635.1_UCR_MselenKOD1015_1.0|h1|t0	GCA_015680635.1_UCR_MselenKOD1015_1.0	nonlocus	GCA_015680635.1_UCR_MselenKOD1015_1.0|h1	tblastn	REF|4837_ubc21_MAT_Plus|gene1|sexP	87.8	E=8.3e-09	119
GCA_015680635.1_UCR_MselenKOD1015_1.0|h2|t0	GCA_015680635.1_UCR_MselenKOD1015_1.0	nonlocus	GCA_015680635.1_UCR_MselenKOD1015_1.0|h2	tblastn	REF|64495_cbs110-17_MAT_Minus|gene1|sexM	53.9	E=9.7e-12	96
GCA_015680635.1_UCR_MselenKOD1015_1.0|h4|t0	GCA_015680635.1_UCR_MselenKOD1015_1.0	nonlocus	GCA_015680635.1_UCR_MselenKOD1015_1.0|h4	tblastn	REF|4837_nrrl1555_MAT_Minus|gene1|sexM	57.3	E=2e-05	107
GCA_015680655.1_UCR_MalpinaNRRL66262_1.0|w0|t0	GCA_015680655.1_UCR_MalpinaNRRL66262_1.0	cand	GCA_015680655.1_UCR_MalpinaNRRL66262_1.0|w0	tblastn	REF|4837_nrrl1555_MAT_Minus|gene1|sexM	45.5	E=0.6	40
GCA_015680655.1_UCR_MalpinaNRRL66262_1.0|w0|t1	GCA_015680655.1_UCR_MalpinaNRRL66262_1.0	cand	GCA_015680655.1_UCR_MalpinaNRRL66262_1.0|w0	tblastn	REF|64495_cbs346-36_MAT_Plus|gene2|sexP	51.6	E=0.11	79
GCA_015680655.1_UCR_MalpinaNRRL66262_1.0|w0|t2	GCA_015680655.1_UCR_MalpinaNRRL66262_1.0	cand	GCA_015680655.1_UCR_MalpinaNRRL66262_1.0|w0	tblastn	REF|4850_vkm-f-921_MAT_Minus|gene0|sexM	24.3	E=0.55	31
GCA_015680655.1_UCR_MalpinaNRRL66262_1.0|w0|t3	GCA_015680655.1_UCR_MalpinaNRRL66262_1.0	cand	GCA_015680655.1_UCR_MalpinaNRRL66262_1.0|w0	tblastn	REF|101119_atcc11807_MAT_Plus|gene0|sexP	24.3	E=0.99	59
GCA_015680655.1_UCR_MalpinaNRRL66262_1.0|w1|t1	GCA_015680655.1_UCR_MalpinaNRRL66262_1.0	cand	GCA_015680655.1_UCR_MalpinaNRRL66262_1.0|w1	tblastn	REF|4837_ubc21_MAT_Plus|gene1|sexP	53.1	E=6.5e-10	76
GCA_015680655.1_UCR_MalpinaNRRL66262_1.0|w1|t5	GCA_015680655.1_UCR_MalpinaNRRL66262_1.0	cand	GCA_015680655.1_UCR_MalpinaNRRL66262_1.0|w1	tblastn	REF|35722_atcc11077_MAT_Minus|gene0|sexM	30.4	E=0.006	54
GCA_015680655.1_UCR_MalpinaNRRL66262_1.0|w2|t1	GCA_015680655.1_UCR_MalpinaNRRL66262_1.0	cand	GCA_015680655.1_UCR_MalpinaNRRL66262_1.0|w2	tblastn	REF|36080_r7b_MAT_Minus|gene1|sexM	29.3	E=0.021	65
GCA_015680655.1_UCR_MalpinaNRRL66262_1.0|w3|t0	GCA_015680655.1_UCR_MalpinaNRRL66262_1.0	cand	GCA_015680655.1_UCR_MalpinaNRRL66262_1.0|w3	tblastn	REF|3108396_ai-2023a_MAT_Plus|gene2|sexP	44.2	E=4	101
GCA_015680655.1_UCR_MalpinaNRRL66262_1.0|w3|t1	GCA_015680655.1_UCR_MalpinaNRRL66262_1.0	cand	GCA_015680655.1_UCR_MalpinaNRRL66262_1.0|w3	tblastn	REF|101119_atcc11807_MAT_Plus|gene0|sexP	23.1	E=2	39
GCA_015680655.1_UCR_MalpinaNRRL66262_1.0|w3|t2	GCA_015680655.1_UCR_MalpinaNRRL66262_1.0	cand	GCA_015680655.1_UCR_MalpinaNRRL66262_1.0|w3	tblastn	REF|3231046_uomd23-19_MAT_Plus|gene1|sexP	47.4	E=5.1e-08	66
GCA_015680655.1_UCR_MalpinaNRRL66262_1.0|w3|t4	GCA_015680655.1_UCR_MalpinaNRRL66262_1.0	cand	GCA_015680655.1_UCR_MalpinaNRRL66262_1.0|w3	tblastn	REF|3231046_uomd23-19_MAT_Plus|gene1|sexP	28.9	E=0.039	158
GCA_015680655.1_UCR_MalpinaNRRL66262_1.0|w3|t5	GCA_015680655.1_UCR_MalpinaNRRL66262_1.0	cand	GCA_015680655.1_UCR_MalpinaNRRL66262_1.0|w3	tblastn	REF|3108396_ai-2023a_MAT_Plus|gene2|sexP	46.6	E=0.93	41
GCA_015680655.1_UCR_MalpinaNRRL66262_1.0|w3|t6	GCA_015680655.1_UCR_MalpinaNRRL66262_1.0	cand	GCA_015680655.1_UCR_MalpinaNRRL66262_1.0|w3	tblastn	REF|101119_atcc11807_MAT_Plus|gene0|sexP	46.2	E=0.54	69
GCA_015680655.1_UCR_MalpinaNRRL66262_1.0|w4|t0	GCA_015680655.1_UCR_MalpinaNRRL66262_1.0	cand	GCA_015680655.1_UCR_MalpinaNRRL66262_1.0|w4	tblastn	REF|86630_cbs357-93_MAT_Minus|gene0|sexM	43.5	E=1.5	142
GCA_015680655.1_UCR_MalpinaNRRL66262_1.0|w4|t2	GCA_015680655.1_UCR_MalpinaNRRL66262_1.0	cand	GCA_015680655.1_UCR_MalpinaNRRL66262_1.0|w4	tblastn	REF|3231046_uomau377_MAT_Minus|gene1|sexM	50.5	E=0.024	55
GCA_015680655.1_UCR_MalpinaNRRL66262_1.0|w4|t3	GCA_015680655.1_UCR_MalpinaNRRL66262_1.0	cand	GCA_015680655.1_UCR_MalpinaNRRL66262_1.0|w4	tblastn	REF|4837_nrrl1555_MAT_Minus|gene1|sexM	21.9	E=3.2	41
GCA_015680655.1_UCR_MalpinaNRRL66262_1.0|w4|t5	GCA_015680655.1_UCR_MalpinaNRRL66262_1.0	cand	GCA_015680655.1_UCR_MalpinaNRRL66262_1.0|w4	tblastn	REF|29922_cbs109-16_MAT_Minus|gene1|sexM	48.9	E=0.046	87
GCA_015680655.1_UCR_MalpinaNRRL66262_1.0|w4|t6	GCA_015680655.1_UCR_MalpinaNRRL66262_1.0	cand	GCA_015680655.1_UCR_MalpinaNRRL66262_1.0|w4	tblastn	REF|4850_vkm-f-921_MAT_Minus|gene0|sexM	21.9	E=2.9	104
GCA_015847185.1_UCR_MalpAD071_1.0|w0|t0	GCA_015847185.1_UCR_MalpAD071_1.0	cand	GCA_015847185.1_UCR_MalpAD071_1.0|w0	tblastn	REF|29922_cbs109-16_MAT_Minus|gene1|sexM	60.8	E=3	106
GCA_015847185.1_UCR_MalpAD071_1.0|w0|t1	GCA_015847185.1_UCR_MalpAD071_1.0	cand	GCA_015847185.1_UCR_MalpAD071_1.0|w0	tblastn	REF|3231046_uomau377_MAT_Minus|gene1|sexM	20.8	E=3.2	76
GCA_015847185.1_UCR_MalpAD071_1.0|w0|t2	GCA_015847185.1_UCR_MalpAD071_1.0	cand	GCA_015847185.1_UCR_MalpAD071_1.0|w0	tblastn	REF|64495_cbs110-17_MAT_Minus|gene1|sexM	38.5	E=1.9	64
GCA_015847185.1_UCR_MalpAD071_1.0|w1|t0	GCA_015847185.1_UCR_MalpAD071_1.0	cand	GCA_015847185.1_UCR_MalpAD071_1.0|w1	tblastn	REF|35722_atcc11077_MAT_Minus|gene0|sexM	20.0	E=4	59
GCA_015847185.1_UCR_MalpAD071_1.0|w1|t1	GCA_015847185.1_UCR_MalpAD071_1.0	cand	GCA_015847185.1_UCR_MalpAD071_1.0|w1	tblastn	REF|36080_r7b_MAT_Minus|gene1|sexM	20.4	E=4.8	39
GCA_015847185.1_UCR_MalpAD071_1.0|w1|t2	GCA_015847185.1_UCR_MalpAD071_1.0	cand	GCA_015847185.1_UCR_MalpAD071_1.0|w1	tblastn	REF|4837_nrrl1555_MAT_Minus|gene1|sexM	82.7	E=0.78	100
GCA_015847195.1_UCR_MzychaePUSTF9C_1.0|w0|t0	GCA_015847195.1_UCR_MzychaePUSTF9C_1.0	cand	GCA_015847195.1_UCR_MzychaePUSTF9C_1.0|w0	tblastn	REF|64495_cbs110-17_MAT_Minus|gene1|sexM	65.1	E=5.2e-15	94
GCA_015847195.1_UCR_MzychaePUSTF9C_1.0|w1|t0	GCA_015847195.1_UCR_MzychaePUSTF9C_1.0	cand	GCA_015847195.1_UCR_MzychaePUSTF9C_1.0|w1	tblastn	REF|35722_atcc11077_MAT_Minus|gene0|sexM	30.0	E=0.004	37
GCA_015847195.1_UCR_MzychaePUSTF9C_1.0|w1|t1	GCA_015847195.1_UCR_MzychaePUSTF9C_1.0	cand	GCA_015847195.1_UCR_MzychaePUSTF9C_1.0|w1	tblastn	REF|35722_atcc11077_MAT_Minus|gene0|sexM	39.2	E=7	83
GCA_015847195.1_UCR_MzychaePUSTF9C_1.0|w2|t1	GCA_015847195.1_UCR_MzychaePUSTF9C_1.0	cand	GCA_015847195.1_UCR_MzychaePUSTF9C_1.0|w2	tblastn	REF|4850_vkm-f-921_MAT_Minus|gene0|sexM	25.4	E=0.11	43
GCA_015847195.1_UCR_MzychaePUSTF9C_1.0|w2|t3	GCA_015847195.1_UCR_MzychaePUSTF9C_1.0	cand	GCA_015847195.1_UCR_MzychaePUSTF9C_1.0|w2	tblastn	REF|64495_cbs346-36_MAT_Plus|gene2|sexP	43.1	E=2.4	47
GCA_015847195.1_UCR_MzychaePUSTF9C_1.0|w2|t6	GCA_015847195.1_UCR_MzychaePUSTF9C_1.0	cand	GCA_015847195.1_UCR_MzychaePUSTF9C_1.0|w2	tblastn	REF|36080_r7b_MAT_Minus|gene1|sexM	23.1	E=0.78	44
GCA_015847195.1_UCR_MzychaePUSTF9C_1.0|w2|t7	GCA_015847195.1_UCR_MzychaePUSTF9C_1.0	cand	GCA_015847195.1_UCR_MzychaePUSTF9C_1.0|w2	tblastn	REF|64495_cbs346-36_MAT_Plus|gene2|sexP	28.5	E=0.02	77
GCA_015847235.1_UCR_MzychaeNRRL2592_1.0|w0|t0	GCA_015847235.1_UCR_MzychaeNRRL2592_1.0	cand	GCA_015847235.1_UCR_MzychaeNRRL2592_1.0|w0	tblastn	REF|4837_ubc21_MAT_Plus|gene1|sexP	113.1	E=0.004	153
GCA_015847235.1_UCR_MzychaeNRRL2592_1.0|w0|t1	GCA_015847235.1_UCR_MzychaeNRRL2592_1.0	cand	GCA_015847235.1_UCR_MzychaeNRRL2592_1.0|w0	tblastn	REF|101119_atcc11807_MAT_Plus|gene0|sexP	20.8	E=1.9	32
GCA_015849275.1_UCR_MambNRRL28271_1.0|w0|t0	GCA_015849275.1_UCR_MambNRRL28271_1.0	cand	GCA_015849275.1_UCR_MambNRRL28271_1.0|w0	tblastn	REF|3231046_uomau377_MAT_Minus|gene1|sexM	43.1	E=1.5	89
GCA_015849275.1_UCR_MambNRRL28271_1.0|w0|t3	GCA_015849275.1_UCR_MambNRRL28271_1.0	cand	GCA_015849275.1_UCR_MambNRRL28271_1.0|w0	tblastn	REF|64495_cbs346-36_MAT_Plus|gene2|sexP	21.9	E=2.6	39
GCA_015849275.1_UCR_MambNRRL28271_1.0|w0|t4	GCA_015849275.1_UCR_MambNRRL28271_1.0	cand	GCA_015849275.1_UCR_MambNRRL28271_1.0|w0	tblastn	REF|36080_nrrl-3631_MAT_Plus|gene1|sexP	87.1	E=2.9e-07	120
GCA_015849275.1_UCR_MambNRRL28271_1.0|w1|t0	GCA_015849275.1_UCR_MambNRRL28271_1.0	cand	GCA_015849275.1_UCR_MambNRRL28271_1.0|w1	tblastn	REF|36080_nrrl-3631_MAT_Plus|gene1|sexP	62.4	E=3.3	86
GCA_015849285.1_UCR_Malp_GBA31_1.0|w0|t0	GCA_015849285.1_UCR_Malp_GBA31_1.0	cand	GCA_015849285.1_UCR_Malp_GBA31_1.0|w0	tblastn	REF|36080_r7b_MAT_Minus|gene1|sexM	83.5	E=0.00029	137
GCA_015849295.1_UCR_MrenMES-2147_1.0|w0|t0	GCA_015849295.1_UCR_MrenMES-2147_1.0	cand	GCA_015849295.1_UCR_MrenMES-2147_1.0|w0	tblastn	REF|4837_nrrl1555_MAT_Minus|gene1|sexM	63.2	E=2.8e-14	89
GCA_015849295.1_UCR_MrenMES-2147_1.0|w0|t1	GCA_015849295.1_UCR_MrenMES-2147_1.0	cand	GCA_015849295.1_UCR_MrenMES-2147_1.0|w0	tblastn	REF|86630_cbs357-93_MAT_Minus|gene0|sexM	20.4	E=2.6	66
GCA_015849295.1_UCR_MrenMES-2147_1.0|w1|t0	GCA_015849295.1_UCR_MrenMES-2147_1.0	cand	GCA_015849295.1_UCR_MrenMES-2147_1.0|w1	tblastn	REF|4837_nrrl1555_MAT_Minus|gene1|sexM	67.0	E=7.4e-09	92
GCA_015849295.1_UCR_MrenMES-2147_1.0|w2|t0	GCA_015849295.1_UCR_MrenMES-2147_1.0	cand	GCA_015849295.1_UCR_MrenMES-2147_1.0|w2	tblastn	REF|4837_ubc21_MAT_Plus|gene1|sexP	42.3	E=1.1	87
GCA_015849295.1_UCR_MrenMES-2147_1.0|w3|t0	GCA_015849295.1_UCR_MrenMES-2147_1.0	cand	GCA_015849295.1_UCR_MrenMES-2147_1.0|w3	tblastn	REF|4850_vkm-f-921_MAT_Minus|gene0|sexM	42.3	E=0.58	61
GCA_015849295.1_UCR_MrenMES-2147_1.0|w4|t0	GCA_015849295.1_UCR_MrenMES-2147_1.0	cand	GCA_015849295.1_UCR_MrenMES-2147_1.0|w4	tblastn	REF|4850_vkm-f-921_MAT_Minus|gene0|sexM	48.5	E=0.016	62
GCA_015849295.1_UCR_MrenMES-2147_1.0|h1|t0	GCA_015849295.1_UCR_MrenMES-2147_1.0	nonlocus	GCA_015849295.1_UCR_MrenMES-2147_1.0|h1	tblastn	REF|86630_cbs357-93_MAT_Minus|gene0|sexM	72.0	E=3.6e-11	99
GCA_015849295.1_UCR_MrenMES-2147_1.0|h3|t0	GCA_015849295.1_UCR_MrenMES-2147_1.0	nonlocus	GCA_015849295.1_UCR_MrenMES-2147_1.0|h3	tblastn	REF|64495_cbs110-17_MAT_Minus|gene1|sexM	44.7	E=2.9e-08	66
GCA_015849295.1_UCR_MrenMES-2147_1.0|h6|t0	GCA_015849295.1_UCR_MrenMES-2147_1.0	nonlocus	GCA_015849295.1_UCR_MrenMES-2147_1.0|h6	tblastn	REF|4837_ubc21_MAT_Plus|gene1|sexP	44.3	E=1.4e-07	51
GCA_015849305.1_UCR_MalpCK1249_1.0|w0|t0	GCA_015849305.1_UCR_MalpCK1249_1.0	cand	GCA_015849305.1_UCR_MalpCK1249_1.0|w0	tblastn	REF|4837_ubc21_MAT_Plus|gene1|sexP	52.0	E=6.6e-10	76
GCA_015849305.1_UCR_MalpCK1249_1.0|w1|t0	GCA_015849305.1_UCR_MalpCK1249_1.0	cand	GCA_015849305.1_UCR_MalpCK1249_1.0|w1	tblastn	REF|3231046_uomau377_MAT_Minus|gene1|sexM	44.7	E=0.43	57
GCA_015849305.1_UCR_MalpCK1249_1.0|w2|t0	GCA_015849305.1_UCR_MalpCK1249_1.0	cand	GCA_015849305.1_UCR_MalpCK1249_1.0|w2	tblastn	REF|101119_atcc11807_MAT_Plus|gene0|sexP	53.6	E=0.001	92
GCA_015849305.1_UCR_MalpCK1249_1.0|w3|t0	GCA_015849305.1_UCR_MalpCK1249_1.0	cand	GCA_015849305.1_UCR_MalpCK1249_1.0|w3	tblastn	REF|36080_r7b_MAT_Minus|gene1|sexM	29.3	E=0.008	54
GCA_015849305.1_UCR_MalpCK1249_1.0|w3|t1	GCA_015849305.1_UCR_MalpCK1249_1.0	cand	GCA_015849305.1_UCR_MalpCK1249_1.0|w3	tblastn	REF|35722_atcc11077_MAT_Minus|gene0|sexM	48.9	E=0.007	79
GCA_015849305.1_UCR_MalpCK1249_1.0|w3|t4	GCA_015849305.1_UCR_MalpCK1249_1.0	cand	GCA_015849305.1_UCR_MalpCK1249_1.0|w3	tblastn	REF|101119_atcc11807_MAT_Minus|gene0|sexM	60.1	E=2	69
GCA_015849325.1_UCR_MspKOD1229_1.0|w0|t0	GCA_015849325.1_UCR_MspKOD1229_1.0	cand	GCA_015849325.1_UCR_MspKOD1229_1.0|w0	tblastn	REF|35722_atcc11077_MAT_Minus|gene0|sexM	47.7	E=0.075	64
GCA_015849325.1_UCR_MspKOD1229_1.0|w1|t0	GCA_015849325.1_UCR_MspKOD1229_1.0	cand	GCA_015849325.1_UCR_MspKOD1229_1.0|w1	tblastn	REF|64495_cbs346-36_MAT_Plus|gene2|sexP	23.5	E=1.9	114
GCA_015849325.1_UCR_MspKOD1229_1.0|w1|t1	GCA_015849325.1_UCR_MspKOD1229_1.0	cand	GCA_015849325.1_UCR_MspKOD1229_1.0|w1	tblastn	REF|4837_nrrl1555_MAT_Minus|gene1|sexM	45.1	E=1.2	73
GCA_015849325.1_UCR_MspKOD1229_1.0|w2|t0	GCA_015849325.1_UCR_MspKOD1229_1.0	cand	GCA_015849325.1_UCR_MspKOD1229_1.0|w2	tblastn	REF|3231046_uomd23-19_MAT_Plus|gene1|sexP	36.6	E=0.00015	158
GCA_015849325.1_UCR_MspKOD1229_1.0|w2|t2	GCA_015849325.1_UCR_MspKOD1229_1.0	cand	GCA_015849325.1_UCR_MspKOD1229_1.0|w2	tblastn	REF|64495_cbs346-36_MAT_Plus|gene2|sexP	58.5	E=0.00016	112
GCA_015849325.1_UCR_MspKOD1229_1.0|w2|t3	GCA_015849325.1_UCR_MspKOD1229_1.0	cand	GCA_015849325.1_UCR_MspKOD1229_1.0|w2	tblastn	REF|101119_atcc11807_MAT_Plus|gene0|sexP	22.7	E=3.4	39
GCA_015849325.1_UCR_MspKOD1229_1.0|w2|t4	GCA_015849325.1_UCR_MspKOD1229_1.0	cand	GCA_015849325.1_UCR_MspKOD1229_1.0|w2	tblastn	REF|3231046_uomau377_MAT_Minus|gene1|sexM	23.9	E=1.1	38
GCA_015849325.1_UCR_MspKOD1229_1.0|w2|t5	GCA_015849325.1_UCR_MspKOD1229_1.0	cand	GCA_015849325.1_UCR_MspKOD1229_1.0|w2	tblastn	REF|3108396_ai-2023a_MAT_Plus|gene2|sexP	22.3	E=4.2	56
GCA_015849325.1_UCR_MspKOD1229_1.0|w3|t0	GCA_015849325.1_UCR_MspKOD1229_1.0	cand	GCA_015849325.1_UCR_MspKOD1229_1.0|w3	tblastn	REF|101119_atcc11807_MAT_Plus|gene0|sexP	28.5	E=0.045	46
GCA_015849325.1_UCR_MspKOD1229_1.0|w3|t1	GCA_015849325.1_UCR_MspKOD1229_1.0	cand	GCA_015849325.1_UCR_MspKOD1229_1.0|w3	tblastn	REF|3231046_uomau377_MAT_Minus|gene1|sexM	22.7	E=2.3	74
GCA_015849325.1_UCR_MspKOD1229_1.0|w3|t2	GCA_015849325.1_UCR_MspKOD1229_1.0	cand	GCA_015849325.1_UCR_MspKOD1229_1.0|w3	tblastn	REF|3231046_uomau377_MAT_Minus|gene1|sexM	42.0	E=7.6	105
GCA_015849325.1_UCR_MspKOD1229_1.0|w3|t3	GCA_015849325.1_UCR_MspKOD1229_1.0	cand	GCA_015849325.1_UCR_MspKOD1229_1.0|w3	tblastn	REF|3231046_uomd23-19_MAT_Plus|gene1|sexP	22.7	E=3.3	71
GCA_015849325.1_UCR_MspKOD1229_1.0|w4|t0	GCA_015849325.1_UCR_MspKOD1229_1.0	cand	GCA_015849325.1_UCR_MspKOD1229_1.0|w4	tblastn	REF|101119_atcc11807_MAT_Plus|gene0|sexP	46.2	E=1.5	87
GCA_015849325.1_UCR_MspKOD1229_1.0|w4|t1	GCA_015849325.1_UCR_MspKOD1229_1.0	cand	GCA_015849325.1_UCR_MspKOD1229_1.0|w4	tblastn	REF|101119_atcc11807_MAT_Plus|gene0|sexP	28.5	E=0.046	53
GCA_015849325.1_UCR_MspKOD1229_1.0|w5|t2	GCA_015849325.1_UCR_MspKOD1229_1.0	cand	GCA_015849325.1_UCR_MspKOD1229_1.0|w5	tblastn	REF|4837_ubc21_MAT_Plus|gene1|sexP	21.6	E=8.9	36
GCA_015849325.1_UCR_MspKOD1229_1.0|w5|t3	GCA_015849325.1_UCR_MspKOD1229_1.0	cand	GCA_015849325.1_UCR_MspKOD1229_1.0|w5	tblastn	REF|35722_atcc11077_MAT_Minus|gene0|sexM	32.3	E=0.002	153
GCA_015849325.1_UCR_MspKOD1229_1.0|w6|t0	GCA_015849325.1_UCR_MspKOD1229_1.0	cand	GCA_015849325.1_UCR_MspKOD1229_1.0|w6	tblastn	REF|29922_cbs109-16_MAT_Minus|gene1|sexM	28.5	E=0.035	77
GCA_015849325.1_UCR_MspKOD1229_1.0|w6|t1	GCA_015849325.1_UCR_MspKOD1229_1.0	cand	GCA_015849325.1_UCR_MspKOD1229_1.0|w6	tblastn	REF|4850_vkm-f-921_MAT_Minus|gene0|sexM	23.5	E=1.3	52
GCA_015849325.1_UCR_MspKOD1229_1.0|w6|t2	GCA_015849325.1_UCR_MspKOD1229_1.0	cand	GCA_015849325.1_UCR_MspKOD1229_1.0|w6	tblastn	REF|101119_atcc11807_MAT_Plus|gene0|sexP	22.3	E=4.7	45
GCA_015849325.1_UCR_MspKOD1229_1.0|w6|t3	GCA_015849325.1_UCR_MspKOD1229_1.0	cand	GCA_015849325.1_UCR_MspKOD1229_1.0|w6	tblastn	REF|36080_nrrl-3631_MAT_Plus|gene1|sexP	24.6	E=0.96	35
GCA_015849325.1_UCR_MspKOD1229_1.0|w6|t5	GCA_015849325.1_UCR_MspKOD1229_1.0	cand	GCA_015849325.1_UCR_MspKOD1229_1.0|w6	tblastn	REF|86630_cbs357-93_MAT_Minus|gene0|sexM	23.1	E=1.2	36
GCA_015849325.1_UCR_MspKOD1229_1.0|w6|t7	GCA_015849325.1_UCR_MspKOD1229_1.0	cand	GCA_015849325.1_UCR_MspKOD1229_1.0|w6	tblastn	REF|3231046_uomd23-19_MAT_Plus|gene1|sexP	29.6	E=0.027	77
GCA_015849325.1_UCR_MspKOD1229_1.0|w7|t0	GCA_015849325.1_UCR_MspKOD1229_1.0	cand	GCA_015849325.1_UCR_MspKOD1229_1.0|w7	tblastn	REF|3108396_ai-2023a_MAT_Plus|gene2|sexP	30.0	E=0.021	66
GCA_015849335.1_UCR_MchalAD033_1.0|w0|t0	GCA_015849335.1_UCR_MchalAD033_1.0	cand	GCA_015849335.1_UCR_MchalAD033_1.0|w0	tblastn	REF|29922_cbs109-16_MAT_Minus|gene1|sexM	40.1	E=1.1	89
GCA_015849335.1_UCR_MchalAD033_1.0|w0|t1	GCA_015849335.1_UCR_MchalAD033_1.0	cand	GCA_015849335.1_UCR_MchalAD033_1.0|w0	tblastn	REF|64495_cbs110-17_MAT_Minus|gene1|sexM	70.9	E=2.8e-17	79
GCA_015849335.1_UCR_MchalAD033_1.0|w1|t0	GCA_015849335.1_UCR_MchalAD033_1.0	cand	GCA_015849335.1_UCR_MchalAD033_1.0|w1	tblastn	REF|29922_cbs109-16_MAT_Minus|gene1|sexM	58.9	E=2.6e-06	69
GCA_015849335.1_UCR_MchalAD033_1.0|w1|t1	GCA_015849335.1_UCR_MchalAD033_1.0	cand	GCA_015849335.1_UCR_MchalAD033_1.0|w1	tblastn	REF|86630_cbs357-93_MAT_Minus|gene0|sexM	27.7	E=0.01	58
GCA_015849335.1_UCR_MchalAD033_1.0|w2|t0	GCA_015849335.1_UCR_MchalAD033_1.0	cand	GCA_015849335.1_UCR_MchalAD033_1.0|w2	tblastn	REF|36080_r7b_MAT_Minus|gene1|sexM	48.1	E=0.008	83
GCA_015849335.1_UCR_MchalAD033_1.0|w3|t0	GCA_015849335.1_UCR_MchalAD033_1.0	cand	GCA_015849335.1_UCR_MchalAD033_1.0|w3	tblastn	REF|36080_nrrl-3631_MAT_Plus|gene1|sexP	49.2	E=0.006	52
GCA_015852335.1_UCR_MchalNRRL2769_1.0|w0|t0	GCA_015852335.1_UCR_MchalNRRL2769_1.0	cand	GCA_015852335.1_UCR_MchalNRRL2769_1.0|w0	tblastn	REF|64495_cbs110-17_MAT_Minus|gene1|sexM	89.0	E=2.1e-17	106
GCA_015852335.1_UCR_MchalNRRL2769_1.0|w1|t0	GCA_015852335.1_UCR_MchalNRRL2769_1.0	cand	GCA_015852335.1_UCR_MchalNRRL2769_1.0|w1	tblastn	REF|36080_r7b_MAT_Minus|gene1|sexM	48.1	E=0.006	83
GCA_015852335.1_UCR_MchalNRRL2769_1.0|w2|t0	GCA_015852335.1_UCR_MchalNRRL2769_1.0	cand	GCA_015852335.1_UCR_MchalNRRL2769_1.0|w2	tblastn	REF|4837_ubc21_MAT_Plus|gene1|sexP	60.0	E=0.95	48
GCA_015852375.1_UCR_MclonKOD947_1.0|w0|t0	GCA_015852375.1_UCR_MclonKOD947_1.0	cand	GCA_015852375.1_UCR_MclonKOD947_1.0|w0	tblastn	REF|4837_ubc21_MAT_Plus|gene1|sexP	88.2	E=6.5e-08	124
GCA_015852375.1_UCR_MclonKOD947_1.0|w1|t0	GCA_015852375.1_UCR_MclonKOD947_1.0	cand	GCA_015852375.1_UCR_MclonKOD947_1.0|w1	tblastn	REF|4837_ubc21_MAT_Plus|gene1|sexP	48.1	E=1.4e-08	111
GCA_015852375.1_UCR_MclonKOD947_1.0|w1|t1	GCA_015852375.1_UCR_MclonKOD947_1.0	cand	GCA_015852375.1_UCR_MclonKOD947_1.0|w1	tblastn	REF|36080_nrrl-3631_MAT_Plus|gene1|sexP	30.0	E=0.01	37
GCA_015852375.1_UCR_MclonKOD947_1.0|w2|t0	GCA_015852375.1_UCR_MclonKOD947_1.0	cand	GCA_015852375.1_UCR_MclonKOD947_1.0|w2	tblastn	REF|36080_nrrl-3631_MAT_Plus|gene1|sexP	20.8	E=6.4	34
GCA_015852375.1_UCR_MclonKOD947_1.0|w3|t0	GCA_015852375.1_UCR_MclonKOD947_1.0	cand	GCA_015852375.1_UCR_MclonKOD947_1.0|w3	tblastn	REF|64495_cbs346-36_MAT_Plus|gene2|sexP	66.2	E=1.2	80
GCA_015852375.1_UCR_MclonKOD947_1.0|w3|t1	GCA_015852375.1_UCR_MclonKOD947_1.0	cand	GCA_015852375.1_UCR_MclonKOD947_1.0|w3	tblastn	REF|4837_ubc21_MAT_Plus|gene1|sexP	23.5	E=0.87	47
GCA_015852375.1_UCR_MclonKOD947_1.0|w3|t2	GCA_015852375.1_UCR_MclonKOD947_1.0	cand	GCA_015852375.1_UCR_MclonKOD947_1.0|w3	tblastn	REF|101119_atcc11807_MAT_Minus|gene0|sexM	26.2	E=0.072	33
GCA_015852375.1_UCR_MclonKOD947_1.0|w4|t2	GCA_015852375.1_UCR_MclonKOD947_1.0	cand	GCA_015852375.1_UCR_MclonKOD947_1.0|w4	tblastn	REF|36080_nrrl-3631_MAT_Plus|gene1|sexP	28.9	E=0.024	32
GCA_015852375.1_UCR_MclonKOD947_1.0|w5|t0	GCA_015852375.1_UCR_MclonKOD947_1.0	cand	GCA_015852375.1_UCR_MclonKOD947_1.0|w5	tblastn	REF|36080_r7b_MAT_Minus|gene1|sexM	21.6	E=2.6	65
GCA_015852375.1_UCR_MclonKOD947_1.0|w5|t1	GCA_015852375.1_UCR_MclonKOD947_1.0	cand	GCA_015852375.1_UCR_MclonKOD947_1.0|w5	tblastn	REF|64495_cbs346-36_MAT_Plus|gene2|sexP	25.8	E=0.17	36
GCA_015852375.1_UCR_MclonKOD947_1.0|w5|t2	GCA_015852375.1_UCR_MclonKOD947_1.0	cand	GCA_015852375.1_UCR_MclonKOD947_1.0|w5	tblastn	REF|36080_r7b_MAT_Minus|gene1|sexM	30.4	E=0.005	46
GCA_015852375.1_UCR_MclonKOD947_1.0|w5|t3	GCA_015852375.1_UCR_MclonKOD947_1.0	cand	GCA_015852375.1_UCR_MclonKOD947_1.0|w5	tblastn	REF|4850_vkm-f-921_MAT_Minus|gene0|sexM	21.2	E=2.7	64
GCA_015852385.1_UCR_MclonAM1000_1.0|w0|t0	GCA_015852385.1_UCR_MclonAM1000_1.0	cand	GCA_015852385.1_UCR_MclonAM1000_1.0|w0	tblastn	REF|36080_r7b_MAT_Minus|gene1|sexM	21.6	E=5.1	42
GCA_015852385.1_UCR_MclonAM1000_1.0|w0|t1	GCA_015852385.1_UCR_MclonAM1000_1.0	cand	GCA_015852385.1_UCR_MclonAM1000_1.0|w0	tblastn	REF|4837_ubc21_MAT_Plus|gene1|sexP	67.4	E=1.2e-07	99
GCA_015852385.1_UCR_MclonAM1000_1.0|w1|t0	GCA_015852385.1_UCR_MclonAM1000_1.0	cand	GCA_015852385.1_UCR_MclonAM1000_1.0|w1	tblastn	REF|4837_ubc21_MAT_Plus|gene1|sexP	45.4	E=1.9e-07	76
GCA_015852385.1_UCR_MclonAM1000_1.0|w2|t1	GCA_015852385.1_UCR_MclonAM1000_1.0	cand	GCA_015852385.1_UCR_MclonAM1000_1.0|w2	tblastn	REF|36080_r7b_MAT_Minus|gene1|sexM	31.2	E=0.005	47
GCA_015852385.1_UCR_MclonAM1000_1.0|w2|t2	GCA_015852385.1_UCR_MclonAM1000_1.0	cand	GCA_015852385.1_UCR_MclonAM1000_1.0|w2	tblastn	REF|4837_nrrl1555_MAT_Minus|gene1|sexM	20.8	E=6.6	50
GCA_015852385.1_UCR_MclonAM1000_1.0|w3|t0	GCA_015852385.1_UCR_MclonAM1000_1.0	cand	GCA_015852385.1_UCR_MclonAM1000_1.0|w3	tblastn	REF|64495_cbs110-17_MAT_Minus|gene1|sexM	41.6	E=5.5	33
GCA_015852385.1_UCR_MclonAM1000_1.0|w3|t2	GCA_015852385.1_UCR_MclonAM1000_1.0	cand	GCA_015852385.1_UCR_MclonAM1000_1.0|w3	tblastn	REF|3108396_ai-2023a_MAT_Plus|gene2|sexP	29.6	E=0.019	55
GCA_015852385.1_UCR_MclonAM1000_1.0|w4|t1	GCA_015852385.1_UCR_MclonAM1000_1.0	cand	GCA_015852385.1_UCR_MclonAM1000_1.0|w4	tblastn	REF|3231046_uomau377_MAT_Minus|gene1|sexM	42.4	E=5	46
GCA_015852385.1_UCR_MclonAM1000_1.0|w5|t0	GCA_015852385.1_UCR_MclonAM1000_1.0	cand	GCA_015852385.1_UCR_MclonAM1000_1.0|w5	tblastn	REF|101119_atcc11807_MAT_Plus|gene0|sexP	33.1	E=0.002	95
GCA_015852385.1_UCR_MclonAM1000_1.0|w5|t1	GCA_015852385.1_UCR_MclonAM1000_1.0	cand	GCA_015852385.1_UCR_MclonAM1000_1.0|w5	tblastn	REF|4837_ubc21_MAT_Plus|gene1|sexP	22.3	E=3.8	38
GCA_015852385.1_UCR_MclonAM1000_1.0|w5|t2	GCA_015852385.1_UCR_MclonAM1000_1.0	cand	GCA_015852385.1_UCR_MclonAM1000_1.0|w5	tblastn	REF|101119_atcc11807_MAT_Plus|gene0|sexP	23.1	E=1.8	42
GCA_015852385.1_UCR_MclonAM1000_1.0|w5|t3	GCA_015852385.1_UCR_MclonAM1000_1.0	cand	GCA_015852385.1_UCR_MclonAM1000_1.0|w5	tblastn	REF|36080_nrrl-3631_MAT_Plus|gene1|sexP	21.6	E=7.3	36
GCA_015852385.1_UCR_MclonAM1000_1.0|w5|t5	GCA_015852385.1_UCR_MclonAM1000_1.0	cand	GCA_015852385.1_UCR_MclonAM1000_1.0|w5	tblastn	REF|64495_cbs346-36_MAT_Plus|gene2|sexP	45.4	E=1.5	91
GCA_015852385.1_UCR_MclonAM1000_1.0|w6|t0	GCA_015852385.1_UCR_MclonAM1000_1.0	cand	GCA_015852385.1_UCR_MclonAM1000_1.0|w6	tblastn	REF|3231046_uomau377_MAT_Minus|gene1|sexM	29.6	E=0.014	95
GCA_015852385.1_UCR_MclonAM1000_1.0|w6|t1	GCA_015852385.1_UCR_MclonAM1000_1.0	cand	GCA_015852385.1_UCR_MclonAM1000_1.0|w6	tblastn	REF|36080_r7b_MAT_Minus|gene1|sexM	22.3	E=2.9	38
GCA_015852385.1_UCR_MclonAM1000_1.0|w6|t2	GCA_015852385.1_UCR_MclonAM1000_1.0	cand	GCA_015852385.1_UCR_MclonAM1000_1.0|w6	tblastn	REF|3231046_uomd23-19_MAT_Plus|gene1|sexP	30.8	E=0.01	87
GCA_015852385.1_UCR_MclonAM1000_1.0|w7|t0	GCA_015852385.1_UCR_MclonAM1000_1.0	cand	GCA_015852385.1_UCR_MclonAM1000_1.0|w7	tblastn	REF|4850_vkm-f-921_MAT_Minus|gene0|sexM	21.6	E=4.1	37
GCA_015852385.1_UCR_MclonAM1000_1.0|w7|t1	GCA_015852385.1_UCR_MclonAM1000_1.0	cand	GCA_015852385.1_UCR_MclonAM1000_1.0|w7	tblastn	REF|64495_cbs346-36_MAT_Plus|gene2|sexP	23.1	E=2.5	50
GCA_015852385.1_UCR_MclonAM1000_1.0|w7|t2	GCA_015852385.1_UCR_MclonAM1000_1.0	cand	GCA_015852385.1_UCR_MclonAM1000_1.0|w7	tblastn	REF|36080_nrrl-3631_MAT_Plus|gene1|sexP	28.5	E=0.051	32
GCA_015852385.1_UCR_MclonAM1000_1.0|w8|t1	GCA_015852385.1_UCR_MclonAM1000_1.0	cand	GCA_015852385.1_UCR_MclonAM1000_1.0|w8	tblastn	REF|86630_cbs357-93_MAT_Minus|gene0|sexM	20.4	E=7.4	39
GCA_015852385.1_UCR_MclonAM1000_1.0|w8|t3	GCA_015852385.1_UCR_MclonAM1000_1.0	cand	GCA_015852385.1_UCR_MclonAM1000_1.0|w8	tblastn	REF|101119_atcc11807_MAT_Plus|gene0|sexP	23.9	E=1	56
GCA_015852385.1_UCR_MclonAM1000_1.0|w8|t4	GCA_015852385.1_UCR_MclonAM1000_1.0	cand	GCA_015852385.1_UCR_MclonAM1000_1.0|w8	tblastn	REF|64495_cbs346-36_MAT_Plus|gene2|sexP	22.7	E=3.4	47
GCA_015852385.1_UCR_MclonAM1000_1.0|w8|t5	GCA_015852385.1_UCR_MclonAM1000_1.0	cand	GCA_015852385.1_UCR_MclonAM1000_1.0|w8	tblastn	REF|29922_cbs109-16_MAT_Minus|gene1|sexM	26.9	E=0.092	34
GCA_015852385.1_UCR_MclonAM1000_1.0|w8|t6	GCA_015852385.1_UCR_MclonAM1000_1.0	cand	GCA_015852385.1_UCR_MclonAM1000_1.0|w8	tblastn	REF|4850_vkm-f-921_MAT_Minus|gene0|sexM	23.5	E=1.1	47
GCA_015852385.1_UCR_MclonAM1000_1.0|w8|t7	GCA_015852385.1_UCR_MclonAM1000_1.0	cand	GCA_015852385.1_UCR_MclonAM1000_1.0|w8	tblastn	REF|64495_cbs110-17_MAT_Minus|gene1|sexM	29.6	E=0.009	30
GCA_015852395.1_UCR_MelonNVP5_1.0|w0|t0	GCA_015852395.1_UCR_MelonNVP5_1.0	cand	GCA_015852395.1_UCR_MelonNVP5_1.0|w0	tblastn	REF|4837_nrrl1555_MAT_Minus|gene1|sexM	61.6	E=1.7e-08	103
GCA_015852415.1_UCR_MelonGBA40_1.0|w0|t0	GCA_015852415.1_UCR_MelonGBA40_1.0	cand	GCA_015852415.1_UCR_MelonGBA40_1.0|w0	tblastn	REF|36080_r7b_MAT_Minus|gene1|sexM	40.1	E=0.99	51
GCA_015852415.1_UCR_MelonGBA40_1.0|w1|t0	GCA_015852415.1_UCR_MelonGBA40_1.0	cand	GCA_015852415.1_UCR_MelonGBA40_1.0|w1	tblastn	REF|36080_nrrl-3631_MAT_Plus|gene1|sexP	56.6	E=1.5e-05	70
GCA_015852415.1_UCR_MelonGBA40_1.0|w2|t0	GCA_015852415.1_UCR_MelonGBA40_1.0	cand	GCA_015852415.1_UCR_MelonGBA40_1.0|w2	tblastn	REF|36080_nrrl-3631_MAT_Plus|gene1|sexP	44.7	E=7.4e-08	89
GCA_015852415.1_UCR_MelonGBA40_1.0|w3|t0	GCA_015852415.1_UCR_MelonGBA40_1.0	cand	GCA_015852415.1_UCR_MelonGBA40_1.0|w3	tblastn	REF|3231046_uomau377_MAT_Minus|gene1|sexM	47.7	E=0.006	87
GCA_015852425.1_UCR_Mcyst1230_1.0|c0|t0	GCA_015852425.1_UCR_Mcyst1230_1.0	cand	GCA_015852425.1_UCR_Mcyst1230_1.0|c0	tblastn	REF|4837_ubc21_MAT_Plus|gene1|sexP	26.9	E=0.097	68
GCA_015852425.1_UCR_Mcyst1230_1.0|c0|t2	GCA_015852425.1_UCR_Mcyst1230_1.0	cand	GCA_015852425.1_UCR_Mcyst1230_1.0|c0	tblastn	REF|64495_cbs110-17_MAT_Minus|gene1|sexM	21.6	E=3	51
GCA_015852425.1_UCR_Mcyst1230_1.0|c0|t4	GCA_015852425.1_UCR_Mcyst1230_1.0	cand	GCA_015852425.1_UCR_Mcyst1230_1.0|c0	tblastn	REF|3231046_uomd23-19_MAT_Plus|gene1|sexP	21.6	E=4.8	52
GCA_015852425.1_UCR_Mcyst1230_1.0|c0|t6	GCA_015852425.1_UCR_Mcyst1230_1.0	cand	GCA_015852425.1_UCR_Mcyst1230_1.0|c0	tblastn	REF|29922_cbs109-16_MAT_Minus|gene1|sexM	23.5	E=0.9	74
GCA_015852425.1_UCR_Mcyst1230_1.0|c0|t7	GCA_015852425.1_UCR_Mcyst1230_1.0	cand	GCA_015852425.1_UCR_Mcyst1230_1.0|c0	tblastn	REF|3231046_uomau377_MAT_Minus|gene1|sexM	21.6	E=4.3	42
GCA_015852425.1_UCR_Mcyst1230_1.0|c0|t8	GCA_015852425.1_UCR_Mcyst1230_1.0	cand	GCA_015852425.1_UCR_Mcyst1230_1.0|c0	tblastn	REF|36080_r7b_MAT_Minus|gene1|sexM	45.9	E=0.57	119
GCA_015852425.1_UCR_Mcyst1230_1.0|c0|t9	GCA_015852425.1_UCR_Mcyst1230_1.0	cand	GCA_015852425.1_UCR_Mcyst1230_1.0|c0	tblastn	REF|3108396_ai-2023a_MAT_Plus|gene2|sexP	24.6	E=0.65	32
GCA_015852425.1_UCR_Mcyst1230_1.0|c0|t11	GCA_015852425.1_UCR_Mcyst1230_1.0	cand	GCA_015852425.1_UCR_Mcyst1230_1.0|c0	tblastn	REF|35722_atcc11077_MAT_Minus|gene0|sexM	40.8	E=0.53	80
GCA_015852425.1_UCR_Mcyst1230_1.0|c0|t12	GCA_015852425.1_UCR_Mcyst1230_1.0	cand	GCA_015852425.1_UCR_Mcyst1230_1.0|c0	tblastn	REF|101119_atcc11807_MAT_Plus|gene0|sexP	42.0	E=5.8	71
GCA_015852425.1_UCR_Mcyst1230_1.0|c0|t13	GCA_015852425.1_UCR_Mcyst1230_1.0	cand	GCA_015852425.1_UCR_Mcyst1230_1.0|c0	tblastn	REF|4850_vkm-f-921_MAT_Minus|gene0|sexM	47.3	E=0.28	109
GCA_015852425.1_UCR_Mcyst1230_1.0|c0|t14	GCA_015852425.1_UCR_Mcyst1230_1.0	cand	GCA_015852425.1_UCR_Mcyst1230_1.0|c0	tblastn	REF|3108396_ai-2023a_MAT_Plus|gene2|sexP	22.7	E=2.4	87
GCA_015852425.1_UCR_Mcyst1230_1.0|c0|t15	GCA_015852425.1_UCR_Mcyst1230_1.0	cand	GCA_015852425.1_UCR_Mcyst1230_1.0|c0	tblastn	REF|29922_cbs109-16_MAT_Minus|gene1|sexM	86.7	E=7e-14	149
GCA_015852425.1_UCR_Mcyst1230_1.0|h3|t0	GCA_015852425.1_UCR_Mcyst1230_1.0	nonlocus	GCA_015852425.1_UCR_Mcyst1230_1.0|h3	tblastn	REF|86630_cbs357-93_MAT_Minus|gene0|sexM	70.9	E=7.4e-17	80
GCA_015852425.1_UCR_Mcyst1230_1.0|h5|t0	GCA_015852425.1_UCR_Mcyst1230_1.0	nonlocus	GCA_015852425.1_UCR_Mcyst1230_1.0|h5	tblastn	REF|4837_nrrl1555_MAT_Minus|gene1|sexM	67.8	E=1.9e-15	73
GCA_015852425.1_UCR_Mcyst1230_1.0|h5|t1	GCA_015852425.1_UCR_Mcyst1230_1.0	nonlocus	GCA_015852425.1_UCR_Mcyst1230_1.0|h5	tblastn	REF|3231046_uomau377_MAT_Minus|gene1|sexM	21.6	E=4	36
GCA_015852425.1_UCR_Mcyst1230_1.0|h2|t0	GCA_015852425.1_UCR_Mcyst1230_1.0	nonlocus	GCA_015852425.1_UCR_Mcyst1230_1.0|h2	tblastn	REF|101119_atcc11807_MAT_Minus|gene0|sexM	60.5	E=3e-13	72
GCA_015852435.1_UCR_MepiAD058|w0|t0	GCA_015852435.1_UCR_MepiAD058	cand	GCA_015852435.1_UCR_MepiAD058|w0	tblastn	REF|36080_nrrl-3631_MAT_Plus|gene1|sexP	43.9	E=4.9e-07	40
GCA_015852435.1_UCR_MepiAD058|w0|t1	GCA_015852435.1_UCR_MepiAD058	cand	GCA_015852435.1_UCR_MepiAD058|w0	tblastn	REF|4850_vkm-f-921_MAT_Minus|gene0|sexM	21.6	E=2.6	35
GCA_015852435.1_UCR_MepiAD058|w1|t0	GCA_015852435.1_UCR_MepiAD058	cand	GCA_015852435.1_UCR_MepiAD058|w1	tblastn	REF|101119_atcc11807_MAT_Minus|gene0|sexM	41.5	E=1.5	43
GCA_015852435.1_UCR_MepiAD058|w1|t1	GCA_015852435.1_UCR_MepiAD058	cand	GCA_015852435.1_UCR_MepiAD058|w1	tblastn	REF|3108396_ai-2023a_MAT_Plus|gene2|sexP	21.6	E=4	34
GCA_015852435.1_UCR_MepiAD058|w1|t2	GCA_015852435.1_UCR_MepiAD058	cand	GCA_015852435.1_UCR_MepiAD058|w1	tblastn	REF|36080_r7b_MAT_Minus|gene1|sexM	40.8	E=4.8	61
GCA_015852435.1_UCR_MepiAD058|w2|t1	GCA_015852435.1_UCR_MepiAD058	cand	GCA_015852435.1_UCR_MepiAD058|w2	tblastn	REF|4837_nrrl1555_MAT_Minus|gene1|sexM	28.5	E=0.016	42
GCA_015852435.1_UCR_MepiAD058|w4|t0	GCA_015852435.1_UCR_MepiAD058	cand	GCA_015852435.1_UCR_MepiAD058|w4	tblastn	REF|29922_cbs109-16_MAT_Minus|gene1|sexM	25.8	E=0.11	39
GCA_015852435.1_UCR_MepiAD058|w4|t3	GCA_015852435.1_UCR_MepiAD058	cand	GCA_015852435.1_UCR_MepiAD058|w4	tblastn	REF|3231046_uomau377_MAT_Minus|gene1|sexM	40.0	E=8	125
GCA_015852435.1_UCR_MepiAD058|w4|t4	GCA_015852435.1_UCR_MepiAD058	cand	GCA_015852435.1_UCR_MepiAD058|w4	tblastn	REF|36080_nrrl-3631_MAT_Plus|gene1|sexP	29.6	E=0.012	50
GCA_015852435.1_UCR_MepiAD058|w5|t0	GCA_015852435.1_UCR_MepiAD058	cand	GCA_015852435.1_UCR_MepiAD058|w5	tblastn	REF|3108396_ai-2023a_MAT_Plus|gene2|sexP	28.9	E=0.021	44
GCA_015852435.1_UCR_MepiAD058|w6|t1	GCA_015852435.1_UCR_MepiAD058	cand	GCA_015852435.1_UCR_MepiAD058|w6	tblastn	REF|3231046_uomd23-19_MAT_Plus|gene1|sexP	55.9	E=0.003	75
GCA_015852435.1_UCR_MepiAD058|w7|t0	GCA_015852435.1_UCR_MepiAD058	cand	GCA_015852435.1_UCR_MepiAD058|w7	tblastn	REF|64495_cbs110-17_MAT_Minus|gene1|sexM	35.0	E=8.6e-05	76
GCA_015852495.1_UCR_MepiKOD1059_1.0|w0|t1	GCA_015852495.1_UCR_MepiKOD1059_1.0	cand	GCA_015852495.1_UCR_MepiKOD1059_1.0|w0	tblastn	REF|36080_nrrl-3631_MAT_Plus|gene1|sexP	24.6	E=0.48	34
GCA_015852495.1_UCR_MepiKOD1059_1.0|w0|t4	GCA_015852495.1_UCR_MepiKOD1059_1.0	cand	GCA_015852495.1_UCR_MepiKOD1059_1.0|w0	tblastn	REF|4837_ubc21_MAT_Plus|gene1|sexP	22.3	E=2.4	72
GCA_015852495.1_UCR_MepiKOD1059_1.0|w0|t6	GCA_015852495.1_UCR_MepiKOD1059_1.0	cand	GCA_015852495.1_UCR_MepiKOD1059_1.0|w0	tblastn	REF|86630_cbs357-93_MAT_Minus|gene0|sexM	64.3	E=1.4e-14	137
GCA_015852495.1_UCR_MepiKOD1059_1.0|w1|t0	GCA_015852495.1_UCR_MepiKOD1059_1.0	cand	GCA_015852495.1_UCR_MepiKOD1059_1.0|w1	tblastn	REF|3231046_uomd23-19_MAT_Plus|gene1|sexP	73.1	E=2.5e-09	90
GCA_015852495.1_UCR_MepiKOD1059_1.0|w2|t0	GCA_015852495.1_UCR_MepiKOD1059_1.0	cand	GCA_015852495.1_UCR_MepiKOD1059_1.0|w2	tblastn	REF|4837_ubc21_MAT_Plus|gene1|sexP	48.1	E=1.9e-08	110
GCA_015852495.1_UCR_MepiKOD1059_1.0|w4|t1	GCA_015852495.1_UCR_MepiKOD1059_1.0	cand	GCA_015852495.1_UCR_MepiKOD1059_1.0|w4	tblastn	REF|4850_vkm-f-921_MAT_Minus|gene0|sexM	61.2	E=2.9	58
GCA_015852495.1_UCR_MepiKOD1059_1.0|w4|t2	GCA_015852495.1_UCR_MepiKOD1059_1.0	cand	GCA_015852495.1_UCR_MepiKOD1059_1.0|w4	tblastn	REF|4837_nrrl1555_MAT_Minus|gene1|sexM	21.9	E=2	31
GCA_015852495.1_UCR_MepiKOD1059_1.0|w4|t3	GCA_015852495.1_UCR_MepiKOD1059_1.0	cand	GCA_015852495.1_UCR_MepiKOD1059_1.0|w4	tblastn	REF|29922_cbs109-16_MAT_Minus|gene1|sexM	40.4	E=6.6	37
GCA_015852495.1_UCR_MepiKOD1059_1.0|w5|t0	GCA_015852495.1_UCR_MepiKOD1059_1.0	cand	GCA_015852495.1_UCR_MepiKOD1059_1.0|w5	tblastn	REF|3108396_ai-2023a_MAT_Plus|gene2|sexP	28.9	E=0.022	44
GCA_016097715.1_ASM1609771v1|c0|m0	GCA_016097715.1_ASM1609771v1	cand	GCA_016097715.1_ASM1609771v1|c0	miniprot	REF|3231046_uomd23-19_MAT_Plus|gene1|sexP	307	0.968	280
GCA_016097735.1_ASM1609773v1|c0|m0	GCA_016097735.1_ASM1609773v1	cand	GCA_016097735.1_ASM1609773v1|c0	miniprot	REF|3231046_uomd23-19_MAT_Plus|gene1|sexP	307	0.968	280
GCA_016097755.1_ASM1609775v1|c0|m0	GCA_016097755.1_ASM1609775v1	cand	GCA_016097755.1_ASM1609775v1|c0	miniprot	REF|3231046_uomd23-19_MAT_Plus|gene1|sexP	307	0.968	280
GCA_016097855.1_UCR_MgamAD045_1.0|w0|t0	GCA_016097855.1_UCR_MgamAD045_1.0	cand	GCA_016097855.1_UCR_MgamAD045_1.0|w0	tblastn	REF|4837_nrrl1555_MAT_Minus|gene1|sexM	20.4	E=7.3	30
GCA_016097855.1_UCR_MgamAD045_1.0|w0|t1	GCA_016097855.1_UCR_MgamAD045_1.0	cand	GCA_016097855.1_UCR_MgamAD045_1.0|w0	tblastn	REF|4837_nrrl1555_MAT_Minus|gene1|sexM	68.9	E=6.3e-16	144
GCA_016097855.1_UCR_MgamAD045_1.0|w1|t0	GCA_016097855.1_UCR_MgamAD045_1.0	cand	GCA_016097855.1_UCR_MgamAD045_1.0|w1	tblastn	REF|101119_atcc11807_MAT_Minus|gene0|sexM	48.9	E=0.017	129
GCA_016097855.1_UCR_MgamAD045_1.0|w1|t1	GCA_016097855.1_UCR_MgamAD045_1.0	cand	GCA_016097855.1_UCR_MgamAD045_1.0|w1	tblastn	REF|3231046_uomd23-19_MAT_Plus|gene1|sexP	28.9	E=0.025	32
GCA_016097855.1_UCR_MgamAD045_1.0|w2|t0	GCA_016097855.1_UCR_MgamAD045_1.0	cand	GCA_016097855.1_UCR_MgamAD045_1.0|w2	tblastn	REF|4837_ubc21_MAT_Plus|gene1|sexP	52.8	E=6e-10	76
GCA_016097855.1_UCR_MgamAD045_1.0|w3|t0	GCA_016097855.1_UCR_MgamAD045_1.0	cand	GCA_016097855.1_UCR_MgamAD045_1.0|w3	tblastn	REF|4837_nrrl1555_MAT_Minus|gene1|sexM	23.5	E=0.75	43
GCA_016097855.1_UCR_MgamAD045_1.0|w3|t1	GCA_016097855.1_UCR_MgamAD045_1.0	cand	GCA_016097855.1_UCR_MgamAD045_1.0|w3	tblastn	REF|36080_r7b_MAT_Minus|gene1|sexM	30.0	E=0.009	36
GCA_016097855.1_UCR_MgamAD045_1.0|w4|t0	GCA_016097855.1_UCR_MgamAD045_1.0	cand	GCA_016097855.1_UCR_MgamAD045_1.0|w4	tblastn	REF|64495_cbs346-36_MAT_Plus|gene2|sexP	31.2	E=0.004	99
GCA_016097855.1_UCR_MgamAD045_1.0|w4|t1	GCA_016097855.1_UCR_MgamAD045_1.0	cand	GCA_016097855.1_UCR_MgamAD045_1.0|w4	tblastn	REF|36080_nrrl-3631_MAT_Plus|gene1|sexP	21.2	E=7.3	30
GCA_016097855.1_UCR_MgamAD045_1.0|w4|t2	GCA_016097855.1_UCR_MgamAD045_1.0	cand	GCA_016097855.1_UCR_MgamAD045_1.0|w4	tblastn	REF|29922_cbs109-16_MAT_Minus|gene1|sexM	22.3	E=1.5	50
GCA_016097855.1_UCR_MgamAD045_1.0|w4|t3	GCA_016097855.1_UCR_MgamAD045_1.0	cand	GCA_016097855.1_UCR_MgamAD045_1.0|w4	tblastn	REF|35722_atcc11077_MAT_Minus|gene0|sexM	20.8	E=5	66
GCA_016097855.1_UCR_MgamAD045_1.0|w4|t7	GCA_016097855.1_UCR_MgamAD045_1.0	cand	GCA_016097855.1_UCR_MgamAD045_1.0|w4	tblastn	REF|35722_atcc11077_MAT_Minus|gene0|sexM	29.6	E=0.008	95
GCA_016097855.1_UCR_MgamAD045_1.0|w5|t0	GCA_016097855.1_UCR_MgamAD045_1.0	cand	GCA_016097855.1_UCR_MgamAD045_1.0|w5	tblastn	REF|36080_nrrl-3631_MAT_Plus|gene1|sexP	30.8	E=0.007	57
GCA_016097855.1_UCR_MgamAD045_1.0|w5|t1	GCA_016097855.1_UCR_MgamAD045_1.0	cand	GCA_016097855.1_UCR_MgamAD045_1.0|w5	tblastn	REF|3231046_uomd23-19_MAT_Plus|gene1|sexP	43.5	E=3	66
GCA_016097855.1_UCR_MgamAD045_1.0|w6|t0	GCA_016097855.1_UCR_MgamAD045_1.0	cand	GCA_016097855.1_UCR_MgamAD045_1.0|w6	tblastn	REF|3231046_uomau377_MAT_Minus|gene1|sexM	21.6	E=2.9	58
GCA_016097855.1_UCR_MgamAD045_1.0|w6|t1	GCA_016097855.1_UCR_MgamAD045_1.0	cand	GCA_016097855.1_UCR_MgamAD045_1.0|w6	tblastn	REF|36080_nrrl-3631_MAT_Plus|gene1|sexP	29.3	E=0.02	35
GCA_016097865.1_UCR_MgamNVP60_1.0|w0|t0	GCA_016097865.1_UCR_MgamNVP60_1.0	cand	GCA_016097865.1_UCR_MgamNVP60_1.0|w0	tblastn	REF|4837_ubc21_MAT_Plus|gene1|sexP	70.0	E=8.1e-10	88
GCA_016097865.1_UCR_MgamNVP60_1.0|w1|t0	GCA_016097865.1_UCR_MgamNVP60_1.0	cand	GCA_016097865.1_UCR_MgamNVP60_1.0|w1	tblastn	REF|36080_nrrl-3631_MAT_Plus|gene1|sexP	28.9	E=0.006	53
GCA_016097865.1_UCR_MgamNVP60_1.0|w1|t1	GCA_016097865.1_UCR_MgamNVP60_1.0	cand	GCA_016097865.1_UCR_MgamNVP60_1.0|w1	tblastn	REF|101119_atcc11807_MAT_Minus|gene0|sexM	35.8	E=3.5	39
GCA_016097865.1_UCR_MgamNVP60_1.0|w2|t0	GCA_016097865.1_UCR_MgamNVP60_1.0	cand	GCA_016097865.1_UCR_MgamNVP60_1.0|w2	tblastn	REF|4837_nrrl1555_MAT_Minus|gene1|sexM	68.5	E=0.002	169
GCA_016097885.1_UCR_MgloAD054_1.0|w0|t0	GCA_016097885.1_UCR_MgloAD054_1.0	cand	GCA_016097885.1_UCR_MgloAD054_1.0|w0	tblastn	REF|64495_cbs346-36_MAT_Plus|gene2|sexP	63.9	E=0.56	113
GCA_016097885.1_UCR_MgloAD054_1.0|w0|t1	GCA_016097885.1_UCR_MgloAD054_1.0	cand	GCA_016097885.1_UCR_MgloAD054_1.0|w0	tblastn	REF|29922_cbs109-16_MAT_Minus|gene1|sexM	84.7	E=1.2e-14	87
GCA_016097885.1_UCR_MgloAD054_1.0|w1|t0	GCA_016097885.1_UCR_MgloAD054_1.0	cand	GCA_016097885.1_UCR_MgloAD054_1.0|w1	tblastn	REF|3108396_ai-2023a_MAT_Plus|gene2|sexP	41.9	E=1.3	76
GCA_016097885.1_UCR_MgloAD054_1.0|w1|t1	GCA_016097885.1_UCR_MgloAD054_1.0	cand	GCA_016097885.1_UCR_MgloAD054_1.0|w1	tblastn	REF|64495_cbs110-17_MAT_Minus|gene1|sexM	59.7	E=1.2	79
GCA_016097895.1_UCR_MexiNRRL28262_1.0|w0|t0	GCA_016097895.1_UCR_MexiNRRL28262_1.0	cand	GCA_016097895.1_UCR_MexiNRRL28262_1.0|w0	tblastn	REF|4837_ubc21_MAT_Plus|gene1|sexP	39.6	E=4.4	85
GCA_016097895.1_UCR_MexiNRRL28262_1.0|w0|t1	GCA_016097895.1_UCR_MexiNRRL28262_1.0	cand	GCA_016097895.1_UCR_MexiNRRL28262_1.0|w0	tblastn	REF|101119_atcc11807_MAT_Plus|gene0|sexP	21.6	E=1.6	30
GCA_016097895.1_UCR_MexiNRRL28262_1.0|w1|t0	GCA_016097895.1_UCR_MexiNRRL28262_1.0	cand	GCA_016097895.1_UCR_MexiNRRL28262_1.0|w1	tblastn	REF|36080_nrrl-3631_MAT_Plus|gene1|sexP	60.4	E=3.3	74
GCA_016097895.1_UCR_MexiNRRL28262_1.0|w1|t1	GCA_016097895.1_UCR_MexiNRRL28262_1.0	cand	GCA_016097895.1_UCR_MexiNRRL28262_1.0|w1	tblastn	REF|64495_cbs110-17_MAT_Minus|gene1|sexM	47.0	E=0.005	106
GCA_016097925.1_UCR_MhortAD009_1.0|w0|t0	GCA_016097925.1_UCR_MhortAD009_1.0	cand	GCA_016097925.1_UCR_MhortAD009_1.0|w0	tblastn	REF|29922_cbs109-16_MAT_Minus|gene1|sexM	51.6	E=0.015	66
GCA_016097925.1_UCR_MhortAD009_1.0|w1|t0	GCA_016097925.1_UCR_MhortAD009_1.0	cand	GCA_016097925.1_UCR_MhortAD009_1.0|w1	tblastn	REF|35722_atcc11077_MAT_Minus|gene0|sexM	27.7	E=0.015	30
GCA_016097925.1_UCR_MhortAD009_1.0|w1|t1	GCA_016097925.1_UCR_MhortAD009_1.0	cand	GCA_016097925.1_UCR_MhortAD009_1.0|w1	tblastn	REF|3108396_ai-2023a_MAT_Plus|gene2|sexP	21.2	E=3.3	72
GCA_016097925.1_UCR_MhortAD009_1.0|w2|t0	GCA_016097925.1_UCR_MhortAD009_1.0	cand	GCA_016097925.1_UCR_MhortAD009_1.0|w2	tblastn	REF|3231046_uomd23-19_MAT_Plus|gene1|sexP	65.0	E=1.2	139
GCA_016097925.1_UCR_MhortAD009_1.0|w2|t1	GCA_016097925.1_UCR_MhortAD009_1.0	cand	GCA_016097925.1_UCR_MhortAD009_1.0|w2	tblastn	REF|3231046_uomd23-19_MAT_Plus|gene1|sexP	21.9	E=1.9	52
GCA_016097925.1_UCR_MhortAD009_1.0|w2|t2	GCA_016097925.1_UCR_MhortAD009_1.0	cand	GCA_016097925.1_UCR_MhortAD009_1.0|w2	tblastn	REF|64495_cbs346-36_MAT_Plus|gene2|sexP	42.3	E=1.7	56
GCA_016097925.1_UCR_MhortAD009_1.0|w3|t0	GCA_016097925.1_UCR_MhortAD009_1.0	cand	GCA_016097925.1_UCR_MhortAD009_1.0|w3	tblastn	REF|64495_cbs346-36_MAT_Plus|gene2|sexP	42.8	E=2.5	34
GCA_016097925.1_UCR_MhortAD009_1.0|w4|t0	GCA_016097925.1_UCR_MhortAD009_1.0	cand	GCA_016097925.1_UCR_MhortAD009_1.0|w4	tblastn	REF|64495_cbs346-36_MAT_Plus|gene2|sexP	44.7	E=0.47	47
GCA_016097935.1_UCR_MglobuREB-010B_1.0|w0|t1	GCA_016097935.1_UCR_MglobuREB-010B_1.0	cand	GCA_016097935.1_UCR_MglobuREB-010B_1.0|w0	tblastn	REF|86630_cbs357-93_MAT_Minus|gene0|sexM	83.2	E=4.1e-14	99
GCA_016097935.1_UCR_MglobuREB-010B_1.0|w0|t2	GCA_016097935.1_UCR_MglobuREB-010B_1.0	cand	GCA_016097935.1_UCR_MglobuREB-010B_1.0|w0	tblastn	REF|3231046_uomd23-19_MAT_Plus|gene1|sexP	41.2	E=6.3	50
GCA_016097935.1_UCR_MglobuREB-010B_1.0|w0|t3	GCA_016097935.1_UCR_MglobuREB-010B_1.0	cand	GCA_016097935.1_UCR_MglobuREB-010B_1.0|w0	tblastn	REF|4850_vkm-f-921_MAT_Minus|gene0|sexM	22.7	E=0.82	41
GCA_016097935.1_UCR_MglobuREB-010B_1.0|w0|t4	GCA_016097935.1_UCR_MglobuREB-010B_1.0	cand	GCA_016097935.1_UCR_MglobuREB-010B_1.0|w0	tblastn	REF|29922_cbs109-16_MAT_Minus|gene1|sexM	21.6	E=2.3	132
GCA_016097935.1_UCR_MglobuREB-010B_1.0|w1|t0	GCA_016097935.1_UCR_MglobuREB-010B_1.0	cand	GCA_016097935.1_UCR_MglobuREB-010B_1.0|w1	tblastn	REF|64495_cbs346-36_MAT_Plus|gene2|sexP	20.8	E=5.4	36
GCA_016097935.1_UCR_MglobuREB-010B_1.0|w1|t1	GCA_016097935.1_UCR_MglobuREB-010B_1.0	cand	GCA_016097935.1_UCR_MglobuREB-010B_1.0|w1	tblastn	REF|3231046_uomd23-19_MAT_Plus|gene1|sexP	28.5	E=0.025	58
GCA_016097935.1_UCR_MglobuREB-010B_1.0|w1|t2	GCA_016097935.1_UCR_MglobuREB-010B_1.0	cand	GCA_016097935.1_UCR_MglobuREB-010B_1.0|w1	tblastn	REF|36080_r7b_MAT_Minus|gene1|sexM	70.8	E=0.036	113
GCA_016097935.1_UCR_MglobuREB-010B_1.0|w2|t1	GCA_016097935.1_UCR_MglobuREB-010B_1.0	cand	GCA_016097935.1_UCR_MglobuREB-010B_1.0|w2	tblastn	REF|4837_ubc21_MAT_Plus|gene1|sexP	42.8	E=3.2	56
GCA_016097935.1_UCR_MglobuREB-010B_1.0|w2|t2	GCA_016097935.1_UCR_MglobuREB-010B_1.0	cand	GCA_016097935.1_UCR_MglobuREB-010B_1.0|w2	tblastn	REF|35722_atcc11077_MAT_Minus|gene0|sexM	25.0	E=0.14	37
GCA_016097935.1_UCR_MglobuREB-010B_1.0|w2|t3	GCA_016097935.1_UCR_MglobuREB-010B_1.0	cand	GCA_016097935.1_UCR_MglobuREB-010B_1.0|w2	tblastn	REF|64495_cbs346-36_MAT_Plus|gene2|sexP	21.2	E=4.8	35
GCA_016097935.1_UCR_MglobuREB-010B_1.0|w2|t4	GCA_016097935.1_UCR_MglobuREB-010B_1.0	cand	GCA_016097935.1_UCR_MglobuREB-010B_1.0|w2	tblastn	REF|3108396_ai-2023a_MAT_Plus|gene2|sexP	21.6	E=3.8	34
GCA_016097935.1_UCR_MglobuREB-010B_1.0|w2|t5	GCA_016097935.1_UCR_MglobuREB-010B_1.0	cand	GCA_016097935.1_UCR_MglobuREB-010B_1.0|w2	tblastn	REF|3231046_uomau377_MAT_Minus|gene1|sexM	50.4	E=0.003	63
GCA_016097945.1_UCR_MhumKOD1050_1.0|w0|t0	GCA_016097945.1_UCR_MhumKOD1050_1.0	cand	GCA_016097945.1_UCR_MhumKOD1050_1.0|w0	tblastn	REF|29922_cbs109-16_MAT_Minus|gene1|sexM	54.6	E=0.00053	118
GCA_016097945.1_UCR_MhumKOD1050_1.0|w1|t0	GCA_016097945.1_UCR_MhumKOD1050_1.0	cand	GCA_016097945.1_UCR_MhumKOD1050_1.0|w1	tblastn	REF|36080_nrrl-3631_MAT_Plus|gene1|sexP	29.3	E=0.011	98
GCA_016097945.1_UCR_MhumKOD1050_1.0|w2|t0	GCA_016097945.1_UCR_MhumKOD1050_1.0	cand	GCA_016097945.1_UCR_MhumKOD1050_1.0|w2	tblastn	REF|36080_nrrl-3631_MAT_Plus|gene1|sexP	24.6	E=0.3	32
GCA_016097945.1_UCR_MhumKOD1050_1.0|w2|t1	GCA_016097945.1_UCR_MhumKOD1050_1.0	cand	GCA_016097945.1_UCR_MhumKOD1050_1.0|w2	tblastn	REF|35722_atcc11077_MAT_Minus|gene0|sexM	50.0	E=0.004	68
GCA_016097945.1_UCR_MhumKOD1050_1.0|w2|t2	GCA_016097945.1_UCR_MhumKOD1050_1.0	cand	GCA_016097945.1_UCR_MhumKOD1050_1.0|w2	tblastn	REF|29922_cbs109-16_MAT_Minus|gene1|sexM	39.6	E=4.1	30
GCA_016097945.1_UCR_MhumKOD1050_1.0|w3|t0	GCA_016097945.1_UCR_MhumKOD1050_1.0	cand	GCA_016097945.1_UCR_MhumKOD1050_1.0|w3	tblastn	REF|3108396_ai-2023a_MAT_Plus|gene2|sexP	50.0	E=0.027	82
GCA_016097945.1_UCR_MhumKOD1050_1.0|w3|t1	GCA_016097945.1_UCR_MhumKOD1050_1.0	cand	GCA_016097945.1_UCR_MhumKOD1050_1.0|w3	tblastn	REF|36080_nrrl-3631_MAT_Plus|gene1|sexP	21.9	E=2.5	35
GCA_016097945.1_UCR_MhumKOD1050_1.0|w4|t1	GCA_016097945.1_UCR_MhumKOD1050_1.0	cand	GCA_016097945.1_UCR_MhumKOD1050_1.0|w4	tblastn	REF|36080_nrrl-3631_MAT_Plus|gene1|sexP	28.5	E=0.024	100
GCA_016097945.1_UCR_MhumKOD1050_1.0|w5|t1	GCA_016097945.1_UCR_MhumKOD1050_1.0	cand	GCA_016097945.1_UCR_MhumKOD1050_1.0|w5	tblastn	REF|4850_vkm-f-921_MAT_Minus|gene0|sexM	44.3	E=0.65	104
GCA_016098005.1_UCR_MminAD069_1.0|w0|t0	GCA_016098005.1_UCR_MminAD069_1.0	cand	GCA_016098005.1_UCR_MminAD069_1.0|w0	tblastn	REF|4837_ubc21_MAT_Plus|gene1|sexP	48.1	E=1.8e-08	45
GCA_016098005.1_UCR_MminAD069_1.0|w1|t0	GCA_016098005.1_UCR_MminAD069_1.0	cand	GCA_016098005.1_UCR_MminAD069_1.0|w1	tblastn	REF|4837_nrrl1555_MAT_Minus|gene1|sexM	64.7	E=2.4e-07	84
GCA_016098005.1_UCR_MminAD069_1.0|w1|t2	GCA_016098005.1_UCR_MminAD069_1.0	cand	GCA_016098005.1_UCR_MminAD069_1.0|w1	tblastn	REF|4850_vkm-f-921_MAT_Minus|gene0|sexM	21.6	E=2.8	53
GCA_016098005.1_UCR_MminAD069_1.0|w3|t0	GCA_016098005.1_UCR_MminAD069_1.0	cand	GCA_016098005.1_UCR_MminAD069_1.0|w3	tblastn	REF|4837_nrrl1555_MAT_Minus|gene1|sexM	29.3	E=0.01	85
GCA_016098005.1_UCR_MminAD069_1.0|w3|t1	GCA_016098005.1_UCR_MminAD069_1.0	cand	GCA_016098005.1_UCR_MminAD069_1.0|w3	tblastn	REF|64495_cbs346-36_MAT_Plus|gene2|sexP	20.4	E=9.1	30
GCA_016098005.1_UCR_MminAD069_1.0|w4|t0	GCA_016098005.1_UCR_MminAD069_1.0	cand	GCA_016098005.1_UCR_MminAD069_1.0|w4	tblastn	REF|4837_nrrl1555_MAT_Minus|gene1|sexM	21.2	E=3	78
GCA_016098005.1_UCR_MminAD069_1.0|w4|t1	GCA_016098005.1_UCR_MminAD069_1.0	cand	GCA_016098005.1_UCR_MminAD069_1.0|w4	tblastn	REF|35722_atcc11077_MAT_Minus|gene0|sexM	20.0	E=6.7	32
GCA_016098005.1_UCR_MminAD069_1.0|w5|t0	GCA_016098005.1_UCR_MminAD069_1.0	cand	GCA_016098005.1_UCR_MminAD069_1.0|w5	tblastn	REF|64495_cbs110-17_MAT_Minus|gene1|sexM	47.4	E=0.32	47
GCA_016098005.1_UCR_MminAD069_1.0|w5|t1	GCA_016098005.1_UCR_MminAD069_1.0	cand	GCA_016098005.1_UCR_MminAD069_1.0|w5	tblastn	REF|3108396_ai-2023a_MAT_Plus|gene2|sexP	29.3	E=0.016	58
GCA_016098005.1_UCR_MminAD069_1.0|w5|t2	GCA_016098005.1_UCR_MminAD069_1.0	cand	GCA_016098005.1_UCR_MminAD069_1.0|w5	tblastn	REF|64495_cbs346-36_MAT_Plus|gene2|sexP	22.7	E=1.8	86
GCA_016098005.1_UCR_MminAD069_1.0|w6|t0	GCA_016098005.1_UCR_MminAD069_1.0	cand	GCA_016098005.1_UCR_MminAD069_1.0|w6	tblastn	REF|36080_r7b_MAT_Minus|gene1|sexM	28.1	E=0.027	49
GCA_016098005.1_UCR_MminAD069_1.0|w6|t1	GCA_016098005.1_UCR_MminAD069_1.0	cand	GCA_016098005.1_UCR_MminAD069_1.0|w6	tblastn	REF|36080_r7b_MAT_Minus|gene1|sexM	41.2	E=5.7	67
GCA_016098005.1_UCR_MminAD069_1.0|w6|t2	GCA_016098005.1_UCR_MminAD069_1.0	cand	GCA_016098005.1_UCR_MminAD069_1.0|w6	tblastn	REF|101119_atcc11807_MAT_Plus|gene0|sexP	24.6	E=0.44	35
GCA_016098015.1_UCR_MmultNRRL6456_1.0|w0|t0	GCA_016098015.1_UCR_MmultNRRL6456_1.0	cand	GCA_016098015.1_UCR_MmultNRRL6456_1.0|w0	tblastn	REF|35722_atcc11077_MAT_Minus|gene0|sexM	67.7	E=2.2e-09	144
GCA_016098015.1_UCR_MmultNRRL6456_1.0|w1|t0	GCA_016098015.1_UCR_MmultNRRL6456_1.0	cand	GCA_016098015.1_UCR_MmultNRRL6456_1.0|w1	tblastn	REF|4837_ubc21_MAT_Plus|gene1|sexP	49.7	E=2.4e-09	148
GCA_016098015.1_UCR_MmultNRRL6456_1.0|w2|t0	GCA_016098015.1_UCR_MmultNRRL6456_1.0	cand	GCA_016098015.1_UCR_MmultNRRL6456_1.0|w2	tblastn	REF|64495_cbs346-36_MAT_Plus|gene2|sexP	80.8	E=2.4	84
GCA_016098015.1_UCR_MmultNRRL6456_1.0|w3|t0	GCA_016098015.1_UCR_MmultNRRL6456_1.0	cand	GCA_016098015.1_UCR_MmultNRRL6456_1.0|w3	tblastn	REF|36080_nrrl-3631_MAT_Plus|gene1|sexP	28.9	E=0.01	36
GCA_016098015.1_UCR_MmultNRRL6456_1.0|w4|t0	GCA_016098015.1_UCR_MmultNRRL6456_1.0	cand	GCA_016098015.1_UCR_MmultNRRL6456_1.0|w4	tblastn	REF|36080_nrrl-3631_MAT_Plus|gene1|sexP	26.2	E=0.086	45
GCA_016098015.1_UCR_MmultNRRL6456_1.0|w4|t1	GCA_016098015.1_UCR_MmultNRRL6456_1.0	cand	GCA_016098015.1_UCR_MmultNRRL6456_1.0|w4	tblastn	REF|101119_atcc11807_MAT_Minus|gene0|sexM	41.6	E=1.2	35
GCA_016098025.1_UCR_MspAD032_1.0|w0|t0	GCA_016098025.1_UCR_MspAD032_1.0	cand	GCA_016098025.1_UCR_MspAD032_1.0|w0	tblastn	REF|36080_r7b_MAT_Minus|gene1|sexM	50.0	E=4.9e-05	83
GCA_016098035.1_UCR_MspGBA30_1.0|w0|t0	GCA_016098035.1_UCR_MspGBA30_1.0	cand	GCA_016098035.1_UCR_MspGBA30_1.0|w0	tblastn	REF|86630_cbs357-93_MAT_Minus|gene0|sexM	58.5	E=8.6e-13	74
GCA_016098035.1_UCR_MspGBA30_1.0|w1|t1	GCA_016098035.1_UCR_MspGBA30_1.0	cand	GCA_016098035.1_UCR_MspGBA30_1.0|w1	tblastn	REF|4837_nrrl1555_MAT_Minus|gene1|sexM	75.5	E=2.4e-18	115
GCA_016098035.1_UCR_MspGBA30_1.0|w2|t0	GCA_016098035.1_UCR_MspGBA30_1.0	cand	GCA_016098035.1_UCR_MspGBA30_1.0|w2	tblastn	REF|4837_nrrl1555_MAT_Minus|gene1|sexM	48.1	E=4e-09	74
GCA_016098035.1_UCR_MspGBA30_1.0|w3|t0	GCA_016098035.1_UCR_MspGBA30_1.0	cand	GCA_016098035.1_UCR_MspGBA30_1.0|w3	tblastn	REF|64495_cbs346-36_MAT_Plus|gene2|sexP	49.3	E=0.019	63
GCA_016098035.1_UCR_MspGBA30_1.0|w4|t0	GCA_016098035.1_UCR_MspGBA30_1.0	cand	GCA_016098035.1_UCR_MspGBA30_1.0|w4	tblastn	REF|86630_cbs357-93_MAT_Minus|gene0|sexM	46.2	E=0.098	50
GCA_016098035.1_UCR_MspGBA30_1.0|w4|t2	GCA_016098035.1_UCR_MspGBA30_1.0	cand	GCA_016098035.1_UCR_MspGBA30_1.0|w4	tblastn	REF|3231046_uomau377_MAT_Minus|gene1|sexM	72.4	E=0.004	102
GCA_016098045.1_UCR_MspGBA43_1.0|w0|t0	GCA_016098045.1_UCR_MspGBA43_1.0	cand	GCA_016098045.1_UCR_MspGBA43_1.0|w0	tblastn	REF|4837_nrrl1555_MAT_Minus|gene1|sexM	22.3	E=0.41	36
GCA_016098045.1_UCR_MspGBA43_1.0|w0|t1	GCA_016098045.1_UCR_MspGBA43_1.0	cand	GCA_016098045.1_UCR_MspGBA43_1.0|w0	tblastn	REF|3108396_ai-2023a_MAT_Plus|gene2|sexP	79.6	E=2.2e-06	143
GCA_016098085.1_UCR_MspNVP41_1.0|w0|t0	GCA_016098085.1_UCR_MspNVP41_1.0	cand	GCA_016098085.1_UCR_MspNVP41_1.0|w0	tblastn	REF|101119_atcc11807_MAT_Minus|gene0|sexM	64.3	E=1.5e-14	83
GCA_016098085.1_UCR_MspNVP41_1.0|w1|t2	GCA_016098085.1_UCR_MspNVP41_1.0	cand	GCA_016098085.1_UCR_MspNVP41_1.0|w1	tblastn	REF|101119_atcc11807_MAT_Plus|gene0|sexP	37.7	E=3.3e-05	74
GCA_016098085.1_UCR_MspNVP41_1.0|w2|t0	GCA_016098085.1_UCR_MspNVP41_1.0	cand	GCA_016098085.1_UCR_MspNVP41_1.0|w2	tblastn	REF|36080_r7b_MAT_Minus|gene1|sexM	67.4	E=0.47	176
GCA_016098085.1_UCR_MspNVP41_1.0|w3|t0	GCA_016098085.1_UCR_MspNVP41_1.0	cand	GCA_016098085.1_UCR_MspNVP41_1.0|w3	tblastn	REF|101119_atcc11807_MAT_Minus|gene0|sexM	50.5	E=0.011	59
GCA_016098085.1_UCR_MspNVP41_1.0|w3|t1	GCA_016098085.1_UCR_MspNVP41_1.0	cand	GCA_016098085.1_UCR_MspNVP41_1.0|w3	tblastn	REF|101119_atcc11807_MAT_Minus|gene0|sexM	22.3	E=1.3	35
GCA_016098085.1_UCR_MspNVP41_1.0|w3|t2	GCA_016098085.1_UCR_MspNVP41_1.0	cand	GCA_016098085.1_UCR_MspNVP41_1.0|w3	tblastn	REF|4837_nrrl1555_MAT_Minus|gene1|sexM	23.9	E=0.44	30
GCA_016098085.1_UCR_MspNVP41_1.0|w4|t1	GCA_016098085.1_UCR_MspNVP41_1.0	cand	GCA_016098085.1_UCR_MspNVP41_1.0|w4	tblastn	REF|3231046_uomd23-19_MAT_Plus|gene1|sexP	28.9	E=0.024	56
GCA_016098085.1_UCR_MspNVP41_1.0|w4|t2	GCA_016098085.1_UCR_MspNVP41_1.0	cand	GCA_016098085.1_UCR_MspNVP41_1.0|w4	tblastn	REF|86630_cbs357-93_MAT_Minus|gene0|sexM	21.2	E=3.4	38
GCA_016098085.1_UCR_MspNVP41_1.0|w5|t0	GCA_016098085.1_UCR_MspNVP41_1.0	cand	GCA_016098085.1_UCR_MspNVP41_1.0|w5	tblastn	REF|64495_cbs346-36_MAT_Plus|gene2|sexP	44.3	E=1.8	43
GCA_016098085.1_UCR_MspNVP41_1.0|w5|t1	GCA_016098085.1_UCR_MspNVP41_1.0	cand	GCA_016098085.1_UCR_MspNVP41_1.0|w5	tblastn	REF|4837_ubc21_MAT_Plus|gene1|sexP	49.7	E=6.5e-09	98
GCA_016098085.1_UCR_MspNVP41_1.0|w6|t0	GCA_016098085.1_UCR_MspNVP41_1.0	cand	GCA_016098085.1_UCR_MspNVP41_1.0|w6	tblastn	REF|4837_nrrl1555_MAT_Minus|gene1|sexM	46.6	E=2.4e-08	74
GCA_016098085.1_UCR_MspNVP41_1.0|w6|t1	GCA_016098085.1_UCR_MspNVP41_1.0	cand	GCA_016098085.1_UCR_MspNVP41_1.0|w6	tblastn	REF|4837_nrrl1555_MAT_Minus|gene1|sexM	21.6	E=2.9	39
GCA_016098085.1_UCR_MspNVP41_1.0|w7|t0	GCA_016098085.1_UCR_MspNVP41_1.0	cand	GCA_016098085.1_UCR_MspNVP41_1.0|w7	tblastn	REF|4837_ubc21_MAT_Plus|gene1|sexP	28.5	E=0.024	84
GCA_016098105.1_UCR_MwolfiiNRRL6351_1.0|w0|t0	GCA_016098105.1_UCR_MwolfiiNRRL6351_1.0	cand	GCA_016098105.1_UCR_MwolfiiNRRL6351_1.0|w0	tblastn	REF|4837_nrrl1555_MAT_Minus|gene1|sexM	22.7	E=1.2	71
GCA_016098105.1_UCR_MwolfiiNRRL6351_1.0|w0|t1	GCA_016098105.1_UCR_MwolfiiNRRL6351_1.0	cand	GCA_016098105.1_UCR_MwolfiiNRRL6351_1.0|w0	tblastn	REF|3108396_ai-2023a_MAT_Plus|gene2|sexP	33.1	E=0.001	72
GCA_016098105.1_UCR_MwolfiiNRRL6351_1.0|w0|t2	GCA_016098105.1_UCR_MwolfiiNRRL6351_1.0	cand	GCA_016098105.1_UCR_MwolfiiNRRL6351_1.0|w0	tblastn	REF|36080_r7b_MAT_Minus|gene1|sexM	20.4	E=6.8	50
GCA_016098105.1_UCR_MwolfiiNRRL6351_1.0|w0|t3	GCA_016098105.1_UCR_MwolfiiNRRL6351_1.0	cand	GCA_016098105.1_UCR_MwolfiiNRRL6351_1.0|w0	tblastn	REF|3231046_uomd23-19_MAT_Plus|gene1|sexP	22.3	E=2.5	44
GCA_016098105.1_UCR_MwolfiiNRRL6351_1.0|w0|t4	GCA_016098105.1_UCR_MwolfiiNRRL6351_1.0	cand	GCA_016098105.1_UCR_MwolfiiNRRL6351_1.0|w0	tblastn	REF|3231046_uomau377_MAT_Minus|gene1|sexM	43.9	E=0.92	89
GCA_016098105.1_UCR_MwolfiiNRRL6351_1.0|w0|t6	GCA_016098105.1_UCR_MwolfiiNRRL6351_1.0	cand	GCA_016098105.1_UCR_MwolfiiNRRL6351_1.0|w0	tblastn	REF|35722_atcc11077_MAT_Minus|gene0|sexM	21.9	E=1.8	32
GCA_016098105.1_UCR_MwolfiiNRRL6351_1.0|w2|t1	GCA_016098105.1_UCR_MwolfiiNRRL6351_1.0	cand	GCA_016098105.1_UCR_MwolfiiNRRL6351_1.0|w2	tblastn	REF|36080_r7b_MAT_Minus|gene1|sexM	43.9	E=0.78	62
GCA_016098105.1_UCR_MwolfiiNRRL6351_1.0|w2|t2	GCA_016098105.1_UCR_MwolfiiNRRL6351_1.0	cand	GCA_016098105.1_UCR_MwolfiiNRRL6351_1.0|w2	tblastn	REF|4837_nrrl1555_MAT_Minus|gene1|sexM	26.6	E=0.071	107
GCA_016098105.1_UCR_MwolfiiNRRL6351_1.0|w2|t4	GCA_016098105.1_UCR_MwolfiiNRRL6351_1.0	cand	GCA_016098105.1_UCR_MwolfiiNRRL6351_1.0|w2	tblastn	REF|101119_atcc11807_MAT_Plus|gene0|sexP	25.8	E=0.19	44
GCA_016098105.1_UCR_MwolfiiNRRL6351_1.0|w2|t5	GCA_016098105.1_UCR_MwolfiiNRRL6351_1.0	cand	GCA_016098105.1_UCR_MwolfiiNRRL6351_1.0|w2	tblastn	REF|36080_r7b_MAT_Minus|gene1|sexM	23.1	E=1.1	44
GCA_016098105.1_UCR_MwolfiiNRRL6351_1.0|w2|t6	GCA_016098105.1_UCR_MwolfiiNRRL6351_1.0	cand	GCA_016098105.1_UCR_MwolfiiNRRL6351_1.0|w2	tblastn	REF|101119_atcc11807_MAT_Plus|gene0|sexP	20.8	E=6.4	52
GCA_016098105.1_UCR_MwolfiiNRRL6351_1.0|w2|t8	GCA_016098105.1_UCR_MwolfiiNRRL6351_1.0	cand	GCA_016098105.1_UCR_MwolfiiNRRL6351_1.0|w2	tblastn	REF|3231046_uomau377_MAT_Minus|gene1|sexM	36.5	E=4.5	47
GCA_016098105.1_UCR_MwolfiiNRRL6351_1.0|w2|t10	GCA_016098105.1_UCR_MwolfiiNRRL6351_1.0	cand	GCA_016098105.1_UCR_MwolfiiNRRL6351_1.0|w2	tblastn	REF|64495_cbs110-17_MAT_Minus|gene1|sexM	28.5	E=0.013	73
GCA_016098155.1_UCR_MambBC1055_1.0|w0|t0	GCA_016098155.1_UCR_MambBC1055_1.0	cand	GCA_016098155.1_UCR_MambBC1055_1.0|w0	tblastn	REF|36080_nrrl-3631_MAT_Plus|gene1|sexP	90.8	E=1.1e-08	154
GCA_016098155.1_UCR_MambBC1055_1.0|w1|t0	GCA_016098155.1_UCR_MambBC1055_1.0	cand	GCA_016098155.1_UCR_MambBC1055_1.0|w1	tblastn	REF|101119_atcc11807_MAT_Plus|gene0|sexP	41.2	E=2.8	68
GCA_016098155.1_UCR_MambBC1055_1.0|w1|t3	GCA_016098155.1_UCR_MambBC1055_1.0	cand	GCA_016098155.1_UCR_MambBC1055_1.0|w1	tblastn	REF|4850_vkm-f-921_MAT_Minus|gene0|sexM	85.5	E=0.2	83
GCA_016098155.1_UCR_MambBC1055_1.0|w2|t0	GCA_016098155.1_UCR_MambBC1055_1.0	cand	GCA_016098155.1_UCR_MambBC1055_1.0|w2	tblastn	REF|3231046_uomau377_MAT_Minus|gene1|sexM	30.8	E=0.002	44
GCA_016098165.1_UCR_MpolyKOD948_1.0|w0|t0	GCA_016098165.1_UCR_MpolyKOD948_1.0	cand	GCA_016098165.1_UCR_MpolyKOD948_1.0|w0	tblastn	REF|4837_nrrl1555_MAT_Minus|gene1|sexM	71.2	E=6e-17	73
GCA_016098165.1_UCR_MpolyKOD948_1.0|w1|t0	GCA_016098165.1_UCR_MpolyKOD948_1.0	cand	GCA_016098165.1_UCR_MpolyKOD948_1.0|w1	tblastn	REF|4837_ubc21_MAT_Plus|gene1|sexP	48.1	E=9.4e-09	76
GCA_016098165.1_UCR_MpolyKOD948_1.0|w2|t0	GCA_016098165.1_UCR_MpolyKOD948_1.0	cand	GCA_016098165.1_UCR_MpolyKOD948_1.0|w2	tblastn	REF|86630_cbs357-93_MAT_Minus|gene0|sexM	58.9	E=3.3	78
GCA_016098165.1_UCR_MpolyKOD948_1.0|w2|t1	GCA_016098165.1_UCR_MpolyKOD948_1.0	cand	GCA_016098165.1_UCR_MpolyKOD948_1.0|w2	tblastn	REF|35722_atcc11077_MAT_Minus|gene0|sexM	22.3	E=0.85	44
GCA_016098165.1_UCR_MpolyKOD948_1.0|w2|t2	GCA_016098165.1_UCR_MpolyKOD948_1.0	cand	GCA_016098165.1_UCR_MpolyKOD948_1.0|w2	tblastn	REF|101119_atcc11807_MAT_Minus|gene0|sexM	40.8	E=2.4	45
GCA_016098165.1_UCR_MpolyKOD948_1.0|w3|t0	GCA_016098165.1_UCR_MpolyKOD948_1.0	cand	GCA_016098165.1_UCR_MpolyKOD948_1.0|w3	tblastn	REF|3231046_uomau377_MAT_Minus|gene1|sexM	28.5	E=0.011	77
GCA_016758895.1_ASM1675889v1|w0|t0	GCA_016758895.1_ASM1675889v1	cand	GCA_016758895.1_ASM1675889v1|w0	tblastn	REF|4850_vkm-f-921_MAT_Minus|gene0|sexM	21.6	E=3.1	128
GCA_016758895.1_ASM1675889v1|w0|t1	GCA_016758895.1_ASM1675889v1	cand	GCA_016758895.1_ASM1675889v1|w0	tblastn	REF|36080_r7b_MAT_Minus|gene1|sexM	29.6	E=0.011	56
GCA_016758895.1_ASM1675889v1|w0|t3	GCA_016758895.1_ASM1675889v1	cand	GCA_016758895.1_ASM1675889v1|w0	tblastn	REF|64495_cbs346-36_MAT_Plus|gene2|sexP	20.8	E=7.8	47
GCA_016758895.1_ASM1675889v1|w0|t4	GCA_016758895.1_ASM1675889v1	cand	GCA_016758895.1_ASM1675889v1|w0	tblastn	REF|36080_nrrl-3631_MAT_Plus|gene1|sexP	23.5	E=1.4	36
GCA_016758895.1_ASM1675889v1|w0|t5	GCA_016758895.1_ASM1675889v1	cand	GCA_016758895.1_ASM1675889v1|w0	tblastn	REF|3231046_uomd23-19_MAT_Plus|gene1|sexP	22.3	E=3.1	59
GCA_016758895.1_ASM1675889v1|w1|t0	GCA_016758895.1_ASM1675889v1	cand	GCA_016758895.1_ASM1675889v1|w1	tblastn	REF|101119_atcc11807_MAT_Plus|gene0|sexP	27.7	E=0.057	91
GCA_016758895.1_ASM1675889v1|w1|t1	GCA_016758895.1_ASM1675889v1	cand	GCA_016758895.1_ASM1675889v1|w1	tblastn	REF|4837_nrrl1555_MAT_Minus|gene1|sexM	58.5	E=2.7e-12	65
GCA_016758895.1_ASM1675889v1|w1|t4	GCA_016758895.1_ASM1675889v1	cand	GCA_016758895.1_ASM1675889v1|w1	tblastn	REF|36080_r7b_MAT_Minus|gene1|sexM	21.2	E=5	33
GCA_016758895.1_ASM1675889v1|w1|t5	GCA_016758895.1_ASM1675889v1	cand	GCA_016758895.1_ASM1675889v1|w1	tblastn	REF|4850_vkm-f-921_MAT_Minus|gene0|sexM	21.9	E=2.1	79
GCA_016758895.1_ASM1675889v1|w2|t0	GCA_016758895.1_ASM1675889v1	cand	GCA_016758895.1_ASM1675889v1|w2	tblastn	REF|4837_ubc21_MAT_Plus|gene1|sexP	46.2	E=0.69	57
GCA_016758895.1_ASM1675889v1|w2|t2	GCA_016758895.1_ASM1675889v1	cand	GCA_016758895.1_ASM1675889v1|w2	tblastn	REF|101119_atcc11807_MAT_Plus|gene0|sexP	23.1	E=1.5	47
GCA_016758895.1_ASM1675889v1|w2|t3	GCA_016758895.1_ASM1675889v1	cand	GCA_016758895.1_ASM1675889v1|w2	tblastn	REF|35722_atcc11077_MAT_Minus|gene0|sexM	23.1	E=0.89	51
GCA_016758895.1_ASM1675889v1|w2|t4	GCA_016758895.1_ASM1675889v1	cand	GCA_016758895.1_ASM1675889v1|w2	tblastn	REF|86630_cbs357-93_MAT_Minus|gene0|sexM	35.4	E=8.7	34
GCA_016758895.1_ASM1675889v1|w2|t5	GCA_016758895.1_ASM1675889v1	cand	GCA_016758895.1_ASM1675889v1|w2	tblastn	REF|86630_cbs357-93_MAT_Minus|gene0|sexM	26.9	E=0.051	44
GCA_016758895.1_ASM1675889v1|nw3|t0	GCA_016758895.1_ASM1675889v1	cand	GCA_016758895.1_ASM1675889v1|nw3	tblastn	REF|4837_nrrl1555_MAT_Minus|gene1|sexM	62.7	E=5.3e-07	98
GCA_016758905.1_ASM1675890v1|c1|t0	GCA_016758905.1_ASM1675890v1	cand	GCA_016758905.1_ASM1675890v1|c1	tblastn	REF|3108396_ai-2023a_MAT_Plus|gene2|sexP	92.4	E=4.4e-05	91
GCA_016758905.1_ASM1675890v1|nw0|t0	GCA_016758905.1_ASM1675890v1	cand	GCA_016758905.1_ASM1675890v1|nw0	tblastn	REF|29922_cbs109-16_MAT_Minus|gene1|sexM	43.2	E=0.74	50
GCA_016758935.1_ASM1675893v1|c0|m0	GCA_016758935.1_ASM1675893v1	cand	GCA_016758935.1_ASM1675893v1|c0	miniprot	REF|3108396_ai-2023a_MAT_Plus|gene2|sexP	555	0.891	306
GCA_016758945.1_ASM1675894v1|c0|t0	GCA_016758945.1_ASM1675894v1	cand	GCA_016758945.1_ASM1675894v1|c0	tblastn	REF|101119_atcc11807_MAT_Minus|gene0|sexM	20.8	E=0.62	34
GCA_016758945.1_ASM1675894v1|c0|t1	GCA_016758945.1_ASM1675894v1	cand	GCA_016758945.1_ASM1675894v1|c0	tblastn	REF|29922_cbs109-16_MAT_Minus|gene1|sexM	65.5	E=1.6e-15	178
GCA_016758965.1_ASM1675896v1|w1|t2	GCA_016758965.1_ASM1675896v1	cand	GCA_016758965.1_ASM1675896v1|w1	tblastn	REF|36080_r7b_MAT_Minus|gene1|sexM	28.9	E=0.009	100
GCA_016758965.1_ASM1675896v1|w1|t3	GCA_016758965.1_ASM1675896v1	cand	GCA_016758965.1_ASM1675896v1|w1	tblastn	REF|4837_nrrl1555_MAT_Minus|gene1|sexM	43.1	E=1.1	49
GCA_016758965.1_ASM1675896v1|h6|t0	GCA_016758965.1_ASM1675896v1	nonlocus	GCA_016758965.1_ASM1675896v1|h6	tblastn	REF|4837_ubc21_MAT_Plus|gene1|sexP	80.5	E=2.2e-19	217
GCA_016758965.1_ASM1675896v1|h1|t0	GCA_016758965.1_ASM1675896v1	nonlocus	GCA_016758965.1_ASM1675896v1|h1	tblastn	REF|29922_cbs109-16_MAT_Minus|gene1|sexM	106.3	E=2.3e-13	100
GCA_016758965.1_ASM1675896v1|h4|t0	GCA_016758965.1_ASM1675896v1	nonlocus	GCA_016758965.1_ASM1675896v1|h4	tblastn	REF|36080_nrrl-3631_MAT_Plus|gene1|sexP	95.4	E=7.7e-10	128
GCA_016758985.1_ASM1675898v1|c0|m0	GCA_016758985.1_ASM1675898v1	cand	GCA_016758985.1_ASM1675898v1|c0	miniprot	REF|3108396_ai-2023a_MAT_Plus|gene2|sexP	630	0.905	287
GCA_016758985.1_ASM1675898v1|w0|t0	GCA_016758985.1_ASM1675898v1	cand	GCA_016758985.1_ASM1675898v1|w0	tblastn	REF|101119_atcc11807_MAT_Minus|gene0|sexM	82.4	E=1.9e-14	141
GCA_016758985.1_ASM1675898v1|w0|t1	GCA_016758985.1_ASM1675898v1	cand	GCA_016758985.1_ASM1675898v1|w0	tblastn	REF|3231046_uomau377_MAT_Minus|gene1|sexM	78.6	E=1.4e-06	90
GCA_017871115.1_ASM1787111v1|c0|m0	GCA_017871115.1_ASM1787111v1	cand	GCA_017871115.1_ASM1787111v1|c0	miniprot	REF|3231046_uomd23-19_MAT_Plus|gene1|sexP	549	0.958	284
GCA_019022795.1_ASM1902279v1|c0|m0	GCA_019022795.1_ASM1902279v1	cand	GCA_019022795.1_ASM1902279v1|c0	miniprot	REF|64495_cbs346-36_MAT_Plus|gene2|sexP	1532	1.0	313
GCA_019022795.1_ASM1902279v1|w0|t0	GCA_019022795.1_ASM1902279v1	cand	GCA_019022795.1_ASM1902279v1|w0	tblastn	REF|35722_atcc11077_MAT_Minus|gene0|sexM	47.0	E=0.001	133
GCA_019022815.1_ASM1902281v1|c0|m0	GCA_019022815.1_ASM1902281v1	cand	GCA_019022815.1_ASM1902281v1|c0	miniprot	REF|64495_cbs346-36_MAT_Plus|gene2|sexP	629	0.994	316
GCA_019671135.1_ASM1967113v1|w0|t0	GCA_019671135.1_ASM1967113v1	cand	GCA_019671135.1_ASM1967113v1|w0	tblastn	REF|64495_cbs110-17_MAT_Minus|gene1|sexM	61.6	E=2e-13	80
GCA_019671135.1_ASM1967113v1|w0|t1	GCA_019671135.1_ASM1967113v1	cand	GCA_019671135.1_ASM1967113v1|w0	tblastn	REF|101119_atcc11807_MAT_Plus|gene0|sexP	21.6	E=7.1	43
GCA_019671135.1_ASM1967113v1|w0|t3	GCA_019671135.1_ASM1967113v1	cand	GCA_019671135.1_ASM1967113v1|w0	tblastn	REF|101119_atcc11807_MAT_Minus|gene0|sexM	23.5	E=1.1	36
GCA_019671135.1_ASM1967113v1|w1|t0	GCA_019671135.1_ASM1967113v1	cand	GCA_019671135.1_ASM1967113v1|w1	tblastn	REF|64495_cbs346-36_MAT_Plus|gene2|sexP	38.9	E=4.4	78
GCA_019671135.1_ASM1967113v1|w1|t1	GCA_019671135.1_ASM1967113v1	cand	GCA_019671135.1_ASM1967113v1|w1	tblastn	REF|35722_atcc11077_MAT_Minus|gene0|sexM	44.3	E=1.9	64
GCA_019671135.1_ASM1967113v1|w2|t0	GCA_019671135.1_ASM1967113v1	cand	GCA_019671135.1_ASM1967113v1|w2	tblastn	REF|86630_cbs357-93_MAT_Minus|gene0|sexM	42.0	E=6	73
GCA_019671135.1_ASM1967113v1|w2|t1	GCA_019671135.1_ASM1967113v1	cand	GCA_019671135.1_ASM1967113v1|w2	tblastn	REF|4837_nrrl1555_MAT_Minus|gene1|sexM	78.2	E=8.2e-19	101
GCA_019671135.1_ASM1967113v1|w2|t2	GCA_019671135.1_ASM1967113v1	cand	GCA_019671135.1_ASM1967113v1|w2	tblastn	REF|101119_atcc11807_MAT_Minus|gene0|sexM	20.4	E=10	33
GCA_019671135.1_ASM1967113v1|w3|t1	GCA_019671135.1_ASM1967113v1	cand	GCA_019671135.1_ASM1967113v1|w3	tblastn	REF|101119_atcc11807_MAT_Minus|gene0|sexM	29.3	E=0.014	102
GCA_019671135.1_ASM1967113v1|w4|t0	GCA_019671135.1_ASM1967113v1	cand	GCA_019671135.1_ASM1967113v1|w4	tblastn	REF|4837_ubc21_MAT_Plus|gene1|sexP	50.4	E=7.1e-09	76
GCA_019671135.1_ASM1967113v1|w5|t0	GCA_019671135.1_ASM1967113v1	cand	GCA_019671135.1_ASM1967113v1|w5	tblastn	REF|36080_r7b_MAT_Minus|gene1|sexM	29.3	E=0.021	48
GCA_019671135.1_ASM1967113v1|w5|t1	GCA_019671135.1_ASM1967113v1	cand	GCA_019671135.1_ASM1967113v1|w5	tblastn	REF|64495_cbs110-17_MAT_Minus|gene1|sexM	26.6	E=0.1	74
GCA_019671135.1_ASM1967113v1|w6|t0	GCA_019671135.1_ASM1967113v1	cand	GCA_019671135.1_ASM1967113v1|w6	tblastn	REF|29922_cbs109-16_MAT_Minus|gene1|sexM	21.2	E=7	41
GCA_019671135.1_ASM1967113v1|w6|t1	GCA_019671135.1_ASM1967113v1	cand	GCA_019671135.1_ASM1967113v1|w6	tblastn	REF|4850_vkm-f-921_MAT_Minus|gene0|sexM	22.7	E=2.2	30
GCA_019671135.1_ASM1967113v1|w6|t2	GCA_019671135.1_ASM1967113v1	cand	GCA_019671135.1_ASM1967113v1|w6	tblastn	REF|64495_cbs346-36_MAT_Plus|gene2|sexP	23.5	E=2.2	30
GCA_019671135.1_ASM1967113v1|w6|t3	GCA_019671135.1_ASM1967113v1	cand	GCA_019671135.1_ASM1967113v1|w6	tblastn	REF|64495_cbs346-36_MAT_Plus|gene2|sexP	73.6	E=0.074	118
GCA_019671135.1_ASM1967113v1|w7|t0	GCA_019671135.1_ASM1967113v1	cand	GCA_019671135.1_ASM1967113v1|w7	tblastn	REF|29922_cbs109-16_MAT_Minus|gene1|sexM	28.9	E=0.028	37
GCA_019671135.1_ASM1967113v1|w7|t1	GCA_019671135.1_ASM1967113v1	cand	GCA_019671135.1_ASM1967113v1|w7	tblastn	REF|64495_cbs110-17_MAT_Minus|gene1|sexM	28.1	E=0.032	83
GCA_019671135.1_ASM1967113v1|w7|t2	GCA_019671135.1_ASM1967113v1	cand	GCA_019671135.1_ASM1967113v1|w7	tblastn	REF|29922_cbs109-16_MAT_Minus|gene1|sexM	24.3	E=0.7	34
GCA_019677225.1_ASM1967722v1|c0|m0	GCA_019677225.1_ASM1967722v1	cand	GCA_019677225.1_ASM1967722v1|c0	miniprot	REF|3231046_uomau377_MAT_Minus|gene1|sexM	352	0.962	211
GCA_019677255.1_ASM1967725v1|w0|t0	GCA_019677255.1_ASM1967725v1	cand	GCA_019677255.1_ASM1967725v1|w0	tblastn	REF|101119_atcc11807_MAT_Minus|gene0|sexM	57.3	E=6.5e-06	65
GCA_019677255.1_ASM1967725v1|w0|t1	GCA_019677255.1_ASM1967725v1	cand	GCA_019677255.1_ASM1967725v1|w0	tblastn	REF|36080_nrrl-3631_MAT_Plus|gene1|sexP	41.2	E=4.4	76
GCA_019677255.1_ASM1967725v1|w0|t2	GCA_019677255.1_ASM1967725v1	cand	GCA_019677255.1_ASM1967725v1|w0	tblastn	REF|4850_vkm-f-921_MAT_Minus|gene0|sexM	41.6	E=2	59
GCA_019677255.1_ASM1967725v1|w1|t0	GCA_019677255.1_ASM1967725v1	cand	GCA_019677255.1_ASM1967725v1|w1	tblastn	REF|35722_atcc11077_MAT_Minus|gene0|sexM	43.5	E=0.44	32
GCA_019677255.1_ASM1967725v1|w1|t1	GCA_019677255.1_ASM1967725v1	cand	GCA_019677255.1_ASM1967725v1|w1	tblastn	REF|4837_ubc21_MAT_Plus|gene1|sexP	58.6	E=2.8e-05	131
GCA_019677255.1_ASM1967725v1|w2|t0	GCA_019677255.1_ASM1967725v1	cand	GCA_019677255.1_ASM1967725v1|w2	tblastn	REF|35722_atcc11077_MAT_Minus|gene0|sexM	39.3	E=3.2	56
GCA_019677255.1_ASM1967725v1|w2|t1	GCA_019677255.1_ASM1967725v1	cand	GCA_019677255.1_ASM1967725v1|w2	tblastn	REF|29922_cbs109-16_MAT_Minus|gene1|sexM	21.9	E=1.1	51
GCA_019788775.1_ASM1978877v1|c0|t0	GCA_019788775.1_ASM1978877v1	cand	GCA_019788775.1_ASM1978877v1|c0	tblastn	REF|36080_nrrl-3631_MAT_Plus|gene1|sexP	41.6	E=7.2	41
GCA_019788775.1_ASM1978877v1|c0|t1	GCA_019788775.1_ASM1978877v1	cand	GCA_019788775.1_ASM1978877v1|c0	tblastn	REF|4850_vkm-f-921_MAT_Minus|gene0|sexM	22.3	E=1.1	32
GCA_019788775.1_ASM1978877v1|c0|t2	GCA_019788775.1_ASM1978877v1	cand	GCA_019788775.1_ASM1978877v1|c0	tblastn	REF|3231046_uomau377_MAT_Minus|gene1|sexM	40.4	E=6	87
GCA_019788775.1_ASM1978877v1|w0|t0	GCA_019788775.1_ASM1978877v1	cand	GCA_019788775.1_ASM1978877v1|w0	tblastn	REF|35722_atcc11077_MAT_Minus|gene0|sexM	44.6	E=1	73
GCA_019788775.1_ASM1978877v1|w0|t1	GCA_019788775.1_ASM1978877v1	cand	GCA_019788775.1_ASM1978877v1|w0	tblastn	REF|64495_cbs110-17_MAT_Minus|gene1|sexM	22.7	E=0.75	49
GCA_019788775.1_ASM1978877v1|w0|t3	GCA_019788775.1_ASM1978877v1	cand	GCA_019788775.1_ASM1978877v1|w0	tblastn	REF|3231046_uomau377_MAT_Minus|gene1|sexM	40.8	E=3.4	90
GCA_019788775.1_ASM1978877v1|w0|t4	GCA_019788775.1_ASM1978877v1	cand	GCA_019788775.1_ASM1978877v1|w0	tblastn	REF|4837_nrrl1555_MAT_Minus|gene1|sexM	49.3	E=2e-09	74
GCA_019788775.1_ASM1978877v1|w1|t1	GCA_019788775.1_ASM1978877v1	cand	GCA_019788775.1_ASM1978877v1|w1	tblastn	REF|29922_cbs109-16_MAT_Minus|gene1|sexM	63.1	E=0.71	120
GCA_019788775.1_ASM1978877v1|w1|t2	GCA_019788775.1_ASM1978877v1	cand	GCA_019788775.1_ASM1978877v1|w1	tblastn	REF|3108396_ai-2023a_MAT_Plus|gene2|sexP	40.8	E=8.5	35
GCA_019788775.1_ASM1978877v1|w1|t3	GCA_019788775.1_ASM1978877v1	cand	GCA_019788775.1_ASM1978877v1|w1	tblastn	REF|4837_nrrl1555_MAT_Minus|gene1|sexM	23.1	E=0.8	43
GCA_019788775.1_ASM1978877v1|w1|t4	GCA_019788775.1_ASM1978877v1	cand	GCA_019788775.1_ASM1978877v1|w1	tblastn	REF|35722_atcc11077_MAT_Minus|gene0|sexM	27.3	E=0.029	38
GCA_019828915.1_ASM1982891v1|nc0|m0	GCA_019828915.1_ASM1982891v1	cand	GCA_019828915.1_ASM1982891v1|nc0	miniprot	REF|64495_cbs110-17_MAT_Minus|gene1|sexM	946	1.0	188
GCA_019828915.1_ASM1982891v1|w2|t0	GCA_019828915.1_ASM1982891v1	cand	GCA_019828915.1_ASM1982891v1|w2	tblastn	REF|101119_atcc11807_MAT_Plus|gene0|sexP	30.8	E=0.00089	42
GCA_019828915.1_ASM1982891v1|w3|t0	GCA_019828915.1_ASM1982891v1	cand	GCA_019828915.1_ASM1982891v1|w3	tblastn	REF|3231046_uomau377_MAT_Minus|gene1|sexM	38.5	E=2.2	49
GCA_019828915.1_ASM1982891v1|w4|t0	GCA_019828915.1_ASM1982891v1	cand	GCA_019828915.1_ASM1982891v1|w4	tblastn	REF|36080_nrrl-3631_MAT_Plus|gene1|sexP	68.9	E=0.003	112
GCA_019828915.1_ASM1982891v1|w5|t0	GCA_019828915.1_ASM1982891v1	cand	GCA_019828915.1_ASM1982891v1|w5	tblastn	REF|35722_atcc11077_MAT_Minus|gene0|sexM	38.5	E=1.6	48
GCA_020744185.1_Morel_U14_1|w0|t1	GCA_020744185.1_Morel_U14_1	cand	GCA_020744185.1_Morel_U14_1|w0	tblastn	REF|4837_ubc21_MAT_Plus|gene1|sexP	33.1	E=0.001	43
GCA_020744185.1_Morel_U14_1|w0|t2	GCA_020744185.1_Morel_U14_1	cand	GCA_020744185.1_Morel_U14_1|w0	tblastn	REF|4850_vkm-f-921_MAT_Minus|gene0|sexM	20.8	E=4.5	50
GCA_020744185.1_Morel_U14_1|w0|t3	GCA_020744185.1_Morel_U14_1	cand	GCA_020744185.1_Morel_U14_1|w0	tblastn	REF|36080_r7b_MAT_Minus|gene1|sexM	22.3	E=2.1	37
GCA_020744185.1_Morel_U14_1|w1|t0	GCA_020744185.1_Morel_U14_1	cand	GCA_020744185.1_Morel_U14_1|w1	tblastn	REF|101119_atcc11807_MAT_Minus|gene0|sexM	27.7	E=0.024	45
GCA_020744185.1_Morel_U14_1|w2|t0	GCA_020744185.1_Morel_U14_1	cand	GCA_020744185.1_Morel_U14_1|w2	tblastn	REF|86630_cbs357-93_MAT_Minus|gene0|sexM	62.3	E=1.4	93
GCA_020744185.1_Morel_U14_1|w3|t1	GCA_020744185.1_Morel_U14_1	cand	GCA_020744185.1_Morel_U14_1|w3	tblastn	REF|4837_ubc21_MAT_Plus|gene1|sexP	45.8	E=1e-07	51
GCA_020744185.1_Morel_U14_1|w3|t2	GCA_020744185.1_Morel_U14_1	cand	GCA_020744185.1_Morel_U14_1|w3	tblastn	REF|86630_cbs357-93_MAT_Minus|gene0|sexM	23.9	E=0.41	30
GCA_020744185.1_Morel_U14_1|w4|t0	GCA_020744185.1_Morel_U14_1	cand	GCA_020744185.1_Morel_U14_1|w4	tblastn	REF|35722_atcc11077_MAT_Minus|gene0|sexM	38.5	E=2.1	74
GCA_020744185.1_Morel_U14_1|w4|t4	GCA_020744185.1_Morel_U14_1	cand	GCA_020744185.1_Morel_U14_1|w4	tblastn	REF|86630_cbs357-93_MAT_Minus|gene0|sexM	22.3	E=1.4	52
GCA_020744185.1_Morel_U14_1|w4|t5	GCA_020744185.1_Morel_U14_1	cand	GCA_020744185.1_Morel_U14_1|w4	tblastn	REF|36080_nrrl-3631_MAT_Plus|gene1|sexP	28.1	E=0.041	52
GCA_020891255.1_Epvsp_1.0|w0|t0	GCA_020891255.1_Epvsp_1.0	cand	GCA_020891255.1_Epvsp_1.0|w0	tblastn	REF|3231046_uomd23-19_MAT_Plus|gene1|sexP	21.6	E=7.9	39
GCA_020891255.1_Epvsp_1.0|w0|t1	GCA_020891255.1_Epvsp_1.0	cand	GCA_020891255.1_Epvsp_1.0|w0	tblastn	REF|3231046_uomau377_MAT_Minus|gene1|sexM	21.9	E=4.1	53
GCA_020891255.1_Epvsp_1.0|w0|t3	GCA_020891255.1_Epvsp_1.0	cand	GCA_020891255.1_Epvsp_1.0|w0	tblastn	REF|36080_nrrl-3631_MAT_Plus|gene1|sexP	50.4	E=0.079	79
GCA_020891255.1_Epvsp_1.0|w0|t4	GCA_020891255.1_Epvsp_1.0	cand	GCA_020891255.1_Epvsp_1.0|w0	tblastn	REF|29922_cbs109-16_MAT_Minus|gene1|sexM	27.7	E=0.054	37
GCA_020891255.1_Epvsp_1.0|w1|t0	GCA_020891255.1_Epvsp_1.0	cand	GCA_020891255.1_Epvsp_1.0|w1	tblastn	REF|29922_cbs109-16_MAT_Minus|gene1|sexM	23.5	E=1	39
GCA_020891255.1_Epvsp_1.0|w1|t3	GCA_020891255.1_Epvsp_1.0	cand	GCA_020891255.1_Epvsp_1.0|w1	tblastn	REF|64495_cbs110-17_MAT_Minus|gene1|sexM	21.2	E=5.4	45
GCA_020891255.1_Epvsp_1.0|w1|t5	GCA_020891255.1_Epvsp_1.0	cand	GCA_020891255.1_Epvsp_1.0|w1	tblastn	REF|36080_r7b_MAT_Minus|gene1|sexM	29.6	E=0.017	47
GCA_020891255.1_Epvsp_1.0|w1|t7	GCA_020891255.1_Epvsp_1.0	cand	GCA_020891255.1_Epvsp_1.0|w1	tblastn	REF|64495_cbs346-36_MAT_Plus|gene2|sexP	54.2	E=0.003	85
GCA_020891255.1_Epvsp_1.0|w2|t0	GCA_020891255.1_Epvsp_1.0	cand	GCA_020891255.1_Epvsp_1.0|w2	tblastn	REF|3231046_uomau377_MAT_Minus|gene1|sexM	25.4	E=0.35	40
GCA_020891255.1_Epvsp_1.0|w2|t1	GCA_020891255.1_Epvsp_1.0	cand	GCA_020891255.1_Epvsp_1.0|w2	tblastn	REF|86630_cbs357-93_MAT_Minus|gene0|sexM	77.0	E=8.7e-11	92
GCA_020891255.1_Epvsp_1.0|w3|t1	GCA_020891255.1_Epvsp_1.0	cand	GCA_020891255.1_Epvsp_1.0|w3	tblastn	REF|64495_cbs346-36_MAT_Plus|gene2|sexP	44.2	E=4	44
GCA_020891255.1_Epvsp_1.0|w3|t2	GCA_020891255.1_Epvsp_1.0	cand	GCA_020891255.1_Epvsp_1.0|w3	tblastn	REF|3231046_uomau377_MAT_Minus|gene1|sexM	34.7	E=0.0004	44
GCA_020891255.1_Epvsp_1.0|w3|t3	GCA_020891255.1_Epvsp_1.0	cand	GCA_020891255.1_Epvsp_1.0|w3	tblastn	REF|64495_cbs110-17_MAT_Minus|gene1|sexM	42.0	E=5.6	56
GCA_020891255.1_Epvsp_1.0|w3|t4	GCA_020891255.1_Epvsp_1.0	cand	GCA_020891255.1_Epvsp_1.0|w3	tblastn	REF|101119_atcc11807_MAT_Plus|gene0|sexP	21.2	E=8	30
GCA_020891255.1_Epvsp_1.0|w4|t1	GCA_020891255.1_Epvsp_1.0	cand	GCA_020891255.1_Epvsp_1.0|w4	tblastn	REF|29922_cbs109-16_MAT_Minus|gene1|sexM	23.5	E=1.2	34
GCA_020891255.1_Epvsp_1.0|w4|t4	GCA_020891255.1_Epvsp_1.0	cand	GCA_020891255.1_Epvsp_1.0|w4	tblastn	REF|101119_atcc11807_MAT_Minus|gene0|sexM	29.3	E=0.013	43
GCA_020891255.1_Epvsp_1.0|h3|t0	GCA_020891255.1_Epvsp_1.0	nonlocus	GCA_020891255.1_Epvsp_1.0|h3	tblastn	REF|64495_cbs110-17_MAT_Minus|gene1|sexM	66.6	E=3e-15	107
GCA_020891255.1_Epvsp_1.0|h1|t0	GCA_020891255.1_Epvsp_1.0	nonlocus	GCA_020891255.1_Epvsp_1.0|h1	tblastn	REF|4837_nrrl1555_MAT_Minus|gene1|sexM	54.3	E=1e-10	76
GCA_020891255.1_Epvsp_1.0|h6|t0	GCA_020891255.1_Epvsp_1.0	nonlocus	GCA_020891255.1_Epvsp_1.0|h6	tblastn	REF|86630_cbs357-93_MAT_Minus|gene0|sexM	58.9	E=1.6e-12	80
GCA_020891255.1_Epvsp_1.0|h6|t1	GCA_020891255.1_Epvsp_1.0	nonlocus	GCA_020891255.1_Epvsp_1.0|h6	tblastn	REF|86630_cbs357-93_MAT_Minus|gene0|sexM	23.1	E=1.1	48
GCA_021235465.1_Umbelo1|c0|t0	GCA_021235465.1_Umbelo1	cand	GCA_021235465.1_Umbelo1|c0	tblastn	REF|64495_cbs346-36_MAT_Plus|gene2|sexP	91.2	E=1.1e-10	212
GCA_022702545.1_SJTU-YXQ|c0|m0	GCA_022702545.1_SJTU-YXQ	cand	GCA_022702545.1_SJTU-YXQ|c0	miniprot	REF|4837_nrrl1555_MAT_Minus|gene1|sexM	836	1.0	211
GCA_022702545.1_SJTU-YXQ|w0|t0	GCA_022702545.1_SJTU-YXQ	cand	GCA_022702545.1_SJTU-YXQ|w0	tblastn	REF|36080_nrrl-3631_MAT_Plus|gene1|sexP	28.9	E=0.058	37
GCA_022702545.1_SJTU-YXQ|w0|t1	GCA_022702545.1_SJTU-YXQ	cand	GCA_022702545.1_SJTU-YXQ|w0	tblastn	REF|4837_nrrl1555_MAT_Minus|gene1|sexM	22.3	E=4	39
GCA_022702545.1_SJTU-YXQ|w0|t2	GCA_022702545.1_SJTU-YXQ	cand	GCA_022702545.1_SJTU-YXQ|w0	tblastn	REF|29922_cbs109-16_MAT_Minus|gene1|sexM	39.2	E=2.2	52
GCA_022702545.1_SJTU-YXQ|w0|t3	GCA_022702545.1_SJTU-YXQ	cand	GCA_022702545.1_SJTU-YXQ|w0	tblastn	REF|4850_vkm-f-921_MAT_Minus|gene0|sexM	21.6	E=5.6	46
GCA_022702545.1_SJTU-YXQ|w0|t4	GCA_022702545.1_SJTU-YXQ	cand	GCA_022702545.1_SJTU-YXQ|w0	tblastn	REF|4837_nrrl1555_MAT_Minus|gene1|sexM	21.6	E=7.2	30
GCA_022702545.1_SJTU-YXQ|w0|t8	GCA_022702545.1_SJTU-YXQ	cand	GCA_022702545.1_SJTU-YXQ|w0	tblastn	REF|4837_ubc21_MAT_Plus|gene1|sexP	21.9	E=7.5	59
GCA_022702545.1_SJTU-YXQ|w0|t9	GCA_022702545.1_SJTU-YXQ	cand	GCA_022702545.1_SJTU-YXQ|w0	tblastn	REF|86630_cbs357-93_MAT_Minus|gene0|sexM	21.2	E=6.4	49
GCA_022702545.1_SJTU-YXQ|w0|t10	GCA_022702545.1_SJTU-YXQ	cand	GCA_022702545.1_SJTU-YXQ|w0	tblastn	REF|86630_cbs357-93_MAT_Minus|gene0|sexM	20.8	E=8.7	49
GCA_022702545.1_SJTU-YXQ|w0|t11	GCA_022702545.1_SJTU-YXQ	cand	GCA_022702545.1_SJTU-YXQ|w0	tblastn	REF|29922_cbs109-16_MAT_Minus|gene1|sexM	23.1	E=2.2	35
GCA_022702545.1_SJTU-YXQ|w0|t12	GCA_022702545.1_SJTU-YXQ	cand	GCA_022702545.1_SJTU-YXQ|w0	tblastn	REF|36080_nrrl-3631_MAT_Plus|gene1|sexP	21.6	E=9.8	33
GCA_022702545.1_SJTU-YXQ|w0|t13	GCA_022702545.1_SJTU-YXQ	cand	GCA_022702545.1_SJTU-YXQ|w0	tblastn	REF|36080_nrrl-3631_MAT_Plus|gene1|sexP	21.6	E=9.8	33
GCA_022702545.1_SJTU-YXQ|w0|t15	GCA_022702545.1_SJTU-YXQ	cand	GCA_022702545.1_SJTU-YXQ|w0	tblastn	REF|3108396_ai-2023a_MAT_Plus|gene2|sexP	49.3	E=0.13	82
GCA_022702545.1_SJTU-YXQ|w0|t16	GCA_022702545.1_SJTU-YXQ	cand	GCA_022702545.1_SJTU-YXQ|w0	tblastn	REF|86630_cbs357-93_MAT_Minus|gene0|sexM	45.5	E=0.057	57
GCA_022702545.1_SJTU-YXQ|w1|t0	GCA_022702545.1_SJTU-YXQ	cand	GCA_022702545.1_SJTU-YXQ|w1	tblastn	REF|64495_cbs346-36_MAT_Plus|gene2|sexP	36.6	E=0.00025	95
GCA_022702545.1_SJTU-YXQ|w1|t3	GCA_022702545.1_SJTU-YXQ	cand	GCA_022702545.1_SJTU-YXQ|w1	tblastn	REF|64495_cbs346-36_MAT_Plus|gene2|sexP	26.2	E=0.41	41
GCA_022702545.1_SJTU-YXQ|w2|t1	GCA_022702545.1_SJTU-YXQ	cand	GCA_022702545.1_SJTU-YXQ|w2	tblastn	REF|64495_cbs346-36_MAT_Plus|gene2|sexP	54.7	E=0.012	89
GCA_022702545.1_SJTU-YXQ|w3|t0	GCA_022702545.1_SJTU-YXQ	cand	GCA_022702545.1_SJTU-YXQ|w3	tblastn	REF|3231046_uomau377_MAT_Minus|gene1|sexM	28.9	E=0.043	80
GCA_022702545.1_SJTU-YXQ|w3|t1	GCA_022702545.1_SJTU-YXQ	cand	GCA_022702545.1_SJTU-YXQ|w3	tblastn	REF|36080_nrrl-3631_MAT_Plus|gene1|sexP	22.7	E=4.6	57
GCA_022702545.1_SJTU-YXQ|w3|t2	GCA_022702545.1_SJTU-YXQ	cand	GCA_022702545.1_SJTU-YXQ|w3	tblastn	REF|64495_cbs346-36_MAT_Plus|gene2|sexP	22.3	E=7	40
GCA_022702545.1_SJTU-YXQ|w3|t3	GCA_022702545.1_SJTU-YXQ	cand	GCA_022702545.1_SJTU-YXQ|w3	tblastn	REF|3108396_ai-2023a_MAT_Plus|gene2|sexP	45.8	E=2	104
GCA_022702545.1_SJTU-YXQ|h9|t0	GCA_022702545.1_SJTU-YXQ	nonlocus	GCA_022702545.1_SJTU-YXQ|h9	tblastn	REF|3231046_uomd23-19_MAT_Plus|gene1|sexP	42.7	E=2.4e-06	68
GCA_022702545.1_SJTU-YXQ|h9|t1	GCA_022702545.1_SJTU-YXQ	nonlocus	GCA_022702545.1_SJTU-YXQ|h9	tblastn	REF|86630_cbs357-93_MAT_Minus|gene0|sexM	21.9	E=4.1	34
GCA_022702545.1_SJTU-YXQ|h4|t0	GCA_022702545.1_SJTU-YXQ	nonlocus	GCA_022702545.1_SJTU-YXQ|h4	tblastn	REF|3108396_ai-2023a_MAT_Plus|gene2|sexP	36.2	E=0.0003	54
GCA_022702545.1_SJTU-YXQ|h5|t0	GCA_022702545.1_SJTU-YXQ	nonlocus	GCA_022702545.1_SJTU-YXQ|h5	tblastn	REF|64495_cbs346-36_MAT_Plus|gene2|sexP	21.6	E=9.3	50
GCA_022702545.1_SJTU-YXQ|h5|t1	GCA_022702545.1_SJTU-YXQ	nonlocus	GCA_022702545.1_SJTU-YXQ|h5	tblastn	REF|86630_cbs357-93_MAT_Minus|gene0|sexM	79.7	E=1.2e-11	107
GCA_022702545.1_SJTU-YXQ|h5|t2	GCA_022702545.1_SJTU-YXQ	nonlocus	GCA_022702545.1_SJTU-YXQ|h5	tblastn	REF|101119_atcc11807_MAT_Plus|gene0|sexP	24.3	E=1.3	84
GCA_022750515.1_UCR_MspNRRL2760_1.0|w0|t0	GCA_022750515.1_UCR_MspNRRL2760_1.0	cand	GCA_022750515.1_UCR_MspNRRL2760_1.0|w0	tblastn	REF|4850_vkm-f-921_MAT_Minus|gene0|sexM	44.7	E=0.27	49
GCA_022750515.1_UCR_MspNRRL2760_1.0|w0|t1	GCA_022750515.1_UCR_MspNRRL2760_1.0	cand	GCA_022750515.1_UCR_MspNRRL2760_1.0|w0	tblastn	REF|101119_atcc11807_MAT_Plus|gene0|sexP	47.0	E=0.077	94
GCA_022750515.1_UCR_MspNRRL2760_1.0|w0|t3	GCA_022750515.1_UCR_MspNRRL2760_1.0	cand	GCA_022750515.1_UCR_MspNRRL2760_1.0|w0	tblastn	REF|64495_cbs110-17_MAT_Minus|gene1|sexM	21.6	E=1.2	55
GCA_022750515.1_UCR_MspNRRL2760_1.0|w0|t4	GCA_022750515.1_UCR_MspNRRL2760_1.0	cand	GCA_022750515.1_UCR_MspNRRL2760_1.0|w0	tblastn	REF|4837_nrrl1555_MAT_Minus|gene1|sexM	87.4	E=1.7e-15	113
GCA_022750515.1_UCR_MspNRRL2760_1.0|w0|t5	GCA_022750515.1_UCR_MspNRRL2760_1.0	cand	GCA_022750515.1_UCR_MspNRRL2760_1.0|w0	tblastn	REF|36080_r7b_MAT_Minus|gene1|sexM	66.6	E=0.14	85
GCA_022750515.1_UCR_MspNRRL2760_1.0|w0|t6	GCA_022750515.1_UCR_MspNRRL2760_1.0	cand	GCA_022750515.1_UCR_MspNRRL2760_1.0|w0	tblastn	REF|3108396_ai-2023a_MAT_Plus|gene2|sexP	26.2	E=0.092	40
GCA_022750515.1_UCR_MspNRRL2760_1.0|w0|t7	GCA_022750515.1_UCR_MspNRRL2760_1.0	cand	GCA_022750515.1_UCR_MspNRRL2760_1.0|w0	tblastn	REF|36080_nrrl-3631_MAT_Plus|gene1|sexP	28.5	E=0.018	48
GCA_023091675.1_ASM2309167v1|w0|t0	GCA_023091675.1_ASM2309167v1	cand	GCA_023091675.1_ASM2309167v1|w0	tblastn	REF|36080_r7b_MAT_Minus|gene1|sexM	57.4	E=3.1	52
GCA_023091675.1_ASM2309167v1|w0|t1	GCA_023091675.1_ASM2309167v1	cand	GCA_023091675.1_ASM2309167v1|w0	tblastn	REF|3108396_ai-2023a_MAT_Plus|gene2|sexP	108.9	E=0.008	159
GCA_023512895.1_ASM2351289v1|nc0|t0	GCA_023512895.1_ASM2351289v1	cand	GCA_023512895.1_ASM2351289v1|nc0	tblastn	REF|4837_ubc21_MAT_Plus|gene1|sexP	164.0	E=1e-34	218
GCA_023512895.1_ASM2351289v1|w2|t0	GCA_023512895.1_ASM2351289v1	cand	GCA_023512895.1_ASM2351289v1|w2	tblastn	REF|101119_atcc11807_MAT_Plus|gene0|sexP	46.5	E=0.007	97
GCA_023629755.1_ASM2362975v1|c0|m0	GCA_023629755.1_ASM2362975v1	cand	GCA_023629755.1_ASM2362975v1|c0	miniprot	REF|36080_r7b_MAT_Minus|gene1|sexM	720	1.0	256
GCA_023629755.1_ASM2362975v1|w0|t0	GCA_023629755.1_ASM2362975v1	cand	GCA_023629755.1_ASM2362975v1|w0	tblastn	REF|101119_atcc11807_MAT_Minus|gene0|sexM	65.8	E=0.001	78
GCA_023629775.1_ASM2362977v1|c0|m0	GCA_023629775.1_ASM2362977v1	cand	GCA_023629775.1_ASM2362977v1|c0	miniprot	REF|36080_nrrl-3631_MAT_Plus|gene1|sexP	1293	1.0	322
GCA_023629815.1_ASM2362981v1|c0|m0	GCA_023629815.1_ASM2362981v1	cand	GCA_023629815.1_ASM2362981v1|c0	miniprot	REF|36080_r7b_MAT_Minus|gene1|sexM	720	1.0	256
GCA_023629815.1_ASM2362981v1|w0|t0	GCA_023629815.1_ASM2362981v1	cand	GCA_023629815.1_ASM2362981v1|w0	tblastn	REF|101119_atcc11807_MAT_Minus|gene0|sexM	65.8	E=0.001	78
GCA_023629835.1_ASM2362983v1|c0|m0	GCA_023629835.1_ASM2362983v1	cand	GCA_023629835.1_ASM2362983v1|c0	miniprot	REF|36080_nrrl-3631_MAT_Plus|gene1|sexP	1288	1.0	322
GCA_023629835.1_ASM2362983v1|w0|t0	GCA_023629835.1_ASM2362983v1	cand	GCA_023629835.1_ASM2362983v1|w0	tblastn	REF|3231046_uomd23-19_MAT_Plus|gene1|sexP	92.4	E=1.8e-05	137
GCA_023629855.1_ASM2362985v1|c0|m0	GCA_023629855.1_ASM2362985v1	cand	GCA_023629855.1_ASM2362985v1|c0	miniprot	REF|36080_nrrl-3631_MAT_Plus|gene1|sexP	1293	1.0	322
GCA_023629875.1_ASM2362987v1|c0|m0	GCA_023629875.1_ASM2362987v1	cand	GCA_023629875.1_ASM2362987v1|c0	miniprot	REF|36080_nrrl-3631_MAT_Plus|gene1|sexP	1293	1.0	322
GCA_023629895.1_ASM2362989v1|w0|t0	GCA_023629895.1_ASM2362989v1	cand	GCA_023629895.1_ASM2362989v1|w0	tblastn	REF|3108396_ai-2023a_MAT_Plus|gene2|sexP	22.7	E=0.93	43
GCA_023629895.1_ASM2362989v1|w0|t1	GCA_023629895.1_ASM2362989v1	cand	GCA_023629895.1_ASM2362989v1|w0	tblastn	REF|36080_r7b_MAT_Minus|gene1|sexM	62.0	E=2.4	144
GCA_023629895.1_ASM2362989v1|w0|t2	GCA_023629895.1_ASM2362989v1	cand	GCA_023629895.1_ASM2362989v1|w0	tblastn	REF|36080_nrrl-3631_MAT_Plus|gene1|sexP	65.1	E=2.7e-07	118
GCA_023629895.1_ASM2362989v1|w1|t0	GCA_023629895.1_ASM2362989v1	cand	GCA_023629895.1_ASM2362989v1|w1	tblastn	REF|64495_cbs346-36_MAT_Plus|gene2|sexP	44.3	E=0.32	87
GCA_023629895.1_ASM2362989v1|w1|t2	GCA_023629895.1_ASM2362989v1	cand	GCA_023629895.1_ASM2362989v1|w1	tblastn	REF|86630_cbs357-93_MAT_Minus|gene0|sexM	39.6	E=3.5	123
GCA_023629895.1_ASM2362989v1|w1|t3	GCA_023629895.1_ASM2362989v1	cand	GCA_023629895.1_ASM2362989v1|w1	tblastn	REF|4850_vkm-f-921_MAT_Minus|gene0|sexM	23.5	E=0.32	50
GCA_023629895.1_ASM2362989v1|w1|t4	GCA_023629895.1_ASM2362989v1	cand	GCA_023629895.1_ASM2362989v1|w1	tblastn	REF|64495_cbs110-17_MAT_Minus|gene1|sexM	19.6	E=5.9	41
GCA_023629895.1_ASM2362989v1|w1|t5	GCA_023629895.1_ASM2362989v1	cand	GCA_023629895.1_ASM2362989v1|w1	tblastn	REF|101119_atcc11807_MAT_Plus|gene0|sexP	61.2	E=2.6	77
GCA_023629915.1_ASM2362991v1|w0|t0	GCA_023629915.1_ASM2362991v1	cand	GCA_023629915.1_ASM2362991v1|w0	tblastn	REF|36080_nrrl-3631_MAT_Plus|gene1|sexP	42.0	E=1.7e-06	95
GCA_023629915.1_ASM2362991v1|w0|t1	GCA_023629915.1_ASM2362991v1	cand	GCA_023629915.1_ASM2362991v1|w0	tblastn	REF|36080_r7b_MAT_Minus|gene1|sexM	43.1	E=2.5	105
GCA_023629915.1_ASM2362991v1|w0|t2	GCA_023629915.1_ASM2362991v1	cand	GCA_023629915.1_ASM2362991v1|w0	tblastn	REF|29922_cbs109-16_MAT_Minus|gene1|sexM	42.4	E=2.5	72
GCA_023629915.1_ASM2362991v1|w1|t4	GCA_023629915.1_ASM2362991v1	cand	GCA_023629915.1_ASM2362991v1|w1	tblastn	REF|64495_cbs346-36_MAT_Plus|gene2|sexP	21.2	E=4.7	51
GCA_023629915.1_ASM2362991v1|w1|t6	GCA_023629915.1_ASM2362991v1	cand	GCA_023629915.1_ASM2362991v1|w1	tblastn	REF|36080_nrrl-3631_MAT_Plus|gene1|sexP	84.4	E=1.6e-06	122
GCA_023629915.1_ASM2362991v1|w2|t1	GCA_023629915.1_ASM2362991v1	cand	GCA_023629915.1_ASM2362991v1|w2	tblastn	REF|3231046_uomau377_MAT_Minus|gene1|sexM	27.3	E=0.045	46
GCA_023629915.1_ASM2362991v1|w2|t3	GCA_023629915.1_ASM2362991v1	cand	GCA_023629915.1_ASM2362991v1|w2	tblastn	REF|101119_atcc11807_MAT_Plus|gene0|sexP	47.4	E=0.1	130
GCA_023629915.1_ASM2362991v1|w2|t4	GCA_023629915.1_ASM2362991v1	cand	GCA_023629915.1_ASM2362991v1|w2	tblastn	REF|36080_r7b_MAT_Minus|gene1|sexM	43.1	E=1.9	61
GCA_023629935.1_ASM2362993v1|nw0|t0	GCA_023629935.1_ASM2362993v1	cand	GCA_023629935.1_ASM2362993v1|nw0	tblastn	REF|36080_r7b_MAT_Minus|gene1|sexM	62.0	E=1.5	58
GCA_023629935.1_ASM2362993v1|nw0|t1	GCA_023629935.1_ASM2362993v1	cand	GCA_023629935.1_ASM2362993v1|nw0	tblastn	REF|4850_vkm-f-921_MAT_Minus|gene0|sexM	56.2	E=1.8e-05	99
GCA_023629935.1_ASM2362993v1|nw0|t2	GCA_023629935.1_ASM2362993v1	cand	GCA_023629935.1_ASM2362993v1|nw0	tblastn	REF|101119_atcc11807_MAT_Plus|gene0|sexP	43.5	E=1.1	106
GCA_023629935.1_ASM2362993v1|nw0|t4	GCA_023629935.1_ASM2362993v1	cand	GCA_023629935.1_ASM2362993v1|nw0	tblastn	REF|29922_cbs109-16_MAT_Minus|gene1|sexM	93.6	E=8.8e-11	99
GCA_023630295.1_ASM2363029v1|c0|m0	GCA_023630295.1_ASM2363029v1	cand	GCA_023630295.1_ASM2363029v1|c0	miniprot	REF|64495_cbs346-36_MAT_Plus|gene2|sexP	1629	1.0	313
GCA_023630295.1_ASM2363029v1|w0|t0	GCA_023630295.1_ASM2363029v1	cand	GCA_023630295.1_ASM2363029v1|w0	tblastn	REF|101119_atcc11807_MAT_Plus|gene0|sexP	88.6	E=0.002	91
GCA_023630295.1_ASM2363029v1|w1|t0	GCA_023630295.1_ASM2363029v1	cand	GCA_023630295.1_ASM2363029v1|w1	tblastn	REF|36080_nrrl-3631_MAT_Plus|gene1|sexP	61.9	E=0.62	75
GCA_023630295.1_ASM2363029v1|w1|t1	GCA_023630295.1_ASM2363029v1	cand	GCA_023630295.1_ASM2363029v1|w1	tblastn	REF|86630_cbs357-93_MAT_Minus|gene0|sexM	47.4	E=0.003	91
GCA_023630305.1_ASM2363030v1|c0|t0	GCA_023630305.1_ASM2363030v1	cand	GCA_023630305.1_ASM2363030v1|c0	tblastn	REF|29922_cbs109-16_MAT_Minus|gene1|sexM	65.1	E=2.6e-14	81
GCA_023630305.1_ASM2363030v1|c0|t2	GCA_023630305.1_ASM2363030v1	cand	GCA_023630305.1_ASM2363030v1|c0	tblastn	REF|3231046_uomd23-19_MAT_Plus|gene1|sexP	21.9	E=6.6	44
GCA_023630305.1_ASM2363030v1|c0|t3	GCA_023630305.1_ASM2363030v1	cand	GCA_023630305.1_ASM2363030v1|c0	tblastn	REF|3231046_uomau377_MAT_Minus|gene1|sexM	21.2	E=7.3	55
GCA_023630305.1_ASM2363030v1|c0|t4	GCA_023630305.1_ASM2363030v1	cand	GCA_023630305.1_ASM2363030v1|c0	tblastn	REF|4837_nrrl1555_MAT_Minus|gene1|sexM	23.1	E=1.6	79
GCA_023630305.1_ASM2363030v1|c0|t5	GCA_023630305.1_ASM2363030v1	cand	GCA_023630305.1_ASM2363030v1|c0	tblastn	REF|4850_vkm-f-921_MAT_Minus|gene0|sexM	25.8	E=0.25	30
GCA_023630305.1_ASM2363030v1|w0|t0	GCA_023630305.1_ASM2363030v1	cand	GCA_023630305.1_ASM2363030v1|w0	tblastn	REF|4837_nrrl1555_MAT_Minus|gene1|sexM	22.3	E=2.7	43
GCA_023630305.1_ASM2363030v1|w0|t1	GCA_023630305.1_ASM2363030v1	cand	GCA_023630305.1_ASM2363030v1|w0	tblastn	REF|36080_nrrl-3631_MAT_Plus|gene1|sexP	23.5	E=2	56
GCA_023630305.1_ASM2363030v1|w0|t4	GCA_023630305.1_ASM2363030v1	cand	GCA_023630305.1_ASM2363030v1|w0	tblastn	REF|4837_ubc21_MAT_Plus|gene1|sexP	37.4	E=8.4e-05	94
GCA_023630305.1_ASM2363030v1|w1|t1	GCA_023630305.1_ASM2363030v1	cand	GCA_023630305.1_ASM2363030v1|w1	tblastn	REF|4837_ubc21_MAT_Plus|gene1|sexP	22.3	E=5	57
GCA_023630305.1_ASM2363030v1|w1|t4	GCA_023630305.1_ASM2363030v1	cand	GCA_023630305.1_ASM2363030v1|w1	tblastn	REF|64495_cbs110-17_MAT_Minus|gene1|sexM	27.3	E=0.057	69
GCA_023630305.1_ASM2363030v1|w2|t0	GCA_023630305.1_ASM2363030v1	cand	GCA_023630305.1_ASM2363030v1|w2	tblastn	REF|36080_nrrl-3631_MAT_Plus|gene1|sexP	23.1	E=2.7	37
GCA_023630305.1_ASM2363030v1|w2|t1	GCA_023630305.1_ASM2363030v1	cand	GCA_023630305.1_ASM2363030v1|w2	tblastn	REF|4850_vkm-f-921_MAT_Minus|gene0|sexM	23.1	E=1.4	38
GCA_023630305.1_ASM2363030v1|w2|t2	GCA_023630305.1_ASM2363030v1	cand	GCA_023630305.1_ASM2363030v1|w2	tblastn	REF|36080_r7b_MAT_Minus|gene1|sexM	21.9	E=4.4	45
GCA_023630305.1_ASM2363030v1|w2|t3	GCA_023630305.1_ASM2363030v1	cand	GCA_023630305.1_ASM2363030v1|w2	tblastn	REF|86630_cbs357-93_MAT_Minus|gene0|sexM	22.3	E=2.4	72
GCA_023630305.1_ASM2363030v1|w2|t4	GCA_023630305.1_ASM2363030v1	cand	GCA_023630305.1_ASM2363030v1|w2	tblastn	REF|86630_cbs357-93_MAT_Minus|gene0|sexM	27.7	E=0.044	49
GCA_023630305.1_ASM2363030v1|w2|t6	GCA_023630305.1_ASM2363030v1	cand	GCA_023630305.1_ASM2363030v1|w2	tblastn	REF|4837_nrrl1555_MAT_Minus|gene1|sexM	21.2	E=6.4	31
GCA_023630305.1_ASM2363030v1|w2|t7	GCA_023630305.1_ASM2363030v1	cand	GCA_023630305.1_ASM2363030v1|w2	tblastn	REF|101119_atcc11807_MAT_Plus|gene0|sexP	23.1	E=2.2	67
GCA_023630305.1_ASM2363030v1|w2|t10	GCA_023630305.1_ASM2363030v1	cand	GCA_023630305.1_ASM2363030v1|w2	tblastn	REF|36080_r7b_MAT_Minus|gene1|sexM	43.9	E=4	41
GCA_023630305.1_ASM2363030v1|w3|t0	GCA_023630305.1_ASM2363030v1	cand	GCA_023630305.1_ASM2363030v1|w3	tblastn	REF|4837_nrrl1555_MAT_Minus|gene1|sexM	28.5	E=0.028	54
GCA_023630305.1_ASM2363030v1|w3|t1	GCA_023630305.1_ASM2363030v1	cand	GCA_023630305.1_ASM2363030v1|w3	tblastn	REF|4837_ubc21_MAT_Plus|gene1|sexP	23.9	E=1.5	62
GCA_023630305.1_ASM2363030v1|w3|t2	GCA_023630305.1_ASM2363030v1	cand	GCA_023630305.1_ASM2363030v1|w3	tblastn	REF|64495_cbs110-17_MAT_Minus|gene1|sexM	23.1	E=1.4	86
GCA_023630315.1_ASM2363031v1|w0|t0	GCA_023630315.1_ASM2363031v1	cand	GCA_023630315.1_ASM2363031v1|w0	tblastn	REF|3108396_ai-2023a_MAT_Plus|gene2|sexP	119.0	E=2.7e-05	148
GCA_023630325.1_ASM2363032v1|w0|t0	GCA_023630325.1_ASM2363032v1	cand	GCA_023630325.1_ASM2363032v1|w0	tblastn	REF|3108396_ai-2023a_MAT_Plus|gene2|sexP	119.0	E=2.7e-05	148
GCA_023630335.1_ASM2363033v1|c0|m0	GCA_023630335.1_ASM2363033v1	cand	GCA_023630335.1_ASM2363033v1|c0	miniprot	REF|64495_cbs110-17_MAT_Minus|gene1|sexM	968	1.0	188
GCA_023630335.1_ASM2363033v1|w0|t0	GCA_023630335.1_ASM2363033v1	cand	GCA_023630335.1_ASM2363033v1|w0	tblastn	REF|101119_atcc11807_MAT_Plus|gene0|sexP	123.2	E=0.0007	142
GCA_023630435.1_ASM2363043v1|c0|m0	GCA_023630435.1_ASM2363043v1	cand	GCA_023630435.1_ASM2363043v1|c0	miniprot	REF|36080_r7b_MAT_Minus|gene1|sexM	695	1.0	255
GCA_023630465.1_ASM2363046v1|c0|m0	GCA_023630465.1_ASM2363046v1	cand	GCA_023630465.1_ASM2363046v1|c0	miniprot	REF|36080_r7b_MAT_Minus|gene1|sexM	695	1.0	255
GCA_023630475.1_ASM2363047v1|c0|m0	GCA_023630475.1_ASM2363047v1	cand	GCA_023630475.1_ASM2363047v1|c0	miniprot	REF|36080_r7b_MAT_Minus|gene1|sexM	695	1.0	255
GCA_023630555.1_ASM2363055v1|c0|m0	GCA_023630555.1_ASM2363055v1	cand	GCA_023630555.1_ASM2363055v1|c0	miniprot	REF|36080_r7b_MAT_Minus|gene1|sexM	720	1.0	256
GCA_023630555.1_ASM2363055v1|w0|t0	GCA_023630555.1_ASM2363055v1	cand	GCA_023630555.1_ASM2363055v1|w0	tblastn	REF|101119_atcc11807_MAT_Minus|gene0|sexM	65.8	E=0.001	78
GCA_023925345.1_FSU_Malpina_v1|w0|t0	GCA_023925345.1_FSU_Malpina_v1	cand	GCA_023925345.1_FSU_Malpina_v1|w0	tblastn	REF|36080_nrrl-3631_MAT_Plus|gene1|sexP	86.6	E=0.41	191
GCA_024139275.1_ASM2413927v1|nc0|m0	GCA_024139275.1_ASM2413927v1	cand	GCA_024139275.1_ASM2413927v1|nc0	miniprot	REF|3108396_ai-2023a_MAT_Plus|gene2|sexP	446	0.921	299
GCA_024139275.1_ASM2413927v1|w0|t1	GCA_024139275.1_ASM2413927v1	cand	GCA_024139275.1_ASM2413927v1|w0	tblastn	REF|29922_cbs109-16_MAT_Minus|gene1|sexM	85.4	E=2.5e-08	107
GCA_024139275.1_ASM2413927v1|w0|t2	GCA_024139275.1_ASM2413927v1	cand	GCA_024139275.1_ASM2413927v1|w0	tblastn	REF|101119_atcc11807_MAT_Plus|gene0|sexP	21.9	E=2	45
GCA_024139275.1_ASM2413927v1|w2|t0	GCA_024139275.1_ASM2413927v1	cand	GCA_024139275.1_ASM2413927v1|w2	tblastn	REF|29922_cbs109-16_MAT_Minus|gene1|sexM	53.1	E=0.00073	56
GCA_024139275.1_ASM2413927v1|w2|t2	GCA_024139275.1_ASM2413927v1	cand	GCA_024139275.1_ASM2413927v1|w2	tblastn	REF|4837_ubc21_MAT_Plus|gene1|sexP	24.3	E=0.36	30
GCA_024139275.1_ASM2413927v1|w3|t0	GCA_024139275.1_ASM2413927v1	cand	GCA_024139275.1_ASM2413927v1|w3	tblastn	REF|4837_nrrl1555_MAT_Minus|gene1|sexM	76.2	E=2.3e-05	100
GCA_024139275.1_ASM2413927v1|w3|t1	GCA_024139275.1_ASM2413927v1	cand	GCA_024139275.1_ASM2413927v1|w3	tblastn	REF|3231046_uomd23-19_MAT_Plus|gene1|sexP	21.2	E=3.6	31
GCA_024139275.1_ASM2413927v1|w4|t0	GCA_024139275.1_ASM2413927v1	cand	GCA_024139275.1_ASM2413927v1|w4	tblastn	REF|36080_nrrl-3631_MAT_Plus|gene1|sexP	31.2	E=0.003	44
GCA_024139275.1_ASM2413927v1|w4|t1	GCA_024139275.1_ASM2413927v1	cand	GCA_024139275.1_ASM2413927v1|w4	tblastn	REF|36080_r7b_MAT_Minus|gene1|sexM	23.5	E=0.62	36
GCA_024139275.1_ASM2413927v1|h3|t0	GCA_024139275.1_ASM2413927v1	nonlocus	GCA_024139275.1_ASM2413927v1|h3	tblastn	REF|86630_cbs357-93_MAT_Minus|gene0|sexM	76.6	E=3e-11	97
GCA_024139275.1_ASM2413927v1|h5|t0	GCA_024139275.1_ASM2413927v1	nonlocus	GCA_024139275.1_ASM2413927v1|h5	tblastn	REF|64495_cbs110-17_MAT_Minus|gene1|sexM	71.6	E=1.1e-08	72
GCA_024139275.1_ASM2413927v1|h9|t0	GCA_024139275.1_ASM2413927v1	nonlocus	GCA_024139275.1_ASM2413927v1|h9	tblastn	REF|3231046_uomd23-19_MAT_Plus|gene1|sexP	43.9	E=2.5e-07	49
GCA_024139395.1_ASM2413939v1|c0|m0	GCA_024139395.1_ASM2413939v1	cand	GCA_024139395.1_ASM2413939v1|c0	miniprot	REF|29922_cbs109-16_MAT_Minus|gene1|sexM	268	0.949	223
GCA_024139405.1_ASM2413940v1|c0|m0	GCA_024139405.1_ASM2413940v1	cand	GCA_024139405.1_ASM2413940v1|c0	miniprot	REF|29922_cbs109-16_MAT_Minus|gene1|sexM	277	0.958	225
GCA_024139415.1_ASM2413941v1|c0|m0	GCA_024139415.1_ASM2413941v1	cand	GCA_024139415.1_ASM2413941v1|c0	miniprot	REF|3108396_ai-2023a_MAT_Plus|gene2|sexP	396	0.918	298
GCA_024139485.1_ASM2413948v1|c0|m0	GCA_024139485.1_ASM2413948v1	cand	GCA_024139485.1_ASM2413948v1|c0	miniprot	REF|3108396_ai-2023a_MAT_Plus|gene2|sexP	412	0.918	298
GCA_024139495.1_ASM2413949v1|c0|m0	GCA_024139495.1_ASM2413949v1	cand	GCA_024139495.1_ASM2413949v1|c0	miniprot	REF|3108396_ai-2023a_MAT_Plus|gene2|sexP	409	0.918	298
GCA_024140155.1_ASM2414015v1|c0|m0	GCA_024140155.1_ASM2414015v1	cand	GCA_024140155.1_ASM2414015v1|c0	miniprot	REF|64495_cbs346-36_MAT_Plus|gene2|sexP	403	0.927	300
GCA_024140195.1_ASM2414019v1|c0|m0	GCA_024140195.1_ASM2414019v1	cand	GCA_024140195.1_ASM2414019v1|c0	miniprot	REF|29922_cbs109-16_MAT_Minus|gene1|sexM	270	0.949	223
GCA_024140245.1_ASM2414024v1|c0|m0	GCA_024140245.1_ASM2414024v1	cand	GCA_024140245.1_ASM2414024v1|c0	miniprot	REF|3108396_ai-2023a_MAT_Plus|gene2|sexP	451	0.921	299
GCA_024140265.1_ASM2414026v1|c0|m0	GCA_024140265.1_ASM2414026v1	cand	GCA_024140265.1_ASM2414026v1|c0	miniprot	REF|3108396_ai-2023a_MAT_Plus|gene2|sexP	397	0.905	294
GCA_024140275.1_ASM2414027v1|c0|m0	GCA_024140275.1_ASM2414027v1	cand	GCA_024140275.1_ASM2414027v1|c0	miniprot	REF|29922_cbs109-16_MAT_Minus|gene1|sexM	268	0.949	223
GCA_024140375.1_ASM2414037v1|c0|m0	GCA_024140375.1_ASM2414037v1	cand	GCA_024140375.1_ASM2414037v1|c0	miniprot	REF|3108396_ai-2023a_MAT_Plus|gene2|sexP	395	0.918	298
GCA_024140565.1_ASM2414056v1|c0|m0	GCA_024140565.1_ASM2414056v1	cand	GCA_024140565.1_ASM2414056v1|c0	miniprot	REF|3108396_ai-2023a_MAT_Plus|gene2|sexP	403	0.918	298
GCA_024220505.1_ASM2422050v1|c0|m0	GCA_024220505.1_ASM2422050v1	cand	GCA_024220505.1_ASM2422050v1|c0	miniprot	REF|64495_cbs110-17_MAT_Minus|gene1|sexM	933	1.0	188
GCA_024220505.1_ASM2422050v1|w0|t0	GCA_024220505.1_ASM2422050v1	cand	GCA_024220505.1_ASM2422050v1|w0	tblastn	REF|4837_ubc21_MAT_Plus|gene1|sexP	35.8	E=7.7e-05	63
GCA_024220505.1_ASM2422050v1|w0|t1	GCA_024220505.1_ASM2422050v1	cand	GCA_024220505.1_ASM2422050v1|w0	tblastn	REF|4837_nrrl1555_MAT_Minus|gene1|sexM	22.3	E=0.82	37
GCA_024220505.1_ASM2422050v1|w0|t2	GCA_024220505.1_ASM2422050v1	cand	GCA_024220505.1_ASM2422050v1|w0	tblastn	REF|3231046_uomd23-19_MAT_Plus|gene1|sexP	19.6	E=9.7	32
GCA_024220505.1_ASM2422050v1|w0|t4	GCA_024220505.1_ASM2422050v1	cand	GCA_024220505.1_ASM2422050v1|w0	tblastn	REF|3231046_uomau377_MAT_Minus|gene1|sexM	34.2	E=8.4	66
GCA_024220505.1_ASM2422050v1|w0|t5	GCA_024220505.1_ASM2422050v1	cand	GCA_024220505.1_ASM2422050v1|w0	tblastn	REF|3231046_uomd23-19_MAT_Plus|gene1|sexP	40.0	E=6.5	45
GCA_024220505.1_ASM2422050v1|w1|t1	GCA_024220505.1_ASM2422050v1	cand	GCA_024220505.1_ASM2422050v1|w1	tblastn	REF|35722_atcc11077_MAT_Minus|gene0|sexM	28.9	E=0.007	127
GCA_024220505.1_ASM2422050v1|w1|t2	GCA_024220505.1_ASM2422050v1	cand	GCA_024220505.1_ASM2422050v1|w1	tblastn	REF|64495_cbs346-36_MAT_Plus|gene2|sexP	62.0	E=3.4	75
GCA_024294565.1_ASM2429456v1|c0|m0	GCA_024294565.1_ASM2429456v1	cand	GCA_024294565.1_ASM2429456v1|c0	miniprot	REF|36080_nrrl-3631_MAT_Plus|gene1|sexP	534	0.939	307
GCA_025094145.1_Spifus1|w0|t0	GCA_025094145.1_Spifus1	cand	GCA_025094145.1_Spifus1|w0	tblastn	REF|3231046_uomau377_MAT_Minus|gene1|sexM	28.1	E=0.045	79
GCA_025094145.1_Spifus1|w0|t1	GCA_025094145.1_Spifus1	cand	GCA_025094145.1_Spifus1|w0	tblastn	REF|101119_atcc11807_MAT_Plus|gene0|sexP	23.9	E=1.5	53
GCA_025094145.1_Spifus1|w1|t1	GCA_025094145.1_Spifus1	cand	GCA_025094145.1_Spifus1|w1	tblastn	REF|3231046_uomd23-19_MAT_Plus|gene1|sexP	47.8	E=1.2	93
GCA_025094145.1_Spifus1|w1|t4	GCA_025094145.1_Spifus1	cand	GCA_025094145.1_Spifus1|w1	tblastn	REF|86630_cbs357-93_MAT_Minus|gene0|sexM	37.4	E=3.3e-05	60
GCA_025094145.1_Spifus1|w2|t0	GCA_025094145.1_Spifus1	cand	GCA_025094145.1_Spifus1|w2	tblastn	REF|3108396_ai-2023a_MAT_Plus|gene2|sexP	28.5	E=0.059	41
GCA_025094145.1_Spifus1|w3|t0	GCA_025094145.1_Spifus1	cand	GCA_025094145.1_Spifus1|w3	tblastn	REF|29922_cbs109-16_MAT_Minus|gene1|sexM	23.1	E=1.6	61
GCA_025094145.1_Spifus1|w3|t1	GCA_025094145.1_Spifus1	cand	GCA_025094145.1_Spifus1|w3	tblastn	REF|4837_nrrl1555_MAT_Minus|gene1|sexM	28.1	E=0.036	49
GCA_025094145.1_Spifus1|w4|t0	GCA_025094145.1_Spifus1	cand	GCA_025094145.1_Spifus1|w4	tblastn	REF|4837_nrrl1555_MAT_Minus|gene1|sexM	54.3	E=0.005	62
GCA_025094145.1_Spifus1|w5|t0	GCA_025094145.1_Spifus1	cand	GCA_025094145.1_Spifus1|w5	tblastn	REF|3231046_uomd23-19_MAT_Plus|gene1|sexP	66.6	E=1.1e-05	172
GCA_025094145.1_Spifus1|w6|t0	GCA_025094145.1_Spifus1	cand	GCA_025094145.1_Spifus1|w6	tblastn	REF|36080_nrrl-3631_MAT_Plus|gene1|sexP	40.0	E=1.3e-05	47
GCA_025094145.1_Spifus1|w6|t1	GCA_025094145.1_Spifus1	cand	GCA_025094145.1_Spifus1|w6	tblastn	REF|4850_vkm-f-921_MAT_Minus|gene0|sexM	21.6	E=4.2	34
GCA_025094145.1_Spifus1|w6|t2	GCA_025094145.1_Spifus1	cand	GCA_025094145.1_Spifus1|w6	tblastn	REF|64495_cbs346-36_MAT_Plus|gene2|sexP	27.7	E=0.095	64
GCA_025094145.1_Spifus1|w7|t0	GCA_025094145.1_Spifus1	cand	GCA_025094145.1_Spifus1|w7	tblastn	REF|3108396_ai-2023a_MAT_Plus|gene2|sexP	26.9	E=0.15	53
GCA_025094145.1_Spifus1|w7|t1	GCA_025094145.1_Spifus1	cand	GCA_025094145.1_Spifus1|w7	tblastn	REF|4837_nrrl1555_MAT_Minus|gene1|sexM	43.9	E=2.5	61
GCA_025094145.1_Spifus1|w7|t2	GCA_025094145.1_Spifus1	cand	GCA_025094145.1_Spifus1|w7	tblastn	REF|64495_cbs346-36_MAT_Plus|gene2|sexP	21.2	E=9.6	35
GCA_025094145.1_Spifus1|w7|t3	GCA_025094145.1_Spifus1	cand	GCA_025094145.1_Spifus1|w7	tblastn	REF|4850_vkm-f-921_MAT_Minus|gene0|sexM	28.1	E=0.034	69
GCA_025094145.1_Spifus1|h1|t0	GCA_025094145.1_Spifus1	nonlocus	GCA_025094145.1_Spifus1|h1	tblastn	REF|101119_atcc11807_MAT_Minus|gene0|sexM	41.6	E=2.7e-09	64
GCA_025094145.1_Spifus1|h2|t0	GCA_025094145.1_Spifus1	nonlocus	GCA_025094145.1_Spifus1|h2	tblastn	REF|29922_cbs109-16_MAT_Minus|gene1|sexM	46.6	E=3.5e-08	62
GCA_025094145.1_Spifus1|h7|t0	GCA_025094145.1_Spifus1	nonlocus	GCA_025094145.1_Spifus1|h7	tblastn	REF|3231046_uomd23-19_MAT_Plus|gene1|sexP	23.9	E=1.3	35
GCA_025094145.1_Spifus1|h7|t1	GCA_025094145.1_Spifus1	nonlocus	GCA_025094145.1_Spifus1|h7	tblastn	REF|36080_nrrl-3631_MAT_Plus|gene1|sexP	44.7	E=5.7e-07	108
GCA_025094155.1_Lichy1|w0|t0	GCA_025094155.1_Lichy1	cand	GCA_025094155.1_Lichy1|w0	tblastn	REF|4837_nrrl1555_MAT_Minus|gene1|sexM	61.9	E=0.42	41
GCA_025094155.1_Lichy1|w0|t1	GCA_025094155.1_Lichy1	cand	GCA_025094155.1_Lichy1|w0	tblastn	REF|4837_ubc21_MAT_Plus|gene1|sexP	52.8	E=2e-10	152
GCA_025094155.1_Lichy1|w0|t2	GCA_025094155.1_Lichy1	cand	GCA_025094155.1_Lichy1|w0	tblastn	REF|4837_nrrl1555_MAT_Minus|gene1|sexM	60.4	E=1.2	95
GCA_025094155.1_Lichy1|w0|t3	GCA_025094155.1_Lichy1	cand	GCA_025094155.1_Lichy1|w0	tblastn	REF|4837_ubc21_MAT_Plus|gene1|sexP	45.4	E=0.35	61
GCA_025094155.1_Lichy1|w0|t4	GCA_025094155.1_Lichy1	cand	GCA_025094155.1_Lichy1|w0	tblastn	REF|3231046_uomd23-19_MAT_Plus|gene1|sexP	61.2	E=1.2e-06	90
GCA_025201345.1_Thaele1|c0|m0	GCA_025201345.1_Thaele1	cand	GCA_025201345.1_Thaele1|c0	miniprot	REF|3108396_ai-2023a_MAT_Plus|gene2|sexP	555	0.891	306
GCA_025201375.1_Gonbut1|c0|t0	GCA_025201375.1_Gonbut1	cand	GCA_025201375.1_Gonbut1|c0	tblastn	REF|36080_r7b_MAT_Minus|gene1|sexM	22.3	E=1.7	55
GCA_025201375.1_Gonbut1|c0|t1	GCA_025201375.1_Gonbut1	cand	GCA_025201375.1_Gonbut1|c0	tblastn	REF|4850_vkm-f-921_MAT_Minus|gene0|sexM	72.0	E=1.3e-09	93
GCA_025201375.1_Gonbut1|c0|t2	GCA_025201375.1_Gonbut1	cand	GCA_025201375.1_Gonbut1|c0	tblastn	REF|3231046_uomau377_MAT_Minus|gene1|sexM	24.3	E=0.48	36
GCA_025201375.1_Gonbut1|w0|t0	GCA_025201375.1_Gonbut1	cand	GCA_025201375.1_Gonbut1|w0	tblastn	REF|101119_atcc11807_MAT_Minus|gene0|sexM	75.5	E=9.5e-11	134
GCA_025201375.1_Gonbut1|w1|t2	GCA_025201375.1_Gonbut1	cand	GCA_025201375.1_Gonbut1|w1	tblastn	REF|4837_nrrl1555_MAT_Minus|gene1|sexM	42.0	E=2.6	84
GCA_025201375.1_Gonbut1|w1|t5	GCA_025201375.1_Gonbut1	cand	GCA_025201375.1_Gonbut1|w1	tblastn	REF|3108396_ai-2023a_MAT_Plus|gene2|sexP	20.8	E=7.9	69
GCA_025201375.1_Gonbut1|w1|t6	GCA_025201375.1_Gonbut1	cand	GCA_025201375.1_Gonbut1|w1	tblastn	REF|64495_cbs346-36_MAT_Plus|gene2|sexP	23.9	E=0.86	79
GCA_025201375.1_Gonbut1|w1|t7	GCA_025201375.1_Gonbut1	cand	GCA_025201375.1_Gonbut1|w1	tblastn	REF|36080_r7b_MAT_Minus|gene1|sexM	28.5	E=0.023	81
GCA_025201375.1_Gonbut1|w1|t8	GCA_025201375.1_Gonbut1	cand	GCA_025201375.1_Gonbut1|w1	tblastn	REF|35722_atcc11077_MAT_Minus|gene0|sexM	23.1	E=0.68	42
GCA_025201375.1_Gonbut1|w1|t9	GCA_025201375.1_Gonbut1	cand	GCA_025201375.1_Gonbut1|w1	tblastn	REF|4837_nrrl1555_MAT_Minus|gene1|sexM	27.7	E=0.029	59
GCA_025201675.1_Cunech1|c0|m0	GCA_025201675.1_Cunech1	cand	GCA_025201675.1_Cunech1|c0	miniprot	REF|3231046_uomd23-19_MAT_Plus|gene1|sexP	566	0.977	290
GCA_025201705.1_Disorn1|c0|t0	GCA_025201705.1_Disorn1	cand	GCA_025201705.1_Disorn1|c0	tblastn	REF|36080_nrrl-3631_MAT_Plus|gene1|sexP	80.8	E=0.6	103
GCA_025201705.1_Disorn1|c0|t1	GCA_025201705.1_Disorn1	cand	GCA_025201705.1_Disorn1|c0	tblastn	REF|3231046_uomau377_MAT_Minus|gene1|sexM	51.6	E=1.8e-10	80
GCA_025201805.1_Parpar1|c0|m0	GCA_025201805.1_Parpar1	cand	GCA_025201805.1_Parpar1|c0	miniprot	REF|35722_atcc11077_MAT_Minus|gene0|sexM	847	1.0	193
GCA_025201805.1_Parpar1|w0|t0	GCA_025201805.1_Parpar1	cand	GCA_025201805.1_Parpar1|w0	tblastn	REF|29922_cbs109-16_MAT_Minus|gene1|sexM	22.3	E=0.95	36
GCA_025201805.1_Parpar1|w0|t1	GCA_025201805.1_Parpar1	cand	GCA_025201805.1_Parpar1|w0	tblastn	REF|3231046_uomau377_MAT_Minus|gene1|sexM	43.1	E=0.38	42
GCA_025201805.1_Parpar1|w0|t6	GCA_025201805.1_Parpar1	cand	GCA_025201805.1_Parpar1|w0	tblastn	REF|29922_cbs109-16_MAT_Minus|gene1|sexM	63.1	E=2.8e-07	108
GCA_025201805.1_Parpar1|w0|t7	GCA_025201805.1_Parpar1	cand	GCA_025201805.1_Parpar1|w0	tblastn	REF|36080_nrrl-3631_MAT_Plus|gene1|sexP	64.3	E=2.2e-06	118
GCA_025201805.1_Parpar1|w1|t0	GCA_025201805.1_Parpar1	cand	GCA_025201805.1_Parpar1|w1	tblastn	REF|3231046_uomd23-19_MAT_Plus|gene1|sexP	57.7	E=1.9e-05	104
GCA_025201805.1_Parpar1|w1|t1	GCA_025201805.1_Parpar1	cand	GCA_025201805.1_Parpar1|w1	tblastn	REF|36080_nrrl-3631_MAT_Plus|gene1|sexP	20.0	E=7.3	38
GCA_025201845.1_Marpt1|w0|t1	GCA_025201845.1_Marpt1	cand	GCA_025201845.1_Marpt1|w0	tblastn	REF|4837_ubc21_MAT_Plus|gene1|sexP	22.3	E=5.3	59
GCA_025201845.1_Marpt1|w0|t2	GCA_025201845.1_Marpt1	cand	GCA_025201845.1_Marpt1|w0	tblastn	REF|64495_cbs110-17_MAT_Minus|gene1|sexM	23.1	E=1.3	59
GCA_025201845.1_Marpt1|w0|t3	GCA_025201845.1_Marpt1	cand	GCA_025201845.1_Marpt1|w0	tblastn	REF|64495_cbs346-36_MAT_Plus|gene2|sexP	80.9	E=3.7e-11	93
GCA_025201845.1_Marpt1|w0|t4	GCA_025201845.1_Marpt1	cand	GCA_025201845.1_Marpt1|w0	tblastn	REF|36080_r7b_MAT_Minus|gene1|sexM	70.0	E=2.1e-08	99
GCA_025201845.1_Marpt1|w0|t5	GCA_025201845.1_Marpt1	cand	GCA_025201845.1_Marpt1|w0	tblastn	REF|3231046_uomd23-19_MAT_Plus|gene1|sexP	26.6	E=0.24	83
GCA_025201845.1_Marpt1|w0|t6	GCA_025201845.1_Marpt1	cand	GCA_025201845.1_Marpt1|w0	tblastn	REF|4850_vkm-f-921_MAT_Minus|gene0|sexM	27.3	E=0.087	64
GCA_025201845.1_Marpt1|w1|t2	GCA_025201845.1_Marpt1	cand	GCA_025201845.1_Marpt1|w1	tblastn	REF|101119_atcc11807_MAT_Plus|gene0|sexP	21.9	E=6.5	41
GCA_025201845.1_Marpt1|w1|t5	GCA_025201845.1_Marpt1	cand	GCA_025201845.1_Marpt1|w1	tblastn	REF|29922_cbs109-16_MAT_Minus|gene1|sexM	22.3	E=3.3	73
GCA_025201845.1_Marpt1|w1|t6	GCA_025201845.1_Marpt1	cand	GCA_025201845.1_Marpt1|w1	tblastn	REF|4837_nrrl1555_MAT_Minus|gene1|sexM	47.0	E=0.97	113
GCA_025201845.1_Marpt1|w1|t7	GCA_025201845.1_Marpt1	cand	GCA_025201845.1_Marpt1|w1	tblastn	REF|101119_atcc11807_MAT_Plus|gene0|sexP	21.9	E=6	42
GCA_025201845.1_Marpt1|w1|t9	GCA_025201845.1_Marpt1	cand	GCA_025201845.1_Marpt1|w1	tblastn	REF|101119_atcc11807_MAT_Plus|gene0|sexP	26.9	E=0.15	74
GCA_025201845.1_Marpt1|w1|t10	GCA_025201845.1_Marpt1	cand	GCA_025201845.1_Marpt1|w1	tblastn	REF|4850_vkm-f-921_MAT_Minus|gene0|sexM	26.9	E=0.1	49
GCA_025201845.1_Marpt1|w1|t11	GCA_025201845.1_Marpt1	cand	GCA_025201845.1_Marpt1|w1	tblastn	REF|64495_cbs110-17_MAT_Minus|gene1|sexM	20.8	E=7.5	48
GCA_025201845.1_Marpt1|w2|t0	GCA_025201845.1_Marpt1	cand	GCA_025201845.1_Marpt1|w2	tblastn	REF|86630_cbs357-93_MAT_Minus|gene0|sexM	28.5	E=0.029	101
GCA_025201845.1_Marpt1|w2|t1	GCA_025201845.1_Marpt1	cand	GCA_025201845.1_Marpt1|w2	tblastn	REF|3231046_uomau377_MAT_Minus|gene1|sexM	23.9	E=1.2	43
GCA_025201845.1_Marpt1|w2|t2	GCA_025201845.1_Marpt1	cand	GCA_025201845.1_Marpt1|w2	tblastn	REF|35722_atcc11077_MAT_Minus|gene0|sexM	21.6	E=4.5	47
GCA_025201845.1_Marpt1|w2|t3	GCA_025201845.1_Marpt1	cand	GCA_025201845.1_Marpt1|w2	tblastn	REF|3108396_ai-2023a_MAT_Plus|gene2|sexP	27.7	E=0.096	34
GCA_025201845.1_Marpt1|w3|t0	GCA_025201845.1_Marpt1	cand	GCA_025201845.1_Marpt1|w3	tblastn	REF|4837_ubc21_MAT_Plus|gene1|sexP	44.3	E=4.3	52
GCA_025201845.1_Marpt1|w3|t5	GCA_025201845.1_Marpt1	cand	GCA_025201845.1_Marpt1|w3	tblastn	REF|35722_atcc11077_MAT_Minus|gene0|sexM	30.0	E=0.009	52
GCA_025201845.1_Marpt1|w3|t6	GCA_025201845.1_Marpt1	cand	GCA_025201845.1_Marpt1|w3	tblastn	REF|4837_ubc21_MAT_Plus|gene1|sexP	46.2	E=1.2	66
GCA_025201845.1_Marpt1|w3|t8	GCA_025201845.1_Marpt1	cand	GCA_025201845.1_Marpt1|w3	tblastn	REF|36080_nrrl-3631_MAT_Plus|gene1|sexP	25.0	E=0.86	33
GCA_025201845.1_Marpt1|w3|t9	GCA_025201845.1_Marpt1	cand	GCA_025201845.1_Marpt1|w3	tblastn	REF|3231046_uomd23-19_MAT_Plus|gene1|sexP	27.3	E=0.16	33
GCA_025201845.1_Marpt1|w3|t10	GCA_025201845.1_Marpt1	cand	GCA_025201845.1_Marpt1|w3	tblastn	REF|4837_nrrl1555_MAT_Minus|gene1|sexM	21.6	E=6.2	30
GCA_025201845.1_Marpt1|w3|t11	GCA_025201845.1_Marpt1	cand	GCA_025201845.1_Marpt1|w3	tblastn	REF|3231046_uomd23-19_MAT_Plus|gene1|sexP	31.2	E=0.008	46
GCA_025201845.1_Marpt1|w3|t12	GCA_025201845.1_Marpt1	cand	GCA_025201845.1_Marpt1|w3	tblastn	REF|4850_vkm-f-921_MAT_Minus|gene0|sexM	20.8	E=9.3	34
GCA_025201845.1_Marpt1|h7|t0	GCA_025201845.1_Marpt1	nonlocus	GCA_025201845.1_Marpt1|h7	tblastn	REF|29922_cbs109-16_MAT_Minus|gene1|sexM	74.7	E=4.4e-10	89
GCA_025201845.1_Marpt1|h7|t1	GCA_025201845.1_Marpt1	nonlocus	GCA_025201845.1_Marpt1|h7	tblastn	REF|4850_vkm-f-921_MAT_Minus|gene0|sexM	22.7	E=2	52
GCA_025201845.1_Marpt1|h6|t0	GCA_025201845.1_Marpt1	nonlocus	GCA_025201845.1_Marpt1|h6	tblastn	REF|86630_cbs357-93_MAT_Minus|gene0|sexM	50.4	E=1.3e-09	91
GCA_025201845.1_Marpt1|h8|t0	GCA_025201845.1_Marpt1	nonlocus	GCA_025201845.1_Marpt1|h8	tblastn	REF|3231046_uomd23-19_MAT_Plus|gene1|sexP	42.7	E=2.4e-06	62
GCA_025201865.1_Rambr1|w0|t0	GCA_025201865.1_Rambr1	cand	GCA_025201865.1_Rambr1|w0	tblastn	REF|29922_cbs109-16_MAT_Minus|gene1|sexM	39.3	E=6.9e-06	60
GCA_025201865.1_Rambr1|w0|t1	GCA_025201865.1_Rambr1	cand	GCA_025201865.1_Rambr1|w0	tblastn	REF|101119_atcc11807_MAT_Minus|gene0|sexM	63.1	E=0.61	96
GCA_025201865.1_Rambr1|w1|t0	GCA_025201865.1_Rambr1	cand	GCA_025201865.1_Rambr1|w1	tblastn	REF|36080_nrrl-3631_MAT_Plus|gene1|sexP	43.9	E=1.5	103
GCA_025201865.1_Rambr1|w1|t2	GCA_025201865.1_Rambr1	cand	GCA_025201865.1_Rambr1|w1	tblastn	REF|64495_cbs346-36_MAT_Plus|gene2|sexP	42.4	E=5.1	53
GCA_025201865.1_Rambr1|w1|t3	GCA_025201865.1_Rambr1	cand	GCA_025201865.1_Rambr1|w1	tblastn	REF|101119_atcc11807_MAT_Minus|gene0|sexM	28.1	E=0.019	75
GCA_025201865.1_Rambr1|w2|t1	GCA_025201865.1_Rambr1	cand	GCA_025201865.1_Rambr1|w2	tblastn	REF|64495_cbs110-17_MAT_Minus|gene1|sexM	42.8	E=2.5	105
GCA_025201865.1_Rambr1|w3|t0	GCA_025201865.1_Rambr1	cand	GCA_025201865.1_Rambr1|w3	tblastn	REF|101119_atcc11807_MAT_Plus|gene0|sexP	29.6	E=0.011	42
GCA_025201865.1_Rambr1|w3|t2	GCA_025201865.1_Rambr1	cand	GCA_025201865.1_Rambr1|w3	tblastn	REF|36080_nrrl-3631_MAT_Plus|gene1|sexP	26.2	E=0.16	59
GCA_025201865.1_Rambr1|w4|t1	GCA_025201865.1_Rambr1	cand	GCA_025201865.1_Rambr1|w4	tblastn	REF|4837_nrrl1555_MAT_Minus|gene1|sexM	45.0	E=0.9	33
GCA_025201865.1_Rambr1|w4|t2	GCA_025201865.1_Rambr1	cand	GCA_025201865.1_Rambr1|w4	tblastn	REF|3231046_uomd23-19_MAT_Plus|gene1|sexP	20.8	E=7.4	45
GCA_025201865.1_Rambr1|w4|t4	GCA_025201865.1_Rambr1	cand	GCA_025201865.1_Rambr1|w4	tblastn	REF|4837_nrrl1555_MAT_Minus|gene1|sexM	26.9	E=0.055	80
GCA_025201865.1_Rambr1|w5|t0	GCA_025201865.1_Rambr1	cand	GCA_025201865.1_Rambr1|w5	tblastn	REF|64495_cbs346-36_MAT_Plus|gene2|sexP	28.9	E=0.021	42
GCA_025201865.1_Rambr1|h1|t0	GCA_025201865.1_Rambr1	nonlocus	GCA_025201865.1_Rambr1|h1	tblastn	REF|4837_ubc21_MAT_Plus|gene1|sexP	56.6	E=3.1e-11	79
GCA_025201865.1_Rambr1|h2|t0	GCA_025201865.1_Rambr1	nonlocus	GCA_025201865.1_Rambr1|h2	tblastn	REF|4837_nrrl1555_MAT_Minus|gene1|sexM	43.9	E=1.5e-07	59
GCA_025201865.1_Rambr1|h3|t0	GCA_025201865.1_Rambr1	nonlocus	GCA_025201865.1_Rambr1|h3	tblastn	REF|64495_cbs346-36_MAT_Plus|gene2|sexP	57.0	E=0.00012	87
GCA_025266875.1_Fenlin1|h1|m0	GCA_025266875.1_Fenlin1	nonlocus	GCA_025266875.1_Fenlin1|h1	miniprot	REF|4837_nrrl1555_MAT_Minus|gene1|sexM	353	0.929	181
GCA_025266875.1_Fenlin1|w0|t0	GCA_025266875.1_Fenlin1	cand	GCA_025266875.1_Fenlin1|w0	tblastn	REF|101119_atcc11807_MAT_Plus|gene0|sexP	22.7	E=1.6	40
GCA_025266875.1_Fenlin1|w0|t1	GCA_025266875.1_Fenlin1	cand	GCA_025266875.1_Fenlin1|w0	tblastn	REF|4837_ubc21_MAT_Plus|gene1|sexP	61.2	E=1.9e-06	71
GCA_025266875.1_Fenlin1|w2|t0	GCA_025266875.1_Fenlin1	cand	GCA_025266875.1_Fenlin1|w2	tblastn	REF|101119_atcc11807_MAT_Plus|gene0|sexP	53.5	E=0.00087	137
GCA_025266875.1_Fenlin1|w2|t2	GCA_025266875.1_Fenlin1	cand	GCA_025266875.1_Fenlin1|w2	tblastn	REF|36080_nrrl-3631_MAT_Plus|gene1|sexP	22.3	E=2.2	62
GCA_025266875.1_Fenlin1|w2|t3	GCA_025266875.1_Fenlin1	cand	GCA_025266875.1_Fenlin1|w2	tblastn	REF|3231046_uomau377_MAT_Minus|gene1|sexM	20.8	E=4.5	41
GCA_025266875.1_Fenlin1|w2|t4	GCA_025266875.1_Fenlin1	cand	GCA_025266875.1_Fenlin1|w2	tblastn	REF|4837_nrrl1555_MAT_Minus|gene1|sexM	43.9	E=0.89	56
GCA_025266875.1_Fenlin1|w2|t5	GCA_025266875.1_Fenlin1	cand	GCA_025266875.1_Fenlin1|w2	tblastn	REF|3231046_uomd23-19_MAT_Plus|gene1|sexP	25.0	E=0.32	37
GCA_025266875.1_Fenlin1|w2|t6	GCA_025266875.1_Fenlin1	cand	GCA_025266875.1_Fenlin1|w2	tblastn	REF|36080_nrrl-3631_MAT_Plus|gene1|sexP	23.5	E=1.1	49
GCA_025266875.1_Fenlin1|h2|t0	GCA_025266875.1_Fenlin1	nonlocus	GCA_025266875.1_Fenlin1|h2	tblastn	REF|4850_vkm-f-921_MAT_Minus|gene0|sexM	63.1	E=5.1e-08	91
GCA_025266875.1_Fenlin1|h6|t0	GCA_025266875.1_Fenlin1	nonlocus	GCA_025266875.1_Fenlin1|h6	tblastn	REF|3231046_uomd23-19_MAT_Plus|gene1|sexP	68.2	E=2.1e-08	86
GCA_025330725.1_Chlpad1|c0|m0	GCA_025330725.1_Chlpad1	cand	GCA_025330725.1_Chlpad1|c0	miniprot	REF|3231046_uomd23-19_MAT_Plus|gene1|sexP	975	0.987	304
GCA_025330725.1_Chlpad1|h1|t0	GCA_025330725.1_Chlpad1	nonlocus	GCA_025330725.1_Chlpad1|h1	tblastn	REF|29922_cbs109-16_MAT_Minus|gene1|sexM	78.2	E=1.2e-13	131
GCA_025330725.1_Chlpad1|h6|t0	GCA_025330725.1_Chlpad1	nonlocus	GCA_025330725.1_Chlpad1|h6	tblastn	REF|3231046_uomd23-19_MAT_Plus|gene1|sexP	66.2	E=9e-09	67
GCA_025330725.1_Chlpad1|h3|t0	GCA_025330725.1_Chlpad1	nonlocus	GCA_025330725.1_Chlpad1|h3	tblastn	REF|4837_nrrl1555_MAT_Minus|gene1|sexM	60.8	E=2.4e-07	101
GCA_025330735.1_MorGBAus27b_1|w0|t0	GCA_025330735.1_MorGBAus27b_1	cand	GCA_025330735.1_MorGBAus27b_1|w0	tblastn	REF|101119_atcc11807_MAT_Plus|gene0|sexP	99.7	E=4.2e-11	152
GCA_025330735.1_MorGBAus27b_1|w0|t1	GCA_025330735.1_MorGBAus27b_1	cand	GCA_025330735.1_MorGBAus27b_1|w0	tblastn	REF|101119_atcc11807_MAT_Plus|gene0|sexP	33.9	E=0.00041	72
GCA_025330735.1_MorGBAus27b_1|w1|t0	GCA_025330735.1_MorGBAus27b_1	cand	GCA_025330735.1_MorGBAus27b_1|w1	tblastn	REF|4837_nrrl1555_MAT_Minus|gene1|sexM	43.1	E=0.69	78
GCA_025330735.1_MorGBAus27b_1|w1|t1	GCA_025330735.1_MorGBAus27b_1	cand	GCA_025330735.1_MorGBAus27b_1|w1	tblastn	REF|36080_nrrl-3631_MAT_Plus|gene1|sexP	45.8	E=1.3	85
GCA_025330735.1_MorGBAus27b_1|w1|t2	GCA_025330735.1_MorGBAus27b_1	cand	GCA_025330735.1_MorGBAus27b_1|w1	tblastn	REF|64495_cbs346-36_MAT_Plus|gene2|sexP	63.1	E=2.5	92
GCA_025330735.1_MorGBAus27b_1|w1|t3	GCA_025330735.1_MorGBAus27b_1	cand	GCA_025330735.1_MorGBAus27b_1|w1	tblastn	REF|35722_atcc11077_MAT_Minus|gene0|sexM	61.9	E=1.5	56
GCA_025330735.1_MorGBAus27b_1|w1|t6	GCA_025330735.1_MorGBAus27b_1	cand	GCA_025330735.1_MorGBAus27b_1|w1	tblastn	REF|4850_vkm-f-921_MAT_Minus|gene0|sexM	20.8	E=3.2	75
GCA_025331435.1_Chocucu1|c0|m0	GCA_025331435.1_Chocucu1	cand	GCA_025331435.1_Chocucu1|c0	miniprot	REF|101119_atcc11807_MAT_Plus|gene0|sexP	346	0.961	291
GCA_025331435.1_Chocucu1|w0|t0	GCA_025331435.1_Chocucu1	cand	GCA_025331435.1_Chocucu1|w0	tblastn	REF|29922_cbs109-16_MAT_Minus|gene1|sexM	41.9	E=0.73	87
GCA_025331435.1_Chocucu1|w0|t2	GCA_025331435.1_Chocucu1	cand	GCA_025331435.1_Chocucu1|w0	tblastn	REF|86630_cbs357-93_MAT_Minus|gene0|sexM	59.3	E=1.7e-06	60
GCA_025331435.1_Chocucu1|w1|t0	GCA_025331435.1_Chocucu1	cand	GCA_025331435.1_Chocucu1|w1	tblastn	REF|4837_ubc21_MAT_Plus|gene1|sexP	41.2	E=1.3e-06	51
GCA_025331435.1_Chocucu1|w1|t1	GCA_025331435.1_Chocucu1	cand	GCA_025331435.1_Chocucu1|w1	tblastn	REF|101119_atcc11807_MAT_Minus|gene0|sexM	36.1	E=2.6	69
GCA_025331435.1_Chocucu1|w1|t2	GCA_025331435.1_Chocucu1	cand	GCA_025331435.1_Chocucu1|w1	tblastn	REF|4837_nrrl1555_MAT_Minus|gene1|sexM	60.1	E=2.2	90
GCA_025331445.1_Blatri1|c0|m0	GCA_025331445.1_Blatri1	cand	GCA_025331445.1_Blatri1|c0	miniprot	REF|3108396_ai-2023a_MAT_Plus|gene2|sexP	462	0.911	283
GCA_025331445.1_Blatri1|w0|t0	GCA_025331445.1_Blatri1	cand	GCA_025331445.1_Blatri1|w0	tblastn	REF|35722_atcc11077_MAT_Minus|gene0|sexM	23.9	E=0.29	87
GCA_025331445.1_Blatri1|w0|t2	GCA_025331445.1_Blatri1	cand	GCA_025331445.1_Blatri1|w0	tblastn	REF|3231046_uomd23-19_MAT_Plus|gene1|sexP	60.1	E=3.6e-05	75
GCA_025331445.1_Blatri1|w1|t0	GCA_025331445.1_Blatri1	cand	GCA_025331445.1_Blatri1|w1	tblastn	REF|36080_nrrl-3631_MAT_Plus|gene1|sexP	29.6	E=0.01	54
GCA_025331445.1_Blatri1|h4|t0	GCA_025331445.1_Blatri1	nonlocus	GCA_025331445.1_Blatri1|h4	tblastn	REF|29922_cbs109-16_MAT_Minus|gene1|sexM	57.8	E=2.6e-12	86
GCA_025331445.1_Blatri1|h1|t0	GCA_025331445.1_Blatri1	nonlocus	GCA_025331445.1_Blatri1|h1	tblastn	REF|4837_ubc21_MAT_Plus|gene1|sexP	75.5	E=4.7e-10	110
GCA_025331445.1_Blatri1|h2|t0	GCA_025331445.1_Blatri1	nonlocus	GCA_025331445.1_Blatri1|h2	tblastn	REF|101119_atcc11807_MAT_Minus|gene0|sexM	57.0	E=2.2e-12	145
GCA_025331445.1_Blatri1|h2|t1	GCA_025331445.1_Blatri1	nonlocus	GCA_025331445.1_Blatri1|h2	tblastn	REF|64495_cbs346-36_MAT_Plus|gene2|sexP	22.7	E=1.3	34
GCA_025399235.1_Bacci1|c0|m0	GCA_025399235.1_Bacci1	cand	GCA_025399235.1_Bacci1|c0	miniprot	REF|64495_cbs346-36_MAT_Plus|gene2|sexP	372	0.901	294
GCA_025504485.1_ASM2550448v1|c0|m0	GCA_025504485.1_ASM2550448v1	cand	GCA_025504485.1_ASM2550448v1|c0	miniprot	REF|36080_nrrl-3631_MAT_Plus|gene1|sexP	1293	1.0	322
GCA_025504515.1_ASM2550451v1|c0|m0	GCA_025504515.1_ASM2550451v1	cand	GCA_025504515.1_ASM2550451v1|c0	miniprot	REF|36080_r7b_MAT_Minus|gene1|sexM	720	1.0	256
GCA_025504515.1_ASM2550451v1|w0|t0	GCA_025504515.1_ASM2550451v1	cand	GCA_025504515.1_ASM2550451v1|w0	tblastn	REF|101119_atcc11807_MAT_Minus|gene0|sexM	82.0	E=0.001	92
GCA_025528865.1_Pilumb1|c0|m0	GCA_025528865.1_Pilumb1	cand	GCA_025528865.1_Pilumb1|c0	miniprot	REF|3108396_ai-2023a_MAT_Plus|gene2|sexP	289	0.602	185
GCA_025528865.1_Pilumb1|w0|t2	GCA_025528865.1_Pilumb1	cand	GCA_025528865.1_Pilumb1|w0	tblastn	REF|3231046_uomd23-19_MAT_Plus|gene1|sexP	64.3	E=1.9e-06	97
GCA_025528865.1_Pilumb1|w1|t0	GCA_025528865.1_Pilumb1	cand	GCA_025528865.1_Pilumb1|w1	tblastn	REF|3231046_uomd23-19_MAT_Plus|gene1|sexP	21.2	E=4.2	34
GCA_025528865.1_Pilumb1|w1|t1	GCA_025528865.1_Pilumb1	cand	GCA_025528865.1_Pilumb1|w1	tblastn	REF|101119_atcc11807_MAT_Plus|gene0|sexP	28.9	E=0.013	46
GCA_025528865.1_Pilumb1|w1|t2	GCA_025528865.1_Pilumb1	cand	GCA_025528865.1_Pilumb1|w1	tblastn	REF|64495_cbs110-17_MAT_Minus|gene1|sexM	40.8	E=2.1	108
GCA_025528865.1_Pilumb1|w1|t4	GCA_025528865.1_Pilumb1	cand	GCA_025528865.1_Pilumb1|w1	tblastn	REF|29922_cbs109-16_MAT_Minus|gene1|sexM	40.0	E=4.8	40
GCA_025528865.1_Pilumb1|h2|t1	GCA_025528865.1_Pilumb1	nonlocus	GCA_025528865.1_Pilumb1|h2	tblastn	REF|101119_atcc11807_MAT_Minus|gene0|sexM	70.8	E=1.8e-10	121
GCA_025528865.1_Pilumb1|h3|t0	GCA_025528865.1_Pilumb1	nonlocus	GCA_025528865.1_Pilumb1|h3	tblastn	REF|64495_cbs110-17_MAT_Minus|gene1|sexM	67.4	E=1.2e-08	80
GCA_025528865.1_Pilumb1|h5|t0	GCA_025528865.1_Pilumb1	nonlocus	GCA_025528865.1_Pilumb1|h5	tblastn	REF|4837_ubc21_MAT_Plus|gene1|sexP	86.5	E=1.2	103
GCA_025529335.1_ASM2552933v1|c0|m0	GCA_025529335.1_ASM2552933v1	cand	GCA_025529335.1_ASM2552933v1|c0	miniprot	REF|86630_cbs357-93_MAT_Minus|gene0|sexM	831	1.0	185
GCA_025529335.1_ASM2552933v1|c1|m0	GCA_025529335.1_ASM2552933v1	cand	GCA_025529335.1_ASM2552933v1|c1	miniprot	REF|64495_cbs346-36_MAT_Plus|gene2|sexP	612	0.994	316
GCA_025529335.1_ASM2552933v1|w1|t0	GCA_025529335.1_ASM2552933v1	cand	GCA_025529335.1_ASM2552933v1|w1	tblastn	REF|101119_atcc11807_MAT_Plus|gene0|sexP	44.6	E=0.13	100
GCA_025529335.1_ASM2552933v1|w1|t3	GCA_025529335.1_ASM2552933v1	cand	GCA_025529335.1_ASM2552933v1|w1	tblastn	REF|3108396_ai-2023a_MAT_Plus|gene2|sexP	20.8	E=2.8	38
GCA_025529335.1_ASM2552933v1|w1|t4	GCA_025529335.1_ASM2552933v1	cand	GCA_025529335.1_ASM2552933v1|w1	tblastn	REF|29922_cbs109-16_MAT_Minus|gene1|sexM	87.7	E=5.7e-09	172
GCA_025529335.1_ASM2552933v1|w1|t5	GCA_025529335.1_ASM2552933v1	cand	GCA_025529335.1_ASM2552933v1|w1	tblastn	REF|4837_ubc21_MAT_Plus|gene1|sexP	62.4	E=1.7e-13	78
GCA_025531835.1_PnitS608_1|c0|m0	GCA_025531835.1_PnitS608_1	cand	GCA_025531835.1_PnitS608_1|c0	miniprot	REF|4837_ubc21_MAT_Plus|gene1|sexP	1058	1.0	297
GCA_025531835.1_PnitS608_1|w0|t0	GCA_025531835.1_PnitS608_1	cand	GCA_025531835.1_PnitS608_1|w0	tblastn	REF|64495_cbs346-36_MAT_Plus|gene2|sexP	54.7	E=0.009	89
GCA_025531835.1_PnitS608_1|w1|t0	GCA_025531835.1_PnitS608_1	cand	GCA_025531835.1_PnitS608_1|w1	tblastn	REF|86630_cbs357-93_MAT_Minus|gene0|sexM	45.9	E=0.042	57
GCA_025531835.1_PnitS608_1|w1|t1	GCA_025531835.1_PnitS608_1	cand	GCA_025531835.1_PnitS608_1|w1	tblastn	REF|3231046_uomau377_MAT_Minus|gene1|sexM	21.6	E=5.4	52
GCA_025531835.1_PnitS608_1|w1|t2	GCA_025531835.1_PnitS608_1	cand	GCA_025531835.1_PnitS608_1|w1	tblastn	REF|3108396_ai-2023a_MAT_Plus|gene2|sexP	49.3	E=0.097	82
GCA_025531835.1_PnitS608_1|w1|t4	GCA_025531835.1_PnitS608_1	cand	GCA_025531835.1_PnitS608_1|w1	tblastn	REF|4837_nrrl1555_MAT_Minus|gene1|sexM	20.4	E=10	56
GCA_025531835.1_PnitS608_1|w1|t5	GCA_025531835.1_PnitS608_1	cand	GCA_025531835.1_PnitS608_1|w1	tblastn	REF|64495_cbs346-36_MAT_Plus|gene2|sexP	22.7	E=3.4	84
GCA_025531835.1_PnitS608_1|w1|t7	GCA_025531835.1_PnitS608_1	cand	GCA_025531835.1_PnitS608_1|w1	tblastn	REF|36080_nrrl-3631_MAT_Plus|gene1|sexP	21.6	E=7.3	33
GCA_025531835.1_PnitS608_1|w1|t8	GCA_025531835.1_PnitS608_1	cand	GCA_025531835.1_PnitS608_1|w1	tblastn	REF|29922_cbs109-16_MAT_Minus|gene1|sexM	23.1	E=1.7	35
GCA_025531835.1_PnitS608_1|w1|t9	GCA_025531835.1_PnitS608_1	cand	GCA_025531835.1_PnitS608_1|w1	tblastn	REF|86630_cbs357-93_MAT_Minus|gene0|sexM	20.8	E=6.5	49
GCA_025531835.1_PnitS608_1|w1|t10	GCA_025531835.1_PnitS608_1	cand	GCA_025531835.1_PnitS608_1|w1	tblastn	REF|86630_cbs357-93_MAT_Minus|gene0|sexM	21.2	E=4.8	49
GCA_025531835.1_PnitS608_1|w1|t11	GCA_025531835.1_PnitS608_1	cand	GCA_025531835.1_PnitS608_1|w1	tblastn	REF|4837_ubc21_MAT_Plus|gene1|sexP	21.9	E=5.6	59
GCA_025531835.1_PnitS608_1|w1|t14	GCA_025531835.1_PnitS608_1	cand	GCA_025531835.1_PnitS608_1|w1	tblastn	REF|4837_nrrl1555_MAT_Minus|gene1|sexM	21.6	E=5.4	30
GCA_025531835.1_PnitS608_1|w1|t15	GCA_025531835.1_PnitS608_1	cand	GCA_025531835.1_PnitS608_1|w1	tblastn	REF|3108396_ai-2023a_MAT_Plus|gene2|sexP	43.2	E=7.9	74
GCA_025531835.1_PnitS608_1|w1|t16	GCA_025531835.1_PnitS608_1	cand	GCA_025531835.1_PnitS608_1|w1	tblastn	REF|29922_cbs109-16_MAT_Minus|gene1|sexM	39.2	E=1.6	52
GCA_025531835.1_PnitS608_1|w1|t17	GCA_025531835.1_PnitS608_1	cand	GCA_025531835.1_PnitS608_1|w1	tblastn	REF|4837_nrrl1555_MAT_Minus|gene1|sexM	22.3	E=3	39
GCA_025531835.1_PnitS608_1|w1|t18	GCA_025531835.1_PnitS608_1	cand	GCA_025531835.1_PnitS608_1|w1	tblastn	REF|36080_nrrl-3631_MAT_Plus|gene1|sexP	28.9	E=0.043	37
GCA_025531835.1_PnitS608_1|w2|t0	GCA_025531835.1_PnitS608_1	cand	GCA_025531835.1_PnitS608_1|w2	tblastn	REF|64495_cbs346-36_MAT_Plus|gene2|sexP	36.6	E=0.00019	95
GCA_025603085.1_LANL_1351_123_1.0|w0|t0	GCA_025603085.1_LANL_1351_123_1.0	cand	GCA_025603085.1_LANL_1351_123_1.0|w0	tblastn	REF|4850_vkm-f-921_MAT_Minus|gene0|sexM	23.1	E=2.1	82
GCA_025603085.1_LANL_1351_123_1.0|w0|t4	GCA_025603085.1_LANL_1351_123_1.0	cand	GCA_025603085.1_LANL_1351_123_1.0|w0	tblastn	REF|3231046_uomau377_MAT_Minus|gene1|sexM	28.9	E=0.034	55
GCA_025603085.1_LANL_1351_123_1.0|w0|t6	GCA_025603085.1_LANL_1351_123_1.0	cand	GCA_025603085.1_LANL_1351_123_1.0|w0	tblastn	REF|4837_nrrl1555_MAT_Minus|gene1|sexM	27.3	E=0.11	43
GCA_025603085.1_LANL_1351_123_1.0|w0|t7	GCA_025603085.1_LANL_1351_123_1.0	cand	GCA_025603085.1_LANL_1351_123_1.0|w0	tblastn	REF|35722_atcc11077_MAT_Minus|gene0|sexM	23.5	E=1.6	86
GCA_025603085.1_LANL_1351_123_1.0|w0|t8	GCA_025603085.1_LANL_1351_123_1.0	cand	GCA_025603085.1_LANL_1351_123_1.0|w0	tblastn	REF|4837_nrrl1555_MAT_Minus|gene1|sexM	80.9	E=7.9e-12	145
GCA_025603085.1_LANL_1351_123_1.0|w0|t9	GCA_025603085.1_LANL_1351_123_1.0	cand	GCA_025603085.1_LANL_1351_123_1.0|w0	tblastn	REF|101119_atcc11807_MAT_Plus|gene0|sexP	21.6	E=8.8	36
GCA_025603085.1_LANL_1351_123_1.0|w1|t0	GCA_025603085.1_LANL_1351_123_1.0	cand	GCA_025603085.1_LANL_1351_123_1.0|w1	tblastn	REF|4837_ubc21_MAT_Plus|gene1|sexP	47.0	E=1.1e-07	48
GCA_025603085.1_LANL_1351_123_1.0|w2|t2	GCA_025603085.1_LANL_1351_123_1.0	cand	GCA_025603085.1_LANL_1351_123_1.0|w2	tblastn	REF|36080_r7b_MAT_Minus|gene1|sexM	21.6	E=7.9	51
GCA_025603085.1_LANL_1351_123_1.0|w2|t3	GCA_025603085.1_LANL_1351_123_1.0	cand	GCA_025603085.1_LANL_1351_123_1.0|w2	tblastn	REF|4850_vkm-f-921_MAT_Minus|gene0|sexM	21.6	E=6.5	63
GCA_025603085.1_LANL_1351_123_1.0|w2|t4	GCA_025603085.1_LANL_1351_123_1.0	cand	GCA_025603085.1_LANL_1351_123_1.0|w2	tblastn	REF|36080_nrrl-3631_MAT_Plus|gene1|sexP	28.5	E=0.084	58
GCA_025603085.1_LANL_1351_123_1.0|w3|t0	GCA_025603085.1_LANL_1351_123_1.0	cand	GCA_025603085.1_LANL_1351_123_1.0|w3	tblastn	REF|36080_nrrl-3631_MAT_Plus|gene1|sexP	43.9	E=1.1e-06	51
GCA_025603085.1_LANL_1351_123_1.0|w4|t0	GCA_025603085.1_LANL_1351_123_1.0	cand	GCA_025603085.1_LANL_1351_123_1.0|w4	tblastn	REF|101119_atcc11807_MAT_Plus|gene0|sexP	44.6	E=3.8	58
GCA_025603085.1_LANL_1351_123_1.0|w4|t1	GCA_025603085.1_LANL_1351_123_1.0	cand	GCA_025603085.1_LANL_1351_123_1.0|w4	tblastn	REF|3231046_uomd23-19_MAT_Plus|gene1|sexP	23.5	E=2.9	33
GCA_025603085.1_LANL_1351_123_1.0|w4|t2	GCA_025603085.1_LANL_1351_123_1.0	cand	GCA_025603085.1_LANL_1351_123_1.0|w4	tblastn	REF|36080_nrrl-3631_MAT_Plus|gene1|sexP	22.3	E=6.1	44
GCA_025603085.1_LANL_1351_123_1.0|w4|t3	GCA_025603085.1_LANL_1351_123_1.0	cand	GCA_025603085.1_LANL_1351_123_1.0|w4	tblastn	REF|4850_vkm-f-921_MAT_Minus|gene0|sexM	21.2	E=8.3	39
GCA_025603085.1_LANL_1351_123_1.0|w5|t0	GCA_025603085.1_LANL_1351_123_1.0	cand	GCA_025603085.1_LANL_1351_123_1.0|w5	tblastn	REF|3108396_ai-2023a_MAT_Plus|gene2|sexP	30.4	E=0.02	59
GCA_025603085.1_LANL_1351_123_1.0|w5|t1	GCA_025603085.1_LANL_1351_123_1.0	cand	GCA_025603085.1_LANL_1351_123_1.0|w5	tblastn	REF|64495_cbs110-17_MAT_Minus|gene1|sexM	21.9	E=3.8	59
GCA_025603085.1_LANL_1351_123_1.0|w5|t2	GCA_025603085.1_LANL_1351_123_1.0	cand	GCA_025603085.1_LANL_1351_123_1.0|w5	tblastn	REF|86630_cbs357-93_MAT_Minus|gene0|sexM	20.8	E=8.9	43
GCA_025603085.1_LANL_1351_123_1.0|w5|t3	GCA_025603085.1_LANL_1351_123_1.0	cand	GCA_025603085.1_LANL_1351_123_1.0|w5	tblastn	REF|36080_r7b_MAT_Minus|gene1|sexM	23.9	E=1.4	54
GCA_025603085.1_LANL_1351_123_1.0|w5|t4	GCA_025603085.1_LANL_1351_123_1.0	cand	GCA_025603085.1_LANL_1351_123_1.0|w5	tblastn	REF|4837_ubc21_MAT_Plus|gene1|sexP	22.7	E=4.3	38
GCA_025603085.1_LANL_1351_123_1.0|w6|t1	GCA_025603085.1_LANL_1351_123_1.0	cand	GCA_025603085.1_LANL_1351_123_1.0|w6	tblastn	REF|4837_nrrl1555_MAT_Minus|gene1|sexM	43.5	E=4.9	59
GCA_025603085.1_LANL_1351_123_1.0|w6|t2	GCA_025603085.1_LANL_1351_123_1.0	cand	GCA_025603085.1_LANL_1351_123_1.0|w6	tblastn	REF|86630_cbs357-93_MAT_Minus|gene0|sexM	45.0	E=2	69
GCA_025603085.1_LANL_1351_123_1.0|w6|t3	GCA_025603085.1_LANL_1351_123_1.0	cand	GCA_025603085.1_LANL_1351_123_1.0|w6	tblastn	REF|4837_ubc21_MAT_Plus|gene1|sexP	22.7	E=4.1	32
GCA_025603085.1_LANL_1351_123_1.0|w6|t5	GCA_025603085.1_LANL_1351_123_1.0	cand	GCA_025603085.1_LANL_1351_123_1.0|w6	tblastn	REF|3231046_uomd23-19_MAT_Plus|gene1|sexP	30.0	E=0.023	64
GCA_025603085.1_LANL_1351_123_1.0|w7|t1	GCA_025603085.1_LANL_1351_123_1.0	cand	GCA_025603085.1_LANL_1351_123_1.0|w7	tblastn	REF|3231046_uomd23-19_MAT_Plus|gene1|sexP	29.6	E=0.034	45
GCA_025603085.1_LANL_1351_123_1.0|w7|t2	GCA_025603085.1_LANL_1351_123_1.0	cand	GCA_025603085.1_LANL_1351_123_1.0|w7	tblastn	REF|3108396_ai-2023a_MAT_Plus|gene2|sexP	23.9	E=1.8	40
GCA_025603085.1_LANL_1351_123_1.0|w8|t0	GCA_025603085.1_LANL_1351_123_1.0	cand	GCA_025603085.1_LANL_1351_123_1.0|w8	tblastn	REF|64495_cbs346-36_MAT_Plus|gene2|sexP	28.9	E=0.06	62
GCA_025603085.1_LANL_1351_123_1.0|w8|t1	GCA_025603085.1_LANL_1351_123_1.0	cand	GCA_025603085.1_LANL_1351_123_1.0|w8	tblastn	REF|36080_nrrl-3631_MAT_Plus|gene1|sexP	23.1	E=4.3	37
GCA_025603085.1_LANL_1351_123_1.0|w9|t1	GCA_025603085.1_LANL_1351_123_1.0	cand	GCA_025603085.1_LANL_1351_123_1.0|w9	tblastn	REF|36080_r7b_MAT_Minus|gene1|sexM	32.0	E=0.004	102
GCA_025603085.1_LANL_1351_123_1.0|h4|t0	GCA_025603085.1_LANL_1351_123_1.0	nonlocus	GCA_025603085.1_LANL_1351_123_1.0|h4	tblastn	REF|4837_nrrl1555_MAT_Minus|gene1|sexM	77.8	E=1.3e-18	113
GCA_025603085.1_LANL_1351_123_1.0|h1|t0	GCA_025603085.1_LANL_1351_123_1.0	nonlocus	GCA_025603085.1_LANL_1351_123_1.0|h1	tblastn	REF|64495_cbs110-17_MAT_Minus|gene1|sexM	71.6	E=8.9e-17	160
GCA_025603085.1_LANL_1351_123_1.0|h3|t0	GCA_025603085.1_LANL_1351_123_1.0	nonlocus	GCA_025603085.1_LANL_1351_123_1.0|h3	tblastn	REF|4837_nrrl1555_MAT_Minus|gene1|sexM	51.6	E=1.2e-09	127
GCA_025677805.1_Umbsp_AD052_1|w1|t0	GCA_025677805.1_Umbsp_AD052_1	cand	GCA_025677805.1_Umbsp_AD052_1|w1	tblastn	REF|86630_cbs357-93_MAT_Minus|gene0|sexM	26.6	E=0.03	44
GCA_025677805.1_Umbsp_AD052_1|w1|t2	GCA_025677805.1_Umbsp_AD052_1	cand	GCA_025677805.1_Umbsp_AD052_1|w1	tblastn	REF|35722_atcc11077_MAT_Minus|gene0|sexM	30.4	E=0.002	51
GCA_025677805.1_Umbsp_AD052_1|w1|t4	GCA_025677805.1_Umbsp_AD052_1	cand	GCA_025677805.1_Umbsp_AD052_1|w1	tblastn	REF|36080_nrrl-3631_MAT_Plus|gene1|sexP	48.9	E=0.014	47
GCA_025677805.1_Umbsp_AD052_1|w1|t5	GCA_025677805.1_Umbsp_AD052_1	cand	GCA_025677805.1_Umbsp_AD052_1|w1	tblastn	REF|64495_cbs346-36_MAT_Plus|gene2|sexP	65.0	E=0.85	110
GCA_025677805.1_Umbsp_AD052_1|w2|t1	GCA_025677805.1_Umbsp_AD052_1	cand	GCA_025677805.1_Umbsp_AD052_1|w2	tblastn	REF|101119_atcc11807_MAT_Plus|gene0|sexP	40.4	E=4.4	36
GCA_025677805.1_Umbsp_AD052_1|w2|t2	GCA_025677805.1_Umbsp_AD052_1	cand	GCA_025677805.1_Umbsp_AD052_1|w2	tblastn	REF|4837_nrrl1555_MAT_Minus|gene1|sexM	40.8	E=1.5	32
GCA_025677815.1_Phaart1|h2|m0	GCA_025677815.1_Phaart1	nonlocus	GCA_025677815.1_Phaart1|h2	miniprot	REF|86630_cbs357-93_MAT_Minus|gene0|sexM	143	0.416	79
GCA_025677815.1_Phaart1|c0|t0	GCA_025677815.1_Phaart1	cand	GCA_025677815.1_Phaart1|c0	tblastn	REF|3108396_ai-2023a_MAT_Plus|gene2|sexP	52.7	E=0.00012	60
GCA_025677815.1_Phaart1|h1|t0	GCA_025677815.1_Phaart1	nonlocus	GCA_025677815.1_Phaart1|h1	tblastn	REF|64495_cbs110-17_MAT_Minus|gene1|sexM	72.0	E=1.3e-10	132
GCA_025677815.1_Phaart1|h4|t0	GCA_025677815.1_Phaart1	nonlocus	GCA_025677815.1_Phaart1|h4	tblastn	REF|4837_nrrl1555_MAT_Minus|gene1|sexM	101.5	E=7.9e-07	126
GCA_025677825.1_Helpul1|c0|m0	GCA_025677825.1_Helpul1	cand	GCA_025677825.1_Helpul1|c0	miniprot	REF|3108396_ai-2023a_MAT_Plus|gene2|sexP	591	0.934	289
GCA_025677825.1_Helpul1|w0|t0	GCA_025677825.1_Helpul1	cand	GCA_025677825.1_Helpul1|w0	tblastn	REF|64495_cbs346-36_MAT_Plus|gene2|sexP	34.7	E=0.00032	91
GCA_025677825.1_Helpul1|w0|t1	GCA_025677825.1_Helpul1	cand	GCA_025677825.1_Helpul1|w0	tblastn	REF|4837_ubc21_MAT_Plus|gene1|sexP	24.6	E=0.47	46
GCA_025677825.1_Helpul1|w1|t0	GCA_025677825.1_Helpul1	cand	GCA_025677825.1_Helpul1|w1	tblastn	REF|3231046_uomau377_MAT_Minus|gene1|sexM	28.9	E=0.015	44
GCA_025677825.1_Helpul1|w1|t1	GCA_025677825.1_Helpul1	cand	GCA_025677825.1_Helpul1|w1	tblastn	REF|3231046_uomd23-19_MAT_Plus|gene1|sexP	20.8	E=6.5	94
GCA_025677825.1_Helpul1|w1|t3	GCA_025677825.1_Helpul1	cand	GCA_025677825.1_Helpul1|w1	tblastn	REF|64495_cbs346-36_MAT_Plus|gene2|sexP	50.4	E=0.029	88
GCA_025677825.1_Helpul1|w2|t0	GCA_025677825.1_Helpul1	cand	GCA_025677825.1_Helpul1|w2	tblastn	REF|36080_nrrl-3631_MAT_Plus|gene1|sexP	21.9	E=3.4	38
GCA_025677825.1_Helpul1|w2|t2	GCA_025677825.1_Helpul1	cand	GCA_025677825.1_Helpul1|w2	tblastn	REF|64495_cbs110-17_MAT_Minus|gene1|sexM	28.1	E=0.017	94
GCA_025677825.1_Helpul1|h1|t0	GCA_025677825.1_Helpul1	nonlocus	GCA_025677825.1_Helpul1|h1	tblastn	REF|64495_cbs110-17_MAT_Minus|gene1|sexM	76.6	E=8.2e-12	100
GCA_025677825.1_Helpul1|h9|t0	GCA_025677825.1_Helpul1	nonlocus	GCA_025677825.1_Helpul1|h9	tblastn	REF|3231046_uomd23-19_MAT_Plus|gene1|sexP	43.5	E=6.1e-07	88
GCA_025677825.1_Helpul1|h2|t0	GCA_025677825.1_Helpul1	nonlocus	GCA_025677825.1_Helpul1|h2	tblastn	REF|101119_atcc11807_MAT_Minus|gene0|sexM	50.8	E=1.4e-10	95
GCA_025677835.1_Spoumb1|w0|t0	GCA_025677835.1_Spoumb1	cand	GCA_025677835.1_Spoumb1|w0	tblastn	REF|101119_atcc11807_MAT_Plus|gene0|sexP	27.7	E=0.033	49
GCA_025677835.1_Spoumb1|w0|t1	GCA_025677835.1_Spoumb1	cand	GCA_025677835.1_Spoumb1|w0	tblastn	REF|4837_nrrl1555_MAT_Minus|gene1|sexM	27.3	E=0.031	32
GCA_025677835.1_Spoumb1|w0|t2	GCA_025677835.1_Spoumb1	cand	GCA_025677835.1_Spoumb1|w0	tblastn	REF|3231046_uomau377_MAT_Minus|gene1|sexM	20.8	E=4.1	37
GCA_025677835.1_Spoumb1|w0|t3	GCA_025677835.1_Spoumb1	cand	GCA_025677835.1_Spoumb1|w0	tblastn	REF|35722_atcc11077_MAT_Minus|gene0|sexM	39.6	E=5.6	54
GCA_025677835.1_Spoumb1|w0|t4	GCA_025677835.1_Spoumb1	cand	GCA_025677835.1_Spoumb1|w0	tblastn	REF|64495_cbs346-36_MAT_Plus|gene2|sexP	20.4	E=7.1	31
GCA_025677835.1_Spoumb1|h1|t0	GCA_025677835.1_Spoumb1	nonlocus	GCA_025677835.1_Spoumb1|h1	tblastn	REF|64495_cbs346-36_MAT_Plus|gene2|sexP	80.4	E=5.8e-06	152
GCA_025677835.1_Spoumb1|h2|t0	GCA_025677835.1_Spoumb1	nonlocus	GCA_025677835.1_Spoumb1|h2	tblastn	REF|4837_nrrl1555_MAT_Minus|gene1|sexM	73.1	E=3.9e-10	139
GCA_025677835.1_Spoumb1|h9|t0	GCA_025677835.1_Spoumb1	nonlocus	GCA_025677835.1_Spoumb1|h9	tblastn	REF|36080_nrrl-3631_MAT_Plus|gene1|sexP	50.4	E=2.9e-09	97
GCA_025677895.1_Morhum1|w0|t0	GCA_025677895.1_Morhum1	cand	GCA_025677895.1_Morhum1|w0	tblastn	REF|64495_cbs346-36_MAT_Plus|gene2|sexP	41.9	E=0.69	136
GCA_025677895.1_Morhum1|w0|t1	GCA_025677895.1_Morhum1	cand	GCA_025677895.1_Morhum1|w0	tblastn	REF|36080_nrrl-3631_MAT_Plus|gene1|sexP	63.9	E=1.4e-07	97
GCA_025716815.1_Dicele1|w0|t0	GCA_025716815.1_Dicele1	cand	GCA_025716815.1_Dicele1|w0	tblastn	REF|101119_atcc11807_MAT_Minus|gene0|sexM	29.6	E=0.01	38
GCA_025716815.1_Dicele1|w0|t1	GCA_025716815.1_Dicele1	cand	GCA_025716815.1_Dicele1|w0	tblastn	REF|36080_nrrl-3631_MAT_Plus|gene1|sexP	64.0	E=2e-06	74
GCA_025716815.1_Dicele1|w0|t3	GCA_025716815.1_Dicele1	cand	GCA_025716815.1_Dicele1|w0	tblastn	REF|3108396_ai-2023a_MAT_Plus|gene2|sexP	21.6	E=6.7	47
GCA_025716815.1_Dicele1|w1|t0	GCA_025716815.1_Dicele1	cand	GCA_025716815.1_Dicele1|w1	tblastn	REF|3108396_ai-2023a_MAT_Plus|gene2|sexP	22.7	E=2.8	38
GCA_025716815.1_Dicele1|w1|t1	GCA_025716815.1_Dicele1	cand	GCA_025716815.1_Dicele1|w1	tblastn	REF|3231046_uomd23-19_MAT_Plus|gene1|sexP	22.7	E=3.1	43
GCA_025716815.1_Dicele1|w1|t6	GCA_025716815.1_Dicele1	cand	GCA_025716815.1_Dicele1|w1	tblastn	REF|3108396_ai-2023a_MAT_Plus|gene2|sexP	21.6	E=5.9	39
GCA_025716815.1_Dicele1|w1|t7	GCA_025716815.1_Dicele1	cand	GCA_025716815.1_Dicele1|w1	tblastn	REF|36080_r7b_MAT_Minus|gene1|sexM	23.5	E=1.3	35
GCA_025716815.1_Dicele1|w1|t8	GCA_025716815.1_Dicele1	cand	GCA_025716815.1_Dicele1|w1	tblastn	REF|64495_cbs346-36_MAT_Plus|gene2|sexP	23.5	E=1.6	58
GCA_025716815.1_Dicele1|w1|t10	GCA_025716815.1_Dicele1	cand	GCA_025716815.1_Dicele1|w1	tblastn	REF|3231046_uomau377_MAT_Minus|gene1|sexM	44.7	E=0.61	67
GCA_025716815.1_Dicele1|w1|t13	GCA_025716815.1_Dicele1	cand	GCA_025716815.1_Dicele1|w1	tblastn	REF|64495_cbs346-36_MAT_Plus|gene2|sexP	24.3	E=0.98	46
GCA_025716815.1_Dicele1|w1|t14	GCA_025716815.1_Dicele1	cand	GCA_025716815.1_Dicele1|w1	tblastn	REF|86630_cbs357-93_MAT_Minus|gene0|sexM	21.9	E=2.6	66
GCA_025716815.1_Dicele1|h5|t0	GCA_025716815.1_Dicele1	nonlocus	GCA_025716815.1_Dicele1|h5	tblastn	REF|101119_atcc11807_MAT_Plus|gene0|sexP	20.8	E=9.6	37
GCA_025716815.1_Dicele1|h5|t1	GCA_025716815.1_Dicele1	nonlocus	GCA_025716815.1_Dicele1|h5	tblastn	REF|4837_ubc21_MAT_Plus|gene1|sexP	94.7	E=8.9e-24	179
GCA_025716815.1_Dicele1|h1|t0	GCA_025716815.1_Dicele1	nonlocus	GCA_025716815.1_Dicele1|h1	tblastn	REF|101119_atcc11807_MAT_Plus|gene0|sexP	20.8	E=9.3	33
GCA_025716815.1_Dicele1|h1|t1	GCA_025716815.1_Dicele1	nonlocus	GCA_025716815.1_Dicele1|h1	tblastn	REF|4837_nrrl1555_MAT_Minus|gene1|sexM	63.9	E=4.4e-06	113
GCA_025716815.1_Dicele1|h9|t1	GCA_025716815.1_Dicele1	nonlocus	GCA_025716815.1_Dicele1|h9	tblastn	REF|3231046_uomd23-19_MAT_Plus|gene1|sexP	47.0	E=7.6e-08	68
GCA_025716855.1_Pilano1|c0|m0	GCA_025716855.1_Pilano1	cand	GCA_025716855.1_Pilano1|c0	miniprot	REF|3108396_ai-2023a_MAT_Plus|gene2|sexP	565	0.914	292
GCA_025716855.1_Pilano1|h2|t0	GCA_025716855.1_Pilano1	nonlocus	GCA_025716855.1_Pilano1|h2	tblastn	REF|29922_cbs109-16_MAT_Minus|gene1|sexM	75.1	E=1.1e-12	118
GCA_025716855.1_Pilano1|h1|t1	GCA_025716855.1_Pilano1	nonlocus	GCA_025716855.1_Pilano1|h1	tblastn	REF|29922_cbs109-16_MAT_Minus|gene1|sexM	65.9	E=3.2e-09	114
GCA_025716855.1_Pilano1|h3|t0	GCA_025716855.1_Pilano1	nonlocus	GCA_025716855.1_Pilano1|h3	tblastn	REF|101119_atcc11807_MAT_Plus|gene0|sexP	80.8	E=2.2e-07	131
GCA_025766245.1_Coemoj1|c0|m0	GCA_025766245.1_Coemoj1	cand	GCA_025766245.1_Coemoj1|c0	miniprot	REF|36080_r7b_MAT_Minus|gene1|sexM	85	0.735	209
GCA_025766245.1_Coemoj1|w0|t0	GCA_025766245.1_Coemoj1	cand	GCA_025766245.1_Coemoj1|w0	tblastn	REF|3231046_uomd23-19_MAT_Plus|gene1|sexP	25.8	E=0.2	44
GCA_025766245.1_Coemoj1|w0|t1	GCA_025766245.1_Coemoj1	cand	GCA_025766245.1_Coemoj1|w0	tblastn	REF|3108396_ai-2023a_MAT_Plus|gene2|sexP	30.4	E=0.007	128
GCA_025766245.1_Coemoj1|w0|t2	GCA_025766245.1_Coemoj1	cand	GCA_025766245.1_Coemoj1|w0	tblastn	REF|3231046_uomd23-19_MAT_Plus|gene1|sexP	21.6	E=4.1	39
GCA_025766245.1_Coemoj1|w0|t5	GCA_025766245.1_Coemoj1	cand	GCA_025766245.1_Coemoj1|w0	tblastn	REF|29922_cbs109-16_MAT_Minus|gene1|sexM	22.3	E=1.6	53
GCA_025766245.1_Coemoj1|w0|t6	GCA_025766245.1_Coemoj1	cand	GCA_025766245.1_Coemoj1|w0	tblastn	REF|36080_nrrl-3631_MAT_Plus|gene1|sexP	28.5	E=0.034	157
GCA_025766245.1_Coemoj1|w2|t0	GCA_025766245.1_Coemoj1	cand	GCA_025766245.1_Coemoj1|w2	tblastn	REF|4850_vkm-f-921_MAT_Minus|gene0|sexM	20.4	E=5.5	34
GCA_025766245.1_Coemoj1|w2|t2	GCA_025766245.1_Coemoj1	cand	GCA_025766245.1_Coemoj1|w2	tblastn	REF|86630_cbs357-93_MAT_Minus|gene0|sexM	60.8	E=2.7	112
GCA_025766245.1_Coemoj1|w2|t3	GCA_025766245.1_Coemoj1	cand	GCA_025766245.1_Coemoj1|w2	tblastn	REF|4837_nrrl1555_MAT_Minus|gene1|sexM	40.4	E=6.3	30
GCA_025766245.1_Coemoj1|w2|t4	GCA_025766245.1_Coemoj1	cand	GCA_025766245.1_Coemoj1|w2	tblastn	REF|36080_nrrl-3631_MAT_Plus|gene1|sexP	62.4	E=6.6	99
GCA_025766305.1_Coespi1|w0|t0	GCA_025766305.1_Coespi1	cand	GCA_025766305.1_Coespi1|w0	tblastn	REF|36080_r7b_MAT_Minus|gene1|sexM	27.3	E=0.12	104
GCA_025766305.1_Coespi1|w0|t2	GCA_025766305.1_Coespi1	cand	GCA_025766305.1_Coespi1|w0	tblastn	REF|3231046_uomd23-19_MAT_Plus|gene1|sexP	25.0	E=0.9	35
GCA_025766305.1_Coespi1|w0|t5	GCA_025766305.1_Coespi1	cand	GCA_025766305.1_Coespi1|w0	tblastn	REF|4837_ubc21_MAT_Plus|gene1|sexP	48.5	E=0.19	74
GCA_025766305.1_Coespi1|w1|t0	GCA_025766305.1_Coespi1	cand	GCA_025766305.1_Coespi1|w1	tblastn	REF|101119_atcc11807_MAT_Minus|gene0|sexM	41.2	E=2e-06	74
GCA_025766305.1_Coespi1|w1|t1	GCA_025766305.1_Coespi1	cand	GCA_025766305.1_Coespi1|w1	tblastn	REF|35722_atcc11077_MAT_Minus|gene0|sexM	53.9	E=1.5e-10	124
GCA_025766305.1_Coespi1|w1|t2	GCA_025766305.1_Coespi1	cand	GCA_025766305.1_Coespi1|w1	tblastn	REF|101119_atcc11807_MAT_Minus|gene0|sexM	21.2	E=8.1	32
GCA_025766305.1_Coespi1|w1|t5	GCA_025766305.1_Coespi1	cand	GCA_025766305.1_Coespi1|w1	tblastn	REF|29922_cbs109-16_MAT_Minus|gene1|sexM	41.6	E=2.3e-06	65
GCA_025766305.1_Coespi1|w2|t0	GCA_025766305.1_Coespi1	cand	GCA_025766305.1_Coespi1|w2	tblastn	REF|3231046_uomau377_MAT_Minus|gene1|sexM	24.6	E=0.74	34
GCA_025766305.1_Coespi1|w2|t1	GCA_025766305.1_Coespi1	cand	GCA_025766305.1_Coespi1|w2	tblastn	REF|29922_cbs109-16_MAT_Minus|gene1|sexM	27.3	E=0.088	72
GCA_025766305.1_Coespi1|w2|t3	GCA_025766305.1_Coespi1	cand	GCA_025766305.1_Coespi1|w2	tblastn	REF|4850_vkm-f-921_MAT_Minus|gene0|sexM	23.1	E=2	39
GCA_025766305.1_Coespi1|w2|t4	GCA_025766305.1_Coespi1	cand	GCA_025766305.1_Coespi1|w2	tblastn	REF|64495_cbs346-36_MAT_Plus|gene2|sexP	44.7	E=6.9e-07	67
GCA_025766305.1_Coespi1|w2|t7	GCA_025766305.1_Coespi1	cand	GCA_025766305.1_Coespi1|w2	tblastn	REF|101119_atcc11807_MAT_Plus|gene0|sexP	59.7	E=6.3e-05	70
GCA_025766305.1_Coespi1|w2|t10	GCA_025766305.1_Coespi1	cand	GCA_025766305.1_Coespi1|w2	tblastn	REF|35722_atcc11077_MAT_Minus|gene0|sexM	22.3	E=3.8	82
GCA_025766305.1_Coespi1|w2|t11	GCA_025766305.1_Coespi1	cand	GCA_025766305.1_Coespi1|w2	tblastn	REF|101119_atcc11807_MAT_Plus|gene0|sexP	24.3	E=1.5	103
GCA_025766305.1_Coespi1|w2|t13	GCA_025766305.1_Coespi1	cand	GCA_025766305.1_Coespi1|w2	tblastn	REF|64495_cbs110-17_MAT_Minus|gene1|sexM	27.3	E=0.074	57
GCA_025766305.1_Coespi1|w4|t0	GCA_025766305.1_Coespi1	cand	GCA_025766305.1_Coespi1|w4	tblastn	REF|3231046_uomd23-19_MAT_Plus|gene1|sexP	28.5	E=0.08	51
GCA_025766305.1_Coespi1|w4|t1	GCA_025766305.1_Coespi1	cand	GCA_025766305.1_Coespi1|w4	tblastn	REF|35722_atcc11077_MAT_Minus|gene0|sexM	28.1	E=0.046	51
GCA_025766305.1_Coespi1|w4|t4	GCA_025766305.1_Coespi1	cand	GCA_025766305.1_Coespi1|w4	tblastn	REF|64495_cbs346-36_MAT_Plus|gene2|sexP	23.1	E=3.7	32
GCA_025766325.1_Benpoi1|c0|m0	GCA_025766325.1_Benpoi1	cand	GCA_025766325.1_Benpoi1|c0	miniprot	REF|29922_cbs109-16_MAT_Minus|gene1|sexM	420	1.0	219
GCA_025766325.1_Benpoi1|h10|m0	GCA_025766325.1_Benpoi1	nonlocus	GCA_025766325.1_Benpoi1|h10	miniprot	REF|36080_nrrl-3631_MAT_Plus|gene1|sexP	645	0.899	293
GCA_025766325.1_Benpoi1|c1|t1	GCA_025766325.1_Benpoi1	cand	GCA_025766325.1_Benpoi1|c1	tblastn	REF|29922_cbs109-16_MAT_Minus|gene1|sexM	21.2	E=3.5	30
GCA_025766325.1_Benpoi1|c1|t2	GCA_025766325.1_Benpoi1	cand	GCA_025766325.1_Benpoi1|c1	tblastn	REF|36080_nrrl-3631_MAT_Plus|gene1|sexP	48.9	E=0.39	59
GCA_025766325.1_Benpoi1|c1|t3	GCA_025766325.1_Benpoi1	cand	GCA_025766325.1_Benpoi1|c1	tblastn	REF|64495_cbs346-36_MAT_Plus|gene2|sexP	54.7	E=0.00073	75
GCA_025766325.1_Benpoi1|nc2|t0	GCA_025766325.1_Benpoi1	cand	GCA_025766325.1_Benpoi1|nc2	tblastn	REF|101119_atcc11807_MAT_Minus|gene0|sexM	48.1	E=4.3e-09	81
GCA_025766325.1_Benpoi1|nc2|t2	GCA_025766325.1_Benpoi1	cand	GCA_025766325.1_Benpoi1|nc2	tblastn	REF|4850_vkm-f-921_MAT_Minus|gene0|sexM	22.7	E=0.93	43
GCA_025766325.1_Benpoi1|nc2|t5	GCA_025766325.1_Benpoi1	cand	GCA_025766325.1_Benpoi1|nc2	tblastn	REF|101119_atcc11807_MAT_Plus|gene0|sexP	21.9	E=2.9	42
GCA_025766325.1_Benpoi1|w2|t1	GCA_025766325.1_Benpoi1	cand	GCA_025766325.1_Benpoi1|w2	tblastn	REF|35722_atcc11077_MAT_Minus|gene0|sexM	29.3	E=0.007	49
GCA_025766325.1_Benpoi1|w2|t2	GCA_025766325.1_Benpoi1	cand	GCA_025766325.1_Benpoi1|w2	tblastn	REF|3231046_uomau377_MAT_Minus|gene1|sexM	21.9	E=1.9	34
GCA_025766325.1_Benpoi1|h2|t0	GCA_025766325.1_Benpoi1	nonlocus	GCA_025766325.1_Benpoi1|h2	tblastn	REF|3108396_ai-2023a_MAT_Plus|gene2|sexP	58.2	E=4e-05	88
GCA_025766325.1_Benpoi1|h8|t0	GCA_025766325.1_Benpoi1	nonlocus	GCA_025766325.1_Benpoi1|h8	tblastn	REF|36080_nrrl-3631_MAT_Plus|gene1|sexP	32.7	E=0.001	47
GCA_026027325.1_ASM2602732v1|c0|m0	GCA_026027325.1_ASM2602732v1	cand	GCA_026027325.1_ASM2602732v1|c0	miniprot	REF|3108396_ai-2023a_MAT_Plus|gene2|sexP	519	0.974	309
GCA_026027325.1_ASM2602732v1|h2|m0	GCA_026027325.1_ASM2602732v1	nonlocus	GCA_026027325.1_ASM2602732v1|h2	miniprot	REF|86630_cbs357-93_MAT_Minus|gene0|sexM	125	0.395	75
GCA_026027325.1_ASM2602732v1|w0|t0	GCA_026027325.1_ASM2602732v1	cand	GCA_026027325.1_ASM2602732v1|w0	tblastn	REF|101119_atcc11807_MAT_Minus|gene0|sexM	48.5	E=0.002	82
GCA_026027325.1_ASM2602732v1|h8|t0	GCA_026027325.1_ASM2602732v1	nonlocus	GCA_026027325.1_ASM2602732v1|h8	tblastn	REF|3231046_uomd23-19_MAT_Plus|gene1|sexP	61.3	E=3.9e-07	80
GCA_026027325.1_ASM2602732v1|h6|t0	GCA_026027325.1_ASM2602732v1	nonlocus	GCA_026027325.1_ASM2602732v1|h6	tblastn	REF|101119_atcc11807_MAT_Plus|gene0|sexP	96.6	E=2.6e-05	150
GCA_027405735.1_ASM2740573v1|c0|t1	GCA_027405735.1_ASM2740573v1	cand	GCA_027405735.1_ASM2740573v1|c0	tblastn	REF|3231046_uomau377_MAT_Minus|gene1|sexM	38.9	E=3.1	46
GCA_027405735.1_ASM2740573v1|c0|t2	GCA_027405735.1_ASM2740573v1	cand	GCA_027405735.1_ASM2740573v1|c0	tblastn	REF|35722_atcc11077_MAT_Minus|gene0|sexM	67.0	E=7.1e-16	159
GCA_027405735.1_ASM2740573v1|w0|t0	GCA_027405735.1_ASM2740573v1	cand	GCA_027405735.1_ASM2740573v1|w0	tblastn	REF|36080_nrrl-3631_MAT_Plus|gene1|sexP	59.6	E=2.9e-06	118
GCA_027478255.1_UCR_DsimpRSA1455_1.1|w0|t0	GCA_027478255.1_UCR_DsimpRSA1455_1.1	cand	GCA_027478255.1_UCR_DsimpRSA1455_1.1|w0	tblastn	REF|64495_cbs110-17_MAT_Minus|gene1|sexM	72.8	E=2.3e-17	94
GCA_027478255.1_UCR_DsimpRSA1455_1.1|w0|t3	GCA_027478255.1_UCR_DsimpRSA1455_1.1	cand	GCA_027478255.1_UCR_DsimpRSA1455_1.1|w0	tblastn	REF|4837_ubc21_MAT_Plus|gene1|sexP	22.3	E=3.5	30
GCA_027478255.1_UCR_DsimpRSA1455_1.1|w0|t4	GCA_027478255.1_UCR_DsimpRSA1455_1.1	cand	GCA_027478255.1_UCR_DsimpRSA1455_1.1|w0	tblastn	REF|36080_nrrl-3631_MAT_Plus|gene1|sexP	22.3	E=4.5	30
GCA_027478255.1_UCR_DsimpRSA1455_1.1|w0|t5	GCA_027478255.1_UCR_DsimpRSA1455_1.1	cand	GCA_027478255.1_UCR_DsimpRSA1455_1.1|w0	tblastn	REF|35722_atcc11077_MAT_Minus|gene0|sexM	22.3	E=2.5	32
GCA_027478255.1_UCR_DsimpRSA1455_1.1|w0|t6	GCA_027478255.1_UCR_DsimpRSA1455_1.1	cand	GCA_027478255.1_UCR_DsimpRSA1455_1.1|w0	tblastn	REF|3108396_ai-2023a_MAT_Plus|gene2|sexP	32.3	E=0.003	79
GCA_027478255.1_UCR_DsimpRSA1455_1.1|w1|t0	GCA_027478255.1_UCR_DsimpRSA1455_1.1	cand	GCA_027478255.1_UCR_DsimpRSA1455_1.1|w1	tblastn	REF|4850_vkm-f-921_MAT_Minus|gene0|sexM	85.5	E=2.9e-14	111
GCA_027478255.1_UCR_DsimpRSA1455_1.1|w1|t3	GCA_027478255.1_UCR_DsimpRSA1455_1.1	cand	GCA_027478255.1_UCR_DsimpRSA1455_1.1|w1	tblastn	REF|35722_atcc11077_MAT_Minus|gene0|sexM	25.4	E=0.24	30
GCA_027478255.1_UCR_DsimpRSA1455_1.1|w1|t5	GCA_027478255.1_UCR_DsimpRSA1455_1.1	cand	GCA_027478255.1_UCR_DsimpRSA1455_1.1|w1	tblastn	REF|3108396_ai-2023a_MAT_Plus|gene2|sexP	53.9	E=0.007	108
GCA_027478255.1_UCR_DsimpRSA1455_1.1|w2|t0	GCA_027478255.1_UCR_DsimpRSA1455_1.1	cand	GCA_027478255.1_UCR_DsimpRSA1455_1.1|w2	tblastn	REF|36080_r7b_MAT_Minus|gene1|sexM	28.5	E=0.037	32
GCA_027478255.1_UCR_DsimpRSA1455_1.1|w2|t1	GCA_027478255.1_UCR_DsimpRSA1455_1.1	cand	GCA_027478255.1_UCR_DsimpRSA1455_1.1|w2	tblastn	REF|36080_r7b_MAT_Minus|gene1|sexM	24.6	E=0.51	71
GCA_027478255.1_UCR_DsimpRSA1455_1.1|w3|t0	GCA_027478255.1_UCR_DsimpRSA1455_1.1	cand	GCA_027478255.1_UCR_DsimpRSA1455_1.1|w3	tblastn	REF|35722_atcc11077_MAT_Minus|gene0|sexM	48.1	E=0.43	91
GCA_027478255.1_UCR_DsimpRSA1455_1.1|w3|t2	GCA_027478255.1_UCR_DsimpRSA1455_1.1	cand	GCA_027478255.1_UCR_DsimpRSA1455_1.1|w3	tblastn	REF|29922_cbs109-16_MAT_Minus|gene1|sexM	29.3	E=0.015	53
GCA_027478255.1_UCR_DsimpRSA1455_1.1|w4|t1	GCA_027478255.1_UCR_DsimpRSA1455_1.1	cand	GCA_027478255.1_UCR_DsimpRSA1455_1.1|w4	tblastn	REF|35722_atcc11077_MAT_Minus|gene0|sexM	21.9	E=2.7	30
GCA_027478255.1_UCR_DsimpRSA1455_1.1|w4|t4	GCA_027478255.1_UCR_DsimpRSA1455_1.1	cand	GCA_027478255.1_UCR_DsimpRSA1455_1.1|w4	tblastn	REF|4850_vkm-f-921_MAT_Minus|gene0|sexM	22.7	E=1.7	58
GCA_027478255.1_UCR_DsimpRSA1455_1.1|w4|t5	GCA_027478255.1_UCR_DsimpRSA1455_1.1	cand	GCA_027478255.1_UCR_DsimpRSA1455_1.1|w4	tblastn	REF|101119_atcc11807_MAT_Plus|gene0|sexP	23.1	E=1.8	33
GCA_027478255.1_UCR_DsimpRSA1455_1.1|w4|t6	GCA_027478255.1_UCR_DsimpRSA1455_1.1	cand	GCA_027478255.1_UCR_DsimpRSA1455_1.1|w4	tblastn	REF|36080_r7b_MAT_Minus|gene1|sexM	28.9	E=0.027	32
GCA_027478255.1_UCR_DsimpRSA1455_1.1|w5|t0	GCA_027478255.1_UCR_DsimpRSA1455_1.1	cand	GCA_027478255.1_UCR_DsimpRSA1455_1.1|w5	tblastn	REF|64495_cbs110-17_MAT_Minus|gene1|sexM	42.4	E=4.5	40
GCA_027478255.1_UCR_DsimpRSA1455_1.1|w5|t1	GCA_027478255.1_UCR_DsimpRSA1455_1.1	cand	GCA_027478255.1_UCR_DsimpRSA1455_1.1|w5	tblastn	REF|36080_nrrl-3631_MAT_Plus|gene1|sexP	21.2	E=9.3	45
GCA_027478255.1_UCR_DsimpRSA1455_1.1|w5|t2	GCA_027478255.1_UCR_DsimpRSA1455_1.1	cand	GCA_027478255.1_UCR_DsimpRSA1455_1.1|w5	tblastn	REF|101119_atcc11807_MAT_Plus|gene0|sexP	22.3	E=3.8	30
GCA_027478255.1_UCR_DsimpRSA1455_1.1|h1|t0	GCA_027478255.1_UCR_DsimpRSA1455_1.1	nonlocus	GCA_027478255.1_UCR_DsimpRSA1455_1.1|h1	tblastn	REF|64495_cbs110-17_MAT_Minus|gene1|sexM	61.6	E=1.8e-13	78
GCA_027478255.1_UCR_DsimpRSA1455_1.1|h4|t0	GCA_027478255.1_UCR_DsimpRSA1455_1.1	nonlocus	GCA_027478255.1_UCR_DsimpRSA1455_1.1|h4	tblastn	REF|3108396_ai-2023a_MAT_Plus|gene2|sexP	44.7	E=4e-07	80
GCA_027478255.1_UCR_DsimpRSA1455_1.1|h5|t0	GCA_027478255.1_UCR_DsimpRSA1455_1.1	nonlocus	GCA_027478255.1_UCR_DsimpRSA1455_1.1|h5	tblastn	REF|3231046_uomd23-19_MAT_Plus|gene1|sexP	44.7	E=3.8e-07	98
GCA_027478255.1_UCR_DsimpRSA1455_1.1|h5|t1	GCA_027478255.1_UCR_DsimpRSA1455_1.1	nonlocus	GCA_027478255.1_UCR_DsimpRSA1455_1.1|h5	tblastn	REF|35722_atcc11077_MAT_Minus|gene0|sexM	20.8	E=6.8	30
GCA_027478445.1_UCR_CasiaNBRC105413_1.0|w0|t0	GCA_027478445.1_UCR_CasiaNBRC105413_1.0	cand	GCA_027478445.1_UCR_CasiaNBRC105413_1.0|w0	tblastn	REF|36080_r7b_MAT_Minus|gene1|sexM	19.6	E=8.9	32
GCA_027478445.1_UCR_CasiaNBRC105413_1.0|w0|t1	GCA_027478445.1_UCR_CasiaNBRC105413_1.0	cand	GCA_027478445.1_UCR_CasiaNBRC105413_1.0|w0	tblastn	REF|3231046_uomd23-19_MAT_Plus|gene1|sexP	35.4	E=0.00014	78
GCA_027478445.1_UCR_CasiaNBRC105413_1.0|w0|t2	GCA_027478445.1_UCR_CasiaNBRC105413_1.0	cand	GCA_027478445.1_UCR_CasiaNBRC105413_1.0|w0	tblastn	REF|4837_nrrl1555_MAT_Minus|gene1|sexM	42.3	E=1.3	85
GCA_027478445.1_UCR_CasiaNBRC105413_1.0|w0|t3	GCA_027478445.1_UCR_CasiaNBRC105413_1.0	cand	GCA_027478445.1_UCR_CasiaNBRC105413_1.0|w0	tblastn	REF|4837_nrrl1555_MAT_Minus|gene1|sexM	43.5	E=1.6	70
GCA_027478445.1_UCR_CasiaNBRC105413_1.0|w0|t4	GCA_027478445.1_UCR_CasiaNBRC105413_1.0	cand	GCA_027478445.1_UCR_CasiaNBRC105413_1.0|w0	tblastn	REF|4837_ubc21_MAT_Plus|gene1|sexP	43.5	E=1.2	38
GCA_027478445.1_UCR_CasiaNBRC105413_1.0|w0|t7	GCA_027478445.1_UCR_CasiaNBRC105413_1.0	cand	GCA_027478445.1_UCR_CasiaNBRC105413_1.0|w0	tblastn	REF|101119_atcc11807_MAT_Minus|gene0|sexM	20.4	E=3.8	36
GCA_027478445.1_UCR_CasiaNBRC105413_1.0|w0|t8	GCA_027478445.1_UCR_CasiaNBRC105413_1.0	cand	GCA_027478445.1_UCR_CasiaNBRC105413_1.0|w0	tblastn	REF|4837_nrrl1555_MAT_Minus|gene1|sexM	23.1	E=0.58	40
GCA_027478445.1_UCR_CasiaNBRC105413_1.0|w1|t0	GCA_027478445.1_UCR_CasiaNBRC105413_1.0	cand	GCA_027478445.1_UCR_CasiaNBRC105413_1.0|w1	tblastn	REF|36080_nrrl-3631_MAT_Plus|gene1|sexP	23.9	E=0.73	30
GCA_027478445.1_UCR_CasiaNBRC105413_1.0|w1|t1	GCA_027478445.1_UCR_CasiaNBRC105413_1.0	cand	GCA_027478445.1_UCR_CasiaNBRC105413_1.0|w1	tblastn	REF|3231046_uomd23-19_MAT_Plus|gene1|sexP	61.6	E=8.2e-05	90
GCA_027478575.1_UCR_SaspiralisRSA2271_1.0|h2|m0	GCA_027478575.1_UCR_SaspiralisRSA2271_1.0	nonlocus	GCA_027478575.1_UCR_SaspiralisRSA2271_1.0|h2	miniprot	REF|86630_cbs357-93_MAT_Minus|gene0|sexM	140	0.638	121
GCA_027478575.1_UCR_SaspiralisRSA2271_1.0|w0|t0	GCA_027478575.1_UCR_SaspiralisRSA2271_1.0	cand	GCA_027478575.1_UCR_SaspiralisRSA2271_1.0|w0	tblastn	REF|4850_vkm-f-921_MAT_Minus|gene0|sexM	45.4	E=4.6e-08	48
GCA_027478575.1_UCR_SaspiralisRSA2271_1.0|w0|t1	GCA_027478575.1_UCR_SaspiralisRSA2271_1.0	cand	GCA_027478575.1_UCR_SaspiralisRSA2271_1.0|w0	tblastn	REF|36080_r7b_MAT_Minus|gene1|sexM	23.5	E=0.76	48
GCA_027478575.1_UCR_SaspiralisRSA2271_1.0|w0|t4	GCA_027478575.1_UCR_SaspiralisRSA2271_1.0	cand	GCA_027478575.1_UCR_SaspiralisRSA2271_1.0|w0	tblastn	REF|4837_ubc21_MAT_Plus|gene1|sexP	41.2	E=7.9	38
GCA_027478575.1_UCR_SaspiralisRSA2271_1.0|w0|t5	GCA_027478575.1_UCR_SaspiralisRSA2271_1.0	cand	GCA_027478575.1_UCR_SaspiralisRSA2271_1.0|w0	tblastn	REF|4850_vkm-f-921_MAT_Minus|gene0|sexM	73.6	E=3.1e-10	70
GCA_027478575.1_UCR_SaspiralisRSA2271_1.0|w1|t0	GCA_027478575.1_UCR_SaspiralisRSA2271_1.0	cand	GCA_027478575.1_UCR_SaspiralisRSA2271_1.0|w1	tblastn	REF|4837_nrrl1555_MAT_Minus|gene1|sexM	44.3	E=1e-07	67
GCA_027478575.1_UCR_SaspiralisRSA2271_1.0|w2|t0	GCA_027478575.1_UCR_SaspiralisRSA2271_1.0	cand	GCA_027478575.1_UCR_SaspiralisRSA2271_1.0|w2	tblastn	REF|64495_cbs110-17_MAT_Minus|gene1|sexM	68.9	E=0.018	129
GCA_027478575.1_UCR_SaspiralisRSA2271_1.0|w2|t1	GCA_027478575.1_UCR_SaspiralisRSA2271_1.0	cand	GCA_027478575.1_UCR_SaspiralisRSA2271_1.0|w2	tblastn	REF|64495_cbs346-36_MAT_Plus|gene2|sexP	42.3	E=3.6	117
GCA_027478575.1_UCR_SaspiralisRSA2271_1.0|w2|t3	GCA_027478575.1_UCR_SaspiralisRSA2271_1.0	cand	GCA_027478575.1_UCR_SaspiralisRSA2271_1.0|w2	tblastn	REF|4837_ubc21_MAT_Plus|gene1|sexP	55.8	E=0.00026	58
GCA_027478575.1_UCR_SaspiralisRSA2271_1.0|w3|t0	GCA_027478575.1_UCR_SaspiralisRSA2271_1.0	cand	GCA_027478575.1_UCR_SaspiralisRSA2271_1.0|w3	tblastn	REF|3108396_ai-2023a_MAT_Plus|gene2|sexP	46.2	E=0.84	74
GCA_027478575.1_UCR_SaspiralisRSA2271_1.0|h1|t0	GCA_027478575.1_UCR_SaspiralisRSA2271_1.0	nonlocus	GCA_027478575.1_UCR_SaspiralisRSA2271_1.0|h1	tblastn	REF|3231046_uomau377_MAT_Minus|gene1|sexM	73.6	E=2.8e-17	101
GCA_027478575.1_UCR_SaspiralisRSA2271_1.0|h9|t0	GCA_027478575.1_UCR_SaspiralisRSA2271_1.0	nonlocus	GCA_027478575.1_UCR_SaspiralisRSA2271_1.0|h9	tblastn	REF|64495_cbs346-36_MAT_Plus|gene2|sexP	57.8	E=1.6e-11	121
GCA_027478835.1_UCR_CoemRSA25_1.0|w0|t0	GCA_027478835.1_UCR_CoemRSA25_1.0	cand	GCA_027478835.1_UCR_CoemRSA25_1.0|w0	tblastn	REF|101119_atcc11807_MAT_Plus|gene0|sexP	68.8	E=1.1	78
GCA_027478935.1_UCR_CoemRSA1646_1.0|w0|t0	GCA_027478935.1_UCR_CoemRSA1646_1.0	cand	GCA_027478935.1_UCR_CoemRSA1646_1.0|w0	tblastn	REF|64495_cbs346-36_MAT_Plus|gene2|sexP	25.8	E=0.61	33
GCA_027478935.1_UCR_CoemRSA1646_1.0|w0|t1	GCA_027478935.1_UCR_CoemRSA1646_1.0	cand	GCA_027478935.1_UCR_CoemRSA1646_1.0|w0	tblastn	REF|64495_cbs346-36_MAT_Plus|gene2|sexP	22.7	E=6.8	38
GCA_027478935.1_UCR_CoemRSA1646_1.0|w0|t2	GCA_027478935.1_UCR_CoemRSA1646_1.0	cand	GCA_027478935.1_UCR_CoemRSA1646_1.0|w0	tblastn	REF|29922_cbs109-16_MAT_Minus|gene1|sexM	21.6	E=9.1	60
GCA_027478935.1_UCR_CoemRSA1646_1.0|w0|t3	GCA_027478935.1_UCR_CoemRSA1646_1.0	cand	GCA_027478935.1_UCR_CoemRSA1646_1.0|w0	tblastn	REF|36080_nrrl-3631_MAT_Plus|gene1|sexP	30.0	E=0.033	45
GCA_027478935.1_UCR_CoemRSA1646_1.0|w0|t5	GCA_027478935.1_UCR_CoemRSA1646_1.0	cand	GCA_027478935.1_UCR_CoemRSA1646_1.0|w0	tblastn	REF|35722_atcc11077_MAT_Minus|gene0|sexM	26.2	E=0.24	57
GCA_027478935.1_UCR_CoemRSA1646_1.0|w0|t8	GCA_027478935.1_UCR_CoemRSA1646_1.0	cand	GCA_027478935.1_UCR_CoemRSA1646_1.0|w0	tblastn	REF|36080_nrrl-3631_MAT_Plus|gene1|sexP	24.6	E=1.7	35
GCA_027478935.1_UCR_CoemRSA1646_1.0|w0|t9	GCA_027478935.1_UCR_CoemRSA1646_1.0	cand	GCA_027478935.1_UCR_CoemRSA1646_1.0|w0	tblastn	REF|4837_nrrl1555_MAT_Minus|gene1|sexM	21.2	E=9.9	45
GCA_027478935.1_UCR_CoemRSA1646_1.0|w0|t10	GCA_027478935.1_UCR_CoemRSA1646_1.0	cand	GCA_027478935.1_UCR_CoemRSA1646_1.0|w0	tblastn	REF|101119_atcc11807_MAT_Minus|gene0|sexM	27.7	E=0.086	101
GCA_027478935.1_UCR_CoemRSA1646_1.0|w1|t0	GCA_027478935.1_UCR_CoemRSA1646_1.0	cand	GCA_027478935.1_UCR_CoemRSA1646_1.0|w1	tblastn	REF|3231046_uomd23-19_MAT_Plus|gene1|sexP	33.9	E=0.002	57
GCA_027478935.1_UCR_CoemRSA1646_1.0|w1|t2	GCA_027478935.1_UCR_CoemRSA1646_1.0	cand	GCA_027478935.1_UCR_CoemRSA1646_1.0|w1	tblastn	REF|3231046_uomd23-19_MAT_Plus|gene1|sexP	25.0	E=1.3	56
GCA_027478935.1_UCR_CoemRSA1646_1.0|w2|t0	GCA_027478935.1_UCR_CoemRSA1646_1.0	cand	GCA_027478935.1_UCR_CoemRSA1646_1.0|w2	tblastn	REF|4837_nrrl1555_MAT_Minus|gene1|sexM	29.6	E=0.027	108
GCA_027478935.1_UCR_CoemRSA1646_1.0|w2|t3	GCA_027478935.1_UCR_CoemRSA1646_1.0	cand	GCA_027478935.1_UCR_CoemRSA1646_1.0|w2	tblastn	REF|3231046_uomau377_MAT_Minus|gene1|sexM	22.3	E=6.5	50
GCA_027478935.1_UCR_CoemRSA1646_1.0|w2|t4	GCA_027478935.1_UCR_CoemRSA1646_1.0	cand	GCA_027478935.1_UCR_CoemRSA1646_1.0|w2	tblastn	REF|3231046_uomd23-19_MAT_Plus|gene1|sexP	41.6	E=9e-06	81
GCA_027478935.1_UCR_CoemRSA1646_1.0|w2|t6	GCA_027478935.1_UCR_CoemRSA1646_1.0	cand	GCA_027478935.1_UCR_CoemRSA1646_1.0|w2	tblastn	REF|3231046_uomau377_MAT_Minus|gene1|sexM	26.9	E=0.19	68
GCA_027478935.1_UCR_CoemRSA1646_1.0|w3|t0	GCA_027478935.1_UCR_CoemRSA1646_1.0	cand	GCA_027478935.1_UCR_CoemRSA1646_1.0|w3	tblastn	REF|36080_r7b_MAT_Minus|gene1|sexM	23.9	E=2.3	30
GCA_027478935.1_UCR_CoemRSA1646_1.0|w3|t1	GCA_027478935.1_UCR_CoemRSA1646_1.0	cand	GCA_027478935.1_UCR_CoemRSA1646_1.0|w3	tblastn	REF|4837_nrrl1555_MAT_Minus|gene1|sexM	30.0	E=0.017	68
GCA_027478935.1_UCR_CoemRSA1646_1.0|w4|t0	GCA_027478935.1_UCR_CoemRSA1646_1.0	cand	GCA_027478935.1_UCR_CoemRSA1646_1.0|w4	tblastn	REF|4850_vkm-f-921_MAT_Minus|gene0|sexM	23.9	E=1.5	40
GCA_027478935.1_UCR_CoemRSA1646_1.0|w4|t1	GCA_027478935.1_UCR_CoemRSA1646_1.0	cand	GCA_027478935.1_UCR_CoemRSA1646_1.0|w4	tblastn	REF|4850_vkm-f-921_MAT_Minus|gene0|sexM	28.9	E=0.045	51
GCA_027478935.1_UCR_CoemRSA1646_1.0|w4|t3	GCA_027478935.1_UCR_CoemRSA1646_1.0	cand	GCA_027478935.1_UCR_CoemRSA1646_1.0|w4	tblastn	REF|36080_nrrl-3631_MAT_Plus|gene1|sexP	26.2	E=0.6	42
GCA_027478935.1_UCR_CoemRSA1646_1.0|w4|t5	GCA_027478935.1_UCR_CoemRSA1646_1.0	cand	GCA_027478935.1_UCR_CoemRSA1646_1.0|w4	tblastn	REF|3108396_ai-2023a_MAT_Plus|gene2|sexP	47.3	E=1.1	56
GCA_027478935.1_UCR_CoemRSA1646_1.0|w4|t6	GCA_027478935.1_UCR_CoemRSA1646_1.0	cand	GCA_027478935.1_UCR_CoemRSA1646_1.0|w4	tblastn	REF|29922_cbs109-16_MAT_Minus|gene1|sexM	26.6	E=0.23	36
GCA_027478935.1_UCR_CoemRSA1646_1.0|w5|t0	GCA_027478935.1_UCR_CoemRSA1646_1.0	cand	GCA_027478935.1_UCR_CoemRSA1646_1.0|w5	tblastn	REF|4837_nrrl1555_MAT_Minus|gene1|sexM	28.5	E=0.055	45
GCA_027478935.1_UCR_CoemRSA1646_1.0|w5|t1	GCA_027478935.1_UCR_CoemRSA1646_1.0	cand	GCA_027478935.1_UCR_CoemRSA1646_1.0|w5	tblastn	REF|35722_atcc11077_MAT_Minus|gene0|sexM	21.2	E=9.2	67
GCA_027478935.1_UCR_CoemRSA1646_1.0|w5|t5	GCA_027478935.1_UCR_CoemRSA1646_1.0	cand	GCA_027478935.1_UCR_CoemRSA1646_1.0|w5	tblastn	REF|3108396_ai-2023a_MAT_Plus|gene2|sexP	31.2	E=0.016	111
GCA_027478935.1_UCR_CoemRSA1646_1.0|w5|t6	GCA_027478935.1_UCR_CoemRSA1646_1.0	cand	GCA_027478935.1_UCR_CoemRSA1646_1.0|w5	tblastn	REF|4837_ubc21_MAT_Plus|gene1|sexP	26.2	E=0.48	37
GCA_027478935.1_UCR_CoemRSA1646_1.0|w5|t7	GCA_027478935.1_UCR_CoemRSA1646_1.0	cand	GCA_027478935.1_UCR_CoemRSA1646_1.0|w5	tblastn	REF|64495_cbs110-17_MAT_Minus|gene1|sexM	26.2	E=0.22	56
GCA_027478935.1_UCR_CoemRSA1646_1.0|w5|t10	GCA_027478935.1_UCR_CoemRSA1646_1.0	cand	GCA_027478935.1_UCR_CoemRSA1646_1.0|w5	tblastn	REF|64495_cbs110-17_MAT_Minus|gene1|sexM	26.2	E=0.25	40
GCA_027575275.1_UCR_CoemRSA2711_1.0|w0|t0	GCA_027575275.1_UCR_CoemRSA2711_1.0	cand	GCA_027575275.1_UCR_CoemRSA2711_1.0|w0	tblastn	REF|64495_cbs346-36_MAT_Plus|gene2|sexP	84.7	E=0.23	131
GCA_027575275.1_UCR_CoemRSA2711_1.0|w0|t1	GCA_027575275.1_UCR_CoemRSA2711_1.0	cand	GCA_027575275.1_UCR_CoemRSA2711_1.0|w0	tblastn	REF|4837_nrrl1555_MAT_Minus|gene1|sexM	39.6	E=2.3	41
GCA_027575305.1_UCR_CoemRSA2708_1.0|w0|t0	GCA_027575305.1_UCR_CoemRSA2708_1.0	cand	GCA_027575305.1_UCR_CoemRSA2708_1.0|w0	tblastn	REF|3231046_uomau377_MAT_Minus|gene1|sexM	48.1	E=3.2e-09	85
GCA_027575305.1_UCR_CoemRSA2708_1.0|w1|t0	GCA_027575305.1_UCR_CoemRSA2708_1.0	cand	GCA_027575305.1_UCR_CoemRSA2708_1.0|w1	tblastn	REF|4850_vkm-f-921_MAT_Minus|gene0|sexM	27.3	E=0.015	85
GCA_027575305.1_UCR_CoemRSA2708_1.0|w2|t0	GCA_027575305.1_UCR_CoemRSA2708_1.0	cand	GCA_027575305.1_UCR_CoemRSA2708_1.0|w2	tblastn	REF|101119_atcc11807_MAT_Plus|gene0|sexP	50.4	E=0.001	74
GCA_027575305.1_UCR_CoemRSA2708_1.0|w3|t0	GCA_027575305.1_UCR_CoemRSA2708_1.0	cand	GCA_027575305.1_UCR_CoemRSA2708_1.0|w3	tblastn	REF|4837_ubc21_MAT_Plus|gene1|sexP	42.3	E=0.67	54
GCA_027575305.1_UCR_CoemRSA2708_1.0|w4|t0	GCA_027575305.1_UCR_CoemRSA2708_1.0	cand	GCA_027575305.1_UCR_CoemRSA2708_1.0|w4	tblastn	REF|64495_cbs346-36_MAT_Plus|gene2|sexP	45.8	E=0.044	121
GCA_027575305.1_UCR_CoemRSA2708_1.0|w5|t0	GCA_027575305.1_UCR_CoemRSA2708_1.0	cand	GCA_027575305.1_UCR_CoemRSA2708_1.0|w5	tblastn	REF|64495_cbs110-17_MAT_Minus|gene1|sexM	26.2	E=0.025	36
GCA_027575325.1_UCR_CoemRSA2675_1.0|w0|t0	GCA_027575325.1_UCR_CoemRSA2675_1.0	cand	GCA_027575325.1_UCR_CoemRSA2675_1.0|w0	tblastn	REF|3231046_uomau377_MAT_Minus|gene1|sexM	40.1	E=0.53	106
GCA_027575325.1_UCR_CoemRSA2675_1.0|w0|t1	GCA_027575325.1_UCR_CoemRSA2675_1.0	cand	GCA_027575325.1_UCR_CoemRSA2675_1.0|w0	tblastn	REF|36080_nrrl-3631_MAT_Plus|gene1|sexP	78.5	E=0.43	202
GCA_027575335.1_UCR_CoemRSA2599_1.0|w0|t1	GCA_027575335.1_UCR_CoemRSA2599_1.0	cand	GCA_027575335.1_UCR_CoemRSA2599_1.0|w0	tblastn	REF|3108396_ai-2023a_MAT_Plus|gene2|sexP	102.1	E=3.4e-11	158
GCA_027575335.1_UCR_CoemRSA2599_1.0|w0|t2	GCA_027575335.1_UCR_CoemRSA2599_1.0	cand	GCA_027575335.1_UCR_CoemRSA2599_1.0|w0	tblastn	REF|3108396_ai-2023a_MAT_Plus|gene2|sexP	60.4	E=1.4e-06	76
GCA_027575335.1_UCR_CoemRSA2599_1.0|w0|t3	GCA_027575335.1_UCR_CoemRSA2599_1.0	cand	GCA_027575335.1_UCR_CoemRSA2599_1.0|w0	tblastn	REF|64495_cbs110-17_MAT_Minus|gene1|sexM	20.8	E=1.6	31
GCA_027575335.1_UCR_CoemRSA2599_1.0|w0|t4	GCA_027575335.1_UCR_CoemRSA2599_1.0	cand	GCA_027575335.1_UCR_CoemRSA2599_1.0|w0	tblastn	REF|101119_atcc11807_MAT_Plus|gene0|sexP	42.4	E=0.4	84
GCA_027575355.1_UCR_CoemRSA2598_1.0|w0|t0	GCA_027575355.1_UCR_CoemRSA2598_1.0	cand	GCA_027575355.1_UCR_CoemRSA2598_1.0|w0	tblastn	REF|101119_atcc11807_MAT_Plus|gene0|sexP	42.4	E=0.4	84
GCA_027575355.1_UCR_CoemRSA2598_1.0|w0|t1	GCA_027575355.1_UCR_CoemRSA2598_1.0	cand	GCA_027575355.1_UCR_CoemRSA2598_1.0|w0	tblastn	REF|64495_cbs110-17_MAT_Minus|gene1|sexM	20.8	E=1.6	31
GCA_027575355.1_UCR_CoemRSA2598_1.0|w0|t2	GCA_027575355.1_UCR_CoemRSA2598_1.0	cand	GCA_027575355.1_UCR_CoemRSA2598_1.0|w0	tblastn	REF|3108396_ai-2023a_MAT_Plus|gene2|sexP	60.4	E=1.4e-06	76
GCA_027575355.1_UCR_CoemRSA2598_1.0|w0|t3	GCA_027575355.1_UCR_CoemRSA2598_1.0	cand	GCA_027575355.1_UCR_CoemRSA2598_1.0|w0	tblastn	REF|3108396_ai-2023a_MAT_Plus|gene2|sexP	102.1	E=3.4e-11	158
GCA_027575375.1_UCR_CoemRSA2523_1.0|w0|t0	GCA_027575375.1_UCR_CoemRSA2523_1.0	cand	GCA_027575375.1_UCR_CoemRSA2523_1.0|w0	tblastn	REF|64495_cbs110-17_MAT_Minus|gene1|sexM	51.2	E=2.6e-10	99
GCA_027575375.1_UCR_CoemRSA2523_1.0|w0|t1	GCA_027575375.1_UCR_CoemRSA2523_1.0	cand	GCA_027575375.1_UCR_CoemRSA2523_1.0|w0	tblastn	REF|64495_cbs110-17_MAT_Minus|gene1|sexM	92.8	E=2.2e-17	93
GCA_027575375.1_UCR_CoemRSA2523_1.0|w1|t0	GCA_027575375.1_UCR_CoemRSA2523_1.0	cand	GCA_027575375.1_UCR_CoemRSA2523_1.0|w1	tblastn	REF|3108396_ai-2023a_MAT_Plus|gene2|sexP	92.4	E=1.9e-07	127
GCA_027575375.1_UCR_CoemRSA2523_1.0|w2|t0	GCA_027575375.1_UCR_CoemRSA2523_1.0	cand	GCA_027575375.1_UCR_CoemRSA2523_1.0|w2	tblastn	REF|64495_cbs346-36_MAT_Plus|gene2|sexP	42.0	E=1.1e-06	95
GCA_027575375.1_UCR_CoemRSA2523_1.0|w3|t0	GCA_027575375.1_UCR_CoemRSA2523_1.0	cand	GCA_027575375.1_UCR_CoemRSA2523_1.0|w3	tblastn	REF|3108396_ai-2023a_MAT_Plus|gene2|sexP	48.5	E=0.018	101
GCA_027575375.1_UCR_CoemRSA2523_1.0|w4|t0	GCA_027575375.1_UCR_CoemRSA2523_1.0	cand	GCA_027575375.1_UCR_CoemRSA2523_1.0|w4	tblastn	REF|3231046_uomd23-19_MAT_Plus|gene1|sexP	34.7	E=0.00025	57
GCA_027575375.1_UCR_CoemRSA2523_1.0|w5|t0	GCA_027575375.1_UCR_CoemRSA2523_1.0	cand	GCA_027575375.1_UCR_CoemRSA2523_1.0|w5	tblastn	REF|3231046_uomd23-19_MAT_Plus|gene1|sexP	40.4	E=0.73	61
GCA_027575375.1_UCR_CoemRSA2523_1.0|w5|t1	GCA_027575375.1_UCR_CoemRSA2523_1.0	cand	GCA_027575375.1_UCR_CoemRSA2523_1.0|w5	tblastn	REF|29922_cbs109-16_MAT_Minus|gene1|sexM	40.0	E=2.2e-06	59
GCA_027575375.1_UCR_CoemRSA2523_1.0|w6|t0	GCA_027575375.1_UCR_CoemRSA2523_1.0	cand	GCA_027575375.1_UCR_CoemRSA2523_1.0|w6	tblastn	REF|29922_cbs109-16_MAT_Minus|gene1|sexM	37.4	E=1.7e-05	65
GCA_027575375.1_UCR_CoemRSA2523_1.0|w7|t0	GCA_027575375.1_UCR_CoemRSA2523_1.0	cand	GCA_027575375.1_UCR_CoemRSA2523_1.0|w7	tblastn	REF|86630_cbs357-93_MAT_Minus|gene0|sexM	28.9	E=0.005	42
GCA_027575375.1_UCR_CoemRSA2523_1.0|w8|t0	GCA_027575375.1_UCR_CoemRSA2523_1.0	cand	GCA_027575375.1_UCR_CoemRSA2523_1.0|w8	tblastn	REF|64495_cbs110-17_MAT_Minus|gene1|sexM	27.3	E=0.021	34
GCA_027575385.1_UCR_CoemRSA2399_1.0|w0|t0	GCA_027575385.1_UCR_CoemRSA2399_1.0	cand	GCA_027575385.1_UCR_CoemRSA2399_1.0|w0	tblastn	REF|64495_cbs346-36_MAT_Plus|gene2|sexP	78.9	E=9.2e-05	135
GCA_027575385.1_UCR_CoemRSA2399_1.0|w1|t0	GCA_027575385.1_UCR_CoemRSA2399_1.0	cand	GCA_027575385.1_UCR_CoemRSA2399_1.0|w1	tblastn	REF|101119_atcc11807_MAT_Minus|gene0|sexM	29.3	E=0.005	54
GCA_027575385.1_UCR_CoemRSA2399_1.0|w2|t0	GCA_027575385.1_UCR_CoemRSA2399_1.0	cand	GCA_027575385.1_UCR_CoemRSA2399_1.0|w2	tblastn	REF|101119_atcc11807_MAT_Minus|gene0|sexM	26.2	E=0.037	35
GCA_027575385.1_UCR_CoemRSA2399_1.0|w3|t0	GCA_027575385.1_UCR_CoemRSA2399_1.0	cand	GCA_027575385.1_UCR_CoemRSA2399_1.0|w3	tblastn	REF|3108396_ai-2023a_MAT_Plus|gene2|sexP	43.5	E=3.1e-07	99
GCA_027575385.1_UCR_CoemRSA2399_1.0|w5|t0	GCA_027575385.1_UCR_CoemRSA2399_1.0	cand	GCA_027575385.1_UCR_CoemRSA2399_1.0|w5	tblastn	REF|29922_cbs109-16_MAT_Minus|gene1|sexM	40.4	E=3.9	75
GCA_027575385.1_UCR_CoemRSA2399_1.0|w6|t0	GCA_027575385.1_UCR_CoemRSA2399_1.0	cand	GCA_027575385.1_UCR_CoemRSA2399_1.0|w6	tblastn	REF|36080_r7b_MAT_Minus|gene1|sexM	47.7	E=0.15	89
GCA_027575385.1_UCR_CoemRSA2399_1.0|w6|t1	GCA_027575385.1_UCR_CoemRSA2399_1.0	cand	GCA_027575385.1_UCR_CoemRSA2399_1.0|w6	tblastn	REF|101119_atcc11807_MAT_Minus|gene0|sexM	39.3	E=2.6	30
GCA_027575385.1_UCR_CoemRSA2399_1.0|w7|t0	GCA_027575385.1_UCR_CoemRSA2399_1.0	cand	GCA_027575385.1_UCR_CoemRSA2399_1.0|w7	tblastn	REF|64495_cbs346-36_MAT_Plus|gene2|sexP	46.6	E=0.15	184
GCA_027575385.1_UCR_CoemRSA2399_1.0|w8|t0	GCA_027575385.1_UCR_CoemRSA2399_1.0	cand	GCA_027575385.1_UCR_CoemRSA2399_1.0|w8	tblastn	REF|36080_r7b_MAT_Minus|gene1|sexM	51.6	E=0.012	56
GCA_027575405.1_UCR_CoemRSA2167_1.0|w0|t0	GCA_027575405.1_UCR_CoemRSA2167_1.0	cand	GCA_027575405.1_UCR_CoemRSA2167_1.0|w0	tblastn	REF|64495_cbs110-17_MAT_Minus|gene1|sexM	46.1	E=0.018	95
GCA_027575405.1_UCR_CoemRSA2167_1.0|w0|t1	GCA_027575405.1_UCR_CoemRSA2167_1.0	cand	GCA_027575405.1_UCR_CoemRSA2167_1.0|w0	tblastn	REF|3231046_uomau377_MAT_Minus|gene1|sexM	38.5	E=0.92	36
GCA_027575405.1_UCR_CoemRSA2167_1.0|w0|t2	GCA_027575405.1_UCR_CoemRSA2167_1.0	cand	GCA_027575405.1_UCR_CoemRSA2167_1.0|w0	tblastn	REF|3231046_uomd23-19_MAT_Plus|gene1|sexP	43.9	E=0.31	81
GCA_027575425.1_UCR_CoemRSA1938_1.0|w0|t0	GCA_027575425.1_UCR_CoemRSA1938_1.0	cand	GCA_027575425.1_UCR_CoemRSA1938_1.0|w0	tblastn	REF|64495_cbs110-17_MAT_Minus|gene1|sexM	50.8	E=3.1e-10	99
GCA_027575425.1_UCR_CoemRSA1938_1.0|w0|t1	GCA_027575425.1_UCR_CoemRSA1938_1.0	cand	GCA_027575425.1_UCR_CoemRSA1938_1.0|w0	tblastn	REF|64495_cbs110-17_MAT_Minus|gene1|sexM	92.8	E=2.3e-17	93
GCA_027575425.1_UCR_CoemRSA1938_1.0|w1|t0	GCA_027575425.1_UCR_CoemRSA1938_1.0	cand	GCA_027575425.1_UCR_CoemRSA1938_1.0|w1	tblastn	REF|3108396_ai-2023a_MAT_Plus|gene2|sexP	114.7	E=2e-07	164
GCA_027575425.1_UCR_CoemRSA1938_1.0|w2|t0	GCA_027575425.1_UCR_CoemRSA1938_1.0	cand	GCA_027575425.1_UCR_CoemRSA1938_1.0|w2	tblastn	REF|3231046_uomd23-19_MAT_Plus|gene1|sexP	34.7	E=0.00027	57
GCA_027575425.1_UCR_CoemRSA1938_1.0|w3|t0	GCA_027575425.1_UCR_CoemRSA1938_1.0	cand	GCA_027575425.1_UCR_CoemRSA1938_1.0|w3	tblastn	REF|3231046_uomd23-19_MAT_Plus|gene1|sexP	40.4	E=0.78	61
GCA_027575425.1_UCR_CoemRSA1938_1.0|w3|t1	GCA_027575425.1_UCR_CoemRSA1938_1.0	cand	GCA_027575425.1_UCR_CoemRSA1938_1.0|w3	tblastn	REF|29922_cbs109-16_MAT_Minus|gene1|sexM	40.0	E=2.3e-06	59
GCA_027575425.1_UCR_CoemRSA1938_1.0|w4|t0	GCA_027575425.1_UCR_CoemRSA1938_1.0	cand	GCA_027575425.1_UCR_CoemRSA1938_1.0|w4	tblastn	REF|36080_r7b_MAT_Minus|gene1|sexM	20.4	E=4.5	31
GCA_027575425.1_UCR_CoemRSA1938_1.0|w4|t1	GCA_027575425.1_UCR_CoemRSA1938_1.0	cand	GCA_027575425.1_UCR_CoemRSA1938_1.0|w4	tblastn	REF|29922_cbs109-16_MAT_Minus|gene1|sexM	37.0	E=1.9e-05	65
GCA_027575425.1_UCR_CoemRSA1938_1.0|w7|t0	GCA_027575425.1_UCR_CoemRSA1938_1.0	cand	GCA_027575425.1_UCR_CoemRSA1938_1.0|w7	tblastn	REF|35722_atcc11077_MAT_Minus|gene0|sexM	27.7	E=0.02	69
GCA_027575425.1_UCR_CoemRSA1938_1.0|w7|t1	GCA_027575425.1_UCR_CoemRSA1938_1.0	cand	GCA_027575425.1_UCR_CoemRSA1938_1.0|w7	tblastn	REF|64495_cbs346-36_MAT_Plus|gene2|sexP	20.0	E=7.9	33
GCA_027575425.1_UCR_CoemRSA1938_1.0|w8|t0	GCA_027575425.1_UCR_CoemRSA1938_1.0	cand	GCA_027575425.1_UCR_CoemRSA1938_1.0|w8	tblastn	REF|64495_cbs110-17_MAT_Minus|gene1|sexM	27.3	E=0.024	34
GCA_027575445.1_UCR_CoemRSA1843_1.0|w0|t1	GCA_027575445.1_UCR_CoemRSA1843_1.0	cand	GCA_027575445.1_UCR_CoemRSA1843_1.0|w0	tblastn	REF|101119_atcc11807_MAT_Minus|gene0|sexM	27.3	E=0.11	101
GCA_027575445.1_UCR_CoemRSA1843_1.0|w0|t2	GCA_027575445.1_UCR_CoemRSA1843_1.0	cand	GCA_027575445.1_UCR_CoemRSA1843_1.0|w0	tblastn	REF|4837_nrrl1555_MAT_Minus|gene1|sexM	21.2	E=9.2	45
GCA_027575445.1_UCR_CoemRSA1843_1.0|w0|t3	GCA_027575445.1_UCR_CoemRSA1843_1.0	cand	GCA_027575445.1_UCR_CoemRSA1843_1.0|w0	tblastn	REF|36080_nrrl-3631_MAT_Plus|gene1|sexP	24.6	E=1.5	35
GCA_027575445.1_UCR_CoemRSA1843_1.0|w0|t6	GCA_027575445.1_UCR_CoemRSA1843_1.0	cand	GCA_027575445.1_UCR_CoemRSA1843_1.0|w0	tblastn	REF|35722_atcc11077_MAT_Minus|gene0|sexM	26.2	E=0.23	57
GCA_027575445.1_UCR_CoemRSA1843_1.0|w0|t8	GCA_027575445.1_UCR_CoemRSA1843_1.0	cand	GCA_027575445.1_UCR_CoemRSA1843_1.0|w0	tblastn	REF|36080_nrrl-3631_MAT_Plus|gene1|sexP	30.0	E=0.031	45
GCA_027575445.1_UCR_CoemRSA1843_1.0|w0|t9	GCA_027575445.1_UCR_CoemRSA1843_1.0	cand	GCA_027575445.1_UCR_CoemRSA1843_1.0|w0	tblastn	REF|4850_vkm-f-921_MAT_Minus|gene0|sexM	21.6	E=7.2	44
GCA_027575445.1_UCR_CoemRSA1843_1.0|w0|t10	GCA_027575445.1_UCR_CoemRSA1843_1.0	cand	GCA_027575445.1_UCR_CoemRSA1843_1.0|w0	tblastn	REF|64495_cbs346-36_MAT_Plus|gene2|sexP	22.7	E=6.3	38
GCA_027575445.1_UCR_CoemRSA1843_1.0|w0|t11	GCA_027575445.1_UCR_CoemRSA1843_1.0	cand	GCA_027575445.1_UCR_CoemRSA1843_1.0|w0	tblastn	REF|64495_cbs346-36_MAT_Plus|gene2|sexP	25.8	E=0.56	33
GCA_027575445.1_UCR_CoemRSA1843_1.0|w1|t0	GCA_027575445.1_UCR_CoemRSA1843_1.0	cand	GCA_027575445.1_UCR_CoemRSA1843_1.0|w1	tblastn	REF|3231046_uomd23-19_MAT_Plus|gene1|sexP	33.9	E=0.002	57
GCA_027575445.1_UCR_CoemRSA1843_1.0|w1|t2	GCA_027575445.1_UCR_CoemRSA1843_1.0	cand	GCA_027575445.1_UCR_CoemRSA1843_1.0|w1	tblastn	REF|3231046_uomd23-19_MAT_Plus|gene1|sexP	25.0	E=1.2	56
GCA_027575445.1_UCR_CoemRSA1843_1.0|w2|t0	GCA_027575445.1_UCR_CoemRSA1843_1.0	cand	GCA_027575445.1_UCR_CoemRSA1843_1.0|w2	tblastn	REF|4837_nrrl1555_MAT_Minus|gene1|sexM	29.6	E=0.025	108
GCA_027575445.1_UCR_CoemRSA1843_1.0|w2|t3	GCA_027575445.1_UCR_CoemRSA1843_1.0	cand	GCA_027575445.1_UCR_CoemRSA1843_1.0|w2	tblastn	REF|3231046_uomau377_MAT_Minus|gene1|sexM	22.3	E=6.1	50
GCA_027575445.1_UCR_CoemRSA1843_1.0|w2|t4	GCA_027575445.1_UCR_CoemRSA1843_1.0	cand	GCA_027575445.1_UCR_CoemRSA1843_1.0|w2	tblastn	REF|64495_cbs346-36_MAT_Plus|gene2|sexP	21.9	E=9.6	34
GCA_027575445.1_UCR_CoemRSA1843_1.0|w2|t5	GCA_027575445.1_UCR_CoemRSA1843_1.0	cand	GCA_027575445.1_UCR_CoemRSA1843_1.0|w2	tblastn	REF|3231046_uomd23-19_MAT_Plus|gene1|sexP	41.6	E=8.4e-06	81
GCA_027575445.1_UCR_CoemRSA1843_1.0|w2|t7	GCA_027575445.1_UCR_CoemRSA1843_1.0	cand	GCA_027575445.1_UCR_CoemRSA1843_1.0|w2	tblastn	REF|3231046_uomau377_MAT_Minus|gene1|sexM	26.9	E=0.18	68
GCA_027575445.1_UCR_CoemRSA1843_1.0|w3|t0	GCA_027575445.1_UCR_CoemRSA1843_1.0	cand	GCA_027575445.1_UCR_CoemRSA1843_1.0|w3	tblastn	REF|36080_nrrl-3631_MAT_Plus|gene1|sexP	27.3	E=0.22	55
GCA_027575445.1_UCR_CoemRSA1843_1.0|w3|t1	GCA_027575445.1_UCR_CoemRSA1843_1.0	cand	GCA_027575445.1_UCR_CoemRSA1843_1.0|w3	tblastn	REF|36080_r7b_MAT_Minus|gene1|sexM	23.9	E=2.1	30
GCA_027575445.1_UCR_CoemRSA1843_1.0|w4|t0	GCA_027575445.1_UCR_CoemRSA1843_1.0	cand	GCA_027575445.1_UCR_CoemRSA1843_1.0|w4	tblastn	REF|4850_vkm-f-921_MAT_Minus|gene0|sexM	23.9	E=1.4	40
GCA_027575445.1_UCR_CoemRSA1843_1.0|w4|t1	GCA_027575445.1_UCR_CoemRSA1843_1.0	cand	GCA_027575445.1_UCR_CoemRSA1843_1.0|w4	tblastn	REF|4850_vkm-f-921_MAT_Minus|gene0|sexM	28.9	E=0.042	51
GCA_027575445.1_UCR_CoemRSA1843_1.0|w5|t1	GCA_027575445.1_UCR_CoemRSA1843_1.0	cand	GCA_027575445.1_UCR_CoemRSA1843_1.0|w5	tblastn	REF|64495_cbs110-17_MAT_Minus|gene1|sexM	26.2	E=0.24	40
GCA_027575445.1_UCR_CoemRSA1843_1.0|w5|t5	GCA_027575445.1_UCR_CoemRSA1843_1.0	cand	GCA_027575445.1_UCR_CoemRSA1843_1.0|w5	tblastn	REF|64495_cbs110-17_MAT_Minus|gene1|sexM	26.2	E=0.2	56
GCA_027575445.1_UCR_CoemRSA1843_1.0|w5|t6	GCA_027575445.1_UCR_CoemRSA1843_1.0	cand	GCA_027575445.1_UCR_CoemRSA1843_1.0|w5	tblastn	REF|4837_ubc21_MAT_Plus|gene1|sexP	26.2	E=0.46	37
GCA_027575445.1_UCR_CoemRSA1843_1.0|w5|t8	GCA_027575445.1_UCR_CoemRSA1843_1.0	cand	GCA_027575445.1_UCR_CoemRSA1843_1.0|w5	tblastn	REF|3108396_ai-2023a_MAT_Plus|gene2|sexP	31.2	E=0.015	111
GCA_027575445.1_UCR_CoemRSA1843_1.0|w6|t0	GCA_027575445.1_UCR_CoemRSA1843_1.0	cand	GCA_027575445.1_UCR_CoemRSA1843_1.0|w6	tblastn	REF|86630_cbs357-93_MAT_Minus|gene0|sexM	24.6	E=0.78	61
GCA_027575445.1_UCR_CoemRSA1843_1.0|w6|t1	GCA_027575445.1_UCR_CoemRSA1843_1.0	cand	GCA_027575445.1_UCR_CoemRSA1843_1.0|w6	tblastn	REF|4850_vkm-f-921_MAT_Minus|gene0|sexM	22.3	E=5.1	86
GCA_027575445.1_UCR_CoemRSA1843_1.0|w6|t2	GCA_027575445.1_UCR_CoemRSA1843_1.0	cand	GCA_027575445.1_UCR_CoemRSA1843_1.0|w6	tblastn	REF|36080_nrrl-3631_MAT_Plus|gene1|sexP	22.7	E=5.7	38
GCA_027575445.1_UCR_CoemRSA1843_1.0|w6|t4	GCA_027575445.1_UCR_CoemRSA1843_1.0	cand	GCA_027575445.1_UCR_CoemRSA1843_1.0|w6	tblastn	REF|36080_r7b_MAT_Minus|gene1|sexM	26.9	E=0.23	35
GCA_027575445.1_UCR_CoemRSA1843_1.0|w6|t5	GCA_027575445.1_UCR_CoemRSA1843_1.0	cand	GCA_027575445.1_UCR_CoemRSA1843_1.0|w6	tblastn	REF|3231046_uomd23-19_MAT_Plus|gene1|sexP	23.9	E=2.8	113
GCA_027575445.1_UCR_CoemRSA1843_1.0|w6|t6	GCA_027575445.1_UCR_CoemRSA1843_1.0	cand	GCA_027575445.1_UCR_CoemRSA1843_1.0|w6	tblastn	REF|35722_atcc11077_MAT_Minus|gene0|sexM	25.0	E=0.67	115
GCA_027575445.1_UCR_CoemRSA1843_1.0|w6|t7	GCA_027575445.1_UCR_CoemRSA1843_1.0	cand	GCA_027575445.1_UCR_CoemRSA1843_1.0|w6	tblastn	REF|3108396_ai-2023a_MAT_Plus|gene2|sexP	29.3	E=0.046	48
GCA_027575465.1_UCR_CoemRSA1824_1.0|w0|t0	GCA_027575465.1_UCR_CoemRSA1824_1.0	cand	GCA_027575465.1_UCR_CoemRSA1824_1.0|w0	tblastn	REF|64495_cbs110-17_MAT_Minus|gene1|sexM	51.2	E=3.1e-10	99
GCA_027575465.1_UCR_CoemRSA1824_1.0|w0|t1	GCA_027575465.1_UCR_CoemRSA1824_1.0	cand	GCA_027575465.1_UCR_CoemRSA1824_1.0|w0	tblastn	REF|64495_cbs110-17_MAT_Minus|gene1|sexM	92.8	E=2.6e-17	93
GCA_027575465.1_UCR_CoemRSA1824_1.0|w1|t0	GCA_027575465.1_UCR_CoemRSA1824_1.0	cand	GCA_027575465.1_UCR_CoemRSA1824_1.0|w1	tblastn	REF|29922_cbs109-16_MAT_Minus|gene1|sexM	68.2	E=1.6e-08	92
GCA_027575465.1_UCR_CoemRSA1824_1.0|w2|t0	GCA_027575465.1_UCR_CoemRSA1824_1.0	cand	GCA_027575465.1_UCR_CoemRSA1824_1.0|w2	tblastn	REF|64495_cbs346-36_MAT_Plus|gene2|sexP	42.0	E=1.4e-06	95
GCA_027575465.1_UCR_CoemRSA1824_1.0|w3|t0	GCA_027575465.1_UCR_CoemRSA1824_1.0	cand	GCA_027575465.1_UCR_CoemRSA1824_1.0|w3	tblastn	REF|101119_atcc11807_MAT_Plus|gene0|sexP	22.7	E=1.4	32
GCA_027575465.1_UCR_CoemRSA1824_1.0|w3|t1	GCA_027575465.1_UCR_CoemRSA1824_1.0	cand	GCA_027575465.1_UCR_CoemRSA1824_1.0|w3	tblastn	REF|4837_ubc21_MAT_Plus|gene1|sexP	21.2	E=4.6	52
GCA_027575465.1_UCR_CoemRSA1824_1.0|w3|t3	GCA_027575465.1_UCR_CoemRSA1824_1.0	cand	GCA_027575465.1_UCR_CoemRSA1824_1.0|w3	tblastn	REF|64495_cbs346-36_MAT_Plus|gene2|sexP	59.7	E=2.1e-05	127
GCA_027575465.1_UCR_CoemRSA1824_1.0|w4|t0	GCA_027575465.1_UCR_CoemRSA1824_1.0	cand	GCA_027575465.1_UCR_CoemRSA1824_1.0|w4	tblastn	REF|64495_cbs110-17_MAT_Minus|gene1|sexM	24.3	E=0.26	37
GCA_027575465.1_UCR_CoemRSA1824_1.0|w5|t0	GCA_027575465.1_UCR_CoemRSA1824_1.0	cand	GCA_027575465.1_UCR_CoemRSA1824_1.0|w5	tblastn	REF|3231046_uomd23-19_MAT_Plus|gene1|sexP	34.7	E=0.0003	57
GCA_027575465.1_UCR_CoemRSA1824_1.0|w6|t0	GCA_027575465.1_UCR_CoemRSA1824_1.0	cand	GCA_027575465.1_UCR_CoemRSA1824_1.0|w6	tblastn	REF|29922_cbs109-16_MAT_Minus|gene1|sexM	40.0	E=2.6e-06	59
GCA_027575465.1_UCR_CoemRSA1824_1.0|w6|t1	GCA_027575465.1_UCR_CoemRSA1824_1.0	cand	GCA_027575465.1_UCR_CoemRSA1824_1.0|w6	tblastn	REF|3231046_uomd23-19_MAT_Plus|gene1|sexP	40.4	E=0.9	61
GCA_027575465.1_UCR_CoemRSA1824_1.0|w7|t0	GCA_027575465.1_UCR_CoemRSA1824_1.0	cand	GCA_027575465.1_UCR_CoemRSA1824_1.0|w7	tblastn	REF|29922_cbs109-16_MAT_Minus|gene1|sexM	37.4	E=2.1e-05	65
GCA_027575465.1_UCR_CoemRSA1824_1.0|w8|t0	GCA_027575465.1_UCR_CoemRSA1824_1.0	cand	GCA_027575465.1_UCR_CoemRSA1824_1.0|w8	tblastn	REF|86630_cbs357-93_MAT_Minus|gene0|sexM	28.9	E=0.007	42
GCA_027575465.1_UCR_CoemRSA1824_1.0|w9|t0	GCA_027575465.1_UCR_CoemRSA1824_1.0	cand	GCA_027575465.1_UCR_CoemRSA1824_1.0|w9	tblastn	REF|64495_cbs110-17_MAT_Minus|gene1|sexM	27.3	E=0.025	34
GCA_027575525.1_UCR_CoemRSA1752_1.0|w0|t0	GCA_027575525.1_UCR_CoemRSA1752_1.0	cand	GCA_027575525.1_UCR_CoemRSA1752_1.0|w0	tblastn	REF|3231046_uomau377_MAT_Minus|gene1|sexM	108.9	E=4.6e-16	109
GCA_027575525.1_UCR_CoemRSA1752_1.0|w0|t1	GCA_027575525.1_UCR_CoemRSA1752_1.0	cand	GCA_027575525.1_UCR_CoemRSA1752_1.0|w0	tblastn	REF|64495_cbs110-17_MAT_Minus|gene1|sexM	50.8	E=2.7e-10	99
GCA_027575525.1_UCR_CoemRSA1752_1.0|w1|t0	GCA_027575525.1_UCR_CoemRSA1752_1.0	cand	GCA_027575525.1_UCR_CoemRSA1752_1.0|w1	tblastn	REF|3108396_ai-2023a_MAT_Plus|gene2|sexP	115.1	E=1.8e-07	164
GCA_027575525.1_UCR_CoemRSA1752_1.0|w2|t0	GCA_027575525.1_UCR_CoemRSA1752_1.0	cand	GCA_027575525.1_UCR_CoemRSA1752_1.0|w2	tblastn	REF|3231046_uomd23-19_MAT_Plus|gene1|sexP	34.7	E=0.00022	57
GCA_027575525.1_UCR_CoemRSA1752_1.0|w3|t0	GCA_027575525.1_UCR_CoemRSA1752_1.0	cand	GCA_027575525.1_UCR_CoemRSA1752_1.0|w3	tblastn	REF|3231046_uomd23-19_MAT_Plus|gene1|sexP	58.9	E=7.1e-06	82
GCA_027575525.1_UCR_CoemRSA1752_1.0|w3|t1	GCA_027575525.1_UCR_CoemRSA1752_1.0	cand	GCA_027575525.1_UCR_CoemRSA1752_1.0|w3	tblastn	REF|3231046_uomd23-19_MAT_Plus|gene1|sexP	40.4	E=0.7	61
GCA_027575525.1_UCR_CoemRSA1752_1.0|w4|t0	GCA_027575525.1_UCR_CoemRSA1752_1.0	cand	GCA_027575525.1_UCR_CoemRSA1752_1.0|w4	tblastn	REF|29922_cbs109-16_MAT_Minus|gene1|sexM	37.0	E=1.6e-05	65
GCA_027575525.1_UCR_CoemRSA1752_1.0|w6|t0	GCA_027575525.1_UCR_CoemRSA1752_1.0	cand	GCA_027575525.1_UCR_CoemRSA1752_1.0|w6	tblastn	REF|35722_atcc11077_MAT_Minus|gene0|sexM	27.7	E=0.017	69
GCA_027575525.1_UCR_CoemRSA1752_1.0|w6|t1	GCA_027575525.1_UCR_CoemRSA1752_1.0	cand	GCA_027575525.1_UCR_CoemRSA1752_1.0|w6	tblastn	REF|64495_cbs346-36_MAT_Plus|gene2|sexP	20.0	E=7	33
GCA_027575525.1_UCR_CoemRSA1752_1.0|w7|t0	GCA_027575525.1_UCR_CoemRSA1752_1.0	cand	GCA_027575525.1_UCR_CoemRSA1752_1.0|w7	tblastn	REF|64495_cbs110-17_MAT_Minus|gene1|sexM	27.3	E=0.021	34
GCA_027575545.1_UCR_CoemRSA1591_1.0|w0|t0	GCA_027575545.1_UCR_CoemRSA1591_1.0	cand	GCA_027575545.1_UCR_CoemRSA1591_1.0|w0	tblastn	REF|64495_cbs110-17_MAT_Minus|gene1|sexM	50.8	E=3.1e-10	99
GCA_027575545.1_UCR_CoemRSA1591_1.0|w0|t1	GCA_027575545.1_UCR_CoemRSA1591_1.0	cand	GCA_027575545.1_UCR_CoemRSA1591_1.0|w0	tblastn	REF|64495_cbs110-17_MAT_Minus|gene1|sexM	92.8	E=2.3e-17	93
GCA_027575545.1_UCR_CoemRSA1591_1.0|w1|t0	GCA_027575545.1_UCR_CoemRSA1591_1.0	cand	GCA_027575545.1_UCR_CoemRSA1591_1.0|w1	tblastn	REF|3108396_ai-2023a_MAT_Plus|gene2|sexP	91.6	E=2e-07	140
GCA_027575545.1_UCR_CoemRSA1591_1.0|w2|t0	GCA_027575545.1_UCR_CoemRSA1591_1.0	cand	GCA_027575545.1_UCR_CoemRSA1591_1.0|w2	tblastn	REF|3231046_uomd23-19_MAT_Plus|gene1|sexP	34.7	E=0.00024	57
GCA_027575545.1_UCR_CoemRSA1591_1.0|w3|t1	GCA_027575545.1_UCR_CoemRSA1591_1.0	cand	GCA_027575545.1_UCR_CoemRSA1591_1.0|w3	tblastn	REF|29922_cbs109-16_MAT_Minus|gene1|sexM	40.0	E=2.3e-06	59
GCA_027575545.1_UCR_CoemRSA1591_1.0|w4|t0	GCA_027575545.1_UCR_CoemRSA1591_1.0	cand	GCA_027575545.1_UCR_CoemRSA1591_1.0|w4	tblastn	REF|29922_cbs109-16_MAT_Minus|gene1|sexM	37.0	E=1.8e-05	65
GCA_027575545.1_UCR_CoemRSA1591_1.0|w4|t1	GCA_027575545.1_UCR_CoemRSA1591_1.0	cand	GCA_027575545.1_UCR_CoemRSA1591_1.0|w4	tblastn	REF|36080_r7b_MAT_Minus|gene1|sexM	20.4	E=4.4	31
GCA_027575545.1_UCR_CoemRSA1591_1.0|w7|t0	GCA_027575545.1_UCR_CoemRSA1591_1.0	cand	GCA_027575545.1_UCR_CoemRSA1591_1.0|w7	tblastn	REF|35722_atcc11077_MAT_Minus|gene0|sexM	27.7	E=0.02	69
GCA_027575545.1_UCR_CoemRSA1591_1.0|w7|t1	GCA_027575545.1_UCR_CoemRSA1591_1.0	cand	GCA_027575545.1_UCR_CoemRSA1591_1.0|w7	tblastn	REF|64495_cbs346-36_MAT_Plus|gene2|sexP	20.0	E=7.9	33
GCA_027575545.1_UCR_CoemRSA1591_1.0|w8|t0	GCA_027575545.1_UCR_CoemRSA1591_1.0	cand	GCA_027575545.1_UCR_CoemRSA1591_1.0|w8	tblastn	REF|64495_cbs110-17_MAT_Minus|gene1|sexM	27.3	E=0.023	34
GCA_027575625.1_UCR_CoemS17_1.0|w0|t0	GCA_027575625.1_UCR_CoemS17_1.0	cand	GCA_027575625.1_UCR_CoemS17_1.0|w0	tblastn	REF|64495_cbs110-17_MAT_Minus|gene1|sexM	38.9	E=2.7e-06	91
GCA_027575625.1_UCR_CoemS17_1.0|w1|t0	GCA_027575625.1_UCR_CoemS17_1.0	cand	GCA_027575625.1_UCR_CoemS17_1.0|w1	tblastn	REF|36080_nrrl-3631_MAT_Plus|gene1|sexP	22.7	E=1.2	76
GCA_027575625.1_UCR_CoemS17_1.0|w1|t1	GCA_027575625.1_UCR_CoemS17_1.0	cand	GCA_027575625.1_UCR_CoemS17_1.0|w1	tblastn	REF|4837_ubc21_MAT_Plus|gene1|sexP	56.6	E=3.6e-05	78
GCA_027575625.1_UCR_CoemS17_1.0|w2|t0	GCA_027575625.1_UCR_CoemS17_1.0	cand	GCA_027575625.1_UCR_CoemS17_1.0|w2	tblastn	REF|4837_nrrl1555_MAT_Minus|gene1|sexM	41.6	E=4.4e-07	63
GCA_027575625.1_UCR_CoemS17_1.0|w3|t0	GCA_027575625.1_UCR_CoemS17_1.0	cand	GCA_027575625.1_UCR_CoemS17_1.0|w3	tblastn	REF|4837_nrrl1555_MAT_Minus|gene1|sexM	59.7	E=7.5e-07	70
GCA_027575625.1_UCR_CoemS17_1.0|w4|t0	GCA_027575625.1_UCR_CoemS17_1.0	cand	GCA_027575625.1_UCR_CoemS17_1.0|w4	tblastn	REF|64495_cbs346-36_MAT_Plus|gene2|sexP	66.6	E=2.1e-08	97
GCA_027575625.1_UCR_CoemS17_1.0|w5|t0	GCA_027575625.1_UCR_CoemS17_1.0	cand	GCA_027575625.1_UCR_CoemS17_1.0|w5	tblastn	REF|3231046_uomd23-19_MAT_Plus|gene1|sexP	37.0	E=3.5e-05	57
GCA_027575625.1_UCR_CoemS17_1.0|w6|t0	GCA_027575625.1_UCR_CoemS17_1.0	cand	GCA_027575625.1_UCR_CoemS17_1.0|w6	tblastn	REF|3231046_uomd23-19_MAT_Plus|gene1|sexP	36.2	E=6.3e-05	57
GCA_027575625.1_UCR_CoemS17_1.0|w7|t0	GCA_027575625.1_UCR_CoemS17_1.0	cand	GCA_027575625.1_UCR_CoemS17_1.0|w7	tblastn	REF|3231046_uomd23-19_MAT_Plus|gene1|sexP	37.7	E=2.3e-05	103
GCA_027575625.1_UCR_CoemS17_1.0|w8|t0	GCA_027575625.1_UCR_CoemS17_1.0	cand	GCA_027575625.1_UCR_CoemS17_1.0|w8	tblastn	REF|3108396_ai-2023a_MAT_Plus|gene2|sexP	65.8	E=0.11	107
GCA_027575665.1_UCR_KalabBenny63K_1.0|w0|t0	GCA_027575665.1_UCR_KalabBenny63K_1.0	cand	GCA_027575665.1_UCR_KalabBenny63K_1.0|w0	tblastn	REF|86630_cbs357-93_MAT_Minus|gene0|sexM	41.2	E=4.4e-07	58
GCA_027575665.1_UCR_KalabBenny63K_1.0|w1|t0	GCA_027575665.1_UCR_KalabBenny63K_1.0	cand	GCA_027575665.1_UCR_KalabBenny63K_1.0|w1	tblastn	REF|29922_cbs109-16_MAT_Minus|gene1|sexM	55.1	E=1.5e-11	56
GCA_027575665.1_UCR_KalabBenny63K_1.0|w2|t0	GCA_027575665.1_UCR_KalabBenny63K_1.0	cand	GCA_027575665.1_UCR_KalabBenny63K_1.0|w2	tblastn	REF|29922_cbs109-16_MAT_Minus|gene1|sexM	61.6	E=2.4e-07	97
GCA_027575665.1_UCR_KalabBenny63K_1.0|w3|t0	GCA_027575665.1_UCR_KalabBenny63K_1.0	cand	GCA_027575665.1_UCR_KalabBenny63K_1.0|w3	tblastn	REF|4850_vkm-f-921_MAT_Minus|gene0|sexM	48.5	E=0.018	77
GCA_027575665.1_UCR_KalabBenny63K_1.0|w4|t0	GCA_027575665.1_UCR_KalabBenny63K_1.0	cand	GCA_027575665.1_UCR_KalabBenny63K_1.0|w4	tblastn	REF|3231046_uomau377_MAT_Minus|gene1|sexM	39.6	E=3.7	31
GCA_027575665.1_UCR_KalabBenny63K_1.0|w4|t1	GCA_027575665.1_UCR_KalabBenny63K_1.0	cand	GCA_027575665.1_UCR_KalabBenny63K_1.0|w4	tblastn	REF|101119_atcc11807_MAT_Minus|gene0|sexM	23.5	E=0.24	30
GCA_027575665.1_UCR_KalabBenny63K_1.0|w4|t2	GCA_027575665.1_UCR_KalabBenny63K_1.0	cand	GCA_027575665.1_UCR_KalabBenny63K_1.0|w4	tblastn	REF|101119_atcc11807_MAT_Plus|gene0|sexP	22.7	E=0.92	53
GCA_027575665.1_UCR_KalabBenny63K_1.0|w4|t3	GCA_027575665.1_UCR_KalabBenny63K_1.0	cand	GCA_027575665.1_UCR_KalabBenny63K_1.0|w4	tblastn	REF|35722_atcc11077_MAT_Minus|gene0|sexM	51.2	E=0.002	104
GCA_027575665.1_UCR_KalabBenny63K_1.0|h1|t0	GCA_027575665.1_UCR_KalabBenny63K_1.0	nonlocus	GCA_027575665.1_UCR_KalabBenny63K_1.0|h1	tblastn	REF|64495_cbs346-36_MAT_Plus|gene2|sexP	78.5	E=3.8e-12	89
GCA_027575665.1_UCR_KalabBenny63K_1.0|h2|t0	GCA_027575665.1_UCR_KalabBenny63K_1.0	nonlocus	GCA_027575665.1_UCR_KalabBenny63K_1.0|h2	tblastn	REF|64495_cbs346-36_MAT_Plus|gene2|sexP	78.5	E=3.6e-12	89
GCA_027575665.1_UCR_KalabBenny63K_1.0|h6|t0	GCA_027575665.1_UCR_KalabBenny63K_1.0	nonlocus	GCA_027575665.1_UCR_KalabBenny63K_1.0|h6	tblastn	REF|36080_r7b_MAT_Minus|gene1|sexM	47.8	E=7.7e-09	88
GCA_027575675.1_UCR_CoemRSA990_1.0|c0|m0	GCA_027575675.1_UCR_CoemRSA990_1.0	cand	GCA_027575675.1_UCR_CoemRSA990_1.0|c0	miniprot	REF|36080_r7b_MAT_Minus|gene1|sexM	85	0.735	209
GCA_027575685.1_UCR_CoemRSA989_1.0|c0|m0	GCA_027575685.1_UCR_CoemRSA989_1.0	cand	GCA_027575685.1_UCR_CoemRSA989_1.0|c0	miniprot	REF|36080_r7b_MAT_Minus|gene1|sexM	85	0.735	209
GCA_027575685.1_UCR_CoemRSA989_1.0|w0|t0	GCA_027575685.1_UCR_CoemRSA989_1.0	cand	GCA_027575685.1_UCR_CoemRSA989_1.0|w0	tblastn	REF|36080_nrrl-3631_MAT_Plus|gene1|sexP	106.9	E=0.009	245
GCA_027575695.1_UCR_CoemRSA638_1.0|w0|t0	GCA_027575695.1_UCR_CoemRSA638_1.0	cand	GCA_027575695.1_UCR_CoemRSA638_1.0|w0	tblastn	REF|35722_atcc11077_MAT_Minus|gene0|sexM	24.3	E=0.5	32
GCA_027575695.1_UCR_CoemRSA638_1.0|w0|t1	GCA_027575695.1_UCR_CoemRSA638_1.0	cand	GCA_027575695.1_UCR_CoemRSA638_1.0|w0	tblastn	REF|35722_atcc11077_MAT_Minus|gene0|sexM	27.7	E=0.033	86
GCA_027575695.1_UCR_CoemRSA638_1.0|w0|t3	GCA_027575695.1_UCR_CoemRSA638_1.0	cand	GCA_027575695.1_UCR_CoemRSA638_1.0|w0	tblastn	REF|3231046_uomau377_MAT_Minus|gene1|sexM	24.6	E=0.51	33
GCA_027575695.1_UCR_CoemRSA638_1.0|w1|t1	GCA_027575695.1_UCR_CoemRSA638_1.0	cand	GCA_027575695.1_UCR_CoemRSA638_1.0|w1	tblastn	REF|4850_vkm-f-921_MAT_Minus|gene0|sexM	40.8	E=6.4	48
GCA_027575695.1_UCR_CoemRSA638_1.0|w1|t2	GCA_027575695.1_UCR_CoemRSA638_1.0	cand	GCA_027575695.1_UCR_CoemRSA638_1.0|w1	tblastn	REF|36080_nrrl-3631_MAT_Plus|gene1|sexP	22.3	E=3.5	71
GCA_027575695.1_UCR_CoemRSA638_1.0|w1|t3	GCA_027575695.1_UCR_CoemRSA638_1.0	cand	GCA_027575695.1_UCR_CoemRSA638_1.0|w1	tblastn	REF|36080_nrrl-3631_MAT_Plus|gene1|sexP	22.3	E=4.1	38
GCA_027575695.1_UCR_CoemRSA638_1.0|w1|t4	GCA_027575695.1_UCR_CoemRSA638_1.0	cand	GCA_027575695.1_UCR_CoemRSA638_1.0|w1	tblastn	REF|36080_nrrl-3631_MAT_Plus|gene1|sexP	47.4	E=0.22	105
GCA_027575695.1_UCR_CoemRSA638_1.0|w1|t5	GCA_027575695.1_UCR_CoemRSA638_1.0	cand	GCA_027575695.1_UCR_CoemRSA638_1.0|w1	tblastn	REF|4850_vkm-f-921_MAT_Minus|gene0|sexM	23.5	E=0.8	46
GCA_027575695.1_UCR_CoemRSA638_1.0|w1|t6	GCA_027575695.1_UCR_CoemRSA638_1.0	cand	GCA_027575695.1_UCR_CoemRSA638_1.0|w1	tblastn	REF|3231046_uomd23-19_MAT_Plus|gene1|sexP	25.0	E=0.53	39
GCA_027575695.1_UCR_CoemRSA638_1.0|w1|t7	GCA_027575695.1_UCR_CoemRSA638_1.0	cand	GCA_027575695.1_UCR_CoemRSA638_1.0|w1	tblastn	REF|101119_atcc11807_MAT_Minus|gene0|sexM	22.7	E=1.5	35
GCA_027575695.1_UCR_CoemRSA638_1.0|w1|t11	GCA_027575695.1_UCR_CoemRSA638_1.0	cand	GCA_027575695.1_UCR_CoemRSA638_1.0|w1	tblastn	REF|3108396_ai-2023a_MAT_Plus|gene2|sexP	45.4	E=2.2	48
GCA_027575695.1_UCR_CoemRSA638_1.0|w2|t0	GCA_027575695.1_UCR_CoemRSA638_1.0	cand	GCA_027575695.1_UCR_CoemRSA638_1.0|w2	tblastn	REF|86630_cbs357-93_MAT_Minus|gene0|sexM	40.0	E=9.2	39
GCA_027575695.1_UCR_CoemRSA638_1.0|w2|t1	GCA_027575695.1_UCR_CoemRSA638_1.0	cand	GCA_027575695.1_UCR_CoemRSA638_1.0|w2	tblastn	REF|35722_atcc11077_MAT_Minus|gene0|sexM	20.4	E=8.9	53
GCA_027575695.1_UCR_CoemRSA638_1.0|w2|t3	GCA_027575695.1_UCR_CoemRSA638_1.0	cand	GCA_027575695.1_UCR_CoemRSA638_1.0|w2	tblastn	REF|3108396_ai-2023a_MAT_Plus|gene2|sexP	23.9	E=1.1	65
GCA_027575695.1_UCR_CoemRSA638_1.0|w3|t0	GCA_027575695.1_UCR_CoemRSA638_1.0	cand	GCA_027575695.1_UCR_CoemRSA638_1.0|w3	tblastn	REF|36080_nrrl-3631_MAT_Plus|gene1|sexP	28.9	E=0.035	53
GCA_027575695.1_UCR_CoemRSA638_1.0|w3|t1	GCA_027575695.1_UCR_CoemRSA638_1.0	cand	GCA_027575695.1_UCR_CoemRSA638_1.0|w3	tblastn	REF|86630_cbs357-93_MAT_Minus|gene0|sexM	25.0	E=0.22	47
GCA_027575695.1_UCR_CoemRSA638_1.0|w3|t2	GCA_027575695.1_UCR_CoemRSA638_1.0	cand	GCA_027575695.1_UCR_CoemRSA638_1.0|w3	tblastn	REF|29922_cbs109-16_MAT_Minus|gene1|sexM	25.4	E=0.26	38
GCA_027575695.1_UCR_CoemRSA638_1.0|w3|t3	GCA_027575695.1_UCR_CoemRSA638_1.0	cand	GCA_027575695.1_UCR_CoemRSA638_1.0|w3	tblastn	REF|4837_nrrl1555_MAT_Minus|gene1|sexM	43.5	E=2.1	65
GCA_027575725.1_UCR_CoemRSA486_1.0|w0|t0	GCA_027575725.1_UCR_CoemRSA486_1.0	cand	GCA_027575725.1_UCR_CoemRSA486_1.0|w0	tblastn	REF|36080_nrrl-3631_MAT_Plus|gene1|sexP	76.6	E=0.15	110
GCA_027575745.1_UCR_CoemRSA2703_1.0|w0|t0	GCA_027575745.1_UCR_CoemRSA2703_1.0	cand	GCA_027575745.1_UCR_CoemRSA2703_1.0|w0	tblastn	REF|3231046_uomd23-19_MAT_Plus|gene1|sexP	71.2	E=0.36	62
GCA_027575765.1_UCR_TipaRSA861_1.0|h3|m0	GCA_027575765.1_UCR_TipaRSA861_1.0	nonlocus	GCA_027575765.1_UCR_TipaRSA861_1.0|h3	miniprot	REF|3231046_uomau377_MAT_Minus|gene1|sexM	186	0.743	178
GCA_027575765.1_UCR_TipaRSA861_1.0|w0|t0	GCA_027575765.1_UCR_TipaRSA861_1.0	cand	GCA_027575765.1_UCR_TipaRSA861_1.0|w0	tblastn	REF|36080_nrrl-3631_MAT_Plus|gene1|sexP	87.4	E=3.8e-07	130
GCA_027575765.1_UCR_TipaRSA861_1.0|w1|t1	GCA_027575765.1_UCR_TipaRSA861_1.0	cand	GCA_027575765.1_UCR_TipaRSA861_1.0|w1	tblastn	REF|64495_cbs346-36_MAT_Plus|gene2|sexP	20.8	E=7.2	52
GCA_027575765.1_UCR_TipaRSA861_1.0|w1|t2	GCA_027575765.1_UCR_TipaRSA861_1.0	cand	GCA_027575765.1_UCR_TipaRSA861_1.0|w1	tblastn	REF|3231046_uomd23-19_MAT_Plus|gene1|sexP	24.3	E=0.56	99
GCA_027575765.1_UCR_TipaRSA861_1.0|w1|t3	GCA_027575765.1_UCR_TipaRSA861_1.0	cand	GCA_027575765.1_UCR_TipaRSA861_1.0|w1	tblastn	REF|4837_ubc21_MAT_Plus|gene1|sexP	42.0	E=1.7e-06	41
GCA_027575765.1_UCR_TipaRSA861_1.0|w2|t0	GCA_027575765.1_UCR_TipaRSA861_1.0	cand	GCA_027575765.1_UCR_TipaRSA861_1.0|w2	tblastn	REF|4837_nrrl1555_MAT_Minus|gene1|sexM	21.2	E=3.2	41
GCA_027575765.1_UCR_TipaRSA861_1.0|w2|t1	GCA_027575765.1_UCR_TipaRSA861_1.0	cand	GCA_027575765.1_UCR_TipaRSA861_1.0|w2	tblastn	REF|36080_r7b_MAT_Minus|gene1|sexM	43.5	E=2.5	65
GCA_027575765.1_UCR_TipaRSA861_1.0|w3|t0	GCA_027575765.1_UCR_TipaRSA861_1.0	cand	GCA_027575765.1_UCR_TipaRSA861_1.0|w3	tblastn	REF|36080_nrrl-3631_MAT_Plus|gene1|sexP	20.4	E=9.4	33
GCA_027575765.1_UCR_TipaRSA861_1.0|w3|t1	GCA_027575765.1_UCR_TipaRSA861_1.0	cand	GCA_027575765.1_UCR_TipaRSA861_1.0|w3	tblastn	REF|35722_atcc11077_MAT_Minus|gene0|sexM	31.2	E=0.002	35
GCA_027575765.1_UCR_TipaRSA861_1.0|w3|t3	GCA_027575765.1_UCR_TipaRSA861_1.0	cand	GCA_027575765.1_UCR_TipaRSA861_1.0|w3	tblastn	REF|4837_nrrl1555_MAT_Minus|gene1|sexM	21.2	E=3.2	32
GCA_027575765.1_UCR_TipaRSA861_1.0|w4|t0	GCA_027575765.1_UCR_TipaRSA861_1.0	cand	GCA_027575765.1_UCR_TipaRSA861_1.0|w4	tblastn	REF|29922_cbs109-16_MAT_Minus|gene1|sexM	49.3	E=0.018	123
GCA_027575765.1_UCR_TipaRSA861_1.0|w5|t0	GCA_027575765.1_UCR_TipaRSA861_1.0	cand	GCA_027575765.1_UCR_TipaRSA861_1.0|w5	tblastn	REF|36080_nrrl-3631_MAT_Plus|gene1|sexP	76.6	E=0.004	128
GCA_027575765.1_UCR_TipaRSA861_1.0|h1|t1	GCA_027575765.1_UCR_TipaRSA861_1.0	nonlocus	GCA_027575765.1_UCR_TipaRSA861_1.0|h1	tblastn	REF|4837_nrrl1555_MAT_Minus|gene1|sexM	69.7	E=3.6e-16	78
GCA_027575765.1_UCR_TipaRSA861_1.0|h1|t2	GCA_027575765.1_UCR_TipaRSA861_1.0	nonlocus	GCA_027575765.1_UCR_TipaRSA861_1.0|h1	tblastn	REF|35722_atcc11077_MAT_Minus|gene0|sexM	20.4	E=5	33
GCA_027575765.1_UCR_TipaRSA861_1.0|h2|t0	GCA_027575765.1_UCR_TipaRSA861_1.0	nonlocus	GCA_027575765.1_UCR_TipaRSA861_1.0|h2	tblastn	REF|64495_cbs346-36_MAT_Plus|gene2|sexP	22.3	E=2.5	35
GCA_027575765.1_UCR_TipaRSA861_1.0|h2|t1	GCA_027575765.1_UCR_TipaRSA861_1.0	nonlocus	GCA_027575765.1_UCR_TipaRSA861_1.0|h2	tblastn	REF|4837_ubc21_MAT_Plus|gene1|sexP	86.6	E=7.7e-14	86
GCA_027575805.1_UCR_MyscNBRC100468_1.0|w0|t0	GCA_027575805.1_UCR_MyscNBRC100468_1.0	cand	GCA_027575805.1_UCR_MyscNBRC100468_1.0|w0	tblastn	REF|3231046_uomau377_MAT_Minus|gene1|sexM	93.2	E=9.9e-15	148
GCA_027575805.1_UCR_MyscNBRC100468_1.0|w0|t1	GCA_027575805.1_UCR_MyscNBRC100468_1.0	cand	GCA_027575805.1_UCR_MyscNBRC100468_1.0|w0	tblastn	REF|4837_nrrl1555_MAT_Minus|gene1|sexM	60.5	E=8.7e-13	88
GCA_027575805.1_UCR_MyscNBRC100468_1.0|w1|t1	GCA_027575805.1_UCR_MyscNBRC100468_1.0	cand	GCA_027575805.1_UCR_MyscNBRC100468_1.0|w1	tblastn	REF|4837_ubc21_MAT_Plus|gene1|sexP	71.2	E=1.8e-08	89
GCA_027575805.1_UCR_MyscNBRC100468_1.0|w2|t0	GCA_027575805.1_UCR_MyscNBRC100468_1.0	cand	GCA_027575805.1_UCR_MyscNBRC100468_1.0|w2	tblastn	REF|4837_nrrl1555_MAT_Minus|gene1|sexM	66.7	E=1.3e-07	112
GCA_027575805.1_UCR_MyscNBRC100468_1.0|w3|t0	GCA_027575805.1_UCR_MyscNBRC100468_1.0	cand	GCA_027575805.1_UCR_MyscNBRC100468_1.0|w3	tblastn	REF|4837_nrrl1555_MAT_Minus|gene1|sexM	43.1	E=5.9e-07	68
GCA_027575805.1_UCR_MyscNBRC100468_1.0|w4|t1	GCA_027575805.1_UCR_MyscNBRC100468_1.0	cand	GCA_027575805.1_UCR_MyscNBRC100468_1.0|w4	tblastn	REF|3231046_uomd23-19_MAT_Plus|gene1|sexP	68.1	E=2.9e-07	86
GCA_027575805.1_UCR_MyscNBRC100468_1.0|w5|t0	GCA_027575805.1_UCR_MyscNBRC100468_1.0	cand	GCA_027575805.1_UCR_MyscNBRC100468_1.0|w5	tblastn	REF|101119_atcc11807_MAT_Plus|gene0|sexP	58.9	E=0.00024	101
GCA_027575805.1_UCR_MyscNBRC100468_1.0|w6|t0	GCA_027575805.1_UCR_MyscNBRC100468_1.0	cand	GCA_027575805.1_UCR_MyscNBRC100468_1.0|w6	tblastn	REF|4837_nrrl1555_MAT_Minus|gene1|sexM	42.0	E=1.7e-06	46
GCA_027575805.1_UCR_MyscNBRC100468_1.0|w7|t0	GCA_027575805.1_UCR_MyscNBRC100468_1.0	cand	GCA_027575805.1_UCR_MyscNBRC100468_1.0|w7	tblastn	REF|29922_cbs109-16_MAT_Minus|gene1|sexM	45.1	E=1.7e-07	57
GCA_027575805.1_UCR_MyscNBRC100468_1.0|w8|t0	GCA_027575805.1_UCR_MyscNBRC100468_1.0	cand	GCA_027575805.1_UCR_MyscNBRC100468_1.0|w8	tblastn	REF|36080_nrrl-3631_MAT_Plus|gene1|sexP	31.6	E=0.007	92
GCA_027575805.1_UCR_MyscNBRC100468_1.0|w8|t1	GCA_027575805.1_UCR_MyscNBRC100468_1.0	cand	GCA_027575805.1_UCR_MyscNBRC100468_1.0|w8	tblastn	REF|3231046_uomau377_MAT_Minus|gene1|sexM	23.9	E=1.3	31
GCA_027575805.1_UCR_MyscNBRC100468_1.0|w8|t2	GCA_027575805.1_UCR_MyscNBRC100468_1.0	cand	GCA_027575805.1_UCR_MyscNBRC100468_1.0|w8	tblastn	REF|3108396_ai-2023a_MAT_Plus|gene2|sexP	22.7	E=3.6	35
GCA_027575805.1_UCR_MyscNBRC100468_1.0|w9|t0	GCA_027575805.1_UCR_MyscNBRC100468_1.0	cand	GCA_027575805.1_UCR_MyscNBRC100468_1.0|w9	tblastn	REF|86630_cbs357-93_MAT_Minus|gene0|sexM	26.6	E=0.12	48
GCA_027575805.1_UCR_MyscNBRC100468_1.0|w9|t1	GCA_027575805.1_UCR_MyscNBRC100468_1.0	cand	GCA_027575805.1_UCR_MyscNBRC100468_1.0|w9	tblastn	REF|4850_vkm-f-921_MAT_Minus|gene0|sexM	60.5	E=2.9	65
GCA_027575805.1_UCR_MyscNBRC100468_1.0|w9|t3	GCA_027575805.1_UCR_MyscNBRC100468_1.0	cand	GCA_027575805.1_UCR_MyscNBRC100468_1.0|w9	tblastn	REF|36080_nrrl-3631_MAT_Plus|gene1|sexP	22.7	E=3.9	30
GCA_027575805.1_UCR_MyscNBRC100468_1.0|w10|t0	GCA_027575805.1_UCR_MyscNBRC100468_1.0	cand	GCA_027575805.1_UCR_MyscNBRC100468_1.0|w10	tblastn	REF|101119_atcc11807_MAT_Minus|gene0|sexM	24.6	E=0.44	57
GCA_027575805.1_UCR_MyscNBRC100468_1.0|w10|t1	GCA_027575805.1_UCR_MyscNBRC100468_1.0	cand	GCA_027575805.1_UCR_MyscNBRC100468_1.0|w10	tblastn	REF|3108396_ai-2023a_MAT_Plus|gene2|sexP	24.6	E=1.1	45
GCA_027575805.1_UCR_MyscNBRC100468_1.0|w11|t0	GCA_027575805.1_UCR_MyscNBRC100468_1.0	cand	GCA_027575805.1_UCR_MyscNBRC100468_1.0|w11	tblastn	REF|36080_r7b_MAT_Minus|gene1|sexM	28.1	E=0.055	77
GCA_027575805.1_UCR_MyscNBRC100468_1.0|w11|t1	GCA_027575805.1_UCR_MyscNBRC100468_1.0	cand	GCA_027575805.1_UCR_MyscNBRC100468_1.0|w11	tblastn	REF|86630_cbs357-93_MAT_Minus|gene0|sexM	42.4	E=5.4	52
GCA_027575805.1_UCR_MyscNBRC100468_1.0|w11|t3	GCA_027575805.1_UCR_MyscNBRC100468_1.0	cand	GCA_027575805.1_UCR_MyscNBRC100468_1.0|w11	tblastn	REF|3231046_uomd23-19_MAT_Plus|gene1|sexP	49.7	E=0.095	97
GCA_027575805.1_UCR_MyscNBRC100468_1.0|h4|t0	GCA_027575805.1_UCR_MyscNBRC100468_1.0	nonlocus	GCA_027575805.1_UCR_MyscNBRC100468_1.0|h4	tblastn	REF|29922_cbs109-16_MAT_Minus|gene1|sexM	47.8	E=1.7e-08	60
GCA_027575805.1_UCR_MyscNBRC100468_1.0|h7|t0	GCA_027575805.1_UCR_MyscNBRC100468_1.0	nonlocus	GCA_027575805.1_UCR_MyscNBRC100468_1.0|h7	tblastn	REF|4850_vkm-f-921_MAT_Minus|gene0|sexM	25.0	E=0.48	46
GCA_027575805.1_UCR_MyscNBRC100468_1.0|h7|t1	GCA_027575805.1_UCR_MyscNBRC100468_1.0	nonlocus	GCA_027575805.1_UCR_MyscNBRC100468_1.0|h7	tblastn	REF|29922_cbs109-16_MAT_Minus|gene1|sexM	55.1	E=6.9e-11	58
GCA_027575805.1_UCR_MyscNBRC100468_1.0|h7|t2	GCA_027575805.1_UCR_MyscNBRC100468_1.0	nonlocus	GCA_027575805.1_UCR_MyscNBRC100468_1.0|h7	tblastn	REF|64495_cbs346-36_MAT_Plus|gene2|sexP	22.7	E=4.2	45
GCA_027575805.1_UCR_MyscNBRC100468_1.0|h3|t0	GCA_027575805.1_UCR_MyscNBRC100468_1.0	nonlocus	GCA_027575805.1_UCR_MyscNBRC100468_1.0|h3	tblastn	REF|3231046_uomau377_MAT_Minus|gene1|sexM	72.4	E=1.9e-09	78
GCA_027575815.1_UCR_CoemIMI209127_1.0|w0|t0	GCA_027575815.1_UCR_CoemIMI209127_1.0	cand	GCA_027575815.1_UCR_CoemIMI209127_1.0|w0	tblastn	REF|64495_cbs346-36_MAT_Plus|gene2|sexP	78.9	E=8.3e-05	135
GCA_027575815.1_UCR_CoemIMI209127_1.0|w1|t0	GCA_027575815.1_UCR_CoemIMI209127_1.0	cand	GCA_027575815.1_UCR_CoemIMI209127_1.0|w1	tblastn	REF|36080_nrrl-3631_MAT_Plus|gene1|sexP	39.2	E=8.5	74
GCA_027575815.1_UCR_CoemIMI209127_1.0|w2|t0	GCA_027575815.1_UCR_CoemIMI209127_1.0	cand	GCA_027575815.1_UCR_CoemIMI209127_1.0|w2	tblastn	REF|101119_atcc11807_MAT_Minus|gene0|sexM	26.2	E=0.033	35
GCA_027575815.1_UCR_CoemIMI209127_1.0|w3|t0	GCA_027575815.1_UCR_CoemIMI209127_1.0	cand	GCA_027575815.1_UCR_CoemIMI209127_1.0|w3	tblastn	REF|3108396_ai-2023a_MAT_Plus|gene2|sexP	44.3	E=1.7e-07	99
GCA_027575815.1_UCR_CoemIMI209127_1.0|w5|t0	GCA_027575815.1_UCR_CoemIMI209127_1.0	cand	GCA_027575815.1_UCR_CoemIMI209127_1.0|w5	tblastn	REF|36080_r7b_MAT_Minus|gene1|sexM	47.7	E=0.13	89
GCA_027575815.1_UCR_CoemIMI209127_1.0|w6|t0	GCA_027575815.1_UCR_CoemIMI209127_1.0	cand	GCA_027575815.1_UCR_CoemIMI209127_1.0|w6	tblastn	REF|64495_cbs346-36_MAT_Plus|gene2|sexP	46.6	E=0.13	184
GCA_027575815.1_UCR_CoemIMI209127_1.0|w7|t0	GCA_027575815.1_UCR_CoemIMI209127_1.0	cand	GCA_027575815.1_UCR_CoemIMI209127_1.0|w7	tblastn	REF|36080_r7b_MAT_Minus|gene1|sexM	51.6	E=0.011	56
GCA_027575835.1_UCR_LipeNRRL3781_1.0|w0|t0	GCA_027575835.1_UCR_LipeNRRL3781_1.0	cand	GCA_027575835.1_UCR_LipeNRRL3781_1.0|w0	tblastn	REF|4837_nrrl1555_MAT_Minus|gene1|sexM	27.7	E=0.004	87
GCA_027575835.1_UCR_LipeNRRL3781_1.0|w1|t0	GCA_027575835.1_UCR_LipeNRRL3781_1.0	cand	GCA_027575835.1_UCR_LipeNRRL3781_1.0|w1	tblastn	REF|64495_cbs110-17_MAT_Minus|gene1|sexM	25.8	E=0.015	56
GCA_027575855.1_UCR_LimaNRRL5244_1.0|w1|t0	GCA_027575855.1_UCR_LimaNRRL5244_1.0	cand	GCA_027575855.1_UCR_LimaNRRL5244_1.0|w1	tblastn	REF|36080_nrrl-3631_MAT_Plus|gene1|sexP	65.5	E=0.003	98
GCA_027575855.1_UCR_LimaNRRL5244_1.0|h1|t0	GCA_027575855.1_UCR_LimaNRRL5244_1.0	nonlocus	GCA_027575855.1_UCR_LimaNRRL5244_1.0|h1	tblastn	REF|86630_cbs357-93_MAT_Minus|gene0|sexM	73.2	E=4.9e-12	105
GCA_027575855.1_UCR_LimaNRRL5244_1.0|h3|t0	GCA_027575855.1_UCR_LimaNRRL5244_1.0	nonlocus	GCA_027575855.1_UCR_LimaNRRL5244_1.0|h3	tblastn	REF|64495_cbs346-36_MAT_Plus|gene2|sexP	95.8	E=7e-06	133
GCA_027575855.1_UCR_LimaNRRL5244_1.0|h5|t0	GCA_027575855.1_UCR_LimaNRRL5244_1.0	nonlocus	GCA_027575855.1_UCR_LimaNRRL5244_1.0|h5	tblastn	REF|86630_cbs357-93_MAT_Minus|gene0|sexM	28.1	E=0.003	49
GCA_027575875.1_UCR_KialRSA2140_1.0|w0|t0	GCA_027575875.1_UCR_KialRSA2140_1.0	cand	GCA_027575875.1_UCR_KialRSA2140_1.0|w0	tblastn	REF|4837_nrrl1555_MAT_Minus|gene1|sexM	74.0	E=1.1	84
GCA_027576915.1_UCR_DiacNRRL2925_1.0|w0|t0	GCA_027576915.1_UCR_DiacNRRL2925_1.0	cand	GCA_027576915.1_UCR_DiacNRRL2925_1.0|w0	tblastn	REF|64495_cbs110-17_MAT_Minus|gene1|sexM	82.8	E=4.6e-14	99
GCA_027576915.1_UCR_DiacNRRL2925_1.0|w0|t1	GCA_027576915.1_UCR_DiacNRRL2925_1.0	cand	GCA_027576915.1_UCR_DiacNRRL2925_1.0|w0	tblastn	REF|36080_nrrl-3631_MAT_Plus|gene1|sexP	58.1	E=0.00016	104
GCA_027576915.1_UCR_DiacNRRL2925_1.0|w1|t0	GCA_027576915.1_UCR_DiacNRRL2925_1.0	cand	GCA_027576915.1_UCR_DiacNRRL2925_1.0|w1	tblastn	REF|64495_cbs346-36_MAT_Plus|gene2|sexP	63.5	E=2.8e-06	88
GCA_027576915.1_UCR_DiacNRRL2925_1.0|w1|t1	GCA_027576915.1_UCR_DiacNRRL2925_1.0	cand	GCA_027576915.1_UCR_DiacNRRL2925_1.0|w1	tblastn	REF|29922_cbs109-16_MAT_Minus|gene1|sexM	46.2	E=3.6e-08	68
GCA_027576915.1_UCR_DiacNRRL2925_1.0|w2|t0	GCA_027576915.1_UCR_DiacNRRL2925_1.0	cand	GCA_027576915.1_UCR_DiacNRRL2925_1.0|w2	tblastn	REF|64495_cbs110-17_MAT_Minus|gene1|sexM	27.7	E=0.025	45
GCA_027576915.1_UCR_DiacNRRL2925_1.0|w3|t0	GCA_027576915.1_UCR_DiacNRRL2925_1.0	cand	GCA_027576915.1_UCR_DiacNRRL2925_1.0|w3	tblastn	REF|64495_cbs346-36_MAT_Plus|gene2|sexP	22.7	E=2.1	33
GCA_027576915.1_UCR_DiacNRRL2925_1.0|w3|t1	GCA_027576915.1_UCR_DiacNRRL2925_1.0	cand	GCA_027576915.1_UCR_DiacNRRL2925_1.0|w3	tblastn	REF|4837_ubc21_MAT_Plus|gene1|sexP	47.8	E=2.7e-08	59
GCA_027576915.1_UCR_DiacNRRL2925_1.0|w3|t2	GCA_027576915.1_UCR_DiacNRRL2925_1.0	cand	GCA_027576915.1_UCR_DiacNRRL2925_1.0|w3	tblastn	REF|4837_nrrl1555_MAT_Minus|gene1|sexM	20.0	E=9.3	40
GCA_027576915.1_UCR_DiacNRRL2925_1.0|w3|t3	GCA_027576915.1_UCR_DiacNRRL2925_1.0	cand	GCA_027576915.1_UCR_DiacNRRL2925_1.0|w3	tblastn	REF|64495_cbs346-36_MAT_Plus|gene2|sexP	22.3	E=2.5	40
GCA_027576915.1_UCR_DiacNRRL2925_1.0|w4|t0	GCA_027576915.1_UCR_DiacNRRL2925_1.0	cand	GCA_027576915.1_UCR_DiacNRRL2925_1.0|w4	tblastn	REF|36080_nrrl-3631_MAT_Plus|gene1|sexP	53.2	E=0.03	133
GCA_027576915.1_UCR_DiacNRRL2925_1.0|w4|t1	GCA_027576915.1_UCR_DiacNRRL2925_1.0	cand	GCA_027576915.1_UCR_DiacNRRL2925_1.0|w4	tblastn	REF|35722_atcc11077_MAT_Minus|gene0|sexM	25.4	E=0.16	39
GCA_027576915.1_UCR_DiacNRRL2925_1.0|w5|t0	GCA_027576915.1_UCR_DiacNRRL2925_1.0	cand	GCA_027576915.1_UCR_DiacNRRL2925_1.0|w5	tblastn	REF|64495_cbs110-17_MAT_Minus|gene1|sexM	21.9	E=1.8	52
GCA_027576915.1_UCR_DiacNRRL2925_1.0|w5|t1	GCA_027576915.1_UCR_DiacNRRL2925_1.0	cand	GCA_027576915.1_UCR_DiacNRRL2925_1.0|w5	tblastn	REF|4837_nrrl1555_MAT_Minus|gene1|sexM	26.2	E=0.1	31
GCA_027576915.1_UCR_DiacNRRL2925_1.0|w6|t0	GCA_027576915.1_UCR_DiacNRRL2925_1.0	cand	GCA_027576915.1_UCR_DiacNRRL2925_1.0|w6	tblastn	REF|4850_vkm-f-921_MAT_Minus|gene0|sexM	51.6	E=0.012	91
GCA_027576915.1_UCR_DiacNRRL2925_1.0|w7|t0	GCA_027576915.1_UCR_DiacNRRL2925_1.0	cand	GCA_027576915.1_UCR_DiacNRRL2925_1.0|w7	tblastn	REF|101119_atcc11807_MAT_Plus|gene0|sexP	21.6	E=4.7	47
GCA_027576915.1_UCR_DiacNRRL2925_1.0|w7|t1	GCA_027576915.1_UCR_DiacNRRL2925_1.0	cand	GCA_027576915.1_UCR_DiacNRRL2925_1.0|w7	tblastn	REF|3231046_uomau377_MAT_Minus|gene1|sexM	38.5	E=2.8	43
GCA_027576915.1_UCR_DiacNRRL2925_1.0|w7|t2	GCA_027576915.1_UCR_DiacNRRL2925_1.0	cand	GCA_027576915.1_UCR_DiacNRRL2925_1.0|w7	tblastn	REF|64495_cbs110-17_MAT_Minus|gene1|sexM	49.3	E=0.071	85
GCA_027576915.1_UCR_DiacNRRL2925_1.0|w8|t0	GCA_027576915.1_UCR_DiacNRRL2925_1.0	cand	GCA_027576915.1_UCR_DiacNRRL2925_1.0|w8	tblastn	REF|64495_cbs346-36_MAT_Plus|gene2|sexP	28.9	E=0.028	46
GCA_027576915.1_UCR_DiacNRRL2925_1.0|h8|t0	GCA_027576915.1_UCR_DiacNRRL2925_1.0	nonlocus	GCA_027576915.1_UCR_DiacNRRL2925_1.0|h8	tblastn	REF|101119_atcc11807_MAT_Plus|gene0|sexP	40.0	E=7.6e-06	61
GCA_027576915.1_UCR_DiacNRRL2925_1.0|h4|t0	GCA_027576915.1_UCR_DiacNRRL2925_1.0	nonlocus	GCA_027576915.1_UCR_DiacNRRL2925_1.0|h4	tblastn	REF|29922_cbs109-16_MAT_Minus|gene1|sexM	53.5	E=1.1e-10	80
GCA_027576915.1_UCR_DiacNRRL2925_1.0|h3|t0	GCA_027576915.1_UCR_DiacNRRL2925_1.0	nonlocus	GCA_027576915.1_UCR_DiacNRRL2925_1.0|h3	tblastn	REF|3108396_ai-2023a_MAT_Plus|gene2|sexP	68.9	E=8.9e-08	84
GCA_027576935.1_UCR_DiveRSA567_1.0|w0|t0	GCA_027576935.1_UCR_DiveRSA567_1.0	cand	GCA_027576935.1_UCR_DiveRSA567_1.0|w0	tblastn	REF|101119_atcc11807_MAT_Minus|gene0|sexM	21.6	E=3.8	37
GCA_027576935.1_UCR_DiveRSA567_1.0|w0|t1	GCA_027576935.1_UCR_DiveRSA567_1.0	cand	GCA_027576935.1_UCR_DiveRSA567_1.0|w0	tblastn	REF|3231046_uomd23-19_MAT_Plus|gene1|sexP	42.0	E=3e-06	69
GCA_027576935.1_UCR_DiveRSA567_1.0|w1|t0	GCA_027576935.1_UCR_DiveRSA567_1.0	cand	GCA_027576935.1_UCR_DiveRSA567_1.0|w1	tblastn	REF|4837_nrrl1555_MAT_Minus|gene1|sexM	28.1	E=0.048	49
GCA_027576935.1_UCR_DiveRSA567_1.0|w1|t1	GCA_027576935.1_UCR_DiveRSA567_1.0	cand	GCA_027576935.1_UCR_DiveRSA567_1.0|w1	tblastn	REF|36080_nrrl-3631_MAT_Plus|gene1|sexP	26.2	E=0.34	66
GCA_027576935.1_UCR_DiveRSA567_1.0|w1|t2	GCA_027576935.1_UCR_DiveRSA567_1.0	cand	GCA_027576935.1_UCR_DiveRSA567_1.0|w1	tblastn	REF|3231046_uomd23-19_MAT_Plus|gene1|sexP	40.8	E=7e-06	95
GCA_027576935.1_UCR_DiveRSA567_1.0|w2|t0	GCA_027576935.1_UCR_DiveRSA567_1.0	cand	GCA_027576935.1_UCR_DiveRSA567_1.0|w2	tblastn	REF|101119_atcc11807_MAT_Plus|gene0|sexP	29.6	E=0.02	31
GCA_027576935.1_UCR_DiveRSA567_1.0|w2|t1	GCA_027576935.1_UCR_DiveRSA567_1.0	cand	GCA_027576935.1_UCR_DiveRSA567_1.0|w2	tblastn	REF|29922_cbs109-16_MAT_Minus|gene1|sexM	26.6	E=0.14	58
GCA_027576935.1_UCR_DiveRSA567_1.0|w3|t0	GCA_027576935.1_UCR_DiveRSA567_1.0	cand	GCA_027576935.1_UCR_DiveRSA567_1.0|w3	tblastn	REF|36080_nrrl-3631_MAT_Plus|gene1|sexP	49.3	E=0.36	120
GCA_027576935.1_UCR_DiveRSA567_1.0|w4|t0	GCA_027576935.1_UCR_DiveRSA567_1.0	cand	GCA_027576935.1_UCR_DiveRSA567_1.0|w4	tblastn	REF|3108396_ai-2023a_MAT_Plus|gene2|sexP	46.5	E=0.93	99
GCA_027576935.1_UCR_DiveRSA567_1.0|w4|t1	GCA_027576935.1_UCR_DiveRSA567_1.0	cand	GCA_027576935.1_UCR_DiveRSA567_1.0|w4	tblastn	REF|36080_r7b_MAT_Minus|gene1|sexM	24.6	E=0.72	38
GCA_027576935.1_UCR_DiveRSA567_1.0|w4|t2	GCA_027576935.1_UCR_DiveRSA567_1.0	cand	GCA_027576935.1_UCR_DiveRSA567_1.0|w4	tblastn	REF|64495_cbs110-17_MAT_Minus|gene1|sexM	21.9	E=3.4	30
GCA_027576935.1_UCR_DiveRSA567_1.0|w4|t4	GCA_027576935.1_UCR_DiveRSA567_1.0	cand	GCA_027576935.1_UCR_DiveRSA567_1.0|w4	tblastn	REF|29922_cbs109-16_MAT_Minus|gene1|sexM	26.6	E=0.12	39
GCA_027576935.1_UCR_DiveRSA567_1.0|w5|t0	GCA_027576935.1_UCR_DiveRSA567_1.0	cand	GCA_027576935.1_UCR_DiveRSA567_1.0|w5	tblastn	REF|86630_cbs357-93_MAT_Minus|gene0|sexM	20.8	E=7.9	31
GCA_027576935.1_UCR_DiveRSA567_1.0|w5|t2	GCA_027576935.1_UCR_DiveRSA567_1.0	cand	GCA_027576935.1_UCR_DiveRSA567_1.0|w5	tblastn	REF|35722_atcc11077_MAT_Minus|gene0|sexM	27.3	E=0.073	63
GCA_027576935.1_UCR_DiveRSA567_1.0|w6|t0	GCA_027576935.1_UCR_DiveRSA567_1.0	cand	GCA_027576935.1_UCR_DiveRSA567_1.0|w6	tblastn	REF|35722_atcc11077_MAT_Minus|gene0|sexM	26.6	E=0.1	72
GCA_027576935.1_UCR_DiveRSA567_1.0|w7|t1	GCA_027576935.1_UCR_DiveRSA567_1.0	cand	GCA_027576935.1_UCR_DiveRSA567_1.0|w7	tblastn	REF|3231046_uomd23-19_MAT_Plus|gene1|sexP	27.7	E=0.096	30
GCA_027576935.1_UCR_DiveRSA567_1.0|w7|t2	GCA_027576935.1_UCR_DiveRSA567_1.0	cand	GCA_027576935.1_UCR_DiveRSA567_1.0|w7	tblastn	REF|3231046_uomau377_MAT_Minus|gene1|sexM	26.6	E=0.14	34
GCA_027576935.1_UCR_DiveRSA567_1.0|w8|t0	GCA_027576935.1_UCR_DiveRSA567_1.0	cand	GCA_027576935.1_UCR_DiveRSA567_1.0|w8	tblastn	REF|86630_cbs357-93_MAT_Minus|gene0|sexM	23.1	E=1.3	40
GCA_027576935.1_UCR_DiveRSA567_1.0|w8|t2	GCA_027576935.1_UCR_DiveRSA567_1.0	cand	GCA_027576935.1_UCR_DiveRSA567_1.0|w8	tblastn	REF|4837_ubc21_MAT_Plus|gene1|sexP	28.5	E=0.062	75
GCA_027576935.1_UCR_DiveRSA567_1.0|w9|t0	GCA_027576935.1_UCR_DiveRSA567_1.0	cand	GCA_027576935.1_UCR_DiveRSA567_1.0|w9	tblastn	REF|4850_vkm-f-921_MAT_Minus|gene0|sexM	27.3	E=0.082	77
GCA_027576935.1_UCR_DiveRSA567_1.0|w9|t2	GCA_027576935.1_UCR_DiveRSA567_1.0	cand	GCA_027576935.1_UCR_DiveRSA567_1.0|w9	tblastn	REF|64495_cbs346-36_MAT_Plus|gene2|sexP	21.6	E=9.3	37
GCA_027576935.1_UCR_DiveRSA567_1.0|w9|t3	GCA_027576935.1_UCR_DiveRSA567_1.0	cand	GCA_027576935.1_UCR_DiveRSA567_1.0|w9	tblastn	REF|3108396_ai-2023a_MAT_Plus|gene2|sexP	46.2	E=1.8	72
GCA_027576935.1_UCR_DiveRSA567_1.0|w9|t5	GCA_027576935.1_UCR_DiveRSA567_1.0	cand	GCA_027576935.1_UCR_DiveRSA567_1.0|w9	tblastn	REF|36080_nrrl-3631_MAT_Plus|gene1|sexP	29.6	E=0.029	47
GCA_027576935.1_UCR_DiveRSA567_1.0|w9|t6	GCA_027576935.1_UCR_DiveRSA567_1.0	cand	GCA_027576935.1_UCR_DiveRSA567_1.0|w9	tblastn	REF|29922_cbs109-16_MAT_Minus|gene1|sexM	22.7	E=2	47
GCA_027576935.1_UCR_DiveRSA567_1.0|w10|t2	GCA_027576935.1_UCR_DiveRSA567_1.0	cand	GCA_027576935.1_UCR_DiveRSA567_1.0|w10	tblastn	REF|36080_nrrl-3631_MAT_Plus|gene1|sexP	27.3	E=0.13	51
GCA_027576935.1_UCR_DiveRSA567_1.0|h1|t0	GCA_027576935.1_UCR_DiveRSA567_1.0	nonlocus	GCA_027576935.1_UCR_DiveRSA567_1.0|h1	tblastn	REF|3231046_uomau377_MAT_Minus|gene1|sexM	94.3	E=1e-15	119
GCA_027576935.1_UCR_DiveRSA567_1.0|h2|t0	GCA_027576935.1_UCR_DiveRSA567_1.0	nonlocus	GCA_027576935.1_UCR_DiveRSA567_1.0|h2	tblastn	REF|86630_cbs357-93_MAT_Minus|gene0|sexM	74.3	E=8.5e-18	76
GCA_027576935.1_UCR_DiveRSA567_1.0|h3|t0	GCA_027576935.1_UCR_DiveRSA567_1.0	nonlocus	GCA_027576935.1_UCR_DiveRSA567_1.0|h3	tblastn	REF|4850_vkm-f-921_MAT_Minus|gene0|sexM	50.4	E=0.014	85
GCA_027576955.1_UCR_DixeNRRL3178_1.0|w0|t0	GCA_027576955.1_UCR_DixeNRRL3178_1.0	cand	GCA_027576955.1_UCR_DixeNRRL3178_1.0|w0	tblastn	REF|64495_cbs110-17_MAT_Minus|gene1|sexM	63.1	E=0.078	63
GCA_027576975.1_UCR_CoumBCRC34882_1.0|w0|t0	GCA_027576975.1_UCR_CoumBCRC34882_1.0	cand	GCA_027576975.1_UCR_CoumBCRC34882_1.0|w0	tblastn	REF|35722_atcc11077_MAT_Minus|gene0|sexM	45.0	E=0.12	75
GCA_027576975.1_UCR_CoumBCRC34882_1.0|w0|t1	GCA_027576975.1_UCR_CoumBCRC34882_1.0	cand	GCA_027576975.1_UCR_CoumBCRC34882_1.0|w0	tblastn	REF|3231046_uomd23-19_MAT_Plus|gene1|sexP	68.9	E=0.15	100
GCA_027576975.1_UCR_CoumBCRC34882_1.0|w0|t2	GCA_027576975.1_UCR_CoumBCRC34882_1.0	cand	GCA_027576975.1_UCR_CoumBCRC34882_1.0|w0	tblastn	REF|3231046_uomd23-19_MAT_Plus|gene1|sexP	107.0	E=0.38	137
GCA_027576995.1_UCR_DicrRSA1219_1.0|w0|t0	GCA_027576995.1_UCR_DicrRSA1219_1.0	cand	GCA_027576995.1_UCR_DicrRSA1219_1.0|w0	tblastn	REF|36080_nrrl-3631_MAT_Plus|gene1|sexP	62.8	E=0.34	88
GCA_027576995.1_UCR_DicrRSA1219_1.0|w0|t1	GCA_027576995.1_UCR_DicrRSA1219_1.0	cand	GCA_027576995.1_UCR_DicrRSA1219_1.0|w0	tblastn	REF|4837_ubc21_MAT_Plus|gene1|sexP	60.8	E=2.8	63
GCA_027576995.1_UCR_DicrRSA1219_1.0|w0|t2	GCA_027576995.1_UCR_DicrRSA1219_1.0	cand	GCA_027576995.1_UCR_DicrRSA1219_1.0|w0	tblastn	REF|3231046_uomd23-19_MAT_Plus|gene1|sexP	65.1	E=7.2e-08	122
GCA_027577015.1_UCR_DipaRSA1196_1.0|w0|t0	GCA_027577015.1_UCR_DipaRSA1196_1.0	cand	GCA_027577015.1_UCR_DipaRSA1196_1.0|w0	tblastn	REF|4837_ubc21_MAT_Plus|gene1|sexP	112.7	E=1.9e-12	168
GCA_027577035.1_UCR_CothIMI214461_1.0|w0|t1	GCA_027577035.1_UCR_CothIMI214461_1.0	cand	GCA_027577035.1_UCR_CothIMI214461_1.0|w0	tblastn	REF|64495_cbs346-36_MAT_Plus|gene2|sexP	46.2	E=1.2e-07	169
GCA_027577035.1_UCR_CothIMI214461_1.0|w0|t2	GCA_027577035.1_UCR_CothIMI214461_1.0	cand	GCA_027577035.1_UCR_CothIMI214461_1.0|w0	tblastn	REF|4837_nrrl1555_MAT_Minus|gene1|sexM	23.1	E=1.3	40
GCA_027577035.1_UCR_CothIMI214461_1.0|w1|t0	GCA_027577035.1_UCR_CothIMI214461_1.0	cand	GCA_027577035.1_UCR_CothIMI214461_1.0|w1	tblastn	REF|29922_cbs109-16_MAT_Minus|gene1|sexM	75.1	E=1.2e-10	98
GCA_027577035.1_UCR_CothIMI214461_1.0|w2|t0	GCA_027577035.1_UCR_CothIMI214461_1.0	cand	GCA_027577035.1_UCR_CothIMI214461_1.0|w2	tblastn	REF|4850_vkm-f-921_MAT_Minus|gene0|sexM	28.9	E=0.017	37
GCA_027577035.1_UCR_CothIMI214461_1.0|w3|t0	GCA_027577035.1_UCR_CothIMI214461_1.0	cand	GCA_027577035.1_UCR_CothIMI214461_1.0|w3	tblastn	REF|29922_cbs109-16_MAT_Minus|gene1|sexM	22.7	E=1.8	40
GCA_027577035.1_UCR_CothIMI214461_1.0|w3|t3	GCA_027577035.1_UCR_CothIMI214461_1.0	cand	GCA_027577035.1_UCR_CothIMI214461_1.0|w3	tblastn	REF|3231046_uomd23-19_MAT_Plus|gene1|sexP	48.9	E=1.5e-08	79
GCA_027577035.1_UCR_CothIMI214461_1.0|w5|t0	GCA_027577035.1_UCR_CothIMI214461_1.0	cand	GCA_027577035.1_UCR_CothIMI214461_1.0|w5	tblastn	REF|36080_nrrl-3631_MAT_Plus|gene1|sexP	28.5	E=0.055	62
GCA_027577035.1_UCR_CothIMI214461_1.0|w5|t1	GCA_027577035.1_UCR_CothIMI214461_1.0	cand	GCA_027577035.1_UCR_CothIMI214461_1.0|w5	tblastn	REF|101119_atcc11807_MAT_Plus|gene0|sexP	23.5	E=1.7	33
GCA_027577035.1_UCR_CothIMI214461_1.0|w5|t2	GCA_027577035.1_UCR_CothIMI214461_1.0	cand	GCA_027577035.1_UCR_CothIMI214461_1.0|w5	tblastn	REF|64495_cbs110-17_MAT_Minus|gene1|sexM	43.9	E=1.8	66
GCA_027577035.1_UCR_CothIMI214461_1.0|w5|t3	GCA_027577035.1_UCR_CothIMI214461_1.0	cand	GCA_027577035.1_UCR_CothIMI214461_1.0|w5	tblastn	REF|29922_cbs109-16_MAT_Minus|gene1|sexM	32.0	E=0.002	81
GCA_027577035.1_UCR_CothIMI214461_1.0|w5|t4	GCA_027577035.1_UCR_CothIMI214461_1.0	cand	GCA_027577035.1_UCR_CothIMI214461_1.0|w5	tblastn	REF|36080_nrrl-3631_MAT_Plus|gene1|sexP	21.2	E=9.6	62
GCA_027577035.1_UCR_CothIMI214461_1.0|w6|t0	GCA_027577035.1_UCR_CothIMI214461_1.0	cand	GCA_027577035.1_UCR_CothIMI214461_1.0|w6	tblastn	REF|4850_vkm-f-921_MAT_Minus|gene0|sexM	27.7	E=0.049	69
GCA_027577035.1_UCR_CothIMI214461_1.0|w6|t1	GCA_027577035.1_UCR_CothIMI214461_1.0	cand	GCA_027577035.1_UCR_CothIMI214461_1.0|w6	tblastn	REF|86630_cbs357-93_MAT_Minus|gene0|sexM	20.8	E=6.3	51
GCA_027577035.1_UCR_CothIMI214461_1.0|w6|t2	GCA_027577035.1_UCR_CothIMI214461_1.0	cand	GCA_027577035.1_UCR_CothIMI214461_1.0|w6	tblastn	REF|64495_cbs346-36_MAT_Plus|gene2|sexP	23.9	E=1.3	46
GCA_027577035.1_UCR_CothIMI214461_1.0|w6|t3	GCA_027577035.1_UCR_CothIMI214461_1.0	cand	GCA_027577035.1_UCR_CothIMI214461_1.0|w6	tblastn	REF|3231046_uomd23-19_MAT_Plus|gene1|sexP	22.3	E=4	38
GCA_027577035.1_UCR_CothIMI214461_1.0|w7|t0	GCA_027577035.1_UCR_CothIMI214461_1.0	cand	GCA_027577035.1_UCR_CothIMI214461_1.0|w7	tblastn	REF|64495_cbs110-17_MAT_Minus|gene1|sexM	24.6	E=0.37	67
GCA_027577035.1_UCR_CothIMI214461_1.0|w7|t1	GCA_027577035.1_UCR_CothIMI214461_1.0	cand	GCA_027577035.1_UCR_CothIMI214461_1.0|w7	tblastn	REF|64495_cbs110-17_MAT_Minus|gene1|sexM	48.5	E=0.04	73
GCA_027577035.1_UCR_CothIMI214461_1.0|w8|t0	GCA_027577035.1_UCR_CothIMI214461_1.0	cand	GCA_027577035.1_UCR_CothIMI214461_1.0|w8	tblastn	REF|36080_r7b_MAT_Minus|gene1|sexM	28.1	E=0.047	40
GCA_027577035.1_UCR_CothIMI214461_1.0|w8|t3	GCA_027577035.1_UCR_CothIMI214461_1.0	cand	GCA_027577035.1_UCR_CothIMI214461_1.0|w8	tblastn	REF|3231046_uomau377_MAT_Minus|gene1|sexM	23.1	E=1.7	40
GCA_027577035.1_UCR_CothIMI214461_1.0|w8|t4	GCA_027577035.1_UCR_CothIMI214461_1.0	cand	GCA_027577035.1_UCR_CothIMI214461_1.0|w8	tblastn	REF|64495_cbs110-17_MAT_Minus|gene1|sexM	37.4	E=4.7	38
GCA_027577035.1_UCR_CothIMI214461_1.0|w8|t6	GCA_027577035.1_UCR_CothIMI214461_1.0	cand	GCA_027577035.1_UCR_CothIMI214461_1.0|w8	tblastn	REF|3231046_uomau377_MAT_Minus|gene1|sexM	26.9	E=0.098	32
GCA_027577035.1_UCR_CothIMI214461_1.0|w9|t0	GCA_027577035.1_UCR_CothIMI214461_1.0	cand	GCA_027577035.1_UCR_CothIMI214461_1.0|w9	tblastn	REF|101119_atcc11807_MAT_Plus|gene0|sexP	25.0	E=0.43	34
GCA_027577035.1_UCR_CothIMI214461_1.0|w9|t1	GCA_027577035.1_UCR_CothIMI214461_1.0	cand	GCA_027577035.1_UCR_CothIMI214461_1.0|w9	tblastn	REF|36080_r7b_MAT_Minus|gene1|sexM	30.4	E=0.009	85
GCA_027577055.1_UCR_CothIMI214463_1.0|w0|t0	GCA_027577055.1_UCR_CothIMI214463_1.0	cand	GCA_027577055.1_UCR_CothIMI214463_1.0|w0	tblastn	REF|3231046_uomau377_MAT_Minus|gene1|sexM	21.2	E=4.2	33
GCA_027577055.1_UCR_CothIMI214463_1.0|w0|t1	GCA_027577055.1_UCR_CothIMI214463_1.0	cand	GCA_027577055.1_UCR_CothIMI214463_1.0|w0	tblastn	REF|64495_cbs346-36_MAT_Plus|gene2|sexP	46.2	E=8.9e-08	169
GCA_027577055.1_UCR_CothIMI214463_1.0|w1|t0	GCA_027577055.1_UCR_CothIMI214463_1.0	cand	GCA_027577055.1_UCR_CothIMI214463_1.0|w1	tblastn	REF|4850_vkm-f-921_MAT_Minus|gene0|sexM	61.6	E=1.9e-06	86
GCA_027577055.1_UCR_CothIMI214463_1.0|w2|t0	GCA_027577055.1_UCR_CothIMI214463_1.0	cand	GCA_027577055.1_UCR_CothIMI214463_1.0|w2	tblastn	REF|29922_cbs109-16_MAT_Minus|gene1|sexM	20.8	E=5	44
GCA_027577055.1_UCR_CothIMI214463_1.0|w2|t1	GCA_027577055.1_UCR_CothIMI214463_1.0	cand	GCA_027577055.1_UCR_CothIMI214463_1.0|w2	tblastn	REF|4850_vkm-f-921_MAT_Minus|gene0|sexM	28.9	E=0.014	37
GCA_027577055.1_UCR_CothIMI214463_1.0|w3|t0	GCA_027577055.1_UCR_CothIMI214463_1.0	cand	GCA_027577055.1_UCR_CothIMI214463_1.0|w3	tblastn	REF|3231046_uomd23-19_MAT_Plus|gene1|sexP	22.3	E=3.1	38
GCA_027577055.1_UCR_CothIMI214463_1.0|w3|t1	GCA_027577055.1_UCR_CothIMI214463_1.0	cand	GCA_027577055.1_UCR_CothIMI214463_1.0|w3	tblastn	REF|36080_nrrl-3631_MAT_Plus|gene1|sexP	20.8	E=9.1	33
GCA_027577055.1_UCR_CothIMI214463_1.0|w3|t3	GCA_027577055.1_UCR_CothIMI214463_1.0	cand	GCA_027577055.1_UCR_CothIMI214463_1.0|w3	tblastn	REF|64495_cbs346-36_MAT_Plus|gene2|sexP	23.1	E=1.6	46
GCA_027577055.1_UCR_CothIMI214463_1.0|w3|t4	GCA_027577055.1_UCR_CothIMI214463_1.0	cand	GCA_027577055.1_UCR_CothIMI214463_1.0|w3	tblastn	REF|86630_cbs357-93_MAT_Minus|gene0|sexM	20.8	E=4.8	51
GCA_027577055.1_UCR_CothIMI214463_1.0|w3|t5	GCA_027577055.1_UCR_CothIMI214463_1.0	cand	GCA_027577055.1_UCR_CothIMI214463_1.0|w3	tblastn	REF|4850_vkm-f-921_MAT_Minus|gene0|sexM	27.7	E=0.038	69
GCA_027577055.1_UCR_CothIMI214463_1.0|w3|t6	GCA_027577055.1_UCR_CothIMI214463_1.0	cand	GCA_027577055.1_UCR_CothIMI214463_1.0|w3	tblastn	REF|3108396_ai-2023a_MAT_Plus|gene2|sexP	45.8	E=1.1	95
GCA_027577055.1_UCR_CothIMI214463_1.0|w4|t0	GCA_027577055.1_UCR_CothIMI214463_1.0	cand	GCA_027577055.1_UCR_CothIMI214463_1.0|w4	tblastn	REF|64495_cbs110-17_MAT_Minus|gene1|sexM	48.5	E=0.03	85
GCA_027577055.1_UCR_CothIMI214463_1.0|w4|t1	GCA_027577055.1_UCR_CothIMI214463_1.0	cand	GCA_027577055.1_UCR_CothIMI214463_1.0|w4	tblastn	REF|64495_cbs110-17_MAT_Minus|gene1|sexM	24.6	E=0.28	67
GCA_027577055.1_UCR_CothIMI214463_1.0|w5|t0	GCA_027577055.1_UCR_CothIMI214463_1.0	cand	GCA_027577055.1_UCR_CothIMI214463_1.0|w5	tblastn	REF|3231046_uomd23-19_MAT_Plus|gene1|sexP	27.7	E=0.07	34
GCA_027577055.1_UCR_CothIMI214463_1.0|w5|t3	GCA_027577055.1_UCR_CothIMI214463_1.0	cand	GCA_027577055.1_UCR_CothIMI214463_1.0|w5	tblastn	REF|64495_cbs346-36_MAT_Plus|gene2|sexP	21.6	E=5.9	35
GCA_027577055.1_UCR_CothIMI214463_1.0|w5|t4	GCA_027577055.1_UCR_CothIMI214463_1.0	cand	GCA_027577055.1_UCR_CothIMI214463_1.0|w5	tblastn	REF|86630_cbs357-93_MAT_Minus|gene0|sexM	23.5	E=0.66	44
GCA_027577055.1_UCR_CothIMI214463_1.0|w6|t0	GCA_027577055.1_UCR_CothIMI214463_1.0	cand	GCA_027577055.1_UCR_CothIMI214463_1.0|w6	tblastn	REF|36080_r7b_MAT_Minus|gene1|sexM	30.4	E=0.007	85
GCA_027577055.1_UCR_CothIMI214463_1.0|w6|t1	GCA_027577055.1_UCR_CothIMI214463_1.0	cand	GCA_027577055.1_UCR_CothIMI214463_1.0|w6	tblastn	REF|101119_atcc11807_MAT_Plus|gene0|sexP	25.0	E=0.33	34
GCA_027577075.1_UCR_CoemS85_1.0|w0|t0	GCA_027577075.1_UCR_CoemS85_1.0	cand	GCA_027577075.1_UCR_CoemS85_1.0|w0	tblastn	REF|4850_vkm-f-921_MAT_Minus|gene0|sexM	61.6	E=2.2e-07	87
GCA_027577075.1_UCR_CoemS85_1.0|w1|t0	GCA_027577075.1_UCR_CoemS85_1.0	cand	GCA_027577075.1_UCR_CoemS85_1.0|w1	tblastn	REF|3231046_uomau377_MAT_Minus|gene1|sexM	38.5	E=1.4	48
GCA_027577075.1_UCR_CoemS85_1.0|w2|t0	GCA_027577075.1_UCR_CoemS85_1.0	cand	GCA_027577075.1_UCR_CoemS85_1.0|w2	tblastn	REF|64495_cbs346-36_MAT_Plus|gene2|sexP	46.9	E=0.061	64
GCA_027577095.1_UCR_CoemS610_1.0|w0|t0	GCA_027577095.1_UCR_CoemS610_1.0	cand	GCA_027577095.1_UCR_CoemS610_1.0|w0	tblastn	REF|4850_vkm-f-921_MAT_Minus|gene0|sexM	62.0	E=4.2e-07	87
GCA_027577095.1_UCR_CoemS610_1.0|w1|t0	GCA_027577095.1_UCR_CoemS610_1.0	cand	GCA_027577095.1_UCR_CoemS610_1.0|w1	tblastn	REF|3231046_uomau377_MAT_Minus|gene1|sexM	38.5	E=3	48
GCA_027577095.1_UCR_CoemS610_1.0|w2|t0	GCA_027577095.1_UCR_CoemS610_1.0	cand	GCA_027577095.1_UCR_CoemS610_1.0|w2	tblastn	REF|35722_atcc11077_MAT_Minus|gene0|sexM	47.3	E=0.008	115
GCA_027577095.1_UCR_CoemS610_1.0|w3|t0	GCA_027577095.1_UCR_CoemS610_1.0	cand	GCA_027577095.1_UCR_CoemS610_1.0|w3	tblastn	REF|4837_nrrl1555_MAT_Minus|gene1|sexM	23.5	E=0.22	51
GCA_027577095.1_UCR_CoemS610_1.0|w4|t0	GCA_027577095.1_UCR_CoemS610_1.0	cand	GCA_027577095.1_UCR_CoemS610_1.0|w4	tblastn	REF|3231046_uomau377_MAT_Minus|gene1|sexM	29.3	E=0.003	88
GCA_027577095.1_UCR_CoemS610_1.0|w5|t0	GCA_027577095.1_UCR_CoemS610_1.0	cand	GCA_027577095.1_UCR_CoemS610_1.0|w5	tblastn	REF|3231046_uomau377_MAT_Minus|gene1|sexM	69.7	E=0.004	106
GCA_027577135.1_UCR_CoemS3946_1.0|w0|t0	GCA_027577135.1_UCR_CoemS3946_1.0	cand	GCA_027577135.1_UCR_CoemS3946_1.0|w0	tblastn	REF|86630_cbs357-93_MAT_Minus|gene0|sexM	77.8	E=2e-19	93
GCA_027577135.1_UCR_CoemS3946_1.0|w0|t1	GCA_027577135.1_UCR_CoemS3946_1.0	cand	GCA_027577135.1_UCR_CoemS3946_1.0|w0	tblastn	REF|4837_ubc21_MAT_Plus|gene1|sexP	42.7	E=8.1e-07	73
GCA_027577135.1_UCR_CoemS3946_1.0|w1|t0	GCA_027577135.1_UCR_CoemS3946_1.0	cand	GCA_027577135.1_UCR_CoemS3946_1.0|w1	tblastn	REF|36080_nrrl-3631_MAT_Plus|gene1|sexP	59.3	E=8.4e-05	213
GCA_027577135.1_UCR_CoemS3946_1.0|w2|t0	GCA_027577135.1_UCR_CoemS3946_1.0	cand	GCA_027577135.1_UCR_CoemS3946_1.0|w2	tblastn	REF|3231046_uomau377_MAT_Minus|gene1|sexM	22.7	E=1	31
GCA_027577135.1_UCR_CoemS3946_1.0|w2|t1	GCA_027577135.1_UCR_CoemS3946_1.0	cand	GCA_027577135.1_UCR_CoemS3946_1.0|w2	tblastn	REF|64495_cbs110-17_MAT_Minus|gene1|sexM	38.9	E=4.9e-06	91
GCA_027577135.1_UCR_CoemS3946_1.0|w3|t0	GCA_027577135.1_UCR_CoemS3946_1.0	cand	GCA_027577135.1_UCR_CoemS3946_1.0|w3	tblastn	REF|64495_cbs346-36_MAT_Plus|gene2|sexP	39.3	E=1.1e-05	63
GCA_027577135.1_UCR_CoemS3946_1.0|w4|t0	GCA_027577135.1_UCR_CoemS3946_1.0	cand	GCA_027577135.1_UCR_CoemS3946_1.0|w4	tblastn	REF|64495_cbs110-17_MAT_Minus|gene1|sexM	48.5	E=0.008	84
GCA_027577135.1_UCR_CoemS3946_1.0|w5|t0	GCA_027577135.1_UCR_CoemS3946_1.0	cand	GCA_027577135.1_UCR_CoemS3946_1.0|w5	tblastn	REF|3231046_uomd23-19_MAT_Plus|gene1|sexP	35.8	E=0.00013	57
GCA_027577135.1_UCR_CoemS3946_1.0|w6|t1	GCA_027577135.1_UCR_CoemS3946_1.0	cand	GCA_027577135.1_UCR_CoemS3946_1.0|w6	tblastn	REF|64495_cbs346-36_MAT_Plus|gene2|sexP	37.4	E=4e-05	78
GCA_027577135.1_UCR_CoemS3946_1.0|w7|t0	GCA_027577135.1_UCR_CoemS3946_1.0	cand	GCA_027577135.1_UCR_CoemS3946_1.0|w7	tblastn	REF|29922_cbs109-16_MAT_Minus|gene1|sexM	26.9	E=0.044	85
GCA_027577135.1_UCR_CoemS3946_1.0|w8|t1	GCA_027577135.1_UCR_CoemS3946_1.0	cand	GCA_027577135.1_UCR_CoemS3946_1.0|w8	tblastn	REF|4837_nrrl1555_MAT_Minus|gene1|sexM	32.7	E=0.00062	70
GCA_027577135.1_UCR_CoemS3946_1.0|w9|t0	GCA_027577135.1_UCR_CoemS3946_1.0	cand	GCA_027577135.1_UCR_CoemS3946_1.0|w9	tblastn	REF|4837_nrrl1555_MAT_Minus|gene1|sexM	33.1	E=0.00051	52
GCA_027577135.1_UCR_CoemS3946_1.0|w10|t1	GCA_027577135.1_UCR_CoemS3946_1.0	cand	GCA_027577135.1_UCR_CoemS3946_1.0|w10	tblastn	REF|64495_cbs346-36_MAT_Plus|gene2|sexP	28.1	E=0.031	43
GCA_027577155.1_UCR_CoemS2_1.0|w0|t0	GCA_027577155.1_UCR_CoemS2_1.0	cand	GCA_027577155.1_UCR_CoemS2_1.0|w0	tblastn	REF|3231046_uomau377_MAT_Minus|gene1|sexM	22.7	E=0.73	31
GCA_027577155.1_UCR_CoemS2_1.0|w0|t1	GCA_027577155.1_UCR_CoemS2_1.0	cand	GCA_027577155.1_UCR_CoemS2_1.0|w0	tblastn	REF|64495_cbs110-17_MAT_Minus|gene1|sexM	38.5	E=3.5e-06	91
GCA_027577155.1_UCR_CoemS2_1.0|w1|t0	GCA_027577155.1_UCR_CoemS2_1.0	cand	GCA_027577155.1_UCR_CoemS2_1.0|w1	tblastn	REF|101119_atcc11807_MAT_Plus|gene0|sexP	23.1	E=0.74	71
GCA_027577155.1_UCR_CoemS2_1.0|w1|t1	GCA_027577155.1_UCR_CoemS2_1.0	cand	GCA_027577155.1_UCR_CoemS2_1.0|w1	tblastn	REF|3108396_ai-2023a_MAT_Plus|gene2|sexP	31.2	E=0.002	50
GCA_027577155.1_UCR_CoemS2_1.0|w2|t0	GCA_027577155.1_UCR_CoemS2_1.0	cand	GCA_027577155.1_UCR_CoemS2_1.0|w2	tblastn	REF|86630_cbs357-93_MAT_Minus|gene0|sexM	47.7	E=0.14	41
GCA_027577155.1_UCR_CoemS2_1.0|w3|t0	GCA_027577155.1_UCR_CoemS2_1.0	cand	GCA_027577155.1_UCR_CoemS2_1.0|w3	tblastn	REF|3231046_uomd23-19_MAT_Plus|gene1|sexP	58.9	E=3.9e-05	88
GCA_027577155.1_UCR_CoemS2_1.0|w4|t0	GCA_027577155.1_UCR_CoemS2_1.0	cand	GCA_027577155.1_UCR_CoemS2_1.0|w4	tblastn	REF|64495_cbs346-36_MAT_Plus|gene2|sexP	37.7	E=2.4e-05	78
GCA_027577155.1_UCR_CoemS2_1.0|w5|t0	GCA_027577155.1_UCR_CoemS2_1.0	cand	GCA_027577155.1_UCR_CoemS2_1.0|w5	tblastn	REF|64495_cbs346-36_MAT_Plus|gene2|sexP	34.7	E=0.00022	63
GCA_027577155.1_UCR_CoemS2_1.0|w6|t0	GCA_027577155.1_UCR_CoemS2_1.0	cand	GCA_027577155.1_UCR_CoemS2_1.0|w6	tblastn	REF|29922_cbs109-16_MAT_Minus|gene1|sexM	29.3	E=0.005	51
GCA_027577155.1_UCR_CoemS2_1.0|w7|t0	GCA_027577155.1_UCR_CoemS2_1.0	cand	GCA_027577155.1_UCR_CoemS2_1.0|w7	tblastn	REF|29922_cbs109-16_MAT_Minus|gene1|sexM	27.7	E=0.015	90
GCA_027577155.1_UCR_CoemS2_1.0|w8|t0	GCA_027577155.1_UCR_CoemS2_1.0	cand	GCA_027577155.1_UCR_CoemS2_1.0|w8	tblastn	REF|4837_ubc21_MAT_Plus|gene1|sexP	31.6	E=0.002	97
GCA_027577175.1_UCR_CoemS146_1.0|c0|t0	GCA_027577175.1_UCR_CoemS146_1.0	cand	GCA_027577175.1_UCR_CoemS146_1.0|c0	tblastn	REF|3231046_uomau377_MAT_Minus|gene1|sexM	21.9	E=1.3	31
GCA_027577175.1_UCR_CoemS146_1.0|c0|t1	GCA_027577175.1_UCR_CoemS146_1.0	cand	GCA_027577175.1_UCR_CoemS146_1.0|c0	tblastn	REF|101119_atcc11807_MAT_Plus|gene0|sexP	35.1	E=6.6	48
GCA_027577175.1_UCR_CoemS146_1.0|c0|t2	GCA_027577175.1_UCR_CoemS146_1.0	cand	GCA_027577175.1_UCR_CoemS146_1.0|c0	tblastn	REF|3231046_uomau377_MAT_Minus|gene1|sexM	59.6	E=3.9	53
GCA_027577175.1_UCR_CoemS146_1.0|c0|t3	GCA_027577175.1_UCR_CoemS146_1.0	cand	GCA_027577175.1_UCR_CoemS146_1.0|c0	tblastn	REF|3231046_uomau377_MAT_Minus|gene1|sexM	45.8	E=0.19	73
GCA_027577175.1_UCR_CoemS146_1.0|c0|t4	GCA_027577175.1_UCR_CoemS146_1.0	cand	GCA_027577175.1_UCR_CoemS146_1.0|c0	tblastn	REF|3231046_uomau377_MAT_Minus|gene1|sexM	44.3	E=0.78	91
GCA_027577175.1_UCR_CoemS146_1.0|c0|t5	GCA_027577175.1_UCR_CoemS146_1.0	cand	GCA_027577175.1_UCR_CoemS146_1.0|c0	tblastn	REF|64495_cbs110-17_MAT_Minus|gene1|sexM	40.8	E=1.1	68
GCA_027577195.1_UCR_CoemS16_1.0|w0|t0	GCA_027577195.1_UCR_CoemS16_1.0	cand	GCA_027577195.1_UCR_CoemS16_1.0|w0	tblastn	REF|3231046_uomau377_MAT_Minus|gene1|sexM	87.4	E=0.013	136
GCA_027577195.1_UCR_CoemS16_1.0|w0|t1	GCA_027577195.1_UCR_CoemS16_1.0	cand	GCA_027577195.1_UCR_CoemS16_1.0|w0	tblastn	REF|4837_ubc21_MAT_Plus|gene1|sexP	41.6	E=2.4	58
GCA_027577195.1_UCR_CoemS16_1.0|w0|t3	GCA_027577195.1_UCR_CoemS16_1.0	cand	GCA_027577195.1_UCR_CoemS16_1.0|w0	tblastn	REF|36080_nrrl-3631_MAT_Plus|gene1|sexP	66.9	E=0.024	160
GCA_027577215.1_UCR_CoemS155-1_1.0|w0|t0	GCA_027577215.1_UCR_CoemS155-1_1.0	cand	GCA_027577215.1_UCR_CoemS155-1_1.0|w0	tblastn	REF|36080_r7b_MAT_Minus|gene1|sexM	58.9	E=5.1e-05	162
GCA_027577215.1_UCR_CoemS155-1_1.0|w1|t0	GCA_027577215.1_UCR_CoemS155-1_1.0	cand	GCA_027577215.1_UCR_CoemS155-1_1.0|w1	tblastn	REF|4837_ubc21_MAT_Plus|gene1|sexP	55.4	E=9.2e-05	85
GCA_027577215.1_UCR_CoemS155-1_1.0|w2|t0	GCA_027577215.1_UCR_CoemS155-1_1.0	cand	GCA_027577215.1_UCR_CoemS155-1_1.0|w2	tblastn	REF|64495_cbs110-17_MAT_Minus|gene1|sexM	38.9	E=3.5e-06	91
GCA_027577215.1_UCR_CoemS155-1_1.0|w2|t1	GCA_027577215.1_UCR_CoemS155-1_1.0	cand	GCA_027577215.1_UCR_CoemS155-1_1.0|w2	tblastn	REF|3231046_uomau377_MAT_Minus|gene1|sexM	23.5	E=0.49	31
GCA_027577215.1_UCR_CoemS155-1_1.0|w3|t0	GCA_027577215.1_UCR_CoemS155-1_1.0	cand	GCA_027577215.1_UCR_CoemS155-1_1.0|w3	tblastn	REF|101119_atcc11807_MAT_Plus|gene0|sexP	23.1	E=0.76	71
GCA_027577215.1_UCR_CoemS155-1_1.0|w3|t1	GCA_027577215.1_UCR_CoemS155-1_1.0	cand	GCA_027577215.1_UCR_CoemS155-1_1.0|w3	tblastn	REF|3231046_uomau377_MAT_Minus|gene1|sexM	28.1	E=0.016	57
GCA_027577215.1_UCR_CoemS155-1_1.0|w4|t0	GCA_027577215.1_UCR_CoemS155-1_1.0	cand	GCA_027577215.1_UCR_CoemS155-1_1.0|w4	tblastn	REF|64495_cbs346-36_MAT_Plus|gene2|sexP	38.9	E=8.9e-06	63
GCA_027577215.1_UCR_CoemS155-1_1.0|w5|t0	GCA_027577215.1_UCR_CoemS155-1_1.0	cand	GCA_027577215.1_UCR_CoemS155-1_1.0|w5	tblastn	REF|29922_cbs109-16_MAT_Minus|gene1|sexM	29.3	E=0.005	51
GCA_027577215.1_UCR_CoemS155-1_1.0|w6|t0	GCA_027577215.1_UCR_CoemS155-1_1.0	cand	GCA_027577215.1_UCR_CoemS155-1_1.0|w6	tblastn	REF|29922_cbs109-16_MAT_Minus|gene1|sexM	28.1	E=0.013	90
GCA_027577215.1_UCR_CoemS155-1_1.0|w6|t1	GCA_027577215.1_UCR_CoemS155-1_1.0	cand	GCA_027577215.1_UCR_CoemS155-1_1.0|w6	tblastn	REF|36080_r7b_MAT_Minus|gene1|sexM	20.0	E=5.5	37
GCA_027577215.1_UCR_CoemS155-1_1.0|w7|t0	GCA_027577215.1_UCR_CoemS155-1_1.0	cand	GCA_027577215.1_UCR_CoemS155-1_1.0|w7	tblastn	REF|4837_nrrl1555_MAT_Minus|gene1|sexM	32.7	E=0.00038	52
GCA_027577235.1_UCR_CoemS142-1_1.0|w0|t0	GCA_027577235.1_UCR_CoemS142-1_1.0	cand	GCA_027577235.1_UCR_CoemS142-1_1.0|w0	tblastn	REF|101119_atcc11807_MAT_Plus|gene0|sexP	70.5	E=4.2e-05	87
GCA_027577235.1_UCR_CoemS142-1_1.0|w1|t0	GCA_027577235.1_UCR_CoemS142-1_1.0	cand	GCA_027577235.1_UCR_CoemS142-1_1.0|w1	tblastn	REF|3231046_uomd23-19_MAT_Plus|gene1|sexP	75.4	E=4.7e-06	142
GCA_027577255.1_UCR_CoemS100_1.0|w0|t0	GCA_027577255.1_UCR_CoemS100_1.0	cand	GCA_027577255.1_UCR_CoemS100_1.0|w0	tblastn	REF|4850_vkm-f-921_MAT_Minus|gene0|sexM	61.2	E=1.5e-07	86
GCA_027577255.1_UCR_CoemS100_1.0|w1|t0	GCA_027577255.1_UCR_CoemS100_1.0	cand	GCA_027577255.1_UCR_CoemS100_1.0|w1	tblastn	REF|4837_nrrl1555_MAT_Minus|gene1|sexM	59.7	E=6.7e-07	70
GCA_027577255.1_UCR_CoemS100_1.0|w2|t0	GCA_027577255.1_UCR_CoemS100_1.0	cand	GCA_027577255.1_UCR_CoemS100_1.0|w2	tblastn	REF|64495_cbs346-36_MAT_Plus|gene2|sexP	46.6	E=2.7e-08	78
GCA_027577255.1_UCR_CoemS100_1.0|w3|t0	GCA_027577255.1_UCR_CoemS100_1.0	cand	GCA_027577255.1_UCR_CoemS100_1.0|w3	tblastn	REF|3231046_uomd23-19_MAT_Plus|gene1|sexP	57.0	E=3.3e-05	71
GCA_027577255.1_UCR_CoemS100_1.0|w4|t0	GCA_027577255.1_UCR_CoemS100_1.0	cand	GCA_027577255.1_UCR_CoemS100_1.0|w4	tblastn	REF|29922_cbs109-16_MAT_Minus|gene1|sexM	27.3	E=0.016	90
GCA_027577255.1_UCR_CoemS100_1.0|w5|t0	GCA_027577255.1_UCR_CoemS100_1.0	cand	GCA_027577255.1_UCR_CoemS100_1.0|w5	tblastn	REF|3231046_uomd23-19_MAT_Plus|gene1|sexP	37.7	E=2e-05	103
GCA_027577255.1_UCR_CoemS100_1.0|w6|t0	GCA_027577255.1_UCR_CoemS100_1.0	cand	GCA_027577255.1_UCR_CoemS100_1.0|w6	tblastn	REF|3108396_ai-2023a_MAT_Plus|gene2|sexP	65.8	E=0.098	107
GCA_027577275.1_UCR_CoemRSA988_1.0|w0|m0	GCA_027577275.1_UCR_CoemRSA988_1.0	cand	GCA_027577275.1_UCR_CoemRSA988_1.0|w0	miniprot	REF|101119_atcc11807_MAT_Plus|gene0|sexP	84	0.275	79
GCA_027577275.1_UCR_CoemRSA988_1.0|w1|t0	GCA_027577275.1_UCR_CoemRSA988_1.0	cand	GCA_027577275.1_UCR_CoemRSA988_1.0|w1	tblastn	REF|64495_cbs110-17_MAT_Minus|gene1|sexM	42.0	E=4.6	33
GCA_027577275.1_UCR_CoemRSA988_1.0|w1|t1	GCA_027577275.1_UCR_CoemRSA988_1.0	cand	GCA_027577275.1_UCR_CoemRSA988_1.0|w1	tblastn	REF|36080_r7b_MAT_Minus|gene1|sexM	24.6	E=0.57	34
GCA_027577275.1_UCR_CoemRSA988_1.0|w1|t2	GCA_027577275.1_UCR_CoemRSA988_1.0	cand	GCA_027577275.1_UCR_CoemRSA988_1.0|w1	tblastn	REF|3231046_uomd23-19_MAT_Plus|gene1|sexP	51.2	E=4.1e-09	74
GCA_027577275.1_UCR_CoemRSA988_1.0|w2|t0	GCA_027577275.1_UCR_CoemRSA988_1.0	cand	GCA_027577275.1_UCR_CoemRSA988_1.0|w2	tblastn	REF|3231046_uomau377_MAT_Minus|gene1|sexM	26.9	E=0.12	65
GCA_027577275.1_UCR_CoemRSA988_1.0|w3|t0	GCA_027577275.1_UCR_CoemRSA988_1.0	cand	GCA_027577275.1_UCR_CoemRSA988_1.0|w3	tblastn	REF|86630_cbs357-93_MAT_Minus|gene0|sexM	20.8	E=7.6	59
GCA_027577275.1_UCR_CoemRSA988_1.0|w3|t1	GCA_027577275.1_UCR_CoemRSA988_1.0	cand	GCA_027577275.1_UCR_CoemRSA988_1.0|w3	tblastn	REF|101119_atcc11807_MAT_Plus|gene0|sexP	27.7	E=0.088	30
GCA_027577275.1_UCR_CoemRSA988_1.0|w3|t3	GCA_027577275.1_UCR_CoemRSA988_1.0	cand	GCA_027577275.1_UCR_CoemRSA988_1.0|w3	tblastn	REF|3231046_uomau377_MAT_Minus|gene1|sexM	22.7	E=2.5	49
GCA_027577275.1_UCR_CoemRSA988_1.0|w3|t4	GCA_027577275.1_UCR_CoemRSA988_1.0	cand	GCA_027577275.1_UCR_CoemRSA988_1.0|w3	tblastn	REF|36080_r7b_MAT_Minus|gene1|sexM	21.9	E=5	30
GCA_027577275.1_UCR_CoemRSA988_1.0|w3|t5	GCA_027577275.1_UCR_CoemRSA988_1.0	cand	GCA_027577275.1_UCR_CoemRSA988_1.0|w3	tblastn	REF|4837_nrrl1555_MAT_Minus|gene1|sexM	20.4	E=9.6	53
GCA_027577275.1_UCR_CoemRSA988_1.0|w4|t0	GCA_027577275.1_UCR_CoemRSA988_1.0	cand	GCA_027577275.1_UCR_CoemRSA988_1.0|w4	tblastn	REF|36080_nrrl-3631_MAT_Plus|gene1|sexP	51.2	E=0.028	85
GCA_027577275.1_UCR_CoemRSA988_1.0|w5|t0	GCA_027577275.1_UCR_CoemRSA988_1.0	cand	GCA_027577275.1_UCR_CoemRSA988_1.0|w5	tblastn	REF|4837_nrrl1555_MAT_Minus|gene1|sexM	43.9	E=1.7	79
GCA_027577275.1_UCR_CoemRSA988_1.0|w6|t0	GCA_027577275.1_UCR_CoemRSA988_1.0	cand	GCA_027577275.1_UCR_CoemRSA988_1.0|w6	tblastn	REF|4837_nrrl1555_MAT_Minus|gene1|sexM	27.3	E=0.069	31
GCA_027577275.1_UCR_CoemRSA988_1.0|w6|t2	GCA_027577275.1_UCR_CoemRSA988_1.0	cand	GCA_027577275.1_UCR_CoemRSA988_1.0|w6	tblastn	REF|36080_r7b_MAT_Minus|gene1|sexM	25.0	E=0.53	87
GCA_027577275.1_UCR_CoemRSA988_1.0|w6|t3	GCA_027577275.1_UCR_CoemRSA988_1.0	cand	GCA_027577275.1_UCR_CoemRSA988_1.0|w6	tblastn	REF|4837_nrrl1555_MAT_Minus|gene1|sexM	23.1	E=1.5	37
GCA_027577275.1_UCR_CoemRSA988_1.0|w6|t6	GCA_027577275.1_UCR_CoemRSA988_1.0	cand	GCA_027577275.1_UCR_CoemRSA988_1.0|w6	tblastn	REF|3108396_ai-2023a_MAT_Plus|gene2|sexP	26.2	E=0.28	82
GCA_027577275.1_UCR_CoemRSA988_1.0|w6|t7	GCA_027577275.1_UCR_CoemRSA988_1.0	cand	GCA_027577275.1_UCR_CoemRSA988_1.0|w6	tblastn	REF|4837_ubc21_MAT_Plus|gene1|sexP	25.0	E=0.67	43
GCA_027577275.1_UCR_CoemRSA988_1.0|w6|t9	GCA_027577275.1_UCR_CoemRSA988_1.0	cand	GCA_027577275.1_UCR_CoemRSA988_1.0|w6	tblastn	REF|4837_nrrl1555_MAT_Minus|gene1|sexM	23.1	E=1.7	58
GCA_027577275.1_UCR_CoemRSA988_1.0|w6|t10	GCA_027577275.1_UCR_CoemRSA988_1.0	cand	GCA_027577275.1_UCR_CoemRSA988_1.0|w6	tblastn	REF|35722_atcc11077_MAT_Minus|gene0|sexM	26.9	E=0.079	63
GCA_027577275.1_UCR_CoemRSA988_1.0|w6|t11	GCA_027577275.1_UCR_CoemRSA988_1.0	cand	GCA_027577275.1_UCR_CoemRSA988_1.0|w6	tblastn	REF|36080_r7b_MAT_Minus|gene1|sexM	22.3	E=3.1	48
GCA_027577275.1_UCR_CoemRSA988_1.0|w6|t12	GCA_027577275.1_UCR_CoemRSA988_1.0	cand	GCA_027577275.1_UCR_CoemRSA988_1.0|w6	tblastn	REF|101119_atcc11807_MAT_Minus|gene0|sexM	43.9	E=1.6	48
GCA_027577275.1_UCR_CoemRSA988_1.0|w7|t0	GCA_027577275.1_UCR_CoemRSA988_1.0	cand	GCA_027577275.1_UCR_CoemRSA988_1.0|w7	tblastn	REF|4837_nrrl1555_MAT_Minus|gene1|sexM	42.4	E=5.2	109
GCA_027577275.1_UCR_CoemRSA988_1.0|w7|t1	GCA_027577275.1_UCR_CoemRSA988_1.0	cand	GCA_027577275.1_UCR_CoemRSA988_1.0|w7	tblastn	REF|3231046_uomd23-19_MAT_Plus|gene1|sexP	22.7	E=3.6	31
GCA_027577275.1_UCR_CoemRSA988_1.0|w8|t0	GCA_027577275.1_UCR_CoemRSA988_1.0	cand	GCA_027577275.1_UCR_CoemRSA988_1.0|w8	tblastn	REF|64495_cbs346-36_MAT_Plus|gene2|sexP	21.6	E=6.9	33
GCA_027577275.1_UCR_CoemRSA988_1.0|w8|t1	GCA_027577275.1_UCR_CoemRSA988_1.0	cand	GCA_027577275.1_UCR_CoemRSA988_1.0|w8	tblastn	REF|4837_ubc21_MAT_Plus|gene1|sexP	26.9	E=0.15	32
GCA_027577295.1_UCR_CoemRSA986_1.0|w0|t0	GCA_027577295.1_UCR_CoemRSA986_1.0	cand	GCA_027577295.1_UCR_CoemRSA986_1.0|w0	tblastn	REF|64495_cbs346-36_MAT_Plus|gene2|sexP	25.8	E=0.61	33
GCA_027577295.1_UCR_CoemRSA986_1.0|w0|t1	GCA_027577295.1_UCR_CoemRSA986_1.0	cand	GCA_027577295.1_UCR_CoemRSA986_1.0|w0	tblastn	REF|64495_cbs346-36_MAT_Plus|gene2|sexP	22.7	E=6.8	38
GCA_027577295.1_UCR_CoemRSA986_1.0|w0|t2	GCA_027577295.1_UCR_CoemRSA986_1.0	cand	GCA_027577295.1_UCR_CoemRSA986_1.0|w0	tblastn	REF|29922_cbs109-16_MAT_Minus|gene1|sexM	21.6	E=9.1	60
GCA_027577295.1_UCR_CoemRSA986_1.0|w0|t3	GCA_027577295.1_UCR_CoemRSA986_1.0	cand	GCA_027577295.1_UCR_CoemRSA986_1.0|w0	tblastn	REF|36080_nrrl-3631_MAT_Plus|gene1|sexP	30.0	E=0.033	45
GCA_027577295.1_UCR_CoemRSA986_1.0|w0|t5	GCA_027577295.1_UCR_CoemRSA986_1.0	cand	GCA_027577295.1_UCR_CoemRSA986_1.0|w0	tblastn	REF|35722_atcc11077_MAT_Minus|gene0|sexM	26.2	E=0.24	57
GCA_027577295.1_UCR_CoemRSA986_1.0|w0|t8	GCA_027577295.1_UCR_CoemRSA986_1.0	cand	GCA_027577295.1_UCR_CoemRSA986_1.0|w0	tblastn	REF|36080_nrrl-3631_MAT_Plus|gene1|sexP	24.6	E=1.7	35
GCA_027577295.1_UCR_CoemRSA986_1.0|w0|t9	GCA_027577295.1_UCR_CoemRSA986_1.0	cand	GCA_027577295.1_UCR_CoemRSA986_1.0|w0	tblastn	REF|4837_nrrl1555_MAT_Minus|gene1|sexM	21.2	E=9.9	45
GCA_027577295.1_UCR_CoemRSA986_1.0|w0|t10	GCA_027577295.1_UCR_CoemRSA986_1.0	cand	GCA_027577295.1_UCR_CoemRSA986_1.0|w0	tblastn	REF|101119_atcc11807_MAT_Minus|gene0|sexM	27.3	E=0.11	101
GCA_027577295.1_UCR_CoemRSA986_1.0|w1|t0	GCA_027577295.1_UCR_CoemRSA986_1.0	cand	GCA_027577295.1_UCR_CoemRSA986_1.0|w1	tblastn	REF|3231046_uomd23-19_MAT_Plus|gene1|sexP	25.0	E=1.3	56
GCA_027577295.1_UCR_CoemRSA986_1.0|w1|t2	GCA_027577295.1_UCR_CoemRSA986_1.0	cand	GCA_027577295.1_UCR_CoemRSA986_1.0|w1	tblastn	REF|3231046_uomd23-19_MAT_Plus|gene1|sexP	33.9	E=0.002	57
GCA_027577295.1_UCR_CoemRSA986_1.0|w2|t0	GCA_027577295.1_UCR_CoemRSA986_1.0	cand	GCA_027577295.1_UCR_CoemRSA986_1.0|w2	tblastn	REF|3231046_uomau377_MAT_Minus|gene1|sexM	26.9	E=0.19	68
GCA_027577295.1_UCR_CoemRSA986_1.0|w2|t2	GCA_027577295.1_UCR_CoemRSA986_1.0	cand	GCA_027577295.1_UCR_CoemRSA986_1.0|w2	tblastn	REF|3231046_uomd23-19_MAT_Plus|gene1|sexP	41.6	E=9e-06	81
GCA_027577295.1_UCR_CoemRSA986_1.0|w2|t3	GCA_027577295.1_UCR_CoemRSA986_1.0	cand	GCA_027577295.1_UCR_CoemRSA986_1.0|w2	tblastn	REF|3231046_uomau377_MAT_Minus|gene1|sexM	22.3	E=6.5	50
GCA_027577295.1_UCR_CoemRSA986_1.0|w2|t6	GCA_027577295.1_UCR_CoemRSA986_1.0	cand	GCA_027577295.1_UCR_CoemRSA986_1.0|w2	tblastn	REF|4837_nrrl1555_MAT_Minus|gene1|sexM	29.6	E=0.027	108
GCA_027577295.1_UCR_CoemRSA986_1.0|w3|t0	GCA_027577295.1_UCR_CoemRSA986_1.0	cand	GCA_027577295.1_UCR_CoemRSA986_1.0|w3	tblastn	REF|4837_nrrl1555_MAT_Minus|gene1|sexM	30.0	E=0.017	68
GCA_027577295.1_UCR_CoemRSA986_1.0|w3|t1	GCA_027577295.1_UCR_CoemRSA986_1.0	cand	GCA_027577295.1_UCR_CoemRSA986_1.0|w3	tblastn	REF|36080_r7b_MAT_Minus|gene1|sexM	23.9	E=2.3	30
GCA_027577295.1_UCR_CoemRSA986_1.0|w4|t0	GCA_027577295.1_UCR_CoemRSA986_1.0	cand	GCA_027577295.1_UCR_CoemRSA986_1.0|w4	tblastn	REF|29922_cbs109-16_MAT_Minus|gene1|sexM	26.6	E=0.23	36
GCA_027577295.1_UCR_CoemRSA986_1.0|w4|t1	GCA_027577295.1_UCR_CoemRSA986_1.0	cand	GCA_027577295.1_UCR_CoemRSA986_1.0|w4	tblastn	REF|3108396_ai-2023a_MAT_Plus|gene2|sexP	47.3	E=1.1	56
GCA_027577295.1_UCR_CoemRSA986_1.0|w4|t3	GCA_027577295.1_UCR_CoemRSA986_1.0	cand	GCA_027577295.1_UCR_CoemRSA986_1.0|w4	tblastn	REF|36080_nrrl-3631_MAT_Plus|gene1|sexP	26.2	E=0.6	42
GCA_027577295.1_UCR_CoemRSA986_1.0|w4|t5	GCA_027577295.1_UCR_CoemRSA986_1.0	cand	GCA_027577295.1_UCR_CoemRSA986_1.0|w4	tblastn	REF|4850_vkm-f-921_MAT_Minus|gene0|sexM	28.9	E=0.045	51
GCA_027577295.1_UCR_CoemRSA986_1.0|w4|t6	GCA_027577295.1_UCR_CoemRSA986_1.0	cand	GCA_027577295.1_UCR_CoemRSA986_1.0|w4	tblastn	REF|4850_vkm-f-921_MAT_Minus|gene0|sexM	23.9	E=1.5	40
GCA_027577295.1_UCR_CoemRSA986_1.0|w5|t0	GCA_027577295.1_UCR_CoemRSA986_1.0	cand	GCA_027577295.1_UCR_CoemRSA986_1.0|w5	tblastn	REF|4837_nrrl1555_MAT_Minus|gene1|sexM	28.5	E=0.055	45
GCA_027577295.1_UCR_CoemRSA986_1.0|w5|t1	GCA_027577295.1_UCR_CoemRSA986_1.0	cand	GCA_027577295.1_UCR_CoemRSA986_1.0|w5	tblastn	REF|35722_atcc11077_MAT_Minus|gene0|sexM	21.2	E=9.2	67
GCA_027577295.1_UCR_CoemRSA986_1.0|w5|t2	GCA_027577295.1_UCR_CoemRSA986_1.0	cand	GCA_027577295.1_UCR_CoemRSA986_1.0|w5	tblastn	REF|4837_nrrl1555_MAT_Minus|gene1|sexM	21.9	E=7.3	62
GCA_027577295.1_UCR_CoemRSA986_1.0|w5|t6	GCA_027577295.1_UCR_CoemRSA986_1.0	cand	GCA_027577295.1_UCR_CoemRSA986_1.0|w5	tblastn	REF|3108396_ai-2023a_MAT_Plus|gene2|sexP	31.2	E=0.016	111
GCA_027577295.1_UCR_CoemRSA986_1.0|w5|t7	GCA_027577295.1_UCR_CoemRSA986_1.0	cand	GCA_027577295.1_UCR_CoemRSA986_1.0|w5	tblastn	REF|4837_ubc21_MAT_Plus|gene1|sexP	26.2	E=0.5	37
GCA_027577295.1_UCR_CoemRSA986_1.0|w5|t8	GCA_027577295.1_UCR_CoemRSA986_1.0	cand	GCA_027577295.1_UCR_CoemRSA986_1.0|w5	tblastn	REF|64495_cbs110-17_MAT_Minus|gene1|sexM	26.2	E=0.22	56
GCA_027577295.1_UCR_CoemRSA986_1.0|w5|t11	GCA_027577295.1_UCR_CoemRSA986_1.0	cand	GCA_027577295.1_UCR_CoemRSA986_1.0|w5	tblastn	REF|64495_cbs110-17_MAT_Minus|gene1|sexM	26.2	E=0.25	40
GCA_027577315.1_UCR_CoemRSA921_1.0|w0|t0	GCA_027577315.1_UCR_CoemRSA921_1.0	cand	GCA_027577315.1_UCR_CoemRSA921_1.0|w0	tblastn	REF|101119_atcc11807_MAT_Plus|gene0|sexP	28.1	E=0.051	63
GCA_027577315.1_UCR_CoemRSA921_1.0|w0|t1	GCA_027577315.1_UCR_CoemRSA921_1.0	cand	GCA_027577315.1_UCR_CoemRSA921_1.0|w0	tblastn	REF|36080_r7b_MAT_Minus|gene1|sexM	24.6	E=0.48	35
GCA_027577315.1_UCR_CoemRSA921_1.0|w0|t2	GCA_027577315.1_UCR_CoemRSA921_1.0	cand	GCA_027577315.1_UCR_CoemRSA921_1.0|w0	tblastn	REF|101119_atcc11807_MAT_Plus|gene0|sexP	59.3	E=6.7e-05	103
GCA_027577315.1_UCR_CoemRSA921_1.0|w0|t3	GCA_027577315.1_UCR_CoemRSA921_1.0	cand	GCA_027577315.1_UCR_CoemRSA921_1.0|w0	tblastn	REF|3231046_uomd23-19_MAT_Plus|gene1|sexP	23.1	E=1.6	35
GCA_027577315.1_UCR_CoemRSA921_1.0|w0|t4	GCA_027577315.1_UCR_CoemRSA921_1.0	cand	GCA_027577315.1_UCR_CoemRSA921_1.0|w0	tblastn	REF|35722_atcc11077_MAT_Minus|gene0|sexM	20.8	E=5.7	33
GCA_027577315.1_UCR_CoemRSA921_1.0|w0|t6	GCA_027577315.1_UCR_CoemRSA921_1.0	cand	GCA_027577315.1_UCR_CoemRSA921_1.0|w0	tblastn	REF|4850_vkm-f-921_MAT_Minus|gene0|sexM	21.9	E=2.5	52
GCA_027577315.1_UCR_CoemRSA921_1.0|w0|t8	GCA_027577315.1_UCR_CoemRSA921_1.0	cand	GCA_027577315.1_UCR_CoemRSA921_1.0|w0	tblastn	REF|36080_r7b_MAT_Minus|gene1|sexM	60.5	E=1.3e-05	147
GCA_027577315.1_UCR_CoemRSA921_1.0|w1|t2	GCA_027577315.1_UCR_CoemRSA921_1.0	cand	GCA_027577315.1_UCR_CoemRSA921_1.0|w1	tblastn	REF|86630_cbs357-93_MAT_Minus|gene0|sexM	20.8	E=5.3	36
GCA_027577315.1_UCR_CoemRSA921_1.0|w1|t3	GCA_027577315.1_UCR_CoemRSA921_1.0	cand	GCA_027577315.1_UCR_CoemRSA921_1.0|w1	tblastn	REF|3231046_uomau377_MAT_Minus|gene1|sexM	42.7	E=2.4	34
GCA_027577315.1_UCR_CoemRSA921_1.0|w1|t4	GCA_027577315.1_UCR_CoemRSA921_1.0	cand	GCA_027577315.1_UCR_CoemRSA921_1.0|w1	tblastn	REF|29922_cbs109-16_MAT_Minus|gene1|sexM	31.6	E=0.002	138
GCA_027577315.1_UCR_CoemRSA921_1.0|w1|t7	GCA_027577315.1_UCR_CoemRSA921_1.0	cand	GCA_027577315.1_UCR_CoemRSA921_1.0|w1	tblastn	REF|4850_vkm-f-921_MAT_Minus|gene0|sexM	43.2	E=3.5	43
GCA_027577315.1_UCR_CoemRSA921_1.0|w1|t8	GCA_027577315.1_UCR_CoemRSA921_1.0	cand	GCA_027577315.1_UCR_CoemRSA921_1.0|w1	tblastn	REF|4837_nrrl1555_MAT_Minus|gene1|sexM	20.8	E=6	40
GCA_027577335.1_UCR_CoemRSA564_1.0|w0|t0	GCA_027577335.1_UCR_CoemRSA564_1.0	cand	GCA_027577335.1_UCR_CoemRSA564_1.0|w0	tblastn	REF|3108396_ai-2023a_MAT_Plus|gene2|sexP	113.2	E=1.3e-07	164
GCA_027577335.1_UCR_CoemRSA564_1.0|w1|t0	GCA_027577335.1_UCR_CoemRSA564_1.0	cand	GCA_027577335.1_UCR_CoemRSA564_1.0|w1	tblastn	REF|64495_cbs110-17_MAT_Minus|gene1|sexM	45.0	E=0.32	76
GCA_027577335.1_UCR_CoemRSA564_1.0|w1|t2	GCA_027577335.1_UCR_CoemRSA564_1.0	cand	GCA_027577335.1_UCR_CoemRSA564_1.0|w1	tblastn	REF|36080_r7b_MAT_Minus|gene1|sexM	20.8	E=2.3	31
GCA_027577335.1_UCR_CoemRSA564_1.0|w1|t4	GCA_027577335.1_UCR_CoemRSA564_1.0	cand	GCA_027577335.1_UCR_CoemRSA564_1.0|w1	tblastn	REF|64495_cbs346-36_MAT_Plus|gene2|sexP	44.3	E=0.55	46
GCA_027577345.1_UCR_CoemRSA637_1.0|w0|t0	GCA_027577345.1_UCR_CoemRSA637_1.0	cand	GCA_027577345.1_UCR_CoemRSA637_1.0|w0	tblastn	REF|36080_r7b_MAT_Minus|gene1|sexM	60.5	E=2e-05	147
GCA_027577345.1_UCR_CoemRSA637_1.0|w0|t2	GCA_027577345.1_UCR_CoemRSA637_1.0	cand	GCA_027577345.1_UCR_CoemRSA637_1.0|w0	tblastn	REF|4850_vkm-f-921_MAT_Minus|gene0|sexM	21.9	E=3.2	52
GCA_027577345.1_UCR_CoemRSA637_1.0|w0|t3	GCA_027577345.1_UCR_CoemRSA637_1.0	cand	GCA_027577345.1_UCR_CoemRSA637_1.0|w0	tblastn	REF|35722_atcc11077_MAT_Minus|gene0|sexM	20.8	E=8.8	33
GCA_027577345.1_UCR_CoemRSA637_1.0|w0|t4	GCA_027577345.1_UCR_CoemRSA637_1.0	cand	GCA_027577345.1_UCR_CoemRSA637_1.0|w0	tblastn	REF|3231046_uomd23-19_MAT_Plus|gene1|sexP	23.1	E=2.4	35
GCA_027577345.1_UCR_CoemRSA637_1.0|w0|t6	GCA_027577345.1_UCR_CoemRSA637_1.0	cand	GCA_027577345.1_UCR_CoemRSA637_1.0|w0	tblastn	REF|101119_atcc11807_MAT_Plus|gene0|sexP	59.7	E=9.6e-05	103
GCA_027577345.1_UCR_CoemRSA637_1.0|w0|t7	GCA_027577345.1_UCR_CoemRSA637_1.0	cand	GCA_027577345.1_UCR_CoemRSA637_1.0|w0	tblastn	REF|36080_r7b_MAT_Minus|gene1|sexM	24.6	E=0.69	35
GCA_027577345.1_UCR_CoemRSA637_1.0|w0|t8	GCA_027577345.1_UCR_CoemRSA637_1.0	cand	GCA_027577345.1_UCR_CoemRSA637_1.0|w0	tblastn	REF|101119_atcc11807_MAT_Plus|gene0|sexP	28.1	E=0.069	63
GCA_027577345.1_UCR_CoemRSA637_1.0|w1|t0	GCA_027577345.1_UCR_CoemRSA637_1.0	cand	GCA_027577345.1_UCR_CoemRSA637_1.0|w1	tblastn	REF|64495_cbs110-17_MAT_Minus|gene1|sexM	40.4	E=2.6e-06	61
GCA_027577345.1_UCR_CoemRSA637_1.0|w2|t0	GCA_027577345.1_UCR_CoemRSA637_1.0	cand	GCA_027577345.1_UCR_CoemRSA637_1.0|w2	tblastn	REF|3231046_uomau377_MAT_Minus|gene1|sexM	21.2	E=7.5	42
GCA_027577345.1_UCR_CoemRSA637_1.0|w2|t1	GCA_027577345.1_UCR_CoemRSA637_1.0	cand	GCA_027577345.1_UCR_CoemRSA637_1.0|w2	tblastn	REF|3108396_ai-2023a_MAT_Plus|gene2|sexP	28.5	E=0.053	86
GCA_027577345.1_UCR_CoemRSA637_1.0|w3|t2	GCA_027577345.1_UCR_CoemRSA637_1.0	cand	GCA_027577345.1_UCR_CoemRSA637_1.0|w3	tblastn	REF|36080_r7b_MAT_Minus|gene1|sexM	21.6	E=6.2	88
GCA_027577345.1_UCR_CoemRSA637_1.0|w4|t0	GCA_027577345.1_UCR_CoemRSA637_1.0	cand	GCA_027577345.1_UCR_CoemRSA637_1.0|w4	tblastn	REF|36080_r7b_MAT_Minus|gene1|sexM	21.9	E=4.6	75
GCA_027577345.1_UCR_CoemRSA637_1.0|w4|t3	GCA_027577345.1_UCR_CoemRSA637_1.0	cand	GCA_027577345.1_UCR_CoemRSA637_1.0|w4	tblastn	REF|3231046_uomau377_MAT_Minus|gene1|sexM	24.3	E=0.78	33
GCA_027577345.1_UCR_CoemRSA637_1.0|w4|t5	GCA_027577345.1_UCR_CoemRSA637_1.0	cand	GCA_027577345.1_UCR_CoemRSA637_1.0|w4	tblastn	REF|4850_vkm-f-921_MAT_Minus|gene0|sexM	26.6	E=0.13	55
GCA_027577345.1_UCR_CoemRSA637_1.0|w4|t6	GCA_027577345.1_UCR_CoemRSA637_1.0	cand	GCA_027577345.1_UCR_CoemRSA637_1.0|w4	tblastn	REF|36080_nrrl-3631_MAT_Plus|gene1|sexP	21.9	E=6.6	43
GCA_027577345.1_UCR_CoemRSA637_1.0|w5|t0	GCA_027577345.1_UCR_CoemRSA637_1.0	cand	GCA_027577345.1_UCR_CoemRSA637_1.0|w5	tblastn	REF|64495_cbs346-36_MAT_Plus|gene2|sexP	50.9	E=0.035	61
GCA_027577345.1_UCR_CoemRSA637_1.0|w5|t2	GCA_027577345.1_UCR_CoemRSA637_1.0	cand	GCA_027577345.1_UCR_CoemRSA637_1.0|w5	tblastn	REF|3231046_uomd23-19_MAT_Plus|gene1|sexP	39.3	E=2.7e-05	69
GCA_027577345.1_UCR_CoemRSA637_1.0|w5|t3	GCA_027577345.1_UCR_CoemRSA637_1.0	cand	GCA_027577345.1_UCR_CoemRSA637_1.0|w5	tblastn	REF|3231046_uomd23-19_MAT_Plus|gene1|sexP	40.4	E=1.9	61
GCA_027577345.1_UCR_CoemRSA637_1.0|w6|t0	GCA_027577345.1_UCR_CoemRSA637_1.0	cand	GCA_027577345.1_UCR_CoemRSA637_1.0|w6	tblastn	REF|29922_cbs109-16_MAT_Minus|gene1|sexM	37.4	E=5e-05	65
GCA_027577345.1_UCR_CoemRSA637_1.0|w7|t0	GCA_027577345.1_UCR_CoemRSA637_1.0	cand	GCA_027577345.1_UCR_CoemRSA637_1.0|w7	tblastn	REF|29922_cbs109-16_MAT_Minus|gene1|sexM	30.8	E=0.005	76
GCA_027577345.1_UCR_CoemRSA637_1.0|w7|t1	GCA_027577345.1_UCR_CoemRSA637_1.0	cand	GCA_027577345.1_UCR_CoemRSA637_1.0|w7	tblastn	REF|3231046_uomd23-19_MAT_Plus|gene1|sexP	23.1	E=2.5	49
GCA_027577345.1_UCR_CoemRSA637_1.0|w7|t4	GCA_027577345.1_UCR_CoemRSA637_1.0	cand	GCA_027577345.1_UCR_CoemRSA637_1.0|w7	tblastn	REF|3231046_uomau377_MAT_Minus|gene1|sexM	26.9	E=0.1	30
GCA_027577375.1_UCR_CoemRSA562_1.0|w0|t0	GCA_027577375.1_UCR_CoemRSA562_1.0	cand	GCA_027577375.1_UCR_CoemRSA562_1.0|w0	tblastn	REF|64495_cbs346-36_MAT_Plus|gene2|sexP	20.8	E=7.2	30
GCA_027577375.1_UCR_CoemRSA562_1.0|w0|t1	GCA_027577375.1_UCR_CoemRSA562_1.0	cand	GCA_027577375.1_UCR_CoemRSA562_1.0|w0	tblastn	REF|101119_atcc11807_MAT_Plus|gene0|sexP	59.7	E=4.3e-05	103
GCA_027577375.1_UCR_CoemRSA562_1.0|w0|t2	GCA_027577375.1_UCR_CoemRSA562_1.0	cand	GCA_027577375.1_UCR_CoemRSA562_1.0|w0	tblastn	REF|36080_r7b_MAT_Minus|gene1|sexM	24.6	E=0.33	35
GCA_027577375.1_UCR_CoemRSA562_1.0|w0|t3	GCA_027577375.1_UCR_CoemRSA562_1.0	cand	GCA_027577375.1_UCR_CoemRSA562_1.0|w0	tblastn	REF|101119_atcc11807_MAT_Plus|gene0|sexP	29.6	E=0.012	63
GCA_027577375.1_UCR_CoemRSA562_1.0|w1|t0	GCA_027577375.1_UCR_CoemRSA562_1.0	cand	GCA_027577375.1_UCR_CoemRSA562_1.0|w1	tblastn	REF|64495_cbs346-36_MAT_Plus|gene2|sexP	30.0	E=0.01	52
GCA_027577375.1_UCR_CoemRSA562_1.0|w1|t1	GCA_027577375.1_UCR_CoemRSA562_1.0	cand	GCA_027577375.1_UCR_CoemRSA562_1.0|w1	tblastn	REF|4837_ubc21_MAT_Plus|gene1|sexP	25.4	E=0.25	46
GCA_027577375.1_UCR_CoemRSA562_1.0|w1|t2	GCA_027577375.1_UCR_CoemRSA562_1.0	cand	GCA_027577375.1_UCR_CoemRSA562_1.0|w1	tblastn	REF|3231046_uomd23-19_MAT_Plus|gene1|sexP	43.9	E=1.3	70
GCA_027577375.1_UCR_CoemRSA562_1.0|w1|t7	GCA_027577375.1_UCR_CoemRSA562_1.0	cand	GCA_027577375.1_UCR_CoemRSA562_1.0|w1	tblastn	REF|36080_nrrl-3631_MAT_Plus|gene1|sexP	20.4	E=9.7	36
GCA_027577375.1_UCR_CoemRSA562_1.0|w1|t10	GCA_027577375.1_UCR_CoemRSA562_1.0	cand	GCA_027577375.1_UCR_CoemRSA562_1.0|w1	tblastn	REF|101119_atcc11807_MAT_Minus|gene0|sexM	22.7	E=0.87	45
GCA_027577395.1_UCR_CoemRSA560_1.0|w0|t0	GCA_027577395.1_UCR_CoemRSA560_1.0	cand	GCA_027577395.1_UCR_CoemRSA560_1.0|w0	tblastn	REF|36080_r7b_MAT_Minus|gene1|sexM	89.7	E=0.072	82
GCA_027577415.1_UCR_CoemRSA922_1.0|w0|t0	GCA_027577415.1_UCR_CoemRSA922_1.0	cand	GCA_027577415.1_UCR_CoemRSA922_1.0|w0	tblastn	REF|36080_nrrl-3631_MAT_Plus|gene1|sexP	22.7	E=2.5	76
GCA_027577415.1_UCR_CoemRSA922_1.0|w0|t1	GCA_027577415.1_UCR_CoemRSA922_1.0	cand	GCA_027577415.1_UCR_CoemRSA922_1.0|w0	tblastn	REF|64495_cbs346-36_MAT_Plus|gene2|sexP	43.1	E=8.4e-07	84
GCA_027577415.1_UCR_CoemRSA922_1.0|w1|t0	GCA_027577415.1_UCR_CoemRSA922_1.0	cand	GCA_027577415.1_UCR_CoemRSA922_1.0|w1	tblastn	REF|36080_nrrl-3631_MAT_Plus|gene1|sexP	57.0	E=0.00013	125
GCA_027577415.1_UCR_CoemRSA922_1.0|w2|t0	GCA_027577415.1_UCR_CoemRSA922_1.0	cand	GCA_027577415.1_UCR_CoemRSA922_1.0|w2	tblastn	REF|3231046_uomau377_MAT_Minus|gene1|sexM	23.5	E=0.92	31
GCA_027577415.1_UCR_CoemRSA922_1.0|w2|t1	GCA_027577415.1_UCR_CoemRSA922_1.0	cand	GCA_027577415.1_UCR_CoemRSA922_1.0|w2	tblastn	REF|4837_nrrl1555_MAT_Minus|gene1|sexM	43.1	E=3.3e-07	82
GCA_027577415.1_UCR_CoemRSA922_1.0|w3|t1	GCA_027577415.1_UCR_CoemRSA922_1.0	cand	GCA_027577415.1_UCR_CoemRSA922_1.0|w3	tblastn	REF|64495_cbs346-36_MAT_Plus|gene2|sexP	38.9	E=1.7e-05	63
GCA_027577415.1_UCR_CoemRSA922_1.0|w4|t1	GCA_027577415.1_UCR_CoemRSA922_1.0	cand	GCA_027577415.1_UCR_CoemRSA922_1.0|w4	tblastn	REF|86630_cbs357-93_MAT_Minus|gene0|sexM	44.7	E=0.74	42
GCA_027577415.1_UCR_CoemRSA922_1.0|w5|t0	GCA_027577415.1_UCR_CoemRSA922_1.0	cand	GCA_027577415.1_UCR_CoemRSA922_1.0|w5	tblastn	REF|3231046_uomd23-19_MAT_Plus|gene1|sexP	57.0	E=0.00014	80
GCA_027577415.1_UCR_CoemRSA922_1.0|w6|t0	GCA_027577415.1_UCR_CoemRSA922_1.0	cand	GCA_027577415.1_UCR_CoemRSA922_1.0|w6	tblastn	REF|64495_cbs346-36_MAT_Plus|gene2|sexP	38.9	E=2e-05	78
GCA_027577415.1_UCR_CoemRSA922_1.0|w7|t0	GCA_027577415.1_UCR_CoemRSA922_1.0	cand	GCA_027577415.1_UCR_CoemRSA922_1.0|w7	tblastn	REF|29922_cbs109-16_MAT_Minus|gene1|sexM	68.5	E=0.046	69
GCA_027577415.1_UCR_CoemRSA922_1.0|w8|t0	GCA_027577415.1_UCR_CoemRSA922_1.0	cand	GCA_027577415.1_UCR_CoemRSA922_1.0|w8	tblastn	REF|4850_vkm-f-921_MAT_Minus|gene0|sexM	27.7	E=0.031	55
GCA_027577415.1_UCR_CoemRSA922_1.0|w8|t1	GCA_027577415.1_UCR_CoemRSA922_1.0	cand	GCA_027577415.1_UCR_CoemRSA922_1.0|w8	tblastn	REF|64495_cbs110-17_MAT_Minus|gene1|sexM	40.0	E=6.4	115
GCA_027577415.1_UCR_CoemRSA922_1.0|w8|t2	GCA_027577415.1_UCR_CoemRSA922_1.0	cand	GCA_027577415.1_UCR_CoemRSA922_1.0|w8	tblastn	REF|4837_ubc21_MAT_Plus|gene1|sexP	21.9	E=3.4	38
GCA_027577415.1_UCR_CoemRSA922_1.0|w9|t1	GCA_027577415.1_UCR_CoemRSA922_1.0	cand	GCA_027577415.1_UCR_CoemRSA922_1.0|w9	tblastn	REF|4837_nrrl1555_MAT_Minus|gene1|sexM	33.1	E=0.00068	52
GCA_027577415.1_UCR_CoemRSA922_1.0|w10|t0	GCA_027577415.1_UCR_CoemRSA922_1.0	cand	GCA_027577415.1_UCR_CoemRSA922_1.0|w10	tblastn	REF|64495_cbs346-36_MAT_Plus|gene2|sexP	28.1	E=0.041	43
GCA_027577435.1_UCR_CoemRSA521_1.0|w0|t0	GCA_027577435.1_UCR_CoemRSA521_1.0	cand	GCA_027577435.1_UCR_CoemRSA521_1.0|w0	tblastn	REF|36080_r7b_MAT_Minus|gene1|sexM	76.6	E=4.8e-05	165
GCA_027577435.1_UCR_CoemRSA521_1.0|w1|t0	GCA_027577435.1_UCR_CoemRSA521_1.0	cand	GCA_027577435.1_UCR_CoemRSA521_1.0|w1	tblastn	REF|3108396_ai-2023a_MAT_Plus|gene2|sexP	48.5	E=0.018	101
GCA_027577435.1_UCR_CoemRSA521_1.0|w2|t0	GCA_027577435.1_UCR_CoemRSA521_1.0	cand	GCA_027577435.1_UCR_CoemRSA521_1.0|w2	tblastn	REF|3231046_uomd23-19_MAT_Plus|gene1|sexP	34.7	E=0.00027	57
GCA_027577435.1_UCR_CoemRSA521_1.0|w2|t1	GCA_027577435.1_UCR_CoemRSA521_1.0	cand	GCA_027577435.1_UCR_CoemRSA521_1.0|w2	tblastn	REF|4850_vkm-f-921_MAT_Minus|gene0|sexM	24.3	E=0.23	70
GCA_027577435.1_UCR_CoemRSA521_1.0|w2|t2	GCA_027577435.1_UCR_CoemRSA521_1.0	cand	GCA_027577435.1_UCR_CoemRSA521_1.0|w2	tblastn	REF|64495_cbs110-17_MAT_Minus|gene1|sexM	42.7	E=0.5	65
GCA_027577435.1_UCR_CoemRSA521_1.0|w2|t3	GCA_027577435.1_UCR_CoemRSA521_1.0	cand	GCA_027577435.1_UCR_CoemRSA521_1.0|w2	tblastn	REF|3108396_ai-2023a_MAT_Plus|gene2|sexP	42.4	E=3.1	74
GCA_027577435.1_UCR_CoemRSA521_1.0|w3|t0	GCA_027577435.1_UCR_CoemRSA521_1.0	cand	GCA_027577435.1_UCR_CoemRSA521_1.0|w3	tblastn	REF|29922_cbs109-16_MAT_Minus|gene1|sexM	39.7	E=2.3e-06	59
GCA_027577435.1_UCR_CoemRSA521_1.0|w4|t1	GCA_027577435.1_UCR_CoemRSA521_1.0	cand	GCA_027577435.1_UCR_CoemRSA521_1.0|w4	tblastn	REF|29922_cbs109-16_MAT_Minus|gene1|sexM	37.0	E=1.8e-05	65
GCA_027577455.1_UCR_CoemRSA522_1.0|w0|t0	GCA_027577455.1_UCR_CoemRSA522_1.0	cand	GCA_027577455.1_UCR_CoemRSA522_1.0|w0	tblastn	REF|64495_cbs110-17_MAT_Minus|gene1|sexM	92.4	E=6e-17	93
GCA_027577455.1_UCR_CoemRSA522_1.0|w1|t0	GCA_027577455.1_UCR_CoemRSA522_1.0	cand	GCA_027577455.1_UCR_CoemRSA522_1.0|w1	tblastn	REF|64495_cbs110-17_MAT_Minus|gene1|sexM	40.4	E=2.1e-06	61
GCA_027577455.1_UCR_CoemRSA522_1.0|w2|t0	GCA_027577455.1_UCR_CoemRSA522_1.0	cand	GCA_027577455.1_UCR_CoemRSA522_1.0|w2	tblastn	REF|64495_cbs110-17_MAT_Minus|gene1|sexM	46.2	E=0.42	76
GCA_027577455.1_UCR_CoemRSA522_1.0|w3|t0	GCA_027577455.1_UCR_CoemRSA522_1.0	cand	GCA_027577455.1_UCR_CoemRSA522_1.0|w3	tblastn	REF|3231046_uomd23-19_MAT_Plus|gene1|sexP	34.7	E=0.00051	57
GCA_027577455.1_UCR_CoemRSA522_1.0|w3|t1	GCA_027577455.1_UCR_CoemRSA522_1.0	cand	GCA_027577455.1_UCR_CoemRSA522_1.0|w3	tblastn	REF|4850_vkm-f-921_MAT_Minus|gene0|sexM	24.3	E=0.43	70
GCA_027577455.1_UCR_CoemRSA522_1.0|w3|t2	GCA_027577455.1_UCR_CoemRSA522_1.0	cand	GCA_027577455.1_UCR_CoemRSA522_1.0|w3	tblastn	REF|64495_cbs110-17_MAT_Minus|gene1|sexM	23.1	E=0.94	38
GCA_027577455.1_UCR_CoemRSA522_1.0|w3|t4	GCA_027577455.1_UCR_CoemRSA522_1.0	cand	GCA_027577455.1_UCR_CoemRSA522_1.0|w3	tblastn	REF|3231046_uomd23-19_MAT_Plus|gene1|sexP	21.2	E=7.2	50
GCA_027577455.1_UCR_CoemRSA522_1.0|w3|t5	GCA_027577455.1_UCR_CoemRSA522_1.0	cand	GCA_027577455.1_UCR_CoemRSA522_1.0|w3	tblastn	REF|64495_cbs346-36_MAT_Plus|gene2|sexP	23.1	E=1.6	50
GCA_027577455.1_UCR_CoemRSA522_1.0|w3|t6	GCA_027577455.1_UCR_CoemRSA522_1.0	cand	GCA_027577455.1_UCR_CoemRSA522_1.0|w3	tblastn	REF|36080_nrrl-3631_MAT_Plus|gene1|sexP	28.9	E=0.027	40
GCA_027577455.1_UCR_CoemRSA522_1.0|w3|t7	GCA_027577455.1_UCR_CoemRSA522_1.0	cand	GCA_027577455.1_UCR_CoemRSA522_1.0|w3	tblastn	REF|4837_nrrl1555_MAT_Minus|gene1|sexM	21.2	E=3.8	57
GCA_027577455.1_UCR_CoemRSA522_1.0|w4|t0	GCA_027577455.1_UCR_CoemRSA522_1.0	cand	GCA_027577455.1_UCR_CoemRSA522_1.0|w4	tblastn	REF|3231046_uomd23-19_MAT_Plus|gene1|sexP	39.3	E=1.6e-05	69
GCA_027577455.1_UCR_CoemRSA522_1.0|w5|t1	GCA_027577455.1_UCR_CoemRSA522_1.0	cand	GCA_027577455.1_UCR_CoemRSA522_1.0|w5	tblastn	REF|29922_cbs109-16_MAT_Minus|gene1|sexM	37.0	E=3.4e-05	65
GCA_027577455.1_UCR_CoemRSA522_1.0|w6|t0	GCA_027577455.1_UCR_CoemRSA522_1.0	cand	GCA_027577455.1_UCR_CoemRSA522_1.0|w6	tblastn	REF|35722_atcc11077_MAT_Minus|gene0|sexM	27.3	E=0.037	43
GCA_027577455.1_UCR_CoemRSA522_1.0|w7|t1	GCA_027577455.1_UCR_CoemRSA522_1.0	cand	GCA_027577455.1_UCR_CoemRSA522_1.0|w7	tblastn	REF|4837_nrrl1555_MAT_Minus|gene1|sexM	22.3	E=1.9	51
GCA_027577455.1_UCR_CoemRSA522_1.0|w7|t2	GCA_027577455.1_UCR_CoemRSA522_1.0	cand	GCA_027577455.1_UCR_CoemRSA522_1.0|w7	tblastn	REF|36080_r7b_MAT_Minus|gene1|sexM	21.9	E=3.1	40
GCA_027577455.1_UCR_CoemRSA522_1.0|w7|t4	GCA_027577455.1_UCR_CoemRSA522_1.0	cand	GCA_027577455.1_UCR_CoemRSA522_1.0|w7	tblastn	REF|3108396_ai-2023a_MAT_Plus|gene2|sexP	26.9	E=0.096	63
GCA_027577455.1_UCR_CoemRSA522_1.0|w7|t5	GCA_027577455.1_UCR_CoemRSA522_1.0	cand	GCA_027577455.1_UCR_CoemRSA522_1.0|w7	tblastn	REF|101119_atcc11807_MAT_Minus|gene0|sexM	21.9	E=2.2	64
GCA_027577455.1_UCR_CoemRSA522_1.0|w7|t6	GCA_027577455.1_UCR_CoemRSA522_1.0	cand	GCA_027577455.1_UCR_CoemRSA522_1.0|w7	tblastn	REF|3231046_uomd23-19_MAT_Plus|gene1|sexP	66.5	E=2.7	99
GCA_027577455.1_UCR_CoemRSA522_1.0|w7|t7	GCA_027577455.1_UCR_CoemRSA522_1.0	cand	GCA_027577455.1_UCR_CoemRSA522_1.0|w7	tblastn	REF|35722_atcc11077_MAT_Minus|gene0|sexM	46.6	E=0.076	108
GCA_027577475.1_UCR_CoemRSA788_1.0|w0|t0	GCA_027577475.1_UCR_CoemRSA788_1.0	cand	GCA_027577475.1_UCR_CoemRSA788_1.0|w0	tblastn	REF|35722_atcc11077_MAT_Minus|gene0|sexM	40.4	E=5	45
GCA_027577475.1_UCR_CoemRSA788_1.0|w0|t1	GCA_027577475.1_UCR_CoemRSA788_1.0	cand	GCA_027577475.1_UCR_CoemRSA788_1.0|w0	tblastn	REF|3231046_uomd23-19_MAT_Plus|gene1|sexP	44.3	E=1.2	66
GCA_027577475.1_UCR_CoemRSA788_1.0|w0|t2	GCA_027577475.1_UCR_CoemRSA788_1.0	cand	GCA_027577475.1_UCR_CoemRSA788_1.0|w0	tblastn	REF|35722_atcc11077_MAT_Minus|gene0|sexM	22.7	E=1.1	57
GCA_027577475.1_UCR_CoemRSA788_1.0|w0|t3	GCA_027577475.1_UCR_CoemRSA788_1.0	cand	GCA_027577475.1_UCR_CoemRSA788_1.0|w0	tblastn	REF|4837_ubc21_MAT_Plus|gene1|sexP	22.3	E=2.4	72
GCA_027577475.1_UCR_CoemRSA788_1.0|w0|t4	GCA_027577475.1_UCR_CoemRSA788_1.0	cand	GCA_027577475.1_UCR_CoemRSA788_1.0|w0	tblastn	REF|86630_cbs357-93_MAT_Minus|gene0|sexM	41.2	E=3.4	82
GCA_027577475.1_UCR_CoemRSA788_1.0|w0|t5	GCA_027577475.1_UCR_CoemRSA788_1.0	cand	GCA_027577475.1_UCR_CoemRSA788_1.0|w0	tblastn	REF|29922_cbs109-16_MAT_Minus|gene1|sexM	73.6	E=4.1e-10	97
GCA_027577475.1_UCR_CoemRSA788_1.0|w0|t6	GCA_027577475.1_UCR_CoemRSA788_1.0	cand	GCA_027577475.1_UCR_CoemRSA788_1.0|w0	tblastn	REF|29922_cbs109-16_MAT_Minus|gene1|sexM	58.6	E=2.9e-05	100
GCA_027577475.1_UCR_CoemRSA788_1.0|w1|t0	GCA_027577475.1_UCR_CoemRSA788_1.0	cand	GCA_027577475.1_UCR_CoemRSA788_1.0|w1	tblastn	REF|3231046_uomd23-19_MAT_Plus|gene1|sexP	21.6	E=3.9	34
GCA_027577475.1_UCR_CoemRSA788_1.0|w1|t1	GCA_027577475.1_UCR_CoemRSA788_1.0	cand	GCA_027577475.1_UCR_CoemRSA788_1.0|w1	tblastn	REF|4850_vkm-f-921_MAT_Minus|gene0|sexM	24.3	E=0.35	40
GCA_027577475.1_UCR_CoemRSA788_1.0|w1|t3	GCA_027577475.1_UCR_CoemRSA788_1.0	cand	GCA_027577475.1_UCR_CoemRSA788_1.0|w1	tblastn	REF|3231046_uomd23-19_MAT_Plus|gene1|sexP	41.6	E=5	78
GCA_027577475.1_UCR_CoemRSA788_1.0|w1|t4	GCA_027577475.1_UCR_CoemRSA788_1.0	cand	GCA_027577475.1_UCR_CoemRSA788_1.0|w1	tblastn	REF|3108396_ai-2023a_MAT_Plus|gene2|sexP	42.0	E=6	33
GCA_027577475.1_UCR_CoemRSA788_1.0|w1|t6	GCA_027577475.1_UCR_CoemRSA788_1.0	cand	GCA_027577475.1_UCR_CoemRSA788_1.0|w1	tblastn	REF|101119_atcc11807_MAT_Minus|gene0|sexM	25.0	E=0.16	53
GCA_027577475.1_UCR_CoemRSA788_1.0|w1|t9	GCA_027577475.1_UCR_CoemRSA788_1.0	cand	GCA_027577475.1_UCR_CoemRSA788_1.0|w1	tblastn	REF|64495_cbs346-36_MAT_Plus|gene2|sexP	28.1	E=0.041	57
GCA_027577495.1_UCR_CoemRSA720_1.0|w0|t0	GCA_027577495.1_UCR_CoemRSA720_1.0	cand	GCA_027577495.1_UCR_CoemRSA720_1.0|w0	tblastn	REF|36080_nrrl-3631_MAT_Plus|gene1|sexP	39.7	E=3.6e-05	101
GCA_027577495.1_UCR_CoemRSA720_1.0|w0|t1	GCA_027577495.1_UCR_CoemRSA720_1.0	cand	GCA_027577495.1_UCR_CoemRSA720_1.0|w0	tblastn	REF|64495_cbs110-17_MAT_Minus|gene1|sexM	60.5	E=1e-12	75
GCA_027577495.1_UCR_CoemRSA720_1.0|w0|t3	GCA_027577495.1_UCR_CoemRSA720_1.0	cand	GCA_027577495.1_UCR_CoemRSA720_1.0|w0	tblastn	REF|86630_cbs357-93_MAT_Minus|gene0|sexM	23.1	E=2.4	47
GCA_027577495.1_UCR_CoemRSA720_1.0|w1|t0	GCA_027577495.1_UCR_CoemRSA720_1.0	cand	GCA_027577495.1_UCR_CoemRSA720_1.0|w1	tblastn	REF|86630_cbs357-93_MAT_Minus|gene0|sexM	39.3	E=1.4e-05	77
GCA_027577495.1_UCR_CoemRSA720_1.0|w1|t1	GCA_027577495.1_UCR_CoemRSA720_1.0	cand	GCA_027577495.1_UCR_CoemRSA720_1.0|w1	tblastn	REF|64495_cbs346-36_MAT_Plus|gene2|sexP	26.2	E=0.62	41
GCA_027577495.1_UCR_CoemRSA720_1.0|w1|t2	GCA_027577495.1_UCR_CoemRSA720_1.0	cand	GCA_027577495.1_UCR_CoemRSA720_1.0|w1	tblastn	REF|64495_cbs110-17_MAT_Minus|gene1|sexM	53.1	E=2.6e-10	68
GCA_027577495.1_UCR_CoemRSA720_1.0|w2|t0	GCA_027577495.1_UCR_CoemRSA720_1.0	cand	GCA_027577495.1_UCR_CoemRSA720_1.0|w2	tblastn	REF|36080_r7b_MAT_Minus|gene1|sexM	21.9	E=9.3	40
GCA_027577495.1_UCR_CoemRSA720_1.0|w2|t1	GCA_027577495.1_UCR_CoemRSA720_1.0	cand	GCA_027577495.1_UCR_CoemRSA720_1.0|w2	tblastn	REF|3108396_ai-2023a_MAT_Plus|gene2|sexP	24.3	E=2.1	37
GCA_027577495.1_UCR_CoemRSA720_1.0|w2|t2	GCA_027577495.1_UCR_CoemRSA720_1.0	cand	GCA_027577495.1_UCR_CoemRSA720_1.0|w2	tblastn	REF|4837_ubc21_MAT_Plus|gene1|sexP	22.7	E=6.3	37
GCA_027577495.1_UCR_CoemRSA720_1.0|w2|t4	GCA_027577495.1_UCR_CoemRSA720_1.0	cand	GCA_027577495.1_UCR_CoemRSA720_1.0|w2	tblastn	REF|35722_atcc11077_MAT_Minus|gene0|sexM	24.3	E=1.2	32
GCA_027577495.1_UCR_CoemRSA720_1.0|w2|t5	GCA_027577495.1_UCR_CoemRSA720_1.0	cand	GCA_027577495.1_UCR_CoemRSA720_1.0|w2	tblastn	REF|35722_atcc11077_MAT_Minus|gene0|sexM	27.7	E=0.08	86
GCA_027577495.1_UCR_CoemRSA720_1.0|w2|t6	GCA_027577495.1_UCR_CoemRSA720_1.0	cand	GCA_027577495.1_UCR_CoemRSA720_1.0|w2	tblastn	REF|4837_ubc21_MAT_Plus|gene1|sexP	23.9	E=2.6	148
GCA_027577495.1_UCR_CoemRSA720_1.0|w2|t7	GCA_027577495.1_UCR_CoemRSA720_1.0	cand	GCA_027577495.1_UCR_CoemRSA720_1.0|w2	tblastn	REF|3231046_uomau377_MAT_Minus|gene1|sexM	25.0	E=0.75	33
GCA_027577495.1_UCR_CoemRSA720_1.0|w3|t2	GCA_027577495.1_UCR_CoemRSA720_1.0	cand	GCA_027577495.1_UCR_CoemRSA720_1.0|w3	tblastn	REF|4837_ubc21_MAT_Plus|gene1|sexP	23.5	E=3.6	41
GCA_027577495.1_UCR_CoemRSA720_1.0|w3|t3	GCA_027577495.1_UCR_CoemRSA720_1.0	cand	GCA_027577495.1_UCR_CoemRSA720_1.0|w3	tblastn	REF|3231046_uomau377_MAT_Minus|gene1|sexM	26.6	E=0.25	36
GCA_027577495.1_UCR_CoemRSA720_1.0|w3|t4	GCA_027577495.1_UCR_CoemRSA720_1.0	cand	GCA_027577495.1_UCR_CoemRSA720_1.0|w3	tblastn	REF|64495_cbs110-17_MAT_Minus|gene1|sexM	25.8	E=0.37	51
GCA_027577495.1_UCR_CoemRSA720_1.0|w3|t5	GCA_027577495.1_UCR_CoemRSA720_1.0	cand	GCA_027577495.1_UCR_CoemRSA720_1.0|w3	tblastn	REF|86630_cbs357-93_MAT_Minus|gene0|sexM	25.0	E=0.53	47
GCA_027577495.1_UCR_CoemRSA720_1.0|w3|t7	GCA_027577495.1_UCR_CoemRSA720_1.0	cand	GCA_027577495.1_UCR_CoemRSA720_1.0|w3	tblastn	REF|36080_nrrl-3631_MAT_Plus|gene1|sexP	27.3	E=0.28	53
GCA_027577495.1_UCR_CoemRSA720_1.0|w4|t0	GCA_027577495.1_UCR_CoemRSA720_1.0	cand	GCA_027577495.1_UCR_CoemRSA720_1.0|w4	tblastn	REF|3108396_ai-2023a_MAT_Plus|gene2|sexP	45.4	E=5.1	48
GCA_027577495.1_UCR_CoemRSA720_1.0|w4|t1	GCA_027577495.1_UCR_CoemRSA720_1.0	cand	GCA_027577495.1_UCR_CoemRSA720_1.0|w4	tblastn	REF|4837_nrrl1555_MAT_Minus|gene1|sexM	22.3	E=4.5	42
GCA_027577495.1_UCR_CoemRSA720_1.0|w4|t3	GCA_027577495.1_UCR_CoemRSA720_1.0	cand	GCA_027577495.1_UCR_CoemRSA720_1.0|w4	tblastn	REF|35722_atcc11077_MAT_Minus|gene0|sexM	28.1	E=0.068	43
GCA_027577495.1_UCR_CoemRSA720_1.0|w5|t1	GCA_027577495.1_UCR_CoemRSA720_1.0	cand	GCA_027577495.1_UCR_CoemRSA720_1.0|w5	tblastn	REF|4850_vkm-f-921_MAT_Minus|gene0|sexM	27.3	E=0.14	49
GCA_027577495.1_UCR_CoemRSA720_1.0|w6|t0	GCA_027577495.1_UCR_CoemRSA720_1.0	cand	GCA_027577495.1_UCR_CoemRSA720_1.0|w6	tblastn	REF|64495_cbs346-36_MAT_Plus|gene2|sexP	29.3	E=0.059	39
GCA_027577495.1_UCR_CoemRSA720_1.0|w6|t1	GCA_027577495.1_UCR_CoemRSA720_1.0	cand	GCA_027577495.1_UCR_CoemRSA720_1.0|w6	tblastn	REF|3231046_uomd23-19_MAT_Plus|gene1|sexP	37.7	E=0.00012	85
GCA_027577495.1_UCR_CoemRSA720_1.0|w6|t2	GCA_027577495.1_UCR_CoemRSA720_1.0	cand	GCA_027577495.1_UCR_CoemRSA720_1.0|w6	tblastn	REF|3231046_uomd23-19_MAT_Plus|gene1|sexP	42.8	E=0.86	61
GCA_027577495.1_UCR_CoemRSA720_1.0|w6|t3	GCA_027577495.1_UCR_CoemRSA720_1.0	cand	GCA_027577495.1_UCR_CoemRSA720_1.0|w6	tblastn	REF|3108396_ai-2023a_MAT_Plus|gene2|sexP	49.2	E=0.27	53
GCA_027577515.1_UCR_CoemRSA678_1.0|w0|t0	GCA_027577515.1_UCR_CoemRSA678_1.0	cand	GCA_027577515.1_UCR_CoemRSA678_1.0|w0	tblastn	REF|64495_cbs346-36_MAT_Plus|gene2|sexP	96.7	E=1.5e-06	153
GCA_027577535.1_UCR_CoemRSA552_1.0|w0|t0	GCA_027577535.1_UCR_CoemRSA552_1.0	cand	GCA_027577535.1_UCR_CoemRSA552_1.0|w0	tblastn	REF|101119_atcc11807_MAT_Plus|gene0|sexP	43.1	E=2.1	82
GCA_027577535.1_UCR_CoemRSA552_1.0|w0|t1	GCA_027577535.1_UCR_CoemRSA552_1.0	cand	GCA_027577535.1_UCR_CoemRSA552_1.0|w0	tblastn	REF|36080_nrrl-3631_MAT_Plus|gene1|sexP	22.7	E=1.2	45
GCA_027577535.1_UCR_CoemRSA552_1.0|w0|t2	GCA_027577535.1_UCR_CoemRSA552_1.0	cand	GCA_027577535.1_UCR_CoemRSA552_1.0|w0	tblastn	REF|101119_atcc11807_MAT_Plus|gene0|sexP	20.4	E=6.4	44
GCA_027577535.1_UCR_CoemRSA552_1.0|w0|t3	GCA_027577535.1_UCR_CoemRSA552_1.0	cand	GCA_027577535.1_UCR_CoemRSA552_1.0|w0	tblastn	REF|64495_cbs346-36_MAT_Plus|gene2|sexP	42.8	E=2.5	71
GCA_027577535.1_UCR_CoemRSA552_1.0|w0|t6	GCA_027577535.1_UCR_CoemRSA552_1.0	cand	GCA_027577535.1_UCR_CoemRSA552_1.0|w0	tblastn	REF|64495_cbs346-36_MAT_Plus|gene2|sexP	21.6	E=2.9	44
GCA_027577555.1_UCR_CoemRSA551_1.0|w0|t0	GCA_027577555.1_UCR_CoemRSA551_1.0	cand	GCA_027577555.1_UCR_CoemRSA551_1.0|w0	tblastn	REF|64495_cbs346-36_MAT_Plus|gene2|sexP	30.0	E=0.019	52
GCA_027577555.1_UCR_CoemRSA551_1.0|w0|t1	GCA_027577555.1_UCR_CoemRSA551_1.0	cand	GCA_027577555.1_UCR_CoemRSA551_1.0|w0	tblastn	REF|4837_ubc21_MAT_Plus|gene1|sexP	26.2	E=0.24	51
GCA_027577555.1_UCR_CoemRSA551_1.0|w0|t3	GCA_027577555.1_UCR_CoemRSA551_1.0	cand	GCA_027577555.1_UCR_CoemRSA551_1.0|w0	tblastn	REF|64495_cbs346-36_MAT_Plus|gene2|sexP	23.1	E=2.8	81
GCA_027577555.1_UCR_CoemRSA551_1.0|w0|t5	GCA_027577555.1_UCR_CoemRSA551_1.0	cand	GCA_027577555.1_UCR_CoemRSA551_1.0|w0	tblastn	REF|86630_cbs357-93_MAT_Minus|gene0|sexM	23.5	E=0.94	38
GCA_027577555.1_UCR_CoemRSA551_1.0|w0|t6	GCA_027577555.1_UCR_CoemRSA551_1.0	cand	GCA_027577555.1_UCR_CoemRSA551_1.0|w0	tblastn	REF|4837_ubc21_MAT_Plus|gene1|sexP	21.6	E=7.1	31
GCA_027577555.1_UCR_CoemRSA551_1.0|w0|t7	GCA_027577555.1_UCR_CoemRSA551_1.0	cand	GCA_027577555.1_UCR_CoemRSA551_1.0|w0	tblastn	REF|36080_r7b_MAT_Minus|gene1|sexM	21.2	E=7.1	48
GCA_027577555.1_UCR_CoemRSA551_1.0|w0|t8	GCA_027577555.1_UCR_CoemRSA551_1.0	cand	GCA_027577555.1_UCR_CoemRSA551_1.0|w0	tblastn	REF|35722_atcc11077_MAT_Minus|gene0|sexM	25.4	E=0.28	132
GCA_027577555.1_UCR_CoemRSA551_1.0|w0|t9	GCA_027577555.1_UCR_CoemRSA551_1.0	cand	GCA_027577555.1_UCR_CoemRSA551_1.0|w0	tblastn	REF|86630_cbs357-93_MAT_Minus|gene0|sexM	22.3	E=2	31
GCA_027577555.1_UCR_CoemRSA551_1.0|w1|t0	GCA_027577555.1_UCR_CoemRSA551_1.0	cand	GCA_027577555.1_UCR_CoemRSA551_1.0|w1	tblastn	REF|29922_cbs109-16_MAT_Minus|gene1|sexM	30.8	E=0.005	76
GCA_027577555.1_UCR_CoemRSA551_1.0|w1|t1	GCA_027577555.1_UCR_CoemRSA551_1.0	cand	GCA_027577555.1_UCR_CoemRSA551_1.0|w1	tblastn	REF|101119_atcc11807_MAT_Plus|gene0|sexP	42.8	E=7.5	68
GCA_027577555.1_UCR_CoemRSA551_1.0|w1|t3	GCA_027577555.1_UCR_CoemRSA551_1.0	cand	GCA_027577555.1_UCR_CoemRSA551_1.0|w1	tblastn	REF|36080_r7b_MAT_Minus|gene1|sexM	22.3	E=3.7	52
GCA_027577555.1_UCR_CoemRSA551_1.0|w1|t5	GCA_027577555.1_UCR_CoemRSA551_1.0	cand	GCA_027577555.1_UCR_CoemRSA551_1.0|w1	tblastn	REF|3231046_uomau377_MAT_Minus|gene1|sexM	26.9	E=0.098	30
GCA_027577555.1_UCR_CoemRSA551_1.0|w2|t0	GCA_027577555.1_UCR_CoemRSA551_1.0	cand	GCA_027577555.1_UCR_CoemRSA551_1.0|w2	tblastn	REF|35722_atcc11077_MAT_Minus|gene0|sexM	26.2	E=0.14	36
GCA_027577555.1_UCR_CoemRSA551_1.0|w2|t1	GCA_027577555.1_UCR_CoemRSA551_1.0	cand	GCA_027577555.1_UCR_CoemRSA551_1.0|w2	tblastn	REF|64495_cbs346-36_MAT_Plus|gene2|sexP	23.1	E=2.4	51
GCA_027577555.1_UCR_CoemRSA551_1.0|w2|t3	GCA_027577555.1_UCR_CoemRSA551_1.0	cand	GCA_027577555.1_UCR_CoemRSA551_1.0|w2	tblastn	REF|3231046_uomau377_MAT_Minus|gene1|sexM	26.6	E=0.15	36
GCA_027577555.1_UCR_CoemRSA551_1.0|w2|t4	GCA_027577555.1_UCR_CoemRSA551_1.0	cand	GCA_027577555.1_UCR_CoemRSA551_1.0|w2	tblastn	REF|3108396_ai-2023a_MAT_Plus|gene2|sexP	23.5	E=1.8	124
GCA_027577555.1_UCR_CoemRSA551_1.0|w2|t5	GCA_027577555.1_UCR_CoemRSA551_1.0	cand	GCA_027577555.1_UCR_CoemRSA551_1.0|w2	tblastn	REF|101119_atcc11807_MAT_Plus|gene0|sexP	24.6	E=0.81	40
GCA_027577555.1_UCR_CoemRSA551_1.0|w2|t6	GCA_027577555.1_UCR_CoemRSA551_1.0	cand	GCA_027577555.1_UCR_CoemRSA551_1.0|w2	tblastn	REF|4837_ubc21_MAT_Plus|gene1|sexP	26.6	E=0.19	108
GCA_027577555.1_UCR_CoemRSA551_1.0|w2|t7	GCA_027577555.1_UCR_CoemRSA551_1.0	cand	GCA_027577555.1_UCR_CoemRSA551_1.0|w2	tblastn	REF|3231046_uomd23-19_MAT_Plus|gene1|sexP	23.5	E=1.8	39
GCA_027577555.1_UCR_CoemRSA551_1.0|w2|t8	GCA_027577555.1_UCR_CoemRSA551_1.0	cand	GCA_027577555.1_UCR_CoemRSA551_1.0|w2	tblastn	REF|4850_vkm-f-921_MAT_Minus|gene0|sexM	21.2	E=5.5	47
GCA_027577555.1_UCR_CoemRSA551_1.0|w2|t9	GCA_027577555.1_UCR_CoemRSA551_1.0	cand	GCA_027577555.1_UCR_CoemRSA551_1.0|w2	tblastn	REF|64495_cbs346-36_MAT_Plus|gene2|sexP	28.1	E=0.068	57
GCA_027577575.1_UCR_CoemRSA532_1.0|w0|t0	GCA_027577575.1_UCR_CoemRSA532_1.0	cand	GCA_027577575.1_UCR_CoemRSA532_1.0|w0	tblastn	REF|64495_cbs110-17_MAT_Minus|gene1|sexM	92.4	E=5.5e-17	93
GCA_027577575.1_UCR_CoemRSA532_1.0|w1|t0	GCA_027577575.1_UCR_CoemRSA532_1.0	cand	GCA_027577575.1_UCR_CoemRSA532_1.0|w1	tblastn	REF|64495_cbs110-17_MAT_Minus|gene1|sexM	40.4	E=1.8e-06	61
GCA_027577575.1_UCR_CoemRSA532_1.0|w2|t0	GCA_027577575.1_UCR_CoemRSA532_1.0	cand	GCA_027577575.1_UCR_CoemRSA532_1.0|w2	tblastn	REF|64495_cbs110-17_MAT_Minus|gene1|sexM	46.2	E=0.38	76
GCA_027577575.1_UCR_CoemRSA532_1.0|w3|t0	GCA_027577575.1_UCR_CoemRSA532_1.0	cand	GCA_027577575.1_UCR_CoemRSA532_1.0|w3	tblastn	REF|3231046_uomd23-19_MAT_Plus|gene1|sexP	34.7	E=0.00046	57
GCA_027577575.1_UCR_CoemRSA532_1.0|w3|t1	GCA_027577575.1_UCR_CoemRSA532_1.0	cand	GCA_027577575.1_UCR_CoemRSA532_1.0|w3	tblastn	REF|4850_vkm-f-921_MAT_Minus|gene0|sexM	24.3	E=0.39	70
GCA_027577575.1_UCR_CoemRSA532_1.0|w3|t2	GCA_027577575.1_UCR_CoemRSA532_1.0	cand	GCA_027577575.1_UCR_CoemRSA532_1.0|w3	tblastn	REF|64495_cbs110-17_MAT_Minus|gene1|sexM	42.7	E=0.87	65
GCA_027577575.1_UCR_CoemRSA532_1.0|w3|t4	GCA_027577575.1_UCR_CoemRSA532_1.0	cand	GCA_027577575.1_UCR_CoemRSA532_1.0|w3	tblastn	REF|3231046_uomd23-19_MAT_Plus|gene1|sexP	21.2	E=6.6	50
GCA_027577575.1_UCR_CoemRSA532_1.0|w3|t5	GCA_027577575.1_UCR_CoemRSA532_1.0	cand	GCA_027577575.1_UCR_CoemRSA532_1.0|w3	tblastn	REF|64495_cbs346-36_MAT_Plus|gene2|sexP	23.1	E=1.4	50
GCA_027577575.1_UCR_CoemRSA532_1.0|w3|t6	GCA_027577575.1_UCR_CoemRSA532_1.0	cand	GCA_027577575.1_UCR_CoemRSA532_1.0|w3	tblastn	REF|36080_nrrl-3631_MAT_Plus|gene1|sexP	28.9	E=0.025	40
GCA_027577575.1_UCR_CoemRSA532_1.0|w4|t0	GCA_027577575.1_UCR_CoemRSA532_1.0	cand	GCA_027577575.1_UCR_CoemRSA532_1.0|w4	tblastn	REF|36080_r7b_MAT_Minus|gene1|sexM	26.9	E=0.073	60
GCA_027577575.1_UCR_CoemRSA532_1.0|w4|t1	GCA_027577575.1_UCR_CoemRSA532_1.0	cand	GCA_027577575.1_UCR_CoemRSA532_1.0|w4	tblastn	REF|3108396_ai-2023a_MAT_Plus|gene2|sexP	45.0	E=2	95
GCA_027577575.1_UCR_CoemRSA532_1.0|w4|t2	GCA_027577575.1_UCR_CoemRSA532_1.0	cand	GCA_027577575.1_UCR_CoemRSA532_1.0|w4	tblastn	REF|36080_nrrl-3631_MAT_Plus|gene1|sexP	42.0	E=7	54
GCA_027577575.1_UCR_CoemRSA532_1.0|w4|t3	GCA_027577575.1_UCR_CoemRSA532_1.0	cand	GCA_027577575.1_UCR_CoemRSA532_1.0|w4	tblastn	REF|36080_nrrl-3631_MAT_Plus|gene1|sexP	21.9	E=3.9	35
GCA_027577575.1_UCR_CoemRSA532_1.0|w5|t0	GCA_027577575.1_UCR_CoemRSA532_1.0	cand	GCA_027577575.1_UCR_CoemRSA532_1.0|w5	tblastn	REF|3231046_uomd23-19_MAT_Plus|gene1|sexP	39.3	E=1.4e-05	69
GCA_027577575.1_UCR_CoemRSA532_1.0|w6|t0	GCA_027577575.1_UCR_CoemRSA532_1.0	cand	GCA_027577575.1_UCR_CoemRSA532_1.0|w6	tblastn	REF|29922_cbs109-16_MAT_Minus|gene1|sexM	37.0	E=3.1e-05	65
GCA_027577575.1_UCR_CoemRSA532_1.0|w7|t0	GCA_027577575.1_UCR_CoemRSA532_1.0	cand	GCA_027577575.1_UCR_CoemRSA532_1.0|w7	tblastn	REF|36080_nrrl-3631_MAT_Plus|gene1|sexP	26.9	E=0.11	93
GCA_027577575.1_UCR_CoemRSA532_1.0|w7|t1	GCA_027577575.1_UCR_CoemRSA532_1.0	cand	GCA_027577575.1_UCR_CoemRSA532_1.0|w7	tblastn	REF|86630_cbs357-93_MAT_Minus|gene0|sexM	48.1	E=0.29	70
GCA_027577575.1_UCR_CoemRSA532_1.0|w7|t2	GCA_027577575.1_UCR_CoemRSA532_1.0	cand	GCA_027577575.1_UCR_CoemRSA532_1.0|w7	tblastn	REF|36080_nrrl-3631_MAT_Plus|gene1|sexP	43.5	E=2.1	68
GCA_027577575.1_UCR_CoemRSA532_1.0|w8|t0	GCA_027577575.1_UCR_CoemRSA532_1.0	cand	GCA_027577575.1_UCR_CoemRSA532_1.0|w8	tblastn	REF|4837_ubc21_MAT_Plus|gene1|sexP	43.5	E=1.7	50
GCA_027577595.1_UCR_CoemRSA487_1.0|w0|t0	GCA_027577595.1_UCR_CoemRSA487_1.0	cand	GCA_027577595.1_UCR_CoemRSA487_1.0|w0	tblastn	REF|3108396_ai-2023a_MAT_Plus|gene2|sexP	28.9	E=0.091	40
GCA_027577595.1_UCR_CoemRSA487_1.0|w0|t1	GCA_027577595.1_UCR_CoemRSA487_1.0	cand	GCA_027577595.1_UCR_CoemRSA487_1.0|w0	tblastn	REF|101119_atcc11807_MAT_Minus|gene0|sexM	30.8	E=0.009	42
GCA_027577595.1_UCR_CoemRSA487_1.0|w1|t0	GCA_027577595.1_UCR_CoemRSA487_1.0	cand	GCA_027577595.1_UCR_CoemRSA487_1.0|w1	tblastn	REF|3231046_uomau377_MAT_Minus|gene1|sexM	26.9	E=0.22	68
GCA_027577595.1_UCR_CoemRSA487_1.0|w1|t2	GCA_027577595.1_UCR_CoemRSA487_1.0	cand	GCA_027577595.1_UCR_CoemRSA487_1.0|w1	tblastn	REF|3231046_uomd23-19_MAT_Plus|gene1|sexP	41.6	E=1e-05	81
GCA_027577595.1_UCR_CoemRSA487_1.0|w1|t3	GCA_027577595.1_UCR_CoemRSA487_1.0	cand	GCA_027577595.1_UCR_CoemRSA487_1.0|w1	tblastn	REF|3231046_uomau377_MAT_Minus|gene1|sexM	22.3	E=7.5	50
GCA_027577595.1_UCR_CoemRSA487_1.0|w1|t6	GCA_027577595.1_UCR_CoemRSA487_1.0	cand	GCA_027577595.1_UCR_CoemRSA487_1.0|w1	tblastn	REF|4837_nrrl1555_MAT_Minus|gene1|sexM	29.6	E=0.031	108
GCA_027577595.1_UCR_CoemRSA487_1.0|w2|t1	GCA_027577595.1_UCR_CoemRSA487_1.0	cand	GCA_027577595.1_UCR_CoemRSA487_1.0|w2	tblastn	REF|101119_atcc11807_MAT_Minus|gene0|sexM	27.3	E=0.13	101
GCA_027577595.1_UCR_CoemRSA487_1.0|w2|t2	GCA_027577595.1_UCR_CoemRSA487_1.0	cand	GCA_027577595.1_UCR_CoemRSA487_1.0|w2	tblastn	REF|36080_nrrl-3631_MAT_Plus|gene1|sexP	24.6	E=1.9	35
GCA_027577595.1_UCR_CoemRSA487_1.0|w2|t5	GCA_027577595.1_UCR_CoemRSA487_1.0	cand	GCA_027577595.1_UCR_CoemRSA487_1.0|w2	tblastn	REF|35722_atcc11077_MAT_Minus|gene0|sexM	26.2	E=0.28	57
GCA_027577595.1_UCR_CoemRSA487_1.0|w2|t7	GCA_027577595.1_UCR_CoemRSA487_1.0	cand	GCA_027577595.1_UCR_CoemRSA487_1.0|w2	tblastn	REF|36080_nrrl-3631_MAT_Plus|gene1|sexP	30.0	E=0.039	45
GCA_027577595.1_UCR_CoemRSA487_1.0|w2|t8	GCA_027577595.1_UCR_CoemRSA487_1.0	cand	GCA_027577595.1_UCR_CoemRSA487_1.0|w2	tblastn	REF|4850_vkm-f-921_MAT_Minus|gene0|sexM	21.6	E=8.9	44
GCA_027577595.1_UCR_CoemRSA487_1.0|w2|t9	GCA_027577595.1_UCR_CoemRSA487_1.0	cand	GCA_027577595.1_UCR_CoemRSA487_1.0|w2	tblastn	REF|64495_cbs346-36_MAT_Plus|gene2|sexP	22.7	E=7.8	38
GCA_027577595.1_UCR_CoemRSA487_1.0|w2|t10	GCA_027577595.1_UCR_CoemRSA487_1.0	cand	GCA_027577595.1_UCR_CoemRSA487_1.0|w2	tblastn	REF|64495_cbs346-36_MAT_Plus|gene2|sexP	25.8	E=0.7	33
GCA_027577595.1_UCR_CoemRSA487_1.0|w3|t0	GCA_027577595.1_UCR_CoemRSA487_1.0	cand	GCA_027577595.1_UCR_CoemRSA487_1.0|w3	tblastn	REF|3231046_uomd23-19_MAT_Plus|gene1|sexP	33.9	E=0.002	57
GCA_027577595.1_UCR_CoemRSA487_1.0|w3|t2	GCA_027577595.1_UCR_CoemRSA487_1.0	cand	GCA_027577595.1_UCR_CoemRSA487_1.0|w3	tblastn	REF|3231046_uomd23-19_MAT_Plus|gene1|sexP	25.0	E=1.5	56
GCA_027577595.1_UCR_CoemRSA487_1.0|w4|t0	GCA_027577595.1_UCR_CoemRSA487_1.0	cand	GCA_027577595.1_UCR_CoemRSA487_1.0|w4	tblastn	REF|36080_r7b_MAT_Minus|gene1|sexM	23.9	E=2.6	30
GCA_027577595.1_UCR_CoemRSA487_1.0|w4|t1	GCA_027577595.1_UCR_CoemRSA487_1.0	cand	GCA_027577595.1_UCR_CoemRSA487_1.0|w4	tblastn	REF|36080_nrrl-3631_MAT_Plus|gene1|sexP	27.3	E=0.28	55
GCA_027577595.1_UCR_CoemRSA487_1.0|w5|t0	GCA_027577595.1_UCR_CoemRSA487_1.0	cand	GCA_027577595.1_UCR_CoemRSA487_1.0|w5	tblastn	REF|4850_vkm-f-921_MAT_Minus|gene0|sexM	23.9	E=1.8	40
GCA_027577595.1_UCR_CoemRSA487_1.0|w5|t1	GCA_027577595.1_UCR_CoemRSA487_1.0	cand	GCA_027577595.1_UCR_CoemRSA487_1.0|w5	tblastn	REF|4850_vkm-f-921_MAT_Minus|gene0|sexM	28.9	E=0.052	51
GCA_027577595.1_UCR_CoemRSA487_1.0|w5|t3	GCA_027577595.1_UCR_CoemRSA487_1.0	cand	GCA_027577595.1_UCR_CoemRSA487_1.0|w5	tblastn	REF|36080_nrrl-3631_MAT_Plus|gene1|sexP	26.2	E=0.69	42
GCA_027577595.1_UCR_CoemRSA487_1.0|w5|t5	GCA_027577595.1_UCR_CoemRSA487_1.0	cand	GCA_027577595.1_UCR_CoemRSA487_1.0|w5	tblastn	REF|3108396_ai-2023a_MAT_Plus|gene2|sexP	47.3	E=1.2	56
GCA_027577595.1_UCR_CoemRSA487_1.0|w5|t6	GCA_027577595.1_UCR_CoemRSA487_1.0	cand	GCA_027577595.1_UCR_CoemRSA487_1.0|w5	tblastn	REF|29922_cbs109-16_MAT_Minus|gene1|sexM	26.6	E=0.26	36
GCA_027577595.1_UCR_CoemRSA487_1.0|w6|t0	GCA_027577595.1_UCR_CoemRSA487_1.0	cand	GCA_027577595.1_UCR_CoemRSA487_1.0|w6	tblastn	REF|64495_cbs110-17_MAT_Minus|gene1|sexM	26.2	E=0.29	40
GCA_027577595.1_UCR_CoemRSA487_1.0|w6|t3	GCA_027577595.1_UCR_CoemRSA487_1.0	cand	GCA_027577595.1_UCR_CoemRSA487_1.0|w6	tblastn	REF|64495_cbs110-17_MAT_Minus|gene1|sexM	26.2	E=0.25	56
GCA_027577595.1_UCR_CoemRSA487_1.0|w6|t4	GCA_027577595.1_UCR_CoemRSA487_1.0	cand	GCA_027577595.1_UCR_CoemRSA487_1.0|w6	tblastn	REF|4837_ubc21_MAT_Plus|gene1|sexP	26.2	E=0.57	37
GCA_027577595.1_UCR_CoemRSA487_1.0|w6|t5	GCA_027577595.1_UCR_CoemRSA487_1.0	cand	GCA_027577595.1_UCR_CoemRSA487_1.0|w6	tblastn	REF|3108396_ai-2023a_MAT_Plus|gene2|sexP	31.2	E=0.018	111
GCA_027577595.1_UCR_CoemRSA487_1.0|w6|t9	GCA_027577595.1_UCR_CoemRSA487_1.0	cand	GCA_027577595.1_UCR_CoemRSA487_1.0|w6	tblastn	REF|4837_nrrl1555_MAT_Minus|gene1|sexM	21.9	E=8.4	62
GCA_027577595.1_UCR_CoemRSA487_1.0|w6|t10	GCA_027577595.1_UCR_CoemRSA487_1.0	cand	GCA_027577595.1_UCR_CoemRSA487_1.0|w6	tblastn	REF|4837_nrrl1555_MAT_Minus|gene1|sexM	28.5	E=0.063	45
GCA_027577615.1_UCR_CoemRSA451_1.0|w0|t0	GCA_027577615.1_UCR_CoemRSA451_1.0	cand	GCA_027577615.1_UCR_CoemRSA451_1.0|w0	tblastn	REF|3231046_uomau377_MAT_Minus|gene1|sexM	108.5	E=3.4e-16	109
GCA_027577615.1_UCR_CoemRSA451_1.0|w1|t0	GCA_027577615.1_UCR_CoemRSA451_1.0	cand	GCA_027577615.1_UCR_CoemRSA451_1.0|w1	tblastn	REF|29922_cbs109-16_MAT_Minus|gene1|sexM	46.6	E=9.3e-09	62
GCA_027577615.1_UCR_CoemRSA451_1.0|w2|t0	GCA_027577615.1_UCR_CoemRSA451_1.0	cand	GCA_027577615.1_UCR_CoemRSA451_1.0|w2	tblastn	REF|64495_cbs110-17_MAT_Minus|gene1|sexM	39.3	E=2.1e-06	122
GCA_027577615.1_UCR_CoemRSA451_1.0|w3|t0	GCA_027577615.1_UCR_CoemRSA451_1.0	cand	GCA_027577615.1_UCR_CoemRSA451_1.0|w3	tblastn	REF|29922_cbs109-16_MAT_Minus|gene1|sexM	37.4	E=1.3e-05	65
GCA_027577615.1_UCR_CoemRSA451_1.0|w4|t0	GCA_027577615.1_UCR_CoemRSA451_1.0	cand	GCA_027577615.1_UCR_CoemRSA451_1.0|w4	tblastn	REF|64495_cbs110-17_MAT_Minus|gene1|sexM	27.3	E=0.016	34
GCA_027577615.1_UCR_CoemRSA451_1.0|w5|t2	GCA_027577615.1_UCR_CoemRSA451_1.0	cand	GCA_027577615.1_UCR_CoemRSA451_1.0|w5	tblastn	REF|3231046_uomd23-19_MAT_Plus|gene1|sexP	46.9	E=0.047	61
GCA_027577635.1_UCR_CoemRSA475_1.0|w0|t0	GCA_027577635.1_UCR_CoemRSA475_1.0	cand	GCA_027577635.1_UCR_CoemRSA475_1.0|w0	tblastn	REF|3108396_ai-2023a_MAT_Plus|gene2|sexP	92.4	E=4.4e-07	127
GCA_027577635.1_UCR_CoemRSA475_1.0|w0|t1	GCA_027577635.1_UCR_CoemRSA475_1.0	cand	GCA_027577635.1_UCR_CoemRSA475_1.0|w0	tblastn	REF|3231046_uomd23-19_MAT_Plus|gene1|sexP	23.9	E=1.3	35
GCA_027577635.1_UCR_CoemRSA475_1.0|w0|t3	GCA_027577635.1_UCR_CoemRSA475_1.0	cand	GCA_027577635.1_UCR_CoemRSA475_1.0|w0	tblastn	REF|4850_vkm-f-921_MAT_Minus|gene0|sexM	22.3	E=2.3	52
GCA_027577635.1_UCR_CoemRSA475_1.0|w0|t4	GCA_027577635.1_UCR_CoemRSA475_1.0	cand	GCA_027577635.1_UCR_CoemRSA475_1.0|w0	tblastn	REF|3231046_uomau377_MAT_Minus|gene1|sexM	23.9	E=0.84	36
GCA_027577635.1_UCR_CoemRSA475_1.0|w0|t6	GCA_027577635.1_UCR_CoemRSA475_1.0	cand	GCA_027577635.1_UCR_CoemRSA475_1.0|w0	tblastn	REF|36080_r7b_MAT_Minus|gene1|sexM	60.5	E=1.5e-05	147
GCA_027577635.1_UCR_CoemRSA475_1.0|w1|t0	GCA_027577635.1_UCR_CoemRSA475_1.0	cand	GCA_027577635.1_UCR_CoemRSA475_1.0|w1	tblastn	REF|64495_cbs346-36_MAT_Plus|gene2|sexP	30.0	E=0.015	52
GCA_027577635.1_UCR_CoemRSA475_1.0|w1|t1	GCA_027577635.1_UCR_CoemRSA475_1.0	cand	GCA_027577635.1_UCR_CoemRSA475_1.0|w1	tblastn	REF|4837_ubc21_MAT_Plus|gene1|sexP	25.4	E=0.38	46
GCA_027577635.1_UCR_CoemRSA475_1.0|w1|t3	GCA_027577635.1_UCR_CoemRSA475_1.0	cand	GCA_027577635.1_UCR_CoemRSA475_1.0|w1	tblastn	REF|3231046_uomd23-19_MAT_Plus|gene1|sexP	23.1	E=2.1	33
GCA_027577635.1_UCR_CoemRSA475_1.0|w1|t9	GCA_027577635.1_UCR_CoemRSA475_1.0	cand	GCA_027577635.1_UCR_CoemRSA475_1.0|w1	tblastn	REF|101119_atcc11807_MAT_Minus|gene0|sexM	22.7	E=1.4	45
GCA_027577635.1_UCR_CoemRSA475_1.0|w2|t0	GCA_027577635.1_UCR_CoemRSA475_1.0	cand	GCA_027577635.1_UCR_CoemRSA475_1.0|w2	tblastn	REF|29922_cbs109-16_MAT_Minus|gene1|sexM	25.0	E=0.27	76
GCA_027577635.1_UCR_CoemRSA475_1.0|w2|t1	GCA_027577635.1_UCR_CoemRSA475_1.0	cand	GCA_027577635.1_UCR_CoemRSA475_1.0|w2	tblastn	REF|64495_cbs346-36_MAT_Plus|gene2|sexP	37.8	E=5.7	31
GCA_027577635.1_UCR_CoemRSA475_1.0|w2|t3	GCA_027577635.1_UCR_CoemRSA475_1.0	cand	GCA_027577635.1_UCR_CoemRSA475_1.0|w2	tblastn	REF|36080_r7b_MAT_Minus|gene1|sexM	21.9	E=3.4	52
GCA_027577655.1_UCR_CoemRSA454_1.0|w0|t0	GCA_027577655.1_UCR_CoemRSA454_1.0	cand	GCA_027577655.1_UCR_CoemRSA454_1.0|w0	tblastn	REF|4837_nrrl1555_MAT_Minus|gene1|sexM	52.0	E=7.3e-10	79
GCA_027577655.1_UCR_CoemRSA454_1.0|w0|t1	GCA_027577655.1_UCR_CoemRSA454_1.0	cand	GCA_027577655.1_UCR_CoemRSA454_1.0|w0	tblastn	REF|64495_cbs110-17_MAT_Minus|gene1|sexM	92.8	E=1.2e-16	93
GCA_027577655.1_UCR_CoemRSA454_1.0|w1|t0	GCA_027577655.1_UCR_CoemRSA454_1.0	cand	GCA_027577655.1_UCR_CoemRSA454_1.0|w1	tblastn	REF|101119_atcc11807_MAT_Minus|gene0|sexM	30.0	E=0.01	42
GCA_027577655.1_UCR_CoemRSA454_1.0|w2|t0	GCA_027577655.1_UCR_CoemRSA454_1.0	cand	GCA_027577655.1_UCR_CoemRSA454_1.0|w2	tblastn	REF|3231046_uomd23-19_MAT_Plus|gene1|sexP	34.7	E=0.00089	57
GCA_027577655.1_UCR_CoemRSA454_1.0|w3|t0	GCA_027577655.1_UCR_CoemRSA454_1.0	cand	GCA_027577655.1_UCR_CoemRSA454_1.0|w3	tblastn	REF|29922_cbs109-16_MAT_Minus|gene1|sexM	28.9	E=0.028	55
GCA_027577655.1_UCR_CoemRSA454_1.0|w3|t2	GCA_027577655.1_UCR_CoemRSA454_1.0	cand	GCA_027577655.1_UCR_CoemRSA454_1.0|w3	tblastn	REF|64495_cbs346-36_MAT_Plus|gene2|sexP	37.8	E=8.7	31
GCA_027577655.1_UCR_CoemRSA454_1.0|w3|t5	GCA_027577655.1_UCR_CoemRSA454_1.0	cand	GCA_027577655.1_UCR_CoemRSA454_1.0|w3	tblastn	REF|3231046_uomau377_MAT_Minus|gene1|sexM	26.9	E=0.12	30
GCA_027577655.1_UCR_CoemRSA454_1.0|w4|t0	GCA_027577655.1_UCR_CoemRSA454_1.0	cand	GCA_027577655.1_UCR_CoemRSA454_1.0|w4	tblastn	REF|29922_cbs109-16_MAT_Minus|gene1|sexM	37.0	E=6e-05	65
GCA_027577655.1_UCR_CoemRSA454_1.0|w5|t1	GCA_027577655.1_UCR_CoemRSA454_1.0	cand	GCA_027577655.1_UCR_CoemRSA454_1.0|w5	tblastn	REF|86630_cbs357-93_MAT_Minus|gene0|sexM	28.9	E=0.019	42
GCA_027577655.1_UCR_CoemRSA454_1.0|w6|t1	GCA_027577655.1_UCR_CoemRSA454_1.0	cand	GCA_027577655.1_UCR_CoemRSA454_1.0|w6	tblastn	REF|36080_r7b_MAT_Minus|gene1|sexM	25.8	E=0.31	53
GCA_027577655.1_UCR_CoemRSA454_1.0|w6|t3	GCA_027577655.1_UCR_CoemRSA454_1.0	cand	GCA_027577655.1_UCR_CoemRSA454_1.0|w6	tblastn	REF|35722_atcc11077_MAT_Minus|gene0|sexM	23.5	E=1.4	30
GCA_027577655.1_UCR_CoemRSA454_1.0|w6|t4	GCA_027577655.1_UCR_CoemRSA454_1.0	cand	GCA_027577655.1_UCR_CoemRSA454_1.0|w6	tblastn	REF|36080_r7b_MAT_Minus|gene1|sexM	21.6	E=7.1	109
GCA_027577655.1_UCR_CoemRSA454_1.0|w7|t1	GCA_027577655.1_UCR_CoemRSA454_1.0	cand	GCA_027577655.1_UCR_CoemRSA454_1.0|w7	tblastn	REF|4837_nrrl1555_MAT_Minus|gene1|sexM	21.6	E=5.9	39
GCA_027577655.1_UCR_CoemRSA454_1.0|w7|t2	GCA_027577655.1_UCR_CoemRSA454_1.0	cand	GCA_027577655.1_UCR_CoemRSA454_1.0|w7	tblastn	REF|36080_nrrl-3631_MAT_Plus|gene1|sexP	21.9	E=6.8	37
GCA_027577655.1_UCR_CoemRSA454_1.0|w7|t3	GCA_027577655.1_UCR_CoemRSA454_1.0	cand	GCA_027577655.1_UCR_CoemRSA454_1.0|w7	tblastn	REF|3108396_ai-2023a_MAT_Plus|gene2|sexP	30.0	E=0.025	61
GCA_027577655.1_UCR_CoemRSA454_1.0|w8|t0	GCA_027577655.1_UCR_CoemRSA454_1.0	cand	GCA_027577655.1_UCR_CoemRSA454_1.0|w8	tblastn	REF|3108396_ai-2023a_MAT_Plus|gene2|sexP	28.1	E=0.088	47
GCA_027577655.1_UCR_CoemRSA454_1.0|w9|t1	GCA_027577655.1_UCR_CoemRSA454_1.0	cand	GCA_027577655.1_UCR_CoemRSA454_1.0|w9	tblastn	REF|4850_vkm-f-921_MAT_Minus|gene0|sexM	24.6	E=0.61	148
GCA_027577655.1_UCR_CoemRSA454_1.0|w9|t3	GCA_027577655.1_UCR_CoemRSA454_1.0	cand	GCA_027577655.1_UCR_CoemRSA454_1.0|w9	tblastn	REF|101119_atcc11807_MAT_Plus|gene0|sexP	48.1	E=0.28	76
GCA_027577655.1_UCR_CoemRSA454_1.0|w9|t4	GCA_027577655.1_UCR_CoemRSA454_1.0	cand	GCA_027577655.1_UCR_CoemRSA454_1.0|w9	tblastn	REF|64495_cbs346-36_MAT_Plus|gene2|sexP	23.9	E=2.1	86
GCA_027577655.1_UCR_CoemRSA454_1.0|w9|t5	GCA_027577655.1_UCR_CoemRSA454_1.0	cand	GCA_027577655.1_UCR_CoemRSA454_1.0|w9	tblastn	REF|3108396_ai-2023a_MAT_Plus|gene2|sexP	26.6	E=0.29	108
GCA_027577655.1_UCR_CoemRSA454_1.0|w10|t0	GCA_027577655.1_UCR_CoemRSA454_1.0	cand	GCA_027577655.1_UCR_CoemRSA454_1.0|w10	tblastn	REF|64495_cbs110-17_MAT_Minus|gene1|sexM	37.3	E=8.3	55
GCA_027577655.1_UCR_CoemRSA454_1.0|w11|t0	GCA_027577655.1_UCR_CoemRSA454_1.0	cand	GCA_027577655.1_UCR_CoemRSA454_1.0|w11	tblastn	REF|64495_cbs346-36_MAT_Plus|gene2|sexP	28.1	E=0.091	31
GCA_027577675.1_UCR_CoemRSA376_1.0|w0|t0	GCA_027577675.1_UCR_CoemRSA376_1.0	cand	GCA_027577675.1_UCR_CoemRSA376_1.0|w0	tblastn	REF|101119_atcc11807_MAT_Minus|gene0|sexM	23.1	E=0.54	61
GCA_027577675.1_UCR_CoemRSA376_1.0|w0|t1	GCA_027577675.1_UCR_CoemRSA376_1.0	cand	GCA_027577675.1_UCR_CoemRSA376_1.0|w0	tblastn	REF|3231046_uomau377_MAT_Minus|gene1|sexM	46.2	E=0.4	115
GCA_027577675.1_UCR_CoemRSA376_1.0|w1|t1	GCA_027577675.1_UCR_CoemRSA376_1.0	cand	GCA_027577675.1_UCR_CoemRSA376_1.0|w1	tblastn	REF|3231046_uomau377_MAT_Minus|gene1|sexM	72.0	E=0.011	65
GCA_027577675.1_UCR_CoemRSA376_1.0|w1|t2	GCA_027577675.1_UCR_CoemRSA376_1.0	cand	GCA_027577675.1_UCR_CoemRSA376_1.0|w1	tblastn	REF|64495_cbs346-36_MAT_Plus|gene2|sexP	25.0	E=0.32	40
GCA_027577675.1_UCR_CoemRSA376_1.0|w1|t3	GCA_027577675.1_UCR_CoemRSA376_1.0	cand	GCA_027577675.1_UCR_CoemRSA376_1.0|w1	tblastn	REF|3231046_uomau377_MAT_Minus|gene1|sexM	22.3	E=1.5	30
GCA_027577675.1_UCR_CoemRSA376_1.0|w1|t4	GCA_027577675.1_UCR_CoemRSA376_1.0	cand	GCA_027577675.1_UCR_CoemRSA376_1.0|w1	tblastn	REF|64495_cbs346-36_MAT_Plus|gene2|sexP	23.9	E=0.63	52
GCA_027577675.1_UCR_CoemRSA376_1.0|w2|t3	GCA_027577675.1_UCR_CoemRSA376_1.0	cand	GCA_027577675.1_UCR_CoemRSA376_1.0|w2	tblastn	REF|86630_cbs357-93_MAT_Minus|gene0|sexM	26.6	E=0.044	35
GCA_027577675.1_UCR_CoemRSA376_1.0|w3|t1	GCA_027577675.1_UCR_CoemRSA376_1.0	cand	GCA_027577675.1_UCR_CoemRSA376_1.0|w3	tblastn	REF|36080_nrrl-3631_MAT_Plus|gene1|sexP	55.1	E=0.014	128
GCA_027577675.1_UCR_CoemRSA376_1.0|w3|t2	GCA_027577675.1_UCR_CoemRSA376_1.0	cand	GCA_027577675.1_UCR_CoemRSA376_1.0|w3	tblastn	REF|36080_r7b_MAT_Minus|gene1|sexM	20.0	E=7.4	33
GCA_027577675.1_UCR_CoemRSA376_1.0|w4|t0	GCA_027577675.1_UCR_CoemRSA376_1.0	cand	GCA_027577675.1_UCR_CoemRSA376_1.0|w4	tblastn	REF|3231046_uomd23-19_MAT_Plus|gene1|sexP	53.1	E=0.043	55
GCA_027577675.1_UCR_CoemRSA376_1.0|w5|t0	GCA_027577675.1_UCR_CoemRSA376_1.0	cand	GCA_027577675.1_UCR_CoemRSA376_1.0|w5	tblastn	REF|4837_ubc21_MAT_Plus|gene1|sexP	31.6	E=0.003	97
GCA_027577695.1_UCR_CoemRSA371_1.0|w0|t0	GCA_027577695.1_UCR_CoemRSA371_1.0	cand	GCA_027577695.1_UCR_CoemRSA371_1.0|w0	tblastn	REF|64495_cbs346-36_MAT_Plus|gene2|sexP	60.5	E=3.3e-07	108
GCA_027577695.1_UCR_CoemRSA371_1.0|w1|t0	GCA_027577695.1_UCR_CoemRSA371_1.0	cand	GCA_027577695.1_UCR_CoemRSA371_1.0|w1	tblastn	REF|3108396_ai-2023a_MAT_Plus|gene2|sexP	48.5	E=0.005	101
GCA_027577695.1_UCR_CoemRSA371_1.0|w2|t0	GCA_027577695.1_UCR_CoemRSA371_1.0	cand	GCA_027577695.1_UCR_CoemRSA371_1.0|w2	tblastn	REF|3231046_uomd23-19_MAT_Plus|gene1|sexP	58.9	E=2.5e-06	82
GCA_027577695.1_UCR_CoemRSA371_1.0|w3|t0	GCA_027577695.1_UCR_CoemRSA371_1.0	cand	GCA_027577695.1_UCR_CoemRSA371_1.0|w3	tblastn	REF|4837_ubc21_MAT_Plus|gene1|sexP	43.5	E=0.29	50
GCA_027577715.1_UCR_CoemRSA2706_1.0|w0|t0	GCA_027577715.1_UCR_CoemRSA2706_1.0	cand	GCA_027577715.1_UCR_CoemRSA2706_1.0|w0	tblastn	REF|64495_cbs110-17_MAT_Minus|gene1|sexM	67.0	E=7e-16	79
GCA_027577715.1_UCR_CoemRSA2706_1.0|w1|t0	GCA_027577715.1_UCR_CoemRSA2706_1.0	cand	GCA_027577715.1_UCR_CoemRSA2706_1.0|w1	tblastn	REF|4837_ubc21_MAT_Plus|gene1|sexP	38.9	E=6.1e-06	98
GCA_027577715.1_UCR_CoemRSA2706_1.0|w2|t0	GCA_027577715.1_UCR_CoemRSA2706_1.0	cand	GCA_027577715.1_UCR_CoemRSA2706_1.0|w2	tblastn	REF|29922_cbs109-16_MAT_Minus|gene1|sexM	46.6	E=8.8e-09	61
GCA_027577715.1_UCR_CoemRSA2706_1.0|w3|t0	GCA_027577715.1_UCR_CoemRSA2706_1.0	cand	GCA_027577715.1_UCR_CoemRSA2706_1.0|w3	tblastn	REF|3108396_ai-2023a_MAT_Plus|gene2|sexP	50.4	E=0.003	68
GCA_027577715.1_UCR_CoemRSA2706_1.0|w4|t0	GCA_027577715.1_UCR_CoemRSA2706_1.0	cand	GCA_027577715.1_UCR_CoemRSA2706_1.0|w4	tblastn	REF|64495_cbs346-36_MAT_Plus|gene2|sexP	29.3	E=0.008	49
GCA_027577715.1_UCR_CoemRSA2706_1.0|w5|t0	GCA_027577715.1_UCR_CoemRSA2706_1.0	cand	GCA_027577715.1_UCR_CoemRSA2706_1.0|w5	tblastn	REF|64495_cbs110-17_MAT_Minus|gene1|sexM	34.3	E=8.9e-05	90
GCA_027577715.1_UCR_CoemRSA2706_1.0|w6|t0	GCA_027577715.1_UCR_CoemRSA2706_1.0	cand	GCA_027577715.1_UCR_CoemRSA2706_1.0|w6	tblastn	REF|36080_r7b_MAT_Minus|gene1|sexM	27.3	E=0.023	44
GCA_027577715.1_UCR_CoemRSA2706_1.0|w7|t0	GCA_027577715.1_UCR_CoemRSA2706_1.0	cand	GCA_027577715.1_UCR_CoemRSA2706_1.0|w7	tblastn	REF|64495_cbs346-36_MAT_Plus|gene2|sexP	44.6	E=0.2	66
GCA_027577715.1_UCR_CoemRSA2706_1.0|w8|t0	GCA_027577715.1_UCR_CoemRSA2706_1.0	cand	GCA_027577715.1_UCR_CoemRSA2706_1.0|w8	tblastn	REF|64495_cbs110-17_MAT_Minus|gene1|sexM	45.8	E=0.029	52
GCA_027577725.1_UCR_CoemRSA518_1.0|w0|t0	GCA_027577725.1_UCR_CoemRSA518_1.0	cand	GCA_027577725.1_UCR_CoemRSA518_1.0|w0	tblastn	REF|64495_cbs110-17_MAT_Minus|gene1|sexM	40.4	E=1.3e-06	61
GCA_027577725.1_UCR_CoemRSA518_1.0|w1|t0	GCA_027577725.1_UCR_CoemRSA518_1.0	cand	GCA_027577725.1_UCR_CoemRSA518_1.0|w1	tblastn	REF|64495_cbs110-17_MAT_Minus|gene1|sexM	46.2	E=0.27	76
GCA_027577725.1_UCR_CoemRSA518_1.0|w2|t0	GCA_027577725.1_UCR_CoemRSA518_1.0	cand	GCA_027577725.1_UCR_CoemRSA518_1.0|w2	tblastn	REF|3231046_uomd23-19_MAT_Plus|gene1|sexP	34.7	E=0.00032	57
GCA_027577725.1_UCR_CoemRSA518_1.0|w2|t1	GCA_027577725.1_UCR_CoemRSA518_1.0	cand	GCA_027577725.1_UCR_CoemRSA518_1.0|w2	tblastn	REF|4850_vkm-f-921_MAT_Minus|gene0|sexM	24.3	E=0.28	70
GCA_027577725.1_UCR_CoemRSA518_1.0|w2|t2	GCA_027577725.1_UCR_CoemRSA518_1.0	cand	GCA_027577725.1_UCR_CoemRSA518_1.0|w2	tblastn	REF|64495_cbs110-17_MAT_Minus|gene1|sexM	42.7	E=0.61	65
GCA_027577725.1_UCR_CoemRSA518_1.0|w2|t3	GCA_027577725.1_UCR_CoemRSA518_1.0	cand	GCA_027577725.1_UCR_CoemRSA518_1.0|w2	tblastn	REF|64495_cbs346-36_MAT_Plus|gene2|sexP	43.5	E=1	73
GCA_027577725.1_UCR_CoemRSA518_1.0|w2|t4	GCA_027577725.1_UCR_CoemRSA518_1.0	cand	GCA_027577725.1_UCR_CoemRSA518_1.0|w2	tblastn	REF|3108396_ai-2023a_MAT_Plus|gene2|sexP	42.4	E=3.8	74
GCA_027577725.1_UCR_CoemRSA518_1.0|w3|t0	GCA_027577725.1_UCR_CoemRSA518_1.0	cand	GCA_027577725.1_UCR_CoemRSA518_1.0|w3	tblastn	REF|3231046_uomau377_MAT_Minus|gene1|sexM	21.9	E=1.7	87
GCA_027577725.1_UCR_CoemRSA518_1.0|w3|t1	GCA_027577725.1_UCR_CoemRSA518_1.0	cand	GCA_027577725.1_UCR_CoemRSA518_1.0|w3	tblastn	REF|36080_nrrl-3631_MAT_Plus|gene1|sexP	21.2	E=5.4	45
GCA_027577725.1_UCR_CoemRSA518_1.0|w4|t0	GCA_027577725.1_UCR_CoemRSA518_1.0	cand	GCA_027577725.1_UCR_CoemRSA518_1.0|w4	tblastn	REF|29922_cbs109-16_MAT_Minus|gene1|sexM	40.0	E=2.6e-06	59
GCA_027577725.1_UCR_CoemRSA518_1.0|w5|t1	GCA_027577725.1_UCR_CoemRSA518_1.0	cand	GCA_027577725.1_UCR_CoemRSA518_1.0|w5	tblastn	REF|29922_cbs109-16_MAT_Minus|gene1|sexM	37.0	E=2.2e-05	65
GCA_027577745.1_UCR_CoemRSA355_1.0|w0|t1	GCA_027577745.1_UCR_CoemRSA355_1.0	cand	GCA_027577745.1_UCR_CoemRSA355_1.0|w0	tblastn	REF|29922_cbs109-16_MAT_Minus|gene1|sexM	37.0	E=3.1e-05	65
GCA_027577745.1_UCR_CoemRSA355_1.0|w0|t2	GCA_027577745.1_UCR_CoemRSA355_1.0	cand	GCA_027577745.1_UCR_CoemRSA355_1.0|w0	tblastn	REF|35722_atcc11077_MAT_Minus|gene0|sexM	45.4	E=0.92	66
GCA_027577745.1_UCR_CoemRSA355_1.0|w0|t3	GCA_027577745.1_UCR_CoemRSA355_1.0	cand	GCA_027577745.1_UCR_CoemRSA355_1.0|w0	tblastn	REF|29922_cbs109-16_MAT_Minus|gene1|sexM	73.6	E=4.4e-10	97
GCA_027577745.1_UCR_CoemRSA355_1.0|w0|t4	GCA_027577745.1_UCR_CoemRSA355_1.0	cand	GCA_027577745.1_UCR_CoemRSA355_1.0|w0	tblastn	REF|86630_cbs357-93_MAT_Minus|gene0|sexM	41.2	E=3.7	82
GCA_027577745.1_UCR_CoemRSA355_1.0|w0|t5	GCA_027577745.1_UCR_CoemRSA355_1.0	cand	GCA_027577745.1_UCR_CoemRSA355_1.0|w0	tblastn	REF|4837_ubc21_MAT_Plus|gene1|sexP	22.3	E=2.6	72
GCA_027577745.1_UCR_CoemRSA355_1.0|w0|t6	GCA_027577745.1_UCR_CoemRSA355_1.0	cand	GCA_027577745.1_UCR_CoemRSA355_1.0|w0	tblastn	REF|35722_atcc11077_MAT_Minus|gene0|sexM	22.7	E=1.2	57
GCA_027577745.1_UCR_CoemRSA355_1.0|w0|t7	GCA_027577745.1_UCR_CoemRSA355_1.0	cand	GCA_027577745.1_UCR_CoemRSA355_1.0|w0	tblastn	REF|3231046_uomd23-19_MAT_Plus|gene1|sexP	44.3	E=1.3	66
GCA_027577745.1_UCR_CoemRSA355_1.0|w0|t8	GCA_027577745.1_UCR_CoemRSA355_1.0	cand	GCA_027577745.1_UCR_CoemRSA355_1.0|w0	tblastn	REF|101119_atcc11807_MAT_Plus|gene0|sexP	23.9	E=0.79	57
GCA_027577745.1_UCR_CoemRSA355_1.0|w1|t0	GCA_027577745.1_UCR_CoemRSA355_1.0	cand	GCA_027577745.1_UCR_CoemRSA355_1.0|w1	tblastn	REF|35722_atcc11077_MAT_Minus|gene0|sexM	22.7	E=1.1	132
GCA_027577745.1_UCR_CoemRSA355_1.0|w1|t7	GCA_027577745.1_UCR_CoemRSA355_1.0	cand	GCA_027577745.1_UCR_CoemRSA355_1.0|w1	tblastn	REF|64495_cbs346-36_MAT_Plus|gene2|sexP	42.4	E=4.3	56
GCA_027577745.1_UCR_CoemRSA355_1.0|w1|t8	GCA_027577745.1_UCR_CoemRSA355_1.0	cand	GCA_027577745.1_UCR_CoemRSA355_1.0|w1	tblastn	REF|3231046_uomd23-19_MAT_Plus|gene1|sexP	20.8	E=7.4	37
GCA_027577745.1_UCR_CoemRSA355_1.0|w1|t10	GCA_027577745.1_UCR_CoemRSA355_1.0	cand	GCA_027577745.1_UCR_CoemRSA355_1.0|w1	tblastn	REF|4837_ubc21_MAT_Plus|gene1|sexP	25.4	E=0.3	46
GCA_027577745.1_UCR_CoemRSA355_1.0|w1|t11	GCA_027577745.1_UCR_CoemRSA355_1.0	cand	GCA_027577745.1_UCR_CoemRSA355_1.0|w1	tblastn	REF|64495_cbs346-36_MAT_Plus|gene2|sexP	30.0	E=0.012	52
GCA_027577765.1_UCR_CoemRSA2704_1.0|w0|t0	GCA_027577765.1_UCR_CoemRSA2704_1.0	cand	GCA_027577765.1_UCR_CoemRSA2704_1.0|w0	tblastn	REF|4837_ubc21_MAT_Plus|gene1|sexP	57.8	E=3.4e-06	121
GCA_027577765.1_UCR_CoemRSA2704_1.0|w1|t1	GCA_027577765.1_UCR_CoemRSA2704_1.0	cand	GCA_027577765.1_UCR_CoemRSA2704_1.0|w1	tblastn	REF|101119_atcc11807_MAT_Minus|gene0|sexM	21.9	E=0.4	71
GCA_027577765.1_UCR_CoemRSA2704_1.0|w2|t0	GCA_027577765.1_UCR_CoemRSA2704_1.0	cand	GCA_027577765.1_UCR_CoemRSA2704_1.0|w2	tblastn	REF|4837_ubc21_MAT_Plus|gene1|sexP	51.2	E=0.00025	89
GCA_027577765.1_UCR_CoemRSA2704_1.0|w3|t0	GCA_027577765.1_UCR_CoemRSA2704_1.0	cand	GCA_027577765.1_UCR_CoemRSA2704_1.0|w3	tblastn	REF|4837_ubc21_MAT_Plus|gene1|sexP	41.2	E=0.41	54
GCA_027577765.1_UCR_CoemRSA2704_1.0|w4|t0	GCA_027577765.1_UCR_CoemRSA2704_1.0	cand	GCA_027577765.1_UCR_CoemRSA2704_1.0|w4	tblastn	REF|3231046_uomau377_MAT_Minus|gene1|sexM	43.1	E=0.06	67
GCA_027577775.1_UCR_CoemRSA520_1.0|w0|t0	GCA_027577775.1_UCR_CoemRSA520_1.0	cand	GCA_027577775.1_UCR_CoemRSA520_1.0|w0	tblastn	REF|36080_r7b_MAT_Minus|gene1|sexM	98.2	E=1.3	111
GCA_027577795.1_UCR_CoemRSA530_1.0|w0|t0	GCA_027577795.1_UCR_CoemRSA530_1.0	cand	GCA_027577795.1_UCR_CoemRSA530_1.0|w0	tblastn	REF|29922_cbs109-16_MAT_Minus|gene1|sexM	39.6	E=4.1	80
GCA_027577795.1_UCR_CoemRSA530_1.0|w0|t1	GCA_027577795.1_UCR_CoemRSA530_1.0	cand	GCA_027577795.1_UCR_CoemRSA530_1.0|w0	tblastn	REF|101119_atcc11807_MAT_Minus|gene0|sexM	25.0	E=0.076	53
GCA_027577795.1_UCR_CoemRSA530_1.0|w0|t2	GCA_027577795.1_UCR_CoemRSA530_1.0	cand	GCA_027577795.1_UCR_CoemRSA530_1.0|w0	tblastn	REF|101119_atcc11807_MAT_Plus|gene0|sexP	41.6	E=2.6	70
GCA_027577795.1_UCR_CoemRSA530_1.0|w0|t4	GCA_027577795.1_UCR_CoemRSA530_1.0	cand	GCA_027577795.1_UCR_CoemRSA530_1.0|w0	tblastn	REF|86630_cbs357-93_MAT_Minus|gene0|sexM	39.2	E=3.6	45
GCA_027577815.1_UCR_CoemRSA485_1.0|w0|t0	GCA_027577815.1_UCR_CoemRSA485_1.0	cand	GCA_027577815.1_UCR_CoemRSA485_1.0|w0	tblastn	REF|3231046_uomau377_MAT_Minus|gene1|sexM	67.7	E=0.013	116
GCA_027577835.1_UCR_CoemRSA2705_1.0|w0|t0	GCA_027577835.1_UCR_CoemRSA2705_1.0	cand	GCA_027577835.1_UCR_CoemRSA2705_1.0|w0	tblastn	REF|4837_ubc21_MAT_Plus|gene1|sexP	57.8	E=3.5e-06	121
GCA_027577835.1_UCR_CoemRSA2705_1.0|w1|t0	GCA_027577835.1_UCR_CoemRSA2705_1.0	cand	GCA_027577835.1_UCR_CoemRSA2705_1.0|w1	tblastn	REF|101119_atcc11807_MAT_Minus|gene0|sexM	21.9	E=0.39	71
GCA_027577835.1_UCR_CoemRSA2705_1.0|w2|t0	GCA_027577835.1_UCR_CoemRSA2705_1.0	cand	GCA_027577835.1_UCR_CoemRSA2705_1.0|w2	tblastn	REF|4837_ubc21_MAT_Plus|gene1|sexP	33.1	E=0.00025	74
GCA_027577835.1_UCR_CoemRSA2705_1.0|w3|t0	GCA_027577835.1_UCR_CoemRSA2705_1.0	cand	GCA_027577835.1_UCR_CoemRSA2705_1.0|w3	tblastn	REF|36080_nrrl-3631_MAT_Plus|gene1|sexP	43.9	E=0.35	64
GCA_027577835.1_UCR_CoemRSA2705_1.0|w4|t0	GCA_027577835.1_UCR_CoemRSA2705_1.0	cand	GCA_027577835.1_UCR_CoemRSA2705_1.0|w4	tblastn	REF|64495_cbs110-17_MAT_Minus|gene1|sexM	63.5	E=0.015	69
GCA_027577845.1_UCR_CoemRSA2702_1.0|w0|t0	GCA_027577845.1_UCR_CoemRSA2702_1.0	cand	GCA_027577845.1_UCR_CoemRSA2702_1.0|w0	tblastn	REF|4837_ubc21_MAT_Plus|gene1|sexP	39.7	E=8.7e-07	49
GCA_027577845.1_UCR_CoemRSA2702_1.0|w1|t0	GCA_027577845.1_UCR_CoemRSA2702_1.0	cand	GCA_027577845.1_UCR_CoemRSA2702_1.0|w1	tblastn	REF|36080_nrrl-3631_MAT_Plus|gene1|sexP	40.0	E=1.1	72
GCA_027577845.1_UCR_CoemRSA2702_1.0|w2|t0	GCA_027577845.1_UCR_CoemRSA2702_1.0	cand	GCA_027577845.1_UCR_CoemRSA2702_1.0|w2	tblastn	REF|3231046_uomau377_MAT_Minus|gene1|sexM	25.0	E=0.03	45
GCA_027577855.1_UCR_CoemRSA353_1.0|w0|t0	GCA_027577855.1_UCR_CoemRSA353_1.0	cand	GCA_027577855.1_UCR_CoemRSA353_1.0|w0	tblastn	REF|36080_r7b_MAT_Minus|gene1|sexM	76.6	E=4.6e-05	165
GCA_027577855.1_UCR_CoemRSA353_1.0|w1|t0	GCA_027577855.1_UCR_CoemRSA353_1.0	cand	GCA_027577855.1_UCR_CoemRSA353_1.0|w1	tblastn	REF|3108396_ai-2023a_MAT_Plus|gene2|sexP	48.5	E=0.017	101
GCA_027577855.1_UCR_CoemRSA353_1.0|w2|t0	GCA_027577855.1_UCR_CoemRSA353_1.0	cand	GCA_027577855.1_UCR_CoemRSA353_1.0|w2	tblastn	REF|35722_atcc11077_MAT_Minus|gene0|sexM	25.0	E=0.12	58
GCA_027577855.1_UCR_CoemRSA353_1.0|w2|t1	GCA_027577855.1_UCR_CoemRSA353_1.0	cand	GCA_027577855.1_UCR_CoemRSA353_1.0|w2	tblastn	REF|4850_vkm-f-921_MAT_Minus|gene0|sexM	24.3	E=0.22	70
GCA_027577855.1_UCR_CoemRSA353_1.0|w2|t2	GCA_027577855.1_UCR_CoemRSA353_1.0	cand	GCA_027577855.1_UCR_CoemRSA353_1.0|w2	tblastn	REF|64495_cbs110-17_MAT_Minus|gene1|sexM	42.7	E=0.48	65
GCA_027577855.1_UCR_CoemRSA353_1.0|w2|t3	GCA_027577855.1_UCR_CoemRSA353_1.0	cand	GCA_027577855.1_UCR_CoemRSA353_1.0|w2	tblastn	REF|3108396_ai-2023a_MAT_Plus|gene2|sexP	42.4	E=3	74
GCA_027577855.1_UCR_CoemRSA353_1.0|w3|t0	GCA_027577855.1_UCR_CoemRSA353_1.0	cand	GCA_027577855.1_UCR_CoemRSA353_1.0|w3	tblastn	REF|3231046_uomd23-19_MAT_Plus|gene1|sexP	39.3	E=6.6e-06	69
GCA_027577855.1_UCR_CoemRSA353_1.0|w4|t1	GCA_027577855.1_UCR_CoemRSA353_1.0	cand	GCA_027577855.1_UCR_CoemRSA353_1.0|w4	tblastn	REF|29922_cbs109-16_MAT_Minus|gene1|sexM	37.0	E=1.7e-05	65
GCA_027577955.1_UCR_CoemRSA2673_1.0|w0|t0	GCA_027577955.1_UCR_CoemRSA2673_1.0	cand	GCA_027577955.1_UCR_CoemRSA2673_1.0|w0	tblastn	REF|3231046_uomau377_MAT_Minus|gene1|sexM	32.0	E=0.00054	68
GCA_027577955.1_UCR_CoemRSA2673_1.0|w1|t0	GCA_027577955.1_UCR_CoemRSA2673_1.0	cand	GCA_027577955.1_UCR_CoemRSA2673_1.0|w1	tblastn	REF|3231046_uomau377_MAT_Minus|gene1|sexM	38.9	E=3.4	50
GCA_027577955.1_UCR_CoemRSA2673_1.0|w2|t0	GCA_027577955.1_UCR_CoemRSA2673_1.0	cand	GCA_027577955.1_UCR_CoemRSA2673_1.0|w2	tblastn	REF|36080_nrrl-3631_MAT_Plus|gene1|sexP	66.9	E=0.018	160
GCA_027577955.1_UCR_CoemRSA2673_1.0|w3|t0	GCA_027577955.1_UCR_CoemRSA2673_1.0	cand	GCA_027577955.1_UCR_CoemRSA2673_1.0|w3	tblastn	REF|36080_r7b_MAT_Minus|gene1|sexM	38.9	E=3.1	54
GCA_027577955.1_UCR_CoemRSA2673_1.0|w3|t1	GCA_027577955.1_UCR_CoemRSA2673_1.0	cand	GCA_027577955.1_UCR_CoemRSA2673_1.0|w3	tblastn	REF|29922_cbs109-16_MAT_Minus|gene1|sexM	27.7	E=0.009	90
GCA_027577955.1_UCR_CoemRSA2673_1.0|w4|t0	GCA_027577955.1_UCR_CoemRSA2673_1.0	cand	GCA_027577955.1_UCR_CoemRSA2673_1.0|w4	tblastn	REF|64495_cbs346-36_MAT_Plus|gene2|sexP	53.5	E=0.00023	82
GCA_027577955.1_UCR_CoemRSA2673_1.0|w5|t0	GCA_027577955.1_UCR_CoemRSA2673_1.0	cand	GCA_027577955.1_UCR_CoemRSA2673_1.0|w5	tblastn	REF|4837_nrrl1555_MAT_Minus|gene1|sexM	33.1	E=0.0002	52
GCA_027577995.1_UCR_CoemRSA2671_1.0|w0|t0	GCA_027577995.1_UCR_CoemRSA2671_1.0	cand	GCA_027577995.1_UCR_CoemRSA2671_1.0|w0	tblastn	REF|36080_nrrl-3631_MAT_Plus|gene1|sexP	118.6	E=2.1	165
GCA_027578015.1_UCR_CoemRSA2618_1.0|w0|t0	GCA_027578015.1_UCR_CoemRSA2618_1.0	cand	GCA_027578015.1_UCR_CoemRSA2618_1.0|w0	tblastn	REF|64495_cbs346-36_MAT_Plus|gene2|sexP	58.2	E=4.2e-06	86
GCA_027578015.1_UCR_CoemRSA2618_1.0|w0|t1	GCA_027578015.1_UCR_CoemRSA2618_1.0	cand	GCA_027578015.1_UCR_CoemRSA2618_1.0|w0	tblastn	REF|3231046_uomau377_MAT_Minus|gene1|sexM	26.9	E=0.021	85
GCA_027578015.1_UCR_CoemRSA2618_1.0|w1|t0	GCA_027578015.1_UCR_CoemRSA2618_1.0	cand	GCA_027578015.1_UCR_CoemRSA2618_1.0|w1	tblastn	REF|4837_nrrl1555_MAT_Minus|gene1|sexM	50.0	E=0.002	68
GCA_027578035.1_UCR_CoemRSA2603_1.0|w0|t0	GCA_027578035.1_UCR_CoemRSA2603_1.0	cand	GCA_027578035.1_UCR_CoemRSA2603_1.0|w0	tblastn	REF|4837_ubc21_MAT_Plus|gene1|sexP	85.5	E=0.00062	113
GCA_027578055.1_UCR_CoemRSA2611_1.0|w0|t0	GCA_027578055.1_UCR_CoemRSA2611_1.0	cand	GCA_027578055.1_UCR_CoemRSA2611_1.0|w0	tblastn	REF|4837_ubc21_MAT_Plus|gene1|sexP	57.8	E=4.7e-06	121
GCA_027578055.1_UCR_CoemRSA2611_1.0|w1|t0	GCA_027578055.1_UCR_CoemRSA2611_1.0	cand	GCA_027578055.1_UCR_CoemRSA2611_1.0|w1	tblastn	REF|36080_r7b_MAT_Minus|gene1|sexM	46.6	E=0.064	41
GCA_027578055.1_UCR_CoemRSA2611_1.0|w2|t0	GCA_027578055.1_UCR_CoemRSA2611_1.0	cand	GCA_027578055.1_UCR_CoemRSA2611_1.0|w2	tblastn	REF|3231046_uomd23-19_MAT_Plus|gene1|sexP	54.6	E=6e-05	84
GCA_027578055.1_UCR_CoemRSA2611_1.0|w3|t0	GCA_027578055.1_UCR_CoemRSA2611_1.0	cand	GCA_027578055.1_UCR_CoemRSA2611_1.0|w3	tblastn	REF|101119_atcc11807_MAT_Minus|gene0|sexM	21.9	E=0.6	71
GCA_027578055.1_UCR_CoemRSA2611_1.0|w4|t0	GCA_027578055.1_UCR_CoemRSA2611_1.0	cand	GCA_027578055.1_UCR_CoemRSA2611_1.0|w4	tblastn	REF|4837_nrrl1555_MAT_Minus|gene1|sexM	23.5	E=0.22	51
GCA_027578055.1_UCR_CoemRSA2611_1.0|w5|t0	GCA_027578055.1_UCR_CoemRSA2611_1.0	cand	GCA_027578055.1_UCR_CoemRSA2611_1.0|w5	tblastn	REF|3231046_uomau377_MAT_Minus|gene1|sexM	27.7	E=0.013	75
GCA_027578055.1_UCR_CoemRSA2611_1.0|w6|t0	GCA_027578055.1_UCR_CoemRSA2611_1.0	cand	GCA_027578055.1_UCR_CoemRSA2611_1.0|w6	tblastn	REF|36080_r7b_MAT_Minus|gene1|sexM	51.2	E=0.00083	100
GCA_027578075.1_UCR_CoemRSA2559_1.0|w0|t0	GCA_027578075.1_UCR_CoemRSA2559_1.0	cand	GCA_027578075.1_UCR_CoemRSA2559_1.0|w0	tblastn	REF|29922_cbs109-16_MAT_Minus|gene1|sexM	83.5	E=8.2e-08	129
GCA_027578075.1_UCR_CoemRSA2559_1.0|w1|t0	GCA_027578075.1_UCR_CoemRSA2559_1.0	cand	GCA_027578075.1_UCR_CoemRSA2559_1.0|w1	tblastn	REF|4837_ubc21_MAT_Plus|gene1|sexP	82.4	E=0.26	147
GCA_027578075.1_UCR_CoemRSA2559_1.0|w2|t0	GCA_027578075.1_UCR_CoemRSA2559_1.0	cand	GCA_027578075.1_UCR_CoemRSA2559_1.0|w2	tblastn	REF|64495_cbs110-17_MAT_Minus|gene1|sexM	48.5	E=0.004	69
GCA_027578075.1_UCR_CoemRSA2559_1.0|w3|t0	GCA_027578075.1_UCR_CoemRSA2559_1.0	cand	GCA_027578075.1_UCR_CoemRSA2559_1.0|w3	tblastn	REF|29922_cbs109-16_MAT_Minus|gene1|sexM	78.5	E=0.6	90
GCA_027578095.1_UCR_CoemRSA2526_1.0|w0|t0	GCA_027578095.1_UCR_CoemRSA2526_1.0	cand	GCA_027578095.1_UCR_CoemRSA2526_1.0|w0	tblastn	REF|3108396_ai-2023a_MAT_Plus|gene2|sexP	92.4	E=2.5e-07	127
GCA_027578095.1_UCR_CoemRSA2526_1.0|w0|t1	GCA_027578095.1_UCR_CoemRSA2526_1.0	cand	GCA_027578095.1_UCR_CoemRSA2526_1.0|w0	tblastn	REF|64495_cbs346-36_MAT_Plus|gene2|sexP	40.8	E=6.6	42
GCA_027578095.1_UCR_CoemRSA2526_1.0|w1|t0	GCA_027578095.1_UCR_CoemRSA2526_1.0	cand	GCA_027578095.1_UCR_CoemRSA2526_1.0|w1	tblastn	REF|3231046_uomau377_MAT_Minus|gene1|sexM	21.2	E=3.2	42
GCA_027578095.1_UCR_CoemRSA2526_1.0|w1|t1	GCA_027578095.1_UCR_CoemRSA2526_1.0	cand	GCA_027578095.1_UCR_CoemRSA2526_1.0|w1	tblastn	REF|64495_cbs110-17_MAT_Minus|gene1|sexM	46.2	E=0.28	76
GCA_027578095.1_UCR_CoemRSA2526_1.0|w2|t0	GCA_027578095.1_UCR_CoemRSA2526_1.0	cand	GCA_027578095.1_UCR_CoemRSA2526_1.0|w2	tblastn	REF|35722_atcc11077_MAT_Minus|gene0|sexM	22.7	E=0.82	132
GCA_027578095.1_UCR_CoemRSA2526_1.0|w2|t3	GCA_027578095.1_UCR_CoemRSA2526_1.0	cand	GCA_027578095.1_UCR_CoemRSA2526_1.0|w2	tblastn	REF|36080_nrrl-3631_MAT_Plus|gene1|sexP	20.4	E=8.7	36
GCA_027578095.1_UCR_CoemRSA2526_1.0|w2|t8	GCA_027578095.1_UCR_CoemRSA2526_1.0	cand	GCA_027578095.1_UCR_CoemRSA2526_1.0|w2	tblastn	REF|3231046_uomd23-19_MAT_Plus|gene1|sexP	63.9	E=1.2	100
GCA_027578095.1_UCR_CoemRSA2526_1.0|w2|t9	GCA_027578095.1_UCR_CoemRSA2526_1.0	cand	GCA_027578095.1_UCR_CoemRSA2526_1.0|w2	tblastn	REF|4837_ubc21_MAT_Plus|gene1|sexP	25.4	E=0.22	46
GCA_027578095.1_UCR_CoemRSA2526_1.0|w2|t10	GCA_027578095.1_UCR_CoemRSA2526_1.0	cand	GCA_027578095.1_UCR_CoemRSA2526_1.0|w2	tblastn	REF|64495_cbs346-36_MAT_Plus|gene2|sexP	30.0	E=0.009	52
GCA_027578115.1_UCR_CoemRSA2530_1.0|w0|t0	GCA_027578115.1_UCR_CoemRSA2530_1.0	cand	GCA_027578115.1_UCR_CoemRSA2530_1.0|w0	tblastn	REF|4850_vkm-f-921_MAT_Minus|gene0|sexM	62.0	E=1.2e-06	87
GCA_027578115.1_UCR_CoemRSA2530_1.0|w1|t0	GCA_027578115.1_UCR_CoemRSA2530_1.0	cand	GCA_027578115.1_UCR_CoemRSA2530_1.0|w1	tblastn	REF|101119_atcc11807_MAT_Minus|gene0|sexM	32.0	E=0.001	50
GCA_027578115.1_UCR_CoemRSA2530_1.0|w2|t0	GCA_027578115.1_UCR_CoemRSA2530_1.0	cand	GCA_027578115.1_UCR_CoemRSA2530_1.0|w2	tblastn	REF|36080_r7b_MAT_Minus|gene1|sexM	42.0	E=3.6	60
GCA_027578115.1_UCR_CoemRSA2530_1.0|w2|t1	GCA_027578115.1_UCR_CoemRSA2530_1.0	cand	GCA_027578115.1_UCR_CoemRSA2530_1.0|w2	tblastn	REF|64495_cbs346-36_MAT_Plus|gene2|sexP	25.8	E=0.19	40
GCA_027578115.1_UCR_CoemRSA2530_1.0|w2|t2	GCA_027578115.1_UCR_CoemRSA2530_1.0	cand	GCA_027578115.1_UCR_CoemRSA2530_1.0|w2	tblastn	REF|35722_atcc11077_MAT_Minus|gene0|sexM	26.2	E=0.084	37
GCA_027578115.1_UCR_CoemRSA2530_1.0|w3|t0	GCA_027578115.1_UCR_CoemRSA2530_1.0	cand	GCA_027578115.1_UCR_CoemRSA2530_1.0|w3	tblastn	REF|3108396_ai-2023a_MAT_Plus|gene2|sexP	22.7	E=1.7	64
GCA_027578115.1_UCR_CoemRSA2530_1.0|w3|t1	GCA_027578115.1_UCR_CoemRSA2530_1.0	cand	GCA_027578115.1_UCR_CoemRSA2530_1.0|w3	tblastn	REF|3231046_uomd23-19_MAT_Plus|gene1|sexP	58.6	E=7.6e-05	95
GCA_027578115.1_UCR_CoemRSA2530_1.0|w4|t0	GCA_027578115.1_UCR_CoemRSA2530_1.0	cand	GCA_027578115.1_UCR_CoemRSA2530_1.0|w4	tblastn	REF|64495_cbs346-36_MAT_Plus|gene2|sexP	34.7	E=0.00038	67
GCA_027578115.1_UCR_CoemRSA2530_1.0|w4|t1	GCA_027578115.1_UCR_CoemRSA2530_1.0	cand	GCA_027578115.1_UCR_CoemRSA2530_1.0|w4	tblastn	REF|35722_atcc11077_MAT_Minus|gene0|sexM	26.6	E=0.058	47
GCA_027578115.1_UCR_CoemRSA2530_1.0|w5|t0	GCA_027578115.1_UCR_CoemRSA2530_1.0	cand	GCA_027578115.1_UCR_CoemRSA2530_1.0|w5	tblastn	REF|3108396_ai-2023a_MAT_Plus|gene2|sexP	29.6	E=0.013	104
GCA_027578115.1_UCR_CoemRSA2530_1.0|w6|t0	GCA_027578115.1_UCR_CoemRSA2530_1.0	cand	GCA_027578115.1_UCR_CoemRSA2530_1.0|w6	tblastn	REF|4837_nrrl1555_MAT_Minus|gene1|sexM	63.5	E=2.2	59
GCA_027578115.1_UCR_CoemRSA2530_1.0|w6|t2	GCA_027578115.1_UCR_CoemRSA2530_1.0	cand	GCA_027578115.1_UCR_CoemRSA2530_1.0|w6	tblastn	REF|35722_atcc11077_MAT_Minus|gene0|sexM	27.7	E=0.029	54
GCA_027578115.1_UCR_CoemRSA2530_1.0|w7|t0	GCA_027578115.1_UCR_CoemRSA2530_1.0	cand	GCA_027578115.1_UCR_CoemRSA2530_1.0|w7	tblastn	REF|3231046_uomau377_MAT_Minus|gene1|sexM	43.9	E=1.2	45
GCA_027578115.1_UCR_CoemRSA2530_1.0|w7|t1	GCA_027578115.1_UCR_CoemRSA2530_1.0	cand	GCA_027578115.1_UCR_CoemRSA2530_1.0|w7	tblastn	REF|3231046_uomau377_MAT_Minus|gene1|sexM	26.6	E=0.08	34
GCA_027578115.1_UCR_CoemRSA2530_1.0|w8|t0	GCA_027578115.1_UCR_CoemRSA2530_1.0	cand	GCA_027578115.1_UCR_CoemRSA2530_1.0|w8	tblastn	REF|3231046_uomau377_MAT_Minus|gene1|sexM	29.3	E=0.011	88
GCA_027578135.1_UCR_CoemRSA2524_1.0|w0|t0	GCA_027578135.1_UCR_CoemRSA2524_1.0	cand	GCA_027578135.1_UCR_CoemRSA2524_1.0|w0	tblastn	REF|3231046_uomau377_MAT_Minus|gene1|sexM	71.9	E=2.4e-06	84
GCA_027578155.1_UCR_CoemRSA370_1.0|w0|t0	GCA_027578155.1_UCR_CoemRSA370_1.0	cand	GCA_027578155.1_UCR_CoemRSA370_1.0|w0	tblastn	REF|64495_cbs110-17_MAT_Minus|gene1|sexM	46.2	E=0.27	76
GCA_027578155.1_UCR_CoemRSA370_1.0|w1|t0	GCA_027578155.1_UCR_CoemRSA370_1.0	cand	GCA_027578155.1_UCR_CoemRSA370_1.0|w1	tblastn	REF|3108396_ai-2023a_MAT_Plus|gene2|sexP	42.4	E=3.9	74
GCA_027578155.1_UCR_CoemRSA370_1.0|w1|t1	GCA_027578155.1_UCR_CoemRSA370_1.0	cand	GCA_027578155.1_UCR_CoemRSA370_1.0|w1	tblastn	REF|64495_cbs346-36_MAT_Plus|gene2|sexP	43.5	E=1	73
GCA_027578155.1_UCR_CoemRSA370_1.0|w1|t2	GCA_027578155.1_UCR_CoemRSA370_1.0	cand	GCA_027578155.1_UCR_CoemRSA370_1.0|w1	tblastn	REF|64495_cbs110-17_MAT_Minus|gene1|sexM	42.7	E=0.62	65
GCA_027578155.1_UCR_CoemRSA370_1.0|w1|t3	GCA_027578155.1_UCR_CoemRSA370_1.0	cand	GCA_027578155.1_UCR_CoemRSA370_1.0|w1	tblastn	REF|4850_vkm-f-921_MAT_Minus|gene0|sexM	24.3	E=0.28	70
GCA_027578155.1_UCR_CoemRSA370_1.0|w1|t4	GCA_027578155.1_UCR_CoemRSA370_1.0	cand	GCA_027578155.1_UCR_CoemRSA370_1.0|w1	tblastn	REF|3231046_uomd23-19_MAT_Plus|gene1|sexP	34.7	E=0.00033	57
GCA_027578155.1_UCR_CoemRSA370_1.0|w2|t0	GCA_027578155.1_UCR_CoemRSA370_1.0	cand	GCA_027578155.1_UCR_CoemRSA370_1.0|w2	tblastn	REF|36080_nrrl-3631_MAT_Plus|gene1|sexP	20.8	E=6.9	48
GCA_027578155.1_UCR_CoemRSA370_1.0|w2|t2	GCA_027578155.1_UCR_CoemRSA370_1.0	cand	GCA_027578155.1_UCR_CoemRSA370_1.0|w2	tblastn	REF|3231046_uomau377_MAT_Minus|gene1|sexM	21.9	E=1.7	87
GCA_027578155.1_UCR_CoemRSA370_1.0|w3|t0	GCA_027578155.1_UCR_CoemRSA370_1.0	cand	GCA_027578155.1_UCR_CoemRSA370_1.0|w3	tblastn	REF|3231046_uomd23-19_MAT_Plus|gene1|sexP	39.3	E=8.7e-06	69
GCA_027578155.1_UCR_CoemRSA370_1.0|w4|t0	GCA_027578155.1_UCR_CoemRSA370_1.0	cand	GCA_027578155.1_UCR_CoemRSA370_1.0|w4	tblastn	REF|29922_cbs109-16_MAT_Minus|gene1|sexM	37.0	E=2.2e-05	65
GCA_027578155.1_UCR_CoemRSA370_1.0|w5|t0	GCA_027578155.1_UCR_CoemRSA370_1.0	cand	GCA_027578155.1_UCR_CoemRSA370_1.0|w5	tblastn	REF|4837_ubc21_MAT_Plus|gene1|sexP	23.5	E=0.8	43
GCA_027578155.1_UCR_CoemRSA370_1.0|w5|t1	GCA_027578155.1_UCR_CoemRSA370_1.0	cand	GCA_027578155.1_UCR_CoemRSA370_1.0|w5	tblastn	REF|29922_cbs109-16_MAT_Minus|gene1|sexM	28.9	E=0.011	55
GCA_027578175.1_UCR_CoemRSA2531_1.0|w0|t0	GCA_027578175.1_UCR_CoemRSA2531_1.0	cand	GCA_027578175.1_UCR_CoemRSA2531_1.0|w0	tblastn	REF|3231046_uomd23-19_MAT_Plus|gene1|sexP	58.9	E=5.9e-06	88
GCA_027578175.1_UCR_CoemRSA2531_1.0|w1|t0	GCA_027578175.1_UCR_CoemRSA2531_1.0	cand	GCA_027578175.1_UCR_CoemRSA2531_1.0|w1	tblastn	REF|64495_cbs346-36_MAT_Plus|gene2|sexP	37.0	E=5.8e-06	78
GCA_027578175.1_UCR_CoemRSA2531_1.0|w2|t0	GCA_027578175.1_UCR_CoemRSA2531_1.0	cand	GCA_027578175.1_UCR_CoemRSA2531_1.0|w2	tblastn	REF|3108396_ai-2023a_MAT_Plus|gene2|sexP	26.9	E=0.009	91
GCA_027578175.1_UCR_CoemRSA2531_1.0|w3|t0	GCA_027578175.1_UCR_CoemRSA2531_1.0	cand	GCA_027578175.1_UCR_CoemRSA2531_1.0|w3	tblastn	REF|4837_nrrl1555_MAT_Minus|gene1|sexM	48.8	E=8.6e-05	81
GCA_027578195.1_UCR_CoemRSA2522_1.0|w0|t0	GCA_027578195.1_UCR_CoemRSA2522_1.0	cand	GCA_027578195.1_UCR_CoemRSA2522_1.0|w0	tblastn	REF|3231046_uomau377_MAT_Minus|gene1|sexM	126.2	E=1.1e-16	122
GCA_027578195.1_UCR_CoemRSA2522_1.0|w1|t0	GCA_027578195.1_UCR_CoemRSA2522_1.0	cand	GCA_027578195.1_UCR_CoemRSA2522_1.0|w1	tblastn	REF|64495_cbs346-36_MAT_Plus|gene2|sexP	41.2	E=0.3	50
GCA_027578215.1_UCR_CoemRSA455_1.0|w0|t0	GCA_027578215.1_UCR_CoemRSA455_1.0	cand	GCA_027578215.1_UCR_CoemRSA455_1.0|w0	tblastn	REF|4850_vkm-f-921_MAT_Minus|gene0|sexM	42.7	E=1.5e-07	57
GCA_027578215.1_UCR_CoemRSA455_1.0|w1|t0	GCA_027578215.1_UCR_CoemRSA455_1.0	cand	GCA_027578215.1_UCR_CoemRSA455_1.0|w1	tblastn	REF|64495_cbs110-17_MAT_Minus|gene1|sexM	38.5	E=2.9e-06	56
GCA_027578215.1_UCR_CoemRSA455_1.0|w2|t0	GCA_027578215.1_UCR_CoemRSA455_1.0	cand	GCA_027578215.1_UCR_CoemRSA455_1.0|w2	tblastn	REF|64495_cbs346-36_MAT_Plus|gene2|sexP	52.8	E=3.6e-10	78
GCA_027578215.1_UCR_CoemRSA455_1.0|w3|t0	GCA_027578215.1_UCR_CoemRSA455_1.0	cand	GCA_027578215.1_UCR_CoemRSA455_1.0|w3	tblastn	REF|64495_cbs346-36_MAT_Plus|gene2|sexP	58.5	E=6.9e-06	86
GCA_027578215.1_UCR_CoemRSA455_1.0|w4|t0	GCA_027578215.1_UCR_CoemRSA455_1.0	cand	GCA_027578215.1_UCR_CoemRSA455_1.0|w4	tblastn	REF|3231046_uomau377_MAT_Minus|gene1|sexM	23.5	E=0.35	39
GCA_027578215.1_UCR_CoemRSA455_1.0|w5|t0	GCA_027578215.1_UCR_CoemRSA455_1.0	cand	GCA_027578215.1_UCR_CoemRSA455_1.0|w5	tblastn	REF|3231046_uomd23-19_MAT_Plus|gene1|sexP	56.2	E=3.3e-05	79
GCA_027578235.1_UCR_CoemRSA2440_1.0|w0|t0	GCA_027578235.1_UCR_CoemRSA2440_1.0	cand	GCA_027578235.1_UCR_CoemRSA2440_1.0|w0	tblastn	REF|3231046_uomau377_MAT_Minus|gene1|sexM	128.1	E=3.8e-16	123
GCA_027578235.1_UCR_CoemRSA2440_1.0|w0|t1	GCA_027578235.1_UCR_CoemRSA2440_1.0	cand	GCA_027578235.1_UCR_CoemRSA2440_1.0|w0	tblastn	REF|36080_r7b_MAT_Minus|gene1|sexM	45.8	E=2.9e-08	75
GCA_027578235.1_UCR_CoemRSA2440_1.0|w1|t0	GCA_027578235.1_UCR_CoemRSA2440_1.0	cand	GCA_027578235.1_UCR_CoemRSA2440_1.0|w1	tblastn	REF|29922_cbs109-16_MAT_Minus|gene1|sexM	46.6	E=9.8e-09	62
GCA_027578235.1_UCR_CoemRSA2440_1.0|w2|t0	GCA_027578235.1_UCR_CoemRSA2440_1.0	cand	GCA_027578235.1_UCR_CoemRSA2440_1.0|w2	tblastn	REF|36080_r7b_MAT_Minus|gene1|sexM	74.2	E=7.6e-05	165
GCA_027578235.1_UCR_CoemRSA2440_1.0|w3|t0	GCA_027578235.1_UCR_CoemRSA2440_1.0	cand	GCA_027578235.1_UCR_CoemRSA2440_1.0|w3	tblastn	REF|64495_cbs110-17_MAT_Minus|gene1|sexM	39.3	E=2.1e-06	122
GCA_027578235.1_UCR_CoemRSA2440_1.0|w4|t0	GCA_027578235.1_UCR_CoemRSA2440_1.0	cand	GCA_027578235.1_UCR_CoemRSA2440_1.0|w4	tblastn	REF|36080_r7b_MAT_Minus|gene1|sexM	45.4	E=0.76	68
GCA_027578235.1_UCR_CoemRSA2440_1.0|w5|t0	GCA_027578235.1_UCR_CoemRSA2440_1.0	cand	GCA_027578235.1_UCR_CoemRSA2440_1.0|w5	tblastn	REF|64495_cbs110-17_MAT_Minus|gene1|sexM	27.3	E=0.017	34
GCA_027578235.1_UCR_CoemRSA2440_1.0|w6|t0	GCA_027578235.1_UCR_CoemRSA2440_1.0	cand	GCA_027578235.1_UCR_CoemRSA2440_1.0|w6	tblastn	REF|35722_atcc11077_MAT_Minus|gene0|sexM	40.4	E=1.8	44
GCA_027578255.1_UCR_CoemRSA2337_1.0|w0|t0	GCA_027578255.1_UCR_CoemRSA2337_1.0	cand	GCA_027578255.1_UCR_CoemRSA2337_1.0|w0	tblastn	REF|64495_cbs110-17_MAT_Minus|gene1|sexM	38.5	E=2.7e-06	91
GCA_027578255.1_UCR_CoemRSA2337_1.0|w1|t0	GCA_027578255.1_UCR_CoemRSA2337_1.0	cand	GCA_027578255.1_UCR_CoemRSA2337_1.0|w1	tblastn	REF|4850_vkm-f-921_MAT_Minus|gene0|sexM	60.5	E=2.8e-07	86
GCA_027578255.1_UCR_CoemRSA2337_1.0|w2|t0	GCA_027578255.1_UCR_CoemRSA2337_1.0	cand	GCA_027578255.1_UCR_CoemRSA2337_1.0|w2	tblastn	REF|64495_cbs346-36_MAT_Plus|gene2|sexP	58.9	E=8.1e-06	97
GCA_027578255.1_UCR_CoemRSA2337_1.0|w3|t0	GCA_027578255.1_UCR_CoemRSA2337_1.0	cand	GCA_027578255.1_UCR_CoemRSA2337_1.0|w3	tblastn	REF|64495_cbs346-36_MAT_Plus|gene2|sexP	54.3	E=0.00017	82
GCA_027578255.1_UCR_CoemRSA2337_1.0|w4|t0	GCA_027578255.1_UCR_CoemRSA2337_1.0	cand	GCA_027578255.1_UCR_CoemRSA2337_1.0|w4	tblastn	REF|36080_r7b_MAT_Minus|gene1|sexM	38.9	E=4.6	66
GCA_027578255.1_UCR_CoemRSA2337_1.0|w4|t1	GCA_027578255.1_UCR_CoemRSA2337_1.0	cand	GCA_027578255.1_UCR_CoemRSA2337_1.0|w4	tblastn	REF|29922_cbs109-16_MAT_Minus|gene1|sexM	27.7	E=0.012	90
GCA_027578255.1_UCR_CoemRSA2337_1.0|w5|t0	GCA_027578255.1_UCR_CoemRSA2337_1.0	cand	GCA_027578255.1_UCR_CoemRSA2337_1.0|w5	tblastn	REF|3231046_uomd23-19_MAT_Plus|gene1|sexP	56.9	E=1.8e-05	120
GCA_027578255.1_UCR_CoemRSA2337_1.0|w6|t0	GCA_027578255.1_UCR_CoemRSA2337_1.0	cand	GCA_027578255.1_UCR_CoemRSA2337_1.0|w6	tblastn	REF|4837_nrrl1555_MAT_Minus|gene1|sexM	33.1	E=0.00021	52
GCA_027578275.1_UCR_CoemRSA2424_1.0|w0|t0	GCA_027578275.1_UCR_CoemRSA2424_1.0	cand	GCA_027578275.1_UCR_CoemRSA2424_1.0|w0	tblastn	REF|101119_atcc11807_MAT_Plus|gene0|sexP	75.9	E=7.5e-07	115
GCA_027578275.1_UCR_CoemRSA2424_1.0|w1|t0	GCA_027578275.1_UCR_CoemRSA2424_1.0	cand	GCA_027578275.1_UCR_CoemRSA2424_1.0|w1	tblastn	REF|3108396_ai-2023a_MAT_Plus|gene2|sexP	103.5	E=1.5e-08	102
GCA_027578295.1_UCR_CoemRSA2336_1.0|w0|t0	GCA_027578295.1_UCR_CoemRSA2336_1.0	cand	GCA_027578295.1_UCR_CoemRSA2336_1.0|w0	tblastn	REF|3108396_ai-2023a_MAT_Plus|gene2|sexP	62.8	E=2.3e-06	102
GCA_027578295.1_UCR_CoemRSA2336_1.0|w0|t1	GCA_027578295.1_UCR_CoemRSA2336_1.0	cand	GCA_027578295.1_UCR_CoemRSA2336_1.0|w0	tblastn	REF|3108396_ai-2023a_MAT_Plus|gene2|sexP	47.7	E=0.13	95
GCA_027578295.1_UCR_CoemRSA2336_1.0|w1|t1	GCA_027578295.1_UCR_CoemRSA2336_1.0	cand	GCA_027578295.1_UCR_CoemRSA2336_1.0|w1	tblastn	REF|101119_atcc11807_MAT_Minus|gene0|sexM	42.3	E=1.5	92
GCA_027578295.1_UCR_CoemRSA2336_1.0|w1|t2	GCA_027578295.1_UCR_CoemRSA2336_1.0	cand	GCA_027578295.1_UCR_CoemRSA2336_1.0|w1	tblastn	REF|101119_atcc11807_MAT_Minus|gene0|sexM	23.1	E=0.93	36
GCA_027578295.1_UCR_CoemRSA2336_1.0|w1|t4	GCA_027578295.1_UCR_CoemRSA2336_1.0	cand	GCA_027578295.1_UCR_CoemRSA2336_1.0|w1	tblastn	REF|3231046_uomau377_MAT_Minus|gene1|sexM	21.6	E=4.1	39
GCA_027578295.1_UCR_CoemRSA2336_1.0|w1|t5	GCA_027578295.1_UCR_CoemRSA2336_1.0	cand	GCA_027578295.1_UCR_CoemRSA2336_1.0|w1	tblastn	REF|36080_r7b_MAT_Minus|gene1|sexM	32.7	E=0.001	63
GCA_027578295.1_UCR_CoemRSA2336_1.0|w2|t0	GCA_027578295.1_UCR_CoemRSA2336_1.0	cand	GCA_027578295.1_UCR_CoemRSA2336_1.0|w2	tblastn	REF|86630_cbs357-93_MAT_Minus|gene0|sexM	20.4	E=7.3	40
GCA_027578295.1_UCR_CoemRSA2336_1.0|w2|t1	GCA_027578295.1_UCR_CoemRSA2336_1.0	cand	GCA_027578295.1_UCR_CoemRSA2336_1.0|w2	tblastn	REF|29922_cbs109-16_MAT_Minus|gene1|sexM	43.5	E=1.9	62
GCA_027578295.1_UCR_CoemRSA2336_1.0|w2|t2	GCA_027578295.1_UCR_CoemRSA2336_1.0	cand	GCA_027578295.1_UCR_CoemRSA2336_1.0|w2	tblastn	REF|4837_nrrl1555_MAT_Minus|gene1|sexM	20.8	E=5.8	105
GCA_027578295.1_UCR_CoemRSA2336_1.0|w2|t3	GCA_027578295.1_UCR_CoemRSA2336_1.0	cand	GCA_027578295.1_UCR_CoemRSA2336_1.0|w2	tblastn	REF|4837_nrrl1555_MAT_Minus|gene1|sexM	21.6	E=3.3	47
GCA_027578295.1_UCR_CoemRSA2336_1.0|w2|t4	GCA_027578295.1_UCR_CoemRSA2336_1.0	cand	GCA_027578295.1_UCR_CoemRSA2336_1.0|w2	tblastn	REF|4837_nrrl1555_MAT_Minus|gene1|sexM	20.8	E=5.5	35
GCA_027578295.1_UCR_CoemRSA2336_1.0|w2|t7	GCA_027578295.1_UCR_CoemRSA2336_1.0	cand	GCA_027578295.1_UCR_CoemRSA2336_1.0|w2	tblastn	REF|35722_atcc11077_MAT_Minus|gene0|sexM	20.8	E=5.1	49
GCA_027578295.1_UCR_CoemRSA2336_1.0|w2|t8	GCA_027578295.1_UCR_CoemRSA2336_1.0	cand	GCA_027578295.1_UCR_CoemRSA2336_1.0|w2	tblastn	REF|4837_nrrl1555_MAT_Minus|gene1|sexM	20.8	E=5.3	49
GCA_027578295.1_UCR_CoemRSA2336_1.0|w2|t10	GCA_027578295.1_UCR_CoemRSA2336_1.0	cand	GCA_027578295.1_UCR_CoemRSA2336_1.0|w2	tblastn	REF|35722_atcc11077_MAT_Minus|gene0|sexM	21.2	E=4.1	52
GCA_027578295.1_UCR_CoemRSA2336_1.0|w3|t0	GCA_027578295.1_UCR_CoemRSA2336_1.0	cand	GCA_027578295.1_UCR_CoemRSA2336_1.0|w3	tblastn	REF|101119_atcc11807_MAT_Plus|gene0|sexP	27.3	E=0.082	46
GCA_027578295.1_UCR_CoemRSA2336_1.0|w3|t1	GCA_027578295.1_UCR_CoemRSA2336_1.0	cand	GCA_027578295.1_UCR_CoemRSA2336_1.0|w3	tblastn	REF|36080_nrrl-3631_MAT_Plus|gene1|sexP	22.7	E=2.4	72
GCA_027578295.1_UCR_CoemRSA2336_1.0|w3|t2	GCA_027578295.1_UCR_CoemRSA2336_1.0	cand	GCA_027578295.1_UCR_CoemRSA2336_1.0|w3	tblastn	REF|3231046_uomau377_MAT_Minus|gene1|sexM	23.1	E=1.2	51
GCA_027578295.1_UCR_CoemRSA2336_1.0|w3|t3	GCA_027578295.1_UCR_CoemRSA2336_1.0	cand	GCA_027578295.1_UCR_CoemRSA2336_1.0|w3	tblastn	REF|29922_cbs109-16_MAT_Minus|gene1|sexM	23.5	E=0.78	38
GCA_027578315.1_UCR_CoemRSA2322_1.0|w0|t0	GCA_027578315.1_UCR_CoemRSA2322_1.0	cand	GCA_027578315.1_UCR_CoemRSA2322_1.0|w0	tblastn	REF|4837_nrrl1555_MAT_Minus|gene1|sexM	23.1	E=0.65	40
GCA_027578315.1_UCR_CoemRSA2322_1.0|w0|t1	GCA_027578315.1_UCR_CoemRSA2322_1.0	cand	GCA_027578315.1_UCR_CoemRSA2322_1.0|w0	tblastn	REF|64495_cbs346-36_MAT_Plus|gene2|sexP	46.2	E=5.8e-08	169
GCA_027578315.1_UCR_CoemRSA2322_1.0|w1|t0	GCA_027578315.1_UCR_CoemRSA2322_1.0	cand	GCA_027578315.1_UCR_CoemRSA2322_1.0|w1	tblastn	REF|4850_vkm-f-921_MAT_Minus|gene0|sexM	61.6	E=1.3e-06	86
GCA_027578315.1_UCR_CoemRSA2322_1.0|w2|t2	GCA_027578315.1_UCR_CoemRSA2322_1.0	cand	GCA_027578315.1_UCR_CoemRSA2322_1.0|w2	tblastn	REF|35722_atcc11077_MAT_Minus|gene0|sexM	40.0	E=3.8	61
GCA_027578315.1_UCR_CoemRSA2322_1.0|w2|t3	GCA_027578315.1_UCR_CoemRSA2322_1.0	cand	GCA_027578315.1_UCR_CoemRSA2322_1.0|w2	tblastn	REF|86630_cbs357-93_MAT_Minus|gene0|sexM	20.8	E=3.1	51
GCA_027578315.1_UCR_CoemRSA2322_1.0|w2|t4	GCA_027578315.1_UCR_CoemRSA2322_1.0	cand	GCA_027578315.1_UCR_CoemRSA2322_1.0|w2	tblastn	REF|4850_vkm-f-921_MAT_Minus|gene0|sexM	27.7	E=0.025	69
GCA_027578315.1_UCR_CoemRSA2322_1.0|w2|t5	GCA_027578315.1_UCR_CoemRSA2322_1.0	cand	GCA_027578315.1_UCR_CoemRSA2322_1.0|w2	tblastn	REF|3108396_ai-2023a_MAT_Plus|gene2|sexP	45.8	E=0.72	95
GCA_027578315.1_UCR_CoemRSA2322_1.0|w3|t0	GCA_027578315.1_UCR_CoemRSA2322_1.0	cand	GCA_027578315.1_UCR_CoemRSA2322_1.0|w3	tblastn	REF|64495_cbs110-17_MAT_Minus|gene1|sexM	48.5	E=0.02	85
GCA_027578315.1_UCR_CoemRSA2322_1.0|w3|t1	GCA_027578315.1_UCR_CoemRSA2322_1.0	cand	GCA_027578315.1_UCR_CoemRSA2322_1.0|w3	tblastn	REF|36080_r7b_MAT_Minus|gene1|sexM	40.8	E=4.8	57
GCA_027578315.1_UCR_CoemRSA2322_1.0|w4|t0	GCA_027578315.1_UCR_CoemRSA2322_1.0	cand	GCA_027578315.1_UCR_CoemRSA2322_1.0|w4	tblastn	REF|101119_atcc11807_MAT_Plus|gene0|sexP	25.0	E=0.22	34
GCA_027578315.1_UCR_CoemRSA2322_1.0|w4|t1	GCA_027578315.1_UCR_CoemRSA2322_1.0	cand	GCA_027578315.1_UCR_CoemRSA2322_1.0|w4	tblastn	REF|36080_r7b_MAT_Minus|gene1|sexM	30.4	E=0.005	85
GCA_027578335.1_UCR_CoemRSA2049_1.0|w0|t0	GCA_027578335.1_UCR_CoemRSA2049_1.0	cand	GCA_027578335.1_UCR_CoemRSA2049_1.0|w0	tblastn	REF|3108396_ai-2023a_MAT_Plus|gene2|sexP	69.7	E=3.1e-10	163
GCA_027578335.1_UCR_CoemRSA2049_1.0|w1|t0	GCA_027578335.1_UCR_CoemRSA2049_1.0	cand	GCA_027578335.1_UCR_CoemRSA2049_1.0|w1	tblastn	REF|64495_cbs110-17_MAT_Minus|gene1|sexM	56.2	E=4.8e-06	84
GCA_027578335.1_UCR_CoemRSA2049_1.0|w3|t0	GCA_027578335.1_UCR_CoemRSA2049_1.0	cand	GCA_027578335.1_UCR_CoemRSA2049_1.0|w3	tblastn	REF|101119_atcc11807_MAT_Plus|gene0|sexP	58.1	E=2.6	89
GCA_027578355.1_UCR_CoemRSA2320_1.0|w0|t0	GCA_027578355.1_UCR_CoemRSA2320_1.0	cand	GCA_027578355.1_UCR_CoemRSA2320_1.0|w0	tblastn	REF|29922_cbs109-16_MAT_Minus|gene1|sexM	91.6	E=1e-11	110
GCA_027578375.1_UCR_CoemRSA2131_1.0|w0|t0	GCA_027578375.1_UCR_CoemRSA2131_1.0	cand	GCA_027578375.1_UCR_CoemRSA2131_1.0|w0	tblastn	REF|3231046_uomau377_MAT_Minus|gene1|sexM	22.7	E=1.3	40
GCA_027578375.1_UCR_CoemRSA2131_1.0|w0|t2	GCA_027578375.1_UCR_CoemRSA2131_1.0	cand	GCA_027578375.1_UCR_CoemRSA2131_1.0|w0	tblastn	REF|3231046_uomau377_MAT_Minus|gene1|sexM	21.2	E=3.5	47
GCA_027578375.1_UCR_CoemRSA2131_1.0|w0|t3	GCA_027578375.1_UCR_CoemRSA2131_1.0	cand	GCA_027578375.1_UCR_CoemRSA2131_1.0|w0	tblastn	REF|3108396_ai-2023a_MAT_Plus|gene2|sexP	20.4	E=8	37
GCA_027578375.1_UCR_CoemRSA2131_1.0|w0|t4	GCA_027578375.1_UCR_CoemRSA2131_1.0	cand	GCA_027578375.1_UCR_CoemRSA2131_1.0|w0	tblastn	REF|3108396_ai-2023a_MAT_Plus|gene2|sexP	24.3	E=0.55	37
GCA_027578375.1_UCR_CoemRSA2131_1.0|w0|t5	GCA_027578375.1_UCR_CoemRSA2131_1.0	cand	GCA_027578375.1_UCR_CoemRSA2131_1.0|w0	tblastn	REF|3108396_ai-2023a_MAT_Plus|gene2|sexP	21.6	E=4	33
GCA_027578375.1_UCR_CoemRSA2131_1.0|w0|t7	GCA_027578375.1_UCR_CoemRSA2131_1.0	cand	GCA_027578375.1_UCR_CoemRSA2131_1.0|w0	tblastn	REF|4850_vkm-f-921_MAT_Minus|gene0|sexM	41.9	E=1.2	79
GCA_027578375.1_UCR_CoemRSA2131_1.0|w1|t0	GCA_027578375.1_UCR_CoemRSA2131_1.0	cand	GCA_027578375.1_UCR_CoemRSA2131_1.0|w1	tblastn	REF|86630_cbs357-93_MAT_Minus|gene0|sexM	48.1	E=0.017	70
GCA_027578375.1_UCR_CoemRSA2131_1.0|w1|t1	GCA_027578375.1_UCR_CoemRSA2131_1.0	cand	GCA_027578375.1_UCR_CoemRSA2131_1.0|w1	tblastn	REF|64495_cbs110-17_MAT_Minus|gene1|sexM	21.9	E=1.4	38
GCA_027578375.1_UCR_CoemRSA2131_1.0|w1|t2	GCA_027578375.1_UCR_CoemRSA2131_1.0	cand	GCA_027578375.1_UCR_CoemRSA2131_1.0|w1	tblastn	REF|64495_cbs110-17_MAT_Minus|gene1|sexM	43.1	E=0.44	63
GCA_027578375.1_UCR_CoemRSA2131_1.0|w1|t3	GCA_027578375.1_UCR_CoemRSA2131_1.0	cand	GCA_027578375.1_UCR_CoemRSA2131_1.0|w1	tblastn	REF|101119_atcc11807_MAT_Minus|gene0|sexM	20.8	E=3.7	31
GCA_027578395.1_UCR_CoemRSA1939_1.0|w0|t0	GCA_027578395.1_UCR_CoemRSA1939_1.0	cand	GCA_027578395.1_UCR_CoemRSA1939_1.0|w0	tblastn	REF|3108396_ai-2023a_MAT_Plus|gene2|sexP	71.2	E=1.2e-09	136
GCA_027578395.1_UCR_CoemRSA1939_1.0|w1|t0	GCA_027578395.1_UCR_CoemRSA1939_1.0	cand	GCA_027578395.1_UCR_CoemRSA1939_1.0|w1	tblastn	REF|3108396_ai-2023a_MAT_Plus|gene2|sexP	72.8	E=1.2e-09	141
GCA_027578395.1_UCR_CoemRSA1939_1.0|w2|t0	GCA_027578395.1_UCR_CoemRSA1939_1.0	cand	GCA_027578395.1_UCR_CoemRSA1939_1.0|w2	tblastn	REF|64495_cbs110-17_MAT_Minus|gene1|sexM	57.8	E=1.7e-05	124
GCA_027578395.1_UCR_CoemRSA1939_1.0|w3|t0	GCA_027578395.1_UCR_CoemRSA1939_1.0	cand	GCA_027578395.1_UCR_CoemRSA1939_1.0|w3	tblastn	REF|29922_cbs109-16_MAT_Minus|gene1|sexM	32.3	E=0.00068	49
GCA_027578395.1_UCR_CoemRSA1939_1.0|w3|t1	GCA_027578395.1_UCR_CoemRSA1939_1.0	cand	GCA_027578395.1_UCR_CoemRSA1939_1.0|w3	tblastn	REF|3231046_uomd23-19_MAT_Plus|gene1|sexP	41.9	E=1.5	76
GCA_027578395.1_UCR_CoemRSA1939_1.0|w3|t2	GCA_027578395.1_UCR_CoemRSA1939_1.0	cand	GCA_027578395.1_UCR_CoemRSA1939_1.0|w3	tblastn	REF|3231046_uomau377_MAT_Minus|gene1|sexM	45.8	E=0.62	86
GCA_027578395.1_UCR_CoemRSA1939_1.0|w3|t3	GCA_027578395.1_UCR_CoemRSA1939_1.0	cand	GCA_027578395.1_UCR_CoemRSA1939_1.0|w3	tblastn	REF|3108396_ai-2023a_MAT_Plus|gene2|sexP	31.6	E=0.002	42
GCA_027578395.1_UCR_CoemRSA1939_1.0|w4|t0	GCA_027578395.1_UCR_CoemRSA1939_1.0	cand	GCA_027578395.1_UCR_CoemRSA1939_1.0|w4	tblastn	REF|3231046_uomau377_MAT_Minus|gene1|sexM	19.6	E=7.9	43
GCA_027578395.1_UCR_CoemRSA1939_1.0|w4|t2	GCA_027578395.1_UCR_CoemRSA1939_1.0	cand	GCA_027578395.1_UCR_CoemRSA1939_1.0|w4	tblastn	REF|36080_nrrl-3631_MAT_Plus|gene1|sexP	49.7	E=0.013	68
GCA_027578395.1_UCR_CoemRSA1939_1.0|w4|t3	GCA_027578395.1_UCR_CoemRSA1939_1.0	cand	GCA_027578395.1_UCR_CoemRSA1939_1.0|w4	tblastn	REF|4850_vkm-f-921_MAT_Minus|gene0|sexM	27.3	E=0.023	38
GCA_027578415.1_UCR_CoemRSA1972_1.0|c0|t0	GCA_027578415.1_UCR_CoemRSA1972_1.0	cand	GCA_027578415.1_UCR_CoemRSA1972_1.0|c0	tblastn	REF|3108396_ai-2023a_MAT_Plus|gene2|sexP	51.5	E=0.018	84
GCA_027578415.1_UCR_CoemRSA1972_1.0|c0|t1	GCA_027578415.1_UCR_CoemRSA1972_1.0	cand	GCA_027578415.1_UCR_CoemRSA1972_1.0|c0	tblastn	REF|29922_cbs109-16_MAT_Minus|gene1|sexM	80.1	E=2e-11	99
GCA_027578415.1_UCR_CoemRSA1972_1.0|c0|t2	GCA_027578415.1_UCR_CoemRSA1972_1.0	cand	GCA_027578415.1_UCR_CoemRSA1972_1.0|c0	tblastn	REF|101119_atcc11807_MAT_Plus|gene0|sexP	47.0	E=1.1	78
GCA_027578415.1_UCR_CoemRSA1972_1.0|c0|t3	GCA_027578415.1_UCR_CoemRSA1972_1.0	cand	GCA_027578415.1_UCR_CoemRSA1972_1.0|c0	tblastn	REF|3231046_uomd23-19_MAT_Plus|gene1|sexP	21.6	E=7.6	32
GCA_027578415.1_UCR_CoemRSA1972_1.0|c0|t5	GCA_027578415.1_UCR_CoemRSA1972_1.0	cand	GCA_027578415.1_UCR_CoemRSA1972_1.0|c0	tblastn	REF|3231046_uomau377_MAT_Minus|gene1|sexM	23.5	E=1.2	43
GCA_027578415.1_UCR_CoemRSA1972_1.0|c0|t7	GCA_027578415.1_UCR_CoemRSA1972_1.0	cand	GCA_027578415.1_UCR_CoemRSA1972_1.0|c0	tblastn	REF|36080_nrrl-3631_MAT_Plus|gene1|sexP	23.1	E=2.4	38
GCA_027578415.1_UCR_CoemRSA1972_1.0|c0|t8	GCA_027578415.1_UCR_CoemRSA1972_1.0	cand	GCA_027578415.1_UCR_CoemRSA1972_1.0|c0	tblastn	REF|4837_ubc21_MAT_Plus|gene1|sexP	21.9	E=4.7	30
GCA_027578415.1_UCR_CoemRSA1972_1.0|c0|t9	GCA_027578415.1_UCR_CoemRSA1972_1.0	cand	GCA_027578415.1_UCR_CoemRSA1972_1.0|c0	tblastn	REF|4837_ubc21_MAT_Plus|gene1|sexP	33.5	E=0.001	88
GCA_027578415.1_UCR_CoemRSA1972_1.0|w0|t0	GCA_027578415.1_UCR_CoemRSA1972_1.0	cand	GCA_027578415.1_UCR_CoemRSA1972_1.0|w0	tblastn	REF|3108396_ai-2023a_MAT_Plus|gene2|sexP	32.0	E=0.004	86
GCA_027578415.1_UCR_CoemRSA1972_1.0|w1|t0	GCA_027578415.1_UCR_CoemRSA1972_1.0	cand	GCA_027578415.1_UCR_CoemRSA1972_1.0|w1	tblastn	REF|4837_ubc21_MAT_Plus|gene1|sexP	62.7	E=7.1e-06	118
GCA_027578415.1_UCR_CoemRSA1972_1.0|w1|t2	GCA_027578415.1_UCR_CoemRSA1972_1.0	cand	GCA_027578415.1_UCR_CoemRSA1972_1.0|w1	tblastn	REF|64495_cbs346-36_MAT_Plus|gene2|sexP	22.7	E=3.4	43
GCA_027578415.1_UCR_CoemRSA1972_1.0|w2|t1	GCA_027578415.1_UCR_CoemRSA1972_1.0	cand	GCA_027578415.1_UCR_CoemRSA1972_1.0|w2	tblastn	REF|4837_ubc21_MAT_Plus|gene1|sexP	26.6	E=0.19	79
GCA_027578415.1_UCR_CoemRSA1972_1.0|w2|t3	GCA_027578415.1_UCR_CoemRSA1972_1.0	cand	GCA_027578415.1_UCR_CoemRSA1972_1.0|w2	tblastn	REF|64495_cbs346-36_MAT_Plus|gene2|sexP	50.0	E=0.068	107
GCA_027578415.1_UCR_CoemRSA1972_1.0|w2|t5	GCA_027578415.1_UCR_CoemRSA1972_1.0	cand	GCA_027578415.1_UCR_CoemRSA1972_1.0|w2	tblastn	REF|3231046_uomd23-19_MAT_Plus|gene1|sexP	22.3	E=3.6	84
GCA_027578415.1_UCR_CoemRSA1972_1.0|w2|t6	GCA_027578415.1_UCR_CoemRSA1972_1.0	cand	GCA_027578415.1_UCR_CoemRSA1972_1.0|w2	tblastn	REF|3108396_ai-2023a_MAT_Plus|gene2|sexP	23.1	E=2.5	62
GCA_027578415.1_UCR_CoemRSA1972_1.0|w2|t7	GCA_027578415.1_UCR_CoemRSA1972_1.0	cand	GCA_027578415.1_UCR_CoemRSA1972_1.0|w2	tblastn	REF|36080_nrrl-3631_MAT_Plus|gene1|sexP	43.8	E=5.1	46
GCA_027578415.1_UCR_CoemRSA1972_1.0|w2|t8	GCA_027578415.1_UCR_CoemRSA1972_1.0	cand	GCA_027578415.1_UCR_CoemRSA1972_1.0|w2	tblastn	REF|64495_cbs346-36_MAT_Plus|gene2|sexP	25.4	E=0.41	48
GCA_027578435.1_UCR_CoemRSA1937_1.0|w0|t0	GCA_027578435.1_UCR_CoemRSA1937_1.0	cand	GCA_027578435.1_UCR_CoemRSA1937_1.0|w0	tblastn	REF|4837_nrrl1555_MAT_Minus|gene1|sexM	70.1	E=8e-10	96
GCA_027578435.1_UCR_CoemRSA1937_1.0|w0|t1	GCA_027578435.1_UCR_CoemRSA1937_1.0	cand	GCA_027578435.1_UCR_CoemRSA1937_1.0|w0	tblastn	REF|101119_atcc11807_MAT_Plus|gene0|sexP	20.0	E=6.6	40
GCA_027578435.1_UCR_CoemRSA1937_1.0|w0|t3	GCA_027578435.1_UCR_CoemRSA1937_1.0	cand	GCA_027578435.1_UCR_CoemRSA1937_1.0|w0	tblastn	REF|4837_ubc21_MAT_Plus|gene1|sexP	60.4	E=5.7	60
GCA_027578435.1_UCR_CoemRSA1937_1.0|w0|t4	GCA_027578435.1_UCR_CoemRSA1937_1.0	cand	GCA_027578435.1_UCR_CoemRSA1937_1.0|w0	tblastn	REF|64495_cbs346-36_MAT_Plus|gene2|sexP	40.8	E=4.6	42
GCA_027578435.1_UCR_CoemRSA1937_1.0|w0|t5	GCA_027578435.1_UCR_CoemRSA1937_1.0	cand	GCA_027578435.1_UCR_CoemRSA1937_1.0|w0	tblastn	REF|101119_atcc11807_MAT_Plus|gene0|sexP	80.1	E=3e-05	121
GCA_027578435.1_UCR_CoemRSA1937_1.0|w0|t6	GCA_027578435.1_UCR_CoemRSA1937_1.0	cand	GCA_027578435.1_UCR_CoemRSA1937_1.0|w0	tblastn	REF|36080_r7b_MAT_Minus|gene1|sexM	24.6	E=0.21	35
GCA_027578435.1_UCR_CoemRSA1937_1.0|w0|t7	GCA_027578435.1_UCR_CoemRSA1937_1.0	cand	GCA_027578435.1_UCR_CoemRSA1937_1.0|w0	tblastn	REF|101119_atcc11807_MAT_Plus|gene0|sexP	48.1	E=0.023	95
GCA_027578455.1_UCR_CoemRSA2052_1.0|w0|t0	GCA_027578455.1_UCR_CoemRSA2052_1.0	cand	GCA_027578455.1_UCR_CoemRSA2052_1.0|w0	tblastn	REF|29922_cbs109-16_MAT_Minus|gene1|sexM	35.4	E=7e-05	57
GCA_027578455.1_UCR_CoemRSA2052_1.0|w1|t0	GCA_027578455.1_UCR_CoemRSA2052_1.0	cand	GCA_027578455.1_UCR_CoemRSA2052_1.0|w1	tblastn	REF|29922_cbs109-16_MAT_Minus|gene1|sexM	52.4	E=1.3e-10	56
GCA_027578455.1_UCR_CoemRSA2052_1.0|w2|t0	GCA_027578455.1_UCR_CoemRSA2052_1.0	cand	GCA_027578455.1_UCR_CoemRSA2052_1.0|w2	tblastn	REF|35722_atcc11077_MAT_Minus|gene0|sexM	41.2	E=3	32
GCA_027578455.1_UCR_CoemRSA2052_1.0|w3|t0	GCA_027578455.1_UCR_CoemRSA2052_1.0	cand	GCA_027578455.1_UCR_CoemRSA2052_1.0|w3	tblastn	REF|36080_r7b_MAT_Minus|gene1|sexM	45.4	E=0.8	67
GCA_027578455.1_UCR_CoemRSA2052_1.0|w4|t0	GCA_027578455.1_UCR_CoemRSA2052_1.0	cand	GCA_027578455.1_UCR_CoemRSA2052_1.0|w4	tblastn	REF|3108396_ai-2023a_MAT_Plus|gene2|sexP	31.2	E=0.003	120
GCA_027578455.1_UCR_CoemRSA2052_1.0|w5|t1	GCA_027578455.1_UCR_CoemRSA2052_1.0	cand	GCA_027578455.1_UCR_CoemRSA2052_1.0|w5	tblastn	REF|3231046_uomd23-19_MAT_Plus|gene1|sexP	22.3	E=1.6	43
GCA_027578455.1_UCR_CoemRSA2052_1.0|w5|t2	GCA_027578455.1_UCR_CoemRSA2052_1.0	cand	GCA_027578455.1_UCR_CoemRSA2052_1.0|w5	tblastn	REF|3231046_uomd23-19_MAT_Plus|gene1|sexP	21.9	E=2.4	43
GCA_027578455.1_UCR_CoemRSA2052_1.0|w5|t3	GCA_027578455.1_UCR_CoemRSA2052_1.0	cand	GCA_027578455.1_UCR_CoemRSA2052_1.0|w5	tblastn	REF|86630_cbs357-93_MAT_Minus|gene0|sexM	21.6	E=1.7	41
GCA_027578455.1_UCR_CoemRSA2052_1.0|w5|t4	GCA_027578455.1_UCR_CoemRSA2052_1.0	cand	GCA_027578455.1_UCR_CoemRSA2052_1.0|w5	tblastn	REF|3108396_ai-2023a_MAT_Plus|gene2|sexP	21.2	E=4.1	68
GCA_027578455.1_UCR_CoemRSA2052_1.0|w5|t6	GCA_027578455.1_UCR_CoemRSA2052_1.0	cand	GCA_027578455.1_UCR_CoemRSA2052_1.0|w5	tblastn	REF|36080_r7b_MAT_Minus|gene1|sexM	26.2	E=0.094	34
GCA_027578455.1_UCR_CoemRSA2052_1.0|w6|t0	GCA_027578455.1_UCR_CoemRSA2052_1.0	cand	GCA_027578455.1_UCR_CoemRSA2052_1.0|w6	tblastn	REF|101119_atcc11807_MAT_Minus|gene0|sexM	22.3	E=0.82	35
GCA_027578455.1_UCR_CoemRSA2052_1.0|w6|t1	GCA_027578455.1_UCR_CoemRSA2052_1.0	cand	GCA_027578455.1_UCR_CoemRSA2052_1.0|w6	tblastn	REF|35722_atcc11077_MAT_Minus|gene0|sexM	25.4	E=0.093	39
GCA_027578455.1_UCR_CoemRSA2052_1.0|w7|t0	GCA_027578455.1_UCR_CoemRSA2052_1.0	cand	GCA_027578455.1_UCR_CoemRSA2052_1.0|w7	tblastn	REF|4837_ubc21_MAT_Plus|gene1|sexP	26.9	E=0.052	36
GCA_027578475.1_UCR_CoemRSA2607_1.0|w0|t0	GCA_027578475.1_UCR_CoemRSA2607_1.0	cand	GCA_027578475.1_UCR_CoemRSA2607_1.0|w0	tblastn	REF|64495_cbs346-36_MAT_Plus|gene2|sexP	74.7	E=0.98	103
GCA_027578475.1_UCR_CoemRSA2607_1.0|w1|t0	GCA_027578475.1_UCR_CoemRSA2607_1.0	cand	GCA_027578475.1_UCR_CoemRSA2607_1.0|w1	tblastn	REF|3108396_ai-2023a_MAT_Plus|gene2|sexP	56.2	E=0.74	82
GCA_027578515.1_UCR_CoemRSA1935_1.0|w0|t0	GCA_027578515.1_UCR_CoemRSA1935_1.0	cand	GCA_027578515.1_UCR_CoemRSA1935_1.0|w0	tblastn	REF|29922_cbs109-16_MAT_Minus|gene1|sexM	68.2	E=1.3e-08	92
GCA_027578515.1_UCR_CoemRSA1935_1.0|w1|t0	GCA_027578515.1_UCR_CoemRSA1935_1.0	cand	GCA_027578515.1_UCR_CoemRSA1935_1.0|w1	tblastn	REF|36080_r7b_MAT_Minus|gene1|sexM	75.4	E=9.7e-05	165
GCA_027578515.1_UCR_CoemRSA1935_1.0|w2|t0	GCA_027578515.1_UCR_CoemRSA1935_1.0	cand	GCA_027578515.1_UCR_CoemRSA1935_1.0|w2	tblastn	REF|64495_cbs110-17_MAT_Minus|gene1|sexM	39.3	E=2.8e-06	122
GCA_027578515.1_UCR_CoemRSA1935_1.0|w3|t0	GCA_027578515.1_UCR_CoemRSA1935_1.0	cand	GCA_027578515.1_UCR_CoemRSA1935_1.0|w3	tblastn	REF|64495_cbs110-17_MAT_Minus|gene1|sexM	42.7	E=0.45	73
GCA_027578515.1_UCR_CoemRSA1935_1.0|w4|t0	GCA_027578515.1_UCR_CoemRSA1935_1.0	cand	GCA_027578515.1_UCR_CoemRSA1935_1.0|w4	tblastn	REF|36080_r7b_MAT_Minus|gene1|sexM	21.6	E=2.1	88
GCA_027578515.1_UCR_CoemRSA1935_1.0|w4|t2	GCA_027578515.1_UCR_CoemRSA1935_1.0	cand	GCA_027578515.1_UCR_CoemRSA1935_1.0|w4	tblastn	REF|3231046_uomau377_MAT_Minus|gene1|sexM	21.9	E=1.4	61
GCA_027578515.1_UCR_CoemRSA1935_1.0|w5|t0	GCA_027578515.1_UCR_CoemRSA1935_1.0	cand	GCA_027578515.1_UCR_CoemRSA1935_1.0|w5	tblastn	REF|29922_cbs109-16_MAT_Minus|gene1|sexM	37.4	E=1.6e-05	65
GCA_027578515.1_UCR_CoemRSA1935_1.0|w6|t0	GCA_027578515.1_UCR_CoemRSA1935_1.0	cand	GCA_027578515.1_UCR_CoemRSA1935_1.0|w6	tblastn	REF|29922_cbs109-16_MAT_Minus|gene1|sexM	30.8	E=0.002	76
GCA_027578515.1_UCR_CoemRSA1935_1.0|w6|t1	GCA_027578515.1_UCR_CoemRSA1935_1.0	cand	GCA_027578515.1_UCR_CoemRSA1935_1.0|w6	tblastn	REF|4837_ubc21_MAT_Plus|gene1|sexP	23.5	E=0.63	43
GCA_027578515.1_UCR_CoemRSA1935_1.0|w7|t0	GCA_027578515.1_UCR_CoemRSA1935_1.0	cand	GCA_027578515.1_UCR_CoemRSA1935_1.0|w7	tblastn	REF|64495_cbs110-17_MAT_Minus|gene1|sexM	27.3	E=0.022	34
GCA_027578535.1_UCR_CoemRSA1933_1.0|w0|t0	GCA_027578535.1_UCR_CoemRSA1933_1.0	cand	GCA_027578535.1_UCR_CoemRSA1933_1.0|w0	tblastn	REF|64495_cbs346-36_MAT_Plus|gene2|sexP	102.4	E=0.47	134
GCA_027578535.1_UCR_CoemRSA1933_1.0|w1|t0	GCA_027578535.1_UCR_CoemRSA1933_1.0	cand	GCA_027578535.1_UCR_CoemRSA1933_1.0|w1	tblastn	REF|35722_atcc11077_MAT_Minus|gene0|sexM	100.4	E=0.18	133
GCA_027578535.1_UCR_CoemRSA1933_1.0|w2|t0	GCA_027578535.1_UCR_CoemRSA1933_1.0	cand	GCA_027578535.1_UCR_CoemRSA1933_1.0|w2	tblastn	REF|3231046_uomd23-19_MAT_Plus|gene1|sexP	40.8	E=0.97	86
GCA_027578555.1_UCR_CoemRSA1813_1.0|w0|t0	GCA_027578555.1_UCR_CoemRSA1813_1.0	cand	GCA_027578555.1_UCR_CoemRSA1813_1.0|w0	tblastn	REF|64495_cbs346-36_MAT_Plus|gene2|sexP	25.8	E=0.75	33
GCA_027578555.1_UCR_CoemRSA1813_1.0|w0|t1	GCA_027578555.1_UCR_CoemRSA1813_1.0	cand	GCA_027578555.1_UCR_CoemRSA1813_1.0|w0	tblastn	REF|64495_cbs346-36_MAT_Plus|gene2|sexP	22.7	E=8.4	38
GCA_027578555.1_UCR_CoemRSA1813_1.0|w0|t2	GCA_027578555.1_UCR_CoemRSA1813_1.0	cand	GCA_027578555.1_UCR_CoemRSA1813_1.0|w0	tblastn	REF|4850_vkm-f-921_MAT_Minus|gene0|sexM	21.6	E=9.6	44
GCA_027578555.1_UCR_CoemRSA1813_1.0|w0|t3	GCA_027578555.1_UCR_CoemRSA1813_1.0	cand	GCA_027578555.1_UCR_CoemRSA1813_1.0|w0	tblastn	REF|36080_nrrl-3631_MAT_Plus|gene1|sexP	30.0	E=0.041	45
GCA_027578555.1_UCR_CoemRSA1813_1.0|w0|t5	GCA_027578555.1_UCR_CoemRSA1813_1.0	cand	GCA_027578555.1_UCR_CoemRSA1813_1.0|w0	tblastn	REF|35722_atcc11077_MAT_Minus|gene0|sexM	26.2	E=0.3	57
GCA_027578555.1_UCR_CoemRSA1813_1.0|w0|t8	GCA_027578555.1_UCR_CoemRSA1813_1.0	cand	GCA_027578555.1_UCR_CoemRSA1813_1.0|w0	tblastn	REF|36080_nrrl-3631_MAT_Plus|gene1|sexP	24.6	E=2.1	35
GCA_027578555.1_UCR_CoemRSA1813_1.0|w0|t9	GCA_027578555.1_UCR_CoemRSA1813_1.0	cand	GCA_027578555.1_UCR_CoemRSA1813_1.0|w0	tblastn	REF|101119_atcc11807_MAT_Minus|gene0|sexM	27.3	E=0.14	101
GCA_027578555.1_UCR_CoemRSA1813_1.0|w1|t0	GCA_027578555.1_UCR_CoemRSA1813_1.0	cand	GCA_027578555.1_UCR_CoemRSA1813_1.0|w1	tblastn	REF|4837_ubc21_MAT_Plus|gene1|sexP	29.6	E=0.045	60
GCA_027578555.1_UCR_CoemRSA1813_1.0|w1|t3	GCA_027578555.1_UCR_CoemRSA1813_1.0	cand	GCA_027578555.1_UCR_CoemRSA1813_1.0|w1	tblastn	REF|3108396_ai-2023a_MAT_Plus|gene2|sexP	23.5	E=4.2	57
GCA_027578555.1_UCR_CoemRSA1813_1.0|w2|t0	GCA_027578555.1_UCR_CoemRSA1813_1.0	cand	GCA_027578555.1_UCR_CoemRSA1813_1.0|w2	tblastn	REF|3231046_uomd23-19_MAT_Plus|gene1|sexP	33.9	E=0.002	57
GCA_027578555.1_UCR_CoemRSA1813_1.0|w2|t2	GCA_027578555.1_UCR_CoemRSA1813_1.0	cand	GCA_027578555.1_UCR_CoemRSA1813_1.0|w2	tblastn	REF|3231046_uomd23-19_MAT_Plus|gene1|sexP	25.0	E=1.6	56
GCA_027578555.1_UCR_CoemRSA1813_1.0|w3|t0	GCA_027578555.1_UCR_CoemRSA1813_1.0	cand	GCA_027578555.1_UCR_CoemRSA1813_1.0|w3	tblastn	REF|4837_nrrl1555_MAT_Minus|gene1|sexM	29.6	E=0.033	108
GCA_027578555.1_UCR_CoemRSA1813_1.0|w3|t3	GCA_027578555.1_UCR_CoemRSA1813_1.0	cand	GCA_027578555.1_UCR_CoemRSA1813_1.0|w3	tblastn	REF|3231046_uomau377_MAT_Minus|gene1|sexM	22.3	E=8.1	50
GCA_027578555.1_UCR_CoemRSA1813_1.0|w3|t4	GCA_027578555.1_UCR_CoemRSA1813_1.0	cand	GCA_027578555.1_UCR_CoemRSA1813_1.0|w3	tblastn	REF|3231046_uomd23-19_MAT_Plus|gene1|sexP	41.6	E=1.1e-05	81
GCA_027578555.1_UCR_CoemRSA1813_1.0|w3|t6	GCA_027578555.1_UCR_CoemRSA1813_1.0	cand	GCA_027578555.1_UCR_CoemRSA1813_1.0|w3	tblastn	REF|3231046_uomau377_MAT_Minus|gene1|sexM	26.9	E=0.24	68
GCA_027578555.1_UCR_CoemRSA1813_1.0|w4|t0	GCA_027578555.1_UCR_CoemRSA1813_1.0	cand	GCA_027578555.1_UCR_CoemRSA1813_1.0|w4	tblastn	REF|36080_nrrl-3631_MAT_Plus|gene1|sexP	27.3	E=0.3	55
GCA_027578555.1_UCR_CoemRSA1813_1.0|w4|t1	GCA_027578555.1_UCR_CoemRSA1813_1.0	cand	GCA_027578555.1_UCR_CoemRSA1813_1.0|w4	tblastn	REF|36080_r7b_MAT_Minus|gene1|sexM	23.9	E=2.8	30
GCA_027578555.1_UCR_CoemRSA1813_1.0|w5|t0	GCA_027578555.1_UCR_CoemRSA1813_1.0	cand	GCA_027578555.1_UCR_CoemRSA1813_1.0|w5	tblastn	REF|4850_vkm-f-921_MAT_Minus|gene0|sexM	23.9	E=1.9	40
GCA_027578555.1_UCR_CoemRSA1813_1.0|w5|t1	GCA_027578555.1_UCR_CoemRSA1813_1.0	cand	GCA_027578555.1_UCR_CoemRSA1813_1.0|w5	tblastn	REF|4850_vkm-f-921_MAT_Minus|gene0|sexM	28.9	E=0.056	51
GCA_027578555.1_UCR_CoemRSA1813_1.0|w5|t2	GCA_027578555.1_UCR_CoemRSA1813_1.0	cand	GCA_027578555.1_UCR_CoemRSA1813_1.0|w5	tblastn	REF|36080_nrrl-3631_MAT_Plus|gene1|sexP	26.2	E=0.75	42
GCA_027578555.1_UCR_CoemRSA1813_1.0|w5|t4	GCA_027578555.1_UCR_CoemRSA1813_1.0	cand	GCA_027578555.1_UCR_CoemRSA1813_1.0|w5	tblastn	REF|3108396_ai-2023a_MAT_Plus|gene2|sexP	25.0	E=1.3	35
GCA_027578555.1_UCR_CoemRSA1813_1.0|w5|t5	GCA_027578555.1_UCR_CoemRSA1813_1.0	cand	GCA_027578555.1_UCR_CoemRSA1813_1.0|w5	tblastn	REF|29922_cbs109-16_MAT_Minus|gene1|sexM	26.6	E=0.28	36
GCA_027578555.1_UCR_CoemRSA1813_1.0|w6|t1	GCA_027578555.1_UCR_CoemRSA1813_1.0	cand	GCA_027578555.1_UCR_CoemRSA1813_1.0|w6	tblastn	REF|64495_cbs110-17_MAT_Minus|gene1|sexM	26.2	E=0.31	40
GCA_027578555.1_UCR_CoemRSA1813_1.0|w6|t4	GCA_027578555.1_UCR_CoemRSA1813_1.0	cand	GCA_027578555.1_UCR_CoemRSA1813_1.0|w6	tblastn	REF|64495_cbs110-17_MAT_Minus|gene1|sexM	26.2	E=0.27	56
GCA_027578555.1_UCR_CoemRSA1813_1.0|w6|t5	GCA_027578555.1_UCR_CoemRSA1813_1.0	cand	GCA_027578555.1_UCR_CoemRSA1813_1.0|w6	tblastn	REF|4837_ubc21_MAT_Plus|gene1|sexP	26.2	E=0.61	37
GCA_027578555.1_UCR_CoemRSA1813_1.0|w6|t6	GCA_027578555.1_UCR_CoemRSA1813_1.0	cand	GCA_027578555.1_UCR_CoemRSA1813_1.0|w6	tblastn	REF|3108396_ai-2023a_MAT_Plus|gene2|sexP	31.2	E=0.02	111
GCA_027578555.1_UCR_CoemRSA1813_1.0|w6|t10	GCA_027578555.1_UCR_CoemRSA1813_1.0	cand	GCA_027578555.1_UCR_CoemRSA1813_1.0|w6	tblastn	REF|4837_nrrl1555_MAT_Minus|gene1|sexM	21.9	E=9.1	62
GCA_027578555.1_UCR_CoemRSA1813_1.0|w6|t11	GCA_027578555.1_UCR_CoemRSA1813_1.0	cand	GCA_027578555.1_UCR_CoemRSA1813_1.0|w6	tblastn	REF|4837_nrrl1555_MAT_Minus|gene1|sexM	28.5	E=0.068	45
GCA_027578555.1_UCR_CoemRSA1813_1.0|w7|t0	GCA_027578555.1_UCR_CoemRSA1813_1.0	cand	GCA_027578555.1_UCR_CoemRSA1813_1.0|w7	tblastn	REF|3108396_ai-2023a_MAT_Plus|gene2|sexP	29.3	E=0.061	48
GCA_027578555.1_UCR_CoemRSA1813_1.0|w7|t1	GCA_027578555.1_UCR_CoemRSA1813_1.0	cand	GCA_027578555.1_UCR_CoemRSA1813_1.0|w7	tblastn	REF|35722_atcc11077_MAT_Minus|gene0|sexM	25.0	E=0.89	115
GCA_027578555.1_UCR_CoemRSA1813_1.0|w7|t2	GCA_027578555.1_UCR_CoemRSA1813_1.0	cand	GCA_027578555.1_UCR_CoemRSA1813_1.0|w7	tblastn	REF|3231046_uomd23-19_MAT_Plus|gene1|sexP	23.9	E=3.7	113
GCA_027578555.1_UCR_CoemRSA1813_1.0|w7|t3	GCA_027578555.1_UCR_CoemRSA1813_1.0	cand	GCA_027578555.1_UCR_CoemRSA1813_1.0|w7	tblastn	REF|36080_r7b_MAT_Minus|gene1|sexM	26.9	E=0.31	35
GCA_027578555.1_UCR_CoemRSA1813_1.0|w7|t5	GCA_027578555.1_UCR_CoemRSA1813_1.0	cand	GCA_027578555.1_UCR_CoemRSA1813_1.0|w7	tblastn	REF|36080_nrrl-3631_MAT_Plus|gene1|sexP	22.7	E=7.5	38
GCA_027578555.1_UCR_CoemRSA1813_1.0|w7|t6	GCA_027578555.1_UCR_CoemRSA1813_1.0	cand	GCA_027578555.1_UCR_CoemRSA1813_1.0|w7	tblastn	REF|4850_vkm-f-921_MAT_Minus|gene0|sexM	22.3	E=6.8	86
GCA_027578555.1_UCR_CoemRSA1813_1.0|w7|t7	GCA_027578555.1_UCR_CoemRSA1813_1.0	cand	GCA_027578555.1_UCR_CoemRSA1813_1.0|w7	tblastn	REF|86630_cbs357-93_MAT_Minus|gene0|sexM	24.3	E=1.1	61
GCA_027578575.1_UCR_CoemRSA1853_1.0|w0|t1	GCA_027578575.1_UCR_CoemRSA1853_1.0	cand	GCA_027578575.1_UCR_CoemRSA1853_1.0|w0	tblastn	REF|3108396_ai-2023a_MAT_Plus|gene2|sexP	66.2	E=1.8	66
GCA_027578575.1_UCR_CoemRSA1853_1.0|w0|t5	GCA_027578575.1_UCR_CoemRSA1853_1.0	cand	GCA_027578575.1_UCR_CoemRSA1853_1.0|w0	tblastn	REF|101119_atcc11807_MAT_Minus|gene0|sexM	22.7	E=1.2	35
GCA_027578575.1_UCR_CoemRSA1853_1.0|w0|t6	GCA_027578575.1_UCR_CoemRSA1853_1.0	cand	GCA_027578575.1_UCR_CoemRSA1853_1.0|w0	tblastn	REF|3231046_uomd23-19_MAT_Plus|gene1|sexP	25.0	E=0.44	39
GCA_027578575.1_UCR_CoemRSA1853_1.0|w0|t7	GCA_027578575.1_UCR_CoemRSA1853_1.0	cand	GCA_027578575.1_UCR_CoemRSA1853_1.0|w0	tblastn	REF|4850_vkm-f-921_MAT_Minus|gene0|sexM	23.5	E=0.66	46
GCA_027578575.1_UCR_CoemRSA1853_1.0|w0|t8	GCA_027578575.1_UCR_CoemRSA1853_1.0	cand	GCA_027578575.1_UCR_CoemRSA1853_1.0|w0	tblastn	REF|36080_nrrl-3631_MAT_Plus|gene1|sexP	48.5	E=0.18	113
GCA_027578575.1_UCR_CoemRSA1853_1.0|w0|t9	GCA_027578575.1_UCR_CoemRSA1853_1.0	cand	GCA_027578575.1_UCR_CoemRSA1853_1.0|w0	tblastn	REF|36080_nrrl-3631_MAT_Plus|gene1|sexP	22.3	E=2.8	71
GCA_027578575.1_UCR_CoemRSA1853_1.0|w0|t10	GCA_027578575.1_UCR_CoemRSA1853_1.0	cand	GCA_027578575.1_UCR_CoemRSA1853_1.0|w0	tblastn	REF|4850_vkm-f-921_MAT_Minus|gene0|sexM	40.8	E=5.2	48
GCA_027578575.1_UCR_CoemRSA1853_1.0|w1|t0	GCA_027578575.1_UCR_CoemRSA1853_1.0	cand	GCA_027578575.1_UCR_CoemRSA1853_1.0|w1	tblastn	REF|35722_atcc11077_MAT_Minus|gene0|sexM	24.3	E=0.41	32
GCA_027578575.1_UCR_CoemRSA1853_1.0|w1|t1	GCA_027578575.1_UCR_CoemRSA1853_1.0	cand	GCA_027578575.1_UCR_CoemRSA1853_1.0|w1	tblastn	REF|86630_cbs357-93_MAT_Minus|gene0|sexM	43.1	E=0.54	49
GCA_027578575.1_UCR_CoemRSA1853_1.0|w1|t3	GCA_027578575.1_UCR_CoemRSA1853_1.0	cand	GCA_027578575.1_UCR_CoemRSA1853_1.0|w1	tblastn	REF|3231046_uomau377_MAT_Minus|gene1|sexM	24.6	E=0.42	33
GCA_027578575.1_UCR_CoemRSA1853_1.0|w2|t0	GCA_027578575.1_UCR_CoemRSA1853_1.0	cand	GCA_027578575.1_UCR_CoemRSA1853_1.0|w2	tblastn	REF|4850_vkm-f-921_MAT_Minus|gene0|sexM	36.2	E=7.7	53
GCA_027578575.1_UCR_CoemRSA1853_1.0|w2|t1	GCA_027578575.1_UCR_CoemRSA1853_1.0	cand	GCA_027578575.1_UCR_CoemRSA1853_1.0|w2	tblastn	REF|4837_nrrl1555_MAT_Minus|gene1|sexM	63.9	E=1.7	85
GCA_027578575.1_UCR_CoemRSA1853_1.0|w2|t2	GCA_027578575.1_UCR_CoemRSA1853_1.0	cand	GCA_027578575.1_UCR_CoemRSA1853_1.0|w2	tblastn	REF|29922_cbs109-16_MAT_Minus|gene1|sexM	25.4	E=0.21	38
GCA_027578575.1_UCR_CoemRSA1853_1.0|w2|t3	GCA_027578575.1_UCR_CoemRSA1853_1.0	cand	GCA_027578575.1_UCR_CoemRSA1853_1.0|w2	tblastn	REF|36080_nrrl-3631_MAT_Plus|gene1|sexP	28.9	E=0.03	53
GCA_027578595.1_UCR_CoemRSA1836_1.0|w0|t0	GCA_027578595.1_UCR_CoemRSA1836_1.0	cand	GCA_027578595.1_UCR_CoemRSA1836_1.0|w0	tblastn	REF|64495_cbs346-36_MAT_Plus|gene2|sexP	40.8	E=0.99	61
GCA_027578595.1_UCR_CoemRSA1836_1.0|w1|t0	GCA_027578595.1_UCR_CoemRSA1836_1.0	cand	GCA_027578595.1_UCR_CoemRSA1836_1.0|w1	tblastn	REF|3108396_ai-2023a_MAT_Plus|gene2|sexP	30.8	E=0.001	120
GCA_027578595.1_UCR_CoemRSA1836_1.0|w2|t0	GCA_027578595.1_UCR_CoemRSA1836_1.0	cand	GCA_027578595.1_UCR_CoemRSA1836_1.0|w2	tblastn	REF|3108396_ai-2023a_MAT_Plus|gene2|sexP	50.4	E=0.006	84
GCA_027578595.1_UCR_CoemRSA1836_1.0|w3|t0	GCA_027578595.1_UCR_CoemRSA1836_1.0	cand	GCA_027578595.1_UCR_CoemRSA1836_1.0|w3	tblastn	REF|101119_atcc11807_MAT_Minus|gene0|sexM	21.2	E=0.68	35
GCA_027578595.1_UCR_CoemRSA1836_1.0|w3|t1	GCA_027578595.1_UCR_CoemRSA1836_1.0	cand	GCA_027578595.1_UCR_CoemRSA1836_1.0|w3	tblastn	REF|35722_atcc11077_MAT_Minus|gene0|sexM	43.5	E=0.03	54
GCA_027578615.1_UCR_CoemRSA1822_1.0|w0|t0	GCA_027578615.1_UCR_CoemRSA1822_1.0	cand	GCA_027578615.1_UCR_CoemRSA1822_1.0|w0	tblastn	REF|3231046_uomau377_MAT_Minus|gene1|sexM	24.6	E=0.27	33
GCA_027578615.1_UCR_CoemRSA1822_1.0|w0|t1	GCA_027578615.1_UCR_CoemRSA1822_1.0	cand	GCA_027578615.1_UCR_CoemRSA1822_1.0|w0	tblastn	REF|4837_nrrl1555_MAT_Minus|gene1|sexM	40.8	E=2.5	32
GCA_027578615.1_UCR_CoemRSA1822_1.0|w0|t2	GCA_027578615.1_UCR_CoemRSA1822_1.0	cand	GCA_027578615.1_UCR_CoemRSA1822_1.0|w0	tblastn	REF|35722_atcc11077_MAT_Minus|gene0|sexM	52.0	E=0.018	118
GCA_027578615.1_UCR_CoemRSA1822_1.0|w1|t0	GCA_027578615.1_UCR_CoemRSA1822_1.0	cand	GCA_027578615.1_UCR_CoemRSA1822_1.0|w1	tblastn	REF|3231046_uomd23-19_MAT_Plus|gene1|sexP	43.2	E=2.8	72
GCA_027578615.1_UCR_CoemRSA1822_1.0|w1|t1	GCA_027578615.1_UCR_CoemRSA1822_1.0	cand	GCA_027578615.1_UCR_CoemRSA1822_1.0|w1	tblastn	REF|4850_vkm-f-921_MAT_Minus|gene0|sexM	21.2	E=2.7	41
GCA_027578615.1_UCR_CoemRSA1822_1.0|w1|t2	GCA_027578615.1_UCR_CoemRSA1822_1.0	cand	GCA_027578615.1_UCR_CoemRSA1822_1.0|w1	tblastn	REF|3108396_ai-2023a_MAT_Plus|gene2|sexP	49.2	E=0.064	53
GCA_027578615.1_UCR_CoemRSA1822_1.0|w1|t3	GCA_027578615.1_UCR_CoemRSA1822_1.0	cand	GCA_027578615.1_UCR_CoemRSA1822_1.0|w1	tblastn	REF|3231046_uomd23-19_MAT_Plus|gene1|sexP	100.5	E=2.6e-05	160
GCA_027578615.1_UCR_CoemRSA1822_1.0|w1|t4	GCA_027578615.1_UCR_CoemRSA1822_1.0	cand	GCA_027578615.1_UCR_CoemRSA1822_1.0|w1	tblastn	REF|64495_cbs346-36_MAT_Plus|gene2|sexP	74.3	E=0.013	102
GCA_027578635.1_UCR_CoemRSA1807_1.0|w0|t0	GCA_027578635.1_UCR_CoemRSA1807_1.0	cand	GCA_027578635.1_UCR_CoemRSA1807_1.0|w0	tblastn	REF|101119_atcc11807_MAT_Plus|gene0|sexP	29.3	E=0.019	63
GCA_027578635.1_UCR_CoemRSA1807_1.0|w0|t1	GCA_027578635.1_UCR_CoemRSA1807_1.0	cand	GCA_027578635.1_UCR_CoemRSA1807_1.0|w0	tblastn	REF|36080_r7b_MAT_Minus|gene1|sexM	24.6	E=0.44	35
GCA_027578635.1_UCR_CoemRSA1807_1.0|w0|t2	GCA_027578635.1_UCR_CoemRSA1807_1.0	cand	GCA_027578635.1_UCR_CoemRSA1807_1.0|w0	tblastn	REF|101119_atcc11807_MAT_Plus|gene0|sexP	59.7	E=5.8e-05	103
GCA_027578635.1_UCR_CoemRSA1807_1.0|w1|t0	GCA_027578635.1_UCR_CoemRSA1807_1.0	cand	GCA_027578635.1_UCR_CoemRSA1807_1.0|w1	tblastn	REF|101119_atcc11807_MAT_Plus|gene0|sexP	23.5	E=1.1	134
GCA_027578635.1_UCR_CoemRSA1807_1.0|w1|t1	GCA_027578635.1_UCR_CoemRSA1807_1.0	cand	GCA_027578635.1_UCR_CoemRSA1807_1.0|w1	tblastn	REF|4837_ubc21_MAT_Plus|gene1|sexP	31.2	E=0.004	43
GCA_027578635.1_UCR_CoemRSA1807_1.0|w1|t2	GCA_027578635.1_UCR_CoemRSA1807_1.0	cand	GCA_027578635.1_UCR_CoemRSA1807_1.0|w1	tblastn	REF|86630_cbs357-93_MAT_Minus|gene0|sexM	20.0	E=8.1	33
GCA_027578635.1_UCR_CoemRSA1807_1.0|w1|t4	GCA_027578635.1_UCR_CoemRSA1807_1.0	cand	GCA_027578635.1_UCR_CoemRSA1807_1.0|w1	tblastn	REF|101119_atcc11807_MAT_Plus|gene0|sexP	22.3	E=2.7	33
GCA_027578635.1_UCR_CoemRSA1807_1.0|w1|t5	GCA_027578635.1_UCR_CoemRSA1807_1.0	cand	GCA_027578635.1_UCR_CoemRSA1807_1.0|w1	tblastn	REF|64495_cbs346-36_MAT_Plus|gene2|sexP	59.7	E=3.3e-05	127
GCA_027578635.1_UCR_CoemRSA1807_1.0|w1|t7	GCA_027578635.1_UCR_CoemRSA1807_1.0	cand	GCA_027578635.1_UCR_CoemRSA1807_1.0|w1	tblastn	REF|64495_cbs346-36_MAT_Plus|gene2|sexP	22.3	E=2.7	40
GCA_027578635.1_UCR_CoemRSA1807_1.0|w1|t8	GCA_027578635.1_UCR_CoemRSA1807_1.0	cand	GCA_027578635.1_UCR_CoemRSA1807_1.0|w1	tblastn	REF|101119_atcc11807_MAT_Plus|gene0|sexP	22.7	E=2.3	32
GCA_027578635.1_UCR_CoemRSA1807_1.0|w1|t10	GCA_027578635.1_UCR_CoemRSA1807_1.0	cand	GCA_027578635.1_UCR_CoemRSA1807_1.0|w1	tblastn	REF|101119_atcc11807_MAT_Minus|gene0|sexM	21.6	E=2.6	31
GCA_027578635.1_UCR_CoemRSA1807_1.0|w1|t12	GCA_027578635.1_UCR_CoemRSA1807_1.0	cand	GCA_027578635.1_UCR_CoemRSA1807_1.0|w1	tblastn	REF|101119_atcc11807_MAT_Plus|gene0|sexP	20.8	E=8.4	36
GCA_027578635.1_UCR_CoemRSA1807_1.0|w1|t13	GCA_027578635.1_UCR_CoemRSA1807_1.0	cand	GCA_027578635.1_UCR_CoemRSA1807_1.0|w1	tblastn	REF|64495_cbs110-17_MAT_Minus|gene1|sexM	22.7	E=1.2	40
GCA_027578635.1_UCR_CoemRSA1807_1.0|w2|t0	GCA_027578635.1_UCR_CoemRSA1807_1.0	cand	GCA_027578635.1_UCR_CoemRSA1807_1.0|w2	tblastn	REF|3231046_uomau377_MAT_Minus|gene1|sexM	21.2	E=4.9	42
GCA_027578635.1_UCR_CoemRSA1807_1.0|w2|t1	GCA_027578635.1_UCR_CoemRSA1807_1.0	cand	GCA_027578635.1_UCR_CoemRSA1807_1.0|w2	tblastn	REF|64495_cbs110-17_MAT_Minus|gene1|sexM	23.1	E=0.88	37
GCA_027578635.1_UCR_CoemRSA1807_1.0|w3|t0	GCA_027578635.1_UCR_CoemRSA1807_1.0	cand	GCA_027578635.1_UCR_CoemRSA1807_1.0|w3	tblastn	REF|101119_atcc11807_MAT_Minus|gene0|sexM	24.3	E=0.34	46
GCA_027578635.1_UCR_CoemRSA1807_1.0|w3|t1	GCA_027578635.1_UCR_CoemRSA1807_1.0	cand	GCA_027578635.1_UCR_CoemRSA1807_1.0|w3	tblastn	REF|64495_cbs346-36_MAT_Plus|gene2|sexP	29.6	E=0.018	38
GCA_027578635.1_UCR_CoemRSA1807_1.0|w3|t2	GCA_027578635.1_UCR_CoemRSA1807_1.0	cand	GCA_027578635.1_UCR_CoemRSA1807_1.0|w3	tblastn	REF|3231046_uomd23-19_MAT_Plus|gene1|sexP	22.3	E=2.6	70
GCA_027578635.1_UCR_CoemRSA1807_1.0|w3|t3	GCA_027578635.1_UCR_CoemRSA1807_1.0	cand	GCA_027578635.1_UCR_CoemRSA1807_1.0|w3	tblastn	REF|3231046_uomau377_MAT_Minus|gene1|sexM	21.9	E=2.6	38
GCA_027578655.1_UCR_CoemRSA1694_1.0|w0|t0	GCA_027578655.1_UCR_CoemRSA1694_1.0	cand	GCA_027578655.1_UCR_CoemRSA1694_1.0|w0	tblastn	REF|29922_cbs109-16_MAT_Minus|gene1|sexM	40.8	E=1.8e-06	78
GCA_027578655.1_UCR_CoemRSA1694_1.0|w0|t1	GCA_027578655.1_UCR_CoemRSA1694_1.0	cand	GCA_027578655.1_UCR_CoemRSA1694_1.0|w0	tblastn	REF|64495_cbs346-36_MAT_Plus|gene2|sexP	51.2	E=2.5e-09	78
GCA_027578655.1_UCR_CoemRSA1694_1.0|w0|t2	GCA_027578655.1_UCR_CoemRSA1694_1.0	cand	GCA_027578655.1_UCR_CoemRSA1694_1.0|w0	tblastn	REF|64495_cbs346-36_MAT_Plus|gene2|sexP	41.6	E=5.4	65
GCA_027578655.1_UCR_CoemRSA1694_1.0|w0|t3	GCA_027578655.1_UCR_CoemRSA1694_1.0	cand	GCA_027578655.1_UCR_CoemRSA1694_1.0|w0	tblastn	REF|36080_nrrl-3631_MAT_Plus|gene1|sexP	23.9	E=0.96	38
GCA_027578655.1_UCR_CoemRSA1694_1.0|w0|t5	GCA_027578655.1_UCR_CoemRSA1694_1.0	cand	GCA_027578655.1_UCR_CoemRSA1694_1.0|w0	tblastn	REF|36080_nrrl-3631_MAT_Plus|gene1|sexP	43.9	E=1	61
GCA_027578655.1_UCR_CoemRSA1694_1.0|w0|t8	GCA_027578655.1_UCR_CoemRSA1694_1.0	cand	GCA_027578655.1_UCR_CoemRSA1694_1.0|w0	tblastn	REF|4837_ubc21_MAT_Plus|gene1|sexP	21.9	E=3.3	46
GCA_027578655.1_UCR_CoemRSA1694_1.0|w1|t0	GCA_027578655.1_UCR_CoemRSA1694_1.0	cand	GCA_027578655.1_UCR_CoemRSA1694_1.0|w1	tblastn	REF|36080_nrrl-3631_MAT_Plus|gene1|sexP	49.2	E=0.1	125
GCA_027578655.1_UCR_CoemRSA1694_1.0|w2|t0	GCA_027578655.1_UCR_CoemRSA1694_1.0	cand	GCA_027578655.1_UCR_CoemRSA1694_1.0|w2	tblastn	REF|36080_r7b_MAT_Minus|gene1|sexM	43.5	E=0.98	45
GCA_027578655.1_UCR_CoemRSA1694_1.0|w3|t0	GCA_027578655.1_UCR_CoemRSA1694_1.0	cand	GCA_027578655.1_UCR_CoemRSA1694_1.0|w3	tblastn	REF|3108396_ai-2023a_MAT_Plus|gene2|sexP	49.7	E=0.035	84
GCA_027578655.1_UCR_CoemRSA1694_1.0|w4|t0	GCA_027578655.1_UCR_CoemRSA1694_1.0	cand	GCA_027578655.1_UCR_CoemRSA1694_1.0|w4	tblastn	REF|36080_nrrl-3631_MAT_Plus|gene1|sexP	26.6	E=0.11	74
GCA_027578655.1_UCR_CoemRSA1694_1.0|w5|t0	GCA_027578655.1_UCR_CoemRSA1694_1.0	cand	GCA_027578655.1_UCR_CoemRSA1694_1.0|w5	tblastn	REF|35722_atcc11077_MAT_Minus|gene0|sexM	25.4	E=0.13	39
GCA_027578655.1_UCR_CoemRSA1694_1.0|w5|t1	GCA_027578655.1_UCR_CoemRSA1694_1.0	cand	GCA_027578655.1_UCR_CoemRSA1694_1.0|w5	tblastn	REF|101119_atcc11807_MAT_Minus|gene0|sexM	22.3	E=1.1	35
GCA_027578655.1_UCR_CoemRSA1694_1.0|w6|t0	GCA_027578655.1_UCR_CoemRSA1694_1.0	cand	GCA_027578655.1_UCR_CoemRSA1694_1.0|w6	tblastn	REF|64495_cbs346-36_MAT_Plus|gene2|sexP	27.3	E=0.068	40
GCA_027578675.1_UCR_CoemRSA1358_1.0|w0|t0	GCA_027578675.1_UCR_CoemRSA1358_1.0	cand	GCA_027578675.1_UCR_CoemRSA1358_1.0|w0	tblastn	REF|3231046_uomd23-19_MAT_Plus|gene1|sexP	107.0	E=0.38	137
GCA_027578675.1_UCR_CoemRSA1358_1.0|w0|t1	GCA_027578675.1_UCR_CoemRSA1358_1.0	cand	GCA_027578675.1_UCR_CoemRSA1358_1.0|w0	tblastn	REF|3231046_uomd23-19_MAT_Plus|gene1|sexP	68.9	E=0.15	100
GCA_027578675.1_UCR_CoemRSA1358_1.0|w0|t2	GCA_027578675.1_UCR_CoemRSA1358_1.0	cand	GCA_027578675.1_UCR_CoemRSA1358_1.0|w0	tblastn	REF|35722_atcc11077_MAT_Minus|gene0|sexM	45.0	E=0.12	75
GCA_027578695.1_UCR_CoemRSA1365_1.0|w4|m0	GCA_027578695.1_UCR_CoemRSA1365_1.0	cand	GCA_027578695.1_UCR_CoemRSA1365_1.0|w4	miniprot	REF|101119_atcc11807_MAT_Plus|gene0|sexP	90	0.278	80
GCA_027578695.1_UCR_CoemRSA1365_1.0|w0|t0	GCA_027578695.1_UCR_CoemRSA1365_1.0	cand	GCA_027578695.1_UCR_CoemRSA1365_1.0|w0	tblastn	REF|64495_cbs346-36_MAT_Plus|gene2|sexP	21.9	E=5.7	33
GCA_027578695.1_UCR_CoemRSA1365_1.0|w0|t1	GCA_027578695.1_UCR_CoemRSA1365_1.0	cand	GCA_027578695.1_UCR_CoemRSA1365_1.0|w0	tblastn	REF|64495_cbs110-17_MAT_Minus|gene1|sexM	21.6	E=4.3	35
GCA_027578695.1_UCR_CoemRSA1365_1.0|w0|t2	GCA_027578695.1_UCR_CoemRSA1365_1.0	cand	GCA_027578695.1_UCR_CoemRSA1365_1.0|w0	tblastn	REF|3231046_uomd23-19_MAT_Plus|gene1|sexP	76.6	E=3.2e-10	88
GCA_027578695.1_UCR_CoemRSA1365_1.0|w0|t3	GCA_027578695.1_UCR_CoemRSA1365_1.0	cand	GCA_027578695.1_UCR_CoemRSA1365_1.0|w0	tblastn	REF|3231046_uomd23-19_MAT_Plus|gene1|sexP	51.2	E=3.5e-09	94
GCA_027578695.1_UCR_CoemRSA1365_1.0|w1|t0	GCA_027578695.1_UCR_CoemRSA1365_1.0	cand	GCA_027578695.1_UCR_CoemRSA1365_1.0|w1	tblastn	REF|4837_nrrl1555_MAT_Minus|gene1|sexM	23.5	E=1.2	30
GCA_027578695.1_UCR_CoemRSA1365_1.0|w1|t1	GCA_027578695.1_UCR_CoemRSA1365_1.0	cand	GCA_027578695.1_UCR_CoemRSA1365_1.0|w1	tblastn	REF|36080_nrrl-3631_MAT_Plus|gene1|sexP	30.0	E=0.02	46
GCA_027578695.1_UCR_CoemRSA1365_1.0|w1|t2	GCA_027578695.1_UCR_CoemRSA1365_1.0	cand	GCA_027578695.1_UCR_CoemRSA1365_1.0|w1	tblastn	REF|4837_nrrl1555_MAT_Minus|gene1|sexM	67.8	E=4.1e-08	100
GCA_027578695.1_UCR_CoemRSA1365_1.0|w1|t4	GCA_027578695.1_UCR_CoemRSA1365_1.0	cand	GCA_027578695.1_UCR_CoemRSA1365_1.0|w1	tblastn	REF|64495_cbs346-36_MAT_Plus|gene2|sexP	21.9	E=6	36
GCA_027578695.1_UCR_CoemRSA1365_1.0|w1|t5	GCA_027578695.1_UCR_CoemRSA1365_1.0	cand	GCA_027578695.1_UCR_CoemRSA1365_1.0|w1	tblastn	REF|101119_atcc11807_MAT_Plus|gene0|sexP	59.7	E=9.8e-05	110
GCA_027578695.1_UCR_CoemRSA1365_1.0|w2|t0	GCA_027578695.1_UCR_CoemRSA1365_1.0	cand	GCA_027578695.1_UCR_CoemRSA1365_1.0|w2	tblastn	REF|29922_cbs109-16_MAT_Minus|gene1|sexM	61.3	E=5.4e-05	88
GCA_027578695.1_UCR_CoemRSA1365_1.0|w3|t0	GCA_027578695.1_UCR_CoemRSA1365_1.0	cand	GCA_027578695.1_UCR_CoemRSA1365_1.0|w3	tblastn	REF|4837_ubc21_MAT_Plus|gene1|sexP	60.4	E=4.3e-05	129
GCA_027578695.1_UCR_CoemRSA1365_1.0|w5|t1	GCA_027578695.1_UCR_CoemRSA1365_1.0	cand	GCA_027578695.1_UCR_CoemRSA1365_1.0|w5	tblastn	REF|36080_r7b_MAT_Minus|gene1|sexM	26.9	E=0.13	48
GCA_027578695.1_UCR_CoemRSA1365_1.0|w6|t0	GCA_027578695.1_UCR_CoemRSA1365_1.0	cand	GCA_027578695.1_UCR_CoemRSA1365_1.0|w6	tblastn	REF|64495_cbs346-36_MAT_Plus|gene2|sexP	47.3	E=0.89	88
GCA_027578695.1_UCR_CoemRSA1365_1.0|w6|t1	GCA_027578695.1_UCR_CoemRSA1365_1.0	cand	GCA_027578695.1_UCR_CoemRSA1365_1.0|w6	tblastn	REF|36080_r7b_MAT_Minus|gene1|sexM	28.1	E=0.049	53
GCA_027578695.1_UCR_CoemRSA1365_1.0|w7|t0	GCA_027578695.1_UCR_CoemRSA1365_1.0	cand	GCA_027578695.1_UCR_CoemRSA1365_1.0|w7	tblastn	REF|64495_cbs110-17_MAT_Minus|gene1|sexM	23.5	E=1	92
GCA_027578695.1_UCR_CoemRSA1365_1.0|w7|t1	GCA_027578695.1_UCR_CoemRSA1365_1.0	cand	GCA_027578695.1_UCR_CoemRSA1365_1.0|w7	tblastn	REF|3108396_ai-2023a_MAT_Plus|gene2|sexP	23.9	E=1.5	31
GCA_027578695.1_UCR_CoemRSA1365_1.0|w7|t3	GCA_027578695.1_UCR_CoemRSA1365_1.0	cand	GCA_027578695.1_UCR_CoemRSA1365_1.0|w7	tblastn	REF|4837_nrrl1555_MAT_Minus|gene1|sexM	51.5	E=0.012	118
GCA_027578695.1_UCR_CoemRSA1365_1.0|w8|t0	GCA_027578695.1_UCR_CoemRSA1365_1.0	cand	GCA_027578695.1_UCR_CoemRSA1365_1.0|w8	tblastn	REF|4850_vkm-f-921_MAT_Minus|gene0|sexM	26.2	E=0.16	32
GCA_027578695.1_UCR_CoemRSA1365_1.0|w8|t1	GCA_027578695.1_UCR_CoemRSA1365_1.0	cand	GCA_027578695.1_UCR_CoemRSA1365_1.0|w8	tblastn	REF|86630_cbs357-93_MAT_Minus|gene0|sexM	26.2	E=0.14	36
GCA_027578695.1_UCR_CoemRSA1365_1.0|w9|t0	GCA_027578695.1_UCR_CoemRSA1365_1.0	cand	GCA_027578695.1_UCR_CoemRSA1365_1.0|w9	tblastn	REF|4850_vkm-f-921_MAT_Minus|gene0|sexM	20.8	E=8.4	32
GCA_027578695.1_UCR_CoemRSA1365_1.0|w9|t1	GCA_027578695.1_UCR_CoemRSA1365_1.0	cand	GCA_027578695.1_UCR_CoemRSA1365_1.0|w9	tblastn	REF|64495_cbs346-36_MAT_Plus|gene2|sexP	23.1	E=0.14	38
GCA_027578695.1_UCR_CoemRSA1365_1.0|w9|t2	GCA_027578695.1_UCR_CoemRSA1365_1.0	cand	GCA_027578695.1_UCR_CoemRSA1365_1.0|w9	tblastn	REF|101119_atcc11807_MAT_Plus|gene0|sexP	23.1	E=2.6	61
GCA_027578695.1_UCR_CoemRSA1365_1.0|w10|t0	GCA_027578695.1_UCR_CoemRSA1365_1.0	cand	GCA_027578695.1_UCR_CoemRSA1365_1.0|w10	tblastn	REF|4837_ubc21_MAT_Plus|gene1|sexP	43.9	E=7.4e-07	109
GCA_027578695.1_UCR_CoemRSA1365_1.0|w10|t2	GCA_027578695.1_UCR_CoemRSA1365_1.0	cand	GCA_027578695.1_UCR_CoemRSA1365_1.0|w10	tblastn	REF|4837_nrrl1555_MAT_Minus|gene1|sexM	28.5	E=0.03	62
GCA_027578695.1_UCR_CoemRSA1365_1.0|w11|t0	GCA_027578695.1_UCR_CoemRSA1365_1.0	cand	GCA_027578695.1_UCR_CoemRSA1365_1.0|w11	tblastn	REF|101119_atcc11807_MAT_Plus|gene0|sexP	24.3	E=1.2	31
GCA_027578695.1_UCR_CoemRSA1365_1.0|w11|t1	GCA_027578695.1_UCR_CoemRSA1365_1.0	cand	GCA_027578695.1_UCR_CoemRSA1365_1.0|w11	tblastn	REF|36080_nrrl-3631_MAT_Plus|gene1|sexP	67.0	E=0.066	75
GCA_027578695.1_UCR_CoemRSA1365_1.0|w11|t2	GCA_027578695.1_UCR_CoemRSA1365_1.0	cand	GCA_027578695.1_UCR_CoemRSA1365_1.0|w11	tblastn	REF|3108396_ai-2023a_MAT_Plus|gene2|sexP	24.3	E=1.3	36
GCA_027578715.1_UCR_CoemRSA1290_1.0|w0|t0	GCA_027578715.1_UCR_CoemRSA1290_1.0	cand	GCA_027578715.1_UCR_CoemRSA1290_1.0|w0	tblastn	REF|3108396_ai-2023a_MAT_Plus|gene2|sexP	67.7	E=5.9e-07	90
GCA_027578715.1_UCR_CoemRSA1290_1.0|w0|t1	GCA_027578715.1_UCR_CoemRSA1290_1.0	cand	GCA_027578715.1_UCR_CoemRSA1290_1.0|w0	tblastn	REF|101119_atcc11807_MAT_Plus|gene0|sexP	45.0	E=1.7	58
GCA_027578715.1_UCR_CoemRSA1290_1.0|w0|t2	GCA_027578715.1_UCR_CoemRSA1290_1.0	cand	GCA_027578715.1_UCR_CoemRSA1290_1.0|w0	tblastn	REF|4850_vkm-f-921_MAT_Minus|gene0|sexM	68.5	E=2.5e-07	125
GCA_027578715.1_UCR_CoemRSA1290_1.0|w1|t0	GCA_027578715.1_UCR_CoemRSA1290_1.0	cand	GCA_027578715.1_UCR_CoemRSA1290_1.0|w1	tblastn	REF|64495_cbs346-36_MAT_Plus|gene2|sexP	44.7	E=2.5e-07	60
GCA_027578715.1_UCR_CoemRSA1290_1.0|w2|t0	GCA_027578715.1_UCR_CoemRSA1290_1.0	cand	GCA_027578715.1_UCR_CoemRSA1290_1.0|w2	tblastn	REF|64495_cbs346-36_MAT_Plus|gene2|sexP	20.0	E=7.7	72
GCA_027578715.1_UCR_CoemRSA1290_1.0|w3|t1	GCA_027578715.1_UCR_CoemRSA1290_1.0	cand	GCA_027578715.1_UCR_CoemRSA1290_1.0|w3	tblastn	REF|3108396_ai-2023a_MAT_Plus|gene2|sexP	43.1	E=2.3	63
GCA_027578715.1_UCR_CoemRSA1290_1.0|w3|t2	GCA_027578715.1_UCR_CoemRSA1290_1.0	cand	GCA_027578715.1_UCR_CoemRSA1290_1.0|w3	tblastn	REF|3231046_uomau377_MAT_Minus|gene1|sexM	21.9	E=1.9	39
GCA_027578715.1_UCR_CoemRSA1290_1.0|w3|t3	GCA_027578715.1_UCR_CoemRSA1290_1.0	cand	GCA_027578715.1_UCR_CoemRSA1290_1.0|w3	tblastn	REF|64495_cbs346-36_MAT_Plus|gene2|sexP	44.3	E=1.6	71
GCA_027578715.1_UCR_CoemRSA1290_1.0|w4|t0	GCA_027578715.1_UCR_CoemRSA1290_1.0	cand	GCA_027578715.1_UCR_CoemRSA1290_1.0|w4	tblastn	REF|3108396_ai-2023a_MAT_Plus|gene2|sexP	47.0	E=0.099	81
GCA_027578715.1_UCR_CoemRSA1290_1.0|w5|t0	GCA_027578715.1_UCR_CoemRSA1290_1.0	cand	GCA_027578715.1_UCR_CoemRSA1290_1.0|w5	tblastn	REF|36080_nrrl-3631_MAT_Plus|gene1|sexP	62.4	E=6	99
GCA_027578715.1_UCR_CoemRSA1290_1.0|w6|t0	GCA_027578715.1_UCR_CoemRSA1290_1.0	cand	GCA_027578715.1_UCR_CoemRSA1290_1.0|w6	tblastn	REF|4837_ubc21_MAT_Plus|gene1|sexP	30.8	E=0.004	36
GCA_027578715.1_UCR_CoemRSA1290_1.0|w6|t1	GCA_027578715.1_UCR_CoemRSA1290_1.0	cand	GCA_027578715.1_UCR_CoemRSA1290_1.0|w6	tblastn	REF|35722_atcc11077_MAT_Minus|gene0|sexM	41.6	E=1.9	60
GCA_027578735.1_UCR_CoemRSA1287_1.0|w0|t0	GCA_027578735.1_UCR_CoemRSA1287_1.0	cand	GCA_027578735.1_UCR_CoemRSA1287_1.0|w0	tblastn	REF|4837_ubc21_MAT_Plus|gene1|sexP	61.2	E=2	108
GCA_027578735.1_UCR_CoemRSA1287_1.0|w0|t3	GCA_027578735.1_UCR_CoemRSA1287_1.0	cand	GCA_027578735.1_UCR_CoemRSA1287_1.0|w0	tblastn	REF|3231046_uomd23-19_MAT_Plus|gene1|sexP	89.3	E=0.58	109
GCA_027578735.1_UCR_CoemRSA1287_1.0|w0|t4	GCA_027578735.1_UCR_CoemRSA1287_1.0	cand	GCA_027578735.1_UCR_CoemRSA1287_1.0|w0	tblastn	REF|64495_cbs346-36_MAT_Plus|gene2|sexP	114.7	E=0.038	138
GCA_027578755.1_UCR_CoemRSA1199_1.0|w0|t0	GCA_027578755.1_UCR_CoemRSA1199_1.0	cand	GCA_027578755.1_UCR_CoemRSA1199_1.0|w0	tblastn	REF|4837_ubc21_MAT_Plus|gene1|sexP	23.5	E=1.3	32
GCA_027578755.1_UCR_CoemRSA1199_1.0|w0|t1	GCA_027578755.1_UCR_CoemRSA1199_1.0	cand	GCA_027578755.1_UCR_CoemRSA1199_1.0|w0	tblastn	REF|64495_cbs346-36_MAT_Plus|gene2|sexP	24.6	E=0.51	40
GCA_027578755.1_UCR_CoemRSA1199_1.0|w0|t3	GCA_027578755.1_UCR_CoemRSA1199_1.0	cand	GCA_027578755.1_UCR_CoemRSA1199_1.0|w0	tblastn	REF|101119_atcc11807_MAT_Minus|gene0|sexM	21.6	E=2.5	37
GCA_027578755.1_UCR_CoemRSA1199_1.0|w0|t5	GCA_027578755.1_UCR_CoemRSA1199_1.0	cand	GCA_027578755.1_UCR_CoemRSA1199_1.0|w0	tblastn	REF|4850_vkm-f-921_MAT_Minus|gene0|sexM	20.0	E=8.3	34
GCA_027578755.1_UCR_CoemRSA1199_1.0|w0|t6	GCA_027578755.1_UCR_CoemRSA1199_1.0	cand	GCA_027578755.1_UCR_CoemRSA1199_1.0|w0	tblastn	REF|4837_ubc21_MAT_Plus|gene1|sexP	25.8	E=0.25	45
GCA_027578755.1_UCR_CoemRSA1199_1.0|w0|t7	GCA_027578755.1_UCR_CoemRSA1199_1.0	cand	GCA_027578755.1_UCR_CoemRSA1199_1.0|w0	tblastn	REF|64495_cbs110-17_MAT_Minus|gene1|sexM	79.3	E=1.1e-12	118
GCA_027578755.1_UCR_CoemRSA1199_1.0|w0|t8	GCA_027578755.1_UCR_CoemRSA1199_1.0	cand	GCA_027578755.1_UCR_CoemRSA1199_1.0|w0	tblastn	REF|3108396_ai-2023a_MAT_Plus|gene2|sexP	56.3	E=0.00039	81
GCA_027578755.1_UCR_CoemRSA1199_1.0|w0|t9	GCA_027578755.1_UCR_CoemRSA1199_1.0	cand	GCA_027578755.1_UCR_CoemRSA1199_1.0|w0	tblastn	REF|3231046_uomau377_MAT_Minus|gene1|sexM	21.9	E=2.8	78
GCA_027578755.1_UCR_CoemRSA1199_1.0|w1|t0	GCA_027578755.1_UCR_CoemRSA1199_1.0	cand	GCA_027578755.1_UCR_CoemRSA1199_1.0|w1	tblastn	REF|3108396_ai-2023a_MAT_Plus|gene2|sexP	27.7	E=0.065	36
GCA_027578755.1_UCR_CoemRSA1199_1.0|w1|t1	GCA_027578755.1_UCR_CoemRSA1199_1.0	cand	GCA_027578755.1_UCR_CoemRSA1199_1.0|w1	tblastn	REF|86630_cbs357-93_MAT_Minus|gene0|sexM	50.1	E=0.008	60
GCA_027578755.1_UCR_CoemRSA1199_1.0|w1|t2	GCA_027578755.1_UCR_CoemRSA1199_1.0	cand	GCA_027578755.1_UCR_CoemRSA1199_1.0|w1	tblastn	REF|4850_vkm-f-921_MAT_Minus|gene0|sexM	23.5	E=0.65	30
GCA_027578755.1_UCR_CoemRSA1199_1.0|w1|t3	GCA_027578755.1_UCR_CoemRSA1199_1.0	cand	GCA_027578755.1_UCR_CoemRSA1199_1.0|w1	tblastn	REF|36080_r7b_MAT_Minus|gene1|sexM	23.5	E=0.98	62
GCA_027578755.1_UCR_CoemRSA1199_1.0|w1|t4	GCA_027578755.1_UCR_CoemRSA1199_1.0	cand	GCA_027578755.1_UCR_CoemRSA1199_1.0|w1	tblastn	REF|101119_atcc11807_MAT_Minus|gene0|sexM	23.5	E=0.65	35
GCA_027578755.1_UCR_CoemRSA1199_1.0|w1|t6	GCA_027578755.1_UCR_CoemRSA1199_1.0	cand	GCA_027578755.1_UCR_CoemRSA1199_1.0|w1	tblastn	REF|36080_r7b_MAT_Minus|gene1|sexM	22.3	E=1.9	58
GCA_027578755.1_UCR_CoemRSA1199_1.0|w1|t8	GCA_027578755.1_UCR_CoemRSA1199_1.0	cand	GCA_027578755.1_UCR_CoemRSA1199_1.0|w1	tblastn	REF|3108396_ai-2023a_MAT_Plus|gene2|sexP	44.6	E=2.4	48
GCA_027578755.1_UCR_CoemRSA1199_1.0|w1|t9	GCA_027578755.1_UCR_CoemRSA1199_1.0	cand	GCA_027578755.1_UCR_CoemRSA1199_1.0|w1	tblastn	REF|4837_ubc21_MAT_Plus|gene1|sexP	22.3	E=3.1	48
GCA_027578755.1_UCR_CoemRSA1199_1.0|w1|t11	GCA_027578755.1_UCR_CoemRSA1199_1.0	cand	GCA_027578755.1_UCR_CoemRSA1199_1.0|w1	tblastn	REF|36080_r7b_MAT_Minus|gene1|sexM	21.6	E=4.3	46
GCA_027578775.1_UCR_CoemRSA1085_1.0|c0|m0	GCA_027578775.1_UCR_CoemRSA1085_1.0	cand	GCA_027578775.1_UCR_CoemRSA1085_1.0|c0	miniprot	REF|36080_r7b_MAT_Minus|gene1|sexM	85	0.735	209
GCA_027578775.1_UCR_CoemRSA1085_1.0|w0|t0	GCA_027578775.1_UCR_CoemRSA1085_1.0	cand	GCA_027578775.1_UCR_CoemRSA1085_1.0|w0	tblastn	REF|3231046_uomd23-19_MAT_Plus|gene1|sexP	25.8	E=0.18	44
GCA_027578775.1_UCR_CoemRSA1085_1.0|w0|t1	GCA_027578775.1_UCR_CoemRSA1085_1.0	cand	GCA_027578775.1_UCR_CoemRSA1085_1.0|w0	tblastn	REF|3108396_ai-2023a_MAT_Plus|gene2|sexP	29.3	E=0.018	128
GCA_027578775.1_UCR_CoemRSA1085_1.0|w0|t2	GCA_027578775.1_UCR_CoemRSA1085_1.0	cand	GCA_027578775.1_UCR_CoemRSA1085_1.0|w0	tblastn	REF|3231046_uomd23-19_MAT_Plus|gene1|sexP	21.6	E=3.9	39
GCA_027578775.1_UCR_CoemRSA1085_1.0|w0|t5	GCA_027578775.1_UCR_CoemRSA1085_1.0	cand	GCA_027578775.1_UCR_CoemRSA1085_1.0|w0	tblastn	REF|29922_cbs109-16_MAT_Minus|gene1|sexM	25.4	E=0.14	42
GCA_027578775.1_UCR_CoemRSA1085_1.0|w0|t7	GCA_027578775.1_UCR_CoemRSA1085_1.0	cand	GCA_027578775.1_UCR_CoemRSA1085_1.0|w0	tblastn	REF|4850_vkm-f-921_MAT_Minus|gene0|sexM	43.5	E=1	83
GCA_027578775.1_UCR_CoemRSA1085_1.0|w0|t8	GCA_027578775.1_UCR_CoemRSA1085_1.0	cand	GCA_027578775.1_UCR_CoemRSA1085_1.0|w0	tblastn	REF|35722_atcc11077_MAT_Minus|gene0|sexM	20.0	E=6.3	78
GCA_027578775.1_UCR_CoemRSA1085_1.0|w0|t12	GCA_027578775.1_UCR_CoemRSA1085_1.0	cand	GCA_027578775.1_UCR_CoemRSA1085_1.0|w0	tblastn	REF|3108396_ai-2023a_MAT_Plus|gene2|sexP	20.4	E=9.3	38
GCA_027578795.1_UCR_CoemRSA1797_1.0|w0|t0	GCA_027578795.1_UCR_CoemRSA1797_1.0	cand	GCA_027578795.1_UCR_CoemRSA1797_1.0|w0	tblastn	REF|64495_cbs110-17_MAT_Minus|gene1|sexM	92.4	E=4.8e-17	93
GCA_027578795.1_UCR_CoemRSA1797_1.0|w1|t0	GCA_027578795.1_UCR_CoemRSA1797_1.0	cand	GCA_027578795.1_UCR_CoemRSA1797_1.0|w1	tblastn	REF|64495_cbs110-17_MAT_Minus|gene1|sexM	40.4	E=1.3e-06	61
GCA_027578795.1_UCR_CoemRSA1797_1.0|w2|t0	GCA_027578795.1_UCR_CoemRSA1797_1.0	cand	GCA_027578795.1_UCR_CoemRSA1797_1.0|w2	tblastn	REF|101119_atcc11807_MAT_Plus|gene0|sexP	59.3	E=0.00012	165
GCA_027578795.1_UCR_CoemRSA1797_1.0|w3|t0	GCA_027578795.1_UCR_CoemRSA1797_1.0	cand	GCA_027578795.1_UCR_CoemRSA1797_1.0|w3	tblastn	REF|64495_cbs346-36_MAT_Plus|gene2|sexP	29.6	E=0.015	38
GCA_027578795.1_UCR_CoemRSA1797_1.0|w3|t1	GCA_027578795.1_UCR_CoemRSA1797_1.0	cand	GCA_027578795.1_UCR_CoemRSA1797_1.0|w3	tblastn	REF|3231046_uomd23-19_MAT_Plus|gene1|sexP	22.3	E=2.2	70
GCA_027578795.1_UCR_CoemRSA1797_1.0|w3|t2	GCA_027578795.1_UCR_CoemRSA1797_1.0	cand	GCA_027578795.1_UCR_CoemRSA1797_1.0|w3	tblastn	REF|36080_r7b_MAT_Minus|gene1|sexM	36.5	E=7.7	84
GCA_027578795.1_UCR_CoemRSA1797_1.0|w4|t0	GCA_027578795.1_UCR_CoemRSA1797_1.0	cand	GCA_027578795.1_UCR_CoemRSA1797_1.0|w4	tblastn	REF|3231046_uomd23-19_MAT_Plus|gene1|sexP	40.0	E=1.6	54
GCA_027578795.1_UCR_CoemRSA1797_1.0|w4|t1	GCA_027578795.1_UCR_CoemRSA1797_1.0	cand	GCA_027578795.1_UCR_CoemRSA1797_1.0|w4	tblastn	REF|29922_cbs109-16_MAT_Minus|gene1|sexM	39.7	E=3.7e-06	59
GCA_027578795.1_UCR_CoemRSA1797_1.0|w5|t1	GCA_027578795.1_UCR_CoemRSA1797_1.0	cand	GCA_027578795.1_UCR_CoemRSA1797_1.0|w5	tblastn	REF|86630_cbs357-93_MAT_Minus|gene0|sexM	28.9	E=0.009	42
GCA_027578795.1_UCR_CoemRSA1797_1.0|w6|t0	GCA_027578795.1_UCR_CoemRSA1797_1.0	cand	GCA_027578795.1_UCR_CoemRSA1797_1.0|w6	tblastn	REF|64495_cbs110-17_MAT_Minus|gene1|sexM	27.3	E=0.035	34
GCA_027578795.1_UCR_CoemRSA1797_1.0|w7|t1	GCA_027578795.1_UCR_CoemRSA1797_1.0	cand	GCA_027578795.1_UCR_CoemRSA1797_1.0|w7	tblastn	REF|64495_cbs346-36_MAT_Plus|gene2|sexP	54.3	E=0.006	80
GCA_027578795.1_UCR_CoemRSA1797_1.0|w8|t1	GCA_027578795.1_UCR_CoemRSA1797_1.0	cand	GCA_027578795.1_UCR_CoemRSA1797_1.0|w8	tblastn	REF|64495_cbs346-36_MAT_Plus|gene2|sexP	36.1	E=8.9	53
GCA_027578795.1_UCR_CoemRSA1797_1.0|w8|t2	GCA_027578795.1_UCR_CoemRSA1797_1.0	cand	GCA_027578795.1_UCR_CoemRSA1797_1.0|w8	tblastn	REF|3231046_uomau377_MAT_Minus|gene1|sexM	21.9	E=2.3	51
GCA_027578795.1_UCR_CoemRSA1797_1.0|w8|t3	GCA_027578795.1_UCR_CoemRSA1797_1.0	cand	GCA_027578795.1_UCR_CoemRSA1797_1.0|w8	tblastn	REF|101119_atcc11807_MAT_Plus|gene0|sexP	39.7	E=1.4	42
GCA_027578795.1_UCR_CoemRSA1797_1.0|w8|t5	GCA_027578795.1_UCR_CoemRSA1797_1.0	cand	GCA_027578795.1_UCR_CoemRSA1797_1.0|w8	tblastn	REF|4837_ubc21_MAT_Plus|gene1|sexP	37.7	E=4.2	39
GCA_027578815.1_UCR_CoemRSA1804_1.0|w0|t0	GCA_027578815.1_UCR_CoemRSA1804_1.0	cand	GCA_027578815.1_UCR_CoemRSA1804_1.0|w0	tblastn	REF|3108396_ai-2023a_MAT_Plus|gene2|sexP	71.2	E=1.1e-09	136
GCA_027578815.1_UCR_CoemRSA1804_1.0|w1|t0	GCA_027578815.1_UCR_CoemRSA1804_1.0	cand	GCA_027578815.1_UCR_CoemRSA1804_1.0|w1	tblastn	REF|3108396_ai-2023a_MAT_Plus|gene2|sexP	72.8	E=1e-09	141
GCA_027578815.1_UCR_CoemRSA1804_1.0|w2|t0	GCA_027578815.1_UCR_CoemRSA1804_1.0	cand	GCA_027578815.1_UCR_CoemRSA1804_1.0|w2	tblastn	REF|64495_cbs110-17_MAT_Minus|gene1|sexM	57.8	E=1.5e-05	124
GCA_027578815.1_UCR_CoemRSA1804_1.0|w3|t0	GCA_027578815.1_UCR_CoemRSA1804_1.0	cand	GCA_027578815.1_UCR_CoemRSA1804_1.0|w3	tblastn	REF|64495_cbs346-36_MAT_Plus|gene2|sexP	53.5	E=0.0001	94
GCA_027578815.1_UCR_CoemRSA1804_1.0|w3|t1	GCA_027578815.1_UCR_CoemRSA1804_1.0	cand	GCA_027578815.1_UCR_CoemRSA1804_1.0|w3	tblastn	REF|36080_r7b_MAT_Minus|gene1|sexM	43.5	E=0.23	43
GCA_027578815.1_UCR_CoemRSA1804_1.0|w4|t1	GCA_027578815.1_UCR_CoemRSA1804_1.0	cand	GCA_027578815.1_UCR_CoemRSA1804_1.0|w4	tblastn	REF|64495_cbs346-36_MAT_Plus|gene2|sexP	41.2	E=4.6	40
GCA_027578815.1_UCR_CoemRSA1804_1.0|w4|t2	GCA_027578815.1_UCR_CoemRSA1804_1.0	cand	GCA_027578815.1_UCR_CoemRSA1804_1.0|w4	tblastn	REF|36080_nrrl-3631_MAT_Plus|gene1|sexP	57.4	E=9.4e-05	94
GCA_027578835.1_UCR_CoemRSA2050_1.0|w0|t0	GCA_027578835.1_UCR_CoemRSA2050_1.0	cand	GCA_027578835.1_UCR_CoemRSA2050_1.0|w0	tblastn	REF|101119_atcc11807_MAT_Minus|gene0|sexM	25.8	E=0.14	38
GCA_027578835.1_UCR_CoemRSA2050_1.0|w0|t1	GCA_027578835.1_UCR_CoemRSA2050_1.0	cand	GCA_027578835.1_UCR_CoemRSA2050_1.0|w0	tblastn	REF|101119_atcc11807_MAT_Minus|gene0|sexM	24.6	E=0.34	49
GCA_027578835.1_UCR_CoemRSA2050_1.0|w2|t1	GCA_027578835.1_UCR_CoemRSA2050_1.0	cand	GCA_027578835.1_UCR_CoemRSA2050_1.0|w2	tblastn	REF|36080_nrrl-3631_MAT_Plus|gene1|sexP	27.3	E=0.11	112
GCA_027578835.1_UCR_CoemRSA2050_1.0|w2|t3	GCA_027578835.1_UCR_CoemRSA2050_1.0	cand	GCA_027578835.1_UCR_CoemRSA2050_1.0|w2	tblastn	REF|3231046_uomau377_MAT_Minus|gene1|sexM	21.6	E=5.3	37
GCA_027578835.1_UCR_CoemRSA2050_1.0|w2|t4	GCA_027578835.1_UCR_CoemRSA2050_1.0	cand	GCA_027578835.1_UCR_CoemRSA2050_1.0|w2	tblastn	REF|35722_atcc11077_MAT_Minus|gene0|sexM	20.4	E=7.9	71
GCA_027578835.1_UCR_CoemRSA2050_1.0|w2|t5	GCA_027578835.1_UCR_CoemRSA2050_1.0	cand	GCA_027578835.1_UCR_CoemRSA2050_1.0|w2	tblastn	REF|101119_atcc11807_MAT_Plus|gene0|sexP	43.5	E=2.6	66
GCA_027578835.1_UCR_CoemRSA2050_1.0|w2|t8	GCA_027578835.1_UCR_CoemRSA2050_1.0	cand	GCA_027578835.1_UCR_CoemRSA2050_1.0|w2	tblastn	REF|3231046_uomd23-19_MAT_Plus|gene1|sexP	23.1	E=2.1	40
GCA_027578835.1_UCR_CoemRSA2050_1.0|w2|t9	GCA_027578835.1_UCR_CoemRSA2050_1.0	cand	GCA_027578835.1_UCR_CoemRSA2050_1.0|w2	tblastn	REF|3231046_uomau377_MAT_Minus|gene1|sexM	63.2	E=5.7	90
GCA_027578835.1_UCR_CoemRSA2050_1.0|w2|t11	GCA_027578835.1_UCR_CoemRSA2050_1.0	cand	GCA_027578835.1_UCR_CoemRSA2050_1.0|w2	tblastn	REF|64495_cbs110-17_MAT_Minus|gene1|sexM	23.5	E=0.8	70
GCA_027578835.1_UCR_CoemRSA2050_1.0|w2|t13	GCA_027578835.1_UCR_CoemRSA2050_1.0	cand	GCA_027578835.1_UCR_CoemRSA2050_1.0|w2	tblastn	REF|101119_atcc11807_MAT_Plus|gene0|sexP	50.8	E=0.14	107
GCA_027578835.1_UCR_CoemRSA2050_1.0|w3|t0	GCA_027578835.1_UCR_CoemRSA2050_1.0	cand	GCA_027578835.1_UCR_CoemRSA2050_1.0|w3	tblastn	REF|64495_cbs346-36_MAT_Plus|gene2|sexP	41.2	E=5.7e-06	71
GCA_027578835.1_UCR_CoemRSA2050_1.0|w3|t1	GCA_027578835.1_UCR_CoemRSA2050_1.0	cand	GCA_027578835.1_UCR_CoemRSA2050_1.0|w3	tblastn	REF|101119_atcc11807_MAT_Plus|gene0|sexP	24.6	E=0.66	52
GCA_027578835.1_UCR_CoemRSA2050_1.0|w3|t2	GCA_027578835.1_UCR_CoemRSA2050_1.0	cand	GCA_027578835.1_UCR_CoemRSA2050_1.0|w3	tblastn	REF|3231046_uomau377_MAT_Minus|gene1|sexM	23.5	E=1	31
GCA_027578835.1_UCR_CoemRSA2050_1.0|w3|t3	GCA_027578835.1_UCR_CoemRSA2050_1.0	cand	GCA_027578835.1_UCR_CoemRSA2050_1.0|w3	tblastn	REF|101119_atcc11807_MAT_Plus|gene0|sexP	23.1	E=1.9	81
GCA_027578835.1_UCR_CoemRSA2050_1.0|w3|t4	GCA_027578835.1_UCR_CoemRSA2050_1.0	cand	GCA_027578835.1_UCR_CoemRSA2050_1.0|w3	tblastn	REF|86630_cbs357-93_MAT_Minus|gene0|sexM	21.9	E=2.7	42
GCA_027578835.1_UCR_CoemRSA2050_1.0|w3|t5	GCA_027578835.1_UCR_CoemRSA2050_1.0	cand	GCA_027578835.1_UCR_CoemRSA2050_1.0|w3	tblastn	REF|36080_r7b_MAT_Minus|gene1|sexM	23.9	E=1	38
GCA_027578835.1_UCR_CoemRSA2050_1.0|w3|t6	GCA_027578835.1_UCR_CoemRSA2050_1.0	cand	GCA_027578835.1_UCR_CoemRSA2050_1.0|w3	tblastn	REF|4837_nrrl1555_MAT_Minus|gene1|sexM	21.2	E=5.1	56
GCA_027578835.1_UCR_CoemRSA2050_1.0|w3|t7	GCA_027578835.1_UCR_CoemRSA2050_1.0	cand	GCA_027578835.1_UCR_CoemRSA2050_1.0|w3	tblastn	REF|64495_cbs346-36_MAT_Plus|gene2|sexP	21.6	E=7.5	51
GCA_027578835.1_UCR_CoemRSA2050_1.0|w4|t0	GCA_027578835.1_UCR_CoemRSA2050_1.0	cand	GCA_027578835.1_UCR_CoemRSA2050_1.0|w4	tblastn	REF|3231046_uomau377_MAT_Minus|gene1|sexM	26.6	E=0.13	130
GCA_027578855.1_UCR_CoemRSA1721_1.0|w0|t0	GCA_027578855.1_UCR_CoemRSA1721_1.0	cand	GCA_027578855.1_UCR_CoemRSA1721_1.0|w0	tblastn	REF|101119_atcc11807_MAT_Plus|gene0|sexP	86.2	E=0.086	126
GCA_027578875.1_UCR_CoemRSA1286_1.0|w0|t0	GCA_027578875.1_UCR_CoemRSA1286_1.0	cand	GCA_027578875.1_UCR_CoemRSA1286_1.0|w0	tblastn	REF|86630_cbs357-93_MAT_Minus|gene0|sexM	27.7	E=0.018	68
GCA_027578875.1_UCR_CoemRSA1286_1.0|w0|t2	GCA_027578875.1_UCR_CoemRSA1286_1.0	cand	GCA_027578875.1_UCR_CoemRSA1286_1.0|w0	tblastn	REF|3231046_uomau377_MAT_Minus|gene1|sexM	41.2	E=0.3	64
GCA_027578875.1_UCR_CoemRSA1286_1.0|w1|t0	GCA_027578875.1_UCR_CoemRSA1286_1.0	cand	GCA_027578875.1_UCR_CoemRSA1286_1.0|w1	tblastn	REF|36080_nrrl-3631_MAT_Plus|gene1|sexP	42.8	E=3.1	46
GCA_027578875.1_UCR_CoemRSA1286_1.0|w1|t3	GCA_027578875.1_UCR_CoemRSA1286_1.0	cand	GCA_027578875.1_UCR_CoemRSA1286_1.0|w1	tblastn	REF|4850_vkm-f-921_MAT_Minus|gene0|sexM	39.6	E=3.8	44
GCA_027578895.1_UCR_CoemCBS109367_1.0|w0|t0	GCA_027578895.1_UCR_CoemCBS109367_1.0	cand	GCA_027578895.1_UCR_CoemCBS109367_1.0|w0	tblastn	REF|35722_atcc11077_MAT_Minus|gene0|sexM	37.4	E=6	35
GCA_027578895.1_UCR_CoemCBS109367_1.0|w0|t1	GCA_027578895.1_UCR_CoemCBS109367_1.0	cand	GCA_027578895.1_UCR_CoemCBS109367_1.0|w0	tblastn	REF|29922_cbs109-16_MAT_Minus|gene1|sexM	21.2	E=1.1	58
GCA_027578895.1_UCR_CoemCBS109367_1.0|w0|t2	GCA_027578895.1_UCR_CoemCBS109367_1.0	cand	GCA_027578895.1_UCR_CoemCBS109367_1.0|w0	tblastn	REF|36080_r7b_MAT_Minus|gene1|sexM	46.2	E=0.073	120
GCA_027578915.1_UCR_CoemRSA1200_1.0|w0|t0	GCA_027578915.1_UCR_CoemRSA1200_1.0	cand	GCA_027578915.1_UCR_CoemRSA1200_1.0|w0	tblastn	REF|4837_nrrl1555_MAT_Minus|gene1|sexM	21.6	E=3.5	82
GCA_027578915.1_UCR_CoemRSA1200_1.0|w0|t3	GCA_027578915.1_UCR_CoemRSA1200_1.0	cand	GCA_027578915.1_UCR_CoemRSA1200_1.0|w0	tblastn	REF|4850_vkm-f-921_MAT_Minus|gene0|sexM	21.6	E=3.1	51
GCA_027578915.1_UCR_CoemRSA1200_1.0|w0|t6	GCA_027578915.1_UCR_CoemRSA1200_1.0	cand	GCA_027578915.1_UCR_CoemRSA1200_1.0|w0	tblastn	REF|64495_cbs346-36_MAT_Plus|gene2|sexP	61.6	E=0.00024	81
GCA_027578915.1_UCR_CoemRSA1200_1.0|w0|t7	GCA_027578915.1_UCR_CoemRSA1200_1.0	cand	GCA_027578915.1_UCR_CoemRSA1200_1.0|w0	tblastn	REF|101119_atcc11807_MAT_Minus|gene0|sexM	20.0	E=9	41
GCA_027578915.1_UCR_CoemRSA1200_1.0|w0|t8	GCA_027578915.1_UCR_CoemRSA1200_1.0	cand	GCA_027578915.1_UCR_CoemRSA1200_1.0|w0	tblastn	REF|3231046_uomd23-19_MAT_Plus|gene1|sexP	26.6	E=0.14	38
GCA_027578915.1_UCR_CoemRSA1200_1.0|w0|t11	GCA_027578915.1_UCR_CoemRSA1200_1.0	cand	GCA_027578915.1_UCR_CoemRSA1200_1.0|w0	tblastn	REF|3231046_uomd23-19_MAT_Plus|gene1|sexP	24.6	E=0.65	36
GCA_027578915.1_UCR_CoemRSA1200_1.0|w0|t13	GCA_027578915.1_UCR_CoemRSA1200_1.0	cand	GCA_027578915.1_UCR_CoemRSA1200_1.0|w0	tblastn	REF|64495_cbs110-17_MAT_Minus|gene1|sexM	20.4	E=6.8	32
GCA_027578915.1_UCR_CoemRSA1200_1.0|w0|t15	GCA_027578915.1_UCR_CoemRSA1200_1.0	cand	GCA_027578915.1_UCR_CoemRSA1200_1.0|w0	tblastn	REF|36080_r7b_MAT_Minus|gene1|sexM	44.3	E=0.85	138
GCA_027578915.1_UCR_CoemRSA1200_1.0|w1|t0	GCA_027578915.1_UCR_CoemRSA1200_1.0	cand	GCA_027578915.1_UCR_CoemRSA1200_1.0|w1	tblastn	REF|64495_cbs346-36_MAT_Plus|gene2|sexP	21.6	E=5.4	30
GCA_027578915.1_UCR_CoemRSA1200_1.0|w1|t1	GCA_027578915.1_UCR_CoemRSA1200_1.0	cand	GCA_027578915.1_UCR_CoemRSA1200_1.0|w1	tblastn	REF|3108396_ai-2023a_MAT_Plus|gene2|sexP	41.2	E=4.1e-06	59
GCA_027578915.1_UCR_CoemRSA1200_1.0|w1|t4	GCA_027578915.1_UCR_CoemRSA1200_1.0	cand	GCA_027578915.1_UCR_CoemRSA1200_1.0|w1	tblastn	REF|36080_nrrl-3631_MAT_Plus|gene1|sexP	46.2	E=0.66	66
GCA_027578915.1_UCR_CoemRSA1200_1.0|w1|t5	GCA_027578915.1_UCR_CoemRSA1200_1.0	cand	GCA_027578915.1_UCR_CoemRSA1200_1.0|w1	tblastn	REF|4837_nrrl1555_MAT_Minus|gene1|sexM	23.1	E=1.2	50
GCA_027578915.1_UCR_CoemRSA1200_1.0|w2|t0	GCA_027578915.1_UCR_CoemRSA1200_1.0	cand	GCA_027578915.1_UCR_CoemRSA1200_1.0|w2	tblastn	REF|101119_atcc11807_MAT_Plus|gene0|sexP	27.3	E=0.074	44
GCA_027578915.1_UCR_CoemRSA1200_1.0|w2|t1	GCA_027578915.1_UCR_CoemRSA1200_1.0	cand	GCA_027578915.1_UCR_CoemRSA1200_1.0|w2	tblastn	REF|4850_vkm-f-921_MAT_Minus|gene0|sexM	45.8	E=0.35	36
GCA_027578915.1_UCR_CoemRSA1200_1.0|w2|t2	GCA_027578915.1_UCR_CoemRSA1200_1.0	cand	GCA_027578915.1_UCR_CoemRSA1200_1.0|w2	tblastn	REF|4850_vkm-f-921_MAT_Minus|gene0|sexM	26.9	E=0.062	52
GCA_027578915.1_UCR_CoemRSA1200_1.0|w2|t3	GCA_027578915.1_UCR_CoemRSA1200_1.0	cand	GCA_027578915.1_UCR_CoemRSA1200_1.0|w2	tblastn	REF|86630_cbs357-93_MAT_Minus|gene0|sexM	21.9	E=1.9	67
GCA_027578935.1_UCR_CoemRSA1285_1.0|w0|t0	GCA_027578935.1_UCR_CoemRSA1285_1.0	cand	GCA_027578935.1_UCR_CoemRSA1285_1.0|w0	tblastn	REF|3231046_uomau377_MAT_Minus|gene1|sexM	53.5	E=0.51	54
GCA_027578955.1_UCR_CoemRSA1250_1.0|c0|m0	GCA_027578955.1_UCR_CoemRSA1250_1.0	cand	GCA_027578955.1_UCR_CoemRSA1250_1.0|c0	miniprot	REF|36080_r7b_MAT_Minus|gene1|sexM	85	0.735	209
GCA_027578955.1_UCR_CoemRSA1250_1.0|w0|t0	GCA_027578955.1_UCR_CoemRSA1250_1.0	cand	GCA_027578955.1_UCR_CoemRSA1250_1.0|w0	tblastn	REF|3231046_uomd23-19_MAT_Plus|gene1|sexP	25.8	E=0.32	44
GCA_027578955.1_UCR_CoemRSA1250_1.0|w0|t1	GCA_027578955.1_UCR_CoemRSA1250_1.0	cand	GCA_027578955.1_UCR_CoemRSA1250_1.0|w0	tblastn	REF|3108396_ai-2023a_MAT_Plus|gene2|sexP	23.1	E=2.6	42
GCA_027578955.1_UCR_CoemRSA1250_1.0|w0|t3	GCA_027578955.1_UCR_CoemRSA1250_1.0	cand	GCA_027578955.1_UCR_CoemRSA1250_1.0|w0	tblastn	REF|35722_atcc11077_MAT_Minus|gene0|sexM	42.0	E=3.6	34
GCA_027578955.1_UCR_CoemRSA1250_1.0|w0|t4	GCA_027578955.1_UCR_CoemRSA1250_1.0	cand	GCA_027578955.1_UCR_CoemRSA1250_1.0|w0	tblastn	REF|64495_cbs346-36_MAT_Plus|gene2|sexP	23.5	E=1.7	31
GCA_027578955.1_UCR_CoemRSA1250_1.0|w0|t5	GCA_027578955.1_UCR_CoemRSA1250_1.0	cand	GCA_027578955.1_UCR_CoemRSA1250_1.0|w0	tblastn	REF|29922_cbs109-16_MAT_Minus|gene1|sexM	22.3	E=2.7	53
GCA_027578955.1_UCR_CoemRSA1250_1.0|w0|t6	GCA_027578955.1_UCR_CoemRSA1250_1.0	cand	GCA_027578955.1_UCR_CoemRSA1250_1.0|w0	tblastn	REF|101119_atcc11807_MAT_Minus|gene0|sexM	21.2	E=4.7	47
GCA_027578955.1_UCR_CoemRSA1250_1.0|w0|t7	GCA_027578955.1_UCR_CoemRSA1250_1.0	cand	GCA_027578955.1_UCR_CoemRSA1250_1.0|w0	tblastn	REF|36080_nrrl-3631_MAT_Plus|gene1|sexP	28.5	E=0.059	157
GCA_027578955.1_UCR_CoemRSA1250_1.0|w0|t9	GCA_027578955.1_UCR_CoemRSA1250_1.0	cand	GCA_027578955.1_UCR_CoemRSA1250_1.0|w0	tblastn	REF|4850_vkm-f-921_MAT_Minus|gene0|sexM	22.7	E=1.7	42
GCA_027578955.1_UCR_CoemRSA1250_1.0|w0|t14	GCA_027578955.1_UCR_CoemRSA1250_1.0	cand	GCA_027578955.1_UCR_CoemRSA1250_1.0|w0	tblastn	REF|4850_vkm-f-921_MAT_Minus|gene0|sexM	20.4	E=9.9	42
GCA_027578955.1_UCR_CoemRSA1250_1.0|w1|t0	GCA_027578955.1_UCR_CoemRSA1250_1.0	cand	GCA_027578955.1_UCR_CoemRSA1250_1.0|w1	tblastn	REF|101119_atcc11807_MAT_Plus|gene0|sexP	28.1	E=0.059	42
GCA_027578955.1_UCR_CoemRSA1250_1.0|w1|t3	GCA_027578955.1_UCR_CoemRSA1250_1.0	cand	GCA_027578955.1_UCR_CoemRSA1250_1.0|w1	tblastn	REF|3231046_uomau377_MAT_Minus|gene1|sexM	21.9	E=3.5	39
GCA_027578955.1_UCR_CoemRSA1250_1.0|w1|t4	GCA_027578955.1_UCR_CoemRSA1250_1.0	cand	GCA_027578955.1_UCR_CoemRSA1250_1.0|w1	tblastn	REF|64495_cbs346-36_MAT_Plus|gene2|sexP	44.3	E=2.9	71
GCA_027578955.1_UCR_CoemRSA1250_1.0|w2|t0	GCA_027578955.1_UCR_CoemRSA1250_1.0	cand	GCA_027578955.1_UCR_CoemRSA1250_1.0|w2	tblastn	REF|86630_cbs357-93_MAT_Minus|gene0|sexM	25.8	E=0.16	40
GCA_027578955.1_UCR_CoemRSA1250_1.0|w2|t1	GCA_027578955.1_UCR_CoemRSA1250_1.0	cand	GCA_027578955.1_UCR_CoemRSA1250_1.0|w2	tblastn	REF|3108396_ai-2023a_MAT_Plus|gene2|sexP	26.6	E=0.19	69
GCA_027578955.1_UCR_CoemRSA1250_1.0|w2|t2	GCA_027578955.1_UCR_CoemRSA1250_1.0	cand	GCA_027578955.1_UCR_CoemRSA1250_1.0|w2	tblastn	REF|29922_cbs109-16_MAT_Minus|gene1|sexM	22.7	E=2.1	41
GCA_027578955.1_UCR_CoemRSA1250_1.0|w2|t3	GCA_027578955.1_UCR_CoemRSA1250_1.0	cand	GCA_027578955.1_UCR_CoemRSA1250_1.0|w2	tblastn	REF|35722_atcc11077_MAT_Minus|gene0|sexM	21.2	E=6	39
GCA_027578955.1_UCR_CoemRSA1250_1.0|w2|t4	GCA_027578955.1_UCR_CoemRSA1250_1.0	cand	GCA_027578955.1_UCR_CoemRSA1250_1.0|w2	tblastn	REF|64495_cbs346-36_MAT_Plus|gene2|sexP	21.9	E=4.9	62
GCA_027578955.1_UCR_CoemRSA1250_1.0|w2|t6	GCA_027578955.1_UCR_CoemRSA1250_1.0	cand	GCA_027578955.1_UCR_CoemRSA1250_1.0|w2	tblastn	REF|64495_cbs346-36_MAT_Plus|gene2|sexP	25.4	E=0.44	50
GCA_027578975.1_UCR_CoemNRRL3115_1.0|w0|t0	GCA_027578975.1_UCR_CoemNRRL3115_1.0	cand	GCA_027578975.1_UCR_CoemNRRL3115_1.0|w0	tblastn	REF|3231046_uomd23-19_MAT_Plus|gene1|sexP	107.0	E=0.38	137
GCA_027578975.1_UCR_CoemNRRL3115_1.0|w0|t1	GCA_027578975.1_UCR_CoemNRRL3115_1.0	cand	GCA_027578975.1_UCR_CoemNRRL3115_1.0|w0	tblastn	REF|3231046_uomd23-19_MAT_Plus|gene1|sexP	68.9	E=0.15	100
GCA_027578975.1_UCR_CoemNRRL3115_1.0|w0|t2	GCA_027578975.1_UCR_CoemNRRL3115_1.0	cand	GCA_027578975.1_UCR_CoemNRRL3115_1.0|w0	tblastn	REF|35722_atcc11077_MAT_Minus|gene0|sexM	45.0	E=0.12	75
GCA_027578995.1_UCR_CoemIMI209128_1.0|w0|t0	GCA_027578995.1_UCR_CoemIMI209128_1.0	cand	GCA_027578995.1_UCR_CoemIMI209128_1.0|w0	tblastn	REF|35722_atcc11077_MAT_Minus|gene0|sexM	38.1	E=4.8	38
GCA_027578995.1_UCR_CoemIMI209128_1.0|w0|t1	GCA_027578995.1_UCR_CoemIMI209128_1.0	cand	GCA_027578995.1_UCR_CoemIMI209128_1.0|w0	tblastn	REF|35722_atcc11077_MAT_Minus|gene0|sexM	18.5	E=7.1	75
GCA_027578995.1_UCR_CoemIMI209128_1.0|w0|t2	GCA_027578995.1_UCR_CoemIMI209128_1.0	cand	GCA_027578995.1_UCR_CoemIMI209128_1.0|w0	tblastn	REF|36080_nrrl-3631_MAT_Plus|gene1|sexP	59.3	E=2.9	128
GCA_027578995.1_UCR_CoemIMI209128_1.0|w0|t3	GCA_027578995.1_UCR_CoemIMI209128_1.0	cand	GCA_027578995.1_UCR_CoemIMI209128_1.0|w0	tblastn	REF|101119_atcc11807_MAT_Minus|gene0|sexM	42.8	E=0.099	42
GCA_027578995.1_UCR_CoemIMI209128_1.0|w0|t4	GCA_027578995.1_UCR_CoemIMI209128_1.0	cand	GCA_027578995.1_UCR_CoemIMI209128_1.0|w0	tblastn	REF|3231046_uomd23-19_MAT_Plus|gene1|sexP	53.5	E=0.00028	93
GCA_027579015.1_UCR_CoemCherry401B_1.0|w0|t0	GCA_027579015.1_UCR_CoemCherry401B_1.0	cand	GCA_027579015.1_UCR_CoemCherry401B_1.0|w0	tblastn	REF|4837_ubc21_MAT_Plus|gene1|sexP	38.9	E=4.2e-06	98
GCA_027579015.1_UCR_CoemCherry401B_1.0|w1|t0	GCA_027579015.1_UCR_CoemCherry401B_1.0	cand	GCA_027579015.1_UCR_CoemCherry401B_1.0|w1	tblastn	REF|29922_cbs109-16_MAT_Minus|gene1|sexM	65.1	E=6.2e-09	84
GCA_027579015.1_UCR_CoemCherry401B_1.0|w2|t0	GCA_027579015.1_UCR_CoemCherry401B_1.0	cand	GCA_027579015.1_UCR_CoemCherry401B_1.0|w2	tblastn	REF|36080_nrrl-3631_MAT_Plus|gene1|sexP	70.0	E=0.004	88
GCA_027579015.1_UCR_CoemCherry401B_1.0|w3|t0	GCA_027579015.1_UCR_CoemCherry401B_1.0	cand	GCA_027579015.1_UCR_CoemCherry401B_1.0|w3	tblastn	REF|64495_cbs110-17_MAT_Minus|gene1|sexM	34.3	E=6.2e-05	90
GCA_027579015.1_UCR_CoemCherry401B_1.0|w4|t0	GCA_027579015.1_UCR_CoemCherry401B_1.0	cand	GCA_027579015.1_UCR_CoemCherry401B_1.0|w4	tblastn	REF|4837_ubc21_MAT_Plus|gene1|sexP	33.1	E=0.00035	74
GCA_027579015.1_UCR_CoemCherry401B_1.0|w5|t0	GCA_027579015.1_UCR_CoemCherry401B_1.0	cand	GCA_027579015.1_UCR_CoemCherry401B_1.0|w5	tblastn	REF|3231046_uomau377_MAT_Minus|gene1|sexM	25.0	E=0.084	45
GCA_027579035.1_UCR_CoemD1744_1.0|w0|t0	GCA_027579035.1_UCR_CoemD1744_1.0	cand	GCA_027579035.1_UCR_CoemD1744_1.0|w0	tblastn	REF|4837_ubc21_MAT_Plus|gene1|sexP	62.3	E=2.5e-06	116
GCA_027579035.1_UCR_CoemD1744_1.0|w1|t0	GCA_027579035.1_UCR_CoemD1744_1.0	cand	GCA_027579035.1_UCR_CoemD1744_1.0|w1	tblastn	REF|64495_cbs110-17_MAT_Minus|gene1|sexM	40.4	E=8.4e-07	61
GCA_027579035.1_UCR_CoemD1744_1.0|w2|t0	GCA_027579035.1_UCR_CoemD1744_1.0	cand	GCA_027579035.1_UCR_CoemD1744_1.0|w2	tblastn	REF|64495_cbs110-17_MAT_Minus|gene1|sexM	36.6	E=1.4e-05	105
GCA_027579035.1_UCR_CoemD1744_1.0|w3|t0	GCA_027579035.1_UCR_CoemD1744_1.0	cand	GCA_027579035.1_UCR_CoemD1744_1.0|w3	tblastn	REF|3231046_uomd23-19_MAT_Plus|gene1|sexP	34.7	E=0.0002	57
GCA_027579035.1_UCR_CoemD1744_1.0|w4|t0	GCA_027579035.1_UCR_CoemD1744_1.0	cand	GCA_027579035.1_UCR_CoemD1744_1.0|w4	tblastn	REF|3231046_uomd23-19_MAT_Plus|gene1|sexP	39.3	E=5.7e-06	69
GCA_027579035.1_UCR_CoemD1744_1.0|w5|t0	GCA_027579035.1_UCR_CoemD1744_1.0	cand	GCA_027579035.1_UCR_CoemD1744_1.0|w5	tblastn	REF|29922_cbs109-16_MAT_Minus|gene1|sexM	37.0	E=1.4e-05	65
GCA_027579035.1_UCR_CoemD1744_1.0|w6|t0	GCA_027579035.1_UCR_CoemD1744_1.0	cand	GCA_027579035.1_UCR_CoemD1744_1.0|w6	tblastn	REF|35722_atcc11077_MAT_Minus|gene0|sexM	46.9	E=0.015	89
GCA_027579035.1_UCR_CoemD1744_1.0|w7|t3	GCA_027579035.1_UCR_CoemD1744_1.0	cand	GCA_027579035.1_UCR_CoemD1744_1.0|w7	tblastn	REF|3231046_uomd23-19_MAT_Plus|gene1|sexP	46.9	E=0.052	61
GCA_027579055.1_UCR_CoinBCRC34489_1.0|w0|t0	GCA_027579055.1_UCR_CoinBCRC34489_1.0	cand	GCA_027579055.1_UCR_CoinBCRC34489_1.0|w0	tblastn	REF|35722_atcc11077_MAT_Minus|gene0|sexM	82.4	E=9.6e-06	160
GCA_027579055.1_UCR_CoinBCRC34489_1.0|w1|t0	GCA_027579055.1_UCR_CoinBCRC34489_1.0	cand	GCA_027579055.1_UCR_CoinBCRC34489_1.0|w1	tblastn	REF|29922_cbs109-16_MAT_Minus|gene1|sexM	63.4	E=0.083	74
GCA_027579075.1_UCR_CoemBCRC34962_1.0|w0|t0	GCA_027579075.1_UCR_CoemBCRC34962_1.0	cand	GCA_027579075.1_UCR_CoemBCRC34962_1.0|w0	tblastn	REF|3108396_ai-2023a_MAT_Plus|gene2|sexP	62.8	E=2.6e-05	80
GCA_027579075.1_UCR_CoemBCRC34962_1.0|w1|t0	GCA_027579075.1_UCR_CoemBCRC34962_1.0	cand	GCA_027579075.1_UCR_CoemBCRC34962_1.0|w1	tblastn	REF|101119_atcc11807_MAT_Minus|gene0|sexM	24.6	E=0.26	49
GCA_027579075.1_UCR_CoemBCRC34962_1.0|w1|t1	GCA_027579075.1_UCR_CoemBCRC34962_1.0	cand	GCA_027579075.1_UCR_CoemBCRC34962_1.0|w1	tblastn	REF|101119_atcc11807_MAT_Minus|gene0|sexM	25.8	E=0.11	38
GCA_027579075.1_UCR_CoemBCRC34962_1.0|w3|t2	GCA_027579075.1_UCR_CoemBCRC34962_1.0	cand	GCA_027579075.1_UCR_CoemBCRC34962_1.0|w3	tblastn	REF|3231046_uomd23-19_MAT_Plus|gene1|sexP	23.1	E=1.7	40
GCA_027579075.1_UCR_CoemBCRC34962_1.0|w3|t3	GCA_027579075.1_UCR_CoemBCRC34962_1.0	cand	GCA_027579075.1_UCR_CoemBCRC34962_1.0|w3	tblastn	REF|3231046_uomau377_MAT_Minus|gene1|sexM	42.0	E=5.5	49
GCA_027579075.1_UCR_CoemBCRC34962_1.0|w3|t4	GCA_027579075.1_UCR_CoemBCRC34962_1.0	cand	GCA_027579075.1_UCR_CoemBCRC34962_1.0|w3	tblastn	REF|36080_r7b_MAT_Minus|gene1|sexM	21.6	E=3.5	71
GCA_027579075.1_UCR_CoemBCRC34962_1.0|w3|t8	GCA_027579075.1_UCR_CoemBCRC34962_1.0	cand	GCA_027579075.1_UCR_CoemBCRC34962_1.0|w3	tblastn	REF|101119_atcc11807_MAT_Plus|gene0|sexP	50.0	E=0.11	107
GCA_027579075.1_UCR_CoemBCRC34962_1.0|w4|t0	GCA_027579075.1_UCR_CoemBCRC34962_1.0	cand	GCA_027579075.1_UCR_CoemBCRC34962_1.0|w4	tblastn	REF|101119_atcc11807_MAT_Plus|gene0|sexP	21.6	E=4.6	52
GCA_027579075.1_UCR_CoemBCRC34962_1.0|w4|t1	GCA_027579075.1_UCR_CoemBCRC34962_1.0	cand	GCA_027579075.1_UCR_CoemBCRC34962_1.0|w4	tblastn	REF|3108396_ai-2023a_MAT_Plus|gene2|sexP	20.8	E=8.1	34
GCA_027579075.1_UCR_CoemBCRC34962_1.0|w4|t2	GCA_027579075.1_UCR_CoemBCRC34962_1.0	cand	GCA_027579075.1_UCR_CoemBCRC34962_1.0|w4	tblastn	REF|36080_r7b_MAT_Minus|gene1|sexM	44.3	E=0.81	53
GCA_027579075.1_UCR_CoemBCRC34962_1.0|w4|t3	GCA_027579075.1_UCR_CoemBCRC34962_1.0	cand	GCA_027579075.1_UCR_CoemBCRC34962_1.0|w4	tblastn	REF|86630_cbs357-93_MAT_Minus|gene0|sexM	21.9	E=2.1	42
GCA_027579075.1_UCR_CoemBCRC34962_1.0|w4|t4	GCA_027579075.1_UCR_CoemBCRC34962_1.0	cand	GCA_027579075.1_UCR_CoemBCRC34962_1.0|w4	tblastn	REF|101119_atcc11807_MAT_Plus|gene0|sexP	23.1	E=1.5	81
GCA_027579075.1_UCR_CoemBCRC34962_1.0|w4|t5	GCA_027579075.1_UCR_CoemBCRC34962_1.0	cand	GCA_027579075.1_UCR_CoemBCRC34962_1.0|w4	tblastn	REF|3231046_uomau377_MAT_Minus|gene1|sexM	23.5	E=0.81	31
GCA_027579075.1_UCR_CoemBCRC34962_1.0|w4|t6	GCA_027579075.1_UCR_CoemBCRC34962_1.0	cand	GCA_027579075.1_UCR_CoemBCRC34962_1.0|w4	tblastn	REF|4837_ubc21_MAT_Plus|gene1|sexP	39.7	E=1.2e-05	67
GCA_027579075.1_UCR_CoemBCRC34962_1.0|w5|t0	GCA_027579075.1_UCR_CoemBCRC34962_1.0	cand	GCA_027579075.1_UCR_CoemBCRC34962_1.0|w5	tblastn	REF|3231046_uomau377_MAT_Minus|gene1|sexM	26.6	E=0.1	130
GCA_027579095.1_UCR_ConaCBS109366_1.0|w0|t0	GCA_027579095.1_UCR_ConaCBS109366_1.0	cand	GCA_027579095.1_UCR_ConaCBS109366_1.0|w0	tblastn	REF|3231046_uomd23-19_MAT_Plus|gene1|sexP	42.0	E=6.3	74
GCA_027579095.1_UCR_ConaCBS109366_1.0|w0|t1	GCA_027579095.1_UCR_ConaCBS109366_1.0	cand	GCA_027579095.1_UCR_ConaCBS109366_1.0|w0	tblastn	REF|35722_atcc11077_MAT_Minus|gene0|sexM	31.6	E=0.002	65
GCA_027579095.1_UCR_ConaCBS109366_1.0|w0|t2	GCA_027579095.1_UCR_ConaCBS109366_1.0	cand	GCA_027579095.1_UCR_ConaCBS109366_1.0|w0	tblastn	REF|3231046_uomau377_MAT_Minus|gene1|sexM	41.9	E=2.9	46
GCA_027579095.1_UCR_ConaCBS109366_1.0|w1|t0	GCA_027579095.1_UCR_ConaCBS109366_1.0	cand	GCA_027579095.1_UCR_ConaCBS109366_1.0|w1	tblastn	REF|4837_nrrl1555_MAT_Minus|gene1|sexM	21.6	E=3.3	35
GCA_027579095.1_UCR_ConaCBS109366_1.0|w1|t1	GCA_027579095.1_UCR_ConaCBS109366_1.0	cand	GCA_027579095.1_UCR_ConaCBS109366_1.0|w1	tblastn	REF|4837_nrrl1555_MAT_Minus|gene1|sexM	20.4	E=6.7	44
GCA_027579095.1_UCR_ConaCBS109366_1.0|w1|t3	GCA_027579095.1_UCR_ConaCBS109366_1.0	cand	GCA_027579095.1_UCR_ConaCBS109366_1.0|w1	tblastn	REF|64495_cbs346-36_MAT_Plus|gene2|sexP	23.1	E=1.5	41
GCA_027579095.1_UCR_ConaCBS109366_1.0|w1|t4	GCA_027579095.1_UCR_ConaCBS109366_1.0	cand	GCA_027579095.1_UCR_ConaCBS109366_1.0|w1	tblastn	REF|4850_vkm-f-921_MAT_Minus|gene0|sexM	20.4	E=7.1	35
GCA_027579095.1_UCR_ConaCBS109366_1.0|w1|t5	GCA_027579095.1_UCR_ConaCBS109366_1.0	cand	GCA_027579095.1_UCR_ConaCBS109366_1.0|w1	tblastn	REF|3231046_uomau377_MAT_Minus|gene1|sexM	23.1	E=1.2	35
GCA_027579095.1_UCR_ConaCBS109366_1.0|w1|t7	GCA_027579095.1_UCR_ConaCBS109366_1.0	cand	GCA_027579095.1_UCR_ConaCBS109366_1.0|w1	tblastn	REF|101119_atcc11807_MAT_Plus|gene0|sexP	44.3	E=1.6	49
GCA_027579095.1_UCR_ConaCBS109366_1.0|w1|t9	GCA_027579095.1_UCR_ConaCBS109366_1.0	cand	GCA_027579095.1_UCR_ConaCBS109366_1.0|w1	tblastn	REF|101119_atcc11807_MAT_Minus|gene0|sexM	23.9	E=0.45	39
GCA_027579095.1_UCR_ConaCBS109366_1.0|w1|t10	GCA_027579095.1_UCR_ConaCBS109366_1.0	cand	GCA_027579095.1_UCR_ConaCBS109366_1.0|w1	tblastn	REF|36080_r7b_MAT_Minus|gene1|sexM	24.3	E=0.54	96
GCA_027579095.1_UCR_ConaCBS109366_1.0|w1|t11	GCA_027579095.1_UCR_ConaCBS109366_1.0	cand	GCA_027579095.1_UCR_ConaCBS109366_1.0|w1	tblastn	REF|3231046_uomau377_MAT_Minus|gene1|sexM	39.7	E=1.1	63
GCA_027579095.1_UCR_ConaCBS109366_1.0|w1|t12	GCA_027579095.1_UCR_ConaCBS109366_1.0	cand	GCA_027579095.1_UCR_ConaCBS109366_1.0|w1	tblastn	REF|29922_cbs109-16_MAT_Minus|gene1|sexM	25.8	E=0.14	62
GCA_027579095.1_UCR_ConaCBS109366_1.0|w1|t13	GCA_027579095.1_UCR_ConaCBS109366_1.0	cand	GCA_027579095.1_UCR_ConaCBS109366_1.0|w1	tblastn	REF|36080_nrrl-3631_MAT_Plus|gene1|sexP	22.7	E=2.7	36
GCA_027579095.1_UCR_ConaCBS109366_1.0|w1|t14	GCA_027579095.1_UCR_ConaCBS109366_1.0	cand	GCA_027579095.1_UCR_ConaCBS109366_1.0|w1	tblastn	REF|64495_cbs110-17_MAT_Minus|gene1|sexM	23.9	E=0.54	51
GCA_027579095.1_UCR_ConaCBS109366_1.0|w1|t15	GCA_027579095.1_UCR_ConaCBS109366_1.0	cand	GCA_027579095.1_UCR_ConaCBS109366_1.0|w1	tblastn	REF|3231046_uomau377_MAT_Minus|gene1|sexM	26.9	E=0.084	37
GCA_027579095.1_UCR_ConaCBS109366_1.0|w1|t16	GCA_027579095.1_UCR_ConaCBS109366_1.0	cand	GCA_027579095.1_UCR_ConaCBS109366_1.0|w1	tblastn	REF|4850_vkm-f-921_MAT_Minus|gene0|sexM	26.9	E=0.063	78
GCA_027579115.1_UCR_CojaNBRC105414_1.0|w0|t0	GCA_027579115.1_UCR_CojaNBRC105414_1.0	cand	GCA_027579115.1_UCR_CojaNBRC105414_1.0|w0	tblastn	REF|4850_vkm-f-921_MAT_Minus|gene0|sexM	48.9	E=0.001	104
GCA_027579135.1_UCR_CoemRSA1722_1.0|w0|t0	GCA_027579135.1_UCR_CoemRSA1722_1.0	cand	GCA_027579135.1_UCR_CoemRSA1722_1.0|w0	tblastn	REF|101119_atcc11807_MAT_Minus|gene0|sexM	62.0	E=1.3e-05	107
GCA_027579135.1_UCR_CoemRSA1722_1.0|w0|t1	GCA_027579135.1_UCR_CoemRSA1722_1.0	cand	GCA_027579135.1_UCR_CoemRSA1722_1.0|w0	tblastn	REF|64495_cbs346-36_MAT_Plus|gene2|sexP	76.3	E=5.4e-08	134
GCA_027579135.1_UCR_CoemRSA1722_1.0|w1|t0	GCA_027579135.1_UCR_CoemRSA1722_1.0	cand	GCA_027579135.1_UCR_CoemRSA1722_1.0|w1	tblastn	REF|64495_cbs110-17_MAT_Minus|gene1|sexM	26.9	E=0.054	47
GCA_027579135.1_UCR_CoemRSA1722_1.0|w1|t1	GCA_027579135.1_UCR_CoemRSA1722_1.0	cand	GCA_027579135.1_UCR_CoemRSA1722_1.0|w1	tblastn	REF|64495_cbs346-36_MAT_Plus|gene2|sexP	73.5	E=1.9e-08	121
GCA_027579135.1_UCR_CoemRSA1722_1.0|w1|t2	GCA_027579135.1_UCR_CoemRSA1722_1.0	cand	GCA_027579135.1_UCR_CoemRSA1722_1.0|w1	tblastn	REF|64495_cbs110-17_MAT_Minus|gene1|sexM	44.3	E=9.5e-08	67
GCA_027579135.1_UCR_CoemRSA1722_1.0|w1|t3	GCA_027579135.1_UCR_CoemRSA1722_1.0	cand	GCA_027579135.1_UCR_CoemRSA1722_1.0|w1	tblastn	REF|101119_atcc11807_MAT_Minus|gene0|sexM	23.1	E=0.85	45
GCA_027579135.1_UCR_CoemRSA1722_1.0|w2|t0	GCA_027579135.1_UCR_CoemRSA1722_1.0	cand	GCA_027579135.1_UCR_CoemRSA1722_1.0|w2	tblastn	REF|101119_atcc11807_MAT_Minus|gene0|sexM	33.1	E=0.00043	103
GCA_027579135.1_UCR_CoemRSA1722_1.0|w2|t1	GCA_027579135.1_UCR_CoemRSA1722_1.0	cand	GCA_027579135.1_UCR_CoemRSA1722_1.0|w2	tblastn	REF|101119_atcc11807_MAT_Plus|gene0|sexP	21.6	E=4.8	38
GCA_027579135.1_UCR_CoemRSA1722_1.0|w2|t2	GCA_027579135.1_UCR_CoemRSA1722_1.0	cand	GCA_027579135.1_UCR_CoemRSA1722_1.0|w2	tblastn	REF|64495_cbs110-17_MAT_Minus|gene1|sexM	43.1	E=1.3	48
GCA_027579135.1_UCR_CoemRSA1722_1.0|w2|t3	GCA_027579135.1_UCR_CoemRSA1722_1.0	cand	GCA_027579135.1_UCR_CoemRSA1722_1.0|w2	tblastn	REF|86630_cbs357-93_MAT_Minus|gene0|sexM	22.7	E=1.1	52
GCA_027579135.1_UCR_CoemRSA1722_1.0|w3|t1	GCA_027579135.1_UCR_CoemRSA1722_1.0	cand	GCA_027579135.1_UCR_CoemRSA1722_1.0|w3	tblastn	REF|36080_r7b_MAT_Minus|gene1|sexM	42.7	E=1.9	56
GCA_027579135.1_UCR_CoemRSA1722_1.0|w3|t2	GCA_027579135.1_UCR_CoemRSA1722_1.0	cand	GCA_027579135.1_UCR_CoemRSA1722_1.0|w3	tblastn	REF|35722_atcc11077_MAT_Minus|gene0|sexM	22.3	E=1.4	34
GCA_027579135.1_UCR_CoemRSA1722_1.0|w3|t3	GCA_027579135.1_UCR_CoemRSA1722_1.0	cand	GCA_027579135.1_UCR_CoemRSA1722_1.0|w3	tblastn	REF|101119_atcc11807_MAT_Minus|gene0|sexM	26.9	E=0.047	38
GCA_027579135.1_UCR_CoemRSA1722_1.0|w4|t0	GCA_027579135.1_UCR_CoemRSA1722_1.0	cand	GCA_027579135.1_UCR_CoemRSA1722_1.0|w4	tblastn	REF|3231046_uomd23-19_MAT_Plus|gene1|sexP	36.2	E=0.00012	57
GCA_027579135.1_UCR_CoemRSA1722_1.0|w5|t1	GCA_027579135.1_UCR_CoemRSA1722_1.0	cand	GCA_027579135.1_UCR_CoemRSA1722_1.0|w5	tblastn	REF|86630_cbs357-93_MAT_Minus|gene0|sexM	21.6	E=2.2	54
GCA_027579135.1_UCR_CoemRSA1722_1.0|w5|t2	GCA_027579135.1_UCR_CoemRSA1722_1.0	cand	GCA_027579135.1_UCR_CoemRSA1722_1.0|w5	tblastn	REF|3108396_ai-2023a_MAT_Plus|gene2|sexP	21.2	E=6.7	36
GCA_027579135.1_UCR_CoemRSA1722_1.0|w5|t3	GCA_027579135.1_UCR_CoemRSA1722_1.0	cand	GCA_027579135.1_UCR_CoemRSA1722_1.0|w5	tblastn	REF|64495_cbs346-36_MAT_Plus|gene2|sexP	24.3	E=0.79	43
GCA_027579135.1_UCR_CoemRSA1722_1.0|w5|t4	GCA_027579135.1_UCR_CoemRSA1722_1.0	cand	GCA_027579135.1_UCR_CoemRSA1722_1.0|w5	tblastn	REF|4850_vkm-f-921_MAT_Minus|gene0|sexM	20.0	E=8	51
GCA_027579135.1_UCR_CoemRSA1722_1.0|w5|t5	GCA_027579135.1_UCR_CoemRSA1722_1.0	cand	GCA_027579135.1_UCR_CoemRSA1722_1.0|w5	tblastn	REF|64495_cbs110-17_MAT_Minus|gene1|sexM	20.4	E=5.2	34
GCA_027579135.1_UCR_CoemRSA1722_1.0|w5|t6	GCA_027579135.1_UCR_CoemRSA1722_1.0	cand	GCA_027579135.1_UCR_CoemRSA1722_1.0|w5	tblastn	REF|101119_atcc11807_MAT_Plus|gene0|sexP	42.0	E=4.2	68
GCA_027579135.1_UCR_CoemRSA1722_1.0|w5|t7	GCA_027579135.1_UCR_CoemRSA1722_1.0	cand	GCA_027579135.1_UCR_CoemRSA1722_1.0|w5	tblastn	REF|86630_cbs357-93_MAT_Minus|gene0|sexM	25.8	E=0.12	62
GCA_027579135.1_UCR_CoemRSA1722_1.0|w6|t0	GCA_027579135.1_UCR_CoemRSA1722_1.0	cand	GCA_027579135.1_UCR_CoemRSA1722_1.0|w6	tblastn	REF|3231046_uomd23-19_MAT_Plus|gene1|sexP	28.9	E=0.028	47
GCA_027579175.1_UCR_CoemIMI203386_1.0|w0|t0	GCA_027579175.1_UCR_CoemIMI203386_1.0	cand	GCA_027579175.1_UCR_CoemIMI203386_1.0|w0	tblastn	REF|29922_cbs109-16_MAT_Minus|gene1|sexM	23.1	E=2.5	50
GCA_027579175.1_UCR_CoemIMI203386_1.0|w0|t1	GCA_027579175.1_UCR_CoemIMI203386_1.0	cand	GCA_027579175.1_UCR_CoemIMI203386_1.0|w0	tblastn	REF|86630_cbs357-93_MAT_Minus|gene0|sexM	73.6	E=2.3e-17	84
GCA_027579175.1_UCR_CoemIMI203386_1.0|w0|t2	GCA_027579175.1_UCR_CoemIMI203386_1.0	cand	GCA_027579175.1_UCR_CoemIMI203386_1.0|w0	tblastn	REF|3231046_uomau377_MAT_Minus|gene1|sexM	52.4	E=1.3e-09	91
GCA_027579175.1_UCR_CoemIMI203386_1.0|w1|t0	GCA_027579175.1_UCR_CoemIMI203386_1.0	cand	GCA_027579175.1_UCR_CoemIMI203386_1.0|w1	tblastn	REF|4850_vkm-f-921_MAT_Minus|gene0|sexM	23.1	E=2.8	66
GCA_027579175.1_UCR_CoemIMI203386_1.0|w1|t1	GCA_027579175.1_UCR_CoemIMI203386_1.0	cand	GCA_027579175.1_UCR_CoemIMI203386_1.0|w1	tblastn	REF|64495_cbs346-36_MAT_Plus|gene2|sexP	52.4	E=0.089	95
GCA_027579175.1_UCR_CoemIMI203386_1.0|w1|t4	GCA_027579175.1_UCR_CoemIMI203386_1.0	cand	GCA_027579175.1_UCR_CoemIMI203386_1.0|w1	tblastn	REF|3108396_ai-2023a_MAT_Plus|gene2|sexP	32.0	E=0.009	68
GCA_027579175.1_UCR_CoemIMI203386_1.0|w1|t5	GCA_027579175.1_UCR_CoemIMI203386_1.0	cand	GCA_027579175.1_UCR_CoemIMI203386_1.0|w1	tblastn	REF|64495_cbs110-17_MAT_Minus|gene1|sexM	24.6	E=0.65	73
GCA_027579175.1_UCR_CoemIMI203386_1.0|w1|t6	GCA_027579175.1_UCR_CoemIMI203386_1.0	cand	GCA_027579175.1_UCR_CoemIMI203386_1.0|w1	tblastn	REF|3231046_uomau377_MAT_Minus|gene1|sexM	23.5	E=2.4	44
GCA_027579175.1_UCR_CoemIMI203386_1.0|w1|t7	GCA_027579175.1_UCR_CoemIMI203386_1.0	cand	GCA_027579175.1_UCR_CoemIMI203386_1.0|w1	tblastn	REF|4850_vkm-f-921_MAT_Minus|gene0|sexM	47.8	E=2.4e-08	138
GCA_027579175.1_UCR_CoemIMI203386_1.0|w2|t0	GCA_027579175.1_UCR_CoemIMI203386_1.0	cand	GCA_027579175.1_UCR_CoemIMI203386_1.0|w2	tblastn	REF|3231046_uomau377_MAT_Minus|gene1|sexM	41.2	E=1.8	64
GCA_027579175.1_UCR_CoemIMI203386_1.0|w2|t1	GCA_027579175.1_UCR_CoemIMI203386_1.0	cand	GCA_027579175.1_UCR_CoemIMI203386_1.0|w2	tblastn	REF|101119_atcc11807_MAT_Minus|gene0|sexM	26.6	E=0.16	52
GCA_027579175.1_UCR_CoemIMI203386_1.0|w2|t2	GCA_027579175.1_UCR_CoemIMI203386_1.0	cand	GCA_027579175.1_UCR_CoemIMI203386_1.0|w2	tblastn	REF|35722_atcc11077_MAT_Minus|gene0|sexM	21.9	E=6.2	56
GCA_027579175.1_UCR_CoemIMI203386_1.0|w3|t0	GCA_027579175.1_UCR_CoemIMI203386_1.0	cand	GCA_027579175.1_UCR_CoemIMI203386_1.0|w3	tblastn	REF|64495_cbs346-36_MAT_Plus|gene2|sexP	22.7	E=6.2	91
GCA_027579175.1_UCR_CoemIMI203386_1.0|w3|t1	GCA_027579175.1_UCR_CoemIMI203386_1.0	cand	GCA_027579175.1_UCR_CoemIMI203386_1.0|w3	tblastn	REF|64495_cbs346-36_MAT_Plus|gene2|sexP	22.7	E=6.4	36
GCA_027579175.1_UCR_CoemIMI203386_1.0|w3|t2	GCA_027579175.1_UCR_CoemIMI203386_1.0	cand	GCA_027579175.1_UCR_CoemIMI203386_1.0|w3	tblastn	REF|35722_atcc11077_MAT_Minus|gene0|sexM	43.5	E=6.8	44
GCA_027579175.1_UCR_CoemIMI203386_1.0|w3|t5	GCA_027579175.1_UCR_CoemIMI203386_1.0	cand	GCA_027579175.1_UCR_CoemIMI203386_1.0|w3	tblastn	REF|86630_cbs357-93_MAT_Minus|gene0|sexM	28.1	E=0.057	36
GCA_027579175.1_UCR_CoemIMI203386_1.0|w3|t6	GCA_027579175.1_UCR_CoemIMI203386_1.0	cand	GCA_027579175.1_UCR_CoemIMI203386_1.0|w3	tblastn	REF|64495_cbs110-17_MAT_Minus|gene1|sexM	25.0	E=0.53	43
GCA_027579175.1_UCR_CoemIMI203386_1.0|w3|t8	GCA_027579175.1_UCR_CoemIMI203386_1.0	cand	GCA_027579175.1_UCR_CoemIMI203386_1.0|w3	tblastn	REF|36080_nrrl-3631_MAT_Plus|gene1|sexP	28.1	E=0.14	50
GCA_027579175.1_UCR_CoemIMI203386_1.0|w4|t0	GCA_027579175.1_UCR_CoemIMI203386_1.0	cand	GCA_027579175.1_UCR_CoemIMI203386_1.0|w4	tblastn	REF|64495_cbs346-36_MAT_Plus|gene2|sexP	24.3	E=2.2	65
GCA_027579175.1_UCR_CoemIMI203386_1.0|w4|t1	GCA_027579175.1_UCR_CoemIMI203386_1.0	cand	GCA_027579175.1_UCR_CoemIMI203386_1.0|w4	tblastn	REF|3231046_uomd23-19_MAT_Plus|gene1|sexP	57.0	E=0.002	71
GCA_027579175.1_UCR_CoemIMI203386_1.0|w4|t3	GCA_027579175.1_UCR_CoemIMI203386_1.0	cand	GCA_027579175.1_UCR_CoemIMI203386_1.0|w4	tblastn	REF|3231046_uomd23-19_MAT_Plus|gene1|sexP	35.4	E=0.00061	56
GCA_027579175.1_UCR_CoemIMI203386_1.0|w4|t4	GCA_027579175.1_UCR_CoemIMI203386_1.0	cand	GCA_027579175.1_UCR_CoemIMI203386_1.0|w4	tblastn	REF|36080_nrrl-3631_MAT_Plus|gene1|sexP	26.2	E=0.52	90
GCA_027579175.1_UCR_CoemIMI203386_1.0|w4|t5	GCA_027579175.1_UCR_CoemIMI203386_1.0	cand	GCA_027579175.1_UCR_CoemIMI203386_1.0|w4	tblastn	REF|3231046_uomd23-19_MAT_Plus|gene1|sexP	23.9	E=2.9	73
GCA_027579175.1_UCR_CoemIMI203386_1.0|w4|t7	GCA_027579175.1_UCR_CoemIMI203386_1.0	cand	GCA_027579175.1_UCR_CoemIMI203386_1.0|w4	tblastn	REF|64495_cbs110-17_MAT_Minus|gene1|sexM	23.1	E=2.4	66
GCA_027579175.1_UCR_CoemIMI203386_1.0|w5|t1	GCA_027579175.1_UCR_CoemIMI203386_1.0	cand	GCA_027579175.1_UCR_CoemIMI203386_1.0|w5	tblastn	REF|4837_nrrl1555_MAT_Minus|gene1|sexM	22.7	E=3.7	46
GCA_027579175.1_UCR_CoemIMI203386_1.0|w5|t5	GCA_027579175.1_UCR_CoemIMI203386_1.0	cand	GCA_027579175.1_UCR_CoemIMI203386_1.0|w5	tblastn	REF|35722_atcc11077_MAT_Minus|gene0|sexM	26.6	E=0.18	42
GCA_027579175.1_UCR_CoemIMI203386_1.0|w5|t6	GCA_027579175.1_UCR_CoemIMI203386_1.0	cand	GCA_027579175.1_UCR_CoemIMI203386_1.0|w5	tblastn	REF|29922_cbs109-16_MAT_Minus|gene1|sexM	21.9	E=7.4	42
GCA_027579195.1_UCR_CoemCBS108938_1.0|w0|t0	GCA_027579195.1_UCR_CoemCBS108938_1.0	cand	GCA_027579195.1_UCR_CoemCBS108938_1.0|w0	tblastn	REF|36080_nrrl-3631_MAT_Plus|gene1|sexP	116.3	E=6.8e-05	150
GCA_027579215.1_UCR_CoemBCRC34490_1.0|w0|t0	GCA_027579215.1_UCR_CoemBCRC34490_1.0	cand	GCA_027579215.1_UCR_CoemBCRC34490_1.0|w0	tblastn	REF|3108396_ai-2023a_MAT_Plus|gene2|sexP	67.0	E=5.8e-11	130
GCA_027579235.1_UCR_CoemBCRC34301_1.0|w0|t0	GCA_027579235.1_UCR_CoemBCRC34301_1.0	cand	GCA_027579235.1_UCR_CoemBCRC34301_1.0|w0	tblastn	REF|3231046_uomd23-19_MAT_Plus|gene1|sexP	56.2	E=3.9e-05	78
GCA_027579235.1_UCR_CoemBCRC34301_1.0|w0|t2	GCA_027579235.1_UCR_CoemBCRC34301_1.0	cand	GCA_027579235.1_UCR_CoemBCRC34301_1.0|w0	tblastn	REF|64495_cbs110-17_MAT_Minus|gene1|sexM	25.8	E=0.12	57
GCA_027579235.1_UCR_CoemBCRC34301_1.0|w0|t3	GCA_027579235.1_UCR_CoemBCRC34301_1.0	cand	GCA_027579235.1_UCR_CoemBCRC34301_1.0|w0	tblastn	REF|36080_nrrl-3631_MAT_Plus|gene1|sexP	36.6	E=7.9	73
GCA_027579235.1_UCR_CoemBCRC34301_1.0|w0|t4	GCA_027579235.1_UCR_CoemBCRC34301_1.0	cand	GCA_027579235.1_UCR_CoemBCRC34301_1.0|w0	tblastn	REF|29922_cbs109-16_MAT_Minus|gene1|sexM	21.9	E=2.1	85
GCA_027579235.1_UCR_CoemBCRC34301_1.0|w1|t0	GCA_027579235.1_UCR_CoemBCRC34301_1.0	cand	GCA_027579235.1_UCR_CoemBCRC34301_1.0|w1	tblastn	REF|4837_nrrl1555_MAT_Minus|gene1|sexM	20.4	E=6.9	46
GCA_027579235.1_UCR_CoemBCRC34301_1.0|w1|t1	GCA_027579235.1_UCR_CoemBCRC34301_1.0	cand	GCA_027579235.1_UCR_CoemBCRC34301_1.0|w1	tblastn	REF|35722_atcc11077_MAT_Minus|gene0|sexM	55.4	E=5.7	42
GCA_027579235.1_UCR_CoemBCRC34301_1.0|w1|t2	GCA_027579235.1_UCR_CoemBCRC34301_1.0	cand	GCA_027579235.1_UCR_CoemBCRC34301_1.0|w1	tblastn	REF|64495_cbs110-17_MAT_Minus|gene1|sexM	20.4	E=5.7	33
GCA_027579235.1_UCR_CoemBCRC34301_1.0|w1|t3	GCA_027579235.1_UCR_CoemBCRC34301_1.0	cand	GCA_027579235.1_UCR_CoemBCRC34301_1.0|w1	tblastn	REF|3231046_uomd23-19_MAT_Plus|gene1|sexP	42.0	E=7	75
GCA_027579235.1_UCR_CoemBCRC34301_1.0|w1|t4	GCA_027579235.1_UCR_CoemBCRC34301_1.0	cand	GCA_027579235.1_UCR_CoemBCRC34301_1.0|w1	tblastn	REF|36080_nrrl-3631_MAT_Plus|gene1|sexP	21.6	E=3.3	38
GCA_027579235.1_UCR_CoemBCRC34301_1.0|w1|t5	GCA_027579235.1_UCR_CoemBCRC34301_1.0	cand	GCA_027579235.1_UCR_CoemBCRC34301_1.0|w1	tblastn	REF|4837_nrrl1555_MAT_Minus|gene1|sexM	20.4	E=6.1	47
GCA_027579235.1_UCR_CoemBCRC34301_1.0|w1|t7	GCA_027579235.1_UCR_CoemBCRC34301_1.0	cand	GCA_027579235.1_UCR_CoemBCRC34301_1.0|w1	tblastn	REF|64495_cbs110-17_MAT_Minus|gene1|sexM	23.9	E=0.42	69
GCA_027579235.1_UCR_CoemBCRC34301_1.0|w1|t9	GCA_027579235.1_UCR_CoemBCRC34301_1.0	cand	GCA_027579235.1_UCR_CoemBCRC34301_1.0|w1	tblastn	REF|29922_cbs109-16_MAT_Minus|gene1|sexM	23.5	E=0.71	42
GCA_027579235.1_UCR_CoemBCRC34301_1.0|w2|t0	GCA_027579235.1_UCR_CoemBCRC34301_1.0	cand	GCA_027579235.1_UCR_CoemBCRC34301_1.0|w2	tblastn	REF|3231046_uomd23-19_MAT_Plus|gene1|sexP	50.0	E=0.092	55
GCA_027579235.1_UCR_CoemBCRC34301_1.0|w2|t1	GCA_027579235.1_UCR_CoemBCRC34301_1.0	cand	GCA_027579235.1_UCR_CoemBCRC34301_1.0|w2	tblastn	REF|64495_cbs110-17_MAT_Minus|gene1|sexM	23.9	E=0.51	62
GCA_027579235.1_UCR_CoemBCRC34301_1.0|w2|t2	GCA_027579235.1_UCR_CoemBCRC34301_1.0	cand	GCA_027579235.1_UCR_CoemBCRC34301_1.0|w2	tblastn	REF|86630_cbs357-93_MAT_Minus|gene0|sexM	26.6	E=0.063	30
GCA_027579255.1_UCR_CopeBCRC34297_1.0|w0|t0	GCA_027579255.1_UCR_CopeBCRC34297_1.0	cand	GCA_027579255.1_UCR_CopeBCRC34297_1.0|w0	tblastn	REF|86630_cbs357-93_MAT_Minus|gene0|sexM	79.3	E=1.6e-19	93
GCA_027579255.1_UCR_CopeBCRC34297_1.0|w1|t1	GCA_027579255.1_UCR_CopeBCRC34297_1.0	cand	GCA_027579255.1_UCR_CopeBCRC34297_1.0|w1	tblastn	REF|86630_cbs357-93_MAT_Minus|gene0|sexM	37.7	E=1.9e-05	72
GCA_027579255.1_UCR_CopeBCRC34297_1.0|w2|t0	GCA_027579255.1_UCR_CopeBCRC34297_1.0	cand	GCA_027579255.1_UCR_CopeBCRC34297_1.0|w2	tblastn	REF|4837_nrrl1555_MAT_Minus|gene1|sexM	24.3	E=0.65	31
GCA_027579255.1_UCR_CopeBCRC34297_1.0|w2|t1	GCA_027579255.1_UCR_CopeBCRC34297_1.0	cand	GCA_027579255.1_UCR_CopeBCRC34297_1.0|w2	tblastn	REF|4837_nrrl1555_MAT_Minus|gene1|sexM	28.5	E=0.028	69
GCA_027579255.1_UCR_CopeBCRC34297_1.0|w3|t0	GCA_027579255.1_UCR_CopeBCRC34297_1.0	cand	GCA_027579255.1_UCR_CopeBCRC34297_1.0|w3	tblastn	REF|101119_atcc11807_MAT_Minus|gene0|sexM	25.8	E=0.16	37
GCA_027579255.1_UCR_CopeBCRC34297_1.0|w3|t1	GCA_027579255.1_UCR_CopeBCRC34297_1.0	cand	GCA_027579255.1_UCR_CopeBCRC34297_1.0|w3	tblastn	REF|3231046_uomau377_MAT_Minus|gene1|sexM	45.0	E=1.9	132
GCA_027579255.1_UCR_CopeBCRC34297_1.0|w4|t0	GCA_027579255.1_UCR_CopeBCRC34297_1.0	cand	GCA_027579255.1_UCR_CopeBCRC34297_1.0|w4	tblastn	REF|64495_cbs346-36_MAT_Plus|gene2|sexP	47.7	E=0.51	55
GCA_027579255.1_UCR_CopeBCRC34297_1.0|w4|t1	GCA_027579255.1_UCR_CopeBCRC34297_1.0	cand	GCA_027579255.1_UCR_CopeBCRC34297_1.0|w4	tblastn	REF|64495_cbs346-36_MAT_Plus|gene2|sexP	37.7	E=8.2	48
GCA_027579255.1_UCR_CopeBCRC34297_1.0|w4|t2	GCA_027579255.1_UCR_CopeBCRC34297_1.0	cand	GCA_027579255.1_UCR_CopeBCRC34297_1.0|w4	tblastn	REF|64495_cbs346-36_MAT_Plus|gene2|sexP	24.6	E=0.94	66
GCA_027579255.1_UCR_CopeBCRC34297_1.0|w4|t3	GCA_027579255.1_UCR_CopeBCRC34297_1.0	cand	GCA_027579255.1_UCR_CopeBCRC34297_1.0|w4	tblastn	REF|35722_atcc11077_MAT_Minus|gene0|sexM	21.2	E=6.2	63
GCA_027579255.1_UCR_CopeBCRC34297_1.0|w4|t4	GCA_027579255.1_UCR_CopeBCRC34297_1.0	cand	GCA_027579255.1_UCR_CopeBCRC34297_1.0|w4	tblastn	REF|3231046_uomd23-19_MAT_Plus|gene1|sexP	25.0	E=0.7	68
GCA_027579255.1_UCR_CopeBCRC34297_1.0|w5|t0	GCA_027579255.1_UCR_CopeBCRC34297_1.0	cand	GCA_027579255.1_UCR_CopeBCRC34297_1.0|w5	tblastn	REF|64495_cbs110-17_MAT_Minus|gene1|sexM	20.8	E=8.1	47
GCA_027579255.1_UCR_CopeBCRC34297_1.0|w5|t1	GCA_027579255.1_UCR_CopeBCRC34297_1.0	cand	GCA_027579255.1_UCR_CopeBCRC34297_1.0|w5	tblastn	REF|64495_cbs346-36_MAT_Plus|gene2|sexP	40.4	E=1.1e-05	63
GCA_027579255.1_UCR_CopeBCRC34297_1.0|w6|t1	GCA_027579255.1_UCR_CopeBCRC34297_1.0	cand	GCA_027579255.1_UCR_CopeBCRC34297_1.0|w6	tblastn	REF|4837_nrrl1555_MAT_Minus|gene1|sexM	33.1	E=0.001	59
GCA_027579255.1_UCR_CopeBCRC34297_1.0|w6|t2	GCA_027579255.1_UCR_CopeBCRC34297_1.0	cand	GCA_027579255.1_UCR_CopeBCRC34297_1.0|w6	tblastn	REF|4837_ubc21_MAT_Plus|gene1|sexP	22.3	E=4.6	66
GCA_027579255.1_UCR_CopeBCRC34297_1.0|w7|t0	GCA_027579255.1_UCR_CopeBCRC34297_1.0	cand	GCA_027579255.1_UCR_CopeBCRC34297_1.0|w7	tblastn	REF|3231046_uomau377_MAT_Minus|gene1|sexM	28.1	E=0.045	53
GCA_027579255.1_UCR_CopeBCRC34297_1.0|w7|t1	GCA_027579255.1_UCR_CopeBCRC34297_1.0	cand	GCA_027579255.1_UCR_CopeBCRC34297_1.0|w7	tblastn	REF|3231046_uomd23-19_MAT_Plus|gene1|sexP	21.9	E=5.7	59
GCA_027579255.1_UCR_CopeBCRC34297_1.0|w7|t2	GCA_027579255.1_UCR_CopeBCRC34297_1.0	cand	GCA_027579255.1_UCR_CopeBCRC34297_1.0|w7	tblastn	REF|4837_ubc21_MAT_Plus|gene1|sexP	27.3	E=0.12	83
GCA_027579255.1_UCR_CopeBCRC34297_1.0|w8|t0	GCA_027579255.1_UCR_CopeBCRC34297_1.0	cand	GCA_027579255.1_UCR_CopeBCRC34297_1.0|w8	tblastn	REF|4837_nrrl1555_MAT_Minus|gene1|sexM	20.8	E=8.5	34
GCA_027579255.1_UCR_CopeBCRC34297_1.0|w8|t1	GCA_027579255.1_UCR_CopeBCRC34297_1.0	cand	GCA_027579255.1_UCR_CopeBCRC34297_1.0|w8	tblastn	REF|29922_cbs109-16_MAT_Minus|gene1|sexM	22.7	E=2.5	34
GCA_027579255.1_UCR_CopeBCRC34297_1.0|w8|t5	GCA_027579255.1_UCR_CopeBCRC34297_1.0	cand	GCA_027579255.1_UCR_CopeBCRC34297_1.0|w8	tblastn	REF|4837_nrrl1555_MAT_Minus|gene1|sexM	30.4	E=0.009	44
GCA_027579255.1_UCR_CopeBCRC34297_1.0|w9|t1	GCA_027579255.1_UCR_CopeBCRC34297_1.0	cand	GCA_027579255.1_UCR_CopeBCRC34297_1.0|w9	tblastn	REF|35722_atcc11077_MAT_Minus|gene0|sexM	23.9	E=0.95	33
GCA_027579255.1_UCR_CopeBCRC34297_1.0|w9|t3	GCA_027579255.1_UCR_CopeBCRC34297_1.0	cand	GCA_027579255.1_UCR_CopeBCRC34297_1.0|w9	tblastn	REF|4837_ubc21_MAT_Plus|gene1|sexP	22.7	E=3.2	33
GCA_027579255.1_UCR_CopeBCRC34297_1.0|w9|t4	GCA_027579255.1_UCR_CopeBCRC34297_1.0	cand	GCA_027579255.1_UCR_CopeBCRC34297_1.0|w9	tblastn	REF|36080_r7b_MAT_Minus|gene1|sexM	23.5	E=1.4	71
GCA_027579255.1_UCR_CopeBCRC34297_1.0|w9|t5	GCA_027579255.1_UCR_CopeBCRC34297_1.0	cand	GCA_027579255.1_UCR_CopeBCRC34297_1.0|w9	tblastn	REF|101119_atcc11807_MAT_Plus|gene0|sexP	46.2	E=1.1	78
GCA_027579255.1_UCR_CopeBCRC34297_1.0|w9|t7	GCA_027579255.1_UCR_CopeBCRC34297_1.0	cand	GCA_027579255.1_UCR_CopeBCRC34297_1.0|w9	tblastn	REF|35722_atcc11077_MAT_Minus|gene0|sexM	26.9	E=0.081	54
GCA_027579255.1_UCR_CopeBCRC34297_1.0|w9|t8	GCA_027579255.1_UCR_CopeBCRC34297_1.0	cand	GCA_027579255.1_UCR_CopeBCRC34297_1.0|w9	tblastn	REF|3231046_uomd23-19_MAT_Plus|gene1|sexP	27.7	E=0.1	34
GCA_027579275.1_UCR_ColiBCRC34191_1.0|w0|t0	GCA_027579275.1_UCR_ColiBCRC34191_1.0	cand	GCA_027579275.1_UCR_ColiBCRC34191_1.0|w0	tblastn	REF|3108396_ai-2023a_MAT_Plus|gene2|sexP	58.1	E=6.8e-06	59
GCA_027579275.1_UCR_ColiBCRC34191_1.0|w1|t0	GCA_027579275.1_UCR_ColiBCRC34191_1.0	cand	GCA_027579275.1_UCR_ColiBCRC34191_1.0|w1	tblastn	REF|36080_nrrl-3631_MAT_Plus|gene1|sexP	37.4	E=1.8e-05	74
GCA_027579275.1_UCR_ColiBCRC34191_1.0|w2|t0	GCA_027579275.1_UCR_ColiBCRC34191_1.0	cand	GCA_027579275.1_UCR_ColiBCRC34191_1.0|w2	tblastn	REF|4837_ubc21_MAT_Plus|gene1|sexP	69.7	E=0.006	126
GCA_027579275.1_UCR_ColiBCRC34191_1.0|w3|t0	GCA_027579275.1_UCR_ColiBCRC34191_1.0	cand	GCA_027579275.1_UCR_ColiBCRC34191_1.0|w3	tblastn	REF|3231046_uomau377_MAT_Minus|gene1|sexM	26.2	E=0.045	36
GCA_027579275.1_UCR_ColiBCRC34191_1.0|w4|t0	GCA_027579275.1_UCR_ColiBCRC34191_1.0	cand	GCA_027579275.1_UCR_ColiBCRC34191_1.0|w4	tblastn	REF|36080_nrrl-3631_MAT_Plus|gene1|sexP	48.1	E=0.008	119
GCA_027579295.1_UCR_CofoNRRL5531T_1.0|w0|t0	GCA_027579295.1_UCR_CofoNRRL5531T_1.0	cand	GCA_027579295.1_UCR_CofoNRRL5531T_1.0|w0	tblastn	REF|4837_ubc21_MAT_Plus|gene1|sexP	85.8	E=2.1e-08	119
GCA_027579295.1_UCR_CofoNRRL5531T_1.0|w1|t0	GCA_027579295.1_UCR_CofoNRRL5531T_1.0	cand	GCA_027579295.1_UCR_CofoNRRL5531T_1.0|w1	tblastn	REF|101119_atcc11807_MAT_Minus|gene0|sexM	47.3	E=0.004	115
GCA_027579295.1_UCR_CofoNRRL5531T_1.0|w2|t0	GCA_027579295.1_UCR_CofoNRRL5531T_1.0	cand	GCA_027579295.1_UCR_CofoNRRL5531T_1.0|w2	tblastn	REF|3231046_uomd23-19_MAT_Plus|gene1|sexP	55.8	E=1.3e-05	77
GCA_027579315.1_UCR_CoheBCRC34780_1.0|w0|t0	GCA_027579315.1_UCR_CoheBCRC34780_1.0	cand	GCA_027579315.1_UCR_CoheBCRC34780_1.0|w0	tblastn	REF|4850_vkm-f-921_MAT_Minus|gene0|sexM	57.4	E=1.2	73
GCA_027579325.1_UCR_CofuBCRC34190_1.0|w0|t0	GCA_027579325.1_UCR_CofuBCRC34190_1.0	cand	GCA_027579325.1_UCR_CofuBCRC34190_1.0|w0	tblastn	REF|101119_atcc11807_MAT_Plus|gene0|sexP	124.4	E=6.4e-06	139
GCA_027579325.1_UCR_CofuBCRC34190_1.0|w1|t0	GCA_027579325.1_UCR_CofuBCRC34190_1.0	cand	GCA_027579325.1_UCR_CofuBCRC34190_1.0|w1	tblastn	REF|101119_atcc11807_MAT_Minus|gene0|sexM	67.4	E=0.2	73
GCA_027579325.1_UCR_CofuBCRC34190_1.0|w2|t0	GCA_027579325.1_UCR_CofuBCRC34190_1.0	cand	GCA_027579325.1_UCR_CofuBCRC34190_1.0|w2	tblastn	REF|3108396_ai-2023a_MAT_Plus|gene2|sexP	52.3	E=0.0004	142
GCA_027579325.1_UCR_CofuBCRC34190_1.0|w3|t0	GCA_027579325.1_UCR_CofuBCRC34190_1.0	cand	GCA_027579325.1_UCR_CofuBCRC34190_1.0|w3	tblastn	REF|3108396_ai-2023a_MAT_Plus|gene2|sexP	26.2	E=0.072	62
GCA_027579345.1_UCR_CoerIMI279145_1.0|w0|t0	GCA_027579345.1_UCR_CoerIMI279145_1.0	cand	GCA_027579345.1_UCR_CoerIMI279145_1.0|w0	tblastn	REF|64495_cbs346-36_MAT_Plus|gene2|sexP	23.9	E=0.4	54
GCA_027579345.1_UCR_CoerIMI279145_1.0|w0|t1	GCA_027579345.1_UCR_CoerIMI279145_1.0	cand	GCA_027579345.1_UCR_CoerIMI279145_1.0|w0	tblastn	REF|64495_cbs346-36_MAT_Plus|gene2|sexP	39.3	E=7.2e-06	60
GCA_027579345.1_UCR_CoerIMI279145_1.0|w0|t3	GCA_027579345.1_UCR_CoerIMI279145_1.0	cand	GCA_027579345.1_UCR_CoerIMI279145_1.0|w0	tblastn	REF|3231046_uomau377_MAT_Minus|gene1|sexM	26.9	E=0.036	85
GCA_027579345.1_UCR_CoerIMI279145_1.0|w1|t0	GCA_027579345.1_UCR_CoerIMI279145_1.0	cand	GCA_027579345.1_UCR_CoerIMI279145_1.0|w1	tblastn	REF|3108396_ai-2023a_MAT_Plus|gene2|sexP	22.3	E=1.2	54
GCA_027579345.1_UCR_CoerIMI279145_1.0|w2|t0	GCA_027579345.1_UCR_CoerIMI279145_1.0	cand	GCA_027579345.1_UCR_CoerIMI279145_1.0|w2	tblastn	REF|86630_cbs357-93_MAT_Minus|gene0|sexM	29.3	E=0.004	40
GCA_027579345.1_UCR_CoerIMI279145_1.0|w3|t0	GCA_027579345.1_UCR_CoerIMI279145_1.0	cand	GCA_027579345.1_UCR_CoerIMI279145_1.0|w3	tblastn	REF|86630_cbs357-93_MAT_Minus|gene0|sexM	52.4	E=0.00051	98
GCA_027579345.1_UCR_CoerIMI279145_1.0|w4|t0	GCA_027579345.1_UCR_CoerIMI279145_1.0	cand	GCA_027579345.1_UCR_CoerIMI279145_1.0|w4	tblastn	REF|4837_nrrl1555_MAT_Minus|gene1|sexM	49.3	E=0.007	64
GCA_027579355.1_UCR_CoerBCRC34228_1.0|w0|t0	GCA_027579355.1_UCR_CoerBCRC34228_1.0	cand	GCA_027579355.1_UCR_CoerBCRC34228_1.0|w0	tblastn	REF|4837_nrrl1555_MAT_Minus|gene1|sexM	45.4	E=0.022	65
GCA_027579355.1_UCR_CoerBCRC34228_1.0|w1|t0	GCA_027579355.1_UCR_CoerBCRC34228_1.0	cand	GCA_027579355.1_UCR_CoerBCRC34228_1.0|w1	tblastn	REF|4837_ubc21_MAT_Plus|gene1|sexP	41.6	E=0.28	71
GCA_027579355.1_UCR_CoerBCRC34228_1.0|w2|t0	GCA_027579355.1_UCR_CoerBCRC34228_1.0	cand	GCA_027579355.1_UCR_CoerBCRC34228_1.0|w2	tblastn	REF|64495_cbs110-17_MAT_Minus|gene1|sexM	48.5	E=0.003	69
GCA_027579355.1_UCR_CoerBCRC34228_1.0|w3|t0	GCA_027579355.1_UCR_CoerBCRC34228_1.0	cand	GCA_027579355.1_UCR_CoerBCRC34228_1.0|w3	tblastn	REF|29922_cbs109-16_MAT_Minus|gene1|sexM	78.5	E=0.43	90
GCA_027579375.1_UCR_CoacRSA476_1.0|w0|t1	GCA_027579375.1_UCR_CoacRSA476_1.0	cand	GCA_027579375.1_UCR_CoacRSA476_1.0|w0	tblastn	REF|3231046_uomd23-19_MAT_Plus|gene1|sexP	39.6	E=7.1	124
GCA_027579375.1_UCR_CoacRSA476_1.0|w0|t2	GCA_027579375.1_UCR_CoacRSA476_1.0	cand	GCA_027579375.1_UCR_CoacRSA476_1.0|w0	tblastn	REF|3231046_uomd23-19_MAT_Plus|gene1|sexP	40.0	E=5.5	76
GCA_027579375.1_UCR_CoacRSA476_1.0|w0|t3	GCA_027579375.1_UCR_CoacRSA476_1.0	cand	GCA_027579375.1_UCR_CoacRSA476_1.0|w0	tblastn	REF|3231046_uomau377_MAT_Minus|gene1|sexM	22.7	E=0.65	33
GCA_027579375.1_UCR_CoacRSA476_1.0|w0|t4	GCA_027579375.1_UCR_CoacRSA476_1.0	cand	GCA_027579375.1_UCR_CoacRSA476_1.0|w0	tblastn	REF|3231046_uomau377_MAT_Minus|gene1|sexM	44.3	E=0.75	96
GCA_027579375.1_UCR_CoacRSA476_1.0|w0|t5	GCA_027579375.1_UCR_CoacRSA476_1.0	cand	GCA_027579375.1_UCR_CoacRSA476_1.0|w0	tblastn	REF|64495_cbs346-36_MAT_Plus|gene2|sexP	20.0	E=7.9	50
GCA_027579375.1_UCR_CoacRSA476_1.0|w0|t6	GCA_027579375.1_UCR_CoacRSA476_1.0	cand	GCA_027579375.1_UCR_CoacRSA476_1.0|w0	tblastn	REF|4837_ubc21_MAT_Plus|gene1|sexP	42.3	E=1.7	85
GCA_027579375.1_UCR_CoacRSA476_1.0|w0|t7	GCA_027579375.1_UCR_CoacRSA476_1.0	cand	GCA_027579375.1_UCR_CoacRSA476_1.0|w0	tblastn	REF|3108396_ai-2023a_MAT_Plus|gene2|sexP	23.9	E=0.38	51
GCA_027579375.1_UCR_CoacRSA476_1.0|w0|t8	GCA_027579375.1_UCR_CoacRSA476_1.0	cand	GCA_027579375.1_UCR_CoacRSA476_1.0|w0	tblastn	REF|36080_nrrl-3631_MAT_Plus|gene1|sexP	27.3	E=0.043	69
GCA_027579385.1_UCR_CoacNRRL2694_1.0|w0|t0	GCA_027579385.1_UCR_CoacNRRL2694_1.0	cand	GCA_027579385.1_UCR_CoacNRRL2694_1.0|w0	tblastn	REF|3231046_uomd23-19_MAT_Plus|gene1|sexP	95.8	E=3.5e-05	136
GCA_027579385.1_UCR_CoacNRRL2694_1.0|w0|t1	GCA_027579385.1_UCR_CoacNRRL2694_1.0	cand	GCA_027579385.1_UCR_CoacNRRL2694_1.0|w0	tblastn	REF|4837_ubc21_MAT_Plus|gene1|sexP	37.4	E=9.6	35
GCA_027579385.1_UCR_CoacNRRL2694_1.0|w0|t2	GCA_027579385.1_UCR_CoacNRRL2694_1.0	cand	GCA_027579385.1_UCR_CoacNRRL2694_1.0|w0	tblastn	REF|101119_atcc11807_MAT_Plus|gene0|sexP	84.3	E=0.34	152
GCA_027579465.1_UCR_CoemRSA1878_1.0|w0|t0	GCA_027579465.1_UCR_CoemRSA1878_1.0	cand	GCA_027579465.1_UCR_CoemRSA1878_1.0|w0	tblastn	REF|35722_atcc11077_MAT_Minus|gene0|sexM	45.8	E=0.46	66
GCA_027579465.1_UCR_CoemRSA1878_1.0|w0|t1	GCA_027579465.1_UCR_CoemRSA1878_1.0	cand	GCA_027579465.1_UCR_CoemRSA1878_1.0|w0	tblastn	REF|29922_cbs109-16_MAT_Minus|gene1|sexM	74.7	E=1.9e-10	97
GCA_027579465.1_UCR_CoemRSA1878_1.0|w0|t2	GCA_027579465.1_UCR_CoemRSA1878_1.0	cand	GCA_027579465.1_UCR_CoemRSA1878_1.0|w0	tblastn	REF|4837_ubc21_MAT_Plus|gene1|sexP	19.6	E=9.1	72
GCA_027579465.1_UCR_CoemRSA1878_1.0|w0|t3	GCA_027579465.1_UCR_CoemRSA1878_1.0	cand	GCA_027579465.1_UCR_CoemRSA1878_1.0|w0	tblastn	REF|3231046_uomd23-19_MAT_Plus|gene1|sexP	43.9	E=0.71	66
GCA_027579465.1_UCR_CoemRSA1878_1.0|w0|t4	GCA_027579465.1_UCR_CoemRSA1878_1.0	cand	GCA_027579465.1_UCR_CoemRSA1878_1.0|w0	tblastn	REF|36080_nrrl-3631_MAT_Plus|gene1|sexP	20.4	E=5.5	49
GCA_027579465.1_UCR_CoemRSA1878_1.0|w0|t5	GCA_027579465.1_UCR_CoemRSA1878_1.0	cand	GCA_027579465.1_UCR_CoemRSA1878_1.0|w0	tblastn	REF|64495_cbs346-36_MAT_Plus|gene2|sexP	61.6	E=3	80
GCA_027579485.1_UCR_ConaCBS109400_1.0|w0|t0	GCA_027579485.1_UCR_ConaCBS109400_1.0	cand	GCA_027579485.1_UCR_ConaCBS109400_1.0|w0	tblastn	REF|3231046_uomd23-19_MAT_Plus|gene1|sexP	53.9	E=0.7	99
GCA_027579525.1_UCR_CofuCBS102833_1.0|w0|t0	GCA_027579525.1_UCR_CofuCBS102833_1.0	cand	GCA_027579525.1_UCR_CofuCBS102833_1.0|w0	tblastn	REF|86630_cbs357-93_MAT_Minus|gene0|sexM	64.7	E=0.001	90
GCA_027579525.1_UCR_CofuCBS102833_1.0|w1|t0	GCA_027579525.1_UCR_CofuCBS102833_1.0	cand	GCA_027579525.1_UCR_CofuCBS102833_1.0|w1	tblastn	REF|35722_atcc11077_MAT_Minus|gene0|sexM	69.6	E=0.006	174
GCA_027579525.1_UCR_CofuCBS102833_1.0|w2|t0	GCA_027579525.1_UCR_CofuCBS102833_1.0	cand	GCA_027579525.1_UCR_CofuCBS102833_1.0|w2	tblastn	REF|3231046_uomau377_MAT_Minus|gene1|sexM	67.3	E=0.007	94
GCA_027579525.1_UCR_CofuCBS102833_1.0|w3|t0	GCA_027579525.1_UCR_CofuCBS102833_1.0	cand	GCA_027579525.1_UCR_CofuCBS102833_1.0|w3	tblastn	REF|4837_ubc21_MAT_Plus|gene1|sexP	39.3	E=1.8e-06	61
GCA_027579565.1_UCR_CoerCBS939.97_1.0|w0|t1	GCA_027579565.1_UCR_CoerCBS939.97_1.0	cand	GCA_027579565.1_UCR_CoerCBS939.97_1.0|w0	tblastn	REF|64495_cbs110-17_MAT_Minus|gene1|sexM	27.3	E=0.039	61
GCA_027579565.1_UCR_CoerCBS939.97_1.0|w0|t2	GCA_027579565.1_UCR_CoerCBS939.97_1.0	cand	GCA_027579565.1_UCR_CoerCBS939.97_1.0|w0	tblastn	REF|101119_atcc11807_MAT_Plus|gene0|sexP	30.0	E=0.011	66
GCA_027579565.1_UCR_CoerCBS939.97_1.0|w0|t3	GCA_027579565.1_UCR_CoerCBS939.97_1.0	cand	GCA_027579565.1_UCR_CoerCBS939.97_1.0|w0	tblastn	REF|4837_ubc21_MAT_Plus|gene1|sexP	31.2	E=0.005	43
GCA_027579565.1_UCR_CoerCBS939.97_1.0|w0|t4	GCA_027579565.1_UCR_CoerCBS939.97_1.0	cand	GCA_027579565.1_UCR_CoerCBS939.97_1.0|w0	tblastn	REF|86630_cbs357-93_MAT_Minus|gene0|sexM	20.0	E=8.4	33
GCA_027579565.1_UCR_CoerCBS939.97_1.0|w0|t6	GCA_027579565.1_UCR_CoerCBS939.97_1.0	cand	GCA_027579565.1_UCR_CoerCBS939.97_1.0|w0	tblastn	REF|101119_atcc11807_MAT_Plus|gene0|sexP	22.3	E=2.5	33
GCA_027579565.1_UCR_CoerCBS939.97_1.0|w0|t7	GCA_027579565.1_UCR_CoerCBS939.97_1.0	cand	GCA_027579565.1_UCR_CoerCBS939.97_1.0|w0	tblastn	REF|64495_cbs346-36_MAT_Plus|gene2|sexP	60.1	E=2.7e-05	127
GCA_027579565.1_UCR_CoerCBS939.97_1.0|w0|t9	GCA_027579565.1_UCR_CoerCBS939.97_1.0	cand	GCA_027579565.1_UCR_CoerCBS939.97_1.0|w0	tblastn	REF|4837_ubc21_MAT_Plus|gene1|sexP	21.2	E=7.5	52
GCA_027579565.1_UCR_CoerCBS939.97_1.0|w0|t10	GCA_027579565.1_UCR_CoerCBS939.97_1.0	cand	GCA_027579565.1_UCR_CoerCBS939.97_1.0|w0	tblastn	REF|101119_atcc11807_MAT_Plus|gene0|sexP	22.7	E=2.4	32
GCA_027579565.1_UCR_CoerCBS939.97_1.0|w0|t11	GCA_027579565.1_UCR_CoerCBS939.97_1.0	cand	GCA_027579565.1_UCR_CoerCBS939.97_1.0|w0	tblastn	REF|101119_atcc11807_MAT_Minus|gene0|sexM	21.6	E=2.7	31
GCA_027579565.1_UCR_CoerCBS939.97_1.0|w0|t14	GCA_027579565.1_UCR_CoerCBS939.97_1.0	cand	GCA_027579565.1_UCR_CoerCBS939.97_1.0|w0	tblastn	REF|64495_cbs110-17_MAT_Minus|gene1|sexM	25.4	E=0.16	48
GCA_027579565.1_UCR_CoerCBS939.97_1.0|w1|t1	GCA_027579565.1_UCR_CoerCBS939.97_1.0	cand	GCA_027579565.1_UCR_CoerCBS939.97_1.0|w1	tblastn	REF|64495_cbs110-17_MAT_Minus|gene1|sexM	45.0	E=0.91	76
GCA_027579565.1_UCR_CoerCBS939.97_1.0|w1|t2	GCA_027579565.1_UCR_CoerCBS939.97_1.0	cand	GCA_027579565.1_UCR_CoerCBS939.97_1.0|w1	tblastn	REF|3231046_uomau377_MAT_Minus|gene1|sexM	21.2	E=5	42
GCA_027579565.1_UCR_CoerCBS939.97_1.0|w2|t0	GCA_027579565.1_UCR_CoerCBS939.97_1.0	cand	GCA_027579565.1_UCR_CoerCBS939.97_1.0|w2	tblastn	REF|4850_vkm-f-921_MAT_Minus|gene0|sexM	25.4	E=0.21	148
GCA_027579565.1_UCR_CoerCBS939.97_1.0|w2|t4	GCA_027579565.1_UCR_CoerCBS939.97_1.0	cand	GCA_027579565.1_UCR_CoerCBS939.97_1.0|w2	tblastn	REF|101119_atcc11807_MAT_Plus|gene0|sexP	27.7	E=0.057	49
GCA_027579585.1_UCR_CoerCBS336.87_1.0|w0|t0	GCA_027579585.1_UCR_CoerCBS336.87_1.0	cand	GCA_027579585.1_UCR_CoerCBS336.87_1.0|w0	tblastn	REF|36080_r7b_MAT_Minus|gene1|sexM	63.9	E=0.78	130
GCA_027579585.1_UCR_CoerCBS336.87_1.0|w0|t1	GCA_027579585.1_UCR_CoerCBS336.87_1.0	cand	GCA_027579585.1_UCR_CoerCBS336.87_1.0|w0	tblastn	REF|36080_nrrl-3631_MAT_Plus|gene1|sexP	23.5	E=0.69	52
GCA_027579585.1_UCR_CoerCBS336.87_1.0|w0|t2	GCA_027579585.1_UCR_CoerCBS336.87_1.0	cand	GCA_027579585.1_UCR_CoerCBS336.87_1.0|w0	tblastn	REF|3108396_ai-2023a_MAT_Plus|gene2|sexP	44.6	E=1.2	32
GCA_027579585.1_UCR_CoerCBS336.87_1.0|w0|t4	GCA_027579585.1_UCR_CoerCBS336.87_1.0	cand	GCA_027579585.1_UCR_CoerCBS336.87_1.0|w0	tblastn	REF|35722_atcc11077_MAT_Minus|gene0|sexM	58.9	E=3	59
GCA_027579585.1_UCR_CoerCBS336.87_1.0|w0|t5	GCA_027579585.1_UCR_CoerCBS336.87_1.0	cand	GCA_027579585.1_UCR_CoerCBS336.87_1.0|w0	tblastn	REF|4837_nrrl1555_MAT_Minus|gene1|sexM	26.2	E=0.049	58
GCA_027579605.1_UCR_CobrNRRL1566_1.0|w0|t0	GCA_027579605.1_UCR_CobrNRRL1566_1.0	cand	GCA_027579605.1_UCR_CobrNRRL1566_1.0|w0	tblastn	REF|101119_atcc11807_MAT_Plus|gene0|sexP	48.1	E=0.062	107
GCA_027579605.1_UCR_CobrNRRL1566_1.0|w0|t2	GCA_027579605.1_UCR_CobrNRRL1566_1.0	cand	GCA_027579605.1_UCR_CobrNRRL1566_1.0|w0	tblastn	REF|3231046_uomau377_MAT_Minus|gene1|sexM	45.0	E=0.94	68
GCA_027579605.1_UCR_CobrNRRL1566_1.0|w0|t3	GCA_027579605.1_UCR_CobrNRRL1566_1.0	cand	GCA_027579605.1_UCR_CobrNRRL1566_1.0|w0	tblastn	REF|36080_nrrl-3631_MAT_Plus|gene1|sexP	42.7	E=3	71
GCA_027579605.1_UCR_CobrNRRL1566_1.0|w0|t4	GCA_027579605.1_UCR_CobrNRRL1566_1.0	cand	GCA_027579605.1_UCR_CobrNRRL1566_1.0|w0	tblastn	REF|101119_atcc11807_MAT_Plus|gene0|sexP	28.1	E=0.028	90
GCA_027579605.1_UCR_CobrNRRL1566_1.0|w0|t5	GCA_027579605.1_UCR_CobrNRRL1566_1.0	cand	GCA_027579605.1_UCR_CobrNRRL1566_1.0|w0	tblastn	REF|36080_r7b_MAT_Minus|gene1|sexM	25.0	E=0.25	45
GCA_027579605.1_UCR_CobrNRRL1566_1.0|w0|t7	GCA_027579605.1_UCR_CobrNRRL1566_1.0	cand	GCA_027579605.1_UCR_CobrNRRL1566_1.0|w0	tblastn	REF|4837_nrrl1555_MAT_Minus|gene1|sexM	43.9	E=0.93	100
GCA_027579605.1_UCR_CobrNRRL1566_1.0|w0|t9	GCA_027579605.1_UCR_CobrNRRL1566_1.0	cand	GCA_027579605.1_UCR_CobrNRRL1566_1.0|w0	tblastn	REF|101119_atcc11807_MAT_Minus|gene0|sexM	19.2	E=9.5	30
GCA_027579605.1_UCR_CobrNRRL1566_1.0|w1|t0	GCA_027579605.1_UCR_CobrNRRL1566_1.0	cand	GCA_027579605.1_UCR_CobrNRRL1566_1.0|w1	tblastn	REF|86630_cbs357-93_MAT_Minus|gene0|sexM	20.8	E=3.7	48
GCA_027579605.1_UCR_CobrNRRL1566_1.0|w1|t2	GCA_027579605.1_UCR_CobrNRRL1566_1.0	cand	GCA_027579605.1_UCR_CobrNRRL1566_1.0|w1	tblastn	REF|64495_cbs346-36_MAT_Plus|gene2|sexP	23.1	E=1.4	51
GCA_027579605.1_UCR_CobrNRRL1566_1.0|w1|t3	GCA_027579605.1_UCR_CobrNRRL1566_1.0	cand	GCA_027579605.1_UCR_CobrNRRL1566_1.0|w1	tblastn	REF|101119_atcc11807_MAT_Minus|gene0|sexM	78.8	E=5.2	100
GCA_027579625.1_UCR_CoasBCRC34628_1.0|w0|t0	GCA_027579625.1_UCR_CoasBCRC34628_1.0	cand	GCA_027579625.1_UCR_CoasBCRC34628_1.0|w0	tblastn	REF|4837_ubc21_MAT_Plus|gene1|sexP	63.5	E=1e-08	77
GCA_027579625.1_UCR_CoasBCRC34628_1.0|w1|t0	GCA_027579625.1_UCR_CoasBCRC34628_1.0	cand	GCA_027579625.1_UCR_CoasBCRC34628_1.0|w1	tblastn	REF|36080_nrrl-3631_MAT_Plus|gene1|sexP	38.5	E=1.9	184
GCA_027579625.1_UCR_CoasBCRC34628_1.0|w2|t0	GCA_027579625.1_UCR_CoasBCRC34628_1.0	cand	GCA_027579625.1_UCR_CoasBCRC34628_1.0|w2	tblastn	REF|64495_cbs346-36_MAT_Plus|gene2|sexP	67.4	E=0.001	80
GCA_027579785.1_UCR_CoacCBS516.66_1.0|w0|t0	GCA_027579785.1_UCR_CoacCBS516.66_1.0	cand	GCA_027579785.1_UCR_CoacCBS516.66_1.0|w0	tblastn	REF|86630_cbs357-93_MAT_Minus|gene0|sexM	79.0	E=2e-19	93
GCA_027579785.1_UCR_CoacCBS516.66_1.0|w1|t0	GCA_027579785.1_UCR_CoacCBS516.66_1.0	cand	GCA_027579785.1_UCR_CoacCBS516.66_1.0|w1	tblastn	REF|3231046_uomau377_MAT_Minus|gene1|sexM	31.2	E=0.005	84
GCA_027579785.1_UCR_CoacCBS516.66_1.0|w2|t0	GCA_027579785.1_UCR_CoacCBS516.66_1.0	cand	GCA_027579785.1_UCR_CoacCBS516.66_1.0|w2	tblastn	REF|3108396_ai-2023a_MAT_Plus|gene2|sexP	37.4	E=9.5e-05	128
GCA_027579785.1_UCR_CoacCBS516.66_1.0|w3|t0	GCA_027579785.1_UCR_CoacCBS516.66_1.0	cand	GCA_027579785.1_UCR_CoacCBS516.66_1.0|w3	tblastn	REF|4837_nrrl1555_MAT_Minus|gene1|sexM	24.3	E=0.67	31
GCA_027579785.1_UCR_CoacCBS516.66_1.0|w3|t1	GCA_027579785.1_UCR_CoacCBS516.66_1.0	cand	GCA_027579785.1_UCR_CoacCBS516.66_1.0|w3	tblastn	REF|4837_nrrl1555_MAT_Minus|gene1|sexM	22.7	E=2.5	53
GCA_027579785.1_UCR_CoacCBS516.66_1.0|w4|t1	GCA_027579785.1_UCR_CoacCBS516.66_1.0	cand	GCA_027579785.1_UCR_CoacCBS516.66_1.0|w4	tblastn	REF|3231046_uomd23-19_MAT_Plus|gene1|sexP	36.2	E=0.00023	57
GCA_027579785.1_UCR_CoacCBS516.66_1.0|w5|t0	GCA_027579785.1_UCR_CoacCBS516.66_1.0	cand	GCA_027579785.1_UCR_CoacCBS516.66_1.0|w5	tblastn	REF|64495_cbs346-36_MAT_Plus|gene2|sexP	40.8	E=8.3e-06	123
GCA_027579785.1_UCR_CoacCBS516.66_1.0|w6|t0	GCA_027579785.1_UCR_CoacCBS516.66_1.0	cand	GCA_027579785.1_UCR_CoacCBS516.66_1.0|w6	tblastn	REF|4837_ubc21_MAT_Plus|gene1|sexP	45.1	E=2.2	36
GCA_027579785.1_UCR_CoacCBS516.66_1.0|w6|t1	GCA_027579785.1_UCR_CoacCBS516.66_1.0	cand	GCA_027579785.1_UCR_CoacCBS516.66_1.0|w6	tblastn	REF|29922_cbs109-16_MAT_Minus|gene1|sexM	24.3	E=0.7	43
GCA_027579785.1_UCR_CoacCBS516.66_1.0|w7|t0	GCA_027579785.1_UCR_CoacCBS516.66_1.0	cand	GCA_027579785.1_UCR_CoacCBS516.66_1.0|w7	tblastn	REF|4837_ubc21_MAT_Plus|gene1|sexP	23.9	E=1.4	66
GCA_027579785.1_UCR_CoacCBS516.66_1.0|w7|t1	GCA_027579785.1_UCR_CoacCBS516.66_1.0	cand	GCA_027579785.1_UCR_CoacCBS516.66_1.0|w7	tblastn	REF|4837_nrrl1555_MAT_Minus|gene1|sexM	33.1	E=0.001	59
GCA_027579785.1_UCR_CoacCBS516.66_1.0|w8|t0	GCA_027579785.1_UCR_CoacCBS516.66_1.0	cand	GCA_027579785.1_UCR_CoacCBS516.66_1.0|w8	tblastn	REF|101119_atcc11807_MAT_Minus|gene0|sexM	21.6	E=4.6	33
GCA_027579785.1_UCR_CoacCBS516.66_1.0|w8|t1	GCA_027579785.1_UCR_CoacCBS516.66_1.0	cand	GCA_027579785.1_UCR_CoacCBS516.66_1.0|w8	tblastn	REF|101119_atcc11807_MAT_Plus|gene0|sexP	45.9	E=1.3	98
GCA_027579785.1_UCR_CoacCBS516.66_1.0|w8|t2	GCA_027579785.1_UCR_CoacCBS516.66_1.0	cand	GCA_027579785.1_UCR_CoacCBS516.66_1.0|w8	tblastn	REF|64495_cbs346-36_MAT_Plus|gene2|sexP	50.0	E=0.11	106
GCA_027579785.1_UCR_CoacCBS516.66_1.0|w9|t3	GCA_027579785.1_UCR_CoacCBS516.66_1.0	cand	GCA_027579785.1_UCR_CoacCBS516.66_1.0|w9	tblastn	REF|101119_atcc11807_MAT_Plus|gene0|sexP	23.1	E=2.5	51
GCA_027579785.1_UCR_CoacCBS516.66_1.0|w9|t4	GCA_027579785.1_UCR_CoacCBS516.66_1.0	cand	GCA_027579785.1_UCR_CoacCBS516.66_1.0|w9	tblastn	REF|4837_nrrl1555_MAT_Minus|gene1|sexM	30.4	E=0.009	44
GCA_027579785.1_UCR_CoacCBS516.66_1.0|w10|t0	GCA_027579785.1_UCR_CoacCBS516.66_1.0	cand	GCA_027579785.1_UCR_CoacCBS516.66_1.0|w10	tblastn	REF|35722_atcc11077_MAT_Minus|gene0|sexM	26.9	E=0.085	54
GCA_027579785.1_UCR_CoacCBS516.66_1.0|w10|t1	GCA_027579785.1_UCR_CoacCBS516.66_1.0	cand	GCA_027579785.1_UCR_CoacCBS516.66_1.0|w10	tblastn	REF|3231046_uomd23-19_MAT_Plus|gene1|sexP	27.3	E=0.12	34
GCA_027579785.1_UCR_CoacCBS516.66_1.0|w11|t0	GCA_027579785.1_UCR_CoacCBS516.66_1.0	cand	GCA_027579785.1_UCR_CoacCBS516.66_1.0|w11	tblastn	REF|35722_atcc11077_MAT_Minus|gene0|sexM	27.3	E=0.077	32
GCA_027579785.1_UCR_CoacCBS516.66_1.0|w11|t1	GCA_027579785.1_UCR_CoacCBS516.66_1.0	cand	GCA_027579785.1_UCR_CoacCBS516.66_1.0|w11	tblastn	REF|101119_atcc11807_MAT_Minus|gene0|sexM	26.9	E=0.079	30
GCA_027579785.1_UCR_CoacCBS516.66_1.0|w11|t2	GCA_027579785.1_UCR_CoacCBS516.66_1.0	cand	GCA_027579785.1_UCR_CoacCBS516.66_1.0|w11	tblastn	REF|4837_nrrl1555_MAT_Minus|gene1|sexM	21.9	E=4	30
GCA_027579785.1_UCR_CoacCBS516.66_1.0|h8|t0	GCA_027579785.1_UCR_CoacCBS516.66_1.0	nonlocus	GCA_027579785.1_UCR_CoacCBS516.66_1.0|h8	tblastn	REF|64495_cbs346-36_MAT_Plus|gene2|sexP	50.8	E=6.5e-09	78
GCA_027579785.1_UCR_CoacCBS516.66_1.0|h5|t0	GCA_027579785.1_UCR_CoacCBS516.66_1.0	nonlocus	GCA_027579785.1_UCR_CoacCBS516.66_1.0|h5	tblastn	REF|86630_cbs357-93_MAT_Minus|gene0|sexM	45.1	E=8.9e-08	91
GCA_027579785.1_UCR_CoacCBS516.66_1.0|h6|t0	GCA_027579785.1_UCR_CoacCBS516.66_1.0	nonlocus	GCA_027579785.1_UCR_CoacCBS516.66_1.0|h6	tblastn	REF|3108396_ai-2023a_MAT_Plus|gene2|sexP	58.9	E=0.00046	76
GCA_027579955.1_UCR_CoacBCRC34181_1.0|w0|t0	GCA_027579955.1_UCR_CoacBCRC34181_1.0	cand	GCA_027579955.1_UCR_CoacBCRC34181_1.0|w0	tblastn	REF|3231046_uomau377_MAT_Minus|gene1|sexM	38.1	E=6e-06	64
GCA_027579955.1_UCR_CoacBCRC34181_1.0|w1|t1	GCA_027579955.1_UCR_CoacBCRC34181_1.0	cand	GCA_027579955.1_UCR_CoacBCRC34181_1.0|w1	tblastn	REF|101119_atcc11807_MAT_Plus|gene0|sexP	85.4	E=0.58	125
GCA_027579955.1_UCR_CoacBCRC34181_1.0|w2|t0	GCA_027579955.1_UCR_CoacBCRC34181_1.0	cand	GCA_027579955.1_UCR_CoacBCRC34181_1.0|w2	tblastn	REF|29922_cbs109-16_MAT_Minus|gene1|sexM	28.1	E=0.009	35
GCA_027579955.1_UCR_CoacBCRC34181_1.0|w3|t0	GCA_027579955.1_UCR_CoacBCRC34181_1.0	cand	GCA_027579955.1_UCR_CoacBCRC34181_1.0|w3	tblastn	REF|29922_cbs109-16_MAT_Minus|gene1|sexM	43.5	E=0.72	110
GCA_027579955.1_UCR_CoacBCRC34181_1.0|w4|t0	GCA_027579955.1_UCR_CoacBCRC34181_1.0	cand	GCA_027579955.1_UCR_CoacBCRC34181_1.0|w4	tblastn	REF|4837_nrrl1555_MAT_Minus|gene1|sexM	25.4	E=0.061	39
GCA_027595765.1_UCR_CoemRSA1821_1.0|w0|t0	GCA_027595765.1_UCR_CoemRSA1821_1.0	cand	GCA_027595765.1_UCR_CoemRSA1821_1.0|w0	tblastn	REF|4837_ubc21_MAT_Plus|gene1|sexP	40.8	E=6	92
GCA_027595765.1_UCR_CoemRSA1821_1.0|w0|t1	GCA_027595765.1_UCR_CoemRSA1821_1.0	cand	GCA_027595765.1_UCR_CoemRSA1821_1.0|w0	tblastn	REF|4850_vkm-f-921_MAT_Minus|gene0|sexM	43.5	E=0.92	62
GCA_027595765.1_UCR_CoemRSA1821_1.0|w0|t3	GCA_027595765.1_UCR_CoemRSA1821_1.0	cand	GCA_027595765.1_UCR_CoemRSA1821_1.0|w0	tblastn	REF|36080_nrrl-3631_MAT_Plus|gene1|sexP	28.5	E=0.029	157
GCA_027595765.1_UCR_CoemRSA1821_1.0|w2|t0	GCA_027595765.1_UCR_CoemRSA1821_1.0	cand	GCA_027595765.1_UCR_CoemRSA1821_1.0|w2	tblastn	REF|3108396_ai-2023a_MAT_Plus|gene2|sexP	63.5	E=2.2	89
GCA_027595765.1_UCR_CoemRSA1821_1.0|w2|t1	GCA_027595765.1_UCR_CoemRSA1821_1.0	cand	GCA_027595765.1_UCR_CoemRSA1821_1.0|w2	tblastn	REF|3231046_uomau377_MAT_Minus|gene1|sexM	39.6	E=6.6	30
GCA_027595765.1_UCR_CoemRSA1821_1.0|w2|t4	GCA_027595765.1_UCR_CoemRSA1821_1.0	cand	GCA_027595765.1_UCR_CoemRSA1821_1.0|w2	tblastn	REF|3231046_uomd23-19_MAT_Plus|gene1|sexP	22.3	E=1.9	37
GCA_027595785.1_UCR_CoemRSA1086_1.0|w0|t0	GCA_027595785.1_UCR_CoemRSA1086_1.0	cand	GCA_027595785.1_UCR_CoemRSA1086_1.0|w0	tblastn	REF|36080_nrrl-3631_MAT_Plus|gene1|sexP	28.5	E=0.029	157
GCA_027595785.1_UCR_CoemRSA1086_1.0|w0|t2	GCA_027595785.1_UCR_CoemRSA1086_1.0	cand	GCA_027595785.1_UCR_CoemRSA1086_1.0|w0	tblastn	REF|4850_vkm-f-921_MAT_Minus|gene0|sexM	63.1	E=0.92	85
GCA_027595785.1_UCR_CoemRSA1086_1.0|w2|t0	GCA_027595785.1_UCR_CoemRSA1086_1.0	cand	GCA_027595785.1_UCR_CoemRSA1086_1.0|w2	tblastn	REF|3108396_ai-2023a_MAT_Plus|gene2|sexP	63.5	E=2.2	89
GCA_027595785.1_UCR_CoemRSA1086_1.0|w2|t1	GCA_027595785.1_UCR_CoemRSA1086_1.0	cand	GCA_027595785.1_UCR_CoemRSA1086_1.0|w2	tblastn	REF|3231046_uomau377_MAT_Minus|gene1|sexM	39.6	E=6.6	30
GCA_027595785.1_UCR_CoemRSA1086_1.0|w2|t4	GCA_027595785.1_UCR_CoemRSA1086_1.0	cand	GCA_027595785.1_UCR_CoemRSA1086_1.0|w2	tblastn	REF|3231046_uomd23-19_MAT_Plus|gene1|sexP	22.3	E=1.9	37
GCA_027595805.1_UCR_CoemD160_1.0|w0|t0	GCA_027595805.1_UCR_CoemD160_1.0	cand	GCA_027595805.1_UCR_CoemD160_1.0|w0	tblastn	REF|3108396_ai-2023a_MAT_Plus|gene2|sexP	114.4	E=2.1	108
GCA_027595825.1_UCR_CbifNCRC34381_1.0|w0|t0	GCA_027595825.1_UCR_CbifNCRC34381_1.0	cand	GCA_027595825.1_UCR_CbifNCRC34381_1.0|w0	tblastn	REF|4850_vkm-f-921_MAT_Minus|gene0|sexM	45.8	E=1.8e-08	59
GCA_027595825.1_UCR_CbifNCRC34381_1.0|w1|t0	GCA_027595825.1_UCR_CbifNCRC34381_1.0	cand	GCA_027595825.1_UCR_CbifNCRC34381_1.0|w1	tblastn	REF|3231046_uomd23-19_MAT_Plus|gene1|sexP	61.6	E=3.5	73
GCA_027595825.1_UCR_CbifNCRC34381_1.0|w1|t1	GCA_027595825.1_UCR_CbifNCRC34381_1.0	cand	GCA_027595825.1_UCR_CbifNCRC34381_1.0|w1	tblastn	REF|101119_atcc11807_MAT_Plus|gene0|sexP	24.3	E=0.31	48
GCA_027595825.1_UCR_CbifNCRC34381_1.0|w2|t0	GCA_027595825.1_UCR_CbifNCRC34381_1.0	cand	GCA_027595825.1_UCR_CbifNCRC34381_1.0|w2	tblastn	REF|36080_r7b_MAT_Minus|gene1|sexM	62.7	E=0.94	71
GCA_027595825.1_UCR_CbifNCRC34381_1.0|w3|t0	GCA_027595825.1_UCR_CbifNCRC34381_1.0	cand	GCA_027595825.1_UCR_CbifNCRC34381_1.0|w3	tblastn	REF|4837_ubc21_MAT_Plus|gene1|sexP	41.9	E=1.4	35
GCA_027595825.1_UCR_CbifNCRC34381_1.0|w4|t0	GCA_027595825.1_UCR_CbifNCRC34381_1.0	cand	GCA_027595825.1_UCR_CbifNCRC34381_1.0|w4	tblastn	REF|29922_cbs109-16_MAT_Minus|gene1|sexM	35.4	E=5.2e-05	95
GCA_027595825.1_UCR_CbifNCRC34381_1.0|w5|t0	GCA_027595825.1_UCR_CbifNCRC34381_1.0	cand	GCA_027595825.1_UCR_CbifNCRC34381_1.0|w5	tblastn	REF|3231046_uomau377_MAT_Minus|gene1|sexM	39.2	E=6.6	72
GCA_027595825.1_UCR_CbifNCRC34381_1.0|w6|t0	GCA_027595825.1_UCR_CbifNCRC34381_1.0	cand	GCA_027595825.1_UCR_CbifNCRC34381_1.0|w6	tblastn	REF|36080_r7b_MAT_Minus|gene1|sexM	28.5	E=0.013	42
GCA_027595865.1_Umbelopsis_isabellina_MPG-14A_reass_enz|c0|t0	GCA_027595865.1_Umbelopsis_isabellina_MPG-14A_reass_enz	cand	GCA_027595865.1_Umbelopsis_isabellina_MPG-14A_reass_enz|c0	tblastn	REF|4850_vkm-f-921_MAT_Minus|gene0|sexM	85.8	E=2.5e-05	159
GCA_029449235.1_ASM2944923v1|w0|t0	GCA_029449235.1_ASM2944923v1	cand	GCA_029449235.1_ASM2944923v1|w0	tblastn	REF|4850_vkm-f-921_MAT_Minus|gene0|sexM	81.3	E=0.14	117
GCA_029449245.1_ASM2944924v1|w0|t0	GCA_029449245.1_ASM2944924v1	cand	GCA_029449245.1_ASM2944924v1|w0	tblastn	REF|4837_nrrl1555_MAT_Minus|gene1|sexM	68.2	E=8.1e-10	103
GCA_029449245.1_ASM2944924v1|w0|t1	GCA_029449245.1_ASM2944924v1	cand	GCA_029449245.1_ASM2944924v1|w0	tblastn	REF|101119_atcc11807_MAT_Plus|gene0|sexP	41.6	E=1.8	71
GCA_029449245.1_ASM2944924v1|w0|t2	GCA_029449245.1_ASM2944924v1	cand	GCA_029449245.1_ASM2944924v1|w0	tblastn	REF|35722_atcc11077_MAT_Minus|gene0|sexM	61.2	E=0.46	48
GCA_029582045.1_ASM2958204v1|w0|t0	GCA_029582045.1_ASM2958204v1	cand	GCA_029582045.1_ASM2958204v1|w0	tblastn	REF|3231046_uomd23-19_MAT_Plus|gene1|sexP	21.9	E=4.8	46
GCA_029582045.1_ASM2958204v1|w0|t1	GCA_029582045.1_ASM2958204v1	cand	GCA_029582045.1_ASM2958204v1|w0	tblastn	REF|29922_cbs109-16_MAT_Minus|gene1|sexM	73.9	E=3.6e-10	72
GCA_029582045.1_ASM2958204v1|w0|t2	GCA_029582045.1_ASM2958204v1	cand	GCA_029582045.1_ASM2958204v1|w0	tblastn	REF|4850_vkm-f-921_MAT_Minus|gene0|sexM	20.0	E=9.8	37
GCA_029582045.1_ASM2958204v1|w0|t3	GCA_029582045.1_ASM2958204v1	cand	GCA_029582045.1_ASM2958204v1|w0	tblastn	REF|86630_cbs357-93_MAT_Minus|gene0|sexM	22.3	E=1.8	32
GCA_029582045.1_ASM2958204v1|w0|t5	GCA_029582045.1_ASM2958204v1	cand	GCA_029582045.1_ASM2958204v1|w0	tblastn	REF|29922_cbs109-16_MAT_Minus|gene1|sexM	42.7	E=3.2	72
GCA_029582045.1_ASM2958204v1|w0|t6	GCA_029582045.1_ASM2958204v1	cand	GCA_029582045.1_ASM2958204v1|w0	tblastn	REF|36080_r7b_MAT_Minus|gene1|sexM	43.1	E=3.5	105
GCA_029582045.1_ASM2958204v1|w0|t7	GCA_029582045.1_ASM2958204v1	cand	GCA_029582045.1_ASM2958204v1|w0	tblastn	REF|36080_nrrl-3631_MAT_Plus|gene1|sexP	42.0	E=2.6e-06	95
GCA_029582045.1_ASM2958204v1|w1|t0	GCA_029582045.1_ASM2958204v1	cand	GCA_029582045.1_ASM2958204v1|w1	tblastn	REF|3231046_uomd23-19_MAT_Plus|gene1|sexP	24.3	E=0.91	65
GCA_029582045.1_ASM2958204v1|w1|t1	GCA_029582045.1_ASM2958204v1	cand	GCA_029582045.1_ASM2958204v1|w1	tblastn	REF|36080_r7b_MAT_Minus|gene1|sexM	48.9	E=0.045	155
GCA_029582045.1_ASM2958204v1|w1|t2	GCA_029582045.1_ASM2958204v1	cand	GCA_029582045.1_ASM2958204v1|w1	tblastn	REF|64495_cbs346-36_MAT_Plus|gene2|sexP	22.7	E=2.9	97
GCA_029582045.1_ASM2958204v1|w1|t4	GCA_029582045.1_ASM2958204v1	cand	GCA_029582045.1_ASM2958204v1|w1	tblastn	REF|3231046_uomau377_MAT_Minus|gene1|sexM	21.6	E=3.8	66
GCA_029582045.1_ASM2958204v1|w1|t5	GCA_029582045.1_ASM2958204v1	cand	GCA_029582045.1_ASM2958204v1|w1	tblastn	REF|4837_nrrl1555_MAT_Minus|gene1|sexM	20.8	E=6.2	72
GCA_029582045.1_ASM2958204v1|w2|t0	GCA_029582045.1_ASM2958204v1	cand	GCA_029582045.1_ASM2958204v1|w2	tblastn	REF|36080_nrrl-3631_MAT_Plus|gene1|sexP	65.1	E=2.4e-06	97
GCA_029582045.1_ASM2958204v1|w3|t0	GCA_029582045.1_ASM2958204v1	cand	GCA_029582045.1_ASM2958204v1|w3	tblastn	REF|36080_r7b_MAT_Minus|gene1|sexM	43.1	E=2.8	62
GCA_029582045.1_ASM2958204v1|w3|t1	GCA_029582045.1_ASM2958204v1	cand	GCA_029582045.1_ASM2958204v1|w3	tblastn	REF|64495_cbs110-17_MAT_Minus|gene1|sexM	23.5	E=0.66	70
GCA_029582045.1_ASM2958204v1|w3|t2	GCA_029582045.1_ASM2958204v1	cand	GCA_029582045.1_ASM2958204v1|w3	tblastn	REF|101119_atcc11807_MAT_Plus|gene0|sexP	26.6	E=0.15	93
GCA_029582045.1_ASM2958204v1|w3|t3	GCA_029582045.1_ASM2958204v1	cand	GCA_029582045.1_ASM2958204v1|w3	tblastn	REF|36080_nrrl-3631_MAT_Plus|gene1|sexP	42.4	E=8	38
GCA_029582045.1_ASM2958204v1|w3|t4	GCA_029582045.1_ASM2958204v1	cand	GCA_029582045.1_ASM2958204v1|w3	tblastn	REF|3231046_uomau377_MAT_Minus|gene1|sexM	43.5	E=1	47
GCA_033807475.1_MoeAD073_1|w0|t0	GCA_033807475.1_MoeAD073_1	cand	GCA_033807475.1_MoeAD073_1|w0	tblastn	REF|4837_nrrl1555_MAT_Minus|gene1|sexM	79.7	E=1.6e-19	105
GCA_033807475.1_MoeAD073_1|w0|t1	GCA_033807475.1_MoeAD073_1	cand	GCA_033807475.1_MoeAD073_1|w0	tblastn	REF|4850_vkm-f-921_MAT_Minus|gene0|sexM	24.6	E=0.44	67
GCA_033807475.1_MoeAD073_1|w0|t2	GCA_033807475.1_MoeAD073_1	cand	GCA_033807475.1_MoeAD073_1|w0	tblastn	REF|3108396_ai-2023a_MAT_Plus|gene2|sexP	31.6	E=0.005	63
GCA_033807475.1_MoeAD073_1|w1|t1	GCA_033807475.1_MoeAD073_1	cand	GCA_033807475.1_MoeAD073_1|w1	tblastn	REF|29922_cbs109-16_MAT_Minus|gene1|sexM	21.9	E=3.4	48
GCA_033807475.1_MoeAD073_1|w1|t2	GCA_033807475.1_MoeAD073_1	cand	GCA_033807475.1_MoeAD073_1|w1	tblastn	REF|4837_ubc21_MAT_Plus|gene1|sexP	50.8	E=4.1e-09	76
GCA_033807475.1_MoeAD073_1|w2|t0	GCA_033807475.1_MoeAD073_1	cand	GCA_033807475.1_MoeAD073_1|w2	tblastn	REF|86630_cbs357-93_MAT_Minus|gene0|sexM	24.3	E=0.45	30
GCA_033807475.1_MoeAD073_1|w2|t1	GCA_033807475.1_MoeAD073_1	cand	GCA_033807475.1_MoeAD073_1|w2	tblastn	REF|64495_cbs346-36_MAT_Plus|gene2|sexP	21.9	E=5.7	39
GCA_033807475.1_MoeAD073_1|w2|t4	GCA_033807475.1_MoeAD073_1	cand	GCA_033807475.1_MoeAD073_1|w2	tblastn	REF|101119_atcc11807_MAT_Plus|gene0|sexP	24.6	E=0.62	53
GCA_033807475.1_MoeAD073_1|w2|t5	GCA_033807475.1_MoeAD073_1	cand	GCA_033807475.1_MoeAD073_1|w2	tblastn	REF|64495_cbs110-17_MAT_Minus|gene1|sexM	28.9	E=0.017	44
GCA_033807475.1_MoeAD073_1|w3|t0	GCA_033807475.1_MoeAD073_1	cand	GCA_033807475.1_MoeAD073_1|w3	tblastn	REF|86630_cbs357-93_MAT_Minus|gene0|sexM	28.1	E=0.026	43
GCA_033807475.1_MoeAD073_1|w3|t1	GCA_033807475.1_MoeAD073_1	cand	GCA_033807475.1_MoeAD073_1|w3	tblastn	REF|4837_nrrl1555_MAT_Minus|gene1|sexM	25.4	E=0.21	57
GCA_033807475.1_MoeAD073_1|w3|t2	GCA_033807475.1_MoeAD073_1	cand	GCA_033807475.1_MoeAD073_1|w3	tblastn	REF|86630_cbs357-93_MAT_Minus|gene0|sexM	47.0	E=0.15	46
GCA_033807475.1_MoeAD073_1|w4|t0	GCA_033807475.1_MoeAD073_1	cand	GCA_033807475.1_MoeAD073_1|w4	tblastn	REF|35722_atcc11077_MAT_Minus|gene0|sexM	28.5	E=0.021	69
GCA_033807475.1_MoeAD073_1|w4|t1	GCA_033807475.1_MoeAD073_1	cand	GCA_033807475.1_MoeAD073_1|w4	tblastn	REF|36080_nrrl-3631_MAT_Plus|gene1|sexP	24.3	E=1	33
GCA_033807475.1_MoeAD073_1|w4|t3	GCA_033807475.1_MoeAD073_1	cand	GCA_033807475.1_MoeAD073_1|w4	tblastn	REF|29922_cbs109-16_MAT_Minus|gene1|sexM	21.2	E=5.4	30
GCA_033807475.1_MoeAD073_1|w4|t6	GCA_033807475.1_MoeAD073_1	cand	GCA_033807475.1_MoeAD073_1|w4	tblastn	REF|64495_cbs346-36_MAT_Plus|gene2|sexP	21.2	E=9.1	88
GCA_033807475.1_MoeAD073_1|w5|t0	GCA_033807475.1_MoeAD073_1	cand	GCA_033807475.1_MoeAD073_1|w5	tblastn	REF|3108396_ai-2023a_MAT_Plus|gene2|sexP	31.2	E=0.006	50
GCA_033807475.1_MoeAD073_1|w6|t2	GCA_033807475.1_MoeAD073_1	cand	GCA_033807475.1_MoeAD073_1|w6	tblastn	REF|4850_vkm-f-921_MAT_Minus|gene0|sexM	28.9	E=0.017	37
GCA_033807495.1_MorAD185_1_1|w0|t0	GCA_033807495.1_MorAD185_1_1	cand	GCA_033807495.1_MorAD185_1_1|w0	tblastn	REF|101119_atcc11807_MAT_Plus|gene0|sexP	30.8	E=0.014	45
GCA_033807495.1_MorAD185_1_1|w1|t0	GCA_033807495.1_MorAD185_1_1	cand	GCA_033807495.1_MorAD185_1_1|w1	tblastn	REF|4837_nrrl1555_MAT_Minus|gene1|sexM	28.9	E=0.038	30
GCA_033807495.1_MorAD185_1_1|w1|t2	GCA_033807495.1_MorAD185_1_1	cand	GCA_033807495.1_MorAD185_1_1|w1	tblastn	REF|36080_r7b_MAT_Minus|gene1|sexM	24.6	E=1.1	32
GCA_033807495.1_MorAD185_1_1|w1|t5	GCA_033807495.1_MorAD185_1_1	cand	GCA_033807495.1_MorAD185_1_1|w1	tblastn	REF|64495_cbs110-17_MAT_Minus|gene1|sexM	21.2	E=8.2	56
GCA_033807495.1_MorAD185_1_1|w2|t0	GCA_033807495.1_MorAD185_1_1	cand	GCA_033807495.1_MorAD185_1_1|w2	tblastn	REF|4850_vkm-f-921_MAT_Minus|gene0|sexM	26.2	E=0.3	36
GCA_033807495.1_MorAD185_1_1|w2|t1	GCA_033807495.1_MorAD185_1_1	cand	GCA_033807495.1_MorAD185_1_1|w2	tblastn	REF|4837_nrrl1555_MAT_Minus|gene1|sexM	59.7	E=2.4e-12	114
GCA_033807495.1_MorAD185_1_1|w3|t1	GCA_033807495.1_MorAD185_1_1	cand	GCA_033807495.1_MorAD185_1_1|w3	tblastn	REF|3231046_uomau377_MAT_Minus|gene1|sexM	21.9	E=6.8	55
GCA_033807495.1_MorAD185_1_1|w3|t2	GCA_033807495.1_MorAD185_1_1	cand	GCA_033807495.1_MorAD185_1_1|w3	tblastn	REF|3108396_ai-2023a_MAT_Plus|gene2|sexP	23.1	E=4.2	38
GCA_033807495.1_MorAD185_1_1|w3|t3	GCA_033807495.1_MorAD185_1_1	cand	GCA_033807495.1_MorAD185_1_1|w3	tblastn	REF|64495_cbs110-17_MAT_Minus|gene1|sexM	23.1	E=2.5	46
GCA_033807495.1_MorAD185_1_1|w3|t4	GCA_033807495.1_MorAD185_1_1	cand	GCA_033807495.1_MorAD185_1_1|w3	tblastn	REF|64495_cbs110-17_MAT_Minus|gene1|sexM	21.6	E=7.2	47
GCA_033807495.1_MorAD185_1_1|w3|t5	GCA_033807495.1_MorAD185_1_1	cand	GCA_033807495.1_MorAD185_1_1|w3	tblastn	REF|4837_ubc21_MAT_Plus|gene1|sexP	30.8	E=0.017	57
GCA_033807495.1_MorAD185_1_1|w4|t0	GCA_033807495.1_MorAD185_1_1	cand	GCA_033807495.1_MorAD185_1_1|w4	tblastn	REF|4837_nrrl1555_MAT_Minus|gene1|sexM	30.8	E=0.009	94
GCA_033807495.1_MorAD185_1_1|w4|t2	GCA_033807495.1_MorAD185_1_1	cand	GCA_033807495.1_MorAD185_1_1|w4	tblastn	REF|4850_vkm-f-921_MAT_Minus|gene0|sexM	46.6	E=1.6	105
GCA_033807495.1_MorAD185_1_1|w4|t3	GCA_033807495.1_MorAD185_1_1	cand	GCA_033807495.1_MorAD185_1_1|w4	tblastn	REF|4850_vkm-f-921_MAT_Minus|gene0|sexM	23.1	E=3	48
GCA_033807495.1_MorAD185_1_1|w4|t4	GCA_033807495.1_MorAD185_1_1	cand	GCA_033807495.1_MorAD185_1_1|w4	tblastn	REF|64495_cbs346-36_MAT_Plus|gene2|sexP	22.7	E=5.9	34
GCA_033807495.1_MorAD185_1_1|w4|t5	GCA_033807495.1_MorAD185_1_1	cand	GCA_033807495.1_MorAD185_1_1|w4	tblastn	REF|3108396_ai-2023a_MAT_Plus|gene2|sexP	29.3	E=0.05	44
GCA_033807495.1_MorAD185_1_1|w5|t1	GCA_033807495.1_MorAD185_1_1	cand	GCA_033807495.1_MorAD185_1_1|w5	tblastn	REF|36080_nrrl-3631_MAT_Plus|gene1|sexP	31.6	E=0.011	117
GCA_033807495.1_MorAD185_1_1|w6|t0	GCA_033807495.1_MorAD185_1_1	cand	GCA_033807495.1_MorAD185_1_1|w6	tblastn	REF|101119_atcc11807_MAT_Plus|gene0|sexP	28.5	E=0.076	39
GCA_033807495.1_MorAD185_1_1|w6|t2	GCA_033807495.1_MorAD185_1_1	cand	GCA_033807495.1_MorAD185_1_1|w6	tblastn	REF|64495_cbs346-36_MAT_Plus|gene2|sexP	61.2	E=6.1	109
GCA_033807495.1_MorAD185_1_1|w6|t3	GCA_033807495.1_MorAD185_1_1	cand	GCA_033807495.1_MorAD185_1_1|w6	tblastn	REF|101119_atcc11807_MAT_Minus|gene0|sexM	24.6	E=0.73	78
GCA_033807495.1_MorAD185_1_1|w6|t4	GCA_033807495.1_MorAD185_1_1	cand	GCA_033807495.1_MorAD185_1_1|w6	tblastn	REF|3231046_uomd23-19_MAT_Plus|gene1|sexP	22.3	E=6.9	50
GCA_033807495.1_MorAD185_1_1|w6|t5	GCA_033807495.1_MorAD185_1_1	cand	GCA_033807495.1_MorAD185_1_1|w6	tblastn	REF|3231046_uomau377_MAT_Minus|gene1|sexM	28.5	E=0.061	50
GCA_033807495.1_MorAD185_1_1|w6|t6	GCA_033807495.1_MorAD185_1_1	cand	GCA_033807495.1_MorAD185_1_1|w6	tblastn	REF|101119_atcc11807_MAT_Plus|gene0|sexP	23.5	E=3.4	36
GCA_033807495.1_MorAD185_1_1|w7|t0	GCA_033807495.1_MorAD185_1_1	cand	GCA_033807495.1_MorAD185_1_1|w7	tblastn	REF|35722_atcc11077_MAT_Minus|gene0|sexM	28.9	E=0.039	44
GCA_033807495.1_MorAD185_1_1|w7|t2	GCA_033807495.1_MorAD185_1_1	cand	GCA_033807495.1_MorAD185_1_1|w7	tblastn	REF|4850_vkm-f-921_MAT_Minus|gene0|sexM	22.3	E=5	41
GCA_033807495.1_MorAD185_1_1|w7|t3	GCA_033807495.1_MorAD185_1_1	cand	GCA_033807495.1_MorAD185_1_1|w7	tblastn	REF|36080_r7b_MAT_Minus|gene1|sexM	23.9	E=1.9	41
GCA_033807495.1_MorAD185_1_1|w7|t4	GCA_033807495.1_MorAD185_1_1	cand	GCA_033807495.1_MorAD185_1_1|w7	tblastn	REF|3231046_uomd23-19_MAT_Plus|gene1|sexP	23.9	E=2.7	65
GCA_033807495.1_MorAD185_1_1|w7|t5	GCA_033807495.1_MorAD185_1_1	cand	GCA_033807495.1_MorAD185_1_1|w7	tblastn	REF|3231046_uomau377_MAT_Minus|gene1|sexM	21.9	E=7.4	47
GCA_033807495.1_MorAD185_1_1|w7|t6	GCA_033807495.1_MorAD185_1_1	cand	GCA_033807495.1_MorAD185_1_1|w7	tblastn	REF|3108396_ai-2023a_MAT_Plus|gene2|sexP	28.9	E=0.067	34
GCA_033807495.1_MorAD185_1_1|w8|t1	GCA_033807495.1_MorAD185_1_1	cand	GCA_033807495.1_MorAD185_1_1|w8	tblastn	REF|4850_vkm-f-921_MAT_Minus|gene0|sexM	23.1	E=2.9	43
GCA_033807495.1_MorAD185_1_1|w8|t2	GCA_033807495.1_MorAD185_1_1	cand	GCA_033807495.1_MorAD185_1_1|w8	tblastn	REF|35722_atcc11077_MAT_Minus|gene0|sexM	38.1	E=7	69
GCA_033807495.1_MorAD185_1_1|w9|t0	GCA_033807495.1_MorAD185_1_1	cand	GCA_033807495.1_MorAD185_1_1|w9	tblastn	REF|86630_cbs357-93_MAT_Minus|gene0|sexM	25.4	E=0.37	50
GCA_033807495.1_MorAD185_1_1|w9|t1	GCA_033807495.1_MorAD185_1_1	cand	GCA_033807495.1_MorAD185_1_1|w9	tblastn	REF|101119_atcc11807_MAT_Plus|gene0|sexP	23.1	E=4	43
GCA_033807495.1_MorAD185_1_1|w9|t2	GCA_033807495.1_MorAD185_1_1	cand	GCA_033807495.1_MorAD185_1_1|w9	tblastn	REF|29922_cbs109-16_MAT_Minus|gene1|sexM	22.3	E=5.3	36
GCA_033807495.1_MorAD185_1_1|w9|t3	GCA_033807495.1_MorAD185_1_1	cand	GCA_033807495.1_MorAD185_1_1|w9	tblastn	REF|36080_nrrl-3631_MAT_Plus|gene1|sexP	24.3	E=2.4	52
GCA_033807495.1_MorAD185_1_1|w9|t5	GCA_033807495.1_MorAD185_1_1	cand	GCA_033807495.1_MorAD185_1_1|w9	tblastn	REF|3231046_uomd23-19_MAT_Plus|gene1|sexP	24.6	E=1.7	42
GCA_033807495.1_MorAD185_1_1|w9|t6	GCA_033807495.1_MorAD185_1_1	cand	GCA_033807495.1_MorAD185_1_1|w9	tblastn	REF|35722_atcc11077_MAT_Minus|gene0|sexM	28.5	E=0.046	76
GCA_033807495.1_MorAD185_1_1|w9|t7	GCA_033807495.1_MorAD185_1_1	cand	GCA_033807495.1_MorAD185_1_1|w9	tblastn	REF|3231046_uomau377_MAT_Minus|gene1|sexM	23.5	E=2.6	37
GCA_033807495.1_MorAD185_1_1|h1|t0	GCA_033807495.1_MorAD185_1_1	nonlocus	GCA_033807495.1_MorAD185_1_1|h1	tblastn	REF|101119_atcc11807_MAT_Minus|gene0|sexM	69.3	E=7.2e-16	86
GCA_033807495.1_MorAD185_1_1|h2|t0	GCA_033807495.1_MorAD185_1_1	nonlocus	GCA_033807495.1_MorAD185_1_1|h2	tblastn	REF|101119_atcc11807_MAT_Minus|gene0|sexM	90.5	E=2.4e-14	158
GCA_033807495.1_MorAD185_1_1|h3|t0	GCA_033807495.1_MorAD185_1_1	nonlocus	GCA_033807495.1_MorAD185_1_1|h3	tblastn	REF|3231046_uomau377_MAT_Minus|gene1|sexM	47.8	E=3.6e-08	79
GCA_033807515.1_Morgam1|c0|t0	GCA_033807515.1_Morgam1	cand	GCA_033807515.1_Morgam1|c0	tblastn	REF|36080_r7b_MAT_Minus|gene1|sexM	40.4	E=3	67
GCA_033807515.1_Morgam1|c0|t1	GCA_033807515.1_Morgam1	cand	GCA_033807515.1_Morgam1|c0	tblastn	REF|3231046_uomd23-19_MAT_Plus|gene1|sexP	40.4	E=4.3	53
GCA_033807515.1_Morgam1|c0|t3	GCA_033807515.1_Morgam1	cand	GCA_033807515.1_Morgam1|c0	tblastn	REF|35722_atcc11077_MAT_Minus|gene0|sexM	18.9	E=6.1	46
GCA_033807515.1_Morgam1|c0|t4	GCA_033807515.1_Morgam1	cand	GCA_033807515.1_Morgam1|c0	tblastn	REF|35722_atcc11077_MAT_Minus|gene0|sexM	61.6	E=1.9	125
GCA_033807515.1_Morgam1|c0|t5	GCA_033807515.1_Morgam1	cand	GCA_033807515.1_Morgam1|c0	tblastn	REF|3231046_uomd23-19_MAT_Plus|gene1|sexP	49.7	E=0.012	110
GCA_034509365.1_RMly36_1|w1|t0	GCA_034509365.1_RMly36_1	cand	GCA_034509365.1_RMly36_1|w1	tblastn	REF|101119_atcc11807_MAT_Plus|gene0|sexP	41.9	E=1.8	79
GCA_034509365.1_RMly36_1|w1|t1	GCA_034509365.1_RMly36_1	cand	GCA_034509365.1_RMly36_1|w1	tblastn	REF|36080_r7b_MAT_Minus|gene1|sexM	39.6	E=4	63
GCA_034509365.1_RMly36_1|w1|t2	GCA_034509365.1_RMly36_1	cand	GCA_034509365.1_RMly36_1|w1	tblastn	REF|101119_atcc11807_MAT_Plus|gene0|sexP	41.2	E=2.4	51
GCA_034509365.1_RMly36_1|w1|t3	GCA_034509365.1_RMly36_1	cand	GCA_034509365.1_RMly36_1|w1	tblastn	REF|3231046_uomd23-19_MAT_Plus|gene1|sexP	23.1	E=0.7	56
GCA_034509365.1_RMly36_1|w1|t5	GCA_034509365.1_RMly36_1	cand	GCA_034509365.1_RMly36_1|w1	tblastn	REF|64495_cbs110-17_MAT_Minus|gene1|sexM	45.8	E=0.025	82
GCA_034509365.1_RMly36_1|w1|t6	GCA_034509365.1_RMly36_1	cand	GCA_034509365.1_RMly36_1|w1	tblastn	REF|101119_atcc11807_MAT_Plus|gene0|sexP	20.4	E=4.7	79
GCA_034509365.1_RMly36_1|w1|t10	GCA_034509365.1_RMly36_1	cand	GCA_034509365.1_RMly36_1|w1	tblastn	REF|3231046_uomd23-19_MAT_Plus|gene1|sexP	46.2	E=0.3	66
GCA_036320915.1_MoeNVP64_1|w0|t0	GCA_036320915.1_MoeNVP64_1	cand	GCA_036320915.1_MoeNVP64_1|w0	tblastn	REF|101119_atcc11807_MAT_Minus|gene0|sexM	40.8	E=3.2	59
GCA_036320915.1_MoeNVP64_1|w0|t1	GCA_036320915.1_MoeNVP64_1	cand	GCA_036320915.1_MoeNVP64_1|w0	tblastn	REF|35722_atcc11077_MAT_Minus|gene0|sexM	42.0	E=1.6	50
GCA_036320915.1_MoeNVP64_1|w0|t2	GCA_036320915.1_MoeNVP64_1	cand	GCA_036320915.1_MoeNVP64_1|w0	tblastn	REF|4837_nrrl1555_MAT_Minus|gene1|sexM	27.7	E=0.018	35
GCA_036320915.1_MoeNVP64_1|w1|t0	GCA_036320915.1_MoeNVP64_1	cand	GCA_036320915.1_MoeNVP64_1|w1	tblastn	REF|4837_nrrl1555_MAT_Minus|gene1|sexM	45.8	E=2.2e-08	74
GCA_036320915.1_MoeNVP64_1|w2|t0	GCA_036320915.1_MoeNVP64_1	cand	GCA_036320915.1_MoeNVP64_1|w2	tblastn	REF|3231046_uomd23-19_MAT_Plus|gene1|sexP	29.3	E=0.012	30
GCA_036320915.1_MoeNVP64_1|w2|t1	GCA_036320915.1_MoeNVP64_1	cand	GCA_036320915.1_MoeNVP64_1|w2	tblastn	REF|4837_nrrl1555_MAT_Minus|gene1|sexM	23.1	E=0.54	46
GCA_036320915.1_MoeNVP64_1|w2|t3	GCA_036320915.1_MoeNVP64_1	cand	GCA_036320915.1_MoeNVP64_1|w2	tblastn	REF|29922_cbs109-16_MAT_Minus|gene1|sexM	40.0	E=4.6	35
GCA_037039815.1_ASM3703981v1|c1|t0	GCA_037039815.1_ASM3703981v1	cand	GCA_037039815.1_ASM3703981v1|c1	tblastn	REF|4837_nrrl1555_MAT_Minus|gene1|sexM	72.0	E=0.001	106
GCA_037039815.1_ASM3703981v1|nw0|t1	GCA_037039815.1_ASM3703981v1	cand	GCA_037039815.1_ASM3703981v1|nw0	tblastn	REF|4837_ubc21_MAT_Plus|gene1|sexP	64.0	E=0.39	124
GCA_037040325.1_ASM3704032v1|c0|m0	GCA_037040325.1_ASM3704032v1	cand	GCA_037040325.1_ASM3704032v1|c0	miniprot	REF|36080_r7b_MAT_Minus|gene1|sexM	916	1.0	256
GCA_037040325.1_ASM3704032v1|w0|t0	GCA_037040325.1_ASM3704032v1	cand	GCA_037040325.1_ASM3704032v1|w0	tblastn	REF|36080_nrrl-3631_MAT_Plus|gene1|sexP	96.2	E=1.6e-07	164
GCA_037041495.1_ASM3704149v1|w0|t0	GCA_037041495.1_ASM3704149v1	cand	GCA_037041495.1_ASM3704149v1|w0	tblastn	REF|4850_vkm-f-921_MAT_Minus|gene0|sexM	84.0	E=2.7e-08	88
GCA_037041495.1_ASM3704149v1|nw1|t0	GCA_037041495.1_ASM3704149v1	cand	GCA_037041495.1_ASM3704149v1|nw1	tblastn	REF|36080_nrrl-3631_MAT_Plus|gene1|sexP	116.3	E=7e-11	129
GCA_037041495.1_ASM3704149v1|w2|t0	GCA_037041495.1_ASM3704149v1	cand	GCA_037041495.1_ASM3704149v1|w2	tblastn	REF|3231046_uomd23-19_MAT_Plus|gene1|sexP	83.5	E=2.7e-07	113
GCA_037041495.1_ASM3704149v1|w3|t0	GCA_037041495.1_ASM3704149v1	cand	GCA_037041495.1_ASM3704149v1|w3	tblastn	REF|36080_nrrl-3631_MAT_Plus|gene1|sexP	60.4	E=1.1e-06	87
GCA_037041495.1_ASM3704149v1|w4|t0	GCA_037041495.1_ASM3704149v1	cand	GCA_037041495.1_ASM3704149v1|w4	tblastn	REF|3231046_uomd23-19_MAT_Plus|gene1|sexP	61.2	E=1.2e-06	95
GCA_037041495.1_ASM3704149v1|h1|t0	GCA_037041495.1_ASM3704149v1	nonlocus	GCA_037041495.1_ASM3704149v1|h1	tblastn	REF|64495_cbs110-17_MAT_Minus|gene1|sexM	90.1	E=3.9e-24	174
GCA_037041495.1_ASM3704149v1|h3|t0	GCA_037041495.1_ASM3704149v1	nonlocus	GCA_037041495.1_ASM3704149v1|h3	tblastn	REF|36080_r7b_MAT_Minus|gene1|sexM	33.1	E=0.00019	107
GCA_037041495.1_ASM3704149v1|h5|t0	GCA_037041495.1_ASM3704149v1	nonlocus	GCA_037041495.1_ASM3704149v1|h5	tblastn	REF|101119_atcc11807_MAT_Minus|gene0|sexM	37.7	E=2.9e-06	76
GCA_037042035.1_ASM3704203v1|w0|t0	GCA_037042035.1_ASM3704203v1	cand	GCA_037042035.1_ASM3704203v1|w0	tblastn	REF|36080_nrrl-3631_MAT_Plus|gene1|sexP	42.0	E=2e-06	95
GCA_037042035.1_ASM3704203v1|w0|t1	GCA_037042035.1_ASM3704203v1	cand	GCA_037042035.1_ASM3704203v1|w0	tblastn	REF|36080_r7b_MAT_Minus|gene1|sexM	43.1	E=2.9	105
GCA_037042035.1_ASM3704203v1|w0|t2	GCA_037042035.1_ASM3704203v1	cand	GCA_037042035.1_ASM3704203v1|w0	tblastn	REF|29922_cbs109-16_MAT_Minus|gene1|sexM	42.4	E=2.9	72
GCA_037042035.1_ASM3704203v1|w0|t4	GCA_037042035.1_ASM3704203v1	cand	GCA_037042035.1_ASM3704203v1|w0	tblastn	REF|86630_cbs357-93_MAT_Minus|gene0|sexM	24.6	E=0.25	32
GCA_037042035.1_ASM3704203v1|w0|t5	GCA_037042035.1_ASM3704203v1	cand	GCA_037042035.1_ASM3704203v1|w0	tblastn	REF|4837_nrrl1555_MAT_Minus|gene1|sexM	21.2	E=3.6	32
GCA_037042035.1_ASM3704203v1|w0|t6	GCA_037042035.1_ASM3704203v1	cand	GCA_037042035.1_ASM3704203v1|w0	tblastn	REF|29922_cbs109-16_MAT_Minus|gene1|sexM	73.2	E=5.6e-10	72
GCA_037042035.1_ASM3704203v1|w0|t7	GCA_037042035.1_ASM3704203v1	cand	GCA_037042035.1_ASM3704203v1|w0	tblastn	REF|3231046_uomd23-19_MAT_Plus|gene1|sexP	21.9	E=3.6	46
GCA_037042035.1_ASM3704203v1|w1|t5	GCA_037042035.1_ASM3704203v1	cand	GCA_037042035.1_ASM3704203v1|w1	tblastn	REF|36080_nrrl-3631_MAT_Plus|gene1|sexP	84.4	E=1.8e-06	122
GCA_037042035.1_ASM3704203v1|w2|t1	GCA_037042035.1_ASM3704203v1	cand	GCA_037042035.1_ASM3704203v1|w2	tblastn	REF|3231046_uomau377_MAT_Minus|gene1|sexM	27.3	E=0.052	46
GCA_037042035.1_ASM3704203v1|w2|t3	GCA_037042035.1_ASM3704203v1	cand	GCA_037042035.1_ASM3704203v1|w2	tblastn	REF|101119_atcc11807_MAT_Plus|gene0|sexP	47.4	E=0.12	130
GCA_037042035.1_ASM3704203v1|w2|t4	GCA_037042035.1_ASM3704203v1	cand	GCA_037042035.1_ASM3704203v1|w2	tblastn	REF|36080_r7b_MAT_Minus|gene1|sexM	43.1	E=2.2	61
GCA_037042095.1_ASM3704209v1|nw0|t0	GCA_037042095.1_ASM3704209v1	cand	GCA_037042095.1_ASM3704209v1|nw0	tblastn	REF|29922_cbs109-16_MAT_Minus|gene1|sexM	93.6	E=8.8e-11	99
GCA_037042095.1_ASM3704209v1|nw0|t2	GCA_037042095.1_ASM3704209v1	cand	GCA_037042095.1_ASM3704209v1|nw0	tblastn	REF|101119_atcc11807_MAT_Plus|gene0|sexP	43.5	E=1.1	51
GCA_037042095.1_ASM3704209v1|nw0|t3	GCA_037042095.1_ASM3704209v1	cand	GCA_037042095.1_ASM3704209v1|nw0	tblastn	REF|4850_vkm-f-921_MAT_Minus|gene0|sexM	56.2	E=1.8e-05	99
GCA_037042095.1_ASM3704209v1|nw0|t4	GCA_037042095.1_ASM3704209v1	cand	GCA_037042095.1_ASM3704209v1|nw0	tblastn	REF|36080_r7b_MAT_Minus|gene1|sexM	62.0	E=1.5	58
GCA_037042155.1_ASM3704215v1|w0|t1	GCA_037042155.1_ASM3704215v1	cand	GCA_037042155.1_ASM3704215v1|w0	tblastn	REF|4837_ubc21_MAT_Plus|gene1|sexP	37.7	E=6.2e-05	94
GCA_037042155.1_ASM3704215v1|w0|t4	GCA_037042155.1_ASM3704215v1	cand	GCA_037042155.1_ASM3704215v1|w0	tblastn	REF|36080_nrrl-3631_MAT_Plus|gene1|sexP	23.5	E=1.6	56
GCA_037042155.1_ASM3704215v1|w0|t5	GCA_037042155.1_ASM3704215v1	cand	GCA_037042155.1_ASM3704215v1|w0	tblastn	REF|4837_nrrl1555_MAT_Minus|gene1|sexM	22.3	E=2.2	43
GCA_037042155.1_ASM3704215v1|w1|t0	GCA_037042155.1_ASM3704215v1	cand	GCA_037042155.1_ASM3704215v1|w1	tblastn	REF|64495_cbs110-17_MAT_Minus|gene1|sexM	27.3	E=0.046	69
GCA_037042155.1_ASM3704215v1|w1|t2	GCA_037042155.1_ASM3704215v1	cand	GCA_037042155.1_ASM3704215v1|w1	tblastn	REF|4850_vkm-f-921_MAT_Minus|gene0|sexM	40.8	E=9.1	37
GCA_037042155.1_ASM3704215v1|w1|t4	GCA_037042155.1_ASM3704215v1	cand	GCA_037042155.1_ASM3704215v1|w1	tblastn	REF|3231046_uomd23-19_MAT_Plus|gene1|sexP	21.2	E=9.7	36
GCA_037042155.1_ASM3704215v1|w2|t1	GCA_037042155.1_ASM3704215v1	cand	GCA_037042155.1_ASM3704215v1|w2	tblastn	REF|64495_cbs110-17_MAT_Minus|gene1|sexM	23.1	E=1.1	86
GCA_037042155.1_ASM3704215v1|w2|t3	GCA_037042155.1_ASM3704215v1	cand	GCA_037042155.1_ASM3704215v1|w2	tblastn	REF|4837_nrrl1555_MAT_Minus|gene1|sexM	28.5	E=0.022	54
GCA_037042155.1_ASM3704215v1|w3|t1	GCA_037042155.1_ASM3704215v1	cand	GCA_037042155.1_ASM3704215v1|w3	tblastn	REF|3231046_uomau377_MAT_Minus|gene1|sexM	21.2	E=5.6	37
GCA_037042155.1_ASM3704215v1|w3|t2	GCA_037042155.1_ASM3704215v1	cand	GCA_037042155.1_ASM3704215v1|w3	tblastn	REF|36080_r7b_MAT_Minus|gene1|sexM	21.9	E=3.5	45
GCA_037042155.1_ASM3704215v1|w3|t3	GCA_037042155.1_ASM3704215v1	cand	GCA_037042155.1_ASM3704215v1|w3	tblastn	REF|86630_cbs357-93_MAT_Minus|gene0|sexM	22.3	E=1.9	72
GCA_037042155.1_ASM3704215v1|w3|t4	GCA_037042155.1_ASM3704215v1	cand	GCA_037042155.1_ASM3704215v1|w3	tblastn	REF|86630_cbs357-93_MAT_Minus|gene0|sexM	27.7	E=0.035	49
GCA_037042155.1_ASM3704215v1|w3|t6	GCA_037042155.1_ASM3704215v1	cand	GCA_037042155.1_ASM3704215v1|w3	tblastn	REF|3108396_ai-2023a_MAT_Plus|gene2|sexP	21.2	E=9.6	42
GCA_037042155.1_ASM3704215v1|w3|t7	GCA_037042155.1_ASM3704215v1	cand	GCA_037042155.1_ASM3704215v1|w3	tblastn	REF|36080_r7b_MAT_Minus|gene1|sexM	42.4	E=5	75
GCA_037043795.1_Z2.assembly|c0|m0	GCA_037043795.1_Z2.assembly	cand	GCA_037043795.1_Z2.assembly|c0	miniprot	REF|3231046_uomd23-19_MAT_Plus|gene1|sexP	556	0.981	287
GCA_037974945.1_ASM3797494v1|c0|m0	GCA_037974945.1_ASM3797494v1	cand	GCA_037974945.1_ASM3797494v1|c0	miniprot	REF|36080_nrrl-3631_MAT_Plus|gene1|sexP	1293	1.0	322
GCA_037974945.1_ASM3797494v1|w0|t0	GCA_037974945.1_ASM3797494v1	cand	GCA_037974945.1_ASM3797494v1|w0	tblastn	REF|101119_atcc11807_MAT_Minus|gene0|sexM	65.8	E=0.001	78
GCA_039881115.1_ASM3988111v1|w0|t0	GCA_039881115.1_ASM3988111v1	cand	GCA_039881115.1_ASM3988111v1|w0	tblastn	REF|101119_atcc11807_MAT_Plus|gene0|sexP	123.6	E=0.00063	117
GCA_040206765.1_ASM4020676v1|c0|m0	GCA_040206765.1_ASM4020676v1	cand	GCA_040206765.1_ASM4020676v1|c0	miniprot	REF|86630_cbs357-93_MAT_Minus|gene0|sexM	831	1.0	185
GCA_040206765.1_ASM4020676v1|w1|t1	GCA_040206765.1_ASM4020676v1	cand	GCA_040206765.1_ASM4020676v1|w1	tblastn	REF|101119_atcc11807_MAT_Minus|gene0|sexM	24.3	E=0.38	32
GCA_040206765.1_ASM4020676v1|w1|t3	GCA_040206765.1_ASM4020676v1	cand	GCA_040206765.1_ASM4020676v1|w1	tblastn	REF|101119_atcc11807_MAT_Plus|gene0|sexP	20.8	E=9.2	79
GCA_040206765.1_ASM4020676v1|w1|t4	GCA_040206765.1_ASM4020676v1	cand	GCA_040206765.1_ASM4020676v1|w1	tblastn	REF|64495_cbs110-17_MAT_Minus|gene1|sexM	26.9	E=0.056	69
GCA_040206765.1_ASM4020676v1|w1|t5	GCA_040206765.1_ASM4020676v1	cand	GCA_040206765.1_ASM4020676v1|w1	tblastn	REF|3231046_uomd23-19_MAT_Plus|gene1|sexP	23.1	E=1.6	56
GCA_040206765.1_ASM4020676v1|w1|t8	GCA_040206765.1_ASM4020676v1	cand	GCA_040206765.1_ASM4020676v1|w1	tblastn	REF|101119_atcc11807_MAT_Plus|gene0|sexP	21.9	E=4.2	58
GCA_040206765.1_ASM4020676v1|w2|t0	GCA_040206765.1_ASM4020676v1	cand	GCA_040206765.1_ASM4020676v1|w2	tblastn	REF|101119_atcc11807_MAT_Plus|gene0|sexP	49.3	E=0.065	82
GCA_040206765.1_ASM4020676v1|w2|t1	GCA_040206765.1_ASM4020676v1	cand	GCA_040206765.1_ASM4020676v1|w2	tblastn	REF|36080_r7b_MAT_Minus|gene1|sexM	21.2	E=5	55
GCA_040206765.1_ASM4020676v1|w2|t3	GCA_040206765.1_ASM4020676v1	cand	GCA_040206765.1_ASM4020676v1|w2	tblastn	REF|86630_cbs357-93_MAT_Minus|gene0|sexM	42.7	E=1.2	43
GCA_040206765.1_ASM4020676v1|w2|t4	GCA_040206765.1_ASM4020676v1	cand	GCA_040206765.1_ASM4020676v1|w2	tblastn	REF|101119_atcc11807_MAT_Plus|gene0|sexP	22.3	E=2.9	50
GCA_040206765.1_ASM4020676v1|w2|t5	GCA_040206765.1_ASM4020676v1	cand	GCA_040206765.1_ASM4020676v1|w2	tblastn	REF|4850_vkm-f-921_MAT_Minus|gene0|sexM	21.2	E=3.9	36
GCA_040206765.1_ASM4020676v1|w2|t6	GCA_040206765.1_ASM4020676v1	cand	GCA_040206765.1_ASM4020676v1|w2	tblastn	REF|35722_atcc11077_MAT_Minus|gene0|sexM	23.5	E=0.76	30
GCA_040206765.1_ASM4020676v1|w2|t7	GCA_040206765.1_ASM4020676v1	cand	GCA_040206765.1_ASM4020676v1|w2	tblastn	REF|64495_cbs110-17_MAT_Minus|gene1|sexM	20.8	E=4.8	37
GCA_040209145.1_PhyblU21_2|c0|m0	GCA_040209145.1_PhyblU21_2	cand	GCA_040209145.1_PhyblU21_2|c0	miniprot	REF|4837_ubc21_MAT_Plus|gene1|sexP	1528	1.0	297
GCA_040209185.1_Phybl_L51_1|c0|m0	GCA_040209185.1_Phybl_L51_1	cand	GCA_040209185.1_Phybl_L51_1|c0	miniprot	REF|4837_nrrl1555_MAT_Minus|gene1|sexM	1098	1.0	211
GCA_040256725.1_ASM4025672v1|c0|m0	GCA_040256725.1_ASM4025672v1	cand	GCA_040256725.1_ASM4025672v1|c0	miniprot	REF|36080_r7b_MAT_Minus|gene1|sexM	1284	1.0	248
GCA_040256725.1_ASM4025672v1|w0|t0	GCA_040256725.1_ASM4025672v1	cand	GCA_040256725.1_ASM4025672v1|w0	tblastn	REF|64495_cbs110-17_MAT_Minus|gene1|sexM	82.0	E=0.001	82
GCA_040366295.1_Hpulcur_1.0|c0|m0	GCA_040366295.1_Hpulcur_1.0	cand	GCA_040366295.1_Hpulcur_1.0|c0	miniprot	REF|3108396_ai-2023a_MAT_Plus|gene2|sexP	598	0.934	289
GCA_040366295.1_Hpulcur_1.0|w0|t0	GCA_040366295.1_Hpulcur_1.0	cand	GCA_040366295.1_Hpulcur_1.0|w0	tblastn	REF|3108396_ai-2023a_MAT_Plus|gene2|sexP	44.3	E=0.82	39
GCA_040366295.1_Hpulcur_1.0|w0|t1	GCA_040366295.1_Hpulcur_1.0	cand	GCA_040366295.1_Hpulcur_1.0|w0	tblastn	REF|36080_nrrl-3631_MAT_Plus|gene1|sexP	38.1	E=4e-07	48
GCA_040366295.1_Hpulcur_1.0|w2|t0	GCA_040366295.1_Hpulcur_1.0	cand	GCA_040366295.1_Hpulcur_1.0|w2	tblastn	REF|64495_cbs110-17_MAT_Minus|gene1|sexM	37.8	E=6.4	63
GCA_040366295.1_Hpulcur_1.0|w2|t1	GCA_040366295.1_Hpulcur_1.0	cand	GCA_040366295.1_Hpulcur_1.0|w2	tblastn	REF|3108396_ai-2023a_MAT_Plus|gene2|sexP	77.0	E=0.0008	125
GCA_040367835.1_Mfluvus_1.0|c0|m0	GCA_040367835.1_Mfluvus_1.0	cand	GCA_040367835.1_Mfluvus_1.0|c0	miniprot	REF|3108396_ai-2023a_MAT_Plus|gene2|sexP	557	0.891	282
GCA_040367835.1_Mfluvus_1.0|w0|t0	GCA_040367835.1_Mfluvus_1.0	cand	GCA_040367835.1_Mfluvus_1.0|w0	tblastn	REF|64495_cbs346-36_MAT_Plus|gene2|sexP	90.4	E=0.01	146
GCA_040807105.1_ASM4080710v1|nc0|m0	GCA_040807105.1_ASM4080710v1	cand	GCA_040807105.1_ASM4080710v1|nc0	miniprot	REF|36080_r7b_MAT_Minus|gene1|sexM	916	1.0	256
GCA_040807105.1_ASM4080710v1|w1|t0	GCA_040807105.1_ASM4080710v1	cand	GCA_040807105.1_ASM4080710v1|w1	tblastn	REF|3231046_uomau377_MAT_Minus|gene1|sexM	72.8	E=2.9e-05	123
GCA_040807105.1_ASM4080710v1|w2|t0	GCA_040807105.1_ASM4080710v1	cand	GCA_040807105.1_ASM4080710v1|w2	tblastn	REF|3108396_ai-2023a_MAT_Plus|gene2|sexP	78.1	E=6.3e-07	88
GCA_040807105.1_ASM4080710v1|w3|t0	GCA_040807105.1_ASM4080710v1	cand	GCA_040807105.1_ASM4080710v1|w3	tblastn	REF|35722_atcc11077_MAT_Minus|gene0|sexM	45.4	E=0.007	75
GCA_040807125.1_ASM4080712v1|w0|t0	GCA_040807125.1_ASM4080712v1	cand	GCA_040807125.1_ASM4080712v1|w0	tblastn	REF|4837_ubc21_MAT_Plus|gene1|sexP	88.9	E=1.4e-07	125
GCA_040807145.1_ASM4080714v1|w0|t0	GCA_040807145.1_ASM4080714v1	cand	GCA_040807145.1_ASM4080714v1|w0	tblastn	REF|36080_nrrl-3631_MAT_Plus|gene1|sexP	53.9	E=0.8	65
GCA_040807145.1_ASM4080714v1|w1|t0	GCA_040807145.1_ASM4080714v1	cand	GCA_040807145.1_ASM4080714v1|w1	tblastn	REF|101119_atcc11807_MAT_Minus|gene0|sexM	49.6	E=1.6	48
GCA_044232465.1_ASM4423246v1|c0|m0	GCA_044232465.1_ASM4423246v1	cand	GCA_044232465.1_ASM4423246v1|c0	miniprot	REF|4837_nrrl1555_MAT_Minus|gene1|sexM	211	0.948	196
GCA_045269135.1_ASM4526913v1|w0|t0	GCA_045269135.1_ASM4526913v1	cand	GCA_045269135.1_ASM4526913v1|w0	tblastn	REF|29922_cbs109-16_MAT_Minus|gene1|sexM	26.6	E=0.084	31
GCA_045269135.1_ASM4526913v1|w0|t1	GCA_045269135.1_ASM4526913v1	cand	GCA_045269135.1_ASM4526913v1|w0	tblastn	REF|4837_nrrl1555_MAT_Minus|gene1|sexM	42.0	E=9.8e-07	51
GCA_045269135.1_ASM4526913v1|w0|t2	GCA_045269135.1_ASM4526913v1	cand	GCA_045269135.1_ASM4526913v1|w0	tblastn	REF|64495_cbs346-36_MAT_Plus|gene2|sexP	37.0	E=9.6e-05	56
GCA_045269135.1_ASM4526913v1|w1|t0	GCA_045269135.1_ASM4526913v1	cand	GCA_045269135.1_ASM4526913v1|w1	tblastn	REF|4837_ubc21_MAT_Plus|gene1|sexP	48.1	E=2.7e-08	64
GCA_045269135.1_ASM4526913v1|w1|t2	GCA_045269135.1_ASM4526913v1	cand	GCA_045269135.1_ASM4526913v1|w1	tblastn	REF|3231046_uomau377_MAT_Minus|gene1|sexM	22.3	E=2.4	52
GCA_045269135.1_ASM4526913v1|w2|t0	GCA_045269135.1_ASM4526913v1	cand	GCA_045269135.1_ASM4526913v1|w2	tblastn	REF|64495_cbs110-17_MAT_Minus|gene1|sexM	27.3	E=0.038	37
GCA_045269135.1_ASM4526913v1|w3|t0	GCA_045269135.1_ASM4526913v1	cand	GCA_045269135.1_ASM4526913v1|w3	tblastn	REF|36080_nrrl-3631_MAT_Plus|gene1|sexP	28.9	E=0.031	50
GCA_045269135.1_ASM4526913v1|w3|t1	GCA_045269135.1_ASM4526913v1	cand	GCA_045269135.1_ASM4526913v1|w3	tblastn	REF|101119_atcc11807_MAT_Plus|gene0|sexP	22.7	E=2	34
GCA_045269135.1_ASM4526913v1|w3|t3	GCA_045269135.1_ASM4526913v1	cand	GCA_045269135.1_ASM4526913v1|w3	tblastn	REF|4850_vkm-f-921_MAT_Minus|gene0|sexM	25.0	E=0.3	31
GCA_045269135.1_ASM4526913v1|w4|t0	GCA_045269135.1_ASM4526913v1	cand	GCA_045269135.1_ASM4526913v1|w4	tblastn	REF|4837_ubc21_MAT_Plus|gene1|sexP	28.1	E=0.047	43
GCA_045269135.1_ASM4526913v1|w4|t1	GCA_045269135.1_ASM4526913v1	cand	GCA_045269135.1_ASM4526913v1|w4	tblastn	REF|86630_cbs357-93_MAT_Minus|gene0|sexM	21.2	E=3.7	39
GCA_045269135.1_ASM4526913v1|w4|t2	GCA_045269135.1_ASM4526913v1	cand	GCA_045269135.1_ASM4526913v1|w4	tblastn	REF|3108396_ai-2023a_MAT_Plus|gene2|sexP	22.7	E=2.1	40
GCA_045269135.1_ASM4526913v1|w4|t3	GCA_045269135.1_ASM4526913v1	cand	GCA_045269135.1_ASM4526913v1|w4	tblastn	REF|4837_nrrl1555_MAT_Minus|gene1|sexM	27.3	E=0.055	39
GCA_045269135.1_ASM4526913v1|h1|t0	GCA_045269135.1_ASM4526913v1	nonlocus	GCA_045269135.1_ASM4526913v1|h1	tblastn	REF|4837_ubc21_MAT_Plus|gene1|sexP	95.5	E=1.8e-11	118
GCA_045269135.1_ASM4526913v1|h2|t0	GCA_045269135.1_ASM4526913v1	nonlocus	GCA_045269135.1_ASM4526913v1|h2	tblastn	REF|4837_ubc21_MAT_Plus|gene1|sexP	22.7	E=2.2	31
GCA_045269135.1_ASM4526913v1|h2|t1	GCA_045269135.1_ASM4526913v1	nonlocus	GCA_045269135.1_ASM4526913v1|h2	tblastn	REF|86630_cbs357-93_MAT_Minus|gene0|sexM	67.0	E=1.9e-15	93
GCA_045269135.1_ASM4526913v1|h7|t0	GCA_045269135.1_ASM4526913v1	nonlocus	GCA_045269135.1_ASM4526913v1|h7	tblastn	REF|4837_nrrl1555_MAT_Minus|gene1|sexM	37.4	E=2.9e-05	60
GCA_048164915.1_ASM4816491v1|c0|m0	GCA_048164915.1_ASM4816491v1	cand	GCA_048164915.1_ASM4816491v1|c0	miniprot	REF|64495_cbs110-17_MAT_Minus|gene1|sexM	968	1.0	188
GCA_048164915.1_ASM4816491v1|w0|t1	GCA_048164915.1_ASM4816491v1	cand	GCA_048164915.1_ASM4816491v1|w0	tblastn	REF|64495_cbs346-36_MAT_Plus|gene2|sexP	62.0	E=3.2	75
GCA_048164915.1_ASM4816491v1|w1|t0	GCA_048164915.1_ASM4816491v1	cand	GCA_048164915.1_ASM4816491v1|w1	tblastn	REF|36080_nrrl-3631_MAT_Plus|gene1|sexP	68.9	E=0.011	112
GCA_048164915.1_ASM4816491v1|w1|t1	GCA_048164915.1_ASM4816491v1	cand	GCA_048164915.1_ASM4816491v1|w1	tblastn	REF|4837_nrrl1555_MAT_Minus|gene1|sexM	23.1	E=0.4	37
GCA_048164915.1_ASM4816491v1|w1|t2	GCA_048164915.1_ASM4816491v1	cand	GCA_048164915.1_ASM4816491v1|w1	tblastn	REF|36080_r7b_MAT_Minus|gene1|sexM	42.3	E=0.62	49
GCA_048164995.1_ASM4816499v1|w0|t0	GCA_048164995.1_ASM4816499v1	cand	GCA_048164995.1_ASM4816499v1|w0	tblastn	REF|3231046_uomd23-19_MAT_Plus|gene1|sexP	21.9	E=4.8	46
GCA_048164995.1_ASM4816499v1|w0|t1	GCA_048164995.1_ASM4816499v1	cand	GCA_048164995.1_ASM4816499v1|w0	tblastn	REF|29922_cbs109-16_MAT_Minus|gene1|sexM	73.9	E=3.6e-10	72
GCA_048164995.1_ASM4816499v1|w0|t2	GCA_048164995.1_ASM4816499v1	cand	GCA_048164995.1_ASM4816499v1|w0	tblastn	REF|4850_vkm-f-921_MAT_Minus|gene0|sexM	20.0	E=9.8	37
GCA_048164995.1_ASM4816499v1|w0|t3	GCA_048164995.1_ASM4816499v1	cand	GCA_048164995.1_ASM4816499v1|w0	tblastn	REF|86630_cbs357-93_MAT_Minus|gene0|sexM	22.3	E=1.8	32
GCA_048164995.1_ASM4816499v1|w0|t5	GCA_048164995.1_ASM4816499v1	cand	GCA_048164995.1_ASM4816499v1|w0	tblastn	REF|29922_cbs109-16_MAT_Minus|gene1|sexM	42.7	E=3.2	72
GCA_048164995.1_ASM4816499v1|w0|t6	GCA_048164995.1_ASM4816499v1	cand	GCA_048164995.1_ASM4816499v1|w0	tblastn	REF|36080_r7b_MAT_Minus|gene1|sexM	43.1	E=3.5	105
GCA_048164995.1_ASM4816499v1|w0|t7	GCA_048164995.1_ASM4816499v1	cand	GCA_048164995.1_ASM4816499v1|w0	tblastn	REF|36080_nrrl-3631_MAT_Plus|gene1|sexP	42.0	E=2.6e-06	95
GCA_048164995.1_ASM4816499v1|w1|t0	GCA_048164995.1_ASM4816499v1	cand	GCA_048164995.1_ASM4816499v1|w1	tblastn	REF|3231046_uomau377_MAT_Minus|gene1|sexM	43.5	E=1	47
GCA_048164995.1_ASM4816499v1|w1|t1	GCA_048164995.1_ASM4816499v1	cand	GCA_048164995.1_ASM4816499v1|w1	tblastn	REF|36080_nrrl-3631_MAT_Plus|gene1|sexP	42.4	E=8	38
GCA_048164995.1_ASM4816499v1|w1|t2	GCA_048164995.1_ASM4816499v1	cand	GCA_048164995.1_ASM4816499v1|w1	tblastn	REF|101119_atcc11807_MAT_Plus|gene0|sexP	26.6	E=0.15	93
GCA_048164995.1_ASM4816499v1|w1|t3	GCA_048164995.1_ASM4816499v1	cand	GCA_048164995.1_ASM4816499v1|w1	tblastn	REF|64495_cbs110-17_MAT_Minus|gene1|sexM	23.5	E=0.66	70
GCA_048164995.1_ASM4816499v1|w1|t4	GCA_048164995.1_ASM4816499v1	cand	GCA_048164995.1_ASM4816499v1|w1	tblastn	REF|36080_r7b_MAT_Minus|gene1|sexM	43.1	E=2.8	62
GCA_048164995.1_ASM4816499v1|w2|t0	GCA_048164995.1_ASM4816499v1	cand	GCA_048164995.1_ASM4816499v1|w2	tblastn	REF|3231046_uomd23-19_MAT_Plus|gene1|sexP	24.3	E=0.91	65
GCA_048164995.1_ASM4816499v1|w2|t1	GCA_048164995.1_ASM4816499v1	cand	GCA_048164995.1_ASM4816499v1|w2	tblastn	REF|36080_r7b_MAT_Minus|gene1|sexM	48.9	E=0.045	155
GCA_048164995.1_ASM4816499v1|w2|t2	GCA_048164995.1_ASM4816499v1	cand	GCA_048164995.1_ASM4816499v1|w2	tblastn	REF|64495_cbs346-36_MAT_Plus|gene2|sexP	22.7	E=2.9	97
GCA_048164995.1_ASM4816499v1|w2|t4	GCA_048164995.1_ASM4816499v1	cand	GCA_048164995.1_ASM4816499v1|w2	tblastn	REF|3231046_uomau377_MAT_Minus|gene1|sexM	21.6	E=3.8	66
GCA_048164995.1_ASM4816499v1|w2|t5	GCA_048164995.1_ASM4816499v1	cand	GCA_048164995.1_ASM4816499v1|w2	tblastn	REF|4837_nrrl1555_MAT_Minus|gene1|sexM	20.8	E=6.2	72
GCA_048164995.1_ASM4816499v1|w3|t2	GCA_048164995.1_ASM4816499v1	cand	GCA_048164995.1_ASM4816499v1|w3	tblastn	REF|36080_nrrl-3631_MAT_Plus|gene1|sexP	65.1	E=2.4e-06	97
GCA_048772875.1_ASM4877287v1|c0|m0	GCA_048772875.1_ASM4877287v1	cand	GCA_048772875.1_ASM4877287v1|c0	miniprot	REF|36080_nrrl-3631_MAT_Plus|gene1|sexP	1286	1.0	322
GCA_049334105.2_ASM4933410v2|c0|m0	GCA_049334105.2_ASM4933410v2	cand	GCA_049334105.2_ASM4933410v2|c0	miniprot	REF|101119_atcc11807_MAT_Plus|gene0|sexP	346	0.961	291
GCA_049334105.2_ASM4933410v2|w0|t0	GCA_049334105.2_ASM4933410v2	cand	GCA_049334105.2_ASM4933410v2|w0	tblastn	REF|86630_cbs357-93_MAT_Minus|gene0|sexM	22.3	E=1.6	32
GCA_049334105.2_ASM4933410v2|w0|t2	GCA_049334105.2_ASM4933410v2	cand	GCA_049334105.2_ASM4933410v2|w0	tblastn	REF|3108396_ai-2023a_MAT_Plus|gene2|sexP	24.6	E=0.5	79
GCA_049334105.2_ASM4933410v2|w0|t3	GCA_049334105.2_ASM4933410v2	cand	GCA_049334105.2_ASM4933410v2|w0	tblastn	REF|64495_cbs110-17_MAT_Minus|gene1|sexM	25.4	E=0.17	36
GCA_049334105.2_ASM4933410v2|w0|t4	GCA_049334105.2_ASM4933410v2	cand	GCA_049334105.2_ASM4933410v2|w0	tblastn	REF|86630_cbs357-93_MAT_Minus|gene0|sexM	59.7	E=3.7e-06	60
GCA_049334105.2_ASM4933410v2|w1|t0	GCA_049334105.2_ASM4933410v2	cand	GCA_049334105.2_ASM4933410v2|w1	tblastn	REF|4837_ubc21_MAT_Plus|gene1|sexP	41.2	E=3.3e-06	51
GCA_049334105.2_ASM4933410v2|w1|t1	GCA_049334105.2_ASM4933410v2	cand	GCA_049334105.2_ASM4933410v2|w1	tblastn	REF|101119_atcc11807_MAT_Minus|gene0|sexM	36.1	E=6.5	69
GCA_049334105.2_ASM4933410v2|w1|t2	GCA_049334105.2_ASM4933410v2	cand	GCA_049334105.2_ASM4933410v2|w1	tblastn	REF|4850_vkm-f-921_MAT_Minus|gene0|sexM	29.3	E=0.012	32
GCA_049334105.2_ASM4933410v2|w2|t0	GCA_049334105.2_ASM4933410v2	cand	GCA_049334105.2_ASM4933410v2|w2	tblastn	REF|3108396_ai-2023a_MAT_Plus|gene2|sexP	24.3	E=0.71	68
GCA_049334105.2_ASM4933410v2|w2|t1	GCA_049334105.2_ASM4933410v2	cand	GCA_049334105.2_ASM4933410v2|w2	tblastn	REF|64495_cbs346-36_MAT_Plus|gene2|sexP	21.9	E=4.3	71
GCA_049334105.2_ASM4933410v2|w2|t3	GCA_049334105.2_ASM4933410v2	cand	GCA_049334105.2_ASM4933410v2|w2	tblastn	REF|36080_r7b_MAT_Minus|gene1|sexM	32.3	E=0.001	57
GCA_049334105.2_ASM4933410v2|w2|t4	GCA_049334105.2_ASM4933410v2	cand	GCA_049334105.2_ASM4933410v2|w2	tblastn	REF|64495_cbs110-17_MAT_Minus|gene1|sexM	21.6	E=2.9	47
GCA_049334105.2_ASM4933410v2|w2|t5	GCA_049334105.2_ASM4933410v2	cand	GCA_049334105.2_ASM4933410v2|w2	tblastn	REF|3108396_ai-2023a_MAT_Plus|gene2|sexP	23.5	E=1.4	30
GCA_049334105.2_ASM4933410v2|w2|t7	GCA_049334105.2_ASM4933410v2	cand	GCA_049334105.2_ASM4933410v2|w2	tblastn	REF|101119_atcc11807_MAT_Minus|gene0|sexM	23.9	E=0.55	70
GCA_049334105.2_ASM4933410v2|w2|t8	GCA_049334105.2_ASM4933410v2	cand	GCA_049334105.2_ASM4933410v2|w2	tblastn	REF|3231046_uomau377_MAT_Minus|gene1|sexM	20.4	E=8.9	31
GCA_049334105.2_ASM4933410v2|w2|t9	GCA_049334105.2_ASM4933410v2	cand	GCA_049334105.2_ASM4933410v2|w2	tblastn	REF|4837_ubc21_MAT_Plus|gene1|sexP	21.2	E=6.7	62
GCA_049334105.2_ASM4933410v2|h1|t0	GCA_049334105.2_ASM4933410v2	nonlocus	GCA_049334105.2_ASM4933410v2|h1	tblastn	REF|101119_atcc11807_MAT_Minus|gene0|sexM	82.8	E=7.4e-13	118
GCA_049334105.2_ASM4933410v2|h4|t0	GCA_049334105.2_ASM4933410v2	nonlocus	GCA_049334105.2_ASM4933410v2|h4	tblastn	REF|29922_cbs109-16_MAT_Minus|gene1|sexM	78.6	E=5.6e-12	105
GCA_049334105.2_ASM4933410v2|h2|t0	GCA_049334105.2_ASM4933410v2	nonlocus	GCA_049334105.2_ASM4933410v2|h2	tblastn	REF|101119_atcc11807_MAT_Minus|gene0|sexM	56.6	E=6.9e-12	104
GCA_049334105.2_ASM4933410v2|h2|t1	GCA_049334105.2_ASM4933410v2	nonlocus	GCA_049334105.2_ASM4933410v2|h2	tblastn	REF|64495_cbs346-36_MAT_Plus|gene2|sexP	21.9	E=4.3	40
GCA_049863895.1_ASM4986389v1|c0|m0	GCA_049863895.1_ASM4986389v1	cand	GCA_049863895.1_ASM4986389v1|c0	miniprot	REF|64495_cbs346-36_MAT_Plus|gene2|sexP	1623	1.0	313
GCA_049863895.1_ASM4986389v1|w0|t0	GCA_049863895.1_ASM4986389v1	cand	GCA_049863895.1_ASM4986389v1|w0	tblastn	REF|101119_atcc11807_MAT_Plus|gene0|sexP	88.6	E=0.001	91
GCA_050389755.1_R_arrhizus_W17_v1.0|c0|m0	GCA_050389755.1_R_arrhizus_W17_v1.0	cand	GCA_050389755.1_R_arrhizus_W17_v1.0|c0	miniprot	REF|64495_cbs110-17_MAT_Minus|gene1|sexM	968	1.0	188
GCA_050389755.1_R_arrhizus_W17_v1.0|w0|t0	GCA_050389755.1_R_arrhizus_W17_v1.0	cand	GCA_050389755.1_R_arrhizus_W17_v1.0|w0	tblastn	REF|101119_atcc11807_MAT_Plus|gene0|sexP	88.6	E=0.002	91
GCA_050389755.1_R_arrhizus_W17_v1.0|w1|t0	GCA_050389755.1_R_arrhizus_W17_v1.0	cand	GCA_050389755.1_R_arrhizus_W17_v1.0|w1	tblastn	REF|86630_cbs357-93_MAT_Minus|gene0|sexM	47.4	E=0.003	91
GCA_050656845.1_ASM5065684v1|nc0|m0	GCA_050656845.1_ASM5065684v1	cand	GCA_050656845.1_ASM5065684v1|nc0	miniprot	REF|3231046_uomau377_MAT_Minus|gene1|sexM	334	0.755	185
GCA_050656845.1_ASM5065684v1|w1|t0	GCA_050656845.1_ASM5065684v1	cand	GCA_050656845.1_ASM5065684v1|w1	tblastn	REF|4837_ubc21_MAT_Plus|gene1|sexP	38.1	E=3.6e-05	62
GCA_050656845.1_ASM5065684v1|w2|t0	GCA_050656845.1_ASM5065684v1	cand	GCA_050656845.1_ASM5065684v1|w2	tblastn	REF|4837_ubc21_MAT_Plus|gene1|sexP	58.2	E=7.3e-05	164
GCA_050656845.1_ASM5065684v1|w3|t0	GCA_050656845.1_ASM5065684v1	cand	GCA_050656845.1_ASM5065684v1|w3	tblastn	REF|101119_atcc11807_MAT_Minus|gene0|sexM	30.4	E=0.004	54
GCA_050656845.1_ASM5065684v1|w3|t1	GCA_050656845.1_ASM5065684v1	cand	GCA_050656845.1_ASM5065684v1|w3	tblastn	REF|35722_atcc11077_MAT_Minus|gene0|sexM	21.2	E=3.3	31
GCA_050656845.1_ASM5065684v1|w4|t0	GCA_050656845.1_ASM5065684v1	cand	GCA_050656845.1_ASM5065684v1|w4	tblastn	REF|86630_cbs357-93_MAT_Minus|gene0|sexM	25.4	E=0.14	67
GCA_050656845.1_ASM5065684v1|w4|t2	GCA_050656845.1_ASM5065684v1	cand	GCA_050656845.1_ASM5065684v1|w4	tblastn	REF|4837_ubc21_MAT_Plus|gene1|sexP	56.2	E=1.5e-05	65
GCA_050656845.1_ASM5065684v1|w5|t0	GCA_050656845.1_ASM5065684v1	cand	GCA_050656845.1_ASM5065684v1|w5	tblastn	REF|36080_nrrl-3631_MAT_Plus|gene1|sexP	51.2	E=0.17	115
GCA_050656845.1_ASM5065684v1|w5|t1	GCA_050656845.1_ASM5065684v1	cand	GCA_050656845.1_ASM5065684v1|w5	tblastn	REF|4850_vkm-f-921_MAT_Minus|gene0|sexM	23.9	E=0.59	87
GCA_050656845.1_ASM5065684v1|w5|t2	GCA_050656845.1_ASM5065684v1	cand	GCA_050656845.1_ASM5065684v1|w5	tblastn	REF|29922_cbs109-16_MAT_Minus|gene1|sexM	28.9	E=0.016	34
GCA_050656845.1_ASM5065684v1|w6|t0	GCA_050656845.1_ASM5065684v1	cand	GCA_050656845.1_ASM5065684v1|w6	tblastn	REF|64495_cbs346-36_MAT_Plus|gene2|sexP	55.8	E=0.006	138
GCA_050656845.1_ASM5065684v1|w7|t0	GCA_050656845.1_ASM5065684v1	cand	GCA_050656845.1_ASM5065684v1|w7	tblastn	REF|4837_ubc21_MAT_Plus|gene1|sexP	43.2	E=4.2	84
GCA_050656845.1_ASM5065684v1|w7|t1	GCA_050656845.1_ASM5065684v1	cand	GCA_050656845.1_ASM5065684v1|w7	tblastn	REF|64495_cbs346-36_MAT_Plus|gene2|sexP	22.3	E=2.8	82
GCA_050656845.1_ASM5065684v1|w8|t2	GCA_050656845.1_ASM5065684v1	cand	GCA_050656845.1_ASM5065684v1|w8	tblastn	REF|101119_atcc11807_MAT_Minus|gene0|sexM	21.6	E=2.4	74
GCA_050656845.1_ASM5065684v1|w8|t3	GCA_050656845.1_ASM5065684v1	cand	GCA_050656845.1_ASM5065684v1|w8	tblastn	REF|4850_vkm-f-921_MAT_Minus|gene0|sexM	21.9	E=2.5	34
GCA_050656845.1_ASM5065684v1|w8|t5	GCA_050656845.1_ASM5065684v1	cand	GCA_050656845.1_ASM5065684v1|w8	tblastn	REF|4837_ubc21_MAT_Plus|gene1|sexP	31.2	E=0.005	65
GCA_050656845.1_ASM5065684v1|h2|t1	GCA_050656845.1_ASM5065684v1	nonlocus	GCA_050656845.1_ASM5065684v1|h2	tblastn	REF|36080_r7b_MAT_Minus|gene1|sexM	74.3	E=3.2e-10	139
GCA_050656845.1_ASM5065684v1|h3|t0	GCA_050656845.1_ASM5065684v1	nonlocus	GCA_050656845.1_ASM5065684v1|h3	tblastn	REF|101119_atcc11807_MAT_Minus|gene0|sexM	76.6	E=1.1e-11	107
GCA_050656845.1_ASM5065684v1|h4|t0	GCA_050656845.1_ASM5065684v1	nonlocus	GCA_050656845.1_ASM5065684v1|h4	tblastn	REF|3108396_ai-2023a_MAT_Plus|gene2|sexP	50.4	E=0.038	86
GCA_050656845.1_ASM5065684v1|h4|t1	GCA_050656845.1_ASM5065684v1	nonlocus	GCA_050656845.1_ASM5065684v1|h4	tblastn	REF|4837_ubc21_MAT_Plus|gene1|sexP	21.6	E=5.3	30
GCA_051295215.1_Mcir_PS15m_1.0|c0|m0	GCA_051295215.1_Mcir_PS15m_1.0	cand	GCA_051295215.1_Mcir_PS15m_1.0|c0	miniprot	REF|36080_r7b_MAT_Minus|gene1|sexM	701	1.0	256
GCA_051295215.1_Mcir_PS15m_1.0|w0|t0	GCA_051295215.1_Mcir_PS15m_1.0	cand	GCA_051295215.1_Mcir_PS15m_1.0|w0	tblastn	REF|101119_atcc11807_MAT_Minus|gene0|sexM	63.9	E=0.001	64
GCA_051307255.1_Mcir_PS15p_1.0|c0|m0	GCA_051307255.1_Mcir_PS15p_1.0	cand	GCA_051307255.1_Mcir_PS15p_1.0|c0	miniprot	REF|36080_nrrl-3631_MAT_Plus|gene1|sexP	1284	1.0	322
GCA_051307255.1_Mcir_PS15p_1.0|w0|t0	GCA_051307255.1_Mcir_PS15p_1.0	cand	GCA_051307255.1_Mcir_PS15p_1.0|w0	tblastn	REF|101119_atcc11807_MAT_Minus|gene0|sexM	63.9	E=0.001	64
GCA_051997045.1_ASM5199704v1|c0|m0	GCA_051997045.1_ASM5199704v1	cand	GCA_051997045.1_ASM5199704v1|c0	miniprot	REF|86630_cbs357-93_MAT_Minus|gene0|sexM	934	1.0	185
GCA_051997065.1_ASM5199706v1|c0|m0	GCA_051997065.1_ASM5199706v1	cand	GCA_051997065.1_ASM5199706v1|c0	miniprot	REF|86630_cbs357-93_MAT_Minus|gene0|sexM	934	1.0	185
GCA_051997065.1_ASM5199706v1|w0|t0	GCA_051997065.1_ASM5199706v1	cand	GCA_051997065.1_ASM5199706v1|w0	tblastn	REF|101119_atcc11807_MAT_Minus|gene0|sexM	46.2	E=1.9e-08	85
GCA_051997065.1_ASM5199706v1|w0|t1	GCA_051997065.1_ASM5199706v1	cand	GCA_051997065.1_ASM5199706v1|w0	tblastn	REF|4837_nrrl1555_MAT_Minus|gene1|sexM	71.7	E=1.1e-08	159
GCA_051997065.1_ASM5199706v1|w0|t2	GCA_051997065.1_ASM5199706v1	cand	GCA_051997065.1_ASM5199706v1|w0	tblastn	REF|64495_cbs110-17_MAT_Minus|gene1|sexM	23.5	E=0.43	36
GCA_051997065.1_ASM5199706v1|w1|t1	GCA_051997065.1_ASM5199706v1	cand	GCA_051997065.1_ASM5199706v1|w1	tblastn	REF|35722_atcc11077_MAT_Minus|gene0|sexM	41.2	E=2.7	72
GCA_051997065.1_ASM5199706v1|w1|t2	GCA_051997065.1_ASM5199706v1	cand	GCA_051997065.1_ASM5199706v1|w1	tblastn	REF|3108396_ai-2023a_MAT_Plus|gene2|sexP	22.7	E=1.5	37
GCA_051997065.1_ASM5199706v1|w1|t3	GCA_051997065.1_ASM5199706v1	cand	GCA_051997065.1_ASM5199706v1|w1	tblastn	REF|101119_atcc11807_MAT_Plus|gene0|sexP	21.2	E=4.6	79
GCA_051997065.1_ASM5199706v1|w1|t4	GCA_051997065.1_ASM5199706v1	cand	GCA_051997065.1_ASM5199706v1|w1	tblastn	REF|64495_cbs110-17_MAT_Minus|gene1|sexM	26.9	E=0.04	69
GCA_051997065.1_ASM5199706v1|w1|t6	GCA_051997065.1_ASM5199706v1	cand	GCA_051997065.1_ASM5199706v1|w1	tblastn	REF|3231046_uomd23-19_MAT_Plus|gene1|sexP	23.1	E=1.2	56
GCA_051997065.1_ASM5199706v1|w1|t10	GCA_051997065.1_ASM5199706v1	cand	GCA_051997065.1_ASM5199706v1|w1	tblastn	REF|35722_atcc11077_MAT_Minus|gene0|sexM	19.6	E=9	40
GCA_051997145.1_ASM5199714v1|c0|m0	GCA_051997145.1_ASM5199714v1	cand	GCA_051997145.1_ASM5199714v1|c0	miniprot	REF|86630_cbs357-93_MAT_Minus|gene0|sexM	902	1.0	186
GCA_051997165.1_ASM5199716v1|c0|m0	GCA_051997165.1_ASM5199716v1	cand	GCA_051997165.1_ASM5199716v1|c0	miniprot	REF|86630_cbs357-93_MAT_Minus|gene0|sexM	934	1.0	185
GCA_051997165.1_ASM5199716v1|w0|t1	GCA_051997165.1_ASM5199716v1	cand	GCA_051997165.1_ASM5199716v1|w0	tblastn	REF|101119_atcc11807_MAT_Minus|gene0|sexM	18.9	E=5.6	49
GCA_051997165.1_ASM5199716v1|w0|t2	GCA_051997165.1_ASM5199716v1	cand	GCA_051997165.1_ASM5199716v1|w0	tblastn	REF|4837_ubc21_MAT_Plus|gene1|sexP	60.8	E=1.6	93
GCA_051997165.1_ASM5199716v1|w0|t3	GCA_051997165.1_ASM5199716v1	cand	GCA_051997165.1_ASM5199716v1|w0	tblastn	REF|4837_nrrl1555_MAT_Minus|gene1|sexM	71.7	E=4.1e-09	159
GCA_051997165.1_ASM5199716v1|w0|t4	GCA_051997165.1_ASM5199716v1	cand	GCA_051997165.1_ASM5199716v1|w0	tblastn	REF|36080_r7b_MAT_Minus|gene1|sexM	40.0	E=1.4e-06	85
GCA_051997195.1_ASM5199719v1|c0|m0	GCA_051997195.1_ASM5199719v1	cand	GCA_051997195.1_ASM5199719v1|c0	miniprot	REF|86630_cbs357-93_MAT_Minus|gene0|sexM	898	1.0	186
GCA_051997195.1_ASM5199719v1|w0|t0	GCA_051997195.1_ASM5199719v1	cand	GCA_051997195.1_ASM5199719v1|w0	tblastn	REF|3108396_ai-2023a_MAT_Plus|gene2|sexP	23.9	E=0.33	47
GCA_051997195.1_ASM5199719v1|w0|t1	GCA_051997195.1_ASM5199719v1	cand	GCA_051997195.1_ASM5199719v1|w0	tblastn	REF|36080_r7b_MAT_Minus|gene1|sexM	40.4	E=2.9	63
GCA_051997195.1_ASM5199719v1|w0|t2	GCA_051997195.1_ASM5199719v1	cand	GCA_051997195.1_ASM5199719v1|w0	tblastn	REF|4837_ubc21_MAT_Plus|gene1|sexP	20.0	E=5.8	55
GCA_051997195.1_ASM5199719v1|w0|t4	GCA_051997195.1_ASM5199719v1	cand	GCA_051997195.1_ASM5199719v1|w0	tblastn	REF|64495_cbs110-17_MAT_Minus|gene1|sexM	26.9	E=0.02	69
GCA_051997195.1_ASM5199719v1|w0|t5	GCA_051997195.1_ASM5199719v1	cand	GCA_051997195.1_ASM5199719v1|w0	tblastn	REF|101119_atcc11807_MAT_Plus|gene0|sexP	80.4	E=2.5	196
GCA_052058875.1_Matr_PS6|c0|m0	GCA_052058875.1_Matr_PS6	cand	GCA_052058875.1_Matr_PS6|c0	miniprot	REF|36080_nrrl-3631_MAT_Plus|gene1|sexP	1284	1.0	322
GCA_052058875.1_Matr_PS6|w0|t0	GCA_052058875.1_Matr_PS6	cand	GCA_052058875.1_Matr_PS6|w0	tblastn	REF|101119_atcc11807_MAT_Minus|gene0|sexM	63.9	E=0.001	64
GCA_052058895.1_MBAN_PS3_1.0|c0|m0	GCA_052058895.1_MBAN_PS3_1.0	cand	GCA_052058895.1_MBAN_PS3_1.0|c0	miniprot	REF|36080_nrrl-3631_MAT_Plus|gene1|sexP	1465	1.0	326
GCA_052058895.1_MBAN_PS3_1.0|w0|t0	GCA_052058895.1_MBAN_PS3_1.0	cand	GCA_052058895.1_MBAN_PS3_1.0|w0	tblastn	REF|3231046_uomd23-19_MAT_Plus|gene1|sexP	80.5	E=9.8e-06	130
GCA_052058895.1_MBAN_PS3_1.0|w1|t0	GCA_052058895.1_MBAN_PS3_1.0	cand	GCA_052058895.1_MBAN_PS3_1.0|w1	tblastn	REF|64495_cbs346-36_MAT_Plus|gene2|sexP	41.2	E=1.9	75
GCA_052058895.1_MBAN_PS3_1.0|w1|t2	GCA_052058895.1_MBAN_PS3_1.0	cand	GCA_052058895.1_MBAN_PS3_1.0|w1	tblastn	REF|3231046_uomd23-19_MAT_Plus|gene1|sexP	30.8	E=0.003	80
GCA_052426225.1_ASM5242622v1|w0|t1	GCA_052426225.1_ASM5242622v1	cand	GCA_052426225.1_ASM5242622v1|w0	tblastn	REF|3108396_ai-2023a_MAT_Plus|gene2|sexP	27.7	E=0.075	32
GCA_052426225.1_ASM5242622v1|w0|t2	GCA_052426225.1_ASM5242622v1	cand	GCA_052426225.1_ASM5242622v1|w0	tblastn	REF|4850_vkm-f-921_MAT_Minus|gene0|sexM	41.2	E=7.1	62
GCA_052426225.1_ASM5242622v1|w0|t4	GCA_052426225.1_ASM5242622v1	cand	GCA_052426225.1_ASM5242622v1|w0	tblastn	REF|86630_cbs357-93_MAT_Minus|gene0|sexM	26.6	E=0.071	57
GCA_052426225.1_ASM5242622v1|w0|t5	GCA_052426225.1_ASM5242622v1	cand	GCA_052426225.1_ASM5242622v1|w0	tblastn	REF|4850_vkm-f-921_MAT_Minus|gene0|sexM	23.9	E=0.7	43
GCA_052426225.1_ASM5242622v1|w0|t7	GCA_052426225.1_ASM5242622v1	cand	GCA_052426225.1_ASM5242622v1|w0	tblastn	REF|36080_r7b_MAT_Minus|gene1|sexM	22.3	E=2.8	31
GCA_052426225.1_ASM5242622v1|w0|t8	GCA_052426225.1_ASM5242622v1	cand	GCA_052426225.1_ASM5242622v1|w0	tblastn	REF|64495_cbs346-36_MAT_Plus|gene2|sexP	20.8	E=10	32
GCA_052426225.1_ASM5242622v1|w0|t9	GCA_052426225.1_ASM5242622v1	cand	GCA_052426225.1_ASM5242622v1|w0	tblastn	REF|4850_vkm-f-921_MAT_Minus|gene0|sexM	27.3	E=0.062	59
GCA_052426225.1_ASM5242622v1|w0|t10	GCA_052426225.1_ASM5242622v1	cand	GCA_052426225.1_ASM5242622v1|w0	tblastn	REF|4850_vkm-f-921_MAT_Minus|gene0|sexM	29.3	E=0.013	59
GCA_052426225.1_ASM5242622v1|w0|t12	GCA_052426225.1_ASM5242622v1	cand	GCA_052426225.1_ASM5242622v1|w0	tblastn	REF|4850_vkm-f-921_MAT_Minus|gene0|sexM	22.7	E=1.7	59
GCA_052426225.1_ASM5242622v1|w0|t15	GCA_052426225.1_ASM5242622v1	cand	GCA_052426225.1_ASM5242622v1|w0	tblastn	REF|86630_cbs357-93_MAT_Minus|gene0|sexM	27.7	E=0.032	57
GCA_052426225.1_ASM5242622v1|w1|t0	GCA_052426225.1_ASM5242622v1	cand	GCA_052426225.1_ASM5242622v1|w1	tblastn	REF|4837_ubc21_MAT_Plus|gene1|sexP	28.5	E=0.042	129
GCA_052426225.1_ASM5242622v1|w1|t1	GCA_052426225.1_ASM5242622v1	cand	GCA_052426225.1_ASM5242622v1|w1	tblastn	REF|4837_ubc21_MAT_Plus|gene1|sexP	22.3	E=3.1	40
GCA_052426225.1_ASM5242622v1|w1|t2	GCA_052426225.1_ASM5242622v1	cand	GCA_052426225.1_ASM5242622v1|w1	tblastn	REF|86630_cbs357-93_MAT_Minus|gene0|sexM	22.7	E=1.4	53
GCA_052426225.1_ASM5242622v1|w1|t3	GCA_052426225.1_ASM5242622v1	cand	GCA_052426225.1_ASM5242622v1|w1	tblastn	REF|64495_cbs110-17_MAT_Minus|gene1|sexM	27.3	E=0.047	44
GCA_052426225.1_ASM5242622v1|w1|t4	GCA_052426225.1_ASM5242622v1	cand	GCA_052426225.1_ASM5242622v1|w1	tblastn	REF|29922_cbs109-16_MAT_Minus|gene1|sexM	20.4	E=8.7	96
GCA_052426225.1_ASM5242622v1|h1|t0	GCA_052426225.1_ASM5242622v1	nonlocus	GCA_052426225.1_ASM5242622v1|h1	tblastn	REF|101119_atcc11807_MAT_Minus|gene0|sexM	71.6	E=6e-17	78
GCA_052426225.1_ASM5242622v1|h3|t0	GCA_052426225.1_ASM5242622v1	nonlocus	GCA_052426225.1_ASM5242622v1|h3	tblastn	REF|86630_cbs357-93_MAT_Minus|gene0|sexM	65.9	E=5.2e-15	102
GCA_052426225.1_ASM5242622v1|h4|t1	GCA_052426225.1_ASM5242622v1	nonlocus	GCA_052426225.1_ASM5242622v1|h4	tblastn	REF|4837_nrrl1555_MAT_Minus|gene1|sexM	57.0	E=8.9e-12	64
GCA_053572175.1_ASM5357217v1|w0|t0	GCA_053572175.1_ASM5357217v1	cand	GCA_053572175.1_ASM5357217v1|w0	tblastn	REF|101119_atcc11807_MAT_Plus|gene0|sexP	20.0	E=5.6	73
GCA_053572175.1_ASM5357217v1|w0|t1	GCA_053572175.1_ASM5357217v1	cand	GCA_053572175.1_ASM5357217v1|w0	tblastn	REF|36080_r7b_MAT_Minus|gene1|sexM	50.0	E=0.004	74
GCA_053572175.1_ASM5357217v1|w0|t2	GCA_053572175.1_ASM5357217v1	cand	GCA_053572175.1_ASM5357217v1|w0	tblastn	REF|36080_nrrl-3631_MAT_Plus|gene1|sexP	48.5	E=0.024	83
GCA_053572175.1_ASM5357217v1|w0|t4	GCA_053572175.1_ASM5357217v1	cand	GCA_053572175.1_ASM5357217v1|w0	tblastn	REF|101119_atcc11807_MAT_Plus|gene0|sexP	19.2	E=9.9	32
GCA_053572175.1_ASM5357217v1|w0|t5	GCA_053572175.1_ASM5357217v1	cand	GCA_053572175.1_ASM5357217v1|w0	tblastn	REF|64495_cbs346-36_MAT_Plus|gene2|sexP	63.5	E=0.6	78
GCA_053572175.1_ASM5357217v1|nw1|t0	GCA_053572175.1_ASM5357217v1	cand	GCA_053572175.1_ASM5357217v1|nw1	tblastn	REF|86630_cbs357-93_MAT_Minus|gene0|sexM	98.9	E=7e-07	157
GCA_054123175.1_ASM5412317v1|c0|m0	GCA_054123175.1_ASM5412317v1	cand	GCA_054123175.1_ASM5412317v1|c0	miniprot	REF|3108396_ai-2023a_MAT_Plus|gene2|sexP	510	0.951	299
GCA_054124215.1_ASM5412421v1|c0|m0	GCA_054124215.1_ASM5412421v1	cand	GCA_054124215.1_ASM5412421v1|c0	miniprot	REF|36080_nrrl-3631_MAT_Plus|gene1|sexP	1268	1.0	322
GCA_054127015.1_ASM5412701v1|c0|m0	GCA_054127015.1_ASM5412701v1	cand	GCA_054127015.1_ASM5412701v1|c0	miniprot	REF|64495_cbs110-17_MAT_Minus|gene1|sexM	931	1.0	188
GCA_054127015.1_ASM5412701v1|w0|t0	GCA_054127015.1_ASM5412701v1	cand	GCA_054127015.1_ASM5412701v1|w0	tblastn	REF|35722_atcc11077_MAT_Minus|gene0|sexM	47.0	E=0.001	133
GCA_054130635.1_ASM5413063v1|c0|t0	GCA_054130635.1_ASM5413063v1	cand	GCA_054130635.1_ASM5413063v1|c0	tblastn	REF|3231046_uomd23-19_MAT_Plus|gene1|sexP	181.0	E=3e-54	286
GCA_054130755.1_ASM5413075v1|c0|m0	GCA_054130755.1_ASM5413075v1	cand	GCA_054130755.1_ASM5413075v1|c0	miniprot	REF|64495_cbs110-17_MAT_Minus|gene1|sexM	968	1.0	188
GCA_054130755.1_ASM5413075v1|w0|t2	GCA_054130755.1_ASM5413075v1	cand	GCA_054130755.1_ASM5413075v1|w0	tblastn	REF|36080_r7b_MAT_Minus|gene1|sexM	42.3	E=0.62	49
GCA_054130755.1_ASM5413075v1|w0|t3	GCA_054130755.1_ASM5413075v1	cand	GCA_054130755.1_ASM5413075v1|w0	tblastn	REF|4837_nrrl1555_MAT_Minus|gene1|sexM	23.1	E=0.41	37
GCA_054130755.1_ASM5413075v1|w0|t4	GCA_054130755.1_ASM5413075v1	cand	GCA_054130755.1_ASM5413075v1|w0	tblastn	REF|36080_nrrl-3631_MAT_Plus|gene1|sexP	68.9	E=0.011	112
GCA_054130755.1_ASM5413075v1|w1|t1	GCA_054130755.1_ASM5413075v1	cand	GCA_054130755.1_ASM5413075v1|w1	tblastn	REF|64495_cbs346-36_MAT_Plus|gene2|sexP	62.0	E=3.3	75
GCA_054601915.1_FAM010_1.0|c0|t0	GCA_054601915.1_FAM010_1.0	cand	GCA_054601915.1_FAM010_1.0|c0	tblastn	REF|4850_vkm-f-921_MAT_Minus|gene0|sexM	146.0	E=6.6e-43	206
GCA_054601915.1_FAM010_1.0|c0|t1	GCA_054601915.1_FAM010_1.0	cand	GCA_054601915.1_FAM010_1.0|c0	tblastn	REF|4837_ubc21_MAT_Plus|gene1|sexP	20.4	E=6.8	33
GCA_054601915.1_FAM010_1.0|c0|t2	GCA_054601915.1_FAM010_1.0	cand	GCA_054601915.1_FAM010_1.0|c0	tblastn	REF|101119_atcc11807_MAT_Plus|gene0|sexP	20.8	E=5.3	37
GCA_054601915.1_FAM010_1.0|w0|t2	GCA_054601915.1_FAM010_1.0	cand	GCA_054601915.1_FAM010_1.0|w0	tblastn	REF|29922_cbs109-16_MAT_Minus|gene1|sexM	21.6	E=2	38
GCA_054601915.1_FAM010_1.0|w0|t3	GCA_054601915.1_FAM010_1.0	cand	GCA_054601915.1_FAM010_1.0|w0	tblastn	REF|101119_atcc11807_MAT_Plus|gene0|sexP	62.4	E=3.6	52
GCA_054601915.1_FAM010_1.0|w0|t4	GCA_054601915.1_FAM010_1.0	cand	GCA_054601915.1_FAM010_1.0|w0	tblastn	REF|3231046_uomau377_MAT_Minus|gene1|sexM	28.5	E=0.013	86
GCA_054601915.1_FAM010_1.0|w0|t5	GCA_054601915.1_FAM010_1.0	cand	GCA_054601915.1_FAM010_1.0|w0	tblastn	REF|35722_atcc11077_MAT_Minus|gene0|sexM	21.2	E=2.6	54
GCA_054601915.1_FAM010_1.0|h3|t0	GCA_054601915.1_FAM010_1.0	nonlocus	GCA_054601915.1_FAM010_1.0|h3	tblastn	REF|4837_ubc21_MAT_Plus|gene1|sexP	78.6	E=1.1e-11	119
GCA_054601915.1_FAM010_1.0|h2|t1	GCA_054601915.1_FAM010_1.0	nonlocus	GCA_054601915.1_FAM010_1.0|h2	tblastn	REF|101119_atcc11807_MAT_Plus|gene0|sexP	62.4	E=1.2e-06	108
GCA_054601915.1_FAM010_1.0|h9|t0	GCA_054601915.1_FAM010_1.0	nonlocus	GCA_054601915.1_FAM010_1.0|h9	tblastn	REF|3231046_uomd23-19_MAT_Plus|gene1|sexP	45.8	E=8.7e-08	61
GCA_054906655.1_Umbelopsis_nana_v._1.0|nw0|t0	GCA_054906655.1_Umbelopsis_nana_v._1.0	cand	GCA_054906655.1_Umbelopsis_nana_v._1.0|nw0	tblastn	REF|3108396_ai-2023a_MAT_Plus|gene2|sexP	91.2	E=0.007	210
GCA_054954275.1_ASM5495427v1|c0|m0	GCA_054954275.1_ASM5495427v1	cand	GCA_054954275.1_ASM5495427v1|c0	miniprot	REF|101119_atcc11807_MAT_Minus|gene0|sexM	459	1.0	189
GCA_055471225.1_ASM5547122v1|c0|t1	GCA_055471225.1_ASM5547122v1	cand	GCA_055471225.1_ASM5547122v1|c0	tblastn	REF|3231046_uomau377_MAT_Minus|gene1|sexM	38.9	E=3.3	46
GCA_055471225.1_ASM5547122v1|c0|t2	GCA_055471225.1_ASM5547122v1	cand	GCA_055471225.1_ASM5547122v1|c0	tblastn	REF|35722_atcc11077_MAT_Minus|gene0|sexM	67.0	E=7.4e-16	159
GCA_055471225.1_ASM5547122v1|w0|t0	GCA_055471225.1_ASM5547122v1	cand	GCA_055471225.1_ASM5547122v1|w0	tblastn	REF|36080_nrrl-3631_MAT_Plus|gene1|sexP	76.6	E=1.3e-05	94
GCA_056882155.1_ASM5688215v1|c0|m0	GCA_056882155.1_ASM5688215v1	cand	GCA_056882155.1_ASM5688215v1|c0	miniprot	REF|3108396_ai-2023a_MAT_Plus|gene2|sexP	555	0.891	306
GCA_056882155.1_ASM5688215v1|h1|t0	GCA_056882155.1_ASM5688215v1	nonlocus	GCA_056882155.1_ASM5688215v1|h1	tblastn	REF|64495_cbs110-17_MAT_Minus|gene1|sexM	64.7	E=2.6e-09	119
GCA_056882155.1_ASM5688215v1|h9|t0	GCA_056882155.1_ASM5688215v1	nonlocus	GCA_056882155.1_ASM5688215v1|h9	tblastn	REF|3108396_ai-2023a_MAT_Plus|gene2|sexP	80.1	E=4.5e-07	117
GCA_056882155.1_ASM5688215v1|h7|t0	GCA_056882155.1_ASM5688215v1	nonlocus	GCA_056882155.1_ASM5688215v1|h7	tblastn	REF|4850_vkm-f-921_MAT_Minus|gene0|sexM	55.4	E=9.1e-05	126
GCA_057380895.1_ASM5738089v1|c0|m0	GCA_057380895.1_ASM5738089v1	cand	GCA_057380895.1_ASM5738089v1|c0	miniprot	REF|36080_nrrl-3631_MAT_Plus|gene1|sexP	1293	1.0	322
GCA_057380895.1_ASM5738089v1|w0|t0	GCA_057380895.1_ASM5738089v1	cand	GCA_057380895.1_ASM5738089v1|w0	tblastn	REF|101119_atcc11807_MAT_Minus|gene0|sexM	65.8	E=0.001	78
GCA_057543055.1_JCM_30264_assembly_v001|w0|t0	GCA_057543055.1_JCM_30264_assembly_v001	cand	GCA_057543055.1_JCM_30264_assembly_v001|w0	tblastn	REF|101119_atcc11807_MAT_Minus|gene0|sexM	84.7	E=0.12	81
GCA_057543055.1_JCM_30264_assembly_v001|w0|t1	GCA_057543055.1_JCM_30264_assembly_v001	cand	GCA_057543055.1_JCM_30264_assembly_v001|w0	tblastn	REF|64495_cbs346-36_MAT_Plus|gene2|sexP	88.1	E=0.66	128
GCA_057543055.1_JCM_30264_assembly_v001|w0|t2	GCA_057543055.1_JCM_30264_assembly_v001	cand	GCA_057543055.1_JCM_30264_assembly_v001|w0	tblastn	REF|101119_atcc11807_MAT_Minus|gene0|sexM	31.6	E=0.00062	82
GCA_057662165.1_ASM5766216v1|c0|m0	GCA_057662165.1_ASM5766216v1	cand	GCA_057662165.1_ASM5766216v1|c0	miniprot	REF|64495_cbs346-36_MAT_Plus|gene2|sexP	1519	0.99	310
GCA_057662165.1_ASM5766216v1|w0|t0	GCA_057662165.1_ASM5766216v1	cand	GCA_057662165.1_ASM5766216v1|w0	tblastn	REF|36080_nrrl-3631_MAT_Plus|gene1|sexP	93.5	E=0.3	151
GCA_058380175.1_DTU-UU_Rory127_1.0|c0|m0	GCA_058380175.1_DTU-UU_Rory127_1.0	cand	GCA_058380175.1_DTU-UU_Rory127_1.0|c0	miniprot	REF|64495_cbs110-17_MAT_Minus|gene1|sexM	968	1.0	188
GCA_058380175.1_DTU-UU_Rory127_1.0|w0|t0	GCA_058380175.1_DTU-UU_Rory127_1.0	cand	GCA_058380175.1_DTU-UU_Rory127_1.0|w0	tblastn	REF|36080_nrrl-3631_MAT_Plus|gene1|sexP	68.9	E=0.011	112
GCA_058380175.1_DTU-UU_Rory127_1.0|w0|t1	GCA_058380175.1_DTU-UU_Rory127_1.0	cand	GCA_058380175.1_DTU-UU_Rory127_1.0|w0	tblastn	REF|4837_nrrl1555_MAT_Minus|gene1|sexM	23.1	E=0.41	37
GCA_058380175.1_DTU-UU_Rory127_1.0|w0|t2	GCA_058380175.1_DTU-UU_Rory127_1.0	cand	GCA_058380175.1_DTU-UU_Rory127_1.0|w0	tblastn	REF|101119_atcc11807_MAT_Plus|gene0|sexP	41.6	E=3.3	91
GCA_058380175.1_DTU-UU_Rory127_1.0|w0|t4	GCA_058380175.1_DTU-UU_Rory127_1.0	cand	GCA_058380175.1_DTU-UU_Rory127_1.0|w0	tblastn	REF|86630_cbs357-93_MAT_Minus|gene0|sexM	20.4	E=2.9	72
GCA_058380175.1_DTU-UU_Rory127_1.0|w1|t1	GCA_058380175.1_DTU-UU_Rory127_1.0	cand	GCA_058380175.1_DTU-UU_Rory127_1.0|w1	tblastn	REF|64495_cbs346-36_MAT_Plus|gene2|sexP	62.0	E=3.3	75
GCA_058380205.1_DTU-UU_Roli_1.0|c0|m0	GCA_058380205.1_DTU-UU_Roli_1.0	cand	GCA_058380205.1_DTU-UU_Roli_1.0|c0	miniprot	REF|64495_cbs346-36_MAT_Plus|gene2|sexP	620	0.994	316
GCA_058380205.1_DTU-UU_Roli_1.0|w0|t1	GCA_058380205.1_DTU-UU_Roli_1.0	cand	GCA_058380205.1_DTU-UU_Roli_1.0|w0	tblastn	REF|101119_atcc11807_MAT_Plus|gene0|sexP	25.0	E=0.69	90
GCA_058380205.1_DTU-UU_Roli_1.0|w0|t2	GCA_058380205.1_DTU-UU_Roli_1.0	cand	GCA_058380205.1_DTU-UU_Roli_1.0|w0	tblastn	REF|101119_atcc11807_MAT_Plus|gene0|sexP	25.0	E=0.67	90
GCA_058380205.1_DTU-UU_Roli_1.0|w0|t4	GCA_058380205.1_DTU-UU_Roli_1.0	cand	GCA_058380205.1_DTU-UU_Roli_1.0|w0	tblastn	REF|101119_atcc11807_MAT_Minus|gene0|sexM	45.8	E=1.4e-09	85
GCA_058380205.1_DTU-UU_Roli_1.0|w0|t5	GCA_058380205.1_DTU-UU_Roli_1.0	cand	GCA_058380205.1_DTU-UU_Roli_1.0|w0	tblastn	REF|29922_cbs109-16_MAT_Minus|gene1|sexM	83.2	E=3.9e-13	108
GCA_058380205.1_DTU-UU_Roli_1.0|w1|t0	GCA_058380205.1_DTU-UU_Roli_1.0	cand	GCA_058380205.1_DTU-UU_Roli_1.0|w1	tblastn	REF|101119_atcc11807_MAT_Minus|gene0|sexM	24.3	E=0.6	32
GCA_058380205.1_DTU-UU_Roli_1.0|w1|t3	GCA_058380205.1_DTU-UU_Roli_1.0	cand	GCA_058380205.1_DTU-UU_Roli_1.0|w1	tblastn	REF|64495_cbs110-17_MAT_Minus|gene1|sexM	26.9	E=0.088	69
GCA_058380205.1_DTU-UU_Roli_1.0|w1|t4	GCA_058380205.1_DTU-UU_Roli_1.0	cand	GCA_058380205.1_DTU-UU_Roli_1.0|w1	tblastn	REF|3231046_uomd23-19_MAT_Plus|gene1|sexP	23.1	E=2.7	56
GCA_058380205.1_DTU-UU_Roli_1.0|w2|t0	GCA_058380205.1_DTU-UU_Roli_1.0	cand	GCA_058380205.1_DTU-UU_Roli_1.0|w2	tblastn	REF|101119_atcc11807_MAT_Plus|gene0|sexP	49.3	E=0.1	82
GCA_058380205.1_DTU-UU_Roli_1.0|w2|t1	GCA_058380205.1_DTU-UU_Roli_1.0	cand	GCA_058380205.1_DTU-UU_Roli_1.0|w2	tblastn	REF|35722_atcc11077_MAT_Minus|gene0|sexM	21.9	E=4	30
GCA_058380205.1_DTU-UU_Roli_1.0|w2|t3	GCA_058380205.1_DTU-UU_Roli_1.0	cand	GCA_058380205.1_DTU-UU_Roli_1.0|w2	tblastn	REF|86630_cbs357-93_MAT_Minus|gene0|sexM	22.7	E=1.9	34
GCA_058380205.1_DTU-UU_Roli_1.0|w2|t4	GCA_058380205.1_DTU-UU_Roli_1.0	cand	GCA_058380205.1_DTU-UU_Roli_1.0|w2	tblastn	REF|101119_atcc11807_MAT_Plus|gene0|sexP	22.3	E=4.6	50
GCA_058380205.1_DTU-UU_Roli_1.0|w2|t5	GCA_058380205.1_DTU-UU_Roli_1.0	cand	GCA_058380205.1_DTU-UU_Roli_1.0|w2	tblastn	REF|4850_vkm-f-921_MAT_Minus|gene0|sexM	21.2	E=6	36
GCA_058380205.1_DTU-UU_Roli_1.0|w2|t6	GCA_058380205.1_DTU-UU_Roli_1.0	cand	GCA_058380205.1_DTU-UU_Roli_1.0|w2	tblastn	REF|35722_atcc11077_MAT_Minus|gene0|sexM	23.9	E=0.97	46
GCA_058380205.1_DTU-UU_Roli_1.0|w2|t7	GCA_058380205.1_DTU-UU_Roli_1.0	cand	GCA_058380205.1_DTU-UU_Roli_1.0|w2	tblastn	REF|64495_cbs110-17_MAT_Minus|gene1|sexM	20.8	E=7.4	37
GCA_058380225.1_DTU-UU_Rory329_1.0|c0|m0	GCA_058380225.1_DTU-UU_Rory329_1.0	cand	GCA_058380225.1_DTU-UU_Rory329_1.0|c0	miniprot	REF|64495_cbs110-17_MAT_Minus|gene1|sexM	944	1.0	188
GCA_058969005.1_ASM5896900v1|w0|t0	GCA_058969005.1_ASM5896900v1	cand	GCA_058969005.1_ASM5896900v1|w0	tblastn	REF|4837_nrrl1555_MAT_Minus|gene1|sexM	74.7	E=2.3e-11	93
GCA_058969005.1_ASM5896900v1|w1|t1	GCA_058969005.1_ASM5896900v1	cand	GCA_058969005.1_ASM5896900v1|w1	tblastn	REF|4837_ubc21_MAT_Plus|gene1|sexP	51.6	E=7.6e-10	76
GCA_058969005.1_ASM5896900v1|w2|t0	GCA_058969005.1_ASM5896900v1	cand	GCA_058969005.1_ASM5896900v1|w2	tblastn	REF|101119_atcc11807_MAT_Plus|gene0|sexP	36.2	E=7	51
GCA_058969005.1_ASM5896900v1|w2|t1	GCA_058969005.1_ASM5896900v1	cand	GCA_058969005.1_ASM5896900v1|w2	tblastn	REF|35722_atcc11077_MAT_Minus|gene0|sexM	24.3	E=0.17	37
GCA_058969005.1_ASM5896900v1|w3|t1	GCA_058969005.1_ASM5896900v1	cand	GCA_058969005.1_ASM5896900v1|w3	tblastn	REF|3108396_ai-2023a_MAT_Plus|gene2|sexP	44.6	E=0.26	56
GCA_058969005.1_ASM5896900v1|w3|t2	GCA_058969005.1_ASM5896900v1	cand	GCA_058969005.1_ASM5896900v1|w3	tblastn	REF|64495_cbs346-36_MAT_Plus|gene2|sexP	25.0	E=0.23	32
GCA_059058645.1_ASM5905864v1|c0|m0	GCA_059058645.1_ASM5905864v1	cand	GCA_059058645.1_ASM5905864v1|c0	miniprot	REF|101119_atcc11807_MAT_Minus|gene0|sexM	459	1.0	189
GCA_059714295.1_ASM5971429v1|w1|t0	GCA_059714295.1_ASM5971429v1	cand	GCA_059714295.1_ASM5971429v1|w1	tblastn	REF|4850_vkm-f-921_MAT_Minus|gene0|sexM	41.6	E=4.5	40
GCA_059714295.1_ASM5971429v1|w1|t1	GCA_059714295.1_ASM5971429v1	cand	GCA_059714295.1_ASM5971429v1|w1	tblastn	REF|3231046_uomau377_MAT_Minus|gene1|sexM	29.3	E=0.015	31
GCA_059714295.1_ASM5971429v1|w1|t2	GCA_059714295.1_ASM5971429v1	cand	GCA_059714295.1_ASM5971429v1|w1	tblastn	REF|35722_atcc11077_MAT_Minus|gene0|sexM	43.1	E=1.6	43
GCA_059714295.1_ASM5971429v1|w1|t3	GCA_059714295.1_ASM5971429v1	cand	GCA_059714295.1_ASM5971429v1|w1	tblastn	REF|35722_atcc11077_MAT_Minus|gene0|sexM	21.9	E=1.9	47
GCA_059714295.1_ASM5971429v1|w1|t6	GCA_059714295.1_ASM5971429v1	cand	GCA_059714295.1_ASM5971429v1|w1	tblastn	REF|3231046_uomau377_MAT_Minus|gene1|sexM	20.8	E=6.1	39
GCA_059714295.1_ASM5971429v1|w1|t7	GCA_059714295.1_ASM5971429v1	cand	GCA_059714295.1_ASM5971429v1|w1	tblastn	REF|3231046_uomd23-19_MAT_Plus|gene1|sexP	23.9	E=0.95	90
GCA_059714295.1_ASM5971429v1|w1|t8	GCA_059714295.1_ASM5971429v1	cand	GCA_059714295.1_ASM5971429v1|w1	tblastn	REF|3231046_uomd23-19_MAT_Plus|gene1|sexP	42.7	E=3.7	95
GCA_059714295.1_ASM5971429v1|w1|t9	GCA_059714295.1_ASM5971429v1	cand	GCA_059714295.1_ASM5971429v1|w1	tblastn	REF|4850_vkm-f-921_MAT_Minus|gene0|sexM	50.5	E=0.11	93
GCA_059714295.1_ASM5971429v1|w1|t10	GCA_059714295.1_ASM5971429v1	cand	GCA_059714295.1_ASM5971429v1|w1	tblastn	REF|36080_nrrl-3631_MAT_Plus|gene1|sexP	23.9	E=1.1	41
GCA_059714295.1_ASM5971429v1|w2|t1	GCA_059714295.1_ASM5971429v1	cand	GCA_059714295.1_ASM5971429v1|w2	tblastn	REF|64495_cbs110-17_MAT_Minus|gene1|sexM	26.9	E=0.055	50
GCA_059714295.1_ASM5971429v1|w2|t2	GCA_059714295.1_ASM5971429v1	cand	GCA_059714295.1_ASM5971429v1|w2	tblastn	REF|86630_cbs357-93_MAT_Minus|gene0|sexM	20.0	E=9.3	31
GCA_059714295.1_ASM5971429v1|w2|t4	GCA_059714295.1_ASM5971429v1	cand	GCA_059714295.1_ASM5971429v1|w2	tblastn	REF|86630_cbs357-93_MAT_Minus|gene0|sexM	20.0	E=8.2	52
GCA_059714295.1_ASM5971429v1|w2|t5	GCA_059714295.1_ASM5971429v1	cand	GCA_059714295.1_ASM5971429v1|w2	tblastn	REF|3108396_ai-2023a_MAT_Plus|gene2|sexP	58.2	E=0.0001	87
GCA_059919325.1_ASM5991932v1|w0|t0	GCA_059919325.1_ASM5991932v1	cand	GCA_059919325.1_ASM5991932v1|w0	tblastn	REF|4837_ubc21_MAT_Plus|gene1|sexP	52.0	E=9.7e-10	76
GCA_059919325.1_ASM5991932v1|w1|t0	GCA_059919325.1_ASM5991932v1	cand	GCA_059919325.1_ASM5991932v1|w1	tblastn	REF|4837_nrrl1555_MAT_Minus|gene1|sexM	27.7	E=0.028	63
GCA_059919325.1_ASM5991932v1|w1|t1	GCA_059919325.1_ASM5991932v1	cand	GCA_059919325.1_ASM5991932v1|w1	tblastn	REF|3231046_uomau377_MAT_Minus|gene1|sexM	90.9	E=0.094	119
GCA_059919325.1_ASM5991932v1|w1|t2	GCA_059919325.1_ASM5991932v1	cand	GCA_059919325.1_ASM5991932v1|w1	tblastn	REF|3231046_uomau377_MAT_Minus|gene1|sexM	22.7	E=1	52
GCA_059919325.1_ASM5991932v1|w1|t3	GCA_059919325.1_ASM5991932v1	cand	GCA_059919325.1_ASM5991932v1|w1	tblastn	REF|4837_ubc21_MAT_Plus|gene1|sexP	23.1	E=1.1	67
GCA_059919325.1_ASM5991932v1|w1|t4	GCA_059919325.1_ASM5991932v1	cand	GCA_059919325.1_ASM5991932v1|w1	tblastn	REF|3231046_uomau377_MAT_Minus|gene1|sexM	46.6	E=0.66	48
GCA_059919325.1_ASM5991932v1|w2|t0	GCA_059919325.1_ASM5991932v1	cand	GCA_059919325.1_ASM5991932v1|w2	tblastn	REF|64495_cbs110-17_MAT_Minus|gene1|sexM	26.9	E=0.035	80
GCA_059919325.1_ASM5991932v1|w3|t0	GCA_059919325.1_ASM5991932v1	cand	GCA_059919325.1_ASM5991932v1|w3	tblastn	REF|36080_nrrl-3631_MAT_Plus|gene1|sexP	41.2	E=6.3	52
GCA_059919325.1_ASM5991932v1|w3|t1	GCA_059919325.1_ASM5991932v1	cand	GCA_059919325.1_ASM5991932v1|w3	tblastn	REF|64495_cbs346-36_MAT_Plus|gene2|sexP	44.7	E=0.74	31
GCA_059919325.1_ASM5991932v1|w4|t0	GCA_059919325.1_ASM5991932v1	cand	GCA_059919325.1_ASM5991932v1|w4	tblastn	REF|4850_vkm-f-921_MAT_Minus|gene0|sexM	51.6	E=0.002	69
GCA_059919325.1_ASM5991932v1|w4|t1	GCA_059919325.1_ASM5991932v1	cand	GCA_059919325.1_ASM5991932v1|w4	tblastn	REF|36080_nrrl-3631_MAT_Plus|gene1|sexP	51.6	E=0.019	119
GCA_060230415.1_ASM6023041v1|c0|m0	GCA_060230415.1_ASM6023041v1	cand	GCA_060230415.1_ASM6023041v1|c0	miniprot	REF|86630_cbs357-93_MAT_Minus|gene0|sexM	831	1.0	185
GCA_060230415.1_ASM6023041v1|c1|m0	GCA_060230415.1_ASM6023041v1	cand	GCA_060230415.1_ASM6023041v1|c1	miniprot	REF|64495_cbs346-36_MAT_Plus|gene2|sexP	620	0.994	316
GCA_060309175.1_CBS116.08v1|c0|m0	GCA_060309175.1_CBS116.08v1	cand	GCA_060309175.1_CBS116.08v1|c0	miniprot	REF|36080_r7b_MAT_Minus|gene1|sexM	956	1.0	255
GCA_060309175.1_CBS116.08v1|w0|t0	GCA_060309175.1_CBS116.08v1	cand	GCA_060309175.1_CBS116.08v1|w0	tblastn	REF|36080_nrrl-3631_MAT_Plus|gene1|sexP	82.4	E=4.6e-07	170
GCA_060309255.1_CBS195.68v1|c0|m0	GCA_060309255.1_CBS195.68v1	cand	GCA_060309255.1_CBS195.68v1|c0	miniprot	REF|36080_nrrl-3631_MAT_Plus|gene1|sexP	1292	1.0	322
GCA_060309255.1_CBS195.68v1|w0|t0	GCA_060309255.1_CBS195.68v1	cand	GCA_060309255.1_CBS195.68v1|w0	tblastn	REF|101119_atcc11807_MAT_Minus|gene0|sexM	80.4	E=0.001	83
GCA_060309305.1_CBS205.68v1|c0|m0	GCA_060309305.1_CBS205.68v1	cand	GCA_060309305.1_CBS205.68v1|c0	miniprot	REF|36080_nrrl-3631_MAT_Plus|gene1|sexP	1460	1.0	326
GCA_060309305.1_CBS205.68v1|w0|t0	GCA_060309305.1_CBS205.68v1	cand	GCA_060309305.1_CBS205.68v1|w0	tblastn	REF|36080_nrrl-3631_MAT_Plus|gene1|sexP	65.4	E=3.2e-06	126
GCA_060309305.1_CBS205.68v1|w1|t1	GCA_060309305.1_CBS205.68v1	cand	GCA_060309305.1_CBS205.68v1|w1	tblastn	REF|101119_atcc11807_MAT_Plus|gene0|sexP	28.1	E=0.028	46
GCA_060309305.1_CBS205.68v1|w1|t2	GCA_060309305.1_CBS205.68v1	cand	GCA_060309305.1_CBS205.68v1|w1	tblastn	REF|3231046_uomau377_MAT_Minus|gene1|sexM	40.4	E=6.3	53
GCA_060309305.1_CBS205.68v1|w2|t0	GCA_060309305.1_CBS205.68v1	cand	GCA_060309305.1_CBS205.68v1|w2	tblastn	REF|101119_atcc11807_MAT_Plus|gene0|sexP	45.1	E=0.41	69
GCA_060309305.1_CBS205.68v1|w2|t2	GCA_060309305.1_CBS205.68v1	cand	GCA_060309305.1_CBS205.68v1|w2	tblastn	REF|4837_nrrl1555_MAT_Minus|gene1|sexM	40.8	E=2.6	63
GCA_060309305.1_CBS205.68v1|w2|t3	GCA_060309305.1_CBS205.68v1	cand	GCA_060309305.1_CBS205.68v1|w2	tblastn	REF|86630_cbs357-93_MAT_Minus|gene0|sexM	73.9	E=0.007	85
GCA_060309305.1_CBS205.68v1|w2|t6	GCA_060309305.1_CBS205.68v1	cand	GCA_060309305.1_CBS205.68v1|w2	tblastn	REF|4850_vkm-f-921_MAT_Minus|gene0|sexM	40.0	E=4.6	86
GCA_060309335.1_CBS210.80v1|c0|m0	GCA_060309335.1_CBS210.80v1	cand	GCA_060309335.1_CBS210.80v1|c0	miniprot	REF|64495_cbs110-17_MAT_Minus|gene1|sexM	306	0.936	196
GCA_060309335.1_CBS210.80v1|c1|t0	GCA_060309335.1_CBS210.80v1	cand	GCA_060309335.1_CBS210.80v1|c1	tblastn	REF|4850_vkm-f-921_MAT_Minus|gene0|sexM	43.9	E=2.4e-07	151
GCA_060309335.1_CBS210.80v1|c2|t0	GCA_060309335.1_CBS210.80v1	cand	GCA_060309335.1_CBS210.80v1|c2	tblastn	REF|64495_cbs346-36_MAT_Plus|gene2|sexP	21.2	E=7.9	32
GCA_060309335.1_CBS210.80v1|c2|t1	GCA_060309335.1_CBS210.80v1	cand	GCA_060309335.1_CBS210.80v1|c2	tblastn	REF|3108396_ai-2023a_MAT_Plus|gene2|sexP	29.6	E=0.019	64
GCA_060309335.1_CBS210.80v1|c2|t2	GCA_060309335.1_CBS210.80v1	cand	GCA_060309335.1_CBS210.80v1|c2	tblastn	REF|86630_cbs357-93_MAT_Minus|gene0|sexM	20.8	E=5.7	92
GCA_060309335.1_CBS210.80v1|c2|t3	GCA_060309335.1_CBS210.80v1	cand	GCA_060309335.1_CBS210.80v1|c2	tblastn	REF|86630_cbs357-93_MAT_Minus|gene0|sexM	46.2	E=0.32	106
GCA_060309335.1_CBS210.80v1|c2|t4	GCA_060309335.1_CBS210.80v1	cand	GCA_060309335.1_CBS210.80v1|c2	tblastn	REF|4837_ubc21_MAT_Plus|gene1|sexP	23.1	E=2.1	77
GCA_060309335.1_CBS210.80v1|c2|t5	GCA_060309335.1_CBS210.80v1	cand	GCA_060309335.1_CBS210.80v1|c2	tblastn	REF|4837_ubc21_MAT_Plus|gene1|sexP	23.1	E=2	30
GCA_060309335.1_CBS210.80v1|c2|t9	GCA_060309335.1_CBS210.80v1	cand	GCA_060309335.1_CBS210.80v1|c2	tblastn	REF|3108396_ai-2023a_MAT_Plus|gene2|sexP	20.8	E=9.7	42
GCA_060309335.1_CBS210.80v1|c2|t12	GCA_060309335.1_CBS210.80v1	cand	GCA_060309335.1_CBS210.80v1|c2	tblastn	REF|86630_cbs357-93_MAT_Minus|gene0|sexM	51.6	E=3.8e-10	92
GCA_060309335.1_CBS210.80v1|w0|t1	GCA_060309335.1_CBS210.80v1	cand	GCA_060309335.1_CBS210.80v1|w0	tblastn	REF|4837_ubc21_MAT_Plus|gene1|sexP	37.0	E=8.9e-05	118
GCA_060309335.1_CBS210.80v1|w1|t0	GCA_060309335.1_CBS210.80v1	cand	GCA_060309335.1_CBS210.80v1|w1	tblastn	REF|4837_nrrl1555_MAT_Minus|gene1|sexM	28.5	E=0.026	35
GCA_060309335.1_CBS210.80v1|w1|t2	GCA_060309335.1_CBS210.80v1	cand	GCA_060309335.1_CBS210.80v1|w1	tblastn	REF|3231046_uomau377_MAT_Minus|gene1|sexM	21.2	E=6.5	39
GCA_060309335.1_CBS210.80v1|w1|t5	GCA_060309335.1_CBS210.80v1	cand	GCA_060309335.1_CBS210.80v1|w1	tblastn	REF|3231046_uomd23-19_MAT_Plus|gene1|sexP	23.9	E=1.3	47
GCA_060309335.1_CBS210.80v1|w1|t6	GCA_060309335.1_CBS210.80v1	cand	GCA_060309335.1_CBS210.80v1|w1	tblastn	REF|29922_cbs109-16_MAT_Minus|gene1|sexM	42.7	E=2.7	74
GCA_060309335.1_CBS210.80v1|w1|t8	GCA_060309335.1_CBS210.80v1	cand	GCA_060309335.1_CBS210.80v1|w1	tblastn	REF|36080_nrrl-3631_MAT_Plus|gene1|sexP	22.3	E=4	41
GCA_060309335.1_CBS210.80v1|w1|t9	GCA_060309335.1_CBS210.80v1	cand	GCA_060309335.1_CBS210.80v1|w1	tblastn	REF|3108396_ai-2023a_MAT_Plus|gene2|sexP	24.3	E=1	53
GCA_060309335.1_CBS210.80v1|w1|t10	GCA_060309335.1_CBS210.80v1	cand	GCA_060309335.1_CBS210.80v1|w1	tblastn	REF|101119_atcc11807_MAT_Plus|gene0|sexP	46.6	E=0.52	101
GCA_900079185.1_AG_v1|nc0|m0	GCA_900079185.1_AG_v1	cand	GCA_900079185.1_AG_v1|nc0	miniprot	REF|3231046_uomau377_MAT_Minus|gene1|sexM	948	0.966	230
GCA_900079185.1_AG_v1|w1|t0	GCA_900079185.1_AG_v1	cand	GCA_900079185.1_AG_v1|w1	tblastn	REF|3231046_uomd23-19_MAT_Plus|gene1|sexP	65.5	E=1.7e-07	72
GCA_900079185.1_AG_v1|w2|t0	GCA_900079185.1_AG_v1	cand	GCA_900079185.1_AG_v1|w2	tblastn	REF|101119_atcc11807_MAT_Plus|gene0|sexP	28.9	E=0.021	42
GCA_900079185.1_AG_v1|w2|t1	GCA_900079185.1_AG_v1	cand	GCA_900079185.1_AG_v1|w2	tblastn	REF|86630_cbs357-93_MAT_Minus|gene0|sexM	56.2	E=0.00015	70
GCA_900079185.1_AG_v1|w3|t0	GCA_900079185.1_AG_v1	cand	GCA_900079185.1_AG_v1|w3	tblastn	REF|4837_ubc21_MAT_Plus|gene1|sexP	42.0	E=1.6e-06	154
GCA_900079185.1_AG_v1|w3|t1	GCA_900079185.1_AG_v1	cand	GCA_900079185.1_AG_v1|w3	tblastn	REF|64495_cbs110-17_MAT_Minus|gene1|sexM	19.2	E=9.5	61
GCA_900079185.1_AG_v1|w3|t2	GCA_900079185.1_AG_v1	cand	GCA_900079185.1_AG_v1|w3	tblastn	REF|36080_r7b_MAT_Minus|gene1|sexM	28.1	E=0.024	35
GCA_900079185.1_AG_v1|w4|t0	GCA_900079185.1_AG_v1	cand	GCA_900079185.1_AG_v1|w4	tblastn	REF|64495_cbs110-17_MAT_Minus|gene1|sexM	25.4	E=0.11	43
GCA_900079185.1_AG_v1|w5|t0	GCA_900079185.1_AG_v1	cand	GCA_900079185.1_AG_v1|w5	tblastn	REF|101119_atcc11807_MAT_Plus|gene0|sexP	50.4	E=0.009	85
GCA_900079185.1_AG_v1|w5|t1	GCA_900079185.1_AG_v1	cand	GCA_900079185.1_AG_v1|w5	tblastn	REF|3108396_ai-2023a_MAT_Plus|gene2|sexP	25.0	E=0.36	45
GCA_900079185.1_AG_v1|w6|t0	GCA_900079185.1_AG_v1	cand	GCA_900079185.1_AG_v1|w6	tblastn	REF|3231046_uomau377_MAT_Minus|gene1|sexM	30.8	E=0.004	36
GCA_900079185.1_AG_v1|w6|t2	GCA_900079185.1_AG_v1	cand	GCA_900079185.1_AG_v1|w6	tblastn	REF|4837_ubc21_MAT_Plus|gene1|sexP	55.4	E=0.00024	90
GCA_900079185.1_AG_v1|w7|t0	GCA_900079185.1_AG_v1	cand	GCA_900079185.1_AG_v1|w7	tblastn	REF|101119_atcc11807_MAT_Minus|gene0|sexM	64.7	E=0.8	60
GCA_900079185.1_AG_v1|w7|t1	GCA_900079185.1_AG_v1	cand	GCA_900079185.1_AG_v1|w7	tblastn	REF|64495_cbs110-17_MAT_Minus|gene1|sexM	19.6	E=8.1	37
GCA_900175165.2_FCH_5_7|nc0|t1	GCA_900175165.2_FCH_5_7	cand	GCA_900175165.2_FCH_5_7|nc0	tblastn	REF|36080_r7b_MAT_Minus|gene1|sexM	25.4	E=0.52	33
GCA_900175165.2_FCH_5_7|nc0|t2	GCA_900175165.2_FCH_5_7	cand	GCA_900175165.2_FCH_5_7|nc0	tblastn	REF|64495_cbs110-17_MAT_Minus|gene1|sexM	39.7	E=7.5e-06	41
GCA_900175165.2_FCH_5_7|w0|t0	GCA_900175165.2_FCH_5_7	cand	GCA_900175165.2_FCH_5_7|w0	tblastn	REF|4837_ubc21_MAT_Plus|gene1|sexP	49.3	E=1.9e-08	81
GCA_900175165.2_FCH_5_7|w2|t0	GCA_900175165.2_FCH_5_7	cand	GCA_900175165.2_FCH_5_7|w2	tblastn	REF|4837_ubc21_MAT_Plus|gene1|sexP	28.1	E=0.11	33
GCA_900175165.2_FCH_5_7|w2|t1	GCA_900175165.2_FCH_5_7	cand	GCA_900175165.2_FCH_5_7|w2	tblastn	REF|3231046_uomd23-19_MAT_Plus|gene1|sexP	24.3	E=1.5	66
GCA_900175165.2_FCH_5_7|w2|t2	GCA_900175165.2_FCH_5_7	cand	GCA_900175165.2_FCH_5_7|w2	tblastn	REF|64495_cbs110-17_MAT_Minus|gene1|sexM	24.6	E=0.52	103
GCA_900175165.2_FCH_5_7|w2|t3	GCA_900175165.2_FCH_5_7	cand	GCA_900175165.2_FCH_5_7|w2	tblastn	REF|4837_ubc21_MAT_Plus|gene1|sexP	25.4	E=0.67	38
GCA_900175165.2_FCH_5_7|w2|t4	GCA_900175165.2_FCH_5_7	cand	GCA_900175165.2_FCH_5_7|w2	tblastn	REF|4850_vkm-f-921_MAT_Minus|gene0|sexM	24.3	E=0.86	43
GCA_900175165.2_FCH_5_7|w2|t5	GCA_900175165.2_FCH_5_7	cand	GCA_900175165.2_FCH_5_7|w2	tblastn	REF|101119_atcc11807_MAT_Minus|gene0|sexM	27.3	E=0.091	58
GCA_900175165.2_FCH_5_7|w3|t0	GCA_900175165.2_FCH_5_7	cand	GCA_900175165.2_FCH_5_7|w3	tblastn	REF|3231046_uomau377_MAT_Minus|gene1|sexM	29.3	E=0.029	47
GCA_900175165.2_FCH_5_7|w4|t4	GCA_900175165.2_FCH_5_7	cand	GCA_900175165.2_FCH_5_7|w4	tblastn	REF|29922_cbs109-16_MAT_Minus|gene1|sexM	48.9	E=0.11	83
GCA_900175165.2_FCH_5_7|w5|t0	GCA_900175165.2_FCH_5_7	cand	GCA_900175165.2_FCH_5_7|w5	tblastn	REF|3231046_uomau377_MAT_Minus|gene1|sexM	45.4	E=2.3	61
GCA_900175165.2_FCH_5_7|w6|t0	GCA_900175165.2_FCH_5_7	cand	GCA_900175165.2_FCH_5_7|w6	tblastn	REF|101119_atcc11807_MAT_Minus|gene0|sexM	21.9	E=4.3	45
GCA_900175165.2_FCH_5_7|w6|t3	GCA_900175165.2_FCH_5_7	cand	GCA_900175165.2_FCH_5_7|w6	tblastn	REF|86630_cbs357-93_MAT_Minus|gene0|sexM	22.7	E=2.3	43
GCA_900175165.2_FCH_5_7|w6|t5	GCA_900175165.2_FCH_5_7	cand	GCA_900175165.2_FCH_5_7|w6	tblastn	REF|36080_nrrl-3631_MAT_Plus|gene1|sexP	29.6	E=0.038	49
GCA_900175165.2_FCH_5_7|w7|t0	GCA_900175165.2_FCH_5_7	cand	GCA_900175165.2_FCH_5_7|w7	tblastn	REF|4837_nrrl1555_MAT_Minus|gene1|sexM	71.2	E=0.61	102
GCA_900175165.2_FCH_5_7|w7|t2	GCA_900175165.2_FCH_5_7	cand	GCA_900175165.2_FCH_5_7|w7	tblastn	REF|86630_cbs357-93_MAT_Minus|gene0|sexM	22.3	E=2.8	48
GCA_900175165.2_FCH_5_7|w7|t3	GCA_900175165.2_FCH_5_7	cand	GCA_900175165.2_FCH_5_7|w7	tblastn	REF|4837_ubc21_MAT_Plus|gene1|sexP	21.9	E=7.9	83
GCA_900175165.2_FCH_5_7|w7|t4	GCA_900175165.2_FCH_5_7	cand	GCA_900175165.2_FCH_5_7|w7	tblastn	REF|4837_nrrl1555_MAT_Minus|gene1|sexM	21.6	E=6.4	31
GCA_900175165.2_FCH_5_7|w8|t0	GCA_900175165.2_FCH_5_7	cand	GCA_900175165.2_FCH_5_7|w8	tblastn	REF|36080_nrrl-3631_MAT_Plus|gene1|sexP	39.3	E=3.1e-05	56
GCA_900175165.2_FCH_5_7|w9|t0	GCA_900175165.2_FCH_5_7	cand	GCA_900175165.2_FCH_5_7|w9	tblastn	REF|4837_nrrl1555_MAT_Minus|gene1|sexM	27.7	E=0.073	58
GCA_900175165.2_FCH_5_7|w10|t0	GCA_900175165.2_FCH_5_7	cand	GCA_900175165.2_FCH_5_7|w10	tblastn	REF|35722_atcc11077_MAT_Minus|gene0|sexM	26.9	E=0.12	64
GCA_900175165.2_FCH_5_7|w11|t0	GCA_900175165.2_FCH_5_7	cand	GCA_900175165.2_FCH_5_7|w11	tblastn	REF|3231046_uomd23-19_MAT_Plus|gene1|sexP	28.9	E=0.054	58
GCA_900175165.2_FCH_5_7|w11|t1	GCA_900175165.2_FCH_5_7	cand	GCA_900175165.2_FCH_5_7|w11	tblastn	REF|4837_nrrl1555_MAT_Minus|gene1|sexM	23.1	E=2.2	46
GCA_900175165.2_FCH_5_7|w11|t2	GCA_900175165.2_FCH_5_7	cand	GCA_900175165.2_FCH_5_7|w11	tblastn	REF|35722_atcc11077_MAT_Minus|gene0|sexM	33.5	E=0.001	42
GCA_900175165.2_FCH_5_7|w12|t0	GCA_900175165.2_FCH_5_7	cand	GCA_900175165.2_FCH_5_7|w12	tblastn	REF|3231046_uomd23-19_MAT_Plus|gene1|sexP	27.7	E=0.12	51
GCA_900175165.2_FCH_5_7|h6|t0	GCA_900175165.2_FCH_5_7	nonlocus	GCA_900175165.2_FCH_5_7|h6	tblastn	REF|4837_ubc21_MAT_Plus|gene1|sexP	120.0	E=1.9e-32	184
GCA_900175165.2_FCH_5_7|h1|t0	GCA_900175165.2_FCH_5_7	nonlocus	GCA_900175165.2_FCH_5_7|h1	tblastn	REF|4837_ubc21_MAT_Plus|gene1|sexP	116.0	E=7.8e-31	179
GCA_900175165.2_FCH_5_7|h3|t0	GCA_900175165.2_FCH_5_7	nonlocus	GCA_900175165.2_FCH_5_7|h3	tblastn	REF|4837_ubc21_MAT_Plus|gene1|sexP	108.6	E=9.5e-21	109
GCA_943193625.1_gzMucPiri1.1|c0|m0	GCA_943193625.1_gzMucPiri1.1	cand	GCA_943193625.1_gzMucPiri1.1|c0	miniprot	REF|29922_cbs109-16_MAT_Minus|gene1|sexM	876	1.0	214
GCA_943193625.1_gzMucPiri1.1|w0|t0	GCA_943193625.1_gzMucPiri1.1	cand	GCA_943193625.1_gzMucPiri1.1|w0	tblastn	REF|36080_nrrl-3631_MAT_Plus|gene1|sexP	40.4	E=2.8	44
GCA_943193625.1_gzMucPiri1.1|w0|t2	GCA_943193625.1_gzMucPiri1.1	cand	GCA_943193625.1_gzMucPiri1.1|w0	tblastn	REF|3231046_uomd23-19_MAT_Plus|gene1|sexP	64.3	E=0.78	151
GCA_943193625.1_gzMucPiri1.1|w0|t3	GCA_943193625.1_gzMucPiri1.1	cand	GCA_943193625.1_gzMucPiri1.1|w0	tblastn	REF|86630_cbs357-93_MAT_Minus|gene0|sexM	21.2	E=1.2	45
GCA_963573315.1_gzEntParv1.1|w0|t0	GCA_963573315.1_gzEntParv1.1	cand	GCA_963573315.1_gzEntParv1.1|w0	tblastn	REF|86630_cbs357-93_MAT_Minus|gene0|sexM	59.3	E=0.2	46
GCA_964291815.1_UMBE_WA70503|w0|t0	GCA_964291815.1_UMBE_WA70503	cand	GCA_964291815.1_UMBE_WA70503|w0	tblastn	REF|64495_cbs346-36_MAT_Plus|gene2|sexP	63.5	E=0.6	78
GCA_964291815.1_UMBE_WA70503|w0|t1	GCA_964291815.1_UMBE_WA70503	cand	GCA_964291815.1_UMBE_WA70503|w0	tblastn	REF|101119_atcc11807_MAT_Plus|gene0|sexP	19.2	E=9.9	32
GCA_964291815.1_UMBE_WA70503|w0|t3	GCA_964291815.1_UMBE_WA70503	cand	GCA_964291815.1_UMBE_WA70503|w0	tblastn	REF|36080_nrrl-3631_MAT_Plus|gene1|sexP	48.5	E=0.024	83
GCA_964291815.1_UMBE_WA70503|w0|t4	GCA_964291815.1_UMBE_WA70503	cand	GCA_964291815.1_UMBE_WA70503|w0	tblastn	REF|36080_r7b_MAT_Minus|gene1|sexM	50.0	E=0.004	74
GCA_964291815.1_UMBE_WA70503|w0|t5	GCA_964291815.1_UMBE_WA70503	cand	GCA_964291815.1_UMBE_WA70503|w0	tblastn	REF|101119_atcc11807_MAT_Plus|gene0|sexP	20.0	E=5.6	73
GCA_964291815.1_UMBE_WA70503|nw1|t0	GCA_964291815.1_UMBE_WA70503	cand	GCA_964291815.1_UMBE_WA70503|nw1	tblastn	REF|86630_cbs357-93_MAT_Minus|gene0|sexM	98.9	E=7e-07	157
GCA_973907015.1_gzMucCirc1|c0|m0	GCA_973907015.1_gzMucCirc1	cand	GCA_973907015.1_gzMucCirc1|c0	miniprot	REF|36080_nrrl-3631_MAT_Plus|gene1|sexP	1293	1.0	322
GCA_973907015.1_gzMucCirc1|w0|t0	GCA_973907015.1_gzMucCirc1	cand	GCA_973907015.1_gzMucCirc1|w0	tblastn	REF|101119_atcc11807_MAT_Minus|gene0|sexM	65.8	E=0.001	78
GCA_977013585.1_ggMorFluv1.1|w0|t0	GCA_977013585.1_ggMorFluv1.1	cand	GCA_977013585.1_ggMorFluv1.1|w0	tblastn	REF|64495_cbs110-17_MAT_Minus|gene1|sexM	21.9	E=3.8	54
GCA_977013585.1_ggMorFluv1.1|w0|t2	GCA_977013585.1_ggMorFluv1.1	cand	GCA_977013585.1_ggMorFluv1.1|w0	tblastn	REF|4837_ubc21_MAT_Plus|gene1|sexP	30.4	E=0.018	33
GCA_977013585.1_ggMorFluv1.1|w1|t2	GCA_977013585.1_ggMorFluv1.1	cand	GCA_977013585.1_ggMorFluv1.1|w1	tblastn	REF|64495_cbs110-17_MAT_Minus|gene1|sexM	25.0	E=0.45	42
GCA_977013585.1_ggMorFluv1.1|w1|t3	GCA_977013585.1_ggMorFluv1.1	cand	GCA_977013585.1_ggMorFluv1.1|w1	tblastn	REF|36080_nrrl-3631_MAT_Plus|gene1|sexP	51.2	E=0.065	48
GCA_977013585.1_ggMorFluv1.1|w2|t0	GCA_977013585.1_ggMorFluv1.1	cand	GCA_977013585.1_ggMorFluv1.1|w2	tblastn	REF|4837_nrrl1555_MAT_Minus|gene1|sexM	52.0	E=0.05	70
GCA_977013585.1_ggMorFluv1.1|w2|t1	GCA_977013585.1_ggMorFluv1.1	cand	GCA_977013585.1_ggMorFluv1.1|w2	tblastn	REF|36080_nrrl-3631_MAT_Plus|gene1|sexP	23.1	E=4.3	31
GCA_977013585.1_ggMorFluv1.1|w2|t2	GCA_977013585.1_ggMorFluv1.1	cand	GCA_977013585.1_ggMorFluv1.1|w2	tblastn	REF|64495_cbs346-36_MAT_Plus|gene2|sexP	23.1	E=3.8	48
GCA_977013585.1_ggMorFluv1.1|w2|t6	GCA_977013585.1_ggMorFluv1.1	cand	GCA_977013585.1_ggMorFluv1.1|w2	tblastn	REF|64495_cbs346-36_MAT_Plus|gene2|sexP	51.2	E=0.06	99
GCA_977013585.1_ggMorFluv1.1|w3|t0	GCA_977013585.1_ggMorFluv1.1	cand	GCA_977013585.1_ggMorFluv1.1|w3	tblastn	REF|4850_vkm-f-921_MAT_Minus|gene0|sexM	22.3	E=4.4	41
GCA_977013585.1_ggMorFluv1.1|w3|t1	GCA_977013585.1_ggMorFluv1.1	cand	GCA_977013585.1_ggMorFluv1.1|w3	tblastn	REF|101119_atcc11807_MAT_Minus|gene0|sexM	21.6	E=5.5	47
GCA_977013585.1_ggMorFluv1.1|w3|t2	GCA_977013585.1_ggMorFluv1.1	cand	GCA_977013585.1_ggMorFluv1.1|w3	tblastn	REF|35722_atcc11077_MAT_Minus|gene0|sexM	28.1	E=0.047	31
GCA_977013585.1_ggMorFluv1.1|w4|t0	GCA_977013585.1_ggMorFluv1.1	cand	GCA_977013585.1_ggMorFluv1.1|w4	tblastn	REF|4837_ubc21_MAT_Plus|gene1|sexP	50.4	E=8e-09	76
GCA_977013585.1_ggMorFluv1.1|w5|t0	GCA_977013585.1_ggMorFluv1.1	cand	GCA_977013585.1_ggMorFluv1.1|w5	tblastn	REF|36080_nrrl-3631_MAT_Plus|gene1|sexP	28.9	E=0.066	105
GCA_977013585.1_ggMorFluv1.1|w5|t4	GCA_977013585.1_ggMorFluv1.1	cand	GCA_977013585.1_ggMorFluv1.1|w5	tblastn	REF|4850_vkm-f-921_MAT_Minus|gene0|sexM	21.6	E=7.5	46
GCA_977013585.1_ggMorFluv1.1|w6|t0	GCA_977013585.1_ggMorFluv1.1	cand	GCA_977013585.1_ggMorFluv1.1|w6	tblastn	REF|4837_nrrl1555_MAT_Minus|gene1|sexM	51.6	E=0.025	161
GCA_977013585.1_ggMorFluv1.1|w7|t0	GCA_977013585.1_ggMorFluv1.1	cand	GCA_977013585.1_ggMorFluv1.1|w7	tblastn	REF|36080_nrrl-3631_MAT_Plus|gene1|sexP	28.9	E=0.069	63
GCA_977013585.1_ggMorFluv1.1|w7|t2	GCA_977013585.1_ggMorFluv1.1	cand	GCA_977013585.1_ggMorFluv1.1|w7	tblastn	REF|36080_nrrl-3631_MAT_Plus|gene1|sexP	21.9	E=8.9	43
GCA_977013585.1_ggMorFluv1.1|w7|t3	GCA_977013585.1_ggMorFluv1.1	cand	GCA_977013585.1_ggMorFluv1.1|w7	tblastn	REF|3231046_uomd23-19_MAT_Plus|gene1|sexP	22.7	E=5.3	30
GCA_977013585.1_ggMorFluv1.1|w8|t0	GCA_977013585.1_ggMorFluv1.1	cand	GCA_977013585.1_ggMorFluv1.1|w8	tblastn	REF|3231046_uomau377_MAT_Minus|gene1|sexM	24.6	E=0.81	31
GCA_977013585.1_ggMorFluv1.1|w8|t2	GCA_977013585.1_ggMorFluv1.1	cand	GCA_977013585.1_ggMorFluv1.1|w8	tblastn	REF|64495_cbs346-36_MAT_Plus|gene2|sexP	30.4	E=0.018	43
GCA_977013585.1_ggMorFluv1.1|w9|t0	GCA_977013585.1_ggMorFluv1.1	cand	GCA_977013585.1_ggMorFluv1.1|w9	tblastn	REF|36080_r7b_MAT_Minus|gene1|sexM	22.7	E=3.4	64
GCA_977013585.1_ggMorFluv1.1|w9|t1	GCA_977013585.1_ggMorFluv1.1	cand	GCA_977013585.1_ggMorFluv1.1|w9	tblastn	REF|64495_cbs110-17_MAT_Minus|gene1|sexM	20.8	E=9.3	44
GCA_977013585.1_ggMorFluv1.1|w9|t2	GCA_977013585.1_ggMorFluv1.1	cand	GCA_977013585.1_ggMorFluv1.1|w9	tblastn	REF|101119_atcc11807_MAT_Plus|gene0|sexP	28.9	E=0.05	46
GCA_977013585.1_ggMorFluv1.1|w10|t0	GCA_977013585.1_ggMorFluv1.1	cand	GCA_977013585.1_ggMorFluv1.1|w10	tblastn	REF|4837_ubc21_MAT_Plus|gene1|sexP	51.6	E=0.04	60
GCA_977013585.1_ggMorFluv1.1|w10|t1	GCA_977013585.1_ggMorFluv1.1	cand	GCA_977013585.1_ggMorFluv1.1|w10	tblastn	REF|86630_cbs357-93_MAT_Minus|gene0|sexM	28.1	E=0.045	52
GCA_977013585.1_ggMorFluv1.1|h5|t0	GCA_977013585.1_ggMorFluv1.1	nonlocus	GCA_977013585.1_ggMorFluv1.1|h5	tblastn	REF|4837_nrrl1555_MAT_Minus|gene1|sexM	70.1	E=6.5e-16	75
GCA_977013585.1_ggMorFluv1.1|h5|t1	GCA_977013585.1_ggMorFluv1.1	nonlocus	GCA_977013585.1_ggMorFluv1.1|h5	tblastn	REF|3108396_ai-2023a_MAT_Plus|gene2|sexP	24.6	E=1.1	53
GCA_977013585.1_ggMorFluv1.1|h1|t0	GCA_977013585.1_ggMorFluv1.1	nonlocus	GCA_977013585.1_ggMorFluv1.1|h1	tblastn	REF|86630_cbs357-93_MAT_Minus|gene0|sexM	88.9	E=3.6e-14	141
GCA_977013585.1_ggMorFluv1.1|h2|t0	GCA_977013585.1_ggMorFluv1.1	nonlocus	GCA_977013585.1_ggMorFluv1.1|h2	tblastn	REF|101119_atcc11807_MAT_Minus|gene0|sexM	67.0	E=3.5e-15	95
GCA_977091265.1_gzMorAlpi1|c0|t0	GCA_977091265.1_gzMorAlpi1	cand	GCA_977091265.1_gzMorAlpi1|c0	tblastn	REF|4837_ubc21_MAT_Plus|gene1|sexP	40.4	E=8.3	40
GCA_977091265.1_gzMorAlpi1|c0|t2	GCA_977091265.1_gzMorAlpi1	cand	GCA_977091265.1_gzMorAlpi1|c0	tblastn	REF|64495_cbs110-17_MAT_Minus|gene1|sexM	96.7	E=2e-18	114
GCA_977091265.1_gzMorAlpi1|w0|t0	GCA_977091265.1_gzMorAlpi1	cand	GCA_977091265.1_gzMorAlpi1|w0	tblastn	REF|4850_vkm-f-921_MAT_Minus|gene0|sexM	19.6	E=9.5	60
GCA_977091265.1_gzMorAlpi1|w0|t1	GCA_977091265.1_gzMorAlpi1	cand	GCA_977091265.1_gzMorAlpi1|w0	tblastn	REF|4837_ubc21_MAT_Plus|gene1|sexP	53.5	E=2.8e-10	76
GCA_977091265.1_gzMorAlpi1|w0|t2	GCA_977091265.1_gzMorAlpi1	cand	GCA_977091265.1_gzMorAlpi1|w0	tblastn	REF|3231046_uomd23-19_MAT_Plus|gene1|sexP	42.7	E=2.1	74
GCA_977091265.1_gzMorAlpi1|w0|t3	GCA_977091265.1_gzMorAlpi1	cand	GCA_977091265.1_gzMorAlpi1|w0	tblastn	REF|4837_ubc21_MAT_Plus|gene1|sexP	43.1	E=1.6	48
GCA_977091265.1_gzMorAlpi1|w1|t0	GCA_977091265.1_gzMorAlpi1	cand	GCA_977091265.1_gzMorAlpi1|w1	tblastn	REF|4850_vkm-f-921_MAT_Minus|gene0|sexM	40.4	E=4.4	43
GCA_977091265.1_gzMorAlpi1|w1|t1	GCA_977091265.1_gzMorAlpi1	cand	GCA_977091265.1_gzMorAlpi1|w1	tblastn	REF|3231046_uomau377_MAT_Minus|gene1|sexM	21.9	E=1.9	70
GCA_977091265.1_gzMorAlpi1|w1|t2	GCA_977091265.1_gzMorAlpi1	cand	GCA_977091265.1_gzMorAlpi1|w1	tblastn	REF|3108396_ai-2023a_MAT_Plus|gene2|sexP	54.7	E=0.006	109
GCA_977092135.1_gzAbsCyli1|c0|m0	GCA_977092135.1_gzAbsCyli1	cand	GCA_977092135.1_gzAbsCyli1|c0	miniprot	REF|3231046_uomau377_MAT_Minus|gene1|sexM	349	0.751	180
GCA_977092135.1_gzAbsCyli1|nw0|t0	GCA_977092135.1_gzAbsCyli1	cand	GCA_977092135.1_gzAbsCyli1|nw0	tblastn	REF|3231046_uomd23-19_MAT_Plus|gene1|sexP	21.6	E=1.7	61
GCA_977092135.1_gzAbsCyli1|nw0|t2	GCA_977092135.1_gzAbsCyli1	cand	GCA_977092135.1_gzAbsCyli1|nw0	tblastn	REF|36080_nrrl-3631_MAT_Plus|gene1|sexP	83.5	E=1.5e-05	107
GCA_977092135.1_gzAbsCyli1|nw0|t3	GCA_977092135.1_gzAbsCyli1	cand	GCA_977092135.1_gzAbsCyli1|nw0	tblastn	REF|3108396_ai-2023a_MAT_Plus|gene2|sexP	21.6	E=1.5	54
GCA_977092135.1_gzAbsCyli1|nw0|t4	GCA_977092135.1_gzAbsCyli1	cand	GCA_977092135.1_gzAbsCyli1|nw0	tblastn	REF|4837_nrrl1555_MAT_Minus|gene1|sexM	25.0	E=0.083	37
GCA_977110905.1_gzMucHiem1|c0|t0	GCA_977110905.1_gzMucHiem1	cand	GCA_977110905.1_gzMucHiem1|c0	tblastn	REF|64495_cbs346-36_MAT_Plus|gene2|sexP	119.8	E=3.4e-06	158
GCA_977110905.1_gzMucHiem1|c0|t1	GCA_977110905.1_gzMucHiem1	cand	GCA_977110905.1_gzMucHiem1|c0	tblastn	REF|101119_atcc11807_MAT_Minus|gene0|sexM	58.1	E=0.58	105
GCA_977110915.1_gzCunEchi1|c0|t1	GCA_977110915.1_gzCunEchi1	cand	GCA_977110915.1_gzCunEchi1|c0	tblastn	REF|4837_nrrl1555_MAT_Minus|gene1|sexM	80.9	E=6.4e-21	160
GCA_977110925.1_gzCunBlak1|c0|t0	GCA_977110925.1_gzCunBlak1	cand	GCA_977110925.1_gzCunBlak1|c0	tblastn	REF|3231046_uomd23-19_MAT_Plus|gene1|sexP	181.0	E=7.6e-54	286
GCA_977110925.1_gzCunBlak1|c0|t1	GCA_977110925.1_gzCunBlak1	cand	GCA_977110925.1_gzCunBlak1|c0	tblastn	REF|3231046_uomd23-19_MAT_Plus|gene1|sexP	38.8	E=6.2	65
GCA_977110925.1_gzCunBlak1|h1|t0	GCA_977110925.1_gzCunBlak1	nonlocus	GCA_977110925.1_gzCunBlak1|h1	tblastn	REF|101119_atcc11807_MAT_Minus|gene0|sexM	60.1	E=1.2e-13	90
GCA_977110925.1_gzCunBlak1|h2|t0	GCA_977110925.1_gzCunBlak1	nonlocus	GCA_977110925.1_gzCunBlak1|h2	tblastn	REF|101119_atcc11807_MAT_Plus|gene0|sexP	76.6	E=1e-05	103
GCA_977110925.1_gzCunBlak1|h4|t0	GCA_977110925.1_gzCunBlak1	nonlocus	GCA_977110925.1_gzCunBlak1|h4	tblastn	REF|64495_cbs110-17_MAT_Minus|gene1|sexM	43.9	E=4.2e-08	65
GCA_977110935.1_gzMucFrag1|c0|m0	GCA_977110935.1_gzMucFrag1	cand	GCA_977110935.1_gzMucFrag1|c0	miniprot	REF|36080_r7b_MAT_Minus|gene1|sexM	900	1.0	256
GCA_977110935.1_gzMucFrag1|w0|t0	GCA_977110935.1_gzMucFrag1	cand	GCA_977110935.1_gzMucFrag1|w0	tblastn	REF|36080_nrrl-3631_MAT_Plus|gene1|sexP	60.8	E=2.9e-07	142
GCA_977110945.1_gzUmbRama1|c0|t0	GCA_977110945.1_gzUmbRama1	cand	GCA_977110945.1_gzUmbRama1|c0	tblastn	REF|3231046_uomau377_MAT_Minus|gene1|sexM	42.4	E=5	77
GCA_977110945.1_gzUmbRama1|c0|t1	GCA_977110945.1_gzUmbRama1	cand	GCA_977110945.1_gzUmbRama1|c0	tblastn	REF|36080_r7b_MAT_Minus|gene1|sexM	21.6	E=3.9	31
GCA_977110945.1_gzUmbRama1|c0|t2	GCA_977110945.1_gzUmbRama1	cand	GCA_977110945.1_gzUmbRama1|c0	tblastn	REF|36080_nrrl-3631_MAT_Plus|gene1|sexP	53.1	E=8.4e-10	143
GCA_977110945.1_gzUmbRama1|c0|t4	GCA_977110945.1_gzUmbRama1	cand	GCA_977110945.1_gzUmbRama1|c0	tblastn	REF|3231046_uomau377_MAT_Minus|gene1|sexM	41.6	E=6.7	31
GCA_977110945.1_gzUmbRama1|w0|t2	GCA_977110945.1_gzUmbRama1	cand	GCA_977110945.1_gzUmbRama1|w0	tblastn	REF|101119_atcc11807_MAT_Plus|gene0|sexP	24.3	E=0.73	59
GCA_977110945.1_gzUmbRama1|w0|t3	GCA_977110945.1_gzUmbRama1	cand	GCA_977110945.1_gzUmbRama1|w0	tblastn	REF|4837_nrrl1555_MAT_Minus|gene1|sexM	31.6	E=0.003	80
GCA_977110945.1_gzUmbRama1|w1|t0	GCA_977110945.1_gzUmbRama1	cand	GCA_977110945.1_gzUmbRama1|w1	tblastn	REF|3231046_uomau377_MAT_Minus|gene1|sexM	23.1	E=1.4	83
GCA_977110945.1_gzUmbRama1|w1|t1	GCA_977110945.1_gzUmbRama1	cand	GCA_977110945.1_gzUmbRama1|w1	tblastn	REF|3231046_uomd23-19_MAT_Plus|gene1|sexP	21.2	E=8.8	43
GCA_977110945.1_gzUmbRama1|w1|t2	GCA_977110945.1_gzUmbRama1	cand	GCA_977110945.1_gzUmbRama1|w1	tblastn	REF|64495_cbs110-17_MAT_Minus|gene1|sexM	43.5	E=2.3	53
GCA_977110945.1_gzUmbRama1|w1|t3	GCA_977110945.1_gzUmbRama1	cand	GCA_977110945.1_gzUmbRama1|w1	tblastn	REF|101119_atcc11807_MAT_Minus|gene0|sexM	56.6	E=2e-12	82
GCA_977110945.1_gzUmbRama1|w1|t4	GCA_977110945.1_gzUmbRama1	cand	GCA_977110945.1_gzUmbRama1|w1	tblastn	REF|101119_atcc11807_MAT_Plus|gene0|sexP	29.6	E=0.014	101
GCA_977110945.1_gzUmbRama1|w2|t0	GCA_977110945.1_gzUmbRama1	cand	GCA_977110945.1_gzUmbRama1|w2	tblastn	REF|36080_r7b_MAT_Minus|gene1|sexM	27.7	E=0.048	66
GCA_977110945.1_gzUmbRama1|w2|t1	GCA_977110945.1_gzUmbRama1	cand	GCA_977110945.1_gzUmbRama1|w2	tblastn	REF|3108396_ai-2023a_MAT_Plus|gene2|sexP	22.7	E=2.7	51
GCA_977110945.1_gzUmbRama1|w2|t3	GCA_977110945.1_gzUmbRama1	cand	GCA_977110945.1_gzUmbRama1|w2	tblastn	REF|101119_atcc11807_MAT_Plus|gene0|sexP	21.9	E=4	35
GCA_977110945.1_gzUmbRama1|w2|t5	GCA_977110945.1_gzUmbRama1	cand	GCA_977110945.1_gzUmbRama1|w2	tblastn	REF|36080_nrrl-3631_MAT_Plus|gene1|sexP	27.7	E=0.075	35
GCA_977110945.1_gzUmbRama1|h5|t0	GCA_977110945.1_gzUmbRama1	nonlocus	GCA_977110945.1_gzUmbRama1|h5	tblastn	REF|86630_cbs357-93_MAT_Minus|gene0|sexM	80.1	E=7.5e-12	81
GCA_977110945.1_gzUmbRama1|h10|t0	GCA_977110945.1_gzUmbRama1	nonlocus	GCA_977110945.1_gzUmbRama1|h10	tblastn	REF|3231046_uomd23-19_MAT_Plus|gene1|sexP	64.3	E=1.1e-06	79
GCA_977110945.1_gzUmbRama1|h1|t0	GCA_977110945.1_gzUmbRama1	nonlocus	GCA_977110945.1_gzUmbRama1|h1	tblastn	REF|36080_r7b_MAT_Minus|gene1|sexM	21.6	E=4	33
GCA_977110945.1_gzUmbRama1|h1|t1	GCA_977110945.1_gzUmbRama1	nonlocus	GCA_977110945.1_gzUmbRama1|h1	tblastn	REF|64495_cbs110-17_MAT_Minus|gene1|sexM	35.4	E=0.00011	83
GCA_977110975.1_gzUmbVina2|w0|t0	GCA_977110975.1_gzUmbVina2	cand	GCA_977110975.1_gzUmbVina2|w0	tblastn	REF|4837_nrrl1555_MAT_Minus|gene1|sexM	39.6	E=5	78
GCA_977110975.1_gzUmbVina2|w0|t1	GCA_977110975.1_gzUmbVina2	cand	GCA_977110975.1_gzUmbVina2|w0	tblastn	REF|29922_cbs109-16_MAT_Minus|gene1|sexM	27.3	E=0.021	69
GCA_977110975.1_gzUmbVina2|w0|t2	GCA_977110975.1_gzUmbVina2	cand	GCA_977110975.1_gzUmbVina2|w0	tblastn	REF|101119_atcc11807_MAT_Plus|gene0|sexP	24.3	E=0.33	47
GCA_977110975.1_gzUmbVina2|w0|t3	GCA_977110975.1_gzUmbVina2	cand	GCA_977110975.1_gzUmbVina2|w0	tblastn	REF|36080_r7b_MAT_Minus|gene1|sexM	36.1	E=3.9	64
GCA_977110975.1_gzUmbVina2|w0|t4	GCA_977110975.1_gzUmbVina2	cand	GCA_977110975.1_gzUmbVina2|w0	tblastn	REF|3231046_uomau377_MAT_Minus|gene1|sexM	39.6	E=5.1	39
GCA_977110975.1_gzUmbVina2|w1|t0	GCA_977110975.1_gzUmbVina2	cand	GCA_977110975.1_gzUmbVina2|w1	tblastn	REF|36080_nrrl-3631_MAT_Plus|gene1|sexP	28.1	E=0.024	81
GCA_977110975.1_gzUmbVina2|w1|t1	GCA_977110975.1_gzUmbVina2	cand	GCA_977110975.1_gzUmbVina2|w1	tblastn	REF|3231046_uomau377_MAT_Minus|gene1|sexM	42.7	E=0.91	72
GCA_977110975.1_gzUmbVina2|w1|t2	GCA_977110975.1_gzUmbVina2	cand	GCA_977110975.1_gzUmbVina2|w1	tblastn	REF|3108396_ai-2023a_MAT_Plus|gene2|sexP	42.4	E=2.4	59
GCA_977110975.1_gzUmbVina2|nw2|t0	GCA_977110975.1_gzUmbVina2	cand	GCA_977110975.1_gzUmbVina2|nw2	tblastn	REF|64495_cbs346-36_MAT_Plus|gene2|sexP	55.9	E=0.00024	110
GCA_977110985.1_gzRhiStol1|c0|m0	GCA_977110985.1_gzRhiStol1	cand	GCA_977110985.1_gzRhiStol1|c0	miniprot	REF|101119_atcc11807_MAT_Plus|gene0|sexP	884	1.0	304
GCA_979029665.1_LinspUZ2_10|w0|t0	GCA_979029665.1_LinspUZ2_10	cand	GCA_979029665.1_LinspUZ2_10|w0	tblastn	REF|101119_atcc11807_MAT_Minus|gene0|sexM	27.7	E=0.032	45
GCA_979029665.1_LinspUZ2_10|w0|t1	GCA_979029665.1_LinspUZ2_10	cand	GCA_979029665.1_LinspUZ2_10|w0	tblastn	REF|101119_atcc11807_MAT_Minus|gene0|sexM	41.6	E=4.7	66
GCA_979029665.1_LinspUZ2_10|w1|t1	GCA_979029665.1_LinspUZ2_10	cand	GCA_979029665.1_LinspUZ2_10|w1	tblastn	REF|4837_ubc21_MAT_Plus|gene1|sexP	45.8	E=1.3e-07	51
GCA_979029665.1_LinspUZ2_10|w1|t2	GCA_979029665.1_LinspUZ2_10	cand	GCA_979029665.1_LinspUZ2_10|w1	tblastn	REF|86630_cbs357-93_MAT_Minus|gene0|sexM	23.9	E=0.54	30
GCA_979029665.1_LinspUZ2_10|w2|t0	GCA_979029665.1_LinspUZ2_10	cand	GCA_979029665.1_LinspUZ2_10|w2	tblastn	REF|36080_nrrl-3631_MAT_Plus|gene1|sexP	23.1	E=1.9	93
GCA_979029665.1_LinspUZ2_10|w2|t1	GCA_979029665.1_LinspUZ2_10	cand	GCA_979029665.1_LinspUZ2_10|w2	tblastn	REF|3231046_uomd23-19_MAT_Plus|gene1|sexP	25.0	E=0.45	75
GCA_979029665.1_LinspUZ2_10|w2|t2	GCA_979029665.1_LinspUZ2_10	cand	GCA_979029665.1_LinspUZ2_10|w2	tblastn	REF|3108396_ai-2023a_MAT_Plus|gene2|sexP	43.9	E=2.4	39
GCA_979029665.1_LinspUZ2_10|w2|t5	GCA_979029665.1_LinspUZ2_10	cand	GCA_979029665.1_LinspUZ2_10|w2	tblastn	REF|3231046_uomau377_MAT_Minus|gene1|sexM	47.8	E=1.5e-08	74
GCA_979029665.1_LinspUZ2_10|w3|t0	GCA_979029665.1_LinspUZ2_10	cand	GCA_979029665.1_LinspUZ2_10|w3	tblastn	REF|35722_atcc11077_MAT_Minus|gene0|sexM	38.5	E=2.7	74
GCA_979029665.1_LinspUZ2_10|w3|t4	GCA_979029665.1_LinspUZ2_10	cand	GCA_979029665.1_LinspUZ2_10|w3	tblastn	REF|86630_cbs357-93_MAT_Minus|gene0|sexM	22.3	E=1.8	52
GCA_979029665.1_LinspUZ2_10|w3|t5	GCA_979029665.1_LinspUZ2_10	cand	GCA_979029665.1_LinspUZ2_10|w3	tblastn	REF|36080_nrrl-3631_MAT_Plus|gene1|sexP	28.1	E=0.053	52
GCA_979029665.1_LinspUZ2_10|w4|t0	GCA_979029665.1_LinspUZ2_10	cand	GCA_979029665.1_LinspUZ2_10|w4	tblastn	REF|101119_atcc11807_MAT_Minus|gene0|sexM	29.3	E=0.011	45
GCA_979029665.1_LinspUZ2_10|w4|t1	GCA_979029665.1_LinspUZ2_10	cand	GCA_979029665.1_LinspUZ2_10|w4	tblastn	REF|101119_atcc11807_MAT_Minus|gene0|sexM	29.3	E=0.011	45
GCA_979029665.1_LinspUZ2_10|w4|t2	GCA_979029665.1_LinspUZ2_10	cand	GCA_979029665.1_LinspUZ2_10|w4	tblastn	REF|101119_atcc11807_MAT_Minus|gene0|sexM	29.3	E=0.011	45
GCA_979029665.1_LinspUZ2_10|w4|t3	GCA_979029665.1_LinspUZ2_10	cand	GCA_979029665.1_LinspUZ2_10|w4	tblastn	REF|101119_atcc11807_MAT_Minus|gene0|sexM	29.3	E=0.011	45
GCA_979029665.1_LinspUZ2_10|w4|t4	GCA_979029665.1_LinspUZ2_10	cand	GCA_979029665.1_LinspUZ2_10|w4	tblastn	REF|101119_atcc11807_MAT_Plus|gene0|sexP	22.3	E=3.3	36
GCA_979029665.1_LinspUZ2_10|w5|t0	GCA_979029665.1_LinspUZ2_10	cand	GCA_979029665.1_LinspUZ2_10|w5	tblastn	REF|4837_ubc21_MAT_Plus|gene1|sexP	50.8	E=3e-09	76
GCA_979029665.1_LinspUZ2_10|w5|t1	GCA_979029665.1_LinspUZ2_10	cand	GCA_979029665.1_LinspUZ2_10|w5	tblastn	REF|3108396_ai-2023a_MAT_Plus|gene2|sexP	24.3	E=0.86	126
GCA_982397305.1_T17-F|h1|m0	GCA_982397305.1_T17-F	nonlocus	GCA_982397305.1_T17-F|h1	miniprot	REF|4837_nrrl1555_MAT_Minus|gene1|sexM	260	0.915	166
GCA_982397305.1_T17-F|w0|t0	GCA_982397305.1_T17-F	cand	GCA_982397305.1_T17-F|w0	tblastn	REF|101119_atcc11807_MAT_Plus|gene0|sexP	93.9	E=0.002	162
GCA_982397305.1_T17-F|h4|t0	GCA_982397305.1_T17-F	nonlocus	GCA_982397305.1_T17-F|h4	tblastn	REF|29922_cbs109-16_MAT_Minus|gene1|sexM	74.3	E=2.1e-06	99
GCA_982397305.1_T17-F|h8|t0	GCA_982397305.1_T17-F	nonlocus	GCA_982397305.1_T17-F|h8	tblastn	REF|3231046_uomd23-19_MAT_Plus|gene1|sexP	68.1	E=4e-09	87
GCF_000149305.1_RO3|c0|m0	GCF_000149305.1_RO3	cand	GCF_000149305.1_RO3|c0	miniprot	REF|64495_cbs346-36_MAT_Plus|gene2|sexP	1532	1.0	313
GCF_000149305.1_RO3|w0|t0	GCF_000149305.1_RO3	cand	GCF_000149305.1_RO3|w0	tblastn	REF|35722_atcc11077_MAT_Minus|gene0|sexM	47.0	E=0.001	133
GCF_001638985.1_Phybl2|c0|m0	GCF_001638985.1_Phybl2	cand	GCF_001638985.1_Phybl2|c0	miniprot	REF|4837_nrrl1555_MAT_Minus|gene1|sexM	1098	1.0	211
GCF_002104995.1_Linpe1|w0|t0	GCF_002104995.1_Linpe1	cand	GCF_002104995.1_Linpe1|w0	tblastn	REF|101119_atcc11807_MAT_Minus|gene0|sexM	47.3	E=0.008	74
GCF_002104995.1_Linpe1|w0|t2	GCF_002104995.1_Linpe1	cand	GCF_002104995.1_Linpe1|w0	tblastn	REF|101119_atcc11807_MAT_Minus|gene0|sexM	21.9	E=0.76	34
GCF_002104995.1_Linpe1|w0|t3	GCF_002104995.1_Linpe1	cand	GCF_002104995.1_Linpe1|w0	tblastn	REF|64495_cbs346-36_MAT_Plus|gene2|sexP	46.2	E=0.57	93
GCF_002104995.1_Linpe1|w0|t4	GCF_002104995.1_Linpe1	cand	GCF_002104995.1_Linpe1|w0	tblastn	REF|3108396_ai-2023a_MAT_Plus|gene2|sexP	30.4	E=0.003	89
GCF_002104995.1_Linpe1|w0|t5	GCF_002104995.1_Linpe1	cand	GCF_002104995.1_Linpe1|w0	tblastn	REF|4850_vkm-f-921_MAT_Minus|gene0|sexM	38.1	E=6	75
GCF_002105155.1_Lobtra1|w0|t2	GCF_002105155.1_Lobtra1	cand	GCF_002105155.1_Lobtra1|w0	tblastn	REF|64495_cbs346-36_MAT_Plus|gene2|sexP	28.5	E=0.064	79
GCF_002105155.1_Lobtra1|w0|t3	GCF_002105155.1_Lobtra1	cand	GCF_002105155.1_Lobtra1|w0	tblastn	REF|36080_r7b_MAT_Minus|gene1|sexM	22.3	E=4.9	34
GCF_002105155.1_Lobtra1|w1|t0	GCF_002105155.1_Lobtra1	cand	GCF_002105155.1_Lobtra1|w1	tblastn	REF|35722_atcc11077_MAT_Minus|gene0|sexM	50.1	E=0.025	94
GCF_002105155.1_Lobtra1|w1|t2	GCF_002105155.1_Lobtra1	cand	GCF_002105155.1_Lobtra1|w1	tblastn	REF|64495_cbs346-36_MAT_Plus|gene2|sexP	22.3	E=6.1	71
GCF_002105155.1_Lobtra1|w2|t0	GCF_002105155.1_Lobtra1	cand	GCF_002105155.1_Lobtra1|w2	tblastn	REF|64495_cbs346-36_MAT_Plus|gene2|sexP	23.9	E=2.2	56
GCF_002105155.1_Lobtra1|w2|t1	GCF_002105155.1_Lobtra1	cand	GCF_002105155.1_Lobtra1|w2	tblastn	REF|86630_cbs357-93_MAT_Minus|gene0|sexM	23.1	E=1.8	40
GCF_002105155.1_Lobtra1|w2|t2	GCF_002105155.1_Lobtra1	cand	GCF_002105155.1_Lobtra1|w2	tblastn	REF|3231046_uomd23-19_MAT_Plus|gene1|sexP	25.0	E=0.79	48
GCF_002105155.1_Lobtra1|w2|t3	GCF_002105155.1_Lobtra1	cand	GCF_002105155.1_Lobtra1|w2	tblastn	REF|3231046_uomd23-19_MAT_Plus|gene1|sexP	25.0	E=0.79	48
GCF_002105155.1_Lobtra1|w2|t4	GCF_002105155.1_Lobtra1	cand	GCF_002105155.1_Lobtra1|w2	tblastn	REF|64495_cbs110-17_MAT_Minus|gene1|sexM	27.7	E=0.05	86
GCF_002105155.1_Lobtra1|w3|t0	GCF_002105155.1_Lobtra1	cand	GCF_002105155.1_Lobtra1|w3	tblastn	REF|4850_vkm-f-921_MAT_Minus|gene0|sexM	43.1	E=4.2	50
GCF_002105155.1_Lobtra1|w3|t1	GCF_002105155.1_Lobtra1	cand	GCF_002105155.1_Lobtra1|w3	tblastn	REF|4837_nrrl1555_MAT_Minus|gene1|sexM	23.1	E=2	41
GCF_002105155.1_Lobtra1|w3|t3	GCF_002105155.1_Lobtra1	cand	GCF_002105155.1_Lobtra1|w3	tblastn	REF|3231046_uomd23-19_MAT_Plus|gene1|sexP	29.3	E=0.041	41
GCF_002105155.1_Lobtra1|w4|t0	GCF_002105155.1_Lobtra1	cand	GCF_002105155.1_Lobtra1|w4	tblastn	REF|4837_nrrl1555_MAT_Minus|gene1|sexM	24.3	E=0.79	35
GCF_002105155.1_Lobtra1|w4|t1	GCF_002105155.1_Lobtra1	cand	GCF_002105155.1_Lobtra1|w4	tblastn	REF|4837_nrrl1555_MAT_Minus|gene1|sexM	23.1	E=2.2	89
GCF_002105155.1_Lobtra1|w4|t2	GCF_002105155.1_Lobtra1	cand	GCF_002105155.1_Lobtra1|w4	tblastn	REF|36080_nrrl-3631_MAT_Plus|gene1|sexP	30.0	E=0.024	71
GCF_002105155.1_Lobtra1|w5|t0	GCF_002105155.1_Lobtra1	cand	GCF_002105155.1_Lobtra1|w5	tblastn	REF|36080_r7b_MAT_Minus|gene1|sexM	37.7	E=6.3e-05	104
GCF_002105155.1_Lobtra1|h4|t1	GCF_002105155.1_Lobtra1	nonlocus	GCF_002105155.1_Lobtra1|h4	tblastn	REF|4837_nrrl1555_MAT_Minus|gene1|sexM	69.3	E=9e-16	78
GCF_002105155.1_Lobtra1|h1|t1	GCF_002105155.1_Lobtra1	nonlocus	GCF_002105155.1_Lobtra1|h1	tblastn	REF|64495_cbs110-17_MAT_Minus|gene1|sexM	68.2	E=1.4e-15	85
GCF_002105155.1_Lobtra1|h2|t0	GCF_002105155.1_Lobtra1	nonlocus	GCF_002105155.1_Lobtra1|h2	tblastn	REF|86630_cbs357-93_MAT_Minus|gene0|sexM	63.5	E=4.9e-14	122
GCF_002708625.1_Rhimi1_1|c0|m0	GCF_002708625.1_Rhimi1_1	cand	GCF_002708625.1_Rhimi1_1|c0	miniprot	REF|64495_cbs346-36_MAT_Plus|gene2|sexP	641	0.965	303
GCF_002708625.1_Rhimi1_1|nw0|t0	GCF_002708625.1_Rhimi1_1	cand	GCF_002708625.1_Rhimi1_1|nw0	tblastn	REF|4837_ubc21_MAT_Plus|gene1|sexP	54.7	E=1.7e-10	113
GCF_002708625.1_Rhimi1_1|nw0|t1	GCF_002708625.1_Rhimi1_1	cand	GCF_002708625.1_Rhimi1_1|nw0	tblastn	REF|101119_atcc11807_MAT_Plus|gene0|sexP	48.9	E=1e-08	110
GCF_002708625.1_Rhimi1_1|nw0|t2	GCF_002708625.1_Rhimi1_1	cand	GCF_002708625.1_Rhimi1_1|nw0	tblastn	REF|36080_nrrl-3631_MAT_Plus|gene1|sexP	20.8	E=9.3	30
GCF_002708625.1_Rhimi1_1|nw0|t3	GCF_002708625.1_Rhimi1_1	cand	GCF_002708625.1_Rhimi1_1|nw0	tblastn	REF|3108396_ai-2023a_MAT_Plus|gene2|sexP	21.6	E=4.6	38
GCF_002708625.1_Rhimi1_1|nw0|t6	GCF_002708625.1_Rhimi1_1	cand	GCF_002708625.1_Rhimi1_1|nw0	tblastn	REF|3231046_uomd23-19_MAT_Plus|gene1|sexP	36.2	E=7.5	38
GCF_002708625.1_Rhimi1_1|nw0|t8	GCF_002708625.1_Rhimi1_1	cand	GCF_002708625.1_Rhimi1_1|nw0	tblastn	REF|3108396_ai-2023a_MAT_Plus|gene2|sexP	58.1	E=5.6	63
GCF_002708625.1_Rhimi1_1|w0|t0	GCF_002708625.1_Rhimi1_1	cand	GCF_002708625.1_Rhimi1_1|w0	tblastn	REF|3231046_uomd23-19_MAT_Plus|gene1|sexP	24.3	E=0.65	42
GCF_002708625.1_Rhimi1_1|w0|t1	GCF_002708625.1_Rhimi1_1	cand	GCF_002708625.1_Rhimi1_1|w0	tblastn	REF|4837_ubc21_MAT_Plus|gene1|sexP	21.6	E=5.2	43
GCF_002708625.1_Rhimi1_1|w0|t2	GCF_002708625.1_Rhimi1_1	cand	GCF_002708625.1_Rhimi1_1|w0	tblastn	REF|3231046_uomd23-19_MAT_Plus|gene1|sexP	24.3	E=0.69	67
GCF_002708625.1_Rhimi1_1|w0|t3	GCF_002708625.1_Rhimi1_1	cand	GCF_002708625.1_Rhimi1_1|w0	tblastn	REF|64495_cbs110-17_MAT_Minus|gene1|sexM	26.9	E=0.052	69
GCF_002708625.1_Rhimi1_1|w0|t4	GCF_002708625.1_Rhimi1_1	cand	GCF_002708625.1_Rhimi1_1|w0	tblastn	REF|101119_atcc11807_MAT_Plus|gene0|sexP	20.8	E=8.1	79
GCF_002708625.1_Rhimi1_1|w0|t5	GCF_002708625.1_Rhimi1_1	cand	GCF_002708625.1_Rhimi1_1|w0	tblastn	REF|64495_cbs346-36_MAT_Plus|gene2|sexP	22.3	E=3.3	43
GCF_002708625.1_Rhimi1_1|w0|t6	GCF_002708625.1_Rhimi1_1	cand	GCF_002708625.1_Rhimi1_1|w0	tblastn	REF|101119_atcc11807_MAT_Minus|gene0|sexM	26.2	E=0.099	42
GCF_025024155.1_Mormul1|w0|t0	GCF_025024155.1_Mormul1	cand	GCF_025024155.1_Mormul1|w0	tblastn	REF|4837_nrrl1555_MAT_Minus|gene1|sexM	73.2	E=2.3e-17	73
GCF_025024155.1_Mormul1|w0|t2	GCF_025024155.1_Mormul1	cand	GCF_025024155.1_Mormul1|w0	tblastn	REF|3231046_uomau377_MAT_Minus|gene1|sexM	21.6	E=4.3	51
GCF_025024155.1_Mormul1|w1|t0	GCF_025024155.1_Mormul1	cand	GCF_025024155.1_Mormul1|w1	tblastn	REF|4837_ubc21_MAT_Plus|gene1|sexP	49.7	E=6.5e-09	148
GCF_025024155.1_Mormul1|w2|t1	GCF_025024155.1_Mormul1	cand	GCF_025024155.1_Mormul1|w2	tblastn	REF|4850_vkm-f-921_MAT_Minus|gene0|sexM	42.7	E=2.4	73
GCF_025024155.1_Mormul1|w2|t3	GCF_025024155.1_Mormul1	cand	GCF_025024155.1_Mormul1|w2	tblastn	REF|3231046_uomau377_MAT_Minus|gene1|sexM	42.7	E=2.3	48
GCF_025024155.1_Mormul1|w2|t5	GCF_025024155.1_Mormul1	cand	GCF_025024155.1_Mormul1|w2	tblastn	REF|3231046_uomau377_MAT_Minus|gene1|sexM	24.3	E=0.49	93
GCF_025024155.1_Mormul1|w2|t6	GCF_025024155.1_Mormul1	cand	GCF_025024155.1_Mormul1|w2	tblastn	REF|36080_r7b_MAT_Minus|gene1|sexM	46.2	E=0.34	151
GCF_025024155.1_Mormul1|w2|t7	GCF_025024155.1_Mormul1	cand	GCF_025024155.1_Mormul1|w2	tblastn	REF|3108396_ai-2023a_MAT_Plus|gene2|sexP	25.0	E=0.49	44
GCF_025024155.1_Mormul1|w3|t1	GCF_025024155.1_Mormul1	cand	GCF_025024155.1_Mormul1|w3	tblastn	REF|4837_nrrl1555_MAT_Minus|gene1|sexM	30.0	E=0.006	56
GCF_025024155.1_Mormul1|w4|t0	GCF_025024155.1_Mormul1	cand	GCF_025024155.1_Mormul1|w4	tblastn	REF|36080_nrrl-3631_MAT_Plus|gene1|sexP	28.9	E=0.028	36
GCF_025024155.1_Mormul1|w5|t1	GCF_025024155.1_Mormul1	cand	GCF_025024155.1_Mormul1|w5	tblastn	REF|4837_nrrl1555_MAT_Minus|gene1|sexM	29.3	E=0.013	36
GCF_025024155.1_Mormul1|w6|t0	GCF_025024155.1_Mormul1	cand	GCF_025024155.1_Mormul1|w6	tblastn	REF|36080_nrrl-3631_MAT_Plus|gene1|sexP	26.2	E=0.23	45
GCF_025024155.1_Mormul1|w6|t1	GCF_025024155.1_Mormul1	cand	GCF_025024155.1_Mormul1|w6	tblastn	REF|101119_atcc11807_MAT_Minus|gene0|sexM	41.6	E=3.3	35
GCF_025024155.1_Mormul1|w6|t2	GCF_025024155.1_Mormul1	cand	GCF_025024155.1_Mormul1|w6	tblastn	REF|64495_cbs110-17_MAT_Minus|gene1|sexM	28.9	E=0.012	43
GCF_025024155.1_Mormul1|w6|t3	GCF_025024155.1_Mormul1	cand	GCF_025024155.1_Mormul1|w6	tblastn	REF|4837_nrrl1555_MAT_Minus|gene1|sexM	24.3	E=0.49	30
GCF_025024155.1_Mormul1|h2|t0	GCF_025024155.1_Mormul1	nonlocus	GCF_025024155.1_Mormul1|h2	tblastn	REF|4837_nrrl1555_MAT_Minus|gene1|sexM	63.9	E=3.4e-14	78
GCF_025024155.1_Mormul1|h1|t0	GCF_025024155.1_Mormul1	nonlocus	GCF_025024155.1_Mormul1|h1	tblastn	REF|4837_nrrl1555_MAT_Minus|gene1|sexM	51.2	E=6.9e-10	80
GCF_025024155.1_Mormul1|h4|t0	GCF_025024155.1_Mormul1	nonlocus	GCF_025024155.1_Mormul1|h4	tblastn	REF|4837_ubc21_MAT_Plus|gene1|sexP	47.8	E=2.9e-08	70
GCF_025024165.1_Kicala1|w0|t1	GCF_025024165.1_Kicala1	cand	GCF_025024165.1_Kicala1|w0	tblastn	REF|3108396_ai-2023a_MAT_Plus|gene2|sexP	39.2	E=5.3	62
GCF_025024165.1_Kicala1|w0|t2	GCF_025024165.1_Kicala1	cand	GCF_025024165.1_Kicala1|w0	tblastn	REF|36080_nrrl-3631_MAT_Plus|gene1|sexP	22.3	E=1.1	92
GCF_025024165.1_Kicala1|w0|t3	GCF_025024165.1_Kicala1	cand	GCF_025024165.1_Kicala1|w0	tblastn	REF|36080_nrrl-3631_MAT_Plus|gene1|sexP	60.8	E=2.8	64
GCF_025094135.1_Mucmuc1|c0|m0	GCF_025094135.1_Mucmuc1	cand	GCF_025094135.1_Mucmuc1|c0	miniprot	REF|3108396_ai-2023a_MAT_Plus|gene2|sexP	629	0.905	287
GCF_025094135.1_Mucmuc1|w0|t0	GCF_025094135.1_Mucmuc1	cand	GCF_025094135.1_Mucmuc1|w0	tblastn	REF|29922_cbs109-16_MAT_Minus|gene1|sexM	62.0	E=2.8e-13	81
GCF_025094135.1_Mucmuc1|w0|t1	GCF_025094135.1_Mucmuc1	cand	GCF_025094135.1_Mucmuc1|w0	tblastn	REF|3108396_ai-2023a_MAT_Plus|gene2|sexP	22.7	E=3.2	45
GCF_025094135.1_Mucmuc1|w0|t2	GCF_025094135.1_Mucmuc1	cand	GCF_025094135.1_Mucmuc1|w0	tblastn	REF|4837_ubc21_MAT_Plus|gene1|sexP	45.1	E=3.9e-09	79
GCF_025094135.1_Mucmuc1|w0|t3	GCF_025094135.1_Mucmuc1	cand	GCF_025094135.1_Mucmuc1|w0	tblastn	REF|3108396_ai-2023a_MAT_Plus|gene2|sexP	24.3	E=1.1	36
GCF_025094135.1_Mucmuc1|w1|t0	GCF_025094135.1_Mucmuc1	cand	GCF_025094135.1_Mucmuc1|w1	tblastn	REF|36080_nrrl-3631_MAT_Plus|gene1|sexP	39.3	E=2.7e-05	91
GCF_025094135.1_Mucmuc1|w1|t2	GCF_025094135.1_Mucmuc1	cand	GCF_025094135.1_Mucmuc1|w1	tblastn	REF|3231046_uomau377_MAT_Minus|gene1|sexM	24.3	E=0.84	58
GCF_025094135.1_Mucmuc1|w1|t3	GCF_025094135.1_Mucmuc1	cand	GCF_025094135.1_Mucmuc1|w1	tblastn	REF|4837_ubc21_MAT_Plus|gene1|sexP	22.7	E=3	39
GCF_025094135.1_Mucmuc1|w1|t7	GCF_025094135.1_Mucmuc1	cand	GCF_025094135.1_Mucmuc1|w1	tblastn	REF|64495_cbs110-17_MAT_Minus|gene1|sexM	25.8	E=0.18	42
GCF_025094135.1_Mucmuc1|w1|t8	GCF_025094135.1_Mucmuc1	cand	GCF_025094135.1_Mucmuc1|w1	tblastn	REF|36080_nrrl-3631_MAT_Plus|gene1|sexP	23.1	E=2.7	76
GCF_025094135.1_Mucmuc1|w1|t9	GCF_025094135.1_Mucmuc1	cand	GCF_025094135.1_Mucmuc1|w1	tblastn	REF|64495_cbs346-36_MAT_Plus|gene2|sexP	51.6	E=0.031	98
GCF_025094135.1_Mucmuc1|w1|t10	GCF_025094135.1_Mucmuc1	cand	GCF_025094135.1_Mucmuc1|w1	tblastn	REF|101119_atcc11807_MAT_Minus|gene0|sexM	21.2	E=5.5	35
GCF_025094135.1_Mucmuc1|w2|t0	GCF_025094135.1_Mucmuc1	cand	GCF_025094135.1_Mucmuc1|w2	tblastn	REF|4850_vkm-f-921_MAT_Minus|gene0|sexM	48.9	E=0.033	46
GCF_025094135.1_Mucmuc1|w2|t1	GCF_025094135.1_Mucmuc1	cand	GCF_025094135.1_Mucmuc1|w2	tblastn	REF|4850_vkm-f-921_MAT_Minus|gene0|sexM	24.3	E=0.61	49
GCF_025094135.1_Mucmuc1|w2|t3	GCF_025094135.1_Mucmuc1	cand	GCF_025094135.1_Mucmuc1|w2	tblastn	REF|86630_cbs357-93_MAT_Minus|gene0|sexM	20.8	E=5.6	31
GCF_025094135.1_Mucmuc1|w2|t4	GCF_025094135.1_Mucmuc1	cand	GCF_025094135.1_Mucmuc1|w2	tblastn	REF|3231046_uomau377_MAT_Minus|gene1|sexM	22.7	E=2	35
GCF_025094135.1_Mucmuc1|w2|t6	GCF_025094135.1_Mucmuc1	cand	GCF_025094135.1_Mucmuc1|w2	tblastn	REF|4850_vkm-f-921_MAT_Minus|gene0|sexM	21.2	E=5.4	52
GCF_025094135.1_Mucmuc1|w2|t8	GCF_025094135.1_Mucmuc1	cand	GCF_025094135.1_Mucmuc1|w2	tblastn	REF|29922_cbs109-16_MAT_Minus|gene1|sexM	22.3	E=2.9	42
GCF_025094135.1_Mucmuc1|w2|t9	GCF_025094135.1_Mucmuc1	cand	GCF_025094135.1_Mucmuc1|w2	tblastn	REF|101119_atcc11807_MAT_Plus|gene0|sexP	31.2	E=0.006	67
GCF_025118155.1_Cokrec1|c0|m0	GCF_025118155.1_Cokrec1	cand	GCF_025118155.1_Cokrec1|c0	miniprot	REF|29922_cbs109-16_MAT_Minus|gene1|sexM	411	0.977	211
GCF_025118155.1_Cokrec1|nc1|m0	GCF_025118155.1_Cokrec1	cand	GCF_025118155.1_Cokrec1|nc1	miniprot	REF|36080_nrrl-3631_MAT_Plus|gene1|sexP	620	0.917	304
GCF_025118155.1_Cokrec1|w0|t0	GCF_025118155.1_Cokrec1	cand	GCF_025118155.1_Cokrec1|w0	tblastn	REF|101119_atcc11807_MAT_Minus|gene0|sexM	70.1	E=8.9e-09	87
GCF_025118155.1_Cokrec1|w0|t1	GCF_025118155.1_Cokrec1	cand	GCF_025118155.1_Cokrec1|w0	tblastn	REF|29922_cbs109-16_MAT_Minus|gene1|sexM	38.8	E=7.5	59
GCF_025118155.1_Cokrec1|w0|t2	GCF_025118155.1_Cokrec1	cand	GCF_025118155.1_Cokrec1|w0	tblastn	REF|3231046_uomau377_MAT_Minus|gene1|sexM	40.0	E=4.4	56
GCF_025118155.1_Cokrec1|w2|t0	GCF_025118155.1_Cokrec1	cand	GCF_025118155.1_Cokrec1|w2	tblastn	REF|101119_atcc11807_MAT_Plus|gene0|sexP	41.5	E=1.7	63
GCF_025118155.1_Cokrec1|w2|t1	GCF_025118155.1_Cokrec1	cand	GCF_025118155.1_Cokrec1|w2	tblastn	REF|36080_nrrl-3631_MAT_Plus|gene1|sexP	41.6	E=4.3	90
GCF_025118155.1_Cokrec1|h3|t0	GCF_025118155.1_Cokrec1	nonlocus	GCF_025118155.1_Cokrec1|h3	tblastn	REF|86630_cbs357-93_MAT_Minus|gene0|sexM	92.3	E=2.1e-09	90
GCF_025118155.1_Cokrec1|h2|t0	GCF_025118155.1_Cokrec1	nonlocus	GCF_025118155.1_Cokrec1|h2	tblastn	REF|101119_atcc11807_MAT_Plus|gene0|sexP	53.9	E=0.00037	136
GCF_025118155.1_Cokrec1|h9|t1	GCF_025118155.1_Cokrec1	nonlocus	GCF_025118155.1_Cokrec1|h9	tblastn	REF|3231046_uomd23-19_MAT_Plus|gene1|sexP	43.1	E=4.6e-07	61
GCF_025201335.1_Gilper1|c0|t0	GCF_025201335.1_Gilper1	cand	GCF_025201335.1_Gilper1|c0	tblastn	REF|4850_vkm-f-921_MAT_Minus|gene0|sexM	146.0	E=1.4e-43	206
GCF_025201355.1_Halrad1|c0|t0	GCF_025201355.1_Halrad1	cand	GCF_025201355.1_Halrad1|c0	tblastn	REF|3231046_uomau377_MAT_Minus|gene1|sexM	134.0	E=1.1e-38	216
GCF_025201355.1_Halrad1|h4|t0	GCF_025201355.1_Halrad1	nonlocus	GCF_025201355.1_Halrad1|h4	tblastn	REF|4850_vkm-f-921_MAT_Minus|gene0|sexM	70.1	E=1.4e-10	86
GCF_025201355.1_Halrad1|h5|t0	GCF_025201355.1_Halrad1	nonlocus	GCF_025201355.1_Halrad1|h5	tblastn	REF|3231046_uomd23-19_MAT_Plus|gene1|sexP	64.3	E=9.3e-08	58
GCF_025201355.1_Halrad1|h9|t0	GCF_025201355.1_Halrad1	nonlocus	GCF_025201355.1_Halrad1|h9	tblastn	REF|29922_cbs109-16_MAT_Minus|gene1|sexM	51.6	E=0.002	80
GCF_025331425.1_Radspe1|nc0|m0	GCF_025331425.1_Radspe1	cand	GCF_025331425.1_Radspe1|nc0	miniprot	REF|4837_ubc21_MAT_Plus|gene1|sexP	519	1.0	328
GCF_025331425.1_Radspe1|nc0|m1	GCF_025331425.1_Radspe1	cand	GCF_025331425.1_Radspe1|nc0	miniprot	REF|4837_nrrl1555_MAT_Minus|gene1|sexM	357	1.0	198
GCF_025331425.1_Radspe1|w1|t1	GCF_025331425.1_Radspe1	cand	GCF_025331425.1_Radspe1|w1	tblastn	REF|3231046_uomd23-19_MAT_Plus|gene1|sexP	40.4	E=5.8e-06	41
GCF_025331425.1_Radspe1|w1|t2	GCF_025331425.1_Radspe1	cand	GCF_025331425.1_Radspe1|w1	tblastn	REF|4837_ubc21_MAT_Plus|gene1|sexP	23.9	E=0.69	65
GCF_025331425.1_Radspe1|w1|t5	GCF_025331425.1_Radspe1	cand	GCF_025331425.1_Radspe1|w1	tblastn	REF|3108396_ai-2023a_MAT_Plus|gene2|sexP	26.2	E=0.15	66
GCF_025331425.1_Radspe1|w1|t6	GCF_025331425.1_Radspe1	cand	GCF_025331425.1_Radspe1|w1	tblastn	REF|3231046_uomd23-19_MAT_Plus|gene1|sexP	63.1	E=2.8e-05	76
GCF_025331425.1_Radspe1|w2|t0	GCF_025331425.1_Radspe1	cand	GCF_025331425.1_Radspe1|w2	tblastn	REF|36080_nrrl-3631_MAT_Plus|gene1|sexP	58.6	E=6.2e-05	64
GCF_025331425.1_Radspe1|w2|t1	GCF_025331425.1_Radspe1	cand	GCF_025331425.1_Radspe1|w2	tblastn	REF|64495_cbs110-17_MAT_Minus|gene1|sexM	21.9	E=1.7	62
GCF_025331425.1_Radspe1|w2|t2	GCF_025331425.1_Radspe1	cand	GCF_025331425.1_Radspe1|w2	tblastn	REF|35722_atcc11077_MAT_Minus|gene0|sexM	21.9	E=1.6	41
GCF_025331425.1_Radspe1|w2|t3	GCF_025331425.1_Radspe1	cand	GCF_025331425.1_Radspe1|w2	tblastn	REF|36080_r7b_MAT_Minus|gene1|sexM	20.8	E=6.1	38
GCF_025331425.1_Radspe1|w2|t4	GCF_025331425.1_Radspe1	cand	GCF_025331425.1_Radspe1|w2	tblastn	REF|64495_cbs346-36_MAT_Plus|gene2|sexP	30.0	E=0.009	104
GCF_025331425.1_Radspe1|w2|t5	GCF_025331425.1_Radspe1	cand	GCF_025331425.1_Radspe1|w2	tblastn	REF|36080_r7b_MAT_Minus|gene1|sexM	21.2	E=4.4	36
GCF_025331425.1_Radspe1|w2|t6	GCF_025331425.1_Radspe1	cand	GCF_025331425.1_Radspe1|w2	tblastn	REF|3231046_uomau377_MAT_Minus|gene1|sexM	23.9	E=0.57	54
GCF_025331425.1_Radspe1|h4|t0	GCF_025331425.1_Radspe1	nonlocus	GCF_025331425.1_Radspe1|h4	tblastn	REF|101119_atcc11807_MAT_Minus|gene0|sexM	80.9	E=1.3e-11	146
GCF_025331425.1_Radspe1|h6|t1	GCF_025331425.1_Radspe1	nonlocus	GCF_025331425.1_Radspe1|h6	tblastn	REF|4837_ubc21_MAT_Plus|gene1|sexP	62.4	E=8.8e-07	72
GCF_025331425.1_Radspe1|h11|t0	GCF_025331425.1_Radspe1	nonlocus	GCF_025331425.1_Radspe1|h11	tblastn	REF|3108396_ai-2023a_MAT_Plus|gene2|sexP	66.2	E=1.8	106
GCF_025399195.1_Umbra1|c0|t1	GCF_025399195.1_Umbra1	cand	GCF_025399195.1_Umbra1|c0	tblastn	REF|4837_nrrl1555_MAT_Minus|gene1|sexM	32.7	E=0.00037	177
GCF_025399195.1_Umbra1|w0|t0	GCF_025399195.1_Umbra1	cand	GCF_025399195.1_Umbra1|w0	tblastn	REF|64495_cbs346-36_MAT_Plus|gene2|sexP	80.4	E=2.8e-06	107
GCF_025528875.1_Mycafr1|c0|m0	GCF_025528875.1_Mycafr1	cand	GCF_025528875.1_Mycafr1|c0	miniprot	REF|36080_nrrl-3631_MAT_Plus|gene1|sexP	455	0.96	294
GCF_025528875.1_Mycafr1|w0|t0	GCF_025528875.1_Mycafr1	cand	GCF_025528875.1_Mycafr1|w0	tblastn	REF|36080_r7b_MAT_Minus|gene1|sexM	31.6	E=0.006	37
GCF_025528875.1_Mycafr1|w0|t1	GCF_025528875.1_Mycafr1	cand	GCF_025528875.1_Mycafr1|w0	tblastn	REF|64495_cbs346-36_MAT_Plus|gene2|sexP	45.8	E=2.6	37
GCF_025528875.1_Mycafr1|w0|t2	GCF_025528875.1_Mycafr1	cand	GCF_025528875.1_Mycafr1|w0	tblastn	REF|3231046_uomd23-19_MAT_Plus|gene1|sexP	21.9	E=8.6	30
GCF_025528875.1_Mycafr1|w0|t3	GCF_025528875.1_Mycafr1	cand	GCF_025528875.1_Mycafr1|w0	tblastn	REF|4837_ubc21_MAT_Plus|gene1|sexP	31.2	E=0.01	104
GCF_025528875.1_Mycafr1|w0|t4	GCF_025528875.1_Mycafr1	cand	GCF_025528875.1_Mycafr1|w0	tblastn	REF|36080_nrrl-3631_MAT_Plus|gene1|sexP	23.9	E=2	38
GCF_025528875.1_Mycafr1|w1|t0	GCF_025528875.1_Mycafr1	cand	GCF_025528875.1_Mycafr1|w1	tblastn	REF|36080_r7b_MAT_Minus|gene1|sexM	25.4	E=0.47	83
GCF_025528875.1_Mycafr1|w1|t1	GCF_025528875.1_Mycafr1	cand	GCF_025528875.1_Mycafr1|w1	tblastn	REF|3231046_uomau377_MAT_Minus|gene1|sexM	25.4	E=0.41	37
GCF_025528875.1_Mycafr1|w1|t2	GCF_025528875.1_Mycafr1	cand	GCF_025528875.1_Mycafr1|w1	tblastn	REF|64495_cbs110-17_MAT_Minus|gene1|sexM	21.9	E=3.8	60
GCF_025528875.1_Mycafr1|w1|t3	GCF_025528875.1_Mycafr1	cand	GCF_025528875.1_Mycafr1|w1	tblastn	REF|3231046_uomau377_MAT_Minus|gene1|sexM	25.4	E=0.41	37
GCF_025528875.1_Mycafr1|w1|t4	GCF_025528875.1_Mycafr1	cand	GCF_025528875.1_Mycafr1|w1	tblastn	REF|36080_nrrl-3631_MAT_Plus|gene1|sexP	23.9	E=2.2	78
GCF_025528875.1_Mycafr1|w1|t5	GCF_025528875.1_Mycafr1	cand	GCF_025528875.1_Mycafr1|w1	tblastn	REF|3231046_uomau377_MAT_Minus|gene1|sexM	25.4	E=0.4	74
GCF_025528875.1_Mycafr1|w1|t6	GCF_025528875.1_Mycafr1	cand	GCF_025528875.1_Mycafr1|w1	tblastn	REF|86630_cbs357-93_MAT_Minus|gene0|sexM	38.5	E=4.9e-06	65
GCF_025528875.1_Mycafr1|w1|t7	GCF_025528875.1_Mycafr1	cand	GCF_025528875.1_Mycafr1|w1	tblastn	REF|3108396_ai-2023a_MAT_Plus|gene2|sexP	22.3	E=6.5	61
GCF_025528875.1_Mycafr1|w1|t8	GCF_025528875.1_Mycafr1	cand	GCF_025528875.1_Mycafr1|w1	tblastn	REF|3231046_uomau377_MAT_Minus|gene1|sexM	25.8	E=0.3	37
GCF_025528875.1_Mycafr1|w2|t0	GCF_025528875.1_Mycafr1	cand	GCF_025528875.1_Mycafr1|w2	tblastn	REF|3108396_ai-2023a_MAT_Plus|gene2|sexP	28.5	E=0.066	47
GCF_025528875.1_Mycafr1|w2|t1	GCF_025528875.1_Mycafr1	cand	GCF_025528875.1_Mycafr1|w2	tblastn	REF|4837_ubc21_MAT_Plus|gene1|sexP	23.1	E=3.1	57
GCF_025528875.1_Mycafr1|w2|t2	GCF_025528875.1_Mycafr1	cand	GCF_025528875.1_Mycafr1|w2	tblastn	REF|4850_vkm-f-921_MAT_Minus|gene0|sexM	23.9	E=1	56
GCF_025528875.1_Mycafr1|w2|t4	GCF_025528875.1_Mycafr1	cand	GCF_025528875.1_Mycafr1|w2	tblastn	REF|64495_cbs110-17_MAT_Minus|gene1|sexM	22.3	E=3.3	36
GCF_025528875.1_Mycafr1|w2|t5	GCF_025528875.1_Mycafr1	cand	GCF_025528875.1_Mycafr1|w2	tblastn	REF|4850_vkm-f-921_MAT_Minus|gene0|sexM	27.7	E=0.076	40
GCF_025528875.1_Mycafr1|w3|t0	GCF_025528875.1_Mycafr1	cand	GCF_025528875.1_Mycafr1|w3	tblastn	REF|4837_nrrl1555_MAT_Minus|gene1|sexM	28.5	E=0.035	43
GCF_025528875.1_Mycafr1|w3|t1	GCF_025528875.1_Mycafr1	cand	GCF_025528875.1_Mycafr1|w3	tblastn	REF|3231046_uomd23-19_MAT_Plus|gene1|sexP	22.7	E=3.9	74
GCF_025528875.1_Mycafr1|w3|t2	GCF_025528875.1_Mycafr1	cand	GCF_025528875.1_Mycafr1|w3	tblastn	REF|64495_cbs110-17_MAT_Minus|gene1|sexM	20.8	E=9.8	31
GCF_025528875.1_Mycafr1|w3|t4	GCF_025528875.1_Mycafr1	cand	GCF_025528875.1_Mycafr1|w3	tblastn	REF|36080_r7b_MAT_Minus|gene1|sexM	59.7	E=0.006	122
GCF_025528875.1_Mycafr1|h1|t0	GCF_025528875.1_Mycafr1	nonlocus	GCF_025528875.1_Mycafr1|h1	tblastn	REF|101119_atcc11807_MAT_Minus|gene0|sexM	85.9	E=1.1e-21	193
GCF_025528875.1_Mycafr1|h9|t0	GCF_025528875.1_Mycafr1	nonlocus	GCF_025528875.1_Mycafr1|h9	tblastn	REF|3108396_ai-2023a_MAT_Plus|gene2|sexP	43.5	E=1.5e-06	68
GCF_025528875.1_Mycafr1|h3|t0	GCF_025528875.1_Mycafr1	nonlocus	GCF_025528875.1_Mycafr1|h3	tblastn	REF|3231046_uomd23-19_MAT_Plus|gene1|sexP	60.4	E=9.8e-05	89
GCF_029851405.1_ASM2985140v1|w0|t0	GCF_029851405.1_ASM2985140v1	cand	GCF_029851405.1_ASM2985140v1|w0	tblastn	REF|36080_nrrl-3631_MAT_Plus|gene1|sexP	65.1	E=5.3e-07	118
GCF_029851405.1_ASM2985140v1|w0|t1	GCF_029851405.1_ASM2985140v1	cand	GCF_029851405.1_ASM2985140v1|w0	tblastn	REF|101119_atcc11807_MAT_Plus|gene0|sexP	43.5	E=2.4	58
GCF_029851405.1_ASM2985140v1|w0|t2	GCF_029851405.1_ASM2985140v1	cand	GCF_029851405.1_ASM2985140v1|w0	tblastn	REF|3108396_ai-2023a_MAT_Plus|gene2|sexP	22.7	E=1.7	43
GCF_029851405.1_ASM2985140v1|w0|t5	GCF_029851405.1_ASM2985140v1	cand	GCF_029851405.1_ASM2985140v1|w0	tblastn	REF|101119_atcc11807_MAT_Plus|gene0|sexP	22.3	E=2.1	63
GCF_029851405.1_ASM2985140v1|w0|t6	GCF_029851405.1_ASM2985140v1	cand	GCF_029851405.1_ASM2985140v1|w0	tblastn	REF|86630_cbs357-93_MAT_Minus|gene0|sexM	75.4	E=1e-10	109
GCF_029851405.1_ASM2985140v1|w0|t7	GCF_029851405.1_ASM2985140v1	cand	GCF_029851405.1_ASM2985140v1|w0	tblastn	REF|4837_nrrl1555_MAT_Minus|gene1|sexM	42.3	E=1.8	88
GCF_029851405.1_ASM2985140v1|w0|t9	GCF_029851405.1_ASM2985140v1	cand	GCF_029851405.1_ASM2985140v1|w0	tblastn	REF|4837_ubc21_MAT_Plus|gene1|sexP	44.7	E=1.1	91
GCF_029851405.1_ASM2985140v1|w0|t10	GCF_029851405.1_ASM2985140v1	cand	GCF_029851405.1_ASM2985140v1|w0	tblastn	REF|64495_cbs346-36_MAT_Plus|gene2|sexP	24.3	E=0.74	64
GCF_029851405.1_ASM2985140v1|w0|t11	GCF_029851405.1_ASM2985140v1	cand	GCF_029851405.1_ASM2985140v1|w0	tblastn	REF|4837_ubc21_MAT_Plus|gene1|sexP	23.9	E=0.89	78
GCF_029851405.1_ASM2985140v1|w1|t1	GCF_029851405.1_ASM2985140v1	cand	GCF_029851405.1_ASM2985140v1|w1	tblastn	REF|4837_nrrl1555_MAT_Minus|gene1|sexM	30.4	E=0.005	56
GCF_029851405.1_ASM2985140v1|w1|t2	GCF_029851405.1_ASM2985140v1	cand	GCF_029851405.1_ASM2985140v1|w1	tblastn	REF|101119_atcc11807_MAT_Plus|gene0|sexP	21.2	E=5.2	32
GCF_029851405.1_ASM2985140v1|w1|t4	GCF_029851405.1_ASM2985140v1	cand	GCF_029851405.1_ASM2985140v1|w1	tblastn	REF|86630_cbs357-93_MAT_Minus|gene0|sexM	39.6	E=6.3	123
GCF_029851405.1_ASM2985140v1|w1|t5	GCF_029851405.1_ASM2985140v1	cand	GCF_029851405.1_ASM2985140v1|w1	tblastn	REF|4850_vkm-f-921_MAT_Minus|gene0|sexM	23.5	E=0.59	50
GCF_029851405.1_ASM2985140v1|w1|t6	GCF_029851405.1_ASM2985140v1	cand	GCF_029851405.1_ASM2985140v1|w1	tblastn	REF|101119_atcc11807_MAT_Plus|gene0|sexP	41.6	E=4.7	67
GCF_035048745.1_Mvel_NIH1002.PB.canu.pilon.trimmedMito|c0|m0	GCF_035048745.1_Mvel_NIH1002.PB.canu.pilon.trimmedMito	cand	GCF_035048745.1_Mvel_NIH1002.PB.canu.pilon.trimmedMito|c0	miniprot	REF|36080_r7b_MAT_Minus|gene1|sexM	883	1.0	256
GCF_035048745.1_Mvel_NIH1002.PB.canu.pilon.trimmedMito|c1|m0	GCF_035048745.1_Mvel_NIH1002.PB.canu.pilon.trimmedMito	cand	GCF_035048745.1_Mvel_NIH1002.PB.canu.pilon.trimmedMito|c1	miniprot	REF|36080_r7b_MAT_Minus|gene1|sexM	883	1.0	256
GCF_035048745.1_Mvel_NIH1002.PB.canu.pilon.trimmedMito|w0|t0	GCF_035048745.1_Mvel_NIH1002.PB.canu.pilon.trimmedMito	cand	GCF_035048745.1_Mvel_NIH1002.PB.canu.pilon.trimmedMito|w0	tblastn	REF|3231046_uomd23-19_MAT_Plus|gene1|sexP	89.7	E=1.9e-05	134
GCF_041956525.1_Rhipu1|w0|t2	GCF_041956525.1_Rhipu1	cand	GCF_041956525.1_Rhipu1|w0	tblastn	REF|3108396_ai-2023a_MAT_Plus|gene2|sexP	106.6	E=1.4e-07	161
GCF_041956525.1_Rhipu1|w1|t0	GCF_041956525.1_Rhipu1	cand	GCF_041956525.1_Rhipu1|w1	tblastn	REF|3108396_ai-2023a_MAT_Plus|gene2|sexP	23.9	E=0.5	53
GCF_041956525.1_Rhipu1|w1|t1	GCF_041956525.1_Rhipu1	cand	GCF_041956525.1_Rhipu1|w1	tblastn	REF|64495_cbs346-36_MAT_Plus|gene2|sexP	21.2	E=3.8	41
GCF_041956525.1_Rhipu1|w1|t2	GCF_041956525.1_Rhipu1	cand	GCF_041956525.1_Rhipu1|w1	tblastn	REF|101119_atcc11807_MAT_Minus|gene0|sexM	19.2	E=7.8	37
GCF_041956525.1_Rhipu1|w1|t3	GCF_041956525.1_Rhipu1	cand	GCF_041956525.1_Rhipu1|w1	tblastn	REF|3231046_uomau377_MAT_Minus|gene1|sexM	64.7	E=1.2	72
GCF_041956525.1_Rhipu1|w1|t5	GCF_041956525.1_Rhipu1	cand	GCF_041956525.1_Rhipu1|w1	tblastn	REF|36080_nrrl-3631_MAT_Plus|gene1|sexP	21.6	E=2.5	42
GCF_041956525.1_Rhipu1|w1|t6	GCF_041956525.1_Rhipu1	cand	GCF_041956525.1_Rhipu1|w1	tblastn	REF|4837_nrrl1555_MAT_Minus|gene1|sexM	49.6	E=0.004	99
