genome	family	contig	base_span	cand_span	base_state	cand_state	base_idiomorph	cand_idiomorph	base_confidence	cand_confidence	base_locus_class	cand_locus_class	base_verification	cand_verification	base_clf_input	cand_clf_input	base_margin	cand_margin	margin_delta	base_best_score	cand_best_score	base_genes	cand_genes	model_changes	change_types
Absidia_blakesleeana_NRRL_1300	Mucoromycota:MAT	scaffold_36	63444-101704	63444-101704	withheld:modelled_gene_bar	withheld:modelled_gene_bar	undetermined	undetermined							hsp_fragment	hsp_fragment	1.8	1.8	0.0	32.8	32.8	rnhA,sexM,sexP	rnhA,sexM,sexP		
Absidia_blakesleeana_NRRL_1300	Mucoromycota:MAT	scaffold_28	51189-91300	51189-91300	withheld:modelled_gene_bar	withheld:modelled_gene_bar	undetermined	undetermined							model	model	18.0	18.0	0.0	87.6	87.6	sexM,sexP,tptA	sexM,sexP,tptA		
Absidia_blakesleeana_NRRL_1300	Mucoromycota:MAT	scaffold_132	50634-51934	50634-51934	withheld:modelled_gene_bar	withheld:modelled_gene_bar	undetermined	undetermined							hsp_fragment	hsp_fragment	2.4	2.4	0.0	37.1	37.1	sexM,sexP	sexM,sexP		
Absidia_blakesleeana_NRRL_1300	Mucoromycota:MAT	scaffold_11	154738-198803	154738-198803	withheld:modelled_gene_bar	withheld:modelled_gene_bar	undetermined	undetermined							hsp_fragment	hsp_fragment	0.0	0.0	0.0	0.0	0.0	glrA,sexP	glrA,sexP		
Absidia_blakesleeana_NRRL_1300	Mucoromycota:MAT	scaffold_38	44912-86483	44912-86483	withheld:modelled_gene_bar+polish_capped	withheld:modelled_gene_bar+polish_capped	undetermined	undetermined							hsp_fragment	hsp_fragment	1.5	1.5	0.0	1.5	1.5	algA,sexP	algA,sexP		
Absidia_blakesleeana_NRRL_1300	Mucoromycota:MAT	scaffold_10	39668-88921	39668-88921	withheld:modelled_gene_bar+polish_capped	withheld:modelled_gene_bar+polish_capped	undetermined	undetermined							hsp_fragment	hsp_fragment	0.0	0.0	0.0	0.0	0.0	rnhA,sexP	rnhA,sexP		
Absidia_blakesleeana_NRRL_1300	Mucoromycota:MAT	scaffold_178	21361-21898	21361-21898	withheld:modelled_gene_bar+polish_capped	withheld:modelled_gene_bar+polish_capped	undetermined	undetermined							hsp_fragment	hsp_fragment	17.3	17.3	0.0	59.2	59.2	sexM,sexP	sexM,sexP		
Absidia_blakesleeana_NRRL_1300	Mucoromycota:MAT	scaffold_69	121965-134840	121965-134840	withheld:modelled_gene_bar	withheld:modelled_gene_bar	undetermined	undetermined							model	model	17.3	17.3	0.0	69.3	69.3	btbA,sexM	btbA,sexM		
Absidia_blakesleeana_NRRL_1300	Mucoromycota:MAT	scaffold_26	208347-209266	208347-209266	withheld:modelled_gene_bar	withheld:modelled_gene_bar	undetermined	undetermined							hsp_fragment	hsp_fragment	5.4	5.4	0.0	38.5	38.5	sexM,sexP	sexM,sexP		
Absidia_blakesleeana_NRRL_1300	Mucoromycota:MAT	scaffold_2	76540-105406	76540-105406	withheld:modelled_gene_bar+polish_capped	withheld:modelled_gene_bar+polish_capped	undetermined	undetermined							hsp_fragment	hsp_fragment	0.0	0.0	0.0	0.0	0.0	rnhA,sexP	rnhA,sexP		
Absidia_blakesleeana_NRRL_1300	Mucoromycota:MAT	scaffold_119	20920-42612	20920-42612	withheld:modelled_gene_bar+polish_capped	withheld:modelled_gene_bar+polish_capped	undetermined	undetermined							hsp_fragment	hsp_fragment	10.3	10.3	0.0	25.1	25.1	rnhA,sexP	rnhA,sexP		
Absidia_blakesleeana_NRRL_1300	Mucoromycota:MAT	scaffold_60	21018-41276	21018-41276	withheld:modelled_gene_bar+polish_capped	withheld:modelled_gene_bar+polish_capped	undetermined	undetermined							hsp_fragment	hsp_fragment	1.9	1.9	0.0	1.9	1.9	rnhA,sexP	rnhA,sexP		
Absidia_blakesleeana_NRRL_1300	Mucoromycota:MAT	scaffold_7	89077-109943	89077-109943	withheld:modelled_gene_bar+polish_capped	withheld:modelled_gene_bar+polish_capped	undetermined	undetermined							hsp_fragment	hsp_fragment	8.5	8.5	0.0	25.5	25.5	sexM,sexP	sexM,sexP		
Absidia_blakesleeana_NRRL_1300	Mucoromycota:MAT	scaffold_175	35735-61900	35735-61900	withheld:modelled_gene_bar+polish_capped	withheld:modelled_gene_bar+polish_capped	undetermined	undetermined							hsp_fragment	hsp_fragment	0.0	0.0	0.0	0.0	0.0	sexP,tptA	sexP,tptA		
Absidia_blakesleeana_NRRL_1300	Mucoromycota:MAT	scaffold_210	22094-36906	22094-36906	withheld:modelled_gene_bar+polish_capped	withheld:modelled_gene_bar+polish_capped	undetermined	undetermined							hsp_fragment	hsp_fragment	0.0	0.0	0.0	0.0	0.0	sexM,tptA	sexM,tptA		
Absidia_blakesleeana_NRRL_1300	Mucoromycota:MAT	scaffold_69	121965-134840	121965-134840	withheld:below_fraction_floor	withheld:below_fraction_floor	undetermined	undetermined							model	model	17.3	17.3	0.0	69.3	69.3	btbA,sexM	btbA,sexM		
Absidia_blakesleeana_NRRL_1301	Mucoromycota:MAT	scaffold_16	188240-226522	188240-226522	withheld:modelled_gene_bar	withheld:modelled_gene_bar	undetermined	undetermined							hsp_fragment	hsp_fragment	1.8	1.8	0.0	32.8	32.8	rnhA,sexM,sexP	rnhA,sexM,sexP		
Absidia_blakesleeana_NRRL_1301	Mucoromycota:MAT	scaffold_29	64142-104259	64142-104259	withheld:modelled_gene_bar	withheld:modelled_gene_bar	undetermined	undetermined							model	model	18.0	18.0	0.0	87.6	87.6	sexM,sexP,tptA	sexM,sexP,tptA		
Absidia_blakesleeana_NRRL_1301	Mucoromycota:MAT	scaffold_70	42962-110198	42962-110198	withheld:modelled_gene_bar	withheld:modelled_gene_bar	undetermined	undetermined							hsp_fragment	hsp_fragment	0.0	0.0	0.0	0.0	0.0	sexM,sexP,tptA	sexM,sexP,tptA		
Absidia_blakesleeana_NRRL_1301	Mucoromycota:MAT	scaffold_129	50660-51960	50660-51960	withheld:modelled_gene_bar	withheld:modelled_gene_bar	undetermined	undetermined							hsp_fragment	hsp_fragment	2.4	2.4	0.0	37.1	37.1	sexM,sexP	sexM,sexP		
Absidia_blakesleeana_NRRL_1301	Mucoromycota:MAT	scaffold_106	20213-31415	20213-31415	withheld:modelled_gene_bar+polish_capped	withheld:modelled_gene_bar+polish_capped	undetermined	undetermined							hsp_fragment	hsp_fragment	0.0	0.0	0.0	0.0	0.0	glrA,sexP	glrA,sexP		
Absidia_blakesleeana_NRRL_1301	Mucoromycota:MAT	scaffold_27	31404-72969	31404-72969	withheld:modelled_gene_bar+polish_capped	withheld:modelled_gene_bar+polish_capped	undetermined	undetermined							hsp_fragment	hsp_fragment	1.5	1.5	0.0	1.5	1.5	algA,sexP	algA,sexP		
Absidia_blakesleeana_NRRL_1301	Mucoromycota:MAT	scaffold_179	37783-38320	37783-38320	withheld:modelled_gene_bar+polish_capped	withheld:modelled_gene_bar+polish_capped	undetermined	undetermined							hsp_fragment	hsp_fragment	17.3	17.3	0.0	59.2	59.2	sexM,sexP	sexM,sexP		
Absidia_blakesleeana_NRRL_1301	Mucoromycota:MAT	scaffold_207	27666-40541	27666-40541	withheld:modelled_gene_bar	withheld:modelled_gene_bar	undetermined	undetermined							model	model	17.3	17.3	0.0	69.3	69.3	btbA,sexM	btbA,sexM		
Absidia_blakesleeana_NRRL_1301	Mucoromycota:MAT	scaffold_118	81704-82623	81704-82623	withheld:modelled_gene_bar	withheld:modelled_gene_bar	undetermined	undetermined							hsp_fragment	hsp_fragment	5.4	5.4	0.0	38.5	38.5	sexM,sexP	sexM,sexP		
Absidia_blakesleeana_NRRL_1301	Mucoromycota:MAT	scaffold_15	97947-126800	97947-126800	withheld:modelled_gene_bar+polish_capped	withheld:modelled_gene_bar+polish_capped	undetermined	undetermined							hsp_fragment	hsp_fragment	0.0	0.0	0.0	0.0	0.0	rnhA,sexP	rnhA,sexP		
Absidia_blakesleeana_NRRL_1301	Mucoromycota:MAT	scaffold_52	93159-137204	93159-137204	withheld:modelled_gene_bar+polish_capped	withheld:modelled_gene_bar+polish_capped	undetermined	undetermined							hsp_fragment	hsp_fragment	0.0	0.0	0.0	0.0	0.0	glrA,sexP	glrA,sexP		
Absidia_blakesleeana_NRRL_1301	Mucoromycota:MAT	scaffold_97	89866-110720	89866-110720	withheld:modelled_gene_bar+polish_capped	withheld:modelled_gene_bar+polish_capped	undetermined	undetermined							hsp_fragment	hsp_fragment	8.5	8.5	0.0	25.5	25.5	sexM,sexP	sexM,sexP		
Absidia_blakesleeana_NRRL_1301	Mucoromycota:MAT	scaffold_214	8110-22925	8110-22925	withheld:modelled_gene_bar+polish_capped	withheld:modelled_gene_bar+polish_capped	undetermined	undetermined							hsp_fragment	hsp_fragment	0.0	0.0	0.0	0.0	0.0	sexM,tptA	sexM,tptA		
Absidia_blakesleeana_NRRL_1301	Mucoromycota:MAT	scaffold_158	18089-65232	18089-65232	withheld:modelled_gene_bar+polish_capped	withheld:modelled_gene_bar+polish_capped	undetermined	undetermined							hsp_fragment	hsp_fragment	0.0	0.0	0.0	0.0	0.0	algA,sexM	algA,sexM		
Absidia_blakesleeana_NRRL_1301	Mucoromycota:MAT	scaffold_207	27666-40541	27666-40541	withheld:below_fraction_floor	withheld:below_fraction_floor	undetermined	undetermined							model	model	17.3	17.3	0.0	69.3	69.3	btbA,sexM	btbA,sexM		
Absidia_blakesleeana_NRRL_1303	Mucoromycota:MAT	scaffold_48	63449-101710	63449-101710	withheld:modelled_gene_bar	withheld:modelled_gene_bar	undetermined	undetermined							hsp_fragment	hsp_fragment	1.8	1.8	0.0	32.8	32.8	rnhA,sexM,sexP	rnhA,sexM,sexP		
Absidia_blakesleeana_NRRL_1303	Mucoromycota:MAT	scaffold_42	50772-90883	50772-90883	withheld:modelled_gene_bar	withheld:modelled_gene_bar	undetermined	undetermined							model	model	18.0	18.0	0.0	87.6	87.6	sexM,sexP,tptA	sexM,sexP,tptA		
Absidia_blakesleeana_NRRL_1303	Mucoromycota:MAT	scaffold_84	37535-104779	37535-104779	withheld:modelled_gene_bar	withheld:modelled_gene_bar	undetermined	undetermined							hsp_fragment	hsp_fragment	0.0	0.0	0.0	0.0	0.0	sexM,sexP,tptA	sexM,sexP,tptA		
Absidia_blakesleeana_NRRL_1303	Mucoromycota:MAT	scaffold_52	52686-74378	52686-74378	withheld:modelled_gene_bar+polish_capped	withheld:modelled_gene_bar+polish_capped	undetermined	undetermined							hsp_fragment	hsp_fragment	10.3	10.3	0.0	25.1	25.1	rnhA,sexP	rnhA,sexP		
Absidia_blakesleeana_NRRL_1303	Mucoromycota:MAT	scaffold_52	131041-132341	131041-132341	withheld:modelled_gene_bar	withheld:modelled_gene_bar	undetermined	undetermined							hsp_fragment	hsp_fragment	2.4	2.4	0.0	37.1	37.1	sexM,sexP	sexM,sexP		
Absidia_blakesleeana_NRRL_1303	Mucoromycota:MAT	scaffold_2	303071-347136	303071-347136	withheld:modelled_gene_bar+polish_capped	withheld:modelled_gene_bar+polish_capped	undetermined	undetermined							hsp_fragment	hsp_fragment	0.0	0.0	0.0	0.0	0.0	glrA,sexP	glrA,sexP		
Absidia_blakesleeana_NRRL_1303	Mucoromycota:MAT	scaffold_58	31423-72994	31423-72994	withheld:modelled_gene_bar+polish_capped	withheld:modelled_gene_bar+polish_capped	undetermined	undetermined							hsp_fragment	hsp_fragment	1.5	1.5	0.0	1.5	1.5	algA,sexP	algA,sexP		
Absidia_blakesleeana_NRRL_1303	Mucoromycota:MAT	scaffold_22	39025-88280	39025-88280	withheld:modelled_gene_bar+polish_capped	withheld:modelled_gene_bar+polish_capped	undetermined	undetermined							hsp_fragment	hsp_fragment	0.0	0.0	0.0	0.0	0.0	rnhA,sexP	rnhA,sexP		
Absidia_blakesleeana_NRRL_1303	Mucoromycota:MAT	scaffold_155	37751-38288	37751-38288	withheld:modelled_gene_bar+polish_capped	withheld:modelled_gene_bar+polish_capped	undetermined	undetermined							hsp_fragment	hsp_fragment	17.3	17.3	0.0	59.2	59.2	sexM,sexP	sexM,sexP		
Absidia_blakesleeana_NRRL_1303	Mucoromycota:MAT	scaffold_74	10289-23164	10289-23164	withheld:modelled_gene_bar	withheld:modelled_gene_bar	undetermined	undetermined							model	model	17.3	17.3	0.0	69.3	69.3	btbA,sexM	btbA,sexM		
Absidia_blakesleeana_NRRL_1303	Mucoromycota:MAT	scaffold_9	4568-5487	4568-5487	withheld:modelled_gene_bar	withheld:modelled_gene_bar	undetermined	undetermined							hsp_fragment	hsp_fragment	5.4	5.4	0.0	38.5	38.5	sexM,sexP	sexM,sexP		
Absidia_blakesleeana_NRRL_1303	Mucoromycota:MAT	scaffold_3	76609-105477	76609-105477	withheld:modelled_gene_bar+polish_capped	withheld:modelled_gene_bar+polish_capped	undetermined	undetermined							hsp_fragment	hsp_fragment	0.0	0.0	0.0	0.0	0.0	rnhA,sexP	rnhA,sexP		
Absidia_blakesleeana_NRRL_1303	Mucoromycota:MAT	scaffold_24	52258-73121	52258-73121	withheld:modelled_gene_bar+polish_capped	withheld:modelled_gene_bar+polish_capped	undetermined	undetermined							hsp_fragment	hsp_fragment	8.5	8.5	0.0	25.5	25.5	sexM,sexP	sexM,sexP		
Absidia_blakesleeana_NRRL_1303	Mucoromycota:MAT	scaffold_128	18942-33754	18942-33754	withheld:modelled_gene_bar+polish_capped	withheld:modelled_gene_bar+polish_capped	undetermined	undetermined							hsp_fragment	hsp_fragment	0.0	0.0	0.0	0.0	0.0	sexM,tptA	sexM,tptA		
Absidia_blakesleeana_NRRL_1303	Mucoromycota:MAT	scaffold_74	10289-23164	10289-23164	withheld:below_fraction_floor	withheld:below_fraction_floor	undetermined	undetermined							model	model	17.3	17.3	0.0	69.3	69.3	btbA,sexM	btbA,sexM		
Absidia_caerulea_RSA_138-	Mucoromycota:MAT	scaffold_577	16978-22948	16978-22948	called	called	Minus	Minus	medium	medium	mat_locus	mat_locus			model	model	83.4	83.4	0.0	143.5	143.5	algA,glrA,sexM	algA,glrA,sexM		
Absidia_caerulea_RSA_138-	Mucoromycota:MAT	scaffold_633	479-21863	479-21863	withheld:modelled_gene_bar	withheld:modelled_gene_bar	undetermined	undetermined														glrA,rnhA,tptA	glrA,rnhA,tptA		
Absidia_caerulea_RSA_138-	Mucoromycota:MAT	scaffold_9	96167-120685	96167-120685	withheld:below_fraction_floor	withheld:below_fraction_floor	undetermined	undetermined							model	model	4.2	4.2	0.0	40.3	40.3	sexM,sexP	sexM,sexP		
Absidia_caerulea_RSA_138_Plus	Mucoromycota:MAT	scaffold_109	21714-28329	21714-28329	called	called	Plus	Plus	medium	medium	mat_locus	mat_locus			model	model	215.4	215.4	0.0	277.4	277.4	algA,glrA,sexM,sexP	algA,glrA,sexM,sexP		
Absidia_caerulea_RSA_138_Plus	Mucoromycota:MAT	scaffold_415	625-21984	625-21984	withheld:modelled_gene_bar	withheld:modelled_gene_bar	undetermined	undetermined														glrA,rnhA,tptA	glrA,rnhA,tptA		
Absidia_caerulea_RSA_138_Plus	Mucoromycota:MAT	scaffold_180	3742-34141	3742-34141	withheld:below_fraction_floor	withheld:below_fraction_floor	undetermined	undetermined							hsp_fragment	hsp_fragment	3.6	3.6	0.0	3.6	3.6	rnhA,sexP	rnhA,sexP		
Absidia_caerulea_RSA_138_Plus	Mucoromycota:MAT	scaffold_434	11716-16098	11716-16098	withheld:below_fraction_floor	withheld:below_fraction_floor	undetermined	undetermined							hsp_fragment	hsp_fragment	0.0	0.0	0.0	0.0	0.0	rnhA,sexP	rnhA,sexP		
Absidia_californica_NRRL_2709	Mucoromycota:MAT	scaffold_519	6306-10043	6306-10043	called	called	Minus	Minus	medium	medium	partial_locus	partial_locus			model	model	90.4	90.4	0.0	147.3	147.3	glrA,sexM	glrA,sexM		
Absidia_californica_NRRL_2709	Mucoromycota:MAT	scaffold_66	21605-64546	21605-64546	withheld:flank_carried_core_outside_flank_span	withheld:flank_carried_core_outside_flank_span	undetermined	undetermined							hsp_fragment	hsp_fragment	4.5	4.5	0.0	4.5	4.5	glrA,rnhA,sexM,tptA	glrA,rnhA,sexM,tptA		
Absidia_californica_NRRL_2709	Mucoromycota:MAT	scaffold_61	17914-19287	17914-19287	withheld:modelled_gene_bar+polish_capped	withheld:modelled_gene_bar+polish_capped	undetermined	undetermined							hsp_fragment	hsp_fragment	3.8	3.8	0.0	36.6	36.6	sexM,sexP	sexM,sexP		
Absidia_californica_NRRL_2709	Mucoromycota:MAT	scaffold_9	163906-211781	163906-211781	withheld:modelled_gene_bar	withheld:modelled_gene_bar	undetermined	undetermined							model	model	9.2	9.2	0.0	55.0	55.0	rnhA,sexP	rnhA,sexP		
Absidia_californica_NRRL_2709	Mucoromycota:MAT	scaffold_250	21847-35688	21847-35688	withheld:modelled_gene_bar+polish_capped	withheld:modelled_gene_bar+polish_capped	Minus	Minus							hsp_fragment	hsp_fragment	27.3	27.3	0.0	62.6	62.6	sexM,sexP	sexM,sexP		
Absidia_californica_NRRL_2709	Mucoromycota:MAT	scaffold_214	15552-16602	15552-16602	withheld:modelled_gene_bar	withheld:modelled_gene_bar	undetermined	undetermined							hsp_fragment	hsp_fragment	5.0	5.0	0.0	42.5	42.5	sexM,sexP	sexM,sexP		
Absidia_californica_NRRL_2709	Mucoromycota:MAT	scaffold_367	11406-18979	11406-18979	withheld:modelled_gene_bar	withheld:modelled_gene_bar	undetermined	undetermined							hsp_fragment	hsp_fragment	10.8	10.8	0.0	28.0	28.0	glrA,sexP	glrA,sexP		
Absidia_californica_NRRL_2709	Mucoromycota:MAT	scaffold_21	141509-167979	141509-167979	withheld:modelled_gene_bar+polish_capped	withheld:modelled_gene_bar+polish_capped	undetermined	undetermined							hsp_fragment	hsp_fragment	0.6	0.6	0.0	0.6	0.6	glrA,sexM	glrA,sexM		
Absidia_californica_NRRL_2709	Mucoromycota:MAT	scaffold_79	64390-96888	64390-96888	withheld:modelled_gene_bar	withheld:modelled_gene_bar	undetermined	undetermined							hsp_fragment	hsp_fragment	0.0	0.0	0.0	0.0	0.0	sexM,sexP	sexM,sexP		
Absidia_californica_NRRL_2709	Mucoromycota:MAT	scaffold_9	163906-211781	163906-211781	withheld:below_fraction_floor	withheld:below_fraction_floor	undetermined	undetermined							model	model	9.2	9.2	0.0	55.0	55.0	rnhA,sexP	rnhA,sexP		
Absidia_californica_NRRL_2967	Mucoromycota:MAT	scaffold_456	9950-13688	9950-13688	called	called	Minus	Minus	medium	medium	partial_locus	partial_locus			model	model	91.4	91.4	0.0	148.3	148.3	glrA,sexM	glrA,sexM		
Absidia_californica_NRRL_2967	Mucoromycota:MAT	scaffold_91	37986-80961	37986-80961	withheld:flank_carried_core_outside_flank_span	withheld:flank_carried_core_outside_flank_span	undetermined	undetermined							hsp_fragment	hsp_fragment	4.5	4.5	0.0	4.5	4.5	glrA,rnhA,sexM,tptA	glrA,rnhA,sexM,tptA		
Absidia_californica_NRRL_2967	Mucoromycota:MAT	scaffold_175	49558-50926	49558-50926	withheld:modelled_gene_bar+polish_capped	withheld:modelled_gene_bar+polish_capped	undetermined	undetermined							hsp_fragment	hsp_fragment	3.8	3.8	0.0	36.6	36.6	sexM,sexP	sexM,sexP		
Absidia_californica_NRRL_2967	Mucoromycota:MAT	scaffold_18	159526-182454	159526-182454	withheld:modelled_gene_bar+polish_capped	withheld:modelled_gene_bar+polish_capped	undetermined	undetermined							hsp_fragment	hsp_fragment	0.0	0.0	0.0	0.0	0.0	rnhA,sexP	rnhA,sexP		
Absidia_californica_NRRL_2967	Mucoromycota:MAT	scaffold_159	7356-25786	7356-25786	withheld:modelled_gene_bar+polish_capped	withheld:modelled_gene_bar+polish_capped	undetermined	undetermined							hsp_fragment	hsp_fragment	0.0	0.0	0.0	0.0	0.0	rnhA,sexP	rnhA,sexP		
Absidia_californica_NRRL_2967	Mucoromycota:MAT	scaffold_32	126554-144008	126554-144008	withheld:modelled_gene_bar+polish_capped	withheld:modelled_gene_bar+polish_capped	undetermined	undetermined							hsp_fragment	hsp_fragment	0.0	0.0	0.0	0.0	0.0	rnhA,sexM	rnhA,sexM		
Absidia_californica_NRRL_2967	Mucoromycota:MAT	scaffold_24	10267-99886	10267-99886	withheld:modelled_gene_bar	withheld:modelled_gene_bar	undetermined	undetermined							model	model	9.2	9.2	0.0	55.0	55.0	rnhA,sexP	rnhA,sexP		
Absidia_californica_NRRL_2967	Mucoromycota:MAT	scaffold_125	28994-56147	28994-56147	withheld:modelled_gene_bar+polish_capped	withheld:modelled_gene_bar+polish_capped	undetermined	undetermined							hsp_fragment	hsp_fragment	0.0	0.0	0.0	0.0	0.0	rnhA,sexM	rnhA,sexM		
Absidia_californica_NRRL_2967	Mucoromycota:MAT	scaffold_255	21875-35721	21875-35721	withheld:modelled_gene_bar+polish_capped	withheld:modelled_gene_bar+polish_capped	Minus	Minus							hsp_fragment	hsp_fragment	28.5	28.5	0.0	63.3	63.3	sexM,sexP	sexM,sexP		
Absidia_californica_NRRL_2967	Mucoromycota:MAT	scaffold_9	123603-167896	123603-167896	withheld:modelled_gene_bar	withheld:modelled_gene_bar	undetermined	undetermined							model	model	23.2	23.2	0.0	77.9	77.9	rnhA,sexM	rnhA,sexM		
Absidia_californica_NRRL_2967	Mucoromycota:MAT	scaffold_102	24083-25046	24083-25046	withheld:modelled_gene_bar	withheld:modelled_gene_bar	undetermined	undetermined							model	model	5.6	5.6	0.0	39.0	39.0	sexM,sexP	sexM,sexP		
Absidia_californica_NRRL_2967	Mucoromycota:MAT	scaffold_121	40362-41412	40362-41412	withheld:modelled_gene_bar+polish_capped	withheld:modelled_gene_bar+polish_capped	undetermined	undetermined							hsp_fragment	hsp_fragment	5.0	5.0	0.0	42.5	42.5	sexM,sexP	sexM,sexP		
Absidia_californica_NRRL_2967	Mucoromycota:MAT	scaffold_3	10947-18527	10947-18527	withheld:modelled_gene_bar	withheld:modelled_gene_bar	undetermined	undetermined							hsp_fragment	hsp_fragment	10.8	10.8	0.0	28.0	28.0	glrA,sexP	glrA,sexP		
Absidia_californica_NRRL_2967	Mucoromycota:MAT	scaffold_3	259110-293636	259110-293636	withheld:modelled_gene_bar+polish_capped	withheld:modelled_gene_bar+polish_capped	undetermined	undetermined							hsp_fragment	hsp_fragment	0.0	0.0	0.0	0.0	0.0	rnhA,sexP	rnhA,sexP		
Absidia_californica_NRRL_2967	Mucoromycota:MAT	scaffold_54	50323-85115	50323-85115	withheld:modelled_gene_bar+polish_capped	withheld:modelled_gene_bar+polish_capped	undetermined	undetermined							hsp_fragment	hsp_fragment	0.7	0.7	0.0	0.7	0.7	glrA,sexP	glrA,sexP		
Absidia_californica_NRRL_2967	Mucoromycota:MAT	scaffold_271	2476-29341	2476-29341	withheld:modelled_gene_bar+polish_capped	withheld:modelled_gene_bar+polish_capped	undetermined	undetermined							hsp_fragment	hsp_fragment	0.0	0.0	0.0	0.0	0.0	glrA,sexM	glrA,sexM		
Absidia_californica_NRRL_2967	Mucoromycota:MAT	scaffold_26	94386-148311	94386-148311	withheld:modelled_gene_bar+polish_capped	withheld:modelled_gene_bar+polish_capped	undetermined	undetermined							hsp_fragment	hsp_fragment	4.1	4.1	0.0	15.8	15.8	sexM,sexP	sexM,sexP		
Absidia_californica_NRRL_2967	Mucoromycota:MAT	scaffold_75	64061-96527	64061-96527	withheld:modelled_gene_bar+polish_capped	withheld:modelled_gene_bar+polish_capped	undetermined	undetermined							hsp_fragment	hsp_fragment	0.0	0.0	0.0	0.0	0.0	sexM,sexP	sexM,sexP		
Absidia_californica_NRRL_2967	Mucoromycota:MAT	scaffold_71	76000-88494	76000-88494	withheld:modelled_gene_bar+polish_capped	withheld:modelled_gene_bar+polish_capped	undetermined	undetermined							hsp_fragment	hsp_fragment	0.0	0.0	0.0	0.0	0.0	glrA,sexP	glrA,sexP		
Absidia_californica_NRRL_2967	Mucoromycota:MAT	scaffold_24	10267-99886	10267-99886	withheld:below_fraction_floor	withheld:below_fraction_floor	undetermined	undetermined							model	model	9.2	9.2	0.0	55.0	55.0	rnhA,sexP	rnhA,sexP		
Absidia_californica_NRRL_2967	Mucoromycota:MAT	scaffold_102	24083-25046	24083-25046	withheld:below_fraction_floor	withheld:below_fraction_floor	undetermined	undetermined							model	model	5.6	5.6	0.0	39.0	39.0	sexM,sexP	sexM,sexP		
Absidia_coerulea_NRRL_1310	Mucoromycota:MAT	scaffold_184	41259-47219	41259-47219	called	called	Minus	Minus	medium	medium	mat_locus	mat_locus			model	model	83.4	83.4	0.0	143.5	143.5	algA,glrA,sexM	algA,glrA,sexM		
Absidia_coerulea_NRRL_1310	Mucoromycota:MAT	scaffold_351	497-21881	497-21881	withheld:modelled_gene_bar	withheld:modelled_gene_bar	undetermined	undetermined														glrA,rnhA,tptA	glrA,rnhA,tptA		
Absidia_coerulea_NRRL_1312	Mucoromycota:MAT	scaffold_657	2035-7996	2035-7996	called	called	Minus	Minus	medium	medium	mat_locus	mat_locus			model	model	83.4	83.4	0.0	143.5	143.5	algA,glrA,sexM	algA,glrA,sexM		
Absidia_coerulea_NRRL_1312	Mucoromycota:MAT	scaffold_197	38926-60310	38926-60310	withheld:modelled_gene_bar	withheld:modelled_gene_bar	undetermined	undetermined														glrA,rnhA,tptA	glrA,rnhA,tptA		
Absidia_coerulea_NRRL_1312	Mucoromycota:MAT	scaffold_69	75784-100235	75784-100235	withheld:below_fraction_floor	withheld:below_fraction_floor	undetermined	undetermined							model	model	4.2	4.2	0.0	40.3	40.3	sexM,sexP	sexM,sexP		
Absidia_coerulea_NRRL_1313	Mucoromycota:MAT	scaffold_113	47384-54015	47384-54015	called	called	Plus	Plus	medium	medium	mat_locus	mat_locus			model	model	213.1	213.1	0.0	275.0	275.0	algA,glrA,sexM,sexP	algA,glrA,sexM,sexP		
Absidia_coerulea_NRRL_1313	Mucoromycota:MAT	scaffold_191	38914-60298	38914-60298	withheld:modelled_gene_bar	withheld:modelled_gene_bar	undetermined	undetermined														glrA,rnhA,tptA	glrA,rnhA,tptA		
Absidia_coerulea_NRRL_1313	Mucoromycota:MAT	scaffold_61	45942-70415	45942-70415	withheld:below_fraction_floor	withheld:below_fraction_floor	undetermined	undetermined							model	model	4.2	4.2	0.0	40.3	40.3	sexM,sexP	sexM,sexP		
Absidia_coerulea_NRRL_1313	Mucoromycota:MAT	scaffold_403	13372-31496	13372-31496	withheld:below_fraction_floor	withheld:below_fraction_floor	undetermined	undetermined							hsp_fragment	hsp_fragment	0.0	0.0	0.0	0.0	0.0	algA,sexM	algA,sexM		
Absidia_coerulea_NRRL_1314	Mucoromycota:MAT	scaffold_171	13883-20504	13883-20504	called	called	Plus	Plus	medium	medium	mat_locus	mat_locus			model	model	212.8	212.8	0.0	274.3	274.3	algA,glrA,sexM,sexP	algA,glrA,sexM,sexP		
Absidia_coerulea_NRRL_1314	Mucoromycota:MAT	scaffold_303	2027-26496	2027-26496	withheld:below_fraction_floor	withheld:below_fraction_floor	undetermined	undetermined							model	model	4.2	4.2	0.0	40.3	40.3	sexM,sexP	sexM,sexP		
Absidia_coerulea_NRRL_1314	Mucoromycota:MAT	scaffold_10	84614-98610	84614-98610	withheld:below_fraction_floor	withheld:below_fraction_floor	undetermined	undetermined							model	model	14.0	14.0	0.0	49.6	49.6	sexM,sexP	sexM,sexP		
Absidia_coerulea_NRRL_1314	Mucoromycota:MAT	scaffold_192	3661-44821	3661-44821	withheld:below_fraction_floor	withheld:below_fraction_floor	undetermined	undetermined							hsp_fragment	hsp_fragment	0.2	0.2	0.0	0.2	0.2	btbA,sexP	btbA,sexP		
Absidia_coerulea_NRRL_1502	Mucoromycota:MAT	scaffold_693	9339-15287	9339-15287	called	called	Minus	Minus	medium	medium	mat_locus	mat_locus			model	model	83.4	83.4	0.0	143.5	143.5	algA,glrA,sexM	algA,glrA,sexM		
Absidia_coerulea_NRRL_1502	Mucoromycota:MAT	scaffold_221	38922-51124	38922-51124	withheld:modelled_gene_bar	withheld:modelled_gene_bar	undetermined	undetermined														glrA,rnhA,tptA	glrA,rnhA,tptA		
Absidia_coerulea_NRRL_1502	Mucoromycota:MAT	scaffold_61	21221-45671	21221-45671	withheld:below_fraction_floor	withheld:below_fraction_floor	undetermined	undetermined							model	model	4.2	4.2	0.0	40.3	40.3	sexM,sexP	sexM,sexP		
Absidia_coerulea_NRRL_5926	Mucoromycota:MAT	scaffold_118	40463-46427	40463-46427	called	called	Minus	Minus	medium	medium	mat_locus	mat_locus			model	model	85.7	85.7	0.0	145.3	145.3	algA,glrA,sexM	algA,glrA,sexM		
Absidia_coerulea_NRRL_5926	Mucoromycota:MAT	scaffold_63	31766-56238	31766-56238	withheld:below_fraction_floor	withheld:below_fraction_floor	undetermined	undetermined							model	model	4.2	4.2	0.0	40.3	40.3	sexM,sexP	sexM,sexP		
Absidia_coerulea_NRRL_5926	Mucoromycota:MAT	scaffold_5	98448-139619	98448-139619	withheld:below_fraction_floor	withheld:below_fraction_floor	undetermined	undetermined							hsp_fragment	hsp_fragment	0.2	0.2	0.0	0.2	0.2	btbA,sexP	btbA,sexP		
Absidia_coerulea_NRRL_A-26290	Mucoromycota:MAT	scaffold_136	47701-53660	47701-53660	called	called	Minus	Minus	medium	medium	mat_locus	mat_locus			model	model	85.7	85.7	0.0	145.3	145.3	algA,glrA,sexM	algA,glrA,sexM		
Absidia_coerulea_NRRL_A-26290	Mucoromycota:MAT	scaffold_597	474-21851	474-21851	withheld:modelled_gene_bar	withheld:modelled_gene_bar	undetermined	undetermined														glrA,rnhA,tptA	glrA,rnhA,tptA		
Absidia_coerulea_NRRL_A-26290	Mucoromycota:MAT	scaffold_270	27419-31818	27419-31818	withheld:below_fraction_floor	withheld:below_fraction_floor	undetermined	undetermined							hsp_fragment	hsp_fragment	0.0	0.0	0.0	0.0	0.0	rnhA,sexP	rnhA,sexP		
Absidia_coerulea_NRRL_A-9483	Mucoromycota:MAT	scaffold_74	28320-29568	28320-29568	withheld:modelled_gene_bar+polish_capped	withheld:modelled_gene_bar+polish_capped	undetermined	undetermined							hsp_fragment	hsp_fragment	3.4	3.4	0.0	34.9	34.9	sexM,sexP	sexM,sexP		
Absidia_coerulea_NRRL_A-9483	Mucoromycota:MAT	scaffold_532	9232-10252	9232-10252	withheld:modelled_gene_bar	withheld:modelled_gene_bar	undetermined	undetermined							hsp_fragment	hsp_fragment	9.6	9.6	0.0	47.2	47.2	sexM,sexP	sexM,sexP		
Absidia_coerulea_NRRL_A-9483	Mucoromycota:MAT	scaffold_171	14493-18497	14493-18497	withheld:modelled_gene_bar+polish_capped	withheld:modelled_gene_bar+polish_capped	undetermined	undetermined							hsp_fragment	hsp_fragment	3.6	3.6	0.0	3.6	3.6	rnhA,sexP	rnhA,sexP		
Absidia_coerulea_NRRL_A-9483	Mucoromycota:MAT	scaffold_1242	6736-9701	6736-9701	withheld:modelled_gene_bar	withheld:modelled_gene_bar	Minus	Minus							model	model	85.7	85.7	0.0	145.3	145.3	algA,sexM	algA,sexM		
Absidia_coerulea_NRRL_A-9483	Mucoromycota:MAT	scaffold_338	3074-27556	3074-27556	withheld:modelled_gene_bar	withheld:modelled_gene_bar	undetermined	undetermined							model	model	4.2	4.2	0.0	40.3	40.3	sexM,sexP	sexM,sexP		
Absidia_coerulea_NRRL_A-9483	Mucoromycota:MAT	scaffold_49	16306-48106	16306-48106	withheld:modelled_gene_bar	withheld:modelled_gene_bar	undetermined	undetermined							hsp_fragment	hsp_fragment	7.5	7.5	0.0	33.0	33.0	sexM,sexP	sexM,sexP		
Absidia_coerulea_NRRL_A-9483	Mucoromycota:MAT	scaffold_16	23703-44387	23703-44387	withheld:modelled_gene_bar	withheld:modelled_gene_bar	undetermined	undetermined							hsp_fragment	hsp_fragment	1.9	1.9	0.0	1.9	1.9	btbA,sexP	btbA,sexP		
Absidia_coerulea_NRRL_A-9483	Mucoromycota:MAT	scaffold_157	27554-37810	27554-37810	withheld:modelled_gene_bar	withheld:modelled_gene_bar	undetermined	undetermined							hsp_fragment	hsp_fragment	1.3	1.3	0.0	1.3	1.3	algA,sexM	algA,sexM		
Absidia_coerulea_NRRL_A-9483	Mucoromycota:MAT	scaffold_1242	6736-9701	6736-9701	withheld:below_fraction_floor	withheld:below_fraction_floor	Minus	Minus							model	model	85.7	85.7	0.0	145.3	145.3	algA,sexM	algA,sexM		
Absidia_coerulea_NRRL_A-9483	Mucoromycota:MAT	scaffold_338	3074-27556	3074-27556	withheld:below_fraction_floor	withheld:below_fraction_floor	undetermined	undetermined							model	model	4.2	4.2	0.0	40.3	40.3	sexM,sexP	sexM,sexP		
Absidia_corymbifera_Cohn_Saccardo_Trotter_NRRL_1334	Mucoromycota:MAT	scaffold_107	17147-85677	17147-85677	withheld:modelled_gene_bar	withheld:modelled_gene_bar	undetermined	undetermined							hsp_fragment	hsp_fragment	3.9	3.9	0.0	44.0	44.0	sexM,sexP,tptA	sexM,sexP,tptA		
Absidia_corymbifera_Cohn_Saccardo_Trotter_NRRL_1334	Mucoromycota:MAT	scaffold_19	227372-264685	227372-264685	withheld:modelled_gene_bar	withheld:modelled_gene_bar	undetermined	undetermined							hsp_fragment	hsp_fragment	13.3	13.3	0.0	44.0	44.0	rnhA,sexM,sexP	rnhA,sexM,sexP		
Absidia_corymbifera_Cohn_Saccardo_Trotter_NRRL_1334	Mucoromycota:MAT	scaffold_120	11599-61210	11599-61210	withheld:modelled_gene_bar	withheld:modelled_gene_bar	undetermined	undetermined							model	model	23.1	23.1	0.0	37.5	37.5	rnhA,sexM,tptA	rnhA,sexM,tptA		
Absidia_corymbifera_Cohn_Saccardo_Trotter_NRRL_1334	Mucoromycota:MAT	scaffold_13	253713-297576	253713-297576	withheld:modelled_gene_bar	withheld:modelled_gene_bar	undetermined	undetermined							hsp_fragment	hsp_fragment	0.0	0.0	0.0	0.0	0.0	algA,rnhA,sexP	algA,rnhA,sexP		
Absidia_corymbifera_Cohn_Saccardo_Trotter_NRRL_1334	Mucoromycota:MAT	scaffold_212	16781-18242	16781-18242	withheld:modelled_gene_bar+polish_capped	withheld:modelled_gene_bar+polish_capped	undetermined	undetermined							hsp_fragment	hsp_fragment	2.0	2.0	0.0	37.8	37.8	sexM,sexP	sexM,sexP		
Absidia_corymbifera_Cohn_Saccardo_Trotter_NRRL_1334	Mucoromycota:MAT	scaffold_2	114925-163257	114925-163257	withheld:modelled_gene_bar+polish_capped	withheld:modelled_gene_bar+polish_capped	undetermined	undetermined							hsp_fragment	hsp_fragment	0.0	0.0	0.0	0.0	0.0	sexM,tptA	sexM,tptA		
Absidia_corymbifera_Cohn_Saccardo_Trotter_NRRL_1334	Mucoromycota:MAT	scaffold_130	32171-49647	32171-49647	withheld:modelled_gene_bar+polish_capped	withheld:modelled_gene_bar+polish_capped	undetermined	undetermined							hsp_fragment	hsp_fragment	0.0	0.0	0.0	0.0	0.0	rnhA,sexP	rnhA,sexP		
Absidia_corymbifera_Cohn_Saccardo_Trotter_NRRL_1334	Mucoromycota:MAT	scaffold_5	288838-333703	288838-333703	withheld:modelled_gene_bar+polish_capped	withheld:modelled_gene_bar+polish_capped	undetermined	undetermined							hsp_fragment	hsp_fragment	1.5	1.5	0.0	1.5	1.5	btbA,sexP	btbA,sexP		
Absidia_corymbifera_Cohn_Saccardo_Trotter_NRRL_1334	Mucoromycota:MAT	scaffold_3	354970-373383	354970-373383	withheld:modelled_gene_bar+polish_capped	withheld:modelled_gene_bar+polish_capped	undetermined	undetermined							hsp_fragment	hsp_fragment	0.0	0.0	0.0	0.0	0.0	rnhA,sexP	rnhA,sexP		
Absidia_corymbifera_Cohn_Saccardo_Trotter_NRRL_1334	Mucoromycota:MAT	scaffold_10	400255-428434	400255-428434	withheld:modelled_gene_bar	withheld:modelled_gene_bar	undetermined	undetermined							hsp_fragment	hsp_fragment	1.1	1.1	0.0	1.1	1.1	rnhA,sexP	rnhA,sexP		
Absidia_corymbifera_Cohn_Saccardo_Trotter_NRRL_1334	Mucoromycota:MAT	scaffold_19	18069-20693	18069-20693	withheld:modelled_gene_bar+polish_capped	withheld:modelled_gene_bar+polish_capped	undetermined	undetermined							hsp_fragment	hsp_fragment	9.9	9.9	0.0	24.7	24.7	sexM,sexP	sexM,sexP		
Absidia_corymbifera_Cohn_Saccardo_Trotter_NRRL_1334	Mucoromycota:MAT	scaffold_124	38955-39514	38955-39514	withheld:modelled_gene_bar+polish_capped	withheld:modelled_gene_bar+polish_capped	undetermined	undetermined							hsp_fragment	hsp_fragment	11.8	11.8	0.0	57.7	57.7	sexM,sexP	sexM,sexP		
Absidia_corymbifera_Cohn_Saccardo_Trotter_NRRL_1334	Mucoromycota:MAT	scaffold_117	34203-70504	34203-70504	withheld:modelled_gene_bar	withheld:modelled_gene_bar	undetermined	undetermined							hsp_fragment	hsp_fragment	0.6	0.6	0.0	2.0	2.0	btbA,sexM	btbA,sexM		
Absidia_corymbifera_Cohn_Saccardo_Trotter_NRRL_1334	Mucoromycota:MAT	scaffold_4	378833-397844	378833-397844	withheld:modelled_gene_bar+polish_capped	withheld:modelled_gene_bar+polish_capped	undetermined	undetermined							hsp_fragment	hsp_fragment	0.0	0.0	0.0	0.0	0.0	sexM,tptA	sexM,tptA		
Absidia_corymbifera_Cohn_Saccardo_Trotter_NRRL_1334	Mucoromycota:MAT	scaffold_92	23653-33890	23653-33890	withheld:modelled_gene_bar+polish_capped	withheld:modelled_gene_bar+polish_capped	undetermined	undetermined							hsp_fragment	hsp_fragment	0.0	0.0	0.0	0.0	0.0	btbA,sexM	btbA,sexM		
Absidia_corymbifera_NRRL_1318	Mucoromycota:MAT	scaffold_7	26962-65818	26962-65818	withheld:modelled_gene_bar	withheld:modelled_gene_bar	undetermined	undetermined							hsp_fragment	hsp_fragment	8.2	8.2	0.0	35.4	35.4	rnhA,sexM,sexP	rnhA,sexM,sexP		
Absidia_corymbifera_NRRL_1318	Mucoromycota:MAT	scaffold_33	67626-91614	67626-91614	withheld:modelled_gene_bar	withheld:modelled_gene_bar	undetermined	undetermined							hsp_fragment	hsp_fragment	3.1	3.1	0.0	49.2	49.2	sexM,sexP,tptA	sexM,sexP,tptA		
Absidia_corymbifera_NRRL_1318	Mucoromycota:MAT	scaffold_146	57303-58842	57303-58842	withheld:modelled_gene_bar+polish_capped	withheld:modelled_gene_bar+polish_capped	undetermined	undetermined							hsp_fragment	hsp_fragment	2.0	2.0	0.0	37.8	37.8	sexM,sexP	sexM,sexP		
Absidia_corymbifera_NRRL_1318	Mucoromycota:MAT	scaffold_52	75355-76279	75355-76279	withheld:modelled_gene_bar+polish_capped	withheld:modelled_gene_bar+polish_capped	undetermined	undetermined							hsp_fragment	hsp_fragment	5.2	5.2	0.0	40.1	40.1	sexM,sexP	sexM,sexP		
Absidia_corymbifera_NRRL_1318	Mucoromycota:MAT	scaffold_10	25182-75166	25182-75166	withheld:modelled_gene_bar+polish_capped	withheld:modelled_gene_bar+polish_capped	undetermined	undetermined							hsp_fragment	hsp_fragment	1.9	1.9	0.0	2.8	2.8	rnhA,sexM	rnhA,sexM		
Absidia_corymbifera_NRRL_1318	Mucoromycota:MAT	scaffold_45	12476-16610	12476-16610	withheld:modelled_gene_bar	withheld:modelled_gene_bar	undetermined	undetermined							hsp_fragment	hsp_fragment	5.4	5.4	0.0	28.9	28.9	rnhA,sexP	rnhA,sexP		
Absidia_corymbifera_NRRL_1318	Mucoromycota:MAT	scaffold_92	24403-41403	24403-41403	withheld:modelled_gene_bar+polish_capped	withheld:modelled_gene_bar+polish_capped	undetermined	undetermined							hsp_fragment	hsp_fragment	8.7	8.7	0.0	24.7	24.7	rnhA,sexP	rnhA,sexP		
Absidia_corymbifera_NRRL_1318	Mucoromycota:MAT	scaffold_24	13180-67337	13180-67337	withheld:modelled_gene_bar	withheld:modelled_gene_bar	undetermined	undetermined							hsp_fragment	hsp_fragment	0.0	0.0	0.0	0.0	0.0	glrA,sexM	glrA,sexM		
Absidia_corymbifera_NRRL_1318	Mucoromycota:MAT	scaffold_177	49226-50253	49226-50253	withheld:modelled_gene_bar+polish_capped	withheld:modelled_gene_bar+polish_capped	undetermined	undetermined							hsp_fragment	hsp_fragment	9.6	9.6	0.0	11.2	11.2	rnhA,sexM	rnhA,sexM		
Absidia_corymbifera_NRRL_1318	Mucoromycota:MAT	scaffold_26	81559-83545	81559-83545	withheld:modelled_gene_bar	withheld:modelled_gene_bar	undetermined	undetermined							hsp_fragment	hsp_fragment	0.2	0.2	0.0	0.2	0.2	sexM,sexP	sexM,sexP		
Absidia_corymbifera_NRRL_1318	Mucoromycota:MAT	scaffold_259	20555-28402	20555-28402	withheld:modelled_gene_bar	withheld:modelled_gene_bar	undetermined	undetermined							hsp_fragment	hsp_fragment	0.0	0.0	0.0	0.0	0.0	algA,sexM	algA,sexM		
Absidia_corymbifera_NRRL_1318	Mucoromycota:MAT	scaffold_184	32577-56702	32577-56702	withheld:modelled_gene_bar+polish_capped	withheld:modelled_gene_bar+polish_capped	undetermined	undetermined							hsp_fragment	hsp_fragment	7.6	7.6	0.0	7.6	7.6	glrA,sexP	glrA,sexP		
Absidia_corymbifera_NRRL_1318	Mucoromycota:MAT	scaffold_24	13180-67337	13180-67337	withheld:below_fraction_floor	withheld:below_fraction_floor	undetermined	undetermined							hsp_fragment	hsp_fragment	0.0	0.0	0.0	0.0	0.0	glrA,sexM	glrA,sexM		
Absidia_corymbifera_NRRL_1321	Mucoromycota:MAT	scaffold_17	17539-56397	17539-56397	withheld:modelled_gene_bar	withheld:modelled_gene_bar	undetermined	undetermined							hsp_fragment	hsp_fragment	8.2	8.2	0.0	35.4	35.4	rnhA,sexM,sexP	rnhA,sexM,sexP		
Absidia_corymbifera_NRRL_1321	Mucoromycota:MAT	scaffold_38	3100-27138	3100-27138	withheld:modelled_gene_bar	withheld:modelled_gene_bar	undetermined	undetermined							hsp_fragment	hsp_fragment	2.8	2.8	0.0	49.9	49.9	sexM,sexP,tptA	sexM,sexP,tptA		
Absidia_corymbifera_NRRL_1321	Mucoromycota:MAT	scaffold_149	5864-7403	5864-7403	withheld:modelled_gene_bar+polish_capped	withheld:modelled_gene_bar+polish_capped	undetermined	undetermined							hsp_fragment	hsp_fragment	2.0	2.0	0.0	37.8	37.8	sexM,sexP	sexM,sexP		
Absidia_corymbifera_NRRL_1321	Mucoromycota:MAT	scaffold_56	75352-76276	75352-76276	withheld:modelled_gene_bar+polish_capped	withheld:modelled_gene_bar+polish_capped	undetermined	undetermined							hsp_fragment	hsp_fragment	5.2	5.2	0.0	40.1	40.1	sexM,sexP	sexM,sexP		
Absidia_corymbifera_NRRL_1321	Mucoromycota:MAT	scaffold_10	37355-87331	37355-87331	withheld:modelled_gene_bar+polish_capped	withheld:modelled_gene_bar+polish_capped	undetermined	undetermined							hsp_fragment	hsp_fragment	1.9	1.9	0.0	2.8	2.8	rnhA,sexM	rnhA,sexM		
Absidia_corymbifera_NRRL_1321	Mucoromycota:MAT	scaffold_46	12477-16605	12477-16605	withheld:modelled_gene_bar	withheld:modelled_gene_bar	undetermined	undetermined							hsp_fragment	hsp_fragment	5.4	5.4	0.0	28.9	28.9	rnhA,sexP	rnhA,sexP		
Absidia_corymbifera_NRRL_1321	Mucoromycota:MAT	scaffold_93	24403-41403	24403-41403	withheld:modelled_gene_bar+polish_capped	withheld:modelled_gene_bar+polish_capped	undetermined	undetermined							hsp_fragment	hsp_fragment	8.7	8.7	0.0	24.7	24.7	rnhA,sexP	rnhA,sexP		
Absidia_corymbifera_NRRL_1321	Mucoromycota:MAT	scaffold_29	13202-67393	13202-67393	withheld:modelled_gene_bar	withheld:modelled_gene_bar	undetermined	undetermined							hsp_fragment	hsp_fragment	0.0	0.0	0.0	0.0	0.0	glrA,sexM	glrA,sexM		
Absidia_corymbifera_NRRL_1321	Mucoromycota:MAT	scaffold_173	11073-12100	11073-12100	withheld:modelled_gene_bar+polish_capped	withheld:modelled_gene_bar+polish_capped	undetermined	undetermined							hsp_fragment	hsp_fragment	9.6	9.6	0.0	11.2	11.2	rnhA,sexM	rnhA,sexM		
Absidia_corymbifera_NRRL_1321	Mucoromycota:MAT	scaffold_4	81606-83592	81606-83592	withheld:modelled_gene_bar	withheld:modelled_gene_bar	undetermined	undetermined							hsp_fragment	hsp_fragment	0.2	0.2	0.0	0.2	0.2	sexM,sexP	sexM,sexP		
Absidia_corymbifera_NRRL_1321	Mucoromycota:MAT	scaffold_258	20555-28402	20555-28402	withheld:modelled_gene_bar	withheld:modelled_gene_bar	undetermined	undetermined							hsp_fragment	hsp_fragment	0.0	0.0	0.0	0.0	0.0	algA,sexM	algA,sexM		
Absidia_corymbifera_NRRL_1321	Mucoromycota:MAT	scaffold_12	13442-58794	13442-58794	withheld:modelled_gene_bar+polish_capped	withheld:modelled_gene_bar+polish_capped	undetermined	undetermined							hsp_fragment	hsp_fragment	0.2	0.2	0.0	0.2	0.2	sexP,tptA	sexP,tptA		
Absidia_corymbifera_NRRL_1321	Mucoromycota:MAT	scaffold_29	13202-67393	13202-67393	withheld:below_fraction_floor	withheld:below_fraction_floor	undetermined	undetermined							hsp_fragment	hsp_fragment	0.0	0.0	0.0	0.0	0.0	glrA,sexM	glrA,sexM		
Absidia_corymbifera_NRRL_1331	Mucoromycota:MAT	scaffold_125	2728-64236	2728-64236	withheld:modelled_gene_bar	withheld:modelled_gene_bar	undetermined	undetermined							model	model	12.8	12.8	0.0	79.9	79.9	sexM,sexP,tptA	sexM,sexP,tptA		
Absidia_corymbifera_NRRL_1331	Mucoromycota:MAT	scaffold_45	43181-88148	43181-88148	withheld:modelled_gene_bar	withheld:modelled_gene_bar	undetermined	undetermined							model	model	8.8	8.8	0.0	63.0	63.0	sexP,tptA	sexP,tptA		
Absidia_corymbifera_NRRL_1331	Mucoromycota:MAT	scaffold_20	57986-59506	57986-59506	withheld:modelled_gene_bar+polish_capped	withheld:modelled_gene_bar+polish_capped	undetermined	undetermined							hsp_fragment	hsp_fragment	4.2	4.2	0.0	37.4	37.4	sexM,sexP	sexM,sexP		
Absidia_corymbifera_NRRL_1331	Mucoromycota:MAT	scaffold_548	2243-2804	2243-2804	withheld:modelled_gene_bar+polish_capped	withheld:modelled_gene_bar+polish_capped	undetermined	undetermined							hsp_fragment	hsp_fragment	3.9	3.9	0.0	36.5	36.5	sexM,sexP	sexM,sexP		
Absidia_corymbifera_NRRL_1331	Mucoromycota:MAT	scaffold_88	28958-29967	28958-29967	withheld:modelled_gene_bar	withheld:modelled_gene_bar	undetermined	undetermined							hsp_fragment	hsp_fragment	4.3	4.3	0.0	39.5	39.5	sexM,sexP	sexM,sexP		
Absidia_corymbifera_NRRL_1331	Mucoromycota:MAT	scaffold_39	6388-23501	6388-23501	withheld:modelled_gene_bar+polish_capped	withheld:modelled_gene_bar+polish_capped	undetermined	undetermined							hsp_fragment	hsp_fragment	8.7	8.7	0.0	24.7	24.7	rnhA,sexP	rnhA,sexP		
Absidia_corymbifera_NRRL_1331	Mucoromycota:MAT	scaffold_77	79895-85054	79895-85054	withheld:modelled_gene_bar	withheld:modelled_gene_bar	undetermined	undetermined							hsp_fragment	hsp_fragment	0.8	0.8	0.0	0.8	0.8	sexM,sexP	sexM,sexP		
Absidia_corymbifera_NRRL_1331	Mucoromycota:MAT	scaffold_8	62610-98696	62610-98696	withheld:modelled_gene_bar+polish_capped	withheld:modelled_gene_bar+polish_capped	undetermined	undetermined							hsp_fragment	hsp_fragment	2.8	2.8	0.0	2.8	2.8	sexM,tptA	sexM,tptA		
Absidia_corymbifera_NRRL_1331	Mucoromycota:MAT	scaffold_307	28371-34308	28371-34308	withheld:modelled_gene_bar+polish_capped	withheld:modelled_gene_bar+polish_capped	undetermined	undetermined							hsp_fragment	hsp_fragment	1.1	1.1	0.0	1.1	1.1	sexM,tptA	sexM,tptA		
Absidia_corymbifera_NRRL_1331	Mucoromycota:MAT	scaffold_481	3138-7961	3138-7961	withheld:modelled_gene_bar	withheld:modelled_gene_bar	undetermined	undetermined							hsp_fragment	hsp_fragment	0.0	0.0	0.0	0.0	0.0	sexP,tptA	sexP,tptA		
Absidia_corymbifera_NRRL_1331	Mucoromycota:MAT	scaffold_36	64947-91794	64947-91794	withheld:modelled_gene_bar	withheld:modelled_gene_bar	undetermined	undetermined							hsp_fragment	hsp_fragment	6.9	6.9	0.0	6.9	6.9	algA,sexM	algA,sexM		
Absidia_corymbifera_NRRL_1331	Mucoromycota:MAT	scaffold_45	43181-88148	43181-88148	withheld:below_fraction_floor	withheld:below_fraction_floor	undetermined	undetermined							model	model	8.8	8.8	0.0	63.0	63.0	sexP,tptA	sexP,tptA		
Absidia_corymbifera_NRRL_1516	Mucoromycota:MAT	scaffold_133	12729-74237	12729-74237	withheld:modelled_gene_bar	withheld:modelled_gene_bar	undetermined	undetermined							model	model	13.7	13.7	0.0	87.4	87.4	sexM,sexP,tptA	sexM,sexP,tptA		
Absidia_corymbifera_NRRL_1516	Mucoromycota:MAT	scaffold_5	77505-79025	77505-79025	withheld:modelled_gene_bar+polish_capped	withheld:modelled_gene_bar+polish_capped	undetermined	undetermined							hsp_fragment	hsp_fragment	4.2	4.2	0.0	37.4	37.4	sexM,sexP	sexM,sexP		
Absidia_corymbifera_NRRL_1516	Mucoromycota:MAT	scaffold_5	134290-178865	134290-178865	withheld:modelled_gene_bar+polish_capped	withheld:modelled_gene_bar+polish_capped	undetermined	undetermined							hsp_fragment	hsp_fragment	0.9	0.9	0.0	19.2	19.2	sexP,tptA	sexP,tptA		
Absidia_corymbifera_NRRL_1516	Mucoromycota:MAT	scaffold_544	17524-18085	17524-18085	withheld:modelled_gene_bar+polish_capped	withheld:modelled_gene_bar+polish_capped	undetermined	undetermined							hsp_fragment	hsp_fragment	3.9	3.9	0.0	36.5	36.5	sexM,sexP	sexM,sexP		
Absidia_corymbifera_NRRL_1516	Mucoromycota:MAT	scaffold_425	14524-15533	14524-15533	withheld:modelled_gene_bar	withheld:modelled_gene_bar	undetermined	undetermined							hsp_fragment	hsp_fragment	4.3	4.3	0.0	39.5	39.5	sexM,sexP	sexM,sexP		
Absidia_corymbifera_NRRL_1516	Mucoromycota:MAT	scaffold_42	90245-107352	90245-107352	withheld:modelled_gene_bar+polish_capped	withheld:modelled_gene_bar+polish_capped	undetermined	undetermined							hsp_fragment	hsp_fragment	8.7	8.7	0.0	24.7	24.7	rnhA,sexP	rnhA,sexP		
Absidia_corymbifera_NRRL_1516	Mucoromycota:MAT	scaffold_88	5701-10860	5701-10860	withheld:modelled_gene_bar	withheld:modelled_gene_bar	undetermined	undetermined							hsp_fragment	hsp_fragment	0.8	0.8	0.0	0.8	0.8	sexM,sexP	sexM,sexP		
Absidia_corymbifera_NRRL_1516	Mucoromycota:MAT	scaffold_38	75852-84578	75852-84578	withheld:modelled_gene_bar+polish_capped	withheld:modelled_gene_bar+polish_capped	undetermined	undetermined							hsp_fragment	hsp_fragment	0.6	0.6	0.0	0.6	0.6	sexM,tptA	sexM,tptA		
Absidia_corymbifera_NRRL_1516	Mucoromycota:MAT	scaffold_12	62552-98638	62552-98638	withheld:modelled_gene_bar+polish_capped	withheld:modelled_gene_bar+polish_capped	undetermined	undetermined							hsp_fragment	hsp_fragment	2.8	2.8	0.0	2.8	2.8	sexM,tptA	sexM,tptA		
Absidia_corymbifera_NRRL_1516	Mucoromycota:MAT	scaffold_45	36135-68650	36135-68650	withheld:modelled_gene_bar	withheld:modelled_gene_bar	undetermined	undetermined							hsp_fragment	hsp_fragment	0.0	0.0	0.0	0.0	0.0	sexM,tptA	sexM,tptA		
Absidia_corymbifera_NRRL_1516	Mucoromycota:MAT	scaffold_308	10285-16222	10285-16222	withheld:modelled_gene_bar+polish_capped	withheld:modelled_gene_bar+polish_capped	undetermined	undetermined							hsp_fragment	hsp_fragment	1.1	1.1	0.0	1.1	1.1	sexM,tptA	sexM,tptA		
Absidia_corymbifera_NRRL_1516	Mucoromycota:MAT	scaffold_472	3138-7961	3138-7961	withheld:modelled_gene_bar	withheld:modelled_gene_bar	undetermined	undetermined							hsp_fragment	hsp_fragment	0.0	0.0	0.0	0.0	0.0	sexP,tptA	sexP,tptA		
Absidia_corymbifera_NRRL_1516	Mucoromycota:MAT	scaffold_37	26148-53013	26148-53013	withheld:modelled_gene_bar	withheld:modelled_gene_bar	undetermined	undetermined							hsp_fragment	hsp_fragment	6.9	6.9	0.0	6.9	6.9	algA,sexM	algA,sexM		
Absidia_corymbifera_NRRL_1561	Mucoromycota:MAT	scaffold_123	12338-73843	12338-73843	withheld:modelled_gene_bar	withheld:modelled_gene_bar	undetermined	undetermined							model	model	12.8	12.8	0.0	79.9	79.9	sexM,sexP,tptA	sexM,sexP,tptA		
Absidia_corymbifera_NRRL_1561	Mucoromycota:MAT	scaffold_82	31077-32597	31077-32597	withheld:modelled_gene_bar+polish_capped	withheld:modelled_gene_bar+polish_capped	undetermined	undetermined							hsp_fragment	hsp_fragment	4.2	4.2	0.0	37.4	37.4	sexM,sexP	sexM,sexP		
Absidia_corymbifera_NRRL_1561	Mucoromycota:MAT	scaffold_448	2243-2804	2243-2804	withheld:modelled_gene_bar	withheld:modelled_gene_bar	undetermined	undetermined							hsp_fragment	hsp_fragment	3.9	3.9	0.0	36.5	36.5	sexM,sexP	sexM,sexP		
Absidia_corymbifera_NRRL_1561	Mucoromycota:MAT	scaffold_314	28958-29967	28958-29967	withheld:modelled_gene_bar	withheld:modelled_gene_bar	undetermined	undetermined							hsp_fragment	hsp_fragment	4.3	4.3	0.0	39.5	39.5	sexM,sexP	sexM,sexP		
Absidia_corymbifera_NRRL_1561	Mucoromycota:MAT	scaffold_36	90243-107350	90243-107350	withheld:modelled_gene_bar+polish_capped	withheld:modelled_gene_bar+polish_capped	undetermined	undetermined							hsp_fragment	hsp_fragment	8.7	8.7	0.0	24.7	24.7	rnhA,sexP	rnhA,sexP		
Absidia_corymbifera_NRRL_1561	Mucoromycota:MAT	scaffold_417	21982-27141	21982-27141	withheld:modelled_gene_bar	withheld:modelled_gene_bar	undetermined	undetermined							hsp_fragment	hsp_fragment	0.8	0.8	0.0	0.8	0.8	sexM,sexP	sexM,sexP		
Absidia_corymbifera_NRRL_1561	Mucoromycota:MAT	scaffold_8	62342-98428	62342-98428	withheld:modelled_gene_bar+polish_capped	withheld:modelled_gene_bar+polish_capped	undetermined	undetermined							hsp_fragment	hsp_fragment	2.8	2.8	0.0	2.8	2.8	sexM,tptA	sexM,tptA		
Absidia_corymbifera_NRRL_1561	Mucoromycota:MAT	scaffold_313	28374-34311	28374-34311	withheld:modelled_gene_bar+polish_capped	withheld:modelled_gene_bar+polish_capped	undetermined	undetermined							hsp_fragment	hsp_fragment	1.1	1.1	0.0	1.1	1.1	sexM,tptA	sexM,tptA		
Absidia_corymbifera_NRRL_1561	Mucoromycota:MAT	scaffold_482	3138-7961	3138-7961	withheld:modelled_gene_bar	withheld:modelled_gene_bar	undetermined	undetermined							hsp_fragment	hsp_fragment	0.0	0.0	0.0	0.0	0.0	sexP,tptA	sexP,tptA		
Absidia_corymbifera_NRRL_1561	Mucoromycota:MAT	scaffold_164	26711-53558	26711-53558	withheld:modelled_gene_bar	withheld:modelled_gene_bar	undetermined	undetermined							hsp_fragment	hsp_fragment	6.9	6.9	0.0	6.9	6.9	algA,sexM	algA,sexM		
Absidia_corymbifera_NRRL_1590	Mucoromycota:MAT	scaffold_129	12729-74234	12729-74234	withheld:modelled_gene_bar	withheld:modelled_gene_bar	undetermined	undetermined							model	model	12.8	12.8	0.0	79.9	79.9	sexM,sexP,tptA	sexM,sexP,tptA		
Absidia_corymbifera_NRRL_1590	Mucoromycota:MAT	scaffold_91	57983-59503	57983-59503	withheld:modelled_gene_bar+polish_capped	withheld:modelled_gene_bar+polish_capped	undetermined	undetermined							hsp_fragment	hsp_fragment	4.2	4.2	0.0	37.4	37.4	sexM,sexP	sexM,sexP		
Absidia_corymbifera_NRRL_1590	Mucoromycota:MAT	scaffold_447	27816-28377	27816-28377	withheld:modelled_gene_bar	withheld:modelled_gene_bar	undetermined	undetermined							hsp_fragment	hsp_fragment	3.9	3.9	0.0	36.5	36.5	sexM,sexP	sexM,sexP		
Absidia_corymbifera_NRRL_1590	Mucoromycota:MAT	scaffold_315	14569-15578	14569-15578	withheld:modelled_gene_bar	withheld:modelled_gene_bar	undetermined	undetermined							hsp_fragment	hsp_fragment	4.3	4.3	0.0	39.5	39.5	sexM,sexP	sexM,sexP		
Absidia_corymbifera_NRRL_1590	Mucoromycota:MAT	scaffold_45	6314-23427	6314-23427	withheld:modelled_gene_bar+polish_capped	withheld:modelled_gene_bar+polish_capped	undetermined	undetermined							hsp_fragment	hsp_fragment	8.7	8.7	0.0	24.7	24.7	rnhA,sexP	rnhA,sexP		
Absidia_corymbifera_NRRL_1590	Mucoromycota:MAT	scaffold_413	22013-27172	22013-27172	withheld:modelled_gene_bar	withheld:modelled_gene_bar	undetermined	undetermined							hsp_fragment	hsp_fragment	0.8	0.8	0.0	0.8	0.8	sexM,sexP	sexM,sexP		
Absidia_corymbifera_NRRL_1590	Mucoromycota:MAT	scaffold_12	62603-98689	62603-98689	withheld:modelled_gene_bar+polish_capped	withheld:modelled_gene_bar+polish_capped	undetermined	undetermined							hsp_fragment	hsp_fragment	2.8	2.8	0.0	2.8	2.8	sexM,tptA	sexM,tptA		
Absidia_corymbifera_NRRL_1590	Mucoromycota:MAT	scaffold_216	41649-47586	41649-47586	withheld:modelled_gene_bar+polish_capped	withheld:modelled_gene_bar+polish_capped	undetermined	undetermined							hsp_fragment	hsp_fragment	1.1	1.1	0.0	1.1	1.1	sexM,tptA	sexM,tptA		
Absidia_corymbifera_NRRL_1590	Mucoromycota:MAT	scaffold_475	19526-24349	19526-24349	withheld:modelled_gene_bar	withheld:modelled_gene_bar	undetermined	undetermined							hsp_fragment	hsp_fragment	0.0	0.0	0.0	0.0	0.0	sexP,tptA	sexP,tptA		
Absidia_corymbifera_NRRL_1590	Mucoromycota:MAT	scaffold_38	26729-53576	26729-53576	withheld:modelled_gene_bar	withheld:modelled_gene_bar	undetermined	undetermined							hsp_fragment	hsp_fragment	6.9	6.9	0.0	6.9	6.9	algA,sexM	algA,sexM		
Absidia_corymbifera_NRRL_2798	Mucoromycota:MAT	scaffold_104	16873-85378	16873-85378	withheld:modelled_gene_bar	withheld:modelled_gene_bar	undetermined	undetermined							hsp_fragment	hsp_fragment	3.9	3.9	0.0	44.0	44.0	sexM,sexP,tptA	sexM,sexP,tptA		
Absidia_corymbifera_NRRL_2798	Mucoromycota:MAT	scaffold_43	126015-163337	126015-163337	withheld:modelled_gene_bar	withheld:modelled_gene_bar	undetermined	undetermined							hsp_fragment	hsp_fragment	13.3	13.3	0.0	44.0	44.0	rnhA,sexM,sexP	rnhA,sexM,sexP		
Absidia_corymbifera_NRRL_2798	Mucoromycota:MAT	scaffold_108	68352-69816	68352-69816	withheld:modelled_gene_bar+polish_capped	withheld:modelled_gene_bar+polish_capped	undetermined	undetermined							hsp_fragment	hsp_fragment	2.0	2.0	0.0	37.8	37.8	sexM,sexP	sexM,sexP		
Absidia_corymbifera_NRRL_2798	Mucoromycota:MAT	scaffold_21	258079-291415	258079-291415	withheld:modelled_gene_bar+polish_capped	withheld:modelled_gene_bar+polish_capped	undetermined	undetermined							hsp_fragment	hsp_fragment	0.0	0.0	0.0	0.0	0.0	glrA,sexP	glrA,sexP		
Absidia_corymbifera_NRRL_2798	Mucoromycota:MAT	scaffold_1	837777-859579	837777-859579	withheld:modelled_gene_bar	withheld:modelled_gene_bar	undetermined	undetermined							hsp_fragment	hsp_fragment	0.0	0.0	0.0	0.0	0.0	algA,sexM	algA,sexM		
Absidia_corymbifera_NRRL_2798	Mucoromycota:MAT	scaffold_14	74529-102763	74529-102763	withheld:modelled_gene_bar+polish_capped	withheld:modelled_gene_bar+polish_capped	undetermined	undetermined							hsp_fragment	hsp_fragment	1.0	1.0	0.0	1.0	1.0	rnhA,sexP	rnhA,sexP		
Absidia_corymbifera_NRRL_2798	Mucoromycota:MAT	scaffold_148	38831-39390	38831-39390	withheld:modelled_gene_bar+polish_capped	withheld:modelled_gene_bar+polish_capped	undetermined	undetermined							hsp_fragment	hsp_fragment	12.2	12.2	0.0	57.0	57.0	sexM,sexP	sexM,sexP		
Absidia_corymbifera_NRRL_2798	Mucoromycota:MAT	scaffold_19	220715-252147	220715-252147	withheld:modelled_gene_bar	withheld:modelled_gene_bar	undetermined	undetermined							model	model	23.1	23.1	0.0	37.5	37.5	rnhA,sexM	rnhA,sexM		
Absidia_corymbifera_NRRL_2798	Mucoromycota:MAT	scaffold_31	36895-67462	36895-67462	withheld:modelled_gene_bar+polish_capped	withheld:modelled_gene_bar+polish_capped	undetermined	undetermined							hsp_fragment	hsp_fragment	2.2	2.2	0.0	2.2	2.2	algA,sexP	algA,sexP		
Absidia_corymbifera_NRRL_2798	Mucoromycota:MAT	scaffold_31	198029-210761	198029-210761	withheld:modelled_gene_bar+polish_capped	withheld:modelled_gene_bar+polish_capped	undetermined	undetermined							hsp_fragment	hsp_fragment	0.0	0.0	0.0	0.0	0.0	algA,sexP	algA,sexP		
Absidia_corymbifera_NRRL_2798	Mucoromycota:MAT	scaffold_40	4690-7315	4690-7315	withheld:modelled_gene_bar+polish_capped	withheld:modelled_gene_bar+polish_capped	undetermined	undetermined							hsp_fragment	hsp_fragment	9.9	9.9	0.0	24.7	24.7	sexM,sexP	sexM,sexP		
Absidia_corymbifera_NRRL_2798	Mucoromycota:MAT	scaffold_39	9561-33211	9561-33211	withheld:modelled_gene_bar+polish_capped	withheld:modelled_gene_bar+polish_capped	undetermined	undetermined							hsp_fragment	hsp_fragment	0.0	0.0	0.0	0.0	0.0	rnhA,sexM	rnhA,sexM		
Absidia_corymbifera_NRRL_2798	Mucoromycota:MAT	scaffold_121	27163-52194	27163-52194	withheld:modelled_gene_bar+polish_capped	withheld:modelled_gene_bar+polish_capped	undetermined	undetermined							hsp_fragment	hsp_fragment	0.0	0.0	0.0	0.0	0.0	glrA,sexM	glrA,sexM		
Absidia_corymbifera_NRRL_2798	Mucoromycota:MAT	scaffold_12	118353-123399	118353-123399	withheld:modelled_gene_bar	withheld:modelled_gene_bar	undetermined	undetermined							hsp_fragment	hsp_fragment	8.1	8.1	0.0	25.4	25.4	rnhA,sexP	rnhA,sexP		
Absidia_corymbifera_NRRL_2798	Mucoromycota:MAT	scaffold_37	108750-131219	108750-131219	withheld:modelled_gene_bar+polish_capped	withheld:modelled_gene_bar+polish_capped	undetermined	undetermined							hsp_fragment	hsp_fragment	0.0	0.0	0.0	0.0	0.0	rnhA,sexM	rnhA,sexM		
Absidia_corymbifera_NRRL_2798	Mucoromycota:MAT	scaffold_94	27158-37415	27158-37415	withheld:modelled_gene_bar	withheld:modelled_gene_bar	undetermined	undetermined							hsp_fragment	hsp_fragment	0.0	0.0	0.0	0.0	0.0	btbA,sexM	btbA,sexM		
Absidia_corymbifera_NRRL_2798	Mucoromycota:MAT	scaffold_1	837777-859579	837777-859579	withheld:below_fraction_floor	withheld:below_fraction_floor	undetermined	undetermined							hsp_fragment	hsp_fragment	0.0	0.0	0.0	0.0	0.0	algA,sexM	algA,sexM		
Absidia_corymbifera_NRRL_2798	Mucoromycota:MAT	scaffold_19	220715-252147	220715-252147	withheld:below_fraction_floor	withheld:below_fraction_floor	undetermined	undetermined							model	model	23.1	23.1	0.0	37.5	37.5	rnhA,sexM	rnhA,sexM		
Absidia_corymbifera_NRRL_2982	Mucoromycota:MAT	scaffold_33	12729-50935	12729-50935	withheld:modelled_gene_bar	withheld:modelled_gene_bar	undetermined	undetermined							hsp_fragment	hsp_fragment	4.2	4.2	0.0	49.5	49.5	sexM,sexP,tptA	sexM,sexP,tptA		
Absidia_corymbifera_NRRL_2982	Mucoromycota:MAT	scaffold_659	2365-8039	2365-8039	withheld:modelled_gene_bar	withheld:modelled_gene_bar	undetermined	undetermined							model	model	12.8	12.8	0.0	79.9	79.9	sexM,sexP	sexM,sexP		
Absidia_corymbifera_NRRL_2982	Mucoromycota:MAT	scaffold_16	77177-78697	77177-78697	withheld:modelled_gene_bar+polish_capped	withheld:modelled_gene_bar+polish_capped	undetermined	undetermined							hsp_fragment	hsp_fragment	4.2	4.2	0.0	37.4	37.4	sexM,sexP	sexM,sexP		
Absidia_corymbifera_NRRL_2982	Mucoromycota:MAT	scaffold_535	18164-18725	18164-18725	withheld:modelled_gene_bar+polish_capped	withheld:modelled_gene_bar+polish_capped	undetermined	undetermined							hsp_fragment	hsp_fragment	3.9	3.9	0.0	36.5	36.5	sexM,sexP	sexM,sexP		
Absidia_corymbifera_NRRL_2982	Mucoromycota:MAT	scaffold_88	56400-57409	56400-57409	withheld:modelled_gene_bar	withheld:modelled_gene_bar	undetermined	undetermined							hsp_fragment	hsp_fragment	4.3	4.3	0.0	39.5	39.5	sexM,sexP	sexM,sexP		
Absidia_corymbifera_NRRL_2982	Mucoromycota:MAT	scaffold_38	6313-23420	6313-23420	withheld:modelled_gene_bar+polish_capped	withheld:modelled_gene_bar+polish_capped	undetermined	undetermined							hsp_fragment	hsp_fragment	8.7	8.7	0.0	24.7	24.7	rnhA,sexP	rnhA,sexP		
Absidia_corymbifera_NRRL_2982	Mucoromycota:MAT	scaffold_413	22006-27165	22006-27165	withheld:modelled_gene_bar	withheld:modelled_gene_bar	undetermined	undetermined							hsp_fragment	hsp_fragment	0.8	0.8	0.0	0.8	0.8	sexM,sexP	sexM,sexP		
Absidia_corymbifera_NRRL_2982	Mucoromycota:MAT	scaffold_8	63062-99148	63062-99148	withheld:modelled_gene_bar+polish_capped	withheld:modelled_gene_bar+polish_capped	undetermined	undetermined							hsp_fragment	hsp_fragment	2.8	2.8	0.0	2.8	2.8	sexM,tptA	sexM,tptA		
Absidia_corymbifera_NRRL_2982	Mucoromycota:MAT	scaffold_305	28371-34308	28371-34308	withheld:modelled_gene_bar+polish_capped	withheld:modelled_gene_bar+polish_capped	undetermined	undetermined							hsp_fragment	hsp_fragment	1.1	1.1	0.0	1.1	1.1	sexM,tptA	sexM,tptA		
Absidia_corymbifera_NRRL_2982	Mucoromycota:MAT	scaffold_464	3138-7961	3138-7961	withheld:modelled_gene_bar	withheld:modelled_gene_bar	undetermined	undetermined							hsp_fragment	hsp_fragment	0.0	0.0	0.0	0.0	0.0	sexP,tptA	sexP,tptA		
Absidia_corymbifera_NRRL_2982	Mucoromycota:MAT	scaffold_34	26289-53136	26289-53136	withheld:modelled_gene_bar	withheld:modelled_gene_bar	undetermined	undetermined							hsp_fragment	hsp_fragment	6.9	6.9	0.0	6.9	6.9	algA,sexM	algA,sexM		
Absidia_corymbifera_NRRL_2982	Mucoromycota:MAT	scaffold_659	2365-8039	2365-8039	withheld:below_fraction_floor	withheld:below_fraction_floor	undetermined	undetermined							model	model	12.8	12.8	0.0	79.9	79.9	sexM,sexP	sexM,sexP		
Absidia_corymbifera_NRRL_3177	Mucoromycota:MAT	scaffold_4509	6-1377	6-1377	withheld:modelled_gene_bar	withheld:modelled_gene_bar	undetermined	undetermined							hsp_fragment	hsp_fragment	2.1	2.1	0.0	37.4	37.4	sexM,sexP	sexM,sexP		
Absidia_corymbifera_NRRL_3177	Mucoromycota:MAT	scaffold_1302	1797-2307	1797-2307	withheld:modelled_gene_bar	withheld:modelled_gene_bar	undetermined	undetermined							model	model	4.3	4.3	0.0	51.4	51.4	sexM,sexP	sexM,sexP		
Absidia_corymbifera_NRRL_3177	Mucoromycota:MAT	scaffold_12	63429-63988	63429-63988	withheld:modelled_gene_bar	withheld:modelled_gene_bar	undetermined	undetermined							model	model	21.1	21.1	0.0	78.6	78.6	sexM,sexP	sexM,sexP		
Absidia_corymbifera_NRRL_3177	Mucoromycota:MAT	scaffold_5399	589-1374	589-1374	withheld:modelled_gene_bar	withheld:modelled_gene_bar	undetermined	undetermined							hsp_fragment	hsp_fragment	6.6	6.6	0.0	44.0	44.0	sexM,sexP	sexM,sexP		
Absidia_corymbifera_NRRL_3177	Mucoromycota:MAT	scaffold_918	2180-2715	2180-2715	withheld:modelled_gene_bar	withheld:modelled_gene_bar	undetermined	undetermined							hsp_fragment	hsp_fragment	13.0	13.0	0.0	44.4	44.4	sexM,sexP	sexM,sexP		
Absidia_corymbifera_NRRL_3177	Mucoromycota:MAT	scaffold_1302	1797-2307	1797-2307	withheld:below_fraction_floor	withheld:below_fraction_floor	undetermined	undetermined							model	model	4.3	4.3	0.0	51.4	51.4	sexM,sexP	sexM,sexP		
Absidia_corymbifera_NRRL_3177	Mucoromycota:MAT	scaffold_12	63429-63988	63429-63988	withheld:below_fraction_floor	withheld:below_fraction_floor	undetermined	undetermined							model	model	21.1	21.1	0.0	78.6	78.6	sexM,sexP	sexM,sexP		
Absidia_corymbifera_NRRL_6232	Mucoromycota:MAT	scaffold_35	66199-103522	66199-103522	withheld:modelled_gene_bar	withheld:modelled_gene_bar	undetermined	undetermined							hsp_fragment	hsp_fragment	13.3	13.3	0.0	44.0	44.0	rnhA,sexM,sexP	rnhA,sexM,sexP		
Absidia_corymbifera_NRRL_6232	Mucoromycota:MAT	scaffold_104	23499-85331	23499-85331	withheld:modelled_gene_bar	withheld:modelled_gene_bar	undetermined	undetermined							hsp_fragment	hsp_fragment	3.9	3.9	0.0	44.0	44.0	algA,sexM,sexP,tptA	algA,sexM,sexP,tptA		
Absidia_corymbifera_NRRL_6232	Mucoromycota:MAT	scaffold_6	212944-257167	212944-257167	withheld:modelled_gene_bar	withheld:modelled_gene_bar	undetermined	undetermined							hsp_fragment	hsp_fragment	0.0	0.0	0.0	0.0	0.0	algA,rnhA,sexP	algA,rnhA,sexP		
Absidia_corymbifera_NRRL_6232	Mucoromycota:MAT	scaffold_91	16369-17833	16369-17833	withheld:modelled_gene_bar+polish_capped	withheld:modelled_gene_bar+polish_capped	undetermined	undetermined							hsp_fragment	hsp_fragment	2.0	2.0	0.0	37.8	37.8	sexM,sexP	sexM,sexP		
Absidia_corymbifera_NRRL_6232	Mucoromycota:MAT	scaffold_77	49353-82707	49353-82707	withheld:modelled_gene_bar+polish_capped	withheld:modelled_gene_bar+polish_capped	undetermined	undetermined							hsp_fragment	hsp_fragment	0.0	0.0	0.0	0.0	0.0	glrA,sexP	glrA,sexP		
Absidia_corymbifera_NRRL_6232	Mucoromycota:MAT	scaffold_1	372684-394486	372684-394486	withheld:modelled_gene_bar	withheld:modelled_gene_bar	undetermined	undetermined							hsp_fragment	hsp_fragment	0.0	0.0	0.0	0.0	0.0	algA,sexM	algA,sexM		
Absidia_corymbifera_NRRL_6232	Mucoromycota:MAT	scaffold_26	21312-42672	21312-42672	withheld:modelled_gene_bar+polish_capped	withheld:modelled_gene_bar+polish_capped	undetermined	undetermined							hsp_fragment	hsp_fragment	0.0	0.0	0.0	0.0	0.0	glrA,sexM	glrA,sexM		
Absidia_corymbifera_NRRL_6232	Mucoromycota:MAT	scaffold_18	287934-316168	287934-316168	withheld:modelled_gene_bar+polish_capped	withheld:modelled_gene_bar+polish_capped	undetermined	undetermined							hsp_fragment	hsp_fragment	1.0	1.0	0.0	1.0	1.0	rnhA,sexP	rnhA,sexP		
Absidia_corymbifera_NRRL_6232	Mucoromycota:MAT	scaffold_142	38832-39391	38832-39391	withheld:modelled_gene_bar+polish_capped	withheld:modelled_gene_bar+polish_capped	undetermined	undetermined							hsp_fragment	hsp_fragment	12.2	12.2	0.0	57.0	57.0	sexM,sexP	sexM,sexP		
Absidia_corymbifera_NRRL_6232	Mucoromycota:MAT	scaffold_24	220280-251712	220280-251712	withheld:modelled_gene_bar	withheld:modelled_gene_bar	undetermined	undetermined							model	model	23.1	23.1	0.0	37.5	37.5	rnhA,sexM	rnhA,sexM		
Absidia_corymbifera_NRRL_6232	Mucoromycota:MAT	scaffold_6	51809-82376	51809-82376	withheld:modelled_gene_bar+polish_capped	withheld:modelled_gene_bar+polish_capped	undetermined	undetermined							hsp_fragment	hsp_fragment	2.2	2.2	0.0	2.2	2.2	algA,sexP	algA,sexP		
Absidia_corymbifera_NRRL_6232	Mucoromycota:MAT	scaffold_73	27076-52107	27076-52107	withheld:modelled_gene_bar+polish_capped	withheld:modelled_gene_bar+polish_capped	undetermined	undetermined							hsp_fragment	hsp_fragment	0.0	0.0	0.0	0.0	0.0	glrA,sexM	glrA,sexM		
Absidia_corymbifera_NRRL_6232	Mucoromycota:MAT	scaffold_15	118355-123401	118355-123401	withheld:modelled_gene_bar	withheld:modelled_gene_bar	undetermined	undetermined							hsp_fragment	hsp_fragment	8.1	8.1	0.0	25.4	25.4	rnhA,sexP	rnhA,sexP		
Absidia_corymbifera_NRRL_6232	Mucoromycota:MAT	scaffold_42	9561-33211	9561-33211	withheld:modelled_gene_bar+polish_capped	withheld:modelled_gene_bar+polish_capped	undetermined	undetermined							hsp_fragment	hsp_fragment	0.0	0.0	0.0	0.0	0.0	rnhA,sexM	rnhA,sexM		
Absidia_corymbifera_NRRL_6232	Mucoromycota:MAT	scaffold_94	27164-37424	27164-37424	withheld:modelled_gene_bar+polish_capped	withheld:modelled_gene_bar+polish_capped	undetermined	undetermined							hsp_fragment	hsp_fragment	0.0	0.0	0.0	0.0	0.0	btbA,sexM	btbA,sexM		
Absidia_corymbifera_NRRL_6232	Mucoromycota:MAT	scaffold_1	372684-394486	372684-394486	withheld:below_fraction_floor	withheld:below_fraction_floor	undetermined	undetermined							hsp_fragment	hsp_fragment	0.0	0.0	0.0	0.0	0.0	algA,sexM	algA,sexM		
Absidia_corymbifera_NRRL_6232	Mucoromycota:MAT	scaffold_24	220280-251712	220280-251712	withheld:below_fraction_floor	withheld:below_fraction_floor	undetermined	undetermined							model	model	23.1	23.1	0.0	37.5	37.5	rnhA,sexM	rnhA,sexM		
Absidia_corymbifera_NRRL_6247	Mucoromycota:MAT	scaffold_48	126016-163339	126016-163339	withheld:modelled_gene_bar	withheld:modelled_gene_bar	undetermined	undetermined							hsp_fragment	hsp_fragment	13.3	13.3	0.0	44.0	44.0	rnhA,sexM,sexP	rnhA,sexM,sexP		
Absidia_corymbifera_NRRL_6247	Mucoromycota:MAT	scaffold_104	2230-64064	2230-64064	withheld:modelled_gene_bar	withheld:modelled_gene_bar	undetermined	undetermined							hsp_fragment	hsp_fragment	3.9	3.9	0.0	44.0	44.0	algA,sexM,sexP,tptA	algA,sexM,sexP,tptA		
Absidia_corymbifera_NRRL_6247	Mucoromycota:MAT	scaffold_96	86782-88246	86782-88246	withheld:modelled_gene_bar+polish_capped	withheld:modelled_gene_bar+polish_capped	undetermined	undetermined							hsp_fragment	hsp_fragment	2.0	2.0	0.0	37.8	37.8	sexM,sexP	sexM,sexP		
Absidia_corymbifera_NRRL_6247	Mucoromycota:MAT	scaffold_60	40742-74094	40742-74094	withheld:modelled_gene_bar+polish_capped	withheld:modelled_gene_bar+polish_capped	undetermined	undetermined							hsp_fragment	hsp_fragment	0.0	0.0	0.0	0.0	0.0	glrA,sexP	glrA,sexP		
Absidia_corymbifera_NRRL_6247	Mucoromycota:MAT	scaffold_1	372676-394478	372676-394478	withheld:modelled_gene_bar	withheld:modelled_gene_bar	undetermined	undetermined							hsp_fragment	hsp_fragment	0.0	0.0	0.0	0.0	0.0	algA,sexM	algA,sexM		
Absidia_corymbifera_NRRL_6247	Mucoromycota:MAT	scaffold_13	16093-44327	16093-44327	withheld:modelled_gene_bar+polish_capped	withheld:modelled_gene_bar+polish_capped	undetermined	undetermined							hsp_fragment	hsp_fragment	1.0	1.0	0.0	1.0	1.0	rnhA,sexP	rnhA,sexP		
Absidia_corymbifera_NRRL_6247	Mucoromycota:MAT	scaffold_143	38832-39391	38832-39391	withheld:modelled_gene_bar+polish_capped	withheld:modelled_gene_bar+polish_capped	undetermined	undetermined							hsp_fragment	hsp_fragment	12.2	12.2	0.0	57.0	57.0	sexM,sexP	sexM,sexP		
Absidia_corymbifera_NRRL_6247	Mucoromycota:MAT	scaffold_20	93993-125425	93993-125425	withheld:modelled_gene_bar	withheld:modelled_gene_bar	undetermined	undetermined							model	model	23.1	23.1	0.0	37.5	37.5	rnhA,sexM	rnhA,sexM		
Absidia_corymbifera_NRRL_6247	Mucoromycota:MAT	scaffold_35	23843-36574	23843-36574	withheld:modelled_gene_bar+polish_capped	withheld:modelled_gene_bar+polish_capped	undetermined	undetermined							hsp_fragment	hsp_fragment	0.0	0.0	0.0	0.0	0.0	algA,sexP	algA,sexP		
Absidia_corymbifera_NRRL_6247	Mucoromycota:MAT	scaffold_35	167145-197712	167145-197712	withheld:modelled_gene_bar+polish_capped	withheld:modelled_gene_bar+polish_capped	undetermined	undetermined							hsp_fragment	hsp_fragment	2.2	2.2	0.0	2.2	2.2	algA,sexP	algA,sexP		
Absidia_corymbifera_NRRL_6247	Mucoromycota:MAT	scaffold_73	27623-52654	27623-52654	withheld:modelled_gene_bar+polish_capped	withheld:modelled_gene_bar+polish_capped	undetermined	undetermined							hsp_fragment	hsp_fragment	0.0	0.0	0.0	0.0	0.0	glrA,sexM	glrA,sexM		
Absidia_corymbifera_NRRL_6247	Mucoromycota:MAT	scaffold_55	118355-123401	118355-123401	withheld:modelled_gene_bar	withheld:modelled_gene_bar	undetermined	undetermined							hsp_fragment	hsp_fragment	8.1	8.1	0.0	25.4	25.4	rnhA,sexP	rnhA,sexP		
Absidia_corymbifera_NRRL_6247	Mucoromycota:MAT	scaffold_27	100106-123756	100106-123756	withheld:modelled_gene_bar+polish_capped	withheld:modelled_gene_bar+polish_capped	undetermined	undetermined							hsp_fragment	hsp_fragment	0.0	0.0	0.0	0.0	0.0	rnhA,sexM	rnhA,sexM		
Absidia_corymbifera_NRRL_6247	Mucoromycota:MAT	scaffold_97	27164-37424	27164-37424	withheld:modelled_gene_bar	withheld:modelled_gene_bar	undetermined	undetermined							hsp_fragment	hsp_fragment	0.0	0.0	0.0	0.0	0.0	btbA,sexM	btbA,sexM		
Absidia_corymbifera_NRRL_6247	Mucoromycota:MAT	scaffold_1	372676-394478	372676-394478	withheld:below_fraction_floor	withheld:below_fraction_floor	undetermined	undetermined							hsp_fragment	hsp_fragment	0.0	0.0	0.0	0.0	0.0	algA,sexM	algA,sexM		
Absidia_corymbifera_NRRL_6247	Mucoromycota:MAT	scaffold_20	93993-125425	93993-125425	withheld:below_fraction_floor	withheld:below_fraction_floor	undetermined	undetermined							model	model	23.1	23.1	0.0	37.5	37.5	rnhA,sexM	rnhA,sexM		
Absidia_corymbifera_NRRL_6248	Mucoromycota:MAT	scaffold_122	2372-63762	2372-63762	withheld:modelled_gene_bar	withheld:modelled_gene_bar	undetermined	undetermined							model	model	12.8	12.8	0.0	79.9	79.9	sexM,sexP,tptA	sexM,sexP,tptA		
Absidia_corymbifera_NRRL_6248	Mucoromycota:MAT	scaffold_4	3772-48349	3772-48349	withheld:modelled_gene_bar	withheld:modelled_gene_bar	undetermined	undetermined							hsp_fragment	hsp_fragment	0.9	0.9	0.0	19.2	19.2	sexP,tptA	sexP,tptA		
Absidia_corymbifera_NRRL_6248	Mucoromycota:MAT	scaffold_4	103612-105132	103612-105132	withheld:modelled_gene_bar+polish_capped	withheld:modelled_gene_bar+polish_capped	undetermined	undetermined							hsp_fragment	hsp_fragment	4.2	4.2	0.0	37.4	37.4	sexM,sexP	sexM,sexP		
Absidia_corymbifera_NRRL_6248	Mucoromycota:MAT	scaffold_448	2162-2723	2162-2723	withheld:modelled_gene_bar+polish_capped	withheld:modelled_gene_bar+polish_capped	undetermined	undetermined							hsp_fragment	hsp_fragment	3.9	3.9	0.0	36.5	36.5	sexM,sexP	sexM,sexP		
Absidia_corymbifera_NRRL_6248	Mucoromycota:MAT	scaffold_314	28958-29967	28958-29967	withheld:modelled_gene_bar	withheld:modelled_gene_bar	undetermined	undetermined							hsp_fragment	hsp_fragment	4.3	4.3	0.0	39.5	39.5	sexM,sexP	sexM,sexP		
Absidia_corymbifera_NRRL_6248	Mucoromycota:MAT	scaffold_41	5203-22310	5203-22310	withheld:modelled_gene_bar+polish_capped	withheld:modelled_gene_bar+polish_capped	undetermined	undetermined							hsp_fragment	hsp_fragment	8.7	8.7	0.0	24.7	24.7	rnhA,sexP	rnhA,sexP		
Absidia_corymbifera_NRRL_6248	Mucoromycota:MAT	scaffold_80	5701-10860	5701-10860	withheld:modelled_gene_bar	withheld:modelled_gene_bar	undetermined	undetermined							hsp_fragment	hsp_fragment	0.8	0.8	0.0	0.8	0.8	sexM,sexP	sexM,sexP		
Absidia_corymbifera_NRRL_6248	Mucoromycota:MAT	scaffold_7	62612-98698	62612-98698	withheld:modelled_gene_bar+polish_capped	withheld:modelled_gene_bar+polish_capped	undetermined	undetermined							hsp_fragment	hsp_fragment	2.8	2.8	0.0	2.8	2.8	sexM,tptA	sexM,tptA		
Absidia_corymbifera_NRRL_6248	Mucoromycota:MAT	scaffold_146	35583-68098	35583-68098	withheld:modelled_gene_bar	withheld:modelled_gene_bar	undetermined	undetermined							hsp_fragment	hsp_fragment	0.0	0.0	0.0	0.0	0.0	sexM,tptA	sexM,tptA		
Absidia_corymbifera_NRRL_6248	Mucoromycota:MAT	scaffold_579	1845-7782	1845-7782	withheld:modelled_gene_bar+polish_capped	withheld:modelled_gene_bar+polish_capped	undetermined	undetermined							hsp_fragment	hsp_fragment	1.1	1.1	0.0	1.1	1.1	sexM,tptA	sexM,tptA		
Absidia_corymbifera_NRRL_6248	Mucoromycota:MAT	scaffold_483	3138-7960	3138-7960	withheld:modelled_gene_bar+polish_capped	withheld:modelled_gene_bar+polish_capped	undetermined	undetermined							hsp_fragment	hsp_fragment	0.0	0.0	0.0	0.0	0.0	sexP,tptA	sexP,tptA		
Absidia_corymbifera_NRRL_6248	Mucoromycota:MAT	scaffold_32	64948-91795	64948-91795	withheld:modelled_gene_bar	withheld:modelled_gene_bar	undetermined	undetermined							hsp_fragment	hsp_fragment	6.9	6.9	0.0	6.9	6.9	algA,sexM	algA,sexM		
Absidia_corymbifera_NRRL_6250	Mucoromycota:MAT	scaffold_111	12338-73850	12338-73850	withheld:modelled_gene_bar	withheld:modelled_gene_bar	undetermined	undetermined							model	model	12.8	12.8	0.0	79.9	79.9	sexM,sexP,tptA	sexM,sexP,tptA		
Absidia_corymbifera_NRRL_6250	Mucoromycota:MAT	scaffold_77	30021-31541	30021-31541	withheld:modelled_gene_bar+polish_capped	withheld:modelled_gene_bar+polish_capped	undetermined	undetermined							hsp_fragment	hsp_fragment	4.2	4.2	0.0	37.4	37.4	sexM,sexP	sexM,sexP		
Absidia_corymbifera_NRRL_6250	Mucoromycota:MAT	scaffold_557	2162-2723	2162-2723	withheld:modelled_gene_bar	withheld:modelled_gene_bar	undetermined	undetermined							hsp_fragment	hsp_fragment	3.9	3.9	0.0	36.5	36.5	sexM,sexP	sexM,sexP		
Absidia_corymbifera_NRRL_6250	Mucoromycota:MAT	scaffold_308	28958-29967	28958-29967	withheld:modelled_gene_bar	withheld:modelled_gene_bar	undetermined	undetermined							hsp_fragment	hsp_fragment	4.3	4.3	0.0	39.5	39.5	sexM,sexP	sexM,sexP		
Absidia_corymbifera_NRRL_6250	Mucoromycota:MAT	scaffold_33	6390-23497	6390-23497	withheld:modelled_gene_bar+polish_capped	withheld:modelled_gene_bar+polish_capped	undetermined	undetermined							hsp_fragment	hsp_fragment	8.7	8.7	0.0	24.7	24.7	rnhA,sexP	rnhA,sexP		
Absidia_corymbifera_NRRL_6250	Mucoromycota:MAT	scaffold_74	79893-85052	79893-85052	withheld:modelled_gene_bar	withheld:modelled_gene_bar	undetermined	undetermined							hsp_fragment	hsp_fragment	0.8	0.8	0.0	0.8	0.8	sexM,sexP	sexM,sexP		
Absidia_corymbifera_NRRL_6250	Mucoromycota:MAT	scaffold_8	62351-98437	62351-98437	withheld:modelled_gene_bar+polish_capped	withheld:modelled_gene_bar+polish_capped	undetermined	undetermined							hsp_fragment	hsp_fragment	2.8	2.8	0.0	2.8	2.8	sexM,tptA	sexM,tptA		
Absidia_corymbifera_NRRL_6250	Mucoromycota:MAT	scaffold_306	28404-34341	28404-34341	withheld:modelled_gene_bar+polish_capped	withheld:modelled_gene_bar+polish_capped	undetermined	undetermined							hsp_fragment	hsp_fragment	1.1	1.1	0.0	1.1	1.1	sexM,tptA	sexM,tptA		
Absidia_corymbifera_NRRL_6250	Mucoromycota:MAT	scaffold_490	19530-24353	19530-24353	withheld:modelled_gene_bar	withheld:modelled_gene_bar	undetermined	undetermined							hsp_fragment	hsp_fragment	0.0	0.0	0.0	0.0	0.0	sexP,tptA	sexP,tptA		
Absidia_corymbifera_NRRL_6250	Mucoromycota:MAT	scaffold_29	26148-52995	26148-52995	withheld:modelled_gene_bar	withheld:modelled_gene_bar	undetermined	undetermined							hsp_fragment	hsp_fragment	6.9	6.9	0.0	6.9	6.9	algA,sexM	algA,sexM		
Absidia_corymbifera_NRRL_A-13288	Mucoromycota:MAT	scaffold_22	269277-306599	269277-306599	withheld:modelled_gene_bar	withheld:modelled_gene_bar	undetermined	undetermined							hsp_fragment	hsp_fragment	13.3	13.3	0.0	44.0	44.0	rnhA,sexM,sexP	rnhA,sexM,sexP		
Absidia_corymbifera_NRRL_A-13288	Mucoromycota:MAT	scaffold_7	198266-242488	198266-242488	withheld:modelled_gene_bar	withheld:modelled_gene_bar	undetermined	undetermined							hsp_fragment	hsp_fragment	0.0	0.0	0.0	0.0	0.0	algA,rnhA,sexM,sexP	algA,rnhA,sexM,sexP		
Absidia_corymbifera_NRRL_A-13288	Mucoromycota:MAT	scaffold_11	324270-353724	324270-353724	withheld:modelled_gene_bar+polish_capped	withheld:modelled_gene_bar+polish_capped	undetermined	undetermined							hsp_fragment	hsp_fragment	0.0	0.0	0.0	0.0	0.0	rnhA,sexP	rnhA,sexP		
Absidia_corymbifera_NRRL_A-13288	Mucoromycota:MAT	scaffold_6	421553-453337	421553-453337	withheld:modelled_gene_bar+polish_capped	withheld:modelled_gene_bar+polish_capped	undetermined	undetermined							hsp_fragment	hsp_fragment	0.0	0.0	0.0	0.0	0.0	algA,sexP	algA,sexP		
Absidia_corymbifera_NRRL_A-13288	Mucoromycota:MAT	scaffold_1	837974-859776	837974-859776	withheld:modelled_gene_bar	withheld:modelled_gene_bar	undetermined	undetermined							hsp_fragment	hsp_fragment	0.0	0.0	0.0	0.0	0.0	algA,sexM	algA,sexM		
Absidia_corymbifera_NRRL_A-13288	Mucoromycota:MAT	scaffold_43	146835-173203	146835-173203	withheld:modelled_gene_bar+polish_capped	withheld:modelled_gene_bar+polish_capped	undetermined	undetermined							hsp_fragment	hsp_fragment	3.1	3.1	0.0	3.1	3.1	rnhA,sexM	rnhA,sexM		
Absidia_corymbifera_NRRL_A-13288	Mucoromycota:MAT	scaffold_15	289357-317591	289357-317591	withheld:modelled_gene_bar+polish_capped	withheld:modelled_gene_bar+polish_capped	undetermined	undetermined							hsp_fragment	hsp_fragment	1.0	1.0	0.0	1.0	1.0	rnhA,sexP	rnhA,sexP		
Absidia_corymbifera_NRRL_A-13288	Mucoromycota:MAT	scaffold_16	190553-215690	190553-215690	withheld:modelled_gene_bar	withheld:modelled_gene_bar	undetermined	undetermined							model	model	20.0	20.0	0.0	35.6	35.6	sexM,sexP	sexM,sexP		
Absidia_corymbifera_NRRL_A-13288	Mucoromycota:MAT	scaffold_20	93996-125425	93996-125425	withheld:modelled_gene_bar+polish_capped	withheld:modelled_gene_bar+polish_capped	undetermined	undetermined							hsp_fragment	hsp_fragment	23.4	23.4	0.0	37.4	37.4	rnhA,sexM	rnhA,sexM		
Absidia_corymbifera_NRRL_A-13288	Mucoromycota:MAT	scaffold_53	107097-143428	107097-143428	withheld:modelled_gene_bar+polish_capped	withheld:modelled_gene_bar+polish_capped	undetermined	undetermined							hsp_fragment	hsp_fragment	1.1	1.1	0.0	2.4	2.4	btbA,sexM	btbA,sexM		
Absidia_corymbifera_NRRL_A-13288	Mucoromycota:MAT	scaffold_40	190090-193577	190090-193577	withheld:modelled_gene_bar+polish_capped	withheld:modelled_gene_bar+polish_capped	undetermined	undetermined							hsp_fragment	hsp_fragment	0.0	0.0	0.0	0.0	0.0	rnhA,sexM	rnhA,sexM		
Absidia_corymbifera_NRRL_A-13288	Mucoromycota:MAT	scaffold_7	37132-67699	37132-67699	withheld:modelled_gene_bar+polish_capped	withheld:modelled_gene_bar+polish_capped	undetermined	undetermined							hsp_fragment	hsp_fragment	2.2	2.2	0.0	2.2	2.2	algA,sexP	algA,sexP		
Absidia_corymbifera_NRRL_A-13288	Mucoromycota:MAT	scaffold_23	177420-201070	177420-201070	withheld:modelled_gene_bar+polish_capped	withheld:modelled_gene_bar+polish_capped	undetermined	undetermined							hsp_fragment	hsp_fragment	0.0	0.0	0.0	0.0	0.0	rnhA,sexM	rnhA,sexM		
Absidia_corymbifera_NRRL_A-13288	Mucoromycota:MAT	scaffold_45	187024-189648	187024-189648	withheld:modelled_gene_bar+polish_capped	withheld:modelled_gene_bar+polish_capped	undetermined	undetermined							hsp_fragment	hsp_fragment	9.9	9.9	0.0	24.7	24.7	sexM,sexP	sexM,sexP		
Absidia_corymbifera_NRRL_A-13288	Mucoromycota:MAT	scaffold_25	162786-167832	162786-167832	withheld:modelled_gene_bar	withheld:modelled_gene_bar	undetermined	undetermined							hsp_fragment	hsp_fragment	8.1	8.1	0.0	25.4	25.4	rnhA,sexP	rnhA,sexP		
Absidia_corymbifera_NRRL_A-13288	Mucoromycota:MAT	scaffold_42	76544-99012	76544-99012	withheld:modelled_gene_bar+polish_capped	withheld:modelled_gene_bar+polish_capped	undetermined	undetermined							hsp_fragment	hsp_fragment	0.0	0.0	0.0	0.0	0.0	rnhA,sexM	rnhA,sexM		
Absidia_corymbifera_NRRL_A-13288	Mucoromycota:MAT	scaffold_56	37235-55766	37235-55766	withheld:modelled_gene_bar	withheld:modelled_gene_bar	undetermined	undetermined							hsp_fragment	hsp_fragment	0.9	0.9	0.0	0.9	0.9	btbA,sexM	btbA,sexM		
Absidia_corymbifera_NRRL_A-13288	Mucoromycota:MAT	scaffold_19	189493-197978	189493-197978	withheld:modelled_gene_bar+polish_capped	withheld:modelled_gene_bar+polish_capped	undetermined	undetermined							hsp_fragment	hsp_fragment	0.0	0.0	0.0	0.0	0.0	sexP,tptA	sexP,tptA		
Absidia_corymbifera_NRRL_A-13288	Mucoromycota:MAT	scaffold_1	837974-859776	837974-859776	withheld:below_fraction_floor	withheld:below_fraction_floor	undetermined	undetermined							hsp_fragment	hsp_fragment	0.0	0.0	0.0	0.0	0.0	algA,sexM	algA,sexM		
Absidia_corymbifera_NRRL_A-13288	Mucoromycota:MAT	scaffold_16	190553-215690	190553-215690	withheld:below_fraction_floor	withheld:below_fraction_floor	undetermined	undetermined							model	model	20.0	20.0	0.0	35.6	35.6	sexM,sexP	sexM,sexP		
Absidia_corymbifera_NRRL_A-13288	Mucoromycota:MAT	scaffold_56	37235-55766	37235-55766	withheld:below_fraction_floor	withheld:below_fraction_floor	undetermined	undetermined							hsp_fragment	hsp_fragment	0.9	0.9	0.0	0.9	0.9	btbA,sexM	btbA,sexM		
Absidia_corymbifera_NRRL_A-13636	Mucoromycota:MAT	scaffold_121	12729-74241	12729-74241	withheld:modelled_gene_bar	withheld:modelled_gene_bar	undetermined	undetermined							model	model	12.8	12.8	0.0	79.9	79.9	sexM,sexP,tptA	sexM,sexP,tptA		
Absidia_corymbifera_NRRL_A-13636	Mucoromycota:MAT	scaffold_84	57977-59497	57977-59497	withheld:modelled_gene_bar+polish_capped	withheld:modelled_gene_bar+polish_capped	undetermined	undetermined							hsp_fragment	hsp_fragment	4.2	4.2	0.0	37.4	37.4	sexM,sexP	sexM,sexP		
Absidia_corymbifera_NRRL_A-13636	Mucoromycota:MAT	scaffold_547	18164-18725	18164-18725	withheld:modelled_gene_bar	withheld:modelled_gene_bar	undetermined	undetermined							hsp_fragment	hsp_fragment	3.9	3.9	0.0	36.5	36.5	sexM,sexP	sexM,sexP		
Absidia_corymbifera_NRRL_A-13636	Mucoromycota:MAT	scaffold_314	14523-15532	14523-15532	withheld:modelled_gene_bar	withheld:modelled_gene_bar	undetermined	undetermined							hsp_fragment	hsp_fragment	4.3	4.3	0.0	39.5	39.5	sexM,sexP	sexM,sexP		
Absidia_corymbifera_NRRL_A-13636	Mucoromycota:MAT	scaffold_43	6391-23498	6391-23498	withheld:modelled_gene_bar+polish_capped	withheld:modelled_gene_bar+polish_capped	undetermined	undetermined							hsp_fragment	hsp_fragment	8.7	8.7	0.0	24.7	24.7	rnhA,sexP	rnhA,sexP		
Absidia_corymbifera_NRRL_A-13636	Mucoromycota:MAT	scaffold_81	79894-85053	79894-85053	withheld:modelled_gene_bar	withheld:modelled_gene_bar	undetermined	undetermined							hsp_fragment	hsp_fragment	0.8	0.8	0.0	0.8	0.8	sexM,sexP	sexM,sexP		
Absidia_corymbifera_NRRL_A-13636	Mucoromycota:MAT	scaffold_8	55365-91451	55365-91451	withheld:modelled_gene_bar+polish_capped	withheld:modelled_gene_bar+polish_capped	undetermined	undetermined							hsp_fragment	hsp_fragment	2.8	2.8	0.0	2.8	2.8	sexM,tptA	sexM,tptA		
Absidia_corymbifera_NRRL_A-13636	Mucoromycota:MAT	scaffold_313	28381-34318	28381-34318	withheld:modelled_gene_bar+polish_capped	withheld:modelled_gene_bar+polish_capped	undetermined	undetermined							hsp_fragment	hsp_fragment	1.1	1.1	0.0	1.1	1.1	sexM,tptA	sexM,tptA		
Absidia_corymbifera_NRRL_A-13636	Mucoromycota:MAT	scaffold_482	3138-7961	3138-7961	withheld:modelled_gene_bar	withheld:modelled_gene_bar	undetermined	undetermined							hsp_fragment	hsp_fragment	0.0	0.0	0.0	0.0	0.0	sexP,tptA	sexP,tptA		
Absidia_corymbifera_NRRL_A-13636	Mucoromycota:MAT	scaffold_38	64638-91485	64638-91485	withheld:modelled_gene_bar	withheld:modelled_gene_bar	undetermined	undetermined							hsp_fragment	hsp_fragment	6.9	6.9	0.0	6.9	6.9	algA,sexM	algA,sexM		
Absidia_corymbifera_NRRL_A-14689	Mucoromycota:MAT	scaffold_48	18958-56280	18958-56280	withheld:modelled_gene_bar	withheld:modelled_gene_bar	undetermined	undetermined							hsp_fragment	hsp_fragment	16.1	16.1	0.0	46.5	46.5	rnhA,sexM,sexP	rnhA,sexM,sexP		
Absidia_corymbifera_NRRL_A-14689	Mucoromycota:MAT	scaffold_36	62015-102204	62015-102204	withheld:modelled_gene_bar	withheld:modelled_gene_bar	undetermined	undetermined							model	model	6.4	6.4	0.0	52.2	52.2	sexM,sexP,tptA	sexM,sexP,tptA		
Absidia_corymbifera_NRRL_A-14689	Mucoromycota:MAT	scaffold_92	16777-18237	16777-18237	withheld:modelled_gene_bar	withheld:modelled_gene_bar	undetermined	undetermined							hsp_fragment	hsp_fragment	2.0	2.0	0.0	37.8	37.8	sexM,sexP	sexM,sexP		
Absidia_corymbifera_NRRL_A-14689	Mucoromycota:MAT	scaffold_54	50313-56438	50313-56438	withheld:modelled_gene_bar	withheld:modelled_gene_bar	undetermined	undetermined							hsp_fragment	hsp_fragment	0.0	0.0	0.0	0.0	0.0	rnhA,sexP	rnhA,sexP		
Absidia_corymbifera_NRRL_A-14689	Mucoromycota:MAT	scaffold_1	210324-231385	210324-231385	withheld:modelled_gene_bar+polish_capped	withheld:modelled_gene_bar+polish_capped	undetermined	undetermined							hsp_fragment	hsp_fragment	0.0	0.0	0.0	0.0	0.0	glrA,sexM	glrA,sexM		
Absidia_corymbifera_NRRL_A-14689	Mucoromycota:MAT	scaffold_77	85625-113383	85625-113383	withheld:modelled_gene_bar	withheld:modelled_gene_bar	undetermined	undetermined							hsp_fragment	hsp_fragment	1.0	1.0	0.0	1.0	1.0	rnhA,sexP	rnhA,sexP		
Absidia_corymbifera_NRRL_A-14689	Mucoromycota:MAT	scaffold_32	188536-240736	188536-240736	withheld:modelled_gene_bar	withheld:modelled_gene_bar	undetermined	undetermined							hsp_fragment	hsp_fragment	0.6	0.6	0.0	2.0	2.0	btbA,rnhA,sexM	btbA,rnhA,sexM		
Absidia_corymbifera_NRRL_A-14689	Mucoromycota:MAT	scaffold_146	38827-39338	38827-39338	withheld:modelled_gene_bar+polish_capped	withheld:modelled_gene_bar+polish_capped	undetermined	undetermined							hsp_fragment	hsp_fragment	13.8	13.8	0.0	58.7	58.7	sexM,sexP	sexM,sexP		
Absidia_corymbifera_NRRL_A-14689	Mucoromycota:MAT	scaffold_5	483565-488898	483565-488898	withheld:modelled_gene_bar+polish_capped	withheld:modelled_gene_bar+polish_capped	undetermined	undetermined							hsp_fragment	hsp_fragment	0.5	0.5	0.0	0.5	0.5	sexM,sexP	sexM,sexP		
Absidia_corymbifera_NRRL_A-14689	Mucoromycota:MAT	scaffold_43	75708-82701	75708-82701	withheld:modelled_gene_bar+polish_capped	withheld:modelled_gene_bar+polish_capped	undetermined	undetermined							hsp_fragment	hsp_fragment	0.0	0.0	0.0	0.0	0.0	sexM,sexP	sexM,sexP		
Absidia_corymbifera_NRRL_A-14689	Mucoromycota:MAT	scaffold_38	68362-136451	68362-136451	withheld:modelled_gene_bar+polish_capped	withheld:modelled_gene_bar+polish_capped	undetermined	undetermined							hsp_fragment	hsp_fragment	0.7	0.7	0.0	0.7	0.7	sexM,tptA	sexM,tptA		
Absidia_corymbifera_NRRL_A-14836	Mucoromycota:MAT	scaffold_129	12336-73844	12336-73844	withheld:modelled_gene_bar	withheld:modelled_gene_bar	undetermined	undetermined							model	model	12.8	12.8	0.0	79.9	79.9	sexM,sexP,tptA	sexM,sexP,tptA		
Absidia_corymbifera_NRRL_A-14836	Mucoromycota:MAT	scaffold_3	77506-79026	77506-79026	withheld:modelled_gene_bar+polish_capped	withheld:modelled_gene_bar+polish_capped	undetermined	undetermined							hsp_fragment	hsp_fragment	4.2	4.2	0.0	37.4	37.4	sexM,sexP	sexM,sexP		
Absidia_corymbifera_NRRL_A-14836	Mucoromycota:MAT	scaffold_3	134292-178867	134292-178867	withheld:modelled_gene_bar	withheld:modelled_gene_bar	undetermined	undetermined							hsp_fragment	hsp_fragment	0.9	0.9	0.0	19.2	19.2	sexP,tptA	sexP,tptA		
Absidia_corymbifera_NRRL_A-14836	Mucoromycota:MAT	scaffold_535	17524-18085	17524-18085	withheld:modelled_gene_bar+polish_capped	withheld:modelled_gene_bar+polish_capped	undetermined	undetermined							hsp_fragment	hsp_fragment	3.9	3.9	0.0	36.5	36.5	sexM,sexP	sexM,sexP		
Absidia_corymbifera_NRRL_A-14836	Mucoromycota:MAT	scaffold_437	14570-15579	14570-15579	withheld:modelled_gene_bar	withheld:modelled_gene_bar	undetermined	undetermined							hsp_fragment	hsp_fragment	4.3	4.3	0.0	39.5	39.5	sexM,sexP	sexM,sexP		
Absidia_corymbifera_NRRL_A-14836	Mucoromycota:MAT	scaffold_41	6323-23430	6323-23430	withheld:modelled_gene_bar+polish_capped	withheld:modelled_gene_bar+polish_capped	undetermined	undetermined							hsp_fragment	hsp_fragment	8.7	8.7	0.0	24.7	24.7	rnhA,sexP	rnhA,sexP		
Absidia_corymbifera_NRRL_A-14836	Mucoromycota:MAT	scaffold_84	79896-85055	79896-85055	withheld:modelled_gene_bar	withheld:modelled_gene_bar	undetermined	undetermined							hsp_fragment	hsp_fragment	0.8	0.8	0.0	0.8	0.8	sexM,sexP	sexM,sexP		
Absidia_corymbifera_NRRL_A-14836	Mucoromycota:MAT	scaffold_39	30563-39299	30563-39299	withheld:modelled_gene_bar+polish_capped	withheld:modelled_gene_bar+polish_capped	undetermined	undetermined							hsp_fragment	hsp_fragment	0.6	0.6	0.0	0.6	0.6	sexM,tptA	sexM,tptA		
Absidia_corymbifera_NRRL_A-14836	Mucoromycota:MAT	scaffold_9	55053-91139	55053-91139	withheld:modelled_gene_bar+polish_capped	withheld:modelled_gene_bar+polish_capped	undetermined	undetermined							hsp_fragment	hsp_fragment	2.8	2.8	0.0	2.8	2.8	sexM,tptA	sexM,tptA		
Absidia_corymbifera_NRRL_A-14836	Mucoromycota:MAT	scaffold_310	28381-34318	28381-34318	withheld:modelled_gene_bar+polish_capped	withheld:modelled_gene_bar+polish_capped	undetermined	undetermined							hsp_fragment	hsp_fragment	1.1	1.1	0.0	1.1	1.1	sexM,tptA	sexM,tptA		
Absidia_corymbifera_NRRL_A-14836	Mucoromycota:MAT	scaffold_472	3138-7961	3138-7961	withheld:modelled_gene_bar	withheld:modelled_gene_bar	undetermined	undetermined							hsp_fragment	hsp_fragment	0.0	0.0	0.0	0.0	0.0	sexP,tptA	sexP,tptA		
Absidia_corymbifera_NRRL_A-14836	Mucoromycota:MAT	scaffold_33	64638-91485	64638-91485	withheld:modelled_gene_bar	withheld:modelled_gene_bar	undetermined	undetermined							hsp_fragment	hsp_fragment	6.9	6.9	0.0	6.9	6.9	algA,sexM	algA,sexM		
Absidia_corymbifera_NRRL_A-18864	Mucoromycota:MAT	scaffold_135	2372-63882	2372-63882	withheld:modelled_gene_bar	withheld:modelled_gene_bar	undetermined	undetermined							model	model	12.8	12.8	0.0	79.9	79.9	sexM,sexP,tptA	sexM,sexP,tptA		
Absidia_corymbifera_NRRL_A-18864	Mucoromycota:MAT	scaffold_18	57985-59505	57985-59505	withheld:modelled_gene_bar+polish_capped	withheld:modelled_gene_bar+polish_capped	undetermined	undetermined							hsp_fragment	hsp_fragment	4.2	4.2	0.0	37.4	37.4	sexM,sexP	sexM,sexP		
Absidia_corymbifera_NRRL_A-18864	Mucoromycota:MAT	scaffold_528	2162-2723	2162-2723	withheld:modelled_gene_bar+polish_capped	withheld:modelled_gene_bar+polish_capped	undetermined	undetermined							hsp_fragment	hsp_fragment	3.9	3.9	0.0	36.5	36.5	sexM,sexP	sexM,sexP		
Absidia_corymbifera_NRRL_A-18864	Mucoromycota:MAT	scaffold_312	28959-29968	28959-29968	withheld:modelled_gene_bar	withheld:modelled_gene_bar	undetermined	undetermined							hsp_fragment	hsp_fragment	4.3	4.3	0.0	39.5	39.5	sexM,sexP	sexM,sexP		
Absidia_corymbifera_NRRL_A-18864	Mucoromycota:MAT	scaffold_47	6388-23495	6388-23495	withheld:modelled_gene_bar+polish_capped	withheld:modelled_gene_bar+polish_capped	undetermined	undetermined							hsp_fragment	hsp_fragment	8.7	8.7	0.0	24.7	24.7	rnhA,sexP	rnhA,sexP		
Absidia_corymbifera_NRRL_A-18864	Mucoromycota:MAT	scaffold_410	5701-10860	5701-10860	withheld:modelled_gene_bar	withheld:modelled_gene_bar	undetermined	undetermined							hsp_fragment	hsp_fragment	0.8	0.8	0.0	0.8	0.8	sexM,sexP	sexM,sexP		
Absidia_corymbifera_NRRL_A-18864	Mucoromycota:MAT	scaffold_9	62603-98689	62603-98689	withheld:modelled_gene_bar+polish_capped	withheld:modelled_gene_bar+polish_capped	undetermined	undetermined							hsp_fragment	hsp_fragment	2.8	2.8	0.0	2.8	2.8	sexM,tptA	sexM,tptA		
Absidia_corymbifera_NRRL_A-18864	Mucoromycota:MAT	scaffold_145	36113-68628	36113-68628	withheld:modelled_gene_bar	withheld:modelled_gene_bar	undetermined	undetermined							hsp_fragment	hsp_fragment	0.0	0.0	0.0	0.0	0.0	sexM,tptA	sexM,tptA		
Absidia_corymbifera_NRRL_A-18864	Mucoromycota:MAT	scaffold_310	10285-16222	10285-16222	withheld:modelled_gene_bar+polish_capped	withheld:modelled_gene_bar+polish_capped	undetermined	undetermined							hsp_fragment	hsp_fragment	1.1	1.1	0.0	1.1	1.1	sexM,tptA	sexM,tptA		
Absidia_corymbifera_NRRL_A-18864	Mucoromycota:MAT	scaffold_466	3138-7960	3138-7960	withheld:modelled_gene_bar	withheld:modelled_gene_bar	undetermined	undetermined							hsp_fragment	hsp_fragment	0.0	0.0	0.0	0.0	0.0	sexP,tptA	sexP,tptA		
Absidia_corymbifera_NRRL_A-18864	Mucoromycota:MAT	scaffold_41	64943-91807	64943-91807	withheld:modelled_gene_bar	withheld:modelled_gene_bar	undetermined	undetermined							hsp_fragment	hsp_fragment	6.9	6.9	0.0	6.9	6.9	algA,sexM	algA,sexM		
Absidia_corymbifera_NRRL_A-23566	Mucoromycota:MAT	scaffold_154	12857-67462	12857-67462	withheld:modelled_gene_bar	withheld:modelled_gene_bar	undetermined	undetermined							model	model	12.8	12.8	0.0	79.9	79.9	sexM,sexP,tptA	sexM,sexP,tptA		
Absidia_corymbifera_NRRL_A-23566	Mucoromycota:MAT	scaffold_105	20154-33684	20154-33684	withheld:modelled_gene_bar	withheld:modelled_gene_bar	undetermined	undetermined							hsp_fragment	hsp_fragment	4.3	4.3	0.0	39.5	39.5	sexM,sexP,tptA	sexM,sexP,tptA		
Absidia_corymbifera_NRRL_A-23566	Mucoromycota:MAT	scaffold_179	62637-63132	62637-63132	withheld:modelled_gene_bar+polish_capped	withheld:modelled_gene_bar+polish_capped	undetermined	undetermined							hsp_fragment	hsp_fragment	14.6	14.6	0.0	56.5	56.5	sexM,sexP	sexM,sexP		
Absidia_corymbifera_NRRL_A-23566	Mucoromycota:MAT	scaffold_115	25957-35389	25957-35389	withheld:modelled_gene_bar+polish_capped	withheld:modelled_gene_bar+polish_capped	undetermined	undetermined							hsp_fragment	hsp_fragment	3.5	3.5	0.0	3.5	3.5	sexM,sexP	sexM,sexP		
Absidia_corymbifera_NRRL_A-23566	Mucoromycota:MAT	scaffold_234	34298-51384	34298-51384	withheld:modelled_gene_bar+polish_capped	withheld:modelled_gene_bar+polish_capped	undetermined	undetermined							hsp_fragment	hsp_fragment	10.3	10.3	0.0	25.1	25.1	rnhA,sexP	rnhA,sexP		
Absidia_corymbifera_NRRL_A-23566	Mucoromycota:MAT	scaffold_22	114274-163332	114274-163332	withheld:modelled_gene_bar+polish_capped	withheld:modelled_gene_bar+polish_capped	undetermined	undetermined							hsp_fragment	hsp_fragment	2.5	2.5	0.0	3.7	3.7	glrA,sexM	glrA,sexM		
Absidia_corymbifera_NRRL_A-23566	Mucoromycota:MAT	scaffold_32	93988-95027	93988-95027	withheld:modelled_gene_bar	withheld:modelled_gene_bar	undetermined	undetermined							hsp_fragment	hsp_fragment	4.9	4.9	0.0	8.1	8.1	rnhA,sexP	rnhA,sexP		
Absidia_corymbifera_NRRL_A-23566	Mucoromycota:MAT	scaffold_218	4930-12000	4930-12000	withheld:modelled_gene_bar	withheld:modelled_gene_bar	undetermined	undetermined							hsp_fragment	hsp_fragment	0.8	0.8	0.0	0.8	0.8	sexM,sexP	sexM,sexP		
Absidia_corymbifera_NRRL_A-23566	Mucoromycota:MAT	scaffold_448	18219-18781	18219-18781	withheld:modelled_gene_bar+polish_capped	withheld:modelled_gene_bar+polish_capped	undetermined	undetermined							hsp_fragment	hsp_fragment	1.1	1.1	0.0	35.0	35.0	sexM,sexP	sexM,sexP		
Absidia_corymbifera_NRRL_A-23566	Mucoromycota:MAT	scaffold_1	70042-105561	70042-105561	withheld:modelled_gene_bar	withheld:modelled_gene_bar	undetermined	undetermined							hsp_fragment	hsp_fragment	3.7	3.7	0.0	3.7	3.7	sexM,tptA	sexM,tptA		
Absidia_corymbifera_NRRL_A-23566	Mucoromycota:MAT	scaffold_226	13663-50197	13663-50197	withheld:modelled_gene_bar	withheld:modelled_gene_bar	undetermined	undetermined							hsp_fragment	hsp_fragment	0.0	0.0	0.0	0.0	0.0	btbA,sexM	btbA,sexM		
Absidia_corymbifera_NRRL_A-25981	Mucoromycota:MAT	scaffold_120	2610-64120	2610-64120	withheld:modelled_gene_bar	withheld:modelled_gene_bar	undetermined	undetermined							model	model	12.8	12.8	0.0	79.9	79.9	sexM,sexP,tptA	sexM,sexP,tptA		
Absidia_corymbifera_NRRL_A-25981	Mucoromycota:MAT	scaffold_4	134411-204084	134411-204084	withheld:modelled_gene_bar	withheld:modelled_gene_bar	undetermined	undetermined							hsp_fragment	hsp_fragment	0.9	0.9	0.0	19.2	19.2	glrA,sexP,tptA	glrA,sexP,tptA		
Absidia_corymbifera_NRRL_A-25981	Mucoromycota:MAT	scaffold_4	77625-79145	77625-79145	withheld:modelled_gene_bar+polish_capped	withheld:modelled_gene_bar+polish_capped	undetermined	undetermined							hsp_fragment	hsp_fragment	4.2	4.2	0.0	37.4	37.4	sexM,sexP	sexM,sexP		
Absidia_corymbifera_NRRL_A-25981	Mucoromycota:MAT	scaffold_554	2162-2723	2162-2723	withheld:modelled_gene_bar+polish_capped	withheld:modelled_gene_bar+polish_capped	undetermined	undetermined							hsp_fragment	hsp_fragment	3.9	3.9	0.0	36.5	36.5	sexM,sexP	sexM,sexP		
Absidia_corymbifera_NRRL_A-25981	Mucoromycota:MAT	scaffold_301	14247-15256	14247-15256	withheld:modelled_gene_bar	withheld:modelled_gene_bar	undetermined	undetermined							hsp_fragment	hsp_fragment	4.3	4.3	0.0	39.5	39.5	sexM,sexP	sexM,sexP		
Absidia_corymbifera_NRRL_A-25981	Mucoromycota:MAT	scaffold_36	89791-106898	89791-106898	withheld:modelled_gene_bar+polish_capped	withheld:modelled_gene_bar+polish_capped	undetermined	undetermined							hsp_fragment	hsp_fragment	8.7	8.7	0.0	24.7	24.7	rnhA,sexP	rnhA,sexP		
Absidia_corymbifera_NRRL_A-25981	Mucoromycota:MAT	scaffold_78	5769-10928	5769-10928	withheld:modelled_gene_bar	withheld:modelled_gene_bar	undetermined	undetermined							hsp_fragment	hsp_fragment	0.8	0.8	0.0	0.8	0.8	sexM,sexP	sexM,sexP		
Absidia_corymbifera_NRRL_A-25981	Mucoromycota:MAT	scaffold_43	54487-90573	54487-90573	withheld:modelled_gene_bar+polish_capped	withheld:modelled_gene_bar+polish_capped	undetermined	undetermined							hsp_fragment	hsp_fragment	2.8	2.8	0.0	2.8	2.8	sexM,tptA	sexM,tptA		
Absidia_corymbifera_NRRL_A-25981	Mucoromycota:MAT	scaffold_296	10285-16223	10285-16223	withheld:modelled_gene_bar+polish_capped	withheld:modelled_gene_bar+polish_capped	undetermined	undetermined							hsp_fragment	hsp_fragment	1.1	1.1	0.0	1.1	1.1	sexM,tptA	sexM,tptA		
Absidia_corymbifera_NRRL_A-25981	Mucoromycota:MAT	scaffold_484	3138-7961	3138-7961	withheld:modelled_gene_bar	withheld:modelled_gene_bar	undetermined	undetermined							hsp_fragment	hsp_fragment	0.0	0.0	0.0	0.0	0.0	sexP,tptA	sexP,tptA		
Absidia_corymbifera_NRRL_A-25981	Mucoromycota:MAT	scaffold_31	26479-53327	26479-53327	withheld:modelled_gene_bar	withheld:modelled_gene_bar	undetermined	undetermined							hsp_fragment	hsp_fragment	6.9	6.9	0.0	6.9	6.9	algA,sexM	algA,sexM		
Absidia_corymbifera_NRRL_A-25984	Mucoromycota:MAT	scaffold_105	2246-70747	2246-70747	withheld:modelled_gene_bar	withheld:modelled_gene_bar	undetermined	undetermined							hsp_fragment	hsp_fragment	3.9	3.9	0.0	44.0	44.0	sexM,sexP,tptA	sexM,sexP,tptA		
Absidia_corymbifera_NRRL_A-25984	Mucoromycota:MAT	scaffold_25	269153-306474	269153-306474	withheld:modelled_gene_bar	withheld:modelled_gene_bar	undetermined	undetermined							hsp_fragment	hsp_fragment	13.3	13.3	0.0	44.0	44.0	rnhA,sexM,sexP	rnhA,sexM,sexP		
Absidia_corymbifera_NRRL_A-25984	Mucoromycota:MAT	scaffold_8	212939-257161	212939-257161	withheld:modelled_gene_bar	withheld:modelled_gene_bar	undetermined	undetermined							hsp_fragment	hsp_fragment	0.0	0.0	0.0	0.0	0.0	algA,rnhA,sexP	algA,rnhA,sexP		
Absidia_corymbifera_NRRL_A-25984	Mucoromycota:MAT	scaffold_76	16895-18359	16895-18359	withheld:modelled_gene_bar+polish_capped	withheld:modelled_gene_bar+polish_capped	undetermined	undetermined							hsp_fragment	hsp_fragment	2.0	2.0	0.0	37.8	37.8	sexM,sexP	sexM,sexP		
Absidia_corymbifera_NRRL_A-25984	Mucoromycota:MAT	scaffold_59	40739-74094	40739-74094	withheld:modelled_gene_bar+polish_capped	withheld:modelled_gene_bar+polish_capped	undetermined	undetermined							hsp_fragment	hsp_fragment	0.0	0.0	0.0	0.0	0.0	glrA,sexP	glrA,sexP		
Absidia_corymbifera_NRRL_A-25984	Mucoromycota:MAT	scaffold_1	838247-860049	838247-860049	withheld:modelled_gene_bar	withheld:modelled_gene_bar	undetermined	undetermined							hsp_fragment	hsp_fragment	0.0	0.0	0.0	0.0	0.0	algA,sexM	algA,sexM		
Absidia_corymbifera_NRRL_A-25984	Mucoromycota:MAT	scaffold_26	289239-317473	289239-317473	withheld:modelled_gene_bar+polish_capped	withheld:modelled_gene_bar+polish_capped	undetermined	undetermined							hsp_fragment	hsp_fragment	1.0	1.0	0.0	1.0	1.0	rnhA,sexP	rnhA,sexP		
Absidia_corymbifera_NRRL_A-25984	Mucoromycota:MAT	scaffold_137	7815-8374	7815-8374	withheld:modelled_gene_bar+polish_capped	withheld:modelled_gene_bar+polish_capped	undetermined	undetermined							hsp_fragment	hsp_fragment	12.2	12.2	0.0	57.0	57.0	sexM,sexP	sexM,sexP		
Absidia_corymbifera_NRRL_A-25984	Mucoromycota:MAT	scaffold_31	220603-252035	220603-252035	withheld:modelled_gene_bar	withheld:modelled_gene_bar	undetermined	undetermined							model	model	23.1	23.1	0.0	37.5	37.5	rnhA,sexM	rnhA,sexM		
Absidia_corymbifera_NRRL_A-25984	Mucoromycota:MAT	scaffold_8	51808-82373	51808-82373	withheld:modelled_gene_bar+polish_capped	withheld:modelled_gene_bar+polish_capped	undetermined	undetermined							hsp_fragment	hsp_fragment	2.2	2.2	0.0	2.2	2.2	algA,sexP	algA,sexP		
Absidia_corymbifera_NRRL_A-25984	Mucoromycota:MAT	scaffold_9	15741-18366	15741-18366	withheld:modelled_gene_bar+polish_capped	withheld:modelled_gene_bar+polish_capped	undetermined	undetermined							hsp_fragment	hsp_fragment	9.9	9.9	0.0	24.7	24.7	sexM,sexP	sexM,sexP		
Absidia_corymbifera_NRRL_A-25984	Mucoromycota:MAT	scaffold_72	27623-52654	27623-52654	withheld:modelled_gene_bar+polish_capped	withheld:modelled_gene_bar+polish_capped	undetermined	undetermined							hsp_fragment	hsp_fragment	0.0	0.0	0.0	0.0	0.0	glrA,sexM	glrA,sexM		
Absidia_corymbifera_NRRL_A-25984	Mucoromycota:MAT	scaffold_17	118359-123405	118359-123405	withheld:modelled_gene_bar	withheld:modelled_gene_bar	undetermined	undetermined							hsp_fragment	hsp_fragment	8.1	8.1	0.0	25.4	25.4	rnhA,sexP	rnhA,sexP		
Absidia_corymbifera_NRRL_A-25984	Mucoromycota:MAT	scaffold_40	9561-33211	9561-33211	withheld:modelled_gene_bar+polish_capped	withheld:modelled_gene_bar+polish_capped	undetermined	undetermined							hsp_fragment	hsp_fragment	0.0	0.0	0.0	0.0	0.0	rnhA,sexM	rnhA,sexM		
Absidia_corymbifera_NRRL_A-25984	Mucoromycota:MAT	scaffold_95	27158-37418	27158-37418	withheld:modelled_gene_bar+polish_capped	withheld:modelled_gene_bar+polish_capped	undetermined	undetermined							hsp_fragment	hsp_fragment	0.0	0.0	0.0	0.0	0.0	btbA,sexM	btbA,sexM		
Absidia_corymbifera_NRRL_A-25984	Mucoromycota:MAT	scaffold_1	838247-860049	838247-860049	withheld:below_fraction_floor	withheld:below_fraction_floor	undetermined	undetermined							hsp_fragment	hsp_fragment	0.0	0.0	0.0	0.0	0.0	algA,sexM	algA,sexM		
Absidia_corymbifera_NRRL_A-25984	Mucoromycota:MAT	scaffold_31	220603-252035	220603-252035	withheld:below_fraction_floor	withheld:below_fraction_floor	undetermined	undetermined							model	model	23.1	23.1	0.0	37.5	37.5	rnhA,sexM	rnhA,sexM		
Absidia_cuneospora_NRRL_2655	Mucoromycota:MAT	scaffold_226	405-24147	405-24147	called	called	Minus	Minus	high	high	mat_locus	mat_locus			model	model	64.0	64.0	0.0	123.5	123.5	algA,glrA,rnhA,sexM,tptA	algA,glrA,rnhA,sexM,tptA		
Absidia_cuneospora_NRRL_2655	Mucoromycota:MAT	scaffold_37	9764-60899	9764-60899	withheld:modelled_gene_bar	withheld:modelled_gene_bar	undetermined	undetermined							hsp_fragment	hsp_fragment	0.0	0.0	0.0	0.0	0.0	algA,rnhA,sexM	algA,rnhA,sexM		
Absidia_cuneospora_NRRL_2655	Mucoromycota:MAT	scaffold_123	23995-81869	23995-81869	withheld:modelled_gene_bar	withheld:modelled_gene_bar	undetermined	undetermined							hsp_fragment	hsp_fragment	2.8	2.8	0.0	3.3	3.3	rnhA,sexM,sexP	rnhA,sexM,sexP		
Absidia_cuneospora_NRRL_2655	Mucoromycota:MAT	scaffold_1	24767-25706	24767-25706	withheld:below_fraction_floor	withheld:below_fraction_floor	undetermined	undetermined							model	model	4.2	4.2	0.0	40.3	40.3	sexM,sexP	sexM,sexP		
Absidia_cuneospora_RSA_623_Plus	Mucoromycota:MAT	scaffold_217	12658-36683	12658-36683	called	called	Plus	Plus	high	high	mat_locus	mat_locus			model	model	183.1	183.1	0.0	242.7	242.7	algA,glrA,rnhA,sexP,tptA	algA,glrA,rnhA,sexP,tptA		
Absidia_cuneospora_RSA_623_Plus	Mucoromycota:MAT	scaffold_57	56138-122856	56138-122856	withheld:modelled_gene_bar	withheld:modelled_gene_bar	undetermined	undetermined							hsp_fragment	hsp_fragment	0.0	0.0	0.0	0.0	0.0	glrA,rnhA,sexP	glrA,rnhA,sexP		
Absidia_cuneospora_RSA_623_Plus	Mucoromycota:MAT	scaffold_7	259304-260243	259304-260243	withheld:below_fraction_floor	withheld:below_fraction_floor	undetermined	undetermined							model	model	4.2	4.2	0.0	40.3	40.3	sexM,sexP	sexM,sexP		
Absidia_cuneospora_RSA_624-	Mucoromycota:MAT	scaffold_53	113503-137227	113503-137227	called	called	Minus	Minus	high	high	mat_locus	mat_locus			model	model	64.0	64.0	0.0	123.5	123.5	algA,glrA,rnhA,sexM,tptA	algA,glrA,rnhA,sexM,tptA		
Absidia_cuneospora_RSA_624-	Mucoromycota:MAT	scaffold_74	35692-93561	35692-93561	withheld:modelled_gene_bar	withheld:modelled_gene_bar	undetermined	undetermined							hsp_fragment	hsp_fragment	2.8	2.8	0.0	3.3	3.3	rnhA,sexM,sexP	rnhA,sexM,sexP		
Absidia_cuneospora_RSA_624-	Mucoromycota:MAT	scaffold_52	73779-74718	73779-74718	withheld:below_fraction_floor	withheld:below_fraction_floor	undetermined	undetermined							model	model	4.2	4.2	0.0	40.3	40.3	sexM,sexP	sexM,sexP		
Absidia_cylindrospora_NRRL_1341	Mucoromycota:MAT	scaffold_111	17075-20975	17075-20975	called	called	Plus	Plus	medium	medium	partial_locus	partial_locus			model	model	199.4	199.4	0.0	266.5	266.5	algA,sexP	algA,sexP		
Absidia_cylindrospora_NRRL_1341	Mucoromycota:MAT	scaffold_32	74965-103333	74965-103333	withheld:modelled_gene_bar	withheld:modelled_gene_bar	undetermined	undetermined							hsp_fragment	hsp_fragment	4.3	4.3	0.0	32.9	32.9	rnhA,sexM,sexP	rnhA,sexM,sexP		
Absidia_cylindrospora_NRRL_1341	Mucoromycota:MAT	scaffold_217	560-26361	560-26361	withheld:modelled_gene_bar	withheld:modelled_gene_bar	undetermined	undetermined														glrA,rnhA,tptA	glrA,rnhA,tptA		
Absidia_cylindrospora_NRRL_1341	Mucoromycota:MAT	scaffold_12	119707-160164	119707-160164	withheld:modelled_gene_bar	withheld:modelled_gene_bar	undetermined	undetermined							hsp_fragment	hsp_fragment	7.5	7.5	0.0	40.1	40.1	glrA,sexM,sexP	glrA,sexM,sexP		
Absidia_cylindrospora_NRRL_1341	Mucoromycota:MAT	scaffold_60	109522-110457	109522-110457	withheld:modelled_gene_bar+polish_capped	withheld:modelled_gene_bar+polish_capped	undetermined	undetermined							hsp_fragment	hsp_fragment	0.0	0.0	0.0	0.0	0.0	sexM,sexP	sexM,sexP		
Absidia_cylindrospora_NRRL_1341	Mucoromycota:MAT	scaffold_181	55620-61567	55620-61567	withheld:modelled_gene_bar+polish_capped	withheld:modelled_gene_bar+polish_capped	undetermined	undetermined							hsp_fragment	hsp_fragment	3.7	3.7	0.0	4.8	4.8	rnhA,sexP	rnhA,sexP		
Absidia_cylindrospora_NRRL_1341	Mucoromycota:MAT	scaffold_99	19197-44996	19197-44996	withheld:modelled_gene_bar+polish_capped	withheld:modelled_gene_bar+polish_capped	undetermined	undetermined							hsp_fragment	hsp_fragment	0.0	0.0	0.0	0.0	0.0	rnhA,sexP	rnhA,sexP		
Absidia_cylindrospora_NRRL_1341	Mucoromycota:MAT	scaffold_216	17570-57369	17570-57369	withheld:modelled_gene_bar	withheld:modelled_gene_bar	undetermined	undetermined							model	model	0.2	0.2	0.0	45.6	45.6	algA,sexP	algA,sexP		
Absidia_cylindrospora_NRRL_1341	Mucoromycota:MAT	scaffold_3	224307-232196	224307-232196	withheld:modelled_gene_bar	withheld:modelled_gene_bar	undetermined	undetermined							model	model	12.7	12.7	0.0	53.5	53.5	algA,sexM	algA,sexM		
Absidia_cylindrospora_NRRL_1341	Mucoromycota:MAT	scaffold_110	97-49747	97-49747	withheld:modelled_gene_bar+polish_capped	withheld:modelled_gene_bar+polish_capped	undetermined	undetermined							hsp_fragment	hsp_fragment	0.0	0.0	0.0	0.0	0.0	algA,sexM	algA,sexM		
Absidia_cylindrospora_NRRL_1341	Mucoromycota:MAT	scaffold_17	4247-19637	4247-19637	withheld:modelled_gene_bar+polish_capped	withheld:modelled_gene_bar+polish_capped	undetermined	undetermined							hsp_fragment	hsp_fragment	0.0	0.0	0.0	0.0	0.0	rnhA,sexM	rnhA,sexM		
Absidia_cylindrospora_NRRL_1341	Mucoromycota:MAT	scaffold_53	122007-125292	122007-125292	withheld:modelled_gene_bar+polish_capped	withheld:modelled_gene_bar+polish_capped	undetermined	undetermined							hsp_fragment	hsp_fragment	0.0	0.0	0.0	0.0	0.0	glrA,sexP	glrA,sexP		
Absidia_cylindrospora_NRRL_1341	Mucoromycota:MAT	scaffold_551	14008-15026	14008-15026	withheld:modelled_gene_bar+polish_capped	withheld:modelled_gene_bar+polish_capped	undetermined	undetermined							hsp_fragment	hsp_fragment	1.4	1.4	0.0	36.5	36.5	sexM,sexP	sexM,sexP		
Absidia_cylindrospora_NRRL_1341	Mucoromycota:MAT	scaffold_75	31609-58271	31609-58271	withheld:modelled_gene_bar	withheld:modelled_gene_bar	undetermined	undetermined							hsp_fragment	hsp_fragment	0.0	0.0	0.0	0.0	0.0	algA,btbA,sexP	algA,btbA,sexP		
Absidia_cylindrospora_NRRL_1341	Mucoromycota:MAT	scaffold_430	21306-27154	21306-27154	withheld:modelled_gene_bar+polish_capped	withheld:modelled_gene_bar+polish_capped	undetermined	undetermined							hsp_fragment	hsp_fragment	7.3	7.3	0.0	19.7	19.7	algA,sexP	algA,sexP		
Absidia_cylindrospora_NRRL_1341	Mucoromycota:MAT	scaffold_31	56868-107701	56868-107701	withheld:modelled_gene_bar+polish_capped	withheld:modelled_gene_bar+polish_capped	undetermined	undetermined							hsp_fragment	hsp_fragment	0.0	0.0	0.0	0.0	0.0	sexP,tptA	sexP,tptA		
Absidia_cylindrospora_NRRL_1341	Mucoromycota:MAT	scaffold_4	17937-21063	17937-21063	withheld:modelled_gene_bar+polish_capped	withheld:modelled_gene_bar+polish_capped	undetermined	undetermined							hsp_fragment	hsp_fragment	0.0	0.0	0.0	0.0	0.0	btbA,sexP	btbA,sexP		
Absidia_cylindrospora_NRRL_1341	Mucoromycota:MAT	scaffold_196	8075-23494	8075-23494	withheld:modelled_gene_bar+polish_capped	withheld:modelled_gene_bar+polish_capped	undetermined	undetermined							hsp_fragment	hsp_fragment	0.0	0.0	0.0	0.0	0.0	algA,sexM	algA,sexM		
Absidia_cylindrospora_NRRL_1341	Mucoromycota:MAT	scaffold_216	17570-57369	17570-57369	withheld:below_fraction_floor	withheld:below_fraction_floor	undetermined	undetermined							model	model	0.2	0.2	0.0	45.6	45.6	algA,sexP	algA,sexP		
Absidia_cylindrospora_NRRL_1341	Mucoromycota:MAT	scaffold_75	31609-58271	31609-58271	withheld:below_fraction_floor	withheld:below_fraction_floor	undetermined	undetermined							hsp_fragment	hsp_fragment	0.0	0.0	0.0	0.0	0.0	algA,btbA,sexP	algA,btbA,sexP		
Absidia_cylindrospora_NRRL_1342	Mucoromycota:MAT	scaffold_528	3126-15609	3126-15609	called	called	Minus	Minus	medium	medium	mat_locus	mat_locus			model	model	65.2	65.2	0.0	112.4	112.4	algA,glrA,sexM	algA,glrA,sexM		
Absidia_cylindrospora_NRRL_1342	Mucoromycota:MAT	scaffold_8	48379-76724	48379-76724	withheld:modelled_gene_bar	withheld:modelled_gene_bar	undetermined	undetermined							hsp_fragment	hsp_fragment	4.3	4.3	0.0	32.9	32.9	rnhA,sexM,sexP	rnhA,sexM,sexP		
Absidia_cylindrospora_NRRL_1342	Mucoromycota:MAT	scaffold_133	754-26562	754-26562	withheld:modelled_gene_bar	withheld:modelled_gene_bar	undetermined	undetermined														glrA,rnhA,tptA	glrA,rnhA,tptA		
Absidia_cylindrospora_NRRL_1342	Mucoromycota:MAT	scaffold_231	3840-44277	3840-44277	withheld:modelled_gene_bar	withheld:modelled_gene_bar	undetermined	undetermined							hsp_fragment	hsp_fragment	7.5	7.5	0.0	40.1	40.1	glrA,sexM,sexP	glrA,sexM,sexP		
Absidia_cylindrospora_NRRL_1342	Mucoromycota:MAT	scaffold_430	16250-22195	16250-22195	withheld:below_fraction_floor	withheld:below_fraction_floor	undetermined	undetermined							hsp_fragment	hsp_fragment	3.7	3.7	0.0	4.8	4.8	rnhA,sexP	rnhA,sexP		
Absidia_cylindrospora_NRRL_1342	Mucoromycota:MAT	scaffold_38	31389-45688	31389-45688	withheld:below_fraction_floor	withheld:below_fraction_floor	undetermined	undetermined							model	model	20.0	20.0	0.0	87.7	87.7	rnhA,sexM	rnhA,sexM		
Absidia_cylindrospora_NRRL_1343	Mucoromycota:MAT	scaffold_253	26318-35888	26318-35888	called	called	Plus	Plus	medium	medium	partial_locus	partial_locus			model	model	203.4	203.4	0.0	270.7	270.7	glrA,sexP	glrA,sexP		
Absidia_cylindrospora_NRRL_1343	Mucoromycota:MAT	scaffold_630	8619-10268	8619-10268	withheld:modelled_gene_bar+polish_capped	withheld:modelled_gene_bar+polish_capped	undetermined	undetermined							hsp_fragment	hsp_fragment	2.3	2.3	0.0	29.7	29.7	sexM,sexP	sexM,sexP		
Absidia_cylindrospora_NRRL_1343	Mucoromycota:MAT	scaffold_299	30061-31024	30061-31024	withheld:modelled_gene_bar+polish_capped	withheld:modelled_gene_bar+polish_capped	undetermined	undetermined							hsp_fragment	hsp_fragment	0.0	0.0	0.0	0.0	0.0	sexM,sexP	sexM,sexP		
Absidia_cylindrospora_NRRL_1343	Mucoromycota:MAT	scaffold_251	11366-16300	11366-16300	withheld:modelled_gene_bar+polish_capped	withheld:modelled_gene_bar+polish_capped	undetermined	undetermined							hsp_fragment	hsp_fragment	0.2	0.2	0.0	0.3	0.3	rnhA,sexP	rnhA,sexP		
Absidia_cylindrospora_NRRL_1343	Mucoromycota:MAT	scaffold_9	20082-70916	20082-70916	withheld:modelled_gene_bar	withheld:modelled_gene_bar	undetermined	undetermined							hsp_fragment	hsp_fragment	0.0	0.0	0.0	0.0	0.0	rnhA,sexM	rnhA,sexM		
Absidia_cylindrospora_NRRL_1343	Mucoromycota:MAT	scaffold_488	13875-14947	13875-14947	withheld:modelled_gene_bar+polish_capped	withheld:modelled_gene_bar+polish_capped	undetermined	undetermined							hsp_fragment	hsp_fragment	0.9	0.9	0.0	35.4	35.4	sexM,sexP	sexM,sexP		
Absidia_cylindrospora_NRRL_1343	Mucoromycota:MAT	scaffold_49	67496-80148	67496-80148	withheld:modelled_gene_bar+polish_capped	withheld:modelled_gene_bar+polish_capped	undetermined	undetermined							hsp_fragment	hsp_fragment	0.0	0.0	0.0	0.0	0.0	rnhA,sexM	rnhA,sexM		
Absidia_cylindrospora_NRRL_1343	Mucoromycota:MAT	scaffold_266	1660-9107	1660-9107	withheld:modelled_gene_bar+polish_capped	withheld:modelled_gene_bar+polish_capped	undetermined	undetermined							hsp_fragment	hsp_fragment	3.2	3.2	0.0	3.2	3.2	algA,sexP	algA,sexP		
Absidia_cylindrospora_NRRL_1343	Mucoromycota:MAT	scaffold_79	12950-30561	12950-30561	withheld:modelled_gene_bar	withheld:modelled_gene_bar	undetermined	undetermined							hsp_fragment	hsp_fragment	6.1	6.1	0.0	6.1	6.1	glrA,sexM	glrA,sexM		
Absidia_cylindrospora_NRRL_1343	Mucoromycota:MAT	scaffold_42	62973-80681	62973-80681	withheld:modelled_gene_bar	withheld:modelled_gene_bar	undetermined	undetermined							hsp_fragment	hsp_fragment	2.8	2.8	0.0	23.6	23.6	glrA,sexP	glrA,sexP		
Absidia_cylindrospora_NRRL_1343	Mucoromycota:MAT	scaffold_5	80232-124795	80232-124795	withheld:modelled_gene_bar	withheld:modelled_gene_bar	undetermined	undetermined							hsp_fragment	hsp_fragment	7.2	7.2	0.0	39.0	39.0	glrA,sexP	glrA,sexP		
Absidia_cylindrospora_NRRL_1343	Mucoromycota:MAT	scaffold_120	22399-40532	22399-40532	withheld:modelled_gene_bar+polish_capped	withheld:modelled_gene_bar+polish_capped	undetermined	undetermined							hsp_fragment	hsp_fragment	0.1	0.1	0.0	0.1	0.1	rnhA,sexP	rnhA,sexP		
Absidia_cylindrospora_NRRL_1343	Mucoromycota:MAT	scaffold_845	1104-4338	1104-4338	withheld:modelled_gene_bar	withheld:modelled_gene_bar	undetermined	undetermined							hsp_fragment	hsp_fragment	7.0	7.0	0.0	17.7	17.7	sexP,tptA	sexP,tptA		
Absidia_cylindrospora_NRRL_1343	Mucoromycota:MAT	scaffold_9	20082-70916	20082-70916	withheld:below_fraction_floor	withheld:below_fraction_floor	undetermined	undetermined							hsp_fragment	hsp_fragment	0.0	0.0	0.0	0.0	0.0	rnhA,sexM	rnhA,sexM		
Absidia_cylindrospora_NRRL_1343	Mucoromycota:MAT	scaffold_79	12950-30561	12950-30561	withheld:below_fraction_floor	withheld:below_fraction_floor	undetermined	undetermined							hsp_fragment	hsp_fragment	6.1	6.1	0.0	6.1	6.1	glrA,sexM	glrA,sexM		
Absidia_cylindrospora_NRRL_1343	Mucoromycota:MAT	scaffold_42	62973-80681	62973-80681	withheld:below_fraction_floor	withheld:below_fraction_floor	undetermined	undetermined							hsp_fragment	hsp_fragment	2.8	2.8	0.0	23.6	23.6	glrA,sexP	glrA,sexP		
Absidia_cylindrospora_NRRL_1343	Mucoromycota:MAT	scaffold_5	80232-124795	80232-124795	withheld:below_fraction_floor	withheld:below_fraction_floor	undetermined	undetermined							hsp_fragment	hsp_fragment	7.2	7.2	0.0	39.0	39.0	glrA,sexP	glrA,sexP		
Absidia_cylindrospora_NRRL_1345	Mucoromycota:MAT	scaffold_316	26699-39402	26699-39402	called	called	Plus	Plus	medium	medium	mat_locus	mat_locus			model	model	197.2	197.2	0.0	264.2	264.2	algA,glrA,sexP	algA,glrA,sexP		
Absidia_cylindrospora_NRRL_1345	Mucoromycota:MAT	scaffold_34	74989-103353	74989-103353	withheld:modelled_gene_bar	withheld:modelled_gene_bar	undetermined	undetermined							hsp_fragment	hsp_fragment	4.3	4.3	0.0	32.9	32.9	rnhA,sexM,sexP	rnhA,sexM,sexP		
Absidia_cylindrospora_NRRL_1345	Mucoromycota:MAT	scaffold_207	36053-61851	36053-61851	withheld:modelled_gene_bar	withheld:modelled_gene_bar	undetermined	undetermined														glrA,rnhA,tptA	glrA,rnhA,tptA		
Absidia_cylindrospora_NRRL_1345	Mucoromycota:MAT	scaffold_113	31423-45708	31423-45708	withheld:below_fraction_floor	withheld:below_fraction_floor	undetermined	undetermined							model	model	20.0	20.0	0.0	87.7	87.7	rnhA,sexM	rnhA,sexM		
Absidia_cylindrospora_NRRL_1345	Mucoromycota:MAT	scaffold_204	17619-57403	17619-57403	withheld:below_fraction_floor	withheld:below_fraction_floor	undetermined	undetermined							model	model	0.2	0.2	0.0	45.6	45.6	algA,sexP	algA,sexP		
Absidia_cylindrospora_NRRL_1345	Mucoromycota:MAT	scaffold_40	31595-58226	31595-58226	withheld:below_fraction_floor	withheld:below_fraction_floor	undetermined	undetermined							hsp_fragment	hsp_fragment	0.0	0.0	0.0	0.0	0.0	algA,btbA,sexP	algA,btbA,sexP		
Absidia_cylindrospora_NRRL_13891	Mucoromycota:MAT	scaffold_98	27425-39900	27425-39900	called	called	Minus	Minus	medium	medium	mat_locus	mat_locus			model	model	64.9	64.9	0.0	111.7	111.7	algA,glrA,sexM	algA,glrA,sexM		
Absidia_cylindrospora_NRRL_13891	Mucoromycota:MAT	scaffold_27	18987-59446	18987-59446	withheld:modelled_gene_bar	withheld:modelled_gene_bar	undetermined	undetermined							hsp_fragment	hsp_fragment	7.5	7.5	0.0	40.1	40.1	glrA,sexM,sexP	glrA,sexM,sexP		
Absidia_cylindrospora_NRRL_13891	Mucoromycota:MAT	scaffold_62	10943-46395	10943-46395	withheld:below_fraction_floor	withheld:below_fraction_floor	undetermined	undetermined							model	model	23.0	23.0	0.0	58.9	58.9	rnhA,sexM	rnhA,sexM		
Absidia_cylindrospora_NRRL_13891	Mucoromycota:MAT	scaffold_161	40409-54665	40409-54665	withheld:below_fraction_floor	withheld:below_fraction_floor	undetermined	undetermined							model	model	20.2	20.2	0.0	88.1	88.1	rnhA,sexM	rnhA,sexM		
Absidia_cylindrospora_NRRL_13891	Mucoromycota:MAT	scaffold_210	17942-57760	17942-57760	withheld:below_fraction_floor	withheld:below_fraction_floor	undetermined	undetermined							model	model	0.2	0.2	0.0	45.6	45.6	algA,sexP	algA,sexP		
Absidia_cylindrospora_NRRL_1560	Mucoromycota:MAT	scaffold_331	3181-15875	3181-15875	called	called	Plus	Plus	medium	medium	mat_locus	mat_locus			model	model	199.5	199.5	0.0	266.6	266.6	algA,glrA,sexP	algA,glrA,sexP		
Absidia_cylindrospora_NRRL_1560	Mucoromycota:MAT	scaffold_116	48504-76921	48504-76921	withheld:modelled_gene_bar	withheld:modelled_gene_bar	undetermined	undetermined							hsp_fragment	hsp_fragment	4.3	4.3	0.0	32.9	32.9	rnhA,sexM,sexP	rnhA,sexM,sexP		
Absidia_cylindrospora_NRRL_1560	Mucoromycota:MAT	scaffold_86	623-26423	623-26423	withheld:modelled_gene_bar	withheld:modelled_gene_bar	undetermined	undetermined														glrA,rnhA,tptA	glrA,rnhA,tptA		
Absidia_cylindrospora_NRRL_1560	Mucoromycota:MAT	scaffold_55	12457-52897	12457-52897	withheld:modelled_gene_bar	withheld:modelled_gene_bar	undetermined	undetermined							hsp_fragment	hsp_fragment	7.5	7.5	0.0	40.1	40.1	glrA,sexM,sexP	glrA,sexM,sexP		
Absidia_cylindrospora_NRRL_1560	Mucoromycota:MAT	scaffold_26	31725-109355	31725-109355	withheld:modelled_gene_bar	withheld:modelled_gene_bar	undetermined	undetermined							hsp_fragment	hsp_fragment	0.9	0.9	0.0	0.9	0.9	rnhA,sexP,tptA	rnhA,sexP,tptA		
Absidia_cylindrospora_NRRL_1560	Mucoromycota:MAT	scaffold_101	49696-63916	49696-63916	withheld:below_fraction_floor	withheld:below_fraction_floor	undetermined	undetermined							model	model	20.0	20.0	0.0	87.7	87.7	rnhA,sexM	rnhA,sexM		
Absidia_cylindrospora_NRRL_1560	Mucoromycota:MAT	scaffold_203	5496-45297	5496-45297	withheld:below_fraction_floor	withheld:below_fraction_floor	undetermined	undetermined							model	model	0.2	0.2	0.0	45.6	45.6	algA,sexP	algA,sexP		
Absidia_cylindrospora_NRRL_3069	Mucoromycota:MAT	scaffold_25	8683-41020	8683-41020	called	called	Minus	Minus	medium	medium	mat_locus	mat_locus			model	model	65.0	65.0	0.0	114.9	114.9	algA,glrA,sexM,sexP	algA,glrA,sexM,sexP		
Absidia_cylindrospora_NRRL_3069	Mucoromycota:MAT	scaffold_371	6176-34167	6176-34167	withheld:modelled_gene_bar	withheld:modelled_gene_bar	undetermined	undetermined														glrA,rnhA,tptA	glrA,rnhA,tptA		
Absidia_cylindrospora_NRRL_3069	Mucoromycota:MAT	scaffold_21	69100-108137	69100-108137	withheld:mat_gene_gate	withheld:mat_gene_gate	undetermined	undetermined							model	model	23.8	23.8	0.0	78.4	78.4	rnhA,sexM,sexP	rnhA,sexM,sexP		
Absidia_cylindrospora_NRRL_3069	Mucoromycota:MAT	scaffold_122	5947-21728	5947-21728	withheld:below_fraction_floor	withheld:below_fraction_floor	undetermined	undetermined							model	model	19.8	19.8	0.0	89.2	89.2	rnhA,sexM	rnhA,sexM		
Absidia_cylindrospora_var._cylindrospora_NRRL_2796	Mucoromycota:MAT	scaffold_24	56157-69284	56157-69284	called	called	Minus	Minus	medium	medium	mat_locus	mat_locus			model	model	47.2	47.2	0.0	99.0	99.0	algA,glrA,sexM	algA,glrA,sexM		
Absidia_cylindrospora_var._cylindrospora_NRRL_2796	Mucoromycota:MAT	scaffold_50	4825-41883	4825-41883	withheld:below_fraction_floor	withheld:below_fraction_floor	undetermined	undetermined							hsp_fragment	hsp_fragment	19.5	19.5	0.0	62.3	62.3	rnhA,sexM	rnhA,sexM		
Absidia_cylindrospora_var._nigra_NRRL_3031	Mucoromycota:MAT	scaffold_132	33301-46237	33301-46237	called	called	Minus	Minus	medium	medium	mat_locus	mat_locus			model	model	68.7	68.7	0.0	114.9	114.9	algA,glrA,sexM	algA,glrA,sexM		
Absidia_cylindrospora_var._nigra_NRRL_3031	Mucoromycota:MAT	scaffold_112	4501-57553	4501-57553	withheld:modelled_gene_bar	withheld:modelled_gene_bar	undetermined	undetermined							hsp_fragment	hsp_fragment	1.2	1.2	0.0	1.2	1.2	rnhA,sexM,sexP	rnhA,sexM,sexP		
Absidia_cylindrospora_var._nigra_NRRL_3031	Mucoromycota:MAT	scaffold_97	30685-86650	30685-86650	withheld:modelled_gene_bar	withheld:modelled_gene_bar	undetermined	undetermined														glrA,rnhA,tptA	glrA,rnhA,tptA		
Absidia_cylindrospora_var._nigra_NRRL_3031	Mucoromycota:MAT	scaffold_65	37761-85368	37761-85368	withheld:modelled_gene_bar	withheld:modelled_gene_bar	undetermined	undetermined							hsp_fragment	hsp_fragment	0.0	0.0	0.0	0.0	0.0	sexM,sexP,tptA	sexM,sexP,tptA		
Absidia_cylindrospora_var._nigra_NRRL_3031	Mucoromycota:MAT	scaffold_87	6376-42666	6376-42666	withheld:below_fraction_floor	withheld:below_fraction_floor	undetermined	undetermined							hsp_fragment	hsp_fragment	0.0	0.0	0.0	0.0	0.0	btbA,sexP,tptA	btbA,sexP,tptA		
Absidia_cylindrospora_var._nigra_NRRL_3031	Mucoromycota:MAT	scaffold_193	40659-60692	40659-60692	withheld:below_fraction_floor	withheld:below_fraction_floor	undetermined	undetermined							hsp_fragment	hsp_fragment	6.8	6.8	0.0	39.3	39.3	glrA,sexP	glrA,sexP		
Absidia_cylindrospora_var._nigra_NRRL_3032	Mucoromycota:MAT	scaffold_1	45714-58754	45714-58754	called	called	Plus	Plus	medium	medium	mat_locus	mat_locus			model	model	209.0	209.0	0.0	274.9	274.9	algA,glrA,sexP	algA,glrA,sexP		
Absidia_cylindrospora_var._nigra_NRRL_3032	Mucoromycota:MAT	scaffold_20	97469-150534	97469-150534	withheld:modelled_gene_bar	withheld:modelled_gene_bar	undetermined	undetermined							hsp_fragment	hsp_fragment	1.2	1.2	0.0	1.2	1.2	rnhA,sexM,sexP	rnhA,sexM,sexP		
Absidia_cylindrospora_var._nigra_NRRL_3032	Mucoromycota:MAT	scaffold_166	9059-65324	9059-65324	withheld:modelled_gene_bar	withheld:modelled_gene_bar	undetermined	undetermined														glrA,rnhA,tptA	glrA,rnhA,tptA		
Absidia_cylindrospora_var._nigra_NRRL_3032	Mucoromycota:MAT	scaffold_358	5921-25224	5921-25224	withheld:below_fraction_floor	withheld:below_fraction_floor	undetermined	undetermined							hsp_fragment	hsp_fragment	0.0	0.0	0.0	0.0	0.0	btbA,sexP	btbA,sexP		
Absidia_cylindrospora_var._nigra_NRRL_3032	Mucoromycota:MAT	scaffold_271	1204-21322	1204-21322	withheld:below_fraction_floor	withheld:below_fraction_floor	undetermined	undetermined							hsp_fragment	hsp_fragment	6.8	6.8	0.0	39.3	39.3	glrA,sexP	glrA,sexP		
Absidia_cylindrospora_var._nigra_NRRL_3060	Mucoromycota:MAT	scaffold_69	89203-102042	89203-102042	called	called	Minus	Minus	medium	medium	mat_locus	mat_locus			model	model	68.7	68.7	0.0	114.9	114.9	algA,glrA,sexM	algA,glrA,sexM		
Absidia_cylindrospora_var._nigra_NRRL_3060	Mucoromycota:MAT	scaffold_313	6245-42629	6245-42629	withheld:below_fraction_floor	withheld:below_fraction_floor	undetermined	undetermined							hsp_fragment	hsp_fragment	0.0	0.0	0.0	0.0	0.0	btbA,sexP,tptA	btbA,sexP,tptA		
Absidia_cylindrospora_var._nigra_NRRL_3060	Mucoromycota:MAT	scaffold_220	8755-28959	8755-28959	withheld:below_fraction_floor	withheld:below_fraction_floor	undetermined	undetermined							hsp_fragment	hsp_fragment	6.8	6.8	0.0	39.3	39.3	glrA,sexP	glrA,sexP		
Absidia_dubia_NRRL_1322	Mucoromycota:MAT	scaffold_148	2196-8655	2196-8655	called	called	Minus	Minus	high	high	mat_locus	mat_locus			model	model	112.3	112.3	0.0	162.6	162.6	algA,rnhA,sexM	algA,rnhA,sexM		
Absidia_dubia_NRRL_1322	Mucoromycota:MAT	scaffold_178	4866-29811	4866-29811	withheld:modelled_gene_bar	withheld:modelled_gene_bar	undetermined	undetermined														glrA,rnhA,tptA	glrA,rnhA,tptA		
Absidia_dubia_NRRL_1322	Mucoromycota:MAT	scaffold_921	5229-9317	5229-9317	withheld:below_fraction_floor	withheld:below_fraction_floor	undetermined	undetermined							hsp_fragment	hsp_fragment	3.3	3.3	0.0	3.3	3.3	rnhA,sexP	rnhA,sexP		
Absidia_glauca_NRRL_1324	Mucoromycota:MAT	scaffold_153	2904-8087	2904-8087	called	called	Minus	Minus	medium	medium	partial_locus	partial_locus			model	model	115.9	115.9	0.0	164.5	164.5	algA,sexM	algA,sexM		
Absidia_glauca_NRRL_1324	Mucoromycota:MAT	scaffold_80	17409-18665	17409-18665	withheld:modelled_gene_bar+polish_capped	withheld:modelled_gene_bar+polish_capped	undetermined	undetermined							hsp_fragment	hsp_fragment	1.7	1.7	0.0	34.1	34.1	sexM,sexP	sexM,sexP		
Absidia_glauca_NRRL_1324	Mucoromycota:MAT	scaffold_422	5433-6488	5433-6488	withheld:modelled_gene_bar	withheld:modelled_gene_bar	undetermined	undetermined							hsp_fragment	hsp_fragment	0.6	0.6	0.0	39.6	39.6	sexM,sexP	sexM,sexP		
Absidia_glauca_NRRL_1324	Mucoromycota:MAT	scaffold_1	40664-73755	40664-73755	withheld:modelled_gene_bar+polish_capped	withheld:modelled_gene_bar+polish_capped	undetermined	undetermined							hsp_fragment	hsp_fragment	0.0	0.0	0.0	0.0	0.0	rnhA,sexP	rnhA,sexP		
Absidia_glauca_NRRL_1324	Mucoromycota:MAT	scaffold_57	13599-24703	13599-24703	withheld:modelled_gene_bar	withheld:modelled_gene_bar	undetermined	undetermined							hsp_fragment	hsp_fragment	0.0	0.0	0.0	0.0	0.0	algA,sexP	algA,sexP		
Absidia_glauca_NRRL_1324	Mucoromycota:MAT	scaffold_902	6225-10236	6225-10236	withheld:modelled_gene_bar	withheld:modelled_gene_bar	undetermined	undetermined							hsp_fragment	hsp_fragment	3.3	3.3	0.0	3.3	3.3	rnhA,sexP	rnhA,sexP		
Absidia_glauca_NRRL_1324	Mucoromycota:MAT	scaffold_800	1329-2318	1329-2318	withheld:modelled_gene_bar	withheld:modelled_gene_bar	undetermined	undetermined							model	model	4.2	4.2	0.0	40.3	40.3	sexM,sexP	sexM,sexP		
Absidia_glauca_NRRL_1324	Mucoromycota:MAT	scaffold_755	15992-18642	15992-18642	withheld:modelled_gene_bar+polish_capped	withheld:modelled_gene_bar+polish_capped	undetermined	undetermined							hsp_fragment	hsp_fragment	0.0	0.0	0.0	0.0	0.0	rnhA,sexM	rnhA,sexM		
Absidia_glauca_NRRL_1324	Mucoromycota:MAT	scaffold_687	1350-12404	1350-12404	withheld:modelled_gene_bar	withheld:modelled_gene_bar	undetermined	undetermined							hsp_fragment	hsp_fragment	4.8	4.8	0.0	16.1	16.1	sexP,tptA	sexP,tptA		
Absidia_glauca_NRRL_1324	Mucoromycota:MAT	scaffold_902	6225-10236	6225-10236	withheld:below_fraction_floor	withheld:below_fraction_floor	undetermined	undetermined							hsp_fragment	hsp_fragment	3.3	3.3	0.0	3.3	3.3	rnhA,sexP	rnhA,sexP		
Absidia_glauca_NRRL_1324	Mucoromycota:MAT	scaffold_800	1329-2318	1329-2318	withheld:below_fraction_floor	withheld:below_fraction_floor	undetermined	undetermined							model	model	4.2	4.2	0.0	40.3	40.3	sexM,sexP	sexM,sexP		
Absidia_glauca_NRRL_1327	Mucoromycota:MAT	scaffold_143	36420-43169	36420-43169	called	called	Minus	Minus	high	high	mat_locus	mat_locus			model	model	112.3	112.3	0.0	162.6	162.6	algA,rnhA,sexM	algA,rnhA,sexM		
Absidia_glauca_NRRL_1327	Mucoromycota:MAT	scaffold_182	4848-29793	4848-29793	withheld:modelled_gene_bar	withheld:modelled_gene_bar	undetermined	undetermined														glrA,rnhA,tptA	glrA,rnhA,tptA		
Absidia_glauca_NRRL_1328	Mucoromycota:MAT	scaffold_344	19352-20607	19352-20607	withheld:modelled_gene_bar	withheld:modelled_gene_bar	undetermined	undetermined							hsp_fragment	hsp_fragment	0.9	0.9	0.0	32.7	32.7	sexM,sexP	sexM,sexP		
Absidia_glauca_NRRL_1328	Mucoromycota:MAT	scaffold_831	12579-13640	12579-13640	withheld:modelled_gene_bar	withheld:modelled_gene_bar	undetermined	undetermined							hsp_fragment	hsp_fragment	0.8	0.8	0.0	38.1	38.1	sexM,sexP	sexM,sexP		
Absidia_glauca_NRRL_1328	Mucoromycota:MAT	scaffold_7	40878-74013	40878-74013	withheld:modelled_gene_bar+polish_capped	withheld:modelled_gene_bar+polish_capped	undetermined	undetermined							hsp_fragment	hsp_fragment	0.0	0.0	0.0	0.0	0.0	rnhA,sexP	rnhA,sexP		
Absidia_glauca_NRRL_1328	Mucoromycota:MAT	scaffold_891	6493-10500	6493-10500	withheld:modelled_gene_bar	withheld:modelled_gene_bar	undetermined	undetermined							hsp_fragment	hsp_fragment	3.3	3.3	0.0	3.3	3.3	rnhA,sexP	rnhA,sexP		
Absidia_glauca_NRRL_1328	Mucoromycota:MAT	scaffold_568	11966-22017	11966-22017	withheld:modelled_gene_bar+polish_capped	withheld:modelled_gene_bar+polish_capped	undetermined	undetermined							hsp_fragment	hsp_fragment	0.0	0.0	0.0	0.0	0.0	glrA,sexM	glrA,sexM		
Absidia_glauca_NRRL_1328	Mucoromycota:MAT	scaffold_686	842-3488	842-3488	withheld:modelled_gene_bar	withheld:modelled_gene_bar	undetermined	undetermined							hsp_fragment	hsp_fragment	0.0	0.0	0.0	0.0	0.0	rnhA,sexM	rnhA,sexM		
Absidia_glauca_NRRL_1328	Mucoromycota:MAT	scaffold_136	35136-41933	35136-41933	withheld:modelled_gene_bar	withheld:modelled_gene_bar	undetermined	undetermined							hsp_fragment	hsp_fragment	0.0	0.0	0.0	0.0	0.0	sexM,tptA	sexM,tptA		
Absidia_glauca_NRRL_1328	Mucoromycota:MAT	scaffold_818	1931-8931	1931-8931	withheld:modelled_gene_bar	withheld:modelled_gene_bar	undetermined	undetermined							hsp_fragment	hsp_fragment	0.0	0.0	0.0	0.0	0.0	sexP,tptA	sexP,tptA		
Absidia_glauca_NRRL_1328	Mucoromycota:MAT	scaffold_891	6493-10500	6493-10500	withheld:below_fraction_floor	withheld:below_fraction_floor	undetermined	undetermined							hsp_fragment	hsp_fragment	3.3	3.3	0.0	3.3	3.3	rnhA,sexP	rnhA,sexP		
Absidia_glauca_NRRL_2460	Mucoromycota:MAT	scaffold_70	37745-39000	37745-39000	withheld:modelled_gene_bar	withheld:modelled_gene_bar	undetermined	undetermined							hsp_fragment	hsp_fragment	0.9	0.9	0.0	32.7	32.7	sexM,sexP	sexM,sexP		
Absidia_glauca_NRRL_2460	Mucoromycota:MAT	scaffold_465	4832-5896	4832-5896	withheld:modelled_gene_bar	withheld:modelled_gene_bar	undetermined	undetermined							hsp_fragment	hsp_fragment	0.6	0.6	0.0	39.6	39.6	sexM,sexP	sexM,sexP		
Absidia_glauca_NRRL_2460	Mucoromycota:MAT	scaffold_882	6525-10533	6525-10533	withheld:modelled_gene_bar	withheld:modelled_gene_bar	undetermined	undetermined							hsp_fragment	hsp_fragment	3.3	3.3	0.0	3.3	3.3	rnhA,sexP	rnhA,sexP		
Absidia_glauca_NRRL_2460	Mucoromycota:MAT	scaffold_157	44187-45191	44187-45191	withheld:modelled_gene_bar	withheld:modelled_gene_bar	undetermined	undetermined							model	model	4.2	4.2	0.0	40.3	40.3	sexM,sexP	sexM,sexP		
Absidia_glauca_NRRL_2460	Mucoromycota:MAT	scaffold_717	16808-19459	16808-19459	withheld:modelled_gene_bar	withheld:modelled_gene_bar	undetermined	undetermined							hsp_fragment	hsp_fragment	0.0	0.0	0.0	0.0	0.0	rnhA,sexM	rnhA,sexM		
Absidia_glauca_NRRL_2460	Mucoromycota:MAT	scaffold_569	19120-23088	19120-23088	withheld:modelled_gene_bar+polish_capped	withheld:modelled_gene_bar+polish_capped	undetermined	undetermined							hsp_fragment	hsp_fragment	0.0	0.0	0.0	0.0	0.0	rnhA,sexM	rnhA,sexM		
Absidia_glauca_NRRL_2460	Mucoromycota:MAT	scaffold_663	3087-14154	3087-14154	withheld:modelled_gene_bar	withheld:modelled_gene_bar	undetermined	undetermined							hsp_fragment	hsp_fragment	4.8	4.8	0.0	16.1	16.1	sexP,tptA	sexP,tptA		
Absidia_glauca_NRRL_2460	Mucoromycota:MAT	scaffold_882	6525-10533	6525-10533	withheld:below_fraction_floor	withheld:below_fraction_floor	undetermined	undetermined							hsp_fragment	hsp_fragment	3.3	3.3	0.0	3.3	3.3	rnhA,sexP	rnhA,sexP		
Absidia_glauca_NRRL_2460	Mucoromycota:MAT	scaffold_157	44187-45191	44187-45191	withheld:below_fraction_floor	withheld:below_fraction_floor	undetermined	undetermined							model	model	4.2	4.2	0.0	40.3	40.3	sexM,sexP	sexM,sexP		
Absidia_glauca_NRRL_3010	Mucoromycota:MAT	scaffold_384	16232-17487	16232-17487	withheld:modelled_gene_bar	withheld:modelled_gene_bar	undetermined	undetermined							hsp_fragment	hsp_fragment	0.9	0.9	0.0	32.7	32.7	sexM,sexP	sexM,sexP		
Absidia_glauca_NRRL_3010	Mucoromycota:MAT	scaffold_726	5719-6780	5719-6780	withheld:modelled_gene_bar	withheld:modelled_gene_bar	undetermined	undetermined							hsp_fragment	hsp_fragment	0.8	0.8	0.0	38.1	38.1	sexM,sexP	sexM,sexP		
Absidia_glauca_NRRL_3010	Mucoromycota:MAT	scaffold_4	40876-73978	40876-73978	withheld:modelled_gene_bar+polish_capped	withheld:modelled_gene_bar+polish_capped	undetermined	undetermined							hsp_fragment	hsp_fragment	0.0	0.0	0.0	0.0	0.0	rnhA,sexP	rnhA,sexP		
Absidia_glauca_NRRL_3010	Mucoromycota:MAT	scaffold_905	6249-10256	6249-10256	withheld:modelled_gene_bar	withheld:modelled_gene_bar	undetermined	undetermined							hsp_fragment	hsp_fragment	3.3	3.3	0.0	3.3	3.3	rnhA,sexP	rnhA,sexP		
Absidia_glauca_NRRL_3010	Mucoromycota:MAT	scaffold_541	11911-21962	11911-21962	withheld:modelled_gene_bar+polish_capped	withheld:modelled_gene_bar+polish_capped	undetermined	undetermined							hsp_fragment	hsp_fragment	0.0	0.0	0.0	0.0	0.0	glrA,sexM	glrA,sexM		
Absidia_glauca_NRRL_3010	Mucoromycota:MAT	scaffold_721	15930-18576	15930-18576	withheld:modelled_gene_bar+polish_capped	withheld:modelled_gene_bar+polish_capped	undetermined	undetermined							hsp_fragment	hsp_fragment	0.0	0.0	0.0	0.0	0.0	rnhA,sexM	rnhA,sexM		
Absidia_glauca_NRRL_3010	Mucoromycota:MAT	scaffold_18	3461-31626	3461-31626	withheld:modelled_gene_bar	withheld:modelled_gene_bar	undetermined	undetermined							hsp_fragment	hsp_fragment	0.3	0.3	0.0	0.3	0.3	algA,sexM	algA,sexM		
Absidia_glauca_NRRL_3010	Mucoromycota:MAT	scaffold_572	2968-9764	2968-9764	withheld:modelled_gene_bar	withheld:modelled_gene_bar	undetermined	undetermined							hsp_fragment	hsp_fragment	0.0	0.0	0.0	0.0	0.0	sexM,tptA	sexM,tptA		
Absidia_glauca_NRRL_3010	Mucoromycota:MAT	scaffold_598	1931-8932	1931-8932	withheld:modelled_gene_bar	withheld:modelled_gene_bar	undetermined	undetermined							hsp_fragment	hsp_fragment	0.0	0.0	0.0	0.0	0.0	sexP,tptA	sexP,tptA		
Absidia_glauca_NRRL_3010	Mucoromycota:MAT	scaffold_905	6249-10256	6249-10256	withheld:below_fraction_floor	withheld:below_fraction_floor	undetermined	undetermined							hsp_fragment	hsp_fragment	3.3	3.3	0.0	3.3	3.3	rnhA,sexP	rnhA,sexP		
Absidia_glauca_NRRL_A-25980	Mucoromycota:MAT	scaffold_304	22530-26794	22530-26794	withheld:modelled_gene_bar	withheld:modelled_gene_bar	undetermined	undetermined							hsp_fragment	hsp_fragment	6.4	6.4	0.0	43.5	43.5	rnhA,sexM,sexP	rnhA,sexM,sexP		
Absidia_glauca_NRRL_A-25980	Mucoromycota:MAT	scaffold_780	3416-4891	3416-4891	withheld:modelled_gene_bar	withheld:modelled_gene_bar	undetermined	undetermined							hsp_fragment	hsp_fragment	2.9	2.9	0.0	33.8	33.8	sexM,sexP	sexM,sexP		
Absidia_hyalospora_NRRL_1330	Mucoromycota:MAT	scaffold_23	67138-105346	67138-105346	withheld:modelled_gene_bar	withheld:modelled_gene_bar	undetermined	undetermined							hsp_fragment	hsp_fragment	4.2	4.2	0.0	49.5	49.5	sexM,sexP,tptA	sexM,sexP,tptA		
Absidia_hyalospora_NRRL_1330	Mucoromycota:MAT	scaffold_691	2695-8368	2695-8368	withheld:modelled_gene_bar	withheld:modelled_gene_bar	undetermined	undetermined							model	model	12.8	12.8	0.0	79.9	79.9	sexM,sexP	sexM,sexP		
Absidia_hyalospora_NRRL_1330	Mucoromycota:MAT	scaffold_6	77176-78696	77176-78696	withheld:modelled_gene_bar+polish_capped	withheld:modelled_gene_bar+polish_capped	undetermined	undetermined							hsp_fragment	hsp_fragment	4.2	4.2	0.0	37.4	37.4	sexM,sexP	sexM,sexP		
Absidia_hyalospora_NRRL_1330	Mucoromycota:MAT	scaffold_464	27029-27590	27029-27590	withheld:modelled_gene_bar+polish_capped	withheld:modelled_gene_bar+polish_capped	undetermined	undetermined							hsp_fragment	hsp_fragment	3.9	3.9	0.0	36.5	36.5	sexM,sexP	sexM,sexP		
Absidia_hyalospora_NRRL_1330	Mucoromycota:MAT	scaffold_294	14247-15256	14247-15256	withheld:modelled_gene_bar	withheld:modelled_gene_bar	undetermined	undetermined							hsp_fragment	hsp_fragment	4.3	4.3	0.0	39.5	39.5	sexM,sexP	sexM,sexP		
Absidia_hyalospora_NRRL_1330	Mucoromycota:MAT	scaffold_25	6293-23400	6293-23400	withheld:modelled_gene_bar+polish_capped	withheld:modelled_gene_bar+polish_capped	undetermined	undetermined							hsp_fragment	hsp_fragment	8.7	8.7	0.0	24.7	24.7	rnhA,sexP	rnhA,sexP		
Absidia_hyalospora_NRRL_1330	Mucoromycota:MAT	scaffold_63	79855-85014	79855-85014	withheld:modelled_gene_bar	withheld:modelled_gene_bar	undetermined	undetermined							hsp_fragment	hsp_fragment	0.8	0.8	0.0	0.8	0.8	sexM,sexP	sexM,sexP		
Absidia_hyalospora_NRRL_1330	Mucoromycota:MAT	scaffold_34	54820-90906	54820-90906	withheld:modelled_gene_bar+polish_capped	withheld:modelled_gene_bar+polish_capped	undetermined	undetermined							hsp_fragment	hsp_fragment	2.8	2.8	0.0	2.8	2.8	sexM,tptA	sexM,tptA		
Absidia_hyalospora_NRRL_1330	Mucoromycota:MAT	scaffold_288	10285-16222	10285-16222	withheld:modelled_gene_bar+polish_capped	withheld:modelled_gene_bar+polish_capped	undetermined	undetermined							hsp_fragment	hsp_fragment	1.1	1.1	0.0	1.1	1.1	sexM,tptA	sexM,tptA		
Absidia_hyalospora_NRRL_1330	Mucoromycota:MAT	scaffold_491	3229-8052	3229-8052	withheld:modelled_gene_bar	withheld:modelled_gene_bar	undetermined	undetermined							hsp_fragment	hsp_fragment	0.0	0.0	0.0	0.0	0.0	sexP,tptA	sexP,tptA		
Absidia_hyalospora_NRRL_1330	Mucoromycota:MAT	scaffold_22	64648-91496	64648-91496	withheld:modelled_gene_bar	withheld:modelled_gene_bar	undetermined	undetermined							hsp_fragment	hsp_fragment	6.9	6.9	0.0	6.9	6.9	algA,sexM	algA,sexM		
Absidia_hyalospora_NRRL_1330	Mucoromycota:MAT	scaffold_691	2695-8368	2695-8368	withheld:below_fraction_floor	withheld:below_fraction_floor	undetermined	undetermined							model	model	12.8	12.8	0.0	79.9	79.9	sexM,sexP	sexM,sexP		
Absidia_inflata_NRRL_6591	Mucoromycota:MAT	scaffold_144	17844-30761	17844-30761	called	called	Minus	Minus	medium	medium	mat_locus	mat_locus			model	model	48.0	48.0	0.0	86.5	86.5	algA,glrA,sexM	algA,glrA,sexM		
Absidia_inflata_NRRL_6591	Mucoromycota:MAT	scaffold_204	7027-30280	7027-30280	withheld:below_fraction_floor	withheld:below_fraction_floor	undetermined	undetermined							hsp_fragment	hsp_fragment	0.0	0.0	0.0	0.0	0.0	rnhA,sexP	rnhA,sexP		
Absidia_macrospora_NRRL_3768	Mucoromycota:MAT	scaffold_112	2610-64121	2610-64121	withheld:modelled_gene_bar	withheld:modelled_gene_bar	undetermined	undetermined							model	model	12.8	12.8	0.0	79.9	79.9	sexM,sexP,tptA	sexM,sexP,tptA		
Absidia_macrospora_NRRL_3768	Mucoromycota:MAT	scaffold_44	20057-65053	20057-65053	withheld:modelled_gene_bar	withheld:modelled_gene_bar	undetermined	undetermined							model	model	8.8	8.8	0.0	63.0	63.0	sexP,tptA	sexP,tptA		
Absidia_macrospora_NRRL_3768	Mucoromycota:MAT	scaffold_12	59386-60906	59386-60906	withheld:modelled_gene_bar+polish_capped	withheld:modelled_gene_bar+polish_capped	undetermined	undetermined							hsp_fragment	hsp_fragment	4.2	4.2	0.0	37.4	37.4	sexM,sexP	sexM,sexP		
Absidia_macrospora_NRRL_3768	Mucoromycota:MAT	scaffold_563	2162-2723	2162-2723	withheld:modelled_gene_bar+polish_capped	withheld:modelled_gene_bar+polish_capped	undetermined	undetermined							hsp_fragment	hsp_fragment	3.9	3.9	0.0	36.5	36.5	sexM,sexP	sexM,sexP		
Absidia_macrospora_NRRL_3768	Mucoromycota:MAT	scaffold_302	28980-29989	28980-29989	withheld:modelled_gene_bar	withheld:modelled_gene_bar	undetermined	undetermined							hsp_fragment	hsp_fragment	4.3	4.3	0.0	39.5	39.5	sexM,sexP	sexM,sexP		
Absidia_macrospora_NRRL_3768	Mucoromycota:MAT	scaffold_36	6315-23422	6315-23422	withheld:modelled_gene_bar+polish_capped	withheld:modelled_gene_bar+polish_capped	undetermined	undetermined							hsp_fragment	hsp_fragment	8.7	8.7	0.0	24.7	24.7	rnhA,sexP	rnhA,sexP		
Absidia_macrospora_NRRL_3768	Mucoromycota:MAT	scaffold_86	42625-51826	42625-51826	withheld:modelled_gene_bar	withheld:modelled_gene_bar	undetermined	undetermined							hsp_fragment	hsp_fragment	0.0	0.0	0.0	0.0	0.0	sexP,tptA	sexP,tptA		
Absidia_macrospora_NRRL_3768	Mucoromycota:MAT	scaffold_70	5701-10860	5701-10860	withheld:modelled_gene_bar	withheld:modelled_gene_bar	undetermined	undetermined							hsp_fragment	hsp_fragment	0.8	0.8	0.0	0.8	0.8	sexM,sexP	sexM,sexP		
Absidia_macrospora_NRRL_3768	Mucoromycota:MAT	scaffold_41	18341-54427	18341-54427	withheld:modelled_gene_bar+polish_capped	withheld:modelled_gene_bar+polish_capped	undetermined	undetermined							hsp_fragment	hsp_fragment	2.8	2.8	0.0	2.8	2.8	sexM,tptA	sexM,tptA		
Absidia_macrospora_NRRL_3768	Mucoromycota:MAT	scaffold_454	13942-19880	13942-19880	withheld:modelled_gene_bar+polish_capped	withheld:modelled_gene_bar+polish_capped	undetermined	undetermined							hsp_fragment	hsp_fragment	1.1	1.1	0.0	1.1	1.1	sexM,tptA	sexM,tptA		
Absidia_macrospora_NRRL_3768	Mucoromycota:MAT	scaffold_489	3138-7960	3138-7960	withheld:modelled_gene_bar+polish_capped	withheld:modelled_gene_bar+polish_capped	undetermined	undetermined							hsp_fragment	hsp_fragment	0.0	0.0	0.0	0.0	0.0	sexP,tptA	sexP,tptA		
Absidia_macrospora_NRRL_3768	Mucoromycota:MAT	scaffold_30	26315-53163	26315-53163	withheld:modelled_gene_bar	withheld:modelled_gene_bar	undetermined	undetermined							hsp_fragment	hsp_fragment	6.9	6.9	0.0	6.9	6.9	algA,sexM	algA,sexM		
Absidia_macrospora_NRRL_3768	Mucoromycota:MAT	scaffold_44	20057-65053	20057-65053	withheld:below_fraction_floor	withheld:below_fraction_floor	undetermined	undetermined							model	model	8.8	8.8	0.0	63.0	63.0	sexP,tptA	sexP,tptA		
Absidia_macrospora_NRRL_5839	Mucoromycota:MAT	scaffold_443	9016-20111	9016-20111	called	called	Minus	Minus	high	high	mat_locus	mat_locus			model	model	81.8	81.8	0.0	141.8	141.8	glrA,sexM,tptA	glrA,sexM,tptA		
Absidia_macrospora_NRRL_5839	Mucoromycota:MAT	scaffold_239	13808-32184	13808-32184	withheld:modelled_gene_bar	withheld:modelled_gene_bar	undetermined	undetermined														glrA,rnhA,tptA	glrA,rnhA,tptA		
Absidia_macrospora_NRRL_5839	Mucoromycota:MAT	scaffold_282	11161-15517	11161-15517	withheld:modelled_gene_bar	withheld:modelled_gene_bar	undetermined	undetermined							hsp_fragment	hsp_fragment	6.4	6.4	0.0	43.5	43.5	rnhA,sexM,sexP	rnhA,sexM,sexP		
Absidia_macrospora_NRRL_5839	Mucoromycota:MAT	scaffold_50	73850-78699	73850-78699	withheld:below_fraction_floor	withheld:below_fraction_floor	undetermined	undetermined							hsp_fragment	hsp_fragment	3.3	3.3	0.0	3.3	3.3	rnhA,sexP	rnhA,sexP		
Absidia_macrospora_NRRL_5839	Mucoromycota:MAT	scaffold_597	268-15056	268-15056	withheld:below_fraction_floor	withheld:below_fraction_floor	undetermined	undetermined							hsp_fragment	hsp_fragment	0.0	0.0	0.0	0.0	0.0	algA,sexP	algA,sexP		
Absidia_parricida_NRRL_2409	Mucoromycota:MAT	scaffold_298	17346-27776	17346-27776	called	called	Plus	Plus	high	high	mat_locus	mat_locus			model	model	219.6	219.6	0.0	284.5	284.5	algA,rnhA,sexP,tptA	algA,rnhA,sexP,tptA		
Absidia_parricida_NRRL_2409	Mucoromycota:MAT	scaffold_75	27564-32510	27564-32510	withheld:below_fraction_floor	withheld:below_fraction_floor	undetermined	undetermined							hsp_fragment	hsp_fragment	0.0	0.0	0.0	0.0	0.0	glrA,sexP	glrA,sexP		
Absidia_pseudocylindrospora_NRRL_2984	Mucoromycota:MAT	scaffold_86	27345-39037	27345-39037	called	called	Minus	Minus	medium	medium	mat_locus	mat_locus			model	model	59.8	59.8	0.0	114.7	114.7	algA,glrA,sexM	algA,glrA,sexM		
Absidia_pseudocylindrospora_NRRL_2984	Mucoromycota:MAT	scaffold_26	71459-104787	71459-104787	withheld:modelled_gene_bar	withheld:modelled_gene_bar	undetermined	undetermined							hsp_fragment	hsp_fragment	4.1	4.1	0.0	32.6	32.6	rnhA,sexM,sexP	rnhA,sexM,sexP		
Absidia_pseudocylindrospora_NRRL_2984	Mucoromycota:MAT	scaffold_11	103553-112971	103553-112971	withheld:modelled_gene_bar	withheld:modelled_gene_bar	undetermined	undetermined														glrA,rnhA,tptA	glrA,rnhA,tptA		
Absidia_pseudocylindrospora_NRRL_2984	Mucoromycota:MAT	scaffold_158	24131-65085	24131-65085	withheld:modelled_gene_bar	withheld:modelled_gene_bar	undetermined	undetermined							hsp_fragment	hsp_fragment	0.0	0.0	0.0	0.0	0.0	glrA,rnhA,sexP	glrA,rnhA,sexP		
Absidia_pseudocylindrospora_NRRL_2984	Mucoromycota:MAT	scaffold_539	2010-22419	2010-22419	withheld:modelled_gene_bar	withheld:modelled_gene_bar	undetermined	undetermined							hsp_fragment	hsp_fragment	3.1	3.1	0.0	38.6	38.6	glrA,sexM,sexP	glrA,sexM,sexP		
Absidia_pseudocylindrospora_NRRL_2984	Mucoromycota:MAT	scaffold_27	103588-142728	103588-142728	withheld:below_fraction_floor	withheld:below_fraction_floor	undetermined	undetermined							model	model	17.9	17.9	0.0	79.8	79.8	rnhA,sexM	rnhA,sexM		
Absidia_pseudocylindrospora_NRRL_2984	Mucoromycota:MAT	scaffold_88	19807-44474	19807-44474	withheld:below_fraction_floor	withheld:below_fraction_floor	undetermined	undetermined							hsp_fragment	hsp_fragment	0.0	0.0	0.0	0.0	0.0	btbA,sexM	btbA,sexM		
Absidia_ramosa_NRRL_A-13095	Mucoromycota:MAT	scaffold_129	2610-64115	2610-64115	withheld:modelled_gene_bar	withheld:modelled_gene_bar	undetermined	undetermined							model	model	12.8	12.8	0.0	79.9	79.9	sexM,sexP,tptA	sexM,sexP,tptA		
Absidia_ramosa_NRRL_A-13095	Mucoromycota:MAT	scaffold_86	57981-59501	57981-59501	withheld:modelled_gene_bar+polish_capped	withheld:modelled_gene_bar+polish_capped	undetermined	undetermined							hsp_fragment	hsp_fragment	4.2	4.2	0.0	37.4	37.4	sexM,sexP	sexM,sexP		
Absidia_ramosa_NRRL_A-13095	Mucoromycota:MAT	scaffold_358	36251-36812	36251-36812	withheld:modelled_gene_bar	withheld:modelled_gene_bar	undetermined	undetermined							hsp_fragment	hsp_fragment	3.9	3.9	0.0	36.5	36.5	sexM,sexP	sexM,sexP		
Absidia_ramosa_NRRL_A-13095	Mucoromycota:MAT	scaffold_314	14523-15532	14523-15532	withheld:modelled_gene_bar	withheld:modelled_gene_bar	undetermined	undetermined							hsp_fragment	hsp_fragment	4.3	4.3	0.0	39.5	39.5	sexM,sexP	sexM,sexP		
Absidia_ramosa_NRRL_A-13095	Mucoromycota:MAT	scaffold_42	90242-107349	90242-107349	withheld:modelled_gene_bar+polish_capped	withheld:modelled_gene_bar+polish_capped	undetermined	undetermined							hsp_fragment	hsp_fragment	8.7	8.7	0.0	24.7	24.7	rnhA,sexP	rnhA,sexP		
Absidia_ramosa_NRRL_A-13095	Mucoromycota:MAT	scaffold_85	79893-85052	79893-85052	withheld:modelled_gene_bar	withheld:modelled_gene_bar	undetermined	undetermined							hsp_fragment	hsp_fragment	0.8	0.8	0.0	0.8	0.8	sexM,sexP	sexM,sexP		
Absidia_ramosa_NRRL_A-13095	Mucoromycota:MAT	scaffold_9	62642-98728	62642-98728	withheld:modelled_gene_bar+polish_capped	withheld:modelled_gene_bar+polish_capped	undetermined	undetermined							hsp_fragment	hsp_fragment	2.8	2.8	0.0	2.8	2.8	sexM,tptA	sexM,tptA		
Absidia_ramosa_NRRL_A-13095	Mucoromycota:MAT	scaffold_472	19527-24350	19527-24350	withheld:modelled_gene_bar	withheld:modelled_gene_bar	undetermined	undetermined							hsp_fragment	hsp_fragment	0.0	0.0	0.0	0.0	0.0	sexP,tptA	sexP,tptA		
Absidia_ramosa_NRRL_A-13095	Mucoromycota:MAT	scaffold_34	64638-91485	64638-91485	withheld:modelled_gene_bar	withheld:modelled_gene_bar	undetermined	undetermined							hsp_fragment	hsp_fragment	6.9	6.9	0.0	6.9	6.9	algA,sexM	algA,sexM		
Absidia_ramosa_NRRL_A-16036	Mucoromycota:MAT	scaffold_5115	397-1858	397-1858	withheld:modelled_gene_bar	withheld:modelled_gene_bar	undetermined	undetermined							hsp_fragment	hsp_fragment	2.0	2.0	0.0	37.8	37.8	sexM,sexP	sexM,sexP		
Absidia_ramosa_NRRL_A-16036	Mucoromycota:MAT	scaffold_2213	1159-1718	1159-1718	withheld:modelled_gene_bar	withheld:modelled_gene_bar	undetermined	undetermined							model	model	21.1	21.1	0.0	78.6	78.6	sexM,sexP	sexM,sexP		
Absidia_ramosa_NRRL_A-16036	Mucoromycota:MAT	scaffold_2757	3281-3816	3281-3816	withheld:modelled_gene_bar	withheld:modelled_gene_bar	undetermined	undetermined							hsp_fragment	hsp_fragment	13.3	13.3	0.0	44.0	44.0	sexM,sexP	sexM,sexP		
Absidia_ramosa_NRRL_A-16036	Mucoromycota:MAT	scaffold_973	3124-3674	3124-3674	withheld:modelled_gene_bar	withheld:modelled_gene_bar	undetermined	undetermined							hsp_fragment	hsp_fragment	13.5	13.5	0.0	45.3	45.3	sexM,sexP	sexM,sexP		
Absidia_ramosa_NRRL_A-16036	Mucoromycota:MAT	scaffold_2213	1159-1718	1159-1718	withheld:below_fraction_floor	withheld:below_fraction_floor	undetermined	undetermined							model	model	21.1	21.1	0.0	78.6	78.6	sexM,sexP	sexM,sexP		
Absidia_ramosa_NRRL_A-16673	Mucoromycota:MAT	scaffold_1734	2256-3717	2256-3717	withheld:modelled_gene_bar	withheld:modelled_gene_bar	undetermined	undetermined							hsp_fragment	hsp_fragment	2.0	2.0	0.0	37.8	37.8	sexM,sexP	sexM,sexP		
Absidia_ramosa_NRRL_A-16673	Mucoromycota:MAT	scaffold_4260	1362-1921	1362-1921	withheld:modelled_gene_bar	withheld:modelled_gene_bar	undetermined	undetermined							model	model	21.1	21.1	0.0	78.6	78.6	sexM,sexP	sexM,sexP		
Absidia_ramosa_NRRL_A-16673	Mucoromycota:MAT	scaffold_2770	3770-4579	3770-4579	withheld:modelled_gene_bar	withheld:modelled_gene_bar	undetermined	undetermined							hsp_fragment	hsp_fragment	3.9	3.9	0.0	44.0	44.0	sexM,sexP	sexM,sexP		
Absidia_ramosa_NRRL_A-16673	Mucoromycota:MAT	scaffold_612	8732-9267	8732-9267	withheld:modelled_gene_bar	withheld:modelled_gene_bar	undetermined	undetermined							hsp_fragment	hsp_fragment	13.3	13.3	0.0	44.0	44.0	sexM,sexP	sexM,sexP		
Absidia_ramosa_NRRL_A-16673	Mucoromycota:MAT	scaffold_403	13166-13716	13166-13716	withheld:modelled_gene_bar	withheld:modelled_gene_bar	undetermined	undetermined							hsp_fragment	hsp_fragment	13.5	13.5	0.0	45.3	45.3	sexM,sexP	sexM,sexP		
Absidia_ramosa_NRRL_A-16673	Mucoromycota:MAT	scaffold_2632	325-5105	325-5105	withheld:modelled_gene_bar	withheld:modelled_gene_bar	undetermined	undetermined							hsp_fragment	hsp_fragment	1.1	1.1	0.0	1.1	1.1	rnhA,sexP	rnhA,sexP		
Absidia_ramosa_NRRL_A-16673	Mucoromycota:MAT	scaffold_4260	1362-1921	1362-1921	withheld:below_fraction_floor	withheld:below_fraction_floor	undetermined	undetermined							model	model	21.1	21.1	0.0	78.6	78.6	sexM,sexP	sexM,sexP		
Absidia_ramosa_NRRL_A-25726	Mucoromycota:MAT	scaffold_46	18782-56105	18782-56105	withheld:modelled_gene_bar	withheld:modelled_gene_bar	undetermined	undetermined							hsp_fragment	hsp_fragment	16.1	16.1	0.0	46.5	46.5	rnhA,sexM,sexP	rnhA,sexM,sexP		
Absidia_ramosa_NRRL_A-25726	Mucoromycota:MAT	scaffold_33	62015-102204	62015-102204	withheld:modelled_gene_bar	withheld:modelled_gene_bar	undetermined	undetermined							model	model	6.4	6.4	0.0	52.2	52.2	sexM,sexP,tptA	sexM,sexP,tptA		
Absidia_ramosa_NRRL_A-25726	Mucoromycota:MAT	scaffold_35	85857-87317	85857-87317	withheld:modelled_gene_bar	withheld:modelled_gene_bar	undetermined	undetermined							hsp_fragment	hsp_fragment	2.0	2.0	0.0	37.8	37.8	sexM,sexP	sexM,sexP		
Absidia_ramosa_NRRL_A-25726	Mucoromycota:MAT	scaffold_56	117297-123422	117297-123422	withheld:modelled_gene_bar	withheld:modelled_gene_bar	undetermined	undetermined							hsp_fragment	hsp_fragment	0.0	0.0	0.0	0.0	0.0	rnhA,sexP	rnhA,sexP		
Absidia_ramosa_NRRL_A-25726	Mucoromycota:MAT	scaffold_1	975914-996975	975914-996975	withheld:modelled_gene_bar+polish_capped	withheld:modelled_gene_bar+polish_capped	undetermined	undetermined							hsp_fragment	hsp_fragment	0.0	0.0	0.0	0.0	0.0	glrA,sexM	glrA,sexM		
Absidia_ramosa_NRRL_A-25726	Mucoromycota:MAT	scaffold_79	85625-113383	85625-113383	withheld:modelled_gene_bar	withheld:modelled_gene_bar	undetermined	undetermined							hsp_fragment	hsp_fragment	1.0	1.0	0.0	1.0	1.0	rnhA,sexP	rnhA,sexP		
Absidia_ramosa_NRRL_A-25726	Mucoromycota:MAT	scaffold_29	62457-86378	62457-86378	withheld:modelled_gene_bar	withheld:modelled_gene_bar	undetermined	undetermined							hsp_fragment	hsp_fragment	0.6	0.6	0.0	2.0	2.0	rnhA,sexM	rnhA,sexM		
Absidia_ramosa_NRRL_A-25726	Mucoromycota:MAT	scaffold_142	38827-39338	38827-39338	withheld:modelled_gene_bar+polish_capped	withheld:modelled_gene_bar+polish_capped	undetermined	undetermined							hsp_fragment	hsp_fragment	13.8	13.8	0.0	58.7	58.7	sexM,sexP	sexM,sexP		
Absidia_ramosa_NRRL_A-25726	Mucoromycota:MAT	scaffold_6	483563-488896	483563-488896	withheld:modelled_gene_bar+polish_capped	withheld:modelled_gene_bar+polish_capped	undetermined	undetermined							hsp_fragment	hsp_fragment	0.5	0.5	0.0	0.5	0.5	sexM,sexP	sexM,sexP		
Absidia_ramosa_NRRL_A-25726	Mucoromycota:MAT	scaffold_41	76303-83296	76303-83296	withheld:modelled_gene_bar+polish_capped	withheld:modelled_gene_bar+polish_capped	undetermined	undetermined							hsp_fragment	hsp_fragment	0.0	0.0	0.0	0.0	0.0	sexM,sexP	sexM,sexP		
Absidia_ramosa_NRRL_A-25726	Mucoromycota:MAT	scaffold_37	116900-184989	116900-184989	withheld:modelled_gene_bar+polish_capped	withheld:modelled_gene_bar+polish_capped	undetermined	undetermined							hsp_fragment	hsp_fragment	0.7	0.7	0.0	0.7	0.7	sexM,tptA	sexM,tptA		
Absidia_repens_NRRL_1337	Mucoromycota:MAT	scaffold_20	33719-43569	33719-43569	called	called	Minus	Minus	medium	medium	mat_locus	mat_locus			model	model	88.9	88.9	0.0	161.5	161.5	algA,glrA,sexM	algA,glrA,sexM		
Absidia_repens_NRRL_1337	Mucoromycota:MAT	scaffold_656	2771-3548	2771-3548	withheld:below_fraction_floor	withheld:below_fraction_floor	undetermined	undetermined							model	model	8.3	8.3	0.0	46.5	46.5	sexM,sexP	sexM,sexP		
Absidia_repens_NRRL_1337	Mucoromycota:MAT	scaffold_128	22907-23393	22907-23393	withheld:below_fraction_floor	withheld:below_fraction_floor	undetermined	undetermined							model	model	14.1	14.1	0.0	88.2	88.2	sexM,sexP	sexM,sexP		
Absidia_repens_NRRL_1338	Mucoromycota:MAT	scaffold_440	17423-33080	17423-33080	called	called	Plus	Plus	medium	medium	mat_locus	mat_locus			model	model	229.0	229.0	0.0	292.5	292.5	algA,glrA,sexP	algA,glrA,sexP		
Absidia_repens_NRRL_1338	Mucoromycota:MAT	scaffold_13	33373-35234	33373-35234	withheld:below_fraction_floor	withheld:below_fraction_floor	undetermined	undetermined							hsp_fragment	hsp_fragment	2.0	2.0	0.0	2.0	2.0	rnhA,sexP	rnhA,sexP		
Absidia_repens_NRRL_1338	Mucoromycota:MAT	scaffold_98	40960-65773	40960-65773	withheld:below_fraction_floor	withheld:below_fraction_floor	undetermined	undetermined							hsp_fragment	hsp_fragment	0.0	0.0	0.0	0.0	0.0	btbA,sexP	btbA,sexP		
Absidia_sp._NRRL_3163	Mucoromycota:MAT	scaffold_198	27667-35354	27667-35354	called	called	Plus	Plus	medium	medium	partial_locus	partial_locus			model	model	93.0	93.0	0.0	116.4	116.4	rnhA,sexP	rnhA,sexP		
Absidia_sp._NRRL_3163	Mucoromycota:MAT	scaffold_497	21535-31243	21535-31243	withheld:modelled_gene_bar	withheld:modelled_gene_bar	undetermined	undetermined														algA,rnhA,tptA	algA,rnhA,tptA		
Absidia_sp._NRRL_3163	Mucoromycota:MAT	scaffold_689	11887-13510	11887-13510	withheld:modelled_gene_bar	withheld:modelled_gene_bar	undetermined	undetermined							hsp_fragment	hsp_fragment	1.2	1.2	0.0	36.3	36.3	sexM,sexP	sexM,sexP		
Absidia_sp._NRRL_3163	Mucoromycota:MAT	scaffold_93	61511-62335	61511-62335	withheld:modelled_gene_bar+polish_capped	withheld:modelled_gene_bar+polish_capped	undetermined	undetermined							hsp_fragment	hsp_fragment	5.9	5.9	0.0	62.7	62.7	sexM,sexP	sexM,sexP		
Absidia_sp._NRRL_3163	Mucoromycota:MAT	scaffold_430	15802-16279	15802-16279	withheld:modelled_gene_bar+polish_capped	withheld:modelled_gene_bar+polish_capped	undetermined	undetermined							hsp_fragment	hsp_fragment	7.9	7.9	0.0	57.2	57.2	sexM,sexP	sexM,sexP		
Absidia_sp._NRRL_3163	Mucoromycota:MAT	scaffold_110	25883-26753	25883-26753	withheld:modelled_gene_bar	withheld:modelled_gene_bar	undetermined	undetermined							hsp_fragment	hsp_fragment	3.0	3.0	0.0	36.5	36.5	sexM,sexP	sexM,sexP		
Absidia_sp._NRRL_3163	Mucoromycota:MAT	scaffold_329	5790-27014	5790-27014	withheld:modelled_gene_bar	withheld:modelled_gene_bar	undetermined	undetermined							hsp_fragment	hsp_fragment	0.5	0.5	0.0	43.6	43.6	sexM,sexP	sexM,sexP		
Absidia_sp._NRRL_3163	Mucoromycota:MAT	scaffold_803	7240-15756	7240-15756	withheld:modelled_gene_bar+polish_capped	withheld:modelled_gene_bar+polish_capped	undetermined	undetermined							hsp_fragment	hsp_fragment	0.0	0.0	0.0	0.0	0.0	sexM,sexP	sexM,sexP		
Absidia_sp._NRRL_3163	Mucoromycota:MAT	scaffold_27	43878-96996	43878-96996	withheld:modelled_gene_bar	withheld:modelled_gene_bar	undetermined	undetermined							hsp_fragment	hsp_fragment	3.3	3.3	0.0	15.5	15.5	btbA,sexP	btbA,sexP		
Absidia_sp._NRRL_3163	Mucoromycota:MAT	scaffold_197	10335-34594	10335-34594	withheld:modelled_gene_bar+polish_capped	withheld:modelled_gene_bar+polish_capped	undetermined	undetermined							hsp_fragment	hsp_fragment	3.7	3.7	0.0	25.2	25.2	rnhA,sexM	rnhA,sexM		
Absidia_sp._NRRL_3163	Mucoromycota:MAT	scaffold_22	99464-121909	99464-121909	withheld:mat_gene_gate	withheld:mat_gene_gate	undetermined	undetermined							model	model	18.1	18.1	0.0	36.5	36.5	glrA,sexP	glrA,sexP		
Absidia_sp._NRRL_3163	Mucoromycota:MAT	scaffold_22	99464-121909	99464-121909	withheld:below_fraction_floor	withheld:below_fraction_floor	undetermined	undetermined							model	model	18.1	18.1	0.0	36.5	36.5	glrA,sexP	glrA,sexP		
Absidia_sp._NRRL_3163	Mucoromycota:MAT	scaffold_27	43878-96996	43878-96996	withheld:below_fraction_floor	withheld:below_fraction_floor	undetermined	undetermined							hsp_fragment	hsp_fragment	3.3	3.3	0.0	15.5	15.5	btbA,sexP	btbA,sexP		
Absidia_sp._NRRL_A-14007	Mucoromycota:MAT	scaffold_135	17037-60214	17037-60214	withheld:modelled_gene_bar	withheld:modelled_gene_bar	undetermined	undetermined							hsp_fragment	hsp_fragment	0.0	0.0	0.0	0.0	0.0	glrA,rnhA,sexM	glrA,rnhA,sexM		
Absidia_sp._NRRL_A-14007	Mucoromycota:MAT	scaffold_14	165807-173805	165807-173805	withheld:flank_carried_core_outside_flank_span	withheld:flank_carried_core_outside_flank_span	undetermined	undetermined							hsp_fragment	hsp_fragment	0.0	0.0	0.0	0.0	0.0	algA,rnhA,sexM,tptA	algA,rnhA,sexM,tptA		
Absidia_sp._NRRL_A-14007	Mucoromycota:MAT	scaffold_161	15512-16174	15512-16174	withheld:modelled_gene_bar	withheld:modelled_gene_bar	undetermined	undetermined							model	model	7.2	7.2	0.0	62.3	62.3	sexM,sexP	sexM,sexP		
Absidia_sp._NRRL_A-14007	Mucoromycota:MAT	scaffold_34	93767-142255	93767-142255	withheld:modelled_gene_bar	withheld:modelled_gene_bar	undetermined	undetermined							hsp_fragment	hsp_fragment	0.4	0.4	0.0	34.0	34.0	sexM,sexP	sexM,sexP		
Absidia_sp._NRRL_A-14007	Mucoromycota:MAT	scaffold_81	2086-13093	2086-13093	withheld:modelled_gene_bar	withheld:modelled_gene_bar	Plus	Plus							hsp_fragment	hsp_fragment	63.8	63.8	0.0	96.4	96.4	rnhA,sexP	rnhA,sexP		
Absidia_sp._NRRL_A-14007	Mucoromycota:MAT	scaffold_280	17433-23600	17433-23600	withheld:modelled_gene_bar+polish_capped	withheld:modelled_gene_bar+polish_capped	undetermined	undetermined							hsp_fragment	hsp_fragment	0.0	0.0	0.0	0.0	0.0	rnhA,sexM	rnhA,sexM		
Absidia_sp._NRRL_A-14007	Mucoromycota:MAT	scaffold_98	35513-54299	35513-54299	withheld:modelled_gene_bar+polish_capped	withheld:modelled_gene_bar+polish_capped	undetermined	undetermined							hsp_fragment	hsp_fragment	12.7	12.7	0.0	62.8	62.8	sexM,sexP	sexM,sexP		
Absidia_sp._NRRL_A-14007	Mucoromycota:MAT	scaffold_219	19904-55800	19904-55800	withheld:modelled_gene_bar+polish_capped	withheld:modelled_gene_bar+polish_capped	undetermined	undetermined							hsp_fragment	hsp_fragment	0.0	0.0	0.0	0.0	0.0	sexM,sexP	sexM,sexP		
Absidia_sp._NRRL_A-14007	Mucoromycota:MAT	scaffold_116	38939-54885	38939-54885	withheld:modelled_gene_bar+polish_capped	withheld:modelled_gene_bar+polish_capped	undetermined	undetermined							hsp_fragment	hsp_fragment	9.3	9.3	0.0	22.7	22.7	rnhA,sexP	rnhA,sexP		
Absidia_sp._NRRL_A-14007	Mucoromycota:MAT	scaffold_50	50939-57415	50939-57415	withheld:modelled_gene_bar+polish_capped	withheld:modelled_gene_bar+polish_capped	undetermined	undetermined							hsp_fragment	hsp_fragment	0.0	0.0	0.0	0.0	0.0	glrA,sexP	glrA,sexP		
Absidia_sp._NRRL_A-14007	Mucoromycota:MAT	scaffold_177	55753-58562	55753-58562	withheld:modelled_gene_bar+polish_capped	withheld:modelled_gene_bar+polish_capped	undetermined	undetermined							hsp_fragment	hsp_fragment	0.0	0.0	0.0	0.0	0.0	btbA,sexP	btbA,sexP		
Absidia_sp._NRRL_A-14007	Mucoromycota:MAT	scaffold_195	35771-62798	35771-62798	withheld:modelled_gene_bar	withheld:modelled_gene_bar	undetermined	undetermined							hsp_fragment	hsp_fragment	0.0	0.0	0.0	0.0	0.0	sexM,sexP	sexM,sexP		
Absidia_sp._NRRL_A-14007	Mucoromycota:MAT	scaffold_161	15512-16174	15512-16174	withheld:below_fraction_floor	withheld:below_fraction_floor	undetermined	undetermined							model	model	7.2	7.2	0.0	62.3	62.3	sexM,sexP	sexM,sexP		
Absidia_sp._NRRL_A-14007	Mucoromycota:MAT	scaffold_81	2086-13093	2086-13093	withheld:below_fraction_floor	withheld:below_fraction_floor	Plus	Plus							hsp_fragment	hsp_fragment	63.8	63.8	0.0	96.4	96.4	rnhA,sexP	rnhA,sexP		
Absidia_sp._NRRL_A-16789	Mucoromycota:MAT	scaffold_527	1544-16463	1544-16463	called	called	Minus	Minus	high	high	mat_locus	mat_locus			model	model	78.4	78.4	0.0	118.2	118.2	algA,glrA,rnhA,sexM,tptA	algA,glrA,rnhA,sexM,tptA		
Absidia_sp._NRRL_A-16789	Mucoromycota:MAT	scaffold_275	8030-24905	8030-24905	withheld:modelled_gene_bar	withheld:modelled_gene_bar	undetermined	undetermined							hsp_fragment	hsp_fragment	2.1	2.1	0.0	2.1	2.1	rnhA,sexP,tptA	rnhA,sexP,tptA		
Absidia_sp._NRRL_A-16789	Mucoromycota:MAT	scaffold_122	50933-57413	50933-57413	withheld:modelled_gene_bar	withheld:modelled_gene_bar	undetermined	undetermined							hsp_fragment	hsp_fragment	1.2	1.2	0.0	35.8	35.8	glrA,sexM,sexP	glrA,sexM,sexP		
Absidia_sp._NRRL_A-16789	Mucoromycota:MAT	scaffold_184	27034-30693	27034-30693	withheld:below_fraction_floor	withheld:below_fraction_floor	undetermined	undetermined							model	model	14.7	14.7	0.0	73.9	73.9	rnhA,sexP	rnhA,sexP		
Absidia_sp._NRRL_A-16789	Mucoromycota:MAT	scaffold_22	32140-57871	32140-57871	withheld:below_fraction_floor	withheld:below_fraction_floor	undetermined	undetermined							hsp_fragment	hsp_fragment	0.0	0.0	0.0	0.0	0.0	sexM,tptA	sexM,tptA		
Absidia_sp._NRRL_A-17469	Mucoromycota:MAT	scaffold_107	17155-85649	17155-85649	withheld:modelled_gene_bar	withheld:modelled_gene_bar	undetermined	undetermined							hsp_fragment	hsp_fragment	3.9	3.9	0.0	44.0	44.0	sexM,sexP,tptA	sexM,sexP,tptA		
Absidia_sp._NRRL_A-17469	Mucoromycota:MAT	scaffold_45	125665-162985	125665-162985	withheld:modelled_gene_bar	withheld:modelled_gene_bar	undetermined	undetermined							hsp_fragment	hsp_fragment	13.3	13.3	0.0	44.0	44.0	rnhA,sexM,sexP	rnhA,sexM,sexP		
Absidia_sp._NRRL_A-17469	Mucoromycota:MAT	scaffold_5	255032-299254	255032-299254	withheld:modelled_gene_bar	withheld:modelled_gene_bar	undetermined	undetermined							hsp_fragment	hsp_fragment	0.0	0.0	0.0	0.0	0.0	algA,rnhA,sexP	algA,rnhA,sexP		
Absidia_sp._NRRL_A-17469	Mucoromycota:MAT	scaffold_152	29814-31278	29814-31278	withheld:modelled_gene_bar+polish_capped	withheld:modelled_gene_bar+polish_capped	undetermined	undetermined							hsp_fragment	hsp_fragment	2.0	2.0	0.0	37.8	37.8	sexM,sexP	sexM,sexP		
Absidia_sp._NRRL_A-17469	Mucoromycota:MAT	scaffold_78	49558-82911	49558-82911	withheld:modelled_gene_bar+polish_capped	withheld:modelled_gene_bar+polish_capped	undetermined	undetermined							hsp_fragment	hsp_fragment	0.0	0.0	0.0	0.0	0.0	glrA,sexP	glrA,sexP		
Absidia_sp._NRRL_A-17469	Mucoromycota:MAT	scaffold_1	372268-394070	372268-394070	withheld:modelled_gene_bar	withheld:modelled_gene_bar	undetermined	undetermined							hsp_fragment	hsp_fragment	0.0	0.0	0.0	0.0	0.0	algA,sexM	algA,sexM		
Absidia_sp._NRRL_A-17469	Mucoromycota:MAT	scaffold_21	289798-318032	289798-318032	withheld:modelled_gene_bar+polish_capped	withheld:modelled_gene_bar+polish_capped	undetermined	undetermined							hsp_fragment	hsp_fragment	1.0	1.0	0.0	1.0	1.0	rnhA,sexP	rnhA,sexP		
Absidia_sp._NRRL_A-17469	Mucoromycota:MAT	scaffold_157	7818-8377	7818-8377	withheld:modelled_gene_bar+polish_capped	withheld:modelled_gene_bar+polish_capped	undetermined	undetermined							hsp_fragment	hsp_fragment	12.2	12.2	0.0	57.0	57.0	sexM,sexP	sexM,sexP		
Absidia_sp._NRRL_A-17469	Mucoromycota:MAT	scaffold_19	94184-125616	94184-125616	withheld:modelled_gene_bar	withheld:modelled_gene_bar	undetermined	undetermined							model	model	23.1	23.1	0.0	37.5	37.5	rnhA,sexM	rnhA,sexM		
Absidia_sp._NRRL_A-17469	Mucoromycota:MAT	scaffold_5	429820-460387	429820-460387	withheld:modelled_gene_bar+polish_capped	withheld:modelled_gene_bar+polish_capped	undetermined	undetermined							hsp_fragment	hsp_fragment	2.2	2.2	0.0	2.2	2.2	algA,sexP	algA,sexP		
Absidia_sp._NRRL_A-17469	Mucoromycota:MAT	scaffold_46	4891-7516	4891-7516	withheld:modelled_gene_bar+polish_capped	withheld:modelled_gene_bar+polish_capped	undetermined	undetermined							hsp_fragment	hsp_fragment	9.9	9.9	0.0	24.7	24.7	sexM,sexP	sexM,sexP		
Absidia_sp._NRRL_A-17469	Mucoromycota:MAT	scaffold_67	27623-52654	27623-52654	withheld:modelled_gene_bar+polish_capped	withheld:modelled_gene_bar+polish_capped	undetermined	undetermined							hsp_fragment	hsp_fragment	0.0	0.0	0.0	0.0	0.0	glrA,sexM	glrA,sexM		
Absidia_sp._NRRL_A-17469	Mucoromycota:MAT	scaffold_12	118346-123392	118346-123392	withheld:modelled_gene_bar	withheld:modelled_gene_bar	undetermined	undetermined							hsp_fragment	hsp_fragment	8.1	8.1	0.0	25.4	25.4	rnhA,sexP	rnhA,sexP		
Absidia_sp._NRRL_A-17469	Mucoromycota:MAT	scaffold_25	100101-123751	100101-123751	withheld:modelled_gene_bar+polish_capped	withheld:modelled_gene_bar+polish_capped	undetermined	undetermined							hsp_fragment	hsp_fragment	0.0	0.0	0.0	0.0	0.0	rnhA,sexM	rnhA,sexM		
Absidia_sp._NRRL_A-17469	Mucoromycota:MAT	scaffold_101	66322-76582	66322-76582	withheld:modelled_gene_bar+polish_capped	withheld:modelled_gene_bar+polish_capped	undetermined	undetermined							hsp_fragment	hsp_fragment	0.0	0.0	0.0	0.0	0.0	btbA,sexM	btbA,sexM		
Absidia_sp._NRRL_A-17469	Mucoromycota:MAT	scaffold_1	372268-394070	372268-394070	withheld:below_fraction_floor	withheld:below_fraction_floor	undetermined	undetermined							hsp_fragment	hsp_fragment	0.0	0.0	0.0	0.0	0.0	algA,sexM	algA,sexM		
Absidia_sp._NRRL_A-17469	Mucoromycota:MAT	scaffold_19	94184-125616	94184-125616	withheld:below_fraction_floor	withheld:below_fraction_floor	undetermined	undetermined							model	model	23.1	23.1	0.0	37.5	37.5	rnhA,sexM	rnhA,sexM		
Absidia_sp._NRRL_A-19777	Mucoromycota:MAT	scaffold_106	2246-70744	2246-70744	withheld:modelled_gene_bar	withheld:modelled_gene_bar	undetermined	undetermined							hsp_fragment	hsp_fragment	3.9	3.9	0.0	44.0	44.0	sexM,sexP,tptA	sexM,sexP,tptA		
Absidia_sp._NRRL_A-19777	Mucoromycota:MAT	scaffold_22	27277-64600	27277-64600	withheld:modelled_gene_bar	withheld:modelled_gene_bar	undetermined	undetermined							hsp_fragment	hsp_fragment	13.3	13.3	0.0	44.0	44.0	rnhA,sexM,sexP	rnhA,sexM,sexP		
Absidia_sp._NRRL_A-19777	Mucoromycota:MAT	scaffold_8	213757-257979	213757-257979	withheld:modelled_gene_bar	withheld:modelled_gene_bar	undetermined	undetermined							hsp_fragment	hsp_fragment	0.0	0.0	0.0	0.0	0.0	algA,rnhA,sexP	algA,rnhA,sexP		
Absidia_sp._NRRL_A-19777	Mucoromycota:MAT	scaffold_94	16562-18026	16562-18026	withheld:modelled_gene_bar+polish_capped	withheld:modelled_gene_bar+polish_capped	undetermined	undetermined							hsp_fragment	hsp_fragment	2.0	2.0	0.0	37.8	37.8	sexM,sexP	sexM,sexP		
Absidia_sp._NRRL_A-19777	Mucoromycota:MAT	scaffold_82	49558-82914	49558-82914	withheld:modelled_gene_bar+polish_capped	withheld:modelled_gene_bar+polish_capped	undetermined	undetermined							hsp_fragment	hsp_fragment	0.0	0.0	0.0	0.0	0.0	glrA,sexP	glrA,sexP		
Absidia_sp._NRRL_A-19777	Mucoromycota:MAT	scaffold_1	372682-394484	372682-394484	withheld:modelled_gene_bar	withheld:modelled_gene_bar	undetermined	undetermined							hsp_fragment	hsp_fragment	0.0	0.0	0.0	0.0	0.0	algA,sexM	algA,sexM		
Absidia_sp._NRRL_A-19777	Mucoromycota:MAT	scaffold_24	21777-42890	21777-42890	withheld:modelled_gene_bar+polish_capped	withheld:modelled_gene_bar+polish_capped	undetermined	undetermined							hsp_fragment	hsp_fragment	0.0	0.0	0.0	0.0	0.0	glrA,sexM	glrA,sexM		
Absidia_sp._NRRL_A-19777	Mucoromycota:MAT	scaffold_23	287957-316191	287957-316191	withheld:modelled_gene_bar+polish_capped	withheld:modelled_gene_bar+polish_capped	undetermined	undetermined							hsp_fragment	hsp_fragment	1.0	1.0	0.0	1.0	1.0	rnhA,sexP	rnhA,sexP		
Absidia_sp._NRRL_A-19777	Mucoromycota:MAT	scaffold_141	38832-39391	38832-39391	withheld:modelled_gene_bar+polish_capped	withheld:modelled_gene_bar+polish_capped	undetermined	undetermined							hsp_fragment	hsp_fragment	12.2	12.2	0.0	57.0	57.0	sexM,sexP	sexM,sexP		
Absidia_sp._NRRL_A-19777	Mucoromycota:MAT	scaffold_20	219118-250550	219118-250550	withheld:modelled_gene_bar	withheld:modelled_gene_bar	undetermined	undetermined							model	model	23.1	23.1	0.0	37.5	37.5	rnhA,sexM	rnhA,sexM		
Absidia_sp._NRRL_A-19777	Mucoromycota:MAT	scaffold_8	52623-83190	52623-83190	withheld:modelled_gene_bar+polish_capped	withheld:modelled_gene_bar+polish_capped	undetermined	undetermined							hsp_fragment	hsp_fragment	2.2	2.2	0.0	2.2	2.2	algA,sexP	algA,sexP		
Absidia_sp._NRRL_A-19777	Mucoromycota:MAT	scaffold_10	4892-7517	4892-7517	withheld:modelled_gene_bar+polish_capped	withheld:modelled_gene_bar+polish_capped	undetermined	undetermined							hsp_fragment	hsp_fragment	9.9	9.9	0.0	24.7	24.7	sexM,sexP	sexM,sexP		
Absidia_sp._NRRL_A-19777	Mucoromycota:MAT	scaffold_74	27602-52633	27602-52633	withheld:modelled_gene_bar+polish_capped	withheld:modelled_gene_bar+polish_capped	undetermined	undetermined							hsp_fragment	hsp_fragment	0.0	0.0	0.0	0.0	0.0	glrA,sexM	glrA,sexM		
Absidia_sp._NRRL_A-19777	Mucoromycota:MAT	scaffold_16	294004-299050	294004-299050	withheld:modelled_gene_bar	withheld:modelled_gene_bar	undetermined	undetermined							hsp_fragment	hsp_fragment	8.1	8.1	0.0	25.4	25.4	rnhA,sexP	rnhA,sexP		
Absidia_sp._NRRL_A-19777	Mucoromycota:MAT	scaffold_41	108749-131217	108749-131217	withheld:modelled_gene_bar+polish_capped	withheld:modelled_gene_bar+polish_capped	undetermined	undetermined							hsp_fragment	hsp_fragment	0.0	0.0	0.0	0.0	0.0	rnhA,sexM	rnhA,sexM		
Absidia_sp._NRRL_A-19777	Mucoromycota:MAT	scaffold_28	100102-123752	100102-123752	withheld:modelled_gene_bar+polish_capped	withheld:modelled_gene_bar+polish_capped	undetermined	undetermined							hsp_fragment	hsp_fragment	0.0	0.0	0.0	0.0	0.0	rnhA,sexM	rnhA,sexM		
Absidia_sp._NRRL_A-19777	Mucoromycota:MAT	scaffold_98	23662-33922	23662-33922	withheld:modelled_gene_bar+polish_capped	withheld:modelled_gene_bar+polish_capped	undetermined	undetermined							hsp_fragment	hsp_fragment	0.0	0.0	0.0	0.0	0.0	btbA,sexM	btbA,sexM		
Absidia_sp._NRRL_A-19777	Mucoromycota:MAT	scaffold_1	372682-394484	372682-394484	withheld:below_fraction_floor	withheld:below_fraction_floor	undetermined	undetermined							hsp_fragment	hsp_fragment	0.0	0.0	0.0	0.0	0.0	algA,sexM	algA,sexM		
Absidia_sp._NRRL_A-19777	Mucoromycota:MAT	scaffold_20	219118-250550	219118-250550	withheld:below_fraction_floor	withheld:below_fraction_floor	undetermined	undetermined							model	model	23.1	23.1	0.0	37.5	37.5	rnhA,sexM	rnhA,sexM		
Absidia_spinosa_NRRL_A-13651	Mucoromycota:MAT	scaffold_201	7858-31120	7858-31120	called	called	Plus	Plus	high	high	mat_locus	mat_locus			model	model	165.9	165.9	0.0	285.5	285.5	algA,glrA,rnhA,sexM,sexP	algA,glrA,rnhA,sexM,sexP		
Absidia_spinosa_NRRL_A-13651	Mucoromycota:MAT	scaffold_41	9136-12229	9136-12229	withheld:modelled_gene_bar	withheld:modelled_gene_bar	undetermined	undetermined							hsp_fragment	hsp_fragment	3.3	3.3	0.0	36.1	36.1	algA,sexM,sexP	algA,sexM,sexP		
Absidia_spinosa_NRRL_A-13651	Mucoromycota:MAT	scaffold_655	10103-19524	10103-19524	withheld:modelled_gene_bar	withheld:modelled_gene_bar	undetermined	undetermined														glrA,rnhA,tptA	glrA,rnhA,tptA		
Absidia_spinosa_NRRL_A-13651	Mucoromycota:MAT	scaffold_328	27525-32810	27525-32810	withheld:below_fraction_floor	withheld:below_fraction_floor	undetermined	undetermined							hsp_fragment	hsp_fragment	0.0	0.0	0.0	0.0	0.0	btbA,sexP	btbA,sexP		
Absidia_spinosa_var._azygospora_NRRL_2841	Mucoromycota:MAT	scaffold_1	166036-177670	166036-177670	called	called	Plus	Plus	medium	medium	mat_locus	mat_locus			model	model	206.7	206.7	0.0	264.3	264.3	algA,glrA,sexP	algA,glrA,sexP		
Absidia_spinosa_var._azygospora_NRRL_2841	Mucoromycota:MAT	scaffold_347	1073-26465	1073-26465	withheld:modelled_gene_bar	withheld:modelled_gene_bar	undetermined	undetermined														glrA,rnhA,tptA	glrA,rnhA,tptA		
Absidia_spinosa_var._azygospora_NRRL_2841	Mucoromycota:MAT	scaffold_16	98892-135145	98892-135145	withheld:below_fraction_floor	withheld:below_fraction_floor	undetermined	undetermined							hsp_fragment	hsp_fragment	10.6	10.6	0.0	56.1	56.1	rnhA,sexM	rnhA,sexM		
Absidia_spinosa_var._azygospora_NRRL_2841	Mucoromycota:MAT	scaffold_271	21248-38202	21248-38202	withheld:below_fraction_floor	withheld:below_fraction_floor	undetermined	undetermined							hsp_fragment	hsp_fragment	8.3	8.3	0.0	40.6	40.6	glrA,sexP	glrA,sexP		
Absidia_spinosa_var._biappendiculata_NRRL_3033	Mucoromycota:MAT	scaffold_35	122632-133045	122632-133045	called	called	Plus	Plus	medium	medium	partial_locus	partial_locus			model	model	221.3	221.3	0.0	285.9	285.9	glrA,sexP	glrA,sexP		
Absidia_spinosa_var._biappendiculata_NRRL_3033	Mucoromycota:MAT	scaffold_2	136545-139774	136545-139774	withheld:modelled_gene_bar	withheld:modelled_gene_bar	undetermined	undetermined							hsp_fragment	hsp_fragment	3.6	3.6	0.0	33.4	33.4	algA,sexM,sexP	algA,sexM,sexP		
Absidia_spinosa_var._biappendiculata_NRRL_3033	Mucoromycota:MAT	scaffold_52	13515-23068	13515-23068	withheld:modelled_gene_bar	withheld:modelled_gene_bar	undetermined	undetermined														glrA,rnhA,tptA	glrA,rnhA,tptA		
Absidia_spinosa_var._biappendiculata_NRRL_3033	Mucoromycota:MAT	scaffold_198	40070-64558	40070-64558	withheld:modelled_gene_bar+polish_capped	withheld:modelled_gene_bar+polish_capped	undetermined	undetermined							hsp_fragment	hsp_fragment	0.0	0.0	0.0	0.0	0.0	rnhA,sexP	rnhA,sexP		
Absidia_spinosa_var._biappendiculata_NRRL_3033	Mucoromycota:MAT	scaffold_104	4681-83503	4681-83503	withheld:modelled_gene_bar	withheld:modelled_gene_bar	undetermined	undetermined							hsp_fragment	hsp_fragment	11.2	11.2	0.0	46.6	46.6	sexP,tptA	sexP,tptA		
Absidia_spinosa_var._biappendiculata_NRRL_3033	Mucoromycota:MAT	scaffold_208	3278-35663	3278-35663	withheld:modelled_gene_bar+polish_capped	withheld:modelled_gene_bar+polish_capped	undetermined	undetermined							hsp_fragment	hsp_fragment	2.3	2.3	0.0	24.0	24.0	sexM,sexP	sexM,sexP		
Absidia_spinosa_var._biappendiculata_NRRL_3033	Mucoromycota:MAT	scaffold_214	805-6372	805-6372	withheld:modelled_gene_bar	withheld:modelled_gene_bar	undetermined	undetermined							hsp_fragment	hsp_fragment	6.4	6.4	0.0	39.0	39.0	algA,sexP	algA,sexP		
Absidia_spinosa_var._biappendiculata_NRRL_3033	Mucoromycota:MAT	scaffold_520	626-6559	626-6559	withheld:modelled_gene_bar+polish_capped	withheld:modelled_gene_bar+polish_capped	undetermined	undetermined							hsp_fragment	hsp_fragment	0.0	0.0	0.0	0.0	0.0	rnhA,sexM	rnhA,sexM		
Absidia_spinosa_var._biappendiculata_NRRL_3033	Mucoromycota:MAT	scaffold_234	31639-37355	31639-37355	withheld:modelled_gene_bar+polish_capped	withheld:modelled_gene_bar+polish_capped	undetermined	undetermined							hsp_fragment	hsp_fragment	0.0	0.0	0.0	0.0	0.0	sexP,tptA	sexP,tptA		
Absidia_spinosa_var._biappendiculata_NRRL_3033	Mucoromycota:MAT	scaffold_272	10837-20380	10837-20380	withheld:modelled_gene_bar	withheld:modelled_gene_bar	undetermined	undetermined							hsp_fragment	hsp_fragment	8.3	8.3	0.0	8.6	8.6	algA,sexM	algA,sexM		
Absidia_spinosa_var._biappendiculata_NRRL_3033	Mucoromycota:MAT	scaffold_482	9452-14217	9452-14217	withheld:modelled_gene_bar	withheld:modelled_gene_bar	undetermined	undetermined							hsp_fragment	hsp_fragment	4.2	4.2	0.0	22.4	22.4	sexM,tptA	sexM,tptA		
Absidia_spinosa_var._biappendiculata_NRRL_3033	Mucoromycota:MAT	scaffold_1	42738-55046	42738-55046	withheld:modelled_gene_bar+polish_capped	withheld:modelled_gene_bar+polish_capped	undetermined	undetermined							hsp_fragment	hsp_fragment	7.5	7.5	0.0	19.0	19.0	rnhA,sexP	rnhA,sexP		
Absidia_spinosa_var._biappendiculata_NRRL_3033	Mucoromycota:MAT	scaffold_219	40719-43650	40719-43650	withheld:modelled_gene_bar+polish_capped	withheld:modelled_gene_bar+polish_capped	undetermined	undetermined							hsp_fragment	hsp_fragment	0.3	0.3	0.0	0.9	0.9	sexM,tptA	sexM,tptA		
Absidia_zychae_NRRL_A-23515	Mucoromycota:MAT	scaffold_119	11913-18344	11913-18344	called	called	Plus	Plus	medium	medium	partial_locus	partial_locus			model	model	106.5	106.5	0.0	194.3	194.3	rnhA,sexP	rnhA,sexP		
Absidia_zychae_NRRL_A-23515	Mucoromycota:MAT	scaffold_22	11453-55714	11453-55714	withheld:modelled_gene_bar+polish_capped	withheld:modelled_gene_bar+polish_capped	undetermined	undetermined							hsp_fragment	hsp_fragment	0.0	0.0	0.0	0.0	0.0	algA,rnhA,sexM	algA,rnhA,sexM		
Absidia_zychae_NRRL_A-23515	Mucoromycota:MAT	scaffold_41	16888-98269	16888-98269	withheld:modelled_gene_bar	withheld:modelled_gene_bar	undetermined	undetermined							hsp_fragment	hsp_fragment	7.9	7.9	0.0	36.2	36.2	rnhA,sexM,sexP,tptA	rnhA,sexM,sexP,tptA		
Absidia_zychae_NRRL_A-23515	Mucoromycota:MAT	scaffold_5	244049-275704	244049-275704	withheld:modelled_gene_bar	withheld:modelled_gene_bar	undetermined	undetermined							model	model	12.2	12.2	0.0	59.8	59.8	sexM,sexP,tptA	sexM,sexP,tptA		
Absidia_zychae_NRRL_A-23515	Mucoromycota:MAT	scaffold_2	219105-282461	219105-282461	withheld:modelled_gene_bar	withheld:modelled_gene_bar	undetermined	undetermined							hsp_fragment	hsp_fragment	6.3	6.3	0.0	6.5	6.5	rnhA,sexM,sexP	rnhA,sexM,sexP		
Absidia_zychae_NRRL_A-23515	Mucoromycota:MAT	scaffold_45	59761-132753	59761-132753	withheld:modelled_gene_bar+polish_capped	withheld:modelled_gene_bar+polish_capped	undetermined	undetermined							hsp_fragment	hsp_fragment	0.0	0.0	0.0	0.0	0.0	algA,rnhA,sexP	algA,rnhA,sexP		
Absidia_zychae_NRRL_A-23515	Mucoromycota:MAT	scaffold_42	3344-53040	3344-53040	withheld:modelled_gene_bar	withheld:modelled_gene_bar	undetermined	undetermined							hsp_fragment	hsp_fragment	2.0	2.0	0.0	42.0	42.0	rnhA,sexP	rnhA,sexP		
Absidia_zychae_NRRL_A-23515	Mucoromycota:MAT	scaffold_11	18220-52915	18220-52915	withheld:modelled_gene_bar+polish_capped	withheld:modelled_gene_bar+polish_capped	undetermined	undetermined							hsp_fragment	hsp_fragment	0.0	0.0	0.0	0.0	0.0	sexM,sexP	sexM,sexP		
Absidia_zychae_NRRL_A-23515	Mucoromycota:MAT	scaffold_74	54668-71218	54668-71218	withheld:modelled_gene_bar+polish_capped	withheld:modelled_gene_bar+polish_capped	undetermined	undetermined							hsp_fragment	hsp_fragment	0.0	0.0	0.0	0.0	0.0	rnhA,sexP	rnhA,sexP		
Absidia_zychae_NRRL_A-23515	Mucoromycota:MAT	scaffold_1	123968-159836	123968-159836	withheld:modelled_gene_bar+polish_capped	withheld:modelled_gene_bar+polish_capped	undetermined	undetermined							hsp_fragment	hsp_fragment	0.0	0.0	0.0	0.0	0.0	btbA,sexP	btbA,sexP		
Absidia_zychae_NRRL_A-23515	Mucoromycota:MAT	scaffold_75	23458-47643	23458-47643	withheld:modelled_gene_bar+polish_capped	withheld:modelled_gene_bar+polish_capped	undetermined	undetermined							hsp_fragment	hsp_fragment	0.0	0.0	0.0	0.0	0.0	rnhA,sexP	rnhA,sexP		
Absidia_zychae_NRRL_A-23515	Mucoromycota:MAT	scaffold_16	236613-276894	236613-276894	withheld:modelled_gene_bar+polish_capped	withheld:modelled_gene_bar+polish_capped	undetermined	undetermined							hsp_fragment	hsp_fragment	0.0	0.0	0.0	0.0	0.0	rnhA,sexM	rnhA,sexM		
Absidia_zychae_NRRL_A-23515	Mucoromycota:MAT	scaffold_131	10343-43245	10343-43245	withheld:modelled_gene_bar+polish_capped	withheld:modelled_gene_bar+polish_capped	undetermined	undetermined							hsp_fragment	hsp_fragment	10.6	10.6	0.0	51.3	51.3	rnhA,sexM	rnhA,sexM		
Absidia_zychae_NRRL_A-23515	Mucoromycota:MAT	scaffold_85	54111-64093	54111-64093	withheld:modelled_gene_bar+polish_capped	withheld:modelled_gene_bar+polish_capped	Minus	Minus							hsp_fragment	hsp_fragment	42.2	42.2	0.0	87.8	87.8	btbA,sexM	btbA,sexM		
Absidia_zychae_NRRL_A-23515	Mucoromycota:MAT	scaffold_4	333237-353891	333237-353891	withheld:modelled_gene_bar+polish_capped	withheld:modelled_gene_bar+polish_capped	undetermined	undetermined							hsp_fragment	hsp_fragment	0.0	0.0	0.0	0.0	0.0	sexM,tptA	sexM,tptA		
Absidia_zychae_NRRL_A-23515	Mucoromycota:MAT	scaffold_48	93427-124113	93427-124113	withheld:modelled_gene_bar+polish_capped	withheld:modelled_gene_bar+polish_capped	undetermined	undetermined							hsp_fragment	hsp_fragment	7.1	7.1	0.0	28.7	28.7	sexM,tptA	sexM,tptA		
Absidia_zychae_NRRL_A-23515	Mucoromycota:MAT	scaffold_2	96219-120354	96219-120354	withheld:modelled_gene_bar+polish_capped	withheld:modelled_gene_bar+polish_capped	undetermined	undetermined							hsp_fragment	hsp_fragment	0.0	0.0	0.0	0.0	0.0	sexM,sexP	sexM,sexP		
Absidia_zychae_NRRL_A-23515	Mucoromycota:MAT	scaffold_97	7688-21819	7688-21819	withheld:modelled_gene_bar+polish_capped	withheld:modelled_gene_bar+polish_capped	undetermined	undetermined							hsp_fragment	hsp_fragment	0.0	0.0	0.0	0.0	0.0	glrA,sexM	glrA,sexM		
Absidia_zychae_NRRL_A-23515	Mucoromycota:MAT	scaffold_26	5149-35216	5149-35216	withheld:modelled_gene_bar	withheld:modelled_gene_bar	undetermined	undetermined							hsp_fragment	hsp_fragment	9.2	9.2	0.0	21.3	21.3	rnhA,sexP	rnhA,sexP		
Absidia_zychae_NRRL_A-23515	Mucoromycota:MAT	scaffold_81	353-29787	353-29787	withheld:modelled_gene_bar+polish_capped	withheld:modelled_gene_bar+polish_capped	undetermined	undetermined							hsp_fragment	hsp_fragment	5.4	5.4	0.0	33.2	33.2	sexM,sexP	sexM,sexP		
Absidia_zychae_NRRL_A-23515	Mucoromycota:MAT	scaffold_18	188163-190758	188163-190758	withheld:modelled_gene_bar+polish_capped	withheld:modelled_gene_bar+polish_capped	undetermined	undetermined							hsp_fragment	hsp_fragment	0.0	0.0	0.0	0.0	0.0	rnhA,sexP	rnhA,sexP		
Absidia_zychae_NRRL_A-23515	Mucoromycota:MAT	scaffold_20	142235-166429	142235-166429	withheld:modelled_gene_bar+polish_capped	withheld:modelled_gene_bar+polish_capped	undetermined	undetermined							hsp_fragment	hsp_fragment	2.1	2.1	0.0	13.4	13.4	sexP,tptA	sexP,tptA		
Absidia_zychae_NRRL_A-23515	Mucoromycota:MAT	scaffold_28	108502-138736	108502-138736	withheld:modelled_gene_bar+polish_capped	withheld:modelled_gene_bar+polish_capped	undetermined	undetermined							hsp_fragment	hsp_fragment	0.0	0.0	0.0	0.0	0.0	btbA,sexM	btbA,sexM		
Absidia_zychae_NRRL_A-23515	Mucoromycota:MAT	scaffold_23	35128-75261	35128-75261	withheld:modelled_gene_bar+polish_capped	withheld:modelled_gene_bar+polish_capped	undetermined	undetermined							hsp_fragment	hsp_fragment	3.4	3.4	0.0	4.3	4.3	sexM,sexP	sexM,sexP		
Absidia_zychae_NRRL_A-23515	Mucoromycota:MAT	scaffold_61	61055-110062	61055-110062	withheld:modelled_gene_bar+polish_capped	withheld:modelled_gene_bar+polish_capped	undetermined	undetermined							hsp_fragment	hsp_fragment	0.0	0.0	0.0	0.0	0.0	rnhA,sexM	rnhA,sexM		
Absidia_zychae_NRRL_A-23515	Mucoromycota:MAT	scaffold_10	299082-314836	299082-314836	withheld:modelled_gene_bar+polish_capped	withheld:modelled_gene_bar+polish_capped	undetermined	undetermined							hsp_fragment	hsp_fragment	6.6	6.6	0.0	6.6	6.6	sexM,tptA	sexM,tptA		
Actinomucor_elegans_NRRL_13011	Mucoromycota:MAT	scaffold_24	217734-232616	217734-232616	called	called	Plus	Plus	high	high	mat_locus	mat_locus			model	model	291.1	291.1	0.0	347.2	347.2	algA,glrA,rnhA,sexP,tptA	algA,glrA,rnhA,sexP,tptA		
Actinomucor_elegans_NRRL_13011	Mucoromycota:MAT	scaffold_124	66738-72780	66738-72780	withheld:modelled_gene_bar	withheld:modelled_gene_bar	undetermined	undetermined							hsp_fragment	hsp_fragment	1.0	1.0	0.0	35.9	35.9	glrA,sexM,sexP	glrA,sexM,sexP		
Actinomucor_elegans_NRRL_13011	Mucoromycota:MAT	scaffold_47	96036-126821	96036-126821	withheld:below_fraction_floor	withheld:below_fraction_floor	undetermined	undetermined							model	model	19.1	19.1	0.0	69.9	69.9	sexM,tptA	sexM,tptA		
Actinomucor_elegans_NRRL_1403	Mucoromycota:MAT	scaffold_7	138418-177056	138418-177056	called	called	Minus	Minus	high	high	mat_locus	mat_locus			model	model	56.2	56.2	0.0	114.1	114.1	algA,glrA,rnhA,sexM,tptA	algA,glrA,rnhA,sexM,tptA		
Actinomucor_elegans_NRRL_1403	Mucoromycota:MAT	scaffold_15	226134-256854	226134-256854	withheld:below_fraction_floor	withheld:below_fraction_floor	undetermined	undetermined							model	model	19.1	19.1	0.0	69.9	69.9	sexM,tptA	sexM,tptA		
Actinomucor_elegans_NRRL_1706	Mucoromycota:MAT	scaffold_21	76210-91093	76210-91093	called	called	Plus	Plus	high	high	mat_locus	mat_locus			model	model	291.1	291.1	0.0	347.2	347.2	algA,glrA,rnhA,sexP,tptA	algA,glrA,rnhA,sexP,tptA		
Actinomucor_elegans_NRRL_1706	Mucoromycota:MAT	scaffold_490	3631-9623	3631-9623	withheld:modelled_gene_bar	withheld:modelled_gene_bar	undetermined	undetermined							hsp_fragment	hsp_fragment	1.0	1.0	0.0	35.9	35.9	glrA,sexM,sexP	glrA,sexM,sexP		
Actinomucor_elegans_NRRL_3104	Mucoromycota:MAT	scaffold_26	212203-227086	212203-227086	called	called	Plus	Plus	high	high	mat_locus	mat_locus			model	model	201.9	201.9	0.0	260.3	260.3	algA,glrA,rnhA,sexP,tptA	algA,glrA,rnhA,sexP,tptA		
Actinomucor_elegans_NRRL_3104	Mucoromycota:MAT	scaffold_151	14447-20475	14447-20475	withheld:modelled_gene_bar	withheld:modelled_gene_bar	undetermined	undetermined							hsp_fragment	hsp_fragment	1.0	1.0	0.0	35.9	35.9	glrA,sexM,sexP	glrA,sexM,sexP		
Actinomucor_elegans_NRRL_3104	Mucoromycota:MAT	scaffold_42	94217-125018	94217-125018	withheld:below_fraction_floor	withheld:below_fraction_floor	undetermined	undetermined							model	model	19.1	19.1	0.0	69.9	69.9	sexM,tptA	sexM,tptA		
Actinomucor_elegans_NRRL_6572	Mucoromycota:MAT	scaffold_23	14865-29747	14865-29747	called	called	Plus	Plus	high	high	mat_locus	mat_locus			model	model	291.1	291.1	0.0	347.2	347.2	algA,glrA,rnhA,sexP,tptA	algA,glrA,rnhA,sexP,tptA		
Actinomucor_elegans_NRRL_6572	Mucoromycota:MAT	scaffold_29	160845-166862	160845-166862	withheld:modelled_gene_bar	withheld:modelled_gene_bar	undetermined	undetermined							hsp_fragment	hsp_fragment	1.0	1.0	0.0	35.9	35.9	glrA,sexM,sexP	glrA,sexM,sexP		
Actinomucor_elegans_NRRL_6572	Mucoromycota:MAT	scaffold_16	161533-192384	161533-192384	withheld:below_fraction_floor	withheld:below_fraction_floor	undetermined	undetermined							model	model	19.1	19.1	0.0	69.9	69.9	sexM,tptA	sexM,tptA		
Actinomucor_sp._NRRL_A-23671	Mucoromycota:MAT	scaffold_486	1947-16762	1947-16762	called	called	Plus	Plus	high	high	mat_locus	mat_locus			model	model	345.4	345.4	0.0	395.2	395.2	algA,glrA,rnhA,sexP,tptA	algA,glrA,rnhA,sexP,tptA		
Actinomucor_sp._NRRL_A-23671	Mucoromycota:MAT	scaffold_227	18174-35184	18174-35184	withheld:modelled_gene_bar	withheld:modelled_gene_bar	undetermined	undetermined							hsp_fragment	hsp_fragment	2.1	2.1	0.0	2.1	2.1	rnhA,sexP,tptA	rnhA,sexP,tptA		
Actinomucor_sp._NRRL_A-23671	Mucoromycota:MAT	scaffold_127	50066-56524	50066-56524	withheld:modelled_gene_bar	withheld:modelled_gene_bar	undetermined	undetermined							hsp_fragment	hsp_fragment	1.0	1.0	0.0	35.8	35.8	glrA,sexM,sexP	glrA,sexM,sexP		
Actinomucor_sp._NRRL_A-23671	Mucoromycota:MAT	scaffold_10	59617-86747	59617-86747	withheld:below_fraction_floor	withheld:below_fraction_floor	undetermined	undetermined							hsp_fragment	hsp_fragment	0.0	0.0	0.0	0.0	0.0	sexM,tptA	sexM,tptA		
Actinomucor_sp._NRRL_A-23671	Mucoromycota:MAT	scaffold_108	5158-41944	5158-41944	withheld:below_fraction_floor	withheld:below_fraction_floor	undetermined	undetermined							hsp_fragment	hsp_fragment	1.5	1.5	0.0	18.9	18.9	btbA,sexP	btbA,sexP		
Amylomyces_rouxii_NRRL_3160	Mucoromycota:MAT	scaffold_579	1845-16482	1845-16482	called	called	Minus	Minus	high	high	mat_locus	mat_locus			model	model	160.5	160.5	0.0	228.1	228.1	btbA,glrA,rnhA,sexM,tptA	btbA,glrA,rnhA,sexM,tptA		
Amylomyces_rouxii_NRRL_3160	Mucoromycota:MAT	scaffold_135	16896-24119	16896-24119	withheld:modelled_gene_bar	withheld:modelled_gene_bar	undetermined	undetermined							hsp_fragment	hsp_fragment	0.0	0.0	0.0	0.0	0.0	sexM,sexP,tptA	sexM,sexP,tptA		
Amylomyces_rouxii_NRRL_3160	Mucoromycota:MAT	scaffold_202	6496-21832	6496-21832	withheld:below_fraction_floor	withheld:below_fraction_floor	undetermined	undetermined							model	model	24.7	24.7	0.0	40.0	40.0	rnhA,sexM	rnhA,sexM		
Amylomyces_rouxii_NRRL_5192	Mucoromycota:MAT	scaffold_629	2034-16585	2034-16585	called	called	Minus	Minus	high	high	mat_locus	mat_locus			model	model	166.2	166.2	0.0	235.0	235.0	btbA,glrA,rnhA,sexM,tptA	btbA,glrA,rnhA,sexM,tptA		
Amylomyces_rouxii_NRRL_5192	Mucoromycota:MAT	scaffold_29	67144-71759	67144-71759	withheld:modelled_gene_bar	withheld:modelled_gene_bar	undetermined	undetermined							hsp_fragment	hsp_fragment	0.0	0.0	0.0	0.0	0.0	sexM,sexP,tptA	sexM,sexP,tptA		
Amylomyces_rouxii_NRRL_A-25885	Mucoromycota:MAT	scaffold_488	2967-17248	2967-17248	called	called	Minus	Minus	high	high	mat_locus	mat_locus			model	model	114.4	114.4	0.0	182.1	182.1	btbA,glrA,rnhA,sexM,tptA	btbA,glrA,rnhA,sexM,tptA		
Amylomyces_rouxii_NRRL_A-25885	Mucoromycota:MAT	scaffold_138	4909-41705	4909-41705	withheld:modelled_gene_bar	withheld:modelled_gene_bar	undetermined	undetermined							hsp_fragment	hsp_fragment	10.9	10.9	0.0	27.0	27.0	rnhA,sexM,sexP	rnhA,sexM,sexP		
Apophysomyces_ossiformis_NRRL_A-21654	Mucoromycota:MAT	scaffold_49	135274-142984	135274-142984	called	called	Plus	Plus	high	high	mat_locus	mat_locus			model	model	136.2	136.2	0.0	198.8	198.8	algA,sexP,tptA	algA,sexP,tptA		
Apophysomyces_ossiformis_NRRL_A-21654	Mucoromycota:MAT	scaffold_14	196399-240740	196399-240740	withheld:modelled_gene_bar	withheld:modelled_gene_bar	undetermined	undetermined							model	model	10.0	10.0	0.0	45.4	45.4	glrA,sexM,sexP	glrA,sexM,sexP		
Apophysomyces_ossiformis_NRRL_A-21654	Mucoromycota:MAT	scaffold_12	137647-182541	137647-182541	withheld:modelled_gene_bar+polish_capped	withheld:modelled_gene_bar+polish_capped	undetermined	undetermined							hsp_fragment	hsp_fragment	0.0	0.0	0.0	0.0	0.0	glrA,sexM,tptA	glrA,sexM,tptA		
Apophysomyces_ossiformis_NRRL_A-21654	Mucoromycota:MAT	scaffold_25	185991-200531	185991-200531	withheld:below_fraction_floor	withheld:below_fraction_floor	undetermined	undetermined							model	model	22.1	22.1	0.0	77.1	77.1	sexP,tptA	sexP,tptA		
Apophysomyces_sp._BC1015	Mucoromycota:MAT	scaffold_575	6857-16341	6857-16341	called	called	Plus	Plus	high	high	mat_locus	mat_locus			model	model	148.7	148.7	0.0	214.5	214.5	algA,sexP,tptA	algA,sexP,tptA		
Apophysomyces_sp._BC1015	Mucoromycota:MAT	scaffold_105	10709-24589	10709-24589	withheld:modelled_gene_bar	withheld:modelled_gene_bar	undetermined	undetermined							hsp_fragment	hsp_fragment	0.7	0.7	0.0	40.9	40.9	glrA,sexM,sexP	glrA,sexM,sexP		
Apophysomyces_sp._BC1015	Mucoromycota:MAT	scaffold_94	25148-46260	25148-46260	withheld:flank_carried_core_outside_flank_span	withheld:flank_carried_core_outside_flank_span	undetermined	undetermined							hsp_fragment	hsp_fragment	9.9	9.9	0.0	9.9	9.9	glrA,rnhA,sexM	glrA,rnhA,sexM		
Apophysomyces_sp._BC1015	Mucoromycota:MAT	scaffold_46	60519-70906	60519-70906	withheld:paralog_class	withheld:paralog_class	undetermined	undetermined							model	model	15.0	15.0	0.0	68.7	68.7	sexM,sexP,tptA	sexM,sexP,tptA		
Apophysomyces_sp._BC1021	Mucoromycota:MAT	scaffold_301	7086-16570	7086-16570	called	called	Plus	Plus	high	high	mat_locus	mat_locus			model	model	148.7	148.7	0.0	214.5	214.5	algA,sexP,tptA	algA,sexP,tptA		
Apophysomyces_sp._BC1021	Mucoromycota:MAT	scaffold_263	13971-27851	13971-27851	withheld:modelled_gene_bar	withheld:modelled_gene_bar	undetermined	undetermined							hsp_fragment	hsp_fragment	0.7	0.7	0.0	40.9	40.9	glrA,sexM,sexP	glrA,sexM,sexP		
Apophysomyces_sp._BC1021	Mucoromycota:MAT	scaffold_156	7110-28172	7110-28172	withheld:flank_carried_core_outside_flank_span	withheld:flank_carried_core_outside_flank_span	undetermined	undetermined							hsp_fragment	hsp_fragment	9.9	9.9	0.0	9.9	9.9	glrA,rnhA,sexM	glrA,rnhA,sexM		
Apophysomyces_sp._BC1021	Mucoromycota:MAT	scaffold_19	14843-25219	14843-25219	withheld:paralog_class	withheld:paralog_class	undetermined	undetermined							model	model	15.0	15.0	0.0	68.7	68.7	sexM,sexP,tptA	sexM,sexP,tptA		
Apophysomyces_sp._BC1034	Mucoromycota:MAT	scaffold_327	19857-29341	19857-29341	called	called	Plus	Plus	high	high	mat_locus	mat_locus			model	model	148.7	148.7	0.0	214.5	214.5	algA,sexP,tptA	algA,sexP,tptA		
Apophysomyces_sp._BC1034	Mucoromycota:MAT	scaffold_286	14455-28335	14455-28335	withheld:modelled_gene_bar	withheld:modelled_gene_bar	undetermined	undetermined							hsp_fragment	hsp_fragment	0.7	0.7	0.0	40.9	40.9	glrA,sexM,sexP	glrA,sexM,sexP		
Apophysomyces_sp._BC1034	Mucoromycota:MAT	scaffold_273	12780-33911	12780-33911	withheld:flank_carried_core_outside_flank_span	withheld:flank_carried_core_outside_flank_span	undetermined	undetermined							hsp_fragment	hsp_fragment	9.9	9.9	0.0	9.9	9.9	glrA,rnhA,sexM	glrA,rnhA,sexM		
Apophysomyces_sp._BC1034	Mucoromycota:MAT	scaffold_88	45709-56095	45709-56095	withheld:paralog_class	withheld:paralog_class	undetermined	undetermined							model	model	15.0	15.0	0.0	68.7	68.7	sexM,sexP,tptA	sexM,sexP,tptA		
Backusella_circina_NRRL_2446	Mucoromycota:MAT	scaffold_141	66614-75807	66614-75807	called	called	Plus	Plus	medium	medium	mat_locus	mat_locus			model	model	240.6	240.6	0.0	308.2	308.2	algA,glrA,sexP	algA,glrA,sexP		
Backusella_circina_NRRL_2446	Mucoromycota:MAT	scaffold_44	122304-122859	122304-122859	withheld:below_fraction_floor	withheld:below_fraction_floor	undetermined	undetermined							model	model	9.7	9.7	0.0	64.6	64.6	sexM,sexP	sexM,sexP		
Backusella_circina_NRRL_2446	Mucoromycota:MAT	scaffold_277	17972-54839	17972-54839	withheld:below_fraction_floor	withheld:below_fraction_floor	undetermined	undetermined							model	model	13.1	13.1	0.0	77.4	77.4	btbA,sexM	btbA,sexM		
Backusella_circina_NRRL_2446	Mucoromycota:MAT	scaffold_32	123518-162718	123518-162718	withheld:below_fraction_floor	withheld:below_fraction_floor	undetermined	undetermined							model	model	9.6	9.6	0.0	32.3	32.3	btbA,glrA,sexP	btbA,glrA,sexP		
Backusella_circina_NRRL_3293	Mucoromycota:MAT	scaffold_43	118061-127138	118061-127138	called	called	Minus	Minus	medium	medium	mat_locus	mat_locus			model	model	67.1	67.1	0.0	144.5	144.5	algA,glrA,sexM	algA,glrA,sexM		
Backusella_circina_NRRL_3293	Mucoromycota:MAT	scaffold_34	34245-34800	34245-34800	withheld:below_fraction_floor	withheld:below_fraction_floor	undetermined	undetermined							model	model	9.7	9.7	0.0	64.6	64.6	sexM,sexP	sexM,sexP		
Backusella_circina_NRRL_6007	Mucoromycota:MAT	scaffold_181	33406-42421	33406-42421	called	called	Minus	Minus	medium	medium	mat_locus	mat_locus			model	model	79.9	79.9	0.0	147.6	147.6	algA,glrA,sexM	algA,glrA,sexM		
Backusella_circina_NRRL_6007	Mucoromycota:MAT	scaffold_248	4027-49472	4027-49472	withheld:modelled_gene_bar	withheld:modelled_gene_bar	undetermined	undetermined							model	model	8.4	8.4	0.0	81.2	81.2	rnhA,sexM,sexP	rnhA,sexM,sexP		
Backusella_circina_NRRL_6007	Mucoromycota:MAT	scaffold_308	21763-26762	21763-26762	withheld:modelled_gene_bar	withheld:modelled_gene_bar	undetermined	undetermined							model	model	11.6	11.6	0.0	39.3	39.3	rnhA,sexM,sexP	rnhA,sexM,sexP		
Backusella_circina_NRRL_6007	Mucoromycota:MAT	scaffold_8	41893-42340	41893-42340	withheld:below_fraction_floor	withheld:below_fraction_floor	undetermined	undetermined							model	model	14.2	14.2	0.0	65.7	65.7	sexM,sexP	sexM,sexP		
Backusella_circina_NRRL_A-17781	Mucoromycota:MAT	scaffold_190	66443-75637	66443-75637	called	called	Plus	Plus	medium	medium	mat_locus	mat_locus			model	model	239.5	239.5	0.0	307.1	307.1	algA,glrA,sexP	algA,glrA,sexP		
Backusella_circina_NRRL_A-17781	Mucoromycota:MAT	scaffold_114	34165-34720	34165-34720	withheld:below_fraction_floor	withheld:below_fraction_floor	undetermined	undetermined							model	model	9.7	9.7	0.0	64.6	64.6	sexM,sexP	sexM,sexP		
Backusella_circina_NRRL_A-17781	Mucoromycota:MAT	scaffold_278	2963-39664	2963-39664	withheld:below_fraction_floor	withheld:below_fraction_floor	undetermined	undetermined							model	model	13.3	13.3	0.0	77.3	77.3	btbA,sexM	btbA,sexM		
Backusella_circina_NRRL_A-17781	Mucoromycota:MAT	scaffold_632	2920-11727	2920-11727	withheld:below_fraction_floor	withheld:below_fraction_floor	undetermined	undetermined							model	model	9.6	9.6	0.0	32.3	32.3	glrA,sexP	glrA,sexP		
Backusella_ctenidia_NRRL_6239	Mucoromycota:MAT	scaffold_77	45595-54836	45595-54836	called	called	Plus	Plus	high	high	mat_locus	mat_locus			model	model	251.1	251.1	0.0	302.6	302.6	glrA,rnhA,sexP	glrA,rnhA,sexP		
Backusella_ctenidia_NRRL_6239	Mucoromycota:MAT	scaffold_265	4275-17635	4275-17635	withheld:modelled_gene_bar	withheld:modelled_gene_bar	undetermined	undetermined							hsp_fragment	hsp_fragment	10.4	10.4	0.0	22.1	22.1	rnhA,sexM,sexP	rnhA,sexM,sexP		
Backusella_ctenidia_NRRL_6239	Mucoromycota:MAT	scaffold_202	25865-34225	25865-34225	withheld:modelled_gene_bar	withheld:modelled_gene_bar	undetermined	undetermined							hsp_fragment	hsp_fragment	6.5	6.5	0.0	38.7	38.7	glrA,sexM,sexP	glrA,sexM,sexP		
Backusella_ctenidia_NRRL_6239	Mucoromycota:MAT	scaffold_53	42220-83980	42220-83980	withheld:modelled_gene_bar	withheld:modelled_gene_bar	undetermined	undetermined							hsp_fragment	hsp_fragment	1.4	1.4	0.0	1.4	1.4	rnhA,sexM,tptA	rnhA,sexM,tptA		
Backusella_ctenidia_NRRL_6239	Mucoromycota:MAT	scaffold_60	45808-114962	45808-114962	withheld:modelled_gene_bar+polish_capped	withheld:modelled_gene_bar+polish_capped	undetermined	undetermined							hsp_fragment	hsp_fragment	0.0	0.0	0.0	0.0	0.0	glrA,sexM,sexP	glrA,sexM,sexP		
Backusella_ctenidia_NRRL_6239	Mucoromycota:MAT	scaffold_126	74900-79589	74900-79589	withheld:paralog_class	withheld:paralog_class	Minus	Minus							model	model	26.8	26.8	0.0	75.0	75.0	glrA,sexM,tptA	glrA,sexM,tptA		
Backusella_ctenidia_NRRL_6239	Mucoromycota:MAT	scaffold_18	101314-108962	101314-108962	withheld:below_fraction_floor	withheld:below_fraction_floor	undetermined	undetermined							model	model	14.4	14.4	0.0	63.6	63.6	rnhA,sexM	rnhA,sexM		
Backusella_lamprospora_NRRL_1401	Mucoromycota:MAT	scaffold_593	280-4160	280-4160	called	called	Minus	Minus	medium	medium	partial_locus	partial_locus			model	model	80.5	80.5	0.0	158.4	158.4	algA,sexM	algA,sexM		
Backusella_lamprospora_NRRL_1401	Mucoromycota:MAT	scaffold_8	130583-133638	130583-133638	withheld:modelled_gene_bar+polish_capped	withheld:modelled_gene_bar+polish_capped	undetermined	undetermined							hsp_fragment	hsp_fragment	16.3	16.3	0.0	61.8	61.8	sexM,sexP	sexM,sexP		
Backusella_lamprospora_NRRL_1401	Mucoromycota:MAT	scaffold_449	2409-3206	2409-3206	withheld:modelled_gene_bar+polish_capped	withheld:modelled_gene_bar+polish_capped	undetermined	undetermined							hsp_fragment	hsp_fragment	6.8	6.8	0.0	47.5	47.5	sexM,sexP	sexM,sexP		
Backusella_lamprospora_NRRL_1401	Mucoromycota:MAT	scaffold_124	18042-34503	18042-34503	withheld:modelled_gene_bar+polish_capped	withheld:modelled_gene_bar+polish_capped	undetermined	undetermined							hsp_fragment	hsp_fragment	0.0	0.0	0.0	0.0	0.0	sexP,tptA	sexP,tptA		
Backusella_lamprospora_NRRL_1401	Mucoromycota:MAT	scaffold_766	13380-14112	13380-14112	withheld:modelled_gene_bar	withheld:modelled_gene_bar	undetermined	undetermined							hsp_fragment	hsp_fragment	3.8	3.8	0.0	42.8	42.8	sexM,sexP	sexM,sexP		
Backusella_lamprospora_NRRL_1401	Mucoromycota:MAT	scaffold_91	81759-92649	81759-92649	withheld:modelled_gene_bar	withheld:modelled_gene_bar	undetermined	undetermined							model	model	9.3	9.3	0.0	36.0	36.0	btbA,rnhA,sexP	btbA,rnhA,sexP		
Backusella_lamprospora_NRRL_1401	Mucoromycota:MAT	scaffold_89	7760-33806	7760-33806	withheld:modelled_gene_bar	withheld:modelled_gene_bar	undetermined	undetermined							hsp_fragment	hsp_fragment	0.0	0.0	0.0	0.0	0.0	rnhA,sexP	rnhA,sexP		
Backusella_lamprospora_NRRL_1401	Mucoromycota:MAT	scaffold_717	14513-19048	14513-19048	withheld:modelled_gene_bar	withheld:modelled_gene_bar	undetermined	undetermined							hsp_fragment	hsp_fragment	0.0	0.0	0.0	0.0	0.0	rnhA,sexP	rnhA,sexP		
Backusella_lamprospora_NRRL_1401	Mucoromycota:MAT	scaffold_19	128941-145373	128941-145373	withheld:modelled_gene_bar	withheld:modelled_gene_bar	undetermined	undetermined							hsp_fragment	hsp_fragment	4.2	4.2	0.0	28.7	28.7	sexP,tptA	sexP,tptA		
Backusella_lamprospora_NRRL_1401	Mucoromycota:MAT	scaffold_91	81759-92649	81759-92649	withheld:below_fraction_floor	withheld:below_fraction_floor	undetermined	undetermined							model	model	9.3	9.3	0.0	36.0	36.0	btbA,rnhA,sexP	btbA,rnhA,sexP		
Backusella_lamprospora_NRRL_3103	Mucoromycota:MAT	scaffold_144	42084-51089	42084-51089	called	called	Minus	Minus	medium	medium	mat_locus	mat_locus			model	model	79.2	79.2	0.0	152.9	152.9	algA,glrA,sexM	algA,glrA,sexM		
Backusella_lamprospora_NRRL_3103	Mucoromycota:MAT	scaffold_185	55717-56272	55717-56272	withheld:below_fraction_floor	withheld:below_fraction_floor	undetermined	undetermined							model	model	14.3	14.3	0.0	61.3	61.3	sexM,sexP	sexM,sexP		
Backusella_lamprospora_NRRL_3103	Mucoromycota:MAT	scaffold_498	18686-28729	18686-28729	withheld:below_fraction_floor	withheld:below_fraction_floor	undetermined	undetermined							model	model	10.1	10.1	0.0	37.9	37.9	btbA,rnhA,sexP	btbA,rnhA,sexP		
Backusella_lamprospora_NRRL_3618	Mucoromycota:MAT	scaffold_72	26755-35960	26755-35960	called	called	Plus	Plus	medium	medium	mat_locus	mat_locus			model	model	224.7	224.7	0.0	298.0	298.0	algA,glrA,sexP	algA,glrA,sexP		
Backusella_lamprospora_NRRL_3618	Mucoromycota:MAT	scaffold_407	15604-26552	15604-26552	withheld:below_fraction_floor	withheld:below_fraction_floor	undetermined	undetermined							model	model	9.3	9.3	0.0	36.0	36.0	btbA,rnhA,sexP	btbA,rnhA,sexP		
Backusella_lamprospora_NRRL_3619	Mucoromycota:MAT	scaffold_198	366-4246	366-4246	called	called	Minus	Minus	medium	medium	partial_locus	partial_locus			model	model	80.5	80.5	0.0	158.4	158.4	algA,sexM	algA,sexM		
Backusella_lamprospora_NRRL_3619	Mucoromycota:MAT	scaffold_10	79959-82990	79959-82990	withheld:modelled_gene_bar+polish_capped	withheld:modelled_gene_bar+polish_capped	undetermined	undetermined							hsp_fragment	hsp_fragment	16.3	16.3	0.0	61.8	61.8	sexM,sexP	sexM,sexP		
Backusella_lamprospora_NRRL_3619	Mucoromycota:MAT	scaffold_11	33212-34009	33212-34009	withheld:modelled_gene_bar+polish_capped	withheld:modelled_gene_bar+polish_capped	undetermined	undetermined							hsp_fragment	hsp_fragment	6.8	6.8	0.0	47.5	47.5	sexM,sexP	sexM,sexP		
Backusella_lamprospora_NRRL_3619	Mucoromycota:MAT	scaffold_67	41547-58014	41547-58014	withheld:modelled_gene_bar+polish_capped	withheld:modelled_gene_bar+polish_capped	undetermined	undetermined							hsp_fragment	hsp_fragment	0.0	0.0	0.0	0.0	0.0	sexP,tptA	sexP,tptA		
Backusella_lamprospora_NRRL_3619	Mucoromycota:MAT	scaffold_947	8126-8858	8126-8858	withheld:modelled_gene_bar+polish_capped	withheld:modelled_gene_bar+polish_capped	undetermined	undetermined							hsp_fragment	hsp_fragment	3.0	3.0	0.0	42.4	42.4	sexM,sexP	sexM,sexP		
Backusella_lamprospora_NRRL_3619	Mucoromycota:MAT	scaffold_18	56774-100108	56774-100108	withheld:modelled_gene_bar	withheld:modelled_gene_bar	undetermined	undetermined							hsp_fragment	hsp_fragment	0.0	0.0	0.0	0.0	0.0	rnhA,sexM	rnhA,sexM		
Backusella_lamprospora_NRRL_3619	Mucoromycota:MAT	scaffold_398	14372-25124	14372-25124	withheld:modelled_gene_bar	withheld:modelled_gene_bar	undetermined	undetermined							model	model	9.3	9.3	0.0	36.0	36.0	btbA,rnhA,sexP	btbA,rnhA,sexP		
Backusella_lamprospora_NRRL_3619	Mucoromycota:MAT	scaffold_65	7760-33809	7760-33809	withheld:modelled_gene_bar	withheld:modelled_gene_bar	undetermined	undetermined							hsp_fragment	hsp_fragment	0.0	0.0	0.0	0.0	0.0	rnhA,sexP	rnhA,sexP		
Backusella_lamprospora_NRRL_3619	Mucoromycota:MAT	scaffold_432	18879-23422	18879-23422	withheld:modelled_gene_bar	withheld:modelled_gene_bar	undetermined	undetermined							hsp_fragment	hsp_fragment	0.0	0.0	0.0	0.0	0.0	rnhA,sexP	rnhA,sexP		
Backusella_lamprospora_NRRL_3619	Mucoromycota:MAT	scaffold_250	20588-46656	20588-46656	withheld:modelled_gene_bar+polish_capped	withheld:modelled_gene_bar+polish_capped	undetermined	undetermined							hsp_fragment	hsp_fragment	0.0	0.0	0.0	0.0	0.0	sexM,tptA	sexM,tptA		
Backusella_lamprospora_NRRL_3619	Mucoromycota:MAT	scaffold_259	6790-23048	6790-23048	withheld:modelled_gene_bar	withheld:modelled_gene_bar	undetermined	undetermined							hsp_fragment	hsp_fragment	4.2	4.2	0.0	28.7	28.7	sexP,tptA	sexP,tptA		
Backusella_lamprospora_NRRL_3619	Mucoromycota:MAT	scaffold_398	14372-25124	14372-25124	withheld:below_fraction_floor	withheld:below_fraction_floor	undetermined	undetermined							model	model	9.3	9.3	0.0	36.0	36.0	btbA,rnhA,sexP	btbA,rnhA,sexP		
Backusella_lamprospora_NRRL_6044_Plus	Mucoromycota:MAT	scaffold_279	13671-22876	13671-22876	called	called	Minus	Minus	medium	medium	mat_locus	mat_locus			model	model	76.0	76.0	0.0	157.5	157.5	algA,glrA,sexM	algA,glrA,sexM		
Backusella_lamprospora_NRRL_6044_Plus	Mucoromycota:MAT	scaffold_21	66570-119151	66570-119151	withheld:modelled_gene_bar+polish_capped	withheld:modelled_gene_bar+polish_capped	undetermined	undetermined							hsp_fragment	hsp_fragment	0.1	0.1	0.0	0.1	0.1	rnhA,sexP,tptA	rnhA,sexP,tptA		
Backusella_lamprospora_NRRL_6044_Plus	Mucoromycota:MAT	scaffold_27	48341-120374	48341-120374	withheld:modelled_gene_bar	withheld:modelled_gene_bar	Minus	Minus							model	model	25.7	25.7	0.0	40.1	40.1	glrA,sexM,tptA	glrA,sexM,tptA		
Backusella_lamprospora_NRRL_6044_Plus	Mucoromycota:MAT	scaffold_51	3837-8831	3837-8831	withheld:modelled_gene_bar	withheld:modelled_gene_bar	undetermined	undetermined							model	model	9.3	9.3	0.0	36.0	36.0	rnhA,sexM,sexP	rnhA,sexM,sexP		
Backusella_lamprospora_NRRL_6044_Plus	Mucoromycota:MAT	scaffold_4	186382-228465	186382-228465	withheld:modelled_gene_bar+polish_capped	withheld:modelled_gene_bar+polish_capped	undetermined	undetermined							hsp_fragment	hsp_fragment	4.2	4.2	0.0	6.6	6.6	algA,glrA,sexP	algA,glrA,sexP		
Backusella_lamprospora_NRRL_6044_Plus	Mucoromycota:MAT	scaffold_82	32453-73805	32453-73805	withheld:below_fraction_floor	withheld:below_fraction_floor	undetermined	undetermined							model	model	2.0	2.0	0.0	55.0	55.0	algA,sexM	algA,sexM		
Backusella_lamprospora_NRRL_6044_Plus	Mucoromycota:MAT	scaffold_97	28203-50940	28203-50940	withheld:below_fraction_floor	withheld:below_fraction_floor	undetermined	undetermined							model	model	5.6	5.6	0.0	42.1	42.1	glrA,sexP	glrA,sexP		
Backusella_lamprospora_NRRL_6044_Plus	Mucoromycota:MAT	scaffold_25	35830-83060	35830-83060	withheld:below_fraction_floor	withheld:below_fraction_floor	undetermined	undetermined							hsp_fragment	hsp_fragment	0.9	0.9	0.0	38.9	38.9	glrA,sexP	glrA,sexP		
Benjaminiella_youngii_IMI_325629	Mucoromycota:MAT	scaffold_64	30239-37814	30239-37814	called	called	Minus	Minus	high	high	mat_locus	mat_locus			model	model	115.6	115.6	0.0	189.2	189.2	algA,rnhA,sexM	algA,rnhA,sexM		
Benjaminiella_youngii_IMI_325629	Mucoromycota:MAT	scaffold_204	1596-30040	1596-30040	withheld:modelled_gene_bar	withheld:modelled_gene_bar	undetermined	undetermined							hsp_fragment	hsp_fragment	0.1	0.1	0.0	0.1	0.1	rnhA,sexM,sexP	rnhA,sexM,sexP		
Benjaminiella_youngii_IMI_325629	Mucoromycota:MAT	scaffold_130	8528-35670	8528-35670	withheld:modelled_gene_bar	withheld:modelled_gene_bar	undetermined	undetermined							model	model	9.0	9.0	0.0	67.1	67.1	sexM,sexP,tptA	sexM,sexP,tptA		
Benjaminiella_youngii_IMI_325629	Mucoromycota:MAT	scaffold_5	21185-66555	21185-66555	withheld:paralog_class	withheld:paralog_class	Minus	Minus							model	model	26.5	26.5	0.0	80.9	80.9	glrA,sexM,tptA	glrA,sexM,tptA		
Benjaminiella_youngii_IMI_325629	Mucoromycota:MAT	scaffold_381	22465-22886	22465-22886	withheld:below_fraction_floor	withheld:below_fraction_floor	undetermined	undetermined							model	model	9.1	9.1	0.0	52.2	52.2	sexM,sexP	sexM,sexP		
Blakeslea_trispora_NRRL_2456	Mucoromycota:MAT	scaffold_4	82112-139454	82112-139454	called	called	Plus	Plus	high	high	mat_locus	mat_locus			model	model	236.0	236.0	0.0	296.8	296.8	algA,btbA,glrA,rnhA,sexP,tptA	algA,btbA,glrA,rnhA,sexP,tptA		
Blakeslea_trispora_NRRL_2456	Mucoromycota:MAT	scaffold_21	19201-44727	19201-44727	withheld:modelled_gene_bar	withheld:modelled_gene_bar	undetermined	undetermined							hsp_fragment	hsp_fragment	0.9	0.9	0.0	33.4	33.4	rnhA,sexM,sexP	rnhA,sexM,sexP		
Blakeslea_trispora_NRRL_2456	Mucoromycota:MAT	scaffold_3	59152-73931	59152-73931	withheld:below_fraction_floor	withheld:below_fraction_floor	undetermined	undetermined							hsp_fragment	hsp_fragment	0.0	0.0	0.0	0.0	0.0	glrA,sexM	glrA,sexM		
Chaetocladium_brefeldii_NRRL_1350	Mucoromycota:MAT	scaffold_39	5636-32962	5636-32962	called	called	Plus	Plus	high	high	mat_locus	mat_locus			model	model	291.9	291.9	0.0	356.3	356.3	algA,glrA,rnhA,sexP,tptA	algA,glrA,rnhA,sexP,tptA		
Chaetocladium_brefeldii_NRRL_1350	Mucoromycota:MAT	scaffold_2	9710-14922	9710-14922	withheld:modelled_gene_bar	withheld:modelled_gene_bar	undetermined	undetermined							hsp_fragment	hsp_fragment	7.8	7.8	0.0	53.9	53.9	rnhA,sexM,sexP	rnhA,sexM,sexP		
Chaetocladium_brefeldii_NRRL_1350	Mucoromycota:MAT	scaffold_207	10024-10466	10024-10466	withheld:below_fraction_floor	withheld:below_fraction_floor	undetermined	undetermined							model	model	4.2	4.2	0.0	50.6	50.6	sexM,sexP	sexM,sexP		
Chaetocladium_brefeldii_NRRL_2508	Mucoromycota:MAT	scaffold_117	9795-37076	9795-37076	called	called	Plus	Plus	high	high	mat_locus	mat_locus			model	model	291.9	291.9	0.0	356.3	356.3	algA,glrA,rnhA,sexP,tptA	algA,glrA,rnhA,sexP,tptA		
Chaetocladium_brefeldii_NRRL_2508	Mucoromycota:MAT	scaffold_306	13176-13750	13176-13750	withheld:below_fraction_floor	withheld:below_fraction_floor	undetermined	undetermined							model	model	5.5	5.5	0.0	51.0	51.0	sexM,sexP	sexM,sexP		
Chaetocladium_brefeldii_NRRL_2508	Mucoromycota:MAT	scaffold_185	28291-32145	28291-32145	withheld:below_fraction_floor	withheld:below_fraction_floor	undetermined	undetermined							hsp_fragment	hsp_fragment	0.4	0.4	0.0	35.7	35.7	glrA,sexP	glrA,sexP		
Chaetocladium_brefeldii_NRRL_2508	Mucoromycota:MAT	scaffold_805	10863-14381	10863-14381	withheld:below_fraction_floor	withheld:below_fraction_floor	undetermined	undetermined							hsp_fragment	hsp_fragment	0.5	0.5	0.0	1.9	1.9	rnhA,sexM	rnhA,sexM		
Chaetocladium_brefeldii_RSA_1136-	Mucoromycota:MAT	scaffold_426	19-9874	19-9874	called	called	Minus	Minus	high	high	mat_locus	mat_locus			model	model	34.3	34.3	0.0	89.6	89.6	algA,rnhA,sexM,tptA	algA,rnhA,sexM,tptA		
Chaetocladium_brefeldii_RSA_1136-	Mucoromycota:MAT	scaffold_453	5739-8478	5739-8478	withheld:below_fraction_floor	withheld:below_fraction_floor	undetermined	undetermined							hsp_fragment	hsp_fragment	0.0	0.0	0.0	0.0	0.0	rnhA,sexM	rnhA,sexM		
Chaetocladium_brefeldii_Tieghem_Le_Monnier_NRRL_2509	Mucoromycota:MAT	scaffold_121	2049-29272	2049-29272	called	called	Minus	Minus	high	high	mat_locus	mat_locus			model	model	100.0	100.0	0.0	149.5	149.5	algA,glrA,rnhA,sexM,tptA	algA,glrA,rnhA,sexM,tptA		
Chaetocladium_brefeldii_Tieghem_Le_Monnier_NRRL_2509	Mucoromycota:MAT	scaffold_27	39808-40250	39808-40250	withheld:below_fraction_floor	withheld:below_fraction_floor	undetermined	undetermined							model	model	5.5	5.5	0.0	51.0	51.0	sexM,sexP	sexM,sexP		
Chaetocladium_brefeldii_Tieghem_Le_Monnier_NRRL_2509	Mucoromycota:MAT	scaffold_183	28293-32145	28293-32145	withheld:below_fraction_floor	withheld:below_fraction_floor	undetermined	undetermined							hsp_fragment	hsp_fragment	0.4	0.4	0.0	35.7	35.7	glrA,sexP	glrA,sexP		
Chaetocladium_sp._NRRL_2844	Mucoromycota:MAT	scaffold_272	12895-28091	12895-28091	withheld:modelled_gene_bar	withheld:modelled_gene_bar	undetermined	undetermined							model	model	7.2	7.2	0.0	64.2	64.2	glrA,sexM,sexP	glrA,sexM,sexP		
Chaetocladium_sp._NRRL_2844	Mucoromycota:MAT	scaffold_27	158112-170218	158112-170218	withheld:modelled_gene_bar	withheld:modelled_gene_bar	undetermined	undetermined							hsp_fragment	hsp_fragment	7.3	7.3	0.0	49.4	49.4	sexM,sexP,tptA	sexM,sexP,tptA		
Chaetocladium_sp._NRRL_2844	Mucoromycota:MAT	scaffold_20	8828-128085	8828-128085	withheld:modelled_gene_bar	withheld:modelled_gene_bar	undetermined	undetermined							hsp_fragment	hsp_fragment	0.0	0.0	0.0	0.0	0.0	glrA,rnhA,sexM	glrA,rnhA,sexM		
Chaetocladium_sp._NRRL_2844	Mucoromycota:MAT	scaffold_24	73602-105975	73602-105975	withheld:modelled_gene_bar	withheld:modelled_gene_bar	undetermined	undetermined							hsp_fragment	hsp_fragment	0.0	0.0	0.0	0.0	0.0	rnhA,sexM,sexP	rnhA,sexM,sexP		
Chaetocladium_sp._NRRL_2844	Mucoromycota:MAT	scaffold_138	12595-13545	12595-13545	withheld:modelled_gene_bar+polish_capped	withheld:modelled_gene_bar+polish_capped	undetermined	undetermined							hsp_fragment	hsp_fragment	6.7	6.7	0.0	62.2	62.2	sexM,sexP	sexM,sexP		
Chaetocladium_sp._NRRL_2844	Mucoromycota:MAT	scaffold_317	7161-8614	7161-8614	withheld:modelled_gene_bar+polish_capped	withheld:modelled_gene_bar+polish_capped	undetermined	undetermined							hsp_fragment	hsp_fragment	0.6	0.6	0.0	42.0	42.0	sexM,sexP	sexM,sexP		
Chaetocladium_sp._NRRL_2844	Mucoromycota:MAT	scaffold_21	73664-104692	73664-104692	withheld:modelled_gene_bar+polish_capped	withheld:modelled_gene_bar+polish_capped	undetermined	undetermined							hsp_fragment	hsp_fragment	0.0	0.0	0.0	0.0	0.0	rnhA,sexM	rnhA,sexM		
Chaetocladium_sp._NRRL_2844	Mucoromycota:MAT	scaffold_71	91571-114663	91571-114663	withheld:modelled_gene_bar+polish_capped	withheld:modelled_gene_bar+polish_capped	undetermined	undetermined							hsp_fragment	hsp_fragment	0.0	0.0	0.0	0.0	0.0	rnhA,sexM	rnhA,sexM		
Chaetocladium_sp._NRRL_2844	Mucoromycota:MAT	scaffold_19	168865-199759	168865-199759	withheld:modelled_gene_bar+polish_capped	withheld:modelled_gene_bar+polish_capped	undetermined	undetermined							hsp_fragment	hsp_fragment	7.5	7.5	0.0	43.4	43.4	sexM,sexP	sexM,sexP		
Chaetocladium_sp._NRRL_2844	Mucoromycota:MAT	scaffold_125	27431-56709	27431-56709	withheld:modelled_gene_bar	withheld:modelled_gene_bar	undetermined	undetermined							hsp_fragment	hsp_fragment	0.4	0.4	0.0	0.4	0.4	sexM,tptA	sexM,tptA		
Chaetocladium_sp._NRRL_2844	Mucoromycota:MAT	scaffold_181	3886-38661	3886-38661	withheld:modelled_gene_bar+polish_capped	withheld:modelled_gene_bar+polish_capped	undetermined	undetermined							hsp_fragment	hsp_fragment	0.0	0.0	0.0	0.0	0.0	glrA,sexP	glrA,sexP		
Chaetocladium_sp._NRRL_2844	Mucoromycota:MAT	scaffold_16	102114-104302	102114-104302	withheld:modelled_gene_bar	withheld:modelled_gene_bar	undetermined	undetermined							hsp_fragment	hsp_fragment	0.0	0.0	0.0	0.0	0.0	sexM,tptA	sexM,tptA		
Chaetocladium_sp._NRRL_2844	Mucoromycota:MAT	scaffold_120	30386-76591	30386-76591	withheld:modelled_gene_bar+polish_capped	withheld:modelled_gene_bar+polish_capped	undetermined	undetermined							hsp_fragment	hsp_fragment	0.0	0.0	0.0	0.0	0.0	rnhA,sexM	rnhA,sexM		
Chaetocladium_sp._NRRL_2844	Mucoromycota:MAT	scaffold_47	110578-160026	110578-160026	withheld:modelled_gene_bar+polish_capped	withheld:modelled_gene_bar+polish_capped	undetermined	undetermined							hsp_fragment	hsp_fragment	0.0	0.0	0.0	0.0	0.0	sexM,tptA	sexM,tptA		
Chaetocladium_sp._NRRL_2844	Mucoromycota:MAT	scaffold_194	23929-51528	23929-51528	withheld:modelled_gene_bar+polish_capped	withheld:modelled_gene_bar+polish_capped	undetermined	undetermined							hsp_fragment	hsp_fragment	0.0	0.0	0.0	0.0	0.0	glrA,sexM	glrA,sexM		
Chaetocladium_sp._NRRL_2844	Mucoromycota:MAT	scaffold_154	34982-46064	34982-46064	withheld:modelled_gene_bar+polish_capped	withheld:modelled_gene_bar+polish_capped	undetermined	undetermined							hsp_fragment	hsp_fragment	0.0	0.0	0.0	0.0	0.0	glrA,sexM	glrA,sexM		
Chaetocladium_sp._NRRL_2844	Mucoromycota:MAT	scaffold_125	27431-56709	27431-56709	withheld:below_fraction_floor	withheld:below_fraction_floor	undetermined	undetermined							hsp_fragment	hsp_fragment	0.4	0.4	0.0	0.4	0.4	sexM,tptA	sexM,tptA		
Chaetocladium_sp._NRRL_3029	Mucoromycota:MAT	scaffold_246	648-29311	648-29311	withheld:modelled_gene_bar+polish_capped	withheld:modelled_gene_bar+polish_capped	undetermined	undetermined							hsp_fragment	hsp_fragment	6.0	6.0	0.0	41.5	41.5	sexM,sexP	sexM,sexP		
Chaetocladium_sp._NRRL_3029	Mucoromycota:MAT	scaffold_40	94593-116331	94593-116331	withheld:modelled_gene_bar	withheld:modelled_gene_bar	undetermined	undetermined							model	model	5.0	5.0	0.0	56.8	56.8	btbA,sexP	btbA,sexP		
Chaetocladium_sp._NRRL_3029	Mucoromycota:MAT	scaffold_273	1115-7842	1115-7842	withheld:modelled_gene_bar+polish_capped	withheld:modelled_gene_bar+polish_capped	undetermined	undetermined							hsp_fragment	hsp_fragment	0.3	0.3	0.0	0.3	0.3	algA,sexP	algA,sexP		
Chaetocladium_sp._NRRL_3029	Mucoromycota:MAT	scaffold_131	13741-27440	13741-27440	withheld:modelled_gene_bar+polish_capped	withheld:modelled_gene_bar+polish_capped	undetermined	undetermined							hsp_fragment	hsp_fragment	0.0	0.0	0.0	0.0	0.0	rnhA,sexP	rnhA,sexP		
Chaetocladium_sp._NRRL_3029	Mucoromycota:MAT	scaffold_147	17236-18066	17236-18066	withheld:modelled_gene_bar	withheld:modelled_gene_bar	undetermined	undetermined							hsp_fragment	hsp_fragment	4.1	4.1	0.0	41.1	41.1	sexM,sexP	sexM,sexP		
Chaetocladium_sp._NRRL_3029	Mucoromycota:MAT	scaffold_6	176710-231804	176710-231804	withheld:modelled_gene_bar	withheld:modelled_gene_bar	undetermined	undetermined							hsp_fragment	hsp_fragment	8.7	8.7	0.0	8.7	8.7	sexM,tptA	sexM,tptA		
Chaetocladium_sp._NRRL_3029	Mucoromycota:MAT	scaffold_24	19161-30332	19161-30332	withheld:modelled_gene_bar	withheld:modelled_gene_bar	undetermined	undetermined							hsp_fragment	hsp_fragment	0.0	0.0	0.0	0.0	0.0	algA,sexM	algA,sexM		
Chaetocladium_sp._NRRL_3029	Mucoromycota:MAT	scaffold_87	23300-23820	23300-23820	withheld:modelled_gene_bar+polish_capped	withheld:modelled_gene_bar+polish_capped	undetermined	undetermined							hsp_fragment	hsp_fragment	22.0	22.0	0.0	45.5	45.5	sexM,sexP	sexM,sexP		
Chaetocladium_sp._NRRL_3029	Mucoromycota:MAT	scaffold_2	170704-192261	170704-192261	withheld:modelled_gene_bar+polish_capped	withheld:modelled_gene_bar+polish_capped	undetermined	undetermined							hsp_fragment	hsp_fragment	0.0	0.0	0.0	0.0	0.0	sexP,tptA	sexP,tptA		
Chaetocladium_sp._NRRL_3029	Mucoromycota:MAT	scaffold_29	4254-53524	4254-53524	withheld:modelled_gene_bar	withheld:modelled_gene_bar	undetermined	undetermined							hsp_fragment	hsp_fragment	0.0	0.0	0.0	0.0	0.0	rnhA,sexM	rnhA,sexM		
Chaetocladium_sp._NRRL_3029	Mucoromycota:MAT	scaffold_93	45875-53581	45875-53581	withheld:modelled_gene_bar+polish_capped	withheld:modelled_gene_bar+polish_capped	undetermined	undetermined							hsp_fragment	hsp_fragment	0.0	0.0	0.0	0.0	0.0	sexP,tptA	sexP,tptA		
Chaetocladium_sp._NRRL_3029	Mucoromycota:MAT	scaffold_342	23990-24539	23990-24539	withheld:modelled_gene_bar+polish_capped	withheld:modelled_gene_bar+polish_capped	undetermined	undetermined							hsp_fragment	hsp_fragment	0.0	0.0	0.0	0.0	0.0	glrA,sexM	glrA,sexM		
Chaetocladium_sp._NRRL_3029	Mucoromycota:MAT	scaffold_265	2975-28323	2975-28323	withheld:modelled_gene_bar	withheld:modelled_gene_bar	undetermined	undetermined							hsp_fragment	hsp_fragment	1.3	1.3	0.0	1.3	1.3	rnhA,sexM	rnhA,sexM		
Chaetocladium_sp._NRRL_3029	Mucoromycota:MAT	scaffold_43	56539-81213	56539-81213	withheld:modelled_gene_bar+polish_capped	withheld:modelled_gene_bar+polish_capped	undetermined	undetermined							hsp_fragment	hsp_fragment	0.0	0.0	0.0	0.0	0.0	rnhA,sexM	rnhA,sexM		
Chaetocladium_sp._NRRL_3029	Mucoromycota:MAT	scaffold_40	94593-116331	94593-116331	withheld:below_fraction_floor	withheld:below_fraction_floor	undetermined	undetermined							model	model	5.0	5.0	0.0	56.8	56.8	btbA,sexP	btbA,sexP		
Choanephora_circinans_NRRL_2546	Mucoromycota:MAT	scaffold_32	82206-94963	82206-94963	called	called	Plus	Plus	high	high	mat_locus	mat_locus			model	model	230.9	230.9	0.0	286.0	286.0	algA,glrA,rnhA,sexP,tptA	algA,glrA,rnhA,sexP,tptA		
Choanephora_circinans_NRRL_2546	Mucoromycota:MAT	scaffold_84	36202-53850	36202-53850	withheld:modelled_gene_bar	withheld:modelled_gene_bar	undetermined	undetermined							hsp_fragment	hsp_fragment	1.4	1.4	0.0	1.4	1.4	algA,glrA,sexP	algA,glrA,sexP		
Choanephora_circinans_NRRL_2546	Mucoromycota:MAT	scaffold_2	124439-189273	124439-189273	withheld:modelled_gene_bar	withheld:modelled_gene_bar	undetermined	undetermined							hsp_fragment	hsp_fragment	5.2	5.2	0.0	25.9	25.9	algA,sexM,sexP	algA,sexM,sexP		
Choanephora_circinans_NRRL_2546	Mucoromycota:MAT	scaffold_263	14039-35189	14039-35189	withheld:below_fraction_floor	withheld:below_fraction_floor	undetermined	undetermined							model	model	11.7	11.7	0.0	77.7	77.7	rnhA,sexP	rnhA,sexP		
Circinella_angarensis_NRRL_1594	Mucoromycota:MAT	scaffold_103	7634-15317	7634-15317	called	called	Plus	Plus	medium	medium	partial_locus	partial_locus			model	model	143.4	143.4	0.0	175.4	175.4	rnhA,sexP	rnhA,sexP		
Circinella_angarensis_NRRL_1594	Mucoromycota:MAT	scaffold_23	123560-134412	123560-134412	withheld:modelled_gene_bar	withheld:modelled_gene_bar	undetermined	undetermined														algA,rnhA,tptA	algA,rnhA,tptA		
Circinella_angarensis_NRRL_1594	Mucoromycota:MAT	scaffold_107	11116-12066	11116-12066	withheld:modelled_gene_bar	withheld:modelled_gene_bar	undetermined	undetermined							model	model	6.1	6.1	0.0	60.4	60.4	sexM,sexP	sexM,sexP		
Circinella_angarensis_NRRL_1594	Mucoromycota:MAT	scaffold_200	7214-8980	7214-8980	withheld:modelled_gene_bar	withheld:modelled_gene_bar	undetermined	undetermined							hsp_fragment	hsp_fragment	3.2	3.2	0.0	38.5	38.5	sexM,sexP	sexM,sexP		
Circinella_angarensis_NRRL_1594	Mucoromycota:MAT	scaffold_121	53661-60628	53661-60628	withheld:modelled_gene_bar	withheld:modelled_gene_bar	undetermined	undetermined							model	model	8.6	8.6	0.0	59.4	59.4	sexM,tptA	sexM,tptA		
Circinella_angarensis_NRRL_1594	Mucoromycota:MAT	scaffold_100	23432-24420	23432-24420	withheld:modelled_gene_bar	withheld:modelled_gene_bar	undetermined	undetermined							hsp_fragment	hsp_fragment	1.7	1.7	0.0	40.3	40.3	sexM,sexP	sexM,sexP		
Circinella_angarensis_NRRL_1594	Mucoromycota:MAT	scaffold_331	19214-38382	19214-38382	withheld:modelled_gene_bar+polish_capped	withheld:modelled_gene_bar+polish_capped	undetermined	undetermined							hsp_fragment	hsp_fragment	0.0	0.0	0.0	0.0	0.0	sexM,sexP	sexM,sexP		
Circinella_angarensis_NRRL_1594	Mucoromycota:MAT	scaffold_115	56679-83140	56679-83140	withheld:mat_gene_gate	withheld:mat_gene_gate	undetermined	undetermined							model	model	17.2	17.2	0.0	34.8	34.8	glrA,sexP	glrA,sexP		
Circinella_angarensis_NRRL_1594	Mucoromycota:MAT	scaffold_107	11116-12066	11116-12066	withheld:below_fraction_floor	withheld:below_fraction_floor	undetermined	undetermined							model	model	6.1	6.1	0.0	60.4	60.4	sexM,sexP	sexM,sexP		
Circinella_angarensis_NRRL_1594	Mucoromycota:MAT	scaffold_121	53661-60628	53661-60628	withheld:below_fraction_floor	withheld:below_fraction_floor	undetermined	undetermined							model	model	8.6	8.6	0.0	59.4	59.4	sexM,tptA	sexM,tptA		
Circinella_angarensis_NRRL_1594	Mucoromycota:MAT	scaffold_115	56679-83140	56679-83140	withheld:below_fraction_floor	withheld:below_fraction_floor	undetermined	undetermined							model	model	17.2	17.2	0.0	34.8	34.8	glrA,sexP	glrA,sexP		
Circinella_angarensis_NRRL_2410	Mucoromycota:MAT	scaffold_1	54791-62489	54791-62489	called	called	Plus	Plus	medium	medium	partial_locus	partial_locus			model	model	137.9	137.9	0.0	169.4	169.4	rnhA,sexP	rnhA,sexP		
Circinella_angarensis_NRRL_2410	Mucoromycota:MAT	scaffold_20	153028-199450	153028-199450	withheld:modelled_gene_bar	withheld:modelled_gene_bar	undetermined	undetermined							hsp_fragment	hsp_fragment	0.0	0.0	0.0	0.0	0.0	rnhA,sexM,sexP	rnhA,sexM,sexP		
Circinella_angarensis_NRRL_2410	Mucoromycota:MAT	scaffold_43	166014-176142	166014-176142	withheld:modelled_gene_bar	withheld:modelled_gene_bar	undetermined	undetermined														algA,rnhA,tptA	algA,rnhA,tptA		
Circinella_angarensis_NRRL_2410	Mucoromycota:MAT	scaffold_15	179230-242056	179230-242056	withheld:mat_gene_gate	withheld:mat_gene_gate	undetermined	undetermined							model	model	19.7	19.7	0.0	37.8	37.8	glrA,sexM,sexP	glrA,sexM,sexP		
Circinella_angarensis_NRRL_2410	Mucoromycota:MAT	scaffold_329	4589-5530	4589-5530	withheld:modelled_gene_bar+polish_capped	withheld:modelled_gene_bar+polish_capped	undetermined	undetermined							hsp_fragment	hsp_fragment	3.0	3.0	0.0	64.7	64.7	sexM,sexP	sexM,sexP		
Circinella_angarensis_NRRL_2410	Mucoromycota:MAT	scaffold_20	378-10910	378-10910	withheld:modelled_gene_bar+polish_capped	withheld:modelled_gene_bar+polish_capped	undetermined	undetermined							hsp_fragment	hsp_fragment	9.4	9.4	0.0	23.3	23.3	algA,sexP	algA,sexP		
Circinella_angarensis_NRRL_2410	Mucoromycota:MAT	scaffold_31	121695-122611	121695-122611	withheld:modelled_gene_bar+polish_capped	withheld:modelled_gene_bar+polish_capped	undetermined	undetermined							hsp_fragment	hsp_fragment	1.6	1.6	0.0	40.7	40.7	sexM,sexP	sexM,sexP		
Circinella_angarensis_NRRL_2410	Mucoromycota:MAT	scaffold_194	3003-5665	3003-5665	withheld:modelled_gene_bar	withheld:modelled_gene_bar	undetermined	undetermined							hsp_fragment	hsp_fragment	4.3	4.3	0.0	29.3	29.3	sexM,tptA	sexM,tptA		
Circinella_angarensis_NRRL_2410	Mucoromycota:MAT	scaffold_38	27067-38231	27067-38231	withheld:modelled_gene_bar+polish_capped	withheld:modelled_gene_bar+polish_capped	undetermined	undetermined							hsp_fragment	hsp_fragment	0.0	0.0	0.0	0.0	0.0	sexM,sexP	sexM,sexP		
Circinella_angarensis_NRRL_2410	Mucoromycota:MAT	scaffold_3	304083-305892	304083-305892	withheld:modelled_gene_bar	withheld:modelled_gene_bar	undetermined	undetermined							hsp_fragment	hsp_fragment	0.3	0.3	0.0	38.5	38.5	sexM,sexP	sexM,sexP		
Circinella_angarensis_NRRL_2410	Mucoromycota:MAT	scaffold_200	26754-41320	26754-41320	withheld:modelled_gene_bar+polish_capped	withheld:modelled_gene_bar+polish_capped	undetermined	undetermined							hsp_fragment	hsp_fragment	0.0	0.0	0.0	0.0	0.0	algA,sexP	algA,sexP		
Circinella_angarensis_NRRL_2410	Mucoromycota:MAT	scaffold_8	219544-246504	219544-246504	withheld:modelled_gene_bar+polish_capped	withheld:modelled_gene_bar+polish_capped	undetermined	undetermined							hsp_fragment	hsp_fragment	0.0	0.0	0.0	0.0	0.0	rnhA,sexM	rnhA,sexM		
Circinella_angarensis_NRRL_2410	Mucoromycota:MAT	scaffold_47	165897-171878	165897-171878	withheld:modelled_gene_bar+polish_capped	withheld:modelled_gene_bar+polish_capped	undetermined	undetermined							hsp_fragment	hsp_fragment	1.4	1.4	0.0	23.4	23.4	sexM,sexP	sexM,sexP		
Circinella_angarensis_NRRL_2410	Mucoromycota:MAT	scaffold_36	3382-35242	3382-35242	withheld:modelled_gene_bar+polish_capped	withheld:modelled_gene_bar+polish_capped	undetermined	undetermined							hsp_fragment	hsp_fragment	0.0	0.0	0.0	0.0	0.0	sexM,tptA	sexM,tptA		
Circinella_angarensis_NRRL_2410	Mucoromycota:MAT	scaffold_93	73425-98059	73425-98059	withheld:modelled_gene_bar	withheld:modelled_gene_bar	undetermined	undetermined							hsp_fragment	hsp_fragment	1.0	1.0	0.0	3.5	3.5	btbA,sexM	btbA,sexM		
Circinella_angarensis_NRRL_2410	Mucoromycota:MAT	scaffold_93	73425-98059	73425-98059	withheld:below_fraction_floor	withheld:below_fraction_floor	undetermined	undetermined							hsp_fragment	hsp_fragment	1.0	1.0	0.0	3.5	3.5	btbA,sexM	btbA,sexM		
Circinella_angarensis_NRRL_2628	Mucoromycota:MAT	scaffold_231	5871-13264	5871-13264	called	called	Minus	Minus	medium	medium	partial_locus	partial_locus			model	model	96.8	96.8	0.0	158.6	158.6	rnhA,sexM	rnhA,sexM		
Circinella_angarensis_NRRL_2628	Mucoromycota:MAT	scaffold_8	96163-106290	96163-106290	withheld:modelled_gene_bar	withheld:modelled_gene_bar	undetermined	undetermined														algA,rnhA,tptA	algA,rnhA,tptA		
Circinella_angarensis_NRRL_2628	Mucoromycota:MAT	scaffold_76	18823-19764	18823-19764	withheld:modelled_gene_bar+polish_capped	withheld:modelled_gene_bar+polish_capped	undetermined	undetermined							hsp_fragment	hsp_fragment	3.0	3.0	0.0	64.7	64.7	sexM,sexP	sexM,sexP		
Circinella_angarensis_NRRL_2628	Mucoromycota:MAT	scaffold_175	15402-43929	15402-43929	withheld:modelled_gene_bar	withheld:modelled_gene_bar	undetermined	undetermined							model	model	18.0	18.0	0.0	84.2	84.2	sexM,tptA	sexM,tptA		
Circinella_angarensis_NRRL_2628	Mucoromycota:MAT	scaffold_86	119907-120823	119907-120823	withheld:modelled_gene_bar+polish_capped	withheld:modelled_gene_bar+polish_capped	undetermined	undetermined							hsp_fragment	hsp_fragment	2.1	2.1	0.0	39.8	39.8	sexM,sexP	sexM,sexP		
Circinella_angarensis_NRRL_2628	Mucoromycota:MAT	scaffold_3	280833-283492	280833-283492	withheld:modelled_gene_bar	withheld:modelled_gene_bar	undetermined	undetermined							hsp_fragment	hsp_fragment	4.3	4.3	0.0	29.3	29.3	sexM,tptA	sexM,tptA		
Circinella_angarensis_NRRL_2628	Mucoromycota:MAT	scaffold_197	14824-16633	14824-16633	withheld:modelled_gene_bar	withheld:modelled_gene_bar	undetermined	undetermined							hsp_fragment	hsp_fragment	0.3	0.3	0.0	38.5	38.5	sexM,sexP	sexM,sexP		
Circinella_angarensis_NRRL_2628	Mucoromycota:MAT	scaffold_581	324-11137	324-11137	withheld:modelled_gene_bar+polish_capped	withheld:modelled_gene_bar+polish_capped	undetermined	undetermined							hsp_fragment	hsp_fragment	9.4	9.4	0.0	23.3	23.3	algA,sexP	algA,sexP		
Circinella_angarensis_NRRL_2628	Mucoromycota:MAT	scaffold_40	88514-112369	88514-112369	withheld:modelled_gene_bar+polish_capped	withheld:modelled_gene_bar+polish_capped	undetermined	undetermined							hsp_fragment	hsp_fragment	0.0	0.0	0.0	0.0	0.0	rnhA,sexM	rnhA,sexM		
Circinella_angarensis_NRRL_2628	Mucoromycota:MAT	scaffold_35	94616-121762	94616-121762	withheld:modelled_gene_bar+polish_capped	withheld:modelled_gene_bar+polish_capped	undetermined	undetermined							hsp_fragment	hsp_fragment	0.0	0.0	0.0	0.0	0.0	rnhA,sexM	rnhA,sexM		
Circinella_angarensis_NRRL_2628	Mucoromycota:MAT	scaffold_69	101392-107377	101392-107377	withheld:modelled_gene_bar+polish_capped	withheld:modelled_gene_bar+polish_capped	undetermined	undetermined							hsp_fragment	hsp_fragment	1.4	1.4	0.0	23.4	23.4	sexM,sexP	sexM,sexP		
Circinella_angarensis_NRRL_2628	Mucoromycota:MAT	scaffold_321	22223-33231	22223-33231	withheld:modelled_gene_bar	withheld:modelled_gene_bar	undetermined	undetermined							hsp_fragment	hsp_fragment	0.0	0.0	0.0	0.0	0.0	sexM,sexP	sexM,sexP		
Circinella_angarensis_NRRL_2628	Mucoromycota:MAT	scaffold_105	73634-98267	73634-98267	withheld:modelled_gene_bar	withheld:modelled_gene_bar	undetermined	undetermined							hsp_fragment	hsp_fragment	1.0	1.0	0.0	3.5	3.5	btbA,sexM	btbA,sexM		
Circinella_angarensis_NRRL_2628	Mucoromycota:MAT	scaffold_175	15402-43929	15402-43929	withheld:below_fraction_floor	withheld:below_fraction_floor	undetermined	undetermined							model	model	18.0	18.0	0.0	84.2	84.2	sexM,tptA	sexM,tptA		
Circinella_angarensis_NRRL_2628	Mucoromycota:MAT	scaffold_105	73634-98267	73634-98267	withheld:below_fraction_floor	withheld:below_fraction_floor	undetermined	undetermined							hsp_fragment	hsp_fragment	1.0	1.0	0.0	3.5	3.5	btbA,sexM	btbA,sexM		
Circinella_angarensis_RSA_198_Plus	Mucoromycota:MAT	scaffold_2	111761-119142	111761-119142	called	called	Minus	Minus	medium	medium	partial_locus	partial_locus			model	model	94.7	94.7	0.0	157.2	157.2	rnhA,sexM	rnhA,sexM		
Circinella_angarensis_RSA_198_Plus	Mucoromycota:MAT	scaffold_1	267722-313821	267722-313821	withheld:modelled_gene_bar	withheld:modelled_gene_bar	undetermined	undetermined							hsp_fragment	hsp_fragment	0.0	0.0	0.0	0.0	0.0	rnhA,sexM,sexP	rnhA,sexM,sexP		
Circinella_angarensis_RSA_198_Plus	Mucoromycota:MAT	scaffold_7	98623-108716	98623-108716	withheld:modelled_gene_bar	withheld:modelled_gene_bar	undetermined	undetermined														algA,rnhA,tptA	algA,rnhA,tptA		
Circinella_angarensis_RSA_198_Plus	Mucoromycota:MAT	scaffold_78	4020-4961	4020-4961	withheld:modelled_gene_bar+polish_capped	withheld:modelled_gene_bar+polish_capped	undetermined	undetermined							hsp_fragment	hsp_fragment	3.0	3.0	0.0	64.7	64.7	sexM,sexP	sexM,sexP		
Circinella_angarensis_RSA_198_Plus	Mucoromycota:MAT	scaffold_86	69792-71535	69792-71535	withheld:modelled_gene_bar	withheld:modelled_gene_bar	undetermined	undetermined							hsp_fragment	hsp_fragment	2.2	2.2	0.0	40.4	40.4	sexM,sexP	sexM,sexP		
Circinella_angarensis_RSA_198_Plus	Mucoromycota:MAT	scaffold_1	452962-458923	452962-458923	withheld:modelled_gene_bar+polish_capped	withheld:modelled_gene_bar+polish_capped	undetermined	undetermined							hsp_fragment	hsp_fragment	1.1	1.1	0.0	25.1	25.1	sexM,sexP	sexM,sexP		
Circinella_angarensis_RSA_198_Plus	Mucoromycota:MAT	scaffold_63	80739-81298	80739-81298	withheld:modelled_gene_bar+polish_capped	withheld:modelled_gene_bar+polish_capped	undetermined	undetermined							hsp_fragment	hsp_fragment	7.4	7.4	0.0	54.9	54.9	sexM,sexP	sexM,sexP		
Circinella_angarensis_RSA_198_Plus	Mucoromycota:MAT	scaffold_163	26768-28521	26768-28521	withheld:modelled_gene_bar	withheld:modelled_gene_bar	undetermined	undetermined							hsp_fragment	hsp_fragment	0.0	0.0	0.0	0.0	0.0	glrA,sexP	glrA,sexP		
Circinella_angarensis_RSA_198_Plus	Mucoromycota:MAT	scaffold_94	4843-48776	4843-48776	withheld:modelled_gene_bar+polish_capped	withheld:modelled_gene_bar+polish_capped	undetermined	undetermined							hsp_fragment	hsp_fragment	0.0	0.0	0.0	0.0	0.0	sexM,tptA	sexM,tptA		
Circinella_angarensis_RSA_198_Plus	Mucoromycota:MAT	scaffold_79	31001-55654	31001-55654	withheld:modelled_gene_bar	withheld:modelled_gene_bar	undetermined	undetermined							hsp_fragment	hsp_fragment	1.0	1.0	0.0	3.5	3.5	btbA,sexM	btbA,sexM		
Circinella_angarensis_RSA_198_Plus	Mucoromycota:MAT	scaffold_31	125434-147768	125434-147768	withheld:mat_gene_gate	withheld:mat_gene_gate	undetermined	undetermined							model	model	19.7	19.7	0.0	37.8	37.8	glrA,sexP	glrA,sexP		
Circinella_angarensis_RSA_198_Plus	Mucoromycota:MAT	scaffold_31	125434-147768	125434-147768	withheld:below_fraction_floor	withheld:below_fraction_floor	undetermined	undetermined							model	model	19.7	19.7	0.0	37.8	37.8	glrA,sexP	glrA,sexP		
Circinella_angarensis_RSA_198_Plus	Mucoromycota:MAT	scaffold_163	26768-28521	26768-28521	withheld:below_fraction_floor	withheld:below_fraction_floor	undetermined	undetermined							hsp_fragment	hsp_fragment	0.0	0.0	0.0	0.0	0.0	glrA,sexP	glrA,sexP		
Circinella_angarensis_RSA_198_Plus	Mucoromycota:MAT	scaffold_79	31001-55654	31001-55654	withheld:below_fraction_floor	withheld:below_fraction_floor	undetermined	undetermined							hsp_fragment	hsp_fragment	1.0	1.0	0.0	3.5	3.5	btbA,sexM	btbA,sexM		
Circinella_angarensis_RSA_618-	Mucoromycota:MAT	scaffold_213	5588-12981	5588-12981	called	called	Minus	Minus	medium	medium	partial_locus	partial_locus			model	model	96.8	96.8	0.0	158.6	158.6	rnhA,sexM	rnhA,sexM		
Circinella_angarensis_RSA_618-	Mucoromycota:MAT	scaffold_1	152841-199131	152841-199131	withheld:modelled_gene_bar	withheld:modelled_gene_bar	undetermined	undetermined							hsp_fragment	hsp_fragment	0.0	0.0	0.0	0.0	0.0	rnhA,sexM,sexP	rnhA,sexM,sexP		
Circinella_angarensis_RSA_618-	Mucoromycota:MAT	scaffold_29	127711-137838	127711-137838	withheld:modelled_gene_bar	withheld:modelled_gene_bar	undetermined	undetermined														algA,rnhA,tptA	algA,rnhA,tptA		
Circinella_angarensis_RSA_618-	Mucoromycota:MAT	scaffold_41	4571-5512	4571-5512	withheld:modelled_gene_bar+polish_capped	withheld:modelled_gene_bar+polish_capped	undetermined	undetermined							hsp_fragment	hsp_fragment	3.0	3.0	0.0	64.7	64.7	sexM,sexP	sexM,sexP		
Circinella_angarensis_RSA_618-	Mucoromycota:MAT	scaffold_1	345-10863	345-10863	withheld:modelled_gene_bar+polish_capped	withheld:modelled_gene_bar+polish_capped	undetermined	undetermined							hsp_fragment	hsp_fragment	9.4	9.4	0.0	23.3	23.3	algA,sexP	algA,sexP		
Circinella_angarensis_RSA_618-	Mucoromycota:MAT	scaffold_64	119624-120552	119624-120552	withheld:modelled_gene_bar+polish_capped	withheld:modelled_gene_bar+polish_capped	undetermined	undetermined							hsp_fragment	hsp_fragment	2.1	2.1	0.0	39.8	39.8	sexM,sexP	sexM,sexP		
Circinella_angarensis_RSA_618-	Mucoromycota:MAT	scaffold_571	2720-5379	2720-5379	withheld:modelled_gene_bar	withheld:modelled_gene_bar	undetermined	undetermined							hsp_fragment	hsp_fragment	4.3	4.3	0.0	29.3	29.3	sexM,tptA	sexM,tptA		
Circinella_angarensis_RSA_618-	Mucoromycota:MAT	scaffold_492	2918-13994	2918-13994	withheld:modelled_gene_bar+polish_capped	withheld:modelled_gene_bar+polish_capped	undetermined	undetermined							hsp_fragment	hsp_fragment	0.0	0.0	0.0	0.0	0.0	sexM,sexP	sexM,sexP		
Circinella_angarensis_RSA_618-	Mucoromycota:MAT	scaffold_154	70102-70846	70102-70846	withheld:modelled_gene_bar	withheld:modelled_gene_bar	undetermined	undetermined							hsp_fragment	hsp_fragment	2.6	2.6	0.0	36.7	36.7	sexM,sexP	sexM,sexP		
Circinella_angarensis_RSA_618-	Mucoromycota:MAT	scaffold_28	21776-45031	21776-45031	withheld:modelled_gene_bar+polish_capped	withheld:modelled_gene_bar+polish_capped	undetermined	undetermined							hsp_fragment	hsp_fragment	0.0	0.0	0.0	0.0	0.0	rnhA,sexM	rnhA,sexM		
Circinella_angarensis_RSA_618-	Mucoromycota:MAT	scaffold_54	31392-68896	31392-68896	withheld:modelled_gene_bar+polish_capped	withheld:modelled_gene_bar+polish_capped	undetermined	undetermined							hsp_fragment	hsp_fragment	0.0	0.0	0.0	0.0	0.0	rnhA,sexM	rnhA,sexM		
Circinella_angarensis_RSA_618-	Mucoromycota:MAT	scaffold_22	94635-100620	94635-100620	withheld:modelled_gene_bar+polish_capped	withheld:modelled_gene_bar+polish_capped	undetermined	undetermined							hsp_fragment	hsp_fragment	1.4	1.4	0.0	23.4	23.4	sexM,sexP	sexM,sexP		
Circinella_angarensis_RSA_618-	Mucoromycota:MAT	scaffold_350	4304-15303	4304-15303	withheld:modelled_gene_bar+polish_capped	withheld:modelled_gene_bar+polish_capped	undetermined	undetermined							hsp_fragment	hsp_fragment	0.0	0.0	0.0	0.0	0.0	sexM,sexP	sexM,sexP		
Circinella_angarensis_RSA_618-	Mucoromycota:MAT	scaffold_206	30489-62340	30489-62340	withheld:modelled_gene_bar+polish_capped	withheld:modelled_gene_bar+polish_capped	undetermined	undetermined							hsp_fragment	hsp_fragment	0.0	0.0	0.0	0.0	0.0	sexM,tptA	sexM,tptA		
Circinella_angarensis_RSA_618-	Mucoromycota:MAT	scaffold_82	67295-91923	67295-91923	withheld:modelled_gene_bar	withheld:modelled_gene_bar	undetermined	undetermined							hsp_fragment	hsp_fragment	1.0	1.0	0.0	3.5	3.5	btbA,sexM	btbA,sexM		
Circinella_angarensis_RSA_618-	Mucoromycota:MAT	scaffold_26	129300-151535	129300-151535	withheld:mat_gene_gate	withheld:mat_gene_gate	undetermined	undetermined							model	model	19.7	19.7	0.0	37.8	37.8	glrA,sexP	glrA,sexP		
Circinella_angarensis_RSA_618-	Mucoromycota:MAT	scaffold_26	129300-151535	129300-151535	withheld:below_fraction_floor	withheld:below_fraction_floor	undetermined	undetermined							model	model	19.7	19.7	0.0	37.8	37.8	glrA,sexP	glrA,sexP		
Circinella_angarensis_RSA_618-	Mucoromycota:MAT	scaffold_82	67295-91923	67295-91923	withheld:below_fraction_floor	withheld:below_fraction_floor	undetermined	undetermined							hsp_fragment	hsp_fragment	1.0	1.0	0.0	3.5	3.5	btbA,sexM	btbA,sexM		
Circinella_chinensis_CBS_150.53	Mucoromycota:MAT	scaffold_136	56704-65481	56704-65481	called	called	Minus	Minus	medium	medium	partial_locus	partial_locus			model	model	82.9	82.9	0.0	151.9	151.9	rnhA,sexM	rnhA,sexM		
Circinella_chinensis_CBS_150.53	Mucoromycota:MAT	scaffold_85	55618-63430	55618-63430	withheld:modelled_gene_bar	withheld:modelled_gene_bar	undetermined	undetermined														algA,rnhA,tptA	algA,rnhA,tptA		
Circinella_chinensis_CBS_150.53	Mucoromycota:MAT	scaffold_121	15966-27605	15966-27605	withheld:modelled_gene_bar	withheld:modelled_gene_bar	undetermined	undetermined							hsp_fragment	hsp_fragment	0.0	0.0	0.0	0.0	0.0	rnhA,sexM,sexP	rnhA,sexM,sexP		
Circinella_chinensis_CBS_150.53	Mucoromycota:MAT	scaffold_473	19786-21181	19786-21181	withheld:modelled_gene_bar	withheld:modelled_gene_bar	undetermined	undetermined							hsp_fragment	hsp_fragment	1.7	1.7	0.0	37.9	37.9	sexM,sexP	sexM,sexP		
Circinella_chinensis_CBS_150.53	Mucoromycota:MAT	scaffold_356	17153-17878	17153-17878	withheld:modelled_gene_bar+polish_capped	withheld:modelled_gene_bar+polish_capped	undetermined	undetermined							hsp_fragment	hsp_fragment	8.7	8.7	0.0	60.3	60.3	sexM,sexP	sexM,sexP		
Circinella_chinensis_CBS_150.53	Mucoromycota:MAT	scaffold_223	39158-40057	39158-40057	withheld:modelled_gene_bar	withheld:modelled_gene_bar	undetermined	undetermined							hsp_fragment	hsp_fragment	2.6	2.6	0.0	41.8	41.8	sexM,sexP	sexM,sexP		
Circinella_chinensis_CBS_150.53	Mucoromycota:MAT	scaffold_120	14993-32596	14993-32596	withheld:modelled_gene_bar+polish_capped	withheld:modelled_gene_bar+polish_capped	undetermined	undetermined							hsp_fragment	hsp_fragment	0.0	0.0	0.0	0.0	0.0	algA,sexP	algA,sexP		
Circinella_chinensis_CBS_150.53	Mucoromycota:MAT	scaffold_6	41307-82092	41307-82092	withheld:modelled_gene_bar	withheld:modelled_gene_bar	undetermined	undetermined							model	model	18.6	18.6	0.0	83.6	83.6	rnhA,sexM	rnhA,sexM		
Circinella_chinensis_CBS_150.53	Mucoromycota:MAT	scaffold_603	10910-11478	10910-11478	withheld:modelled_gene_bar+polish_capped	withheld:modelled_gene_bar+polish_capped	undetermined	undetermined							hsp_fragment	hsp_fragment	9.7	9.7	0.0	56.7	56.7	sexM,sexP	sexM,sexP		
Circinella_chinensis_CBS_150.53	Mucoromycota:MAT	scaffold_42	49251-103356	49251-103356	withheld:modelled_gene_bar	withheld:modelled_gene_bar	undetermined	undetermined							model	model	18.7	18.7	0.0	35.8	35.8	sexM,sexP	sexM,sexP		
Circinella_chinensis_CBS_150.53	Mucoromycota:MAT	scaffold_8	110816-153697	110816-153697	withheld:modelled_gene_bar+polish_capped	withheld:modelled_gene_bar+polish_capped	undetermined	undetermined							hsp_fragment	hsp_fragment	6.0	6.0	0.0	6.0	6.0	sexM,sexP	sexM,sexP		
Circinella_chinensis_CBS_150.53	Mucoromycota:MAT	scaffold_29	55014-91536	55014-91536	withheld:modelled_gene_bar+polish_capped	withheld:modelled_gene_bar+polish_capped	undetermined	undetermined							hsp_fragment	hsp_fragment	0.0	0.0	0.0	0.0	0.0	glrA,sexM	glrA,sexM		
Circinella_chinensis_CBS_150.53	Mucoromycota:MAT	scaffold_317	5214-37312	5214-37312	withheld:modelled_gene_bar+polish_capped	withheld:modelled_gene_bar+polish_capped	undetermined	undetermined							hsp_fragment	hsp_fragment	0.6	0.6	0.0	0.6	0.6	sexM,sexP	sexM,sexP		
Circinella_chinensis_CBS_150.53	Mucoromycota:MAT	scaffold_283	31979-33840	31979-33840	withheld:modelled_gene_bar+polish_capped	withheld:modelled_gene_bar+polish_capped	undetermined	undetermined							hsp_fragment	hsp_fragment	0.0	0.0	0.0	0.0	0.0	algA,sexP	algA,sexP		
Circinella_chinensis_CBS_150.53	Mucoromycota:MAT	scaffold_6	41307-82092	41307-82092	withheld:below_fraction_floor	withheld:below_fraction_floor	undetermined	undetermined							model	model	18.6	18.6	0.0	83.6	83.6	rnhA,sexM	rnhA,sexM		
Circinella_chinensis_CBS_150.53	Mucoromycota:MAT	scaffold_42	49251-103356	49251-103356	withheld:below_fraction_floor	withheld:below_fraction_floor	undetermined	undetermined							model	model	18.7	18.7	0.0	35.8	35.8	sexM,sexP	sexM,sexP		
Circinella_chinensis_NRRL_2415	Mucoromycota:MAT	scaffold_48	41056-48421	41056-48421	called	called	Minus	Minus	medium	medium	partial_locus	partial_locus			model	model	90.4	90.4	0.0	154.5	154.5	rnhA,sexM	rnhA,sexM		
Circinella_chinensis_NRRL_2415	Mucoromycota:MAT	scaffold_23	198414-209210	198414-209210	withheld:modelled_gene_bar	withheld:modelled_gene_bar	undetermined	undetermined														algA,rnhA,tptA	algA,rnhA,tptA		
Circinella_chinensis_NRRL_2415	Mucoromycota:MAT	scaffold_27	237772-238716	237772-238716	withheld:modelled_gene_bar+polish_capped	withheld:modelled_gene_bar+polish_capped	undetermined	undetermined							hsp_fragment	hsp_fragment	3.3	3.3	0.0	65.6	65.6	sexM,sexP	sexM,sexP		
Circinella_chinensis_NRRL_2415	Mucoromycota:MAT	scaffold_60	10012-11749	10012-11749	withheld:modelled_gene_bar	withheld:modelled_gene_bar	undetermined	undetermined							hsp_fragment	hsp_fragment	0.3	0.3	0.0	38.4	38.4	sexM,sexP	sexM,sexP		
Circinella_chinensis_NRRL_2415	Mucoromycota:MAT	scaffold_98	6860-11820	6860-11820	withheld:modelled_gene_bar+polish_capped	withheld:modelled_gene_bar+polish_capped	undetermined	undetermined							hsp_fragment	hsp_fragment	0.0	0.0	0.0	0.0	0.0	sexP,tptA	sexP,tptA		
Circinella_chinensis_NRRL_2415	Mucoromycota:MAT	scaffold_1	1258972-1297042	1258972-1297042	withheld:modelled_gene_bar+polish_capped	withheld:modelled_gene_bar+polish_capped	undetermined	undetermined							hsp_fragment	hsp_fragment	0.0	0.0	0.0	0.0	0.0	rnhA,sexM	rnhA,sexM		
Circinella_chinensis_NRRL_2415	Mucoromycota:MAT	scaffold_74	69618-70260	69618-70260	withheld:modelled_gene_bar+polish_capped	withheld:modelled_gene_bar+polish_capped	undetermined	undetermined							hsp_fragment	hsp_fragment	8.0	8.0	0.0	55.8	55.8	sexM,sexP	sexM,sexP		
Circinella_chinensis_NRRL_2415	Mucoromycota:MAT	scaffold_89	98272-126423	98272-126423	withheld:modelled_gene_bar	withheld:modelled_gene_bar	undetermined	undetermined							model	model	22.0	22.0	0.0	36.4	36.4	glrA,sexM	glrA,sexM		
Circinella_chinensis_NRRL_2415	Mucoromycota:MAT	scaffold_130	17099-59713	17099-59713	withheld:modelled_gene_bar	withheld:modelled_gene_bar	undetermined	undetermined							hsp_fragment	hsp_fragment	6.7	6.7	0.0	6.9	6.9	glrA,sexP	glrA,sexP		
Circinella_chinensis_NRRL_2415	Mucoromycota:MAT	scaffold_62	43167-74679	43167-74679	withheld:modelled_gene_bar+polish_capped	withheld:modelled_gene_bar+polish_capped	undetermined	undetermined							hsp_fragment	hsp_fragment	2.3	2.3	0.0	2.3	2.3	btbA,sexP	btbA,sexP		
Circinella_chinensis_NRRL_2415	Mucoromycota:MAT	scaffold_84	164763-165388	164763-165388	withheld:modelled_gene_bar	withheld:modelled_gene_bar	undetermined	undetermined							hsp_fragment	hsp_fragment	0.0	0.0	0.0	0.0	0.0	rnhA,sexM	rnhA,sexM		
Circinella_chinensis_NRRL_2415	Mucoromycota:MAT	scaffold_83	13542-16513	13542-16513	withheld:modelled_gene_bar+polish_capped	withheld:modelled_gene_bar+polish_capped	undetermined	undetermined							hsp_fragment	hsp_fragment	0.0	0.0	0.0	0.0	0.0	glrA,sexM	glrA,sexM		
Circinella_chinensis_NRRL_2415	Mucoromycota:MAT	scaffold_18	185693-221960	185693-221960	withheld:mat_gene_gate	withheld:mat_gene_gate	undetermined	undetermined							model	model	17.8	17.8	0.0	36.4	36.4	glrA,sexP	glrA,sexP		
Circinella_chinensis_NRRL_2415	Mucoromycota:MAT	scaffold_89	98272-126423	98272-126423	withheld:below_fraction_floor	withheld:below_fraction_floor	undetermined	undetermined							model	model	22.0	22.0	0.0	36.4	36.4	glrA,sexM	glrA,sexM		
Circinella_chinensis_NRRL_2415	Mucoromycota:MAT	scaffold_18	185693-221960	185693-221960	withheld:below_fraction_floor	withheld:below_fraction_floor	undetermined	undetermined							model	model	17.8	17.8	0.0	36.4	36.4	glrA,sexP	glrA,sexP		
Circinella_minor_CBS_143.56	Mucoromycota:MAT	scaffold_1115	6343-14026	6343-14026	called	called	Plus	Plus	medium	medium	partial_locus	partial_locus			model	model	134.7	134.7	0.0	165.8	165.8	rnhA,sexP	rnhA,sexP		
Circinella_minor_CBS_143.56	Mucoromycota:MAT	scaffold_1610	1465-8846	1465-8846	called	called	Minus	Minus	medium	medium	partial_locus	partial_locus			model	model	86.7	86.7	0.0	153.6	153.6	rnhA,sexM	rnhA,sexM		
Circinella_minor_CBS_143.56	Mucoromycota:MAT	scaffold_359	18913-32573	18913-32573	withheld:modelled_gene_bar	withheld:modelled_gene_bar	undetermined	undetermined														algA,rnhA,tptA	algA,rnhA,tptA		
Circinella_minor_CBS_143.56	Mucoromycota:MAT	scaffold_525	1-10686	1-10686	withheld:modelled_gene_bar	withheld:modelled_gene_bar	undetermined	undetermined														algA,rnhA,tptA	algA,rnhA,tptA		
Circinella_minor_CBS_143.56	Mucoromycota:MAT	scaffold_553	7599-8543	7599-8543	withheld:modelled_gene_bar	withheld:modelled_gene_bar	undetermined	undetermined							model	model	3.2	3.2	0.0	64.9	64.9	sexM,sexP	sexM,sexP		
Circinella_minor_CBS_143.56	Mucoromycota:MAT	scaffold_4460	1352-1787	1352-1787	withheld:modelled_gene_bar	withheld:modelled_gene_bar	undetermined	undetermined							model	model	8.7	8.7	0.0	83.1	83.1	sexM,sexP	sexM,sexP		
Circinella_minor_CBS_143.56	Mucoromycota:MAT	scaffold_186	7473-9221	7473-9221	withheld:modelled_gene_bar	withheld:modelled_gene_bar	undetermined	undetermined							hsp_fragment	hsp_fragment	0.4	0.4	0.0	38.4	38.4	sexM,sexP	sexM,sexP		
Circinella_minor_CBS_143.56	Mucoromycota:MAT	scaffold_2568	7263-8278	7263-8278	withheld:modelled_gene_bar	withheld:modelled_gene_bar	undetermined	undetermined							hsp_fragment	hsp_fragment	2.8	2.8	0.0	38.5	38.5	sexM,sexP	sexM,sexP		
Circinella_minor_CBS_143.56	Mucoromycota:MAT	scaffold_5028	1502-2649	1502-2649	withheld:modelled_gene_bar+polish_capped	withheld:modelled_gene_bar+polish_capped	undetermined	undetermined							hsp_fragment	hsp_fragment	9.3	9.3	0.0	22.6	22.6	sexM,sexP	sexM,sexP		
Circinella_minor_CBS_143.56	Mucoromycota:MAT	scaffold_2336	7021-8323	7021-8323	withheld:modelled_gene_bar+polish_capped	withheld:modelled_gene_bar+polish_capped	undetermined	undetermined							hsp_fragment	hsp_fragment	2.6	2.6	0.0	31.3	31.3	sexP,tptA	sexP,tptA		
Circinella_minor_CBS_143.56	Mucoromycota:MAT	scaffold_553	7599-8543	7599-8543	withheld:below_fraction_floor	withheld:below_fraction_floor	undetermined	undetermined							model	model	3.2	3.2	0.0	64.9	64.9	sexM,sexP	sexM,sexP		
Circinella_minor_CBS_143.56	Mucoromycota:MAT	scaffold_4460	1352-1787	1352-1787	withheld:below_fraction_floor	withheld:below_fraction_floor	undetermined	undetermined							model	model	8.7	8.7	0.0	83.1	83.1	sexM,sexP	sexM,sexP		
Circinella_minor_NRRL_1365	Mucoromycota:MAT	scaffold_388	5392-13096	5392-13096	called	called	Plus	Plus	medium	medium	partial_locus	partial_locus			model	model	133.7	133.7	0.0	164.3	164.3	rnhA,sexP	rnhA,sexP		
Circinella_minor_NRRL_1365	Mucoromycota:MAT	scaffold_378	6529-18250	6529-18250	withheld:modelled_gene_bar	withheld:modelled_gene_bar	undetermined	undetermined														algA,rnhA,tptA	algA,rnhA,tptA		
Circinella_minor_NRRL_1365	Mucoromycota:MAT	scaffold_408	5858-6811	5858-6811	withheld:modelled_gene_bar	withheld:modelled_gene_bar	undetermined	undetermined							model	model	6.1	6.1	0.0	60.4	60.4	sexM,sexP	sexM,sexP		
Circinella_minor_NRRL_1365	Mucoromycota:MAT	scaffold_47	1822-3609	1822-3609	withheld:modelled_gene_bar	withheld:modelled_gene_bar	undetermined	undetermined							hsp_fragment	hsp_fragment	2.0	2.0	0.0	38.4	38.4	sexM,sexP	sexM,sexP		
Circinella_minor_NRRL_1365	Mucoromycota:MAT	scaffold_605	5498-6445	5498-6445	withheld:modelled_gene_bar	withheld:modelled_gene_bar	undetermined	undetermined							hsp_fragment	hsp_fragment	3.1	3.1	0.0	36.6	36.6	sexM,sexP	sexM,sexP		
Circinella_minor_NRRL_1365	Mucoromycota:MAT	scaffold_98	47802-64004	47802-64004	withheld:modelled_gene_bar+polish_capped	withheld:modelled_gene_bar+polish_capped	undetermined	undetermined							hsp_fragment	hsp_fragment	0.0	0.0	0.0	0.0	0.0	rnhA,sexM	rnhA,sexM		
Circinella_minor_NRRL_1365	Mucoromycota:MAT	scaffold_355	10357-33775	10357-33775	withheld:modelled_gene_bar	withheld:modelled_gene_bar	undetermined	undetermined							hsp_fragment	hsp_fragment	8.5	8.5	0.0	26.6	26.6	sexM,sexP	sexM,sexP		
Circinella_minor_NRRL_1365	Mucoromycota:MAT	scaffold_41	2139-28512	2139-28512	withheld:modelled_gene_bar	withheld:modelled_gene_bar	undetermined	undetermined							hsp_fragment	hsp_fragment	3.2	3.2	0.0	3.2	3.2	btbA,sexM	btbA,sexM		
Circinella_minor_NRRL_1365	Mucoromycota:MAT	scaffold_408	5858-6811	5858-6811	withheld:below_fraction_floor	withheld:below_fraction_floor	undetermined	undetermined							model	model	6.1	6.1	0.0	60.4	60.4	sexM,sexP	sexM,sexP		
Circinella_mucoroides_NRRL_1354	Mucoromycota:MAT	scaffold_160	281-7646	281-7646	called	called	Minus	Minus	medium	medium	partial_locus	partial_locus			model	model	90.4	90.4	0.0	154.5	154.5	rnhA,sexM	rnhA,sexM		
Circinella_mucoroides_NRRL_1354	Mucoromycota:MAT	scaffold_42	86754-97550	86754-97550	withheld:modelled_gene_bar	withheld:modelled_gene_bar	undetermined	undetermined														algA,rnhA,tptA	algA,rnhA,tptA		
Circinella_mucoroides_NRRL_1354	Mucoromycota:MAT	scaffold_41	237735-238679	237735-238679	withheld:modelled_gene_bar+polish_capped	withheld:modelled_gene_bar+polish_capped	undetermined	undetermined							hsp_fragment	hsp_fragment	3.3	3.3	0.0	65.6	65.6	sexM,sexP	sexM,sexP		
Circinella_mucoroides_NRRL_1354	Mucoromycota:MAT	scaffold_67	5913-7650	5913-7650	withheld:modelled_gene_bar	withheld:modelled_gene_bar	undetermined	undetermined							hsp_fragment	hsp_fragment	0.3	0.3	0.0	38.4	38.4	sexM,sexP	sexM,sexP		
Circinella_mucoroides_NRRL_1354	Mucoromycota:MAT	scaffold_76	6844-11804	6844-11804	withheld:modelled_gene_bar+polish_capped	withheld:modelled_gene_bar+polish_capped	undetermined	undetermined							hsp_fragment	hsp_fragment	0.0	0.0	0.0	0.0	0.0	sexP,tptA	sexP,tptA		
Circinella_mucoroides_NRRL_1354	Mucoromycota:MAT	scaffold_15	322995-323637	322995-323637	withheld:modelled_gene_bar+polish_capped	withheld:modelled_gene_bar+polish_capped	undetermined	undetermined							hsp_fragment	hsp_fragment	8.0	8.0	0.0	55.8	55.8	sexM,sexP	sexM,sexP		
Circinella_mucoroides_NRRL_1354	Mucoromycota:MAT	scaffold_90	98284-126443	98284-126443	withheld:modelled_gene_bar	withheld:modelled_gene_bar	undetermined	undetermined							model	model	22.0	22.0	0.0	36.4	36.4	glrA,sexM	glrA,sexM		
Circinella_mucoroides_NRRL_1354	Mucoromycota:MAT	scaffold_133	40923-83548	40923-83548	withheld:modelled_gene_bar	withheld:modelled_gene_bar	undetermined	undetermined							hsp_fragment	hsp_fragment	6.7	6.7	0.0	6.9	6.9	glrA,sexP	glrA,sexP		
Circinella_mucoroides_NRRL_1354	Mucoromycota:MAT	scaffold_3	66395-104465	66395-104465	withheld:modelled_gene_bar+polish_capped	withheld:modelled_gene_bar+polish_capped	undetermined	undetermined							hsp_fragment	hsp_fragment	0.0	0.0	0.0	0.0	0.0	rnhA,sexM	rnhA,sexM		
Circinella_mucoroides_NRRL_1354	Mucoromycota:MAT	scaffold_55	70778-102290	70778-102290	withheld:modelled_gene_bar+polish_capped	withheld:modelled_gene_bar+polish_capped	undetermined	undetermined							hsp_fragment	hsp_fragment	2.3	2.3	0.0	2.3	2.3	btbA,sexP	btbA,sexP		
Circinella_mucoroides_NRRL_1354	Mucoromycota:MAT	scaffold_119	11-636	11-636	withheld:modelled_gene_bar	withheld:modelled_gene_bar	undetermined	undetermined							hsp_fragment	hsp_fragment	0.0	0.0	0.0	0.0	0.0	rnhA,sexM	rnhA,sexM		
Circinella_mucoroides_NRRL_1354	Mucoromycota:MAT	scaffold_164	18451-21422	18451-21422	withheld:modelled_gene_bar+polish_capped	withheld:modelled_gene_bar+polish_capped	undetermined	undetermined							hsp_fragment	hsp_fragment	0.0	0.0	0.0	0.0	0.0	glrA,sexM	glrA,sexM		
Circinella_mucoroides_NRRL_1354	Mucoromycota:MAT	scaffold_59	185699-221943	185699-221943	withheld:mat_gene_gate	withheld:mat_gene_gate	undetermined	undetermined							model	model	17.8	17.8	0.0	36.4	36.4	glrA,sexP	glrA,sexP		
Circinella_mucoroides_NRRL_1354	Mucoromycota:MAT	scaffold_90	98284-126443	98284-126443	withheld:below_fraction_floor	withheld:below_fraction_floor	undetermined	undetermined							model	model	22.0	22.0	0.0	36.4	36.4	glrA,sexM	glrA,sexM		
Circinella_mucoroides_NRRL_1354	Mucoromycota:MAT	scaffold_59	185699-221943	185699-221943	withheld:below_fraction_floor	withheld:below_fraction_floor	undetermined	undetermined							model	model	17.8	17.8	0.0	36.4	36.4	glrA,sexP	glrA,sexP		
Circinella_muscae_CBS_107.13T	Mucoromycota:MAT	scaffold_15	1987-9368	1987-9368	called	called	Minus	Minus	medium	medium	partial_locus	partial_locus			model	model	86.7	86.7	0.0	153.6	153.6	rnhA,sexM	rnhA,sexM		
Circinella_muscae_CBS_107.13T	Mucoromycota:MAT	scaffold_140	39137-49834	39137-49834	withheld:modelled_gene_bar	withheld:modelled_gene_bar	undetermined	undetermined														algA,rnhA,tptA	algA,rnhA,tptA		
Circinella_muscae_CBS_107.13T	Mucoromycota:MAT	scaffold_13	110615-152125	110615-152125	withheld:modelled_gene_bar	withheld:modelled_gene_bar	undetermined	undetermined							hsp_fragment	hsp_fragment	2.8	2.8	0.0	41.2	41.2	sexM,sexP,tptA	sexM,sexP,tptA		
Circinella_muscae_CBS_107.13T	Mucoromycota:MAT	scaffold_232	22829-23773	22829-23773	withheld:modelled_gene_bar	withheld:modelled_gene_bar	undetermined	undetermined							model	model	3.2	3.2	0.0	64.9	64.9	sexM,sexP	sexM,sexP		
Circinella_muscae_CBS_107.13T	Mucoromycota:MAT	scaffold_10	3774-4209	3774-4209	withheld:modelled_gene_bar	withheld:modelled_gene_bar	undetermined	undetermined							model	model	8.7	8.7	0.0	83.1	83.1	sexM,sexP	sexM,sexP		
Circinella_muscae_CBS_107.13T	Mucoromycota:MAT	scaffold_36	23493-45029	23493-45029	withheld:modelled_gene_bar+polish_capped	withheld:modelled_gene_bar+polish_capped	undetermined	undetermined							hsp_fragment	hsp_fragment	0.0	0.0	0.0	0.0	0.0	algA,sexP	algA,sexP		
Circinella_muscae_CBS_107.13T	Mucoromycota:MAT	scaffold_4	119958-144135	119958-144135	withheld:modelled_gene_bar+polish_capped	withheld:modelled_gene_bar+polish_capped	undetermined	undetermined							hsp_fragment	hsp_fragment	0.0	0.0	0.0	0.0	0.0	sexM,tptA	sexM,tptA		
Circinella_muscae_CBS_107.13T	Mucoromycota:MAT	scaffold_321	2704-4060	2704-4060	withheld:modelled_gene_bar	withheld:modelled_gene_bar	undetermined	undetermined							hsp_fragment	hsp_fragment	2.6	2.6	0.0	31.3	31.3	sexP,tptA	sexP,tptA		
Circinella_muscae_CBS_107.13T	Mucoromycota:MAT	scaffold_416	11260-23802	11260-23802	withheld:modelled_gene_bar	withheld:modelled_gene_bar	undetermined	undetermined							hsp_fragment	hsp_fragment	0.0	0.0	0.0	0.0	0.0	rnhA,sexM	rnhA,sexM		
Circinella_muscae_CBS_107.13T	Mucoromycota:MAT	scaffold_232	22829-23773	22829-23773	withheld:below_fraction_floor	withheld:below_fraction_floor	undetermined	undetermined							model	model	3.2	3.2	0.0	64.9	64.9	sexM,sexP	sexM,sexP		
Circinella_muscae_CBS_107.13T	Mucoromycota:MAT	scaffold_10	3774-4209	3774-4209	withheld:below_fraction_floor	withheld:below_fraction_floor	undetermined	undetermined							model	model	8.7	8.7	0.0	83.1	83.1	sexM,sexP	sexM,sexP		
Circinella_muscae_NRRL_1352	Mucoromycota:MAT	scaffold_35	20899-28280	20899-28280	called	called	Minus	Minus	medium	medium	partial_locus	partial_locus			model	model	86.7	86.7	0.0	153.6	153.6	rnhA,sexM	rnhA,sexM		
Circinella_muscae_NRRL_1352	Mucoromycota:MAT	scaffold_6	120008-161617	120008-161617	withheld:modelled_gene_bar	withheld:modelled_gene_bar	undetermined	undetermined							hsp_fragment	hsp_fragment	2.8	2.8	0.0	41.2	41.2	sexM,sexP,tptA	sexM,sexP,tptA		
Circinella_muscae_NRRL_1352	Mucoromycota:MAT	scaffold_134	19484-30181	19484-30181	withheld:modelled_gene_bar	withheld:modelled_gene_bar	undetermined	undetermined														algA,rnhA,tptA	algA,rnhA,tptA		
Circinella_muscae_NRRL_1352	Mucoromycota:MAT	scaffold_61	58516-59460	58516-59460	withheld:modelled_gene_bar+polish_capped	withheld:modelled_gene_bar+polish_capped	undetermined	undetermined							hsp_fragment	hsp_fragment	4.2	4.2	0.0	65.7	65.7	sexM,sexP	sexM,sexP		
Circinella_muscae_NRRL_1352	Mucoromycota:MAT	scaffold_28	3578-4013	3578-4013	withheld:modelled_gene_bar	withheld:modelled_gene_bar	undetermined	undetermined							model	model	8.7	8.7	0.0	83.1	83.1	sexM,sexP	sexM,sexP		
Circinella_muscae_NRRL_1352	Mucoromycota:MAT	scaffold_307	4301-33779	4301-33779	withheld:modelled_gene_bar	withheld:modelled_gene_bar	undetermined	undetermined							model	model	22.0	22.0	0.0	36.4	36.4	glrA,sexM	glrA,sexM		
Circinella_muscae_NRRL_1352	Mucoromycota:MAT	scaffold_137	43684-80474	43684-80474	withheld:modelled_gene_bar	withheld:modelled_gene_bar	undetermined	undetermined							hsp_fragment	hsp_fragment	0.0	0.0	0.0	0.0	0.0	rnhA,sexM	rnhA,sexM		
Circinella_muscae_NRRL_1352	Mucoromycota:MAT	scaffold_106	65944-87474	65944-87474	withheld:modelled_gene_bar+polish_capped	withheld:modelled_gene_bar+polish_capped	undetermined	undetermined							hsp_fragment	hsp_fragment	0.0	0.0	0.0	0.0	0.0	algA,sexP	algA,sexP		
Circinella_muscae_NRRL_1352	Mucoromycota:MAT	scaffold_301	38129-39485	38129-39485	withheld:modelled_gene_bar	withheld:modelled_gene_bar	undetermined	undetermined							hsp_fragment	hsp_fragment	2.6	2.6	0.0	31.3	31.3	sexP,tptA	sexP,tptA		
Circinella_muscae_NRRL_1352	Mucoromycota:MAT	scaffold_359	13390-25932	13390-25932	withheld:modelled_gene_bar+polish_capped	withheld:modelled_gene_bar+polish_capped	undetermined	undetermined							hsp_fragment	hsp_fragment	0.0	0.0	0.0	0.0	0.0	rnhA,sexM	rnhA,sexM		
Circinella_muscae_NRRL_1352	Mucoromycota:MAT	scaffold_28	3578-4013	3578-4013	withheld:below_fraction_floor	withheld:below_fraction_floor	undetermined	undetermined							model	model	8.7	8.7	0.0	83.1	83.1	sexM,sexP	sexM,sexP		
Circinella_muscae_NRRL_1352	Mucoromycota:MAT	scaffold_307	4301-33779	4301-33779	withheld:below_fraction_floor	withheld:below_fraction_floor	undetermined	undetermined							model	model	22.0	22.0	0.0	36.4	36.4	glrA,sexM	glrA,sexM		
Circinella_muscae_NRRL_1355	Mucoromycota:MAT	scaffold_142	8004-15682	8004-15682	called	called	Plus	Plus	medium	medium	partial_locus	partial_locus			model	model	132.2	132.2	0.0	164.9	164.9	rnhA,sexP	rnhA,sexP		
Circinella_muscae_NRRL_1355	Mucoromycota:MAT	scaffold_2644	5926-10622	5926-10622	called	called	Plus	Plus	medium	medium	partial_locus	partial_locus			model	model	138.4	138.4	0.0	169.0	169.0	rnhA,sexP	rnhA,sexP		
Circinella_muscae_NRRL_1355	Mucoromycota:MAT	scaffold_94	7961-18652	7961-18652	withheld:modelled_gene_bar	withheld:modelled_gene_bar	undetermined	undetermined														algA,rnhA,tptA	algA,rnhA,tptA		
Circinella_muscae_NRRL_1355	Mucoromycota:MAT	scaffold_5009	3579-4523	3579-4523	withheld:modelled_gene_bar+polish_capped	withheld:modelled_gene_bar+polish_capped	undetermined	undetermined							hsp_fragment	hsp_fragment	4.2	4.2	0.0	65.7	65.7	sexM,sexP	sexM,sexP		
Circinella_muscae_NRRL_1355	Mucoromycota:MAT	scaffold_260	718-1668	718-1668	withheld:modelled_gene_bar+polish_capped	withheld:modelled_gene_bar+polish_capped	undetermined	undetermined							hsp_fragment	hsp_fragment	3.3	3.3	0.0	65.6	65.6	sexM,sexP	sexM,sexP		
Circinella_muscae_NRRL_1355	Mucoromycota:MAT	scaffold_2184	8611-10340	8611-10340	withheld:modelled_gene_bar	withheld:modelled_gene_bar	undetermined	undetermined							hsp_fragment	hsp_fragment	3.3	3.3	0.0	39.5	39.5	sexM,sexP	sexM,sexP		
Circinella_muscae_NRRL_1355	Mucoromycota:MAT	scaffold_1250	13879-14314	13879-14314	withheld:modelled_gene_bar	withheld:modelled_gene_bar	undetermined	undetermined							model	model	8.7	8.7	0.0	83.1	83.1	sexM,sexP	sexM,sexP		
Circinella_muscae_NRRL_1355	Mucoromycota:MAT	scaffold_83	18100-18587	18100-18587	withheld:modelled_gene_bar+polish_capped	withheld:modelled_gene_bar+polish_capped	undetermined	undetermined							hsp_fragment	hsp_fragment	2.2	2.2	0.0	58.5	58.5	sexM,sexP	sexM,sexP		
Circinella_muscae_NRRL_1355	Mucoromycota:MAT	scaffold_310	17690-18435	17690-18435	withheld:modelled_gene_bar+polish_capped	withheld:modelled_gene_bar+polish_capped	undetermined	undetermined							hsp_fragment	hsp_fragment	8.0	8.0	0.0	55.8	55.8	sexM,sexP	sexM,sexP		
Circinella_muscae_NRRL_1355	Mucoromycota:MAT	scaffold_6615	506-718	506-718	withheld:modelled_gene_bar+polish_capped	withheld:modelled_gene_bar+polish_capped	undetermined	undetermined							hsp_fragment	hsp_fragment	1.9	1.9	0.0	38.0	38.0	sexM,sexP	sexM,sexP		
Circinella_muscae_NRRL_1355	Mucoromycota:MAT	scaffold_2	28115-64799	28115-64799	withheld:modelled_gene_bar	withheld:modelled_gene_bar	undetermined	undetermined							hsp_fragment	hsp_fragment	0.0	0.0	0.0	0.0	0.0	rnhA,sexM	rnhA,sexM		
Circinella_muscae_NRRL_1355	Mucoromycota:MAT	scaffold_4424	142-872	142-872	withheld:modelled_gene_bar	withheld:modelled_gene_bar	undetermined	undetermined							hsp_fragment	hsp_fragment	3.7	3.7	0.0	38.4	38.4	sexM,sexP	sexM,sexP		
Circinella_muscae_NRRL_1355	Mucoromycota:MAT	scaffold_1667	2589-3891	2589-3891	withheld:modelled_gene_bar+polish_capped	withheld:modelled_gene_bar+polish_capped	undetermined	undetermined							hsp_fragment	hsp_fragment	2.6	2.6	0.0	31.3	31.3	sexP,tptA	sexP,tptA		
Circinella_muscae_NRRL_1355	Mucoromycota:MAT	scaffold_1250	13879-14314	13879-14314	withheld:below_fraction_floor	withheld:below_fraction_floor	undetermined	undetermined							model	model	8.7	8.7	0.0	83.1	83.1	sexM,sexP	sexM,sexP		
Circinella_muscae_NRRL_1356	Mucoromycota:MAT	scaffold_15	1878-9259	1878-9259	called	called	Minus	Minus	medium	medium	partial_locus	partial_locus			model	model	86.7	86.7	0.0	153.6	153.6	rnhA,sexM	rnhA,sexM		
Circinella_muscae_NRRL_1356	Mucoromycota:MAT	scaffold_1	295691-337328	295691-337328	withheld:modelled_gene_bar	withheld:modelled_gene_bar	undetermined	undetermined							hsp_fragment	hsp_fragment	2.8	2.8	0.0	41.2	41.2	sexM,sexP,tptA	sexM,sexP,tptA		
Circinella_muscae_NRRL_1356	Mucoromycota:MAT	scaffold_113	19513-30210	19513-30210	withheld:modelled_gene_bar	withheld:modelled_gene_bar	undetermined	undetermined														algA,rnhA,tptA	algA,rnhA,tptA		
Circinella_muscae_NRRL_1356	Mucoromycota:MAT	scaffold_19	20399-21343	20399-21343	withheld:modelled_gene_bar+polish_capped	withheld:modelled_gene_bar+polish_capped	undetermined	undetermined							hsp_fragment	hsp_fragment	4.2	4.2	0.0	65.7	65.7	sexM,sexP	sexM,sexP		
Circinella_muscae_NRRL_1356	Mucoromycota:MAT	scaffold_19	227807-257271	227807-257271	withheld:modelled_gene_bar	withheld:modelled_gene_bar	undetermined	undetermined							model	model	22.0	22.0	0.0	36.4	36.4	glrA,sexM	glrA,sexM		
Circinella_muscae_NRRL_1356	Mucoromycota:MAT	scaffold_123	93961-94396	93961-94396	withheld:modelled_gene_bar	withheld:modelled_gene_bar	undetermined	undetermined							model	model	8.7	8.7	0.0	83.1	83.1	sexM,sexP	sexM,sexP		
Circinella_muscae_NRRL_1356	Mucoromycota:MAT	scaffold_16	120034-144226	120034-144226	withheld:modelled_gene_bar+polish_capped	withheld:modelled_gene_bar+polish_capped	undetermined	undetermined							hsp_fragment	hsp_fragment	0.0	0.0	0.0	0.0	0.0	sexM,tptA	sexM,tptA		
Circinella_muscae_NRRL_1356	Mucoromycota:MAT	scaffold_16	218758-255465	218758-255465	withheld:modelled_gene_bar	withheld:modelled_gene_bar	undetermined	undetermined							hsp_fragment	hsp_fragment	0.0	0.0	0.0	0.0	0.0	rnhA,sexM	rnhA,sexM		
Circinella_muscae_NRRL_1356	Mucoromycota:MAT	scaffold_192	2757-37766	2757-37766	withheld:modelled_gene_bar	withheld:modelled_gene_bar	undetermined	undetermined							hsp_fragment	hsp_fragment	2.6	2.6	0.0	31.3	31.3	sexP,tptA	sexP,tptA		
Circinella_muscae_NRRL_1356	Mucoromycota:MAT	scaffold_99	82838-104367	82838-104367	withheld:modelled_gene_bar+polish_capped	withheld:modelled_gene_bar+polish_capped	undetermined	undetermined							hsp_fragment	hsp_fragment	0.0	0.0	0.0	0.0	0.0	algA,sexP	algA,sexP		
Circinella_muscae_NRRL_1356	Mucoromycota:MAT	scaffold_216	40617-53159	40617-53159	withheld:modelled_gene_bar+polish_capped	withheld:modelled_gene_bar+polish_capped	undetermined	undetermined							hsp_fragment	hsp_fragment	0.0	0.0	0.0	0.0	0.0	rnhA,sexM	rnhA,sexM		
Circinella_muscae_NRRL_1356	Mucoromycota:MAT	scaffold_19	227807-257271	227807-257271	withheld:below_fraction_floor	withheld:below_fraction_floor	undetermined	undetermined							model	model	22.0	22.0	0.0	36.4	36.4	glrA,sexM	glrA,sexM		
Circinella_muscae_NRRL_1356	Mucoromycota:MAT	scaffold_123	93961-94396	93961-94396	withheld:below_fraction_floor	withheld:below_fraction_floor	undetermined	undetermined							model	model	8.7	8.7	0.0	83.1	83.1	sexM,sexP	sexM,sexP		
Circinella_muscae_NRRL_1357	Mucoromycota:MAT	scaffold_1159	1559-9240	1559-9240	called	called	Plus	Plus	medium	medium	partial_locus	partial_locus			model	model	144.2	144.2	0.0	176.1	176.1	rnhA,sexP	rnhA,sexP		
Circinella_muscae_NRRL_1357	Mucoromycota:MAT	scaffold_1002	140-10982	140-10982	withheld:modelled_gene_bar	withheld:modelled_gene_bar	undetermined	undetermined														algA,rnhA,tptA	algA,rnhA,tptA		
Circinella_muscae_NRRL_1357	Mucoromycota:MAT	scaffold_783	5675-6634	5675-6634	withheld:modelled_gene_bar	withheld:modelled_gene_bar	undetermined	undetermined							model	model	8.1	8.1	0.0	63.7	63.7	sexM,sexP	sexM,sexP		
Circinella_muscae_NRRL_1357	Mucoromycota:MAT	scaffold_289	9336-11102	9336-11102	withheld:modelled_gene_bar	withheld:modelled_gene_bar	undetermined	undetermined							hsp_fragment	hsp_fragment	3.0	3.0	0.0	39.7	39.7	sexM,sexP	sexM,sexP		
Circinella_muscae_NRRL_1357	Mucoromycota:MAT	scaffold_612	2264-3251	2264-3251	withheld:modelled_gene_bar	withheld:modelled_gene_bar	undetermined	undetermined							hsp_fragment	hsp_fragment	2.0	2.0	0.0	39.7	39.7	sexM,sexP	sexM,sexP		
Circinella_muscae_NRRL_1357	Mucoromycota:MAT	scaffold_320	27285-27792	27285-27792	withheld:modelled_gene_bar	withheld:modelled_gene_bar	undetermined	undetermined							hsp_fragment	hsp_fragment	10.4	10.4	0.0	26.0	26.0	sexM,sexP	sexM,sexP		
Circinella_muscae_NRRL_1357	Mucoromycota:MAT	scaffold_783	5675-6634	5675-6634	withheld:below_fraction_floor	withheld:below_fraction_floor	undetermined	undetermined							model	model	8.1	8.1	0.0	63.7	63.7	sexM,sexP	sexM,sexP		
Circinella_muscae_NRRL_1360	Mucoromycota:MAT	scaffold_64	30239-37814	30239-37814	called	called	Minus	Minus	high	high	mat_locus	mat_locus			model	model	115.6	115.6	0.0	189.2	189.2	algA,rnhA,sexM	algA,rnhA,sexM		
Circinella_muscae_NRRL_1360	Mucoromycota:MAT	scaffold_204	1596-30040	1596-30040	withheld:modelled_gene_bar	withheld:modelled_gene_bar	undetermined	undetermined							hsp_fragment	hsp_fragment	0.1	0.1	0.0	0.1	0.1	rnhA,sexM,sexP	rnhA,sexM,sexP		
Circinella_muscae_NRRL_1360	Mucoromycota:MAT	scaffold_130	8528-35667	8528-35667	withheld:modelled_gene_bar	withheld:modelled_gene_bar	undetermined	undetermined							model	model	9.0	9.0	0.0	67.1	67.1	sexM,sexP,tptA	sexM,sexP,tptA		
Circinella_muscae_NRRL_1360	Mucoromycota:MAT	scaffold_5	21185-66555	21185-66555	withheld:paralog_class	withheld:paralog_class	Minus	Minus							model	model	26.5	26.5	0.0	80.9	80.9	glrA,sexM,tptA	glrA,sexM,tptA		
Circinella_muscae_NRRL_1360	Mucoromycota:MAT	scaffold_381	22465-22886	22465-22886	withheld:below_fraction_floor	withheld:below_fraction_floor	undetermined	undetermined							model	model	9.1	9.1	0.0	52.2	52.2	sexM,sexP	sexM,sexP		
Circinella_muscae_NRRL_1362	Mucoromycota:MAT	scaffold_724	19406-30102	19406-30102	withheld:modelled_gene_bar	withheld:modelled_gene_bar	undetermined	undetermined														algA,rnhA,tptA	algA,rnhA,tptA		
Circinella_muscae_NRRL_1362	Mucoromycota:MAT	scaffold_59	40688-51500	40688-51500	withheld:modelled_gene_bar	withheld:modelled_gene_bar	undetermined	undetermined														algA,rnhA,tptA	algA,rnhA,tptA		
Circinella_muscae_NRRL_1362	Mucoromycota:MAT	scaffold_643	34443-35387	34443-35387	withheld:modelled_gene_bar+polish_capped	withheld:modelled_gene_bar+polish_capped	undetermined	undetermined							hsp_fragment	hsp_fragment	4.2	4.2	0.0	65.7	65.7	sexM,sexP	sexM,sexP		
Circinella_muscae_NRRL_1362	Mucoromycota:MAT	scaffold_1568	17655-18605	17655-18605	withheld:modelled_gene_bar	withheld:modelled_gene_bar	undetermined	undetermined							model	model	3.2	3.2	0.0	64.9	64.9	sexM,sexP	sexM,sexP		
Circinella_muscae_NRRL_1362	Mucoromycota:MAT	scaffold_442	33645-35374	33645-35374	withheld:modelled_gene_bar	withheld:modelled_gene_bar	undetermined	undetermined							hsp_fragment	hsp_fragment	3.3	3.3	0.0	39.5	39.5	sexM,sexP	sexM,sexP		
Circinella_muscae_NRRL_1362	Mucoromycota:MAT	scaffold_1724	13872-14307	13872-14307	withheld:modelled_gene_bar	withheld:modelled_gene_bar	undetermined	undetermined							model	model	8.7	8.7	0.0	83.1	83.1	sexM,sexP	sexM,sexP		
Circinella_muscae_NRRL_1362	Mucoromycota:MAT	scaffold_414	25081-25568	25081-25568	withheld:modelled_gene_bar	withheld:modelled_gene_bar	undetermined	undetermined							model	model	8.1	8.1	0.0	79.7	79.7	sexM,sexP	sexM,sexP		
Circinella_muscae_NRRL_1362	Mucoromycota:MAT	scaffold_433	12077-12822	12077-12822	withheld:modelled_gene_bar+polish_capped	withheld:modelled_gene_bar+polish_capped	undetermined	undetermined							hsp_fragment	hsp_fragment	8.0	8.0	0.0	55.8	55.8	sexM,sexP	sexM,sexP		
Circinella_muscae_NRRL_1362	Mucoromycota:MAT	scaffold_4090	506-718	506-718	withheld:modelled_gene_bar+polish_capped	withheld:modelled_gene_bar+polish_capped	undetermined	undetermined							hsp_fragment	hsp_fragment	1.9	1.9	0.0	38.0	38.0	sexM,sexP	sexM,sexP		
Circinella_muscae_NRRL_1362	Mucoromycota:MAT	scaffold_71	21324-58033	21324-58033	withheld:modelled_gene_bar	withheld:modelled_gene_bar	undetermined	undetermined							hsp_fragment	hsp_fragment	0.0	0.0	0.0	0.0	0.0	rnhA,sexM	rnhA,sexM		
Circinella_muscae_NRRL_1362	Mucoromycota:MAT	scaffold_300	11380-46282	11380-46282	withheld:modelled_gene_bar+polish_capped	withheld:modelled_gene_bar+polish_capped	undetermined	undetermined							hsp_fragment	hsp_fragment	2.6	2.6	0.0	31.3	31.3	sexP,tptA	sexP,tptA		
Circinella_muscae_NRRL_1362	Mucoromycota:MAT	scaffold_2783	7461-8191	7461-8191	withheld:modelled_gene_bar	withheld:modelled_gene_bar	undetermined	undetermined							hsp_fragment	hsp_fragment	3.7	3.7	0.0	38.4	38.4	sexM,sexP	sexM,sexP		
Circinella_muscae_NRRL_1362	Mucoromycota:MAT	scaffold_1568	17655-18605	17655-18605	withheld:below_fraction_floor	withheld:below_fraction_floor	undetermined	undetermined							model	model	3.2	3.2	0.0	64.9	64.9	sexM,sexP	sexM,sexP		
Circinella_muscae_NRRL_1362	Mucoromycota:MAT	scaffold_1724	13872-14307	13872-14307	withheld:below_fraction_floor	withheld:below_fraction_floor	undetermined	undetermined							model	model	8.7	8.7	0.0	83.1	83.1	sexM,sexP	sexM,sexP		
Circinella_muscae_NRRL_1362	Mucoromycota:MAT	scaffold_414	25081-25568	25081-25568	withheld:below_fraction_floor	withheld:below_fraction_floor	undetermined	undetermined							model	model	8.1	8.1	0.0	79.7	79.7	sexM,sexP	sexM,sexP		
Circinella_muscae_NRRL_1363	Mucoromycota:MAT	scaffold_2016	1810-9488	1810-9488	called	called	Plus	Plus	medium	medium	partial_locus	partial_locus			model	model	132.2	132.2	0.0	164.9	164.9	rnhA,sexP	rnhA,sexP		
Circinella_muscae_NRRL_1363	Mucoromycota:MAT	scaffold_1448	7340-15062	7340-15062	called	called	Plus	Plus	medium	medium	partial_locus	partial_locus			model	model	138.3	138.3	0.0	169.0	169.0	rnhA,sexP	rnhA,sexP		
Circinella_muscae_NRRL_1363	Mucoromycota:MAT	scaffold_490	6303-16999	6303-16999	withheld:modelled_gene_bar	withheld:modelled_gene_bar	undetermined	undetermined														algA,rnhA,tptA	algA,rnhA,tptA		
Circinella_muscae_NRRL_1363	Mucoromycota:MAT	scaffold_2122	3-10206	3-10206	withheld:modelled_gene_bar	withheld:modelled_gene_bar	undetermined	undetermined														algA,rnhA,tptA	algA,rnhA,tptA		
Circinella_muscae_NRRL_1363	Mucoromycota:MAT	scaffold_593	32313-33257	32313-33257	withheld:modelled_gene_bar+polish_capped	withheld:modelled_gene_bar+polish_capped	undetermined	undetermined							hsp_fragment	hsp_fragment	4.2	4.2	0.0	65.7	65.7	sexM,sexP	sexM,sexP		
Circinella_muscae_NRRL_1363	Mucoromycota:MAT	scaffold_234	16731-17681	16731-17681	withheld:modelled_gene_bar+polish_capped	withheld:modelled_gene_bar+polish_capped	undetermined	undetermined							hsp_fragment	hsp_fragment	3.3	3.3	0.0	65.6	65.6	sexM,sexP	sexM,sexP		
Circinella_muscae_NRRL_1363	Mucoromycota:MAT	scaffold_2263	5874-7603	5874-7603	withheld:modelled_gene_bar	withheld:modelled_gene_bar	undetermined	undetermined							hsp_fragment	hsp_fragment	3.3	3.3	0.0	39.5	39.5	sexM,sexP	sexM,sexP		
Circinella_muscae_NRRL_1363	Mucoromycota:MAT	scaffold_56	3458-3893	3458-3893	withheld:modelled_gene_bar	withheld:modelled_gene_bar	undetermined	undetermined							model	model	8.7	8.7	0.0	83.1	83.1	sexM,sexP	sexM,sexP		
Circinella_muscae_NRRL_1363	Mucoromycota:MAT	scaffold_313	25154-25641	25154-25641	withheld:modelled_gene_bar	withheld:modelled_gene_bar	undetermined	undetermined							model	model	8.1	8.1	0.0	79.7	79.7	sexM,sexP	sexM,sexP		
Circinella_muscae_NRRL_1363	Mucoromycota:MAT	scaffold_623	21744-22489	21744-22489	withheld:modelled_gene_bar+polish_capped	withheld:modelled_gene_bar+polish_capped	undetermined	undetermined							hsp_fragment	hsp_fragment	8.0	8.0	0.0	55.8	55.8	sexM,sexP	sexM,sexP		
Circinella_muscae_NRRL_1363	Mucoromycota:MAT	scaffold_2306	1927-3657	1927-3657	withheld:modelled_gene_bar	withheld:modelled_gene_bar	undetermined	undetermined							hsp_fragment	hsp_fragment	0.4	0.4	0.0	38.4	38.4	sexM,sexP	sexM,sexP		
Circinella_muscae_NRRL_1363	Mucoromycota:MAT	scaffold_340	38183-39485	38183-39485	withheld:modelled_gene_bar+polish_capped	withheld:modelled_gene_bar+polish_capped	undetermined	undetermined							hsp_fragment	hsp_fragment	2.6	2.6	0.0	31.3	31.3	sexP,tptA	sexP,tptA		
Circinella_muscae_NRRL_1363	Mucoromycota:MAT	scaffold_56	3458-3893	3458-3893	withheld:below_fraction_floor	withheld:below_fraction_floor	undetermined	undetermined							model	model	8.7	8.7	0.0	83.1	83.1	sexM,sexP	sexM,sexP		
Circinella_muscae_NRRL_1363	Mucoromycota:MAT	scaffold_313	25154-25641	25154-25641	withheld:below_fraction_floor	withheld:below_fraction_floor	undetermined	undetermined							model	model	8.1	8.1	0.0	79.7	79.7	sexM,sexP	sexM,sexP		
Circinella_muscae_NRRL_1364	Mucoromycota:MAT	scaffold_65	133550-140931	133550-140931	called	called	Minus	Minus	medium	medium	partial_locus	partial_locus			model	model	86.7	86.7	0.0	153.6	153.6	rnhA,sexM	rnhA,sexM		
Circinella_muscae_NRRL_1364	Mucoromycota:MAT	scaffold_22	138491-180104	138491-180104	withheld:modelled_gene_bar	withheld:modelled_gene_bar	undetermined	undetermined							hsp_fragment	hsp_fragment	2.8	2.8	0.0	41.2	41.2	sexM,sexP,tptA	sexM,sexP,tptA		
Circinella_muscae_NRRL_1364	Mucoromycota:MAT	scaffold_76	19555-30252	19555-30252	withheld:modelled_gene_bar	withheld:modelled_gene_bar	undetermined	undetermined														algA,rnhA,tptA	algA,rnhA,tptA		
Circinella_muscae_NRRL_1364	Mucoromycota:MAT	scaffold_95	58174-59118	58174-59118	withheld:modelled_gene_bar+polish_capped	withheld:modelled_gene_bar+polish_capped	undetermined	undetermined							hsp_fragment	hsp_fragment	4.2	4.2	0.0	65.7	65.7	sexM,sexP	sexM,sexP		
Circinella_muscae_NRRL_1364	Mucoromycota:MAT	scaffold_182	75820-76255	75820-76255	withheld:modelled_gene_bar	withheld:modelled_gene_bar	undetermined	undetermined							model	model	8.7	8.7	0.0	83.1	83.1	sexM,sexP	sexM,sexP		
Circinella_muscae_NRRL_1364	Mucoromycota:MAT	scaffold_295	11382-40843	11382-40843	withheld:modelled_gene_bar	withheld:modelled_gene_bar	undetermined	undetermined							model	model	22.0	22.0	0.0	36.4	36.4	glrA,sexM	glrA,sexM		
Circinella_muscae_NRRL_1364	Mucoromycota:MAT	scaffold_143	16724-53498	16724-53498	withheld:modelled_gene_bar	withheld:modelled_gene_bar	undetermined	undetermined							hsp_fragment	hsp_fragment	0.0	0.0	0.0	0.0	0.0	rnhA,sexM	rnhA,sexM		
Circinella_muscae_NRRL_1364	Mucoromycota:MAT	scaffold_191	3679-38365	3679-38365	withheld:modelled_gene_bar	withheld:modelled_gene_bar	undetermined	undetermined							hsp_fragment	hsp_fragment	2.6	2.6	0.0	31.3	31.3	sexP,tptA	sexP,tptA		
Circinella_muscae_NRRL_1364	Mucoromycota:MAT	scaffold_93	24319-45849	24319-45849	withheld:modelled_gene_bar+polish_capped	withheld:modelled_gene_bar+polish_capped	undetermined	undetermined							hsp_fragment	hsp_fragment	0.0	0.0	0.0	0.0	0.0	algA,sexP	algA,sexP		
Circinella_muscae_NRRL_1364	Mucoromycota:MAT	scaffold_42	56134-80331	56134-80331	withheld:modelled_gene_bar+polish_capped	withheld:modelled_gene_bar+polish_capped	undetermined	undetermined							hsp_fragment	hsp_fragment	0.0	0.0	0.0	0.0	0.0	sexM,tptA	sexM,tptA		
Circinella_muscae_NRRL_1364	Mucoromycota:MAT	scaffold_188	14449-26991	14449-26991	withheld:modelled_gene_bar+polish_capped	withheld:modelled_gene_bar+polish_capped	undetermined	undetermined							hsp_fragment	hsp_fragment	0.0	0.0	0.0	0.0	0.0	rnhA,sexM	rnhA,sexM		
Circinella_muscae_NRRL_1364	Mucoromycota:MAT	scaffold_182	75820-76255	75820-76255	withheld:below_fraction_floor	withheld:below_fraction_floor	undetermined	undetermined							model	model	8.7	8.7	0.0	83.1	83.1	sexM,sexP	sexM,sexP		
Circinella_muscae_NRRL_1364	Mucoromycota:MAT	scaffold_295	11382-40843	11382-40843	withheld:below_fraction_floor	withheld:below_fraction_floor	undetermined	undetermined							model	model	22.0	22.0	0.0	36.4	36.4	glrA,sexM	glrA,sexM		
Circinella_muscae_NRRL_1367	Mucoromycota:MAT	scaffold_87	85257-92935	85257-92935	called	called	Plus	Plus	medium	medium	partial_locus	partial_locus			model	model	130.4	130.4	0.0	163.1	163.1	rnhA,sexP	rnhA,sexP		
Circinella_muscae_NRRL_1367	Mucoromycota:MAT	scaffold_10	151117-192699	151117-192699	withheld:modelled_gene_bar	withheld:modelled_gene_bar	undetermined	undetermined							hsp_fragment	hsp_fragment	2.8	2.8	0.0	41.2	41.2	sexM,sexP,tptA	sexM,sexP,tptA		
Circinella_muscae_NRRL_1367	Mucoromycota:MAT	scaffold_55	19411-30108	19411-30108	withheld:modelled_gene_bar	withheld:modelled_gene_bar	undetermined	undetermined														algA,rnhA,tptA	algA,rnhA,tptA		
Circinella_muscae_NRRL_1367	Mucoromycota:MAT	scaffold_106	84200-85144	84200-85144	withheld:modelled_gene_bar	withheld:modelled_gene_bar	undetermined	undetermined							model	model	3.2	3.2	0.0	64.9	64.9	sexM,sexP	sexM,sexP		
Circinella_muscae_NRRL_1367	Mucoromycota:MAT	scaffold_98	103834-104269	103834-104269	withheld:modelled_gene_bar	withheld:modelled_gene_bar	undetermined	undetermined							model	model	8.7	8.7	0.0	83.1	83.1	sexM,sexP	sexM,sexP		
Circinella_muscae_NRRL_1367	Mucoromycota:MAT	scaffold_90	64486-86015	64486-86015	withheld:modelled_gene_bar+polish_capped	withheld:modelled_gene_bar+polish_capped	undetermined	undetermined							hsp_fragment	hsp_fragment	0.0	0.0	0.0	0.0	0.0	algA,sexP	algA,sexP		
Circinella_muscae_NRRL_1367	Mucoromycota:MAT	scaffold_25	102013-126212	102013-126212	withheld:modelled_gene_bar+polish_capped	withheld:modelled_gene_bar+polish_capped	undetermined	undetermined							hsp_fragment	hsp_fragment	0.0	0.0	0.0	0.0	0.0	sexM,tptA	sexM,tptA		
Circinella_muscae_NRRL_1367	Mucoromycota:MAT	scaffold_327	38129-39485	38129-39485	withheld:modelled_gene_bar	withheld:modelled_gene_bar	undetermined	undetermined							hsp_fragment	hsp_fragment	2.6	2.6	0.0	31.3	31.3	sexP,tptA	sexP,tptA		
Circinella_muscae_NRRL_1367	Mucoromycota:MAT	scaffold_226	35138-47681	35138-47681	withheld:modelled_gene_bar	withheld:modelled_gene_bar	undetermined	undetermined							hsp_fragment	hsp_fragment	0.0	0.0	0.0	0.0	0.0	rnhA,sexM	rnhA,sexM		
Circinella_muscae_NRRL_1367	Mucoromycota:MAT	scaffold_106	84200-85144	84200-85144	withheld:below_fraction_floor	withheld:below_fraction_floor	undetermined	undetermined							model	model	3.2	3.2	0.0	64.9	64.9	sexM,sexP	sexM,sexP		
Circinella_muscae_NRRL_1367	Mucoromycota:MAT	scaffold_98	103834-104269	103834-104269	withheld:below_fraction_floor	withheld:below_fraction_floor	undetermined	undetermined							model	model	8.7	8.7	0.0	83.1	83.1	sexM,sexP	sexM,sexP		
Circinella_muscae_NRRL_2403	Mucoromycota:MAT	scaffold_396	1792-9470	1792-9470	called	called	Plus	Plus	medium	medium	partial_locus	partial_locus			model	model	132.2	132.2	0.0	164.9	164.9	rnhA,sexP	rnhA,sexP		
Circinella_muscae_NRRL_2403	Mucoromycota:MAT	scaffold_1271	7233-14955	7233-14955	called	called	Plus	Plus	medium	medium	partial_locus	partial_locus			model	model	138.3	138.3	0.0	169.0	169.0	rnhA,sexP	rnhA,sexP		
Circinella_muscae_NRRL_2403	Mucoromycota:MAT	scaffold_52	32226-42922	32226-42922	withheld:modelled_gene_bar	withheld:modelled_gene_bar	undetermined	undetermined														algA,rnhA,tptA	algA,rnhA,tptA		
Circinella_muscae_NRRL_2403	Mucoromycota:MAT	scaffold_234	22564-33376	22564-33376	withheld:modelled_gene_bar	withheld:modelled_gene_bar	undetermined	undetermined														algA,rnhA,tptA	algA,rnhA,tptA		
Circinella_muscae_NRRL_2403	Mucoromycota:MAT	scaffold_1081	285-1229	285-1229	withheld:modelled_gene_bar+polish_capped	withheld:modelled_gene_bar+polish_capped	undetermined	undetermined							hsp_fragment	hsp_fragment	4.2	4.2	0.0	65.7	65.7	sexM,sexP	sexM,sexP		
Circinella_muscae_NRRL_2403	Mucoromycota:MAT	scaffold_490	17404-18354	17404-18354	withheld:modelled_gene_bar+polish_capped	withheld:modelled_gene_bar+polish_capped	undetermined	undetermined							hsp_fragment	hsp_fragment	3.3	3.3	0.0	65.6	65.6	sexM,sexP	sexM,sexP		
Circinella_muscae_NRRL_2403	Mucoromycota:MAT	scaffold_2270	4996-6739	4996-6739	withheld:modelled_gene_bar	withheld:modelled_gene_bar	undetermined	undetermined							hsp_fragment	hsp_fragment	3.3	3.3	0.0	39.5	39.5	sexM,sexP	sexM,sexP		
Circinella_muscae_NRRL_2403	Mucoromycota:MAT	scaffold_4151	2821-3256	2821-3256	withheld:modelled_gene_bar	withheld:modelled_gene_bar	undetermined	undetermined							model	model	8.7	8.7	0.0	83.1	83.1	sexM,sexP	sexM,sexP		
Circinella_muscae_NRRL_2403	Mucoromycota:MAT	scaffold_1074	3116-3603	3116-3603	withheld:modelled_gene_bar	withheld:modelled_gene_bar	undetermined	undetermined							model	model	8.1	8.1	0.0	79.7	79.7	sexM,sexP	sexM,sexP		
Circinella_muscae_NRRL_2403	Mucoromycota:MAT	scaffold_118	28025-28770	28025-28770	withheld:modelled_gene_bar+polish_capped	withheld:modelled_gene_bar+polish_capped	undetermined	undetermined							hsp_fragment	hsp_fragment	8.0	8.0	0.0	55.8	55.8	sexM,sexP	sexM,sexP		
Circinella_muscae_NRRL_2403	Mucoromycota:MAT	scaffold_6425	1045-1269	1045-1269	withheld:modelled_gene_bar+polish_capped	withheld:modelled_gene_bar+polish_capped	undetermined	undetermined							hsp_fragment	hsp_fragment	5.0	5.0	0.0	41.2	41.2	sexM,sexP	sexM,sexP		
Circinella_muscae_NRRL_2403	Mucoromycota:MAT	scaffold_4605	3829-4545	3829-4545	withheld:modelled_gene_bar	withheld:modelled_gene_bar	undetermined	undetermined							hsp_fragment	hsp_fragment	3.9	3.9	0.0	38.9	38.9	sexM,sexP	sexM,sexP		
Circinella_muscae_NRRL_2403	Mucoromycota:MAT	scaffold_3468	3557-4859	3557-4859	withheld:modelled_gene_bar+polish_capped	withheld:modelled_gene_bar+polish_capped	undetermined	undetermined							hsp_fragment	hsp_fragment	2.6	2.6	0.0	31.3	31.3	sexP,tptA	sexP,tptA		
Circinella_muscae_NRRL_2403	Mucoromycota:MAT	scaffold_4151	2821-3256	2821-3256	withheld:below_fraction_floor	withheld:below_fraction_floor	undetermined	undetermined							model	model	8.7	8.7	0.0	83.1	83.1	sexM,sexP	sexM,sexP		
Circinella_muscae_NRRL_2403	Mucoromycota:MAT	scaffold_1074	3116-3603	3116-3603	withheld:below_fraction_floor	withheld:below_fraction_floor	undetermined	undetermined							model	model	8.1	8.1	0.0	79.7	79.7	sexM,sexP	sexM,sexP		
Circinella_naumovii_NRRL_5846	Mucoromycota:MAT	scaffold_886	953-12078	953-12078	called	called	Minus	Minus	high	high	mat_locus	mat_locus			model	model	97.4	97.4	0.0	139.2	139.2	glrA,rnhA,sexM	glrA,rnhA,sexM		
Circinella_naumovii_NRRL_5846	Mucoromycota:MAT	scaffold_44	34006-48542	34006-48542	withheld:modelled_gene_bar	withheld:modelled_gene_bar	undetermined	undetermined							model	model	20.1	20.1	0.0	83.9	83.9	algA,glrA,sexM	algA,glrA,sexM		
Circinella_naumovii_NRRL_5846	Mucoromycota:MAT	scaffold_79	1208-7583	1208-7583	withheld:modelled_gene_bar	withheld:modelled_gene_bar	undetermined	undetermined							hsp_fragment	hsp_fragment	3.2	3.2	0.0	36.0	36.0	glrA,sexM,sexP	glrA,sexM,sexP		
Circinella_naumovii_NRRL_5846	Mucoromycota:MAT	scaffold_86	7598-27673	7598-27673	withheld:below_fraction_floor	withheld:below_fraction_floor	undetermined	undetermined							hsp_fragment	hsp_fragment	0.0	0.0	0.0	0.0	0.0	sexP,tptA	sexP,tptA		
Circinella_rigida_NRRL_2341	Mucoromycota:MAT	scaffold_442	2325-14904	2325-14904	called	called	Plus	Plus	high	high	mat_locus	mat_locus			model	model	243.3	243.3	0.0	314.2	314.2	algA,glrA,rnhA,sexP,tptA	algA,glrA,rnhA,sexP,tptA		
Circinella_rigida_NRRL_2341	Mucoromycota:MAT	scaffold_690	2153-2875	2153-2875	withheld:below_fraction_floor	withheld:below_fraction_floor	undetermined	undetermined							model	model	3.8	3.8	0.0	72.6	72.6	sexM,sexP	sexM,sexP		
Circinella_rigida_NRRL_2341	Mucoromycota:MAT	scaffold_96	9504-66908	9504-66908	withheld:below_fraction_floor	withheld:below_fraction_floor	undetermined	undetermined							model	model	15.8	15.8	0.0	60.1	60.1	sexM,tptA	sexM,tptA		
Circinella_rigida_NRRL_2341	Mucoromycota:MAT	scaffold_78	10946-35074	10946-35074	withheld:below_fraction_floor	withheld:below_fraction_floor	undetermined	undetermined							model	model	23.9	23.9	0.0	39.9	39.9	sexM,tptA	sexM,tptA		
Circinella_simplex_CBS_142.35	Mucoromycota:MAT	scaffold_62	68859-83328	68859-83328	called	called	Minus	Minus	high	high	mat_locus	mat_locus			model	model	28.1	28.1	0.0	101.1	101.1	algA,glrA,rnhA,sexM,tptA	algA,glrA,rnhA,sexM,tptA		
Circinella_simplex_CBS_142.35	Mucoromycota:MAT	scaffold_394	16507-30187	16507-30187	withheld:modelled_gene_bar	withheld:modelled_gene_bar	undetermined	undetermined							model	model	18.1	18.1	0.0	74.8	74.8	glrA,rnhA,sexP	glrA,rnhA,sexP		
Circinella_simplex_CBS_142.35	Mucoromycota:MAT	scaffold_258	27095-33982	27095-33982	withheld:modelled_gene_bar	withheld:modelled_gene_bar	undetermined	undetermined							hsp_fragment	hsp_fragment	0.0	0.0	0.0	0.0	0.0	algA,glrA,sexM	algA,glrA,sexM		
Circinella_simplex_van_Tieghem_NRRL_2407	Mucoromycota:MAT	scaffold_473	772-16083	772-16083	called	called	Plus	Plus	high	high	mat_locus	mat_locus			model	model	268.3	268.3	0.0	356.7	356.7	glrA,rnhA,sexM,sexP	glrA,rnhA,sexM,sexP		
Circinella_simplex_van_Tieghem_NRRL_2407	Mucoromycota:MAT	scaffold_86	19033-86151	19033-86151	withheld:modelled_gene_bar	withheld:modelled_gene_bar	undetermined	undetermined							hsp_fragment	hsp_fragment	4.1	4.1	0.0	6.0	6.0	glrA,rnhA,sexM,sexP	glrA,rnhA,sexM,sexP		
Circinella_simplex_van_Tieghem_NRRL_2407	Mucoromycota:MAT	scaffold_21	67959-68663	67959-68663	withheld:below_fraction_floor	withheld:below_fraction_floor	undetermined	undetermined							model	model	10.2	10.2	0.0	50.5	50.5	sexM,sexP	sexM,sexP		
Circinella_tenella_NRRL_A-23557	Mucoromycota:MAT	scaffold_36	87261-130442	87261-130442	withheld:modelled_gene_bar	withheld:modelled_gene_bar	undetermined	undetermined							model	model	24.5	24.5	0.0	38.5	38.5	sexM,sexP,tptA	sexM,sexP,tptA		
Circinella_tenella_NRRL_A-23557	Mucoromycota:MAT	scaffold_53	54254-87672	54254-87672	withheld:modelled_gene_bar	withheld:modelled_gene_bar	undetermined	undetermined							hsp_fragment	hsp_fragment	0.5	0.5	0.0	2.9	2.9	rnhA,sexM,sexP	rnhA,sexM,sexP		
Circinella_tenella_NRRL_A-23557	Mucoromycota:MAT	scaffold_21	73214-145337	73214-145337	withheld:modelled_gene_bar	withheld:modelled_gene_bar	undetermined	undetermined							hsp_fragment	hsp_fragment	0.0	0.0	0.0	0.0	0.0	rnhA,sexM,tptA	rnhA,sexM,tptA		
Circinella_tenella_NRRL_A-23557	Mucoromycota:MAT	scaffold_39	18841-52473	18841-52473	withheld:modelled_gene_bar	withheld:modelled_gene_bar	undetermined	undetermined							model	model	11.1	11.1	0.0	66.0	66.0	sexM,sexP,tptA	sexM,sexP,tptA		
Circinella_tenella_NRRL_A-23557	Mucoromycota:MAT	scaffold_45	69330-125574	69330-125574	withheld:modelled_gene_bar	withheld:modelled_gene_bar	undetermined	undetermined							hsp_fragment	hsp_fragment	7.3	7.3	0.0	30.8	30.8	glrA,rnhA,sexM,sexP	glrA,rnhA,sexM,sexP		
Circinella_tenella_NRRL_A-23557	Mucoromycota:MAT	scaffold_84	122934-124226	122934-124226	withheld:modelled_gene_bar+polish_capped	withheld:modelled_gene_bar+polish_capped	undetermined	undetermined							hsp_fragment	hsp_fragment	3.9	3.9	0.0	31.7	31.7	sexM,sexP	sexM,sexP		
Circinella_tenella_NRRL_A-23557	Mucoromycota:MAT	scaffold_32	23511-48443	23511-48443	withheld:modelled_gene_bar+polish_capped	withheld:modelled_gene_bar+polish_capped	undetermined	undetermined							hsp_fragment	hsp_fragment	0.0	0.0	0.0	0.0	0.0	rnhA,sexP	rnhA,sexP		
Circinella_tenella_NRRL_A-23557	Mucoromycota:MAT	scaffold_23	116398-128804	116398-128804	withheld:modelled_gene_bar+polish_capped	withheld:modelled_gene_bar+polish_capped	undetermined	undetermined							hsp_fragment	hsp_fragment	1.5	1.5	0.0	1.5	1.5	btbA,sexP	btbA,sexP		
Circinella_tenella_NRRL_A-23557	Mucoromycota:MAT	scaffold_39	142385-200444	142385-200444	withheld:modelled_gene_bar	withheld:modelled_gene_bar	undetermined	undetermined							hsp_fragment	hsp_fragment	0.0	0.0	0.0	0.0	0.0	btbA,rnhA,sexM	btbA,rnhA,sexM		
Circinella_tenella_NRRL_A-23557	Mucoromycota:MAT	scaffold_191	20261-21230	20261-21230	withheld:modelled_gene_bar+polish_capped	withheld:modelled_gene_bar+polish_capped	undetermined	undetermined							hsp_fragment	hsp_fragment	5.5	5.5	0.0	40.0	40.0	sexM,sexP	sexM,sexP		
Circinella_tenella_NRRL_A-23557	Mucoromycota:MAT	scaffold_15	11591-38145	11591-38145	withheld:modelled_gene_bar+polish_capped	withheld:modelled_gene_bar+polish_capped	undetermined	undetermined							hsp_fragment	hsp_fragment	0.0	0.0	0.0	0.0	0.0	sexM,sexP	sexM,sexP		
Circinella_tenella_NRRL_A-23557	Mucoromycota:MAT	scaffold_15	142973-180541	142973-180541	withheld:modelled_gene_bar+polish_capped	withheld:modelled_gene_bar+polish_capped	undetermined	undetermined							hsp_fragment	hsp_fragment	0.0	0.0	0.0	0.0	0.0	btbA,sexM	btbA,sexM		
Circinella_tenella_NRRL_A-23557	Mucoromycota:MAT	scaffold_35	179462-205651	179462-205651	withheld:modelled_gene_bar+polish_capped	withheld:modelled_gene_bar+polish_capped	undetermined	undetermined							hsp_fragment	hsp_fragment	0.0	0.0	0.0	0.0	0.0	rnhA,sexM	rnhA,sexM		
Circinella_tenella_NRRL_A-23557	Mucoromycota:MAT	scaffold_1	194721-212158	194721-212158	withheld:modelled_gene_bar+polish_capped	withheld:modelled_gene_bar+polish_capped	undetermined	undetermined							hsp_fragment	hsp_fragment	22.0	22.0	0.0	36.4	36.4	rnhA,sexP	rnhA,sexP		
Circinella_tenella_NRRL_A-23557	Mucoromycota:MAT	scaffold_1	395071-432759	395071-432759	withheld:modelled_gene_bar+polish_capped	withheld:modelled_gene_bar+polish_capped	undetermined	undetermined							hsp_fragment	hsp_fragment	0.0	0.0	0.0	0.0	0.0	rnhA,sexM	rnhA,sexM		
Circinella_tenella_NRRL_A-23557	Mucoromycota:MAT	scaffold_59	78501-130664	78501-130664	withheld:modelled_gene_bar+polish_capped	withheld:modelled_gene_bar+polish_capped	undetermined	undetermined							hsp_fragment	hsp_fragment	9.5	9.5	0.0	24.3	24.3	algA,sexP	algA,sexP		
Circinella_tenella_NRRL_A-23557	Mucoromycota:MAT	scaffold_83	27052-72972	27052-72972	withheld:modelled_gene_bar+polish_capped	withheld:modelled_gene_bar+polish_capped	undetermined	undetermined							hsp_fragment	hsp_fragment	1.3	1.3	0.0	1.3	1.3	sexM,sexP	sexM,sexP		
Circinella_tenella_NRRL_A-23557	Mucoromycota:MAT	scaffold_19	31365-73422	31365-73422	withheld:modelled_gene_bar+polish_capped	withheld:modelled_gene_bar+polish_capped	undetermined	undetermined							hsp_fragment	hsp_fragment	0.0	0.0	0.0	0.0	0.0	rnhA,sexM	rnhA,sexM		
Circinella_tenella_NRRL_A-23557	Mucoromycota:MAT	scaffold_237	3507-23444	3507-23444	withheld:modelled_gene_bar+polish_capped	withheld:modelled_gene_bar+polish_capped	undetermined	undetermined							hsp_fragment	hsp_fragment	0.0	0.0	0.0	0.0	0.0	algA,sexM	algA,sexM		
Circinella_tenella_NRRL_A-23557	Mucoromycota:MAT	scaffold_122	21432-53164	21432-53164	withheld:modelled_gene_bar+polish_capped	withheld:modelled_gene_bar+polish_capped	undetermined	undetermined							hsp_fragment	hsp_fragment	11.7	11.7	0.0	11.7	11.7	glrA,sexP	glrA,sexP		
Circinella_tenella_NRRL_A-23557	Mucoromycota:MAT	scaffold_39	142385-200444	142385-200444	withheld:below_fraction_floor	withheld:below_fraction_floor	undetermined	undetermined							hsp_fragment	hsp_fragment	0.0	0.0	0.0	0.0	0.0	btbA,rnhA,sexM	btbA,rnhA,sexM		
Circinella_umbellata_NRRL_1366	Mucoromycota:MAT	scaffold_302	26236-33630	26236-33630	called	called	Minus	Minus	medium	medium	partial_locus	partial_locus			model	model	99.6	99.6	0.0	162.8	162.8	rnhA,sexM	rnhA,sexM		
Circinella_umbellata_NRRL_1366	Mucoromycota:MAT	scaffold_596	10438-11391	10438-11391	withheld:modelled_gene_bar	withheld:modelled_gene_bar	undetermined	undetermined							model	model	6.1	6.1	0.0	60.4	60.4	sexM,sexP	sexM,sexP		
Circinella_umbellata_NRRL_1366	Mucoromycota:MAT	scaffold_9	21380-23146	21380-23146	withheld:modelled_gene_bar	withheld:modelled_gene_bar	undetermined	undetermined							hsp_fragment	hsp_fragment	3.5	3.5	0.0	40.2	40.2	sexM,sexP	sexM,sexP		
Circinella_umbellata_NRRL_1366	Mucoromycota:MAT	scaffold_31	33972-40077	33972-40077	withheld:modelled_gene_bar+polish_capped	withheld:modelled_gene_bar+polish_capped	undetermined	undetermined							hsp_fragment	hsp_fragment	0.0	0.0	0.0	0.0	0.0	algA,sexP	algA,sexP		
Circinella_umbellata_NRRL_1366	Mucoromycota:MAT	scaffold_309	24924-25910	24924-25910	withheld:modelled_gene_bar	withheld:modelled_gene_bar	undetermined	undetermined							hsp_fragment	hsp_fragment	0.0	0.0	0.0	39.7	39.7	sexM,sexP	sexM,sexP		
Circinella_umbellata_NRRL_1366	Mucoromycota:MAT	scaffold_261	23232-30303	23232-30303	withheld:modelled_gene_bar	withheld:modelled_gene_bar	undetermined	undetermined							hsp_fragment	hsp_fragment	2.7	2.7	0.0	2.7	2.7	glrA,sexM	glrA,sexM		
Circinella_umbellata_NRRL_1366	Mucoromycota:MAT	scaffold_4052	39-443	39-443	withheld:modelled_gene_bar	withheld:modelled_gene_bar	undetermined	undetermined							hsp_fragment	hsp_fragment	11.3	11.3	0.0	13.2	13.2	rnhA,sexP	rnhA,sexP		
Circinella_umbellata_NRRL_1366	Mucoromycota:MAT	scaffold_596	10438-11391	10438-11391	withheld:below_fraction_floor	withheld:below_fraction_floor	undetermined	undetermined							model	model	6.1	6.1	0.0	60.4	60.4	sexM,sexP	sexM,sexP		
Circinella_umbellata_NRRL_1366	Mucoromycota:MAT	scaffold_261	23232-30303	23232-30303	withheld:below_fraction_floor	withheld:below_fraction_floor	undetermined	undetermined							hsp_fragment	hsp_fragment	2.7	2.7	0.0	2.7	2.7	glrA,sexM	glrA,sexM		
Circinella_umbellata_NRRL_2417	Mucoromycota:MAT	scaffold_495	3786-11490	3786-11490	called	called	Plus	Plus	medium	medium	partial_locus	partial_locus			model	model	133.7	133.7	0.0	164.3	164.3	rnhA,sexP	rnhA,sexP		
Circinella_umbellata_NRRL_2417	Mucoromycota:MAT	scaffold_61	2212-13933	2212-13933	withheld:modelled_gene_bar	withheld:modelled_gene_bar	undetermined	undetermined														algA,rnhA,tptA	algA,rnhA,tptA		
Circinella_umbellata_NRRL_2417	Mucoromycota:MAT	scaffold_206	15187-16140	15187-16140	withheld:modelled_gene_bar	withheld:modelled_gene_bar	undetermined	undetermined							model	model	6.1	6.1	0.0	60.4	60.4	sexM,sexP	sexM,sexP		
Circinella_umbellata_NRRL_2417	Mucoromycota:MAT	scaffold_16	70238-72025	70238-72025	withheld:modelled_gene_bar	withheld:modelled_gene_bar	undetermined	undetermined							hsp_fragment	hsp_fragment	2.0	2.0	0.0	38.4	38.4	sexM,sexP	sexM,sexP		
Circinella_umbellata_NRRL_2417	Mucoromycota:MAT	scaffold_115	46440-47279	46440-47279	withheld:modelled_gene_bar	withheld:modelled_gene_bar	undetermined	undetermined							hsp_fragment	hsp_fragment	3.1	3.1	0.0	36.6	36.6	sexM,sexP	sexM,sexP		
Circinella_umbellata_NRRL_2417	Mucoromycota:MAT	scaffold_10	118030-145598	118030-145598	withheld:mat_gene_gate	withheld:mat_gene_gate	undetermined	undetermined							model	model	19.4	19.4	0.0	37.8	37.8	glrA,sexP	glrA,sexP		
Circinella_umbellata_NRRL_2417	Mucoromycota:MAT	scaffold_206	15187-16140	15187-16140	withheld:below_fraction_floor	withheld:below_fraction_floor	undetermined	undetermined							model	model	6.1	6.1	0.0	60.4	60.4	sexM,sexP	sexM,sexP		
Circinella_umbellata_NRRL_2417	Mucoromycota:MAT	scaffold_10	118030-145598	118030-145598	withheld:below_fraction_floor	withheld:below_fraction_floor	undetermined	undetermined							model	model	19.4	19.4	0.0	37.8	37.8	glrA,sexP	glrA,sexP		
Circinella_umbellata_RSA_505_Plus	Mucoromycota:MAT	scaffold_255	2274-9668	2274-9668	called	called	Minus	Minus	medium	medium	partial_locus	partial_locus			model	model	99.6	99.6	0.0	162.8	162.8	rnhA,sexM	rnhA,sexM		
Circinella_umbellata_RSA_505_Plus	Mucoromycota:MAT	scaffold_718	5771-6724	5771-6724	withheld:modelled_gene_bar	withheld:modelled_gene_bar	undetermined	undetermined							model	model	6.1	6.1	0.0	60.4	60.4	sexM,sexP	sexM,sexP		
Circinella_umbellata_RSA_505_Plus	Mucoromycota:MAT	scaffold_353	6083-7849	6083-7849	withheld:modelled_gene_bar	withheld:modelled_gene_bar	undetermined	undetermined							hsp_fragment	hsp_fragment	3.5	3.5	0.0	40.2	40.2	sexM,sexP	sexM,sexP		
Circinella_umbellata_RSA_505_Plus	Mucoromycota:MAT	scaffold_461	16239-17225	16239-17225	withheld:modelled_gene_bar	withheld:modelled_gene_bar	undetermined	undetermined							hsp_fragment	hsp_fragment	0.0	0.0	0.0	39.7	39.7	sexM,sexP	sexM,sexP		
Circinella_umbellata_RSA_505_Plus	Mucoromycota:MAT	scaffold_250	2180-28572	2180-28572	withheld:mat_gene_gate	withheld:mat_gene_gate	undetermined	undetermined							model	model	17.2	17.2	0.0	34.8	34.8	glrA,sexP	glrA,sexP		
Circinella_umbellata_RSA_505_Plus	Mucoromycota:MAT	scaffold_718	5771-6724	5771-6724	withheld:below_fraction_floor	withheld:below_fraction_floor	undetermined	undetermined							model	model	6.1	6.1	0.0	60.4	60.4	sexM,sexP	sexM,sexP		
Circinella_umbellata_RSA_505_Plus	Mucoromycota:MAT	scaffold_250	2180-28572	2180-28572	withheld:below_fraction_floor	withheld:below_fraction_floor	undetermined	undetermined							model	model	17.2	17.2	0.0	34.8	34.8	glrA,sexP	glrA,sexP		
Circinomucor_circinelloides_NRRL_22899	Mucoromycota:MAT	scaffold_511	7124-21923	7124-21923	called	called	Plus	Plus	high	high	mat_locus	mat_locus			model	model	346.6	346.6	0.0	396.0	396.0	algA,glrA,rnhA,sexP,tptA	algA,glrA,rnhA,sexP,tptA		
Circinomucor_circinelloides_NRRL_22899	Mucoromycota:MAT	scaffold_240	8031-24997	8031-24997	withheld:modelled_gene_bar	withheld:modelled_gene_bar	undetermined	undetermined							hsp_fragment	hsp_fragment	2.1	2.1	0.0	2.1	2.1	rnhA,sexP,tptA	rnhA,sexP,tptA		
Circinomucor_circinelloides_NRRL_22899	Mucoromycota:MAT	scaffold_97	52446-58914	52446-58914	withheld:modelled_gene_bar	withheld:modelled_gene_bar	undetermined	undetermined							hsp_fragment	hsp_fragment	1.2	1.2	0.0	35.8	35.8	glrA,sexM,sexP	glrA,sexM,sexP		
Circinomucor_circinelloides_NRRL_22899	Mucoromycota:MAT	scaffold_152	27039-30698	27039-30698	withheld:below_fraction_floor	withheld:below_fraction_floor	undetermined	undetermined							model	model	14.7	14.7	0.0	73.9	73.9	rnhA,sexP	rnhA,sexP		
Circinomucor_circinelloides_NRRL_22899	Mucoromycota:MAT	scaffold_26	31966-57703	31966-57703	withheld:below_fraction_floor	withheld:below_fraction_floor	undetermined	undetermined							hsp_fragment	hsp_fragment	0.0	0.0	0.0	0.0	0.0	sexM,tptA	sexM,tptA		
Cunninghamella_antarctica_NRRL_6534	Mucoromycota:MAT	scaffold_312	2416-13032	2416-13032	called	called	Minus	Minus	high	high	mat_locus	mat_locus			model	model	34.3	34.3	0.0	89.4	89.4	algA,rnhA,sexM,tptA	algA,rnhA,sexM,tptA		
Cunninghamella_antarctica_NRRL_6534	Mucoromycota:MAT	scaffold_85	18581-21185	18581-21185	withheld:below_fraction_floor	withheld:below_fraction_floor	undetermined	undetermined							hsp_fragment	hsp_fragment	0.0	0.0	0.0	0.0	0.0	rnhA,sexM	rnhA,sexM		
Cunninghamella_bertholletiae_NRRL_1376	Mucoromycota:MAT	scaffold_248	8472-18752	8472-18752	called	called	Minus	Minus	high	high	mat_locus	mat_locus			model	model	65.0	65.0	0.0	120.4	120.4	algA,rnhA,sexM,tptA	algA,rnhA,sexM,tptA		
Cunninghamella_bertholletiae_NRRL_1376	Mucoromycota:MAT	scaffold_39	11753-34065	11753-34065	withheld:below_fraction_floor	withheld:below_fraction_floor	undetermined	undetermined							model	model	2.0	2.0	0.0	53.1	53.1	btbA,sexM,sexP	btbA,sexM,sexP		
Cunninghamella_bertholletiae_NRRL_1376	Mucoromycota:MAT	scaffold_157	9307-14271	9307-14271	withheld:below_fraction_floor	withheld:below_fraction_floor	undetermined	undetermined							hsp_fragment	hsp_fragment	0.0	0.0	0.0	0.0	0.0	glrA,sexP	glrA,sexP		
Cunninghamella_bertholletiae_NRRL_1376	Mucoromycota:MAT	scaffold_356	15422-16266	15422-16266	withheld:below_fraction_floor	withheld:below_fraction_floor	undetermined	undetermined							model	model	0.5	0.5	0.0	42.7	42.7	sexM,sexP	sexM,sexP		
Cunninghamella_bertholletiae_NRRL_1377	Mucoromycota:MAT	scaffold_544	2099-12635	2099-12635	called	called	Plus	Plus	high	high	mat_locus	mat_locus			model	model	219.6	219.6	0.0	284.5	284.5	algA,rnhA,sexP,tptA	algA,rnhA,sexP,tptA		
Cunninghamella_bertholletiae_NRRL_1377	Mucoromycota:MAT	scaffold_147	1863-53906	1863-53906	withheld:below_fraction_floor	withheld:below_fraction_floor	undetermined	undetermined							hsp_fragment	hsp_fragment	0.7	0.7	0.0	1.4	1.4	btbA,sexM	btbA,sexM		
Cunninghamella_bertholletiae_NRRL_1378	Mucoromycota:MAT	scaffold_295	415-9178	415-9178	called	called	Plus	Plus	high	high	mat_locus	mat_locus			model	model	218.1	218.1	0.0	275.6	275.6	rnhA,sexP,tptA	rnhA,sexP,tptA		
Cunninghamella_bertholletiae_NRRL_1378	Mucoromycota:MAT	scaffold_81	23308-33964	23308-33964	withheld:modelled_gene_bar	withheld:modelled_gene_bar	undetermined	undetermined							hsp_fragment	hsp_fragment	1.2	1.2	0.0	35.9	35.9	glrA,sexM,sexP	glrA,sexM,sexP		
Cunninghamella_bertholletiae_NRRL_1378	Mucoromycota:MAT	scaffold_371	7458-15584	7458-15584	withheld:below_fraction_floor	withheld:below_fraction_floor	undetermined	undetermined							hsp_fragment	hsp_fragment	0.7	0.7	0.0	0.7	0.7	algA,sexM	algA,sexM		
Cunninghamella_bertholletiae_NRRL_1380	Mucoromycota:MAT	scaffold_151	17484-27650	17484-27650	called	called	Minus	Minus	high	high	mat_locus	mat_locus			model	model	67.5	67.5	0.0	123.5	123.5	algA,rnhA,sexM,tptA	algA,rnhA,sexM,tptA		
Cunninghamella_bertholletiae_NRRL_1380	Mucoromycota:MAT	scaffold_87	6669-11374	6669-11374	withheld:below_fraction_floor	withheld:below_fraction_floor	undetermined	undetermined							hsp_fragment	hsp_fragment	0.0	0.0	0.0	0.0	0.0	glrA,sexP	glrA,sexP		
Cunninghamella_bertholletiae_NRRL_1380	Mucoromycota:MAT	scaffold_33	57408-103553	57408-103553	withheld:below_fraction_floor	withheld:below_fraction_floor	undetermined	undetermined							hsp_fragment	hsp_fragment	0.2	0.2	0.0	0.2	0.2	rnhA,sexM	rnhA,sexM		
Cunninghamella_brunnea_NRRL_6143	Mucoromycota:MAT	scaffold_2166	1514-2456	1514-2456	withheld:modelled_gene_bar	withheld:modelled_gene_bar	undetermined	undetermined							hsp_fragment	hsp_fragment	1.5	1.5	0.0	39.2	39.2	sexM,sexP	sexM,sexP		
Cunninghamella_brunnea_NRRL_6143	Mucoromycota:MAT	scaffold_1729	1162-2935	1162-2935	withheld:modelled_gene_bar	withheld:modelled_gene_bar	undetermined	undetermined							model	model	3.8	3.8	0.0	28.2	28.2	sexM,sexP	sexM,sexP		
Cunninghamella_brunnea_NRRL_6143	Mucoromycota:MAT	scaffold_1777	68-2031	68-2031	withheld:mat_gene_gate	withheld:mat_gene_gate	Minus	Minus							model	model	39.1	39.1	0.0	82.2	82.2	sexM,tptA	sexM,tptA		
Cunninghamella_brunnea_NRRL_6143	Mucoromycota:MAT	scaffold_1777	68-2031	68-2031	withheld:below_fraction_floor	withheld:below_fraction_floor	Minus	Minus							model	model	39.1	39.1	0.0	82.2	82.2	sexM,tptA	sexM,tptA		
Cunninghamella_brunnea_NRRL_6143	Mucoromycota:MAT	scaffold_1729	1162-2935	1162-2935	withheld:below_fraction_floor	withheld:below_fraction_floor	undetermined	undetermined							model	model	3.8	3.8	0.0	28.2	28.2	sexM,sexP	sexM,sexP		
Cunninghamella_echinulata_NRRL_1384	Mucoromycota:MAT	scaffold_56	43585-54252	43585-54252	called	called	Minus	Minus	high	high	mat_locus	mat_locus			model	model	34.3	34.3	0.0	89.6	89.6	algA,rnhA,sexM,tptA	algA,rnhA,sexM,tptA		
Cunninghamella_echinulata_NRRL_1385	Mucoromycota:MAT	scaffold_1415	210-6513	210-6513	called	called	Minus	Minus	high	high	mat_locus	mat_locus			model	model	35.2	35.2	0.0	91.8	91.8	rnhA,sexM,tptA	rnhA,sexM,tptA		
Cunninghamella_echinulata_NRRL_1386	Mucoromycota:MAT	scaffold_361	18990-28664	18990-28664	called	called	Plus	Plus	high	high	mat_locus	mat_locus			model	model	219.7	219.7	0.0	292.6	292.6	algA,rnhA,sexP,tptA	algA,rnhA,sexP,tptA		
Cunninghamella_echinulata_NRRL_1386	Mucoromycota:MAT	scaffold_608	3201-5789	3201-5789	withheld:below_fraction_floor	withheld:below_fraction_floor	undetermined	undetermined							hsp_fragment	hsp_fragment	0.0	0.0	0.0	0.0	0.0	rnhA,sexM	rnhA,sexM		
Cunninghamella_echinulata_NRRL_1387	Mucoromycota:MAT	scaffold_508	7244-17910	7244-17910	called	called	Minus	Minus	high	high	mat_locus	mat_locus			model	model	34.3	34.3	0.0	89.4	89.4	algA,rnhA,sexM,tptA	algA,rnhA,sexM,tptA		
Cunninghamella_echinulata_NRRL_1387	Mucoromycota:MAT	scaffold_78	32150-34751	32150-34751	withheld:below_fraction_floor	withheld:below_fraction_floor	undetermined	undetermined							hsp_fragment	hsp_fragment	0.0	0.0	0.0	0.0	0.0	rnhA,sexM	rnhA,sexM		
Cunninghamella_echinulata_RSA_2017_Plus	Mucoromycota:MAT	scaffold_106	28727-39516	28727-39516	called	called	Plus	Plus	high	high	mat_locus	mat_locus			model	model	222.2	222.2	0.0	296.4	296.4	algA,rnhA,sexP,tptA	algA,rnhA,sexP,tptA		
Cunninghamella_echinulata_RSA_2017_Plus	Mucoromycota:MAT	scaffold_144	17829-20436	17829-20436	withheld:below_fraction_floor	withheld:below_fraction_floor	undetermined	undetermined							hsp_fragment	hsp_fragment	0.0	0.0	0.0	0.0	0.0	rnhA,sexM	rnhA,sexM		
Cunninghamella_echinulata_RSA_2018-	Mucoromycota:MAT	scaffold_139	18787-29454	18787-29454	called	called	Minus	Minus	high	high	mat_locus	mat_locus			model	model	34.3	34.3	0.0	89.6	89.6	algA,rnhA,sexM,tptA	algA,rnhA,sexM,tptA		
Cunninghamella_echinulata_RSA_2018-	Mucoromycota:MAT	scaffold_361	17659-20292	17659-20292	withheld:below_fraction_floor	withheld:below_fraction_floor	undetermined	undetermined							hsp_fragment	hsp_fragment	0.0	0.0	0.0	0.0	0.0	rnhA,sexM	rnhA,sexM		
Cunninghamella_elegans_NRRL_1388	Mucoromycota:MAT	scaffold_31	14350-25110	14350-25110	called	called	Plus	Plus	high	high	mat_locus	mat_locus			model	model	218.1	218.1	0.0	275.6	275.6	algA,rnhA,sexP,tptA	algA,rnhA,sexP,tptA		
Cunninghamella_elegans_NRRL_1390	Mucoromycota:MAT	scaffold_20	3745-14176	3745-14176	called	called	Minus	Minus	high	high	mat_locus	mat_locus			model	model	60.6	60.6	0.0	122.4	122.4	algA,rnhA,sexM,tptA	algA,rnhA,sexM,tptA		
Cunninghamella_elegans_NRRL_1390	Mucoromycota:MAT	scaffold_36	19916-34894	19916-34894	withheld:below_fraction_floor	withheld:below_fraction_floor	undetermined	undetermined							model	model	15.2	15.2	0.0	82.7	82.7	rnhA,sexM	rnhA,sexM		
Cunninghamella_elegans_NRRL_1391	Mucoromycota:MAT	scaffold_111	26749-37420	26749-37420	called	called	Plus	Plus	high	high	mat_locus	mat_locus			model	model	218.1	218.1	0.0	275.6	275.6	algA,rnhA,sexP,tptA	algA,rnhA,sexP,tptA		
Cunninghamella_elegans_NRRL_1392	Mucoromycota:MAT	scaffold_490	405-9030	405-9030	called	called	Plus	Plus	high	high	mat_locus	mat_locus			model	model	218.1	218.1	0.0	275.6	275.6	rnhA,sexP,tptA	rnhA,sexP,tptA		
Cunninghamella_elegans_NRRL_1393	Mucoromycota:MAT	scaffold_446	7828-18471	7828-18471	called	called	Minus	Minus	high	high	mat_locus	mat_locus			model	model	59.9	59.9	0.0	121.6	121.6	algA,rnhA,sexM,tptA	algA,rnhA,sexM,tptA		
Cunninghamella_elegans_NRRL_1393	Mucoromycota:MAT	scaffold_16	47892-58654	47892-58654	withheld:modelled_gene_bar	withheld:modelled_gene_bar	undetermined	undetermined							hsp_fragment	hsp_fragment	1.2	1.2	0.0	35.9	35.9	glrA,sexM,sexP	glrA,sexM,sexP		
Cunninghamella_elegans_NRRL_2310	Mucoromycota:MAT	scaffold_544	546-11111	546-11111	called	called	Minus	Minus	high	high	mat_locus	mat_locus			model	model	59.9	59.9	0.0	121.6	121.6	algA,rnhA,sexM,tptA	algA,rnhA,sexM,tptA		
Cunninghamella_japonica_NRRL_2463	Mucoromycota:MAT	scaffold_400	11192-22059	11192-22059	called	called	Plus	Plus	high	high	mat_locus	mat_locus			model	model	220.4	220.4	0.0	291.9	291.9	algA,rnhA,sexP,tptA	algA,rnhA,sexP,tptA		
Cunninghamella_japonica_NRRL_2463	Mucoromycota:MAT	scaffold_801	125-2783	125-2783	withheld:below_fraction_floor	withheld:below_fraction_floor	undetermined	undetermined							hsp_fragment	hsp_fragment	0.0	0.0	0.0	0.0	0.0	rnhA,sexM	rnhA,sexM		
Cunninghamella_japonica_NRRL_2463	Mucoromycota:MAT	scaffold_357	13907-14759	13907-14759	withheld:below_fraction_floor	withheld:below_fraction_floor	undetermined	undetermined							model	model	1.2	1.2	0.0	38.1	38.1	sexM,sexP	sexM,sexP		
Cunninghamella_japonica_NRRL_2464	Mucoromycota:MAT	scaffold_54	70127-108765	70127-108765	called	called	Minus	Minus	high	high	mat_locus	mat_locus			model	model	56.2	56.2	0.0	114.1	114.1	algA,glrA,rnhA,sexM,tptA	algA,glrA,rnhA,sexM,tptA		
Cunninghamella_japonica_NRRL_2464	Mucoromycota:MAT	scaffold_20	168572-199352	168572-199352	withheld:below_fraction_floor	withheld:below_fraction_floor	undetermined	undetermined							model	model	19.1	19.1	0.0	69.9	69.9	sexM,tptA	sexM,tptA		
Cunninghamella_japonica_NRRL_2464	Mucoromycota:MAT	scaffold_25	162724-192447	162724-192447	withheld:below_fraction_floor	withheld:below_fraction_floor	undetermined	undetermined							model	model	24.1	24.1	0.0	39.1	39.1	sexM,sexP	sexM,sexP		
Cunninghamella_polymorpha_NRRL_1395	Mucoromycota:MAT	scaffold_88	32149-43340	32149-43340	called	called	Minus	Minus	high	high	mat_locus	mat_locus			model	model	39.5	39.5	0.0	89.3	89.3	algA,rnhA,sexM,tptA	algA,rnhA,sexM,tptA		
Cunninghamella_polymorpha_NRRL_1395	Mucoromycota:MAT	scaffold_384	4103-7624	4103-7624	withheld:below_fraction_floor	withheld:below_fraction_floor	undetermined	undetermined							hsp_fragment	hsp_fragment	0.0	0.0	0.0	1.3	1.3	rnhA,sexM	rnhA,sexM		
Cunninghamella_sp._NRRL_A-21238	Mucoromycota:MAT	scaffold_567	82-9754	82-9754	called	called	Plus	Plus	high	high	mat_locus	mat_locus			model	model	220.1	220.1	0.0	292.7	292.7	algA,rnhA,sexP,tptA	algA,rnhA,sexP,tptA		
Cunninghamella_sp._NRRL_A-21238	Mucoromycota:MAT	scaffold_47	13938-14848	13938-14848	withheld:below_fraction_floor	withheld:below_fraction_floor	undetermined	undetermined							model	model	1.9	1.9	0.0	38.4	38.4	sexM,sexP	sexM,sexP		
Cunninghamella_sp._NRRL_A-21271	Mucoromycota:MAT	scaffold_88	2628-13497	2628-13497	called	called	Plus	Plus	high	high	mat_locus	mat_locus			model	model	220.1	220.1	0.0	292.7	292.7	algA,rnhA,sexP,tptA	algA,rnhA,sexP,tptA		
Cunninghamella_sp._NRRL_A-21271	Mucoromycota:MAT	scaffold_410	18699-21321	18699-21321	withheld:below_fraction_floor	withheld:below_fraction_floor	undetermined	undetermined							hsp_fragment	hsp_fragment	0.0	0.0	0.0	0.0	0.0	rnhA,sexM	rnhA,sexM		
Cunninghamella_sp._NRRL_A-21271	Mucoromycota:MAT	scaffold_31	64397-65307	64397-65307	withheld:below_fraction_floor	withheld:below_fraction_floor	undetermined	undetermined							model	model	1.9	1.9	0.0	38.4	38.4	sexM,sexP	sexM,sexP		
Dichotomocladium_elegans_NRRL_2754	Mucoromycota:MAT	scaffold_186	31719-43840	31719-43840	withheld:modelled_gene_bar	withheld:modelled_gene_bar	undetermined	undetermined							hsp_fragment	hsp_fragment	6.2	6.2	0.0	42.6	42.6	sexM,sexP,tptA	sexM,sexP,tptA		
Dichotomocladium_elegans_NRRL_2754	Mucoromycota:MAT	scaffold_93	47507-72694	47507-72694	withheld:modelled_gene_bar	withheld:modelled_gene_bar	Plus	Plus							model	model	136.0	136.0	0.0	179.1	179.1	rnhA,sexP	rnhA,sexP		
Dichotomocladium_elegans_NRRL_2754	Mucoromycota:MAT	scaffold_74	53613-98557	53613-98557	withheld:modelled_gene_bar	withheld:modelled_gene_bar	undetermined	undetermined							model	model	12.3	12.3	0.0	40.5	40.5	sexM,sexP	sexM,sexP		
Dichotomocladium_elegans_NRRL_2754	Mucoromycota:MAT	scaffold_110	17672-20031	17672-20031	withheld:modelled_gene_bar+polish_capped	withheld:modelled_gene_bar+polish_capped	undetermined	undetermined							hsp_fragment	hsp_fragment	0.0	0.0	0.0	0.0	0.0	sexM,sexP	sexM,sexP		
Dichotomocladium_elegans_NRRL_2754	Mucoromycota:MAT	scaffold_353	3815-16513	3815-16513	withheld:modelled_gene_bar+polish_capped	withheld:modelled_gene_bar+polish_capped	undetermined	undetermined							hsp_fragment	hsp_fragment	0.0	0.0	0.0	0.0	0.0	sexP,tptA	sexP,tptA		
Dichotomocladium_elegans_NRRL_2754	Mucoromycota:MAT	scaffold_127	20163-73121	20163-73121	withheld:modelled_gene_bar	withheld:modelled_gene_bar	undetermined	undetermined							hsp_fragment	hsp_fragment	0.0	0.0	0.0	0.0	0.0	rnhA,sexM	rnhA,sexM		
Dichotomocladium_elegans_NRRL_2754	Mucoromycota:MAT	scaffold_178	24441-35761	24441-35761	withheld:modelled_gene_bar	withheld:modelled_gene_bar	Minus	Minus							model	model	32.0	32.0	0.0	84.2	84.2	rnhA,sexM	rnhA,sexM		
Dichotomocladium_elegans_NRRL_2754	Mucoromycota:MAT	scaffold_424	9005-9961	9005-9961	withheld:modelled_gene_bar+polish_capped	withheld:modelled_gene_bar+polish_capped	undetermined	undetermined							hsp_fragment	hsp_fragment	4.8	4.8	0.0	41.7	41.7	sexM,sexP	sexM,sexP		
Dichotomocladium_elegans_NRRL_2754	Mucoromycota:MAT	scaffold_224	32721-39263	32721-39263	withheld:modelled_gene_bar+polish_capped	withheld:modelled_gene_bar+polish_capped	undetermined	undetermined							hsp_fragment	hsp_fragment	23.0	23.0	0.0	43.0	43.0	sexM,sexP	sexM,sexP		
Dichotomocladium_elegans_NRRL_2754	Mucoromycota:MAT	scaffold_17	124007-168354	124007-168354	withheld:modelled_gene_bar+polish_capped	withheld:modelled_gene_bar+polish_capped	undetermined	undetermined							hsp_fragment	hsp_fragment	4.2	4.2	0.0	4.2	4.2	glrA,sexP	glrA,sexP		
Dichotomocladium_elegans_NRRL_2754	Mucoromycota:MAT	scaffold_121	10818-23269	10818-23269	withheld:modelled_gene_bar+polish_capped	withheld:modelled_gene_bar+polish_capped	undetermined	undetermined							hsp_fragment	hsp_fragment	0.0	0.0	0.0	0.0	0.0	algA,sexP	algA,sexP		
Dichotomocladium_elegans_NRRL_2754	Mucoromycota:MAT	scaffold_58	62236-110708	62236-110708	withheld:modelled_gene_bar+polish_capped	withheld:modelled_gene_bar+polish_capped	undetermined	undetermined							hsp_fragment	hsp_fragment	0.0	0.0	0.0	0.0	0.0	algA,sexP	algA,sexP		
Dichotomocladium_elegans_NRRL_2754	Mucoromycota:MAT	scaffold_216	4768-43582	4768-43582	withheld:modelled_gene_bar	withheld:modelled_gene_bar	undetermined	undetermined							hsp_fragment	hsp_fragment	0.0	0.0	0.0	0.0	0.0	btbA,sexM	btbA,sexM		
Dichotomocladium_elegans_NRRL_2754	Mucoromycota:MAT	scaffold_65	75319-103928	75319-103928	withheld:modelled_gene_bar+polish_capped	withheld:modelled_gene_bar+polish_capped	undetermined	undetermined							hsp_fragment	hsp_fragment	0.0	0.0	0.0	0.0	0.0	glrA,sexM	glrA,sexM		
Dichotomocladium_elegans_NRRL_2754	Mucoromycota:MAT	scaffold_187	20240-41617	20240-41617	withheld:modelled_gene_bar+polish_capped	withheld:modelled_gene_bar+polish_capped	undetermined	undetermined							hsp_fragment	hsp_fragment	0.0	0.0	0.0	0.0	0.0	glrA,sexM	glrA,sexM		
Dichotomocladium_elegans_NRRL_2754	Mucoromycota:MAT	scaffold_61	69324-97359	69324-97359	withheld:modelled_gene_bar+polish_capped	withheld:modelled_gene_bar+polish_capped	undetermined	undetermined							hsp_fragment	hsp_fragment	0.0	0.0	0.0	0.0	0.0	sexM,tptA	sexM,tptA		
Dichotomocladium_elegans_NRRL_2754	Mucoromycota:MAT	scaffold_246	21160-36024	21160-36024	withheld:modelled_gene_bar+polish_capped	withheld:modelled_gene_bar+polish_capped	undetermined	undetermined							hsp_fragment	hsp_fragment	0.0	0.0	0.0	0.0	0.0	rnhA,sexP	rnhA,sexP		
Dichotomocladium_elegans_NRRL_2754	Mucoromycota:MAT	scaffold_23	36297-65443	36297-65443	withheld:modelled_gene_bar+polish_capped	withheld:modelled_gene_bar+polish_capped	undetermined	undetermined							hsp_fragment	hsp_fragment	0.0	0.0	0.0	0.0	0.0	rnhA,sexM	rnhA,sexM		
Dichotomocladium_elegans_NRRL_2754	Mucoromycota:MAT	scaffold_180	34382-55745	34382-55745	withheld:modelled_gene_bar+polish_capped	withheld:modelled_gene_bar+polish_capped	undetermined	undetermined							hsp_fragment	hsp_fragment	0.0	0.0	0.0	0.0	0.0	btbA,sexM	btbA,sexM		
Dichotomocladium_elegans_NRRL_2754	Mucoromycota:MAT	scaffold_92	42357-63337	42357-63337	withheld:modelled_gene_bar+polish_capped	withheld:modelled_gene_bar+polish_capped	undetermined	undetermined							hsp_fragment	hsp_fragment	0.0	0.0	0.0	0.0	0.0	algA,sexM	algA,sexM		
Dichotomocladium_elegans_NRRL_2754	Mucoromycota:MAT	scaffold_93	47507-72694	47507-72694	withheld:below_fraction_floor	withheld:below_fraction_floor	Plus	Plus							model	model	136.0	136.0	0.0	179.1	179.1	rnhA,sexP	rnhA,sexP		
Dichotomocladium_elegans_NRRL_2754	Mucoromycota:MAT	scaffold_74	53613-98557	53613-98557	withheld:below_fraction_floor	withheld:below_fraction_floor	undetermined	undetermined							model	model	12.3	12.3	0.0	40.5	40.5	sexM,sexP	sexM,sexP		
Dichotomocladium_elegans_NRRL_2754	Mucoromycota:MAT	scaffold_127	20163-73121	20163-73121	withheld:below_fraction_floor	withheld:below_fraction_floor	undetermined	undetermined							hsp_fragment	hsp_fragment	0.0	0.0	0.0	0.0	0.0	rnhA,sexM	rnhA,sexM		
Dichotomocladium_elegans_NRRL_2754	Mucoromycota:MAT	scaffold_178	24441-35761	24441-35761	withheld:below_fraction_floor	withheld:below_fraction_floor	Minus	Minus							model	model	32.0	32.0	0.0	84.2	84.2	rnhA,sexM	rnhA,sexM		
Dichotomocladium_elegans_NRRL_2754	Mucoromycota:MAT	scaffold_216	4768-43582	4768-43582	withheld:below_fraction_floor	withheld:below_fraction_floor	undetermined	undetermined							hsp_fragment	hsp_fragment	0.0	0.0	0.0	0.0	0.0	btbA,sexM	btbA,sexM		
Dichotomocladium_hesseltinei_NRRL_2912T	Mucoromycota:MAT	scaffold_74	412-31264	412-31264	withheld:modelled_gene_bar	withheld:modelled_gene_bar	undetermined	undetermined							hsp_fragment	hsp_fragment	8.6	8.6	0.0	43.0	43.0	sexM,sexP,tptA	sexM,sexP,tptA		
Dichotomocladium_hesseltinei_NRRL_2912T	Mucoromycota:MAT	scaffold_45	10507-52117	10507-52117	withheld:modelled_gene_bar	withheld:modelled_gene_bar	undetermined	undetermined							hsp_fragment	hsp_fragment	0.0	0.0	0.0	0.0	0.0	rnhA,sexM,tptA	rnhA,sexM,tptA		
Dichotomocladium_hesseltinei_NRRL_2912T	Mucoromycota:MAT	scaffold_54	36604-75163	36604-75163	withheld:modelled_gene_bar	withheld:modelled_gene_bar	undetermined	undetermined							hsp_fragment	hsp_fragment	1.2	1.2	0.0	1.2	1.2	algA,rnhA,sexM	algA,rnhA,sexM		
Dichotomocladium_hesseltinei_NRRL_2912T	Mucoromycota:MAT	scaffold_113	67933-68717	67933-68717	withheld:modelled_gene_bar+polish_capped	withheld:modelled_gene_bar+polish_capped	undetermined	undetermined							hsp_fragment	hsp_fragment	2.4	2.4	0.0	42.7	42.7	sexM,sexP	sexM,sexP		
Dichotomocladium_hesseltinei_NRRL_2912T	Mucoromycota:MAT	scaffold_7	8669-9710	8669-9710	withheld:modelled_gene_bar+polish_capped	withheld:modelled_gene_bar+polish_capped	undetermined	undetermined							hsp_fragment	hsp_fragment	9.9	9.9	0.0	43.9	43.9	sexM,sexP	sexM,sexP		
Dichotomocladium_hesseltinei_NRRL_2912T	Mucoromycota:MAT	scaffold_346	2159-32953	2159-32953	withheld:modelled_gene_bar	withheld:modelled_gene_bar	undetermined	undetermined							hsp_fragment	hsp_fragment	0.0	0.0	0.0	0.0	0.0	rnhA,sexM	rnhA,sexM		
Dichotomocladium_hesseltinei_NRRL_2912T	Mucoromycota:MAT	scaffold_305	4986-31772	4986-31772	withheld:modelled_gene_bar+polish_capped	withheld:modelled_gene_bar+polish_capped	undetermined	undetermined							hsp_fragment	hsp_fragment	0.0	0.0	0.0	0.0	0.0	rnhA,sexP	rnhA,sexP		
Dichotomocladium_hesseltinei_NRRL_2912T	Mucoromycota:MAT	scaffold_143	3524-52492	3524-52492	withheld:modelled_gene_bar	withheld:modelled_gene_bar	undetermined	undetermined							hsp_fragment	hsp_fragment	0.0	0.0	0.0	0.0	0.0	rnhA,sexM	rnhA,sexM		
Dichotomocladium_hesseltinei_NRRL_2912T	Mucoromycota:MAT	scaffold_432	16622-21232	16622-21232	withheld:modelled_gene_bar	withheld:modelled_gene_bar	undetermined	undetermined							hsp_fragment	hsp_fragment	6.6	6.6	0.0	24.9	24.9	btbA,sexP	btbA,sexP		
Dichotomocladium_hesseltinei_NRRL_2912T	Mucoromycota:MAT	scaffold_41	53429-74948	53429-74948	withheld:modelled_gene_bar+polish_capped	withheld:modelled_gene_bar+polish_capped	undetermined	undetermined							hsp_fragment	hsp_fragment	0.0	0.0	0.0	0.0	0.0	algA,sexP	algA,sexP		
Dichotomocladium_hesseltinei_NRRL_2912T	Mucoromycota:MAT	scaffold_163	19528-57805	19528-57805	withheld:modelled_gene_bar+polish_capped	withheld:modelled_gene_bar+polish_capped	undetermined	undetermined							hsp_fragment	hsp_fragment	0.0	0.0	0.0	0.0	0.0	sexP,tptA	sexP,tptA		
Dichotomocladium_hesseltinei_NRRL_2912T	Mucoromycota:MAT	scaffold_208	6812-47496	6812-47496	withheld:modelled_gene_bar+polish_capped	withheld:modelled_gene_bar+polish_capped	undetermined	undetermined							hsp_fragment	hsp_fragment	0.0	0.0	0.0	0.0	0.0	rnhA,sexM	rnhA,sexM		
Dichotomocladium_hesseltinei_NRRL_2912T	Mucoromycota:MAT	scaffold_24	44320-81838	44320-81838	withheld:modelled_gene_bar+polish_capped	withheld:modelled_gene_bar+polish_capped	undetermined	undetermined							hsp_fragment	hsp_fragment	0.0	0.0	0.0	0.0	0.0	glrA,sexM	glrA,sexM		
Dichotomocladium_hesseltinei_NRRL_2912T	Mucoromycota:MAT	scaffold_407	5089-12728	5089-12728	withheld:modelled_gene_bar+polish_capped	withheld:modelled_gene_bar+polish_capped	undetermined	undetermined							hsp_fragment	hsp_fragment	0.0	0.0	0.0	0.0	0.0	glrA,sexM	glrA,sexM		
Dichotomocladium_hesseltinei_NRRL_2912T	Mucoromycota:MAT	scaffold_172	994-52390	994-52390	withheld:modelled_gene_bar+polish_capped	withheld:modelled_gene_bar+polish_capped	undetermined	undetermined							hsp_fragment	hsp_fragment	0.2	0.2	0.0	1.7	1.7	algA,sexM	algA,sexM		
Dichotomocladium_hesseltinei_NRRL_2912T	Mucoromycota:MAT	scaffold_36	22379-70566	22379-70566	withheld:modelled_gene_bar+polish_capped	withheld:modelled_gene_bar+polish_capped	undetermined	undetermined							hsp_fragment	hsp_fragment	0.0	0.0	0.0	0.0	0.0	algA,sexP	algA,sexP		
Dichotomocladium_hesseltinei_NRRL_2912T	Mucoromycota:MAT	scaffold_66	50059-58660	50059-58660	withheld:modelled_gene_bar+polish_capped	withheld:modelled_gene_bar+polish_capped	undetermined	undetermined							hsp_fragment	hsp_fragment	4.5	4.5	0.0	20.5	20.5	sexP,tptA	sexP,tptA		
Dichotomocladium_hesseltinei_NRRL_2912T	Mucoromycota:MAT	scaffold_314	12462-16925	12462-16925	withheld:modelled_gene_bar+polish_capped	withheld:modelled_gene_bar+polish_capped	undetermined	undetermined							hsp_fragment	hsp_fragment	0.0	0.0	0.0	0.0	0.0	rnhA,sexM	rnhA,sexM		
Dichotomocladium_hesseltinei_NRRL_2912T	Mucoromycota:MAT	scaffold_346	2159-32953	2159-32953	withheld:below_fraction_floor	withheld:below_fraction_floor	undetermined	undetermined							hsp_fragment	hsp_fragment	0.0	0.0	0.0	0.0	0.0	rnhA,sexM	rnhA,sexM		
Dichotomocladium_robustum_RSA_1342	Mucoromycota:MAT	scaffold_25	113522-116280	113522-116280	withheld:modelled_gene_bar	withheld:modelled_gene_bar	undetermined	undetermined							hsp_fragment	hsp_fragment	5.0	5.0	0.0	39.9	39.9	glrA,sexM,sexP	glrA,sexM,sexP		
Dichotomocladium_robustum_RSA_1342	Mucoromycota:MAT	scaffold_150	46904-48530	46904-48530	withheld:modelled_gene_bar	withheld:modelled_gene_bar	undetermined	undetermined							model	model	10.2	10.2	0.0	35.5	35.5	sexM,sexP	sexM,sexP		
Dichotomocladium_robustum_RSA_1342	Mucoromycota:MAT	scaffold_56	86614-108272	86614-108272	withheld:modelled_gene_bar	withheld:modelled_gene_bar	undetermined	undetermined							model	model	5.0	5.0	0.0	56.8	56.8	btbA,sexP	btbA,sexP		
Dichotomocladium_robustum_RSA_1342	Mucoromycota:MAT	scaffold_296	32779-33299	32779-33299	withheld:modelled_gene_bar	withheld:modelled_gene_bar	undetermined	undetermined							hsp_fragment	hsp_fragment	22.0	22.0	0.0	45.5	45.5	sexM,sexP	sexM,sexP		
Dichotomocladium_robustum_RSA_1342	Mucoromycota:MAT	scaffold_220	12740-33507	12740-33507	withheld:modelled_gene_bar	withheld:modelled_gene_bar	undetermined	undetermined							hsp_fragment	hsp_fragment	0.0	0.0	0.0	0.0	0.0	sexM,tptA	sexM,tptA		
Dichotomocladium_robustum_RSA_1342	Mucoromycota:MAT	scaffold_278	12995-23467	12995-23467	withheld:modelled_gene_bar+polish_capped	withheld:modelled_gene_bar+polish_capped	undetermined	undetermined							hsp_fragment	hsp_fragment	0.0	0.0	0.0	0.0	0.0	sexP,tptA	sexP,tptA		
Dichotomocladium_robustum_RSA_1342	Mucoromycota:MAT	scaffold_168	34545-59816	34545-59816	withheld:modelled_gene_bar	withheld:modelled_gene_bar	undetermined	undetermined							hsp_fragment	hsp_fragment	4.8	4.8	0.0	4.8	4.8	rnhA,sexM	rnhA,sexM		
Dichotomocladium_robustum_RSA_1342	Mucoromycota:MAT	scaffold_150	46904-48530	46904-48530	withheld:below_fraction_floor	withheld:below_fraction_floor	undetermined	undetermined							model	model	10.2	10.2	0.0	35.5	35.5	sexM,sexP	sexM,sexP		
Dichotomocladium_robustum_RSA_1342	Mucoromycota:MAT	scaffold_56	86614-108272	86614-108272	withheld:below_fraction_floor	withheld:below_fraction_floor	undetermined	undetermined							model	model	5.0	5.0	0.0	56.8	56.8	btbA,sexP	btbA,sexP		
Dichotomocladium_sphaerosporum_NRRL_22118	Mucoromycota:MAT	scaffold_2799	543-1615	543-1615	withheld:modelled_gene_bar	withheld:modelled_gene_bar	undetermined	undetermined							hsp_fragment	hsp_fragment	4.8	4.8	0.0	38.5	38.5	sexM,sexP	sexM,sexP		
Dichotomocladium_sphaerosporum_NRRL_22118	Mucoromycota:MAT	scaffold_1447	7905-8656	7905-8656	withheld:modelled_gene_bar	withheld:modelled_gene_bar	undetermined	undetermined							hsp_fragment	hsp_fragment	8.6	8.6	0.0	46.5	46.5	sexM,sexP	sexM,sexP		
Dichotomocladium_sphaerosporum_NRRL_22118	Mucoromycota:MAT	scaffold_729	11734-12429	11734-12429	withheld:modelled_gene_bar	withheld:modelled_gene_bar	undetermined	undetermined							model	model	9.1	9.1	0.0	58.9	58.9	sexM,sexP	sexM,sexP		
Dichotomocladium_sphaerosporum_NRRL_22118	Mucoromycota:MAT	scaffold_163	14775-15535	14775-15535	withheld:modelled_gene_bar	withheld:modelled_gene_bar	undetermined	undetermined							hsp_fragment	hsp_fragment	4.7	4.7	0.0	37.9	37.9	sexM,sexP	sexM,sexP		
Dichotomocladium_sphaerosporum_NRRL_22118	Mucoromycota:MAT	scaffold_392	1727-7149	1727-7149	withheld:modelled_gene_bar	withheld:modelled_gene_bar	undetermined	undetermined							hsp_fragment	hsp_fragment	1.9	1.9	0.0	1.9	1.9	algA,sexM	algA,sexM		
Dichotomocladium_sphaerosporum_NRRL_22118	Mucoromycota:MAT	scaffold_729	11734-12429	11734-12429	withheld:below_fraction_floor	withheld:below_fraction_floor	undetermined	undetermined							model	model	9.1	9.1	0.0	58.9	58.9	sexM,sexP	sexM,sexP		
Ellisomyces_anomalus_NRRL_2465_Plus-T	Mucoromycota:MAT	scaffold_169	731-15569	731-15569	called	called	Plus	Plus	high	high	mat_locus	mat_locus			model	model	328.3	328.3	0.0	380.2	380.2	algA,glrA,rnhA,sexP,tptA	algA,glrA,rnhA,sexP,tptA		
Ellisomyces_anomalus_NRRL_2465_Plus-T	Mucoromycota:MAT	scaffold_81	22915-88246	22915-88246	withheld:modelled_gene_bar	withheld:modelled_gene_bar	undetermined	undetermined							hsp_fragment	hsp_fragment	2.1	2.1	0.0	2.1	2.1	rnhA,sexP,tptA	rnhA,sexP,tptA		
Ellisomyces_anomalus_NRRL_2465_Plus-T	Mucoromycota:MAT	scaffold_326	3643-10068	3643-10068	withheld:modelled_gene_bar	withheld:modelled_gene_bar	undetermined	undetermined							hsp_fragment	hsp_fragment	3.3	3.3	0.0	36.1	36.1	glrA,sexM,sexP	glrA,sexM,sexP		
Ellisomyces_anomalus_NRRL_2465_Plus-T	Mucoromycota:MAT	scaffold_15	66252-128697	66252-128697	withheld:modelled_gene_bar	withheld:modelled_gene_bar	undetermined	undetermined							hsp_fragment	hsp_fragment	0.2	0.2	0.0	0.2	0.2	glrA,sexM,sexP	glrA,sexM,sexP		
Ellisomyces_anomalus_NRRL_2465_Plus-T	Mucoromycota:MAT	scaffold_105	16572-74521	16572-74521	withheld:paralog_class	withheld:paralog_class	undetermined	undetermined							model	model	11.5	11.5	0.0	73.6	73.6	rnhA,sexP,tptA	rnhA,sexP,tptA		
Ellisomyces_anomalus_NRRL_2465_Plus-T	Mucoromycota:MAT	scaffold_17	56410-73669	56410-73669	withheld:below_fraction_floor	withheld:below_fraction_floor	undetermined	undetermined							hsp_fragment	hsp_fragment	1.3	1.3	0.0	1.3	1.3	btbA,sexM	btbA,sexM		
Ellisomyces_anomalus_RSA_581-	Mucoromycota:MAT	scaffold_193	731-15570	731-15570	called	called	Plus	Plus	high	high	mat_locus	mat_locus			model	model	328.3	328.3	0.0	380.2	380.2	algA,glrA,rnhA,sexP,tptA	algA,glrA,rnhA,sexP,tptA		
Ellisomyces_anomalus_RSA_581-	Mucoromycota:MAT	scaffold_92	22960-88159	22960-88159	withheld:modelled_gene_bar	withheld:modelled_gene_bar	undetermined	undetermined							hsp_fragment	hsp_fragment	2.1	2.1	0.0	2.1	2.1	rnhA,sexP,tptA	rnhA,sexP,tptA		
Ellisomyces_anomalus_RSA_581-	Mucoromycota:MAT	scaffold_124	23608-30024	23608-30024	withheld:modelled_gene_bar	withheld:modelled_gene_bar	undetermined	undetermined							hsp_fragment	hsp_fragment	3.3	3.3	0.0	36.1	36.1	glrA,sexM,sexP	glrA,sexM,sexP		
Ellisomyces_anomalus_RSA_581-	Mucoromycota:MAT	scaffold_113	16532-74493	16532-74493	withheld:paralog_class	withheld:paralog_class	undetermined	undetermined							model	model	11.5	11.5	0.0	73.6	73.6	rnhA,sexP,tptA	rnhA,sexP,tptA		
Fennellomyces_heterothallicus_RSA_2348	Mucoromycota:MAT	scaffold_283	21005-30601	21005-30601	called	called	Minus	Minus	medium	medium	partial_locus	partial_locus			model	model	80.1	80.1	0.0	156.6	156.6	rnhA,sexM	rnhA,sexM		
Fennellomyces_heterothallicus_RSA_2348	Mucoromycota:MAT	scaffold_143	55242-63126	55242-63126	withheld:modelled_gene_bar	withheld:modelled_gene_bar	undetermined	undetermined														algA,rnhA,tptA	algA,rnhA,tptA		
Fennellomyces_heterothallicus_RSA_2348	Mucoromycota:MAT	scaffold_132	13577-89961	13577-89961	withheld:modelled_gene_bar	withheld:modelled_gene_bar	undetermined	undetermined							hsp_fragment	hsp_fragment	0.0	0.0	0.0	0.0	0.0	glrA,rnhA,sexP,tptA	glrA,rnhA,sexP,tptA		
Fennellomyces_heterothallicus_RSA_2348	Mucoromycota:MAT	scaffold_135	11163-65512	11163-65512	withheld:modelled_gene_bar	withheld:modelled_gene_bar	undetermined	undetermined							hsp_fragment	hsp_fragment	0.0	0.0	0.0	0.0	0.0	glrA,rnhA,sexP	glrA,rnhA,sexP		
Fennellomyces_heterothallicus_RSA_2348	Mucoromycota:MAT	scaffold_75	106804-108124	106804-108124	withheld:modelled_gene_bar+polish_capped	withheld:modelled_gene_bar+polish_capped	undetermined	undetermined							hsp_fragment	hsp_fragment	0.1	0.1	0.0	34.8	34.8	sexM,sexP	sexM,sexP		
Fennellomyces_heterothallicus_RSA_2348	Mucoromycota:MAT	scaffold_47	101360-102073	101360-102073	withheld:modelled_gene_bar+polish_capped	withheld:modelled_gene_bar+polish_capped	undetermined	undetermined							hsp_fragment	hsp_fragment	6.7	6.7	0.0	61.9	61.9	sexM,sexP	sexM,sexP		
Fennellomyces_heterothallicus_RSA_2348	Mucoromycota:MAT	scaffold_394	15631-18818	15631-18818	withheld:modelled_gene_bar+polish_capped	withheld:modelled_gene_bar+polish_capped	undetermined	undetermined							hsp_fragment	hsp_fragment	0.0	0.0	0.0	0.0	0.0	sexM,sexP	sexM,sexP		
Fennellomyces_heterothallicus_RSA_2348	Mucoromycota:MAT	scaffold_27	17826-20557	17826-20557	withheld:modelled_gene_bar	withheld:modelled_gene_bar	undetermined	undetermined							model	model	19.7	19.7	0.0	79.8	79.8	sexP,tptA	sexP,tptA		
Fennellomyces_heterothallicus_RSA_2348	Mucoromycota:MAT	scaffold_137	24150-73313	24150-73313	withheld:modelled_gene_bar+polish_capped	withheld:modelled_gene_bar+polish_capped	undetermined	undetermined							hsp_fragment	hsp_fragment	8.9	8.9	0.0	23.6	23.6	rnhA,sexM	rnhA,sexM		
Fennellomyces_heterothallicus_RSA_2348	Mucoromycota:MAT	scaffold_250	35368-35771	35368-35771	withheld:modelled_gene_bar	withheld:modelled_gene_bar	undetermined	undetermined							model	model	11.3	11.3	0.0	61.1	61.1	sexM,sexP	sexM,sexP		
Fennellomyces_heterothallicus_RSA_2348	Mucoromycota:MAT	scaffold_308	21236-21985	21236-21985	withheld:modelled_gene_bar+polish_capped	withheld:modelled_gene_bar+polish_capped	undetermined	undetermined							hsp_fragment	hsp_fragment	4.3	4.3	0.0	42.2	42.2	sexM,sexP	sexM,sexP		
Fennellomyces_heterothallicus_RSA_2348	Mucoromycota:MAT	scaffold_6	59803-75769	59803-75769	withheld:modelled_gene_bar	withheld:modelled_gene_bar	undetermined	undetermined							hsp_fragment	hsp_fragment	13.7	13.7	0.0	33.9	33.9	rnhA,sexM	rnhA,sexM		
Fennellomyces_heterothallicus_RSA_2348	Mucoromycota:MAT	scaffold_2	270180-301370	270180-301370	withheld:modelled_gene_bar+polish_capped	withheld:modelled_gene_bar+polish_capped	undetermined	undetermined							hsp_fragment	hsp_fragment	0.0	0.0	0.0	0.0	0.0	sexP,tptA	sexP,tptA		
Fennellomyces_heterothallicus_RSA_2348	Mucoromycota:MAT	scaffold_66	25414-56721	25414-56721	withheld:modelled_gene_bar+polish_capped	withheld:modelled_gene_bar+polish_capped	undetermined	undetermined							hsp_fragment	hsp_fragment	0.0	0.0	0.0	0.0	0.0	algA,sexP	algA,sexP		
Fennellomyces_heterothallicus_RSA_2348	Mucoromycota:MAT	scaffold_161	39599-55412	39599-55412	withheld:modelled_gene_bar+polish_capped	withheld:modelled_gene_bar+polish_capped	undetermined	undetermined							hsp_fragment	hsp_fragment	0.2	0.2	0.0	0.2	0.2	rnhA,sexM	rnhA,sexM		
Fennellomyces_heterothallicus_RSA_2348	Mucoromycota:MAT	scaffold_59	98203-115620	98203-115620	withheld:modelled_gene_bar+polish_capped	withheld:modelled_gene_bar+polish_capped	undetermined	undetermined							hsp_fragment	hsp_fragment	0.0	0.0	0.0	0.0	0.0	rnhA,sexP	rnhA,sexP		
Fennellomyces_heterothallicus_RSA_2348	Mucoromycota:MAT	scaffold_201	23150-36726	23150-36726	withheld:modelled_gene_bar+polish_capped	withheld:modelled_gene_bar+polish_capped	undetermined	undetermined							hsp_fragment	hsp_fragment	0.0	0.0	0.0	0.0	0.0	rnhA,sexP	rnhA,sexP		
Fennellomyces_heterothallicus_RSA_2348	Mucoromycota:MAT	scaffold_3	105561-112613	105561-112613	withheld:modelled_gene_bar+polish_capped	withheld:modelled_gene_bar+polish_capped	undetermined	undetermined							hsp_fragment	hsp_fragment	0.5	0.5	0.0	0.5	0.5	algA,sexP	algA,sexP		
Fennellomyces_heterothallicus_RSA_2348	Mucoromycota:MAT	scaffold_250	35368-35771	35368-35771	withheld:below_fraction_floor	withheld:below_fraction_floor	undetermined	undetermined							model	model	11.3	11.3	0.0	61.1	61.1	sexM,sexP	sexM,sexP		
Fennellomyces_linderi_NRRL_2342	Mucoromycota:MAT	scaffold_195	48890-59688	48890-59688	called	called	Minus	Minus	medium	medium	partial_locus	partial_locus			model	model	77.6	77.6	0.0	147.0	147.0	rnhA,sexM	rnhA,sexM		
Fennellomyces_linderi_NRRL_2342	Mucoromycota:MAT	scaffold_214	35020-42758	35020-42758	withheld:modelled_gene_bar	withheld:modelled_gene_bar	undetermined	undetermined														algA,rnhA,tptA	algA,rnhA,tptA		
Fennellomyces_linderi_NRRL_2342	Mucoromycota:MAT	scaffold_16	191188-205418	191188-205418	withheld:modelled_gene_bar	withheld:modelled_gene_bar	undetermined	undetermined							hsp_fragment	hsp_fragment	0.0	0.0	0.0	0.0	0.0	glrA,rnhA,sexP	glrA,rnhA,sexP		
Fennellomyces_linderi_NRRL_2342	Mucoromycota:MAT	scaffold_122	48039-56312	48039-56312	withheld:modelled_gene_bar	withheld:modelled_gene_bar	undetermined	undetermined							hsp_fragment	hsp_fragment	0.4	0.4	0.0	36.9	36.9	sexM,sexP,tptA	sexM,sexP,tptA		
Fennellomyces_linderi_NRRL_2342	Mucoromycota:MAT	scaffold_33	20774-21487	20774-21487	withheld:modelled_gene_bar	withheld:modelled_gene_bar	undetermined	undetermined							model	model	6.9	6.9	0.0	61.9	61.9	sexM,sexP	sexM,sexP		
Fennellomyces_linderi_NRRL_2342	Mucoromycota:MAT	scaffold_286	20024-21376	20024-21376	withheld:modelled_gene_bar	withheld:modelled_gene_bar	undetermined	undetermined							hsp_fragment	hsp_fragment	2.2	2.2	0.0	34.4	34.4	sexM,sexP	sexM,sexP		
Fennellomyces_linderi_NRRL_2342	Mucoromycota:MAT	scaffold_169	57337-57857	57337-57857	withheld:modelled_gene_bar+polish_capped	withheld:modelled_gene_bar+polish_capped	undetermined	undetermined							hsp_fragment	hsp_fragment	14.1	14.1	0.0	55.8	55.8	sexM,sexP	sexM,sexP		
Fennellomyces_linderi_NRRL_2342	Mucoromycota:MAT	scaffold_196	1919-47166	1919-47166	withheld:modelled_gene_bar+polish_capped	withheld:modelled_gene_bar+polish_capped	undetermined	undetermined							hsp_fragment	hsp_fragment	0.0	0.0	0.0	0.0	0.0	glrA,sexP	glrA,sexP		
Fennellomyces_linderi_NRRL_2342	Mucoromycota:MAT	scaffold_365	6520-22586	6520-22586	withheld:modelled_gene_bar+polish_capped	withheld:modelled_gene_bar+polish_capped	undetermined	undetermined							hsp_fragment	hsp_fragment	0.0	0.0	0.0	0.0	0.0	rnhA,sexP	rnhA,sexP		
Fennellomyces_linderi_NRRL_2342	Mucoromycota:MAT	scaffold_89	16739-32751	16739-32751	withheld:modelled_gene_bar+polish_capped	withheld:modelled_gene_bar+polish_capped	undetermined	undetermined							hsp_fragment	hsp_fragment	10.9	10.9	0.0	23.4	23.4	rnhA,sexP	rnhA,sexP		
Fennellomyces_linderi_NRRL_2342	Mucoromycota:MAT	scaffold_147	27662-34569	27662-34569	withheld:modelled_gene_bar+polish_capped	withheld:modelled_gene_bar+polish_capped	undetermined	undetermined							hsp_fragment	hsp_fragment	0.0	0.0	0.0	0.0	0.0	algA,sexM	algA,sexM		
Fennellomyces_linderi_NRRL_2342	Mucoromycota:MAT	scaffold_101	2282-14005	2282-14005	withheld:modelled_gene_bar+polish_capped	withheld:modelled_gene_bar+polish_capped	undetermined	undetermined							hsp_fragment	hsp_fragment	0.0	0.0	0.0	0.0	0.0	glrA,sexM	glrA,sexM		
Fennellomyces_linderi_NRRL_2342	Mucoromycota:MAT	scaffold_155	15733-64828	15733-64828	withheld:modelled_gene_bar	withheld:modelled_gene_bar	undetermined	undetermined							hsp_fragment	hsp_fragment	0.6	0.6	0.0	1.1	1.1	btbA,sexM,sexP	btbA,sexM,sexP		
Fennellomyces_linderi_NRRL_2342	Mucoromycota:MAT	scaffold_123	5390-5807	5390-5807	withheld:modelled_gene_bar+polish_capped	withheld:modelled_gene_bar+polish_capped	undetermined	undetermined							hsp_fragment	hsp_fragment	0.0	0.0	0.0	0.0	0.0	algA,sexM	algA,sexM		
Fennellomyces_linderi_NRRL_2342	Mucoromycota:MAT	scaffold_33	20774-21487	20774-21487	withheld:below_fraction_floor	withheld:below_fraction_floor	undetermined	undetermined							model	model	6.9	6.9	0.0	61.9	61.9	sexM,sexP	sexM,sexP		
Fennellomyces_linderi_NRRL_2342T	Mucoromycota:MAT	scaffold_227	271-11069	271-11069	called	called	Minus	Minus	medium	medium	partial_locus	partial_locus			model	model	77.6	77.6	0.0	147.0	147.0	rnhA,sexM	rnhA,sexM		
Fennellomyces_linderi_NRRL_2342T	Mucoromycota:MAT	scaffold_229	13542-21280	13542-21280	withheld:modelled_gene_bar	withheld:modelled_gene_bar	undetermined	undetermined														algA,rnhA,tptA	algA,rnhA,tptA		
Fennellomyces_linderi_NRRL_2342T	Mucoromycota:MAT	scaffold_8	190005-204235	190005-204235	withheld:modelled_gene_bar	withheld:modelled_gene_bar	undetermined	undetermined							hsp_fragment	hsp_fragment	0.0	0.0	0.0	0.0	0.0	glrA,rnhA,sexP	glrA,rnhA,sexP		
Fennellomyces_linderi_NRRL_2342T	Mucoromycota:MAT	scaffold_231	9702-17975	9702-17975	withheld:modelled_gene_bar	withheld:modelled_gene_bar	undetermined	undetermined							hsp_fragment	hsp_fragment	0.4	0.4	0.0	36.9	36.9	sexM,sexP,tptA	sexM,sexP,tptA		
Fennellomyces_linderi_NRRL_2342T	Mucoromycota:MAT	scaffold_23	178836-179549	178836-179549	withheld:modelled_gene_bar+polish_capped	withheld:modelled_gene_bar+polish_capped	undetermined	undetermined							hsp_fragment	hsp_fragment	7.5	7.5	0.0	62.9	62.9	sexM,sexP	sexM,sexP		
Fennellomyces_linderi_NRRL_2342T	Mucoromycota:MAT	scaffold_313	19191-20543	19191-20543	withheld:modelled_gene_bar	withheld:modelled_gene_bar	undetermined	undetermined							hsp_fragment	hsp_fragment	2.2	2.2	0.0	34.4	34.4	sexM,sexP	sexM,sexP		
Fennellomyces_linderi_NRRL_2342T	Mucoromycota:MAT	scaffold_152	15948-24852	15948-24852	withheld:modelled_gene_bar	withheld:modelled_gene_bar	undetermined	undetermined							hsp_fragment	hsp_fragment	0.0	0.0	0.0	0.0	0.0	rnhA,sexP	rnhA,sexP		
Fennellomyces_linderi_NRRL_2342T	Mucoromycota:MAT	scaffold_177	11468-11988	11468-11988	withheld:modelled_gene_bar+polish_capped	withheld:modelled_gene_bar+polish_capped	undetermined	undetermined							hsp_fragment	hsp_fragment	14.1	14.1	0.0	55.8	55.8	sexM,sexP	sexM,sexP		
Fennellomyces_linderi_NRRL_2342T	Mucoromycota:MAT	scaffold_212	12800-58047	12800-58047	withheld:modelled_gene_bar+polish_capped	withheld:modelled_gene_bar+polish_capped	undetermined	undetermined							hsp_fragment	hsp_fragment	0.0	0.0	0.0	0.0	0.0	glrA,sexP	glrA,sexP		
Fennellomyces_linderi_NRRL_2342T	Mucoromycota:MAT	scaffold_403	6520-22586	6520-22586	withheld:modelled_gene_bar+polish_capped	withheld:modelled_gene_bar+polish_capped	undetermined	undetermined							hsp_fragment	hsp_fragment	0.0	0.0	0.0	0.0	0.0	rnhA,sexP	rnhA,sexP		
Fennellomyces_linderi_NRRL_2342T	Mucoromycota:MAT	scaffold_82	16740-32752	16740-32752	withheld:modelled_gene_bar+polish_capped	withheld:modelled_gene_bar+polish_capped	undetermined	undetermined							hsp_fragment	hsp_fragment	10.9	10.9	0.0	23.4	23.4	rnhA,sexP	rnhA,sexP		
Fennellomyces_linderi_NRRL_2342T	Mucoromycota:MAT	scaffold_151	45735-52642	45735-52642	withheld:modelled_gene_bar+polish_capped	withheld:modelled_gene_bar+polish_capped	undetermined	undetermined							hsp_fragment	hsp_fragment	0.0	0.0	0.0	0.0	0.0	algA,sexM	algA,sexM		
Fennellomyces_linderi_NRRL_2342T	Mucoromycota:MAT	scaffold_309	11573-26699	11573-26699	withheld:modelled_gene_bar	withheld:modelled_gene_bar	undetermined	undetermined							hsp_fragment	hsp_fragment	0.6	0.6	0.0	1.1	1.1	sexM,sexP	sexM,sexP		
Fennellomyces_linderi_NRRL_2342T	Mucoromycota:MAT	scaffold_149	75142-75559	75142-75559	withheld:modelled_gene_bar+polish_capped	withheld:modelled_gene_bar+polish_capped	undetermined	undetermined							hsp_fragment	hsp_fragment	0.0	0.0	0.0	0.0	0.0	algA,sexM	algA,sexM		
Fennellomyces_mexicanus_sp._nov._RSA_1415_Plus	Mucoromycota:MAT	scaffold_30	94358-127357	94358-127357	withheld:modelled_gene_bar	withheld:modelled_gene_bar	undetermined	undetermined							hsp_fragment	hsp_fragment	1.5	1.5	0.0	33.8	33.8	glrA,sexM,sexP	glrA,sexM,sexP		
Fennellomyces_mexicanus_sp._nov._RSA_1415_Plus	Mucoromycota:MAT	scaffold_33	116198-124194	116198-124194	withheld:flank_carried_core_outside_flank_span	withheld:flank_carried_core_outside_flank_span	undetermined	undetermined							hsp_fragment	hsp_fragment	0.0	0.0	0.0	0.0	0.0	algA,rnhA,sexM,tptA	algA,rnhA,sexM,tptA		
Fennellomyces_mexicanus_sp._nov._RSA_1415_Plus	Mucoromycota:MAT	scaffold_164	8295-8957	8295-8957	withheld:modelled_gene_bar	withheld:modelled_gene_bar	undetermined	undetermined							model	model	7.2	7.2	0.0	62.3	62.3	sexM,sexP	sexM,sexP		
Fennellomyces_mexicanus_sp._nov._RSA_1415_Plus	Mucoromycota:MAT	scaffold_185	50901-61907	50901-61907	withheld:modelled_gene_bar	withheld:modelled_gene_bar	Plus	Plus							hsp_fragment	hsp_fragment	63.8	63.8	0.0	96.4	96.4	rnhA,sexP	rnhA,sexP		
Fennellomyces_mexicanus_sp._nov._RSA_1415_Plus	Mucoromycota:MAT	scaffold_113	39474-51143	39474-51143	withheld:modelled_gene_bar	withheld:modelled_gene_bar	undetermined	undetermined							model	model	12.2	12.2	0.0	61.9	61.9	sexM,tptA	sexM,tptA		
Fennellomyces_mexicanus_sp._nov._RSA_1415_Plus	Mucoromycota:MAT	scaffold_190	17144-55451	17144-55451	withheld:modelled_gene_bar+polish_capped	withheld:modelled_gene_bar+polish_capped	undetermined	undetermined							hsp_fragment	hsp_fragment	0.0	0.0	0.0	0.0	0.0	glrA,sexP	glrA,sexP		
Fennellomyces_mexicanus_sp._nov._RSA_1415_Plus	Mucoromycota:MAT	scaffold_202	12760-48739	12760-48739	withheld:modelled_gene_bar+polish_capped	withheld:modelled_gene_bar+polish_capped	undetermined	undetermined							hsp_fragment	hsp_fragment	0.0	0.0	0.0	0.0	0.0	sexM,sexP	sexM,sexP		
Fennellomyces_mexicanus_sp._nov._RSA_1415_Plus	Mucoromycota:MAT	scaffold_27	107664-131310	107664-131310	withheld:modelled_gene_bar+polish_capped	withheld:modelled_gene_bar+polish_capped	undetermined	undetermined							hsp_fragment	hsp_fragment	0.0	0.0	0.0	0.0	0.0	glrA,sexM	glrA,sexM		
Fennellomyces_mexicanus_sp._nov._RSA_1415_Plus	Mucoromycota:MAT	scaffold_44	70269-76692	70269-76692	withheld:modelled_gene_bar+polish_capped	withheld:modelled_gene_bar+polish_capped	undetermined	undetermined							hsp_fragment	hsp_fragment	0.0	0.0	0.0	0.0	0.0	glrA,sexP	glrA,sexP		
Fennellomyces_mexicanus_sp._nov._RSA_1415_Plus	Mucoromycota:MAT	scaffold_173	41070-57014	41070-57014	withheld:modelled_gene_bar+polish_capped	withheld:modelled_gene_bar+polish_capped	undetermined	undetermined							hsp_fragment	hsp_fragment	9.3	9.3	0.0	22.7	22.7	rnhA,sexP	rnhA,sexP		
Fennellomyces_mexicanus_sp._nov._RSA_1415_Plus	Mucoromycota:MAT	scaffold_23	71640-117414	71640-117414	withheld:modelled_gene_bar	withheld:modelled_gene_bar	undetermined	undetermined							hsp_fragment	hsp_fragment	5.9	5.9	0.0	5.9	5.9	rnhA,sexM	rnhA,sexM		
Fennellomyces_mexicanus_sp._nov._RSA_1415_Plus	Mucoromycota:MAT	scaffold_392	7269-10076	7269-10076	withheld:modelled_gene_bar+polish_capped	withheld:modelled_gene_bar+polish_capped	undetermined	undetermined							hsp_fragment	hsp_fragment	0.0	0.0	0.0	0.0	0.0	btbA,sexP	btbA,sexP		
Fennellomyces_mexicanus_sp._nov._RSA_1415_Plus	Mucoromycota:MAT	scaffold_164	8295-8957	8295-8957	withheld:below_fraction_floor	withheld:below_fraction_floor	undetermined	undetermined							model	model	7.2	7.2	0.0	62.3	62.3	sexM,sexP	sexM,sexP		
Fennellomyces_mexicanus_sp._nov._RSA_1415_Plus	Mucoromycota:MAT	scaffold_185	50901-61907	50901-61907	withheld:below_fraction_floor	withheld:below_fraction_floor	Plus	Plus							hsp_fragment	hsp_fragment	63.8	63.8	0.0	96.4	96.4	rnhA,sexP	rnhA,sexP		
Fennellomyces_mexicanus_sp._nov._RSA_1415_Plus	Mucoromycota:MAT	scaffold_113	39474-51143	39474-51143	withheld:below_fraction_floor	withheld:below_fraction_floor	undetermined	undetermined							model	model	12.2	12.2	0.0	61.9	61.9	sexM,tptA	sexM,tptA		
Fennellomyces_mexicanus_sp._nov._RSA_1418-	Mucoromycota:MAT	scaffold_143	60988-71282	60988-71282	called	called	Minus	Minus	medium	medium	partial_locus	partial_locus			model	model	81.6	81.6	0.0	152.3	152.3	rnhA,sexM	rnhA,sexM		
Fennellomyces_mexicanus_sp._nov._RSA_1418-	Mucoromycota:MAT	scaffold_20	9417-17904	9417-17904	withheld:modelled_gene_bar	withheld:modelled_gene_bar	undetermined	undetermined							hsp_fragment	hsp_fragment	1.5	1.5	0.0	33.8	33.8	glrA,sexM,sexP	glrA,sexM,sexP		
Fennellomyces_mexicanus_sp._nov._RSA_1418-	Mucoromycota:MAT	scaffold_9	18332-26334	18332-26334	withheld:flank_carried_core_outside_flank_span	withheld:flank_carried_core_outside_flank_span	undetermined	undetermined							hsp_fragment	hsp_fragment	0.0	0.0	0.0	0.0	0.0	algA,rnhA,sexM,tptA	algA,rnhA,sexM,tptA		
Fennellomyces_mexicanus_sp._nov._RSA_1418-	Mucoromycota:MAT	scaffold_88	41566-42228	41566-42228	withheld:modelled_gene_bar	withheld:modelled_gene_bar	undetermined	undetermined							model	model	7.2	7.2	0.0	62.3	62.3	sexM,sexP	sexM,sexP		
Fennellomyces_mexicanus_sp._nov._RSA_1418-	Mucoromycota:MAT	scaffold_128	21143-59099	21143-59099	withheld:modelled_gene_bar	withheld:modelled_gene_bar	undetermined	undetermined							hsp_fragment	hsp_fragment	0.0	0.0	0.0	0.0	0.0	glrA,sexP	glrA,sexP		
Fennellomyces_mexicanus_sp._nov._RSA_1418-	Mucoromycota:MAT	scaffold_248	1067-36964	1067-36964	withheld:modelled_gene_bar+polish_capped	withheld:modelled_gene_bar+polish_capped	undetermined	undetermined							hsp_fragment	hsp_fragment	0.0	0.0	0.0	0.0	0.0	sexM,sexP	sexM,sexP		
Fennellomyces_mexicanus_sp._nov._RSA_1418-	Mucoromycota:MAT	scaffold_101	9102-15534	9102-15534	withheld:modelled_gene_bar	withheld:modelled_gene_bar	undetermined	undetermined							hsp_fragment	hsp_fragment	0.0	0.0	0.0	0.0	0.0	glrA,sexP	glrA,sexP		
Fennellomyces_mexicanus_sp._nov._RSA_1418-	Mucoromycota:MAT	scaffold_102	35780-51726	35780-51726	withheld:modelled_gene_bar+polish_capped	withheld:modelled_gene_bar+polish_capped	undetermined	undetermined							hsp_fragment	hsp_fragment	9.3	9.3	0.0	22.7	22.7	rnhA,sexP	rnhA,sexP		
Fennellomyces_mexicanus_sp._nov._RSA_1418-	Mucoromycota:MAT	scaffold_113	27346-68013	27346-68013	withheld:modelled_gene_bar+polish_capped	withheld:modelled_gene_bar+polish_capped	undetermined	undetermined							hsp_fragment	hsp_fragment	4.6	4.6	0.0	22.1	22.1	sexP,tptA	sexP,tptA		
Fennellomyces_mexicanus_sp._nov._RSA_1418-	Mucoromycota:MAT	scaffold_435	7989-10806	7989-10806	withheld:modelled_gene_bar+polish_capped	withheld:modelled_gene_bar+polish_capped	undetermined	undetermined							hsp_fragment	hsp_fragment	0.0	0.0	0.0	0.0	0.0	btbA,sexP	btbA,sexP		
Fennellomyces_mexicanus_sp._nov._RSA_1418-	Mucoromycota:MAT	scaffold_88	41566-42228	41566-42228	withheld:below_fraction_floor	withheld:below_fraction_floor	undetermined	undetermined							model	model	7.2	7.2	0.0	62.3	62.3	sexM,sexP	sexM,sexP		
Fennellomyces_verticellatus_RSA_2442_Plus	Mucoromycota:MAT	scaffold_26	153005-163006	153005-163006	called	withheld:mat_gene_gate	undetermined	undetermined	medium		partial_locus				model	model	15.4	15.4	0.0	44.2	44.2	rnhA,sexP	rnhA,sexP	no_gene_evidence_in_candidate	call_lost
Fennellomyces_verticellatus_RSA_2442_Plus	Mucoromycota:MAT	scaffold_133	18698-26581	18698-26581	withheld:modelled_gene_bar	withheld:modelled_gene_bar	undetermined	undetermined														algA,rnhA,tptA	algA,rnhA,tptA		
Fennellomyces_verticellatus_RSA_2442_Plus	Mucoromycota:MAT	scaffold_119	13599-89992	13599-89992	withheld:modelled_gene_bar	withheld:modelled_gene_bar	undetermined	undetermined							hsp_fragment	hsp_fragment	0.0	0.0	0.0	0.0	0.0	glrA,rnhA,sexP,tptA	glrA,rnhA,sexP,tptA		
Fennellomyces_verticellatus_RSA_2442_Plus	Mucoromycota:MAT	scaffold_241	19603-20923	19603-20923	withheld:modelled_gene_bar+polish_capped	withheld:modelled_gene_bar+polish_capped	undetermined	undetermined							hsp_fragment	hsp_fragment	0.1	0.1	0.0	34.8	34.8	sexM,sexP	sexM,sexP		
Fennellomyces_verticellatus_RSA_2442_Plus	Mucoromycota:MAT	scaffold_3	244433-245146	244433-245146	withheld:modelled_gene_bar+polish_capped	withheld:modelled_gene_bar+polish_capped	undetermined	undetermined							hsp_fragment	hsp_fragment	6.7	6.7	0.0	61.9	61.9	sexM,sexP	sexM,sexP		
Fennellomyces_verticellatus_RSA_2442_Plus	Mucoromycota:MAT	scaffold_403	3744-6931	3744-6931	withheld:modelled_gene_bar+polish_capped	withheld:modelled_gene_bar+polish_capped	undetermined	undetermined							hsp_fragment	hsp_fragment	0.0	0.0	0.0	0.0	0.0	sexM,sexP	sexM,sexP		
Fennellomyces_verticellatus_RSA_2442_Plus	Mucoromycota:MAT	scaffold_206	42039-44770	42039-44770	withheld:modelled_gene_bar	withheld:modelled_gene_bar	undetermined	undetermined							model	model	19.7	19.7	0.0	79.8	79.8	sexP,tptA	sexP,tptA		
Fennellomyces_verticellatus_RSA_2442_Plus	Mucoromycota:MAT	scaffold_42	71942-112655	71942-112655	withheld:modelled_gene_bar+polish_capped	withheld:modelled_gene_bar+polish_capped	undetermined	undetermined							hsp_fragment	hsp_fragment	0.0	0.0	0.0	0.0	0.0	rnhA,sexP	rnhA,sexP		
Fennellomyces_verticellatus_RSA_2442_Plus	Mucoromycota:MAT	scaffold_124	15204-64359	15204-64359	withheld:modelled_gene_bar+polish_capped	withheld:modelled_gene_bar+polish_capped	undetermined	undetermined							hsp_fragment	hsp_fragment	8.9	8.9	0.0	23.6	23.6	rnhA,sexM	rnhA,sexM		
Fennellomyces_verticellatus_RSA_2442_Plus	Mucoromycota:MAT	scaffold_100	15982-16385	15982-16385	withheld:modelled_gene_bar	withheld:modelled_gene_bar	undetermined	undetermined							model	model	11.3	11.3	0.0	61.1	61.1	sexM,sexP	sexM,sexP		
Fennellomyces_verticellatus_RSA_2442_Plus	Mucoromycota:MAT	scaffold_37	22-32028	22-32028	withheld:modelled_gene_bar+polish_capped	withheld:modelled_gene_bar+polish_capped	undetermined	undetermined							hsp_fragment	hsp_fragment	24.3	24.3	0.0	38.4	38.4	algA,sexM	algA,sexM		
Fennellomyces_verticellatus_RSA_2442_Plus	Mucoromycota:MAT	scaffold_319	15449-16198	15449-16198	withheld:modelled_gene_bar+polish_capped	withheld:modelled_gene_bar+polish_capped	undetermined	undetermined							hsp_fragment	hsp_fragment	4.3	4.3	0.0	42.2	42.2	sexM,sexP	sexM,sexP		
Fennellomyces_verticellatus_RSA_2442_Plus	Mucoromycota:MAT	scaffold_8	59804-75770	59804-75770	withheld:modelled_gene_bar	withheld:modelled_gene_bar	undetermined	undetermined							hsp_fragment	hsp_fragment	13.7	13.7	0.0	33.9	33.9	rnhA,sexM	rnhA,sexM		
Fennellomyces_verticellatus_RSA_2442_Plus	Mucoromycota:MAT	scaffold_2	269118-300317	269118-300317	withheld:modelled_gene_bar+polish_capped	withheld:modelled_gene_bar+polish_capped	undetermined	undetermined							hsp_fragment	hsp_fragment	0.0	0.0	0.0	0.0	0.0	sexP,tptA	sexP,tptA		
Fennellomyces_verticellatus_RSA_2442_Plus	Mucoromycota:MAT	scaffold_330	24369-32628	24369-32628	withheld:modelled_gene_bar+polish_capped	withheld:modelled_gene_bar+polish_capped	undetermined	undetermined							hsp_fragment	hsp_fragment	0.0	0.0	0.0	0.0	0.0	rnhA,sexP	rnhA,sexP		
Fennellomyces_verticellatus_RSA_2442_Plus	Mucoromycota:MAT	scaffold_64	25414-56717	25414-56717	withheld:modelled_gene_bar+polish_capped	withheld:modelled_gene_bar+polish_capped	undetermined	undetermined							hsp_fragment	hsp_fragment	0.0	0.0	0.0	0.0	0.0	algA,sexP	algA,sexP		
Fennellomyces_verticellatus_RSA_2442_Plus	Mucoromycota:MAT	scaffold_152	39602-55415	39602-55415	withheld:modelled_gene_bar+polish_capped	withheld:modelled_gene_bar+polish_capped	undetermined	undetermined							hsp_fragment	hsp_fragment	0.2	0.2	0.0	0.2	0.2	rnhA,sexM	rnhA,sexM		
Fennellomyces_verticellatus_RSA_2442_Plus	Mucoromycota:MAT	scaffold_92	23926-41320	23926-41320	withheld:modelled_gene_bar	withheld:modelled_gene_bar	undetermined	undetermined							hsp_fragment	hsp_fragment	0.0	0.0	0.0	0.0	0.0	rnhA,sexP	rnhA,sexP		
Fennellomyces_verticellatus_RSA_2442_Plus	Mucoromycota:MAT	scaffold_194	23145-36721	23145-36721	withheld:modelled_gene_bar+polish_capped	withheld:modelled_gene_bar+polish_capped	undetermined	undetermined							hsp_fragment	hsp_fragment	0.0	0.0	0.0	0.0	0.0	rnhA,sexP	rnhA,sexP		
Fennellomyces_verticellatus_RSA_2442_Plus	Mucoromycota:MAT	scaffold_21	9523-16575	9523-16575	withheld:modelled_gene_bar+polish_capped	withheld:modelled_gene_bar+polish_capped	undetermined	undetermined							hsp_fragment	hsp_fragment	0.5	0.5	0.0	0.5	0.5	algA,sexP	algA,sexP		
Fennellomyces_verticellatus_RSA_2442_Plus	Mucoromycota:MAT	scaffold_100	15982-16385	15982-16385	withheld:below_fraction_floor	withheld:below_fraction_floor	undetermined	undetermined							model	model	11.3	11.3	0.0	61.1	61.1	sexM,sexP	sexM,sexP		
Fennellomyces_verticellatus_RSA_2442_Plus	Mucoromycota:MAT	scaffold_26		153005-163006	absent	withheld:below_fraction_floor		undetermined								model		15.4			44.2		rnhA,sexP		withheld_reason_changed
Fennellomyces_verticellatus_RSA_2446	Mucoromycota:MAT	scaffold_287	20443-30444	20443-30444	called	withheld:mat_gene_gate	undetermined	undetermined	medium		partial_locus				model	model	15.4	15.4	0.0	44.2	44.2	rnhA,sexP	rnhA,sexP	no_gene_evidence_in_candidate	call_lost
Fennellomyces_verticellatus_RSA_2446	Mucoromycota:MAT	scaffold_111	18678-26561	18678-26561	withheld:modelled_gene_bar	withheld:modelled_gene_bar	undetermined	undetermined														algA,rnhA,tptA	algA,rnhA,tptA		
Fennellomyces_verticellatus_RSA_2446	Mucoromycota:MAT	scaffold_99	13577-89952	13577-89952	withheld:modelled_gene_bar	withheld:modelled_gene_bar	undetermined	undetermined							hsp_fragment	hsp_fragment	0.0	0.0	0.0	0.0	0.0	glrA,rnhA,sexP,tptA	glrA,rnhA,sexP,tptA		
Fennellomyces_verticellatus_RSA_2446	Mucoromycota:MAT	scaffold_98	24369-78718	24369-78718	withheld:modelled_gene_bar	withheld:modelled_gene_bar	undetermined	undetermined							hsp_fragment	hsp_fragment	0.0	0.0	0.0	0.0	0.0	glrA,rnhA,sexP	glrA,rnhA,sexP		
Fennellomyces_verticellatus_RSA_2446	Mucoromycota:MAT	scaffold_235	31476-32796	31476-32796	withheld:modelled_gene_bar+polish_capped	withheld:modelled_gene_bar+polish_capped	undetermined	undetermined							hsp_fragment	hsp_fragment	0.1	0.1	0.0	34.8	34.8	sexM,sexP	sexM,sexP		
Fennellomyces_verticellatus_RSA_2446	Mucoromycota:MAT	scaffold_33	44900-45613	44900-45613	withheld:modelled_gene_bar+polish_capped	withheld:modelled_gene_bar+polish_capped	undetermined	undetermined							hsp_fragment	hsp_fragment	6.7	6.7	0.0	61.9	61.9	sexM,sexP	sexM,sexP		
Fennellomyces_verticellatus_RSA_2446	Mucoromycota:MAT	scaffold_455	15631-18818	15631-18818	withheld:modelled_gene_bar+polish_capped	withheld:modelled_gene_bar+polish_capped	undetermined	undetermined							hsp_fragment	hsp_fragment	0.0	0.0	0.0	0.0	0.0	sexM,sexP	sexM,sexP		
Fennellomyces_verticellatus_RSA_2446	Mucoromycota:MAT	scaffold_182	42317-45048	42317-45048	withheld:modelled_gene_bar	withheld:modelled_gene_bar	undetermined	undetermined							model	model	19.7	19.7	0.0	79.8	79.8	sexP,tptA	sexP,tptA		
Fennellomyces_verticellatus_RSA_2446	Mucoromycota:MAT	scaffold_107	13683-62845	13683-62845	withheld:modelled_gene_bar+polish_capped	withheld:modelled_gene_bar+polish_capped	undetermined	undetermined							hsp_fragment	hsp_fragment	8.9	8.9	0.0	23.6	23.6	rnhA,sexM	rnhA,sexM		
Fennellomyces_verticellatus_RSA_2446	Mucoromycota:MAT	scaffold_369	19680-20083	19680-20083	withheld:modelled_gene_bar	withheld:modelled_gene_bar	undetermined	undetermined							model	model	11.3	11.3	0.0	61.1	61.1	sexM,sexP	sexM,sexP		
Fennellomyces_verticellatus_RSA_2446	Mucoromycota:MAT	scaffold_343	14577-15326	14577-15326	withheld:modelled_gene_bar+polish_capped	withheld:modelled_gene_bar+polish_capped	undetermined	undetermined							hsp_fragment	hsp_fragment	4.3	4.3	0.0	42.2	42.2	sexM,sexP	sexM,sexP		
Fennellomyces_verticellatus_RSA_2446	Mucoromycota:MAT	scaffold_57	59782-75748	59782-75748	withheld:modelled_gene_bar	withheld:modelled_gene_bar	undetermined	undetermined							hsp_fragment	hsp_fragment	13.7	13.7	0.0	33.9	33.9	rnhA,sexM	rnhA,sexM		
Fennellomyces_verticellatus_RSA_2446	Mucoromycota:MAT	scaffold_12	29890-61089	29890-61089	withheld:modelled_gene_bar+polish_capped	withheld:modelled_gene_bar+polish_capped	undetermined	undetermined							hsp_fragment	hsp_fragment	0.0	0.0	0.0	0.0	0.0	sexP,tptA	sexP,tptA		
Fennellomyces_verticellatus_RSA_2446	Mucoromycota:MAT	scaffold_45	25414-56718	25414-56718	withheld:modelled_gene_bar+polish_capped	withheld:modelled_gene_bar+polish_capped	undetermined	undetermined							hsp_fragment	hsp_fragment	0.0	0.0	0.0	0.0	0.0	algA,sexP	algA,sexP		
Fennellomyces_verticellatus_RSA_2446	Mucoromycota:MAT	scaffold_123	20115-35928	20115-35928	withheld:modelled_gene_bar+polish_capped	withheld:modelled_gene_bar+polish_capped	undetermined	undetermined							hsp_fragment	hsp_fragment	0.2	0.2	0.0	0.2	0.2	rnhA,sexM	rnhA,sexM		
Fennellomyces_verticellatus_RSA_2446	Mucoromycota:MAT	scaffold_38	98200-115607	98200-115607	withheld:modelled_gene_bar+polish_capped	withheld:modelled_gene_bar+polish_capped	undetermined	undetermined							hsp_fragment	hsp_fragment	0.0	0.0	0.0	0.0	0.0	rnhA,sexP	rnhA,sexP		
Fennellomyces_verticellatus_RSA_2446	Mucoromycota:MAT	scaffold_170	23150-36726	23150-36726	withheld:modelled_gene_bar+polish_capped	withheld:modelled_gene_bar+polish_capped	undetermined	undetermined							hsp_fragment	hsp_fragment	0.0	0.0	0.0	0.0	0.0	rnhA,sexP	rnhA,sexP		
Fennellomyces_verticellatus_RSA_2446	Mucoromycota:MAT	scaffold_47	9549-16601	9549-16601	withheld:modelled_gene_bar+polish_capped	withheld:modelled_gene_bar+polish_capped	undetermined	undetermined							hsp_fragment	hsp_fragment	0.5	0.5	0.0	0.5	0.5	algA,sexP	algA,sexP		
Fennellomyces_verticellatus_RSA_2446	Mucoromycota:MAT	scaffold_369	19680-20083	19680-20083	withheld:below_fraction_floor	withheld:below_fraction_floor	undetermined	undetermined							model	model	11.3	11.3	0.0	61.1	61.1	sexM,sexP	sexM,sexP		
Fennellomyces_verticellatus_RSA_2446	Mucoromycota:MAT	scaffold_287		20443-30444	absent	withheld:below_fraction_floor		undetermined								model		15.4			44.2		rnhA,sexP		withheld_reason_changed
Gilbertella_persicaria_Eddy_Hesseltine_NRRL_A-13613	Mucoromycota:MAT	scaffold_71	25427-37630	25427-37630	called	called	Minus	Minus	high	high	mat_locus	mat_locus			model	model	75.9	75.9	0.0	133.5	133.5	algA,glrA,rnhA,sexM,tptA	algA,glrA,rnhA,sexM,tptA		
Gilbertella_persicaria_Eddy_Hesseltine_NRRL_A-13613	Mucoromycota:MAT	scaffold_7	5105-76128	5105-76128	withheld:modelled_gene_bar	withheld:modelled_gene_bar	undetermined	undetermined							hsp_fragment	hsp_fragment	1.0	1.0	0.0	1.4	1.4	glrA,sexP,tptA	glrA,sexP,tptA		
Gilbertella_persicaria_var._indica_CBS_442.64-	Mucoromycota:MAT	scaffold_13	60761-73045	60761-73045	called	called	Plus	Plus	high	high	mat_locus	mat_locus			model	model	277.2	277.2	0.0	326.6	326.6	algA,glrA,rnhA,sexP,tptA	algA,glrA,rnhA,sexP,tptA		
Gilbertella_persicaria_var._indica_CBS_442.64-	Mucoromycota:MAT	scaffold_82	4679-51872	4679-51872	withheld:modelled_gene_bar	withheld:modelled_gene_bar	undetermined	undetermined							hsp_fragment	hsp_fragment	1.9	1.9	0.0	1.9	1.9	glrA,sexP,tptA	glrA,sexP,tptA		
Gilbertella_persicaria_var._indica_CBS_442.64-	Mucoromycota:MAT	scaffold_11	66461-90821	66461-90821	withheld:modelled_gene_bar	withheld:modelled_gene_bar	undetermined	undetermined							hsp_fragment	hsp_fragment	0.0	0.0	0.0	0.0	0.0	algA,rnhA,sexM	algA,rnhA,sexM		
Gilbertella_persicaria_var._indica_CBS_442.64-	Mucoromycota:MAT	scaffold_80	28946-49213	28946-49213	withheld:below_fraction_floor	withheld:below_fraction_floor	undetermined	undetermined							hsp_fragment	hsp_fragment	0.0	0.0	0.0	0.0	0.0	rnhA,sexP	rnhA,sexP		
Gilbertella_persicaria_var._persicaria_CBS_190.32-T	Mucoromycota:MAT	scaffold_38	48030-60358	48030-60358	called	called	Minus	Minus	high	high	mat_locus	mat_locus			model	model	75.7	75.7	0.0	131.2	131.2	algA,glrA,rnhA,sexM,tptA	algA,glrA,rnhA,sexM,tptA		
Gilbertella_persicaria_var._persicaria_CBS_190.32-T	Mucoromycota:MAT	scaffold_70	49605-60560	49605-60560	withheld:modelled_gene_bar	withheld:modelled_gene_bar	undetermined	undetermined							model	model	12.2	12.2	0.0	49.1	49.1	glrA,sexM,sexP	glrA,sexM,sexP		
Gilbertella_persicaria_var._persicaria_CBS_190.32-T	Mucoromycota:MAT	scaffold_55	7303-56402	7303-56402	withheld:modelled_gene_bar	withheld:modelled_gene_bar	undetermined	undetermined							hsp_fragment	hsp_fragment	0.0	0.0	0.0	0.0	0.0	glrA,rnhA,sexP	glrA,rnhA,sexP		
Gilbertella_persicaria_var._persicaria_CBS_190.32-T	Mucoromycota:MAT	scaffold_64	47856-59619	47856-59619	withheld:below_fraction_floor	withheld:below_fraction_floor	undetermined	undetermined							hsp_fragment	hsp_fragment	3.8	3.8	0.0	26.1	26.1	rnhA,sexM	rnhA,sexM		
Gilbertella_persicaria_var._persicaria_CBS_190.32-T	Mucoromycota:MAT	scaffold_87	11424-36717	11424-36717	withheld:below_fraction_floor	withheld:below_fraction_floor	undetermined	undetermined							hsp_fragment	hsp_fragment	0.0	0.0	0.0	0.0	0.0	btbA,sexM,tptA	btbA,sexM,tptA		
Gilbertella_persicaria_var._persicaria_CBS_246.59_Plus	Mucoromycota:MAT	scaffold_5	60584-68736	60584-68736	called	called	Plus	Plus	high	high	mat_locus	mat_locus			model	model	283.0	283.0	0.0	335.1	335.1	algA,rnhA,sexP,tptA	algA,rnhA,sexP,tptA		
Gilbertella_persicaria_var._persicaria_CBS_246.59_Plus	Mucoromycota:MAT	scaffold_12	7063-36497	7063-36497	withheld:below_fraction_floor	withheld:below_fraction_floor	undetermined	undetermined							hsp_fragment	hsp_fragment	0.0	0.0	0.0	0.0	0.0	rnhA,sexP	rnhA,sexP		
Gongronella_butleri_NRRL_1340	Mucoromycota:MAT	scaffold_208	23208-38175	23208-38175	called	called	Plus	Plus	high	high	mat_locus	mat_locus			model	model	92.9	92.9	0.0	130.7	130.7	glrA,rnhA,sexP,tptA	glrA,rnhA,sexP,tptA		
Gongronella_butleri_NRRL_1340	Mucoromycota:MAT	scaffold_22	9804-61341	9804-61341	withheld:modelled_gene_bar	withheld:modelled_gene_bar	undetermined	undetermined							hsp_fragment	hsp_fragment	0.0	0.0	0.0	0.0	0.0	algA,sexM,sexP	algA,sexM,sexP		
Gongronella_butleri_NRRL_1340	Mucoromycota:MAT	scaffold_169	11669-26196	11669-26196	withheld:modelled_gene_bar	withheld:modelled_gene_bar	undetermined	undetermined							hsp_fragment	hsp_fragment	0.0	0.0	0.0	0.0	0.0	btbA,glrA,sexP,tptA	btbA,glrA,sexP,tptA		
Gongronella_butleri_NRRL_2422	Mucoromycota:MAT	scaffold_663	1910-9872	1910-9872	called	called	Plus	Plus	high	high	mat_locus	mat_locus			model	model	94.2	94.2	0.0	130.3	130.3	rnhA,sexP,tptA	rnhA,sexP,tptA		
Gongronella_butleri_NRRL_2422	Mucoromycota:MAT	scaffold_77	16463-28162	16463-28162	withheld:below_fraction_floor	withheld:below_fraction_floor	Minus	Minus							model	model	28.4	28.4	0.0	78.9	78.9	rnhA,sexM	rnhA,sexM		
Gongronella_butleri_NRRL_2422	Mucoromycota:MAT	scaffold_75	17208-39636	17208-39636	withheld:below_fraction_floor	withheld:below_fraction_floor	undetermined	undetermined							hsp_fragment	hsp_fragment	0.0	0.0	0.0	0.0	0.0	glrA,sexP	glrA,sexP		
Gongronella_butleri_NRRL_2795	Mucoromycota:MAT	scaffold_279	2964-17839	2964-17839	called	called	Plus	Plus	high	high	mat_locus	mat_locus			model	model	90.4	90.4	0.0	128.2	128.2	glrA,rnhA,sexP,tptA	glrA,rnhA,sexP,tptA		
Gongronella_butleri_NRRL_2795	Mucoromycota:MAT	scaffold_487	3188-25347	3188-25347	withheld:modelled_gene_bar	withheld:modelled_gene_bar	undetermined	undetermined							hsp_fragment	hsp_fragment	2.9	2.9	0.0	2.9	2.9	rnhA,sexM,tptA	rnhA,sexM,tptA		
Gongronella_butleri_NRRL_2795	Mucoromycota:MAT	scaffold_141	641-5439	641-5439	withheld:below_fraction_floor	withheld:below_fraction_floor	undetermined	undetermined							model	model	15.1	15.1	0.0	47.8	47.8	sexM,sexP	sexM,sexP		
Gongronella_butleri_NRRL_2795	Mucoromycota:MAT	scaffold_129	49060-60536	49060-60536	withheld:below_fraction_floor	withheld:below_fraction_floor	undetermined	undetermined							hsp_fragment	hsp_fragment	0.0	0.0	0.0	0.0	0.0	algA,sexP	algA,sexP		
Gongronella_butleri_NRRL_A-23795	Mucoromycota:MAT	scaffold_61	15966-38280	15966-38280	called	called	Plus	Plus	high	high	mat_locus	mat_locus			model	model	93.5	93.5	0.0	130.4	130.4	algA,glrA,rnhA,sexP,tptA	algA,glrA,rnhA,sexP,tptA		
Gongronella_butleri_NRRL_A-23795	Mucoromycota:MAT	scaffold_23	39711-81572	39711-81572	withheld:modelled_gene_bar	withheld:modelled_gene_bar	undetermined	undetermined														algA,glrA,tptA	algA,glrA,tptA		
Gongronella_butleri_NRRL_A-23795	Mucoromycota:MAT	scaffold_16	70185-112038	70185-112038	withheld:modelled_gene_bar	withheld:modelled_gene_bar	undetermined	undetermined							hsp_fragment	hsp_fragment	0.0	0.0	0.0	0.0	0.0	rnhA,sexP,tptA	rnhA,sexP,tptA		
Gongronella_butleri_NRRL_A-23795	Mucoromycota:MAT	scaffold_336	6471-11640	6471-11640	withheld:below_fraction_floor	withheld:below_fraction_floor	undetermined	undetermined							model	model	13.5	13.5	0.0	75.2	75.2	sexM,tptA	sexM,tptA		
Gongronella_butleri_NRRL_A-9978	Mucoromycota:MAT	scaffold_2	77449-124987	77449-124987	called	called	Plus	Plus	high	high	mat_locus	mat_locus			model	model	92.0	92.0	0.0	129.8	129.8	algA,glrA,rnhA,sexP,tptA	algA,glrA,rnhA,sexP,tptA		
Gongronella_butleri_NRRL_A-9978	Mucoromycota:MAT	scaffold_21	29914-87759	29914-87759	withheld:modelled_gene_bar	withheld:modelled_gene_bar	undetermined	undetermined							hsp_fragment	hsp_fragment	0.0	0.0	0.0	0.0	0.0	glrA,rnhA,sexP	glrA,rnhA,sexP		
Gongronella_sp._NRRL_A-20010	Mucoromycota:MAT	scaffold_56	23235-36857	23235-36857	called	called	Minus	Minus	high	high	mat_locus	mat_locus			model	model	56.9	56.9	0.0	111.8	111.8	glrA,rnhA,sexM,tptA	glrA,rnhA,sexM,tptA		
Gongronella_sp._NRRL_A-20010	Mucoromycota:MAT	scaffold_396	13332-14202	13332-14202	withheld:below_fraction_floor	withheld:below_fraction_floor	undetermined	undetermined							model	model	4.2	4.2	0.0	40.3	40.3	sexM,sexP	sexM,sexP		
Gongronella_sp._NRRL_A-20010	Mucoromycota:MAT	scaffold_6	15243-26003	15243-26003	withheld:below_fraction_floor	withheld:below_fraction_floor	undetermined	undetermined							model	model	23.8	23.8	0.0	73.0	73.0	algA,sexM	algA,sexM		
Helicostylum_lucknowense_NRRL_2892	Mucoromycota:MAT	scaffold_350	878-8171	878-8171	called	called	Minus	Minus	medium	medium	partial_locus	partial_locus			model	model	100.8	100.8	0.0	159.6	159.6	rnhA,sexM	rnhA,sexM		
Helicostylum_lucknowense_NRRL_2892	Mucoromycota:MAT	scaffold_338	16668-25351	16668-25351	withheld:modelled_gene_bar	withheld:modelled_gene_bar	undetermined	undetermined														algA,rnhA,tptA	algA,rnhA,tptA		
Helicostylum_lucknowense_NRRL_2892	Mucoromycota:MAT	scaffold_235	12936-13832	12936-13832	withheld:modelled_gene_bar+polish_capped	withheld:modelled_gene_bar+polish_capped	undetermined	undetermined							hsp_fragment	hsp_fragment	4.3	4.3	0.0	61.7	61.7	sexM,sexP	sexM,sexP		
Helicostylum_lucknowense_NRRL_2892	Mucoromycota:MAT	scaffold_90	92840-94770	92840-94770	withheld:modelled_gene_bar	withheld:modelled_gene_bar	undetermined	undetermined							hsp_fragment	hsp_fragment	0.5	0.5	0.0	35.0	35.0	sexM,sexP	sexM,sexP		
Helicostylum_lucknowense_NRRL_2892	Mucoromycota:MAT	scaffold_652	2087-11827	2087-11827	withheld:modelled_gene_bar	withheld:modelled_gene_bar	undetermined	undetermined							hsp_fragment	hsp_fragment	0.0	0.0	0.0	0.0	0.0	rnhA,sexM	rnhA,sexM		
Helicostylum_lucknowense_NRRL_2892	Mucoromycota:MAT	scaffold_170	3701-7758	3701-7758	withheld:modelled_gene_bar+polish_capped	withheld:modelled_gene_bar+polish_capped	undetermined	undetermined							hsp_fragment	hsp_fragment	0.0	0.0	0.0	0.0	0.0	glrA,sexM	glrA,sexM		
Helicostylum_lucknowense_NRRL_2892	Mucoromycota:MAT	scaffold_39	18801-39978	18801-39978	withheld:modelled_gene_bar	withheld:modelled_gene_bar	undetermined	undetermined							hsp_fragment	hsp_fragment	0.0	0.0	0.0	0.0	0.0	glrA,sexM	glrA,sexM		
Helicostylum_lucknowense_NRRL_2892	Mucoromycota:MAT	scaffold_18	99254-146438	99254-146438	withheld:modelled_gene_bar	withheld:modelled_gene_bar	undetermined	undetermined							hsp_fragment	hsp_fragment	1.2	1.2	0.0	3.9	3.9	sexM,sexP	sexM,sexP		
Helicostylum_lucknowense_NRRL_2892	Mucoromycota:MAT	scaffold_173	23399-32166	23399-32166	withheld:modelled_gene_bar	withheld:modelled_gene_bar	undetermined	undetermined							hsp_fragment	hsp_fragment	0.0	0.0	0.0	0.0	0.0	sexM,sexP	sexM,sexP		
Helicostylum_lucknowense_NRRL_A-16732	Mucoromycota:MAT	scaffold_342	32963-40256	32963-40256	called	called	Minus	Minus	medium	medium	partial_locus	partial_locus			model	model	100.8	100.8	0.0	159.6	159.6	rnhA,sexM	rnhA,sexM		
Helicostylum_lucknowense_NRRL_A-16732	Mucoromycota:MAT	scaffold_47	16718-25401	16718-25401	withheld:modelled_gene_bar	withheld:modelled_gene_bar	undetermined	undetermined														algA,rnhA,tptA	algA,rnhA,tptA		
Helicostylum_lucknowense_NRRL_A-16732	Mucoromycota:MAT	scaffold_423	1-912	1-912	withheld:modelled_gene_bar+polish_capped	withheld:modelled_gene_bar+polish_capped	undetermined	undetermined							hsp_fragment	hsp_fragment	4.3	4.3	0.0	62.3	62.3	sexM,sexP	sexM,sexP		
Helicostylum_lucknowense_NRRL_A-16732	Mucoromycota:MAT	scaffold_82	7947-9877	7947-9877	withheld:modelled_gene_bar	withheld:modelled_gene_bar	undetermined	undetermined							hsp_fragment	hsp_fragment	0.5	0.5	0.0	35.0	35.0	sexM,sexP	sexM,sexP		
Helicostylum_lucknowense_NRRL_A-16732	Mucoromycota:MAT	scaffold_16	3556-7613	3556-7613	withheld:modelled_gene_bar+polish_capped	withheld:modelled_gene_bar+polish_capped	undetermined	undetermined							hsp_fragment	hsp_fragment	0.0	0.0	0.0	0.0	0.0	glrA,sexM	glrA,sexM		
Helicostylum_lucknowense_NRRL_A-16732	Mucoromycota:MAT	scaffold_662	2236-11976	2236-11976	withheld:modelled_gene_bar	withheld:modelled_gene_bar	undetermined	undetermined							hsp_fragment	hsp_fragment	0.0	0.0	0.0	0.0	0.0	rnhA,sexM	rnhA,sexM		
Helicostylum_lucknowense_NRRL_A-16732	Mucoromycota:MAT	scaffold_4	161627-194373	161627-194373	withheld:modelled_gene_bar	withheld:modelled_gene_bar	undetermined	undetermined							model	model	22.8	22.8	0.0	44.9	44.9	sexM,tptA	sexM,tptA		
Helicostylum_lucknowense_NRRL_A-16732	Mucoromycota:MAT	scaffold_39	18801-39978	18801-39978	withheld:modelled_gene_bar	withheld:modelled_gene_bar	undetermined	undetermined							hsp_fragment	hsp_fragment	0.0	0.0	0.0	0.0	0.0	glrA,sexM	glrA,sexM		
Helicostylum_lucknowense_NRRL_A-16732	Mucoromycota:MAT	scaffold_184	12339-59531	12339-59531	withheld:modelled_gene_bar	withheld:modelled_gene_bar	undetermined	undetermined							hsp_fragment	hsp_fragment	1.2	1.2	0.0	3.9	3.9	sexM,sexP	sexM,sexP		
Helicostylum_lucknowense_NRRL_A-16732	Mucoromycota:MAT	scaffold_175	40996-49763	40996-49763	withheld:modelled_gene_bar+polish_capped	withheld:modelled_gene_bar+polish_capped	undetermined	undetermined							hsp_fragment	hsp_fragment	0.0	0.0	0.0	0.0	0.0	sexM,sexP	sexM,sexP		
Helicostylum_lucknowense_NRRL_A-16732	Mucoromycota:MAT	scaffold_4	161627-194373	161627-194373	withheld:below_fraction_floor	withheld:below_fraction_floor	undetermined	undetermined							model	model	22.8	22.8	0.0	44.9	44.9	sexM,tptA	sexM,tptA		
Helicostylum_pulchrum_RSA_2065	Mucoromycota:MAT	scaffold_22	21534-60437	21534-60437	called	called	Minus	Minus	high	high	mat_locus	mat_locus			model	model	107.2	107.2	0.0	179.0	179.0	algA,glrA,rnhA,sexM,tptA	algA,glrA,rnhA,sexM,tptA		
Helicostylum_pulchrum_RSA_2065	Mucoromycota:MAT	scaffold_292	9192-26157	9192-26157	withheld:modelled_gene_bar	withheld:modelled_gene_bar	undetermined	undetermined							hsp_fragment	hsp_fragment	1.2	1.2	0.0	38.4	38.4	rnhA,sexM,sexP	rnhA,sexM,sexP		
Helicostylum_pulchrum_RSA_2065	Mucoromycota:MAT	scaffold_5	152017-175692	152017-175692	withheld:modelled_gene_bar	withheld:modelled_gene_bar	undetermined	undetermined							hsp_fragment	hsp_fragment	9.5	9.5	0.0	28.6	28.6	algA,sexP,tptA	algA,sexP,tptA		
Helicostylum_pulchrum_RSA_2065	Mucoromycota:MAT	scaffold_150	37429-64954	37429-64954	withheld:mat_gene_gate	withheld:mat_gene_gate	undetermined	undetermined							model	model	10.7	10.7	0.0	44.4	44.4	rnhA,sexM,sexP	rnhA,sexM,sexP		
Helicostylum_sp._NRRL_1397	Mucoromycota:MAT	scaffold_66	48891-57602	48891-57602	withheld:modelled_gene_bar	withheld:modelled_gene_bar	undetermined	undetermined							hsp_fragment	hsp_fragment	1.6	1.6	0.0	1.6	1.6	algA,sexM,sexP	algA,sexM,sexP		
Helicostylum_sp._NRRL_1397	Mucoromycota:MAT	scaffold_178	30567-31292	30567-31292	withheld:modelled_gene_bar	withheld:modelled_gene_bar	undetermined	undetermined							model	model	10.1	10.1	0.0	60.9	60.9	sexM,sexP	sexM,sexP		
Helicostylum_sp._NRRL_1397	Mucoromycota:MAT	scaffold_252	13100-13854	13100-13854	withheld:modelled_gene_bar	withheld:modelled_gene_bar	undetermined	undetermined							model	model	3.0	3.0	0.0	41.7	41.7	sexM,sexP	sexM,sexP		
Helicostylum_sp._NRRL_1397	Mucoromycota:MAT	scaffold_1010	1813-2290	1813-2290	withheld:modelled_gene_bar+polish_capped	withheld:modelled_gene_bar+polish_capped	undetermined	undetermined							hsp_fragment	hsp_fragment	18.7	18.7	0.0	61.7	61.7	sexM,sexP	sexM,sexP		
Helicostylum_sp._NRRL_1397	Mucoromycota:MAT	scaffold_93	35181-51900	35181-51900	withheld:modelled_gene_bar+polish_capped	withheld:modelled_gene_bar+polish_capped	undetermined	undetermined							hsp_fragment	hsp_fragment	1.9	1.9	0.0	1.9	1.9	glrA,sexM	glrA,sexM		
Helicostylum_sp._NRRL_1397	Mucoromycota:MAT	scaffold_115	25976-43507	25976-43507	withheld:modelled_gene_bar+polish_capped	withheld:modelled_gene_bar+polish_capped	undetermined	undetermined							hsp_fragment	hsp_fragment	8.1	8.1	0.0	23.1	23.1	rnhA,sexP	rnhA,sexP		
Helicostylum_sp._NRRL_1397	Mucoromycota:MAT	scaffold_13	74358-75160	74358-75160	withheld:modelled_gene_bar	withheld:modelled_gene_bar	undetermined	undetermined							hsp_fragment	hsp_fragment	2.0	2.0	0.0	35.5	35.5	sexM,sexP	sexM,sexP		
Helicostylum_sp._NRRL_1397	Mucoromycota:MAT	scaffold_47	12315-41499	12315-41499	withheld:modelled_gene_bar	withheld:modelled_gene_bar	undetermined	undetermined							hsp_fragment	hsp_fragment	0.7	0.7	0.0	15.7	15.7	rnhA,sexP	rnhA,sexP		
Helicostylum_sp._NRRL_1397	Mucoromycota:MAT	scaffold_120	25910-28514	25910-28514	withheld:modelled_gene_bar	withheld:modelled_gene_bar	undetermined	undetermined							hsp_fragment	hsp_fragment	0.0	0.0	0.0	0.0	0.0	rnhA,sexP	rnhA,sexP		
Helicostylum_sp._NRRL_1397	Mucoromycota:MAT	scaffold_178	30567-31292	30567-31292	withheld:below_fraction_floor	withheld:below_fraction_floor	undetermined	undetermined							model	model	10.1	10.1	0.0	60.9	60.9	sexM,sexP	sexM,sexP		
Helicostylum_sp._NRRL_1397	Mucoromycota:MAT	scaffold_252	13100-13854	13100-13854	withheld:below_fraction_floor	withheld:below_fraction_floor	undetermined	undetermined							model	model	3.0	3.0	0.0	41.7	41.7	sexM,sexP	sexM,sexP		
Hesseltinella_vesiculosa_NRRL_3301	Mucoromycota:MAT	scaffold_184	3972-11288	3972-11288	called	called	Minus	Minus	high	high	mat_locus	mat_locus			model	model	54.2	54.2	0.0	66.3	66.3	rnhA,sexM,tptA	rnhA,sexM,tptA		
Hesseltinella_vesiculosa_NRRL_3301	Mucoromycota:MAT	scaffold_1	368520-423945	368520-423945	withheld:modelled_gene_bar	withheld:modelled_gene_bar	undetermined	undetermined														glrA,rnhA,tptA	glrA,rnhA,tptA		
Hesseltinella_vesiculosa_NRRL_3301	Mucoromycota:MAT	scaffold_5	43552-142907	43552-142907	withheld:modelled_gene_bar	withheld:modelled_gene_bar	undetermined	undetermined							hsp_fragment	hsp_fragment	0.0	0.0	0.0	0.0	0.0	algA,glrA,sexM	algA,glrA,sexM		
Hesseltinella_vesiculosa_NRRL_3301	Mucoromycota:MAT	scaffold_11	31652-105257	31652-105257	withheld:modelled_gene_bar	withheld:modelled_gene_bar	undetermined	undetermined														glrA,rnhA,tptA	glrA,rnhA,tptA		
Hesseltinella_vesiculosa_NRRL_3301	Mucoromycota:MAT	scaffold_4	65643-138215	65643-138215	withheld:modelled_gene_bar	withheld:modelled_gene_bar	undetermined	undetermined							hsp_fragment	hsp_fragment	0.0	0.0	0.0	0.0	0.0	glrA,rnhA,sexM	glrA,rnhA,sexM		
Hesseltinella_vesiculosa_NRRL_3301	Mucoromycota:MAT	scaffold_56	3210-6858	3210-6858	withheld:below_fraction_floor	withheld:below_fraction_floor	undetermined	undetermined							hsp_fragment	hsp_fragment	2.9	2.9	0.0	2.9	2.9	rnhA,sexP	rnhA,sexP		
Hesseltinella_vesiculosa_NRRL_3301	Mucoromycota:MAT	scaffold_267	76-8003	76-8003	withheld:below_fraction_floor	withheld:below_fraction_floor	undetermined	undetermined							hsp_fragment	hsp_fragment	1.3	1.3	0.0	3.4	3.4	btbA,sexP	btbA,sexP		
Lichtheimia_corymbifera_NRRL_1592	Mucoromycota:MAT	scaffold_119	12729-74241	12729-74241	withheld:modelled_gene_bar	withheld:modelled_gene_bar	undetermined	undetermined							model	model	12.8	12.8	0.0	79.9	79.9	sexM,sexP,tptA	sexM,sexP,tptA		
Lichtheimia_corymbifera_NRRL_1592	Mucoromycota:MAT	scaffold_11	80916-82436	80916-82436	withheld:modelled_gene_bar+polish_capped	withheld:modelled_gene_bar+polish_capped	undetermined	undetermined							hsp_fragment	hsp_fragment	4.2	4.2	0.0	37.4	37.4	sexM,sexP	sexM,sexP		
Lichtheimia_corymbifera_NRRL_1592	Mucoromycota:MAT	scaffold_547	17524-18085	17524-18085	withheld:modelled_gene_bar+polish_capped	withheld:modelled_gene_bar+polish_capped	undetermined	undetermined							hsp_fragment	hsp_fragment	3.9	3.9	0.0	36.5	36.5	sexM,sexP	sexM,sexP		
Lichtheimia_corymbifera_NRRL_1592	Mucoromycota:MAT	scaffold_312	14526-15535	14526-15535	withheld:modelled_gene_bar	withheld:modelled_gene_bar	undetermined	undetermined							hsp_fragment	hsp_fragment	4.3	4.3	0.0	39.5	39.5	sexM,sexP	sexM,sexP		
Lichtheimia_corymbifera_NRRL_1592	Mucoromycota:MAT	scaffold_33	6322-23435	6322-23435	withheld:modelled_gene_bar+polish_capped	withheld:modelled_gene_bar+polish_capped	undetermined	undetermined							hsp_fragment	hsp_fragment	8.7	8.7	0.0	24.7	24.7	rnhA,sexP	rnhA,sexP		
Lichtheimia_corymbifera_NRRL_1592	Mucoromycota:MAT	scaffold_81	79892-85051	79892-85051	withheld:modelled_gene_bar	withheld:modelled_gene_bar	undetermined	undetermined							hsp_fragment	hsp_fragment	0.8	0.8	0.0	0.8	0.8	sexM,sexP	sexM,sexP		
Lichtheimia_corymbifera_NRRL_1592	Mucoromycota:MAT	scaffold_8	54487-90572	54487-90572	withheld:modelled_gene_bar+polish_capped	withheld:modelled_gene_bar+polish_capped	undetermined	undetermined							hsp_fragment	hsp_fragment	2.8	2.8	0.0	2.8	2.8	sexM,tptA	sexM,tptA		
Lichtheimia_corymbifera_NRRL_1592	Mucoromycota:MAT	scaffold_309	28374-34311	28374-34311	withheld:modelled_gene_bar+polish_capped	withheld:modelled_gene_bar+polish_capped	undetermined	undetermined							hsp_fragment	hsp_fragment	1.1	1.1	0.0	1.1	1.1	sexM,tptA	sexM,tptA		
Lichtheimia_corymbifera_NRRL_1592	Mucoromycota:MAT	scaffold_479	19536-24359	19536-24359	withheld:modelled_gene_bar	withheld:modelled_gene_bar	undetermined	undetermined							hsp_fragment	hsp_fragment	0.0	0.0	0.0	0.0	0.0	sexP,tptA	sexP,tptA		
Lichtheimia_corymbifera_NRRL_1592	Mucoromycota:MAT	scaffold_51	8130-50927	8130-50927	withheld:modelled_gene_bar	withheld:modelled_gene_bar	undetermined	undetermined							hsp_fragment	hsp_fragment	0.0	0.0	0.0	0.0	0.0	btbA,sexM	btbA,sexM		
Lichtheimia_corymbifera_NRRL_1592	Mucoromycota:MAT	scaffold_26	26315-53162	26315-53162	withheld:modelled_gene_bar	withheld:modelled_gene_bar	undetermined	undetermined							hsp_fragment	hsp_fragment	6.9	6.9	0.0	6.9	6.9	algA,sexM	algA,sexM		
Lichtheimia_corymbifera_NRRL_2981	Mucoromycota:MAT	scaffold_127	2492-63441	2492-63441	withheld:modelled_gene_bar	withheld:modelled_gene_bar	undetermined	undetermined							model	model	12.8	12.8	0.0	79.9	79.9	sexM,sexP,tptA	sexM,sexP,tptA		
Lichtheimia_corymbifera_NRRL_2981	Mucoromycota:MAT	scaffold_78	58890-60410	58890-60410	withheld:modelled_gene_bar	withheld:modelled_gene_bar	undetermined	undetermined							hsp_fragment	hsp_fragment	4.2	4.2	0.0	37.4	37.4	sexM,sexP	sexM,sexP		
Lichtheimia_corymbifera_NRRL_2981	Mucoromycota:MAT	scaffold_512	18349-18910	18349-18910	withheld:modelled_gene_bar	withheld:modelled_gene_bar	undetermined	undetermined							hsp_fragment	hsp_fragment	3.9	3.9	0.0	36.5	36.5	sexM,sexP	sexM,sexP		
Lichtheimia_corymbifera_NRRL_2981	Mucoromycota:MAT	scaffold_116	47768-48777	47768-48777	withheld:modelled_gene_bar	withheld:modelled_gene_bar	undetermined	undetermined							hsp_fragment	hsp_fragment	4.3	4.3	0.0	39.5	39.5	sexM,sexP	sexM,sexP		
Lichtheimia_corymbifera_NRRL_2981	Mucoromycota:MAT	scaffold_215	6352-23457	6352-23457	withheld:modelled_gene_bar+polish_capped	withheld:modelled_gene_bar+polish_capped	undetermined	undetermined							hsp_fragment	hsp_fragment	8.7	8.7	0.0	24.7	24.7	rnhA,sexP	rnhA,sexP		
Lichtheimia_corymbifera_NRRL_2981	Mucoromycota:MAT	scaffold_85	60789-65948	60789-65948	withheld:modelled_gene_bar	withheld:modelled_gene_bar	undetermined	undetermined							hsp_fragment	hsp_fragment	0.8	0.8	0.0	0.8	0.8	sexM,sexP	sexM,sexP		
Lichtheimia_corymbifera_NRRL_2981	Mucoromycota:MAT	scaffold_7	62830-98939	62830-98939	withheld:modelled_gene_bar+polish_capped	withheld:modelled_gene_bar+polish_capped	undetermined	undetermined							hsp_fragment	hsp_fragment	2.8	2.8	0.0	2.8	2.8	sexM,tptA	sexM,tptA		
Lichtheimia_corymbifera_NRRL_2981	Mucoromycota:MAT	scaffold_27	68196-95051	68196-95051	withheld:modelled_gene_bar	withheld:modelled_gene_bar	undetermined	undetermined							hsp_fragment	hsp_fragment	7.5	7.5	0.0	7.5	7.5	algA,sexM	algA,sexM		
Lichtheimia_corymbifera_NRRL_6379	Mucoromycota:MAT	scaffold_117	12338-73849	12338-73849	withheld:modelled_gene_bar	withheld:modelled_gene_bar	undetermined	undetermined							model	model	12.8	12.8	0.0	79.9	79.9	sexM,sexP,tptA	sexM,sexP,tptA		
Lichtheimia_corymbifera_NRRL_6379	Mucoromycota:MAT	scaffold_10	57987-59507	57987-59507	withheld:modelled_gene_bar+polish_capped	withheld:modelled_gene_bar+polish_capped	undetermined	undetermined							hsp_fragment	hsp_fragment	4.2	4.2	0.0	37.4	37.4	sexM,sexP	sexM,sexP		
Lichtheimia_corymbifera_NRRL_6379	Mucoromycota:MAT	scaffold_342	36255-36816	36255-36816	withheld:modelled_gene_bar	withheld:modelled_gene_bar	undetermined	undetermined							hsp_fragment	hsp_fragment	3.9	3.9	0.0	36.5	36.5	sexM,sexP	sexM,sexP		
Lichtheimia_corymbifera_NRRL_6379	Mucoromycota:MAT	scaffold_291	14247-15256	14247-15256	withheld:modelled_gene_bar	withheld:modelled_gene_bar	undetermined	undetermined							hsp_fragment	hsp_fragment	4.3	4.3	0.0	39.5	39.5	sexM,sexP	sexM,sexP		
Lichtheimia_corymbifera_NRRL_6379	Mucoromycota:MAT	scaffold_26	91974-109081	91974-109081	withheld:modelled_gene_bar+polish_capped	withheld:modelled_gene_bar+polish_capped	undetermined	undetermined							hsp_fragment	hsp_fragment	8.7	8.7	0.0	24.7	24.7	rnhA,sexP	rnhA,sexP		
Lichtheimia_corymbifera_NRRL_6379	Mucoromycota:MAT	scaffold_74	5906-11065	5906-11065	withheld:modelled_gene_bar	withheld:modelled_gene_bar	undetermined	undetermined							hsp_fragment	hsp_fragment	0.8	0.8	0.0	0.8	0.8	sexM,sexP	sexM,sexP		
Lichtheimia_corymbifera_NRRL_6379	Mucoromycota:MAT	scaffold_36	54820-90906	54820-90906	withheld:modelled_gene_bar+polish_capped	withheld:modelled_gene_bar+polish_capped	undetermined	undetermined							hsp_fragment	hsp_fragment	2.8	2.8	0.0	2.8	2.8	sexM,tptA	sexM,tptA		
Lichtheimia_corymbifera_NRRL_6379	Mucoromycota:MAT	scaffold_447	10285-16223	10285-16223	withheld:modelled_gene_bar+polish_capped	withheld:modelled_gene_bar+polish_capped	undetermined	undetermined							hsp_fragment	hsp_fragment	1.1	1.1	0.0	1.1	1.1	sexM,tptA	sexM,tptA		
Lichtheimia_corymbifera_NRRL_6379	Mucoromycota:MAT	scaffold_485	3138-7960	3138-7960	withheld:modelled_gene_bar	withheld:modelled_gene_bar	undetermined	undetermined							hsp_fragment	hsp_fragment	0.0	0.0	0.0	0.0	0.0	sexP,tptA	sexP,tptA		
Lichtheimia_corymbifera_NRRL_6379	Mucoromycota:MAT	scaffold_23	26485-53333	26485-53333	withheld:modelled_gene_bar	withheld:modelled_gene_bar	undetermined	undetermined							hsp_fragment	hsp_fragment	6.9	6.9	0.0	6.9	6.9	algA,sexM	algA,sexM		
Lichtheimia_corymbifera_NRRL_A-11155	Mucoromycota:MAT	scaffold_119	12336-73805	12336-73805	withheld:modelled_gene_bar	withheld:modelled_gene_bar	undetermined	undetermined							model	model	12.8	12.8	0.0	79.9	79.9	sexM,sexP,tptA	sexM,sexP,tptA		
Lichtheimia_corymbifera_NRRL_A-11155	Mucoromycota:MAT	scaffold_35	30423-31943	30423-31943	withheld:modelled_gene_bar+polish_capped	withheld:modelled_gene_bar+polish_capped	undetermined	undetermined							hsp_fragment	hsp_fragment	4.2	4.2	0.0	37.4	37.4	sexM,sexP	sexM,sexP		
Lichtheimia_corymbifera_NRRL_A-11155	Mucoromycota:MAT	scaffold_522	18161-18722	18161-18722	withheld:modelled_gene_bar	withheld:modelled_gene_bar	undetermined	undetermined							hsp_fragment	hsp_fragment	3.9	3.9	0.0	36.5	36.5	sexM,sexP	sexM,sexP		
Lichtheimia_corymbifera_NRRL_A-11155	Mucoromycota:MAT	scaffold_91	57714-58723	57714-58723	withheld:modelled_gene_bar	withheld:modelled_gene_bar	undetermined	undetermined							hsp_fragment	hsp_fragment	4.3	4.3	0.0	39.5	39.5	sexM,sexP	sexM,sexP		
Lichtheimia_corymbifera_NRRL_A-11155	Mucoromycota:MAT	scaffold_344	10222-20026	10222-20026	withheld:modelled_gene_bar	withheld:modelled_gene_bar	undetermined	undetermined							model	model	18.5	18.5	0.0	57.8	57.8	sexM,tptA	sexM,tptA		
Lichtheimia_corymbifera_NRRL_A-11155	Mucoromycota:MAT	scaffold_26	94546-111643	94546-111643	withheld:modelled_gene_bar+polish_capped	withheld:modelled_gene_bar+polish_capped	undetermined	undetermined							hsp_fragment	hsp_fragment	8.7	8.7	0.0	24.7	24.7	rnhA,sexP	rnhA,sexP		
Lichtheimia_corymbifera_NRRL_A-11155	Mucoromycota:MAT	scaffold_82	5690-10849	5690-10849	withheld:modelled_gene_bar	withheld:modelled_gene_bar	undetermined	undetermined							hsp_fragment	hsp_fragment	0.8	0.8	0.0	0.8	0.8	sexM,sexP	sexM,sexP		
Lichtheimia_corymbifera_NRRL_A-11155	Mucoromycota:MAT	scaffold_46	18344-54429	18344-54429	withheld:modelled_gene_bar+polish_capped	withheld:modelled_gene_bar+polish_capped	undetermined	undetermined							hsp_fragment	hsp_fragment	2.8	2.8	0.0	2.8	2.8	sexM,tptA	sexM,tptA		
Lichtheimia_corymbifera_NRRL_A-11155	Mucoromycota:MAT	scaffold_31	26363-53210	26363-53210	withheld:modelled_gene_bar	withheld:modelled_gene_bar	undetermined	undetermined							hsp_fragment	hsp_fragment	6.9	6.9	0.0	6.9	6.9	algA,sexM	algA,sexM		
Lichtheimia_hyalospora_NRRL_1305	Mucoromycota:MAT	scaffold_17	121176-161220	121176-161220	withheld:modelled_gene_bar	withheld:modelled_gene_bar	undetermined	undetermined							model	model	15.5	15.5	0.0	85.2	85.2	sexM,sexP,tptA	sexM,sexP,tptA		
Lichtheimia_hyalospora_NRRL_1305	Mucoromycota:MAT	scaffold_46	44493-104623	44493-104623	withheld:modelled_gene_bar	withheld:modelled_gene_bar	undetermined	undetermined							hsp_fragment	hsp_fragment	0.0	0.0	0.0	0.0	0.0	glrA,sexP,tptA	glrA,sexP,tptA		
Lichtheimia_hyalospora_NRRL_1305	Mucoromycota:MAT	scaffold_9	93958-106915	93958-106915	withheld:modelled_gene_bar	withheld:modelled_gene_bar	undetermined	undetermined							model	model	23.1	23.1	0.0	37.5	37.5	rnhA,sexM,sexP	rnhA,sexM,sexP		
Lichtheimia_hyalospora_NRRL_1305	Mucoromycota:MAT	scaffold_115	3865-19736	3865-19736	withheld:modelled_gene_bar	withheld:modelled_gene_bar	Plus	Plus							model	model	122.0	122.0	0.0	158.1	158.1	sexM,sexP	sexM,sexP		
Lichtheimia_hyalospora_NRRL_1305	Mucoromycota:MAT	scaffold_71	66766-80284	66766-80284	withheld:modelled_gene_bar	withheld:modelled_gene_bar	undetermined	undetermined							model	model	11.4	11.4	0.0	89.1	89.1	rnhA,sexM	rnhA,sexM		
Lichtheimia_hyalospora_NRRL_1305	Mucoromycota:MAT	scaffold_99	15392-24967	15392-24967	withheld:modelled_gene_bar	withheld:modelled_gene_bar	undetermined	undetermined							model	model	9.0	9.0	0.0	63.3	63.3	algA,sexP	algA,sexP		
Lichtheimia_hyalospora_NRRL_1305	Mucoromycota:MAT	scaffold_137	51045-52345	51045-52345	withheld:modelled_gene_bar+polish_capped	withheld:modelled_gene_bar+polish_capped	undetermined	undetermined							hsp_fragment	hsp_fragment	1.9	1.9	0.0	38.1	38.1	sexM,sexP	sexM,sexP		
Lichtheimia_hyalospora_NRRL_1305	Mucoromycota:MAT	scaffold_6	52186-89508	52186-89508	withheld:modelled_gene_bar+polish_capped	withheld:modelled_gene_bar+polish_capped	undetermined	undetermined							hsp_fragment	hsp_fragment	2.9	2.9	0.0	30.0	30.0	rnhA,sexM	rnhA,sexM		
Lichtheimia_hyalospora_NRRL_1305	Mucoromycota:MAT	scaffold_101	98280-99190	98280-99190	withheld:modelled_gene_bar+polish_capped	withheld:modelled_gene_bar+polish_capped	undetermined	undetermined							hsp_fragment	hsp_fragment	5.4	5.4	0.0	38.5	38.5	sexM,sexP	sexM,sexP		
Lichtheimia_hyalospora_NRRL_1305	Mucoromycota:MAT	scaffold_64	137355-146493	137355-146493	withheld:modelled_gene_bar+polish_capped	withheld:modelled_gene_bar+polish_capped	undetermined	undetermined							hsp_fragment	hsp_fragment	3.7	3.7	0.0	4.3	4.3	sexM,tptA	sexM,tptA		
Lichtheimia_hyalospora_NRRL_1305	Mucoromycota:MAT	scaffold_11	203098-222683	203098-222683	withheld:modelled_gene_bar+polish_capped	withheld:modelled_gene_bar+polish_capped	undetermined	undetermined							hsp_fragment	hsp_fragment	0.0	0.0	0.0	0.0	0.0	sexP,tptA	sexP,tptA		
Lichtheimia_hyalospora_NRRL_1305	Mucoromycota:MAT	scaffold_92	15868-85903	15868-85903	withheld:modelled_gene_bar+polish_capped	withheld:modelled_gene_bar+polish_capped	undetermined	undetermined							hsp_fragment	hsp_fragment	0.0	0.0	0.0	0.0	0.0	sexM,tptA	sexM,tptA		
Lichtheimia_hyalospora_NRRL_1305	Mucoromycota:MAT	scaffold_13	72016-84385	72016-84385	withheld:modelled_gene_bar+polish_capped	withheld:modelled_gene_bar+polish_capped	undetermined	undetermined							hsp_fragment	hsp_fragment	0.0	0.0	0.0	0.0	0.0	sexP,tptA	sexP,tptA		
Lichtheimia_hyalospora_NRRL_1305	Mucoromycota:MAT	scaffold_185	7460-16694	7460-16694	withheld:modelled_gene_bar+polish_capped	withheld:modelled_gene_bar+polish_capped	undetermined	undetermined							hsp_fragment	hsp_fragment	0.0	0.0	0.0	0.0	0.0	sexP,tptA	sexP,tptA		
Lichtheimia_hyalospora_NRRL_1305	Mucoromycota:MAT	scaffold_123	25618-68799	25618-68799	withheld:modelled_gene_bar+polish_capped	withheld:modelled_gene_bar+polish_capped	undetermined	undetermined							hsp_fragment	hsp_fragment	0.0	0.0	0.0	0.0	0.0	glrA,sexM	glrA,sexM		
Lichtheimia_hyalospora_NRRL_1305	Mucoromycota:MAT	scaffold_106	49639-98470	49639-98470	withheld:modelled_gene_bar+polish_capped	withheld:modelled_gene_bar+polish_capped	undetermined	undetermined							hsp_fragment	hsp_fragment	0.0	0.0	0.0	0.0	0.0	sexM,tptA	sexM,tptA		
Lichtheimia_hyalospora_NRRL_1305	Mucoromycota:MAT	scaffold_115	3865-19736	3865-19736	withheld:below_fraction_floor	withheld:below_fraction_floor	Plus	Plus							model	model	122.0	122.0	0.0	158.1	158.1	sexM,sexP	sexM,sexP		
Lichtheimia_hyalospora_NRRL_1305	Mucoromycota:MAT	scaffold_71	66766-80284	66766-80284	withheld:below_fraction_floor	withheld:below_fraction_floor	undetermined	undetermined							model	model	11.4	11.4	0.0	89.1	89.1	rnhA,sexM	rnhA,sexM		
Lichtheimia_hyalospora_NRRL_1305	Mucoromycota:MAT	scaffold_99	15392-24967	15392-24967	withheld:below_fraction_floor	withheld:below_fraction_floor	undetermined	undetermined							model	model	9.0	9.0	0.0	63.3	63.3	algA,sexP	algA,sexP		
Lichtheimia_ramosa_NRRL_1335	Mucoromycota:MAT	scaffold_6686	274-1106	274-1106	withheld:modelled_gene_bar	withheld:modelled_gene_bar	undetermined	undetermined							hsp_fragment	hsp_fragment	2.0	2.0	0.0	37.8	37.8	sexM,sexP	sexM,sexP		
Lichtheimia_ramosa_NRRL_1335	Mucoromycota:MAT	scaffold_8438	174-983	174-983	withheld:modelled_gene_bar	withheld:modelled_gene_bar	undetermined	undetermined							hsp_fragment	hsp_fragment	3.9	3.9	0.0	44.0	44.0	sexM,sexP	sexM,sexP		
Lichtheimia_ramosa_NRRL_1335	Mucoromycota:MAT	scaffold_5391	698-1233	698-1233	withheld:modelled_gene_bar	withheld:modelled_gene_bar	undetermined	undetermined							hsp_fragment	hsp_fragment	13.3	13.3	0.0	44.0	44.0	sexM,sexP	sexM,sexP		
Lichtheimia_ramosa_NRRL_3208	Mucoromycota:MAT	scaffold_1647	3548-4954	3548-4954	withheld:modelled_gene_bar	withheld:modelled_gene_bar	undetermined	undetermined							hsp_fragment	hsp_fragment	1.9	1.9	0.0	35.7	35.7	sexM,sexP	sexM,sexP		
Lichtheimia_ramosa_NRRL_3208	Mucoromycota:MAT	scaffold_368	143-3667	143-3667	withheld:modelled_gene_bar+polish_capped	withheld:modelled_gene_bar+polish_capped	undetermined	undetermined							hsp_fragment	hsp_fragment	0.0	0.0	0.0	0.0	0.0	rnhA,sexP	rnhA,sexP		
Lichtheimia_ramosa_NRRL_3208	Mucoromycota:MAT	scaffold_4061	1797-2307	1797-2307	withheld:modelled_gene_bar	withheld:modelled_gene_bar	undetermined	undetermined							model	model	4.3	4.3	0.0	51.4	51.4	sexM,sexP	sexM,sexP		
Lichtheimia_ramosa_NRRL_3208	Mucoromycota:MAT	scaffold_9819	18-492	18-492	withheld:modelled_gene_bar+polish_capped	withheld:modelled_gene_bar+polish_capped	undetermined	undetermined							hsp_fragment	hsp_fragment	21.0	21.0	0.0	58.9	58.9	sexM,sexP	sexM,sexP		
Lichtheimia_ramosa_NRRL_3208	Mucoromycota:MAT	scaffold_8	63429-63988	63429-63988	withheld:modelled_gene_bar	withheld:modelled_gene_bar	undetermined	undetermined							model	model	21.1	21.1	0.0	78.6	78.6	sexM,sexP	sexM,sexP		
Lichtheimia_ramosa_NRRL_3208	Mucoromycota:MAT	scaffold_10476	4-789	4-789	withheld:modelled_gene_bar	withheld:modelled_gene_bar	undetermined	undetermined							hsp_fragment	hsp_fragment	6.6	6.6	0.0	44.0	44.0	sexM,sexP	sexM,sexP		
Lichtheimia_ramosa_NRRL_3208	Mucoromycota:MAT	scaffold_3660	2742-3244	2742-3244	withheld:modelled_gene_bar	withheld:modelled_gene_bar	undetermined	undetermined							hsp_fragment	hsp_fragment	13.0	13.0	0.0	44.4	44.4	sexM,sexP	sexM,sexP		
Lichtheimia_ramosa_NRRL_3208	Mucoromycota:MAT	scaffold_18416	1-518	1-518	withheld:modelled_gene_bar	withheld:modelled_gene_bar	undetermined	undetermined							hsp_fragment	hsp_fragment	1.7	1.7	0.0	22.7	22.7	sexM,sexP	sexM,sexP		
Lichtheimia_ramosa_NRRL_3208	Mucoromycota:MAT	scaffold_4061	1797-2307	1797-2307	withheld:below_fraction_floor	withheld:below_fraction_floor	undetermined	undetermined							model	model	4.3	4.3	0.0	51.4	51.4	sexM,sexP	sexM,sexP		
Lichtheimia_ramosa_NRRL_3208	Mucoromycota:MAT	scaffold_8	63429-63988	63429-63988	withheld:below_fraction_floor	withheld:below_fraction_floor	undetermined	undetermined							model	model	21.1	21.1	0.0	78.6	78.6	sexM,sexP	sexM,sexP		
Lichtheimia_sphaerocystis_NRRL_6380	Mucoromycota:MAT	scaffold_115	2372-63882	2372-63882	withheld:modelled_gene_bar	withheld:modelled_gene_bar	undetermined	undetermined							model	model	12.8	12.8	0.0	79.9	79.9	sexM,sexP,tptA	sexM,sexP,tptA		
Lichtheimia_sphaerocystis_NRRL_6380	Mucoromycota:MAT	scaffold_3	4128-48706	4128-48706	withheld:modelled_gene_bar	withheld:modelled_gene_bar	undetermined	undetermined							hsp_fragment	hsp_fragment	0.9	0.9	0.0	19.2	19.2	sexP,tptA	sexP,tptA		
Lichtheimia_sphaerocystis_NRRL_6380	Mucoromycota:MAT	scaffold_3	103972-105492	103972-105492	withheld:modelled_gene_bar+polish_capped	withheld:modelled_gene_bar+polish_capped	undetermined	undetermined							hsp_fragment	hsp_fragment	4.2	4.2	0.0	37.4	37.4	sexM,sexP	sexM,sexP		
Lichtheimia_sphaerocystis_NRRL_6380	Mucoromycota:MAT	scaffold_473	26793-27354	26793-27354	withheld:modelled_gene_bar+polish_capped	withheld:modelled_gene_bar+polish_capped	undetermined	undetermined							hsp_fragment	hsp_fragment	3.9	3.9	0.0	36.5	36.5	sexM,sexP	sexM,sexP		
Lichtheimia_sphaerocystis_NRRL_6380	Mucoromycota:MAT	scaffold_298	28980-29989	28980-29989	withheld:modelled_gene_bar	withheld:modelled_gene_bar	undetermined	undetermined							hsp_fragment	hsp_fragment	4.3	4.3	0.0	39.5	39.5	sexM,sexP	sexM,sexP		
Lichtheimia_sphaerocystis_NRRL_6380	Mucoromycota:MAT	scaffold_31	6314-23421	6314-23421	withheld:modelled_gene_bar+polish_capped	withheld:modelled_gene_bar+polish_capped	undetermined	undetermined							hsp_fragment	hsp_fragment	8.7	8.7	0.0	24.7	24.7	rnhA,sexP	rnhA,sexP		
Lichtheimia_sphaerocystis_NRRL_6380	Mucoromycota:MAT	scaffold_69	79886-85045	79886-85045	withheld:modelled_gene_bar	withheld:modelled_gene_bar	undetermined	undetermined							hsp_fragment	hsp_fragment	0.8	0.8	0.0	0.8	0.8	sexM,sexP	sexM,sexP		
Lichtheimia_sphaerocystis_NRRL_6380	Mucoromycota:MAT	scaffold_34	19321-55407	19321-55407	withheld:modelled_gene_bar+polish_capped	withheld:modelled_gene_bar+polish_capped	undetermined	undetermined							hsp_fragment	hsp_fragment	2.8	2.8	0.0	2.8	2.8	sexM,tptA	sexM,tptA		
Lichtheimia_sphaerocystis_NRRL_6380	Mucoromycota:MAT	scaffold_295	10285-16223	10285-16223	withheld:modelled_gene_bar+polish_capped	withheld:modelled_gene_bar+polish_capped	undetermined	undetermined							hsp_fragment	hsp_fragment	1.1	1.1	0.0	1.1	1.1	sexM,tptA	sexM,tptA		
Lichtheimia_sphaerocystis_NRRL_6380	Mucoromycota:MAT	scaffold_493	3138-7961	3138-7961	withheld:modelled_gene_bar	withheld:modelled_gene_bar	undetermined	undetermined							hsp_fragment	hsp_fragment	0.0	0.0	0.0	0.0	0.0	sexP,tptA	sexP,tptA		
Lichtheimia_sphaerocystis_NRRL_6380	Mucoromycota:MAT	scaffold_21	26225-53073	26225-53073	withheld:modelled_gene_bar	withheld:modelled_gene_bar	undetermined	undetermined							hsp_fragment	hsp_fragment	6.9	6.9	0.0	6.9	6.9	algA,sexM	algA,sexM		
Mucor_aligarensis_NRRL_3099	Mucoromycota:MAT	scaffold_427	1470-9738	1470-9738	called	called	Plus	Plus	high	high	mat_locus	mat_locus			model	model	301.1	301.1	0.0	362.5	362.5	algA,rnhA,sexP,tptA	algA,rnhA,sexP,tptA		
Mucor_alternans_NRRL_3358	Mucoromycota:MAT	scaffold_5267	3-2376	3-2376	called	called	Plus	Plus	high	high	mat_locus	mat_locus			model	model	346.6	346.6	0.0	396.0	396.0	rnhA,sexP,tptA	rnhA,sexP,tptA		
Mucor_alternans_NRRL_3358	Mucoromycota:MAT	scaffold_2160	1282-1757	1282-1757	withheld:below_fraction_floor	withheld:below_fraction_floor	undetermined	undetermined							model	model	17.4	17.4	0.0	84.3	84.3	sexM,sexP	sexM,sexP		
Mucor_alternans_NRRL_3358	Mucoromycota:MAT	scaffold_7085	153-1949	153-1949	withheld:below_fraction_floor	withheld:below_fraction_floor	Minus	Minus							model	model	80.7	80.7	0.0	117.6	117.6	sexM,tptA	sexM,tptA		
Mucor_alternans_NRRL_A-15142	Mucoromycota:MAT	scaffold_519	1534-16330	1534-16330	called	called	Plus	Plus	high	high	mat_locus	mat_locus			model	model	346.6	346.6	0.0	396.0	396.0	algA,glrA,rnhA,sexP,tptA	algA,glrA,rnhA,sexP,tptA		
Mucor_alternans_NRRL_A-15142	Mucoromycota:MAT	scaffold_271	15683-32547	15683-32547	withheld:modelled_gene_bar	withheld:modelled_gene_bar	undetermined	undetermined							hsp_fragment	hsp_fragment	2.1	2.1	0.0	2.1	2.1	rnhA,sexP,tptA	rnhA,sexP,tptA		
Mucor_alternans_NRRL_A-15142	Mucoromycota:MAT	scaffold_142	2100-8577	2100-8577	withheld:modelled_gene_bar	withheld:modelled_gene_bar	undetermined	undetermined							hsp_fragment	hsp_fragment	1.2	1.2	0.0	35.8	35.8	glrA,sexM,sexP	glrA,sexM,sexP		
Mucor_alternans_NRRL_A-15142	Mucoromycota:MAT	scaffold_180	27131-30790	27131-30790	withheld:below_fraction_floor	withheld:below_fraction_floor	undetermined	undetermined							model	model	14.7	14.7	0.0	73.9	73.9	rnhA,sexP	rnhA,sexP		
Mucor_alternans_NRRL_A-15142	Mucoromycota:MAT	scaffold_78	24027-60897	24027-60897	withheld:below_fraction_floor	withheld:below_fraction_floor	undetermined	undetermined							hsp_fragment	hsp_fragment	1.5	1.5	0.0	18.9	18.9	btbA,sexP	btbA,sexP		
Mucor_alternans_NRRL_A-16397	Mucoromycota:MAT	scaffold_168	36122-50883	36122-50883	called	called	Plus	Plus	high	high	mat_locus	mat_locus			model	model	342.9	342.9	0.0	393.0	393.0	algA,glrA,rnhA,sexP,tptA	algA,glrA,rnhA,sexP,tptA		
Mucor_alternans_NRRL_A-16397	Mucoromycota:MAT	scaffold_96	21750-55464	21750-55464	withheld:modelled_gene_bar	withheld:modelled_gene_bar	undetermined	undetermined							model	model	18.1	18.1	0.0	83.9	83.9	rnhA,sexM,sexP	rnhA,sexM,sexP		
Mucor_alternans_NRRL_A-16397	Mucoromycota:MAT	scaffold_146	4263-10698	4263-10698	withheld:modelled_gene_bar	withheld:modelled_gene_bar	undetermined	undetermined							hsp_fragment	hsp_fragment	1.2	1.2	0.0	35.8	35.8	glrA,sexM,sexP	glrA,sexM,sexP		
Mucor_alternans_NRRL_A-16397	Mucoromycota:MAT	scaffold_3	114482-151240	114482-151240	withheld:below_fraction_floor	withheld:below_fraction_floor	undetermined	undetermined							hsp_fragment	hsp_fragment	1.5	1.5	0.0	18.9	18.9	btbA,sexP	btbA,sexP		
Mucor_aromaticus_NRRL_A-17745	Mucoromycota:MAT	scaffold_64	11393-21035	11393-21035	called	called	Minus	Minus	medium	medium	mat_locus	mat_locus			model	model	88.9	88.9	0.0	161.5	161.5	algA,glrA,sexM	algA,glrA,sexM		
Mucor_aromaticus_NRRL_A-17745	Mucoromycota:MAT	scaffold_992	16522-17299	16522-17299	withheld:below_fraction_floor	withheld:below_fraction_floor	undetermined	undetermined							model	model	8.3	8.3	0.0	46.5	46.5	sexM,sexP	sexM,sexP		
Mucor_aromaticus_NRRL_A-17745	Mucoromycota:MAT	scaffold_439	22827-23313	22827-23313	withheld:below_fraction_floor	withheld:below_fraction_floor	undetermined	undetermined							model	model	14.1	14.1	0.0	88.2	88.2	sexM,sexP	sexM,sexP		
Mucor_azygosporus_Benjamin_NRRL_3068	Mucoromycota:MAT	scaffold_76	21433-71966	21433-71966	withheld:modelled_gene_bar	withheld:modelled_gene_bar	Minus	Minus							model	model	25.5	25.5	0.0	75.3	75.3	rnhA,sexM,tptA	rnhA,sexM,tptA		
Mucor_azygosporus_Benjamin_NRRL_3068	Mucoromycota:MAT	scaffold_25	74695-78947	74695-78947	withheld:modelled_gene_bar	withheld:modelled_gene_bar	undetermined	undetermined							hsp_fragment	hsp_fragment	7.8	7.8	0.0	39.1	39.1	glrA,sexM,sexP	glrA,sexM,sexP		
Mucor_azygosporus_Benjamin_NRRL_3068	Mucoromycota:MAT	scaffold_471	20707-25549	20707-25549	withheld:modelled_gene_bar	withheld:modelled_gene_bar	undetermined	undetermined														algA,glrA,tptA	algA,glrA,tptA		
Mucor_azygosporus_Benjamin_NRRL_3068	Mucoromycota:MAT	scaffold_74	4182-59226	4182-59226	withheld:modelled_gene_bar	withheld:modelled_gene_bar	undetermined	undetermined							hsp_fragment	hsp_fragment	0.1	0.1	0.0	0.1	0.1	rnhA,sexM,tptA	rnhA,sexM,tptA		
Mucor_azygosporus_Benjamin_NRRL_3068	Mucoromycota:MAT	scaffold_163	4996-5664	4996-5664	withheld:modelled_gene_bar	withheld:modelled_gene_bar	undetermined	undetermined							model	model	0.5	0.5	0.0	66.5	66.5	sexM,sexP	sexM,sexP		
Mucor_azygosporus_Benjamin_NRRL_3068	Mucoromycota:MAT	scaffold_12	76772-102264	76772-102264	withheld:modelled_gene_bar	withheld:modelled_gene_bar	Minus	Minus							model	model	28.9	28.9	0.0	77.3	77.3	sexM,tptA	sexM,tptA		
Mucor_azygosporus_Benjamin_NRRL_3068	Mucoromycota:MAT	scaffold_372	21419-32176	21419-32176	withheld:modelled_gene_bar	withheld:modelled_gene_bar	undetermined	undetermined							hsp_fragment	hsp_fragment	9.9	9.9	0.0	26.1	26.1	algA,sexP	algA,sexP		
Mucor_azygosporus_Benjamin_NRRL_3068	Mucoromycota:MAT	scaffold_8	82194-113285	82194-113285	withheld:modelled_gene_bar+polish_capped	withheld:modelled_gene_bar+polish_capped	undetermined	undetermined							hsp_fragment	hsp_fragment	1.9	1.9	0.0	1.9	1.9	rnhA,sexM	rnhA,sexM		
Mucor_azygosporus_Benjamin_NRRL_3068	Mucoromycota:MAT	scaffold_163	4996-5664	4996-5664	withheld:below_fraction_floor	withheld:below_fraction_floor	undetermined	undetermined							model	model	0.5	0.5	0.0	66.5	66.5	sexM,sexP	sexM,sexP		
Mucor_azygosporus_Benjamin_NRRL_3068	Mucoromycota:MAT	scaffold_12	76772-102264	76772-102264	withheld:below_fraction_floor	withheld:below_fraction_floor	Minus	Minus							model	model	28.9	28.9	0.0	77.3	77.3	sexM,tptA	sexM,tptA		
Mucor_bainieri_NRRL_2988	Mucoromycota:MAT	scaffold_350	13275-28070	13275-28070	called	called	Plus	Plus	high	high	mat_locus	mat_locus			model	model	329.4	329.4	0.0	387.4	387.4	algA,glrA,rnhA,sexP,tptA	algA,glrA,rnhA,sexP,tptA		
Mucor_bainieri_NRRL_2988	Mucoromycota:MAT	scaffold_20	23261-61614	23261-61614	withheld:modelled_gene_bar	withheld:modelled_gene_bar	undetermined	undetermined							hsp_fragment	hsp_fragment	0.0	0.0	0.0	0.0	0.0	algA,rnhA,sexP	algA,rnhA,sexP		
Mucor_bainieri_NRRL_2988	Mucoromycota:MAT	scaffold_731	7065-14030	7065-14030	withheld:modelled_gene_bar	withheld:modelled_gene_bar	undetermined	undetermined							hsp_fragment	hsp_fragment	3.2	3.2	0.0	36.0	36.0	glrA,sexM,sexP	glrA,sexM,sexP		
Mucor_brunneus_NRRL_2351	Mucoromycota:MAT	scaffold_677	1756-17816	1756-17816	called	called	Minus	Minus	high	high	mat_locus	mat_locus			model	model	31.9	31.9	0.0	77.2	77.2	algA,glrA,rnhA,sexM,tptA	algA,glrA,rnhA,sexM,tptA		
Mucor_caninus_NRRL_A-12555	Mucoromycota:MAT	scaffold_33	6275-18705	6275-18705	called	called	Plus	Plus	high	high	mat_locus	mat_locus			model	model	314.8	314.8	0.0	389.0	389.0	algA,glrA,rnhA,sexP	algA,glrA,rnhA,sexP		
Mucor_caninus_NRRL_A-12555	Mucoromycota:MAT	scaffold_49	27501-64936	27501-64936	withheld:below_fraction_floor	withheld:below_fraction_floor	undetermined	undetermined							model	model	11.2	11.2	0.0	43.8	43.8	rnhA,sexM	rnhA,sexM		
Mucor_caninus_NRRL_A-12555	Mucoromycota:MAT	scaffold_143	42513-45413	42513-45413	withheld:below_fraction_floor	withheld:below_fraction_floor	undetermined	undetermined							hsp_fragment	hsp_fragment	0.0	0.0	0.0	0.0	0.0	rnhA,sexP	rnhA,sexP		
Mucor_caninus_NRRL_A-12555	Mucoromycota:MAT	scaffold_31	75549-102845	75549-102845	withheld:below_fraction_floor	withheld:below_fraction_floor	undetermined	undetermined							model	model	24.3	24.3	0.0	79.8	79.8	sexM,sexP	sexM,sexP		
Mucor_circinelloides_NRRL_A-25893	Mucoromycota:MAT	scaffold_4595	3-3001	3-3001	called	called	Plus	Plus	high	high	mat_locus	mat_locus			model	model	346.6	346.6	0.0	396.0	396.0	rnhA,sexP,tptA	rnhA,sexP,tptA		
Mucor_circinelloides_NRRL_A-25893	Mucoromycota:MAT	scaffold_65	10693-11162	10693-11162	withheld:below_fraction_floor	withheld:below_fraction_floor	undetermined	undetermined							model	model	17.3	17.3	0.0	82.1	82.1	sexM,sexP	sexM,sexP		
Mucor_circinelloides_NRRL_A-25893	Mucoromycota:MAT	scaffold_7100	153-1939	153-1939	withheld:below_fraction_floor	withheld:below_fraction_floor	Minus	Minus							model	model	67.9	67.9	0.0	104.6	104.6	sexM,tptA	sexM,tptA		
Mucor_circinelloides_f._circinelloides_NRRL_3614	Mucoromycota:MAT	scaffold_514	7128-21944	7128-21944	called	called	Plus	Plus	high	high	mat_locus	mat_locus			model	model	346.4	346.4	0.0	395.8	395.8	algA,glrA,rnhA,sexP,tptA	algA,glrA,rnhA,sexP,tptA		
Mucor_circinelloides_f._circinelloides_NRRL_3614	Mucoromycota:MAT	scaffold_255	8079-24944	8079-24944	withheld:modelled_gene_bar	withheld:modelled_gene_bar	undetermined	undetermined							hsp_fragment	hsp_fragment	2.1	2.1	0.0	2.1	2.1	rnhA,sexP,tptA	rnhA,sexP,tptA		
Mucor_circinelloides_f._circinelloides_NRRL_3614	Mucoromycota:MAT	scaffold_92	2100-8576	2100-8576	withheld:modelled_gene_bar	withheld:modelled_gene_bar	undetermined	undetermined							hsp_fragment	hsp_fragment	1.2	1.2	0.0	35.8	35.8	glrA,sexM,sexP	glrA,sexM,sexP		
Mucor_circinelloides_f._circinelloides_NRRL_3614	Mucoromycota:MAT	scaffold_8	32053-97443	32053-97443	withheld:modelled_gene_bar	withheld:modelled_gene_bar	undetermined	undetermined							hsp_fragment	hsp_fragment	0.0	0.0	0.0	0.0	0.0	sexM,sexP,tptA	sexM,sexP,tptA		
Mucor_circinelloides_f._circinelloides_NRRL_3614	Mucoromycota:MAT	scaffold_297	26940-30599	26940-30599	withheld:below_fraction_floor	withheld:below_fraction_floor	undetermined	undetermined							model	model	14.7	14.7	0.0	73.9	73.9	rnhA,sexP	rnhA,sexP		
Mucor_circinelloides_f._griseocyanus_NRRL_3621	Mucoromycota:MAT	scaffold_391	664-15535	664-15535	called	called	Plus	Plus	high	high	mat_locus	mat_locus			model	model	331.4	331.4	0.0	386.0	386.0	algA,glrA,rnhA,sexP,tptA	algA,glrA,rnhA,sexP,tptA		
Mucor_circinelloides_f._griseocyanus_NRRL_3621	Mucoromycota:MAT	scaffold_148	10-5976	10-5976	withheld:below_fraction_floor	withheld:below_fraction_floor	undetermined	undetermined							hsp_fragment	hsp_fragment	3.8	3.8	0.0	38.4	38.4	glrA,sexM	glrA,sexM		
Mucor_circinelloides_f._griseocyanus_NRRL_3621	Mucoromycota:MAT	scaffold_533	3025-10094	3025-10094	withheld:below_fraction_floor	withheld:below_fraction_floor	undetermined	undetermined							hsp_fragment	hsp_fragment	0.0	0.0	0.0	0.0	0.0	glrA,sexP	glrA,sexP		
Mucor_circinelloides_f._janssenii_NRRL_2404	Mucoromycota:MAT	scaffold_618	4041-12953	4041-12953	called	called	Minus	Minus	high	high	mat_locus	mat_locus			model	model	101.7	101.7	0.0	143.9	143.9	algA,rnhA,sexM,tptA	algA,rnhA,sexM,tptA		
Mucor_circinelloides_f._janssenii_NRRL_2404	Mucoromycota:MAT	scaffold_969	2467-8977	2467-8977	withheld:modelled_gene_bar	withheld:modelled_gene_bar	undetermined	undetermined							hsp_fragment	hsp_fragment	3.2	3.2	0.0	36.0	36.0	glrA,sexM,sexP	glrA,sexM,sexP		
Mucor_circinelloides_f._janssenii_NRRL_2404	Mucoromycota:MAT	scaffold_501	2673-17030	2673-17030	withheld:below_fraction_floor	withheld:below_fraction_floor	undetermined	undetermined							model	model	8.8	8.8	0.0	70.9	70.9	glrA,sexP	glrA,sexP		
Mucor_circinelloides_f._janssenii_NRRL_2629	Mucoromycota:MAT	scaffold_394	1411-20856	1411-20856	called	called	Minus	Minus	high	high	mat_locus	mat_locus			model	model	101.7	101.7	0.0	143.9	143.9	algA,glrA,rnhA,sexM,tptA	algA,glrA,rnhA,sexM,tptA		
Mucor_circinelloides_f._janssenii_NRRL_2629	Mucoromycota:MAT	scaffold_1066	1216-7775	1216-7775	withheld:modelled_gene_bar	withheld:modelled_gene_bar	undetermined	undetermined							hsp_fragment	hsp_fragment	3.2	3.2	0.0	36.0	36.0	glrA,sexM,sexP	glrA,sexM,sexP		
Mucor_circinelloides_f._janssenii_NRRL_553	Mucoromycota:MAT	scaffold_147	859-62799	859-62799	called	called	Minus	Minus	high	high	mat_locus	mat_locus			model	model	95.7	95.7	0.0	138.4	138.4	algA,glrA,rnhA,sexM,tptA	algA,glrA,rnhA,sexM,tptA		
Mucor_circinelloides_f._janssenii_NRRL_553	Mucoromycota:MAT	scaffold_23	15812-58304	15812-58304	withheld:modelled_gene_bar	withheld:modelled_gene_bar	undetermined	undetermined							hsp_fragment	hsp_fragment	1.0	1.0	0.0	1.7	1.7	rnhA,sexM,sexP	rnhA,sexM,sexP		
Mucor_circinelloides_f._janssenii_NRRL_553	Mucoromycota:MAT	scaffold_61	84865-91318	84865-91318	withheld:modelled_gene_bar	withheld:modelled_gene_bar	undetermined	undetermined							hsp_fragment	hsp_fragment	3.3	3.3	0.0	36.1	36.1	glrA,sexM,sexP	glrA,sexM,sexP		
Mucor_circinelloides_f._janssenii_NRRL_553	Mucoromycota:MAT	scaffold_48	21186-95759	21186-95759	withheld:modelled_gene_bar	withheld:modelled_gene_bar	undetermined	undetermined							hsp_fragment	hsp_fragment	1.9	1.9	0.0	3.1	3.1	algA,rnhA,sexP	algA,rnhA,sexP		
Mucor_circinelloides_f._janssenii_NRRL_553	Mucoromycota:MAT	scaffold_84	72984-101960	72984-101960	withheld:below_fraction_floor	withheld:below_fraction_floor	undetermined	undetermined							model	model	11.6	11.6	0.0	73.5	73.5	sexM,tptA	sexM,tptA		
Mucor_circinelloides_f._lusitanicus_NRRL_1442	Mucoromycota:MAT	scaffold_9	7045-21956	7045-21956	called	called	Plus	Plus	high	high	mat_locus	mat_locus			model	model	327.4	327.4	0.0	379.5	379.5	algA,glrA,rnhA,sexP,tptA	algA,glrA,rnhA,sexP,tptA		
Mucor_circinelloides_f._lusitanicus_NRRL_1442	Mucoromycota:MAT	scaffold_263	27732-34139	27732-34139	withheld:modelled_gene_bar	withheld:modelled_gene_bar	undetermined	undetermined							hsp_fragment	hsp_fragment	3.3	3.3	0.0	36.1	36.1	glrA,sexM,sexP	glrA,sexM,sexP		
Mucor_circinelloides_f._lusitanicus_NRRL_1442	Mucoromycota:MAT	scaffold_30	4867-57777	4867-57777	withheld:modelled_gene_bar	withheld:modelled_gene_bar	undetermined	undetermined							hsp_fragment	hsp_fragment	3.1	3.1	0.0	25.9	25.9	rnhA,sexM,sexP	rnhA,sexM,sexP		
Mucor_circinelloides_f._lusitanicus_NRRL_1442	Mucoromycota:MAT	scaffold_578	1629-16087	1629-16087	withheld:below_fraction_floor	withheld:below_fraction_floor	undetermined	undetermined							model	model	7.9	7.9	0.0	56.7	56.7	glrA,sexP	glrA,sexP		
Mucor_circinelloides_f._lusitanicus_NRRL_1443	Mucoromycota:MAT	scaffold_605	1710-16701	1710-16701	called	called	Minus	Minus	high	high	mat_locus	mat_locus			model	model	135.6	135.6	0.0	180.6	180.6	algA,glrA,rnhA,sexM,tptA	algA,glrA,rnhA,sexM,tptA		
Mucor_circinelloides_f._lusitanicus_NRRL_1443	Mucoromycota:MAT	scaffold_290	1501-7896	1501-7896	withheld:modelled_gene_bar	withheld:modelled_gene_bar	undetermined	undetermined							hsp_fragment	hsp_fragment	3.2	3.2	0.0	36.0	36.0	glrA,sexM,sexP	glrA,sexM,sexP		
Mucor_circinelloides_f._lusitanicus_NRRL_1443	Mucoromycota:MAT	scaffold_537	8705-24109	8705-24109	withheld:below_fraction_floor	withheld:below_fraction_floor	undetermined	undetermined							model	model	7.7	7.7	0.0	56.4	56.4	glrA,sexP	glrA,sexP		
Mucor_circinelloides_f._lusitanicus_NRRL_1443	Mucoromycota:MAT	scaffold_1302	1660-2257	1660-2257	withheld:below_fraction_floor	withheld:below_fraction_floor	undetermined	undetermined							model	model	11.1	11.1	0.0	75.7	75.7	sexP	sexP		
Mucor_circinelloides_f._lusitanicus_NRRL_3629	Mucoromycota:MAT	scaffold_599	6894-21885	6894-21885	called	called	Minus	Minus	high	high	mat_locus	mat_locus			model	model	135.6	135.6	0.0	180.6	180.6	algA,glrA,rnhA,sexM,tptA	algA,glrA,rnhA,sexM,tptA		
Mucor_circinelloides_f._lusitanicus_NRRL_3629	Mucoromycota:MAT	scaffold_9	1709-40981	1709-40981	withheld:modelled_gene_bar	withheld:modelled_gene_bar	undetermined	undetermined							hsp_fragment	hsp_fragment	3.2	3.2	0.0	36.0	36.0	algA,glrA,sexM,sexP	algA,glrA,sexM,sexP		
Mucor_circinelloides_f._lusitanicus_NRRL_3629	Mucoromycota:MAT	scaffold_562	7801-23205	7801-23205	withheld:below_fraction_floor	withheld:below_fraction_floor	undetermined	undetermined							model	model	7.7	7.7	0.0	56.4	56.4	glrA,sexP	glrA,sexP		
Mucor_circinelloides_f._lusitanicus_NRRL_3629	Mucoromycota:MAT	scaffold_1307	1660-2257	1660-2257	withheld:below_fraction_floor	withheld:below_fraction_floor	undetermined	undetermined							model	model	11.1	11.1	0.0	75.7	75.7	sexP	sexP		
Mucor_circinelloides_f._lusitanicus_NRRL_3631	Mucoromycota:MAT	scaffold_329	10525-25436	10525-25436	called	called	Plus	Plus	high	high	mat_locus	mat_locus			model	model	327.4	327.4	0.0	379.5	379.5	algA,glrA,rnhA,sexP,tptA	algA,glrA,rnhA,sexP,tptA		
Mucor_circinelloides_f._lusitanicus_NRRL_3631	Mucoromycota:MAT	scaffold_2	1584-7991	1584-7991	withheld:modelled_gene_bar	withheld:modelled_gene_bar	undetermined	undetermined							hsp_fragment	hsp_fragment	3.3	3.3	0.0	36.1	36.1	glrA,sexM,sexP	glrA,sexM,sexP		
Mucor_circinelloides_f._lusitanicus_NRRL_3631	Mucoromycota:MAT	scaffold_32	2084-55006	2084-55006	withheld:modelled_gene_bar	withheld:modelled_gene_bar	undetermined	undetermined							hsp_fragment	hsp_fragment	3.1	3.1	0.0	25.9	25.9	rnhA,sexM,sexP	rnhA,sexM,sexP		
Mucor_circinelloides_f._lusitanicus_NRRL_3631	Mucoromycota:MAT	scaffold_574	7712-22170	7712-22170	withheld:below_fraction_floor	withheld:below_fraction_floor	undetermined	undetermined							model	model	7.9	7.9	0.0	56.7	56.7	glrA,sexP	glrA,sexP		
Mucor_circinelloides_var._griseocyanus_NRRL_1415	Mucoromycota:MAT	scaffold_785	1012-14158	1012-14158	called	called	Plus	Plus	high	high	mat_locus	mat_locus			model	model	330.4	330.4	0.0	385.5	385.5	glrA,rnhA,sexP,tptA	glrA,rnhA,sexP,tptA		
Mucor_circinelloides_var._griseocyanus_NRRL_1415	Mucoromycota:MAT	scaffold_104	54257-60226	54257-60226	withheld:below_fraction_floor	withheld:below_fraction_floor	undetermined	undetermined							hsp_fragment	hsp_fragment	3.8	3.8	0.0	38.4	38.4	glrA,sexM	glrA,sexM		
Mucor_circinelloides_var._griseocyanus_NRRL_1416	Mucoromycota:MAT	scaffold_522	7286-22161	7286-22161	called	called	Plus	Plus	high	high	mat_locus	mat_locus			model	model	331.4	331.4	0.0	386.0	386.0	algA,glrA,rnhA,sexP,tptA	algA,glrA,rnhA,sexP,tptA		
Mucor_circinelloides_var._griseocyanus_NRRL_1416	Mucoromycota:MAT	scaffold_140	49179-55145	49179-55145	withheld:below_fraction_floor	withheld:below_fraction_floor	undetermined	undetermined							hsp_fragment	hsp_fragment	3.8	3.8	0.0	38.4	38.4	glrA,sexM	glrA,sexM		
Mucor_circinelloides_var._griseocyanus_NRRL_1417	Mucoromycota:MAT	scaffold_781	222-13381	222-13381	called	called	Plus	Plus	high	high	mat_locus	mat_locus			model	model	331.4	331.4	0.0	386.0	386.0	glrA,rnhA,sexP,tptA	glrA,rnhA,sexP,tptA		
Mucor_circinelloides_var._griseocyanus_NRRL_1417	Mucoromycota:MAT	scaffold_127	10-5976	10-5976	withheld:below_fraction_floor	withheld:below_fraction_floor	undetermined	undetermined							hsp_fragment	hsp_fragment	3.8	3.8	0.0	38.4	38.4	glrA,sexM	glrA,sexM		
Mucor_circinelloides_var._griseocyanus_NRRL_1418	Mucoromycota:MAT	scaffold_391	8033-23123	8033-23123	called	called	Minus	Minus	high	high	mat_locus	mat_locus			model	model	115.6	115.6	0.0	156.2	156.2	algA,glrA,rnhA,sexM,tptA	algA,glrA,rnhA,sexM,tptA		
Mucor_circinelloides_var._griseocyanus_NRRL_1418	Mucoromycota:MAT	scaffold_194	28591-34557	28591-34557	withheld:below_fraction_floor	withheld:below_fraction_floor	undetermined	undetermined							hsp_fragment	hsp_fragment	3.2	3.2	0.0	36.0	36.0	glrA,sexM	glrA,sexM		
Mucor_corticolus_NRRL_A-16258	Mucoromycota:MAT	scaffold_578	1710-16701	1710-16701	called	called	Minus	Minus	high	high	mat_locus	mat_locus			model	model	135.6	135.6	0.0	180.6	180.6	algA,glrA,rnhA,sexM,tptA	algA,glrA,rnhA,sexM,tptA		
Mucor_corticolus_NRRL_A-16258	Mucoromycota:MAT	scaffold_7	34904-74176	34904-74176	withheld:modelled_gene_bar	withheld:modelled_gene_bar	undetermined	undetermined							hsp_fragment	hsp_fragment	3.2	3.2	0.0	36.0	36.0	algA,glrA,sexM,sexP	algA,glrA,sexM,sexP		
Mucor_corticolus_NRRL_A-16258	Mucoromycota:MAT	scaffold_617	1624-16978	1624-16978	withheld:below_fraction_floor	withheld:below_fraction_floor	undetermined	undetermined							model	model	7.7	7.7	0.0	56.4	56.4	glrA,sexP	glrA,sexP		
Mucor_corticolus_NRRL_A-16258	Mucoromycota:MAT	scaffold_201	1522-2119	1522-2119	withheld:below_fraction_floor	withheld:below_fraction_floor	undetermined	undetermined							model	model	11.1	11.1	0.0	75.7	75.7	sexP	sexP		
Mucor_ctenidius_NRRL_2929T	Mucoromycota:MAT	scaffold_165	30654-45418	30654-45418	called	called	Minus	Minus	high	high	mat_locus	mat_locus			model	model	84.2	84.2	0.0	128.0	128.0	algA,glrA,rnhA,sexM,tptA	algA,glrA,rnhA,sexM,tptA		
Mucor_ctenidius_NRRL_2929T	Mucoromycota:MAT	scaffold_72	18592-44141	18592-44141	withheld:below_fraction_floor	withheld:below_fraction_floor	undetermined	undetermined							model	model	12.3	12.3	0.0	74.0	74.0	sexM,tptA	sexM,tptA		
Mucor_ctenidius_NRRL_2929T	Mucoromycota:MAT	scaffold_1	252867-290875	252867-290875	withheld:below_fraction_floor	withheld:below_fraction_floor	Minus	Minus							model	model	26.9	26.9	0.0	50.8	50.8	rnhA,sexM	rnhA,sexM		
Mucor_dispersus_NRRL_6039	Mucoromycota:MAT	scaffold_22	122092-131094	122092-131094	called	called	Minus	Minus	medium	medium	mat_locus	mat_locus			model	model	79.2	79.2	0.0	152.9	152.9	algA,glrA,sexM	algA,glrA,sexM		
Mucor_dispersus_NRRL_6039	Mucoromycota:MAT	scaffold_169	28814-29231	28814-29231	withheld:below_fraction_floor	withheld:below_fraction_floor	undetermined	undetermined							model	model	15.9	15.9	0.0	64.7	64.7	sexM,sexP	sexM,sexP		
Mucor_dispersus_NRRL_6039	Mucoromycota:MAT	scaffold_494	3045-13060	3045-13060	withheld:below_fraction_floor	withheld:below_fraction_floor	undetermined	undetermined							model	model	10.1	10.1	0.0	37.9	37.9	btbA,rnhA,sexP	btbA,rnhA,sexP		
Mucor_dispersus_NRRL_6045	Mucoromycota:MAT	scaffold_145	449-42370	449-42370	called	called	Plus	Plus	medium	medium	mat_locus	mat_locus			model	model	221.1	221.1	0.0	297.9	297.9	algA,glrA,sexP	algA,glrA,sexP		
Mucor_dispersus_NRRL_6045	Mucoromycota:MAT	scaffold_45	66838-80158	66838-80158	withheld:modelled_gene_bar	withheld:modelled_gene_bar	undetermined	undetermined							hsp_fragment	hsp_fragment	7.2	7.2	0.0	47.6	47.6	algA,sexM,sexP	algA,sexM,sexP		
Mucor_dispersus_NRRL_6045	Mucoromycota:MAT	scaffold_398	7026-36661	7026-36661	withheld:below_fraction_floor	withheld:below_fraction_floor	undetermined	undetermined							model	model	8.3	8.3	0.0	65.3	65.3	sexM,sexP	sexM,sexP		
Mucor_dispersus_NRRL_6046	Mucoromycota:MAT	scaffold_11	105157-147147	105157-147147	called	called	Plus	Plus	high	high	mat_locus	mat_locus			model	model	228.8	228.8	0.0	301.1	301.1	algA,glrA,sexP,tptA	algA,glrA,sexP,tptA		
Mucor_dispersus_NRRL_6046	Mucoromycota:MAT	scaffold_176	48978-60164	48978-60164	withheld:modelled_gene_bar	withheld:modelled_gene_bar	undetermined	undetermined							model	model	9.3	9.3	0.0	36.0	36.0	btbA,rnhA,sexM,sexP	btbA,rnhA,sexM,sexP		
Mucor_foenicola_NRRL_A-10991	Mucoromycota:MAT	scaffold_7163	341-1808	341-1808	called	called	Plus	Plus	medium	medium	partial_locus	partial_locus			model	model	346.6	346.6	0.0	396.0	396.0	sexP,tptA	sexP,tptA		
Mucor_foenicola_NRRL_A-10991	Mucoromycota:MAT	scaffold_5577	153-2425	153-2425	called	called	Minus	Minus	medium	medium	partial_locus	partial_locus			model	model	67.9	67.9	0.0	104.6	104.6	sexM,tptA	sexM,tptA		
Mucor_foenicola_NRRL_A-10991	Mucoromycota:MAT	scaffold_13	21000-21469	21000-21469	withheld:modelled_gene_bar	withheld:modelled_gene_bar	undetermined	undetermined							model	model	17.3	17.3	0.0	82.1	82.1	sexM,sexP	sexM,sexP		
Mucor_foenicola_NRRL_A-10991	Mucoromycota:MAT	scaffold_4876	1804-2775	1804-2775	withheld:modelled_gene_bar	withheld:modelled_gene_bar	undetermined	undetermined							hsp_fragment	hsp_fragment	2.1	2.1	0.0	40.2	40.2	sexM,sexP	sexM,sexP		
Mucor_foenicola_NRRL_A-10991	Mucoromycota:MAT	scaffold_2420	1944-2690	1944-2690	withheld:modelled_gene_bar	withheld:modelled_gene_bar	undetermined	undetermined							hsp_fragment	hsp_fragment	1.0	1.0	0.0	35.8	35.8	sexM,sexP	sexM,sexP		
Mucor_foenicola_NRRL_A-10991	Mucoromycota:MAT	scaffold_13	21000-21469	21000-21469	withheld:below_fraction_floor	withheld:below_fraction_floor	undetermined	undetermined							model	model	17.3	17.3	0.0	82.1	82.1	sexM,sexP	sexM,sexP		
Mucor_fragilis_NRRL_2569	Mucoromycota:MAT	scaffold_8	6956-21866	6956-21866	called	called	Plus	Plus	high	high	mat_locus	mat_locus			model	model	327.4	327.4	0.0	379.5	379.5	algA,glrA,rnhA,sexP,tptA	algA,glrA,rnhA,sexP,tptA		
Mucor_fragilis_NRRL_2569	Mucoromycota:MAT	scaffold_1	1502-7892	1502-7892	withheld:modelled_gene_bar	withheld:modelled_gene_bar	undetermined	undetermined							hsp_fragment	hsp_fragment	3.3	3.3	0.0	36.1	36.1	glrA,sexM,sexP	glrA,sexM,sexP		
Mucor_fragilis_NRRL_2569	Mucoromycota:MAT	scaffold_595	1629-16087	1629-16087	withheld:below_fraction_floor	withheld:below_fraction_floor	undetermined	undetermined							model	model	7.9	7.9	0.0	56.7	56.7	glrA,sexP	glrA,sexP		
Mucor_fragilis_NRRL_2714	Mucoromycota:MAT	scaffold_514	7284-23457	7284-23457	called	called	Minus	Minus	high	high	mat_locus	mat_locus			model	model	91.4	91.4	0.0	138.1	138.1	algA,glrA,rnhA,sexM,tptA	algA,glrA,rnhA,sexM,tptA		
Mucor_fragilis_NRRL_2714	Mucoromycota:MAT	scaffold_84	17901-38825	17901-38825	withheld:modelled_gene_bar	withheld:modelled_gene_bar	undetermined	undetermined							hsp_fragment	hsp_fragment	2.8	2.8	0.0	48.8	48.8	rnhA,sexP,tptA	rnhA,sexP,tptA		
Mucor_fragilis_NRRL_2714	Mucoromycota:MAT	scaffold_90	1178-7553	1178-7553	withheld:modelled_gene_bar	withheld:modelled_gene_bar	undetermined	undetermined							hsp_fragment	hsp_fragment	3.2	3.2	0.0	36.0	36.0	glrA,sexM,sexP	glrA,sexM,sexP		
Mucor_fragilis_NRRL_2714	Mucoromycota:MAT	scaffold_5	59230-65133	59230-65133	withheld:below_fraction_floor	withheld:below_fraction_floor	undetermined	undetermined							hsp_fragment	hsp_fragment	0.0	0.0	0.0	0.0	0.0	sexP,tptA	sexP,tptA		
Mucor_fragilis_NRRL_A-16026	Mucoromycota:MAT	scaffold_10	170181-182779	170181-182779	called	called	Plus	Plus	high	high	mat_locus	mat_locus			model	model	281.2	281.2	0.0	361.0	361.0	algA,glrA,rnhA,sexP,tptA	algA,glrA,rnhA,sexP,tptA		
Mucor_fragilis_NRRL_A-16026	Mucoromycota:MAT	scaffold_56	2253-99858	2253-99858	withheld:modelled_gene_bar	withheld:modelled_gene_bar	undetermined	undetermined							hsp_fragment	hsp_fragment	0.0	0.0	0.0	0.0	0.0	btbA,rnhA,sexM,tptA	btbA,rnhA,sexM,tptA		
Mucor_fragilis_NRRL_A-16026	Mucoromycota:MAT	scaffold_68	4874-55126	4874-55126	withheld:modelled_gene_bar	withheld:modelled_gene_bar	undetermined	undetermined							hsp_fragment	hsp_fragment	7.5	7.5	0.0	7.5	7.5	rnhA,sexP,tptA	rnhA,sexP,tptA		
Mucor_fragilis_NRRL_A-16026	Mucoromycota:MAT	scaffold_34	90176-109225	90176-109225	withheld:modelled_gene_bar	withheld:modelled_gene_bar	undetermined	undetermined							hsp_fragment	hsp_fragment	7.3	7.3	0.0	44.8	44.8	glrA,sexM,sexP	glrA,sexM,sexP		
Mucor_genevensis_NRRL_1410	Mucoromycota:MAT	scaffold_631	378-14903	378-14903	called	called	Plus	Plus	high	high	mat_locus	mat_locus			model	model	296.4	296.4	0.0	351.6	351.6	glrA,rnhA,sexP,tptA	glrA,rnhA,sexP,tptA		
Mucor_genevensis_NRRL_1410	Mucoromycota:MAT	scaffold_524	5030-14263	5030-14263	called	called	Minus	Minus	low	low	partial_locus	partial_locus			hsp_fragment	hsp_fragment	34.7	34.7	0.0	55.6	55.6	glrA,rnhA,sexM,tptA	glrA,rnhA,sexM,tptA		
Mucor_genevensis_NRRL_1410	Mucoromycota:MAT	scaffold_2	49672-73934	49672-73934	withheld:modelled_gene_bar	withheld:modelled_gene_bar	undetermined	undetermined							hsp_fragment	hsp_fragment	2.5	2.5	0.0	2.9	2.9	rnhA,sexM,sexP	rnhA,sexM,sexP		
Mucor_genevensis_NRRL_1410	Mucoromycota:MAT	scaffold_43	27512-41318	27512-41318	withheld:below_fraction_floor	withheld:below_fraction_floor	undetermined	undetermined							hsp_fragment	hsp_fragment	3.5	3.5	0.0	38.6	38.6	glrA,sexP	glrA,sexP		
Mucor_genevensis_NRRL_1411	Mucoromycota:MAT	scaffold_414	6637-29414	6637-29414	called	called	Plus	Plus	high	high	mat_locus	mat_locus			model	model	298.6	298.6	0.0	352.2	352.2	algA,glrA,rnhA,sexP,tptA	algA,glrA,rnhA,sexP,tptA		
Mucor_genevensis_NRRL_1411	Mucoromycota:MAT	scaffold_340	10445-20036	10445-20036	called	called	Minus	Minus	low	low	partial_locus	partial_locus			hsp_fragment	hsp_fragment	32.8	32.8	0.0	53.1	53.1	algA,glrA,rnhA,sexM,tptA	algA,glrA,rnhA,sexM,tptA		
Mucor_genevensis_NRRL_1411	Mucoromycota:MAT	scaffold_66	43404-71364	43404-71364	withheld:modelled_gene_bar	withheld:modelled_gene_bar	undetermined	undetermined							hsp_fragment	hsp_fragment	1.6	1.6	0.0	1.7	1.7	rnhA,sexM,sexP	rnhA,sexM,sexP		
Mucor_genevensis_NRRL_1411	Mucoromycota:MAT	scaffold_98	30587-45262	30587-45262	withheld:modelled_gene_bar	withheld:modelled_gene_bar	undetermined	undetermined							hsp_fragment	hsp_fragment	3.5	3.5	0.0	38.6	38.6	algA,glrA,sexM,sexP	algA,glrA,sexM,sexP		
Mucor_genevensis_NRRL_1411	Mucoromycota:MAT	scaffold_11	60045-96475	60045-96475	withheld:modelled_gene_bar	withheld:modelled_gene_bar	undetermined	undetermined							hsp_fragment	hsp_fragment	5.0	5.0	0.0	26.3	26.3	algA,glrA,sexP	algA,glrA,sexP		
Mucor_genevensis_NRRL_1412	Mucoromycota:MAT	scaffold_18	16610-26182	16610-26182	called	called	Minus	Minus	low	low	partial_locus	partial_locus			hsp_fragment	hsp_fragment	32.8	32.8	0.0	53.1	53.1	algA,glrA,rnhA,sexM,tptA	algA,glrA,rnhA,sexM,tptA		
Mucor_genevensis_NRRL_1412	Mucoromycota:MAT	scaffold_980	3166-9310	3166-9310	called	called	Minus	Minus	low	low	partial_locus	partial_locus			hsp_fragment	hsp_fragment	34.7	34.7	0.0	55.6	55.6	rnhA,sexM,tptA	rnhA,sexM,tptA		
Mucor_genevensis_NRRL_1412	Mucoromycota:MAT	scaffold_5533	3-2586	3-2586	withheld:below_fraction_floor	withheld:below_fraction_floor	Plus	Plus							model	model	294.4	294.4	0.0	349.6	349.6	sexP,tptA	sexP,tptA		
Mucor_genevensis_NRRL_1756	Mucoromycota:MAT	scaffold_74	2262-18833	2262-18833	called	called	Plus	Plus	high	high	mat_locus	mat_locus			model	model	297.8	297.8	0.0	353.2	353.2	algA,rnhA,sexP,tptA	algA,rnhA,sexP,tptA		
Mucor_genevensis_NRRL_1756	Mucoromycota:MAT	scaffold_21	518-10090	518-10090	called	called	Minus	Minus	low	low	partial_locus	partial_locus			hsp_fragment	hsp_fragment	32.8	32.8	0.0	53.1	53.1	algA,glrA,rnhA,sexM,tptA	algA,glrA,rnhA,sexM,tptA		
Mucor_genevensis_NRRL_1756	Mucoromycota:MAT	scaffold_619	2540-8684	2540-8684	called	called	Minus	Minus	low	low	partial_locus	partial_locus			hsp_fragment	hsp_fragment	34.7	34.7	0.0	55.6	55.6	rnhA,sexM,tptA	rnhA,sexM,tptA		
Mucor_genevensis_NRRL_1821	Mucoromycota:MAT	scaffold_188	787-7195	787-7195	called	called	Minus	Minus	low	low	partial_locus	partial_locus			hsp_fragment	hsp_fragment	34.8	34.8	0.0	55.7	55.7	glrA,rnhA,sexM	glrA,rnhA,sexM		
Mucor_genevensis_NRRL_1821	Mucoromycota:MAT	scaffold_27	67-4356	67-4356	called	called	Minus	Minus	low	low	partial_locus	partial_locus			hsp_fragment	hsp_fragment	32.6	32.6	0.0	53.4	53.4	rnhA,sexM,tptA	rnhA,sexM,tptA		
Mucor_genevensis_NRRL_1821	Mucoromycota:MAT	scaffold_215	290-6710	290-6710	withheld:below_fraction_floor	withheld:below_fraction_floor	Plus	Plus							model	model	294.9	294.9	0.0	349.8	349.8	rnhA,sexP	rnhA,sexP		
Mucor_genevensis_NRRL_1821	Mucoromycota:MAT	scaffold_1153	32-426	32-426	withheld:below_fraction_floor	withheld:below_fraction_floor	undetermined	undetermined							model	model	15.2	15.2	0.0	76.8	76.8	sexP	sexP		
Mucor_genevensis_NRRL_3101	Mucoromycota:MAT	scaffold_964	723-7391	723-7391	called	called	Minus	Minus	low	low	partial_locus	partial_locus			hsp_fragment	hsp_fragment	36.3	36.3	0.0	61.2	61.2	rnhA,sexM,tptA	rnhA,sexM,tptA		
Mucor_genevensis_NRRL_3101	Mucoromycota:MAT	scaffold_1079	553-11159	553-11159	called	called	Plus	Plus	high	high	mat_locus	mat_locus			model	model	296.5	296.5	0.0	349.9	349.9	algA,sexP,tptA	algA,sexP,tptA		
Mucor_genevensis_NRRL_3101	Mucoromycota:MAT	scaffold_654	3243-19204	3243-19204	withheld:modelled_gene_bar	withheld:modelled_gene_bar	undetermined	undetermined							hsp_fragment	hsp_fragment	3.5	3.5	0.0	38.6	38.6	glrA,sexM,sexP	glrA,sexM,sexP		
Mucor_genevensis_NRRL_3101	Mucoromycota:MAT	scaffold_141	4530-35628	4530-35628	withheld:below_fraction_floor	withheld:below_fraction_floor	undetermined	undetermined							model	model	12.9	12.9	0.0	75.5	75.5	btbA,sexP	btbA,sexP		
Mucor_genevensis_NRRL_A-17770	Mucoromycota:MAT	scaffold_227	7032-33546	7032-33546	called	called	Plus	Plus	high	high	mat_locus	mat_locus			model	model	296.5	296.5	0.0	349.6	349.6	algA,glrA,rnhA,sexP,tptA	algA,glrA,rnhA,sexP,tptA		
Mucor_genevensis_NRRL_A-17770	Mucoromycota:MAT	scaffold_820	12526-17032	12526-17032	called	called	Minus	Minus	low	low	partial_locus	partial_locus			hsp_fragment	hsp_fragment	33.8	33.8	0.0	53.6	53.6	rnhA,sexM,tptA	rnhA,sexM,tptA		
Mucor_genevensis_NRRL_A-17770	Mucoromycota:MAT	scaffold_230	29518-30014	29518-30014	withheld:below_fraction_floor	withheld:below_fraction_floor	undetermined	undetermined							model	model	12.4	12.4	0.0	61.5	61.5	sexM,sexP	sexM,sexP		
Mucor_genevensis_NRRL_A-17770	Mucoromycota:MAT	scaffold_108	26808-27202	26808-27202	withheld:below_fraction_floor	withheld:below_fraction_floor	undetermined	undetermined							model	model	14.8	14.8	0.0	76.6	76.6	sexP	sexP		
Mucor_genevensis_NRRL_A-17770	Mucoromycota:MAT	scaffold_101	263-15333	263-15333	withheld:below_fraction_floor	withheld:below_fraction_floor	undetermined	undetermined							hsp_fragment	hsp_fragment	13.4	13.4	0.0	34.9	34.9	glrA,sexP	glrA,sexP		
Mucor_globosus_Fischer_NRRL_1759	Mucoromycota:MAT	scaffold_5	20507-36993	20507-36993	called	called	Minus	Minus	high	high	mat_locus	mat_locus			model	model	32.6	32.6	0.0	73.2	73.2	algA,glrA,rnhA,sexM,tptA	algA,glrA,rnhA,sexM,tptA		
Mucor_globosus_Fischer_NRRL_1759	Mucoromycota:MAT	scaffold_1592	6937-11368	6937-11368	called	called	Plus	Plus	high	high	mat_locus	mat_locus			model	model	202.9	202.9	0.0	243.3	243.3	algA,rnhA,sexP,tptA	algA,rnhA,sexP,tptA		
Mucor_globosus_Fischer_NRRL_1759	Mucoromycota:MAT	scaffold_2350	4215-4636	4215-4636	withheld:below_fraction_floor	withheld:below_fraction_floor	undetermined	undetermined							model	model	14.6	14.6	0.0	70.5	70.5	sexM,sexP	sexM,sexP		
Mucor_globosus_Fischer_NRRL_1759	Mucoromycota:MAT	scaffold_3248	4736-5138	4736-5138	withheld:below_fraction_floor	withheld:below_fraction_floor	undetermined	undetermined							model	model	5.0	5.0	0.0	46.5	46.5	sexM,sexP	sexM,sexP		
Mucor_globosus_NRRL_1436	Mucoromycota:MAT	scaffold_383	3203-9451	3203-9451	called	called	Minus	Minus	high	high	mat_locus	mat_locus			model	model	32.6	32.6	0.0	73.2	73.2	rnhA,sexM,tptA	rnhA,sexM,tptA		
Mucor_globosus_NRRL_1436	Mucoromycota:MAT	scaffold_2128	922-5329	922-5329	called	called	Plus	Plus	high	high	mat_locus	mat_locus			model	model	202.9	202.9	0.0	243.3	243.3	algA,rnhA,sexP,tptA	algA,rnhA,sexP,tptA		
Mucor_globosus_NRRL_1436	Mucoromycota:MAT	scaffold_2112	1430-1851	1430-1851	withheld:below_fraction_floor	withheld:below_fraction_floor	undetermined	undetermined							model	model	14.6	14.6	0.0	70.5	70.5	sexM,sexP	sexM,sexP		
Mucor_globosus_NRRL_A-28295	Mucoromycota:MAT	scaffold_3582	142-2487	142-2487	withheld:modelled_gene_bar	withheld:modelled_gene_bar	Minus	Minus							model	model	43.4	43.4	0.0	115.1	115.1	sexM,sexP	sexM,sexP		
Mucor_globosus_NRRL_A-28295	Mucoromycota:MAT	scaffold_1408	3499-4351	3499-4351	withheld:modelled_gene_bar	withheld:modelled_gene_bar	undetermined	undetermined							hsp_fragment	hsp_fragment	2.4	2.4	0.0	38.8	38.8	sexM,sexP	sexM,sexP		
Mucor_globosus_NRRL_A-28295	Mucoromycota:MAT	scaffold_115	6583-7313	6583-7313	withheld:modelled_gene_bar	withheld:modelled_gene_bar	undetermined	undetermined							hsp_fragment	hsp_fragment	2.5	2.5	0.0	37.8	37.8	sexM,sexP	sexM,sexP		
Mucor_globosus_NRRL_A-28295	Mucoromycota:MAT	scaffold_384	562-3805	562-3805	withheld:modelled_gene_bar	withheld:modelled_gene_bar	undetermined	undetermined							hsp_fragment	hsp_fragment	0.0	0.0	0.0	0.0	0.0	algA,sexM	algA,sexM		
Mucor_globosus_NRRL_A-28295	Mucoromycota:MAT	scaffold_3582	142-2487	142-2487	withheld:below_fraction_floor	withheld:below_fraction_floor	Minus	Minus							model	model	43.4	43.4	0.0	115.1	115.1	sexM,sexP	sexM,sexP		
Mucor_griseo-ochraceus_var._minuta_NRRL_3246	Mucoromycota:MAT	scaffold_2	54858-69033	54858-69033	called	called	Minus	Minus	high	high	mat_locus	mat_locus			model	model	107.5	107.5	0.0	180.4	180.4	algA,glrA,rnhA,sexM,tptA	algA,glrA,rnhA,sexM,tptA		
Mucor_griseo-ochraceus_var._minuta_NRRL_3246	Mucoromycota:MAT	scaffold_85	41020-95073	41020-95073	withheld:modelled_gene_bar	withheld:modelled_gene_bar	undetermined	undetermined							model	model	17.9	17.9	0.0	65.4	65.4	rnhA,sexM,sexP	rnhA,sexM,sexP		
Mucor_griseo-ochraceus_var._minuta_NRRL_3246	Mucoromycota:MAT	scaffold_134	255-48739	255-48739	withheld:below_fraction_floor	withheld:below_fraction_floor	undetermined	undetermined							hsp_fragment	hsp_fragment	4.0	4.0	0.0	40.5	40.5	rnhA,sexP	rnhA,sexP		
Mucor_griseo-ochraceus_var._minuta_NRRL_3246	Mucoromycota:MAT	scaffold_91	30860-31340	30860-31340	withheld:below_fraction_floor	withheld:below_fraction_floor	undetermined	undetermined							model	model	5.6	5.6	0.0	51.2	51.2	sexM,sexP	sexM,sexP		
Mucor_griseo-ochraceus_var._minuta_NRRL_3246	Mucoromycota:MAT	scaffold_23	130739-154089	130739-154089	withheld:below_fraction_floor	withheld:below_fraction_floor	undetermined	undetermined							hsp_fragment	hsp_fragment	0.0	0.0	0.0	0.0	0.0	sexM,tptA	sexM,tptA		
Mucor_heterosporus_NRRL_3154	Mucoromycota:MAT	scaffold_26	91543-126371	91543-126371	called	called	Plus	Plus	high	high	mat_locus	mat_locus			model	model	301.7	301.7	0.0	372.0	372.0	algA,glrA,rnhA,sexP,tptA	algA,glrA,rnhA,sexP,tptA		
Mucor_heterosporus_NRRL_3154	Mucoromycota:MAT	scaffold_122	25481-91529	25481-91529	withheld:modelled_gene_bar	withheld:modelled_gene_bar	undetermined	undetermined														algA,glrA,rnhA	algA,glrA,rnhA		
Mucor_heterosporus_NRRL_3154	Mucoromycota:MAT	scaffold_78	503-3565	503-3565	withheld:below_fraction_floor	withheld:below_fraction_floor	Minus	Minus							model	model	91.5	91.5	0.0	152.1	152.1	rnhA,sexM	rnhA,sexM		
Mucor_hiemalis_NRRL_1419	Mucoromycota:MAT	scaffold_531	680-15769	680-15769	called	called	Minus	Minus	high	high	mat_locus	mat_locus			model	model	111.0	111.0	0.0	153.3	153.3	algA,glrA,rnhA,sexM,tptA	algA,glrA,rnhA,sexM,tptA		
Mucor_hiemalis_NRRL_1419	Mucoromycota:MAT	scaffold_120	10-5976	10-5976	withheld:below_fraction_floor	withheld:below_fraction_floor	undetermined	undetermined							hsp_fragment	hsp_fragment	3.8	3.8	0.0	38.4	38.4	glrA,sexM	glrA,sexM		
Mucor_hiemalis_NRRL_2349	Mucoromycota:MAT	scaffold_202	11841-45134	11841-45134	called	called	Plus	Plus	high	high	mat_locus	mat_locus			model	model	250.5	250.5	0.0	320.8	320.8	algA,glrA,rnhA,sexP,tptA	algA,glrA,rnhA,sexP,tptA		
Mucor_hiemalis_NRRL_2349	Mucoromycota:MAT	scaffold_1	204426-228688	204426-228688	withheld:below_fraction_floor	withheld:below_fraction_floor	undetermined	undetermined							model	model	10.8	10.8	0.0	59.3	59.3	sexM,sexP	sexM,sexP		
Mucor_hiemalis_NRRL_2349	Mucoromycota:MAT	scaffold_83	35434-106532	35434-106532	withheld:below_fraction_floor	withheld:below_fraction_floor	undetermined	undetermined							hsp_fragment	hsp_fragment	0.0	0.0	0.0	0.0	0.0	rnhA,sexM	rnhA,sexM		
Mucor_hiemalis_NRRL_2349	Mucoromycota:MAT	scaffold_151	16449-21361	16449-21361	withheld:below_fraction_floor	withheld:below_fraction_floor	undetermined	undetermined							hsp_fragment	hsp_fragment	9.0	9.0	0.0	9.0	9.0	glrA,sexM	glrA,sexM		
Mucor_hiemalis_NRRL_2461	Mucoromycota:MAT	scaffold_259	4156-39789	4156-39789	called	called	Minus	Minus	high	high	mat_locus	mat_locus			model	model	30.2	30.2	0.0	92.2	92.2	algA,glrA,rnhA,sexM,tptA	algA,glrA,rnhA,sexM,tptA		
Mucor_hiemalis_NRRL_2461	Mucoromycota:MAT	scaffold_33	65200-112325	65200-112325	withheld:modelled_gene_bar	withheld:modelled_gene_bar	undetermined	undetermined							hsp_fragment	hsp_fragment	2.4	2.4	0.0	16.1	16.1	rnhA,sexM,sexP	rnhA,sexM,sexP		
Mucor_hiemalis_NRRL_2462	Mucoromycota:MAT	scaffold_267	1412-37243	1412-37243	called	called	Plus	Plus	high	high	mat_locus	mat_locus			model	model	254.5	254.5	0.0	325.0	325.0	algA,glrA,rnhA,sexP,tptA	algA,glrA,rnhA,sexP,tptA		
Mucor_hiemalis_NRRL_2462	Mucoromycota:MAT	scaffold_10	121910-169037	121910-169037	withheld:modelled_gene_bar	withheld:modelled_gene_bar	undetermined	undetermined							hsp_fragment	hsp_fragment	2.4	2.4	0.0	16.1	16.1	rnhA,sexM,sexP	rnhA,sexM,sexP		
Mucor_hiemalis_NRRL_3140	Mucoromycota:MAT	scaffold_66	40240-49574	40240-49574	called	called	Plus	Plus	high	high	mat_locus	mat_locus			model	model	251.1	251.1	0.0	302.6	302.6	glrA,rnhA,sexP	glrA,rnhA,sexP		
Mucor_hiemalis_NRRL_3140	Mucoromycota:MAT	scaffold_246	8220-21573	8220-21573	withheld:modelled_gene_bar	withheld:modelled_gene_bar	undetermined	undetermined							hsp_fragment	hsp_fragment	10.4	10.4	0.0	22.1	22.1	rnhA,sexM,sexP	rnhA,sexM,sexP		
Mucor_hiemalis_NRRL_3140	Mucoromycota:MAT	scaffold_191	20035-28395	20035-28395	withheld:modelled_gene_bar	withheld:modelled_gene_bar	undetermined	undetermined							hsp_fragment	hsp_fragment	6.5	6.5	0.0	38.7	38.7	glrA,sexM,sexP	glrA,sexM,sexP		
Mucor_hiemalis_NRRL_3140	Mucoromycota:MAT	scaffold_38	38043-79859	38043-79859	withheld:modelled_gene_bar	withheld:modelled_gene_bar	undetermined	undetermined							hsp_fragment	hsp_fragment	1.4	1.4	0.0	1.4	1.4	rnhA,sexM,tptA	rnhA,sexM,tptA		
Mucor_hiemalis_NRRL_3140	Mucoromycota:MAT	scaffold_49	3085-72092	3085-72092	withheld:modelled_gene_bar+polish_capped	withheld:modelled_gene_bar+polish_capped	undetermined	undetermined							hsp_fragment	hsp_fragment	0.0	0.0	0.0	0.0	0.0	glrA,sexM,sexP	glrA,sexM,sexP		
Mucor_hiemalis_NRRL_3140	Mucoromycota:MAT	scaffold_106	74958-79647	74958-79647	withheld:paralog_class	withheld:paralog_class	Minus	Minus							model	model	26.8	26.8	0.0	75.0	75.0	glrA,sexM,tptA	glrA,sexM,tptA		
Mucor_hiemalis_NRRL_3140	Mucoromycota:MAT	scaffold_70	68117-75877	68117-75877	withheld:below_fraction_floor	withheld:below_fraction_floor	undetermined	undetermined							model	model	14.4	14.4	0.0	63.6	63.6	rnhA,sexM	rnhA,sexM		
Mucor_hiemalis_NRRL_A-11532	Mucoromycota:MAT	scaffold_521	7124-22046	7124-22046	called	called	Minus	Minus	high	high	mat_locus	mat_locus			model	model	76.7	76.7	0.0	118.8	118.8	algA,glrA,rnhA,sexM,tptA	algA,glrA,rnhA,sexM,tptA		
Mucor_hiemalis_NRRL_A-11532	Mucoromycota:MAT	scaffold_262	15603-32469	15603-32469	withheld:modelled_gene_bar	withheld:modelled_gene_bar	undetermined	undetermined							hsp_fragment	hsp_fragment	2.1	2.1	0.0	2.1	2.1	rnhA,sexP,tptA	rnhA,sexP,tptA		
Mucor_hiemalis_NRRL_A-11532	Mucoromycota:MAT	scaffold_320	26882-33501	26882-33501	withheld:modelled_gene_bar	withheld:modelled_gene_bar	undetermined	undetermined							hsp_fragment	hsp_fragment	1.2	1.2	0.0	35.8	35.8	glrA,sexM,sexP	glrA,sexM,sexP		
Mucor_hiemalis_NRRL_A-11532	Mucoromycota:MAT	scaffold_9	32140-57878	32140-57878	withheld:below_fraction_floor	withheld:below_fraction_floor	undetermined	undetermined							hsp_fragment	hsp_fragment	0.0	0.0	0.0	0.0	0.0	sexM,tptA	sexM,tptA		
Mucor_hiemalis_NRRL_A-11532	Mucoromycota:MAT	scaffold_93	24041-60995	24041-60995	withheld:below_fraction_floor	withheld:below_fraction_floor	undetermined	undetermined							hsp_fragment	hsp_fragment	1.5	1.5	0.0	18.9	18.9	btbA,sexP	btbA,sexP		
Mucor_hiemalis_NRRL_A-16027	Mucoromycota:MAT	scaffold_6	120151-154480	120151-154480	called	called	undetermined	undetermined	high	high	mat_locus	mat_locus			model	model	22.9	22.9	0.0	92.4	92.4	algA,glrA,rnhA,sexM,tptA	algA,glrA,rnhA,sexM,tptA		
Mucor_hiemalis_NRRL_A-16027	Mucoromycota:MAT	scaffold_11	111897-203106	111897-203106	withheld:modelled_gene_bar	withheld:modelled_gene_bar	undetermined	undetermined														algA,glrA,rnhA,tptA	algA,glrA,rnhA,tptA		
Mucor_hiemalis_NRRL_A-16027	Mucoromycota:MAT	scaffold_79	20167-86774	20167-86774	withheld:modelled_gene_bar	withheld:modelled_gene_bar	undetermined	undetermined							model	model	20.9	20.9	0.0	71.9	71.9	glrA,sexM,sexP	glrA,sexM,sexP		
Mucor_hiemalis_NRRL_A-16027	Mucoromycota:MAT	scaffold_150	33485-66074	33485-66074	withheld:modelled_gene_bar	withheld:modelled_gene_bar	undetermined	undetermined							hsp_fragment	hsp_fragment	1.1	1.1	0.0	1.1	1.1	glrA,sexM,sexP	glrA,sexM,sexP		
Mucor_hiemalis_NRRL_A-16027	Mucoromycota:MAT	scaffold_88	67767-74589	67767-74589	withheld:below_fraction_floor	withheld:below_fraction_floor	undetermined	undetermined							hsp_fragment	hsp_fragment	0.0	0.0	0.0	0.0	0.0	rnhA,sexM	rnhA,sexM		
Mucor_hiemalis_NRRL_A-26125	Mucoromycota:MAT	scaffold_174	6186-15427	6186-15427	called	called	Plus	Plus	high	high	mat_locus	mat_locus			model	model	251.1	251.1	0.0	302.6	302.6	glrA,rnhA,sexP	glrA,rnhA,sexP		
Mucor_hiemalis_NRRL_A-26125	Mucoromycota:MAT	scaffold_275	4275-17631	4275-17631	withheld:modelled_gene_bar	withheld:modelled_gene_bar	undetermined	undetermined							hsp_fragment	hsp_fragment	10.4	10.4	0.0	22.1	22.1	rnhA,sexM,sexP	rnhA,sexM,sexP		
Mucor_hiemalis_NRRL_A-26125	Mucoromycota:MAT	scaffold_204	19990-28439	19990-28439	withheld:modelled_gene_bar	withheld:modelled_gene_bar	undetermined	undetermined							hsp_fragment	hsp_fragment	6.5	6.5	0.0	38.7	38.7	glrA,sexM,sexP	glrA,sexM,sexP		
Mucor_hiemalis_NRRL_A-26125	Mucoromycota:MAT	scaffold_23	81453-123138	81453-123138	withheld:modelled_gene_bar	withheld:modelled_gene_bar	undetermined	undetermined							hsp_fragment	hsp_fragment	1.4	1.4	0.0	1.4	1.4	rnhA,sexM,tptA	rnhA,sexM,tptA		
Mucor_hiemalis_NRRL_A-26125	Mucoromycota:MAT	scaffold_49	3087-72084	3087-72084	withheld:modelled_gene_bar+polish_capped	withheld:modelled_gene_bar+polish_capped	undetermined	undetermined							hsp_fragment	hsp_fragment	0.0	0.0	0.0	0.0	0.0	glrA,sexM,sexP	glrA,sexM,sexP		
Mucor_hiemalis_NRRL_A-26125	Mucoromycota:MAT	scaffold_108	74931-79621	74931-79621	withheld:paralog_class	withheld:paralog_class	Minus	Minus							model	model	26.8	26.8	0.0	75.0	75.0	glrA,sexM,tptA	glrA,sexM,tptA		
Mucor_hiemalis_NRRL_A-26125	Mucoromycota:MAT	scaffold_43	47306-54948	47306-54948	withheld:below_fraction_floor	withheld:below_fraction_floor	undetermined	undetermined							model	model	14.4	14.4	0.0	63.6	63.6	rnhA,sexM	rnhA,sexM		
Mucor_hiemalis_NRRL_A-28298	Mucoromycota:MAT	scaffold_177	23390-59950	23390-59950	called	called	undetermined	undetermined	medium	medium	mat_locus	mat_locus			model	model	20.2	20.2	0.0	48.8	48.8	algA,glrA,rnhA,sexP,tptA	algA,glrA,rnhA,sexP,tptA		
Mucor_hiemalis_NRRL_A-28298	Mucoromycota:MAT	scaffold_62	84384-104805	84384-104805	withheld:modelled_gene_bar	withheld:modelled_gene_bar	undetermined	undetermined							hsp_fragment	hsp_fragment	9.5	9.5	0.0	30.4	30.4	algA,rnhA,sexP	algA,rnhA,sexP		
Mucor_hiemalis_NRRL_A-28298	Mucoromycota:MAT	scaffold_2	217513-300086	217513-300086	withheld:modelled_gene_bar	withheld:modelled_gene_bar	undetermined	undetermined							hsp_fragment	hsp_fragment	2.2	2.2	0.0	2.2	2.2	glrA,rnhA,sexP,tptA	glrA,rnhA,sexP,tptA		
Mucor_hiemalis_NRRL_A-28298	Mucoromycota:MAT	scaffold_19	19566-41343	19566-41343	withheld:below_fraction_floor	withheld:below_fraction_floor	undetermined	undetermined							model	model	22.4	22.4	0.0	80.9	80.9	sexM,sexP	sexM,sexP		
Mucor_hiemalis_NRRL_A-28298	Mucoromycota:MAT	scaffold_14	153712-155016	153712-155016	withheld:below_fraction_floor	withheld:below_fraction_floor	undetermined	undetermined							hsp_fragment	hsp_fragment	1.5	1.5	0.0	1.5	1.5	sexM,tptA	sexM,tptA		
Mucor_hiemalis_f._corticola_NRRL_3617	Mucoromycota:MAT	scaffold_313	919-35452	919-35452	called	called	Plus	Plus	high	high	mat_locus	mat_locus			model	model	245.8	245.8	0.0	318.7	318.7	algA,glrA,rnhA,sexP,tptA	algA,glrA,rnhA,sexP,tptA		
Mucor_hiemalis_f._corticola_NRRL_3617	Mucoromycota:MAT	scaffold_27	29730-85841	29730-85841	withheld:modelled_gene_bar	withheld:modelled_gene_bar	undetermined	undetermined														algA,glrA,tptA	algA,glrA,tptA		
Mucor_hiemalis_f._corticola_NRRL_3617	Mucoromycota:MAT	scaffold_404	10228-17181	10228-17181	withheld:below_fraction_floor	withheld:below_fraction_floor	undetermined	undetermined							hsp_fragment	hsp_fragment	0.0	0.0	0.0	0.0	0.0	rnhA,sexM	rnhA,sexM		
Mucor_hiemalis_f._hiemalis_NRRL_1743	Mucoromycota:MAT	scaffold_48	105652-143379	105652-143379	called	called	Plus	Plus	high	high	mat_locus	mat_locus			model	model	231.3	231.3	0.0	306.7	306.7	algA,glrA,rnhA,sexP,tptA	algA,glrA,rnhA,sexP,tptA		
Mucor_hiemalis_f._hiemalis_NRRL_1743	Mucoromycota:MAT	scaffold_131	25842-37342	25842-37342	withheld:modelled_gene_bar	withheld:modelled_gene_bar	undetermined	undetermined							model	model	9.9	9.9	0.0	54.5	54.5	rnhA,sexM,sexP	rnhA,sexM,sexP		
Mucor_hiemalis_f._hiemalis_NRRL_1743	Mucoromycota:MAT	scaffold_144	10536-75784	10536-75784	withheld:below_fraction_floor	withheld:below_fraction_floor	undetermined	undetermined							hsp_fragment	hsp_fragment	0.7	0.7	0.0	0.7	0.7	rnhA,sexM	rnhA,sexM		
Mucor_hiemalis_f._hiemalis_NRRL_1743	Mucoromycota:MAT	scaffold_211	10836-52834	10836-52834	withheld:below_fraction_floor	withheld:below_fraction_floor	undetermined	undetermined							hsp_fragment	hsp_fragment	0.4	0.4	0.0	0.4	0.4	sexM,tptA	sexM,tptA		
Mucor_hiemalis_f._hiemalis_NRRL_3624	Mucoromycota:MAT	scaffold_291	419-33995	419-33995	called	called	Minus	Minus	high	high	mat_locus	mat_locus			model	model	28.0	28.0	0.0	86.6	86.6	algA,glrA,rnhA,sexM,tptA	algA,glrA,rnhA,sexM,tptA		
Mucor_hiemalis_f._hiemalis_NRRL_3624	Mucoromycota:MAT	scaffold_10	46404-49018	46404-49018	withheld:below_fraction_floor	withheld:below_fraction_floor	undetermined	undetermined							model	model	24.6	24.6	0.0	39.4	39.4	sexM,tptA	sexM,tptA		
Mucor_hiemalis_f._hiemalis_NRRL_3624	Mucoromycota:MAT	scaffold_3	160496-180255	160496-180255	withheld:below_fraction_floor	withheld:below_fraction_floor	undetermined	undetermined							hsp_fragment	hsp_fragment	9.0	9.0	0.0	9.0	9.0	glrA,sexM	glrA,sexM		
Mucor_hiemalis_f._luteus_NRRL_3633	Mucoromycota:MAT	scaffold_118	484-34291	484-34291	called	called	Plus	Plus	high	high	mat_locus	mat_locus			model	model	218.7	218.7	0.0	290.8	290.8	algA,glrA,rnhA,sexP,tptA	algA,glrA,rnhA,sexP,tptA		
Mucor_hiemalis_f._luteus_NRRL_3633	Mucoromycota:MAT	scaffold_25	5184-60532	5184-60532	withheld:modelled_gene_bar	withheld:modelled_gene_bar	undetermined	undetermined														glrA,rnhA,tptA	glrA,rnhA,tptA		
Mucor_hiemalis_f._luteus_NRRL_3633	Mucoromycota:MAT	scaffold_89	13716-41968	13716-41968	withheld:below_fraction_floor	withheld:below_fraction_floor	Minus	Minus							model	model	25.9	25.9	0.0	80.2	80.2	btbA,sexM	btbA,sexM		
Mucor_hiemalis_f._silvaticus_NRRL_3643	Mucoromycota:MAT	scaffold_95	91304-104383	91304-104383	called	called	Plus	Plus	high	high	mat_locus	mat_locus			model	model	271.4	271.4	0.0	341.8	341.8	algA,glrA,rnhA,sexP,tptA	algA,glrA,rnhA,sexP,tptA		
Mucor_hiemalis_f._silvaticus_NRRL_3643	Mucoromycota:MAT	scaffold_19	90506-178186	90506-178186	withheld:modelled_gene_bar	withheld:modelled_gene_bar	undetermined	undetermined							hsp_fragment	hsp_fragment	0.0	0.0	0.0	0.0	0.0	glrA,rnhA,sexP	glrA,rnhA,sexP		
Mucor_hiemalis_f._silvaticus_NRRL_3643	Mucoromycota:MAT	scaffold_149	71383-72123	71383-72123	withheld:below_fraction_floor	withheld:below_fraction_floor	undetermined	undetermined							model	model	0.7	0.7	0.0	59.6	59.6	sexM,sexP	sexM,sexP		
Mucor_hiemalis_f._silvaticus_NRRL_3643	Mucoromycota:MAT	scaffold_99	54585-87060	54585-87060	withheld:below_fraction_floor	withheld:below_fraction_floor	undetermined	undetermined							hsp_fragment	hsp_fragment	0.0	0.0	0.0	0.0	0.0	glrA,sexM	glrA,sexM		
Mucor_inaequisporus_NRRL_3626	Mucoromycota:MAT	scaffold_326	22494-30145	22494-30145	called	called	Minus	Minus	high	high	mat_locus	mat_locus			model	model	105.2	105.2	0.0	180.7	180.7	glrA,rnhA,sexM	glrA,rnhA,sexM		
Mucor_inaequisporus_NRRL_3626	Mucoromycota:MAT	scaffold_56	1719-6304	1719-6304	withheld:modelled_gene_bar	withheld:modelled_gene_bar	undetermined	undetermined														algA,glrA,tptA	algA,glrA,tptA		
Mucor_inaequisporus_NRRL_3626	Mucoromycota:MAT	scaffold_30	82520-86142	82520-86142	withheld:modelled_gene_bar	withheld:modelled_gene_bar	undetermined	undetermined							hsp_fragment	hsp_fragment	7.9	7.9	0.0	39.8	39.8	glrA,sexM,sexP	glrA,sexM,sexP		
Mucor_inaequisporus_NRRL_3626	Mucoromycota:MAT	scaffold_42	16906-38303	16906-38303	withheld:modelled_gene_bar	withheld:modelled_gene_bar	undetermined	undetermined							hsp_fragment	hsp_fragment	8.2	8.2	0.0	27.1	27.1	algA,glrA,sexP	algA,glrA,sexP		
Mucor_indicus_Lendner_NRRL_13132	Mucoromycota:MAT	scaffold_53	45618-54864	45618-54864	called	called	Plus	Plus	high	high	mat_locus	mat_locus			model	model	251.1	251.1	0.0	302.6	302.6	glrA,rnhA,sexP	glrA,rnhA,sexP		
Mucor_indicus_Lendner_NRRL_13132	Mucoromycota:MAT	scaffold_125	33309-46670	33309-46670	withheld:modelled_gene_bar	withheld:modelled_gene_bar	undetermined	undetermined							hsp_fragment	hsp_fragment	10.4	10.4	0.0	22.1	22.1	rnhA,sexM,sexP	rnhA,sexM,sexP		
Mucor_indicus_Lendner_NRRL_13132	Mucoromycota:MAT	scaffold_190	20043-28460	20043-28460	withheld:modelled_gene_bar	withheld:modelled_gene_bar	undetermined	undetermined							hsp_fragment	hsp_fragment	6.5	6.5	0.0	38.7	38.7	glrA,sexM,sexP	glrA,sexM,sexP		
Mucor_indicus_Lendner_NRRL_13132	Mucoromycota:MAT	scaffold_15	49139-90822	49139-90822	withheld:modelled_gene_bar	withheld:modelled_gene_bar	undetermined	undetermined							hsp_fragment	hsp_fragment	1.4	1.4	0.0	1.4	1.4	rnhA,sexM,tptA	rnhA,sexM,tptA		
Mucor_indicus_Lendner_NRRL_13132	Mucoromycota:MAT	scaffold_99	741-5432	741-5432	withheld:paralog_class	withheld:paralog_class	Minus	Minus							model	model	26.8	26.8	0.0	75.0	75.0	glrA,sexM,tptA	glrA,sexM,tptA		
Mucor_indicus_Lendner_NRRL_13132	Mucoromycota:MAT	scaffold_28	68017-75659	68017-75659	withheld:below_fraction_floor	withheld:below_fraction_floor	undetermined	undetermined							model	model	14.4	14.4	0.0	63.6	63.6	rnhA,sexM	rnhA,sexM		
Mucor_indicus_Lendner_NRRL_13468	Mucoromycota:MAT	scaffold_136	49320-54459	49320-54459	called	called	Plus	Plus	medium	medium	partial_locus	partial_locus			model	model	250.0	250.0	0.0	301.5	301.5	rnhA,sexP	rnhA,sexP		
Mucor_indicus_Lendner_NRRL_13468	Mucoromycota:MAT	scaffold_260	16245-24606	16245-24606	withheld:modelled_gene_bar	withheld:modelled_gene_bar	undetermined	undetermined							hsp_fragment	hsp_fragment	6.5	6.5	0.0	38.7	38.7	glrA,sexM,sexP	glrA,sexM,sexP		
Mucor_indicus_Lendner_NRRL_13468	Mucoromycota:MAT	scaffold_33	37919-79619	37919-79619	withheld:modelled_gene_bar	withheld:modelled_gene_bar	undetermined	undetermined							hsp_fragment	hsp_fragment	1.4	1.4	0.0	1.4	1.4	rnhA,sexM,tptA	rnhA,sexM,tptA		
Mucor_indicus_Lendner_NRRL_13468	Mucoromycota:MAT	scaffold_108	3084-71953	3084-71953	withheld:modelled_gene_bar+polish_capped	withheld:modelled_gene_bar+polish_capped	undetermined	undetermined							hsp_fragment	hsp_fragment	0.0	0.0	0.0	0.0	0.0	glrA,sexM,sexP	glrA,sexM,sexP		
Mucor_indicus_Lendner_NRRL_13468	Mucoromycota:MAT	scaffold_89	74936-79625	74936-79625	withheld:paralog_class	withheld:paralog_class	Minus	Minus							model	model	26.8	26.8	0.0	75.0	75.0	glrA,sexM,tptA	glrA,sexM,tptA		
Mucor_indicus_Lendner_NRRL_13468	Mucoromycota:MAT	scaffold_766	2419-4741	2419-4741	withheld:modelled_gene_bar	withheld:modelled_gene_bar	undetermined	undetermined							model	model	8.0	8.0	0.0	53.5	53.5	btbA,sexM	btbA,sexM		
Mucor_indicus_Lendner_NRRL_13468	Mucoromycota:MAT	scaffold_3	55717-63362	55717-63362	withheld:modelled_gene_bar	withheld:modelled_gene_bar	undetermined	undetermined							model	model	14.4	14.4	0.0	63.6	63.6	rnhA,sexM	rnhA,sexM		
Mucor_indicus_Lendner_NRRL_13468	Mucoromycota:MAT	scaffold_4	84930-161567	84930-161567	withheld:modelled_gene_bar+polish_capped	withheld:modelled_gene_bar+polish_capped	undetermined	undetermined							hsp_fragment	hsp_fragment	8.3	8.3	0.0	31.1	31.1	rnhA,sexP	rnhA,sexP		
Mucor_indicus_Lendner_NRRL_13468	Mucoromycota:MAT	scaffold_222	20140-24481	20140-24481	withheld:modelled_gene_bar+polish_capped	withheld:modelled_gene_bar+polish_capped	undetermined	undetermined							hsp_fragment	hsp_fragment	10.4	10.4	0.0	22.1	22.1	sexM,sexP	sexM,sexP		
Mucor_indicus_Lendner_NRRL_13468	Mucoromycota:MAT	scaffold_193	18447-46261	18447-46261	withheld:modelled_gene_bar+polish_capped	withheld:modelled_gene_bar+polish_capped	undetermined	undetermined							hsp_fragment	hsp_fragment	0.0	0.0	0.0	0.0	0.0	sexM,tptA	sexM,tptA		
Mucor_indicus_Lendner_NRRL_13468	Mucoromycota:MAT	scaffold_206	16723-26599	16723-26599	withheld:modelled_gene_bar+polish_capped	withheld:modelled_gene_bar+polish_capped	undetermined	undetermined							hsp_fragment	hsp_fragment	0.0	0.0	0.0	0.0	0.0	glrA,sexM	glrA,sexM		
Mucor_indicus_Lendner_NRRL_13468	Mucoromycota:MAT	scaffold_123	6455-52413	6455-52413	withheld:modelled_gene_bar+polish_capped	withheld:modelled_gene_bar+polish_capped	undetermined	undetermined							hsp_fragment	hsp_fragment	1.6	1.6	0.0	1.6	1.6	glrA,sexP	glrA,sexP		
Mucor_indicus_Lendner_NRRL_13468	Mucoromycota:MAT	scaffold_152	5633-57090	5633-57090	withheld:modelled_gene_bar+polish_capped	withheld:modelled_gene_bar+polish_capped	undetermined	undetermined							hsp_fragment	hsp_fragment	18.8	18.8	0.0	40.3	40.3	glrA,sexP	glrA,sexP		
Mucor_indicus_Lendner_NRRL_13468	Mucoromycota:MAT	scaffold_34	97748-101831	97748-101831	withheld:modelled_gene_bar+polish_capped	withheld:modelled_gene_bar+polish_capped	undetermined	undetermined							hsp_fragment	hsp_fragment	0.0	0.0	0.0	0.0	0.0	glrA,sexP	glrA,sexP		
Mucor_indicus_Lendner_NRRL_13468	Mucoromycota:MAT	scaffold_112	5106-54330	5106-54330	withheld:modelled_gene_bar+polish_capped	withheld:modelled_gene_bar+polish_capped	undetermined	undetermined							hsp_fragment	hsp_fragment	0.0	0.0	0.0	0.0	0.0	sexM,sexP	sexM,sexP		
Mucor_indicus_Lendner_NRRL_13468	Mucoromycota:MAT	scaffold_228	29535-44863	29535-44863	withheld:modelled_gene_bar+polish_capped	withheld:modelled_gene_bar+polish_capped	undetermined	undetermined							hsp_fragment	hsp_fragment	2.4	2.4	0.0	22.7	22.7	sexM,sexP	sexM,sexP		
Mucor_indicus_Lendner_NRRL_13468	Mucoromycota:MAT	scaffold_766	2419-4741	2419-4741	withheld:below_fraction_floor	withheld:below_fraction_floor	undetermined	undetermined							model	model	8.0	8.0	0.0	53.5	53.5	btbA,sexM	btbA,sexM		
Mucor_indicus_Lendner_NRRL_13468	Mucoromycota:MAT	scaffold_3	55717-63362	55717-63362	withheld:below_fraction_floor	withheld:below_fraction_floor	undetermined	undetermined							model	model	14.4	14.4	0.0	63.6	63.6	rnhA,sexM	rnhA,sexM		
Mucor_indicus_NRRL_13081	Mucoromycota:MAT	scaffold_214	2578-7720	2578-7720	called	called	Plus	Plus	medium	medium	partial_locus	partial_locus			model	model	251.1	251.1	0.0	302.6	302.6	rnhA,sexP	rnhA,sexP		
Mucor_indicus_NRRL_13081	Mucoromycota:MAT	scaffold_205	20127-28621	20127-28621	withheld:modelled_gene_bar	withheld:modelled_gene_bar	undetermined	undetermined							hsp_fragment	hsp_fragment	6.5	6.5	0.0	38.7	38.7	glrA,sexM,sexP	glrA,sexM,sexP		
Mucor_indicus_NRRL_13081	Mucoromycota:MAT	scaffold_34	37919-79826	37919-79826	withheld:modelled_gene_bar	withheld:modelled_gene_bar	undetermined	undetermined							hsp_fragment	hsp_fragment	1.4	1.4	0.0	1.4	1.4	rnhA,sexM,tptA	rnhA,sexM,tptA		
Mucor_indicus_NRRL_13081	Mucoromycota:MAT	scaffold_42	46071-114925	46071-114925	withheld:modelled_gene_bar+polish_capped	withheld:modelled_gene_bar+polish_capped	undetermined	undetermined							hsp_fragment	hsp_fragment	0.0	0.0	0.0	0.0	0.0	glrA,sexM,sexP	glrA,sexM,sexP		
Mucor_indicus_NRRL_13081	Mucoromycota:MAT	scaffold_233	741-5432	741-5432	withheld:paralog_class	withheld:paralog_class	Minus	Minus							model	model	26.8	26.8	0.0	75.0	75.0	glrA,sexM,tptA	glrA,sexM,tptA		
Mucor_indicus_NRRL_13081	Mucoromycota:MAT	scaffold_229	20345-22667	20345-22667	withheld:modelled_gene_bar	withheld:modelled_gene_bar	undetermined	undetermined							model	model	8.0	8.0	0.0	53.5	53.5	btbA,sexM	btbA,sexM		
Mucor_indicus_NRRL_13081	Mucoromycota:MAT	scaffold_22	69755-77396	69755-77396	withheld:modelled_gene_bar	withheld:modelled_gene_bar	undetermined	undetermined							model	model	14.4	14.4	0.0	63.6	63.6	rnhA,sexM	rnhA,sexM		
Mucor_indicus_NRRL_13081	Mucoromycota:MAT	scaffold_17	102079-153062	102079-153062	withheld:modelled_gene_bar+polish_capped	withheld:modelled_gene_bar+polish_capped	undetermined	undetermined							hsp_fragment	hsp_fragment	8.3	8.3	0.0	31.1	31.1	rnhA,sexP	rnhA,sexP		
Mucor_indicus_NRRL_13081	Mucoromycota:MAT	scaffold_336	5704-10051	5704-10051	withheld:modelled_gene_bar+polish_capped	withheld:modelled_gene_bar+polish_capped	undetermined	undetermined							hsp_fragment	hsp_fragment	10.4	10.4	0.0	22.1	22.1	sexM,sexP	sexM,sexP		
Mucor_indicus_NRRL_13081	Mucoromycota:MAT	scaffold_210	20904-48894	20904-48894	withheld:modelled_gene_bar+polish_capped	withheld:modelled_gene_bar+polish_capped	undetermined	undetermined							hsp_fragment	hsp_fragment	0.0	0.0	0.0	0.0	0.0	sexM,tptA	sexM,tptA		
Mucor_indicus_NRRL_13081	Mucoromycota:MAT	scaffold_302	24636-34550	24636-34550	withheld:modelled_gene_bar+polish_capped	withheld:modelled_gene_bar+polish_capped	undetermined	undetermined							hsp_fragment	hsp_fragment	0.0	0.0	0.0	0.0	0.0	glrA,sexM	glrA,sexM		
Mucor_indicus_NRRL_13081	Mucoromycota:MAT	scaffold_27	25939-71903	25939-71903	withheld:modelled_gene_bar+polish_capped	withheld:modelled_gene_bar+polish_capped	undetermined	undetermined							hsp_fragment	hsp_fragment	1.6	1.6	0.0	1.6	1.6	glrA,sexP	glrA,sexP		
Mucor_indicus_NRRL_13081	Mucoromycota:MAT	scaffold_1	229243-283045	229243-283045	withheld:modelled_gene_bar+polish_capped	withheld:modelled_gene_bar+polish_capped	undetermined	undetermined							hsp_fragment	hsp_fragment	18.8	18.8	0.0	40.3	40.3	glrA,sexP	glrA,sexP		
Mucor_indicus_NRRL_13081	Mucoromycota:MAT	scaffold_465	11783-14930	11783-14930	withheld:modelled_gene_bar+polish_capped	withheld:modelled_gene_bar+polish_capped	undetermined	undetermined							hsp_fragment	hsp_fragment	2.2	2.2	0.0	2.2	2.2	rnhA,sexM	rnhA,sexM		
Mucor_indicus_NRRL_13081	Mucoromycota:MAT	scaffold_129	29420-33502	29420-33502	withheld:modelled_gene_bar+polish_capped	withheld:modelled_gene_bar+polish_capped	undetermined	undetermined							hsp_fragment	hsp_fragment	0.0	0.0	0.0	0.0	0.0	glrA,sexP	glrA,sexP		
Mucor_indicus_NRRL_13081	Mucoromycota:MAT	scaffold_299	21172-36518	21172-36518	withheld:modelled_gene_bar+polish_capped	withheld:modelled_gene_bar+polish_capped	undetermined	undetermined							hsp_fragment	hsp_fragment	4.3	4.3	0.0	24.0	24.0	sexM,sexP	sexM,sexP		
Mucor_indicus_NRRL_13081	Mucoromycota:MAT	scaffold_229	20345-22667	20345-22667	withheld:below_fraction_floor	withheld:below_fraction_floor	undetermined	undetermined							model	model	8.0	8.0	0.0	53.5	53.5	btbA,sexM	btbA,sexM		
Mucor_indicus_NRRL_13081	Mucoromycota:MAT	scaffold_22	69755-77396	69755-77396	withheld:below_fraction_floor	withheld:below_fraction_floor	undetermined	undetermined							model	model	14.4	14.4	0.0	63.6	63.6	rnhA,sexM	rnhA,sexM		
Mucor_indicus_NRRL_13082	Mucoromycota:MAT	scaffold_1916	509-8295	509-8295	called	called	Minus	Minus	high	high	mat_locus	mat_locus			model	model	112.5	112.5	0.0	176.0	176.0	glrA,rnhA,sexM	glrA,rnhA,sexM		
Mucor_indicus_NRRL_13082	Mucoromycota:MAT	scaffold_821	4183-12503	4183-12503	withheld:modelled_gene_bar	withheld:modelled_gene_bar	undetermined	undetermined							hsp_fragment	hsp_fragment	8.2	8.2	0.0	39.7	39.7	glrA,sexM,sexP	glrA,sexM,sexP		
Mucor_indicus_NRRL_13082	Mucoromycota:MAT	scaffold_34	6775-18465	6775-18465	withheld:paralog_class	withheld:paralog_class	Minus	Minus							model	model	26.8	26.8	0.0	75.0	75.0	algA,glrA,sexM,tptA	algA,glrA,sexM,tptA		
Mucor_indicus_NRRL_13082	Mucoromycota:MAT	scaffold_41	29010-33699	29010-33699	withheld:paralog_class	withheld:paralog_class	Minus	Minus							model	model	26.8	26.8	0.0	75.0	75.0	glrA,sexM,tptA	glrA,sexM,tptA		
Mucor_indicus_NRRL_13082	Mucoromycota:MAT	scaffold_101	1-3005	1-3005	withheld:below_fraction_floor	withheld:below_fraction_floor	Plus	Plus							model	model	250.0	250.0	0.0	301.5	301.5	rnhA,sexP	rnhA,sexP		
Mucor_indicus_NRRL_13082	Mucoromycota:MAT	scaffold_4584	795-2844	795-2844	withheld:below_fraction_floor	withheld:below_fraction_floor	undetermined	undetermined							model	model	10.5	10.5	0.0	53.3	53.3	btbA,sexM	btbA,sexM		
Mucor_indicus_NRRL_13133	Mucoromycota:MAT	scaffold_29	93917-102983	93917-102983	called	called	Minus	Minus	high	high	mat_locus	mat_locus			model	model	113.1	113.1	0.0	176.5	176.5	glrA,rnhA,sexM	glrA,rnhA,sexM		
Mucor_indicus_NRRL_13133	Mucoromycota:MAT	scaffold_126	20327-40796	20327-40796	withheld:modelled_gene_bar	withheld:modelled_gene_bar	undetermined	undetermined							hsp_fragment	hsp_fragment	6.5	6.5	0.0	38.7	38.7	glrA,sexM,sexP,tptA	glrA,sexM,sexP,tptA		
Mucor_indicus_NRRL_13133	Mucoromycota:MAT	scaffold_35	34943-73682	34943-73682	withheld:modelled_gene_bar	withheld:modelled_gene_bar	undetermined	undetermined							hsp_fragment	hsp_fragment	1.4	1.4	0.0	1.4	1.4	rnhA,sexM,tptA	rnhA,sexM,tptA		
Mucor_indicus_NRRL_13133	Mucoromycota:MAT	scaffold_281	6932-20900	6932-20900	withheld:modelled_gene_bar+polish_capped	withheld:modelled_gene_bar+polish_capped	undetermined	undetermined							hsp_fragment	hsp_fragment	18.8	18.8	0.0	40.3	40.3	algA,glrA,sexP	algA,glrA,sexP		
Mucor_indicus_NRRL_13133	Mucoromycota:MAT	scaffold_73	5-24649	5-24649	withheld:paralog_class	withheld:paralog_class	Minus	Minus							model	model	26.8	26.8	0.0	75.0	75.0	algA,glrA,sexM,tptA	algA,glrA,sexM,tptA		
Mucor_indicus_NRRL_13133	Mucoromycota:MAT	scaffold_504	5453-13051	5453-13051	withheld:below_fraction_floor	withheld:below_fraction_floor	undetermined	undetermined							model	model	14.1	14.1	0.0	63.0	63.0	rnhA,sexM	rnhA,sexM		
Mucor_indicus_NRRL_13471	Mucoromycota:MAT	scaffold_63	17670-44244	17670-44244	called	called	Plus	Plus	medium	medium	mat_locus	mat_locus			model	model	159.0	159.0	0.0	279.7	279.7	algA,glrA,sexM,sexP	algA,glrA,sexM,sexP		
Mucor_indicus_NRRL_13471	Mucoromycota:MAT	scaffold_668	5059-15385	5059-15385	withheld:modelled_gene_bar	withheld:modelled_gene_bar	undetermined	undetermined														glrA,rnhA,tptA	glrA,rnhA,tptA		
Mucor_indicus_NRRL_555	Mucoromycota:MAT	scaffold_62	46178-55424	46178-55424	called	called	Plus	Plus	high	high	mat_locus	mat_locus			model	model	251.1	251.1	0.0	302.6	302.6	glrA,rnhA,sexP	glrA,rnhA,sexP		
Mucor_indicus_NRRL_555	Mucoromycota:MAT	scaffold_135	41165-49527	41165-49527	withheld:modelled_gene_bar	withheld:modelled_gene_bar	undetermined	undetermined							hsp_fragment	hsp_fragment	6.5	6.5	0.0	38.7	38.7	glrA,sexM,sexP	glrA,sexM,sexP		
Mucor_indicus_NRRL_555	Mucoromycota:MAT	scaffold_54	46064-114949	46064-114949	withheld:modelled_gene_bar	withheld:modelled_gene_bar	undetermined	undetermined							hsp_fragment	hsp_fragment	0.0	0.0	0.0	0.0	0.0	glrA,sexM,sexP	glrA,sexM,sexP		
Mucor_indicus_NRRL_555	Mucoromycota:MAT	scaffold_110	75367-80058	75367-80058	withheld:paralog_class	withheld:paralog_class	Minus	Minus							model	model	26.8	26.8	0.0	75.0	75.0	glrA,sexM,tptA	glrA,sexM,tptA		
Mucor_indicus_NRRL_555	Mucoromycota:MAT	scaffold_27	22932-25254	22932-25254	withheld:below_fraction_floor	withheld:below_fraction_floor	undetermined	undetermined							model	model	8.0	8.0	0.0	53.5	53.5	btbA,sexM	btbA,sexM		
Mucor_indicus_NRRL_555	Mucoromycota:MAT	scaffold_96	31677-39319	31677-39319	withheld:below_fraction_floor	withheld:below_fraction_floor	undetermined	undetermined							model	model	14.4	14.4	0.0	63.6	63.6	rnhA,sexM	rnhA,sexM		
Mucor_intermedius_NRRL_6588T	Mucoromycota:MAT	scaffold_7	49062-123406	49062-123406	called	called	Plus	Plus	medium	medium	partial_locus	partial_locus			model	model	72.0	72.0	0.0	217.3	217.3	rnhA,sexM,sexP	rnhA,sexM,sexP		
Mucor_intermedius_NRRL_6588T	Mucoromycota:MAT	scaffold_163	34514-59935	34514-59935	withheld:below_fraction_floor	withheld:below_fraction_floor	undetermined	undetermined							model	model	7.6	7.6	0.0	58.5	58.5	glrA,sexP	glrA,sexP		
Mucor_intermedius_NRRL_6588T	Mucoromycota:MAT	scaffold_207	58742-73888	58742-73888	withheld:below_fraction_floor	withheld:below_fraction_floor	undetermined	undetermined							hsp_fragment	hsp_fragment	0.5	0.5	0.0	1.7	1.7	sexM,tptA	sexM,tptA		
Mucor_javanicus_NRRL_A-17643	Mucoromycota:MAT	scaffold_510	7124-22042	7124-22042	called	called	Minus	Minus	high	high	mat_locus	mat_locus			model	model	76.7	76.7	0.0	118.8	118.8	algA,glrA,rnhA,sexM,tptA	algA,glrA,rnhA,sexM,tptA		
Mucor_javanicus_NRRL_A-17643	Mucoromycota:MAT	scaffold_241	9933-26799	9933-26799	withheld:modelled_gene_bar	withheld:modelled_gene_bar	undetermined	undetermined							hsp_fragment	hsp_fragment	2.1	2.1	0.0	2.1	2.1	rnhA,sexP,tptA	rnhA,sexP,tptA		
Mucor_javanicus_NRRL_A-17643	Mucoromycota:MAT	scaffold_775	2100-8577	2100-8577	withheld:modelled_gene_bar	withheld:modelled_gene_bar	undetermined	undetermined							hsp_fragment	hsp_fragment	1.2	1.2	0.0	35.8	35.8	glrA,sexM,sexP	glrA,sexM,sexP		
Mucor_javanicus_NRRL_A-17643	Mucoromycota:MAT	scaffold_175	27059-30717	27059-30717	withheld:below_fraction_floor	withheld:below_fraction_floor	undetermined	undetermined							model	model	14.7	14.7	0.0	73.9	73.9	rnhA,sexP	rnhA,sexP		
Mucor_javanicus_NRRL_A-17643	Mucoromycota:MAT	scaffold_10	32137-57875	32137-57875	withheld:below_fraction_floor	withheld:below_fraction_floor	undetermined	undetermined							hsp_fragment	hsp_fragment	0.0	0.0	0.0	0.0	0.0	sexM,tptA	sexM,tptA		
Mucor_lamprosporus_NRRL_3300	Mucoromycota:MAT	scaffold_52	83747-128112	83747-128112	called	called	Plus	Plus	high	high	mat_locus	mat_locus			model	model	220.0	220.0	0.0	297.2	297.2	algA,glrA,sexP,tptA	algA,glrA,sexP,tptA		
Mucor_lamprosporus_NRRL_3300	Mucoromycota:MAT	scaffold_83	66796-119363	66796-119363	withheld:modelled_gene_bar+polish_capped	withheld:modelled_gene_bar+polish_capped	undetermined	undetermined							hsp_fragment	hsp_fragment	0.1	0.1	0.0	0.1	0.1	rnhA,sexP,tptA	rnhA,sexP,tptA		
Mucor_lamprosporus_NRRL_3300	Mucoromycota:MAT	scaffold_17	160329-232327	160329-232327	withheld:modelled_gene_bar	withheld:modelled_gene_bar	Minus	Minus							model	model	25.7	25.7	0.0	40.1	40.1	glrA,sexM,tptA	glrA,sexM,tptA		
Mucor_lamprosporus_NRRL_3300	Mucoromycota:MAT	scaffold_92	114106-119109	114106-119109	withheld:modelled_gene_bar	withheld:modelled_gene_bar	undetermined	undetermined							model	model	9.3	9.3	0.0	36.0	36.0	rnhA,sexM,sexP	rnhA,sexM,sexP		
Mucor_lamprosporus_NRRL_3300	Mucoromycota:MAT	scaffold_10	51279-93415	51279-93415	withheld:modelled_gene_bar+polish_capped	withheld:modelled_gene_bar+polish_capped	undetermined	undetermined							hsp_fragment	hsp_fragment	4.2	4.2	0.0	6.6	6.6	algA,glrA,sexP	algA,glrA,sexP		
Mucor_lamprosporus_NRRL_3300	Mucoromycota:MAT	scaffold_65	74579-97342	74579-97342	withheld:below_fraction_floor	withheld:below_fraction_floor	undetermined	undetermined							model	model	5.6	5.6	0.0	42.1	42.1	glrA,sexP	glrA,sexP		
Mucor_lamprosporus_NRRL_3300	Mucoromycota:MAT	scaffold_38	35541-82755	35541-82755	withheld:below_fraction_floor	withheld:below_fraction_floor	undetermined	undetermined							hsp_fragment	hsp_fragment	0.9	0.9	0.0	38.9	38.9	glrA,sexP	glrA,sexP		
Mucor_lamprosporus_NRRL_6037	Mucoromycota:MAT	scaffold_259	20646-30115	20646-30115	called	called	Minus	Minus	medium	medium	mat_locus	mat_locus			model	model	80.7	80.7	0.0	155.3	155.3	algA,glrA,sexM	algA,glrA,sexM		
Mucor_lamprosporus_NRRL_6037	Mucoromycota:MAT	scaffold_1105	2494-8655	2494-8655	withheld:modelled_gene_bar	withheld:modelled_gene_bar	undetermined	undetermined							model	model	11.1	11.1	0.0	39.1	39.1	rnhA,sexM,sexP	rnhA,sexM,sexP		
Mucor_lamprosporus_NRRL_6037	Mucoromycota:MAT	scaffold_7	38874-47281	38874-47281	withheld:below_fraction_floor	withheld:below_fraction_floor	undetermined	undetermined							hsp_fragment	hsp_fragment	1.0	1.0	0.0	34.8	34.8	glrA,sexP	glrA,sexP		
Mucor_lamprosporus_NRRL_6040	Mucoromycota:MAT	scaffold_330	20365-29643	20365-29643	called	called	Plus	Plus	medium	medium	mat_locus	mat_locus			model	model	254.0	254.0	0.0	322.0	322.0	algA,glrA,sexP	algA,glrA,sexP		
Mucor_lamprosporus_NRRL_6040	Mucoromycota:MAT	scaffold_1107	5453-13866	5453-13866	withheld:below_fraction_floor	withheld:below_fraction_floor	undetermined	undetermined							hsp_fragment	hsp_fragment	1.0	1.0	0.0	34.8	34.8	glrA,sexP	glrA,sexP		
Mucor_lamprosporus_NRRL_6040	Mucoromycota:MAT	scaffold_2181	2472-3209	2472-3209	withheld:below_fraction_floor	withheld:below_fraction_floor	undetermined	undetermined							model	model	11.1	11.1	0.0	39.1	39.1	sexM,sexP	sexM,sexP		
Mucor_lamprosporus_NRRL_6048	Mucoromycota:MAT	scaffold_261	20292-29576	20292-29576	called	called	Plus	Plus	medium	medium	mat_locus	mat_locus			model	model	254.0	254.0	0.0	322.0	322.0	algA,glrA,sexP	algA,glrA,sexP		
Mucor_lamprosporus_NRRL_6048	Mucoromycota:MAT	scaffold_135	57973-64124	57973-64124	withheld:modelled_gene_bar	withheld:modelled_gene_bar	undetermined	undetermined							model	model	11.1	11.1	0.0	39.1	39.1	rnhA,sexM,sexP	rnhA,sexM,sexP		
Mucor_lamprosporus_NRRL_6048	Mucoromycota:MAT	scaffold_163	47079-55438	47079-55438	withheld:below_fraction_floor	withheld:below_fraction_floor	undetermined	undetermined							hsp_fragment	hsp_fragment	1.0	1.0	0.0	34.8	34.8	glrA,sexP	glrA,sexP		
Mucor_lamprosporus_NRRL_6049	Mucoromycota:MAT	scaffold_487	23413-32697	23413-32697	called	called	Plus	Plus	medium	medium	mat_locus	mat_locus			model	model	254.0	254.0	0.0	322.0	322.0	algA,glrA,sexP	algA,glrA,sexP		
Mucor_lamprosporus_NRRL_6049	Mucoromycota:MAT	scaffold_137	2463-8660	2463-8660	withheld:modelled_gene_bar	withheld:modelled_gene_bar	undetermined	undetermined							model	model	11.1	11.1	0.0	39.1	39.1	rnhA,sexM,sexP	rnhA,sexM,sexP		
Mucor_lamprosporus_NRRL_6049	Mucoromycota:MAT	scaffold_198	9547-17967	9547-17967	withheld:below_fraction_floor	withheld:below_fraction_floor	undetermined	undetermined							hsp_fragment	hsp_fragment	1.0	1.0	0.0	34.8	34.8	glrA,sexP	glrA,sexP		
Mucor_laxorrhizus_NRRL_2814	Mucoromycota:MAT	scaffold_436	1475-21282	1475-21282	withheld:modelled_gene_bar	withheld:modelled_gene_bar	undetermined	undetermined							hsp_fragment	hsp_fragment	1.8	1.8	0.0	34.7	34.7	glrA,sexM,sexP	glrA,sexM,sexP		
Mucor_laxorrhizus_NRRL_2814	Mucoromycota:MAT	scaffold_233	20484-20875	20484-20875	withheld:modelled_gene_bar	withheld:modelled_gene_bar	undetermined	undetermined							model	model	8.8	8.8	0.0	59.0	59.0	sexM,sexP	sexM,sexP		
Mucor_laxorrhizus_NRRL_2814	Mucoromycota:MAT	scaffold_16	3262-10296	3262-10296	withheld:modelled_gene_bar	withheld:modelled_gene_bar	undetermined	undetermined							hsp_fragment	hsp_fragment	0.6	0.6	0.0	0.6	0.6	rnhA,sexP	rnhA,sexP		
Mucor_laxorrhizus_NRRL_2814	Mucoromycota:MAT	scaffold_275	32588-33248	32588-33248	withheld:modelled_gene_bar	withheld:modelled_gene_bar	undetermined	undetermined							hsp_fragment	hsp_fragment	6.4	6.4	0.0	40.9	40.9	sexM,sexP	sexM,sexP		
Mucor_laxorrhizus_NRRL_2814	Mucoromycota:MAT	scaffold_19	44858-45526	44858-45526	withheld:modelled_gene_bar+polish_capped	withheld:modelled_gene_bar+polish_capped	undetermined	undetermined							hsp_fragment	hsp_fragment	3.3	3.3	0.0	38.1	38.1	sexM,sexP	sexM,sexP		
Mucor_laxorrhizus_NRRL_2814	Mucoromycota:MAT	scaffold_458	976-3782	976-3782	withheld:modelled_gene_bar+polish_capped	withheld:modelled_gene_bar+polish_capped	undetermined	undetermined							hsp_fragment	hsp_fragment	3.8	3.8	0.0	4.4	4.4	algA,sexM	algA,sexM		
Mucor_laxorrhizus_NRRL_2814	Mucoromycota:MAT	scaffold_51	44157-73161	44157-73161	withheld:modelled_gene_bar	withheld:modelled_gene_bar	undetermined	undetermined							hsp_fragment	hsp_fragment	1.8	1.8	0.0	2.4	2.4	btbA,sexM	btbA,sexM		
Mucor_laxorrhizus_NRRL_2814	Mucoromycota:MAT	scaffold_456	3798-29447	3798-29447	withheld:modelled_gene_bar+polish_capped	withheld:modelled_gene_bar+polish_capped	undetermined	undetermined							hsp_fragment	hsp_fragment	0.0	0.0	0.0	0.0	0.0	glrA,sexP	glrA,sexP		
Mucor_laxorrhizus_NRRL_2814	Mucoromycota:MAT	scaffold_548	2565-3091	2565-3091	withheld:paralog_class	withheld:paralog_class	undetermined	undetermined							model	model	20.6	20.6	0.0	75.5	75.5	sexM,sexP	sexM,sexP		
Mucor_laxorrhizus_NRRL_2814	Mucoromycota:MAT	scaffold_233	20484-20875	20484-20875	withheld:below_fraction_floor	withheld:below_fraction_floor	undetermined	undetermined							model	model	8.8	8.8	0.0	59.0	59.0	sexM,sexP	sexM,sexP		
Mucor_laxorrhizus_NRRL_2814	Mucoromycota:MAT	scaffold_16	3262-10296	3262-10296	withheld:below_fraction_floor	withheld:below_fraction_floor	undetermined	undetermined							hsp_fragment	hsp_fragment	0.6	0.6	0.0	0.6	0.6	rnhA,sexP	rnhA,sexP		
Mucor_laxorrhizus_NRRL_2814	Mucoromycota:MAT	scaffold_548	2565-3091	2565-3091	withheld:below_fraction_floor	withheld:below_fraction_floor	undetermined	undetermined							model	model	20.6	20.6	0.0	75.5	75.5	sexM,sexP	sexM,sexP		
Mucor_laxorrhizus_NRRL_2814	Mucoromycota:MAT	scaffold_51	44157-73161	44157-73161	withheld:below_fraction_floor	withheld:below_fraction_floor	undetermined	undetermined							hsp_fragment	hsp_fragment	1.8	1.8	0.0	2.4	2.4	btbA,sexM	btbA,sexM		
Mucor_luteus_NRRL_2847	Mucoromycota:MAT	scaffold_40	109840-149038	109840-149038	called	called	Minus	Minus	high	high	mat_locus	mat_locus			model	model	45.4	45.4	0.0	97.1	97.1	algA,glrA,rnhA,sexM,tptA	algA,glrA,rnhA,sexM,tptA		
Mucor_luteus_NRRL_2847	Mucoromycota:MAT	scaffold_49	104955-145573	104955-145573	withheld:modelled_gene_bar	withheld:modelled_gene_bar	undetermined	undetermined							model	model	9.0	9.0	0.0	54.2	54.2	rnhA,sexM,sexP	rnhA,sexM,sexP		
Mucor_luteus_NRRL_2847	Mucoromycota:MAT	scaffold_67	9136-79242	9136-79242	withheld:modelled_gene_bar	withheld:modelled_gene_bar	undetermined	undetermined							hsp_fragment	hsp_fragment	0.2	0.2	0.0	1.9	1.9	sexM,sexP,tptA	sexM,sexP,tptA		
Mucor_luteus_NRRL_2865	Mucoromycota:MAT	scaffold_141	12692-46046	12692-46046	called	called	Minus	Minus	high	high	mat_locus	mat_locus			model	model	32.4	32.4	0.0	60.9	60.9	algA,glrA,rnhA,sexM,tptA	algA,glrA,rnhA,sexM,tptA		
Mucor_luteus_NRRL_2865	Mucoromycota:MAT	scaffold_26	20730-76078	20730-76078	withheld:modelled_gene_bar	withheld:modelled_gene_bar	undetermined	undetermined														glrA,rnhA,tptA	glrA,rnhA,tptA		
Mucor_luteus_NRRL_2865	Mucoromycota:MAT	scaffold_106	8661-36911	8661-36911	withheld:below_fraction_floor	withheld:below_fraction_floor	Minus	Minus							model	model	25.9	25.9	0.0	80.2	80.2	btbA,sexM	btbA,sexM		
Mucor_luteus_NRRL_2865	Mucoromycota:MAT	scaffold_428	5801-6397	5801-6397	withheld:below_fraction_floor	withheld:below_fraction_floor	undetermined	undetermined							model	model	5.6	5.6	0.0	47.3	47.3	sexM,sexP	sexM,sexP		
Mucor_luteus_NRRL_3164	Mucoromycota:MAT	scaffold_185	506-34811	506-34811	called	called	Plus	Plus	high	high	mat_locus	mat_locus			model	model	218.7	218.7	0.0	290.8	290.8	algA,glrA,rnhA,sexP,tptA	algA,glrA,rnhA,sexP,tptA		
Mucor_luteus_NRRL_3164	Mucoromycota:MAT	scaffold_52	20752-76100	20752-76100	withheld:modelled_gene_bar	withheld:modelled_gene_bar	undetermined	undetermined														glrA,rnhA,tptA	glrA,rnhA,tptA		
Mucor_luteus_NRRL_3164	Mucoromycota:MAT	scaffold_110	8993-37243	8993-37243	withheld:below_fraction_floor	withheld:below_fraction_floor	Minus	Minus							model	model	25.9	25.9	0.0	80.2	80.2	btbA,sexM	btbA,sexM		
Mucor_luteus_var._indica_NRRL_3245	Mucoromycota:MAT	scaffold_623	5436-14545	5436-14545	called	called	Minus	Minus	high	high	mat_locus	mat_locus			model	model	93.0	93.0	0.0	156.2	156.2	glrA,rnhA,sexM	glrA,rnhA,sexM		
Mucor_luteus_var._indica_NRRL_3245	Mucoromycota:MAT	scaffold_1007	550-7339	550-7339	withheld:paralog_class	withheld:paralog_class	Minus	Minus							model	model	28.6	28.6	0.0	75.3	75.3	algA,glrA,sexM,tptA	algA,glrA,sexM,tptA		
Mucor_luteus_var._indica_NRRL_3245	Mucoromycota:MAT	scaffold_1003	6849-10279	6849-10279	withheld:mat_gene_gate	withheld:mat_gene_gate	undetermined	undetermined							model	model	3.9	3.9	0.0	53.5	53.5	glrA,sexM,sexP	glrA,sexM,sexP		
Mucor_maequisporus_var._kaki_NRRL_3295	Mucoromycota:MAT	scaffold_595	4462-12365	4462-12365	called	called	Plus	Plus	high	high	mat_locus	mat_locus			model	model	252.0	252.0	0.0	305.0	305.0	glrA,rnhA,sexP	glrA,rnhA,sexP		
Mucor_maequisporus_var._kaki_NRRL_3295	Mucoromycota:MAT	scaffold_60	1714-6300	1714-6300	withheld:modelled_gene_bar	withheld:modelled_gene_bar	undetermined	undetermined														algA,glrA,tptA	algA,glrA,tptA		
Mucor_maequisporus_var._kaki_NRRL_3295	Mucoromycota:MAT	scaffold_166	16536-20304	16536-20304	withheld:modelled_gene_bar	withheld:modelled_gene_bar	undetermined	undetermined							hsp_fragment	hsp_fragment	7.9	7.9	0.0	39.8	39.8	glrA,sexM,sexP	glrA,sexM,sexP		
Mucor_maequisporus_var._kaki_NRRL_3295	Mucoromycota:MAT	scaffold_165	14793-36388	14793-36388	withheld:modelled_gene_bar	withheld:modelled_gene_bar	undetermined	undetermined							hsp_fragment	hsp_fragment	8.2	8.2	0.0	27.1	27.1	algA,glrA,sexP	algA,glrA,sexP		
Mucor_mephitis_NRRL_2596	Mucoromycota:MAT	scaffold_7	17941-59868	17941-59868	called	called	Minus	Minus	high	high	mat_locus	mat_locus			model	model	118.4	118.4	0.0	185.2	185.2	algA,glrA,rnhA,sexM,tptA	algA,glrA,rnhA,sexM,tptA		
Mucor_mephitis_NRRL_2596	Mucoromycota:MAT	scaffold_31	92049-93965	92049-93965	withheld:below_fraction_floor	withheld:below_fraction_floor	undetermined	undetermined							model	model	0.0	0.0	0.0	0.0	0.0	algA,sexP	algA,sexP		
Mucor_mephitis_NRRL_2596	Mucoromycota:MAT	scaffold_421	3775-16072	3775-16072	withheld:below_fraction_floor	withheld:below_fraction_floor	undetermined	undetermined							hsp_fragment	hsp_fragment	4.3	4.3	0.0	4.9	4.9	glrA,sexP	glrA,sexP		
Mucor_miehei_NRRL_5283	Mucoromycota:MAT	scaffold_2	15127-23325	15127-23325	withheld:modelled_gene_bar	withheld:modelled_gene_bar	undetermined	undetermined							model	model	21.7	21.7	0.0	81.7	81.7	algA,sexP	algA,sexP		
Mucor_miehei_NRRL_5283	Mucoromycota:MAT	scaffold_2	135890-139555	135890-139555	withheld:modelled_gene_bar	withheld:modelled_gene_bar	undetermined	undetermined							hsp_fragment	hsp_fragment	0.0	0.0	0.0	0.0	0.0	btbA,sexM	btbA,sexM		
Mucor_miehei_NRRL_5283	Mucoromycota:MAT	scaffold_5885	371-1093	371-1093	withheld:modelled_gene_bar	withheld:modelled_gene_bar	undetermined	undetermined							hsp_fragment	hsp_fragment	5.6	5.6	0.0	35.9	35.9	sexM,sexP	sexM,sexP		
Mucor_miehei_NRRL_5283	Mucoromycota:MAT	scaffold_379	2711-7430	2711-7430	withheld:modelled_gene_bar	withheld:modelled_gene_bar	undetermined	undetermined							hsp_fragment	hsp_fragment	0.0	0.0	0.0	0.0	0.0	glrA,sexP	glrA,sexP		
Mucor_miehei_NRRL_5283	Mucoromycota:MAT	scaffold_1	121061-162226	121061-162226	withheld:modelled_gene_bar	withheld:modelled_gene_bar	undetermined	undetermined							hsp_fragment	hsp_fragment	0.0	0.0	0.0	0.0	0.0	glrA,sexM	glrA,sexM		
Mucor_miehei_NRRL_5283	Mucoromycota:MAT	scaffold_209	457-8636	457-8636	withheld:modelled_gene_bar	withheld:modelled_gene_bar	undetermined	undetermined							hsp_fragment	hsp_fragment	0.0	0.0	0.0	0.0	0.0	rnhA,sexM	rnhA,sexM		
Mucor_miehei_NRRL_5283	Mucoromycota:MAT	scaffold_2	15127-23325	15127-23325	withheld:below_fraction_floor	withheld:below_fraction_floor	undetermined	undetermined							model	model	21.7	21.7	0.0	81.7	81.7	algA,sexP	algA,sexP		
Mucor_miehei_NRRL_5902	Mucoromycota:MAT	scaffold_182	6614-7466	6614-7466	withheld:modelled_gene_bar	withheld:modelled_gene_bar	undetermined	undetermined							hsp_fragment	hsp_fragment	2.4	2.4	0.0	38.8	38.8	sexM,sexP	sexM,sexP		
Mucor_miehei_NRRL_5902	Mucoromycota:MAT	scaffold_3112	1754-2484	1754-2484	withheld:modelled_gene_bar	withheld:modelled_gene_bar	undetermined	undetermined							hsp_fragment	hsp_fragment	2.5	2.5	0.0	37.8	37.8	sexM,sexP	sexM,sexP		
Mucor_mousanensis_NRRL_3105	Mucoromycota:MAT	scaffold_473	17811-22644	17811-22644	called	called	Plus	Plus	high	high	mat_locus	mat_locus			model	model	296.9	296.9	0.0	347.1	347.1	algA,sexP,tptA	algA,sexP,tptA		
Mucor_mousanensis_NRRL_3105	Mucoromycota:MAT	scaffold_4	78754-118131	78754-118131	withheld:below_fraction_floor	withheld:below_fraction_floor	undetermined	undetermined							hsp_fragment	hsp_fragment	13.0	13.0	0.0	35.9	35.9	rnhA,sexP	rnhA,sexP		
Mucor_mousanensis_NRRL_3105	Mucoromycota:MAT	scaffold_224	7970-36176	7970-36176	withheld:below_fraction_floor	withheld:below_fraction_floor	undetermined	undetermined							model	model	15.1	15.1	0.0	77.4	77.4	sexM,tptA	sexM,tptA		
Mucor_mucedo_Linnaeus_Fresenius_NRRL_A-13277	Mucoromycota:MAT	scaffold_136	6273-18324	6273-18324	called	called	Minus	Minus	high	high	mat_locus	mat_locus			model	model	155.3	155.3	0.0	218.6	218.6	algA,glrA,rnhA,sexM	algA,glrA,rnhA,sexM		
Mucor_mucedo_Linnaeus_Fresenius_NRRL_A-13277	Mucoromycota:MAT	scaffold_45	6234-33696	6234-33696	withheld:modelled_gene_bar	withheld:modelled_gene_bar	undetermined	undetermined							model	model	22.9	22.9	0.0	79.6	79.6	algA,sexM,sexP	algA,sexM,sexP		
Mucor_mucedo_Linnaeus_Fresenius_NRRL_A-13277	Mucoromycota:MAT	scaffold_50	34309-72058	34309-72058	withheld:below_fraction_floor	withheld:below_fraction_floor	undetermined	undetermined							model	model	11.2	11.2	0.0	43.8	43.8	rnhA,sexM	rnhA,sexM		
Mucor_nidicola_NRRL_54520	Mucoromycota:MAT	scaffold_35	36494-73927	36494-73927	called	called	Minus	Minus	high	high	mat_locus	mat_locus			model	model	32.3	32.3	0.0	65.5	65.5	algA,glrA,rnhA,sexM,tptA	algA,glrA,rnhA,sexM,tptA		
Mucor_nidicola_NRRL_54520	Mucoromycota:MAT	scaffold_25	57975-142375	57975-142375	withheld:modelled_gene_bar	withheld:modelled_gene_bar	undetermined	undetermined							hsp_fragment	hsp_fragment	0.0	0.0	0.0	0.0	0.0	algA,glrA,rnhA,sexP	algA,glrA,rnhA,sexP		
Mucor_nidicola_NRRL_54520	Mucoromycota:MAT	scaffold_199	19221-57187	19221-57187	withheld:modelled_gene_bar	withheld:modelled_gene_bar	undetermined	undetermined							hsp_fragment	hsp_fragment	5.8	5.8	0.0	25.1	25.1	algA,rnhA,sexP	algA,rnhA,sexP		
Mucor_nidicola_NRRL_54520	Mucoromycota:MAT	scaffold_305	19968-20353	19968-20353	withheld:below_fraction_floor	withheld:below_fraction_floor	undetermined	undetermined							model	model	11.3	11.3	0.0	55.8	55.8	sexM,sexP	sexM,sexP		
Mucor_nidicola_NRRL_54520	Mucoromycota:MAT	scaffold_100	15039-16328	15039-16328	withheld:below_fraction_floor	withheld:below_fraction_floor	undetermined	undetermined							hsp_fragment	hsp_fragment	2.2	2.2	0.0	2.2	2.2	sexM,tptA	sexM,tptA		
Mucor_oblongisporus_var._macrosporus_NRRL_1574	Mucoromycota:MAT	scaffold_474	8670-12546	8670-12546	called	called	Minus	Minus	medium	medium	partial_locus	partial_locus			model	model	96.4	96.4	0.0	172.8	172.8	algA,sexM	algA,sexM		
Mucor_oblongisporus_var._macrosporus_NRRL_1574	Mucoromycota:MAT	scaffold_254	7260-8370	7260-8370	withheld:modelled_gene_bar	withheld:modelled_gene_bar	undetermined	undetermined							hsp_fragment	hsp_fragment	9.5	9.5	0.0	49.8	49.8	rnhA,sexM,sexP	rnhA,sexM,sexP		
Mucor_oblongisporus_var._macrosporus_NRRL_1574	Mucoromycota:MAT	scaffold_61	24862-62567	24862-62567	withheld:flank_carried_core_outside_flank_span	withheld:flank_carried_core_outside_flank_span	undetermined	undetermined							hsp_fragment	hsp_fragment	3.2	3.2	0.0	3.2	3.2	rnhA,sexM,tptA	rnhA,sexM,tptA		
Mucor_oblongisporus_var._macrosporus_NRRL_1574	Mucoromycota:MAT	scaffold_548	16568-23174	16568-23174	withheld:modelled_gene_bar+polish_capped	withheld:modelled_gene_bar+polish_capped	undetermined	undetermined							hsp_fragment	hsp_fragment	0.0	0.0	0.0	0.0	0.0	btbA,sexP	btbA,sexP		
Mucor_oblongisporus_var._macrosporus_NRRL_1574	Mucoromycota:MAT	scaffold_909	4543-21484	4543-21484	withheld:modelled_gene_bar	withheld:modelled_gene_bar	undetermined	undetermined							hsp_fragment	hsp_fragment	0.5	0.5	0.0	29.2	29.2	algA,sexP	algA,sexP		
Mucor_oblongisporus_var._macrosporus_NRRL_1574	Mucoromycota:MAT	scaffold_139	10917-11551	10917-11551	withheld:modelled_gene_bar	withheld:modelled_gene_bar	undetermined	undetermined							hsp_fragment	hsp_fragment	7.4	7.4	0.0	41.5	41.5	sexM,sexP	sexM,sexP		
Mucor_oblongisporus_var._macrosporus_NRRL_1574	Mucoromycota:MAT	scaffold_734	4723-14605	4723-14605	withheld:modelled_gene_bar+polish_capped	withheld:modelled_gene_bar+polish_capped	undetermined	undetermined							hsp_fragment	hsp_fragment	0.1	0.1	0.0	0.1	0.1	glrA,sexM	glrA,sexM		
Mucor_oblongisporus_var._macrosporus_NRRL_1574	Mucoromycota:MAT	scaffold_728	22383-23274	22383-23274	withheld:modelled_gene_bar	withheld:modelled_gene_bar	undetermined	undetermined							model	model	11.3	11.3	0.0	39.7	39.7	sexM,sexP	sexM,sexP		
Mucor_oblongisporus_var._macrosporus_NRRL_1574	Mucoromycota:MAT	scaffold_728	22383-23274	22383-23274	withheld:below_fraction_floor	withheld:below_fraction_floor	undetermined	undetermined							model	model	11.3	11.3	0.0	39.7	39.7	sexM,sexP	sexM,sexP		
Mucor_oblongisporus_var._macrosporus_NRRL_1589	Mucoromycota:MAT	scaffold_99	94106-97982	94106-97982	called	called	Minus	Minus	medium	medium	partial_locus	partial_locus			model	model	92.0	92.0	0.0	162.6	162.6	algA,sexM	algA,sexM		
Mucor_oblongisporus_var._macrosporus_NRRL_1589	Mucoromycota:MAT	scaffold_130	40441-41552	40441-41552	withheld:modelled_gene_bar	withheld:modelled_gene_bar	undetermined	undetermined							hsp_fragment	hsp_fragment	9.5	9.5	0.0	49.8	49.8	rnhA,sexM,sexP	rnhA,sexM,sexP		
Mucor_oblongisporus_var._macrosporus_NRRL_1589	Mucoromycota:MAT	scaffold_51	86434-123671	86434-123671	withheld:flank_carried_core_outside_flank_span	withheld:flank_carried_core_outside_flank_span	undetermined	undetermined							hsp_fragment	hsp_fragment	3.2	3.2	0.0	3.2	3.2	rnhA,sexM,tptA	rnhA,sexM,tptA		
Mucor_oblongisporus_var._macrosporus_NRRL_1589	Mucoromycota:MAT	scaffold_323	7538-14121	7538-14121	withheld:modelled_gene_bar+polish_capped	withheld:modelled_gene_bar+polish_capped	undetermined	undetermined							hsp_fragment	hsp_fragment	0.0	0.0	0.0	0.0	0.0	btbA,sexP	btbA,sexP		
Mucor_oblongisporus_var._macrosporus_NRRL_1589	Mucoromycota:MAT	scaffold_385	6214-40173	6214-40173	withheld:modelled_gene_bar	withheld:modelled_gene_bar	undetermined	undetermined							hsp_fragment	hsp_fragment	0.0	0.0	0.0	0.0	0.0	rnhA,sexP	rnhA,sexP		
Mucor_oblongisporus_var._macrosporus_NRRL_1589	Mucoromycota:MAT	scaffold_461	10887-11528	10887-11528	withheld:modelled_gene_bar+polish_capped	withheld:modelled_gene_bar+polish_capped	undetermined	undetermined							hsp_fragment	hsp_fragment	7.5	7.5	0.0	41.7	41.7	sexM,sexP	sexM,sexP		
Mucor_oblongisporus_var._macrosporus_NRRL_1589	Mucoromycota:MAT	scaffold_203	27141-34739	27141-34739	withheld:modelled_gene_bar	withheld:modelled_gene_bar	undetermined	undetermined							hsp_fragment	hsp_fragment	2.2	2.2	0.0	34.5	34.5	glrA,sexP	glrA,sexP		
Mucor_oblongisporus_var._macrosporus_NRRL_1589	Mucoromycota:MAT	scaffold_470	33012-33894	33012-33894	withheld:modelled_gene_bar	withheld:modelled_gene_bar	undetermined	undetermined							model	model	11.3	11.3	0.0	39.7	39.7	sexM,sexP	sexM,sexP		
Mucor_oblongisporus_var._macrosporus_NRRL_1589	Mucoromycota:MAT	scaffold_385	6214-40173	6214-40173	withheld:below_fraction_floor	withheld:below_fraction_floor	undetermined	undetermined							hsp_fragment	hsp_fragment	0.0	0.0	0.0	0.0	0.0	rnhA,sexP	rnhA,sexP		
Mucor_oblongisporus_var._macrosporus_NRRL_1589	Mucoromycota:MAT	scaffold_203	27141-34739	27141-34739	withheld:below_fraction_floor	withheld:below_fraction_floor	undetermined	undetermined							hsp_fragment	hsp_fragment	2.2	2.2	0.0	34.5	34.5	glrA,sexP	glrA,sexP		
Mucor_oblongisporus_var._macrosporus_NRRL_1589	Mucoromycota:MAT	scaffold_470	33012-33894	33012-33894	withheld:below_fraction_floor	withheld:below_fraction_floor	undetermined	undetermined							model	model	11.3	11.3	0.0	39.7	39.7	sexM,sexP	sexM,sexP		
Mucor_odoratus_NRRL_3064	Mucoromycota:MAT	scaffold_125	3367-8907	3367-8907	called	called	Plus	Plus	medium	medium	partial_locus	partial_locus			model	model	170.1	170.1	0.0	217.6	217.6	rnhA,sexP	rnhA,sexP		
Mucor_odoratus_NRRL_3064	Mucoromycota:MAT	scaffold_475	1950-7398	1950-7398	withheld:modelled_gene_bar	withheld:modelled_gene_bar	undetermined	undetermined														algA,glrA,tptA	algA,glrA,tptA		
Mucor_odoratus_NRRL_3064	Mucoromycota:MAT	scaffold_1242	5756-6675	5756-6675	withheld:modelled_gene_bar	withheld:modelled_gene_bar	undetermined	undetermined							model	model	7.8	7.8	0.0	40.3	40.3	sexM,sexP	sexM,sexP		
Mucor_odoratus_NRRL_3064	Mucoromycota:MAT	scaffold_2	32113-53899	32113-53899	withheld:paralog_class	withheld:paralog_class	undetermined	undetermined							model	model	22.4	22.4	0.0	73.5	73.5	sexM,tptA	sexM,tptA		
Mucor_odoratus_NRRL_3064	Mucoromycota:MAT	scaffold_1242	5756-6675	5756-6675	withheld:below_fraction_floor	withheld:below_fraction_floor	undetermined	undetermined							model	model	7.8	7.8	0.0	40.3	40.3	sexM,sexP	sexM,sexP		
Mucor_odoratus_NRRL_3064	Mucoromycota:MAT	scaffold_2	32113-53899	32113-53899	withheld:below_fraction_floor	withheld:below_fraction_floor	undetermined	undetermined							model	model	22.4	22.4	0.0	73.5	73.5	sexM,tptA	sexM,tptA		
Mucor_pakistanicus_NRRL_6589	Mucoromycota:MAT	scaffold_502	6894-21886	6894-21886	called	called	Minus	Minus	high	high	mat_locus	mat_locus			model	model	135.6	135.6	0.0	180.6	180.6	algA,glrA,rnhA,sexM,tptA	algA,glrA,rnhA,sexM,tptA		
Mucor_pakistanicus_NRRL_6589	Mucoromycota:MAT	scaffold_12	1709-40982	1709-40982	withheld:modelled_gene_bar	withheld:modelled_gene_bar	undetermined	undetermined							hsp_fragment	hsp_fragment	3.2	3.2	0.0	36.0	36.0	algA,glrA,sexM,sexP	algA,glrA,sexM,sexP		
Mucor_pakistanicus_NRRL_6589	Mucoromycota:MAT	scaffold_562	1630-17034	1630-17034	withheld:below_fraction_floor	withheld:below_fraction_floor	undetermined	undetermined							model	model	7.7	7.7	0.0	56.4	56.4	glrA,sexP	glrA,sexP		
Mucor_pakistanicus_NRRL_6589	Mucoromycota:MAT	scaffold_219	37115-37712	37115-37712	withheld:below_fraction_floor	withheld:below_fraction_floor	undetermined	undetermined							model	model	11.1	11.1	0.0	75.7	75.7	sexP	sexP		
Mucor_petrinsularis_var._echinosporus_NRRL_3141	Mucoromycota:MAT	scaffold_1579	1152-3723	1152-3723	called	called	Plus	Plus	medium	medium	partial_locus	partial_locus			model	model	285.2	285.2	0.0	345.2	345.2	sexP,tptA	sexP,tptA		
Mucor_petrinsularis_var._echinosporus_NRRL_3141	Mucoromycota:MAT	scaffold_14	21916-64853	21916-64853	withheld:modelled_gene_bar	withheld:modelled_gene_bar	undetermined	undetermined							hsp_fragment	hsp_fragment	3.3	3.3	0.0	40.5	40.5	glrA,sexM,sexP	glrA,sexM,sexP		
Mucor_petrinsularis_var._echinosporus_NRRL_3141	Mucoromycota:MAT	scaffold_103	6216-20037	6216-20037	withheld:modelled_gene_bar	withheld:modelled_gene_bar	undetermined	undetermined							hsp_fragment	hsp_fragment	1.4	1.4	0.0	3.8	3.8	rnhA,sexP	rnhA,sexP		
Mucor_petrinsularis_var._echinosporus_NRRL_3141	Mucoromycota:MAT	scaffold_894	10699-11420	10699-11420	withheld:modelled_gene_bar	withheld:modelled_gene_bar	undetermined	undetermined							hsp_fragment	hsp_fragment	8.3	8.3	0.0	46.1	46.1	sexM,sexP	sexM,sexP		
Mucor_petrinsularis_var._echinosporus_NRRL_3141	Mucoromycota:MAT	scaffold_807	4411-11299	4411-11299	withheld:modelled_gene_bar	withheld:modelled_gene_bar	undetermined	undetermined							hsp_fragment	hsp_fragment	0.0	0.0	0.0	0.0	0.0	sexP,tptA	sexP,tptA		
Mucor_petrinsularis_var._echinosporus_NRRL_3141	Mucoromycota:MAT	scaffold_374	12838-31917	12838-31917	withheld:modelled_gene_bar	withheld:modelled_gene_bar	undetermined	undetermined							hsp_fragment	hsp_fragment	0.0	0.0	0.0	0.0	0.0	sexP,tptA	sexP,tptA		
Mucor_petrinsularis_var._ovalisporus_NRRL_2536	Mucoromycota:MAT	scaffold_488	313-4202	313-4202	called	called	Plus	Plus	high	high	mat_locus	mat_locus			model	model	301.1	301.1	0.0	362.5	362.5	algA,sexP,tptA	algA,sexP,tptA		
Mucor_philippovi_NRRL_3036	Mucoromycota:MAT	scaffold_804	8194-16425	8194-16425	called	called	Minus	Minus	low	low	partial_locus	partial_locus			hsp_fragment	hsp_fragment	36.0	36.0	0.0	58.1	58.1	glrA,rnhA,sexM,tptA	glrA,rnhA,sexM,tptA		
Mucor_philippovi_NRRL_3036	Mucoromycota:MAT	scaffold_37	16072-56990	16072-56990	called	called	Plus	Plus	high	high	mat_locus	mat_locus			model	model	294.2	294.2	0.0	347.4	347.4	algA,rnhA,sexP,tptA	algA,rnhA,sexP,tptA		
Mucor_philippovi_NRRL_3036	Mucoromycota:MAT	scaffold_129	27752-43616	27752-43616	withheld:modelled_gene_bar	withheld:modelled_gene_bar	undetermined	undetermined							hsp_fragment	hsp_fragment	3.5	3.5	0.0	38.6	38.6	glrA,sexM,sexP	glrA,sexM,sexP		
Mucor_philippovi_NRRL_3036	Mucoromycota:MAT	scaffold_294	2460-2956	2460-2956	withheld:below_fraction_floor	withheld:below_fraction_floor	undetermined	undetermined							model	model	18.6	18.6	0.0	74.9	74.9	sexM	sexM		
Mucor_philippovi_NRRL_3036	Mucoromycota:MAT	scaffold_1414	1214-1608	1214-1608	withheld:below_fraction_floor	withheld:below_fraction_floor	undetermined	undetermined							model	model	14.8	14.8	0.0	76.6	76.6	sexP	sexP		
Mucor_piriformis_NRRL_3637	Mucoromycota:MAT	scaffold_7	29103-41387	29103-41387	called	called	Plus	Plus	high	high	mat_locus	mat_locus			model	model	277.2	277.2	0.0	326.6	326.6	algA,glrA,rnhA,sexP,tptA	algA,glrA,rnhA,sexP,tptA		
Mucor_piriformis_NRRL_3637	Mucoromycota:MAT	scaffold_53	2074-49284	2074-49284	withheld:modelled_gene_bar	withheld:modelled_gene_bar	undetermined	undetermined							hsp_fragment	hsp_fragment	1.9	1.9	0.0	1.9	1.9	glrA,sexP,tptA	glrA,sexP,tptA		
Mucor_piriformis_NRRL_3637	Mucoromycota:MAT	scaffold_10	66379-90844	66379-90844	withheld:modelled_gene_bar	withheld:modelled_gene_bar	undetermined	undetermined							hsp_fragment	hsp_fragment	0.0	0.0	0.0	0.0	0.0	algA,rnhA,sexM	algA,rnhA,sexM		
Mucor_piriformis_NRRL_3637	Mucoromycota:MAT	scaffold_55	28848-49113	28848-49113	withheld:below_fraction_floor	withheld:below_fraction_floor	undetermined	undetermined							hsp_fragment	hsp_fragment	0.0	0.0	0.0	0.0	0.0	rnhA,sexP	rnhA,sexP		
Mucor_piriformis_NRRL_3637	Mucoromycota:MAT	scaffold_91	19741-41103	19741-41103	withheld:below_fraction_floor	withheld:below_fraction_floor	undetermined	undetermined							model	model	23.5	23.5	0.0	77.9	77.9	rnhA,sexM	rnhA,sexM		
Mucor_plasmaticus_NRRL_2708	Mucoromycota:MAT	scaffold_187	10779-23843	10779-23843	called	called	Minus	Minus	high	high	mat_locus	mat_locus			model	model	136.3	136.3	0.0	199.1	199.1	algA,glrA,rnhA,sexM	algA,glrA,rnhA,sexM		
Mucor_plasmaticus_NRRL_2708	Mucoromycota:MAT	scaffold_269	16097-16545	16097-16545	withheld:below_fraction_floor	withheld:below_fraction_floor	undetermined	undetermined							model	model	13.9	13.9	0.0	56.7	56.7	sexM,sexP	sexM,sexP		
Mucor_plasmaticus_NRRL_2708	Mucoromycota:MAT	scaffold_290	21397-32730	21397-32730	withheld:below_fraction_floor	withheld:below_fraction_floor	undetermined	undetermined							model	model	12.7	12.7	0.0	52.5	52.5	sexM,sexP	sexM,sexP		
Mucor_plumbeus_JES_114	Mucoromycota:MAT	scaffold_567	1277-17382	1277-17382	called	called	Minus	Minus	high	high	mat_locus	mat_locus			model	model	31.9	31.9	0.0	77.2	77.2	algA,glrA,rnhA,sexM,tptA	algA,glrA,rnhA,sexM,tptA		
Mucor_plumbeus_JES_114	Mucoromycota:MAT	scaffold_496	2055-18523	2055-18523	withheld:modelled_gene_bar	withheld:modelled_gene_bar	undetermined	undetermined							hsp_fragment	hsp_fragment	3.0	3.0	0.0	38.1	38.1	glrA,sexM,sexP	glrA,sexM,sexP		
Mucor_plumbeus_NRRL_2353	Mucoromycota:MAT	scaffold_661	780-16848	780-16848	called	called	Minus	Minus	high	high	mat_locus	mat_locus			model	model	31.9	31.9	0.0	77.2	77.2	algA,glrA,rnhA,sexM,tptA	algA,glrA,rnhA,sexM,tptA		
Mucor_plumbeus_NRRL_2357	Mucoromycota:MAT	scaffold_115	48778-57110	48778-57110	called	called	Plus	Plus	high	high	mat_locus	mat_locus			model	model	282.3	282.3	0.0	334.6	334.6	algA,rnhA,sexM,sexP,tptA	algA,rnhA,sexM,sexP,tptA		
Mucor_plumbeus_NRRL_2357	Mucoromycota:MAT	scaffold_70	49646-60601	49646-60601	withheld:modelled_gene_bar	withheld:modelled_gene_bar	undetermined	undetermined							model	model	12.2	12.2	0.0	49.1	49.1	glrA,sexM,sexP	glrA,sexM,sexP		
Mucor_plumbeus_NRRL_2357	Mucoromycota:MAT	scaffold_56	20453-69631	20453-69631	withheld:modelled_gene_bar	withheld:modelled_gene_bar	undetermined	undetermined							hsp_fragment	hsp_fragment	0.0	0.0	0.0	0.0	0.0	glrA,rnhA,sexP	glrA,rnhA,sexP		
Mucor_plumbeus_NRRL_2357	Mucoromycota:MAT	scaffold_453	3367-15121	3367-15121	withheld:below_fraction_floor	withheld:below_fraction_floor	undetermined	undetermined							hsp_fragment	hsp_fragment	3.8	3.8	0.0	26.1	26.1	rnhA,sexM	rnhA,sexM		
Mucor_plumbeus_NRRL_2357	Mucoromycota:MAT	scaffold_15	44394-84063	44394-84063	withheld:below_fraction_floor	withheld:below_fraction_floor	undetermined	undetermined							hsp_fragment	hsp_fragment	0.6	0.6	0.0	0.6	0.6	rnhA,sexM	rnhA,sexM		
Mucor_plumbeus_NRRL_2357	Mucoromycota:MAT	scaffold_89	28365-53661	28365-53661	withheld:below_fraction_floor	withheld:below_fraction_floor	undetermined	undetermined							hsp_fragment	hsp_fragment	0.0	0.0	0.0	0.0	0.0	btbA,sexM,tptA	btbA,sexM,tptA		
Mucor_pusillus_Lindt_NRRL_3470	Mucoromycota:MAT	scaffold_3488	27-2370	27-2370	withheld:modelled_gene_bar	withheld:modelled_gene_bar	Minus	Minus							model	model	43.4	43.4	0.0	115.1	115.1	sexM,sexP	sexM,sexP		
Mucor_pusillus_Lindt_NRRL_3470	Mucoromycota:MAT	scaffold_1925	2315-3236	2315-3236	withheld:modelled_gene_bar	withheld:modelled_gene_bar	undetermined	undetermined							hsp_fragment	hsp_fragment	2.4	2.4	0.0	38.8	38.8	sexM,sexP	sexM,sexP		
Mucor_pusillus_Lindt_NRRL_3470	Mucoromycota:MAT	scaffold_3488	27-2370	27-2370	withheld:below_fraction_floor	withheld:below_fraction_floor	Minus	Minus							model	model	43.4	43.4	0.0	115.1	115.1	sexM,sexP	sexM,sexP		
Mucor_pusillus_Lindt_NRRL_A-16035	Mucoromycota:MAT	scaffold_44	18629-45750	18629-45750	withheld:modelled_gene_bar	withheld:modelled_gene_bar	undetermined	undetermined							hsp_fragment	hsp_fragment	0.0	0.0	0.0	0.0	0.0	algA,glrA,sexM	algA,glrA,sexM		
Mucor_pusillus_Lindt_NRRL_A-16035	Mucoromycota:MAT	scaffold_45	37030-65196	37030-65196	withheld:modelled_gene_bar	withheld:modelled_gene_bar	undetermined	undetermined							hsp_fragment	hsp_fragment	0.0	0.0	0.0	0.0	0.0	algA,glrA,sexM	algA,glrA,sexM		
Mucor_pusillus_Lindt_NRRL_A-16035	Mucoromycota:MAT	scaffold_3	129470-150321	129470-150321	withheld:modelled_gene_bar	withheld:modelled_gene_bar	undetermined	undetermined							hsp_fragment	hsp_fragment	0.0	0.0	0.0	0.0	0.0	glrA,sexM,tptA	glrA,sexM,tptA		
Mucor_pusillus_Lindt_NRRL_A-16035	Mucoromycota:MAT	scaffold_176	16105-18789	16105-18789	withheld:modelled_gene_bar	withheld:modelled_gene_bar	Plus	Plus							hsp_fragment	hsp_fragment	67.3	67.3	0.0	200.1	200.1	sexM,sexP	sexM,sexP		
Mucor_pusillus_Lindt_NRRL_A-16035	Mucoromycota:MAT	scaffold_142	45081-45869	45081-45869	withheld:modelled_gene_bar+polish_capped	withheld:modelled_gene_bar+polish_capped	undetermined	undetermined							hsp_fragment	hsp_fragment	1.5	1.5	0.0	59.0	59.0	sexM,sexP	sexM,sexP		
Mucor_pusillus_Lindt_NRRL_A-16035	Mucoromycota:MAT	scaffold_65	28627-42348	28627-42348	withheld:modelled_gene_bar+polish_capped	withheld:modelled_gene_bar+polish_capped	undetermined	undetermined							hsp_fragment	hsp_fragment	2.7	2.7	0.0	4.2	4.2	rnhA,sexM	rnhA,sexM		
Mucor_pusillus_Lindt_NRRL_A-16035	Mucoromycota:MAT	scaffold_163	32796-40053	32796-40053	withheld:modelled_gene_bar	withheld:modelled_gene_bar	undetermined	undetermined							hsp_fragment	hsp_fragment	0.0	0.0	0.0	0.0	0.0	rnhA,sexP	rnhA,sexP		
Mucor_pusillus_Lindt_NRRL_A-16035	Mucoromycota:MAT	scaffold_169	4101-4953	4101-4953	withheld:modelled_gene_bar+polish_capped	withheld:modelled_gene_bar+polish_capped	undetermined	undetermined							hsp_fragment	hsp_fragment	2.4	2.4	0.0	38.8	38.8	sexM,sexP	sexM,sexP		
Mucor_pusillus_Lindt_NRRL_A-16035	Mucoromycota:MAT	scaffold_106	2820-37867	2820-37867	withheld:modelled_gene_bar+polish_capped	withheld:modelled_gene_bar+polish_capped	undetermined	undetermined							hsp_fragment	hsp_fragment	0.0	0.0	0.0	0.0	0.0	sexM,sexP	sexM,sexP		
Mucor_pusillus_Lindt_NRRL_A-16035	Mucoromycota:MAT	scaffold_170	16089-16819	16089-16819	withheld:modelled_gene_bar+polish_capped	withheld:modelled_gene_bar+polish_capped	undetermined	undetermined							hsp_fragment	hsp_fragment	2.5	2.5	0.0	37.8	37.8	sexM,sexP	sexM,sexP		
Mucor_pusillus_Lindt_NRRL_A-16035	Mucoromycota:MAT	scaffold_25	16878-34180	16878-34180	withheld:modelled_gene_bar+polish_capped	withheld:modelled_gene_bar+polish_capped	undetermined	undetermined							hsp_fragment	hsp_fragment	0.0	0.0	0.0	0.0	0.0	rnhA,sexM	rnhA,sexM		
Mucor_pusillus_Lindt_NRRL_A-16035	Mucoromycota:MAT	scaffold_19	25127-38390	25127-38390	withheld:modelled_gene_bar+polish_capped	withheld:modelled_gene_bar+polish_capped	undetermined	undetermined							hsp_fragment	hsp_fragment	0.0	0.0	0.0	0.0	0.0	algA,sexM	algA,sexM		
Mucor_pusillus_Lindt_NRRL_A-16035	Mucoromycota:MAT	scaffold_86	79429-83609	79429-83609	withheld:modelled_gene_bar+polish_capped	withheld:modelled_gene_bar+polish_capped	undetermined	undetermined							hsp_fragment	hsp_fragment	0.0	0.0	0.0	0.0	0.0	glrA,sexM	glrA,sexM		
Mucor_pusillus_Lindt_NRRL_A-16035	Mucoromycota:MAT	scaffold_32	74467-117805	74467-117805	withheld:modelled_gene_bar	withheld:modelled_gene_bar	undetermined	undetermined							hsp_fragment	hsp_fragment	5.6	5.6	0.0	41.7	41.7	btbA,sexM	btbA,sexM		
Mucor_pusillus_Lindt_NRRL_A-16035	Mucoromycota:MAT	scaffold_123	10122-44162	10122-44162	withheld:modelled_gene_bar+polish_capped	withheld:modelled_gene_bar+polish_capped	undetermined	undetermined							hsp_fragment	hsp_fragment	0.0	0.0	0.0	0.0	0.0	btbA,sexM	btbA,sexM		
Mucor_pusillus_Lindt_NRRL_A-16035	Mucoromycota:MAT	scaffold_94	1063-17446	1063-17446	withheld:modelled_gene_bar+polish_capped	withheld:modelled_gene_bar+polish_capped	undetermined	undetermined							hsp_fragment	hsp_fragment	4.3	4.3	0.0	5.8	5.8	sexM,sexP	sexM,sexP		
Mucor_pusillus_Lindt_NRRL_A-16035	Mucoromycota:MAT	scaffold_53	131712-136372	131712-136372	withheld:modelled_gene_bar+polish_capped	withheld:modelled_gene_bar+polish_capped	undetermined	undetermined							hsp_fragment	hsp_fragment	0.0	0.0	0.0	0.0	0.0	sexP,tptA	sexP,tptA		
Mucor_pusillus_Lindt_NRRL_A-16035	Mucoromycota:MAT	scaffold_47	2638-54811	2638-54811	withheld:modelled_gene_bar+polish_capped	withheld:modelled_gene_bar+polish_capped	undetermined	undetermined							hsp_fragment	hsp_fragment	0.0	0.0	0.0	0.0	0.0	rnhA,sexM	rnhA,sexM		
Mucor_pusillus_Lindt_NRRL_A-16035	Mucoromycota:MAT	scaffold_30	139042-177196	139042-177196	withheld:mat_gene_gate	withheld:mat_gene_gate	undetermined	undetermined							model	model	21.8	21.8	0.0	37.4	37.4	algA,btbA,sexM	algA,btbA,sexM		
Mucor_pusillus_Lindt_NRRL_A-16035	Mucoromycota:MAT	scaffold_30	139042-177196	139042-177196	withheld:below_fraction_floor	withheld:below_fraction_floor	undetermined	undetermined							model	model	21.8	21.8	0.0	37.4	37.4	algA,btbA,sexM	algA,btbA,sexM		
Mucor_pusillus_NRRL_5893	Mucoromycota:MAT	scaffold_1608	3948-4371	3948-4371	withheld:below_fraction_floor	withheld:below_fraction_floor	undetermined	undetermined							model	model	23.9	23.9	0.0	79.8	79.8	sexM	sexM		
Mucor_pusillus_NRRL_5895	Mucoromycota:MAT	scaffold_256	3920-20192	3920-20192	called	called	Plus	Plus	high	high	mat_locus	mat_locus			model	model	312.1	312.1	0.0	364.1	364.1	algA,glrA,rnhA,sexP,tptA	algA,glrA,rnhA,sexP,tptA		
Mucor_pusillus_NRRL_5895	Mucoromycota:MAT	scaffold_1788	1-4432	1-4432	called	called	Plus	Plus	high	high	mat_locus	mat_locus			model	model	202.9	202.9	0.0	243.3	243.3	algA,rnhA,sexP,tptA	algA,rnhA,sexP,tptA		
Mucor_pusillus_NRRL_5895	Mucoromycota:MAT	scaffold_2920	4475-4896	4475-4896	withheld:below_fraction_floor	withheld:below_fraction_floor	undetermined	undetermined							model	model	14.6	14.6	0.0	70.5	70.5	sexM,sexP	sexM,sexP		
Mucor_pusillus_NRRL_A-13674	Mucoromycota:MAT	scaffold_161	16276-25616	16276-25616	called	called	Plus	Plus	medium	medium	idiomorph_gene_only	idiomorph_gene_only			model	model	92.5	92.5	0.0	202.0	202.0	sexM,sexP	sexM,sexP		
Mucor_pusillus_NRRL_A-13674	Mucoromycota:MAT	scaffold_14	87089-137875	87089-137875	withheld:modelled_gene_bar	withheld:modelled_gene_bar	undetermined	undetermined							hsp_fragment	hsp_fragment	2.7	2.7	0.0	4.2	4.2	algA,rnhA,sexM	algA,rnhA,sexM		
Mucor_pusillus_NRRL_A-13674	Mucoromycota:MAT	scaffold_46	121840-148969	121840-148969	withheld:modelled_gene_bar	withheld:modelled_gene_bar	undetermined	undetermined							hsp_fragment	hsp_fragment	0.0	0.0	0.0	0.0	0.0	algA,glrA,sexM	algA,glrA,sexM		
Mucor_pusillus_NRRL_A-13674	Mucoromycota:MAT	scaffold_45	37968-66125	37968-66125	withheld:modelled_gene_bar	withheld:modelled_gene_bar	undetermined	undetermined							hsp_fragment	hsp_fragment	0.0	0.0	0.0	0.0	0.0	algA,glrA,sexM	algA,glrA,sexM		
Mucor_pusillus_NRRL_A-13674	Mucoromycota:MAT	scaffold_117	60404-61192	60404-61192	withheld:modelled_gene_bar+polish_capped	withheld:modelled_gene_bar+polish_capped	undetermined	undetermined							hsp_fragment	hsp_fragment	1.5	1.5	0.0	59.0	59.0	sexM,sexP	sexM,sexP		
Mucor_pusillus_NRRL_A-13674	Mucoromycota:MAT	scaffold_1	365327-398933	365327-398933	withheld:modelled_gene_bar+polish_capped	withheld:modelled_gene_bar+polish_capped	undetermined	undetermined							hsp_fragment	hsp_fragment	4.7	4.7	0.0	26.9	26.9	rnhA,sexM	rnhA,sexM		
Mucor_pusillus_NRRL_A-13674	Mucoromycota:MAT	scaffold_25	216697-223952	216697-223952	withheld:modelled_gene_bar+polish_capped	withheld:modelled_gene_bar+polish_capped	undetermined	undetermined							hsp_fragment	hsp_fragment	0.0	0.0	0.0	0.0	0.0	rnhA,sexP	rnhA,sexP		
Mucor_pusillus_NRRL_A-13674	Mucoromycota:MAT	scaffold_164	6862-7714	6862-7714	withheld:modelled_gene_bar+polish_capped	withheld:modelled_gene_bar+polish_capped	undetermined	undetermined							hsp_fragment	hsp_fragment	2.4	2.4	0.0	38.8	38.8	sexM,sexP	sexM,sexP		
Mucor_pusillus_NRRL_A-13674	Mucoromycota:MAT	scaffold_109	40505-75561	40505-75561	withheld:modelled_gene_bar+polish_capped	withheld:modelled_gene_bar+polish_capped	undetermined	undetermined							hsp_fragment	hsp_fragment	0.0	0.0	0.0	0.0	0.0	sexM,sexP	sexM,sexP		
Mucor_pusillus_NRRL_A-13674	Mucoromycota:MAT	scaffold_170	16094-16824	16094-16824	withheld:modelled_gene_bar+polish_capped	withheld:modelled_gene_bar+polish_capped	undetermined	undetermined							hsp_fragment	hsp_fragment	2.5	2.5	0.0	37.8	37.8	sexM,sexP	sexM,sexP		
Mucor_pusillus_NRRL_A-13674	Mucoromycota:MAT	scaffold_68	7061-24369	7061-24369	withheld:modelled_gene_bar+polish_capped	withheld:modelled_gene_bar+polish_capped	undetermined	undetermined							hsp_fragment	hsp_fragment	0.0	0.0	0.0	0.0	0.0	rnhA,sexM	rnhA,sexM		
Mucor_pusillus_NRRL_A-13674	Mucoromycota:MAT	scaffold_23	195067-208334	195067-208334	withheld:modelled_gene_bar+polish_capped	withheld:modelled_gene_bar+polish_capped	undetermined	undetermined							hsp_fragment	hsp_fragment	0.0	0.0	0.0	0.0	0.0	algA,sexM	algA,sexM		
Mucor_pusillus_NRRL_A-13674	Mucoromycota:MAT	scaffold_91	31803-38062	31803-38062	withheld:modelled_gene_bar+polish_capped	withheld:modelled_gene_bar+polish_capped	undetermined	undetermined							hsp_fragment	hsp_fragment	0.0	0.0	0.0	0.0	0.0	sexM,tptA	sexM,tptA		
Mucor_pusillus_NRRL_A-13674	Mucoromycota:MAT	scaffold_71	98605-102785	98605-102785	withheld:modelled_gene_bar+polish_capped	withheld:modelled_gene_bar+polish_capped	undetermined	undetermined							hsp_fragment	hsp_fragment	0.0	0.0	0.0	0.0	0.0	glrA,sexM	glrA,sexM		
Mucor_pusillus_NRRL_A-13674	Mucoromycota:MAT	scaffold_12	152405-195857	152405-195857	withheld:modelled_gene_bar	withheld:modelled_gene_bar	undetermined	undetermined							hsp_fragment	hsp_fragment	5.6	5.6	0.0	41.7	41.7	btbA,sexM	btbA,sexM		
Mucor_pusillus_NRRL_A-13674	Mucoromycota:MAT	scaffold_90	1088-16454	1088-16454	withheld:modelled_gene_bar+polish_capped	withheld:modelled_gene_bar+polish_capped	undetermined	undetermined							hsp_fragment	hsp_fragment	4.3	4.3	0.0	5.8	5.8	sexM,sexP	sexM,sexP		
Mucor_pusillus_NRRL_A-13674	Mucoromycota:MAT	scaffold_119	52590-57250	52590-57250	withheld:modelled_gene_bar+polish_capped	withheld:modelled_gene_bar+polish_capped	undetermined	undetermined							hsp_fragment	hsp_fragment	0.0	0.0	0.0	0.0	0.0	sexP,tptA	sexP,tptA		
Mucor_pusillus_NRRL_A-13674	Mucoromycota:MAT	scaffold_49	1126-53313	1126-53313	withheld:modelled_gene_bar+polish_capped	withheld:modelled_gene_bar+polish_capped	undetermined	undetermined							hsp_fragment	hsp_fragment	0.0	0.0	0.0	0.0	0.0	rnhA,sexM	rnhA,sexM		
Mucor_pusillus_NRRL_A-13674	Mucoromycota:MAT	scaffold_2	129413-147957	129413-147957	withheld:modelled_gene_bar+polish_capped	withheld:modelled_gene_bar+polish_capped	undetermined	undetermined							hsp_fragment	hsp_fragment	0.0	0.0	0.0	0.0	0.0	glrA,sexM	glrA,sexM		
Mucor_pusillus_NRRL_A-13674	Mucoromycota:MAT	scaffold_33	29635-67788	29635-67788	withheld:mat_gene_gate	withheld:mat_gene_gate	undetermined	undetermined							model	model	21.8	21.8	0.0	37.4	37.4	algA,btbA,sexM	algA,btbA,sexM		
Mucor_pusillus_NRRL_A-13674	Mucoromycota:MAT	scaffold_33	29635-67788	29635-67788	withheld:below_fraction_floor	withheld:below_fraction_floor	undetermined	undetermined							model	model	21.8	21.8	0.0	37.4	37.4	algA,btbA,sexM	algA,btbA,sexM		
Mucor_pusillus_NRRL_A-14037	Mucoromycota:MAT	scaffold_23	193484-215473	193484-215473	withheld:modelled_gene_bar	withheld:modelled_gene_bar	undetermined	undetermined							hsp_fragment	hsp_fragment	0.0	0.0	0.0	0.0	0.0	glrA,rnhA,sexP	glrA,rnhA,sexP		
Mucor_pusillus_NRRL_A-14037	Mucoromycota:MAT	scaffold_38	36977-65136	36977-65136	withheld:modelled_gene_bar	withheld:modelled_gene_bar	undetermined	undetermined							hsp_fragment	hsp_fragment	0.0	0.0	0.0	0.0	0.0	algA,glrA,sexM	algA,glrA,sexM		
Mucor_pusillus_NRRL_A-14037	Mucoromycota:MAT	scaffold_3	230565-251402	230565-251402	withheld:modelled_gene_bar	withheld:modelled_gene_bar	undetermined	undetermined							hsp_fragment	hsp_fragment	0.0	0.0	0.0	0.0	0.0	glrA,sexM,tptA	glrA,sexM,tptA		
Mucor_pusillus_NRRL_A-14037	Mucoromycota:MAT	scaffold_122	60267-61055	60267-61055	withheld:modelled_gene_bar+polish_capped	withheld:modelled_gene_bar+polish_capped	undetermined	undetermined							hsp_fragment	hsp_fragment	1.5	1.5	0.0	59.0	59.0	sexM,sexP	sexM,sexP		
Mucor_pusillus_NRRL_A-14037	Mucoromycota:MAT	scaffold_241	16107-18520	16107-18520	withheld:modelled_gene_bar	withheld:modelled_gene_bar	Minus	Minus							model	model	43.4	43.4	0.0	115.1	115.1	sexM,sexP	sexM,sexP		
Mucor_pusillus_NRRL_A-14037	Mucoromycota:MAT	scaffold_1	25079-38340	25079-38340	withheld:modelled_gene_bar+polish_capped	withheld:modelled_gene_bar+polish_capped	undetermined	undetermined							hsp_fragment	hsp_fragment	0.0	0.0	0.0	0.0	0.0	algA,sexM	algA,sexM		
Mucor_pusillus_NRRL_A-14037	Mucoromycota:MAT	scaffold_165	37833-38685	37833-38685	withheld:modelled_gene_bar+polish_capped	withheld:modelled_gene_bar+polish_capped	undetermined	undetermined							hsp_fragment	hsp_fragment	2.4	2.4	0.0	38.8	38.8	sexM,sexP	sexM,sexP		
Mucor_pusillus_NRRL_A-14037	Mucoromycota:MAT	scaffold_101	4204-39220	4204-39220	withheld:modelled_gene_bar+polish_capped	withheld:modelled_gene_bar+polish_capped	undetermined	undetermined							hsp_fragment	hsp_fragment	0.0	0.0	0.0	0.0	0.0	sexM,sexP	sexM,sexP		
Mucor_pusillus_NRRL_A-14037	Mucoromycota:MAT	scaffold_175	25174-25904	25174-25904	withheld:modelled_gene_bar+polish_capped	withheld:modelled_gene_bar+polish_capped	undetermined	undetermined							hsp_fragment	hsp_fragment	3.1	3.1	0.0	38.9	38.9	sexM,sexP	sexM,sexP		
Mucor_pusillus_NRRL_A-14037	Mucoromycota:MAT	scaffold_8	246034-249265	246034-249265	withheld:modelled_gene_bar+polish_capped	withheld:modelled_gene_bar+polish_capped	undetermined	undetermined							hsp_fragment	hsp_fragment	0.0	0.0	0.0	0.0	0.0	algA,sexM	algA,sexM		
Mucor_pusillus_NRRL_A-14037	Mucoromycota:MAT	scaffold_58	32704-34528	32704-34528	withheld:modelled_gene_bar+polish_capped	withheld:modelled_gene_bar+polish_capped	undetermined	undetermined							hsp_fragment	hsp_fragment	0.0	0.0	0.0	0.0	0.0	sexM,tptA	sexM,tptA		
Mucor_pusillus_NRRL_A-14037	Mucoromycota:MAT	scaffold_73	16864-20975	16864-20975	withheld:modelled_gene_bar+polish_capped	withheld:modelled_gene_bar+polish_capped	undetermined	undetermined							hsp_fragment	hsp_fragment	0.0	0.0	0.0	0.0	0.0	glrA,sexM	glrA,sexM		
Mucor_pusillus_NRRL_A-14037	Mucoromycota:MAT	scaffold_17	151848-195180	151848-195180	withheld:modelled_gene_bar	withheld:modelled_gene_bar	undetermined	undetermined							hsp_fragment	hsp_fragment	5.6	5.6	0.0	41.7	41.7	btbA,sexM	btbA,sexM		
Mucor_pusillus_NRRL_A-14037	Mucoromycota:MAT	scaffold_126	52165-56825	52165-56825	withheld:modelled_gene_bar+polish_capped	withheld:modelled_gene_bar+polish_capped	undetermined	undetermined							hsp_fragment	hsp_fragment	0.0	0.0	0.0	0.0	0.0	sexP,tptA	sexP,tptA		
Mucor_pusillus_NRRL_A-14037	Mucoromycota:MAT	scaffold_24	69118-84337	69118-84337	withheld:modelled_gene_bar+polish_capped	withheld:modelled_gene_bar+polish_capped	undetermined	undetermined							hsp_fragment	hsp_fragment	4.3	4.3	0.0	4.3	4.3	rnhA,sexM	rnhA,sexM		
Mucor_pusillus_NRRL_A-14037	Mucoromycota:MAT	scaffold_41	107179-159360	107179-159360	withheld:modelled_gene_bar+polish_capped	withheld:modelled_gene_bar+polish_capped	undetermined	undetermined							hsp_fragment	hsp_fragment	0.0	0.0	0.0	0.0	0.0	rnhA,sexM	rnhA,sexM		
Mucor_pusillus_NRRL_A-14037	Mucoromycota:MAT	scaffold_29	142793-180959	142793-180959	withheld:mat_gene_gate	withheld:mat_gene_gate	undetermined	undetermined							model	model	21.8	21.8	0.0	37.4	37.4	algA,btbA,sexM	algA,btbA,sexM		
Mucor_pusillus_NRRL_A-14037	Mucoromycota:MAT	scaffold_241	16107-18520	16107-18520	withheld:below_fraction_floor	withheld:below_fraction_floor	Minus	Minus							model	model	43.4	43.4	0.0	115.1	115.1	sexM,sexP	sexM,sexP		
Mucor_pusillus_NRRL_A-14037	Mucoromycota:MAT	scaffold_29	142793-180959	142793-180959	withheld:below_fraction_floor	withheld:below_fraction_floor	undetermined	undetermined							model	model	21.8	21.8	0.0	37.4	37.4	algA,btbA,sexM	algA,btbA,sexM		
Mucor_racemosus_Fresenius_NRRL_1504	Mucoromycota:MAT	scaffold_184	6543-22589	6543-22589	called	called	Minus	Minus	high	high	mat_locus	mat_locus			model	model	32.4	32.4	0.0	74.7	74.7	algA,glrA,rnhA,sexM,tptA	algA,glrA,rnhA,sexM,tptA		
Mucor_racemosus_Fresenius_NRRL_1608	Mucoromycota:MAT	scaffold_1	38667-95620	38667-95620	called	called	Plus	Plus	high	high	mat_locus	mat_locus			model	model	314.5	314.5	0.0	369.3	369.3	algA,glrA,rnhA,sexM,sexP,tptA	algA,glrA,rnhA,sexM,sexP,tptA		
Mucor_racemosus_Fresenius_NRRL_1608	Mucoromycota:MAT	scaffold_268	643-22461	643-22461	withheld:modelled_gene_bar	withheld:modelled_gene_bar	undetermined	undetermined							hsp_fragment	hsp_fragment	3.2	3.2	0.0	36.0	36.0	glrA,sexM,sexP,tptA	glrA,sexM,sexP,tptA		
Mucor_racemosus_Fresenius_NRRL_1622	Mucoromycota:MAT	scaffold_72	23629-40304	23629-40304	called	called	Minus	Minus	high	high	mat_locus	mat_locus			model	model	31.2	31.2	0.0	81.1	81.1	algA,glrA,rnhA,sexM,tptA	algA,glrA,rnhA,sexM,tptA		
Mucor_racemosus_Fresenius_NRRL_1622	Mucoromycota:MAT	scaffold_207	11955-22537	11955-22537	withheld:modelled_gene_bar	withheld:modelled_gene_bar	undetermined	undetermined							hsp_fragment	hsp_fragment	3.2	3.2	0.0	36.0	36.0	glrA,sexM,sexP	glrA,sexM,sexP		
Mucor_racemosus_Fresenius_NRRL_1688	Mucoromycota:MAT	scaffold_199	5425-21475	5425-21475	called	called	Minus	Minus	high	high	mat_locus	mat_locus			model	model	32.4	32.4	0.0	74.7	74.7	algA,glrA,rnhA,sexM,tptA	algA,glrA,rnhA,sexM,tptA		
Mucor_racemosus_Fresenius_NRRL_1994	Mucoromycota:MAT	scaffold_114	7965-24015	7965-24015	called	called	Minus	Minus	high	high	mat_locus	mat_locus			model	model	32.4	32.4	0.0	74.7	74.7	algA,glrA,rnhA,sexM,tptA	algA,glrA,rnhA,sexM,tptA		
Mucor_racemosus_Fresenius_NRRL_A-11534	Mucoromycota:MAT	scaffold_156	5796-21846	5796-21846	called	called	Minus	Minus	high	high	mat_locus	mat_locus			model	model	32.4	32.4	0.0	74.7	74.7	algA,glrA,rnhA,sexM,tptA	algA,glrA,rnhA,sexM,tptA		
Mucor_racemosus_Fresenius_NRRL_A-19185	Mucoromycota:MAT	scaffold_268	9-4393	9-4393	called	called	Plus	Plus	high	high	mat_locus	mat_locus			model	model	313.1	313.1	0.0	366.7	366.7	algA,sexP,tptA	algA,sexP,tptA		
Mucor_racemosus_Fresenius_NRRL_A-19185	Mucoromycota:MAT	scaffold_4114	3-3140	3-3140	called	called	Minus	Minus	high	high	mat_locus	mat_locus			model	model	30.8	30.8	0.0	81.2	81.2	rnhA,sexM,tptA	rnhA,sexM,tptA		
Mucor_racemosus_Fresenius_NRRL_A-19185	Mucoromycota:MAT	scaffold_470	306-804	306-804	withheld:below_fraction_floor	withheld:below_fraction_floor	undetermined	undetermined							model	model	11.8	11.8	0.0	67.9	67.9	sexM,sexP	sexM,sexP		
Mucor_racemosus_Fresenius_NRRL_A-19189	Mucoromycota:MAT	scaffold_76	2301-6994	2301-6994	called	called	Plus	Plus	high	high	mat_locus	mat_locus			model	model	314.5	314.5	0.0	369.3	369.3	algA,sexP,tptA	algA,sexP,tptA		
Mucor_racemosus_Fresenius_NRRL_A-19189	Mucoromycota:MAT	scaffold_84	27240-49038	27240-49038	withheld:modelled_gene_bar	withheld:modelled_gene_bar	undetermined	undetermined							hsp_fragment	hsp_fragment	3.2	3.2	0.0	36.0	36.0	glrA,sexM,sexP,tptA	glrA,sexM,sexP,tptA		
Mucor_racemosus_Fresenius_NRRL_A-19189	Mucoromycota:MAT	scaffold_570	3854-15276	3854-15276	withheld:flank_carried_core_outside_flank_span	withheld:flank_carried_core_outside_flank_span	undetermined	undetermined							hsp_fragment	hsp_fragment	0.0	0.0	0.0	0.0	0.0	glrA,rnhA,sexM	glrA,rnhA,sexM		
Mucor_racemosus_NRRL_1427	Mucoromycota:MAT	scaffold_50	58354-67597	58354-67597	called	called	Plus	Plus	high	high	mat_locus	mat_locus			model	model	251.1	251.1	0.0	302.6	302.6	glrA,rnhA,sexP	glrA,rnhA,sexP		
Mucor_racemosus_NRRL_1427	Mucoromycota:MAT	scaffold_258	24439-37808	24439-37808	withheld:modelled_gene_bar	withheld:modelled_gene_bar	undetermined	undetermined							hsp_fragment	hsp_fragment	10.4	10.4	0.0	22.1	22.1	rnhA,sexM,sexP	rnhA,sexM,sexP		
Mucor_racemosus_NRRL_1427	Mucoromycota:MAT	scaffold_212	25869-34229	25869-34229	withheld:modelled_gene_bar	withheld:modelled_gene_bar	undetermined	undetermined							hsp_fragment	hsp_fragment	6.5	6.5	0.0	38.7	38.7	glrA,sexM,sexP	glrA,sexM,sexP		
Mucor_racemosus_NRRL_1427	Mucoromycota:MAT	scaffold_29	37919-79718	37919-79718	withheld:modelled_gene_bar	withheld:modelled_gene_bar	undetermined	undetermined							hsp_fragment	hsp_fragment	1.4	1.4	0.0	1.4	1.4	rnhA,sexM,tptA	rnhA,sexM,tptA		
Mucor_racemosus_NRRL_1427	Mucoromycota:MAT	scaffold_22	97526-124775	97526-124775	withheld:modelled_gene_bar+polish_capped	withheld:modelled_gene_bar+polish_capped	undetermined	undetermined							hsp_fragment	hsp_fragment	0.0	0.0	0.0	0.0	0.0	glrA,sexP,tptA	glrA,sexP,tptA		
Mucor_racemosus_NRRL_1427	Mucoromycota:MAT	scaffold_43	3085-71950	3085-71950	withheld:modelled_gene_bar+polish_capped	withheld:modelled_gene_bar+polish_capped	undetermined	undetermined							hsp_fragment	hsp_fragment	0.0	0.0	0.0	0.0	0.0	glrA,sexM,sexP	glrA,sexM,sexP		
Mucor_racemosus_NRRL_1427	Mucoromycota:MAT	scaffold_110	741-5432	741-5432	withheld:paralog_class	withheld:paralog_class	Minus	Minus							model	model	26.8	26.8	0.0	75.0	75.0	glrA,sexM,tptA	glrA,sexM,tptA		
Mucor_racemosus_NRRL_1427	Mucoromycota:MAT	scaffold_111	67858-75499	67858-75499	withheld:below_fraction_floor	withheld:below_fraction_floor	undetermined	undetermined							model	model	14.4	14.4	0.0	63.6	63.6	rnhA,sexM	rnhA,sexM		
Mucor_racemosus_NRRL_1428	Mucoromycota:MAT	scaffold_897	485-9891	485-9891	called	called	Minus	Minus	high	high	mat_locus	mat_locus			model	model	32.4	32.4	0.0	74.7	74.7	algA,rnhA,sexM,tptA	algA,rnhA,sexM,tptA		
Mucor_racemosus_NRRL_1627	Mucoromycota:MAT	scaffold_190	6543-22593	6543-22593	called	called	Minus	Minus	high	high	mat_locus	mat_locus			model	model	32.4	32.4	0.0	74.7	74.7	algA,glrA,rnhA,sexM,tptA	algA,glrA,rnhA,sexM,tptA		
Mucor_racemosus_NRRL_1627	Mucoromycota:MAT	scaffold_58	11004-37297	11004-37297	withheld:below_fraction_floor	withheld:below_fraction_floor	undetermined	undetermined							hsp_fragment	hsp_fragment	0.0	0.0	0.0	0.0	0.0	rnhA,sexP	rnhA,sexP		
Mucor_racemosus_f._sphaerosporus_NRRL_3645	Mucoromycota:MAT	scaffold_2859	61-4224	61-4224	called	called	Plus	Plus	high	high	mat_locus	mat_locus			model	model	312.8	312.8	0.0	365.0	365.0	algA,sexP,tptA	algA,sexP,tptA		
Mucor_racemosus_f._sphaerosporus_NRRL_3645	Mucoromycota:MAT	scaffold_6331	164-2780	164-2780	withheld:below_fraction_floor	withheld:below_fraction_floor	Plus	Plus							model	model	153.7	153.7	0.0	190.5	190.5	rnhA,sexP	rnhA,sexP		
Mucor_racemosus_var._racemosus_NRRL_3641	Mucoromycota:MAT	scaffold_128	2571-7265	2571-7265	called	called	Plus	Plus	high	high	mat_locus	mat_locus			model	model	314.0	314.0	0.0	368.1	368.1	algA,sexP,tptA	algA,sexP,tptA		
Mucor_racemosus_var._racemosus_NRRL_3641	Mucoromycota:MAT	scaffold_181	9890-20383	9890-20383	withheld:modelled_gene_bar	withheld:modelled_gene_bar	undetermined	undetermined							hsp_fragment	hsp_fragment	3.2	3.2	0.0	36.0	36.0	glrA,sexM,sexP	glrA,sexM,sexP		
Mucor_racemosus_var._racemosus_NRRL_3641	Mucoromycota:MAT	scaffold_926	2151-13572	2151-13572	withheld:flank_carried_core_outside_flank_span	withheld:flank_carried_core_outside_flank_span	undetermined	undetermined							hsp_fragment	hsp_fragment	0.0	0.0	0.0	0.0	0.0	glrA,rnhA,sexM	glrA,rnhA,sexM		
Mucor_ramannianus_NRRL_1839	Mucoromycota:MAT	scaffold_13	10394-53981	10394-53981	called	called	Plus	Plus	high	high	mat_locus	mat_locus			model	model	125.4	125.4	0.0	159.1	159.1	algA,glrA,rnhA,sexP,tptA	algA,glrA,rnhA,sexP,tptA		
Mucor_ramannianus_NRRL_1839	Mucoromycota:MAT	scaffold_15	172731-203593	172731-203593	withheld:modelled_gene_bar	withheld:modelled_gene_bar	undetermined	undetermined							model	model	10.3	10.3	0.0	67.0	67.0	sexM,sexP,tptA	sexM,sexP,tptA		
Mucor_ramannianus_NRRL_1839	Mucoromycota:MAT	scaffold_5	375560-461074	375560-461074	withheld:modelled_gene_bar	withheld:modelled_gene_bar	undetermined	undetermined							hsp_fragment	hsp_fragment	0.0	0.0	0.0	0.0	0.0	algA,glrA,sexP	algA,glrA,sexP		
Mucor_ramannianus_NRRL_1839	Mucoromycota:MAT	scaffold_1	839970-874675	839970-874675	withheld:modelled_gene_bar	withheld:modelled_gene_bar	undetermined	undetermined														algA,glrA,tptA	algA,glrA,tptA		
Mucor_ramannianus_NRRL_1839	Mucoromycota:MAT	scaffold_16	270896-355881	270896-355881	withheld:mat_gene_gate	withheld:mat_gene_gate	Minus	Minus							model	model	26.4	26.4	0.0	41.5	41.5	glrA,rnhA,sexM	glrA,rnhA,sexM		
Mucor_ramannianus_NRRL_A-21216	Mucoromycota:MAT	scaffold_151	1152-41005	1152-41005	called	called	Minus	Minus	high	high	mat_locus	mat_locus			model	model	31.1	31.1	0.0	50.0	50.0	algA,glrA,rnhA,sexM,tptA	algA,glrA,rnhA,sexM,tptA		
Mucor_ramannianus_NRRL_A-21216	Mucoromycota:MAT	scaffold_127	453-24000	453-24000	withheld:modelled_gene_bar	withheld:modelled_gene_bar	undetermined	undetermined							hsp_fragment	hsp_fragment	1.2	1.2	0.0	48.3	48.3	rnhA,sexM,sexP	rnhA,sexM,sexP		
Mucor_ramannianus_NRRL_A-21216	Mucoromycota:MAT	scaffold_73	24376-56932	24376-56932	withheld:modelled_gene_bar	withheld:modelled_gene_bar	undetermined	undetermined							model	model	5.2	5.2	0.0	56.3	56.3	glrA,sexM,sexP	glrA,sexM,sexP		
Mucor_ramannianus_NRRL_A-21216	Mucoromycota:MAT	scaffold_5	10253-69994	10253-69994	withheld:mat_gene_gate	withheld:mat_gene_gate	undetermined	undetermined							model	model	22.9	22.9	0.0	38.9	38.9	glrA,rnhA,sexM,sexP	glrA,rnhA,sexM,sexP		
Mucor_ramannianus_NRRL_A-21216	Mucoromycota:MAT	scaffold_109	46521-61579	46521-61579	withheld:below_fraction_floor	withheld:below_fraction_floor	Minus	Minus							model	model	25.2	25.2	0.0	86.2	86.2	sexM,sexP	sexM,sexP		
Mucor_ramosissimus_NRRL_3042	Mucoromycota:MAT	scaffold_429	6815-23378	6815-23378	called	called	Minus	Minus	high	high	mat_locus	mat_locus			model	model	123.2	123.2	0.0	165.5	165.5	algA,glrA,rnhA,sexM,tptA	algA,glrA,rnhA,sexM,tptA		
Mucor_ramosissimus_NRRL_3042	Mucoromycota:MAT	scaffold_1282	1406-7941	1406-7941	withheld:modelled_gene_bar	withheld:modelled_gene_bar	undetermined	undetermined							hsp_fragment	hsp_fragment	2.6	2.6	0.0	34.3	34.3	glrA,sexM,sexP	glrA,sexM,sexP		
Mucor_ramosissimus_NRRL_3042	Mucoromycota:MAT	scaffold_37	13233-39077	13233-39077	withheld:paralog_class	withheld:paralog_class	undetermined	undetermined							model	model	10.7	10.7	0.0	73.0	73.0	algA,sexP,tptA	algA,sexP,tptA		
Mucor_recurvus_NRRL_2358	Mucoromycota:MAT	scaffold_10	163652-172966	163652-172966	called	called	Plus	Plus	medium	medium	mat_locus	mat_locus			model	model	250.1	250.1	0.0	318.0	318.0	algA,glrA,sexP	algA,glrA,sexP		
Mucor_recurvus_NRRL_2358	Mucoromycota:MAT	scaffold_70	40974-42079	40974-42079	withheld:modelled_gene_bar	withheld:modelled_gene_bar	undetermined	undetermined							hsp_fragment	hsp_fragment	9.5	9.5	0.0	49.8	49.8	rnhA,sexM,sexP	rnhA,sexM,sexP		
Mucor_recurvus_NRRL_2358	Mucoromycota:MAT	scaffold_105	50986-91955	50986-91955	withheld:modelled_gene_bar	withheld:modelled_gene_bar	undetermined	undetermined							hsp_fragment	hsp_fragment	1.0	1.0	0.0	34.8	34.8	glrA,sexM,sexP	glrA,sexM,sexP		
Mucor_recurvus_var._indicus_NRRL_3247	Mucoromycota:MAT	scaffold_488	2753-14110	2753-14110	called	called	Minus	Minus	medium	medium	mat_locus	mat_locus			model	model	64.7	64.7	0.0	130.1	130.1	algA,glrA,sexM	algA,glrA,sexM		
Mucor_recurvus_var._indicus_NRRL_3247	Mucoromycota:MAT	scaffold_56	13055-54937	13055-54937	withheld:modelled_gene_bar	withheld:modelled_gene_bar	undetermined	undetermined							model	model	22.5	22.5	0.0	38.0	38.0	glrA,rnhA,sexM	glrA,rnhA,sexM		
Mucor_recurvus_var._indicus_NRRL_3247	Mucoromycota:MAT	scaffold_417	31742-32504	31742-32504	withheld:below_fraction_floor	withheld:below_fraction_floor	undetermined	undetermined							model	model	9.2	9.2	0.0	49.1	49.1	sexM,sexP	sexM,sexP		
Mucor_recurvus_var._indicus_NRRL_3247	Mucoromycota:MAT	scaffold_389	30185-30910	30185-30910	withheld:below_fraction_floor	withheld:below_fraction_floor	undetermined	undetermined							model	model	8.9	8.9	0.0	44.8	44.8	sexM,sexP	sexM,sexP		
Mucor_rouxianus_NRRL_1429	Mucoromycota:MAT	scaffold_218	1484-16263	1484-16263	called	called	Plus	Plus	high	high	mat_locus	mat_locus			model	model	341.7	341.7	0.0	391.8	391.8	algA,glrA,rnhA,sexP,tptA	algA,glrA,rnhA,sexP,tptA		
Mucor_rouxianus_NRRL_1429	Mucoromycota:MAT	scaffold_170	3009-9458	3009-9458	withheld:modelled_gene_bar	withheld:modelled_gene_bar	undetermined	undetermined							hsp_fragment	hsp_fragment	1.2	1.2	0.0	35.8	35.8	glrA,sexM,sexP	glrA,sexM,sexP		
Mucor_rouxianus_NRRL_1429	Mucoromycota:MAT	scaffold_4	4845-41668	4845-41668	withheld:below_fraction_floor	withheld:below_fraction_floor	undetermined	undetermined							hsp_fragment	hsp_fragment	1.5	1.5	0.0	18.9	18.9	btbA,sexP	btbA,sexP		
Mucor_rouxianus_NRRL_1430	Mucoromycota:MAT	scaffold_64	58188-67536	58188-67536	called	called	Plus	Plus	high	high	mat_locus	mat_locus			model	model	251.1	251.1	0.0	302.6	302.6	glrA,rnhA,sexP	glrA,rnhA,sexP		
Mucor_rouxianus_NRRL_1430	Mucoromycota:MAT	scaffold_249	8218-21583	8218-21583	withheld:modelled_gene_bar	withheld:modelled_gene_bar	undetermined	undetermined							hsp_fragment	hsp_fragment	10.4	10.4	0.0	22.1	22.1	rnhA,sexM,sexP	rnhA,sexM,sexP		
Mucor_rouxianus_NRRL_1430	Mucoromycota:MAT	scaffold_191	25902-34329	25902-34329	withheld:modelled_gene_bar	withheld:modelled_gene_bar	undetermined	undetermined							hsp_fragment	hsp_fragment	6.5	6.5	0.0	38.7	38.7	glrA,sexM,sexP	glrA,sexM,sexP		
Mucor_rouxianus_NRRL_1430	Mucoromycota:MAT	scaffold_49	42134-83814	42134-83814	withheld:modelled_gene_bar	withheld:modelled_gene_bar	undetermined	undetermined							hsp_fragment	hsp_fragment	1.4	1.4	0.0	1.4	1.4	rnhA,sexM,tptA	rnhA,sexM,tptA		
Mucor_rouxianus_NRRL_1430	Mucoromycota:MAT	scaffold_53	46245-115116	46245-115116	withheld:modelled_gene_bar+polish_capped	withheld:modelled_gene_bar+polish_capped	undetermined	undetermined							hsp_fragment	hsp_fragment	0.0	0.0	0.0	0.0	0.0	glrA,sexM,sexP	glrA,sexM,sexP		
Mucor_rouxianus_NRRL_1430	Mucoromycota:MAT	scaffold_112	741-5432	741-5432	withheld:paralog_class	withheld:paralog_class	Minus	Minus							model	model	26.8	26.8	0.0	75.0	75.0	glrA,sexM,tptA	glrA,sexM,tptA		
Mucor_rouxianus_NRRL_1430	Mucoromycota:MAT	scaffold_59	38834-46475	38834-46475	withheld:below_fraction_floor	withheld:below_fraction_floor	undetermined	undetermined							model	model	14.4	14.4	0.0	63.6	63.6	rnhA,sexM	rnhA,sexM		
Mucor_rouxii_Calmette_Wehmer_NRRL_1894	Mucoromycota:MAT	scaffold_44	45754-54997	45754-54997	called	called	Plus	Plus	high	high	mat_locus	mat_locus			model	model	251.1	251.1	0.0	302.6	302.6	glrA,rnhA,sexP	glrA,rnhA,sexP		
Mucor_rouxii_Calmette_Wehmer_NRRL_1894	Mucoromycota:MAT	scaffold_278	4275-17644	4275-17644	withheld:modelled_gene_bar	withheld:modelled_gene_bar	undetermined	undetermined							hsp_fragment	hsp_fragment	10.4	10.4	0.0	22.1	22.1	rnhA,sexM,sexP	rnhA,sexM,sexP		
Mucor_rouxii_Calmette_Wehmer_NRRL_1894	Mucoromycota:MAT	scaffold_185	28226-36588	28226-36588	withheld:modelled_gene_bar	withheld:modelled_gene_bar	undetermined	undetermined							hsp_fragment	hsp_fragment	6.5	6.5	0.0	38.7	38.7	glrA,sexM,sexP	glrA,sexM,sexP		
Mucor_rouxii_Calmette_Wehmer_NRRL_1894	Mucoromycota:MAT	scaffold_27	37919-79759	37919-79759	withheld:modelled_gene_bar	withheld:modelled_gene_bar	undetermined	undetermined							hsp_fragment	hsp_fragment	1.4	1.4	0.0	1.4	1.4	rnhA,sexM,tptA	rnhA,sexM,tptA		
Mucor_rouxii_Calmette_Wehmer_NRRL_1894	Mucoromycota:MAT	scaffold_87	75412-80103	75412-80103	withheld:paralog_class	withheld:paralog_class	Minus	Minus							model	model	26.8	26.8	0.0	75.0	75.0	glrA,sexM,tptA	glrA,sexM,tptA		
Mucor_rouxii_Calmette_Wehmer_NRRL_1894	Mucoromycota:MAT	scaffold_142	52914-60555	52914-60555	withheld:below_fraction_floor	withheld:below_fraction_floor	undetermined	undetermined							model	model	14.4	14.4	0.0	63.6	63.6	rnhA,sexM	rnhA,sexM		
Mucor_saturninus_NRRL_2631	Mucoromycota:MAT	scaffold_244	22628-34619	22628-34619	called	called	Plus	Plus	high	high	mat_locus	mat_locus			model	model	312.6	312.6	0.0	374.7	374.7	algA,glrA,rnhA,sexP	algA,glrA,rnhA,sexP		
Mucor_saturninus_NRRL_2631	Mucoromycota:MAT	scaffold_23	30405-86616	30405-86616	withheld:modelled_gene_bar	withheld:modelled_gene_bar	undetermined	undetermined							hsp_fragment	hsp_fragment	0.0	0.0	0.0	0.0	0.0	btbA,rnhA,sexM,tptA	btbA,rnhA,sexM,tptA		
Mucor_saturninus_NRRL_2631	Mucoromycota:MAT	scaffold_183	18778-28042	18778-28042	withheld:below_fraction_floor	withheld:below_fraction_floor	Minus	Minus							model	model	25.9	25.9	0.0	79.5	79.5	algA,sexM	algA,sexM		
Mucor_saturninus_NRRL_2631	Mucoromycota:MAT	scaffold_522	4279-18116	4279-18116	withheld:below_fraction_floor	withheld:below_fraction_floor	Minus	Minus							model	model	28.9	28.9	0.0	80.9	80.9	rnhA,sexM	rnhA,sexM		
Mucor_saturninus_NRRL_2631	Mucoromycota:MAT	scaffold_8	52178-92763	52178-92763	withheld:below_fraction_floor	withheld:below_fraction_floor	Minus	Minus							model	model	28.1	28.1	0.0	86.7	86.7	rnhA,sexM	rnhA,sexM		
Mucor_silvaticus_NRRL_1431	Mucoromycota:MAT	scaffold_60	57261-62094	57261-62094	called	called	Plus	Plus	high	high	mat_locus	mat_locus			model	model	296.9	296.9	0.0	347.1	347.1	algA,sexP,tptA	algA,sexP,tptA		
Mucor_silvaticus_NRRL_1431	Mucoromycota:MAT	scaffold_237	8375-36581	8375-36581	withheld:below_fraction_floor	withheld:below_fraction_floor	undetermined	undetermined							model	model	15.1	15.1	0.0	77.4	77.4	sexM,tptA	sexM,tptA		
Mucor_silvaticus_NRRL_1431	Mucoromycota:MAT	scaffold_20	30192-77057	30192-77057	withheld:below_fraction_floor	withheld:below_fraction_floor	undetermined	undetermined							model	model	18.8	18.8	0.0	38.5	38.5	algA,sexP	algA,sexP		
Mucor_sp._NRRL_1439	Mucoromycota:MAT	scaffold_365	14511-29276	14511-29276	called	called	Plus	Plus	high	high	mat_locus	mat_locus			model	model	342.9	342.9	0.0	393.0	393.0	algA,glrA,rnhA,sexP,tptA	algA,glrA,rnhA,sexP,tptA		
Mucor_sp._NRRL_1439	Mucoromycota:MAT	scaffold_97	48702-55140	48702-55140	withheld:modelled_gene_bar	withheld:modelled_gene_bar	undetermined	undetermined							hsp_fragment	hsp_fragment	1.2	1.2	0.0	35.8	35.8	glrA,sexM,sexP	glrA,sexM,sexP		
Mucor_sp._NRRL_1439	Mucoromycota:MAT	scaffold_6	5135-41932	5135-41932	withheld:below_fraction_floor	withheld:below_fraction_floor	undetermined	undetermined							hsp_fragment	hsp_fragment	1.5	1.5	0.0	18.9	18.9	btbA,sexP	btbA,sexP		
Mucor_sp._NRRL_1440	Mucoromycota:MAT	scaffold_91	7144-21942	7144-21942	called	called	Plus	Plus	high	high	mat_locus	mat_locus			model	model	346.6	346.6	0.0	396.0	396.0	algA,glrA,rnhA,sexP,tptA	algA,glrA,rnhA,sexP,tptA		
Mucor_sp._NRRL_1440	Mucoromycota:MAT	scaffold_3193	2-4054	2-4054	called	called	Minus	Minus	high	high	mat_locus	mat_locus			model	model	67.9	67.9	0.0	104.6	104.6	algA,sexM,tptA	algA,sexM,tptA		
Mucor_sp._NRRL_1440	Mucoromycota:MAT	scaffold_1326	6828-7297	6828-7297	withheld:below_fraction_floor	withheld:below_fraction_floor	undetermined	undetermined							model	model	17.3	17.3	0.0	82.1	82.1	sexM,sexP	sexM,sexP		
Mucor_sp._NRRL_1440	Mucoromycota:MAT	scaffold_66	21071-24730	21071-24730	withheld:below_fraction_floor	withheld:below_fraction_floor	undetermined	undetermined							model	model	14.7	14.7	0.0	73.9	73.9	rnhA,sexP	rnhA,sexP		
Mucor_sp._NRRL_1441	Mucoromycota:MAT	scaffold_489	1575-16492	1575-16492	called	called	Minus	Minus	high	high	mat_locus	mat_locus			model	model	78.4	78.4	0.0	118.2	118.2	algA,glrA,rnhA,sexM,tptA	algA,glrA,rnhA,sexM,tptA		
Mucor_sp._NRRL_1441	Mucoromycota:MAT	scaffold_275	8080-24944	8080-24944	withheld:modelled_gene_bar	withheld:modelled_gene_bar	undetermined	undetermined							hsp_fragment	hsp_fragment	2.1	2.1	0.0	2.1	2.1	rnhA,sexP,tptA	rnhA,sexP,tptA		
Mucor_sp._NRRL_1441	Mucoromycota:MAT	scaffold_129	2100-8580	2100-8580	withheld:modelled_gene_bar	withheld:modelled_gene_bar	undetermined	undetermined							hsp_fragment	hsp_fragment	1.2	1.2	0.0	35.8	35.8	glrA,sexM,sexP	glrA,sexM,sexP		
Mucor_sp._NRRL_1441	Mucoromycota:MAT	scaffold_144	27137-30796	27137-30796	withheld:below_fraction_floor	withheld:below_fraction_floor	undetermined	undetermined							model	model	14.7	14.7	0.0	73.9	73.9	rnhA,sexP	rnhA,sexP		
Mucor_sp._NRRL_1441	Mucoromycota:MAT	scaffold_82	24111-61426	24111-61426	withheld:below_fraction_floor	withheld:below_fraction_floor	undetermined	undetermined							hsp_fragment	hsp_fragment	1.5	1.5	0.0	18.9	18.9	btbA,sexP	btbA,sexP		
Mucor_sp._NRRL_1444	Mucoromycota:MAT	scaffold_603	1710-16701	1710-16701	called	called	Minus	Minus	high	high	mat_locus	mat_locus			model	model	135.6	135.6	0.0	180.6	180.6	algA,glrA,rnhA,sexM,tptA	algA,glrA,rnhA,sexM,tptA		
Mucor_sp._NRRL_1444	Mucoromycota:MAT	scaffold_10	34905-74176	34905-74176	withheld:modelled_gene_bar	withheld:modelled_gene_bar	undetermined	undetermined							hsp_fragment	hsp_fragment	3.2	3.2	0.0	36.0	36.0	algA,glrA,sexM,sexP	algA,glrA,sexM,sexP		
Mucor_sp._NRRL_1444	Mucoromycota:MAT	scaffold_540	8663-24067	8663-24067	withheld:below_fraction_floor	withheld:below_fraction_floor	undetermined	undetermined							model	model	7.7	7.7	0.0	56.4	56.4	glrA,sexP	glrA,sexP		
Mucor_sp._NRRL_1444	Mucoromycota:MAT	scaffold_17	67320-67917	67320-67917	withheld:below_fraction_floor	withheld:below_fraction_floor	undetermined	undetermined							model	model	11.1	11.1	0.0	75.7	75.7	sexP	sexP		
Mucor_sp._NRRL_1446	Mucoromycota:MAT	scaffold_636	6773-21683	6773-21683	called	called	Plus	Plus	high	high	mat_locus	mat_locus			model	model	327.4	327.4	0.0	379.5	379.5	algA,glrA,rnhA,sexP,tptA	algA,glrA,rnhA,sexP,tptA		
Mucor_sp._NRRL_1446	Mucoromycota:MAT	scaffold_1	102737-109127	102737-109127	withheld:modelled_gene_bar	withheld:modelled_gene_bar	undetermined	undetermined							hsp_fragment	hsp_fragment	3.3	3.3	0.0	36.1	36.1	glrA,sexM,sexP	glrA,sexM,sexP		
Mucor_sp._NRRL_1446	Mucoromycota:MAT	scaffold_598	1627-16085	1627-16085	withheld:below_fraction_floor	withheld:below_fraction_floor	undetermined	undetermined							model	model	7.9	7.9	0.0	56.7	56.7	glrA,sexP	glrA,sexP		
Mucor_sp._NRRL_1448	Mucoromycota:MAT	scaffold_605	1711-16702	1711-16702	called	called	Minus	Minus	high	high	mat_locus	mat_locus			model	model	135.6	135.6	0.0	180.6	180.6	algA,glrA,rnhA,sexM,tptA	algA,glrA,rnhA,sexM,tptA		
Mucor_sp._NRRL_1448	Mucoromycota:MAT	scaffold_7	1662-40934	1662-40934	withheld:modelled_gene_bar	withheld:modelled_gene_bar	undetermined	undetermined							hsp_fragment	hsp_fragment	3.2	3.2	0.0	36.0	36.0	algA,glrA,sexM,sexP	algA,glrA,sexM,sexP		
Mucor_sp._NRRL_1448	Mucoromycota:MAT	scaffold_547	8632-24036	8632-24036	withheld:below_fraction_floor	withheld:below_fraction_floor	undetermined	undetermined							model	model	7.7	7.7	0.0	56.4	56.4	glrA,sexP	glrA,sexP		
Mucor_sp._NRRL_1448	Mucoromycota:MAT	scaffold_172	40169-40766	40169-40766	withheld:below_fraction_floor	withheld:below_fraction_floor	undetermined	undetermined							model	model	11.1	11.1	0.0	75.7	75.7	sexP	sexP		
Mucor_sp._NRRL_1449	Mucoromycota:MAT	scaffold_623	6956-21866	6956-21866	called	called	Plus	Plus	high	high	mat_locus	mat_locus			model	model	327.4	327.4	0.0	379.5	379.5	algA,glrA,rnhA,sexP,tptA	algA,glrA,rnhA,sexP,tptA		
Mucor_sp._NRRL_1449	Mucoromycota:MAT	scaffold_1	102940-109330	102940-109330	withheld:modelled_gene_bar	withheld:modelled_gene_bar	undetermined	undetermined							hsp_fragment	hsp_fragment	3.3	3.3	0.0	36.1	36.1	glrA,sexM,sexP	glrA,sexM,sexP		
Mucor_sp._NRRL_1449	Mucoromycota:MAT	scaffold_595	1627-16085	1627-16085	withheld:below_fraction_floor	withheld:below_fraction_floor	undetermined	undetermined							model	model	7.9	7.9	0.0	56.7	56.7	glrA,sexP	glrA,sexP		
Mucor_sp._NRRL_1451	Mucoromycota:MAT	scaffold_557	1147-16062	1147-16062	called	called	Plus	Plus	high	high	mat_locus	mat_locus			model	model	328.2	328.2	0.0	380.1	380.1	algA,glrA,rnhA,sexP,tptA	algA,glrA,rnhA,sexP,tptA		
Mucor_sp._NRRL_1451	Mucoromycota:MAT	scaffold_231	1526-7921	1526-7921	withheld:modelled_gene_bar	withheld:modelled_gene_bar	undetermined	undetermined							hsp_fragment	hsp_fragment	3.2	3.2	0.0	36.0	36.0	glrA,sexM,sexP	glrA,sexM,sexP		
Mucor_sp._NRRL_1451	Mucoromycota:MAT	scaffold_497	1628-17022	1628-17022	withheld:below_fraction_floor	withheld:below_fraction_floor	undetermined	undetermined							model	model	7.7	7.7	0.0	56.4	56.4	glrA,sexP	glrA,sexP		
Mucor_sp._NRRL_1451	Mucoromycota:MAT	scaffold_169	1409-2006	1409-2006	withheld:below_fraction_floor	withheld:below_fraction_floor	undetermined	undetermined							model	model	11.1	11.1	0.0	75.7	75.7	sexP	sexP		
Mucor_sp._NRRL_1454	Mucoromycota:MAT	scaffold_6	766344-808529	766344-808529	called	called	Minus	Minus	high	high	mat_locus	mat_locus			model	model	56.6	56.6	0.0	87.8	87.8	algA,glrA,rnhA,sexM,tptA	algA,glrA,rnhA,sexM,tptA		
Mucor_sp._NRRL_1454	Mucoromycota:MAT	scaffold_1	719925-783464	719925-783464	withheld:modelled_gene_bar+polish_capped	withheld:modelled_gene_bar+polish_capped	undetermined	undetermined							hsp_fragment	hsp_fragment	12.9	12.9	0.0	71.2	71.2	sexM,sexP,tptA	sexM,sexP,tptA		
Mucor_sp._NRRL_1454	Mucoromycota:MAT	scaffold_10	638219-751107	638219-751107	withheld:modelled_gene_bar+polish_capped	withheld:modelled_gene_bar+polish_capped	undetermined	undetermined							hsp_fragment	hsp_fragment	1.0	1.0	0.0	25.2	25.2	algA,sexM,sexP	algA,sexM,sexP		
Mucor_sp._NRRL_1454	Mucoromycota:MAT	scaffold_14	144041-209177	144041-209177	withheld:modelled_gene_bar+polish_capped	withheld:modelled_gene_bar+polish_capped	undetermined	undetermined							hsp_fragment	hsp_fragment	0.0	0.0	0.0	0.0	0.0	sexM,sexP,tptA	sexM,sexP,tptA		
Mucor_sp._NRRL_1454	Mucoromycota:MAT	scaffold_18	396842-428819	396842-428819	withheld:modelled_gene_bar	withheld:modelled_gene_bar	undetermined	undetermined							hsp_fragment	hsp_fragment	0.0	0.0	0.0	0.0	0.0	algA,rnhA,sexP,tptA	algA,rnhA,sexP,tptA		
Mucor_sp._NRRL_1454	Mucoromycota:MAT	scaffold_2	1662951-1799707	1662951-1799707	withheld:modelled_gene_bar	withheld:modelled_gene_bar	undetermined	undetermined							hsp_fragment	hsp_fragment	4.9	4.9	0.0	4.9	4.9	algA,btbA,sexP,tptA	algA,btbA,sexP,tptA		
Mucor_sp._NRRL_1454	Mucoromycota:MAT	scaffold_21	6075-21782	6075-21782	withheld:modelled_gene_bar+polish_capped	withheld:modelled_gene_bar+polish_capped	undetermined	undetermined							hsp_fragment	hsp_fragment	0.0	0.0	0.0	0.0	0.0	rnhA,sexM,tptA	rnhA,sexM,tptA		
Mucor_sp._NRRL_1454	Mucoromycota:MAT	scaffold_12	572096-586209	572096-586209	withheld:modelled_gene_bar	withheld:modelled_gene_bar	undetermined	undetermined							hsp_fragment	hsp_fragment	0.7	0.7	0.0	2.9	2.9	algA,sexM,sexP,tptA	algA,sexM,sexP,tptA		
Mucor_sp._NRRL_1454	Mucoromycota:MAT	scaffold_18	279131-339147	279131-339147	withheld:mat_gene_gate	withheld:mat_gene_gate	undetermined	undetermined							model	model	23.1	23.1	0.0	39.1	39.1	glrA,rnhA,sexM,tptA	glrA,rnhA,sexM,tptA		
Mucor_sp._NRRL_1454	Mucoromycota:MAT	scaffold_7	522267-561317	522267-561317	withheld:below_fraction_floor	withheld:below_fraction_floor	undetermined	undetermined							hsp_fragment	hsp_fragment	0.5	0.5	0.0	0.5	0.5	btbA,sexP,tptA	btbA,sexP,tptA		
Mucor_sp._NRRL_1533	Mucoromycota:MAT	scaffold_73	56571-71194	56571-71194	called	called	Minus	Minus	high	high	mat_locus	mat_locus			model	model	93.6	93.6	0.0	173.8	173.8	algA,glrA,rnhA,sexM	algA,glrA,rnhA,sexM		
Mucor_sp._NRRL_1533	Mucoromycota:MAT	scaffold_245	38897-39351	38897-39351	withheld:below_fraction_floor	withheld:below_fraction_floor	undetermined	undetermined							model	model	5.3	5.3	0.0	48.0	48.0	sexM,sexP	sexM,sexP		
Mucor_sp._NRRL_1533	Mucoromycota:MAT	scaffold_154	21121-21825	21121-21825	withheld:below_fraction_floor	withheld:below_fraction_floor	undetermined	undetermined							model	model	8.4	8.4	0.0	58.0	58.0	sexM,sexP	sexM,sexP		
Mucor_sp._NRRL_1644	Mucoromycota:MAT	scaffold_128	13972-27364	13972-27364	called	called	Minus	Minus	high	high	mat_locus	mat_locus			model	model	81.8	81.8	0.0	161.7	161.7	algA,glrA,rnhA,sexM,tptA	algA,glrA,rnhA,sexM,tptA		
Mucor_sp._NRRL_1644	Mucoromycota:MAT	scaffold_10	4677-40715	4677-40715	withheld:modelled_gene_bar	withheld:modelled_gene_bar	undetermined	undetermined							hsp_fragment	hsp_fragment	0.0	0.0	0.0	0.0	0.0	algA,glrA,sexM	algA,glrA,sexM		
Mucor_sp._NRRL_2728	Mucoromycota:MAT	scaffold_185	1680-40841	1680-40841	called	called	Plus	Plus	high	high	mat_locus	mat_locus			model	model	233.2	233.2	0.0	313.4	313.4	algA,glrA,rnhA,sexP,tptA	algA,glrA,rnhA,sexP,tptA		
Mucor_sp._NRRL_2728	Mucoromycota:MAT	scaffold_39	142538-172886	142538-172886	withheld:modelled_gene_bar	withheld:modelled_gene_bar	undetermined	undetermined							model	model	21.7	21.7	0.0	78.0	78.0	sexM,sexP,tptA	sexM,sexP,tptA		
Mucor_sp._NRRL_2728	Mucoromycota:MAT	scaffold_5	75489-78699	75489-78699	withheld:below_fraction_floor	withheld:below_fraction_floor	undetermined	undetermined							hsp_fragment	hsp_fragment	0.8	0.8	0.0	0.8	0.8	glrA,sexP	glrA,sexP		
Mucor_sp._NRRL_2932	Mucoromycota:MAT	scaffold_683	1756-17813	1756-17813	called	called	Minus	Minus	high	high	mat_locus	mat_locus			model	model	31.9	31.9	0.0	77.2	77.2	algA,glrA,rnhA,sexM,tptA	algA,glrA,rnhA,sexM,tptA		
Mucor_sp._NRRL_3206	Mucoromycota:MAT	scaffold_3	49653-68502	49653-68502	called	called	Minus	Minus	medium	medium	mat_locus	mat_locus			model	model	93.8	93.8	0.0	164.9	164.9	algA,glrA,sexM	algA,glrA,sexM		
Mucor_sp._NRRL_3206	Mucoromycota:MAT	scaffold_35	6358-54030	6358-54030	withheld:below_fraction_floor	withheld:below_fraction_floor	undetermined	undetermined							model	model	4.4	4.4	0.0	62.6	62.6	btbA,sexP	btbA,sexP		
Mucor_sp._NRRL_A-14906	Mucoromycota:MAT	scaffold_525	1544-16345	1544-16345	called	called	Plus	Plus	high	high	mat_locus	mat_locus			model	model	346.6	346.6	0.0	396.0	396.0	algA,glrA,rnhA,sexP,tptA	algA,glrA,rnhA,sexP,tptA		
Mucor_sp._NRRL_A-14906	Mucoromycota:MAT	scaffold_285	8031-24897	8031-24897	withheld:modelled_gene_bar	withheld:modelled_gene_bar	undetermined	undetermined							hsp_fragment	hsp_fragment	2.1	2.1	0.0	2.1	2.1	rnhA,sexP,tptA	rnhA,sexP,tptA		
Mucor_sp._NRRL_A-14906	Mucoromycota:MAT	scaffold_126	50658-57137	50658-57137	withheld:modelled_gene_bar	withheld:modelled_gene_bar	undetermined	undetermined							hsp_fragment	hsp_fragment	1.2	1.2	0.0	35.8	35.8	glrA,sexM,sexP	glrA,sexM,sexP		
Mucor_sp._NRRL_A-14906	Mucoromycota:MAT	scaffold_186	27024-30683	27024-30683	withheld:below_fraction_floor	withheld:below_fraction_floor	undetermined	undetermined							model	model	14.7	14.7	0.0	73.9	73.9	rnhA,sexP	rnhA,sexP		
Mucor_sp._NRRL_A-14906	Mucoromycota:MAT	scaffold_26	32137-57916	32137-57916	withheld:below_fraction_floor	withheld:below_fraction_floor	undetermined	undetermined							hsp_fragment	hsp_fragment	0.0	0.0	0.0	0.0	0.0	sexM,tptA	sexM,tptA		
Mucor_sp._NRRL_A-14906	Mucoromycota:MAT	scaffold_77	8476-45780	8476-45780	withheld:below_fraction_floor	withheld:below_fraction_floor	undetermined	undetermined							hsp_fragment	hsp_fragment	1.5	1.5	0.0	18.9	18.9	btbA,sexP	btbA,sexP		
Mucor_sp._NRRL_A-17182	Mucoromycota:MAT	scaffold_593	1710-16701	1710-16701	called	called	Minus	Minus	high	high	mat_locus	mat_locus			model	model	135.6	135.6	0.0	180.6	180.6	algA,glrA,rnhA,sexM,tptA	algA,glrA,rnhA,sexM,tptA		
Mucor_sp._NRRL_A-17182	Mucoromycota:MAT	scaffold_10	32903-72172	32903-72172	withheld:modelled_gene_bar	withheld:modelled_gene_bar	undetermined	undetermined							hsp_fragment	hsp_fragment	3.2	3.2	0.0	36.0	36.0	algA,glrA,sexM,sexP	algA,glrA,sexM,sexP		
Mucor_sp._NRRL_A-17182	Mucoromycota:MAT	scaffold_559	7764-23118	7764-23118	withheld:below_fraction_floor	withheld:below_fraction_floor	undetermined	undetermined							model	model	7.7	7.7	0.0	56.4	56.4	glrA,sexP	glrA,sexP		
Mucor_sp._NRRL_A-17797	Mucoromycota:MAT	scaffold_194	1484-16263	1484-16263	called	called	Plus	Plus	high	high	mat_locus	mat_locus			model	model	342.9	342.9	0.0	393.0	393.0	algA,glrA,rnhA,sexP,tptA	algA,glrA,rnhA,sexP,tptA		
Mucor_sp._NRRL_A-17797	Mucoromycota:MAT	scaffold_150	46857-53295	46857-53295	withheld:modelled_gene_bar	withheld:modelled_gene_bar	undetermined	undetermined							hsp_fragment	hsp_fragment	1.2	1.2	0.0	35.8	35.8	glrA,sexM,sexP	glrA,sexM,sexP		
Mucor_sp._NRRL_A-17797	Mucoromycota:MAT	scaffold_18	5717-42475	5717-42475	withheld:below_fraction_floor	withheld:below_fraction_floor	undetermined	undetermined							hsp_fragment	hsp_fragment	1.5	1.5	0.0	18.9	18.9	btbA,sexP	btbA,sexP		
Mucor_sp._NRRL_A-18583	Mucoromycota:MAT	scaffold_199	1426-16343	1426-16343	called	called	Minus	Minus	high	high	mat_locus	mat_locus			model	model	79.0	79.0	0.0	118.4	118.4	algA,glrA,rnhA,sexM,tptA	algA,glrA,rnhA,sexM,tptA		
Mucor_sp._NRRL_A-18583	Mucoromycota:MAT	scaffold_165	46928-53366	46928-53366	withheld:modelled_gene_bar	withheld:modelled_gene_bar	undetermined	undetermined							hsp_fragment	hsp_fragment	1.2	1.2	0.0	35.8	35.8	glrA,sexM,sexP	glrA,sexM,sexP		
Mucor_sp._NRRL_A-18583	Mucoromycota:MAT	scaffold_5	4937-41771	4937-41771	withheld:below_fraction_floor	withheld:below_fraction_floor	undetermined	undetermined							hsp_fragment	hsp_fragment	1.5	1.5	0.0	18.9	18.9	btbA,sexP	btbA,sexP		
Mucor_sp._NRRL_A-21230	Mucoromycota:MAT	scaffold_522	1544-16344	1544-16344	called	called	Plus	Plus	high	high	mat_locus	mat_locus			model	model	346.6	346.6	0.0	396.0	396.0	algA,glrA,rnhA,sexP,tptA	algA,glrA,rnhA,sexP,tptA		
Mucor_sp._NRRL_A-21230	Mucoromycota:MAT	scaffold_254	15800-32673	15800-32673	withheld:modelled_gene_bar	withheld:modelled_gene_bar	undetermined	undetermined							hsp_fragment	hsp_fragment	2.1	2.1	0.0	2.1	2.1	rnhA,sexP,tptA	rnhA,sexP,tptA		
Mucor_sp._NRRL_A-21230	Mucoromycota:MAT	scaffold_131	2100-8580	2100-8580	withheld:modelled_gene_bar	withheld:modelled_gene_bar	undetermined	undetermined							hsp_fragment	hsp_fragment	1.2	1.2	0.0	35.8	35.8	glrA,sexM,sexP	glrA,sexM,sexP		
Mucor_sp._NRRL_A-21230	Mucoromycota:MAT	scaffold_181	20865-24524	20865-24524	withheld:below_fraction_floor	withheld:below_fraction_floor	undetermined	undetermined							model	model	14.7	14.7	0.0	73.9	73.9	rnhA,sexP	rnhA,sexP		
Mucor_sp._NRRL_A-21230	Mucoromycota:MAT	scaffold_20	41781-67520	41781-67520	withheld:below_fraction_floor	withheld:below_fraction_floor	undetermined	undetermined							hsp_fragment	hsp_fragment	0.0	0.0	0.0	0.0	0.0	sexM,tptA	sexM,tptA		
Mucor_sp._NRRL_A-21232	Mucoromycota:MAT	scaffold_505	7132-21925	7132-21925	called	called	Plus	Plus	high	high	mat_locus	mat_locus			model	model	346.6	346.6	0.0	396.0	396.0	algA,glrA,rnhA,sexP,tptA	algA,glrA,rnhA,sexP,tptA		
Mucor_sp._NRRL_A-21232	Mucoromycota:MAT	scaffold_256	15761-32622	15761-32622	withheld:modelled_gene_bar	withheld:modelled_gene_bar	undetermined	undetermined							hsp_fragment	hsp_fragment	2.1	2.1	0.0	2.1	2.1	rnhA,sexP,tptA	rnhA,sexP,tptA		
Mucor_sp._NRRL_A-21232	Mucoromycota:MAT	scaffold_747	3823-10300	3823-10300	withheld:modelled_gene_bar	withheld:modelled_gene_bar	undetermined	undetermined							hsp_fragment	hsp_fragment	1.2	1.2	0.0	35.8	35.8	glrA,sexM,sexP	glrA,sexM,sexP		
Mucor_sp._NRRL_A-21232	Mucoromycota:MAT	scaffold_4	99572-103232	99572-103232	withheld:below_fraction_floor	withheld:below_fraction_floor	undetermined	undetermined							model	model	14.7	14.7	0.0	73.9	73.9	rnhA,sexP	rnhA,sexP		
Mucor_sp._NRRL_A-21236	Mucoromycota:MAT	scaffold_485	1491-16290	1491-16290	called	called	Plus	Plus	high	high	mat_locus	mat_locus			model	model	347.6	347.6	0.0	396.0	396.0	algA,glrA,rnhA,sexP,tptA	algA,glrA,rnhA,sexP,tptA		
Mucor_sp._NRRL_A-21236	Mucoromycota:MAT	scaffold_287	15451-32323	15451-32323	withheld:modelled_gene_bar	withheld:modelled_gene_bar	undetermined	undetermined							hsp_fragment	hsp_fragment	2.1	2.1	0.0	2.1	2.1	rnhA,sexP,tptA	rnhA,sexP,tptA		
Mucor_sp._NRRL_A-21236	Mucoromycota:MAT	scaffold_754	2111-8595	2111-8595	withheld:modelled_gene_bar	withheld:modelled_gene_bar	undetermined	undetermined							hsp_fragment	hsp_fragment	1.2	1.2	0.0	35.8	35.8	glrA,sexM,sexP	glrA,sexM,sexP		
Mucor_sp._NRRL_A-21236	Mucoromycota:MAT	scaffold_15	23477-49338	23477-49338	withheld:below_fraction_floor	withheld:below_fraction_floor	undetermined	undetermined							hsp_fragment	hsp_fragment	0.0	0.0	0.0	0.0	0.0	sexM,tptA	sexM,tptA		
Mucor_sp._NRRL_A-21236	Mucoromycota:MAT	scaffold_71	24036-61342	24036-61342	withheld:below_fraction_floor	withheld:below_fraction_floor	undetermined	undetermined							hsp_fragment	hsp_fragment	1.5	1.5	0.0	18.9	18.9	btbA,sexP	btbA,sexP		
Mucor_sp._NRRL_A-25546	Mucoromycota:MAT	scaffold_8	48340-92995	48340-92995	called	called	Plus	Plus	high	high	mat_locus	mat_locus			model	model	243.9	243.9	0.0	304.7	304.7	algA,glrA,rnhA,sexP,tptA	algA,glrA,rnhA,sexP,tptA		
Mucor_sp._NRRL_A-25546	Mucoromycota:MAT	scaffold_12	29645-69820	29645-69820	withheld:modelled_gene_bar	withheld:modelled_gene_bar	undetermined	undetermined							model	model	14.7	14.7	0.0	84.2	84.2	rnhA,sexM,sexP	rnhA,sexM,sexP		
Mucor_sp._NRRL_A-25546	Mucoromycota:MAT	scaffold_146	36509-48234	36509-48234	withheld:modelled_gene_bar	withheld:modelled_gene_bar	undetermined	undetermined							hsp_fragment	hsp_fragment	0.0	0.0	0.0	0.0	0.0	rnhA,sexM,sexP	rnhA,sexM,sexP		
Mucor_sp._NRRL_A-25546	Mucoromycota:MAT	scaffold_218	4002-35506	4002-35506	withheld:modelled_gene_bar	withheld:modelled_gene_bar	undetermined	undetermined							hsp_fragment	hsp_fragment	3.2	3.2	0.0	26.6	26.6	glrA,rnhA,sexP	glrA,rnhA,sexP		
Mucor_sp._NRRL_A-25546	Mucoromycota:MAT	scaffold_191	7395-48660	7395-48660	withheld:modelled_gene_bar	withheld:modelled_gene_bar	undetermined	undetermined														algA,rnhA,tptA	algA,rnhA,tptA		
Mucor_sp._NRRL_A-25546	Mucoromycota:MAT	scaffold_60	86764-92320	86764-92320	withheld:below_fraction_floor	withheld:below_fraction_floor	undetermined	undetermined							hsp_fragment	hsp_fragment	0.3	0.3	0.0	39.2	39.2	glrA,sexP	glrA,sexP		
Mucor_sp._NRRL_A-25546	Mucoromycota:MAT	scaffold_43	33904-34248	33904-34248	withheld:below_fraction_floor	withheld:below_fraction_floor	undetermined	undetermined							model	model	6.9	6.9	0.0	74.8	74.8	sexP	sexP		
Mucor_sp._NRRL_A-25547	Mucoromycota:MAT	scaffold_77	755-45519	755-45519	called	called	Plus	Plus	high	high	mat_locus	mat_locus			model	model	244.4	244.4	0.0	305.2	305.2	algA,glrA,rnhA,sexP,tptA	algA,glrA,rnhA,sexP,tptA		
Mucor_sp._NRRL_A-25547	Mucoromycota:MAT	scaffold_45	114085-115119	114085-115119	withheld:below_fraction_floor	withheld:below_fraction_floor	undetermined	undetermined							model	model	14.7	14.7	0.0	84.2	84.2	rnhA,sexP	rnhA,sexP		
Mucor_sp._NRRL_A-25547	Mucoromycota:MAT	scaffold_88	51977-52386	51977-52386	withheld:below_fraction_floor	withheld:below_fraction_floor	undetermined	undetermined							model	model	6.9	6.9	0.0	74.8	74.8	sexP	sexP		
Mucor_sp._NRRL_A-25547	Mucoromycota:MAT	scaffold_308	1215-22312	1215-22312	withheld:below_fraction_floor	withheld:below_fraction_floor	undetermined	undetermined							model	model	23.7	23.7	0.0	39.1	39.1	sexM,tptA	sexM,tptA		
Mucor_sp._NRRL_A-25547	Mucoromycota:MAT	scaffold_16	73031-78152	73031-78152	withheld:below_fraction_floor	withheld:below_fraction_floor	undetermined	undetermined							hsp_fragment	hsp_fragment	1.8	1.8	0.0	38.9	38.9	glrA,sexP	glrA,sexP		
Mucor_sp._NRRL_A-25548	Mucoromycota:MAT	scaffold_117	5307-14667	5307-14667	called	called	Plus	Plus	medium	medium	mat_locus	mat_locus			model	model	251.6	251.6	0.0	319.4	319.4	algA,glrA,sexP	algA,glrA,sexP		
Mucor_sp._NRRL_A-25548	Mucoromycota:MAT	scaffold_228	26828-27999	26828-27999	withheld:modelled_gene_bar	withheld:modelled_gene_bar	undetermined	undetermined							hsp_fragment	hsp_fragment	8.1	8.1	0.0	49.7	49.7	rnhA,sexM,sexP	rnhA,sexM,sexP		
Mucor_sp._NRRL_A-25548	Mucoromycota:MAT	scaffold_44	14833-84768	14833-84768	withheld:modelled_gene_bar	withheld:modelled_gene_bar	undetermined	undetermined							hsp_fragment	hsp_fragment	0.0	0.0	0.0	0.0	0.0	glrA,sexP,tptA	glrA,sexP,tptA		
Mucor_sp._NRRL_A-25548	Mucoromycota:MAT	scaffold_272	40285-47974	40285-47974	withheld:below_fraction_floor	withheld:below_fraction_floor	undetermined	undetermined							hsp_fragment	hsp_fragment	1.0	1.0	0.0	34.8	34.8	glrA,sexP	glrA,sexP		
Mucor_sp._NRRL_A-25783	Mucoromycota:MAT	scaffold_43	45618-54857	45618-54857	called	called	Plus	Plus	high	high	mat_locus	mat_locus			model	model	251.1	251.1	0.0	302.6	302.6	glrA,rnhA,sexP	glrA,rnhA,sexP		
Mucor_sp._NRRL_A-25783	Mucoromycota:MAT	scaffold_289	24392-37745	24392-37745	withheld:modelled_gene_bar	withheld:modelled_gene_bar	undetermined	undetermined							hsp_fragment	hsp_fragment	10.4	10.4	0.0	22.1	22.1	rnhA,sexM,sexP	rnhA,sexM,sexP		
Mucor_sp._NRRL_A-25783	Mucoromycota:MAT	scaffold_266	20055-28421	20055-28421	withheld:modelled_gene_bar	withheld:modelled_gene_bar	undetermined	undetermined							hsp_fragment	hsp_fragment	6.5	6.5	0.0	38.7	38.7	glrA,sexM,sexP	glrA,sexM,sexP		
Mucor_sp._NRRL_A-25783	Mucoromycota:MAT	scaffold_23	57372-99056	57372-99056	withheld:modelled_gene_bar	withheld:modelled_gene_bar	undetermined	undetermined							hsp_fragment	hsp_fragment	1.4	1.4	0.0	1.4	1.4	rnhA,sexM,tptA	rnhA,sexM,tptA		
Mucor_sp._NRRL_A-25783	Mucoromycota:MAT	scaffold_36	3128-72107	3128-72107	withheld:modelled_gene_bar+polish_capped	withheld:modelled_gene_bar+polish_capped	undetermined	undetermined							hsp_fragment	hsp_fragment	0.0	0.0	0.0	0.0	0.0	glrA,sexM,sexP	glrA,sexM,sexP		
Mucor_sp._NRRL_A-25783	Mucoromycota:MAT	scaffold_107	741-5433	741-5433	withheld:paralog_class	withheld:paralog_class	Minus	Minus							model	model	26.8	26.8	0.0	75.0	75.0	glrA,sexM,tptA	glrA,sexM,tptA		
Mucor_sp._NRRL_A-25783	Mucoromycota:MAT	scaffold_58	31572-39214	31572-39214	withheld:below_fraction_floor	withheld:below_fraction_floor	undetermined	undetermined							model	model	14.4	14.4	0.0	63.6	63.6	rnhA,sexM	rnhA,sexM		
Mucor_sp._NRRL_A-25793	Mucoromycota:MAT	scaffold_41	45618-54856	45618-54856	called	called	Plus	Plus	high	high	mat_locus	mat_locus			model	model	251.1	251.1	0.0	302.6	302.6	glrA,rnhA,sexP	glrA,rnhA,sexP		
Mucor_sp._NRRL_A-25793	Mucoromycota:MAT	scaffold_256	8218-21580	8218-21580	withheld:modelled_gene_bar	withheld:modelled_gene_bar	undetermined	undetermined							hsp_fragment	hsp_fragment	10.4	10.4	0.0	22.1	22.1	rnhA,sexM,sexP	rnhA,sexM,sexP		
Mucor_sp._NRRL_A-25793	Mucoromycota:MAT	scaffold_103	71038-79391	71038-79391	withheld:modelled_gene_bar	withheld:modelled_gene_bar	undetermined	undetermined							hsp_fragment	hsp_fragment	6.5	6.5	0.0	38.7	38.7	glrA,sexM,sexP	glrA,sexM,sexP		
Mucor_sp._NRRL_A-25793	Mucoromycota:MAT	scaffold_12	49404-91097	49404-91097	withheld:modelled_gene_bar	withheld:modelled_gene_bar	undetermined	undetermined							hsp_fragment	hsp_fragment	1.4	1.4	0.0	1.4	1.4	rnhA,sexM,tptA	rnhA,sexM,tptA		
Mucor_sp._NRRL_A-25793	Mucoromycota:MAT	scaffold_105	74936-79627	74936-79627	withheld:paralog_class	withheld:paralog_class	Minus	Minus							model	model	26.8	26.8	0.0	75.0	75.0	glrA,sexM,tptA	glrA,sexM,tptA		
Mucor_sp._NRRL_A-25793	Mucoromycota:MAT	scaffold_10	99121-106763	99121-106763	withheld:below_fraction_floor	withheld:below_fraction_floor	undetermined	undetermined							model	model	14.4	14.4	0.0	63.6	63.6	rnhA,sexM	rnhA,sexM		
Mucor_sp._NRRL_A-25970	Mucoromycota:MAT	scaffold_496	8107-22909	8107-22909	called	called	Plus	Plus	high	high	mat_locus	mat_locus			model	model	346.6	346.6	0.0	396.0	396.0	algA,glrA,rnhA,sexP,tptA	algA,glrA,rnhA,sexP,tptA		
Mucor_sp._NRRL_A-25970	Mucoromycota:MAT	scaffold_264	15681-32547	15681-32547	withheld:modelled_gene_bar	withheld:modelled_gene_bar	undetermined	undetermined							hsp_fragment	hsp_fragment	2.1	2.1	0.0	2.1	2.1	rnhA,sexP,tptA	rnhA,sexP,tptA		
Mucor_sp._NRRL_A-25970	Mucoromycota:MAT	scaffold_122	50545-57024	50545-57024	withheld:modelled_gene_bar	withheld:modelled_gene_bar	undetermined	undetermined							hsp_fragment	hsp_fragment	1.2	1.2	0.0	35.8	35.8	glrA,sexM,sexP	glrA,sexM,sexP		
Mucor_sp._NRRL_A-25970	Mucoromycota:MAT	scaffold_302	7218-10877	7218-10877	withheld:below_fraction_floor	withheld:below_fraction_floor	undetermined	undetermined							model	model	14.7	14.7	0.0	73.9	73.9	rnhA,sexP	rnhA,sexP		
Mucor_sp._NRRL_A-25970	Mucoromycota:MAT	scaffold_12	32071-57891	32071-57891	withheld:below_fraction_floor	withheld:below_fraction_floor	undetermined	undetermined							hsp_fragment	hsp_fragment	0.0	0.0	0.0	0.0	0.0	sexM,tptA	sexM,tptA		
Mucor_sp._NRRL_A-26212	Mucoromycota:MAT	scaffold_24	30510-39577	30510-39577	called	called	Minus	Minus	high	high	mat_locus	mat_locus			model	model	113.1	113.1	0.0	176.5	176.5	glrA,rnhA,sexM	glrA,rnhA,sexM		
Mucor_sp._NRRL_A-26212	Mucoromycota:MAT	scaffold_202	20194-40680	20194-40680	withheld:modelled_gene_bar	withheld:modelled_gene_bar	undetermined	undetermined							hsp_fragment	hsp_fragment	6.5	6.5	0.0	38.7	38.7	glrA,sexM,sexP,tptA	glrA,sexM,sexP,tptA		
Mucor_sp._NRRL_A-26212	Mucoromycota:MAT	scaffold_106	35088-73827	35088-73827	withheld:modelled_gene_bar+polish_capped	withheld:modelled_gene_bar+polish_capped	undetermined	undetermined							hsp_fragment	hsp_fragment	1.4	1.4	0.0	1.4	1.4	rnhA,sexM,tptA	rnhA,sexM,tptA		
Mucor_sp._NRRL_A-26212	Mucoromycota:MAT	scaffold_275	7601-21581	7601-21581	withheld:modelled_gene_bar+polish_capped	withheld:modelled_gene_bar+polish_capped	undetermined	undetermined							hsp_fragment	hsp_fragment	18.8	18.8	0.0	40.3	40.3	algA,glrA,sexP	algA,glrA,sexP		
Mucor_sp._NRRL_A-26212	Mucoromycota:MAT	scaffold_65	67483-92142	67483-92142	withheld:paralog_class	withheld:paralog_class	Minus	Minus							model	model	26.8	26.8	0.0	75.0	75.0	algA,glrA,sexM,tptA	algA,glrA,sexM,tptA		
Mucor_sp._NRRL_A-26212	Mucoromycota:MAT	scaffold_276	29620-37289	29620-37289	withheld:below_fraction_floor	withheld:below_fraction_floor	undetermined	undetermined							model	model	14.1	14.1	0.0	63.0	63.0	rnhA,sexM	rnhA,sexM		
Mucor_sp._NRRL_A-26212	Mucoromycota:MAT	scaffold_114	9679-57786	9679-57786	withheld:below_fraction_floor	withheld:below_fraction_floor	undetermined	undetermined							hsp_fragment	hsp_fragment	7.2	7.2	0.0	34.0	34.0	rnhA,sexP	rnhA,sexP		
Mucor_subtilissimus_NRRL_6226	Mucoromycota:MAT	scaffold_9	213255-222554	213255-222554	called	called	Plus	Plus	high	high	mat_locus	mat_locus			model	model	244.6	244.6	0.0	299.7	299.7	glrA,rnhA,sexP	glrA,rnhA,sexP		
Mucor_subtilissimus_NRRL_6226	Mucoromycota:MAT	scaffold_54	22455-56573	22455-56573	called	called	undetermined	undetermined	high	high	mat_locus	mat_locus			model	model	22.9	22.9	0.0	92.4	92.4	algA,glrA,rnhA,sexM,tptA	algA,glrA,rnhA,sexM,tptA		
Mucor_subtilissimus_NRRL_6226	Mucoromycota:MAT	scaffold_51	72084-77480	72084-77480	withheld:modelled_gene_bar	withheld:modelled_gene_bar	undetermined	undetermined							hsp_fragment	hsp_fragment	7.8	7.8	0.0	41.4	41.4	glrA,sexM,sexP	glrA,sexM,sexP		
Mucor_subtilissimus_NRRL_6226	Mucoromycota:MAT	scaffold_149	29792-50779	29792-50779	withheld:modelled_gene_bar	withheld:modelled_gene_bar	undetermined	undetermined							hsp_fragment	hsp_fragment	11.6	11.6	0.0	25.7	25.7	algA,glrA,sexP	algA,glrA,sexP		
Mucor_subtilissimus_NRRL_6226	Mucoromycota:MAT	scaffold_12	117772-124866	117772-124866	withheld:paralog_class	withheld:paralog_class	undetermined	undetermined							model	model	19.0	19.0	0.0	73.3	73.3	rnhA,sexP,tptA	rnhA,sexP,tptA		
Mucor_subtilissimus_NRRL_6226	Mucoromycota:MAT	scaffold_100	46234-104623	46234-104623	withheld:paralog_class	withheld:paralog_class	Minus	Minus							model	model	28.8	28.8	0.0	82.0	82.0	algA,glrA,sexM,tptA	algA,glrA,sexM,tptA		
Mucor_tenuis_NRRL_1435	Mucoromycota:MAT	scaffold_112	6710-13260	6710-13260	called	called	Minus	Minus	high	high	mat_locus	mat_locus			model	model	30.8	30.8	0.0	81.2	81.2	algA,rnhA,sexM,tptA	algA,rnhA,sexM,tptA		
Mucor_tenuis_NRRL_1435	Mucoromycota:MAT	scaffold_1774	3592-4873	3592-4873	withheld:below_fraction_floor	withheld:below_fraction_floor	Plus	Plus							model	model	313.1	313.1	0.0	366.7	366.7	sexP,tptA	sexP,tptA		
Mucor_tenuis_NRRL_1435	Mucoromycota:MAT	scaffold_6172	728-1193	728-1193	withheld:below_fraction_floor	withheld:below_fraction_floor	undetermined	undetermined							model	model	22.2	22.2	0.0	81.7	81.7	sexM,sexP	sexM,sexP		
Mucor_varians_NRRL_1760	Mucoromycota:MAT	scaffold_210	18257-51991	18257-51991	called	called	undetermined	undetermined	high	high	mat_locus	mat_locus			model	model	22.9	22.9	0.0	92.4	92.4	algA,glrA,rnhA,sexM,tptA	algA,glrA,rnhA,sexM,tptA		
Mucor_varians_NRRL_1760	Mucoromycota:MAT	scaffold_112	1175-46157	1175-46157	withheld:below_fraction_floor	withheld:below_fraction_floor	undetermined	undetermined							model	model	20.9	20.9	0.0	71.9	71.9	glrA,sexP	glrA,sexP		
Mucor_zychae_var._zychae_NRRL_3243	Mucoromycota:MAT	scaffold_217	3273-8705	3273-8705	called	called	Plus	Plus	medium	medium	partial_locus	partial_locus			model	model	186.1	186.1	0.0	244.9	244.9	rnhA,sexP	rnhA,sexP		
Mucor_zychae_var._zychae_NRRL_3243	Mucoromycota:MAT	scaffold_11	69802-95092	69802-95092	withheld:modelled_gene_bar	withheld:modelled_gene_bar	undetermined	undetermined							model	model	18.3	18.3	0.0	52.1	52.1	rnhA,sexM,tptA	rnhA,sexM,tptA		
Mucor_zychae_var._zychae_NRRL_3243	Mucoromycota:MAT	scaffold_32	55615-60269	55615-60269	withheld:modelled_gene_bar	withheld:modelled_gene_bar	undetermined	undetermined							hsp_fragment	hsp_fragment	0.9	0.9	0.0	56.4	56.4	glrA,sexM,sexP	glrA,sexM,sexP		
Mucor_zychae_var._zychae_NRRL_3243	Mucoromycota:MAT	scaffold_140	30570-48630	30570-48630	withheld:modelled_gene_bar	withheld:modelled_gene_bar	undetermined	undetermined														algA,glrA,tptA	algA,glrA,tptA		
Mucor_zychae_var._zychae_NRRL_3243	Mucoromycota:MAT	scaffold_37	27726-53288	27726-53288	withheld:modelled_gene_bar	withheld:modelled_gene_bar	undetermined	undetermined							hsp_fragment	hsp_fragment	20.1	20.1	0.0	38.0	38.0	algA,glrA,sexP	algA,glrA,sexP		
Mucor_zychae_var._zychae_NRRL_3243	Mucoromycota:MAT	scaffold_278	10465-17658	10465-17658	withheld:modelled_gene_bar+polish_capped	withheld:modelled_gene_bar+polish_capped	undetermined	undetermined							hsp_fragment	hsp_fragment	6.1	6.1	0.0	7.5	7.5	rnhA,sexP	rnhA,sexP		
Mucor_zychae_var._zychae_NRRL_3243	Mucoromycota:MAT	scaffold_127	17473-21875	17473-21875	withheld:modelled_gene_bar	withheld:modelled_gene_bar	undetermined	undetermined							hsp_fragment	hsp_fragment	16.1	16.1	0.0	41.3	41.3	rnhA,sexP	rnhA,sexP		
Mucor_zychae_var._zychae_NRRL_3243	Mucoromycota:MAT	scaffold_162	62464-64769	62464-64769	withheld:modelled_gene_bar	withheld:modelled_gene_bar	undetermined	undetermined							model	model	0.6	0.6	0.0	39.7	39.7	btbA,sexM	btbA,sexM		
Mucor_zychae_var._zychae_NRRL_3243	Mucoromycota:MAT	scaffold_185	32743-33457	32743-33457	withheld:modelled_gene_bar+polish_capped	withheld:modelled_gene_bar+polish_capped	undetermined	undetermined							hsp_fragment	hsp_fragment	8.5	8.5	0.0	41.6	41.6	sexM,sexP	sexM,sexP		
Mucor_zychae_var._zychae_NRRL_3243	Mucoromycota:MAT	scaffold_80	51289-52109	51289-52109	withheld:modelled_gene_bar+polish_capped	withheld:modelled_gene_bar+polish_capped	undetermined	undetermined							hsp_fragment	hsp_fragment	2.1	2.1	0.0	40.6	40.6	sexM,sexP	sexM,sexP		
Mucor_zychae_var._zychae_NRRL_3243	Mucoromycota:MAT	scaffold_143	155-57371	155-57371	withheld:modelled_gene_bar+polish_capped	withheld:modelled_gene_bar+polish_capped	undetermined	undetermined							hsp_fragment	hsp_fragment	2.0	2.0	0.0	2.8	2.8	btbA,rnhA,sexP	btbA,rnhA,sexP		
Mucor_zychae_var._zychae_NRRL_3243	Mucoromycota:MAT	scaffold_19	9218-44124	9218-44124	withheld:modelled_gene_bar+polish_capped	withheld:modelled_gene_bar+polish_capped	undetermined	undetermined							hsp_fragment	hsp_fragment	0.0	0.0	0.0	0.0	0.0	sexP,tptA	sexP,tptA		
Mucor_zychae_var._zychae_NRRL_3243	Mucoromycota:MAT	scaffold_347	14241-16932	14241-16932	withheld:modelled_gene_bar+polish_capped	withheld:modelled_gene_bar+polish_capped	undetermined	undetermined							hsp_fragment	hsp_fragment	1.3	1.3	0.0	1.3	1.3	sexM,tptA	sexM,tptA		
Mucor_zychae_var._zychae_NRRL_3243	Mucoromycota:MAT	scaffold_249	2370-5061	2370-5061	withheld:modelled_gene_bar+polish_capped	withheld:modelled_gene_bar+polish_capped	undetermined	undetermined							hsp_fragment	hsp_fragment	0.0	0.0	0.0	0.0	0.0	sexM,tptA	sexM,tptA		
Mucor_zychae_var._zychae_NRRL_3243	Mucoromycota:MAT	scaffold_38	6149-54150	6149-54150	withheld:modelled_gene_bar+polish_capped	withheld:modelled_gene_bar+polish_capped	undetermined	undetermined							hsp_fragment	hsp_fragment	3.4	3.4	0.0	5.5	5.5	glrA,sexM	glrA,sexM		
Mucor_zychae_var._zychae_NRRL_3243	Mucoromycota:MAT	scaffold_127	17473-21875	17473-21875	withheld:below_fraction_floor	withheld:below_fraction_floor	undetermined	undetermined							hsp_fragment	hsp_fragment	16.1	16.1	0.0	41.3	41.3	rnhA,sexP	rnhA,sexP		
Mucor_zychii_NRRL_3200	Mucoromycota:MAT	scaffold_196	44940-50372	44940-50372	called	called	Plus	Plus	medium	medium	partial_locus	partial_locus			model	model	186.1	186.1	0.0	244.9	244.9	rnhA,sexP	rnhA,sexP		
Mucor_zychii_NRRL_3200	Mucoromycota:MAT	scaffold_4	114218-139505	114218-139505	withheld:modelled_gene_bar	withheld:modelled_gene_bar	undetermined	undetermined							model	model	18.3	18.3	0.0	52.1	52.1	rnhA,sexM,tptA	rnhA,sexM,tptA		
Mucor_zychii_NRRL_3200	Mucoromycota:MAT	scaffold_21	55483-60137	55483-60137	withheld:modelled_gene_bar	withheld:modelled_gene_bar	undetermined	undetermined							hsp_fragment	hsp_fragment	0.9	0.9	0.0	56.4	56.4	glrA,sexM,sexP	glrA,sexM,sexP		
Mucor_zychii_NRRL_3200	Mucoromycota:MAT	scaffold_270	7673-12600	7673-12600	withheld:modelled_gene_bar	withheld:modelled_gene_bar	undetermined	undetermined														algA,glrA,tptA	algA,glrA,tptA		
Mucor_zychii_NRRL_3200	Mucoromycota:MAT	scaffold_9	115705-141249	115705-141249	withheld:modelled_gene_bar	withheld:modelled_gene_bar	undetermined	undetermined							hsp_fragment	hsp_fragment	20.1	20.1	0.0	38.0	38.0	algA,glrA,sexP	algA,glrA,sexP		
Mucor_zychii_NRRL_3200	Mucoromycota:MAT	scaffold_206	39474-46732	39474-46732	withheld:modelled_gene_bar+polish_capped	withheld:modelled_gene_bar+polish_capped	undetermined	undetermined							hsp_fragment	hsp_fragment	6.1	6.1	0.0	7.5	7.5	rnhA,sexP	rnhA,sexP		
Mucor_zychii_NRRL_3200	Mucoromycota:MAT	scaffold_467	1484-3789	1484-3789	withheld:modelled_gene_bar	withheld:modelled_gene_bar	undetermined	undetermined							model	model	0.6	0.6	0.0	39.7	39.7	btbA,sexM	btbA,sexM		
Mucor_zychii_NRRL_3200	Mucoromycota:MAT	scaffold_30	48572-76622	48572-76622	withheld:modelled_gene_bar	withheld:modelled_gene_bar	undetermined	undetermined							hsp_fragment	hsp_fragment	8.5	8.5	0.0	41.6	41.6	sexM,sexP	sexM,sexP		
Mucor_zychii_NRRL_3200	Mucoromycota:MAT	scaffold_101	26388-27208	26388-27208	withheld:modelled_gene_bar+polish_capped	withheld:modelled_gene_bar+polish_capped	undetermined	undetermined							hsp_fragment	hsp_fragment	2.1	2.1	0.0	40.6	40.6	sexM,sexP	sexM,sexP		
Mucor_zychii_NRRL_3200	Mucoromycota:MAT	scaffold_122	16193-70082	16193-70082	withheld:modelled_gene_bar+polish_capped	withheld:modelled_gene_bar+polish_capped	undetermined	undetermined							hsp_fragment	hsp_fragment	2.0	2.0	0.0	2.8	2.8	btbA,sexP	btbA,sexP		
Mucor_zychii_NRRL_3200	Mucoromycota:MAT	scaffold_13	104925-139918	104925-139918	withheld:modelled_gene_bar+polish_capped	withheld:modelled_gene_bar+polish_capped	undetermined	undetermined							hsp_fragment	hsp_fragment	0.0	0.0	0.0	0.0	0.0	sexP,tptA	sexP,tptA		
Mucor_zychii_NRRL_3200	Mucoromycota:MAT	scaffold_34	43652-68224	43652-68224	withheld:modelled_gene_bar+polish_capped	withheld:modelled_gene_bar+polish_capped	undetermined	undetermined							hsp_fragment	hsp_fragment	1.2	1.2	0.0	1.4	1.4	sexP,tptA	sexP,tptA		
Mucor_zychii_NRRL_3200	Mucoromycota:MAT	scaffold_326	18109-20800	18109-20800	withheld:modelled_gene_bar+polish_capped	withheld:modelled_gene_bar+polish_capped	undetermined	undetermined							hsp_fragment	hsp_fragment	1.3	1.3	0.0	1.3	1.3	sexM,tptA	sexM,tptA		
Mucor_zychii_NRRL_3200	Mucoromycota:MAT	scaffold_231	2370-5061	2370-5061	withheld:modelled_gene_bar+polish_capped	withheld:modelled_gene_bar+polish_capped	undetermined	undetermined							hsp_fragment	hsp_fragment	0.0	0.0	0.0	0.0	0.0	sexM,tptA	sexM,tptA		
Mucor_zychii_NRRL_3200	Mucoromycota:MAT	scaffold_143	1631-49623	1631-49623	withheld:modelled_gene_bar+polish_capped	withheld:modelled_gene_bar+polish_capped	undetermined	undetermined							hsp_fragment	hsp_fragment	3.4	3.4	0.0	5.5	5.5	glrA,sexM	glrA,sexM		
Mycocladus_corymbifer_NRRL_1309	Mucoromycota:MAT	scaffold_6027	801-2033	801-2033	withheld:modelled_gene_bar	withheld:modelled_gene_bar	undetermined	undetermined							hsp_fragment	hsp_fragment	1.9	1.9	0.0	35.7	35.7	sexM,sexP	sexM,sexP		
Mycocladus_corymbifer_NRRL_1309	Mucoromycota:MAT	scaffold_3692	1930-2387	1930-2387	withheld:modelled_gene_bar	withheld:modelled_gene_bar	undetermined	undetermined							model	model	22.4	22.4	0.0	78.3	78.3	sexM,sexP	sexM,sexP		
Mycocladus_corymbifer_NRRL_1309	Mucoromycota:MAT	scaffold_6858	589-1404	589-1404	withheld:modelled_gene_bar	withheld:modelled_gene_bar	undetermined	undetermined							hsp_fragment	hsp_fragment	7.8	7.8	0.0	48.0	48.0	sexM,sexP	sexM,sexP		
Mycocladus_corymbifer_NRRL_1309	Mucoromycota:MAT	scaffold_368	2694-3229	2694-3229	withheld:modelled_gene_bar	withheld:modelled_gene_bar	undetermined	undetermined							hsp_fragment	hsp_fragment	13.0	13.0	0.0	44.4	44.4	sexM,sexP	sexM,sexP		
Mycocladus_corymbifer_NRRL_1309	Mucoromycota:MAT	scaffold_3692	1930-2387	1930-2387	withheld:below_fraction_floor	withheld:below_fraction_floor	undetermined	undetermined							model	model	22.4	22.4	0.0	78.3	78.3	sexM,sexP	sexM,sexP		
Mycocladus_corymbifer_NRRL_1309	Mucoromycota:MAT	scaffold_6509	290-849	290-849	withheld:below_fraction_floor	withheld:below_fraction_floor	undetermined	undetermined							model	model	13.4	13.4	0.0	58.4	58.4	sexP	sexP		
Mycotypha_africana_NRRL_2978	Mucoromycota:MAT	scaffold_267	18126-26470	18126-26470	called	called	Plus	Plus	high	high	mat_locus	mat_locus			model	model	227.1	227.1	0.0	284.2	284.2	glrA,rnhA,sexP	glrA,rnhA,sexP		
Mycotypha_africana_NRRL_2978	Mucoromycota:MAT	scaffold_13	20295-89918	20295-89918	withheld:modelled_gene_bar	withheld:modelled_gene_bar	undetermined	undetermined							hsp_fragment	hsp_fragment	0.1	0.1	0.0	0.1	0.1	rnhA,sexM,sexP	rnhA,sexM,sexP		
Mycotypha_africana_NRRL_2978	Mucoromycota:MAT	scaffold_10	298-12315	298-12315	withheld:modelled_gene_bar+polish_capped	withheld:modelled_gene_bar+polish_capped	undetermined	undetermined							hsp_fragment	hsp_fragment	10.9	10.9	0.0	52.5	52.5	sexM,sexP,tptA	sexM,sexP,tptA		
Mycotypha_africana_NRRL_2978	Mucoromycota:MAT	scaffold_129	52931-62325	52931-62325	withheld:modelled_gene_bar	withheld:modelled_gene_bar	undetermined	undetermined							hsp_fragment	hsp_fragment	2.7	2.7	0.0	34.6	34.6	glrA,sexM,sexP	glrA,sexM,sexP		
Mycotypha_africana_NRRL_2978	Mucoromycota:MAT	scaffold_33	50791-88635	50791-88635	withheld:modelled_gene_bar	withheld:modelled_gene_bar	undetermined	undetermined							hsp_fragment	hsp_fragment	0.0	0.0	0.0	0.0	0.0	algA,rnhA,sexP	algA,rnhA,sexP		
Mycotypha_africana_NRRL_2978	Mucoromycota:MAT	scaffold_7	53537-146745	53537-146745	withheld:modelled_gene_bar	withheld:modelled_gene_bar	undetermined	undetermined							hsp_fragment	hsp_fragment	0.0	0.0	0.0	0.0	0.0	rnhA,sexM,sexP,tptA	rnhA,sexM,sexP,tptA		
Mycotypha_africana_NRRL_2978	Mucoromycota:MAT	scaffold_23	122423-126874	122423-126874	withheld:below_fraction_floor	withheld:below_fraction_floor	undetermined	undetermined							model	model	21.2	21.2	0.0	75.0	75.0	glrA,sexM	glrA,sexM		
Mycotypha_microspora_Fenner_NRRL_684	Mucoromycota:MAT	scaffold_16	394468-401322	394468-401322	called	called	Minus	Minus	high	high	mat_locus	mat_locus			model	model	45.1	45.1	0.0	99.1	99.1	algA,rnhA,sexM	algA,rnhA,sexM		
Mycotypha_microspora_Fenner_NRRL_684	Mucoromycota:MAT	scaffold_10	350450-364207	350450-364207	withheld:modelled_gene_bar	withheld:modelled_gene_bar	undetermined	undetermined							model	model	13.8	13.8	0.0	68.8	68.8	rnhA,sexM,sexP	rnhA,sexM,sexP		
Mycotypha_microspora_Fenner_NRRL_684	Mucoromycota:MAT	scaffold_41	40547-80932	40547-80932	withheld:modelled_gene_bar	withheld:modelled_gene_bar	undetermined	undetermined							hsp_fragment	hsp_fragment	1.0	1.0	0.0	2.3	2.3	rnhA,sexP,tptA	rnhA,sexP,tptA		
Mycotypha_microspora_Fenner_NRRL_684	Mucoromycota:MAT	scaffold_28	251337-300347	251337-300347	withheld:modelled_gene_bar	withheld:modelled_gene_bar	undetermined	undetermined							hsp_fragment	hsp_fragment	0.3	0.3	0.0	0.4	0.4	algA,rnhA,sexM	algA,rnhA,sexM		
Mycotypha_microspora_Fenner_NRRL_684	Mucoromycota:MAT	scaffold_64	86578-91081	86578-91081	withheld:below_fraction_floor	withheld:below_fraction_floor	undetermined	undetermined							hsp_fragment	hsp_fragment	10.7	10.7	0.0	49.8	49.8	glrA,sexM	glrA,sexM		
Mycotypha_microspora_Fenner_NRRL_684	Mucoromycota:MAT	scaffold_74	84114-92444	84114-92444	withheld:below_fraction_floor	withheld:below_fraction_floor	undetermined	undetermined							hsp_fragment	hsp_fragment	5.6	5.6	0.0	26.3	26.3	glrA,sexP	glrA,sexP		
Mycotypha_microspora_Fenner_NRRL_A-11005	Mucoromycota:MAT	scaffold_48	6134-12942	6134-12942	called	called	Minus	Minus	high	high	mat_locus	mat_locus			model	model	44.0	44.0	0.0	100.5	100.5	algA,rnhA,sexM	algA,rnhA,sexM		
Mycotypha_microspora_Fenner_NRRL_A-11005	Mucoromycota:MAT	scaffold_2	179799-210879	179799-210879	withheld:modelled_gene_bar	withheld:modelled_gene_bar	undetermined	undetermined							model	model	14.2	14.2	0.0	69.0	69.0	sexM,sexP,tptA	sexM,sexP,tptA		
Mycotypha_microspora_Fenner_NRRL_A-11005	Mucoromycota:MAT	scaffold_53	56106-94026	56106-94026	withheld:modelled_gene_bar	withheld:modelled_gene_bar	undetermined	undetermined							hsp_fragment	hsp_fragment	0.0	0.0	0.0	0.0	0.0	sexM,sexP,tptA	sexM,sexP,tptA		
Mycotypha_microspora_Fenner_NRRL_A-11005	Mucoromycota:MAT	scaffold_70	43501-69394	43501-69394	withheld:below_fraction_floor	withheld:below_fraction_floor	undetermined	undetermined							model	model	13.1	13.1	0.0	76.0	76.0	algA,sexM	algA,sexM		
Mycotypha_microspora_Fenner_NRRL_A-11005	Mucoromycota:MAT	scaffold_17	372312-376799	372312-376799	withheld:below_fraction_floor	withheld:below_fraction_floor	undetermined	undetermined							hsp_fragment	hsp_fragment	11.6	11.6	0.0	49.5	49.5	glrA,sexM	glrA,sexM		
Mycotypha_microspora_Fenner_NRRL_A-11005	Mucoromycota:MAT	scaffold_67	86370-94683	86370-94683	withheld:below_fraction_floor	withheld:below_fraction_floor	undetermined	undetermined							hsp_fragment	hsp_fragment	5.6	5.6	0.0	26.3	26.3	glrA,sexP	glrA,sexP		
Mycotypha_microspora_IMI_282443	Mucoromycota:MAT	scaffold_49	166524-173378	166524-173378	called	called	Minus	Minus	high	high	mat_locus	mat_locus			model	model	45.1	45.1	0.0	99.1	99.1	algA,rnhA,sexM	algA,rnhA,sexM		
Mycotypha_microspora_IMI_282443	Mucoromycota:MAT	scaffold_2	575768-589525	575768-589525	withheld:modelled_gene_bar	withheld:modelled_gene_bar	undetermined	undetermined							model	model	13.8	13.8	0.0	68.8	68.8	rnhA,sexM,sexP	rnhA,sexM,sexP		
Mycotypha_microspora_IMI_282443	Mucoromycota:MAT	scaffold_44	10516-50901	10516-50901	withheld:modelled_gene_bar	withheld:modelled_gene_bar	undetermined	undetermined							hsp_fragment	hsp_fragment	1.0	1.0	0.0	2.3	2.3	rnhA,sexP,tptA	rnhA,sexP,tptA		
Mycotypha_microspora_IMI_282443	Mucoromycota:MAT	scaffold_75	10497-59507	10497-59507	withheld:modelled_gene_bar+polish_capped	withheld:modelled_gene_bar+polish_capped	undetermined	undetermined							hsp_fragment	hsp_fragment	0.3	0.3	0.0	0.4	0.4	algA,rnhA,sexM	algA,rnhA,sexM		
Mycotypha_microspora_IMI_282443	Mucoromycota:MAT	scaffold_61	13999-93311	13999-93311	withheld:modelled_gene_bar+polish_capped	withheld:modelled_gene_bar+polish_capped	undetermined	undetermined							hsp_fragment	hsp_fragment	0.0	0.0	0.0	0.0	0.0	glrA,sexP,tptA	glrA,sexP,tptA		
Mycotypha_microspora_IMI_282443	Mucoromycota:MAT	scaffold_57	86556-91059	86556-91059	withheld:below_fraction_floor	withheld:below_fraction_floor	undetermined	undetermined							hsp_fragment	hsp_fragment	10.7	10.7	0.0	49.8	49.8	glrA,sexM	glrA,sexM		
Mycotypha_microspora_IMI_282443	Mucoromycota:MAT	scaffold_70	10748-19078	10748-19078	withheld:below_fraction_floor	withheld:below_fraction_floor	undetermined	undetermined							hsp_fragment	hsp_fragment	5.6	5.6	0.0	26.3	26.3	glrA,sexP	glrA,sexP		
Mycotypha_microspora_NRRL_1572	Mucoromycota:MAT	scaffold_14	265446-272300	265446-272300	called	called	Minus	Minus	high	high	mat_locus	mat_locus			model	model	45.1	45.1	0.0	99.1	99.1	algA,rnhA,sexM	algA,rnhA,sexM		
Mycotypha_microspora_NRRL_1572	Mucoromycota:MAT	scaffold_3	350456-364213	350456-364213	withheld:modelled_gene_bar	withheld:modelled_gene_bar	undetermined	undetermined							model	model	13.8	13.8	0.0	68.8	68.8	rnhA,sexM,sexP	rnhA,sexM,sexP		
Mycotypha_microspora_NRRL_1572	Mucoromycota:MAT	scaffold_74	12961-53346	12961-53346	withheld:modelled_gene_bar	withheld:modelled_gene_bar	undetermined	undetermined							hsp_fragment	hsp_fragment	1.0	1.0	0.0	2.3	2.3	rnhA,sexP,tptA	rnhA,sexP,tptA		
Mycotypha_microspora_NRRL_1572	Mucoromycota:MAT	scaffold_11	11382-60392	11382-60392	withheld:modelled_gene_bar+polish_capped	withheld:modelled_gene_bar+polish_capped	undetermined	undetermined							hsp_fragment	hsp_fragment	0.3	0.3	0.0	0.4	0.4	algA,rnhA,sexM	algA,rnhA,sexM		
Mycotypha_microspora_NRRL_1572	Mucoromycota:MAT	scaffold_61	86579-91082	86579-91082	withheld:below_fraction_floor	withheld:below_fraction_floor	undetermined	undetermined							hsp_fragment	hsp_fragment	10.7	10.7	0.0	49.8	49.8	glrA,sexM	glrA,sexM		
Mycotypha_microspora_NRRL_1572	Mucoromycota:MAT	scaffold_70	10151-18499	10151-18499	withheld:below_fraction_floor	withheld:below_fraction_floor	undetermined	undetermined							hsp_fragment	hsp_fragment	5.6	5.6	0.0	26.3	26.3	glrA,sexP	glrA,sexP		
Parasitella_parasitica_Bainier_Sydow_NRRL_1461	Mucoromycota:MAT	scaffold_23	65746-94828	65746-94828	called	called	Plus	Plus	high	high	mat_locus	mat_locus			model	model	295.3	295.3	0.0	354.0	354.0	algA,glrA,rnhA,sexM,sexP,tptA	algA,glrA,rnhA,sexM,sexP,tptA		
Parasitella_parasitica_Bainier_Sydow_NRRL_1461	Mucoromycota:MAT	scaffold_20	4676-66384	4676-66384	withheld:modelled_gene_bar	withheld:modelled_gene_bar	undetermined	undetermined							model	model	13.1	13.1	0.0	69.7	69.7	rnhA,sexM,sexP	rnhA,sexM,sexP		
Parasitella_parasitica_Bainier_Sydow_NRRL_1461	Mucoromycota:MAT	scaffold_119	31832-37325	31832-37325	withheld:modelled_gene_bar	withheld:modelled_gene_bar	undetermined	undetermined							hsp_fragment	hsp_fragment	2.9	2.9	0.0	39.8	39.8	glrA,sexM,sexP	glrA,sexM,sexP		
Parasitella_parasitica_Bainier_Sydow_NRRL_1461	Mucoromycota:MAT	scaffold_61	17923-27240	17923-27240	withheld:below_fraction_floor	withheld:below_fraction_floor	undetermined	undetermined							hsp_fragment	hsp_fragment	1.2	1.2	0.0	1.2	1.2	sexP,tptA	sexP,tptA		
Parasitella_parasitica_NRRL_2501	Mucoromycota:MAT	scaffold_24	65893-94862	65893-94862	called	called	Minus	Minus	high	high	mat_locus	mat_locus			model	model	125.4	125.4	0.0	167.7	167.7	algA,glrA,rnhA,sexM,tptA	algA,glrA,rnhA,sexM,tptA		
Parasitella_parasitica_NRRL_2501	Mucoromycota:MAT	scaffold_105	5702-66929	5702-66929	withheld:modelled_gene_bar	withheld:modelled_gene_bar	undetermined	undetermined							model	model	13.1	13.1	0.0	69.7	69.7	rnhA,sexM,sexP	rnhA,sexM,sexP		
Parasitella_parasitica_NRRL_2501	Mucoromycota:MAT	scaffold_272	26816-32309	26816-32309	withheld:modelled_gene_bar	withheld:modelled_gene_bar	undetermined	undetermined							hsp_fragment	hsp_fragment	2.9	2.9	0.0	39.8	39.8	glrA,sexM,sexP	glrA,sexM,sexP		
Parasitella_parasitica_NRRL_2501	Mucoromycota:MAT	scaffold_46	1576-10883	1576-10883	withheld:below_fraction_floor	withheld:below_fraction_floor	undetermined	undetermined							hsp_fragment	hsp_fragment	1.2	1.2	0.0	1.2	1.2	sexP,tptA	sexP,tptA		
Parasitella_simplex_NRRL_1460	Mucoromycota:MAT	scaffold_6	141409-160403	141409-160403	called	called	Minus	Minus	high	high	mat_locus	mat_locus			model	model	139.4	139.4	0.0	186.9	186.9	algA,glrA,rnhA,sexM	algA,glrA,rnhA,sexM		
Parasitella_simplex_NRRL_1460	Mucoromycota:MAT	scaffold_123	7733-48042	7733-48042	withheld:modelled_gene_bar	withheld:modelled_gene_bar	undetermined	undetermined							hsp_fragment	hsp_fragment	5.7	5.7	0.0	26.7	26.7	glrA,rnhA,sexP	glrA,rnhA,sexP		
Parasitella_simplex_NRRL_1460	Mucoromycota:MAT	scaffold_341	26659-32131	26659-32131	withheld:modelled_gene_bar	withheld:modelled_gene_bar	undetermined	undetermined							hsp_fragment	hsp_fragment	2.9	2.9	0.0	37.1	37.1	glrA,sexM,sexP	glrA,sexM,sexP		
Parasitella_simplex_NRRL_1460	Mucoromycota:MAT	scaffold_57	40435-82086	40435-82086	withheld:modelled_gene_bar	withheld:modelled_gene_bar	undetermined	undetermined							hsp_fragment	hsp_fragment	0.0	0.0	0.0	0.0	0.0	algA,sexP,tptA	algA,sexP,tptA		
Parasitella_simplex_NRRL_1460	Mucoromycota:MAT	scaffold_32	46682-51180	46682-51180	withheld:below_fraction_floor	withheld:below_fraction_floor	undetermined	undetermined							hsp_fragment	hsp_fragment	0.0	0.0	0.0	0.0	0.0	btbA,sexP	btbA,sexP		
Parasitella_simplex_NRRL_2500	Mucoromycota:MAT	scaffold_5	65709-94683	65709-94683	called	called	Plus	Plus	high	high	mat_locus	mat_locus			model	model	295.3	295.3	0.0	354.0	354.0	algA,glrA,rnhA,sexM,sexP,tptA	algA,glrA,rnhA,sexM,sexP,tptA		
Parasitella_simplex_NRRL_2500	Mucoromycota:MAT	scaffold_301	5849-11342	5849-11342	withheld:modelled_gene_bar	withheld:modelled_gene_bar	undetermined	undetermined							hsp_fragment	hsp_fragment	2.9	2.9	0.0	39.8	39.8	glrA,sexM,sexP	glrA,sexM,sexP		
Parasitella_simplex_NRRL_2500	Mucoromycota:MAT	scaffold_106	11813-14810	11813-14810	withheld:below_fraction_floor	withheld:below_fraction_floor	undetermined	undetermined							hsp_fragment	hsp_fragment	0.0	0.0	0.0	0.0	0.0	rnhA,sexP	rnhA,sexP		
Parasitella_simplex_NRRL_2500	Mucoromycota:MAT	scaffold_8	57639-66988	57639-66988	withheld:below_fraction_floor	withheld:below_fraction_floor	undetermined	undetermined							hsp_fragment	hsp_fragment	1.2	1.2	0.0	1.2	1.2	sexP,tptA	sexP,tptA		
Phycomyces_blakesleeanus_Burgeff_NRRL_1465	Mucoromycota:MAT	scaffold_236	16028-31708	16028-31708	called	called	Plus	Plus	high	high	mat_locus	mat_locus			model	model	230.7	230.7	0.0	305.4	305.4	algA,rnhA,sexP,tptA	algA,rnhA,sexP,tptA		
Phycomyces_blakesleeanus_Burgeff_var._piloboloides_NRRL_2566	Mucoromycota:MAT	scaffold_396	886-16566	886-16566	called	called	Plus	Plus	high	high	mat_locus	mat_locus			model	model	230.7	230.7	0.0	305.4	305.4	algA,rnhA,sexP,tptA	algA,rnhA,sexP,tptA		
Phycomyces_blakesleeanus_NRRL_1464	Mucoromycota:MAT	scaffold_267	15279-28585	15279-28585	called	called	Minus	Minus	high	high	mat_locus	mat_locus			model	model	161.9	161.9	0.0	236.3	236.3	algA,rnhA,sexM,tptA	algA,rnhA,sexM,tptA		
Phycomyces_blakesleeanus_NRRL_1554	Mucoromycota:MAT	scaffold_145	31316-46894	31316-46894	called	called	Plus	Plus	high	high	mat_locus	mat_locus			model	model	230.7	230.7	0.0	305.4	305.4	algA,rnhA,sexP,tptA	algA,rnhA,sexP,tptA		
Phycomyces_blakesleeanus_NRRL_1555	Mucoromycota:MAT	scaffold_2	632063-637031	632063-637031	called	called	Minus	Minus	medium	medium	partial_locus	partial_locus			model	model	39.8	39.8	0.0	110.1	110.1	rnhA,sexM	rnhA,sexM		
Phycomyces_blakesleeanus_NRRL_1555	Mucoromycota:MAT	scaffold_24	8238-51356	8238-51356	withheld:modelled_gene_bar	withheld:modelled_gene_bar	undetermined	undetermined							hsp_fragment	hsp_fragment	19.8	19.8	0.0	30.9	30.9	glrA,sexM,sexP	glrA,sexM,sexP		
Phycomyces_blakesleeanus_NRRL_1555	Mucoromycota:MAT	scaffold_4	813860-970137	813860-970137	withheld:modelled_gene_bar	withheld:modelled_gene_bar	undetermined	undetermined							hsp_fragment	hsp_fragment	11.5	11.5	0.0	45.7	45.7	algA,rnhA,sexM,sexP,tptA	algA,rnhA,sexM,sexP,tptA		
Phycomyces_blakesleeanus_NRRL_1555	Mucoromycota:MAT	scaffold_1	518565-564022	518565-564022	withheld:modelled_gene_bar	withheld:modelled_gene_bar	undetermined	undetermined														algA,glrA,rnhA	algA,glrA,rnhA		
Phycomyces_blakesleeanus_NRRL_1555	Mucoromycota:MAT	scaffold_21	295825-364454	295825-364454	withheld:modelled_gene_bar	withheld:modelled_gene_bar	undetermined	undetermined														algA,glrA,rnhA	algA,glrA,rnhA		
Phycomyces_blakesleeanus_NRRL_1555	Mucoromycota:MAT	scaffold_14	332408-412361	332408-412361	withheld:modelled_gene_bar	withheld:modelled_gene_bar	undetermined	undetermined														algA,rnhA,tptA	algA,rnhA,tptA		
Phycomyces_blakesleeanus_NRRL_1555	Mucoromycota:MAT	scaffold_39	8132-8983	8132-8983	withheld:modelled_gene_bar+polish_capped	withheld:modelled_gene_bar+polish_capped	undetermined	undetermined							hsp_fragment	hsp_fragment	6.1	6.1	0.0	59.5	59.5	sexM,sexP	sexM,sexP		
Phycomyces_blakesleeanus_NRRL_1555	Mucoromycota:MAT	scaffold_24	185152-230027	185152-230027	withheld:modelled_gene_bar+polish_capped	withheld:modelled_gene_bar+polish_capped	undetermined	undetermined							hsp_fragment	hsp_fragment	1.7	1.7	0.0	2.2	2.2	glrA,sexP	glrA,sexP		
Phycomyces_blakesleeanus_NRRL_1555	Mucoromycota:MAT	scaffold_26	273244-329063	273244-329063	withheld:modelled_gene_bar+polish_capped	withheld:modelled_gene_bar+polish_capped	undetermined	undetermined							hsp_fragment	hsp_fragment	17.8	17.8	0.0	31.8	31.8	sexM,sexP	sexM,sexP		
Phycomyces_blakesleeanus_NRRL_1555	Mucoromycota:MAT	scaffold_5	298413-363951	298413-363951	withheld:modelled_gene_bar	withheld:modelled_gene_bar	undetermined	undetermined							model	model	12.6	12.6	0.0	69.3	69.3	rnhA,sexM	rnhA,sexM		
Phycomyces_blakesleeanus_NRRL_1555	Mucoromycota:MAT	scaffold_4	615178-647724	615178-647724	withheld:modelled_gene_bar+polish_capped	withheld:modelled_gene_bar+polish_capped	undetermined	undetermined							hsp_fragment	hsp_fragment	0.0	0.0	0.0	0.0	0.0	sexM,tptA	sexM,tptA		
Phycomyces_blakesleeanus_NRRL_1555	Mucoromycota:MAT	scaffold_2	744026-796220	744026-796220	withheld:modelled_gene_bar+polish_capped	withheld:modelled_gene_bar+polish_capped	undetermined	undetermined							hsp_fragment	hsp_fragment	0.0	0.0	0.0	0.0	0.0	rnhA,sexP	rnhA,sexP		
Phycomyces_blakesleeanus_NRRL_1555	Mucoromycota:MAT	scaffold_1	1009240-1058594	1009240-1058594	withheld:modelled_gene_bar	withheld:modelled_gene_bar	undetermined	undetermined							hsp_fragment	hsp_fragment	0.0	0.0	0.0	0.0	0.0	btbA,sexM,tptA	btbA,sexM,tptA		
Phycomyces_blakesleeanus_NRRL_1555	Mucoromycota:MAT	scaffold_58	55475-89846	55475-89846	withheld:modelled_gene_bar+polish_capped	withheld:modelled_gene_bar+polish_capped	undetermined	undetermined							hsp_fragment	hsp_fragment	0.0	0.0	0.0	0.0	0.0	rnhA,sexP	rnhA,sexP		
Phycomyces_blakesleeanus_NRRL_1555	Mucoromycota:MAT	scaffold_8	764183-766668	764183-766668	withheld:modelled_gene_bar+polish_capped	withheld:modelled_gene_bar+polish_capped	undetermined	undetermined							hsp_fragment	hsp_fragment	0.0	0.0	0.0	0.0	0.0	rnhA,sexP	rnhA,sexP		
Phycomyces_blakesleeanus_NRRL_1555	Mucoromycota:MAT	scaffold_3	467496-513220	467496-513220	withheld:modelled_gene_bar+polish_capped	withheld:modelled_gene_bar+polish_capped	undetermined	undetermined							hsp_fragment	hsp_fragment	11.4	11.4	0.0	27.8	27.8	sexM,sexP	sexM,sexP		
Phycomyces_blakesleeanus_NRRL_1555	Mucoromycota:MAT	scaffold_12	114536-134236	114536-134236	withheld:modelled_gene_bar+polish_capped	withheld:modelled_gene_bar+polish_capped	undetermined	undetermined							hsp_fragment	hsp_fragment	16.4	16.4	0.0	38.0	38.0	glrA,sexP	glrA,sexP		
Phycomyces_blakesleeanus_NRRL_1555	Mucoromycota:MAT	scaffold_12	459861-478928	459861-478928	withheld:modelled_gene_bar+polish_capped	withheld:modelled_gene_bar+polish_capped	undetermined	undetermined							hsp_fragment	hsp_fragment	0.0	0.0	0.0	0.0	0.0	sexM,sexP	sexM,sexP		
Phycomyces_blakesleeanus_NRRL_1555	Mucoromycota:MAT	scaffold_14	268973-279396	268973-279396	withheld:modelled_gene_bar+polish_capped	withheld:modelled_gene_bar+polish_capped	undetermined	undetermined							hsp_fragment	hsp_fragment	0.0	0.0	0.0	0.0	0.0	rnhA,sexM	rnhA,sexM		
Phycomyces_blakesleeanus_NRRL_1555	Mucoromycota:MAT	scaffold_10	458998-461921	458998-461921	withheld:modelled_gene_bar+polish_capped	withheld:modelled_gene_bar+polish_capped	undetermined	undetermined							hsp_fragment	hsp_fragment	0.0	0.0	0.0	0.0	0.0	algA,sexM	algA,sexM		
Phycomyces_blakesleeanus_NRRL_1555	Mucoromycota:MAT	scaffold_37	84018-174544	84018-174544	withheld:modelled_gene_bar+polish_capped	withheld:modelled_gene_bar+polish_capped	undetermined	undetermined							hsp_fragment	hsp_fragment	0.0	0.0	0.0	0.0	0.0	sexM,tptA	sexM,tptA		
Phycomyces_blakesleeanus_NRRL_1555	Mucoromycota:MAT	scaffold_67	51836-85520	51836-85520	withheld:modelled_gene_bar+polish_capped	withheld:modelled_gene_bar+polish_capped	undetermined	undetermined							hsp_fragment	hsp_fragment	0.0	0.0	0.0	0.0	0.0	algA,sexP	algA,sexP		
Phycomyces_blakesleeanus_NRRL_1555	Mucoromycota:MAT	scaffold_13	370388-401058	370388-401058	withheld:paralog_class	withheld:paralog_class	undetermined	undetermined							model	model	14.3	14.3	0.0	67.2	67.2	glrA,sexP	glrA,sexP		
Phycomyces_blakesleeanus_NRRL_1555	Mucoromycota:MAT	scaffold_5	298413-363951	298413-363951	withheld:below_fraction_floor	withheld:below_fraction_floor	undetermined	undetermined							model	model	12.6	12.6	0.0	69.3	69.3	rnhA,sexM	rnhA,sexM		
Phycomyces_blakesleeanus_NRRL_1555	Mucoromycota:MAT	scaffold_13	370388-401058	370388-401058	withheld:below_fraction_floor	withheld:below_fraction_floor	undetermined	undetermined							model	model	14.3	14.3	0.0	67.2	67.2	glrA,sexP	glrA,sexP		
Phycomyces_blakesleeanus_NRRL_1556	Mucoromycota:MAT	scaffold_15	64518-68460	64518-68460	called	called	Minus	Minus	high	high	mat_locus	mat_locus			model	model	75.7	75.7	0.0	131.2	131.2	algA,sexM,tptA	algA,sexM,tptA		
Phycomyces_blakesleeanus_NRRL_1556	Mucoromycota:MAT	scaffold_77	9835-20790	9835-20790	withheld:modelled_gene_bar	withheld:modelled_gene_bar	undetermined	undetermined							model	model	12.2	12.2	0.0	49.1	49.1	glrA,sexM,sexP	glrA,sexM,sexP		
Phycomyces_blakesleeanus_NRRL_1556	Mucoromycota:MAT	scaffold_65	7322-56428	7322-56428	withheld:modelled_gene_bar	withheld:modelled_gene_bar	undetermined	undetermined							hsp_fragment	hsp_fragment	0.0	0.0	0.0	0.0	0.0	glrA,rnhA,sexP	glrA,rnhA,sexP		
Phycomyces_blakesleeanus_NRRL_1556	Mucoromycota:MAT	scaffold_313	2954-14717	2954-14717	withheld:below_fraction_floor	withheld:below_fraction_floor	undetermined	undetermined							hsp_fragment	hsp_fragment	3.8	3.8	0.0	26.1	26.1	rnhA,sexM	rnhA,sexM		
Phycomyces_blakesleeanus_NRRL_1556	Mucoromycota:MAT	scaffold_94	28230-53523	28230-53523	withheld:below_fraction_floor	withheld:below_fraction_floor	undetermined	undetermined							hsp_fragment	hsp_fragment	0.0	0.0	0.0	0.0	0.0	btbA,sexM,tptA	btbA,sexM,tptA		
Phycomyces_nitens_NRRL_2444	Mucoromycota:MAT	scaffold_273	27927-43481	27927-43481	called	called	Plus	Plus	high	high	mat_locus	mat_locus			model	model	226.3	226.3	0.0	297.2	297.2	algA,sexP,tptA	algA,sexP,tptA		
Phycomyces_nitens_NRRL_2444	Mucoromycota:MAT	scaffold_472	12101-24833	12101-24833	withheld:modelled_gene_bar	withheld:modelled_gene_bar	undetermined	undetermined							hsp_fragment	hsp_fragment	0.0	0.0	0.0	0.0	0.0	rnhA,sexP,tptA	rnhA,sexP,tptA		
Phycomyces_nitens_NRRL_2444	Mucoromycota:MAT	scaffold_546	697-1274	697-1274	withheld:below_fraction_floor	withheld:below_fraction_floor	undetermined	undetermined							model	model	14.6	14.6	0.0	81.0	81.0	sexM,sexP	sexM,sexP		
Phycomyces_nitens_NRRL_2444	Mucoromycota:MAT	scaffold_2	75375-83115	75375-83115	withheld:below_fraction_floor	withheld:below_fraction_floor	Minus	Minus							model	model	35.0	35.0	0.0	78.9	78.9	sexM,tptA	sexM,tptA		
Phycomyces_nitens_NRRL_2445	Mucoromycota:MAT	scaffold_412	16877-32431	16877-32431	called	called	Plus	Plus	high	high	mat_locus	mat_locus			model	model	226.3	226.3	0.0	297.2	297.2	algA,sexP,tptA	algA,sexP,tptA		
Phycomyces_nitens_NRRL_2445	Mucoromycota:MAT	scaffold_478	12126-24858	12126-24858	withheld:modelled_gene_bar	withheld:modelled_gene_bar	undetermined	undetermined							hsp_fragment	hsp_fragment	0.0	0.0	0.0	0.0	0.0	rnhA,sexP,tptA	rnhA,sexP,tptA		
Phycomyces_nitens_NRRL_2445	Mucoromycota:MAT	scaffold_72	20570-21147	20570-21147	withheld:below_fraction_floor	withheld:below_fraction_floor	undetermined	undetermined							model	model	14.6	14.6	0.0	81.0	81.0	sexM,sexP	sexM,sexP		
Phycomyces_nitens_NRRL_2445	Mucoromycota:MAT	scaffold_1	75349-83089	75349-83089	withheld:below_fraction_floor	withheld:below_fraction_floor	Minus	Minus							model	model	35.0	35.0	0.0	78.9	78.9	sexM,tptA	sexM,tptA		
Phycomyces_nitens_NRRL_2700	Mucoromycota:MAT	scaffold_125	48-3990	48-3990	called	called	Minus	Minus	high	high	mat_locus	mat_locus			model	model	75.7	75.7	0.0	131.2	131.2	algA,sexM,tptA	algA,sexM,tptA		
Phycomyces_nitens_NRRL_2700	Mucoromycota:MAT	scaffold_68	9835-20790	9835-20790	withheld:modelled_gene_bar	withheld:modelled_gene_bar	undetermined	undetermined							model	model	12.2	12.2	0.0	49.1	49.1	glrA,sexM,sexP	glrA,sexM,sexP		
Phycomyces_nitens_NRRL_2700	Mucoromycota:MAT	scaffold_57	7306-56468	7306-56468	withheld:modelled_gene_bar	withheld:modelled_gene_bar	undetermined	undetermined							hsp_fragment	hsp_fragment	0.0	0.0	0.0	0.0	0.0	glrA,rnhA,sexP	glrA,rnhA,sexP		
Phycomyces_nitens_NRRL_2700	Mucoromycota:MAT	scaffold_37	63512-75275	63512-75275	withheld:below_fraction_floor	withheld:below_fraction_floor	undetermined	undetermined							hsp_fragment	hsp_fragment	3.8	3.8	0.0	26.1	26.1	rnhA,sexM	rnhA,sexM		
Phycomyces_nitens_NRRL_2700	Mucoromycota:MAT	scaffold_74	29506-54799	29506-54799	withheld:below_fraction_floor	withheld:below_fraction_floor	undetermined	undetermined							hsp_fragment	hsp_fragment	0.0	0.0	0.0	0.0	0.0	btbA,sexM,tptA	btbA,sexM,tptA		
Phycomyces_theobromatus_NRRL_1467	Mucoromycota:MAT	scaffold_249	14183-37095	14183-37095	called	called	Plus	Plus	high	high	mat_locus	mat_locus			model	model	227.2	227.2	0.0	297.3	297.3	algA,rnhA,sexP,tptA	algA,rnhA,sexP,tptA		
Phycomyces_theobromatus_NRRL_1467	Mucoromycota:MAT	scaffold_131	12197-24970	12197-24970	withheld:modelled_gene_bar	withheld:modelled_gene_bar	undetermined	undetermined							hsp_fragment	hsp_fragment	0.0	0.0	0.0	0.0	0.0	rnhA,sexP,tptA	rnhA,sexP,tptA		
Phycomyces_theobromatus_NRRL_1467	Mucoromycota:MAT	scaffold_16	42162-101790	42162-101790	withheld:modelled_gene_bar	withheld:modelled_gene_bar	undetermined	undetermined							hsp_fragment	hsp_fragment	0.0	0.0	0.0	0.0	0.0	rnhA,sexM,tptA	rnhA,sexM,tptA		
Phycomyces_theobromatus_NRRL_1467	Mucoromycota:MAT	scaffold_22	128026-135784	128026-135784	withheld:below_fraction_floor	withheld:below_fraction_floor	Minus	Minus							model	model	35.0	35.0	0.0	78.9	78.9	sexM,tptA	sexM,tptA		
Phycomyces_theobromatus_NRRL_1467	Mucoromycota:MAT	scaffold_267	26153-34825	26153-34825	withheld:below_fraction_floor	withheld:below_fraction_floor	undetermined	undetermined							model	model	10.2	10.2	0.0	77.2	77.2	sexM,tptA	sexM,tptA		
Pilaira_anomala_NRRL_2526	Mucoromycota:MAT	scaffold_24	13147-54135	13147-54135	called	called	Plus	Plus	high	high	mat_locus	mat_locus			model	model	308.2	308.2	0.0	371.0	371.0	algA,glrA,rnhA,sexP	algA,glrA,rnhA,sexP		
Pilaira_anomala_NRRL_2526	Mucoromycota:MAT	scaffold_809	3435-4002	3435-4002	withheld:below_fraction_floor	withheld:below_fraction_floor	undetermined	undetermined							model	model	6.9	6.9	0.0	53.3	53.3	sexM,sexP	sexM,sexP		
Pilaira_anomala_NRRL_2526	Mucoromycota:MAT	scaffold_780	4438-5181	4438-5181	withheld:below_fraction_floor	withheld:below_fraction_floor	undetermined	undetermined							model	model	13.4	13.4	0.0	60.9	60.9	sexM,sexP	sexM,sexP		
Pilaira_anomala_NRRL_2527	Mucoromycota:MAT	scaffold_12	390249-395580	390249-395580	called	called	Plus	Plus	medium	medium	partial_locus	partial_locus			model	model	159.8	159.8	0.0	196.3	196.3	rnhA,sexP	rnhA,sexP		
Pilaira_anomala_NRRL_2527	Mucoromycota:MAT	scaffold_7	531012-672760	531012-672760	withheld:modelled_gene_bar	withheld:modelled_gene_bar	undetermined	undetermined							hsp_fragment	hsp_fragment	5.1	5.1	0.0	39.7	39.7	algA,rnhA,sexM,sexP	algA,rnhA,sexM,sexP		
Pilaira_anomala_NRRL_2527	Mucoromycota:MAT	scaffold_1	89865-158747	89865-158747	withheld:modelled_gene_bar	withheld:modelled_gene_bar	undetermined	undetermined														algA,glrA,rnhA	algA,glrA,rnhA		
Pilaira_anomala_NRRL_2527	Mucoromycota:MAT	scaffold_1	807403-852956	807403-852956	withheld:modelled_gene_bar	withheld:modelled_gene_bar	undetermined	undetermined														algA,glrA,rnhA	algA,glrA,rnhA		
Pilaira_anomala_NRRL_2527	Mucoromycota:MAT	scaffold_9	209973-240632	209973-240632	withheld:paralog_class	withheld:paralog_class	undetermined	undetermined							model	model	11.7	11.7	0.0	63.8	63.8	glrA,rnhA,sexP	glrA,rnhA,sexP		
Pilaira_anomala_NRRL_2527	Mucoromycota:MAT	scaffold_40	121427-166716	121427-166716	withheld:modelled_gene_bar+polish_capped	withheld:modelled_gene_bar+polish_capped	undetermined	undetermined							hsp_fragment	hsp_fragment	0.0	0.0	0.0	0.0	0.0	algA,sexP	algA,sexP		
Pilaira_anomala_NRRL_2527	Mucoromycota:MAT	scaffold_40	218914-219762	218914-219762	withheld:modelled_gene_bar+polish_capped	withheld:modelled_gene_bar+polish_capped	undetermined	undetermined							hsp_fragment	hsp_fragment	6.1	6.1	0.0	59.5	59.5	sexM,sexP	sexM,sexP		
Pilaira_anomala_NRRL_2527	Mucoromycota:MAT	scaffold_42	10303-66115	10303-66115	withheld:modelled_gene_bar+polish_capped	withheld:modelled_gene_bar+polish_capped	undetermined	undetermined							hsp_fragment	hsp_fragment	17.8	17.8	0.0	31.8	31.8	sexM,sexP	sexM,sexP		
Pilaira_anomala_NRRL_2527	Mucoromycota:MAT	scaffold_3	491738-494649	491738-494649	withheld:modelled_gene_bar+polish_capped	withheld:modelled_gene_bar+polish_capped	undetermined	undetermined							hsp_fragment	hsp_fragment	0.0	0.0	0.0	0.0	0.0	algA,sexM	algA,sexM		
Pilaira_anomala_NRRL_2527	Mucoromycota:MAT	scaffold_7	332352-364919	332352-364919	withheld:modelled_gene_bar+polish_capped	withheld:modelled_gene_bar+polish_capped	undetermined	undetermined							hsp_fragment	hsp_fragment	0.0	0.0	0.0	0.0	0.0	sexM,tptA	sexM,tptA		
Pilaira_anomala_NRRL_2527	Mucoromycota:MAT	scaffold_49	134594-161537	134594-161537	withheld:modelled_gene_bar+polish_capped	withheld:modelled_gene_bar+polish_capped	undetermined	undetermined							hsp_fragment	hsp_fragment	0.0	0.0	0.0	0.0	0.0	rnhA,sexM	rnhA,sexM		
Pilaira_anomala_NRRL_2527	Mucoromycota:MAT	scaffold_2	664350-708756	664350-708756	withheld:modelled_gene_bar+polish_capped	withheld:modelled_gene_bar+polish_capped	undetermined	undetermined							hsp_fragment	hsp_fragment	8.8	8.8	0.0	8.8	8.8	btbA,sexM	btbA,sexM		
Pilaira_anomala_NRRL_2527	Mucoromycota:MAT	scaffold_1	1298287-1347633	1298287-1347633	withheld:modelled_gene_bar	withheld:modelled_gene_bar	undetermined	undetermined							hsp_fragment	hsp_fragment	0.3	0.3	0.0	0.3	0.3	btbA,sexM,tptA	btbA,sexM,tptA		
Pilaira_anomala_NRRL_2527	Mucoromycota:MAT	scaffold_69	5904-31214	5904-31214	withheld:modelled_gene_bar+polish_capped	withheld:modelled_gene_bar+polish_capped	undetermined	undetermined							hsp_fragment	hsp_fragment	0.0	0.0	0.0	0.0	0.0	rnhA,sexM	rnhA,sexM		
Pilaira_anomala_NRRL_2527	Mucoromycota:MAT	scaffold_9	43367-44860	43367-44860	withheld:modelled_gene_bar+polish_capped	withheld:modelled_gene_bar+polish_capped	undetermined	undetermined							hsp_fragment	hsp_fragment	0.0	0.0	0.0	0.0	0.0	algA,sexM	algA,sexM		
Pilaira_anomala_NRRL_2527	Mucoromycota:MAT	scaffold_9	357256-395805	357256-395805	withheld:modelled_gene_bar	withheld:modelled_gene_bar	Minus	Minus							model	model	30.4	30.4	0.0	81.0	81.0	algA,sexM	algA,sexM		
Pilaira_anomala_NRRL_2527	Mucoromycota:MAT	scaffold_5	546211-554773	546211-554773	withheld:modelled_gene_bar+polish_capped	withheld:modelled_gene_bar+polish_capped	undetermined	undetermined							hsp_fragment	hsp_fragment	0.0	0.0	0.0	0.0	0.0	glrA,sexP	glrA,sexP		
Pilaira_anomala_NRRL_2527	Mucoromycota:MAT	scaffold_5	650842-716422	650842-716422	withheld:modelled_gene_bar	withheld:modelled_gene_bar	undetermined	undetermined							model	model	12.9	12.9	0.0	68.2	68.2	rnhA,sexM	rnhA,sexM		
Pilaira_anomala_NRRL_2527	Mucoromycota:MAT	scaffold_56	53143-59541	53143-59541	withheld:modelled_gene_bar+polish_capped	withheld:modelled_gene_bar+polish_capped	undetermined	undetermined							hsp_fragment	hsp_fragment	4.4	4.4	0.0	4.4	4.4	sexM,tptA	sexM,tptA		
Pilaira_anomala_NRRL_2527	Mucoromycota:MAT	scaffold_8	765454-767940	765454-767940	withheld:modelled_gene_bar+polish_capped	withheld:modelled_gene_bar+polish_capped	undetermined	undetermined							hsp_fragment	hsp_fragment	0.0	0.0	0.0	0.0	0.0	rnhA,sexP	rnhA,sexP		
Pilaira_anomala_NRRL_2527	Mucoromycota:MAT	scaffold_10	114428-134103	114428-134103	withheld:modelled_gene_bar+polish_capped	withheld:modelled_gene_bar+polish_capped	undetermined	undetermined							hsp_fragment	hsp_fragment	16.7	16.7	0.0	38.8	38.8	glrA,sexP	glrA,sexP		
Pilaira_anomala_NRRL_2527	Mucoromycota:MAT	scaffold_25	175034-185561	175034-185561	withheld:modelled_gene_bar+polish_capped	withheld:modelled_gene_bar+polish_capped	undetermined	undetermined							hsp_fragment	hsp_fragment	0.0	0.0	0.0	0.0	0.0	rnhA,sexM	rnhA,sexM		
Pilaira_anomala_NRRL_2527	Mucoromycota:MAT	scaffold_6	45312-66667	45312-66667	withheld:modelled_gene_bar+polish_capped	withheld:modelled_gene_bar+polish_capped	undetermined	undetermined							hsp_fragment	hsp_fragment	1.6	1.6	0.0	1.8	1.8	algA,sexP	algA,sexP		
Pilaira_anomala_NRRL_2527	Mucoromycota:MAT	scaffold_54	45877-80135	45877-80135	withheld:modelled_gene_bar+polish_capped	withheld:modelled_gene_bar+polish_capped	undetermined	undetermined							hsp_fragment	hsp_fragment	0.0	0.0	0.0	0.0	0.0	rnhA,sexP	rnhA,sexP		
Pilaira_anomala_NRRL_2527	Mucoromycota:MAT	scaffold_9	357256-395805	357256-395805	withheld:below_fraction_floor	withheld:below_fraction_floor	Minus	Minus							model	model	30.4	30.4	0.0	81.0	81.0	algA,sexM	algA,sexM		
Pilaira_anomala_NRRL_2527	Mucoromycota:MAT	scaffold_5	650842-716422	650842-716422	withheld:below_fraction_floor	withheld:below_fraction_floor	undetermined	undetermined							model	model	12.9	12.9	0.0	68.2	68.2	rnhA,sexM	rnhA,sexM		
Pilaira_anomala_RSA_1997_Plus	Mucoromycota:MAT	scaffold_84	52145-62812	52145-62812	called	called	Minus	Minus	high	high	mat_locus	mat_locus			model	model	34.3	34.3	0.0	89.6	89.6	algA,rnhA,sexM,tptA	algA,rnhA,sexM,tptA		
Pilaira_anomala_RSA_1997_Plus	Mucoromycota:MAT	scaffold_62	48790-68433	48790-68433	withheld:below_fraction_floor	withheld:below_fraction_floor	undetermined	undetermined							model	model	17.2	17.2	0.0	77.8	77.8	algA,sexM	algA,sexM		
Pilaira_anomala_RSA_1998-	Mucoromycota:MAT	scaffold_76	2890-41944	2890-41944	called	called	Minus	Minus	high	high	mat_locus	mat_locus			model	model	116.1	116.1	0.0	184.8	184.8	algA,glrA,rnhA,sexM,tptA	algA,glrA,rnhA,sexM,tptA		
Pilaira_anomala_RSA_1998-	Mucoromycota:MAT	scaffold_141	5539-6106	5539-6106	withheld:below_fraction_floor	withheld:below_fraction_floor	undetermined	undetermined							model	model	6.9	6.9	0.0	53.3	53.3	sexM,sexP	sexM,sexP		
Pilaira_caucasica_CBS_523.68	Mucoromycota:MAT	scaffold_209	2356-7685	2356-7685	called	called	Plus	Plus	medium	medium	partial_locus	partial_locus			model	model	303.5	303.5	0.0	365.5	365.5	rnhA,sexP	rnhA,sexP		
Pilaira_caucasica_CBS_523.68	Mucoromycota:MAT	scaffold_1209	4421-5229	4421-5229	withheld:modelled_gene_bar	withheld:modelled_gene_bar	undetermined	undetermined							hsp_fragment	hsp_fragment	6.6	6.6	0.0	40.1	40.1	sexM,sexP	sexM,sexP		
Pilaira_caucasica_CBS_523.68	Mucoromycota:MAT	scaffold_190	11888-12589	11888-12589	withheld:modelled_gene_bar+polish_capped	withheld:modelled_gene_bar+polish_capped	undetermined	undetermined							hsp_fragment	hsp_fragment	12.2	12.2	0.0	62.1	62.1	sexM,sexP	sexM,sexP		
Pilaira_caucasica_CBS_523.68	Mucoromycota:MAT	scaffold_491	380-7077	380-7077	withheld:modelled_gene_bar	withheld:modelled_gene_bar	undetermined	undetermined							hsp_fragment	hsp_fragment	0.0	0.0	0.0	0.0	0.0	rnhA,sexP	rnhA,sexP		
Pilaira_caucasica_CBS_523.68	Mucoromycota:MAT	scaffold_100	5182-26540	5182-26540	withheld:modelled_gene_bar	withheld:modelled_gene_bar	undetermined	undetermined							hsp_fragment	hsp_fragment	9.9	9.9	0.0	22.9	22.9	sexP,tptA	sexP,tptA		
Pilaira_caucasica_CBS_523.68	Mucoromycota:MAT	scaffold_159	6228-25318	6228-25318	withheld:modelled_gene_bar	withheld:modelled_gene_bar	undetermined	undetermined							hsp_fragment	hsp_fragment	0.0	0.0	0.0	0.0	0.0	algA,sexP	algA,sexP		
Pilaira_caucasica_CBS_523.68	Mucoromycota:MAT	scaffold_147	23638-23877	23638-23877	withheld:modelled_gene_bar	withheld:modelled_gene_bar	undetermined	undetermined							hsp_fragment	hsp_fragment	10.8	10.8	0.0	30.0	30.0	algA,sexP	algA,sexP		
Pilaira_caucasica_CBS_523.68	Mucoromycota:MAT	scaffold_159	6228-25318	6228-25318	withheld:below_fraction_floor	withheld:below_fraction_floor	undetermined	undetermined							hsp_fragment	hsp_fragment	0.0	0.0	0.0	0.0	0.0	algA,sexP	algA,sexP		
Pilaira_caucasica_Milko_NRRL_6282	Mucoromycota:MAT	scaffold_209	20270-31919	20270-31919	called	called	Minus	Minus	high	high	mat_locus	mat_locus			model	model	110.6	110.6	0.0	185.3	185.3	glrA,rnhA,sexM	glrA,rnhA,sexM		
Pilaira_caucasica_Milko_NRRL_6282	Mucoromycota:MAT	scaffold_582	12257-12752	12257-12752	withheld:below_fraction_floor	withheld:below_fraction_floor	undetermined	undetermined							model	model	8.1	8.1	0.0	54.5	54.5	sexM,sexP	sexM,sexP		
Pilaira_caucasica_Milko_NRRL_6282	Mucoromycota:MAT	scaffold_155	23495-30683	23495-30683	withheld:below_fraction_floor	withheld:below_fraction_floor	undetermined	undetermined							hsp_fragment	hsp_fragment	0.0	0.0	0.0	0.0	0.0	glrA,sexP	glrA,sexP		
Pilaira_moreaui_CBS_181.26	Mucoromycota:MAT	scaffold_806	1806-10392	1806-10392	called	called	Minus	Minus	high	high	mat_locus	mat_locus			model	model	110.6	110.6	0.0	185.3	185.3	algA,rnhA,sexM	algA,rnhA,sexM		
Pilaira_moreaui_CBS_181.26	Mucoromycota:MAT	scaffold_218	10924-11419	10924-11419	withheld:below_fraction_floor	withheld:below_fraction_floor	undetermined	undetermined							model	model	8.1	8.1	0.0	54.5	54.5	sexM,sexP	sexM,sexP		
Pilaira_moreaui_CBS_181.26	Mucoromycota:MAT	scaffold_327	4852-5553	4852-5553	withheld:below_fraction_floor	withheld:below_fraction_floor	undetermined	undetermined							model	model	13.2	13.2	0.0	54.7	54.7	sexM,sexP	sexM,sexP		
Pirella_circinans_NRRL_2627	Mucoromycota:MAT	scaffold_380	7301-15272	7301-15272	called	called	Plus	Plus	medium	medium	mat_locus	mat_locus			model	model	308.8	308.8	0.0	375.4	375.4	algA,rnhA,sexP,tptA	algA,rnhA,sexP,tptA		
Pirella_circinans_NRRL_2698	Mucoromycota:MAT	scaffold_365	11590-19444	11590-19444	called	called	Minus	Minus	medium	medium	mat_locus	mat_locus			model	model	112.1	112.1	0.0	185.9	185.9	algA,rnhA,sexM,tptA	algA,rnhA,sexM,tptA		
Pirella_circinans_NRRL_2698	Mucoromycota:MAT	scaffold_295	7607-19570	7607-19570	withheld:below_fraction_floor	withheld:below_fraction_floor	undetermined	undetermined							model	model	15.6	15.6	0.0	59.0	59.0	sexM,sexP	sexM,sexP		
Pirella_circinans_NRRL_2701	Mucoromycota:MAT	scaffold_323	12139-20110	12139-20110	called	called	Plus	Plus	medium	medium	mat_locus	mat_locus			model	model	308.8	308.8	0.0	375.4	375.4	algA,rnhA,sexP,tptA	algA,rnhA,sexP,tptA		
Pirella_circinans_NRRL_2748	Mucoromycota:MAT	scaffold_364	11535-19370	11535-19370	called	called	Minus	Minus	medium	medium	mat_locus	mat_locus			model	model	112.1	112.1	0.0	185.9	185.9	algA,rnhA,sexM,tptA	algA,rnhA,sexM,tptA		
Pirella_circinans_NRRL_2748	Mucoromycota:MAT	scaffold_150	16355-28319	16355-28319	withheld:below_fraction_floor	withheld:below_fraction_floor	undetermined	undetermined							model	model	15.6	15.6	0.0	59.0	59.0	sexM,sexP	sexM,sexP		
Pirella_circinans_NRRL_2748	Mucoromycota:MAT	scaffold_136	3075-37001	3075-37001	withheld:below_fraction_floor	withheld:below_fraction_floor	undetermined	undetermined							model	model	16.0	16.0	0.0	32.5	32.5	btbA,sexP	btbA,sexP		
Pirella_circinans_RSA_622-	Mucoromycota:MAT	scaffold_342	11885-19858	11885-19858	called	called	Plus	Plus	medium	medium	mat_locus	mat_locus			model	model	308.8	308.8	0.0	375.4	375.4	algA,rnhA,sexP,tptA	algA,rnhA,sexP,tptA		
Pirella_circinans_RSA_622-	Mucoromycota:MAT	scaffold_120	16385-28464	16385-28464	withheld:below_fraction_floor	withheld:below_fraction_floor	undetermined	undetermined							model	model	15.6	15.6	0.0	59.0	59.0	sexM,sexP	sexM,sexP		
Pirella_circinans_RSA_682	Mucoromycota:MAT	scaffold_328	11222-19071	11222-19071	called	called	Minus	Minus	medium	medium	mat_locus	mat_locus			model	model	112.1	112.1	0.0	185.9	185.9	algA,rnhA,sexM,tptA	algA,rnhA,sexM,tptA		
Pirella_circinans_RSA_682	Mucoromycota:MAT	scaffold_121	22744-34706	22744-34706	withheld:below_fraction_floor	withheld:below_fraction_floor	undetermined	undetermined							model	model	15.6	15.6	0.0	59.0	59.0	sexM,sexP	sexM,sexP		
Pirella_circinans_RSA_682	Mucoromycota:MAT	scaffold_111	15977-49484	15977-49484	withheld:below_fraction_floor	withheld:below_fraction_floor	undetermined	undetermined							model	model	16.0	16.0	0.0	32.5	32.5	btbA,sexP	btbA,sexP		
Pirella_circinans_var._volvogradensis_RSA_2566	Mucoromycota:MAT	scaffold_82	11239-19099	11239-19099	called	called	Minus	Minus	high	high	mat_locus	mat_locus			model	model	114.1	114.1	0.0	186.9	186.9	algA,rnhA,sexM,tptA	algA,rnhA,sexM,tptA		
Pirella_naumovii_IMI_133977	Mucoromycota:MAT	scaffold_707	2513-10404	2513-10404	called	called	Minus	Minus	high	high	mat_locus	mat_locus			model	model	111.7	111.7	0.0	185.1	185.1	algA,rnhA,sexM,tptA	algA,rnhA,sexM,tptA		
Pirella_naumovii_IMI_133977	Mucoromycota:MAT	scaffold_33	44711-54646	44711-54646	withheld:modelled_gene_bar	withheld:modelled_gene_bar	undetermined	undetermined							hsp_fragment	hsp_fragment	0.3	0.3	0.0	0.7	0.7	rnhA,sexM,sexP	rnhA,sexM,sexP		
Pirella_naumovii_IMI_133977	Mucoromycota:MAT	scaffold_289	2-28955	2-28955	withheld:below_fraction_floor	withheld:below_fraction_floor	undetermined	undetermined							hsp_fragment	hsp_fragment	0.0	0.0	0.0	0.0	0.0	btbA,sexP	btbA,sexP		
Pirella_reniformis_NRRL_5259	Mucoromycota:MAT	scaffold_23	59687-67466	59687-67466	called	called	Minus	Minus	high	high	mat_locus	mat_locus			model	model	115.4	115.4	0.0	187.1	187.1	algA,rnhA,sexM,tptA	algA,rnhA,sexM,tptA		
Pirella_reniformis_NRRL_5259	Mucoromycota:MAT	scaffold_65	29579-30169	29579-30169	withheld:below_fraction_floor	withheld:below_fraction_floor	undetermined	undetermined							model	model	23.7	23.7	0.0	78.2	78.2	algA,sexP	algA,sexP		
Protomycocladus_faisalabadensis_NRRL_22826	Mucoromycota:MAT	scaffold_11	49022-123373	49022-123373	called	called	Plus	Plus	medium	medium	partial_locus	partial_locus			model	model	72.0	72.0	0.0	217.3	217.3	rnhA,sexM,sexP	rnhA,sexM,sexP		
Protomycocladus_faisalabadensis_NRRL_22826	Mucoromycota:MAT	scaffold_26	115249-173351	115249-173351	withheld:modelled_gene_bar	withheld:modelled_gene_bar	undetermined	undetermined														glrA,rnhA,tptA	glrA,rnhA,tptA		
Protomycocladus_faisalabadensis_NRRL_22826	Mucoromycota:MAT	scaffold_262	8653-34062	8653-34062	withheld:below_fraction_floor	withheld:below_fraction_floor	undetermined	undetermined							model	model	7.6	7.6	0.0	58.5	58.5	glrA,sexP	glrA,sexP		
Protomycocladus_faisalabadensis_NRRL_22826	Mucoromycota:MAT	scaffold_200	12529-27675	12529-27675	withheld:below_fraction_floor	withheld:below_fraction_floor	undetermined	undetermined							hsp_fragment	hsp_fragment	0.5	0.5	0.0	1.7	1.7	sexM,tptA	sexM,tptA		
Radiomyces_spectabilis_NRRL_2753	Mucoromycota:MAT	scaffold_63	27-9208	27-9208	called	called	Plus	Plus	medium	medium	partial_locus	partial_locus			model	model	166.8	166.8	0.0	313.6	313.6	rnhA,sexM,sexP	rnhA,sexM,sexP		
Radiomyces_spectabilis_NRRL_2753	Mucoromycota:MAT	scaffold_124	15729-57609	15729-57609	withheld:modelled_gene_bar	withheld:modelled_gene_bar	undetermined	undetermined							hsp_fragment	hsp_fragment	2.2	2.2	0.0	46.0	46.0	algA,glrA,sexM,sexP	algA,glrA,sexM,sexP		
Radiomyces_spectabilis_NRRL_2753	Mucoromycota:MAT	scaffold_110	2787-75687	2787-75687	withheld:modelled_gene_bar	withheld:modelled_gene_bar	undetermined	undetermined							hsp_fragment	hsp_fragment	5.9	5.9	0.0	28.5	28.5	rnhA,sexP,tptA	rnhA,sexP,tptA		
Radiomyces_spectabilis_NRRL_2753	Mucoromycota:MAT	scaffold_45	89428-138467	89428-138467	withheld:modelled_gene_bar+polish_capped	withheld:modelled_gene_bar+polish_capped	undetermined	undetermined							hsp_fragment	hsp_fragment	0.0	0.0	0.0	0.0	0.0	glrA,rnhA,sexP	glrA,rnhA,sexP		
Radiomyces_spectabilis_NRRL_2753	Mucoromycota:MAT	scaffold_27	72913-137420	72913-137420	withheld:modelled_gene_bar	withheld:modelled_gene_bar	undetermined	undetermined							model	model	0.0	0.0	0.0	0.0	0.0	algA,sexM,sexP	algA,sexM,sexP		
Radiomyces_spectabilis_NRRL_2753	Mucoromycota:MAT	scaffold_3	170123-216201	170123-216201	withheld:modelled_gene_bar	withheld:modelled_gene_bar	undetermined	undetermined							hsp_fragment	hsp_fragment	0.0	0.0	0.0	0.0	0.0	glrA,sexP,tptA	glrA,sexP,tptA		
Radiomyces_spectabilis_NRRL_2753	Mucoromycota:MAT	scaffold_198	36028-44508	36028-44508	withheld:below_fraction_floor	withheld:below_fraction_floor	undetermined	undetermined							model	model	22.8	22.8	0.0	81.8	81.8	sexP,tptA	sexP,tptA		
Rhizomucor_pusillus_NRRL_2543	Mucoromycota:MAT	scaffold_205	15702-38610	15702-38610	called	called	Plus	Plus	high	high	mat_locus	mat_locus			model	model	227.2	227.2	0.0	297.3	297.3	algA,rnhA,sexP,tptA	algA,rnhA,sexP,tptA		
Rhizomucor_pusillus_NRRL_2543	Mucoromycota:MAT	scaffold_105	55561-68334	55561-68334	withheld:modelled_gene_bar	withheld:modelled_gene_bar	undetermined	undetermined							hsp_fragment	hsp_fragment	0.0	0.0	0.0	0.0	0.0	rnhA,sexP,tptA	rnhA,sexP,tptA		
Rhizomucor_pusillus_NRRL_2543	Mucoromycota:MAT	scaffold_3	69164-128991	69164-128991	withheld:modelled_gene_bar	withheld:modelled_gene_bar	undetermined	undetermined							hsp_fragment	hsp_fragment	0.0	0.0	0.0	0.0	0.0	rnhA,sexM,tptA	rnhA,sexM,tptA		
Rhizomucor_pusillus_NRRL_2543	Mucoromycota:MAT	scaffold_86	18823-26581	18823-26581	withheld:below_fraction_floor	withheld:below_fraction_floor	Minus	Minus							model	model	35.0	35.0	0.0	78.9	78.9	sexM,tptA	sexM,tptA		
Rhizomucor_pusillus_NRRL_2543	Mucoromycota:MAT	scaffold_255	14955-23609	14955-23609	withheld:below_fraction_floor	withheld:below_fraction_floor	undetermined	undetermined							model	model	10.2	10.2	0.0	77.2	77.2	sexM,tptA	sexM,tptA		
Rhizopus_acetoinus_NRRL_549	Mucoromycota:MAT	scaffold_516	467-13492	467-13492	called	called	Plus	Plus	high	high	mat_locus	mat_locus			model	model	312.9	312.9	0.0	364.5	364.5	btbA,glrA,rnhA,sexP	btbA,glrA,rnhA,sexP		
Rhizopus_acetoinus_NRRL_549	Mucoromycota:MAT	scaffold_111	37556-44775	37556-44775	withheld:modelled_gene_bar	withheld:modelled_gene_bar	undetermined	undetermined							hsp_fragment	hsp_fragment	0.0	0.0	0.0	0.0	0.0	sexM,sexP,tptA	sexM,sexP,tptA		
Rhizopus_acetoinus_NRRL_549	Mucoromycota:MAT	scaffold_28	38794-100900	38794-100900	withheld:below_fraction_floor	withheld:below_fraction_floor	undetermined	undetermined							model	model	18.4	18.4	0.0	78.2	78.2	glrA,sexM	glrA,sexM		
Rhizopus_acetoinus_NRRL_549	Mucoromycota:MAT	scaffold_51	10268-18827	10268-18827	withheld:below_fraction_floor	withheld:below_fraction_floor	undetermined	undetermined							model	model	15.8	15.8	0.0	73.2	73.2	rnhA,sexM	rnhA,sexM		
Rhizopus_acetoinus_NRRL_549	Mucoromycota:MAT	scaffold_92	14144-29325	14144-29325	withheld:below_fraction_floor	withheld:below_fraction_floor	undetermined	undetermined							model	model	24.7	24.7	0.0	40.4	40.4	rnhA,sexM	rnhA,sexM		
Rhizopus_acetoinus_NRRL_549	Mucoromycota:MAT	scaffold_892	6572-8000	6572-8000	withheld:below_fraction_floor	withheld:below_fraction_floor	undetermined	undetermined							hsp_fragment	hsp_fragment	0.8	0.8	0.0	0.8	0.8	sexM,tptA	sexM,tptA		
Rhizopus_acetoinus_NRRL_5833	Mucoromycota:MAT	scaffold_406	7126-22625	7126-22625	called	called	Plus	Plus	high	high	mat_locus	mat_locus			model	model	312.9	312.9	0.0	364.5	364.5	btbA,glrA,rnhA,sexM,sexP,tptA	btbA,glrA,rnhA,sexM,sexP,tptA		
Rhizopus_acetoinus_NRRL_5833	Mucoromycota:MAT	scaffold_97	26792-34011	26792-34011	withheld:modelled_gene_bar	withheld:modelled_gene_bar	undetermined	undetermined							hsp_fragment	hsp_fragment	0.0	0.0	0.0	0.0	0.0	sexM,sexP,tptA	sexM,sexP,tptA		
Rhizopus_acetoinus_NRRL_5833	Mucoromycota:MAT	scaffold_12	38618-100858	38618-100858	withheld:below_fraction_floor	withheld:below_fraction_floor	undetermined	undetermined							model	model	18.4	18.4	0.0	78.2	78.2	glrA,sexM	glrA,sexM		
Rhizopus_americanus_NRRL_66675	Mucoromycota:MAT	scaffold_388	10272-24809	10272-24809	called	called	Minus	Minus	high	high	mat_locus	mat_locus			model	model	145.7	145.7	0.0	211.2	211.2	btbA,glrA,rnhA,sexM,tptA	btbA,glrA,rnhA,sexM,tptA		
Rhizopus_americanus_NRRL_66675	Mucoromycota:MAT	scaffold_144	26360-69564	26360-69564	withheld:below_fraction_floor	withheld:below_fraction_floor	Minus	Minus							model	model	30.2	30.2	0.0	45.5	45.5	glrA,sexM	glrA,sexM		
Rhizopus_arrhizus_CBS_258.28	Mucoromycota:MAT	scaffold_556	2343-16860	2343-16860	called	called	Minus	Minus	high	high	mat_locus	mat_locus			model	model	163.1	163.1	0.0	232.2	232.2	btbA,glrA,rnhA,sexM,tptA	btbA,glrA,rnhA,sexM,tptA		
Rhizopus_arrhizus_CBS_258.28	Mucoromycota:MAT	scaffold_78	60981-69754	60981-69754	withheld:modelled_gene_bar	withheld:modelled_gene_bar	undetermined	undetermined							hsp_fragment	hsp_fragment	0.0	0.0	0.0	0.0	0.0	sexM,sexP,tptA	sexM,sexP,tptA		
Rhizopus_arrhizus_CBS_258.28	Mucoromycota:MAT	scaffold_12	18288-18670	18288-18670	withheld:below_fraction_floor	withheld:below_fraction_floor	undetermined	undetermined							model	model	14.9	14.9	0.0	73.7	73.7	sexM	sexM		
Rhizopus_arrhizus_CBS_330.53	Mucoromycota:MAT	scaffold_607	2202-16717	2202-16717	called	called	Minus	Minus	high	high	mat_locus	mat_locus			model	model	163.6	163.6	0.0	231.6	231.6	btbA,glrA,rnhA,sexM,tptA	btbA,glrA,rnhA,sexM,tptA		
Rhizopus_arrhizus_CBS_330.53	Mucoromycota:MAT	scaffold_323	15446-24220	15446-24220	withheld:modelled_gene_bar	withheld:modelled_gene_bar	undetermined	undetermined							hsp_fragment	hsp_fragment	0.0	0.0	0.0	0.0	0.0	sexM,sexP,tptA	sexM,sexP,tptA		
Rhizopus_arrhizus_CBS_330.53	Mucoromycota:MAT	scaffold_7	59796-64540	59796-64540	withheld:below_fraction_floor	withheld:below_fraction_floor	undetermined	undetermined							hsp_fragment	hsp_fragment	0.0	0.0	0.0	0.0	0.0	glrA,sexP	glrA,sexP		
Rhizopus_arrhizus_CBS_387.34	Mucoromycota:MAT	scaffold_945	2045-11704	2045-11704	called	called	Plus	Plus	high	high	mat_locus	mat_locus			model	model	315.4	315.4	0.0	370.4	370.4	btbA,glrA,rnhA,sexP	btbA,glrA,rnhA,sexP		
Rhizopus_arrhizus_CBS_387.34	Mucoromycota:MAT	scaffold_1013	54-5520	54-5520	withheld:below_fraction_floor	withheld:below_fraction_floor	undetermined	undetermined							hsp_fragment	hsp_fragment	0.0	0.0	0.0	0.0	0.0	btbA,sexM,tptA	btbA,sexM,tptA		
Rhizopus_arrhizus_Fischer_NRRL_1527	Mucoromycota:MAT	scaffold_50	79167-92311	79167-92311	called	called	Plus	Plus	high	high	mat_locus	mat_locus			model	model	315.4	315.4	0.0	370.4	370.4	btbA,glrA,rnhA,sexP	btbA,glrA,rnhA,sexP		
Rhizopus_arrhizus_Fischer_NRRL_1527	Mucoromycota:MAT	scaffold_246	24744-29361	24744-29361	withheld:modelled_gene_bar	withheld:modelled_gene_bar	undetermined	undetermined							hsp_fragment	hsp_fragment	0.0	0.0	0.0	0.0	0.0	sexM,sexP,tptA	sexM,sexP,tptA		
Rhizopus_arrhizus_Fischer_NRRL_1527	Mucoromycota:MAT	scaffold_131	19922-41760	19922-41760	withheld:modelled_gene_bar	withheld:modelled_gene_bar	undetermined	undetermined							hsp_fragment	hsp_fragment	3.9	3.9	0.0	3.9	3.9	glrA,sexM,sexP	glrA,sexM,sexP		
Rhizopus_arrhizus_Fischer_NRRL_1527	Mucoromycota:MAT	scaffold_895	541-1969	541-1969	withheld:below_fraction_floor	withheld:below_fraction_floor	undetermined	undetermined							hsp_fragment	hsp_fragment	0.0	0.0	0.0	0.0	0.0	sexM,tptA	sexM,tptA		
Rhizopus_arrhizus_IMI16641	Mucoromycota:MAT	scaffold_371	14122-28782	14122-28782	called	called	Minus	Minus	high	high	mat_locus	mat_locus			model	model	160.5	160.5	0.0	228.1	228.1	btbA,glrA,rnhA,sexM,tptA	btbA,glrA,rnhA,sexM,tptA		
Rhizopus_arrhizus_IMI16641	Mucoromycota:MAT	scaffold_3	156464-214863	156464-214863	withheld:modelled_gene_bar	withheld:modelled_gene_bar	undetermined	undetermined														algA,glrA,rnhA	algA,glrA,rnhA		
Rhizopus_arrhizus_IMI16641	Mucoromycota:MAT	scaffold_59	61870-69092	61870-69092	withheld:modelled_gene_bar	withheld:modelled_gene_bar	undetermined	undetermined							hsp_fragment	hsp_fragment	0.0	0.0	0.0	0.0	0.0	sexM,sexP,tptA	sexM,sexP,tptA		
Rhizopus_arrhizus_IMI16641	Mucoromycota:MAT	scaffold_165	30920-61486	30920-61486	withheld:below_fraction_floor	withheld:below_fraction_floor	undetermined	undetermined							model	model	24.8	24.8	0.0	40.3	40.3	algA,sexM	algA,sexM		
Rhizopus_arrhizus_IMI16641	Mucoromycota:MAT	scaffold_186	41783-50447	41783-50447	withheld:below_fraction_floor	withheld:below_fraction_floor	undetermined	undetermined							model	model	15.8	15.8	0.0	73.2	73.2	rnhA,sexM	rnhA,sexM		
Rhizopus_arrhizus_IMI16641	Mucoromycota:MAT	scaffold_219	36237-48465	36237-48465	withheld:below_fraction_floor	withheld:below_fraction_floor	undetermined	undetermined							hsp_fragment	hsp_fragment	0.0	0.0	0.0	0.0	0.0	algA,sexM	algA,sexM		
Rhizopus_arrhizus_IMI195599	Mucoromycota:MAT	scaffold_603	1932-16483	1932-16483	called	called	Minus	Minus	high	high	mat_locus	mat_locus			model	model	159.6	159.6	0.0	226.7	226.7	btbA,glrA,rnhA,sexM,tptA	btbA,glrA,rnhA,sexM,tptA		
Rhizopus_arrhizus_IMI195599	Mucoromycota:MAT	scaffold_10	41272-103315	41272-103315	withheld:below_fraction_floor	withheld:below_fraction_floor	undetermined	undetermined							model	model	18.4	18.4	0.0	78.2	78.2	glrA,sexM	glrA,sexM		
Rhizopus_arrhizus_IMI195599	Mucoromycota:MAT	scaffold_83	26416-56984	26416-56984	withheld:below_fraction_floor	withheld:below_fraction_floor	undetermined	undetermined							model	model	24.8	24.8	0.0	40.3	40.3	algA,sexM	algA,sexM		
Rhizopus_arrhizus_IMI195599	Mucoromycota:MAT	scaffold_373	10202-25368	10202-25368	withheld:below_fraction_floor	withheld:below_fraction_floor	undetermined	undetermined							model	model	24.7	24.7	0.0	40.4	40.4	rnhA,sexM	rnhA,sexM		
Rhizopus_arrhizus_IMI195599	Mucoromycota:MAT	scaffold_384	11949-24149	11949-24149	withheld:below_fraction_floor	withheld:below_fraction_floor	undetermined	undetermined							hsp_fragment	hsp_fragment	0.0	0.0	0.0	0.0	0.0	algA,sexM	algA,sexM		
Rhizopus_arrhizus_IMI199624	Mucoromycota:MAT	scaffold_604	2014-16673	2014-16673	called	called	Minus	Minus	high	high	mat_locus	mat_locus			model	model	166.2	166.2	0.0	235.0	235.0	btbA,glrA,rnhA,sexM,tptA	btbA,glrA,rnhA,sexM,tptA		
Rhizopus_arrhizus_IMI199624	Mucoromycota:MAT	scaffold_69	16775-21392	16775-21392	withheld:modelled_gene_bar	withheld:modelled_gene_bar	undetermined	undetermined							hsp_fragment	hsp_fragment	0.0	0.0	0.0	0.0	0.0	sexM,sexP,tptA	sexM,sexP,tptA		
Rhizopus_arrhizus_IMI199624	Mucoromycota:MAT	scaffold_167	13799-35575	13799-35575	withheld:modelled_gene_bar	withheld:modelled_gene_bar	undetermined	undetermined							hsp_fragment	hsp_fragment	3.9	3.9	0.0	3.9	3.9	glrA,sexM,sexP	glrA,sexM,sexP		
Rhizopus_arrhizus_IMI266680	Mucoromycota:MAT	scaffold_377	10969-25508	10969-25508	called	called	Minus	Minus	high	high	mat_locus	mat_locus			model	model	144.7	144.7	0.0	210.2	210.2	btbA,glrA,rnhA,sexM,tptA	btbA,glrA,rnhA,sexM,tptA		
Rhizopus_arrhizus_IMI266680	Mucoromycota:MAT	scaffold_1	117986-163875	117986-163875	withheld:modelled_gene_bar	withheld:modelled_gene_bar	undetermined	undetermined							hsp_fragment	hsp_fragment	4.7	4.7	0.0	42.8	42.8	sexM,sexP,tptA	sexM,sexP,tptA		
Rhizopus_arrhizus_IMI266680	Mucoromycota:MAT	scaffold_283	23916-36798	23916-36798	withheld:below_fraction_floor	withheld:below_fraction_floor	undetermined	undetermined							model	model	24.4	24.4	0.0	86.4	86.4	sexM	sexM		
Rhizopus_arrhizus_IMI53173	Mucoromycota:MAT	scaffold_810	1365-8380	1365-8380	called	called	Plus	Plus	high	high	mat_locus	mat_locus			model	model	317.9	317.9	0.0	368.9	368.9	glrA,rnhA,sexP	glrA,rnhA,sexP		
Rhizopus_arrhizus_IMI53173	Mucoromycota:MAT	scaffold_35	75850-80469	75850-80469	withheld:modelled_gene_bar	withheld:modelled_gene_bar	undetermined	undetermined							hsp_fragment	hsp_fragment	0.0	0.0	0.0	0.0	0.0	sexM,sexP,tptA	sexM,sexP,tptA		
Rhizopus_arrhizus_IMI53173	Mucoromycota:MAT	scaffold_116	27334-48950	27334-48950	withheld:modelled_gene_bar	withheld:modelled_gene_bar	undetermined	undetermined							hsp_fragment	hsp_fragment	3.9	3.9	0.0	3.9	3.9	glrA,sexM,sexP	glrA,sexM,sexP		
Rhizopus_arrhizus_IMI53173	Mucoromycota:MAT	scaffold_764	5248-12145	5248-12145	withheld:below_fraction_floor	withheld:below_fraction_floor	undetermined	undetermined							hsp_fragment	hsp_fragment	0.0	0.0	0.0	0.0	0.0	btbA,sexM,tptA	btbA,sexM,tptA		
Rhizopus_arrhizus_NBRC_4735	Mucoromycota:MAT	scaffold_620	1950-16501	1950-16501	called	called	Minus	Minus	high	high	mat_locus	mat_locus			model	model	159.6	159.6	0.0	226.7	226.7	btbA,glrA,rnhA,sexM,tptA	btbA,glrA,rnhA,sexM,tptA		
Rhizopus_arrhizus_NBRC_4735	Mucoromycota:MAT	scaffold_28	48487-55711	48487-55711	withheld:modelled_gene_bar	withheld:modelled_gene_bar	undetermined	undetermined							hsp_fragment	hsp_fragment	0.0	0.0	0.0	0.0	0.0	sexM,sexP,tptA	sexM,sexP,tptA		
Rhizopus_arrhizus_NBRC_4735	Mucoromycota:MAT	scaffold_4	34979-96948	34979-96948	withheld:below_fraction_floor	withheld:below_fraction_floor	undetermined	undetermined							model	model	18.4	18.4	0.0	78.2	78.2	glrA,sexM	glrA,sexM		
Rhizopus_arrhizus_NBRC_4735	Mucoromycota:MAT	scaffold_717	7168-15723	7168-15723	withheld:below_fraction_floor	withheld:below_fraction_floor	undetermined	undetermined							model	model	15.8	15.8	0.0	73.2	73.2	rnhA,sexM	rnhA,sexM		
Rhizopus_arrhizus_NBRC_4735	Mucoromycota:MAT	scaffold_565	1413-13607	1413-13607	withheld:below_fraction_floor	withheld:below_fraction_floor	undetermined	undetermined							hsp_fragment	hsp_fragment	0.0	0.0	0.0	0.0	0.0	algA,sexM	algA,sexM		
Rhizopus_arrhizus_NBRC_4770	Mucoromycota:MAT	scaffold_386	1907-16458	1907-16458	called	called	Minus	Minus	high	high	mat_locus	mat_locus			model	model	159.6	159.6	0.0	226.7	226.7	btbA,glrA,rnhA,sexM,tptA	btbA,glrA,rnhA,sexM,tptA		
Rhizopus_arrhizus_NBRC_4770	Mucoromycota:MAT	scaffold_103	27997-35221	27997-35221	withheld:modelled_gene_bar	withheld:modelled_gene_bar	undetermined	undetermined							hsp_fragment	hsp_fragment	0.0	0.0	0.0	0.0	0.0	sexM,sexP,tptA	sexM,sexP,tptA		
Rhizopus_arrhizus_NBRC_4770	Mucoromycota:MAT	scaffold_30	14757-76828	14757-76828	withheld:below_fraction_floor	withheld:below_fraction_floor	undetermined	undetermined							model	model	18.4	18.4	0.0	78.2	78.2	glrA,sexM	glrA,sexM		
Rhizopus_arrhizus_NBRC_4770	Mucoromycota:MAT	scaffold_176	41724-50280	41724-50280	withheld:below_fraction_floor	withheld:below_fraction_floor	undetermined	undetermined							model	model	15.8	15.8	0.0	73.2	73.2	rnhA,sexM	rnhA,sexM		
Rhizopus_arrhizus_NBRC_4770	Mucoromycota:MAT	scaffold_152	36305-48552	36305-48552	withheld:below_fraction_floor	withheld:below_fraction_floor	undetermined	undetermined							hsp_fragment	hsp_fragment	0.0	0.0	0.0	0.0	0.0	algA,sexM	algA,sexM		
Rhizopus_arrhizus_NBRC_5318	Mucoromycota:MAT	scaffold_613	2548-17063	2548-17063	called	called	Minus	Minus	high	high	mat_locus	mat_locus			model	model	163.6	163.6	0.0	231.6	231.6	btbA,glrA,rnhA,sexM,tptA	btbA,glrA,rnhA,sexM,tptA		
Rhizopus_arrhizus_NBRC_5318	Mucoromycota:MAT	scaffold_206	23759-32533	23759-32533	withheld:modelled_gene_bar	withheld:modelled_gene_bar	undetermined	undetermined							hsp_fragment	hsp_fragment	0.0	0.0	0.0	0.0	0.0	sexM,sexP,tptA	sexM,sexP,tptA		
Rhizopus_arrhizus_NBRC_5318	Mucoromycota:MAT	scaffold_117	18378-18760	18378-18760	withheld:below_fraction_floor	withheld:below_fraction_floor	undetermined	undetermined							model	model	14.9	14.9	0.0	73.7	73.7	sexM	sexM		
Rhizopus_arrhizus_NRRL_13014	Mucoromycota:MAT	scaffold_357	8413-22975	8413-22975	called	called	Minus	Minus	high	high	mat_locus	mat_locus			model	model	166.2	166.2	0.0	235.0	235.0	btbA,glrA,rnhA,sexM,tptA	btbA,glrA,rnhA,sexM,tptA		
Rhizopus_arrhizus_NRRL_13014	Mucoromycota:MAT	scaffold_158	24723-33382	24723-33382	withheld:modelled_gene_bar	withheld:modelled_gene_bar	undetermined	undetermined							hsp_fragment	hsp_fragment	0.0	0.0	0.0	0.0	0.0	sexM,sexP,tptA	sexM,sexP,tptA		
Rhizopus_arrhizus_NRRL_13014	Mucoromycota:MAT	scaffold_379	12338-12720	12338-12720	withheld:below_fraction_floor	withheld:below_fraction_floor	undetermined	undetermined							model	model	17.3	17.3	0.0	73.1	73.1	sexM,sexP	sexM,sexP		
Rhizopus_arrhizus_NRRL_1470	Mucoromycota:MAT	scaffold_414	26241-33635	26241-33635	called	called	Minus	Minus	medium	medium	partial_locus	partial_locus			model	model	99.6	99.6	0.0	162.8	162.8	rnhA,sexM	rnhA,sexM		
Rhizopus_arrhizus_NRRL_1470	Mucoromycota:MAT	scaffold_216	16269-27129	16269-27129	withheld:modelled_gene_bar	withheld:modelled_gene_bar	undetermined	undetermined														algA,rnhA,tptA	algA,rnhA,tptA		
Rhizopus_arrhizus_NRRL_1470	Mucoromycota:MAT	scaffold_187	11381-12334	11381-12334	withheld:modelled_gene_bar	withheld:modelled_gene_bar	undetermined	undetermined							model	model	6.1	6.1	0.0	60.4	60.4	sexM,sexP	sexM,sexP		
Rhizopus_arrhizus_NRRL_1470	Mucoromycota:MAT	scaffold_506	6109-7875	6109-7875	withheld:modelled_gene_bar	withheld:modelled_gene_bar	undetermined	undetermined							hsp_fragment	hsp_fragment	3.5	3.5	0.0	40.2	40.2	sexM,sexP	sexM,sexP		
Rhizopus_arrhizus_NRRL_1470	Mucoromycota:MAT	scaffold_30	69094-75199	69094-75199	withheld:modelled_gene_bar	withheld:modelled_gene_bar	undetermined	undetermined							hsp_fragment	hsp_fragment	0.0	0.0	0.0	0.0	0.0	algA,sexP	algA,sexP		
Rhizopus_arrhizus_NRRL_1470	Mucoromycota:MAT	scaffold_340	11808-12794	11808-12794	withheld:modelled_gene_bar	withheld:modelled_gene_bar	undetermined	undetermined							hsp_fragment	hsp_fragment	0.0	0.0	0.0	39.7	39.7	sexM,sexP	sexM,sexP		
Rhizopus_arrhizus_NRRL_1470	Mucoromycota:MAT	scaffold_290	14427-37946	14427-37946	withheld:modelled_gene_bar+polish_capped	withheld:modelled_gene_bar+polish_capped	undetermined	undetermined							hsp_fragment	hsp_fragment	10.4	10.4	0.0	26.0	26.0	algA,sexP	algA,sexP		
Rhizopus_arrhizus_NRRL_1470	Mucoromycota:MAT	scaffold_5	110384-136849	110384-136849	withheld:mat_gene_gate	withheld:mat_gene_gate	undetermined	undetermined							model	model	17.2	17.2	0.0	34.8	34.8	glrA,sexP	glrA,sexP		
Rhizopus_arrhizus_NRRL_1470	Mucoromycota:MAT	scaffold_187	11381-12334	11381-12334	withheld:below_fraction_floor	withheld:below_fraction_floor	undetermined	undetermined							model	model	6.1	6.1	0.0	60.4	60.4	sexM,sexP	sexM,sexP		
Rhizopus_arrhizus_NRRL_1470	Mucoromycota:MAT	scaffold_5	110384-136849	110384-136849	withheld:below_fraction_floor	withheld:below_fraction_floor	undetermined	undetermined							model	model	17.2	17.2	0.0	34.8	34.8	glrA,sexP	glrA,sexP		
Rhizopus_arrhizus_NRRL_2004	Mucoromycota:MAT	scaffold_248	22392-38073	22392-38073	called	called	Plus	Plus	high	high	mat_locus	mat_locus			model	model	317.4	317.4	0.0	368.4	368.4	btbA,glrA,rnhA,sexM,sexP,tptA	btbA,glrA,rnhA,sexM,sexP,tptA		
Rhizopus_arrhizus_NRRL_2004	Mucoromycota:MAT	scaffold_250	16935-21553	16935-21553	withheld:modelled_gene_bar	withheld:modelled_gene_bar	undetermined	undetermined							hsp_fragment	hsp_fragment	0.0	0.0	0.0	0.0	0.0	sexM,sexP,tptA	sexM,sexP,tptA		
Rhizopus_arrhizus_NRRL_2286	Mucoromycota:MAT	scaffold_517	3288-18809	3288-18809	called	called	Plus	Plus	high	high	mat_locus	mat_locus			model	model	318.2	318.2	0.0	370.1	370.1	btbA,glrA,rnhA,sexM,sexP,tptA	btbA,glrA,rnhA,sexM,sexP,tptA		
Rhizopus_arrhizus_NRRL_2286	Mucoromycota:MAT	scaffold_130	40154-48926	40154-48926	withheld:modelled_gene_bar	withheld:modelled_gene_bar	undetermined	undetermined							hsp_fragment	hsp_fragment	0.0	0.0	0.0	0.0	0.0	sexM,sexP,tptA	sexM,sexP,tptA		
Rhizopus_arrhizus_NRRL_2286	Mucoromycota:MAT	scaffold_507	10681-11063	10681-11063	withheld:below_fraction_floor	withheld:below_fraction_floor	undetermined	undetermined							model	model	14.9	14.9	0.0	73.7	73.7	sexM	sexM		
Rhizopus_arrhizus_NRRL_2582	Mucoromycota:MAT	scaffold_523	9061-23625	9061-23625	called	called	Minus	Minus	high	high	mat_locus	mat_locus			model	model	159.7	159.7	0.0	227.8	227.8	btbA,glrA,rnhA,sexM,tptA	btbA,glrA,rnhA,sexM,tptA		
Rhizopus_arrhizus_NRRL_2582	Mucoromycota:MAT	scaffold_248	11440-19998	11440-19998	withheld:below_fraction_floor	withheld:below_fraction_floor	undetermined	undetermined							model	model	15.1	15.1	0.0	73.5	73.5	rnhA,sexM	rnhA,sexM		
Rhizopus_arrhizus_NRRL_2582	Mucoromycota:MAT	scaffold_436	7294-19483	7294-19483	withheld:below_fraction_floor	withheld:below_fraction_floor	undetermined	undetermined							hsp_fragment	hsp_fragment	0.0	0.0	0.0	0.0	0.0	algA,sexM	algA,sexM		
Rhizopus_arrhizus_NRRL_5896	Mucoromycota:MAT	scaffold_358	11036-26501	11036-26501	called	called	Plus	Plus	high	high	mat_locus	mat_locus			model	model	315.2	315.2	0.0	365.3	365.3	btbA,glrA,rnhA,sexM,sexP,tptA	btbA,glrA,rnhA,sexM,sexP,tptA		
Rhizopus_arrhizus_NRRL_5896	Mucoromycota:MAT	scaffold_63	34176-41400	34176-41400	withheld:modelled_gene_bar	withheld:modelled_gene_bar	undetermined	undetermined							hsp_fragment	hsp_fragment	0.0	0.0	0.0	0.0	0.0	sexM,sexP,tptA	sexM,sexP,tptA		
Rhizopus_arrhizus_NRRL_5896	Mucoromycota:MAT	scaffold_71	19665-33197	19665-33197	withheld:below_fraction_floor	withheld:below_fraction_floor	undetermined	undetermined							hsp_fragment	hsp_fragment	6.6	6.6	0.0	7.5	7.5	rnhA,sexM	rnhA,sexM		
Rhizopus_arrhizus_NRRL_5896	Mucoromycota:MAT	scaffold_21	38548-100613	38548-100613	withheld:below_fraction_floor	withheld:below_fraction_floor	undetermined	undetermined							model	model	18.4	18.4	0.0	78.2	78.2	glrA,sexM	glrA,sexM		
Rhizopus_arrhizus_NRRL_5896	Mucoromycota:MAT	scaffold_200	12265-20829	12265-20829	withheld:below_fraction_floor	withheld:below_fraction_floor	undetermined	undetermined							model	model	15.8	15.8	0.0	73.2	73.2	rnhA,sexM	rnhA,sexM		
Rhizopus_arrhizus_NRRL_5899	Mucoromycota:MAT	scaffold_473	9077-23638	9077-23638	called	called	Minus	Minus	high	high	mat_locus	mat_locus			model	model	159.7	159.7	0.0	227.8	227.8	btbA,glrA,rnhA,sexM,tptA	btbA,glrA,rnhA,sexM,tptA		
Rhizopus_arrhizus_NRRL_5899	Mucoromycota:MAT	scaffold_10	30941-90737	30941-90737	withheld:modelled_gene_bar	withheld:modelled_gene_bar	undetermined	undetermined														algA,glrA,rnhA	algA,glrA,rnhA		
Rhizopus_arrhizus_NRRL_5899	Mucoromycota:MAT	scaffold_52	34910-43240	34910-43240	withheld:modelled_gene_bar	withheld:modelled_gene_bar	undetermined	undetermined							hsp_fragment	hsp_fragment	0.0	0.0	0.0	0.0	0.0	sexM,sexP,tptA	sexM,sexP,tptA		
Rhizopus_arrhizus_NRRL_5899	Mucoromycota:MAT	scaffold_248	30062-38628	30062-38628	withheld:below_fraction_floor	withheld:below_fraction_floor	undetermined	undetermined							model	model	15.1	15.1	0.0	73.5	73.5	rnhA,sexM	rnhA,sexM		
Rhizopus_arrhizus_NRRL_5899	Mucoromycota:MAT	scaffold_416	9969-22631	9969-22631	withheld:below_fraction_floor	withheld:below_fraction_floor	undetermined	undetermined							hsp_fragment	hsp_fragment	0.0	0.0	0.0	0.0	0.0	algA,sexM	algA,sexM		
Rhizopus_arrhizus_NRRL_66519	Mucoromycota:MAT	scaffold_308	22241-37919	22241-37919	called	called	Plus	Plus	high	high	mat_locus	mat_locus			model	model	317.4	317.4	0.0	368.4	368.4	btbA,glrA,rnhA,sexM,sexP,tptA	btbA,glrA,rnhA,sexM,sexP,tptA		
Rhizopus_arrhizus_NRRL_66519	Mucoromycota:MAT	scaffold_254	28138-32756	28138-32756	withheld:modelled_gene_bar	withheld:modelled_gene_bar	undetermined	undetermined							hsp_fragment	hsp_fragment	0.0	0.0	0.0	0.0	0.0	sexM,sexP,tptA	sexM,sexP,tptA		
Rhizopus_arrhizus_NRRL_66519	Mucoromycota:MAT	scaffold_193	13809-35318	13809-35318	withheld:modelled_gene_bar	withheld:modelled_gene_bar	undetermined	undetermined							hsp_fragment	hsp_fragment	3.9	3.9	0.0	3.9	3.9	glrA,sexM,sexP	glrA,sexM,sexP		
Rhizopus_arrhizus_NRRL_66564	Mucoromycota:MAT	scaffold_187	24359-32999	24359-32999	called	called	Minus	Minus	high	high	mat_locus	mat_locus			model	model	129.7	129.7	0.0	198.9	198.9	glrA,rnhA,sexM	glrA,rnhA,sexM		
Rhizopus_arrhizus_NRRL_66564	Mucoromycota:MAT	scaffold_40	85726-130374	85726-130374	withheld:modelled_gene_bar	withheld:modelled_gene_bar	undetermined	undetermined							model	model	5.2	5.2	0.0	71.9	71.9	rnhA,sexM,sexP	rnhA,sexM,sexP		
Rhizopus_arrhizus_NRRL_66564	Mucoromycota:MAT	scaffold_10	185109-213133	185109-213133	withheld:below_fraction_floor	withheld:below_fraction_floor	undetermined	undetermined							hsp_fragment	hsp_fragment	0.0	0.0	0.0	0.0	0.0	rnhA,sexP	rnhA,sexP		
Rhizopus_arrhizus_NRRL_66565	Mucoromycota:MAT	scaffold_404	14092-28643	14092-28643	called	called	Minus	Minus	high	high	mat_locus	mat_locus			model	model	159.6	159.6	0.0	226.7	226.7	btbA,glrA,rnhA,sexM,tptA	btbA,glrA,rnhA,sexM,tptA		
Rhizopus_arrhizus_NRRL_66565	Mucoromycota:MAT	scaffold_75	34261-41485	34261-41485	withheld:modelled_gene_bar	withheld:modelled_gene_bar	undetermined	undetermined							hsp_fragment	hsp_fragment	0.0	0.0	0.0	0.0	0.0	sexM,sexP,tptA	sexM,sexP,tptA		
Rhizopus_arrhizus_NRRL_66565	Mucoromycota:MAT	scaffold_37	38526-100593	38526-100593	withheld:below_fraction_floor	withheld:below_fraction_floor	undetermined	undetermined							model	model	18.4	18.4	0.0	78.2	78.2	glrA,sexM	glrA,sexM		
Rhizopus_arrhizus_NRRL_66565	Mucoromycota:MAT	scaffold_8	154525-163090	154525-163090	withheld:below_fraction_floor	withheld:below_fraction_floor	undetermined	undetermined							model	model	15.8	15.8	0.0	73.2	73.2	rnhA,sexM	rnhA,sexM		
Rhizopus_arrhizus_NRRL_66568	Mucoromycota:MAT	scaffold_491	1958-17420	1958-17420	called	called	Plus	Plus	high	high	mat_locus	mat_locus			model	model	315.2	315.2	0.0	365.3	365.3	btbA,glrA,rnhA,sexM,sexP,tptA	btbA,glrA,rnhA,sexM,sexP,tptA		
Rhizopus_arrhizus_NRRL_66568	Mucoromycota:MAT	scaffold_179	49741-56965	49741-56965	withheld:modelled_gene_bar	withheld:modelled_gene_bar	undetermined	undetermined							hsp_fragment	hsp_fragment	0.0	0.0	0.0	0.0	0.0	sexM,sexP,tptA	sexM,sexP,tptA		
Rhizopus_arrhizus_NRRL_66568	Mucoromycota:MAT	scaffold_29	22041-84103	22041-84103	withheld:below_fraction_floor	withheld:below_fraction_floor	undetermined	undetermined							model	model	18.4	18.4	0.0	78.2	78.2	glrA,sexM	glrA,sexM		
Rhizopus_arrhizus_NRRL_66568	Mucoromycota:MAT	scaffold_226	12213-20777	12213-20777	withheld:below_fraction_floor	withheld:below_fraction_floor	undetermined	undetermined							model	model	15.8	15.8	0.0	73.2	73.2	rnhA,sexM	rnhA,sexM		
Rhizopus_arrhizus_NRRL_66568	Mucoromycota:MAT	scaffold_233	1413-13760	1413-13760	withheld:below_fraction_floor	withheld:below_fraction_floor	undetermined	undetermined							hsp_fragment	hsp_fragment	0.0	0.0	0.0	0.0	0.0	algA,sexM	algA,sexM		
Rhizopus_arrhizus_NRRL_66592	Mucoromycota:MAT	scaffold_461	10129-25464	10129-25464	called	called	Plus	Plus	high	high	mat_locus	mat_locus			model	model	318.2	318.2	0.0	370.1	370.1	btbA,glrA,rnhA,sexM,sexP,tptA	btbA,glrA,rnhA,sexM,sexP,tptA		
Rhizopus_arrhizus_NRRL_66592	Mucoromycota:MAT	scaffold_236	23675-32447	23675-32447	withheld:modelled_gene_bar	withheld:modelled_gene_bar	undetermined	undetermined							hsp_fragment	hsp_fragment	0.0	0.0	0.0	0.0	0.0	sexM,sexP,tptA	sexM,sexP,tptA		
Rhizopus_arrhizus_NRRL_66592	Mucoromycota:MAT	scaffold_28	9601-9983	9601-9983	withheld:below_fraction_floor	withheld:below_fraction_floor	undetermined	undetermined							model	model	14.9	14.9	0.0	73.7	73.7	sexM	sexM		
Rhizopus_arrhizus_NRRL_66595	Mucoromycota:MAT	scaffold_534	5165-20416	5165-20416	called	called	Plus	Plus	high	high	mat_locus	mat_locus			model	model	315.4	315.4	0.0	370.4	370.4	btbA,glrA,rnhA,sexM,sexP,tptA	btbA,glrA,rnhA,sexM,sexP,tptA		
Rhizopus_arrhizus_NRRL_66595	Mucoromycota:MAT	scaffold_144	16926-21543	16926-21543	withheld:modelled_gene_bar	withheld:modelled_gene_bar	undetermined	undetermined							hsp_fragment	hsp_fragment	0.0	0.0	0.0	0.0	0.0	sexM,sexP,tptA	sexM,sexP,tptA		
Rhizopus_arrhizus_NRRL_66596	Mucoromycota:MAT	scaffold_370	10971-26433	10971-26433	called	called	Plus	Plus	high	high	mat_locus	mat_locus			model	model	315.2	315.2	0.0	365.3	365.3	btbA,glrA,rnhA,sexM,sexP,tptA	btbA,glrA,rnhA,sexM,sexP,tptA		
Rhizopus_arrhizus_NRRL_66596	Mucoromycota:MAT	scaffold_105	39527-46751	39527-46751	withheld:modelled_gene_bar	withheld:modelled_gene_bar	undetermined	undetermined							hsp_fragment	hsp_fragment	0.0	0.0	0.0	0.0	0.0	sexM,sexP,tptA	sexM,sexP,tptA		
Rhizopus_arrhizus_NRRL_66596	Mucoromycota:MAT	scaffold_7	56955-119203	56955-119203	withheld:below_fraction_floor	withheld:below_fraction_floor	undetermined	undetermined							model	model	18.4	18.4	0.0	78.2	78.2	glrA,sexM	glrA,sexM		
Rhizopus_arrhizus_NRRL_66596	Mucoromycota:MAT	scaffold_201	12228-20847	12228-20847	withheld:below_fraction_floor	withheld:below_fraction_floor	undetermined	undetermined							model	model	15.8	15.8	0.0	73.2	73.2	rnhA,sexM	rnhA,sexM		
Rhizopus_arrhizus_NRRL_66596	Mucoromycota:MAT	scaffold_177	36352-48591	36352-48591	withheld:below_fraction_floor	withheld:below_fraction_floor	undetermined	undetermined							hsp_fragment	hsp_fragment	0.0	0.0	0.0	0.0	0.0	algA,sexM	algA,sexM		
Rhizopus_arrhizus_NRRL_A-10276	Mucoromycota:MAT	scaffold_661	2334-16799	2334-16799	called	called	Minus	Minus	high	high	mat_locus	mat_locus			model	model	163.1	163.1	0.0	232.2	232.2	btbA,glrA,rnhA,sexM,tptA	btbA,glrA,rnhA,sexM,tptA		
Rhizopus_arrhizus_NRRL_A-10276	Mucoromycota:MAT	scaffold_35	6464-70319	6464-70319	withheld:modelled_gene_bar	withheld:modelled_gene_bar	undetermined	undetermined							hsp_fragment	hsp_fragment	0.0	0.0	0.0	0.0	0.0	sexM,sexP,tptA	sexM,sexP,tptA		
Rhizopus_arrhizus_NRRL_A-10276	Mucoromycota:MAT	scaffold_156	15983-24756	15983-24756	withheld:modelled_gene_bar	withheld:modelled_gene_bar	undetermined	undetermined							hsp_fragment	hsp_fragment	0.0	0.0	0.0	0.0	0.0	sexM,sexP,tptA	sexM,sexP,tptA		
Rhizopus_arrhizus_NRRL_A-10276	Mucoromycota:MAT	scaffold_376	18321-18703	18321-18703	withheld:below_fraction_floor	withheld:below_fraction_floor	undetermined	undetermined							model	model	14.9	14.9	0.0	73.7	73.7	sexM	sexM		
Rhizopus_arrhizus_NRRL_A-10365	Mucoromycota:MAT	scaffold_390	6793-22125	6793-22125	called	called	Plus	Plus	high	high	mat_locus	mat_locus			model	model	312.2	312.2	0.0	363.7	363.7	btbA,glrA,rnhA,sexM,sexP,tptA	btbA,glrA,rnhA,sexM,sexP,tptA		
Rhizopus_arrhizus_NRRL_A-10365	Mucoromycota:MAT	scaffold_65	9003-56267	9003-56267	withheld:modelled_gene_bar	withheld:modelled_gene_bar	undetermined	undetermined							hsp_fragment	hsp_fragment	8.9	8.9	0.0	39.8	39.8	algA,rnhA,sexP	algA,rnhA,sexP		
Rhizopus_arrhizus_NRRL_A-10365	Mucoromycota:MAT	scaffold_78	39627-46847	39627-46847	withheld:modelled_gene_bar	withheld:modelled_gene_bar	undetermined	undetermined							hsp_fragment	hsp_fragment	0.0	0.0	0.0	0.0	0.0	sexM,sexP,tptA	sexM,sexP,tptA		
Rhizopus_arrhizus_NRRL_A-10365	Mucoromycota:MAT	scaffold_102	55047-63670	55047-63670	withheld:below_fraction_floor	withheld:below_fraction_floor	undetermined	undetermined							model	model	15.8	15.8	0.0	73.2	73.2	rnhA,sexM	rnhA,sexM		
Rhizopus_arrhizus_NRRL_A-10369	Mucoromycota:MAT	scaffold_439	2554-17105	2554-17105	called	called	Minus	Minus	high	high	mat_locus	mat_locus			model	model	159.6	159.6	0.0	226.7	226.7	btbA,glrA,rnhA,sexM,tptA	btbA,glrA,rnhA,sexM,tptA		
Rhizopus_arrhizus_NRRL_A-10369	Mucoromycota:MAT	scaffold_273	37241-44465	37241-44465	withheld:modelled_gene_bar	withheld:modelled_gene_bar	undetermined	undetermined							hsp_fragment	hsp_fragment	0.0	0.0	0.0	0.0	0.0	sexM,sexP,tptA	sexM,sexP,tptA		
Rhizopus_arrhizus_NRRL_A-10369	Mucoromycota:MAT	scaffold_48	38504-100567	38504-100567	withheld:below_fraction_floor	withheld:below_fraction_floor	undetermined	undetermined							model	model	18.4	18.4	0.0	78.2	78.2	glrA,sexM	glrA,sexM		
Rhizopus_arrhizus_NRRL_A-10369	Mucoromycota:MAT	scaffold_451	7336-15970	7336-15970	withheld:below_fraction_floor	withheld:below_fraction_floor	undetermined	undetermined							model	model	15.8	15.8	0.0	73.2	73.2	rnhA,sexM	rnhA,sexM		
Rhizopus_arrhizus_NRRL_A-10369	Mucoromycota:MAT	scaffold_283	18968-31302	18968-31302	withheld:below_fraction_floor	withheld:below_fraction_floor	undetermined	undetermined							hsp_fragment	hsp_fragment	0.0	0.0	0.0	0.0	0.0	algA,sexM	algA,sexM		
Rhizopus_arrhizus_NRRL_A-11376	Mucoromycota:MAT	scaffold_860	4675-20434	4675-20434	called	called	Plus	Plus	high	high	mat_locus	mat_locus			model	model	300.5	300.5	0.0	354.5	354.5	btbA,glrA,rnhA,sexP,tptA	btbA,glrA,rnhA,sexP,tptA		
Rhizopus_arrhizus_NRRL_A-11376	Mucoromycota:MAT	scaffold_499	16918-31357	16918-31357	called	called	Plus	Plus	high	high	mat_locus	mat_locus			model	model	315.6	315.6	0.0	366.6	366.6	btbA,glrA,rnhA,sexP,tptA	btbA,glrA,rnhA,sexP,tptA		
Rhizopus_arrhizus_NRRL_A-11376	Mucoromycota:MAT	scaffold_579	16777-25441	16777-25441	withheld:modelled_gene_bar	withheld:modelled_gene_bar	undetermined	undetermined							hsp_fragment	hsp_fragment	0.0	0.0	0.0	0.0	0.0	sexM,sexP,tptA	sexM,sexP,tptA		
Rhizopus_arrhizus_NRRL_A-11376	Mucoromycota:MAT	scaffold_693	1950-15078	1950-15078	withheld:below_fraction_floor	withheld:below_fraction_floor	undetermined	undetermined							model	model	18.7	18.7	0.0	78.2	78.2	sexM,sexP	sexM,sexP		
Rhizopus_arrhizus_NRRL_A-12134	Mucoromycota:MAT	scaffold_542	2037-17707	2037-17707	called	called	Plus	Plus	high	high	mat_locus	mat_locus			model	model	317.4	317.4	0.0	368.4	368.4	btbA,glrA,rnhA,sexM,sexP,tptA	btbA,glrA,rnhA,sexM,sexP,tptA		
Rhizopus_arrhizus_NRRL_A-12134	Mucoromycota:MAT	scaffold_136	16791-21409	16791-21409	withheld:modelled_gene_bar	withheld:modelled_gene_bar	undetermined	undetermined							hsp_fragment	hsp_fragment	0.0	0.0	0.0	0.0	0.0	sexM,sexP,tptA	sexM,sexP,tptA		
Rhizopus_arrhizus_NRRL_A-12134	Mucoromycota:MAT	scaffold_111	23849-45337	23849-45337	withheld:modelled_gene_bar	withheld:modelled_gene_bar	undetermined	undetermined							hsp_fragment	hsp_fragment	3.9	3.9	0.0	3.9	3.9	glrA,sexM,sexP	glrA,sexM,sexP		
Rhizopus_arrhizus_NRRL_A-12745	Mucoromycota:MAT	scaffold_472	1899-17361	1899-17361	called	called	Plus	Plus	high	high	mat_locus	mat_locus			model	model	315.2	315.2	0.0	365.3	365.3	btbA,glrA,rnhA,sexM,sexP,tptA	btbA,glrA,rnhA,sexM,sexP,tptA		
Rhizopus_arrhizus_NRRL_A-12745	Mucoromycota:MAT	scaffold_208	30212-37436	30212-37436	withheld:modelled_gene_bar	withheld:modelled_gene_bar	undetermined	undetermined							hsp_fragment	hsp_fragment	0.0	0.0	0.0	0.0	0.0	sexM,sexP,tptA	sexM,sexP,tptA		
Rhizopus_arrhizus_NRRL_A-12745	Mucoromycota:MAT	scaffold_16	35051-97043	35051-97043	withheld:below_fraction_floor	withheld:below_fraction_floor	undetermined	undetermined							model	model	18.4	18.4	0.0	78.2	78.2	glrA,sexM	glrA,sexM		
Rhizopus_arrhizus_NRRL_A-12745	Mucoromycota:MAT	scaffold_252	5792-14354	5792-14354	withheld:below_fraction_floor	withheld:below_fraction_floor	undetermined	undetermined							model	model	15.8	15.8	0.0	73.2	73.2	rnhA,sexM	rnhA,sexM		
Rhizopus_arrhizus_NRRL_A-12745	Mucoromycota:MAT	scaffold_154	36212-48447	36212-48447	withheld:below_fraction_floor	withheld:below_fraction_floor	undetermined	undetermined							hsp_fragment	hsp_fragment	0.0	0.0	0.0	0.0	0.0	algA,sexM	algA,sexM		
Rhizopus_arrhizus_NRRL_A-12998	Mucoromycota:MAT	scaffold_296	22190-37870	22190-37870	called	called	Plus	Plus	high	high	mat_locus	mat_locus			model	model	317.4	317.4	0.0	368.4	368.4	btbA,glrA,rnhA,sexM,sexP,tptA	btbA,glrA,rnhA,sexM,sexP,tptA		
Rhizopus_arrhizus_NRRL_A-12998	Mucoromycota:MAT	scaffold_231	16773-21391	16773-21391	withheld:modelled_gene_bar	withheld:modelled_gene_bar	undetermined	undetermined							hsp_fragment	hsp_fragment	0.0	0.0	0.0	0.0	0.0	sexM,sexP,tptA	sexM,sexP,tptA		
Rhizopus_arrhizus_NRRL_A-12998	Mucoromycota:MAT	scaffold_129	20272-41771	20272-41771	withheld:modelled_gene_bar	withheld:modelled_gene_bar	undetermined	undetermined							hsp_fragment	hsp_fragment	3.9	3.9	0.0	3.9	3.9	glrA,sexM,sexP	glrA,sexM,sexP		
Rhizopus_arrhizus_NRRL_A-13276	Mucoromycota:MAT	scaffold_578	12060-19193	12060-19193	called	called	Plus	Plus	high	high	mat_locus	mat_locus			model	model	317.4	317.4	0.0	368.4	368.4	glrA,rnhA,sexP	glrA,rnhA,sexP		
Rhizopus_arrhizus_NRRL_A-13276	Mucoromycota:MAT	scaffold_136	13469-18087	13469-18087	withheld:modelled_gene_bar	withheld:modelled_gene_bar	undetermined	undetermined							hsp_fragment	hsp_fragment	0.0	0.0	0.0	0.0	0.0	sexM,sexP,tptA	sexM,sexP,tptA		
Rhizopus_arrhizus_NRRL_A-13276	Mucoromycota:MAT	scaffold_188	20399-41906	20399-41906	withheld:modelled_gene_bar	withheld:modelled_gene_bar	undetermined	undetermined							hsp_fragment	hsp_fragment	3.9	3.9	0.0	3.9	3.9	glrA,sexM,sexP	glrA,sexM,sexP		
Rhizopus_arrhizus_NRRL_A-13276	Mucoromycota:MAT	scaffold_442	22194-29076	22194-29076	withheld:below_fraction_floor	withheld:below_fraction_floor	undetermined	undetermined							hsp_fragment	hsp_fragment	0.0	0.0	0.0	0.0	0.0	btbA,sexM,tptA	btbA,sexM,tptA		
Rhizopus_arrhizus_NRRL_A-13606	Mucoromycota:MAT	scaffold_373	7042-22507	7042-22507	called	called	Plus	Plus	high	high	mat_locus	mat_locus			model	model	315.2	315.2	0.0	365.3	365.3	btbA,glrA,rnhA,sexM,sexP,tptA	btbA,glrA,rnhA,sexM,sexP,tptA		
Rhizopus_arrhizus_NRRL_A-13606	Mucoromycota:MAT	scaffold_46	73210-80434	73210-80434	withheld:modelled_gene_bar	withheld:modelled_gene_bar	undetermined	undetermined							hsp_fragment	hsp_fragment	0.0	0.0	0.0	0.0	0.0	sexM,sexP,tptA	sexM,sexP,tptA		
Rhizopus_arrhizus_NRRL_A-13606	Mucoromycota:MAT	scaffold_51	6395-68431	6395-68431	withheld:below_fraction_floor	withheld:below_fraction_floor	undetermined	undetermined							model	model	18.4	18.4	0.0	78.2	78.2	glrA,sexM	glrA,sexM		
Rhizopus_arrhizus_NRRL_A-13606	Mucoromycota:MAT	scaffold_196	5494-14037	5494-14037	withheld:below_fraction_floor	withheld:below_fraction_floor	undetermined	undetermined							model	model	15.8	15.8	0.0	73.2	73.2	rnhA,sexM	rnhA,sexM		
Rhizopus_arrhizus_NRRL_A-13606	Mucoromycota:MAT	scaffold_199	31140-43359	31140-43359	withheld:below_fraction_floor	withheld:below_fraction_floor	undetermined	undetermined							hsp_fragment	hsp_fragment	0.0	0.0	0.0	0.0	0.0	algA,sexM	algA,sexM		
Rhizopus_arrhizus_NRRL_A-13642	Mucoromycota:MAT	scaffold_548	2395-16946	2395-16946	called	called	Minus	Minus	high	high	mat_locus	mat_locus			model	model	159.6	159.6	0.0	226.7	226.7	btbA,glrA,rnhA,sexM,tptA	btbA,glrA,rnhA,sexM,tptA		
Rhizopus_arrhizus_NRRL_A-13642	Mucoromycota:MAT	scaffold_60	61970-69194	61970-69194	withheld:modelled_gene_bar	withheld:modelled_gene_bar	undetermined	undetermined							hsp_fragment	hsp_fragment	0.0	0.0	0.0	0.0	0.0	sexM,sexP,tptA	sexM,sexP,tptA		
Rhizopus_arrhizus_NRRL_A-13642	Mucoromycota:MAT	scaffold_13	116973-147527	116973-147527	withheld:below_fraction_floor	withheld:below_fraction_floor	undetermined	undetermined							model	model	24.8	24.8	0.0	40.3	40.3	algA,sexM	algA,sexM		
Rhizopus_arrhizus_NRRL_A-13642	Mucoromycota:MAT	scaffold_234	12312-20852	12312-20852	withheld:below_fraction_floor	withheld:below_fraction_floor	undetermined	undetermined							model	model	15.8	15.8	0.0	73.2	73.2	rnhA,sexM	rnhA,sexM		
Rhizopus_arrhizus_NRRL_A-13642	Mucoromycota:MAT	scaffold_187	36255-48562	36255-48562	withheld:below_fraction_floor	withheld:below_fraction_floor	undetermined	undetermined							hsp_fragment	hsp_fragment	0.0	0.0	0.0	0.0	0.0	algA,sexM	algA,sexM		
Rhizopus_arrhizus_NRRL_A-13676	Mucoromycota:MAT	scaffold_472	6525-21857	6525-21857	called	called	Plus	Plus	high	high	mat_locus	mat_locus			model	model	312.9	312.9	0.0	364.5	364.5	btbA,glrA,rnhA,sexM,sexP,tptA	btbA,glrA,rnhA,sexM,sexP,tptA		
Rhizopus_arrhizus_NRRL_A-13676	Mucoromycota:MAT	scaffold_64	30359-77646	30359-77646	withheld:modelled_gene_bar	withheld:modelled_gene_bar	undetermined	undetermined							hsp_fragment	hsp_fragment	8.9	8.9	0.0	39.8	39.8	algA,rnhA,sexP	algA,rnhA,sexP		
Rhizopus_arrhizus_NRRL_A-13676	Mucoromycota:MAT	scaffold_1	161536-219957	161536-219957	withheld:modelled_gene_bar	withheld:modelled_gene_bar	undetermined	undetermined														algA,glrA,rnhA	algA,glrA,rnhA		
Rhizopus_arrhizus_NRRL_A-13676	Mucoromycota:MAT	scaffold_70	46985-54204	46985-54204	withheld:modelled_gene_bar	withheld:modelled_gene_bar	undetermined	undetermined							hsp_fragment	hsp_fragment	0.0	0.0	0.0	0.0	0.0	sexM,sexP,tptA	sexM,sexP,tptA		
Rhizopus_arrhizus_NRRL_A-13676	Mucoromycota:MAT	scaffold_26	34936-97018	34936-97018	withheld:below_fraction_floor	withheld:below_fraction_floor	undetermined	undetermined							model	model	18.4	18.4	0.0	78.2	78.2	glrA,sexM	glrA,sexM		
Rhizopus_arrhizus_NRRL_A-13676	Mucoromycota:MAT	scaffold_7	116943-147707	116943-147707	withheld:below_fraction_floor	withheld:below_fraction_floor	undetermined	undetermined							model	model	24.8	24.8	0.0	40.3	40.3	algA,sexM	algA,sexM		
Rhizopus_arrhizus_NRRL_A-13676	Mucoromycota:MAT	scaffold_158	41721-50346	41721-50346	withheld:below_fraction_floor	withheld:below_fraction_floor	undetermined	undetermined							model	model	15.8	15.8	0.0	73.2	73.2	rnhA,sexM	rnhA,sexM		
Rhizopus_arrhizus_NRRL_A-13678	Mucoromycota:MAT	scaffold_589	1943-16494	1943-16494	called	called	Minus	Minus	high	high	mat_locus	mat_locus			model	model	159.6	159.6	0.0	226.7	226.7	btbA,glrA,rnhA,sexM,tptA	btbA,glrA,rnhA,sexM,tptA		
Rhizopus_arrhizus_NRRL_A-13678	Mucoromycota:MAT	scaffold_44	61442-68666	61442-68666	withheld:modelled_gene_bar	withheld:modelled_gene_bar	undetermined	undetermined							hsp_fragment	hsp_fragment	0.0	0.0	0.0	0.0	0.0	sexM,sexP,tptA	sexM,sexP,tptA		
Rhizopus_arrhizus_NRRL_A-13678	Mucoromycota:MAT	scaffold_31	35009-97068	35009-97068	withheld:below_fraction_floor	withheld:below_fraction_floor	undetermined	undetermined							model	model	18.4	18.4	0.0	78.2	78.2	glrA,sexM	glrA,sexM		
Rhizopus_arrhizus_NRRL_A-13678	Mucoromycota:MAT	scaffold_100	21831-52394	21831-52394	withheld:below_fraction_floor	withheld:below_fraction_floor	undetermined	undetermined							model	model	24.8	24.8	0.0	40.3	40.3	algA,sexM	algA,sexM		
Rhizopus_arrhizus_NRRL_A-13678	Mucoromycota:MAT	scaffold_197	1269-9818	1269-9818	withheld:below_fraction_floor	withheld:below_fraction_floor	undetermined	undetermined							model	model	15.8	15.8	0.0	73.2	73.2	rnhA,sexM	rnhA,sexM		
Rhizopus_arrhizus_NRRL_A-13738	Mucoromycota:MAT	scaffold_248	10977-26439	10977-26439	called	called	Plus	Plus	high	high	mat_locus	mat_locus			model	model	315.2	315.2	0.0	365.3	365.3	btbA,glrA,rnhA,sexM,sexP,tptA	btbA,glrA,rnhA,sexM,sexP,tptA		
Rhizopus_arrhizus_NRRL_A-13738	Mucoromycota:MAT	scaffold_64	61692-68916	61692-68916	withheld:modelled_gene_bar	withheld:modelled_gene_bar	undetermined	undetermined							hsp_fragment	hsp_fragment	0.0	0.0	0.0	0.0	0.0	sexM,sexP,tptA	sexM,sexP,tptA		
Rhizopus_arrhizus_NRRL_A-13738	Mucoromycota:MAT	scaffold_51	14754-76795	14754-76795	withheld:below_fraction_floor	withheld:below_fraction_floor	undetermined	undetermined							model	model	18.4	18.4	0.0	78.2	78.2	glrA,sexM	glrA,sexM		
Rhizopus_arrhizus_NRRL_A-13738	Mucoromycota:MAT	scaffold_7	20076-50638	20076-50638	withheld:below_fraction_floor	withheld:below_fraction_floor	undetermined	undetermined							model	model	24.8	24.8	0.0	40.3	40.3	algA,sexM	algA,sexM		
Rhizopus_arrhizus_NRRL_A-13738	Mucoromycota:MAT	scaffold_515	7336-15888	7336-15888	withheld:below_fraction_floor	withheld:below_fraction_floor	undetermined	undetermined							model	model	15.8	15.8	0.0	73.2	73.2	rnhA,sexM	rnhA,sexM		
Rhizopus_arrhizus_NRRL_A-13850	Mucoromycota:MAT	scaffold_180	26089-41551	26089-41551	called	called	Plus	Plus	high	high	mat_locus	mat_locus			model	model	315.2	315.2	0.0	365.3	365.3	btbA,glrA,rnhA,sexM,sexP,tptA	btbA,glrA,rnhA,sexM,sexP,tptA		
Rhizopus_arrhizus_NRRL_A-13850	Mucoromycota:MAT	scaffold_13	20762-82816	20762-82816	withheld:below_fraction_floor	withheld:below_fraction_floor	undetermined	undetermined							model	model	18.4	18.4	0.0	78.2	78.2	glrA,sexM	glrA,sexM		
Rhizopus_arrhizus_NRRL_A-13850	Mucoromycota:MAT	scaffold_71	20069-50621	20069-50621	withheld:below_fraction_floor	withheld:below_fraction_floor	undetermined	undetermined							model	model	24.8	24.8	0.0	40.3	40.3	algA,sexM	algA,sexM		
Rhizopus_arrhizus_NRRL_A-13850	Mucoromycota:MAT	scaffold_667	954-9506	954-9506	withheld:below_fraction_floor	withheld:below_fraction_floor	undetermined	undetermined							model	model	15.8	15.8	0.0	73.2	73.2	rnhA,sexM	rnhA,sexM		
Rhizopus_arrhizus_NRRL_A-13850	Mucoromycota:MAT	scaffold_353	10709-25857	10709-25857	withheld:below_fraction_floor	withheld:below_fraction_floor	undetermined	undetermined							model	model	24.7	24.7	0.0	40.4	40.4	rnhA,sexM	rnhA,sexM		
Rhizopus_arrhizus_NRRL_A-13860	Mucoromycota:MAT	scaffold_488	7866-22416	7866-22416	called	called	Minus	Minus	high	high	mat_locus	mat_locus			model	model	166.2	166.2	0.0	235.0	235.0	btbA,glrA,rnhA,sexM,tptA	btbA,glrA,rnhA,sexM,tptA		
Rhizopus_arrhizus_NRRL_A-13860	Mucoromycota:MAT	scaffold_164	38566-43184	38566-43184	withheld:modelled_gene_bar	withheld:modelled_gene_bar	undetermined	undetermined							hsp_fragment	hsp_fragment	0.0	0.0	0.0	0.0	0.0	sexM,sexP,tptA	sexM,sexP,tptA		
Rhizopus_arrhizus_NRRL_A-15308	Mucoromycota:MAT	scaffold_667	1946-16453	1946-16453	called	called	Minus	Minus	high	high	mat_locus	mat_locus			model	model	166.2	166.2	0.0	235.0	235.0	btbA,glrA,rnhA,sexM,tptA	btbA,glrA,rnhA,sexM,tptA		
Rhizopus_arrhizus_NRRL_A-15308	Mucoromycota:MAT	scaffold_88	17055-25714	17055-25714	withheld:modelled_gene_bar	withheld:modelled_gene_bar	undetermined	undetermined							hsp_fragment	hsp_fragment	0.0	0.0	0.0	0.0	0.0	sexM,sexP,tptA	sexM,sexP,tptA		
Rhizopus_arrhizus_NRRL_A-15308	Mucoromycota:MAT	scaffold_560	8673-9055	8673-9055	withheld:below_fraction_floor	withheld:below_fraction_floor	undetermined	undetermined							model	model	17.3	17.3	0.0	73.1	73.1	sexM,sexP	sexM,sexP		
Rhizopus_arrhizus_NRRL_A-16824	Mucoromycota:MAT	scaffold_333	1979-15266	1979-15266	called	called	Minus	Minus	high	high	mat_locus	mat_locus			model	model	166.2	166.2	0.0	235.0	235.0	btbA,glrA,rnhA,sexM,tptA	btbA,glrA,rnhA,sexM,tptA		
Rhizopus_arrhizus_NRRL_A-16824	Mucoromycota:MAT	scaffold_232	19426-24041	19426-24041	withheld:modelled_gene_bar	withheld:modelled_gene_bar	undetermined	undetermined							hsp_fragment	hsp_fragment	0.0	0.0	0.0	0.0	0.0	sexM,sexP,tptA	sexM,sexP,tptA		
Rhizopus_arrhizus_NRRL_A-16824	Mucoromycota:MAT	scaffold_133	23494-45017	23494-45017	withheld:modelled_gene_bar	withheld:modelled_gene_bar	undetermined	undetermined							hsp_fragment	hsp_fragment	3.9	3.9	0.0	3.9	3.9	glrA,sexM,sexP	glrA,sexM,sexP		
Rhizopus_arrhizus_NRRL_A-16826	Mucoromycota:MAT	scaffold_329	19329-33900	19329-33900	called	called	Minus	Minus	high	high	mat_locus	mat_locus			model	model	166.2	166.2	0.0	235.0	235.0	btbA,glrA,rnhA,sexM,tptA	btbA,glrA,rnhA,sexM,tptA		
Rhizopus_arrhizus_NRRL_A-16826	Mucoromycota:MAT	scaffold_242	16765-21377	16765-21377	withheld:modelled_gene_bar	withheld:modelled_gene_bar	undetermined	undetermined							hsp_fragment	hsp_fragment	0.0	0.0	0.0	0.0	0.0	sexM,sexP,tptA	sexM,sexP,tptA		
Rhizopus_arrhizus_NRRL_A-16826	Mucoromycota:MAT	scaffold_144	20284-41774	20284-41774	withheld:modelled_gene_bar	withheld:modelled_gene_bar	undetermined	undetermined							hsp_fragment	hsp_fragment	3.9	3.9	0.0	3.9	3.9	glrA,sexM,sexP	glrA,sexM,sexP		
Rhizopus_arrhizus_NRRL_A-16827	Mucoromycota:MAT	scaffold_395	9369-25115	9369-25115	called	called	Plus	Plus	high	high	mat_locus	mat_locus			model	model	317.4	317.4	0.0	368.4	368.4	btbA,glrA,rnhA,sexM,sexP,tptA	btbA,glrA,rnhA,sexM,sexP,tptA		
Rhizopus_arrhizus_NRRL_A-16827	Mucoromycota:MAT	scaffold_230	16980-21592	16980-21592	withheld:modelled_gene_bar	withheld:modelled_gene_bar	undetermined	undetermined							hsp_fragment	hsp_fragment	0.0	0.0	0.0	0.0	0.0	sexM,sexP,tptA	sexM,sexP,tptA		
Rhizopus_arrhizus_NRRL_A-16827	Mucoromycota:MAT	scaffold_205	19820-41311	19820-41311	withheld:modelled_gene_bar	withheld:modelled_gene_bar	undetermined	undetermined							hsp_fragment	hsp_fragment	3.9	3.9	0.0	3.9	3.9	glrA,sexM,sexP	glrA,sexM,sexP		
Rhizopus_arrhizus_NRRL_A-17011	Mucoromycota:MAT	scaffold_107	18871-61719	18871-61719	called	called	Plus	Plus	high	high	mat_locus	mat_locus			model	model	276.3	276.3	0.0	342.6	342.6	glrA,rnhA,sexM,sexP	glrA,rnhA,sexM,sexP		
Rhizopus_arrhizus_NRRL_A-17011	Mucoromycota:MAT	scaffold_9	126379-158675	126379-158675	withheld:modelled_gene_bar	withheld:modelled_gene_bar	undetermined	undetermined							hsp_fragment	hsp_fragment	8.9	8.9	0.0	54.5	54.5	rnhA,sexM,sexP	rnhA,sexM,sexP		
Rhizopus_arrhizus_NRRL_A-17011	Mucoromycota:MAT	scaffold_27	26211-68166	26211-68166	withheld:below_fraction_floor	withheld:below_fraction_floor	undetermined	undetermined							hsp_fragment	hsp_fragment	0.0	0.0	0.0	0.0	0.0	algA,sexM	algA,sexM		
Rhizopus_arrhizus_NRRL_A-17011	Mucoromycota:MAT	scaffold_47	22183-51793	22183-51793	withheld:below_fraction_floor	withheld:below_fraction_floor	undetermined	undetermined							hsp_fragment	hsp_fragment	0.2	0.2	0.0	0.2	0.2	sexP,tptA	sexP,tptA		
Rhizopus_arrhizus_NRRL_A-17371	Mucoromycota:MAT	scaffold_398	1945-16496	1945-16496	called	called	Minus	Minus	high	high	mat_locus	mat_locus			model	model	159.6	159.6	0.0	226.7	226.7	btbA,glrA,rnhA,sexM,tptA	btbA,glrA,rnhA,sexM,tptA		
Rhizopus_arrhizus_NRRL_A-17371	Mucoromycota:MAT	scaffold_52	30232-37456	30232-37456	withheld:modelled_gene_bar	withheld:modelled_gene_bar	undetermined	undetermined							hsp_fragment	hsp_fragment	0.0	0.0	0.0	0.0	0.0	sexM,sexP,tptA	sexM,sexP,tptA		
Rhizopus_arrhizus_NRRL_A-17371	Mucoromycota:MAT	scaffold_21	36306-98483	36306-98483	withheld:below_fraction_floor	withheld:below_fraction_floor	undetermined	undetermined							model	model	18.4	18.4	0.0	78.2	78.2	glrA,sexM	glrA,sexM		
Rhizopus_arrhizus_NRRL_A-17371	Mucoromycota:MAT	scaffold_530	7336-15880	7336-15880	withheld:below_fraction_floor	withheld:below_fraction_floor	undetermined	undetermined							model	model	16.1	16.1	0.0	71.3	71.3	rnhA,sexM	rnhA,sexM		
Rhizopus_arrhizus_NRRL_A-17371	Mucoromycota:MAT	scaffold_286	18918-31201	18918-31201	withheld:below_fraction_floor	withheld:below_fraction_floor	undetermined	undetermined							hsp_fragment	hsp_fragment	0.0	0.0	0.0	0.0	0.0	algA,sexM	algA,sexM		
Rhizopus_arrhizus_NRRL_A-20824	Mucoromycota:MAT	scaffold_545	4565-19818	4565-19818	called	called	Plus	Plus	high	high	mat_locus	mat_locus			model	model	318.2	318.2	0.0	370.1	370.1	btbA,glrA,rnhA,sexM,sexP,tptA	btbA,glrA,rnhA,sexM,sexP,tptA		
Rhizopus_arrhizus_NRRL_A-20824	Mucoromycota:MAT	scaffold_178	23751-32523	23751-32523	withheld:modelled_gene_bar	withheld:modelled_gene_bar	undetermined	undetermined							hsp_fragment	hsp_fragment	0.0	0.0	0.0	0.0	0.0	sexM,sexP,tptA	sexM,sexP,tptA		
Rhizopus_arrhizus_NRRL_A-20824	Mucoromycota:MAT	scaffold_153	6217-6599	6217-6599	withheld:below_fraction_floor	withheld:below_fraction_floor	undetermined	undetermined							model	model	14.9	14.9	0.0	73.7	73.7	sexM	sexM		
Rhizopus_arrhizus_NRRL_A-21477	Mucoromycota:MAT	scaffold_491	7042-22504	7042-22504	called	called	Plus	Plus	high	high	mat_locus	mat_locus			model	model	315.2	315.2	0.0	365.3	365.3	btbA,glrA,rnhA,sexM,sexP,tptA	btbA,glrA,rnhA,sexM,sexP,tptA		
Rhizopus_arrhizus_NRRL_A-21477	Mucoromycota:MAT	scaffold_42	61917-69141	61917-69141	withheld:modelled_gene_bar	withheld:modelled_gene_bar	undetermined	undetermined							hsp_fragment	hsp_fragment	0.0	0.0	0.0	0.0	0.0	sexM,sexP,tptA	sexM,sexP,tptA		
Rhizopus_arrhizus_NRRL_A-21477	Mucoromycota:MAT	scaffold_1	131181-193222	131181-193222	withheld:below_fraction_floor	withheld:below_fraction_floor	undetermined	undetermined							model	model	18.4	18.4	0.0	78.2	78.2	glrA,sexM	glrA,sexM		
Rhizopus_arrhizus_NRRL_A-21477	Mucoromycota:MAT	scaffold_27	63733-94302	63733-94302	withheld:below_fraction_floor	withheld:below_fraction_floor	undetermined	undetermined							model	model	24.8	24.8	0.0	40.3	40.3	algA,sexM	algA,sexM		
Rhizopus_arrhizus_NRRL_A-21477	Mucoromycota:MAT	scaffold_542	7279-15884	7279-15884	withheld:below_fraction_floor	withheld:below_fraction_floor	undetermined	undetermined							model	model	15.8	15.8	0.0	73.2	73.2	rnhA,sexM	rnhA,sexM		
Rhizopus_arrhizus_NRRL_A-21578	Mucoromycota:MAT	scaffold_542	5549-20824	5549-20824	called	called	Plus	Plus	high	high	mat_locus	mat_locus			model	model	315.4	315.4	0.0	370.4	370.4	btbA,glrA,rnhA,sexM,sexP,tptA	btbA,glrA,rnhA,sexM,sexP,tptA		
Rhizopus_arrhizus_NRRL_A-21578	Mucoromycota:MAT	scaffold_238	17025-21642	17025-21642	withheld:modelled_gene_bar	withheld:modelled_gene_bar	undetermined	undetermined							hsp_fragment	hsp_fragment	0.0	0.0	0.0	0.0	0.0	sexM,sexP,tptA	sexM,sexP,tptA		
Rhizopus_arrhizus_NRRL_A-21579	Mucoromycota:MAT	scaffold_382	3702-18239	3702-18239	called	called	Minus	Minus	high	high	mat_locus	mat_locus			model	model	145.7	145.7	0.0	211.2	211.2	btbA,glrA,rnhA,sexM,tptA	btbA,glrA,rnhA,sexM,tptA		
Rhizopus_arrhizus_NRRL_A-21579	Mucoromycota:MAT	scaffold_12	77020-190054	77020-190054	withheld:modelled_gene_bar	withheld:modelled_gene_bar	undetermined	undetermined							hsp_fragment	hsp_fragment	9.5	9.5	0.0	9.5	9.5	btbA,glrA,sexM,tptA	btbA,glrA,sexM,tptA		
Rhizopus_arrhizus_NRRL_A-21579	Mucoromycota:MAT	scaffold_165	277-43518	277-43518	withheld:below_fraction_floor	withheld:below_fraction_floor	Minus	Minus							model	model	30.2	30.2	0.0	45.5	45.5	glrA,sexM	glrA,sexM		
Rhizopus_arrhizus_NRRL_A-21704	Mucoromycota:MAT	scaffold_441	10136-25418	10136-25418	called	called	Plus	Plus	high	high	mat_locus	mat_locus			model	model	316.8	316.8	0.0	368.7	368.7	btbA,glrA,rnhA,sexM,sexP,tptA	btbA,glrA,rnhA,sexM,sexP,tptA		
Rhizopus_arrhizus_NRRL_A-21704	Mucoromycota:MAT	scaffold_137	6329-58906	6329-58906	withheld:modelled_gene_bar	withheld:modelled_gene_bar	undetermined	undetermined							hsp_fragment	hsp_fragment	0.0	0.0	0.0	0.0	0.0	sexM,sexP,tptA	sexM,sexP,tptA		
Rhizopus_arrhizus_NRRL_A-21704	Mucoromycota:MAT	scaffold_227	15985-24758	15985-24758	withheld:modelled_gene_bar	withheld:modelled_gene_bar	undetermined	undetermined							hsp_fragment	hsp_fragment	0.0	0.0	0.0	0.0	0.0	sexM,sexP,tptA	sexM,sexP,tptA		
Rhizopus_arrhizus_NRRL_A-21704	Mucoromycota:MAT	scaffold_23	56318-112665	56318-112665	withheld:paralog_class	withheld:paralog_class	undetermined	undetermined							model	model	19.2	19.2	0.0	79.0	79.0	sexM,sexP,tptA	sexM,sexP,tptA		
Rhizopus_arrhizus_NRRL_A-23526	Mucoromycota:MAT	scaffold_584	1-14494	1-14494	called	called	Plus	Plus	high	high	mat_locus	mat_locus			model	model	314.2	314.2	0.0	369.1	369.1	btbA,glrA,rnhA,sexM,sexP,tptA	btbA,glrA,rnhA,sexM,sexP,tptA		
Rhizopus_arrhizus_NRRL_A-23526	Mucoromycota:MAT	scaffold_53	8225-12843	8225-12843	withheld:modelled_gene_bar	withheld:modelled_gene_bar	undetermined	undetermined							hsp_fragment	hsp_fragment	0.0	0.0	0.0	0.0	0.0	sexM,sexP,tptA	sexM,sexP,tptA		
Rhizopus_arrhizus_NRRL_A-23527	Mucoromycota:MAT	scaffold_290	22196-37449	22196-37449	called	called	Plus	Plus	high	high	mat_locus	mat_locus			model	model	314.2	314.2	0.0	369.1	369.1	btbA,glrA,rnhA,sexM,sexP,tptA	btbA,glrA,rnhA,sexM,sexP,tptA		
Rhizopus_arrhizus_NRRL_A-23527	Mucoromycota:MAT	scaffold_227	14823-19441	14823-19441	withheld:modelled_gene_bar	withheld:modelled_gene_bar	undetermined	undetermined							hsp_fragment	hsp_fragment	0.0	0.0	0.0	0.0	0.0	sexM,sexP,tptA	sexM,sexP,tptA		
Rhizopus_arrhizus_NRRL_A-23527	Mucoromycota:MAT	scaffold_123	19006-40474	19006-40474	withheld:modelled_gene_bar	withheld:modelled_gene_bar	undetermined	undetermined							hsp_fragment	hsp_fragment	3.9	3.9	0.0	3.9	3.9	glrA,sexM,sexP	glrA,sexM,sexP		
Rhizopus_arrhizus_NRRL_A-25359	Mucoromycota:MAT	scaffold_476	1856-16410	1856-16410	called	called	Minus	Minus	high	high	mat_locus	mat_locus			model	model	159.9	159.9	0.0	226.8	226.8	btbA,glrA,rnhA,sexM,tptA	btbA,glrA,rnhA,sexM,tptA		
Rhizopus_arrhizus_NRRL_A-25359	Mucoromycota:MAT	scaffold_78	4542-51786	4542-51786	withheld:modelled_gene_bar	withheld:modelled_gene_bar	undetermined	undetermined							hsp_fragment	hsp_fragment	8.9	8.9	0.0	39.8	39.8	algA,rnhA,sexP	algA,rnhA,sexP		
Rhizopus_arrhizus_NRRL_A-25359	Mucoromycota:MAT	scaffold_71	34106-41325	34106-41325	withheld:modelled_gene_bar	withheld:modelled_gene_bar	undetermined	undetermined							hsp_fragment	hsp_fragment	0.0	0.0	0.0	0.0	0.0	sexM,sexP,tptA	sexM,sexP,tptA		
Rhizopus_arrhizus_NRRL_A-25359	Mucoromycota:MAT	scaffold_97	31800-62566	31800-62566	withheld:below_fraction_floor	withheld:below_fraction_floor	undetermined	undetermined							model	model	24.8	24.8	0.0	40.3	40.3	algA,sexM	algA,sexM		
Rhizopus_arrhizus_NRRL_A-25359	Mucoromycota:MAT	scaffold_99	24695-33228	24695-33228	withheld:below_fraction_floor	withheld:below_fraction_floor	undetermined	undetermined							model	model	15.8	15.8	0.0	73.2	73.2	rnhA,sexM	rnhA,sexM		
Rhizopus_arrhizus_NRRL_A-25359	Mucoromycota:MAT	scaffold_100	45587-60758	45587-60758	withheld:below_fraction_floor	withheld:below_fraction_floor	undetermined	undetermined							model	model	24.7	24.7	0.0	40.4	40.4	rnhA,sexM	rnhA,sexM		
Rhizopus_arrhizus_NRRL_A-26112	Mucoromycota:MAT	scaffold_593	2384-17023	2384-17023	called	called	Minus	Minus	high	high	mat_locus	mat_locus			model	model	166.2	166.2	0.0	235.0	235.0	btbA,glrA,rnhA,sexM,tptA	btbA,glrA,rnhA,sexM,tptA		
Rhizopus_arrhizus_NRRL_A-26112	Mucoromycota:MAT	scaffold_297	16802-21419	16802-21419	withheld:modelled_gene_bar	withheld:modelled_gene_bar	undetermined	undetermined							hsp_fragment	hsp_fragment	0.0	0.0	0.0	0.0	0.0	sexM,sexP,tptA	sexM,sexP,tptA		
Rhizopus_arrhizus_NRRL_A-26112	Mucoromycota:MAT	scaffold_176	13836-35440	13836-35440	withheld:modelled_gene_bar	withheld:modelled_gene_bar	undetermined	undetermined							hsp_fragment	hsp_fragment	3.9	3.9	0.0	3.9	3.9	glrA,sexM,sexP	glrA,sexM,sexP		
Rhizopus_arrhizus_NRRL_A-26116	Mucoromycota:MAT	scaffold_457	3091-18423	3091-18423	called	called	Plus	Plus	high	high	mat_locus	mat_locus			model	model	312.9	312.9	0.0	364.5	364.5	btbA,glrA,rnhA,sexM,sexP,tptA	btbA,glrA,rnhA,sexM,sexP,tptA		
Rhizopus_arrhizus_NRRL_A-26116	Mucoromycota:MAT	scaffold_94	4542-51797	4542-51797	withheld:modelled_gene_bar	withheld:modelled_gene_bar	undetermined	undetermined							hsp_fragment	hsp_fragment	8.9	8.9	0.0	39.8	39.8	algA,rnhA,sexP	algA,rnhA,sexP		
Rhizopus_arrhizus_NRRL_A-26116	Mucoromycota:MAT	scaffold_34	12108-70510	12108-70510	withheld:modelled_gene_bar	withheld:modelled_gene_bar	undetermined	undetermined														algA,glrA,rnhA	algA,glrA,rnhA		
Rhizopus_arrhizus_NRRL_A-26116	Mucoromycota:MAT	scaffold_24	49666-56885	49666-56885	withheld:modelled_gene_bar	withheld:modelled_gene_bar	undetermined	undetermined							hsp_fragment	hsp_fragment	0.0	0.0	0.0	0.0	0.0	sexM,sexP,tptA	sexM,sexP,tptA		
Rhizopus_arrhizus_NRRL_A-26116	Mucoromycota:MAT	scaffold_7	38609-100729	38609-100729	withheld:below_fraction_floor	withheld:below_fraction_floor	undetermined	undetermined							model	model	18.4	18.4	0.0	78.2	78.2	glrA,sexM	glrA,sexM		
Rhizopus_arrhizus_NRRL_A-26501	Mucoromycota:MAT	scaffold_537	1871-17111	1871-17111	called	called	Plus	Plus	high	high	mat_locus	mat_locus			model	model	315.0	315.0	0.0	370.0	370.0	btbA,glrA,rnhA,sexM,sexP,tptA	btbA,glrA,rnhA,sexM,sexP,tptA		
Rhizopus_arrhizus_NRRL_A-26501	Mucoromycota:MAT	scaffold_183	26693-31310	26693-31310	withheld:modelled_gene_bar	withheld:modelled_gene_bar	undetermined	undetermined							hsp_fragment	hsp_fragment	0.0	0.0	0.0	0.0	0.0	sexM,sexP,tptA	sexM,sexP,tptA		
Rhizopus_arrhizus_XY00429	Mucoromycota:MAT	scaffold_593	1943-16494	1943-16494	called	called	Minus	Minus	high	high	mat_locus	mat_locus			model	model	159.6	159.6	0.0	226.7	226.7	btbA,glrA,rnhA,sexM,tptA	btbA,glrA,rnhA,sexM,tptA		
Rhizopus_arrhizus_XY00429	Mucoromycota:MAT	scaffold_45	30193-37417	30193-37417	withheld:modelled_gene_bar	withheld:modelled_gene_bar	undetermined	undetermined							hsp_fragment	hsp_fragment	0.0	0.0	0.0	0.0	0.0	sexM,sexP,tptA	sexM,sexP,tptA		
Rhizopus_arrhizus_XY00429	Mucoromycota:MAT	scaffold_14	41068-103097	41068-103097	withheld:below_fraction_floor	withheld:below_fraction_floor	undetermined	undetermined							model	model	18.4	18.4	0.0	78.2	78.2	glrA,sexM	glrA,sexM		
Rhizopus_arrhizus_XY00429	Mucoromycota:MAT	scaffold_626	865-9427	865-9427	withheld:below_fraction_floor	withheld:below_fraction_floor	undetermined	undetermined							model	model	16.1	16.1	0.0	71.3	71.3	rnhA,sexM	rnhA,sexM		
Rhizopus_arrhizus_XY00429	Mucoromycota:MAT	scaffold_220	1413-13639	1413-13639	withheld:below_fraction_floor	withheld:below_fraction_floor	undetermined	undetermined							hsp_fragment	hsp_fragment	0.0	0.0	0.0	0.0	0.0	algA,sexM	algA,sexM		
Rhizopus_arrhizus_XY00507	Mucoromycota:MAT	scaffold_534	5203-20416	5203-20416	called	called	Plus	Plus	high	high	mat_locus	mat_locus			model	model	315.4	315.4	0.0	370.4	370.4	btbA,glrA,rnhA,sexM,sexP,tptA	btbA,glrA,rnhA,sexM,sexP,tptA		
Rhizopus_arrhizus_XY00507	Mucoromycota:MAT	scaffold_246	16782-21402	16782-21402	withheld:modelled_gene_bar	withheld:modelled_gene_bar	undetermined	undetermined							hsp_fragment	hsp_fragment	0.0	0.0	0.0	0.0	0.0	sexM,sexP,tptA	sexM,sexP,tptA		
Rhizopus_arrhizus_XY00507	Mucoromycota:MAT	scaffold_93	24795-46322	24795-46322	withheld:modelled_gene_bar	withheld:modelled_gene_bar	undetermined	undetermined							hsp_fragment	hsp_fragment	3.9	3.9	0.0	3.9	3.9	glrA,sexM,sexP	glrA,sexM,sexP		
Rhizopus_arrhizus_XY01745	Mucoromycota:MAT	scaffold_298	1936-16487	1936-16487	called	called	Minus	Minus	high	high	mat_locus	mat_locus			model	model	159.6	159.6	0.0	226.7	226.7	btbA,glrA,rnhA,sexM,tptA	btbA,glrA,rnhA,sexM,tptA		
Rhizopus_arrhizus_XY01745	Mucoromycota:MAT	scaffold_18	61362-68586	61362-68586	withheld:modelled_gene_bar	withheld:modelled_gene_bar	undetermined	undetermined							hsp_fragment	hsp_fragment	0.0	0.0	0.0	0.0	0.0	sexM,sexP,tptA	sexM,sexP,tptA		
Rhizopus_arrhizus_XY01745	Mucoromycota:MAT	scaffold_1	110379-172425	110379-172425	withheld:below_fraction_floor	withheld:below_fraction_floor	undetermined	undetermined							model	model	18.4	18.4	0.0	78.2	78.2	glrA,sexM	glrA,sexM		
Rhizopus_arrhizus_XY01745	Mucoromycota:MAT	scaffold_646	7839-16422	7839-16422	withheld:below_fraction_floor	withheld:below_fraction_floor	undetermined	undetermined							model	model	15.8	15.8	0.0	73.2	73.2	rnhA,sexM	rnhA,sexM		
Rhizopus_arrhizus_XY01745	Mucoromycota:MAT	scaffold_176	36156-48372	36156-48372	withheld:below_fraction_floor	withheld:below_fraction_floor	undetermined	undetermined							hsp_fragment	hsp_fragment	0.0	0.0	0.0	0.0	0.0	algA,sexM	algA,sexM		
Rhizopus_arrhizus_XY01865	Mucoromycota:MAT	scaffold_386	9107-24438	9107-24438	called	called	Plus	Plus	high	high	mat_locus	mat_locus			model	model	312.9	312.9	0.0	364.5	364.5	btbA,glrA,rnhA,sexM,sexP,tptA	btbA,glrA,rnhA,sexM,sexP,tptA		
Rhizopus_arrhizus_XY01865	Mucoromycota:MAT	scaffold_48	30273-37492	30273-37492	withheld:modelled_gene_bar	withheld:modelled_gene_bar	undetermined	undetermined							hsp_fragment	hsp_fragment	0.0	0.0	0.0	0.0	0.0	sexM,sexP,tptA	sexM,sexP,tptA		
Rhizopus_arrhizus_XY01865	Mucoromycota:MAT	scaffold_7	63287-125390	63287-125390	withheld:below_fraction_floor	withheld:below_fraction_floor	undetermined	undetermined							model	model	18.4	18.4	0.0	78.2	78.2	glrA,sexM	glrA,sexM		
Rhizopus_arrhizus_XY01865	Mucoromycota:MAT	scaffold_54	19765-50525	19765-50525	withheld:below_fraction_floor	withheld:below_fraction_floor	undetermined	undetermined							model	model	24.8	24.8	0.0	40.3	40.3	algA,sexM	algA,sexM		
Rhizopus_arrhizus_XY01865	Mucoromycota:MAT	scaffold_81	12737-27892	12737-27892	withheld:below_fraction_floor	withheld:below_fraction_floor	undetermined	undetermined							model	model	24.7	24.7	0.0	40.4	40.4	rnhA,sexM	rnhA,sexM		
Rhizopus_arrhizus_XY01909	Mucoromycota:MAT	scaffold_148	21012-36474	21012-36474	called	called	Plus	Plus	high	high	mat_locus	mat_locus			model	model	315.2	315.2	0.0	365.3	365.3	btbA,glrA,rnhA,sexM,sexP,tptA	btbA,glrA,rnhA,sexM,sexP,tptA		
Rhizopus_arrhizus_XY01909	Mucoromycota:MAT	scaffold_112	129-7353	129-7353	withheld:modelled_gene_bar	withheld:modelled_gene_bar	undetermined	undetermined							hsp_fragment	hsp_fragment	0.0	0.0	0.0	0.0	0.0	sexM,sexP,tptA	sexM,sexP,tptA		
Rhizopus_arrhizus_XY01909	Mucoromycota:MAT	scaffold_44	6361-68423	6361-68423	withheld:below_fraction_floor	withheld:below_fraction_floor	undetermined	undetermined							model	model	18.4	18.4	0.0	78.2	78.2	glrA,sexM	glrA,sexM		
Rhizopus_arrhizus_XY01909	Mucoromycota:MAT	scaffold_257	5718-14257	5718-14257	withheld:below_fraction_floor	withheld:below_fraction_floor	undetermined	undetermined							model	model	15.8	15.8	0.0	73.2	73.2	rnhA,sexM	rnhA,sexM		
Rhizopus_arrhizus_XY01909	Mucoromycota:MAT	scaffold_152	11923-24168	11923-24168	withheld:below_fraction_floor	withheld:below_fraction_floor	undetermined	undetermined							hsp_fragment	hsp_fragment	0.0	0.0	0.0	0.0	0.0	algA,sexM	algA,sexM		
Rhizopus_arrhizus_XY01921	Mucoromycota:MAT	scaffold_598	2364-16922	2364-16922	called	called	Minus	Minus	high	high	mat_locus	mat_locus			model	model	166.2	166.2	0.0	235.0	235.0	btbA,glrA,rnhA,sexM,tptA	btbA,glrA,rnhA,sexM,tptA		
Rhizopus_arrhizus_XY01921	Mucoromycota:MAT	scaffold_154	38646-43265	38646-43265	withheld:modelled_gene_bar	withheld:modelled_gene_bar	undetermined	undetermined							hsp_fragment	hsp_fragment	0.0	0.0	0.0	0.0	0.0	sexM,sexP,tptA	sexM,sexP,tptA		
Rhizopus_arrhizus_XY01921	Mucoromycota:MAT	scaffold_273	776-30468	776-30468	withheld:below_fraction_floor	withheld:below_fraction_floor	undetermined	undetermined							hsp_fragment	hsp_fragment	6.2	6.2	0.0	6.2	6.2	glrA,sexP	glrA,sexP		
Rhizopus_arrhizus_XY02848	Mucoromycota:MAT	scaffold_305	3096-18427	3096-18427	called	called	Plus	Plus	high	high	mat_locus	mat_locus			model	model	312.9	312.9	0.0	364.5	364.5	btbA,glrA,rnhA,sexM,sexP,tptA	btbA,glrA,rnhA,sexM,sexP,tptA		
Rhizopus_arrhizus_XY02848	Mucoromycota:MAT	scaffold_61	28416-35635	28416-35635	withheld:modelled_gene_bar	withheld:modelled_gene_bar	undetermined	undetermined							hsp_fragment	hsp_fragment	0.0	0.0	0.0	0.0	0.0	sexM,sexP,tptA	sexM,sexP,tptA		
Rhizopus_arrhizus_XY02848	Mucoromycota:MAT	scaffold_113	4131-34989	4131-34989	withheld:below_fraction_floor	withheld:below_fraction_floor	undetermined	undetermined							model	model	24.8	24.8	0.0	40.3	40.3	algA,sexM	algA,sexM		
Rhizopus_arrhizus_XY02848	Mucoromycota:MAT	scaffold_205	10314-18873	10314-18873	withheld:below_fraction_floor	withheld:below_fraction_floor	undetermined	undetermined							model	model	15.8	15.8	0.0	73.2	73.2	rnhA,sexM	rnhA,sexM		
Rhizopus_arrhizus_XY02848	Mucoromycota:MAT	scaffold_302	10433-25588	10433-25588	withheld:below_fraction_floor	withheld:below_fraction_floor	undetermined	undetermined							model	model	24.7	24.7	0.0	40.4	40.4	rnhA,sexM	rnhA,sexM		
Rhizopus_arrhizus_var._arrhizus_NRRL_66674	Mucoromycota:MAT	scaffold_414	13857-28421	13857-28421	called	called	Minus	Minus	high	high	mat_locus	mat_locus			model	model	166.2	166.2	0.0	235.0	235.0	btbA,glrA,rnhA,sexM,tptA	btbA,glrA,rnhA,sexM,tptA		
Rhizopus_arrhizus_var._arrhizus_NRRL_66674	Mucoromycota:MAT	scaffold_105	17055-25714	17055-25714	withheld:modelled_gene_bar	withheld:modelled_gene_bar	undetermined	undetermined							hsp_fragment	hsp_fragment	0.0	0.0	0.0	0.0	0.0	sexM,sexP,tptA	sexM,sexP,tptA		
Rhizopus_arrhizus_var._delemar_NRRL_5129	Mucoromycota:MAT	scaffold_573	2615-17166	2615-17166	called	called	Minus	Minus	high	high	mat_locus	mat_locus			model	model	159.6	159.6	0.0	226.7	226.7	btbA,glrA,rnhA,sexM,tptA	btbA,glrA,rnhA,sexM,tptA		
Rhizopus_arrhizus_var._delemar_NRRL_5129	Mucoromycota:MAT	scaffold_55	30216-37440	30216-37440	withheld:modelled_gene_bar	withheld:modelled_gene_bar	undetermined	undetermined							hsp_fragment	hsp_fragment	0.0	0.0	0.0	0.0	0.0	sexM,sexP,tptA	sexM,sexP,tptA		
Rhizopus_arrhizus_var._delemar_NRRL_5129	Mucoromycota:MAT	scaffold_66	25695-82278	25695-82278	withheld:modelled_gene_bar	withheld:modelled_gene_bar	undetermined	undetermined							hsp_fragment	hsp_fragment	0.0	0.0	0.0	0.0	0.0	algA,glrA,sexM	algA,glrA,sexM		
Rhizopus_arrhizus_var._delemar_NRRL_5129	Mucoromycota:MAT	scaffold_46	5085-67148	5085-67148	withheld:below_fraction_floor	withheld:below_fraction_floor	undetermined	undetermined							model	model	18.4	18.4	0.0	78.2	78.2	glrA,sexM	glrA,sexM		
Rhizopus_arrhizus_var._delemar_NRRL_5129	Mucoromycota:MAT	scaffold_445	11417-19981	11417-19981	withheld:below_fraction_floor	withheld:below_fraction_floor	undetermined	undetermined							model	model	15.8	15.8	0.0	73.2	73.2	rnhA,sexM	rnhA,sexM		
Rhizopus_arrhizus_var._delemar_NRRL_66676	Mucoromycota:MAT	scaffold_571	3752-18306	3752-18306	called	called	Minus	Minus	high	high	mat_locus	mat_locus			model	model	159.9	159.9	0.0	226.8	226.8	btbA,glrA,rnhA,sexM,tptA	btbA,glrA,rnhA,sexM,tptA		
Rhizopus_arrhizus_var._delemar_NRRL_66676	Mucoromycota:MAT	scaffold_65	4542-51803	4542-51803	withheld:modelled_gene_bar	withheld:modelled_gene_bar	undetermined	undetermined							hsp_fragment	hsp_fragment	8.9	8.9	0.0	39.8	39.8	algA,rnhA,sexP	algA,rnhA,sexP		
Rhizopus_arrhizus_var._delemar_NRRL_66676	Mucoromycota:MAT	scaffold_78	28852-36071	28852-36071	withheld:modelled_gene_bar	withheld:modelled_gene_bar	undetermined	undetermined							hsp_fragment	hsp_fragment	0.0	0.0	0.0	0.0	0.0	sexM,sexP,tptA	sexM,sexP,tptA		
Rhizopus_arrhizus_var._delemar_NRRL_66676	Mucoromycota:MAT	scaffold_10	63354-125466	63354-125466	withheld:below_fraction_floor	withheld:below_fraction_floor	undetermined	undetermined							model	model	18.4	18.4	0.0	78.2	78.2	glrA,sexM	glrA,sexM		
Rhizopus_arrhizus_var._delemar_NRRL_66676	Mucoromycota:MAT	scaffold_91	12342-43108	12342-43108	withheld:below_fraction_floor	withheld:below_fraction_floor	undetermined	undetermined							model	model	24.8	24.8	0.0	40.3	40.3	algA,sexM	algA,sexM		
Rhizopus_arrhizus_var._delemar_NRRL_66676	Mucoromycota:MAT	scaffold_139	41302-49952	41302-49952	withheld:below_fraction_floor	withheld:below_fraction_floor	undetermined	undetermined							model	model	15.8	15.8	0.0	73.2	73.2	rnhA,sexM	rnhA,sexM		
Rhizopus_artocarpi_NRRL_1799	Mucoromycota:MAT	scaffold_291	7878-24704	7878-24704	called	called	Minus	Minus	high	high	mat_locus	mat_locus			model	model	111.4	111.4	0.0	178.6	178.6	btbA,glrA,rnhA,sexM	btbA,glrA,rnhA,sexM		
Rhizopus_azygosporus_NRRL_13165	Mucoromycota:MAT	scaffold_1193	1249-6048	1249-6048	called	called	Minus	Minus	medium	medium	partial_locus	partial_locus			model	model	138.0	138.0	0.0	206.2	206.2	rnhA,sexM	rnhA,sexM		
Rhizopus_azygosporus_NRRL_13165	Mucoromycota:MAT	scaffold_1300	3100-7845	3100-7845	called	called	Plus	Plus	medium	medium	partial_locus	partial_locus			model	model	276.3	276.3	0.0	342.6	342.6	rnhA,sexP	rnhA,sexP		
Rhizopus_azygosporus_NRRL_13165	Mucoromycota:MAT	scaffold_5337	1209-1624	1209-1624	withheld:modelled_gene_bar	withheld:modelled_gene_bar	undetermined	undetermined							hsp_fragment	hsp_fragment	8.9	8.9	0.0	54.5	54.5	sexM,sexP	sexM,sexP		
Rhizopus_azygosporus_NRRL_13165	Mucoromycota:MAT	scaffold_247	8025-10726	8025-10726	withheld:modelled_gene_bar	withheld:modelled_gene_bar	undetermined	undetermined							hsp_fragment	hsp_fragment	1.3	1.3	0.0	7.0	7.0	sexM,sexP	sexM,sexP		
Rhizopus_chinensis_NRRL_2906	Mucoromycota:MAT	scaffold_299	7563-16537	7563-16537	called	called	Plus	Plus	high	high	mat_locus	mat_locus			model	model	243.1	243.1	0.0	304.9	304.9	glrA,rnhA,sexP	glrA,rnhA,sexP		
Rhizopus_chinensis_NRRL_2906	Mucoromycota:MAT	scaffold_74	1576-20721	1576-20721	called	called	Minus	Minus	high	high	mat_locus	mat_locus			model	model	128.5	128.5	0.0	199.8	199.8	glrA,rnhA,sexM	glrA,rnhA,sexM		
Rhizopus_chinensis_NRRL_2906	Mucoromycota:MAT	scaffold_55	686-9888	686-9888	withheld:below_fraction_floor	withheld:below_fraction_floor	undetermined	undetermined							model	model	3.2	3.2	0.0	71.7	71.7	sexP	sexP		
Rhizopus_chinensis_NRRL_2909	Mucoromycota:MAT	scaffold_218	24855-40319	24855-40319	called	called	Plus	Plus	high	high	mat_locus	mat_locus			model	model	315.2	315.2	0.0	365.3	365.3	btbA,glrA,rnhA,sexM,sexP,tptA	btbA,glrA,rnhA,sexM,sexP,tptA		
Rhizopus_chinensis_NRRL_2909	Mucoromycota:MAT	scaffold_67	55838-63062	55838-63062	withheld:modelled_gene_bar	withheld:modelled_gene_bar	undetermined	undetermined							hsp_fragment	hsp_fragment	0.0	0.0	0.0	0.0	0.0	sexM,sexP,tptA	sexM,sexP,tptA		
Rhizopus_chinensis_NRRL_2909	Mucoromycota:MAT	scaffold_19	53251-115329	53251-115329	withheld:below_fraction_floor	withheld:below_fraction_floor	undetermined	undetermined							model	model	18.4	18.4	0.0	78.2	78.2	glrA,sexM	glrA,sexM		
Rhizopus_chinensis_NRRL_2909	Mucoromycota:MAT	scaffold_9	20125-50694	20125-50694	withheld:below_fraction_floor	withheld:below_fraction_floor	undetermined	undetermined							model	model	24.8	24.8	0.0	40.3	40.3	algA,sexM	algA,sexM		
Rhizopus_chinensis_NRRL_2909	Mucoromycota:MAT	scaffold_200	11422-19982	11422-19982	withheld:below_fraction_floor	withheld:below_fraction_floor	undetermined	undetermined							model	model	15.8	15.8	0.0	73.2	73.2	rnhA,sexM	rnhA,sexM		
Rhizopus_chinensis_NRRL_5190	Mucoromycota:MAT	scaffold_35	18151-92684	18151-92684	called	called	Plus	Plus	high	high	mat_locus	mat_locus			model	model	276.3	276.3	0.0	342.6	342.6	btbA,glrA,rnhA,sexM,sexP	btbA,glrA,rnhA,sexM,sexP		
Rhizopus_chinensis_NRRL_5190	Mucoromycota:MAT	scaffold_13	16221-48516	16221-48516	withheld:modelled_gene_bar	withheld:modelled_gene_bar	undetermined	undetermined							hsp_fragment	hsp_fragment	8.9	8.9	0.0	54.5	54.5	rnhA,sexM,sexP	rnhA,sexM,sexP		
Rhizopus_chinensis_NRRL_5190	Mucoromycota:MAT	scaffold_10	67750-111617	67750-111617	withheld:below_fraction_floor	withheld:below_fraction_floor	undetermined	undetermined							model	model	3.2	3.2	0.0	71.7	71.7	rnhA,sexP	rnhA,sexP		
Rhizopus_chinensis_NRRL_5190	Mucoromycota:MAT	scaffold_64	21987-51801	21987-51801	withheld:below_fraction_floor	withheld:below_fraction_floor	undetermined	undetermined							hsp_fragment	hsp_fragment	0.2	0.2	0.0	0.2	0.2	sexP,tptA	sexP,tptA		
Rhizopus_chinensis_Saito_NRRL_2905	Mucoromycota:MAT	scaffold_423	921-9536	921-9536	called	called	Minus	Minus	high	high	mat_locus	mat_locus			model	model	128.5	128.5	0.0	199.8	199.8	glrA,rnhA,sexM	glrA,rnhA,sexM		
Rhizopus_chinensis_Saito_NRRL_2905	Mucoromycota:MAT	scaffold_1817	4114-7769	4114-7769	withheld:below_fraction_floor	withheld:below_fraction_floor	Plus	Plus							model	model	243.1	243.1	0.0	304.9	304.9	rnhA,sexP	rnhA,sexP		
Rhizopus_chinensis_Saito_NRRL_3671	Mucoromycota:MAT	scaffold_862	4114-9275	4114-9275	called	called	Plus	Plus	medium	medium	partial_locus	partial_locus			model	model	243.1	243.1	0.0	304.9	304.9	rnhA,sexP	rnhA,sexP		
Rhizopus_chinensis_Saito_NRRL_3671	Mucoromycota:MAT	scaffold_3180	921-4220	921-4220	called	called	Minus	Minus	medium	medium	partial_locus	partial_locus			model	model	128.5	128.5	0.0	199.8	199.8	rnhA,sexM	rnhA,sexM		
Rhizopus_chinensis_Saito_NRRL_3671	Mucoromycota:MAT	scaffold_432	2152-5697	2152-5697	withheld:modelled_gene_bar	withheld:modelled_gene_bar	undetermined	undetermined							hsp_fragment	hsp_fragment	6.3	6.3	0.0	27.6	27.6	algA,sexP	algA,sexP		
Rhizopus_chinensis_Saito_NRRL_3671	Mucoromycota:MAT	scaffold_67	14608-19237	14608-19237	withheld:modelled_gene_bar	withheld:modelled_gene_bar	undetermined	undetermined							hsp_fragment	hsp_fragment	2.7	2.7	0.0	22.4	22.4	sexM,sexP	sexM,sexP		
Rhizopus_chinensis_var._liquefaciens_NRRL_2870	Mucoromycota:MAT	scaffold_50	5722-24867	5722-24867	called	called	Minus	Minus	high	high	mat_locus	mat_locus			model	model	128.5	128.5	0.0	199.8	199.8	glrA,rnhA,sexM	glrA,rnhA,sexM		
Rhizopus_chinensis_var._liquefaciens_NRRL_2870	Mucoromycota:MAT	scaffold_1136	4114-9275	4114-9275	withheld:below_fraction_floor	withheld:below_fraction_floor	Plus	Plus							model	model	243.1	243.1	0.0	304.9	304.9	rnhA,sexP	rnhA,sexP		
Rhizopus_chungkuoensis_NRRL_2873	Mucoromycota:MAT	scaffold_375	10839-26301	10839-26301	called	called	Plus	Plus	high	high	mat_locus	mat_locus			model	model	315.2	315.2	0.0	365.3	365.3	btbA,glrA,rnhA,sexM,sexP,tptA	btbA,glrA,rnhA,sexM,sexP,tptA		
Rhizopus_chungkuoensis_NRRL_2873	Mucoromycota:MAT	scaffold_279	220-7444	220-7444	withheld:modelled_gene_bar	withheld:modelled_gene_bar	undetermined	undetermined							hsp_fragment	hsp_fragment	0.0	0.0	0.0	0.0	0.0	sexM,sexP,tptA	sexM,sexP,tptA		
Rhizopus_chungkuoensis_NRRL_2873	Mucoromycota:MAT	scaffold_40	27695-89757	27695-89757	withheld:below_fraction_floor	withheld:below_fraction_floor	undetermined	undetermined							model	model	18.4	18.4	0.0	78.2	78.2	glrA,sexM	glrA,sexM		
Rhizopus_chungkuoensis_NRRL_2873	Mucoromycota:MAT	scaffold_230	30238-38798	30238-38798	withheld:below_fraction_floor	withheld:below_fraction_floor	undetermined	undetermined							model	model	15.8	15.8	0.0	73.2	73.2	rnhA,sexM	rnhA,sexM		
Rhizopus_chungkuoensis_NRRL_2873	Mucoromycota:MAT	scaffold_315	1413-13714	1413-13714	withheld:below_fraction_floor	withheld:below_fraction_floor	undetermined	undetermined							hsp_fragment	hsp_fragment	0.0	0.0	0.0	0.0	0.0	algA,sexM	algA,sexM		
Rhizopus_circinans_NRRL_1475	Mucoromycota:MAT	scaffold_309	2441-19998	2441-19998	called	called	Plus	Plus	high	high	mat_locus	mat_locus			model	model	274.2	274.2	0.0	326.5	326.5	btbA,glrA,rnhA,sexP,tptA	btbA,glrA,rnhA,sexP,tptA		
Rhizopus_circinans_NRRL_1475	Mucoromycota:MAT	scaffold_7	142508-161160	142508-161160	withheld:modelled_gene_bar	withheld:modelled_gene_bar	undetermined	undetermined							hsp_fragment	hsp_fragment	0.0	0.0	0.0	0.0	0.0	algA,glrA,sexP	algA,glrA,sexP		
Rhizopus_circinans_NRRL_2913	Mucoromycota:MAT	scaffold_351	2352-18023	2352-18023	called	called	Minus	Minus	high	high	mat_locus	mat_locus			model	model	114.3	114.3	0.0	189.9	189.9	btbA,glrA,rnhA,sexM,tptA	btbA,glrA,rnhA,sexM,tptA		
Rhizopus_circinans_NRRL_2913	Mucoromycota:MAT	scaffold_89	26625-45147	26625-45147	withheld:modelled_gene_bar	withheld:modelled_gene_bar	undetermined	undetermined							hsp_fragment	hsp_fragment	0.0	0.0	0.0	0.0	0.0	algA,glrA,sexP	algA,glrA,sexP		
Rhizopus_circinans_NRRL_2913	Mucoromycota:MAT	scaffold_17	25751-38695	25751-38695	withheld:below_fraction_floor	withheld:below_fraction_floor	undetermined	undetermined							model	model	15.7	15.7	0.0	64.2	64.2	sexP	sexP		
Rhizopus_circinans_NRRL_2917	Mucoromycota:MAT	scaffold_353	1148-11398	1148-11398	called	called	Plus	Plus	high	high	mat_locus	mat_locus			model	model	274.2	274.2	0.0	326.5	326.5	glrA,rnhA,sexP,tptA	glrA,rnhA,sexP,tptA		
Rhizopus_circinans_NRRL_2917	Mucoromycota:MAT	scaffold_42	53613-72298	53613-72298	withheld:modelled_gene_bar	withheld:modelled_gene_bar	undetermined	undetermined							hsp_fragment	hsp_fragment	0.0	0.0	0.0	0.0	0.0	algA,glrA,sexP	algA,glrA,sexP		
Rhizopus_circinans_NRRL_2917	Mucoromycota:MAT	scaffold_37	86028-138013	86028-138013	withheld:modelled_gene_bar	withheld:modelled_gene_bar	undetermined	undetermined							hsp_fragment	hsp_fragment	9.2	9.2	0.0	9.2	9.2	sexM,sexP,tptA	sexM,sexP,tptA		
Rhizopus_circinans_NRRL_2917	Mucoromycota:MAT	scaffold_7	147240-160142	147240-160142	withheld:below_fraction_floor	withheld:below_fraction_floor	undetermined	undetermined							model	model	15.7	15.7	0.0	64.2	64.2	sexP	sexP		
Rhizopus_circinans_van_Tieghem_NRRL_13978	Mucoromycota:MAT	scaffold_309	1257-18815	1257-18815	called	called	Plus	Plus	high	high	mat_locus	mat_locus			model	model	274.2	274.2	0.0	326.5	326.5	btbA,glrA,rnhA,sexP,tptA	btbA,glrA,rnhA,sexP,tptA		
Rhizopus_circinans_van_Tieghem_NRRL_13978	Mucoromycota:MAT	scaffold_125	53609-72267	53609-72267	withheld:modelled_gene_bar	withheld:modelled_gene_bar	undetermined	undetermined							hsp_fragment	hsp_fragment	0.0	0.0	0.0	0.0	0.0	algA,glrA,sexP	algA,glrA,sexP		
Rhizopus_cohnii_NRRL_1517	Mucoromycota:MAT	scaffold_528	5168-20838	5168-20838	called	called	Plus	Plus	high	high	mat_locus	mat_locus			model	model	317.4	317.4	0.0	368.4	368.4	btbA,glrA,rnhA,sexM,sexP,tptA	btbA,glrA,rnhA,sexM,sexP,tptA		
Rhizopus_cohnii_NRRL_1517	Mucoromycota:MAT	scaffold_239	16886-21501	16886-21501	withheld:modelled_gene_bar	withheld:modelled_gene_bar	undetermined	undetermined							hsp_fragment	hsp_fragment	0.0	0.0	0.0	0.0	0.0	sexM,sexP,tptA	sexM,sexP,tptA		
Rhizopus_delemar_NRRL_1472	Mucoromycota:MAT	scaffold_586	6855-21770	6855-21770	called	called	Plus	Plus	high	high	mat_locus	mat_locus			model	model	328.2	328.2	0.0	380.1	380.1	algA,glrA,rnhA,sexP,tptA	algA,glrA,rnhA,sexP,tptA		
Rhizopus_delemar_NRRL_1472	Mucoromycota:MAT	scaffold_277	1662-8054	1662-8054	withheld:modelled_gene_bar	withheld:modelled_gene_bar	undetermined	undetermined							hsp_fragment	hsp_fragment	3.2	3.2	0.0	36.0	36.0	glrA,sexM,sexP	glrA,sexM,sexP		
Rhizopus_delemar_NRRL_1472	Mucoromycota:MAT	scaffold_537	7834-23228	7834-23228	withheld:below_fraction_floor	withheld:below_fraction_floor	undetermined	undetermined							model	model	7.7	7.7	0.0	56.4	56.4	glrA,sexP	glrA,sexP		
Rhizopus_delemar_NRRL_1472	Mucoromycota:MAT	scaffold_211	37031-37628	37031-37628	withheld:below_fraction_floor	withheld:below_fraction_floor	undetermined	undetermined							model	model	11.1	11.1	0.0	75.7	75.7	sexP	sexP		
Rhizopus_formosaensis_NRRL_2910	Mucoromycota:MAT	scaffold_277	10997-26461	10997-26461	called	called	Plus	Plus	high	high	mat_locus	mat_locus			model	model	315.2	315.2	0.0	365.3	365.3	btbA,glrA,rnhA,sexM,sexP,tptA	btbA,glrA,rnhA,sexM,sexP,tptA		
Rhizopus_formosaensis_NRRL_2910	Mucoromycota:MAT	scaffold_261	39531-46755	39531-46755	withheld:modelled_gene_bar	withheld:modelled_gene_bar	undetermined	undetermined							hsp_fragment	hsp_fragment	0.0	0.0	0.0	0.0	0.0	sexM,sexP,tptA	sexM,sexP,tptA		
Rhizopus_formosaensis_NRRL_2910	Mucoromycota:MAT	scaffold_11	38606-100684	38606-100684	withheld:below_fraction_floor	withheld:below_fraction_floor	undetermined	undetermined							model	model	18.4	18.4	0.0	78.2	78.2	glrA,sexM	glrA,sexM		
Rhizopus_formosaensis_NRRL_2910	Mucoromycota:MAT	scaffold_535	7336-15884	7336-15884	withheld:below_fraction_floor	withheld:below_fraction_floor	undetermined	undetermined							model	model	15.8	15.8	0.0	73.2	73.2	rnhA,sexM	rnhA,sexM		
Rhizopus_formosaensis_NRRL_2910	Mucoromycota:MAT	scaffold_176	12096-24454	12096-24454	withheld:below_fraction_floor	withheld:below_fraction_floor	undetermined	undetermined							hsp_fragment	hsp_fragment	0.0	0.0	0.0	0.0	0.0	algA,sexM	algA,sexM		
Rhizopus_formosaensis_NRRL_2911	Mucoromycota:MAT	scaffold_194	12710-28174	12710-28174	called	called	Plus	Plus	high	high	mat_locus	mat_locus			model	model	315.2	315.2	0.0	365.3	365.3	btbA,glrA,rnhA,sexM,sexP,tptA	btbA,glrA,rnhA,sexM,sexP,tptA		
Rhizopus_formosaensis_NRRL_2911	Mucoromycota:MAT	scaffold_148	55087-62311	55087-62311	withheld:modelled_gene_bar	withheld:modelled_gene_bar	undetermined	undetermined							hsp_fragment	hsp_fragment	0.0	0.0	0.0	0.0	0.0	sexM,sexP,tptA	sexM,sexP,tptA		
Rhizopus_formosaensis_NRRL_2911	Mucoromycota:MAT	scaffold_28	38708-100910	38708-100910	withheld:below_fraction_floor	withheld:below_fraction_floor	undetermined	undetermined							model	model	18.4	18.4	0.0	78.2	78.2	glrA,sexM	glrA,sexM		
Rhizopus_formosaensis_NRRL_2911	Mucoromycota:MAT	scaffold_441	7336-15900	7336-15900	withheld:below_fraction_floor	withheld:below_fraction_floor	undetermined	undetermined							model	model	15.8	15.8	0.0	73.2	73.2	rnhA,sexM	rnhA,sexM		
Rhizopus_formosaensis_NRRL_A-10180	Mucoromycota:MAT	scaffold_431	2494-17045	2494-17045	called	called	Minus	Minus	high	high	mat_locus	mat_locus			model	model	159.6	159.6	0.0	226.7	226.7	btbA,glrA,rnhA,sexM,tptA	btbA,glrA,rnhA,sexM,tptA		
Rhizopus_formosaensis_NRRL_A-10180	Mucoromycota:MAT	scaffold_16	69045-133766	69045-133766	withheld:modelled_gene_bar	withheld:modelled_gene_bar	undetermined	undetermined							hsp_fragment	hsp_fragment	6.3	6.3	0.0	40.2	40.2	algA,sexM,sexP	algA,sexM,sexP		
Rhizopus_formosaensis_NRRL_A-10180	Mucoromycota:MAT	scaffold_256	128-7352	128-7352	withheld:modelled_gene_bar	withheld:modelled_gene_bar	undetermined	undetermined							hsp_fragment	hsp_fragment	0.0	0.0	0.0	0.0	0.0	sexM,sexP,tptA	sexM,sexP,tptA		
Rhizopus_formosaensis_NRRL_A-10180	Mucoromycota:MAT	scaffold_30	19948-82012	19948-82012	withheld:below_fraction_floor	withheld:below_fraction_floor	undetermined	undetermined							model	model	18.4	18.4	0.0	78.2	78.2	glrA,sexM	glrA,sexM		
Rhizopus_formosaensis_NRRL_A-10180	Mucoromycota:MAT	scaffold_199	11434-20001	11434-20001	withheld:below_fraction_floor	withheld:below_fraction_floor	undetermined	undetermined							model	model	15.8	15.8	0.0	73.2	73.2	rnhA,sexM	rnhA,sexM		
Rhizopus_formosaensis_NRRL_A-10180	Mucoromycota:MAT	scaffold_262	19375-31612	19375-31612	withheld:below_fraction_floor	withheld:below_fraction_floor	undetermined	undetermined							hsp_fragment	hsp_fragment	0.0	0.0	0.0	0.0	0.0	algA,sexM	algA,sexM		
Rhizopus_hangchao_NRRL_2874	Mucoromycota:MAT	scaffold_465	7042-22504	7042-22504	called	called	Plus	Plus	high	high	mat_locus	mat_locus			model	model	315.2	315.2	0.0	365.3	365.3	btbA,glrA,rnhA,sexM,sexP,tptA	btbA,glrA,rnhA,sexM,sexP,tptA		
Rhizopus_hangchao_NRRL_2874	Mucoromycota:MAT	scaffold_19	30320-37544	30320-37544	withheld:modelled_gene_bar	withheld:modelled_gene_bar	undetermined	undetermined							hsp_fragment	hsp_fragment	0.0	0.0	0.0	0.0	0.0	sexM,sexP,tptA	sexM,sexP,tptA		
Rhizopus_hangchao_NRRL_2874	Mucoromycota:MAT	scaffold_4	91115-153175	91115-153175	withheld:below_fraction_floor	withheld:below_fraction_floor	undetermined	undetermined							model	model	18.4	18.4	0.0	78.2	78.2	glrA,sexM	glrA,sexM		
Rhizopus_hangchao_NRRL_2874	Mucoromycota:MAT	scaffold_1	119054-127619	119054-127619	withheld:below_fraction_floor	withheld:below_fraction_floor	undetermined	undetermined							model	model	15.8	15.8	0.0	73.2	73.2	rnhA,sexM	rnhA,sexM		
Rhizopus_hangchao_NRRL_2874	Mucoromycota:MAT	scaffold_289	18915-31257	18915-31257	withheld:below_fraction_floor	withheld:below_fraction_floor	undetermined	undetermined							hsp_fragment	hsp_fragment	0.0	0.0	0.0	0.0	0.0	algA,sexM	algA,sexM		
Rhizopus_hangchao_NRRL_5545	Mucoromycota:MAT	scaffold_429	2614-17165	2614-17165	called	called	Minus	Minus	high	high	mat_locus	mat_locus			model	model	159.6	159.6	0.0	226.7	226.7	btbA,glrA,rnhA,sexM,tptA	btbA,glrA,rnhA,sexM,tptA		
Rhizopus_hangchao_NRRL_5545	Mucoromycota:MAT	scaffold_173	160-7385	160-7385	withheld:modelled_gene_bar	withheld:modelled_gene_bar	undetermined	undetermined							hsp_fragment	hsp_fragment	0.0	0.0	0.0	0.0	0.0	sexM,sexP,tptA	sexM,sexP,tptA		
Rhizopus_hangchao_NRRL_5545	Mucoromycota:MAT	scaffold_35	14749-76807	14749-76807	withheld:below_fraction_floor	withheld:below_fraction_floor	undetermined	undetermined							model	model	18.4	18.4	0.0	78.2	78.2	glrA,sexM	glrA,sexM		
Rhizopus_hangchao_NRRL_5545	Mucoromycota:MAT	scaffold_36	63841-94410	63841-94410	withheld:below_fraction_floor	withheld:below_fraction_floor	undetermined	undetermined							model	model	24.8	24.8	0.0	40.3	40.3	algA,sexM	algA,sexM		
Rhizopus_hangchao_NRRL_5545	Mucoromycota:MAT	scaffold_20	5475-14007	5475-14007	withheld:below_fraction_floor	withheld:below_fraction_floor	undetermined	undetermined							model	model	15.8	15.8	0.0	73.2	73.2	rnhA,sexM	rnhA,sexM		
Rhizopus_japonicus_NRRL_1898	Mucoromycota:MAT	scaffold_523	1891-16461	1891-16461	called	called	Minus	Minus	high	high	mat_locus	mat_locus			model	model	166.2	166.2	0.0	235.0	235.0	btbA,glrA,rnhA,sexM,tptA	btbA,glrA,rnhA,sexM,tptA		
Rhizopus_japonicus_NRRL_1898	Mucoromycota:MAT	scaffold_72	60945-65564	60945-65564	withheld:modelled_gene_bar	withheld:modelled_gene_bar	undetermined	undetermined							hsp_fragment	hsp_fragment	0.0	0.0	0.0	0.0	0.0	sexM,sexP,tptA	sexM,sexP,tptA		
Rhizopus_japonicus_NRRL_1898	Mucoromycota:MAT	scaffold_133	23501-45146	23501-45146	withheld:modelled_gene_bar	withheld:modelled_gene_bar	undetermined	undetermined							hsp_fragment	hsp_fragment	3.9	3.9	0.0	3.9	3.9	glrA,sexM,sexP	glrA,sexM,sexP		
Rhizopus_japonicus_NRRL_A-13076	Mucoromycota:MAT	scaffold_176	10975-25526	10975-25526	called	called	Minus	Minus	high	high	mat_locus	mat_locus			model	model	159.6	159.6	0.0	226.7	226.7	btbA,glrA,rnhA,sexM,tptA	btbA,glrA,rnhA,sexM,tptA		
Rhizopus_japonicus_NRRL_A-13076	Mucoromycota:MAT	scaffold_259	37232-44456	37232-44456	withheld:modelled_gene_bar	withheld:modelled_gene_bar	undetermined	undetermined							hsp_fragment	hsp_fragment	0.0	0.0	0.0	0.0	0.0	sexM,sexP,tptA	sexM,sexP,tptA		
Rhizopus_japonicus_NRRL_A-13076	Mucoromycota:MAT	scaffold_56	38510-100577	38510-100577	withheld:below_fraction_floor	withheld:below_fraction_floor	undetermined	undetermined							model	model	18.4	18.4	0.0	78.2	78.2	glrA,sexM	glrA,sexM		
Rhizopus_japonicus_NRRL_A-13076	Mucoromycota:MAT	scaffold_15	117018-147584	117018-147584	withheld:below_fraction_floor	withheld:below_fraction_floor	undetermined	undetermined							model	model	24.8	24.8	0.0	40.3	40.3	algA,sexM	algA,sexM		
Rhizopus_japonicus_NRRL_A-13076	Mucoromycota:MAT	scaffold_12	154335-163033	154335-163033	withheld:below_fraction_floor	withheld:below_fraction_floor	undetermined	undetermined							model	model	15.8	15.8	0.0	73.2	73.2	rnhA,sexM	rnhA,sexM		
Rhizopus_liquefaciens_NRRL_1512	Mucoromycota:MAT	scaffold_770	2046-9063	2046-9063	called	called	Plus	Plus	high	high	mat_locus	mat_locus			model	model	317.4	317.4	0.0	368.4	368.4	glrA,rnhA,sexP	glrA,rnhA,sexP		
Rhizopus_liquefaciens_NRRL_1512	Mucoromycota:MAT	scaffold_107	16853-21462	16853-21462	withheld:modelled_gene_bar	withheld:modelled_gene_bar	undetermined	undetermined							hsp_fragment	hsp_fragment	0.0	0.0	0.0	0.0	0.0	sexM,sexP,tptA	sexM,sexP,tptA		
Rhizopus_liquefaciens_NRRL_1512	Mucoromycota:MAT	scaffold_195	20271-41597	20271-41597	withheld:modelled_gene_bar	withheld:modelled_gene_bar	undetermined	undetermined							hsp_fragment	hsp_fragment	3.9	3.9	0.0	3.9	3.9	glrA,sexM,sexP	glrA,sexM,sexP		
Rhizopus_liquefaciens_NRRL_1512	Mucoromycota:MAT	scaffold_721	5171-12053	5171-12053	withheld:below_fraction_floor	withheld:below_fraction_floor	undetermined	undetermined							hsp_fragment	hsp_fragment	0.0	0.0	0.0	0.0	0.0	btbA,sexM,tptA	btbA,sexM,tptA		
Rhizopus_liquefaciens_NRRL_1514	Mucoromycota:MAT	scaffold_270	3564-12183	3564-12183	called	called	Minus	Minus	high	high	mat_locus	mat_locus			model	model	138.1	138.1	0.0	206.0	206.0	glrA,rnhA,sexM	glrA,rnhA,sexM		
Rhizopus_liquefaciens_NRRL_1514	Mucoromycota:MAT	scaffold_17	40573-84842	40573-84842	withheld:modelled_gene_bar	withheld:modelled_gene_bar	undetermined	undetermined							model	model	3.9	3.9	0.0	71.6	71.6	algA,rnhA,sexM,sexP	algA,rnhA,sexM,sexP		
Rhizopus_liquefaciens_NRRL_1703	Mucoromycota:MAT	scaffold_383	8279-24068	8279-24068	called	called	Plus	Plus	high	high	mat_locus	mat_locus			model	model	300.5	300.5	0.0	354.5	354.5	btbA,glrA,rnhA,sexM,sexP,tptA	btbA,glrA,rnhA,sexM,sexP,tptA		
Rhizopus_liquefaciens_NRRL_1703	Mucoromycota:MAT	scaffold_8	103931-168071	103931-168071	withheld:below_fraction_floor	withheld:below_fraction_floor	undetermined	undetermined							model	model	21.6	21.6	0.0	82.5	82.5	glrA,sexM	glrA,sexM		
Rhizopus_liquefaciens_NRRL_1703	Mucoromycota:MAT	scaffold_215	7304-50465	7304-50465	withheld:below_fraction_floor	withheld:below_fraction_floor	Minus	Minus							model	model	30.2	30.2	0.0	45.5	45.5	glrA,sexM	glrA,sexM		
Rhizopus_lyococcos_NRRL_1523	Mucoromycota:MAT	scaffold_553	5443-20687	5443-20687	called	called	Plus	Plus	high	high	mat_locus	mat_locus			model	model	315.4	315.4	0.0	370.4	370.4	btbA,glrA,rnhA,sexM,sexP,tptA	btbA,glrA,rnhA,sexM,sexP,tptA		
Rhizopus_lyococcos_NRRL_1523	Mucoromycota:MAT	scaffold_219	23985-28600	23985-28600	withheld:modelled_gene_bar	withheld:modelled_gene_bar	undetermined	undetermined							hsp_fragment	hsp_fragment	0.0	0.0	0.0	0.0	0.0	sexM,sexP,tptA	sexM,sexP,tptA		
Rhizopus_microsporus_NRRL_13129	Mucoromycota:MAT	scaffold_56	77952-111990	77952-111990	called	called	Minus	Minus	high	high	mat_locus	mat_locus			model	model	129.7	129.7	0.0	198.9	198.9	glrA,rnhA,sexM	glrA,rnhA,sexM		
Rhizopus_microsporus_NRRL_13129	Mucoromycota:MAT	scaffold_38	96157-140696	96157-140696	withheld:modelled_gene_bar	withheld:modelled_gene_bar	undetermined	undetermined							model	model	5.2	5.2	0.0	71.9	71.9	rnhA,sexM,sexP	rnhA,sexM,sexP		
Rhizopus_microsporus_NRRL_13129	Mucoromycota:MAT	scaffold_94	2268-30295	2268-30295	withheld:below_fraction_floor	withheld:below_fraction_floor	undetermined	undetermined							hsp_fragment	hsp_fragment	0.0	0.0	0.0	0.0	0.0	rnhA,sexP	rnhA,sexP		
Rhizopus_microsporus_NRRL_5546	Mucoromycota:MAT	scaffold_190	9229-44088	9229-44088	called	called	Minus	Minus	high	high	mat_locus	mat_locus			model	model	138.1	138.1	0.0	206.0	206.0	glrA,rnhA,sexM	glrA,rnhA,sexM		
Rhizopus_microsporus_NRRL_5546	Mucoromycota:MAT	scaffold_66	49260-72761	49260-72761	withheld:modelled_gene_bar	withheld:modelled_gene_bar	undetermined	undetermined							hsp_fragment	hsp_fragment	8.1	8.1	0.0	11.0	11.0	sexM,sexP,tptA	sexM,sexP,tptA		
Rhizopus_microsporus_NRRL_5546	Mucoromycota:MAT	scaffold_156	2549-28311	2549-28311	withheld:modelled_gene_bar	withheld:modelled_gene_bar	undetermined	undetermined							hsp_fragment	hsp_fragment	0.0	0.0	0.0	0.0	0.0	glrA,sexM,tptA	glrA,sexM,tptA		
Rhizopus_microsporus_NRRL_5547	Mucoromycota:MAT	scaffold_229	19617-28628	19617-28628	called	called	Plus	Plus	high	high	mat_locus	mat_locus			model	model	276.9	276.9	0.0	338.1	338.1	glrA,rnhA,sexP	glrA,rnhA,sexP		
Rhizopus_microsporus_NRRL_5547	Mucoromycota:MAT	scaffold_47	40775-85194	40775-85194	withheld:below_fraction_floor	withheld:below_fraction_floor	undetermined	undetermined							model	model	5.1	5.1	0.0	72.4	72.4	rnhA,sexP	rnhA,sexP		
Rhizopus_microsporus_NRRL_5548	Mucoromycota:MAT	scaffold_261	3616-12229	3616-12229	called	called	Minus	Minus	high	high	mat_locus	mat_locus			model	model	138.1	138.1	0.0	206.0	206.0	glrA,rnhA,sexM	glrA,rnhA,sexM		
Rhizopus_microsporus_NRRL_5548	Mucoromycota:MAT	scaffold_29	2817-88240	2817-88240	withheld:modelled_gene_bar	withheld:modelled_gene_bar	undetermined	undetermined							model	model	3.6	3.6	0.0	71.9	71.9	algA,rnhA,sexM,sexP,tptA	algA,rnhA,sexM,sexP,tptA		
Rhizopus_microsporus_NRRL_5548	Mucoromycota:MAT	scaffold_24	23172-93738	23172-93738	withheld:modelled_gene_bar	withheld:modelled_gene_bar	undetermined	undetermined							hsp_fragment	hsp_fragment	0.0	0.0	0.0	0.0	0.0	algA,sexM,tptA	algA,sexM,tptA		
Rhizopus_microsporus_NRRL_5550	Mucoromycota:MAT	scaffold_250	3616-12229	3616-12229	called	called	Minus	Minus	high	high	mat_locus	mat_locus			model	model	138.1	138.1	0.0	206.0	206.0	glrA,rnhA,sexM	glrA,rnhA,sexM		
Rhizopus_microsporus_NRRL_5550	Mucoromycota:MAT	scaffold_28	58853-144267	58853-144267	withheld:modelled_gene_bar	withheld:modelled_gene_bar	undetermined	undetermined							model	model	3.6	3.6	0.0	71.9	71.9	algA,rnhA,sexP,tptA	algA,rnhA,sexP,tptA		
Rhizopus_microsporus_NRRL_5550	Mucoromycota:MAT	scaffold_21	73239-143804	73239-143804	withheld:modelled_gene_bar	withheld:modelled_gene_bar	undetermined	undetermined							hsp_fragment	hsp_fragment	0.0	0.0	0.0	0.0	0.0	algA,sexM,tptA	algA,sexM,tptA		
Rhizopus_microsporus_NRRL_5551	Mucoromycota:MAT	scaffold_180	8909-17929	8909-17929	called	called	Plus	Plus	high	high	mat_locus	mat_locus			model	model	277.1	277.1	0.0	338.9	338.9	glrA,rnhA,sexP	glrA,rnhA,sexP		
Rhizopus_microsporus_NRRL_5551	Mucoromycota:MAT	scaffold_12	2507-88189	2507-88189	withheld:modelled_gene_bar	withheld:modelled_gene_bar	undetermined	undetermined							model	model	3.6	3.6	0.0	71.9	71.9	rnhA,sexP,tptA	rnhA,sexP,tptA		
Rhizopus_microsporus_NRRL_5551	Mucoromycota:MAT	scaffold_22	18273-54422	18273-54422	withheld:below_fraction_floor	withheld:below_fraction_floor	undetermined	undetermined							hsp_fragment	hsp_fragment	0.0	0.0	0.0	0.0	0.0	algA,sexM	algA,sexM		
Rhizopus_microsporus_NRRL_5552	Mucoromycota:MAT	scaffold_306	8886-17504	8886-17504	called	called	Minus	Minus	high	high	mat_locus	mat_locus			model	model	138.1	138.1	0.0	206.0	206.0	glrA,rnhA,sexM	glrA,rnhA,sexM		
Rhizopus_microsporus_NRRL_5552	Mucoromycota:MAT	scaffold_44	40531-84792	40531-84792	withheld:modelled_gene_bar	withheld:modelled_gene_bar	undetermined	undetermined							model	model	3.9	3.9	0.0	71.6	71.6	algA,rnhA,sexM,sexP	algA,rnhA,sexM,sexP		
Rhizopus_microsporus_NRRL_5553	Mucoromycota:MAT	scaffold_356	10101-19174	10101-19174	called	called	Plus	Plus	high	high	mat_locus	mat_locus			model	model	268.0	268.0	0.0	335.5	335.5	glrA,rnhA,sexP	glrA,rnhA,sexP		
Rhizopus_microsporus_NRRL_5553	Mucoromycota:MAT	scaffold_106	27012-57530	27012-57530	withheld:modelled_gene_bar	withheld:modelled_gene_bar	undetermined	undetermined							hsp_fragment	hsp_fragment	7.3	7.3	0.0	53.3	53.3	rnhA,sexM,sexP	rnhA,sexM,sexP		
Rhizopus_microsporus_NRRL_5553	Mucoromycota:MAT	scaffold_6	189548-213040	189548-213040	withheld:modelled_gene_bar	withheld:modelled_gene_bar	undetermined	undetermined							hsp_fragment	hsp_fragment	0.0	0.0	0.0	0.0	0.0	algA,rnhA,sexM	algA,rnhA,sexM		
Rhizopus_microsporus_NRRL_5553	Mucoromycota:MAT	scaffold_4	62-87542	62-87542	withheld:modelled_gene_bar	withheld:modelled_gene_bar	undetermined	undetermined							hsp_fragment	hsp_fragment	0.0	0.0	0.0	0.0	0.0	algA,rnhA,sexP	algA,rnhA,sexP		
Rhizopus_microsporus_NRRL_5553	Mucoromycota:MAT	scaffold_8	60470-105046	60470-105046	withheld:below_fraction_floor	withheld:below_fraction_floor	undetermined	undetermined							model	model	4.1	4.1	0.0	71.7	71.7	rnhA,sexP	rnhA,sexP		
Rhizopus_microsporus_NRRL_5554	Mucoromycota:MAT	scaffold_416	8968-24751	8968-24751	called	called	Plus	Plus	high	high	mat_locus	mat_locus			model	model	300.5	300.5	0.0	354.5	354.5	btbA,glrA,rnhA,sexM,sexP,tptA	btbA,glrA,rnhA,sexM,sexP,tptA		
Rhizopus_microsporus_NRRL_5554	Mucoromycota:MAT	scaffold_2	4063-117341	4063-117341	withheld:modelled_gene_bar	withheld:modelled_gene_bar	undetermined	undetermined							hsp_fragment	hsp_fragment	9.5	9.5	0.0	9.5	9.5	btbA,glrA,sexM,tptA	btbA,glrA,sexM,tptA		
Rhizopus_microsporus_NRRL_5554	Mucoromycota:MAT	scaffold_37	4706-48077	4706-48077	withheld:below_fraction_floor	withheld:below_fraction_floor	Minus	Minus							model	model	30.2	30.2	0.0	45.5	45.5	glrA,sexM	glrA,sexM		
Rhizopus_microsporus_NRRL_5558	Mucoromycota:MAT	scaffold_271	4085-13098	4085-13098	called	called	Plus	Plus	high	high	mat_locus	mat_locus			model	model	276.2	276.2	0.0	337.6	337.6	glrA,rnhA,sexP	glrA,rnhA,sexP		
Rhizopus_microsporus_NRRL_5558	Mucoromycota:MAT	scaffold_45	58940-103241	58940-103241	withheld:modelled_gene_bar	withheld:modelled_gene_bar	undetermined	undetermined							model	model	3.6	3.6	0.0	71.9	71.9	algA,rnhA,sexM,sexP	algA,rnhA,sexM,sexP		
Rhizopus_microsporus_NRRL_A-17693	Mucoromycota:MAT	scaffold_78	105536-113240	105536-113240	called	called	Plus	Plus	medium	medium	partial_locus	partial_locus			model	model	133.7	133.7	0.0	164.3	164.3	rnhA,sexP	rnhA,sexP		
Rhizopus_microsporus_NRRL_A-17693	Mucoromycota:MAT	scaffold_149	43804-55525	43804-55525	withheld:modelled_gene_bar	withheld:modelled_gene_bar	undetermined	undetermined														algA,rnhA,tptA	algA,rnhA,tptA		
Rhizopus_microsporus_NRRL_A-17693	Mucoromycota:MAT	scaffold_334	27358-28311	27358-28311	withheld:modelled_gene_bar	withheld:modelled_gene_bar	undetermined	undetermined							model	model	6.1	6.1	0.0	60.4	60.4	sexM,sexP	sexM,sexP		
Rhizopus_microsporus_NRRL_A-17693	Mucoromycota:MAT	scaffold_4	110637-112424	110637-112424	withheld:modelled_gene_bar	withheld:modelled_gene_bar	undetermined	undetermined							hsp_fragment	hsp_fragment	2.0	2.0	0.0	38.4	38.4	sexM,sexP	sexM,sexP		
Rhizopus_microsporus_NRRL_A-17693	Mucoromycota:MAT	scaffold_37	122857-123696	122857-123696	withheld:modelled_gene_bar	withheld:modelled_gene_bar	undetermined	undetermined							hsp_fragment	hsp_fragment	3.1	3.1	0.0	36.6	36.6	sexM,sexP	sexM,sexP		
Rhizopus_microsporus_NRRL_A-17693	Mucoromycota:MAT	scaffold_198	7175-23298	7175-23298	withheld:modelled_gene_bar+polish_capped	withheld:modelled_gene_bar+polish_capped	undetermined	undetermined							hsp_fragment	hsp_fragment	0.0	0.0	0.0	0.0	0.0	rnhA,sexM	rnhA,sexM		
Rhizopus_microsporus_NRRL_A-17693	Mucoromycota:MAT	scaffold_202	42876-69263	42876-69263	withheld:modelled_gene_bar	withheld:modelled_gene_bar	undetermined	undetermined							hsp_fragment	hsp_fragment	3.2	3.2	0.0	3.2	3.2	btbA,sexM	btbA,sexM		
Rhizopus_microsporus_NRRL_A-17693	Mucoromycota:MAT	scaffold_5	117970-145543	117970-145543	withheld:mat_gene_gate	withheld:mat_gene_gate	undetermined	undetermined							model	model	19.4	19.4	0.0	37.8	37.8	glrA,sexP	glrA,sexP		
Rhizopus_microsporus_NRRL_A-17693	Mucoromycota:MAT	scaffold_334	27358-28311	27358-28311	withheld:below_fraction_floor	withheld:below_fraction_floor	undetermined	undetermined							model	model	6.1	6.1	0.0	60.4	60.4	sexM,sexP	sexM,sexP		
Rhizopus_microsporus_NRRL_A-17693	Mucoromycota:MAT	scaffold_5	117970-145543	117970-145543	withheld:below_fraction_floor	withheld:below_fraction_floor	undetermined	undetermined							model	model	19.4	19.4	0.0	37.8	37.8	glrA,sexP	glrA,sexP		
Rhizopus_nigricans_Ehrenberg_NRRL_1477	Mucoromycota:MAT	scaffold_914	2962-9636	2962-9636	called	called	Plus	Plus	high	high	mat_locus	mat_locus			model	model	292.3	292.3	0.0	341.1	341.1	glrA,rnhA,sexP	glrA,rnhA,sexP		
Rhizopus_nigricans_NRRL_3370	Mucoromycota:MAT	scaffold_445	1925-17387	1925-17387	called	called	Plus	Plus	high	high	mat_locus	mat_locus			model	model	315.2	315.2	0.0	365.3	365.3	btbA,glrA,rnhA,sexP,tptA	btbA,glrA,rnhA,sexP,tptA		
Rhizopus_nigricans_NRRL_3370	Mucoromycota:MAT	scaffold_1337	1504-11830	1504-11830	called	called	Minus	Minus	high	high	mat_locus	mat_locus			model	model	114.4	114.4	0.0	182.1	182.1	btbA,rnhA,sexM,tptA	btbA,rnhA,sexM,tptA		
Rhizopus_nigricans_NRRL_3370	Mucoromycota:MAT	scaffold_190	14884-22108	14884-22108	withheld:modelled_gene_bar	withheld:modelled_gene_bar	undetermined	undetermined							hsp_fragment	hsp_fragment	0.0	0.0	0.0	0.0	0.0	sexM,sexP,tptA	sexM,sexP,tptA		
Rhizopus_nigricans_NRRL_3372	Mucoromycota:MAT	scaffold_839	3747-10421	3747-10421	called	called	Plus	Plus	high	high	mat_locus	mat_locus			model	model	292.3	292.3	0.0	341.1	341.1	glrA,rnhA,sexP	glrA,rnhA,sexP		
Rhizopus_nodosus_NRRL_1473	Mucoromycota:MAT	scaffold_455	2410-16920	2410-16920	called	called	Minus	Minus	high	high	mat_locus	mat_locus			model	model	163.8	163.8	0.0	231.9	231.9	btbA,glrA,rnhA,sexM,tptA	btbA,glrA,rnhA,sexM,tptA		
Rhizopus_nodosus_NRRL_1473	Mucoromycota:MAT	scaffold_94	51645-60418	51645-60418	withheld:modelled_gene_bar	withheld:modelled_gene_bar	undetermined	undetermined							hsp_fragment	hsp_fragment	0.0	0.0	0.0	0.0	0.0	sexM,sexP,tptA	sexM,sexP,tptA		
Rhizopus_nodosus_NRRL_1473	Mucoromycota:MAT	scaffold_53	51577-64486	51577-64486	withheld:below_fraction_floor	withheld:below_fraction_floor	undetermined	undetermined							model	model	19.2	19.2	0.0	79.0	79.0	sexM,sexP	sexM,sexP		
Rhizopus_nodosus_NRRL_1473	Mucoromycota:MAT	scaffold_63	66726-67108	66726-67108	withheld:below_fraction_floor	withheld:below_fraction_floor	undetermined	undetermined							model	model	14.9	14.9	0.0	73.7	73.7	sexM	sexM		
Rhizopus_nodosus_NRRL_1474	Mucoromycota:MAT	scaffold_439	11026-25577	11026-25577	called	called	Minus	Minus	high	high	mat_locus	mat_locus			model	model	159.6	159.6	0.0	226.7	226.7	btbA,glrA,rnhA,sexM,tptA	btbA,glrA,rnhA,sexM,tptA		
Rhizopus_nodosus_NRRL_1474	Mucoromycota:MAT	scaffold_54	33880-41104	33880-41104	withheld:modelled_gene_bar	withheld:modelled_gene_bar	undetermined	undetermined							hsp_fragment	hsp_fragment	0.0	0.0	0.0	0.0	0.0	sexM,sexP,tptA	sexM,sexP,tptA		
Rhizopus_nodosus_NRRL_1474	Mucoromycota:MAT	scaffold_35	38509-100687	38509-100687	withheld:below_fraction_floor	withheld:below_fraction_floor	undetermined	undetermined							model	model	18.4	18.4	0.0	78.2	78.2	glrA,sexM	glrA,sexM		
Rhizopus_nodosus_NRRL_1474	Mucoromycota:MAT	scaffold_9	155005-163548	155005-163548	withheld:below_fraction_floor	withheld:below_fraction_floor	undetermined	undetermined							model	model	15.8	15.8	0.0	73.2	73.2	rnhA,sexM	rnhA,sexM		
Rhizopus_nodosus_NRRL_1474	Mucoromycota:MAT	scaffold_230	1413-13653	1413-13653	withheld:below_fraction_floor	withheld:below_fraction_floor	undetermined	undetermined							hsp_fragment	hsp_fragment	0.0	0.0	0.0	0.0	0.0	algA,sexM	algA,sexM		
Rhizopus_oligosporus_NRRL_6495	Mucoromycota:MAT	scaffold_1039	1246-9565	1246-9565	called	called	Minus	Minus	high	high	mat_locus	mat_locus			model	model	116.9	116.9	0.0	187.5	187.5	glrA,rnhA,sexM	glrA,rnhA,sexM		
Rhizopus_oligosporus_NRRL_6495	Mucoromycota:MAT	scaffold_1148	4273-9018	4273-9018	withheld:below_fraction_floor	withheld:below_fraction_floor	Plus	Plus							model	model	277.1	277.1	0.0	342.0	342.0	rnhA,sexP	rnhA,sexP		
Rhizopus_oligosporus_Saito_NRRL_5905	Mucoromycota:MAT	scaffold_192	4395-13413	4395-13413	called	called	Plus	Plus	high	high	mat_locus	mat_locus			model	model	277.1	277.1	0.0	342.0	342.0	glrA,rnhA,sexP	glrA,rnhA,sexP		
Rhizopus_oligosporus_Saito_NRRL_5905	Mucoromycota:MAT	scaffold_722	3367-11976	3367-11976	called	called	Minus	Minus	high	high	mat_locus	mat_locus			model	model	116.9	116.9	0.0	187.5	187.5	glrA,rnhA,sexM	glrA,rnhA,sexM		
Rhizopus_oligosporus_Saito_NRRL_5905	Mucoromycota:MAT	scaffold_3152	935-1587	935-1587	withheld:below_fraction_floor	withheld:below_fraction_floor	undetermined	undetermined							model	model	13.6	13.6	0.0	75.1	75.1	sexM,sexP	sexM,sexP		
Rhizopus_oligosporus_Saito_NRRL_A-26117	Mucoromycota:MAT	scaffold_752	1-8731	1-8731	called	called	Plus	Plus	high	high	mat_locus	mat_locus			model	model	277.1	277.1	0.0	342.0	342.0	glrA,rnhA,sexP	glrA,rnhA,sexP		
Rhizopus_oligosporus_Saito_NRRL_A-26117	Mucoromycota:MAT	scaffold_1286	1-8320	1-8320	called	called	Minus	Minus	high	high	mat_locus	mat_locus			model	model	116.9	116.9	0.0	187.5	187.5	glrA,rnhA,sexM	glrA,rnhA,sexM		
Rhizopus_oligosporus_Saito_NRRL_A-26117	Mucoromycota:MAT	scaffold_1825	4625-5279	4625-5279	withheld:below_fraction_floor	withheld:below_fraction_floor	undetermined	undetermined							model	model	13.6	13.6	0.0	75.1	75.1	sexM,sexP	sexM,sexP		
Rhizopus_oligosporus_Saito_NRRL_A-26124	Mucoromycota:MAT	scaffold_809	4111-12840	4111-12840	called	called	Plus	Plus	high	high	mat_locus	mat_locus			model	model	277.1	277.1	0.0	342.0	342.0	glrA,rnhA,sexP	glrA,rnhA,sexP		
Rhizopus_oligosporus_Saito_NRRL_A-26124	Mucoromycota:MAT	scaffold_1202	3909-8710	3909-8710	withheld:below_fraction_floor	withheld:below_fraction_floor	Minus	Minus							model	model	116.9	116.9	0.0	187.5	187.5	rnhA,sexM	rnhA,sexM		
Rhizopus_oligosporus_Saito_NRRL_A-26124	Mucoromycota:MAT	scaffold_23	2047-31628	2047-31628	withheld:below_fraction_floor	withheld:below_fraction_floor	undetermined	undetermined							hsp_fragment	hsp_fragment	0.2	0.2	0.0	0.2	0.2	sexP,tptA	sexP,tptA		
Rhizopus_oryzae_NRRL_13098	Mucoromycota:MAT	scaffold_590	2857-17408	2857-17408	called	called	Minus	Minus	high	high	mat_locus	mat_locus			model	model	159.6	159.6	0.0	226.7	226.7	btbA,glrA,rnhA,sexM,tptA	btbA,glrA,rnhA,sexM,tptA		
Rhizopus_oryzae_NRRL_13098	Mucoromycota:MAT	scaffold_82	30325-37549	30325-37549	withheld:modelled_gene_bar	withheld:modelled_gene_bar	undetermined	undetermined							hsp_fragment	hsp_fragment	0.0	0.0	0.0	0.0	0.0	sexM,sexP,tptA	sexM,sexP,tptA		
Rhizopus_oryzae_NRRL_13098	Mucoromycota:MAT	scaffold_21	41143-103389	41143-103389	withheld:below_fraction_floor	withheld:below_fraction_floor	undetermined	undetermined							model	model	18.4	18.4	0.0	78.2	78.2	glrA,sexM	glrA,sexM		
Rhizopus_oryzae_NRRL_13098	Mucoromycota:MAT	scaffold_2	214756-223336	214756-223336	withheld:below_fraction_floor	withheld:below_fraction_floor	undetermined	undetermined							model	model	15.8	15.8	0.0	73.2	73.2	rnhA,sexM	rnhA,sexM		
Rhizopus_oryzae_NRRL_1549	Mucoromycota:MAT	scaffold_468	2810-17370	2810-17370	called	called	Minus	Minus	high	high	mat_locus	mat_locus			model	model	159.7	159.7	0.0	227.8	227.8	btbA,glrA,rnhA,sexM,tptA	btbA,glrA,rnhA,sexM,tptA		
Rhizopus_oryzae_NRRL_1549	Mucoromycota:MAT	scaffold_160	40163-48735	40163-48735	withheld:below_fraction_floor	withheld:below_fraction_floor	undetermined	undetermined							model	model	15.1	15.1	0.0	73.5	73.5	rnhA,sexM	rnhA,sexM		
Rhizopus_oryzae_NRRL_1549	Mucoromycota:MAT	scaffold_32	47877-82603	47877-82603	withheld:below_fraction_floor	withheld:below_fraction_floor	undetermined	undetermined							hsp_fragment	hsp_fragment	0.0	0.0	0.0	0.0	0.0	glrA,sexM	glrA,sexM		
Rhizopus_oryzae_NRRL_1550	Mucoromycota:MAT	scaffold_476	2264-16824	2264-16824	called	called	Minus	Minus	high	high	mat_locus	mat_locus			model	model	159.7	159.7	0.0	227.8	227.8	btbA,glrA,rnhA,sexM,tptA	btbA,glrA,rnhA,sexM,tptA		
Rhizopus_oryzae_NRRL_1550	Mucoromycota:MAT	scaffold_9	156762-165355	156762-165355	withheld:below_fraction_floor	withheld:below_fraction_floor	undetermined	undetermined							model	model	15.1	15.1	0.0	73.5	73.5	rnhA,sexM	rnhA,sexM		
Rhizopus_oryzae_NRRL_1550	Mucoromycota:MAT	scaffold_374	745-12870	745-12870	withheld:below_fraction_floor	withheld:below_fraction_floor	undetermined	undetermined							hsp_fragment	hsp_fragment	0.0	0.0	0.0	0.0	0.0	algA,sexM	algA,sexM		
Rhizopus_oryzae_NRRL_2625	Mucoromycota:MAT	scaffold_372	7042-22504	7042-22504	called	called	Plus	Plus	high	high	mat_locus	mat_locus			model	model	315.2	315.2	0.0	365.3	365.3	btbA,glrA,rnhA,sexM,sexP,tptA	btbA,glrA,rnhA,sexM,sexP,tptA		
Rhizopus_oryzae_NRRL_2625	Mucoromycota:MAT	scaffold_269	37400-44624	37400-44624	withheld:modelled_gene_bar	withheld:modelled_gene_bar	undetermined	undetermined							hsp_fragment	hsp_fragment	0.0	0.0	0.0	0.0	0.0	sexM,sexP,tptA	sexM,sexP,tptA		
Rhizopus_oryzae_NRRL_2625	Mucoromycota:MAT	scaffold_16	38513-100572	38513-100572	withheld:below_fraction_floor	withheld:below_fraction_floor	undetermined	undetermined							model	model	18.4	18.4	0.0	78.2	78.2	glrA,sexM	glrA,sexM		
Rhizopus_oryzae_NRRL_2625	Mucoromycota:MAT	scaffold_9	12251-20809	12251-20809	withheld:below_fraction_floor	withheld:below_fraction_floor	undetermined	undetermined							model	model	15.8	15.8	0.0	73.2	73.2	rnhA,sexM	rnhA,sexM		
Rhizopus_oryzae_NRRL_2625	Mucoromycota:MAT	scaffold_405	12101-24353	12101-24353	withheld:below_fraction_floor	withheld:below_fraction_floor	undetermined	undetermined							hsp_fragment	hsp_fragment	0.0	0.0	0.0	0.0	0.0	algA,sexM	algA,sexM		
Rhizopus_oryzae_NRRL_2871	Mucoromycota:MAT	scaffold_372	7042-22507	7042-22507	called	called	Plus	Plus	high	high	mat_locus	mat_locus			model	model	315.2	315.2	0.0	365.3	365.3	btbA,glrA,rnhA,sexM,sexP,tptA	btbA,glrA,rnhA,sexM,sexP,tptA		
Rhizopus_oryzae_NRRL_2871	Mucoromycota:MAT	scaffold_90	46576-53800	46576-53800	withheld:modelled_gene_bar	withheld:modelled_gene_bar	undetermined	undetermined							hsp_fragment	hsp_fragment	0.0	0.0	0.0	0.0	0.0	sexM,sexP,tptA	sexM,sexP,tptA		
Rhizopus_oryzae_NRRL_2871	Mucoromycota:MAT	scaffold_19	53085-115150	53085-115150	withheld:below_fraction_floor	withheld:below_fraction_floor	undetermined	undetermined							model	model	18.4	18.4	0.0	78.2	78.2	glrA,sexM	glrA,sexM		
Rhizopus_oryzae_NRRL_2871	Mucoromycota:MAT	scaffold_428	7336-15890	7336-15890	withheld:below_fraction_floor	withheld:below_fraction_floor	undetermined	undetermined							model	model	15.8	15.8	0.0	73.2	73.2	rnhA,sexM	rnhA,sexM		
Rhizopus_oryzae_NRRL_2871	Mucoromycota:MAT	scaffold_287	12608-24835	12608-24835	withheld:below_fraction_floor	withheld:below_fraction_floor	undetermined	undetermined							hsp_fragment	hsp_fragment	0.0	0.0	0.0	0.0	0.0	algA,sexM	algA,sexM		
Rhizopus_oryzae_NRRL_3133	Mucoromycota:MAT	scaffold_643	2031-16599	2031-16599	called	called	Minus	Minus	high	high	mat_locus	mat_locus			model	model	166.2	166.2	0.0	235.0	235.0	btbA,glrA,rnhA,sexM,tptA	btbA,glrA,rnhA,sexM,tptA		
Rhizopus_oryzae_NRRL_3133	Mucoromycota:MAT	scaffold_183	24914-29535	24914-29535	withheld:modelled_gene_bar	withheld:modelled_gene_bar	undetermined	undetermined							hsp_fragment	hsp_fragment	0.0	0.0	0.0	0.0	0.0	sexM,sexP,tptA	sexM,sexP,tptA		
Rhizopus_oryzae_NRRL_3133	Mucoromycota:MAT	scaffold_123	19820-41324	19820-41324	withheld:modelled_gene_bar	withheld:modelled_gene_bar	undetermined	undetermined							hsp_fragment	hsp_fragment	3.9	3.9	0.0	3.9	3.9	glrA,sexM,sexP	glrA,sexM,sexP		
Rhizopus_oryzae_NRRL_3613	Mucoromycota:MAT	scaffold_254	11027-26489	11027-26489	called	called	Plus	Plus	high	high	mat_locus	mat_locus			model	model	315.2	315.2	0.0	365.3	365.3	btbA,glrA,rnhA,sexM,sexP,tptA	btbA,glrA,rnhA,sexM,sexP,tptA		
Rhizopus_oryzae_NRRL_3613	Mucoromycota:MAT	scaffold_104	39516-46740	39516-46740	withheld:modelled_gene_bar	withheld:modelled_gene_bar	undetermined	undetermined							hsp_fragment	hsp_fragment	0.0	0.0	0.0	0.0	0.0	sexM,sexP,tptA	sexM,sexP,tptA		
Rhizopus_oryzae_NRRL_3613	Mucoromycota:MAT	scaffold_30	15966-78027	15966-78027	withheld:below_fraction_floor	withheld:below_fraction_floor	undetermined	undetermined							model	model	18.4	18.4	0.0	78.2	78.2	glrA,sexM	glrA,sexM		
Rhizopus_oryzae_NRRL_3613	Mucoromycota:MAT	scaffold_449	11440-20005	11440-20005	withheld:below_fraction_floor	withheld:below_fraction_floor	undetermined	undetermined							model	model	15.8	15.8	0.0	73.2	73.2	rnhA,sexM	rnhA,sexM		
Rhizopus_oryzae_NRRL_3613	Mucoromycota:MAT	scaffold_4	175692-200065	175692-200065	withheld:below_fraction_floor	withheld:below_fraction_floor	undetermined	undetermined							hsp_fragment	hsp_fragment	0.0	0.0	0.0	0.0	0.0	sexP,tptA	sexP,tptA		
Rhizopus_oryzae_NRRL_46180	Mucoromycota:MAT	scaffold_374	7042-22504	7042-22504	called	called	Plus	Plus	high	high	mat_locus	mat_locus			model	model	315.2	315.2	0.0	365.3	365.3	btbA,glrA,rnhA,sexM,sexP,tptA	btbA,glrA,rnhA,sexM,sexP,tptA		
Rhizopus_oryzae_NRRL_46180	Mucoromycota:MAT	scaffold_55	30227-37451	30227-37451	withheld:modelled_gene_bar	withheld:modelled_gene_bar	undetermined	undetermined							hsp_fragment	hsp_fragment	0.0	0.0	0.0	0.0	0.0	sexM,sexP,tptA	sexM,sexP,tptA		
Rhizopus_oryzae_NRRL_46180	Mucoromycota:MAT	scaffold_8	56481-118573	56481-118573	withheld:below_fraction_floor	withheld:below_fraction_floor	undetermined	undetermined							model	model	18.4	18.4	0.0	78.2	78.2	glrA,sexM	glrA,sexM		
Rhizopus_oryzae_NRRL_46180	Mucoromycota:MAT	scaffold_5	5494-14099	5494-14099	withheld:below_fraction_floor	withheld:below_fraction_floor	undetermined	undetermined							model	model	15.8	15.8	0.0	73.2	73.2	rnhA,sexM	rnhA,sexM		
Rhizopus_oryzae_NRRL_46180	Mucoromycota:MAT	scaffold_150	17845-30071	17845-30071	withheld:below_fraction_floor	withheld:below_fraction_floor	undetermined	undetermined							hsp_fragment	hsp_fragment	0.0	0.0	0.0	0.0	0.0	algA,sexM	algA,sexM		
Rhizopus_oryzae_NRRL_6202	Mucoromycota:MAT	scaffold_300	14146-28697	14146-28697	called	called	Minus	Minus	high	high	mat_locus	mat_locus			model	model	159.6	159.6	0.0	226.7	226.7	btbA,glrA,rnhA,sexM,tptA	btbA,glrA,rnhA,sexM,tptA		
Rhizopus_oryzae_NRRL_6202	Mucoromycota:MAT	scaffold_54	37238-44462	37238-44462	withheld:modelled_gene_bar	withheld:modelled_gene_bar	undetermined	undetermined							hsp_fragment	hsp_fragment	0.0	0.0	0.0	0.0	0.0	sexM,sexP,tptA	sexM,sexP,tptA		
Rhizopus_oryzae_NRRL_6202	Mucoromycota:MAT	scaffold_47	34967-97029	34967-97029	withheld:below_fraction_floor	withheld:below_fraction_floor	undetermined	undetermined							model	model	18.4	18.4	0.0	78.2	78.2	glrA,sexM	glrA,sexM		
Rhizopus_oryzae_NRRL_6202	Mucoromycota:MAT	scaffold_144	24765-37213	24765-37213	withheld:below_fraction_floor	withheld:below_fraction_floor	undetermined	undetermined							hsp_fragment	hsp_fragment	0.0	0.0	0.0	0.0	0.0	algA,sexM	algA,sexM		
Rhizopus_oryzae_NRRL_62023	Mucoromycota:MAT	scaffold_816	3829-19588	3829-19588	called	called	Plus	Plus	high	high	mat_locus	mat_locus			model	model	300.5	300.5	0.0	354.5	354.5	btbA,glrA,rnhA,sexP,tptA	btbA,glrA,rnhA,sexP,tptA		
Rhizopus_oryzae_NRRL_62023	Mucoromycota:MAT	scaffold_874	3429-18664	3429-18664	called	called	Plus	Plus	high	high	mat_locus	mat_locus			model	model	315.6	315.6	0.0	366.6	366.6	btbA,glrA,rnhA,sexP,tptA	btbA,glrA,rnhA,sexP,tptA		
Rhizopus_oryzae_NRRL_62023	Mucoromycota:MAT	scaffold_629	3420-12084	3420-12084	withheld:modelled_gene_bar	withheld:modelled_gene_bar	undetermined	undetermined							hsp_fragment	hsp_fragment	0.0	0.0	0.0	0.0	0.0	sexM,sexP,tptA	sexM,sexP,tptA		
Rhizopus_oryzae_NRRL_62023	Mucoromycota:MAT	scaffold_12	38922-82558	38922-82558	withheld:below_fraction_floor	withheld:below_fraction_floor	undetermined	undetermined							hsp_fragment	hsp_fragment	0.0	0.0	0.0	0.0	0.0	glrA,sexP	glrA,sexP		
Rhizopus_oryzae_NRRL_6400	Mucoromycota:MAT	scaffold_236	10186-25650	10186-25650	called	called	Plus	Plus	high	high	mat_locus	mat_locus			model	model	315.2	315.2	0.0	365.3	365.3	btbA,glrA,rnhA,sexM,sexP,tptA	btbA,glrA,rnhA,sexM,sexP,tptA		
Rhizopus_oryzae_NRRL_6400	Mucoromycota:MAT	scaffold_78	50195-57419	50195-57419	withheld:modelled_gene_bar	withheld:modelled_gene_bar	undetermined	undetermined							hsp_fragment	hsp_fragment	0.0	0.0	0.0	0.0	0.0	sexM,sexP,tptA	sexM,sexP,tptA		
Rhizopus_oryzae_NRRL_6400	Mucoromycota:MAT	scaffold_16	38588-100828	38588-100828	withheld:below_fraction_floor	withheld:below_fraction_floor	undetermined	undetermined							model	model	18.4	18.4	0.0	78.2	78.2	glrA,sexM	glrA,sexM		
Rhizopus_oryzae_NRRL_6400	Mucoromycota:MAT	scaffold_5	127305-157873	127305-157873	withheld:below_fraction_floor	withheld:below_fraction_floor	undetermined	undetermined							model	model	24.8	24.8	0.0	40.3	40.3	algA,sexM	algA,sexM		
Rhizopus_oryzae_NRRL_6400	Mucoromycota:MAT	scaffold_445	7336-15900	7336-15900	withheld:below_fraction_floor	withheld:below_fraction_floor	undetermined	undetermined							model	model	15.8	15.8	0.0	73.2	73.2	rnhA,sexM	rnhA,sexM		
Rhizopus_oryzae_NRRL_66569	Mucoromycota:MAT	scaffold_578	2614-17165	2614-17165	called	called	Minus	Minus	high	high	mat_locus	mat_locus			model	model	159.6	159.6	0.0	226.7	226.7	btbA,glrA,rnhA,sexM,tptA	btbA,glrA,rnhA,sexM,tptA		
Rhizopus_oryzae_NRRL_66569	Mucoromycota:MAT	scaffold_15	91276-98500	91276-98500	withheld:modelled_gene_bar	withheld:modelled_gene_bar	undetermined	undetermined							hsp_fragment	hsp_fragment	0.0	0.0	0.0	0.0	0.0	sexM,sexP,tptA	sexM,sexP,tptA		
Rhizopus_oryzae_NRRL_66569	Mucoromycota:MAT	scaffold_10	41602-103665	41602-103665	withheld:below_fraction_floor	withheld:below_fraction_floor	undetermined	undetermined							model	model	18.4	18.4	0.0	78.2	78.2	glrA,sexM	glrA,sexM		
Rhizopus_oryzae_NRRL_66569	Mucoromycota:MAT	scaffold_443	7336-15901	7336-15901	withheld:below_fraction_floor	withheld:below_fraction_floor	undetermined	undetermined							model	model	16.1	16.1	0.0	71.3	71.3	rnhA,sexM	rnhA,sexM		
Rhizopus_oryzae_NRRL_66569	Mucoromycota:MAT	scaffold_278	18903-31140	18903-31140	withheld:below_fraction_floor	withheld:below_fraction_floor	undetermined	undetermined							hsp_fragment	hsp_fragment	0.0	0.0	0.0	0.0	0.0	algA,sexM	algA,sexM		
Rhizopus_oryzae_NRRL_66645	Mucoromycota:MAT	scaffold_314	14147-28698	14147-28698	called	called	Minus	Minus	high	high	mat_locus	mat_locus			model	model	159.6	159.6	0.0	226.7	226.7	btbA,glrA,rnhA,sexM,tptA	btbA,glrA,rnhA,sexM,tptA		
Rhizopus_oryzae_NRRL_66645	Mucoromycota:MAT	scaffold_65	68057-75281	68057-75281	withheld:modelled_gene_bar	withheld:modelled_gene_bar	undetermined	undetermined							hsp_fragment	hsp_fragment	0.0	0.0	0.0	0.0	0.0	sexM,sexP,tptA	sexM,sexP,tptA		
Rhizopus_oryzae_NRRL_66645	Mucoromycota:MAT	scaffold_23	35043-97106	35043-97106	withheld:below_fraction_floor	withheld:below_fraction_floor	undetermined	undetermined							model	model	18.4	18.4	0.0	78.2	78.2	glrA,sexM	glrA,sexM		
Rhizopus_oryzae_NRRL_66645	Mucoromycota:MAT	scaffold_50	20532-51102	20532-51102	withheld:below_fraction_floor	withheld:below_fraction_floor	undetermined	undetermined							model	model	24.8	24.8	0.0	40.3	40.3	algA,sexM	algA,sexM		
Rhizopus_oryzae_NRRL_66645	Mucoromycota:MAT	scaffold_102	24812-39994	24812-39994	withheld:below_fraction_floor	withheld:below_fraction_floor	undetermined	undetermined							model	model	24.7	24.7	0.0	40.4	40.4	rnhA,sexM	rnhA,sexM		
Rhizopus_oryzae_NRRL_A-11564	Mucoromycota:MAT	scaffold_428	11140-25691	11140-25691	called	called	Minus	Minus	high	high	mat_locus	mat_locus			model	model	159.6	159.6	0.0	226.7	226.7	btbA,glrA,rnhA,sexM,tptA	btbA,glrA,rnhA,sexM,tptA		
Rhizopus_oryzae_NRRL_A-11564	Mucoromycota:MAT	scaffold_4	51396-112177	51396-112177	withheld:modelled_gene_bar	withheld:modelled_gene_bar	undetermined	undetermined							hsp_fragment	hsp_fragment	9.3	9.3	0.0	40.2	40.2	algA,glrA,sexP	algA,glrA,sexP		
Rhizopus_oryzae_NRRL_A-11564	Mucoromycota:MAT	scaffold_108	37424-44648	37424-44648	withheld:modelled_gene_bar	withheld:modelled_gene_bar	undetermined	undetermined							hsp_fragment	hsp_fragment	0.0	0.0	0.0	0.0	0.0	sexM,sexP,tptA	sexM,sexP,tptA		
Rhizopus_oryzae_NRRL_A-11564	Mucoromycota:MAT	scaffold_13	53108-115175	53108-115175	withheld:below_fraction_floor	withheld:below_fraction_floor	undetermined	undetermined							model	model	18.4	18.4	0.0	78.2	78.2	glrA,sexM	glrA,sexM		
Rhizopus_oryzae_NRRL_A-11564	Mucoromycota:MAT	scaffold_432	12249-20786	12249-20786	withheld:below_fraction_floor	withheld:below_fraction_floor	undetermined	undetermined							model	model	15.8	15.8	0.0	73.2	73.2	rnhA,sexM	rnhA,sexM		
Rhizopus_oryzae_NRRL_A-12640	Mucoromycota:MAT	scaffold_532	3462-18698	3462-18698	called	called	Plus	Plus	high	high	mat_locus	mat_locus			model	model	317.0	317.0	0.0	368.9	368.9	btbA,glrA,rnhA,sexM,sexP,tptA	btbA,glrA,rnhA,sexM,sexP,tptA		
Rhizopus_oryzae_NRRL_A-12640	Mucoromycota:MAT	scaffold_32	40278-65232	40278-65232	withheld:modelled_gene_bar	withheld:modelled_gene_bar	undetermined	undetermined														algA,glrA,rnhA	algA,glrA,rnhA		
Rhizopus_oryzae_NRRL_A-12640	Mucoromycota:MAT	scaffold_123	5288-58058	5288-58058	withheld:modelled_gene_bar	withheld:modelled_gene_bar	undetermined	undetermined							hsp_fragment	hsp_fragment	0.0	0.0	0.0	0.0	0.0	sexM,sexP,tptA	sexM,sexP,tptA		
Rhizopus_oryzae_NRRL_A-12640	Mucoromycota:MAT	scaffold_218	15969-24739	15969-24739	withheld:modelled_gene_bar	withheld:modelled_gene_bar	undetermined	undetermined							hsp_fragment	hsp_fragment	0.0	0.0	0.0	0.0	0.0	sexM,sexP,tptA	sexM,sexP,tptA		
Rhizopus_oryzae_NRRL_A-12997	Mucoromycota:MAT	scaffold_885	884-7518	884-7518	called	called	Minus	Minus	high	high	mat_locus	mat_locus			model	model	166.2	166.2	0.0	235.0	235.0	glrA,rnhA,sexM	glrA,rnhA,sexM		
Rhizopus_oryzae_NRRL_A-12997	Mucoromycota:MAT	scaffold_132	16805-21424	16805-21424	withheld:modelled_gene_bar	withheld:modelled_gene_bar	undetermined	undetermined							hsp_fragment	hsp_fragment	0.0	0.0	0.0	0.0	0.0	sexM,sexP,tptA	sexM,sexP,tptA		
Rhizopus_oryzae_NRRL_A-12997	Mucoromycota:MAT	scaffold_149	13813-35457	13813-35457	withheld:modelled_gene_bar	withheld:modelled_gene_bar	undetermined	undetermined							hsp_fragment	hsp_fragment	3.9	3.9	0.0	3.9	3.9	glrA,sexM,sexP	glrA,sexM,sexP		
Rhizopus_oryzae_NRRL_A-12997	Mucoromycota:MAT	scaffold_1569	751-2179	751-2179	withheld:below_fraction_floor	withheld:below_fraction_floor	undetermined	undetermined							hsp_fragment	hsp_fragment	0.0	0.0	0.0	0.0	0.0	sexM,tptA	sexM,tptA		
Rhizopus_oryzae_Went_Prinsen_Geerlings_NRRL_3563	Mucoromycota:MAT	scaffold_257	18940-34402	18940-34402	called	called	Plus	Plus	high	high	mat_locus	mat_locus			model	model	315.2	315.2	0.0	365.3	365.3	btbA,glrA,rnhA,sexM,sexP,tptA	btbA,glrA,rnhA,sexM,sexP,tptA		
Rhizopus_oryzae_Went_Prinsen_Geerlings_NRRL_3563	Mucoromycota:MAT	scaffold_105	37221-44445	37221-44445	withheld:modelled_gene_bar	withheld:modelled_gene_bar	undetermined	undetermined							hsp_fragment	hsp_fragment	0.0	0.0	0.0	0.0	0.0	sexM,sexP,tptA	sexM,sexP,tptA		
Rhizopus_oryzae_Went_Prinsen_Geerlings_NRRL_3563	Mucoromycota:MAT	scaffold_38	15486-77548	15486-77548	withheld:below_fraction_floor	withheld:below_fraction_floor	undetermined	undetermined							model	model	18.4	18.4	0.0	78.2	78.2	glrA,sexM	glrA,sexM		
Rhizopus_oryzae_Went_Prinsen_Geerlings_NRRL_3563	Mucoromycota:MAT	scaffold_26	101516-113985	101516-113985	withheld:below_fraction_floor	withheld:below_fraction_floor	undetermined	undetermined							hsp_fragment	hsp_fragment	0.0	0.0	0.0	0.0	0.0	algA,sexM	algA,sexM		
Rhizopus_peka_NRRL_1522	Mucoromycota:MAT	scaffold_792	1333-8349	1333-8349	called	called	Plus	Plus	high	high	mat_locus	mat_locus			model	model	317.4	317.4	0.0	368.4	368.4	glrA,rnhA,sexP	glrA,rnhA,sexP		
Rhizopus_peka_NRRL_1522	Mucoromycota:MAT	scaffold_239	16838-21453	16838-21453	withheld:modelled_gene_bar	withheld:modelled_gene_bar	undetermined	undetermined							hsp_fragment	hsp_fragment	0.0	0.0	0.0	0.0	0.0	sexM,sexP,tptA	sexM,sexP,tptA		
Rhizopus_peka_NRRL_1522	Mucoromycota:MAT	scaffold_134	20399-41913	20399-41913	withheld:modelled_gene_bar	withheld:modelled_gene_bar	undetermined	undetermined							hsp_fragment	hsp_fragment	3.9	3.9	0.0	3.9	3.9	glrA,sexM,sexP	glrA,sexM,sexP		
Rhizopus_peka_NRRL_1522	Mucoromycota:MAT	scaffold_424	203-7085	203-7085	withheld:below_fraction_floor	withheld:below_fraction_floor	undetermined	undetermined							hsp_fragment	hsp_fragment	0.0	0.0	0.0	0.0	0.0	btbA,sexM,tptA	btbA,sexM,tptA		
Rhizopus_pseudochinensis_NRRL_2344	Mucoromycota:MAT	scaffold_2644	3-1410	3-1410	called	called	Plus	Plus	medium	medium	partial_locus	partial_locus			model	model	269.8	269.8	0.0	335.4	335.4	rnhA,sexP	rnhA,sexP		
Rhizopus_pseudochinensis_NRRL_2344	Mucoromycota:MAT	scaffold_627	14604-15019	14604-15019	withheld:modelled_gene_bar	withheld:modelled_gene_bar	undetermined	undetermined							hsp_fragment	hsp_fragment	8.9	8.9	0.0	54.5	54.5	sexM,sexP	sexM,sexP		
Rhizopus_pseudochinensis_NRRL_2344	Mucoromycota:MAT	scaffold_151	7104-16059	7104-16059	withheld:modelled_gene_bar	withheld:modelled_gene_bar	undetermined	undetermined							model	model	4.5	4.5	0.0	71.0	71.0	sexM,sexP	sexM,sexP		
Rhizopus_pseudochinensis_NRRL_2344	Mucoromycota:MAT	scaffold_151	7104-16059	7104-16059	withheld:below_fraction_floor	withheld:below_fraction_floor	undetermined	undetermined							model	model	4.5	4.5	0.0	71.0	71.0	sexM,sexP	sexM,sexP		
Rhizopus_reflexus_NRRL_A-16792	Mucoromycota:MAT	scaffold_520	1514-15796	1514-15796	called	called	Minus	Minus	high	high	mat_locus	mat_locus			model	model	114.4	114.4	0.0	182.1	182.1	btbA,glrA,rnhA,sexM,tptA	btbA,glrA,rnhA,sexM,tptA		
Rhizopus_reflexus_NRRL_A-18059	Mucoromycota:MAT	scaffold_803	2967-11894	2967-11894	called	called	Minus	Minus	high	high	mat_locus	mat_locus			model	model	114.4	114.4	0.0	182.1	182.1	glrA,rnhA,sexM,tptA	glrA,rnhA,sexM,tptA		
Rhizopus_rhizopodiformis_Cohn_Zopf_NRRL_6258	Mucoromycota:MAT	scaffold_221	1114-21183	1114-21183	called	called	Plus	Plus	high	high	mat_locus	mat_locus			model	model	276.3	276.3	0.0	342.6	342.6	glrA,rnhA,sexM,sexP	glrA,rnhA,sexM,sexP		
Rhizopus_rhizopodiformis_Cohn_Zopf_NRRL_6258	Mucoromycota:MAT	scaffold_74	38683-70977	38683-70977	withheld:modelled_gene_bar	withheld:modelled_gene_bar	undetermined	undetermined							hsp_fragment	hsp_fragment	8.9	8.9	0.0	54.5	54.5	rnhA,sexM,sexP	rnhA,sexM,sexP		
Rhizopus_rhizopodiformis_Cohn_Zopf_NRRL_6258	Mucoromycota:MAT	scaffold_7	74671-149806	74671-149806	withheld:modelled_gene_bar	withheld:modelled_gene_bar	undetermined	undetermined							hsp_fragment	hsp_fragment	0.0	0.0	0.0	0.0	0.0	algA,sexM,tptA	algA,sexM,tptA		
Rhizopus_rhizopodiformis_Cohn_Zopf_NRRL_6258	Mucoromycota:MAT	scaffold_13	64989-109968	64989-109968	withheld:below_fraction_floor	withheld:below_fraction_floor	undetermined	undetermined							model	model	3.2	3.2	0.0	71.7	71.7	rnhA,sexP	rnhA,sexP		
Rhizopus_rhizopodiformis_Cohn_Zopf_NRRL_6258	Mucoromycota:MAT	scaffold_65	48308-77815	48308-77815	withheld:below_fraction_floor	withheld:below_fraction_floor	undetermined	undetermined							hsp_fragment	hsp_fragment	0.2	0.2	0.0	0.2	0.2	sexP,tptA	sexP,tptA		
Rhizopus_rhizopodiformis_NRRL_2570	Mucoromycota:MAT	scaffold_260	1114-21166	1114-21166	called	called	Plus	Plus	high	high	mat_locus	mat_locus			model	model	276.3	276.3	0.0	342.6	342.6	glrA,rnhA,sexM,sexP	glrA,rnhA,sexM,sexP		
Rhizopus_rhizopodiformis_NRRL_2570	Mucoromycota:MAT	scaffold_32	74101-106398	74101-106398	withheld:modelled_gene_bar	withheld:modelled_gene_bar	undetermined	undetermined							hsp_fragment	hsp_fragment	8.9	8.9	0.0	54.5	54.5	rnhA,sexM,sexP	rnhA,sexM,sexP		
Rhizopus_rhizopodiformis_NRRL_2570	Mucoromycota:MAT	scaffold_26	52913-130082	52913-130082	withheld:modelled_gene_bar	withheld:modelled_gene_bar	undetermined	undetermined							hsp_fragment	hsp_fragment	0.0	0.0	0.0	0.0	0.0	glrA,rnhA,sexM	glrA,rnhA,sexM		
Rhizopus_rhizopodiformis_NRRL_2570	Mucoromycota:MAT	scaffold_161	1835-31445	1835-31445	withheld:below_fraction_floor	withheld:below_fraction_floor	undetermined	undetermined							hsp_fragment	hsp_fragment	0.2	0.2	0.0	0.2	0.2	sexP,tptA	sexP,tptA		
Rhizopus_rhizopodiformis_NRRL_5189	Mucoromycota:MAT	scaffold_161	1114-52936	1114-52936	called	called	Plus	Plus	high	high	mat_locus	mat_locus			model	model	276.3	276.3	0.0	342.6	342.6	btbA,glrA,rnhA,sexM,sexP	btbA,glrA,rnhA,sexM,sexP		
Rhizopus_rhizopodiformis_NRRL_5189	Mucoromycota:MAT	scaffold_32	74027-106322	74027-106322	withheld:modelled_gene_bar	withheld:modelled_gene_bar	undetermined	undetermined							hsp_fragment	hsp_fragment	8.9	8.9	0.0	54.5	54.5	rnhA,sexM,sexP	rnhA,sexM,sexP		
Rhizopus_rhizopodiformis_NRRL_5189	Mucoromycota:MAT	scaffold_5	130265-174137	130265-174137	withheld:below_fraction_floor	withheld:below_fraction_floor	undetermined	undetermined							model	model	3.2	3.2	0.0	71.7	71.7	rnhA,sexP	rnhA,sexP		
Rhizopus_rhizopodiformis_NRRL_5189	Mucoromycota:MAT	scaffold_59	21899-51568	21899-51568	withheld:below_fraction_floor	withheld:below_fraction_floor	undetermined	undetermined							hsp_fragment	hsp_fragment	0.2	0.2	0.0	0.2	0.2	sexP,tptA	sexP,tptA		
Rhizopus_rhizopodiformis_NRRL_5556	Mucoromycota:MAT	scaffold_93	18150-61155	18150-61155	called	called	Plus	Plus	high	high	mat_locus	mat_locus			model	model	276.3	276.3	0.0	342.6	342.6	glrA,rnhA,sexM,sexP	glrA,rnhA,sexM,sexP		
Rhizopus_rhizopodiformis_NRRL_5556	Mucoromycota:MAT	scaffold_29	74093-106389	74093-106389	withheld:modelled_gene_bar	withheld:modelled_gene_bar	undetermined	undetermined							hsp_fragment	hsp_fragment	8.9	8.9	0.0	54.5	54.5	rnhA,sexM,sexP	rnhA,sexM,sexP		
Rhizopus_rhizopodiformis_NRRL_5556	Mucoromycota:MAT	scaffold_78	29982-81875	29982-81875	withheld:modelled_gene_bar	withheld:modelled_gene_bar	undetermined	undetermined							hsp_fragment	hsp_fragment	0.0	0.0	0.0	0.0	0.0	algA,sexP,tptA	algA,sexP,tptA		
Rhizopus_rhizopodiformis_NRRL_5556	Mucoromycota:MAT	scaffold_157	1835-31445	1835-31445	withheld:below_fraction_floor	withheld:below_fraction_floor	undetermined	undetermined							hsp_fragment	hsp_fragment	0.2	0.2	0.0	0.2	0.2	sexP,tptA	sexP,tptA		
Rhizopus_rhizopodiformis_NRRL_6246	Mucoromycota:MAT	scaffold_257	1114-21129	1114-21129	called	called	Plus	Plus	high	high	mat_locus	mat_locus			model	model	276.3	276.3	0.0	342.6	342.6	glrA,rnhA,sexM,sexP	glrA,rnhA,sexM,sexP		
Rhizopus_rhizopodiformis_NRRL_6246	Mucoromycota:MAT	scaffold_79	31201-63498	31201-63498	withheld:modelled_gene_bar	withheld:modelled_gene_bar	undetermined	undetermined							hsp_fragment	hsp_fragment	8.9	8.9	0.0	54.5	54.5	rnhA,sexM,sexP	rnhA,sexM,sexP		
Rhizopus_rhizopodiformis_NRRL_6246	Mucoromycota:MAT	scaffold_33	48102-99996	48102-99996	withheld:modelled_gene_bar	withheld:modelled_gene_bar	undetermined	undetermined							hsp_fragment	hsp_fragment	0.0	0.0	0.0	0.0	0.0	algA,sexP,tptA	algA,sexP,tptA		
Rhizopus_rhizopodiformis_NRRL_6246	Mucoromycota:MAT	scaffold_14	67554-111440	67554-111440	withheld:below_fraction_floor	withheld:below_fraction_floor	undetermined	undetermined							model	model	3.2	3.2	0.0	71.7	71.7	rnhA,sexP	rnhA,sexP		
Rhizopus_rhizopodiformis_NRRL_6246	Mucoromycota:MAT	scaffold_62	44365-73973	44365-73973	withheld:below_fraction_floor	withheld:below_fraction_floor	undetermined	undetermined							hsp_fragment	hsp_fragment	0.2	0.2	0.0	0.2	0.2	sexP,tptA	sexP,tptA		
Rhizopus_rhizopodiformis_NRRL_6259	Mucoromycota:MAT	scaffold_225	1114-21134	1114-21134	called	called	Plus	Plus	high	high	mat_locus	mat_locus			model	model	276.3	276.3	0.0	342.6	342.6	glrA,rnhA,sexM,sexP	glrA,rnhA,sexM,sexP		
Rhizopus_rhizopodiformis_NRRL_6259	Mucoromycota:MAT	scaffold_32	74048-106345	74048-106345	withheld:modelled_gene_bar	withheld:modelled_gene_bar	undetermined	undetermined							hsp_fragment	hsp_fragment	8.9	8.9	0.0	54.5	54.5	rnhA,sexM,sexP	rnhA,sexM,sexP		
Rhizopus_rhizopodiformis_NRRL_6259	Mucoromycota:MAT	scaffold_60	21987-51594	21987-51594	withheld:below_fraction_floor	withheld:below_fraction_floor	undetermined	undetermined							hsp_fragment	hsp_fragment	0.2	0.2	0.0	0.2	0.2	sexP,tptA	sexP,tptA		
Rhizopus_rhizopodiformis_NRRL_6260	Mucoromycota:MAT	scaffold_157	32066-52090	32066-52090	called	called	Plus	Plus	high	high	mat_locus	mat_locus			model	model	276.3	276.3	0.0	342.6	342.6	glrA,rnhA,sexM,sexP	glrA,rnhA,sexM,sexP		
Rhizopus_rhizopodiformis_NRRL_6260	Mucoromycota:MAT	scaffold_28	21260-53555	21260-53555	withheld:modelled_gene_bar	withheld:modelled_gene_bar	undetermined	undetermined							hsp_fragment	hsp_fragment	8.9	8.9	0.0	54.5	54.5	rnhA,sexM,sexP	rnhA,sexM,sexP		
Rhizopus_rhizopodiformis_NRRL_6260	Mucoromycota:MAT	scaffold_11	67575-111438	67575-111438	withheld:below_fraction_floor	withheld:below_fraction_floor	undetermined	undetermined							model	model	3.2	3.2	0.0	71.7	71.7	rnhA,sexP	rnhA,sexP		
Rhizopus_rhizopodiformis_NRRL_6260	Mucoromycota:MAT	scaffold_20	22031-51760	22031-51760	withheld:below_fraction_floor	withheld:below_fraction_floor	undetermined	undetermined							hsp_fragment	hsp_fragment	0.2	0.2	0.0	0.2	0.2	sexP,tptA	sexP,tptA		
Rhizopus_rhizopodiformis_NRRL_6500	Mucoromycota:MAT	scaffold_812	1-8975	1-8975	called	called	Plus	Plus	high	high	mat_locus	mat_locus			model	model	278.3	278.3	0.0	338.5	338.5	glrA,rnhA,sexP	glrA,rnhA,sexP		
Rhizopus_rhizopodiformis_NRRL_6500	Mucoromycota:MAT	scaffold_1367	1-8320	1-8320	called	called	Minus	Minus	high	high	mat_locus	mat_locus			model	model	116.9	116.9	0.0	187.5	187.5	glrA,rnhA,sexM	glrA,rnhA,sexM		
Rhizopus_rhizopodiformis_NRRL_6500	Mucoromycota:MAT	scaffold_3218	2203-2857	2203-2857	withheld:below_fraction_floor	withheld:below_fraction_floor	undetermined	undetermined							model	model	13.6	13.6	0.0	75.1	75.1	sexM,sexP	sexM,sexP		
Rhizopus_rhizopodiformis_NRRL_6500	Mucoromycota:MAT	scaffold_37	1828-31337	1828-31337	withheld:below_fraction_floor	withheld:below_fraction_floor	undetermined	undetermined							hsp_fragment	hsp_fragment	0.2	0.2	0.0	0.2	0.2	sexP,tptA	sexP,tptA		
Rhizopus_rhizopodiformis_NRRL_6501	Mucoromycota:MAT	scaffold_283	8182-17213	8182-17213	called	called	Plus	Plus	high	high	mat_locus	mat_locus			model	model	278.3	278.3	0.0	338.5	338.5	glrA,rnhA,sexP	glrA,rnhA,sexP		
Rhizopus_rhizopodiformis_NRRL_6501	Mucoromycota:MAT	scaffold_1245	1437-6238	1437-6238	withheld:below_fraction_floor	withheld:below_fraction_floor	Minus	Minus							model	model	116.9	116.9	0.0	187.5	187.5	rnhA,sexM	rnhA,sexM		
Rhizopus_rhizopodiformis_NRRL_6501	Mucoromycota:MAT	scaffold_1494	7125-7779	7125-7779	withheld:below_fraction_floor	withheld:below_fraction_floor	undetermined	undetermined							model	model	13.6	13.6	0.0	75.1	75.1	sexM,sexP	sexM,sexP		
Rhizopus_rhizopodiformis_NRRL_A-16034	Mucoromycota:MAT	scaffold_65	32165-75012	32165-75012	called	called	Plus	Plus	high	high	mat_locus	mat_locus			model	model	276.3	276.3	0.0	342.6	342.6	glrA,rnhA,sexM,sexP	glrA,rnhA,sexM,sexP		
Rhizopus_rhizopodiformis_NRRL_A-16034	Mucoromycota:MAT	scaffold_33	21262-53558	21262-53558	withheld:modelled_gene_bar	withheld:modelled_gene_bar	undetermined	undetermined							hsp_fragment	hsp_fragment	8.9	8.9	0.0	54.5	54.5	rnhA,sexM,sexP	rnhA,sexM,sexP		
Rhizopus_rhizopodiformis_NRRL_A-16034	Mucoromycota:MAT	scaffold_66	28099-72930	28099-72930	withheld:below_fraction_floor	withheld:below_fraction_floor	undetermined	undetermined							model	model	3.2	3.2	0.0	71.7	71.7	algA,sexP	algA,sexP		
Rhizopus_rhizopodiformis_NRRL_A-16034	Mucoromycota:MAT	scaffold_57	44364-73967	44364-73967	withheld:below_fraction_floor	withheld:below_fraction_floor	undetermined	undetermined							hsp_fragment	hsp_fragment	0.2	0.2	0.0	0.2	0.2	sexP,tptA	sexP,tptA		
Rhizopus_sp._NRRL_1524	Mucoromycota:MAT	scaffold_587	10288-17305	10288-17305	called	called	Plus	Plus	high	high	mat_locus	mat_locus			model	model	317.4	317.4	0.0	368.4	368.4	glrA,rnhA,sexP	glrA,rnhA,sexP		
Rhizopus_sp._NRRL_1524	Mucoromycota:MAT	scaffold_12	57948-119698	57948-119698	withheld:modelled_gene_bar	withheld:modelled_gene_bar	undetermined	undetermined							hsp_fragment	hsp_fragment	0.0	0.0	0.0	0.0	0.0	rnhA,sexP,tptA	rnhA,sexP,tptA		
Rhizopus_sp._NRRL_1524	Mucoromycota:MAT	scaffold_232	16975-21590	16975-21590	withheld:modelled_gene_bar	withheld:modelled_gene_bar	undetermined	undetermined							hsp_fragment	hsp_fragment	0.0	0.0	0.0	0.0	0.0	sexM,sexP,tptA	sexM,sexP,tptA		
Rhizopus_sp._NRRL_1524	Mucoromycota:MAT	scaffold_193	20271-41769	20271-41769	withheld:modelled_gene_bar	withheld:modelled_gene_bar	undetermined	undetermined							hsp_fragment	hsp_fragment	3.9	3.9	0.0	3.9	3.9	glrA,sexM,sexP	glrA,sexM,sexP		
Rhizopus_sp._NRRL_1524	Mucoromycota:MAT	scaffold_251	6921-13803	6921-13803	withheld:below_fraction_floor	withheld:below_fraction_floor	undetermined	undetermined							hsp_fragment	hsp_fragment	0.0	0.0	0.0	0.0	0.0	btbA,sexM,tptA	btbA,sexM,tptA		
Rhizopus_sp._NRRL_1530	Mucoromycota:MAT	scaffold_568	3273-18675	3273-18675	called	called	Plus	Plus	high	high	mat_locus	mat_locus			model	model	313.3	313.3	0.0	364.8	364.8	btbA,glrA,rnhA,sexM,sexP,tptA	btbA,glrA,rnhA,sexM,sexP,tptA		
Rhizopus_sp._NRRL_1530	Mucoromycota:MAT	scaffold_23	1742-36490	1742-36490	withheld:below_fraction_floor	withheld:below_fraction_floor	undetermined	undetermined							hsp_fragment	hsp_fragment	0.0	0.0	0.0	0.0	0.0	glrA,sexM	glrA,sexM		
Rhizopus_sp._NRRL_1530	Mucoromycota:MAT	scaffold_179	5516-14035	5516-14035	withheld:below_fraction_floor	withheld:below_fraction_floor	undetermined	undetermined							model	model	15.1	15.1	0.0	73.5	73.5	rnhA,sexM	rnhA,sexM		
Rhizopus_sp._NRRL_1539	Mucoromycota:MAT	scaffold_301	9062-23626	9062-23626	called	called	Minus	Minus	high	high	mat_locus	mat_locus			model	model	159.7	159.7	0.0	227.8	227.8	btbA,glrA,rnhA,sexM,tptA	btbA,glrA,rnhA,sexM,tptA		
Rhizopus_sp._NRRL_1539	Mucoromycota:MAT	scaffold_2	31288-61915	31288-61915	withheld:below_fraction_floor	withheld:below_fraction_floor	undetermined	undetermined							model	model	24.8	24.8	0.0	40.3	40.3	algA,sexM	algA,sexM		
Rhizopus_sp._NRRL_1539	Mucoromycota:MAT	scaffold_315	637-9195	637-9195	withheld:below_fraction_floor	withheld:below_fraction_floor	undetermined	undetermined							model	model	15.1	15.1	0.0	73.5	73.5	rnhA,sexM	rnhA,sexM		
Rhizopus_sp._NRRL_1543	Mucoromycota:MAT	scaffold_569	3155-17717	3155-17717	called	called	Minus	Minus	high	high	mat_locus	mat_locus			model	model	160.2	160.2	0.0	228.2	228.2	btbA,glrA,rnhA,sexM,tptA	btbA,glrA,rnhA,sexM,tptA		
Rhizopus_sp._NRRL_1543	Mucoromycota:MAT	scaffold_232	128-8457	128-8457	withheld:modelled_gene_bar	withheld:modelled_gene_bar	undetermined	undetermined							hsp_fragment	hsp_fragment	0.0	0.0	0.0	0.0	0.0	sexM,sexP,tptA	sexM,sexP,tptA		
Rhizopus_sp._NRRL_1543	Mucoromycota:MAT	scaffold_17	58750-121111	58750-121111	withheld:below_fraction_floor	withheld:below_fraction_floor	undetermined	undetermined							model	model	18.7	18.7	0.0	78.0	78.0	glrA,sexM	glrA,sexM		
Rhizopus_sp._NRRL_1543	Mucoromycota:MAT	scaffold_765	2782-11348	2782-11348	withheld:below_fraction_floor	withheld:below_fraction_floor	undetermined	undetermined							model	model	15.1	15.1	0.0	73.5	73.5	rnhA,sexM	rnhA,sexM		
Rhizopus_sp._NRRL_1543	Mucoromycota:MAT	scaffold_392	12012-24209	12012-24209	withheld:below_fraction_floor	withheld:below_fraction_floor	undetermined	undetermined							hsp_fragment	hsp_fragment	0.0	0.0	0.0	0.0	0.0	algA,sexM	algA,sexM		
Rhizopus_sp._NRRL_1544	Mucoromycota:MAT	scaffold_504	2024-16588	2024-16588	called	called	Minus	Minus	high	high	mat_locus	mat_locus			model	model	159.7	159.7	0.0	227.8	227.8	btbA,glrA,rnhA,sexM,tptA	btbA,glrA,rnhA,sexM,tptA		
Rhizopus_sp._NRRL_1544	Mucoromycota:MAT	scaffold_118	48278-56845	48278-56845	withheld:below_fraction_floor	withheld:below_fraction_floor	undetermined	undetermined							model	model	15.1	15.1	0.0	73.5	73.5	rnhA,sexM	rnhA,sexM		
Rhizopus_sp._NRRL_1544	Mucoromycota:MAT	scaffold_573	7443-19729	7443-19729	withheld:below_fraction_floor	withheld:below_fraction_floor	undetermined	undetermined							hsp_fragment	hsp_fragment	0.0	0.0	0.0	0.0	0.0	algA,sexM	algA,sexM		
Rhizopus_sp._NRRL_2934	Mucoromycota:MAT	scaffold_75	13698-54522	13698-54522	called	called	Minus	Minus	high	high	mat_locus	mat_locus			model	model	135.7	135.7	0.0	205.1	205.1	glrA,rnhA,sexM	glrA,rnhA,sexM		
Rhizopus_sp._NRRL_2934	Mucoromycota:MAT	scaffold_79	14124-53631	14124-53631	withheld:modelled_gene_bar	withheld:modelled_gene_bar	undetermined	undetermined							hsp_fragment	hsp_fragment	0.0	0.0	0.0	0.0	0.0	algA,rnhA,sexP	algA,rnhA,sexP		
Rhizopus_sp._NRRL_2934	Mucoromycota:MAT	scaffold_221	18019-34632	18019-34632	withheld:modelled_gene_bar	withheld:modelled_gene_bar	undetermined	undetermined														algA,glrA,rnhA	algA,glrA,rnhA		
Rhizopus_sp._NRRL_2934	Mucoromycota:MAT	scaffold_81	25429-72783	25429-72783	withheld:modelled_gene_bar	withheld:modelled_gene_bar	undetermined	undetermined							model	model	7.7	7.7	0.0	74.2	74.2	rnhA,sexM,sexP	rnhA,sexM,sexP		
Rhizopus_sp._NRRL_2934	Mucoromycota:MAT	scaffold_138	16419-28030	16419-28030	withheld:modelled_gene_bar	withheld:modelled_gene_bar	undetermined	undetermined							hsp_fragment	hsp_fragment	0.0	0.0	0.0	0.0	0.0	rnhA,sexM,sexP	rnhA,sexM,sexP		
Rhizopus_sp._NRRL_3368	Mucoromycota:MAT	scaffold_416	9242-24917	9242-24917	called	called	Plus	Plus	high	high	mat_locus	mat_locus			model	model	317.4	317.4	0.0	368.4	368.4	btbA,glrA,rnhA,sexM,sexP,tptA	btbA,glrA,rnhA,sexM,sexP,tptA		
Rhizopus_sp._NRRL_3368	Mucoromycota:MAT	scaffold_333	13443-18058	13443-18058	withheld:modelled_gene_bar	withheld:modelled_gene_bar	undetermined	undetermined							hsp_fragment	hsp_fragment	0.0	0.0	0.0	0.0	0.0	sexM,sexP,tptA	sexM,sexP,tptA		
Rhizopus_sp._NRRL_3373	Mucoromycota:MAT	scaffold_502	1948-17410	1948-17410	called	called	Plus	Plus	high	high	mat_locus	mat_locus			model	model	315.2	315.2	0.0	365.3	365.3	btbA,glrA,rnhA,sexM,sexP,tptA	btbA,glrA,rnhA,sexM,sexP,tptA		
Rhizopus_sp._NRRL_3373	Mucoromycota:MAT	scaffold_166	37212-44436	37212-44436	withheld:modelled_gene_bar	withheld:modelled_gene_bar	undetermined	undetermined							hsp_fragment	hsp_fragment	0.0	0.0	0.0	0.0	0.0	sexM,sexP,tptA	sexM,sexP,tptA		
Rhizopus_sp._NRRL_3373	Mucoromycota:MAT	scaffold_35	27904-90134	27904-90134	withheld:below_fraction_floor	withheld:below_fraction_floor	undetermined	undetermined							model	model	18.4	18.4	0.0	78.2	78.2	glrA,sexM	glrA,sexM		
Rhizopus_sp._NRRL_3373	Mucoromycota:MAT	scaffold_543	5495-14094	5495-14094	withheld:below_fraction_floor	withheld:below_fraction_floor	undetermined	undetermined							model	model	15.8	15.8	0.0	73.2	73.2	rnhA,sexM	rnhA,sexM		
Rhizopus_sp._NRRL_5857	Mucoromycota:MAT	scaffold_517	463-5668	463-5668	called	called	Plus	Plus	medium	medium	partial_locus	partial_locus			model	model	277.1	277.1	0.0	342.0	342.0	rnhA,sexP	rnhA,sexP		
Rhizopus_sp._NRRL_5857	Mucoromycota:MAT	scaffold_2497	3-4344	3-4344	called	called	Minus	Minus	medium	medium	partial_locus	partial_locus			model	model	116.9	116.9	0.0	187.5	187.5	rnhA,sexM	rnhA,sexM		
Rhizopus_sp._NRRL_5857	Mucoromycota:MAT	scaffold_4589	1207-1622	1207-1622	withheld:modelled_gene_bar	withheld:modelled_gene_bar	undetermined	undetermined							hsp_fragment	hsp_fragment	8.9	8.9	0.0	54.5	54.5	sexM,sexP	sexM,sexP		
Rhizopus_sp._NRRL_5857	Mucoromycota:MAT	scaffold_484	8839-11539	8839-11539	withheld:modelled_gene_bar	withheld:modelled_gene_bar	undetermined	undetermined							hsp_fragment	hsp_fragment	1.3	1.3	0.0	7.0	7.0	sexM,sexP	sexM,sexP		
Rhizopus_sp._NRRL_5857	Mucoromycota:MAT	scaffold_89	11669-17707	11669-17707	withheld:modelled_gene_bar	withheld:modelled_gene_bar	undetermined	undetermined							hsp_fragment	hsp_fragment	0.0	0.0	0.0	0.0	0.0	rnhA,sexP	rnhA,sexP		
Rhizopus_sp._NRRL_A-10162	Mucoromycota:MAT	scaffold_1455	1743-3893	1743-3893	called	called	Plus	Plus	medium	medium	partial_locus	partial_locus			model	model	243.1	243.1	0.0	304.9	304.9	rnhA,sexP	rnhA,sexP		
Rhizopus_sp._NRRL_A-10162	Mucoromycota:MAT	scaffold_11978	564-979	564-979	withheld:modelled_gene_bar	withheld:modelled_gene_bar	undetermined	undetermined							hsp_fragment	hsp_fragment	8.9	8.9	0.0	54.5	54.5	sexM,sexP	sexM,sexP		
Rhizopus_sp._NRRL_A-10958	Mucoromycota:MAT	scaffold_29	71108-115513	71108-115513	called	called	Plus	Plus	medium	medium	partial_locus	partial_locus			model	model	276.3	276.3	0.0	342.6	342.6	rnhA,sexM,sexP	rnhA,sexM,sexP		
Rhizopus_sp._NRRL_A-10958	Mucoromycota:MAT	scaffold_94	21989-54286	21989-54286	withheld:modelled_gene_bar	withheld:modelled_gene_bar	undetermined	undetermined							hsp_fragment	hsp_fragment	8.9	8.9	0.0	54.5	54.5	rnhA,sexM,sexP	rnhA,sexM,sexP		
Rhizopus_sp._NRRL_A-10958	Mucoromycota:MAT	scaffold_25	94270-123874	94270-123874	withheld:below_fraction_floor	withheld:below_fraction_floor	undetermined	undetermined							hsp_fragment	hsp_fragment	0.2	0.2	0.0	0.2	0.2	sexP,tptA	sexP,tptA		
Rhizopus_sp._NRRL_A-11791	Mucoromycota:MAT	scaffold_293	14949-23547	14949-23547	called	called	Minus	Minus	high	high	mat_locus	mat_locus			model	model	137.0	137.0	0.0	205.2	205.2	glrA,rnhA,sexM	glrA,rnhA,sexM		
Rhizopus_sp._NRRL_A-11791	Mucoromycota:MAT	scaffold_100	14493-54852	14493-54852	withheld:modelled_gene_bar	withheld:modelled_gene_bar	undetermined	undetermined							hsp_fragment	hsp_fragment	0.0	0.0	0.0	0.0	0.0	algA,rnhA,sexP	algA,rnhA,sexP		
Rhizopus_sp._NRRL_A-11791	Mucoromycota:MAT	scaffold_34	410-92193	410-92193	withheld:modelled_gene_bar	withheld:modelled_gene_bar	undetermined	undetermined							model	model	5.9	5.9	0.0	72.4	72.4	rnhA,sexM,sexP,tptA	rnhA,sexM,sexP,tptA		
Rhizopus_sp._NRRL_A-11791	Mucoromycota:MAT	scaffold_207	12698-24427	12698-24427	withheld:modelled_gene_bar	withheld:modelled_gene_bar	undetermined	undetermined							hsp_fragment	hsp_fragment	0.0	0.0	0.0	0.0	0.0	rnhA,sexM,sexP	rnhA,sexM,sexP		
Rhizopus_sp._NRRL_A-16766A	Mucoromycota:MAT	scaffold_1136	2894-17173	2894-17173	called	called	Minus	Minus	high	high	mat_locus	mat_locus			model	model	114.4	114.4	0.0	182.1	182.1	btbA,glrA,rnhA,sexM,tptA	btbA,glrA,rnhA,sexM,tptA		
Rhizopus_sp._NRRL_A-16766A	Mucoromycota:MAT	scaffold_837	5686-21424	5686-21424	called	called	Plus	Plus	high	high	mat_locus	mat_locus			model	model	317.4	317.4	0.0	368.4	368.4	btbA,glrA,rnhA,sexP,tptA	btbA,glrA,rnhA,sexP,tptA		
Rhizopus_sp._NRRL_A-16766A	Mucoromycota:MAT	scaffold_401	24816-29431	24816-29431	withheld:modelled_gene_bar	withheld:modelled_gene_bar	undetermined	undetermined							hsp_fragment	hsp_fragment	0.0	0.0	0.0	0.0	0.0	sexM,sexP,tptA	sexM,sexP,tptA		
Rhizopus_sp._NRRL_A-17034	Mucoromycota:MAT	scaffold_141	9564-29586	9564-29586	called	called	Plus	Plus	high	high	mat_locus	mat_locus			model	model	276.3	276.3	0.0	342.6	342.6	glrA,rnhA,sexM,sexP	glrA,rnhA,sexM,sexP		
Rhizopus_sp._NRRL_A-17034	Mucoromycota:MAT	scaffold_25	3849-36144	3849-36144	withheld:modelled_gene_bar	withheld:modelled_gene_bar	undetermined	undetermined							hsp_fragment	hsp_fragment	8.9	8.9	0.0	54.5	54.5	rnhA,sexM,sexP	rnhA,sexM,sexP		
Rhizopus_sp._NRRL_A-17034	Mucoromycota:MAT	scaffold_38	64715-73928	64715-73928	withheld:below_fraction_floor	withheld:below_fraction_floor	undetermined	undetermined							model	model	3.2	3.2	0.0	71.7	71.7	sexP	sexP		
Rhizopus_sp._NRRL_A-17388	Mucoromycota:MAT	scaffold_60	9108-28252	9108-28252	called	called	Minus	Minus	high	high	mat_locus	mat_locus			model	model	128.5	128.5	0.0	199.8	199.8	glrA,rnhA,sexM	glrA,rnhA,sexM		
Rhizopus_sp._NRRL_A-17388	Mucoromycota:MAT	scaffold_1205	4122-9295	4122-9295	withheld:below_fraction_floor	withheld:below_fraction_floor	Plus	Plus							model	model	271.7	271.7	0.0	332.9	332.9	rnhA,sexP	rnhA,sexP		
Rhizopus_sp._NRRL_A-17389	Mucoromycota:MAT	scaffold_85	1-18862	1-18862	called	called	Minus	Minus	high	high	mat_locus	mat_locus			model	model	116.9	116.9	0.0	187.5	187.5	glrA,rnhA,sexM	glrA,rnhA,sexM		
Rhizopus_sp._NRRL_A-17389	Mucoromycota:MAT	scaffold_2074	3-4748	3-4748	withheld:below_fraction_floor	withheld:below_fraction_floor	Plus	Plus							model	model	277.1	277.1	0.0	342.0	342.0	rnhA,sexP	rnhA,sexP		
Rhizopus_sp._NRRL_A-17389	Mucoromycota:MAT	scaffold_3122	936-1591	936-1591	withheld:below_fraction_floor	withheld:below_fraction_floor	undetermined	undetermined							model	model	13.6	13.6	0.0	75.1	75.1	sexM,sexP	sexM,sexP		
Rhizopus_sp._NRRL_A-17389	Mucoromycota:MAT	scaffold_77	29-29094	29-29094	withheld:below_fraction_floor	withheld:below_fraction_floor	undetermined	undetermined							hsp_fragment	hsp_fragment	0.2	0.2	0.0	0.2	0.2	sexP,tptA	sexP,tptA		
Rhizopus_sp._NRRL_A-17473	Mucoromycota:MAT	scaffold_876	1-8729	1-8729	called	called	Plus	Plus	high	high	mat_locus	mat_locus			model	model	277.1	277.1	0.0	342.0	342.0	glrA,rnhA,sexP	glrA,rnhA,sexP		
Rhizopus_sp._NRRL_A-17473	Mucoromycota:MAT	scaffold_43	1-18862	1-18862	called	called	Minus	Minus	high	high	mat_locus	mat_locus			model	model	116.9	116.9	0.0	187.5	187.5	glrA,rnhA,sexM	glrA,rnhA,sexM		
Rhizopus_sp._NRRL_A-17473	Mucoromycota:MAT	scaffold_755	4625-5279	4625-5279	withheld:below_fraction_floor	withheld:below_fraction_floor	undetermined	undetermined							model	model	13.6	13.6	0.0	75.1	75.1	sexM,sexP	sexM,sexP		
Rhizopus_sp._NRRL_A-17548	Mucoromycota:MAT	scaffold_568	2044-16602	2044-16602	called	called	Minus	Minus	high	high	mat_locus	mat_locus			model	model	166.2	166.2	0.0	235.0	235.0	btbA,glrA,rnhA,sexM,tptA	btbA,glrA,rnhA,sexM,tptA		
Rhizopus_sp._NRRL_A-17548	Mucoromycota:MAT	scaffold_339	16805-21423	16805-21423	withheld:modelled_gene_bar	withheld:modelled_gene_bar	undetermined	undetermined							hsp_fragment	hsp_fragment	0.0	0.0	0.0	0.0	0.0	sexM,sexP,tptA	sexM,sexP,tptA		
Rhizopus_sp._NRRL_A-17548	Mucoromycota:MAT	scaffold_147	20284-41780	20284-41780	withheld:modelled_gene_bar	withheld:modelled_gene_bar	undetermined	undetermined							hsp_fragment	hsp_fragment	3.9	3.9	0.0	3.9	3.9	glrA,sexM,sexP	glrA,sexM,sexP		
Rhizopus_sp._NRRL_A-18472	Mucoromycota:MAT	scaffold_294	2009-17686	2009-17686	called	called	Plus	Plus	high	high	mat_locus	mat_locus			model	model	317.4	317.4	0.0	368.4	368.4	btbA,glrA,rnhA,sexM,sexP,tptA	btbA,glrA,rnhA,sexM,sexP,tptA		
Rhizopus_sp._NRRL_A-18472	Mucoromycota:MAT	scaffold_240	16783-21395	16783-21395	withheld:modelled_gene_bar	withheld:modelled_gene_bar	undetermined	undetermined							hsp_fragment	hsp_fragment	0.0	0.0	0.0	0.0	0.0	sexM,sexP,tptA	sexM,sexP,tptA		
Rhizopus_sp._NRRL_A-18472	Mucoromycota:MAT	scaffold_175	20516-42189	20516-42189	withheld:modelled_gene_bar	withheld:modelled_gene_bar	undetermined	undetermined							hsp_fragment	hsp_fragment	3.9	3.9	0.0	3.9	3.9	glrA,sexM,sexP	glrA,sexM,sexP		
Rhizopus_sp._NRRL_A-18714	Mucoromycota:MAT	scaffold_376	7042-22504	7042-22504	called	called	Plus	Plus	high	high	mat_locus	mat_locus			model	model	315.2	315.2	0.0	365.3	365.3	btbA,glrA,rnhA,sexM,sexP,tptA	btbA,glrA,rnhA,sexM,sexP,tptA		
Rhizopus_sp._NRRL_A-18714	Mucoromycota:MAT	scaffold_52	61929-69153	61929-69153	withheld:modelled_gene_bar	withheld:modelled_gene_bar	undetermined	undetermined							hsp_fragment	hsp_fragment	0.0	0.0	0.0	0.0	0.0	sexM,sexP,tptA	sexM,sexP,tptA		
Rhizopus_sp._NRRL_A-18714	Mucoromycota:MAT	scaffold_35	14753-76813	14753-76813	withheld:below_fraction_floor	withheld:below_fraction_floor	undetermined	undetermined							model	model	18.4	18.4	0.0	78.2	78.2	glrA,sexM	glrA,sexM		
Rhizopus_sp._NRRL_A-18714	Mucoromycota:MAT	scaffold_36	62960-93638	62960-93638	withheld:below_fraction_floor	withheld:below_fraction_floor	undetermined	undetermined							model	model	24.8	24.8	0.0	40.3	40.3	algA,sexM	algA,sexM		
Rhizopus_sp._NRRL_A-18714	Mucoromycota:MAT	scaffold_448	11515-20080	11515-20080	withheld:below_fraction_floor	withheld:below_fraction_floor	undetermined	undetermined							model	model	15.8	15.8	0.0	73.2	73.2	rnhA,sexM	rnhA,sexM		
Rhizopus_sp._NRRL_A-18714	Mucoromycota:MAT	scaffold_175	36357-48714	36357-48714	withheld:below_fraction_floor	withheld:below_fraction_floor	undetermined	undetermined							hsp_fragment	hsp_fragment	0.0	0.0	0.0	0.0	0.0	algA,sexM	algA,sexM		
Rhizopus_sp._NRRL_A-21231	Mucoromycota:MAT	scaffold_596	2384-16957	2384-16957	called	called	Minus	Minus	high	high	mat_locus	mat_locus			model	model	166.2	166.2	0.0	235.0	235.0	btbA,glrA,rnhA,sexM,tptA	btbA,glrA,rnhA,sexM,tptA		
Rhizopus_sp._NRRL_A-21231	Mucoromycota:MAT	scaffold_71	60644-65261	60644-65261	withheld:modelled_gene_bar	withheld:modelled_gene_bar	undetermined	undetermined							hsp_fragment	hsp_fragment	0.0	0.0	0.0	0.0	0.0	sexM,sexP,tptA	sexM,sexP,tptA		
Rhizopus_sp._NRRL_A-21231	Mucoromycota:MAT	scaffold_176	19942-41441	19942-41441	withheld:modelled_gene_bar	withheld:modelled_gene_bar	undetermined	undetermined							hsp_fragment	hsp_fragment	3.9	3.9	0.0	3.9	3.9	glrA,sexM,sexP	glrA,sexM,sexP		
Rhizopus_sp._NRRL_A-23913	Mucoromycota:MAT	scaffold_301	10220-23223	10220-23223	called	called	Plus	Plus	high	high	mat_locus	mat_locus			model	model	315.4	315.4	0.0	370.4	370.4	btbA,glrA,rnhA,sexP	btbA,glrA,rnhA,sexP		
Rhizopus_sp._NRRL_A-23913	Mucoromycota:MAT	scaffold_156	38557-43177	38557-43177	withheld:modelled_gene_bar	withheld:modelled_gene_bar	undetermined	undetermined							hsp_fragment	hsp_fragment	0.0	0.0	0.0	0.0	0.0	sexM,sexP,tptA	sexM,sexP,tptA		
Rhizopus_sp._NRRL_A-23913	Mucoromycota:MAT	scaffold_120	20111-41682	20111-41682	withheld:modelled_gene_bar	withheld:modelled_gene_bar	undetermined	undetermined							hsp_fragment	hsp_fragment	3.9	3.9	0.0	3.9	3.9	glrA,sexM,sexP	glrA,sexM,sexP		
Rhizopus_sp._NRRL_A-23913	Mucoromycota:MAT	scaffold_891	5170-6598	5170-6598	withheld:below_fraction_floor	withheld:below_fraction_floor	undetermined	undetermined							hsp_fragment	hsp_fragment	0.0	0.0	0.0	0.0	0.0	sexM,tptA	sexM,tptA		
Rhizopus_stolonifer_NRRL_1479	Mucoromycota:MAT	scaffold_249	10902-26364	10902-26364	called	called	Plus	Plus	high	high	mat_locus	mat_locus			model	model	315.2	315.2	0.0	365.3	365.3	btbA,glrA,rnhA,sexM,sexP,tptA	btbA,glrA,rnhA,sexM,sexP,tptA		
Rhizopus_stolonifer_NRRL_1479	Mucoromycota:MAT	scaffold_25	79767-86991	79767-86991	withheld:modelled_gene_bar	withheld:modelled_gene_bar	undetermined	undetermined							hsp_fragment	hsp_fragment	0.0	0.0	0.0	0.0	0.0	sexM,sexP,tptA	sexM,sexP,tptA		
Rhizopus_stolonifer_NRRL_1479	Mucoromycota:MAT	scaffold_76	31509-83345	31509-83345	withheld:below_fraction_floor	withheld:below_fraction_floor	undetermined	undetermined							model	model	18.7	18.7	0.0	78.2	78.2	glrA,sexM	glrA,sexM		
Rhizopus_stolonifer_NRRL_1479	Mucoromycota:MAT	scaffold_195	34021-42586	34021-42586	withheld:below_fraction_floor	withheld:below_fraction_floor	undetermined	undetermined							model	model	15.8	15.8	0.0	73.2	73.2	rnhA,sexM	rnhA,sexM		
Rhizopus_stolonifer_NRRL_1479	Mucoromycota:MAT	scaffold_332	12694-25012	12694-25012	withheld:below_fraction_floor	withheld:below_fraction_floor	undetermined	undetermined							hsp_fragment	hsp_fragment	0.0	0.0	0.0	0.0	0.0	algA,sexM	algA,sexM		
Rhizopus_stolonifer_NRRL_1480	Mucoromycota:MAT	scaffold_480	9291-23843	9291-23843	called	called	Minus	Minus	high	high	mat_locus	mat_locus			model	model	158.5	158.5	0.0	227.1	227.1	btbA,glrA,rnhA,sexM,tptA	btbA,glrA,rnhA,sexM,tptA		
Rhizopus_stolonifer_NRRL_1480	Mucoromycota:MAT	scaffold_55	9198-56502	9198-56502	withheld:modelled_gene_bar	withheld:modelled_gene_bar	undetermined	undetermined							hsp_fragment	hsp_fragment	8.9	8.9	0.0	39.8	39.8	algA,rnhA,sexP	algA,rnhA,sexP		
Rhizopus_stolonifer_NRRL_1480	Mucoromycota:MAT	scaffold_74	37228-44447	37228-44447	withheld:modelled_gene_bar	withheld:modelled_gene_bar	undetermined	undetermined							hsp_fragment	hsp_fragment	0.0	0.0	0.0	0.0	0.0	sexM,sexP,tptA	sexM,sexP,tptA		
Rhizopus_stolonifer_NRRL_1480	Mucoromycota:MAT	scaffold_5	38637-100745	38637-100745	withheld:below_fraction_floor	withheld:below_fraction_floor	undetermined	undetermined							model	model	18.4	18.4	0.0	78.2	78.2	glrA,sexM	glrA,sexM		
Rhizopus_stolonifer_NRRL_1480	Mucoromycota:MAT	scaffold_408	11716-20282	11716-20282	withheld:below_fraction_floor	withheld:below_fraction_floor	undetermined	undetermined							model	model	15.8	15.8	0.0	73.2	73.2	rnhA,sexM	rnhA,sexM		
Rhizopus_stolonifer_NRRL_1483	Mucoromycota:MAT	scaffold_298	14151-28702	14151-28702	called	called	Minus	Minus	high	high	mat_locus	mat_locus			model	model	159.6	159.6	0.0	226.7	226.7	btbA,glrA,rnhA,sexM,tptA	btbA,glrA,rnhA,sexM,tptA		
Rhizopus_stolonifer_NRRL_1483	Mucoromycota:MAT	scaffold_96	47101-54325	47101-54325	withheld:modelled_gene_bar	withheld:modelled_gene_bar	undetermined	undetermined							hsp_fragment	hsp_fragment	0.0	0.0	0.0	0.0	0.0	sexM,sexP,tptA	sexM,sexP,tptA		
Rhizopus_stolonifer_NRRL_1483	Mucoromycota:MAT	scaffold_48	22072-84139	22072-84139	withheld:below_fraction_floor	withheld:below_fraction_floor	undetermined	undetermined							model	model	18.4	18.4	0.0	78.2	78.2	glrA,sexM	glrA,sexM		
Rhizopus_stolonifer_NRRL_1483	Mucoromycota:MAT	scaffold_255	19393-31632	19393-31632	withheld:below_fraction_floor	withheld:below_fraction_floor	undetermined	undetermined							hsp_fragment	hsp_fragment	0.0	0.0	0.0	0.0	0.0	algA,sexM	algA,sexM		
Rhizopus_stolonifer_NRRL_1519	Mucoromycota:MAT	scaffold_378	4285-18821	4285-18821	called	called	Minus	Minus	high	high	mat_locus	mat_locus			model	model	114.4	114.4	0.0	182.1	182.1	btbA,glrA,rnhA,sexM,tptA	btbA,glrA,rnhA,sexM,tptA		
Rhizopus_stolonifer_NRRL_54333	Mucoromycota:MAT	scaffold_534	379-14811	379-14811	called	called	Minus	Minus	high	high	mat_locus	mat_locus			model	model	114.4	114.4	0.0	182.1	182.1	btbA,glrA,rnhA,sexM,tptA	btbA,glrA,rnhA,sexM,tptA		
Rhizopus_stolonifer_NRRL_54667	Mucoromycota:MAT	scaffold_883	1908-8582	1908-8582	called	called	Plus	Plus	high	high	mat_locus	mat_locus			model	model	292.3	292.3	0.0	341.1	341.1	glrA,rnhA,sexP	glrA,rnhA,sexP		
Rhizopus_stolonifer_NRRL_54667	Mucoromycota:MAT	scaffold_96	7430-34307	7430-34307	withheld:below_fraction_floor	withheld:below_fraction_floor	undetermined	undetermined							model	model	18.0	18.0	0.0	73.3	73.3	algA,sexM	algA,sexM		
Rhizopus_stolonifer_NRRL_66454	Mucoromycota:MAT	scaffold_547	316-14609	316-14609	called	called	Minus	Minus	high	high	mat_locus	mat_locus			model	model	114.4	114.4	0.0	182.1	182.1	btbA,glrA,rnhA,sexM,tptA	btbA,glrA,rnhA,sexM,tptA		
Rhizopus_stolonifer_NRRL_66455	Mucoromycota:MAT	scaffold_426	2965-17350	2965-17350	called	called	Minus	Minus	high	high	mat_locus	mat_locus			model	model	114.4	114.4	0.0	182.1	182.1	btbA,glrA,rnhA,sexM,tptA	btbA,glrA,rnhA,sexM,tptA		
Rhizopus_stolonifer_NRRL_66456	Mucoromycota:MAT	scaffold_962	2976-9651	2976-9651	called	called	Plus	Plus	high	high	mat_locus	mat_locus			model	model	292.3	292.3	0.0	341.1	341.1	glrA,rnhA,sexP	glrA,rnhA,sexP		
Rhizopus_stolonifer_NRRL_66456	Mucoromycota:MAT	scaffold_7	27085-67391	27085-67391	withheld:modelled_gene_bar	withheld:modelled_gene_bar	undetermined	undetermined							hsp_fragment	hsp_fragment	0.0	0.0	0.0	0.0	0.0	rnhA,sexM,tptA	rnhA,sexM,tptA		
Rhizopus_stolonifer_NRRL_66457	Mucoromycota:MAT	scaffold_399	2968-17250	2968-17250	called	called	Minus	Minus	high	high	mat_locus	mat_locus			model	model	114.4	114.4	0.0	182.1	182.1	btbA,glrA,rnhA,sexM,tptA	btbA,glrA,rnhA,sexM,tptA		
Rhizopus_stolonifer_NRRL_66458	Mucoromycota:MAT	scaffold_367	3882-18180	3882-18180	called	called	Minus	Minus	high	high	mat_locus	mat_locus			model	model	114.4	114.4	0.0	182.1	182.1	btbA,glrA,rnhA,sexM,tptA	btbA,glrA,rnhA,sexM,tptA		
Rhizopus_stolonifer_NRRL_66459	Mucoromycota:MAT	scaffold_426	3775-18058	3775-18058	called	called	Minus	Minus	high	high	mat_locus	mat_locus			model	model	114.4	114.4	0.0	182.1	182.1	btbA,glrA,rnhA,sexM,tptA	btbA,glrA,rnhA,sexM,tptA		
Rhizopus_stolonifer_NRRL_66460	Mucoromycota:MAT	scaffold_220	13005-29495	13005-29495	called	called	Plus	Plus	high	high	mat_locus	mat_locus			model	model	296.3	296.3	0.0	343.2	343.2	btbA,glrA,rnhA,sexP	btbA,glrA,rnhA,sexP		
Rhizopus_thermosus_Yamamoto_NRRL_2862	Mucoromycota:MAT	scaffold_273	27903-43365	27903-43365	called	called	Plus	Plus	high	high	mat_locus	mat_locus			model	model	315.2	315.2	0.0	365.3	365.3	btbA,glrA,rnhA,sexM,sexP,tptA	btbA,glrA,rnhA,sexM,sexP,tptA		
Rhizopus_thermosus_Yamamoto_NRRL_2862	Mucoromycota:MAT	scaffold_78	49979-57526	49979-57526	withheld:modelled_gene_bar	withheld:modelled_gene_bar	undetermined	undetermined							hsp_fragment	hsp_fragment	0.0	0.0	0.0	0.0	0.0	sexM,sexP,tptA	sexM,sexP,tptA		
Rhizopus_thermosus_Yamamoto_NRRL_2862	Mucoromycota:MAT	scaffold_35	48434-110495	48434-110495	withheld:below_fraction_floor	withheld:below_fraction_floor	undetermined	undetermined							model	model	18.4	18.4	0.0	78.2	78.2	glrA,sexM	glrA,sexM		
Rhizopus_thermosus_Yamamoto_NRRL_2862	Mucoromycota:MAT	scaffold_7	155283-163875	155283-163875	withheld:below_fraction_floor	withheld:below_fraction_floor	undetermined	undetermined							model	model	15.8	15.8	0.0	73.2	73.2	rnhA,sexM	rnhA,sexM		
Rhizopus_thermosus_Yamamoto_NRRL_2862	Mucoromycota:MAT	scaffold_173	11934-24299	11934-24299	withheld:below_fraction_floor	withheld:below_fraction_floor	undetermined	undetermined							hsp_fragment	hsp_fragment	0.0	0.0	0.0	0.0	0.0	algA,sexM	algA,sexM		
Rhizopus_tritici_NRRL_1476	Mucoromycota:MAT	scaffold_560	2034-17264	2034-17264	called	called	Plus	Plus	high	high	mat_locus	mat_locus			model	model	315.4	315.4	0.0	370.4	370.4	btbA,glrA,rnhA,sexM,sexP,tptA	btbA,glrA,rnhA,sexM,sexP,tptA		
Rhizopus_tritici_NRRL_1476	Mucoromycota:MAT	scaffold_50	16777-21397	16777-21397	withheld:modelled_gene_bar	withheld:modelled_gene_bar	undetermined	undetermined							hsp_fragment	hsp_fragment	0.0	0.0	0.0	0.0	0.0	sexM,sexP,tptA	sexM,sexP,tptA		
Rhizopus_tritici_NRRL_1476	Mucoromycota:MAT	scaffold_105	28199-49792	28199-49792	withheld:modelled_gene_bar	withheld:modelled_gene_bar	undetermined	undetermined							hsp_fragment	hsp_fragment	3.9	3.9	0.0	3.9	3.9	glrA,sexM,sexP	glrA,sexM,sexP		
Rhizopus_tritici_NRRL_1476	Mucoromycota:MAT	scaffold_5	44452-95773	44452-95773	withheld:modelled_gene_bar	withheld:modelled_gene_bar	undetermined	undetermined							hsp_fragment	hsp_fragment	0.0	0.0	0.0	0.0	0.0	algA,glrA,sexP	algA,glrA,sexP		
Rhizopus_tritici_NRRL_1529	Mucoromycota:MAT	scaffold_489	9089-23651	9089-23651	called	called	Minus	Minus	high	high	mat_locus	mat_locus			model	model	160.2	160.2	0.0	228.2	228.2	btbA,glrA,rnhA,sexM,tptA	btbA,glrA,rnhA,sexM,tptA		
Rhizopus_tritici_NRRL_1529	Mucoromycota:MAT	scaffold_277	37366-45699	37366-45699	withheld:modelled_gene_bar	withheld:modelled_gene_bar	undetermined	undetermined							hsp_fragment	hsp_fragment	0.0	0.0	0.0	0.0	0.0	sexM,sexP,tptA	sexM,sexP,tptA		
Rhizopus_tritici_NRRL_1529	Mucoromycota:MAT	scaffold_9	52801-114983	52801-114983	withheld:below_fraction_floor	withheld:below_fraction_floor	undetermined	undetermined							model	model	18.7	18.7	0.0	78.0	78.0	glrA,sexM	glrA,sexM		
Rhizopus_tritici_NRRL_1529	Mucoromycota:MAT	scaffold_64	11512-20071	11512-20071	withheld:below_fraction_floor	withheld:below_fraction_floor	undetermined	undetermined							model	model	15.1	15.1	0.0	73.5	73.5	rnhA,sexM	rnhA,sexM		
Rhizopus_tritici_NRRL_1529	Mucoromycota:MAT	scaffold_420	7228-19437	7228-19437	withheld:below_fraction_floor	withheld:below_fraction_floor	undetermined	undetermined							hsp_fragment	hsp_fragment	0.0	0.0	0.0	0.0	0.0	algA,sexM	algA,sexM		
Sporodiniella_umbellata_FLAS-F-62758	Mucoromycota:MAT	scaffold_109	19069-37946	19069-37946	withheld:modelled_gene_bar	withheld:modelled_gene_bar	undetermined	undetermined							hsp_fragment	hsp_fragment	16.5	16.5	0.0	50.7	50.7	sexM,sexP	sexM,sexP		
Sporodiniella_umbellata_FLAS-F-62758	Mucoromycota:MAT	scaffold_237	24395-29906	24395-29906	withheld:modelled_gene_bar	withheld:modelled_gene_bar	undetermined	undetermined							hsp_fragment	hsp_fragment	6.8	6.8	0.0	26.6	26.6	sexM,sexP	sexM,sexP		
Sporodiniella_umbellata_FLAS-F-62758	Mucoromycota:MAT	scaffold_179	6590-36362	6590-36362	withheld:modelled_gene_bar	withheld:modelled_gene_bar	undetermined	undetermined							hsp_fragment	hsp_fragment	0.0	0.0	0.0	0.0	0.0	glrA,sexP	glrA,sexP		
Sporodiniella_umbellata_FLAS-F-62758	Mucoromycota:MAT	scaffold_24	8293-13481	8293-13481	withheld:modelled_gene_bar	withheld:modelled_gene_bar	undetermined	undetermined							hsp_fragment	hsp_fragment	0.4	0.4	0.0	0.4	0.4	sexM,tptA	sexM,tptA		
Sporodiniella_umbellata_FLAS-F-62758	Mucoromycota:MAT	scaffold_345	2386-13116	2386-13116	withheld:modelled_gene_bar	withheld:modelled_gene_bar	undetermined	undetermined							hsp_fragment	hsp_fragment	0.0	0.0	0.0	0.0	0.0	btbA,sexP	btbA,sexP		
Syncephalastrum_racemosum_CBS_440.59_Plus	Mucoromycota:MAT	scaffold_46	12661-82479	12661-82479	called	called	Plus	Plus	high	high	mat_locus	mat_locus			model	model	182.8	182.8	0.0	219.1	219.1	algA,rnhA,sexP	algA,rnhA,sexP		
Syncephalastrum_racemosum_CBS_440.59_Plus	Mucoromycota:MAT	scaffold_13	61828-153217	61828-153217	withheld:modelled_gene_bar	withheld:modelled_gene_bar	undetermined	undetermined							hsp_fragment	hsp_fragment	7.5	7.5	0.0	39.8	39.8	algA,rnhA,sexM,sexP	algA,rnhA,sexM,sexP		
Syncephalastrum_racemosum_CBS_440.59_Plus	Mucoromycota:MAT	scaffold_41	148834-156761	148834-156761	withheld:modelled_gene_bar+polish_capped	withheld:modelled_gene_bar+polish_capped	undetermined	undetermined							hsp_fragment	hsp_fragment	0.0	0.0	0.0	0.0	0.0	algA,rnhA,sexP	algA,rnhA,sexP		
Syncephalastrum_racemosum_CBS_440.59_Plus	Mucoromycota:MAT	scaffold_2	12162-70924	12162-70924	withheld:modelled_gene_bar	withheld:modelled_gene_bar	undetermined	undetermined							hsp_fragment	hsp_fragment	1.8	1.8	0.0	1.8	1.8	algA,glrA,rnhA,sexM	algA,glrA,rnhA,sexM		
Syncephalastrum_racemosum_CBS_440.59_Plus	Mucoromycota:MAT	scaffold_29	64426-130388	64426-130388	withheld:modelled_gene_bar+polish_capped	withheld:modelled_gene_bar+polish_capped	undetermined	undetermined							hsp_fragment	hsp_fragment	16.6	16.6	0.0	39.3	39.3	glrA,sexP,tptA	glrA,sexP,tptA		
Syncephalastrum_racemosum_CBS_440.59_Plus	Mucoromycota:MAT	scaffold_23	219152-250264	219152-250264	withheld:paralog_class	withheld:paralog_class	undetermined	undetermined							model	model	19.0	19.0	0.0	72.1	72.1	glrA,rnhA,sexM	glrA,rnhA,sexM		
Syncephalastrum_racemosum_CBS_440.59_Plus	Mucoromycota:MAT	scaffold_55	108415-160789	108415-160789	withheld:below_fraction_floor	withheld:below_fraction_floor	undetermined	undetermined							hsp_fragment	hsp_fragment	10.3	10.3	0.0	57.8	57.8	sexP,tptA	sexP,tptA		
Syncephalastrum_racemosum_CBS_440.59_Plus	Mucoromycota:MAT	scaffold_18	40713-56710	40713-56710	withheld:below_fraction_floor	withheld:below_fraction_floor	Minus	Minus							model	model	35.5	35.5	0.0	101.4	101.4	rnhA,sexM	rnhA,sexM		
Syncephalastrum_racemosum_CBS_441.59-	Mucoromycota:MAT	scaffold_167	18732-29399	18732-29399	called	called	Minus	Minus	high	high	mat_locus	mat_locus			model	model	34.3	34.3	0.0	89.6	89.6	algA,rnhA,sexM,tptA	algA,rnhA,sexM,tptA		
Syncephalastrum_racemosum_CBS_441.59-	Mucoromycota:MAT	scaffold_276	6345-60251	6345-60251	withheld:modelled_gene_bar	withheld:modelled_gene_bar	undetermined	undetermined														algA,glrA,rnhA	algA,glrA,rnhA		
Syncephalastrum_racemosum_CBS_441.59-	Mucoromycota:MAT	scaffold_621	6013-20258	6013-20258	withheld:modelled_gene_bar	withheld:modelled_gene_bar	undetermined	undetermined														algA,glrA,rnhA	algA,glrA,rnhA		
Syncephalastrum_racemosum_CBS_441.59-	Mucoromycota:MAT	scaffold_39	63710-70921	63710-70921	withheld:below_fraction_floor	withheld:below_fraction_floor	Minus	Minus							model	model	29.2	29.2	0.0	103.6	103.6	rnhA,sexM	rnhA,sexM		
Syncephalastrum_racemosum_NRRL_1506	Mucoromycota:MAT	scaffold_242	16465-32004	16465-32004	called	called	Plus	Plus	high	high	mat_locus	mat_locus			model	model	230.7	230.7	0.0	305.4	305.4	algA,rnhA,sexP,tptA	algA,rnhA,sexP,tptA		
Syncephalastrum_racemosum_NRRL_1623	Mucoromycota:MAT	scaffold_66	2810-41879	2810-41879	called	called	Minus	Minus	high	high	mat_locus	mat_locus			model	model	116.1	116.1	0.0	184.8	184.8	algA,glrA,rnhA,sexM,tptA	algA,glrA,rnhA,sexM,tptA		
Syncephalastrum_racemosum_NRRL_1623	Mucoromycota:MAT	scaffold_576	7831-8398	7831-8398	withheld:below_fraction_floor	withheld:below_fraction_floor	undetermined	undetermined							model	model	6.9	6.9	0.0	53.3	53.3	sexM,sexP	sexM,sexP		
Syncephalastrum_racemosum_NRRL_2495	Mucoromycota:MAT	scaffold_25	80231-87442	80231-87442	called	called	Minus	Minus	medium	medium	partial_locus	partial_locus			model	model	29.2	29.2	0.0	103.6	103.6	rnhA,sexM	rnhA,sexM		
Syncephalastrum_racemosum_NRRL_2495	Mucoromycota:MAT	scaffold_57	83518-148028	83518-148028	withheld:modelled_gene_bar+polish_capped	withheld:modelled_gene_bar+polish_capped	undetermined	undetermined							hsp_fragment	hsp_fragment	18.6	18.6	0.0	34.0	34.0	algA,sexM,sexP	algA,sexM,sexP		
Syncephalastrum_racemosum_NRRL_2495	Mucoromycota:MAT	scaffold_42	101759-197186	101759-197186	withheld:modelled_gene_bar	withheld:modelled_gene_bar	undetermined	undetermined							hsp_fragment	hsp_fragment	3.2	3.2	0.0	5.8	5.8	btbA,rnhA,sexM,sexP	btbA,rnhA,sexM,sexP		
Syncephalastrum_racemosum_NRRL_2495	Mucoromycota:MAT	scaffold_49	149181-157102	149181-157102	withheld:modelled_gene_bar+polish_capped	withheld:modelled_gene_bar+polish_capped	undetermined	undetermined							hsp_fragment	hsp_fragment	0.0	0.0	0.0	0.0	0.0	algA,rnhA,sexP	algA,rnhA,sexP		
Syncephalastrum_racemosum_NRRL_2495	Mucoromycota:MAT	scaffold_62	52658-111486	52658-111486	withheld:modelled_gene_bar	withheld:modelled_gene_bar	undetermined	undetermined							hsp_fragment	hsp_fragment	1.8	1.8	0.0	1.8	1.8	algA,glrA,rnhA,sexM	algA,glrA,rnhA,sexM		
Syncephalastrum_racemosum_NRRL_2495	Mucoromycota:MAT	scaffold_14	133831-225751	133831-225751	withheld:modelled_gene_bar	withheld:modelled_gene_bar	undetermined	undetermined														glrA,rnhA,tptA	glrA,rnhA,tptA		
Syncephalastrum_racemosum_NRRL_2495	Mucoromycota:MAT	scaffold_6	350599-381835	350599-381835	withheld:paralog_class	withheld:paralog_class	undetermined	undetermined							model	model	19.0	19.0	0.0	72.1	72.1	glrA,rnhA,sexM	glrA,rnhA,sexM		
Syncephalastrum_racemosum_NRRL_2495	Mucoromycota:MAT	scaffold_20	153384-188726	153384-188726	withheld:modelled_gene_bar+polish_capped	withheld:modelled_gene_bar+polish_capped	undetermined	undetermined							hsp_fragment	hsp_fragment	7.4	7.4	0.0	39.2	39.2	algA,sexP	algA,sexP		
Syncephalastrum_racemosum_NRRL_2495	Mucoromycota:MAT	scaffold_28	256630-281702	256630-281702	withheld:modelled_gene_bar+polish_capped	withheld:modelled_gene_bar+polish_capped	undetermined	undetermined							hsp_fragment	hsp_fragment	0.0	0.0	0.0	0.0	0.0	rnhA,sexM	rnhA,sexM		
Syncephalastrum_racemosum_NRRL_2495	Mucoromycota:MAT	scaffold_1	136143-152124	136143-152124	withheld:modelled_gene_bar	withheld:modelled_gene_bar	Minus	Minus							model	model	35.5	35.5	0.0	101.4	101.4	rnhA,sexM	rnhA,sexM		
Syncephalastrum_racemosum_NRRL_2495	Mucoromycota:MAT	scaffold_34	174246-211589	174246-211589	withheld:modelled_gene_bar+polish_capped	withheld:modelled_gene_bar+polish_capped	undetermined	undetermined							hsp_fragment	hsp_fragment	0.0	0.0	0.0	0.0	0.0	rnhA,sexP	rnhA,sexP		
Syncephalastrum_racemosum_NRRL_2495	Mucoromycota:MAT	scaffold_5	398424-417932	398424-417932	withheld:modelled_gene_bar+polish_capped	withheld:modelled_gene_bar+polish_capped	undetermined	undetermined							hsp_fragment	hsp_fragment	0.0	0.0	0.0	0.0	0.0	rnhA,sexM	rnhA,sexM		
Syncephalastrum_racemosum_NRRL_2495	Mucoromycota:MAT	scaffold_13	110717-150513	110717-150513	withheld:modelled_gene_bar	withheld:modelled_gene_bar	undetermined	undetermined							model	model	11.3	11.3	0.0	73.3	73.3	glrA,sexM	glrA,sexM		
Syncephalastrum_racemosum_NRRL_2495	Mucoromycota:MAT	scaffold_10	394441-440357	394441-440357	withheld:modelled_gene_bar+polish_capped	withheld:modelled_gene_bar+polish_capped	undetermined	undetermined							hsp_fragment	hsp_fragment	19.8	19.8	0.0	34.8	34.8	sexM,sexP	sexM,sexP		
Syncephalastrum_racemosum_NRRL_2495	Mucoromycota:MAT	scaffold_2	848103-869699	848103-869699	withheld:modelled_gene_bar+polish_capped	withheld:modelled_gene_bar+polish_capped	undetermined	undetermined							hsp_fragment	hsp_fragment	13.4	13.4	0.0	35.7	35.7	sexM,sexP	sexM,sexP		
Syncephalastrum_racemosum_NRRL_2495	Mucoromycota:MAT	scaffold_21	236029-276091	236029-276091	withheld:modelled_gene_bar+polish_capped	withheld:modelled_gene_bar+polish_capped	undetermined	undetermined							hsp_fragment	hsp_fragment	0.3	0.3	0.0	0.3	0.3	sexM,sexP	sexM,sexP		
Syncephalastrum_racemosum_NRRL_2495	Mucoromycota:MAT	scaffold_17	230506-265422	230506-265422	withheld:modelled_gene_bar+polish_capped	withheld:modelled_gene_bar+polish_capped	undetermined	undetermined							hsp_fragment	hsp_fragment	2.4	2.4	0.0	2.4	2.4	rnhA,sexM	rnhA,sexM		
Syncephalastrum_racemosum_NRRL_2495	Mucoromycota:MAT	scaffold_12	139178-194571	139178-194571	withheld:modelled_gene_bar+polish_capped	withheld:modelled_gene_bar+polish_capped	undetermined	undetermined							hsp_fragment	hsp_fragment	20.7	20.7	0.0	36.3	36.3	sexM,sexP	sexM,sexP		
Syncephalastrum_racemosum_NRRL_2495	Mucoromycota:MAT	scaffold_35	228961-250404	228961-250404	withheld:modelled_gene_bar+polish_capped	withheld:modelled_gene_bar+polish_capped	undetermined	undetermined							hsp_fragment	hsp_fragment	16.6	16.6	0.0	39.3	39.3	glrA,sexP	glrA,sexP		
Syncephalastrum_racemosum_NRRL_2495	Mucoromycota:MAT	scaffold_19	96766-178508	96766-178508	withheld:modelled_gene_bar+polish_capped	withheld:modelled_gene_bar+polish_capped	undetermined	undetermined							hsp_fragment	hsp_fragment	19.4	19.4	0.0	42.1	42.1	btbA,sexP	btbA,sexP		
Syncephalastrum_racemosum_NRRL_2495	Mucoromycota:MAT	scaffold_29	158235-203160	158235-203160	withheld:modelled_gene_bar+polish_capped	withheld:modelled_gene_bar+polish_capped	undetermined	undetermined							hsp_fragment	hsp_fragment	0.0	0.0	0.0	0.0	0.0	algA,sexM	algA,sexM		
Syncephalastrum_racemosum_NRRL_2495	Mucoromycota:MAT	scaffold_1	136143-152124	136143-152124	withheld:below_fraction_floor	withheld:below_fraction_floor	Minus	Minus							model	model	35.5	35.5	0.0	101.4	101.4	rnhA,sexM	rnhA,sexM		
Syncephalastrum_racemosum_NRRL_2495	Mucoromycota:MAT	scaffold_13	110717-150513	110717-150513	withheld:below_fraction_floor	withheld:below_fraction_floor	undetermined	undetermined							model	model	11.3	11.3	0.0	73.3	73.3	glrA,sexM	glrA,sexM		
Syncephalastrum_sp._NRRL_1485	Mucoromycota:MAT	scaffold_93	38556-41313	38556-41313	withheld:modelled_gene_bar	withheld:modelled_gene_bar	undetermined	undetermined							hsp_fragment	hsp_fragment	5.0	5.0	0.0	39.9	39.9	glrA,sexM,sexP	glrA,sexM,sexP		
Syncephalastrum_sp._NRRL_1485	Mucoromycota:MAT	scaffold_43	44869-129511	44869-129511	withheld:modelled_gene_bar	withheld:modelled_gene_bar	undetermined	undetermined							hsp_fragment	hsp_fragment	0.0	0.0	0.0	0.0	0.0	algA,sexP,tptA	algA,sexP,tptA		
Syncephalastrum_sp._NRRL_1485	Mucoromycota:MAT	scaffold_145	21493-56666	21493-56666	withheld:modelled_gene_bar+polish_capped	withheld:modelled_gene_bar+polish_capped	undetermined	undetermined							hsp_fragment	hsp_fragment	6.0	6.0	0.0	41.5	41.5	sexM,sexP	sexM,sexP		
Syncephalastrum_sp._NRRL_1485	Mucoromycota:MAT	scaffold_143	40515-62171	40515-62171	withheld:modelled_gene_bar	withheld:modelled_gene_bar	undetermined	undetermined							model	model	5.0	5.0	0.0	56.8	56.8	btbA,sexP	btbA,sexP		
Syncephalastrum_sp._NRRL_1485	Mucoromycota:MAT	scaffold_160	41561-55230	41561-55230	withheld:modelled_gene_bar+polish_capped	withheld:modelled_gene_bar+polish_capped	undetermined	undetermined							hsp_fragment	hsp_fragment	0.0	0.0	0.0	0.0	0.0	rnhA,sexP	rnhA,sexP		
Syncephalastrum_sp._NRRL_1485	Mucoromycota:MAT	scaffold_25	36931-59045	36931-59045	withheld:modelled_gene_bar	withheld:modelled_gene_bar	undetermined	undetermined							hsp_fragment	hsp_fragment	5.5	5.5	0.0	39.7	39.7	sexP,tptA	sexP,tptA		
Syncephalastrum_sp._NRRL_1485	Mucoromycota:MAT	scaffold_239	23994-39676	23994-39676	withheld:modelled_gene_bar+polish_capped	withheld:modelled_gene_bar+polish_capped	undetermined	undetermined							hsp_fragment	hsp_fragment	0.7	0.7	0.0	0.7	0.7	rnhA,sexP	rnhA,sexP		
Syncephalastrum_sp._NRRL_1485	Mucoromycota:MAT	scaffold_139	74562-75082	74562-75082	withheld:modelled_gene_bar+polish_capped	withheld:modelled_gene_bar+polish_capped	undetermined	undetermined							hsp_fragment	hsp_fragment	22.0	22.0	0.0	45.5	45.5	sexM,sexP	sexM,sexP		
Syncephalastrum_sp._NRRL_1485	Mucoromycota:MAT	scaffold_154	20760-41539	20760-41539	withheld:modelled_gene_bar	withheld:modelled_gene_bar	undetermined	undetermined							hsp_fragment	hsp_fragment	0.0	0.0	0.0	0.0	0.0	sexM,tptA	sexM,tptA		
Syncephalastrum_sp._NRRL_1485	Mucoromycota:MAT	scaffold_177	8244-33484	8244-33484	withheld:modelled_gene_bar	withheld:modelled_gene_bar	undetermined	undetermined							hsp_fragment	hsp_fragment	4.8	4.8	0.0	4.8	4.8	rnhA,sexM	rnhA,sexM		
Syncephalastrum_sp._NRRL_1485	Mucoromycota:MAT	scaffold_143	40515-62171	40515-62171	withheld:below_fraction_floor	withheld:below_fraction_floor	undetermined	undetermined							model	model	5.0	5.0	0.0	56.8	56.8	btbA,sexP	btbA,sexP		
Syncephalastrum_sp._NRRL_1487	Mucoromycota:MAT	scaffold_6	312047-317015	312047-317015	called	called	Minus	Minus	medium	medium	partial_locus	partial_locus			model	model	39.8	39.8	0.0	110.1	110.1	rnhA,sexM	rnhA,sexM		
Syncephalastrum_sp._NRRL_1487	Mucoromycota:MAT	scaffold_113	3481-46599	3481-46599	withheld:modelled_gene_bar	withheld:modelled_gene_bar	undetermined	undetermined							hsp_fragment	hsp_fragment	19.8	19.8	0.0	30.9	30.9	glrA,sexM,sexP	glrA,sexM,sexP		
Syncephalastrum_sp._NRRL_1487	Mucoromycota:MAT	scaffold_65	10810-117397	10810-117397	withheld:modelled_gene_bar	withheld:modelled_gene_bar	undetermined	undetermined							hsp_fragment	hsp_fragment	0.0	0.0	0.0	0.0	0.0	algA,rnhA,sexM,sexP	algA,rnhA,sexM,sexP		
Syncephalastrum_sp._NRRL_1487	Mucoromycota:MAT	scaffold_29	96977-142355	96977-142355	withheld:modelled_gene_bar	withheld:modelled_gene_bar	undetermined	undetermined														algA,glrA,rnhA	algA,glrA,rnhA		
Syncephalastrum_sp._NRRL_1487	Mucoromycota:MAT	scaffold_35	72168-140797	72168-140797	withheld:modelled_gene_bar	withheld:modelled_gene_bar	undetermined	undetermined														algA,glrA,rnhA	algA,glrA,rnhA		
Syncephalastrum_sp._NRRL_1487	Mucoromycota:MAT	scaffold_109	50645-84290	50645-84290	withheld:modelled_gene_bar	withheld:modelled_gene_bar	undetermined	undetermined							hsp_fragment	hsp_fragment	0.0	0.0	0.0	0.0	0.0	algA,sexM,sexP	algA,sexM,sexP		
Syncephalastrum_sp._NRRL_1487	Mucoromycota:MAT	scaffold_56	4411-5250	4411-5250	withheld:modelled_gene_bar+polish_capped	withheld:modelled_gene_bar+polish_capped	undetermined	undetermined							hsp_fragment	hsp_fragment	6.1	6.1	0.0	59.5	59.5	sexM,sexP	sexM,sexP		
Syncephalastrum_sp._NRRL_1487	Mucoromycota:MAT	scaffold_2	10355-66180	10355-66180	withheld:modelled_gene_bar+polish_capped	withheld:modelled_gene_bar+polish_capped	undetermined	undetermined							hsp_fragment	hsp_fragment	17.8	17.8	0.0	31.8	31.8	sexM,sexP	sexM,sexP		
Syncephalastrum_sp._NRRL_1487	Mucoromycota:MAT	scaffold_197	22933-23976	22933-23976	withheld:modelled_gene_bar+polish_capped	withheld:modelled_gene_bar+polish_capped	undetermined	undetermined							hsp_fragment	hsp_fragment	11.5	11.5	0.0	45.7	45.7	sexM,sexP	sexM,sexP		
Syncephalastrum_sp._NRRL_1487	Mucoromycota:MAT	scaffold_59	55481-89680	55481-89680	withheld:modelled_gene_bar+polish_capped	withheld:modelled_gene_bar+polish_capped	undetermined	undetermined							hsp_fragment	hsp_fragment	0.0	0.0	0.0	0.0	0.0	rnhA,sexP	rnhA,sexP		
Syncephalastrum_sp._NRRL_1487	Mucoromycota:MAT	scaffold_10	241701-244186	241701-244186	withheld:modelled_gene_bar+polish_capped	withheld:modelled_gene_bar+polish_capped	undetermined	undetermined							hsp_fragment	hsp_fragment	0.0	0.0	0.0	0.0	0.0	rnhA,sexP	rnhA,sexP		
Syncephalastrum_sp._NRRL_1487	Mucoromycota:MAT	scaffold_45	93276-139001	93276-139001	withheld:modelled_gene_bar+polish_capped	withheld:modelled_gene_bar+polish_capped	undetermined	undetermined							hsp_fragment	hsp_fragment	11.4	11.4	0.0	27.8	27.8	sexM,sexP	sexM,sexP		
Syncephalastrum_sp._NRRL_1487	Mucoromycota:MAT	scaffold_37	33573-53273	33573-53273	withheld:modelled_gene_bar+polish_capped	withheld:modelled_gene_bar+polish_capped	undetermined	undetermined							hsp_fragment	hsp_fragment	16.4	16.4	0.0	38.0	38.0	glrA,sexP	glrA,sexP		
Syncephalastrum_sp._NRRL_1487	Mucoromycota:MAT	scaffold_69	72003-74926	72003-74926	withheld:modelled_gene_bar+polish_capped	withheld:modelled_gene_bar+polish_capped	undetermined	undetermined							hsp_fragment	hsp_fragment	0.0	0.0	0.0	0.0	0.0	algA,sexM	algA,sexM		
Syncephalastrum_sp._NRRL_1487	Mucoromycota:MAT	scaffold_8	231629-276694	231629-276694	withheld:modelled_gene_bar+polish_capped	withheld:modelled_gene_bar+polish_capped	undetermined	undetermined							hsp_fragment	hsp_fragment	1.7	1.7	0.0	2.2	2.2	glrA,sexP	glrA,sexP		
Syncephalastrum_sp._NRRL_1487	Mucoromycota:MAT	scaffold_80	54328-64751	54328-64751	withheld:modelled_gene_bar+polish_capped	withheld:modelled_gene_bar+polish_capped	undetermined	undetermined							hsp_fragment	hsp_fragment	0.0	0.0	0.0	0.0	0.0	rnhA,sexM	rnhA,sexM		
Syncephalastrum_sp._NRRL_1487	Mucoromycota:MAT	scaffold_4	24400-73737	24400-73737	withheld:modelled_gene_bar	withheld:modelled_gene_bar	undetermined	undetermined							hsp_fragment	hsp_fragment	0.0	0.0	0.0	0.0	0.0	btbA,sexM,tptA	btbA,sexM,tptA		
Syncephalastrum_sp._NRRL_1487	Mucoromycota:MAT	scaffold_15	68248-100791	68248-100791	withheld:modelled_gene_bar+polish_capped	withheld:modelled_gene_bar+polish_capped	undetermined	undetermined							hsp_fragment	hsp_fragment	0.0	0.0	0.0	0.0	0.0	sexM,tptA	sexM,tptA		
Syncephalastrum_sp._NRRL_1487	Mucoromycota:MAT	scaffold_49	79272-110035	79272-110035	withheld:paralog_class	withheld:paralog_class	undetermined	undetermined							model	model	14.3	14.3	0.0	67.2	67.2	glrA,sexP	glrA,sexP		
Syncephalastrum_sp._NRRL_1487	Mucoromycota:MAT	scaffold_49	79272-110035	79272-110035	withheld:below_fraction_floor	withheld:below_fraction_floor	undetermined	undetermined							model	model	14.3	14.3	0.0	67.2	67.2	glrA,sexP	glrA,sexP		
Syncephalastrum_sp._NRRL_1505	Mucoromycota:MAT	scaffold_8	389650-394618	389650-394618	called	called	Minus	Minus	medium	medium	partial_locus	partial_locus			model	model	39.8	39.8	0.0	110.1	110.1	rnhA,sexM	rnhA,sexM		
Syncephalastrum_sp._NRRL_1505	Mucoromycota:MAT	scaffold_15	389131-432249	389131-432249	withheld:modelled_gene_bar+polish_capped	withheld:modelled_gene_bar+polish_capped	undetermined	undetermined							hsp_fragment	hsp_fragment	19.8	19.8	0.0	30.9	30.9	glrA,sexM,sexP	glrA,sexM,sexP		
Syncephalastrum_sp._NRRL_1505	Mucoromycota:MAT	scaffold_9	274404-430681	274404-430681	withheld:modelled_gene_bar	withheld:modelled_gene_bar	undetermined	undetermined							hsp_fragment	hsp_fragment	11.5	11.5	0.0	45.7	45.7	algA,rnhA,sexM,sexP,tptA	algA,rnhA,sexM,sexP,tptA		
Syncephalastrum_sp._NRRL_1505	Mucoromycota:MAT	scaffold_22	310516-355864	310516-355864	withheld:modelled_gene_bar	withheld:modelled_gene_bar	undetermined	undetermined														algA,glrA,rnhA	algA,glrA,rnhA		
Syncephalastrum_sp._NRRL_1505	Mucoromycota:MAT	scaffold_14	71670-140299	71670-140299	withheld:modelled_gene_bar	withheld:modelled_gene_bar	undetermined	undetermined														algA,glrA,rnhA	algA,glrA,rnhA		
Syncephalastrum_sp._NRRL_1505	Mucoromycota:MAT	scaffold_37	52570-89790	52570-89790	withheld:modelled_gene_bar	withheld:modelled_gene_bar	undetermined	undetermined							hsp_fragment	hsp_fragment	0.0	0.0	0.0	0.0	0.0	rnhA,sexM,sexP	rnhA,sexM,sexP		
Syncephalastrum_sp._NRRL_1505	Mucoromycota:MAT	scaffold_37	142802-222862	142802-222862	withheld:modelled_gene_bar	withheld:modelled_gene_bar	undetermined	undetermined														algA,rnhA,tptA	algA,rnhA,tptA		
Syncephalastrum_sp._NRRL_1505	Mucoromycota:MAT	scaffold_43	214222-215067	214222-215067	withheld:modelled_gene_bar+polish_capped	withheld:modelled_gene_bar+polish_capped	undetermined	undetermined							hsp_fragment	hsp_fragment	6.1	6.1	0.0	59.5	59.5	sexM,sexP	sexM,sexP		
Syncephalastrum_sp._NRRL_1505	Mucoromycota:MAT	scaffold_15	210465-255337	210465-255337	withheld:modelled_gene_bar+polish_capped	withheld:modelled_gene_bar+polish_capped	undetermined	undetermined							hsp_fragment	hsp_fragment	1.7	1.7	0.0	2.2	2.2	glrA,sexP	glrA,sexP		
Syncephalastrum_sp._NRRL_1505	Mucoromycota:MAT	scaffold_67	50421-106240	50421-106240	withheld:modelled_gene_bar+polish_capped	withheld:modelled_gene_bar+polish_capped	undetermined	undetermined							hsp_fragment	hsp_fragment	17.8	17.8	0.0	31.8	31.8	sexM,sexP	sexM,sexP		
Syncephalastrum_sp._NRRL_1505	Mucoromycota:MAT	scaffold_9	75773-108316	75773-108316	withheld:modelled_gene_bar+polish_capped	withheld:modelled_gene_bar+polish_capped	undetermined	undetermined							hsp_fragment	hsp_fragment	0.0	0.0	0.0	0.0	0.0	sexM,tptA	sexM,tptA		
Syncephalastrum_sp._NRRL_1505	Mucoromycota:MAT	scaffold_8	501575-553775	501575-553775	withheld:modelled_gene_bar+polish_capped	withheld:modelled_gene_bar+polish_capped	undetermined	undetermined							hsp_fragment	hsp_fragment	0.0	0.0	0.0	0.0	0.0	rnhA,sexP	rnhA,sexP		
Syncephalastrum_sp._NRRL_1505	Mucoromycota:MAT	scaffold_22	115929-135629	115929-135629	withheld:modelled_gene_bar+polish_capped	withheld:modelled_gene_bar+polish_capped	undetermined	undetermined							hsp_fragment	hsp_fragment	16.4	16.4	0.0	38.0	38.0	glrA,sexP	glrA,sexP		
Syncephalastrum_sp._NRRL_1505	Mucoromycota:MAT	scaffold_23	68406-133944	68406-133944	withheld:modelled_gene_bar	withheld:modelled_gene_bar	undetermined	undetermined							model	model	12.6	12.6	0.0	69.3	69.3	rnhA,sexM	rnhA,sexM		
Syncephalastrum_sp._NRRL_1505	Mucoromycota:MAT	scaffold_26	31213-33698	31213-33698	withheld:modelled_gene_bar+polish_capped	withheld:modelled_gene_bar+polish_capped	undetermined	undetermined							hsp_fragment	hsp_fragment	0.0	0.0	0.0	0.0	0.0	rnhA,sexP	rnhA,sexP		
Syncephalastrum_sp._NRRL_1505	Mucoromycota:MAT	scaffold_2	632373-678097	632373-678097	withheld:modelled_gene_bar+polish_capped	withheld:modelled_gene_bar+polish_capped	undetermined	undetermined							hsp_fragment	hsp_fragment	11.4	11.4	0.0	27.8	27.8	sexM,sexP	sexM,sexP		
Syncephalastrum_sp._NRRL_1505	Mucoromycota:MAT	scaffold_3	228215-247282	228215-247282	withheld:modelled_gene_bar+polish_capped	withheld:modelled_gene_bar+polish_capped	undetermined	undetermined							hsp_fragment	hsp_fragment	0.0	0.0	0.0	0.0	0.0	sexM,sexP	sexM,sexP		
Syncephalastrum_sp._NRRL_1505	Mucoromycota:MAT	scaffold_4	272510-275433	272510-275433	withheld:modelled_gene_bar+polish_capped	withheld:modelled_gene_bar+polish_capped	undetermined	undetermined							hsp_fragment	hsp_fragment	0.0	0.0	0.0	0.0	0.0	algA,sexM	algA,sexM		
Syncephalastrum_sp._NRRL_1505	Mucoromycota:MAT	scaffold_47	24105-73459	24105-73459	withheld:modelled_gene_bar	withheld:modelled_gene_bar	undetermined	undetermined							hsp_fragment	hsp_fragment	0.0	0.0	0.0	0.0	0.0	btbA,sexM,tptA	btbA,sexM,tptA		
Syncephalastrum_sp._NRRL_1505	Mucoromycota:MAT	scaffold_24	229778-320304	229778-320304	withheld:modelled_gene_bar+polish_capped	withheld:modelled_gene_bar+polish_capped	undetermined	undetermined							hsp_fragment	hsp_fragment	0.0	0.0	0.0	0.0	0.0	sexM,tptA	sexM,tptA		
Syncephalastrum_sp._NRRL_1505	Mucoromycota:MAT	scaffold_1	787011-817681	787011-817681	withheld:paralog_class	withheld:paralog_class	undetermined	undetermined							model	model	14.3	14.3	0.0	67.2	67.2	glrA,sexP	glrA,sexP		
Syncephalastrum_sp._NRRL_1505	Mucoromycota:MAT	scaffold_1	787011-817681	787011-817681	withheld:below_fraction_floor	withheld:below_fraction_floor	undetermined	undetermined							model	model	14.3	14.3	0.0	67.2	67.2	glrA,sexP	glrA,sexP		
Syncephalastrum_sp._NRRL_1505	Mucoromycota:MAT	scaffold_23	68406-133944	68406-133944	withheld:below_fraction_floor	withheld:below_fraction_floor	undetermined	undetermined							model	model	12.6	12.6	0.0	69.3	69.3	rnhA,sexM	rnhA,sexM		
Syncephalastrum_sp._NRRL_1507	Mucoromycota:MAT	scaffold_33	259211-266430	259211-266430	called	called	Minus	Minus	medium	medium	partial_locus	partial_locus			model	model	27.1	27.1	0.0	106.5	106.5	rnhA,sexM	rnhA,sexM		
Syncephalastrum_sp._NRRL_1507	Mucoromycota:MAT	scaffold_19	88304-152815	88304-152815	withheld:modelled_gene_bar+polish_capped	withheld:modelled_gene_bar+polish_capped	undetermined	undetermined							hsp_fragment	hsp_fragment	18.6	18.6	0.0	34.0	34.0	algA,sexM,sexP	algA,sexM,sexP		
Syncephalastrum_sp._NRRL_1507	Mucoromycota:MAT	scaffold_1	558980-650470	558980-650470	withheld:modelled_gene_bar	withheld:modelled_gene_bar	undetermined	undetermined							hsp_fragment	hsp_fragment	7.5	7.5	0.0	39.8	39.8	algA,rnhA,sexM,sexP	algA,rnhA,sexM,sexP		
Syncephalastrum_sp._NRRL_1507	Mucoromycota:MAT	scaffold_3	728354-787199	728354-787199	withheld:modelled_gene_bar	withheld:modelled_gene_bar	undetermined	undetermined							hsp_fragment	hsp_fragment	1.8	1.8	0.0	1.8	1.8	algA,glrA,rnhA,sexM	algA,glrA,rnhA,sexM		
Syncephalastrum_sp._NRRL_1507	Mucoromycota:MAT	scaffold_90	35986-43892	35986-43892	withheld:modelled_gene_bar+polish_capped	withheld:modelled_gene_bar+polish_capped	undetermined	undetermined							hsp_fragment	hsp_fragment	0.0	0.0	0.0	0.0	0.0	algA,rnhA,sexP	algA,rnhA,sexP		
Syncephalastrum_sp._NRRL_1507	Mucoromycota:MAT	scaffold_4	228909-254142	228909-254142	withheld:modelled_gene_bar+polish_capped	withheld:modelled_gene_bar+polish_capped	undetermined	undetermined							hsp_fragment	hsp_fragment	16.6	16.6	0.0	39.3	39.3	glrA,rnhA,sexP	glrA,rnhA,sexP		
Syncephalastrum_sp._NRRL_1507	Mucoromycota:MAT	scaffold_12	367705-463169	367705-463169	withheld:modelled_gene_bar	withheld:modelled_gene_bar	undetermined	undetermined							hsp_fragment	hsp_fragment	3.0	3.0	0.0	7.3	7.3	btbA,rnhA,sexM,sexP	btbA,rnhA,sexM,sexP		
Syncephalastrum_sp._NRRL_1507	Mucoromycota:MAT	scaffold_31	80212-136391	80212-136391	withheld:modelled_gene_bar+polish_capped	withheld:modelled_gene_bar+polish_capped	undetermined	undetermined							hsp_fragment	hsp_fragment	0.0	0.0	0.0	0.0	0.0	algA,rnhA,sexP	algA,rnhA,sexP		
Syncephalastrum_sp._NRRL_1507	Mucoromycota:MAT	scaffold_54	57262-149194	57262-149194	withheld:modelled_gene_bar	withheld:modelled_gene_bar	undetermined	undetermined														glrA,rnhA,tptA	glrA,rnhA,tptA		
Syncephalastrum_sp._NRRL_1507	Mucoromycota:MAT	scaffold_6	559901-590993	559901-590993	withheld:paralog_class	withheld:paralog_class	undetermined	undetermined							model	model	19.0	19.0	0.0	72.1	72.1	glrA,rnhA,sexM	glrA,rnhA,sexM		
Syncephalastrum_sp._NRRL_1507	Mucoromycota:MAT	scaffold_49	8264-60637	8264-60637	withheld:modelled_gene_bar	withheld:modelled_gene_bar	undetermined	undetermined							hsp_fragment	hsp_fragment	10.3	10.3	0.0	57.8	57.8	sexP,tptA	sexP,tptA		
Syncephalastrum_sp._NRRL_1507	Mucoromycota:MAT	scaffold_1	879177-896894	879177-896894	withheld:modelled_gene_bar+polish_capped	withheld:modelled_gene_bar+polish_capped	undetermined	undetermined							hsp_fragment	hsp_fragment	0.0	0.0	0.0	0.0	0.0	sexM,sexP	sexM,sexP		
Syncephalastrum_sp._NRRL_1507	Mucoromycota:MAT	scaffold_4	552985-588423	552985-588423	withheld:modelled_gene_bar+polish_capped	withheld:modelled_gene_bar+polish_capped	undetermined	undetermined							hsp_fragment	hsp_fragment	2.4	2.4	0.0	2.4	2.4	rnhA,sexM	rnhA,sexM		
Syncephalastrum_sp._NRRL_1507	Mucoromycota:MAT	scaffold_57	96936-136579	96936-136579	withheld:modelled_gene_bar+polish_capped	withheld:modelled_gene_bar+polish_capped	undetermined	undetermined							hsp_fragment	hsp_fragment	6.0	6.0	0.0	49.5	49.5	glrA,sexM	glrA,sexM		
Syncephalastrum_sp._NRRL_1507	Mucoromycota:MAT	scaffold_18	272172-317941	272172-317941	withheld:modelled_gene_bar+polish_capped	withheld:modelled_gene_bar+polish_capped	undetermined	undetermined							hsp_fragment	hsp_fragment	19.8	19.8	0.0	34.8	34.8	sexM,sexP	sexM,sexP		
Syncephalastrum_sp._NRRL_1507	Mucoromycota:MAT	scaffold_24	287205-308796	287205-308796	withheld:modelled_gene_bar+polish_capped	withheld:modelled_gene_bar+polish_capped	undetermined	undetermined							hsp_fragment	hsp_fragment	13.4	13.4	0.0	35.7	35.7	sexM,sexP	sexM,sexP		
Syncephalastrum_sp._NRRL_1507	Mucoromycota:MAT	scaffold_16	402460-427108	402460-427108	withheld:modelled_gene_bar+polish_capped	withheld:modelled_gene_bar+polish_capped	undetermined	undetermined							hsp_fragment	hsp_fragment	20.7	20.7	0.0	36.3	36.3	sexM,sexP	sexM,sexP		
Syncephalastrum_sp._NRRL_1507	Mucoromycota:MAT	scaffold_28	201586-241405	201586-241405	withheld:modelled_gene_bar+polish_capped	withheld:modelled_gene_bar+polish_capped	undetermined	undetermined							hsp_fragment	hsp_fragment	1.8	1.8	0.0	1.8	1.8	sexM,tptA	sexM,tptA		
Syncephalastrum_sp._NRRL_1507	Mucoromycota:MAT	scaffold_79	60237-94931	60237-94931	withheld:modelled_gene_bar+polish_capped	withheld:modelled_gene_bar+polish_capped	undetermined	undetermined							hsp_fragment	hsp_fragment	0.0	0.0	0.0	0.0	0.0	sexM,sexP	sexM,sexP		
Syncephalastrum_sp._NRRL_1507	Mucoromycota:MAT	scaffold_52	126108-173998	126108-173998	withheld:modelled_gene_bar+polish_capped	withheld:modelled_gene_bar+polish_capped	undetermined	undetermined							hsp_fragment	hsp_fragment	0.0	0.0	0.0	0.0	0.0	glrA,sexP	glrA,sexP		
Syncephalastrum_sp._NRRL_1507	Mucoromycota:MAT	scaffold_49	8264-60637	8264-60637	withheld:below_fraction_floor	withheld:below_fraction_floor	undetermined	undetermined							hsp_fragment	hsp_fragment	10.3	10.3	0.0	57.8	57.8	sexP,tptA	sexP,tptA		
Syncephalastrum_sp._NRRL_A-15186	Mucoromycota:MAT	scaffold_168	3332-8592	3332-8592	called	called	Plus	Plus	medium	medium	partial_locus	partial_locus			model	model	162.1	162.1	0.0	194.0	194.0	rnhA,sexP	rnhA,sexP		
Syncephalastrum_sp._NRRL_A-15186	Mucoromycota:MAT	scaffold_60	1354-89412	1354-89412	withheld:modelled_gene_bar	withheld:modelled_gene_bar	undetermined	undetermined							model	model	6.5	6.5	0.0	55.9	55.9	glrA,sexP,tptA	glrA,sexP,tptA		
Syncephalastrum_sp._NRRL_A-15186	Mucoromycota:MAT	scaffold_64	60189-106871	60189-106871	withheld:modelled_gene_bar	withheld:modelled_gene_bar	undetermined	undetermined														algA,glrA,rnhA	algA,glrA,rnhA		
Syncephalastrum_sp._NRRL_A-15186	Mucoromycota:MAT	scaffold_24	106632-138417	106632-138417	withheld:modelled_gene_bar	withheld:modelled_gene_bar	undetermined	undetermined							hsp_fragment	hsp_fragment	0.0	0.0	0.0	0.0	0.0	glrA,sexM,sexP	glrA,sexM,sexP		
Syncephalastrum_sp._NRRL_A-15186	Mucoromycota:MAT	scaffold_100	2438-69312	2438-69312	withheld:modelled_gene_bar	withheld:modelled_gene_bar	undetermined	undetermined							hsp_fragment	hsp_fragment	0.6	0.6	0.0	2.8	2.8	algA,rnhA,sexM,sexP	algA,rnhA,sexM,sexP		
Syncephalastrum_sp._NRRL_A-15186	Mucoromycota:MAT	scaffold_1	245528-274711	245528-274711	withheld:modelled_gene_bar+polish_capped	withheld:modelled_gene_bar+polish_capped	undetermined	undetermined							hsp_fragment	hsp_fragment	0.0	0.0	0.0	0.0	0.0	glrA,sexM,sexP	glrA,sexM,sexP		
Syncephalastrum_sp._NRRL_A-15186	Mucoromycota:MAT	scaffold_254	11500-12315	11500-12315	withheld:modelled_gene_bar+polish_capped	withheld:modelled_gene_bar+polish_capped	undetermined	undetermined							hsp_fragment	hsp_fragment	5.6	5.6	0.0	59.8	59.8	sexM,sexP	sexM,sexP		
Syncephalastrum_sp._NRRL_A-15186	Mucoromycota:MAT	scaffold_12	14678-51260	14678-51260	withheld:modelled_gene_bar+polish_capped	withheld:modelled_gene_bar+polish_capped	undetermined	undetermined							hsp_fragment	hsp_fragment	20.3	20.3	0.0	33.7	33.7	sexM,sexP	sexM,sexP		
Syncephalastrum_sp._NRRL_A-15186	Mucoromycota:MAT	scaffold_12	164458-195924	164458-195924	withheld:modelled_gene_bar+polish_capped	withheld:modelled_gene_bar+polish_capped	undetermined	undetermined							hsp_fragment	hsp_fragment	0.0	0.0	0.0	0.0	0.0	algA,sexP	algA,sexP		
Syncephalastrum_sp._NRRL_A-15186	Mucoromycota:MAT	scaffold_34	163645-170468	163645-170468	withheld:modelled_gene_bar+polish_capped	withheld:modelled_gene_bar+polish_capped	undetermined	undetermined							hsp_fragment	hsp_fragment	0.0	0.0	0.0	0.0	0.0	algA,sexP	algA,sexP		
Syncephalastrum_sp._NRRL_A-15186	Mucoromycota:MAT	scaffold_14	106117-134419	106117-134419	withheld:modelled_gene_bar+polish_capped	withheld:modelled_gene_bar+polish_capped	undetermined	undetermined							hsp_fragment	hsp_fragment	0.0	0.0	0.0	0.0	0.0	rnhA,sexP	rnhA,sexP		
Syncephalastrum_sp._NRRL_A-15186	Mucoromycota:MAT	scaffold_45	32879-99704	32879-99704	withheld:modelled_gene_bar	withheld:modelled_gene_bar	Minus	Minus							model	model	30.6	30.6	0.0	101.1	101.1	sexM,sexP	sexM,sexP		
Syncephalastrum_sp._NRRL_A-15186	Mucoromycota:MAT	scaffold_39	88388-128574	88388-128574	withheld:modelled_gene_bar	withheld:modelled_gene_bar	undetermined	undetermined							model	model	7.1	7.1	0.0	77.8	77.8	glrA,sexM	glrA,sexM		
Syncephalastrum_sp._NRRL_A-15186	Mucoromycota:MAT	scaffold_150	38150-38885	38150-38885	withheld:modelled_gene_bar+polish_capped	withheld:modelled_gene_bar+polish_capped	undetermined	undetermined							hsp_fragment	hsp_fragment	7.1	7.1	0.0	39.7	39.7	sexM,sexP	sexM,sexP		
Syncephalastrum_sp._NRRL_A-15186	Mucoromycota:MAT	scaffold_22	166769-183757	166769-183757	withheld:modelled_gene_bar+polish_capped	withheld:modelled_gene_bar+polish_capped	undetermined	undetermined							hsp_fragment	hsp_fragment	0.3	0.3	0.0	15.6	15.6	rnhA,sexP	rnhA,sexP		
Syncephalastrum_sp._NRRL_A-15186	Mucoromycota:MAT	scaffold_2	352273-402464	352273-402464	withheld:modelled_gene_bar+polish_capped	withheld:modelled_gene_bar+polish_capped	undetermined	undetermined							hsp_fragment	hsp_fragment	9.5	9.5	0.0	11.7	11.7	rnhA,sexM	rnhA,sexM		
Syncephalastrum_sp._NRRL_A-15186	Mucoromycota:MAT	scaffold_23	153544-219737	153544-219737	withheld:modelled_gene_bar+polish_capped	withheld:modelled_gene_bar+polish_capped	undetermined	undetermined							hsp_fragment	hsp_fragment	0.0	0.0	0.0	0.0	0.0	btbA,rnhA,sexP	btbA,rnhA,sexP		
Syncephalastrum_sp._NRRL_A-15186	Mucoromycota:MAT	scaffold_29	135592-182972	135592-182972	withheld:modelled_gene_bar+polish_capped	withheld:modelled_gene_bar+polish_capped	undetermined	undetermined							hsp_fragment	hsp_fragment	0.0	0.0	0.0	0.0	0.0	sexP,tptA	sexP,tptA		
Syncephalastrum_sp._NRRL_A-15186	Mucoromycota:MAT	scaffold_71	46851-89329	46851-89329	withheld:modelled_gene_bar+polish_capped	withheld:modelled_gene_bar+polish_capped	undetermined	undetermined							hsp_fragment	hsp_fragment	0.0	0.0	0.0	0.0	0.0	algA,sexP	algA,sexP		
Syncephalastrum_sp._NRRL_A-15186	Mucoromycota:MAT	scaffold_1	46169-60026	46169-60026	withheld:modelled_gene_bar+polish_capped	withheld:modelled_gene_bar+polish_capped	undetermined	undetermined							hsp_fragment	hsp_fragment	1.3	1.3	0.0	1.3	1.3	algA,sexM	algA,sexM		
Syncephalastrum_sp._NRRL_A-15186	Mucoromycota:MAT	scaffold_82	12480-72735	12480-72735	withheld:modelled_gene_bar+polish_capped	withheld:modelled_gene_bar+polish_capped	undetermined	undetermined							hsp_fragment	hsp_fragment	0.8	0.8	0.0	0.8	0.8	sexM,sexP	sexM,sexP		
Syncephalastrum_sp._NRRL_A-15186	Mucoromycota:MAT	scaffold_11	263299-264132	263299-264132	withheld:modelled_gene_bar+polish_capped	withheld:modelled_gene_bar+polish_capped	undetermined	undetermined							hsp_fragment	hsp_fragment	0.0	0.0	0.0	0.0	0.0	sexM,tptA	sexM,tptA		
Syncephalastrum_sp._NRRL_A-15186	Mucoromycota:MAT	scaffold_3	36512-55085	36512-55085	withheld:modelled_gene_bar+polish_capped	withheld:modelled_gene_bar+polish_capped	undetermined	undetermined							hsp_fragment	hsp_fragment	0.0	0.0	0.0	0.0	0.0	sexM,tptA	sexM,tptA		
Syncephalastrum_sp._NRRL_A-15186	Mucoromycota:MAT	scaffold_139	45210-61201	45210-61201	withheld:modelled_gene_bar+polish_capped	withheld:modelled_gene_bar+polish_capped	undetermined	undetermined							hsp_fragment	hsp_fragment	0.0	0.0	0.0	0.0	0.0	sexM,tptA	sexM,tptA		
Syncephalastrum_sp._NRRL_A-15186	Mucoromycota:MAT	scaffold_28	201366-203751	201366-203751	withheld:modelled_gene_bar+polish_capped	withheld:modelled_gene_bar+polish_capped	undetermined	undetermined							hsp_fragment	hsp_fragment	2.3	2.3	0.0	2.3	2.3	algA,sexP	algA,sexP		
Syncephalastrum_sp._NRRL_A-15186	Mucoromycota:MAT	scaffold_6	184292-206628	184292-206628	withheld:modelled_gene_bar+polish_capped	withheld:modelled_gene_bar+polish_capped	undetermined	undetermined							hsp_fragment	hsp_fragment	1.8	1.8	0.0	28.4	28.4	sexM,sexP	sexM,sexP		
Syncephalastrum_sp._NRRL_A-15186	Mucoromycota:MAT	scaffold_10	38316-63001	38316-63001	withheld:modelled_gene_bar+polish_capped	withheld:modelled_gene_bar+polish_capped	undetermined	undetermined							hsp_fragment	hsp_fragment	5.5	5.5	0.0	9.3	9.3	rnhA,sexM	rnhA,sexM		
Syncephalastrum_sp._NRRL_A-15186	Mucoromycota:MAT	scaffold_16	113727-148797	113727-148797	withheld:modelled_gene_bar+polish_capped	withheld:modelled_gene_bar+polish_capped	undetermined	undetermined							hsp_fragment	hsp_fragment	0.0	0.0	0.0	0.0	0.0	sexP,tptA	sexP,tptA		
Syncephalastrum_sp._NRRL_A-15186	Mucoromycota:MAT	scaffold_78	80006-89240	80006-89240	withheld:modelled_gene_bar+polish_capped	withheld:modelled_gene_bar+polish_capped	undetermined	undetermined							hsp_fragment	hsp_fragment	0.0	0.0	0.0	0.0	0.0	sexM,tptA	sexM,tptA		
Syncephalastrum_sp._NRRL_A-15186	Mucoromycota:MAT	scaffold_153	39114-58610	39114-58610	withheld:modelled_gene_bar+polish_capped	withheld:modelled_gene_bar+polish_capped	undetermined	undetermined							hsp_fragment	hsp_fragment	1.3	1.3	0.0	2.5	2.5	sexM,sexP	sexM,sexP		
Syncephalastrum_sp._NRRL_A-15186	Mucoromycota:MAT	scaffold_45	32879-99704	32879-99704	withheld:below_fraction_floor	withheld:below_fraction_floor	Minus	Minus							model	model	30.6	30.6	0.0	101.1	101.1	sexM,sexP	sexM,sexP		
Syncephalastrum_sp._NRRL_A-15186	Mucoromycota:MAT	scaffold_39	88388-128574	88388-128574	withheld:below_fraction_floor	withheld:below_fraction_floor	undetermined	undetermined							model	model	7.1	7.1	0.0	77.8	77.8	glrA,sexM	glrA,sexM		
Syncephalastrum_sp._NRRL_A-23572	Mucoromycota:MAT	scaffold_170	41242-46502	41242-46502	called	called	Plus	Plus	medium	medium	partial_locus	partial_locus			model	model	162.1	162.1	0.0	194.0	194.0	rnhA,sexP	rnhA,sexP		
Syncephalastrum_sp._NRRL_A-23572	Mucoromycota:MAT	scaffold_55	53430-141633	53430-141633	withheld:modelled_gene_bar	withheld:modelled_gene_bar	undetermined	undetermined							model	model	6.5	6.5	0.0	55.9	55.9	glrA,sexP,tptA	glrA,sexP,tptA		
Syncephalastrum_sp._NRRL_A-23572	Mucoromycota:MAT	scaffold_14	143519-242848	143519-242848	withheld:modelled_gene_bar	withheld:modelled_gene_bar	undetermined	undetermined							hsp_fragment	hsp_fragment	7.1	7.1	0.0	39.7	39.7	algA,rnhA,sexM,sexP	algA,rnhA,sexM,sexP		
Syncephalastrum_sp._NRRL_A-23572	Mucoromycota:MAT	scaffold_69	26008-92900	26008-92900	withheld:modelled_gene_bar	withheld:modelled_gene_bar	undetermined	undetermined							hsp_fragment	hsp_fragment	0.6	0.6	0.0	2.8	2.8	algA,rnhA,sexM,sexP	algA,rnhA,sexM,sexP		
Syncephalastrum_sp._NRRL_A-23572	Mucoromycota:MAT	scaffold_1	354324-383507	354324-383507	withheld:modelled_gene_bar+polish_capped	withheld:modelled_gene_bar+polish_capped	undetermined	undetermined							hsp_fragment	hsp_fragment	0.0	0.0	0.0	0.0	0.0	glrA,sexM,sexP	glrA,sexM,sexP		
Syncephalastrum_sp._NRRL_A-23572	Mucoromycota:MAT	scaffold_246	9370-10185	9370-10185	withheld:modelled_gene_bar+polish_capped	withheld:modelled_gene_bar+polish_capped	undetermined	undetermined							hsp_fragment	hsp_fragment	5.6	5.6	0.0	59.8	59.8	sexM,sexP	sexM,sexP		
Syncephalastrum_sp._NRRL_A-23572	Mucoromycota:MAT	scaffold_82	3759-40341	3759-40341	withheld:modelled_gene_bar+polish_capped	withheld:modelled_gene_bar+polish_capped	undetermined	undetermined							hsp_fragment	hsp_fragment	20.3	20.3	0.0	33.7	33.7	sexM,sexP	sexM,sexP		
Syncephalastrum_sp._NRRL_A-23572	Mucoromycota:MAT	scaffold_70	29100-35923	29100-35923	withheld:modelled_gene_bar+polish_capped	withheld:modelled_gene_bar+polish_capped	undetermined	undetermined							hsp_fragment	hsp_fragment	0.0	0.0	0.0	0.0	0.0	algA,sexP	algA,sexP		
Syncephalastrum_sp._NRRL_A-23572	Mucoromycota:MAT	scaffold_7	243130-309956	243130-309956	withheld:modelled_gene_bar	withheld:modelled_gene_bar	Minus	Minus							model	model	30.6	30.6	0.0	101.1	101.1	sexM,sexP	sexM,sexP		
Syncephalastrum_sp._NRRL_A-23572	Mucoromycota:MAT	scaffold_161	14644-31629	14644-31629	withheld:modelled_gene_bar+polish_capped	withheld:modelled_gene_bar+polish_capped	undetermined	undetermined							hsp_fragment	hsp_fragment	0.3	0.3	0.0	15.6	15.6	rnhA,sexP	rnhA,sexP		
Syncephalastrum_sp._NRRL_A-23572	Mucoromycota:MAT	scaffold_2	171842-222033	171842-222033	withheld:modelled_gene_bar+polish_capped	withheld:modelled_gene_bar+polish_capped	undetermined	undetermined							hsp_fragment	hsp_fragment	9.5	9.5	0.0	11.7	11.7	rnhA,sexM	rnhA,sexM		
Syncephalastrum_sp._NRRL_A-23572	Mucoromycota:MAT	scaffold_45	12813-78883	12813-78883	withheld:modelled_gene_bar+polish_capped	withheld:modelled_gene_bar+polish_capped	undetermined	undetermined							hsp_fragment	hsp_fragment	0.0	0.0	0.0	0.0	0.0	btbA,rnhA,sexP	btbA,rnhA,sexP		
Syncephalastrum_sp._NRRL_A-23572	Mucoromycota:MAT	scaffold_88	60020-82783	60020-82783	withheld:modelled_gene_bar+polish_capped	withheld:modelled_gene_bar+polish_capped	undetermined	undetermined							hsp_fragment	hsp_fragment	16.1	16.1	0.0	38.7	38.7	glrA,sexP	glrA,sexP		
Syncephalastrum_sp._NRRL_A-23572	Mucoromycota:MAT	scaffold_11	222918-270403	222918-270403	withheld:modelled_gene_bar+polish_capped	withheld:modelled_gene_bar+polish_capped	undetermined	undetermined							hsp_fragment	hsp_fragment	0.0	0.0	0.0	0.0	0.0	sexP,tptA	sexP,tptA		
Syncephalastrum_sp._NRRL_A-23572	Mucoromycota:MAT	scaffold_65	46747-89219	46747-89219	withheld:modelled_gene_bar+polish_capped	withheld:modelled_gene_bar+polish_capped	undetermined	undetermined							hsp_fragment	hsp_fragment	0.0	0.0	0.0	0.0	0.0	algA,sexP	algA,sexP		
Syncephalastrum_sp._NRRL_A-23572	Mucoromycota:MAT	scaffold_38	108934-140400	108934-140400	withheld:modelled_gene_bar+polish_capped	withheld:modelled_gene_bar+polish_capped	undetermined	undetermined							hsp_fragment	hsp_fragment	0.0	0.0	0.0	0.0	0.0	algA,sexP	algA,sexP		
Syncephalastrum_sp._NRRL_A-23572	Mucoromycota:MAT	scaffold_1	154808-168665	154808-168665	withheld:modelled_gene_bar+polish_capped	withheld:modelled_gene_bar+polish_capped	undetermined	undetermined							hsp_fragment	hsp_fragment	1.3	1.3	0.0	1.3	1.3	algA,sexM	algA,sexM		
Syncephalastrum_sp._NRRL_A-23572	Mucoromycota:MAT	scaffold_78	41995-102472	41995-102472	withheld:modelled_gene_bar+polish_capped	withheld:modelled_gene_bar+polish_capped	undetermined	undetermined							hsp_fragment	hsp_fragment	0.8	0.8	0.0	0.8	0.8	sexM,sexP	sexM,sexP		
Syncephalastrum_sp._NRRL_A-23572	Mucoromycota:MAT	scaffold_25	173594-192167	173594-192167	withheld:modelled_gene_bar+polish_capped	withheld:modelled_gene_bar+polish_capped	undetermined	undetermined							hsp_fragment	hsp_fragment	0.0	0.0	0.0	0.0	0.0	sexM,tptA	sexM,tptA		
Syncephalastrum_sp._NRRL_A-23572	Mucoromycota:MAT	scaffold_139	45210-61201	45210-61201	withheld:modelled_gene_bar+polish_capped	withheld:modelled_gene_bar+polish_capped	undetermined	undetermined							hsp_fragment	hsp_fragment	0.0	0.0	0.0	0.0	0.0	sexM,tptA	sexM,tptA		
Syncephalastrum_sp._NRRL_A-23572	Mucoromycota:MAT	scaffold_6	11622-14007	11622-14007	withheld:modelled_gene_bar+polish_capped	withheld:modelled_gene_bar+polish_capped	undetermined	undetermined							hsp_fragment	hsp_fragment	2.3	2.3	0.0	2.3	2.3	algA,sexP	algA,sexP		
Syncephalastrum_sp._NRRL_A-23572	Mucoromycota:MAT	scaffold_5	203912-226248	203912-226248	withheld:modelled_gene_bar+polish_capped	withheld:modelled_gene_bar+polish_capped	undetermined	undetermined							hsp_fragment	hsp_fragment	1.8	1.8	0.0	28.4	28.4	sexM,sexP	sexM,sexP		
Syncephalastrum_sp._NRRL_A-23572	Mucoromycota:MAT	scaffold_79	51209-75894	51209-75894	withheld:modelled_gene_bar+polish_capped	withheld:modelled_gene_bar+polish_capped	undetermined	undetermined							hsp_fragment	hsp_fragment	5.5	5.5	0.0	9.3	9.3	rnhA,sexM	rnhA,sexM		
Syncephalastrum_sp._NRRL_A-23572	Mucoromycota:MAT	scaffold_20	113769-148845	113769-148845	withheld:modelled_gene_bar+polish_capped	withheld:modelled_gene_bar+polish_capped	undetermined	undetermined							hsp_fragment	hsp_fragment	0.0	0.0	0.0	0.0	0.0	sexP,tptA	sexP,tptA		
Syncephalastrum_sp._NRRL_A-23572	Mucoromycota:MAT	scaffold_128	18428-30559	18428-30559	withheld:modelled_gene_bar+polish_capped	withheld:modelled_gene_bar+polish_capped	undetermined	undetermined							hsp_fragment	hsp_fragment	0.0	0.0	0.0	0.0	0.0	glrA,sexM	glrA,sexM		
Syncephalastrum_sp._NRRL_A-23572	Mucoromycota:MAT	scaffold_74	80127-89361	80127-89361	withheld:modelled_gene_bar+polish_capped	withheld:modelled_gene_bar+polish_capped	undetermined	undetermined							hsp_fragment	hsp_fragment	0.0	0.0	0.0	0.0	0.0	sexM,tptA	sexM,tptA		
Syncephalastrum_sp._NRRL_A-23572	Mucoromycota:MAT	scaffold_136	50341-69838	50341-69838	withheld:modelled_gene_bar+polish_capped	withheld:modelled_gene_bar+polish_capped	undetermined	undetermined							hsp_fragment	hsp_fragment	1.3	1.3	0.0	2.5	2.5	sexM,sexP	sexM,sexP		
Syncephalastrum_sp._NRRL_A-23572	Mucoromycota:MAT	scaffold_34	103199-134353	103199-134353	withheld:paralog_class	withheld:paralog_class	undetermined	undetermined							model	model	14.2	14.2	0.0	69.4	69.4	glrA,sexM	glrA,sexM		
Syncephalastrum_sp._NRRL_A-23572	Mucoromycota:MAT	scaffold_7	243130-309956	243130-309956	withheld:below_fraction_floor	withheld:below_fraction_floor	Minus	Minus							model	model	30.6	30.6	0.0	101.1	101.1	sexM,sexP	sexM,sexP		
Syncephalastrum_sp._NRRL_A-23572	Mucoromycota:MAT	scaffold_34	103199-134353	103199-134353	withheld:below_fraction_floor	withheld:below_fraction_floor	undetermined	undetermined							model	model	14.2	14.2	0.0	69.4	69.4	glrA,sexM	glrA,sexM		
Syncephalastrum_verruculosum_RSA_2127	Mucoromycota:MAT	scaffold_5	277271-282667	277271-282667	called	called	Minus	Minus	medium	medium	partial_locus	partial_locus			model	model	40.1	40.1	0.0	107.5	107.5	rnhA,sexM	rnhA,sexM		
Syncephalastrum_verruculosum_RSA_2127	Mucoromycota:MAT	scaffold_14	28346-93785	28346-93785	withheld:modelled_gene_bar	withheld:modelled_gene_bar	undetermined	undetermined							hsp_fragment	hsp_fragment	20.3	20.3	0.0	33.7	33.7	sexM,sexP,tptA	sexM,sexP,tptA		
Syncephalastrum_verruculosum_RSA_2127	Mucoromycota:MAT	scaffold_48	20649-56463	20649-56463	withheld:modelled_gene_bar	withheld:modelled_gene_bar	undetermined	undetermined							hsp_fragment	hsp_fragment	6.8	6.8	0.0	39.3	39.3	algA,sexM,sexP	algA,sexM,sexP		
Syncephalastrum_verruculosum_RSA_2127	Mucoromycota:MAT	scaffold_128	8277-43530	8277-43530	withheld:modelled_gene_bar	withheld:modelled_gene_bar	undetermined	undetermined							hsp_fragment	hsp_fragment	5.7	5.7	0.0	5.7	5.7	sexM,sexP,tptA	sexM,sexP,tptA		
Syncephalastrum_verruculosum_RSA_2127	Mucoromycota:MAT	scaffold_159	29592-43385	29592-43385	withheld:modelled_gene_bar	withheld:modelled_gene_bar	undetermined	undetermined														algA,glrA,rnhA	algA,glrA,rnhA		
Syncephalastrum_verruculosum_RSA_2127	Mucoromycota:MAT	scaffold_74	7416-8276	7416-8276	withheld:modelled_gene_bar+polish_capped	withheld:modelled_gene_bar+polish_capped	undetermined	undetermined							hsp_fragment	hsp_fragment	7.2	7.2	0.0	61.2	61.2	sexM,sexP	sexM,sexP		
Syncephalastrum_verruculosum_RSA_2127	Mucoromycota:MAT	scaffold_54	49796-97714	49796-97714	withheld:modelled_gene_bar+polish_capped	withheld:modelled_gene_bar+polish_capped	undetermined	undetermined							hsp_fragment	hsp_fragment	19.1	19.1	0.0	34.6	34.6	sexM,sexP	sexM,sexP		
Syncephalastrum_verruculosum_RSA_2127	Mucoromycota:MAT	scaffold_266	380-7077	380-7077	withheld:modelled_gene_bar+polish_capped	withheld:modelled_gene_bar+polish_capped	undetermined	undetermined							hsp_fragment	hsp_fragment	0.0	0.0	0.0	0.0	0.0	rnhA,sexP	rnhA,sexP		
Syncephalastrum_verruculosum_RSA_2127	Mucoromycota:MAT	scaffold_72	56634-76994	56634-76994	withheld:modelled_gene_bar	withheld:modelled_gene_bar	undetermined	undetermined							hsp_fragment	hsp_fragment	16.5	16.5	0.0	39.4	39.4	glrA,sexP	glrA,sexP		
Syncephalastrum_verruculosum_RSA_2127	Mucoromycota:MAT	scaffold_84	91368-98486	91368-98486	withheld:modelled_gene_bar+polish_capped	withheld:modelled_gene_bar+polish_capped	undetermined	undetermined							hsp_fragment	hsp_fragment	0.4	0.4	0.0	0.4	0.4	algA,sexM	algA,sexM		
Syncephalastrum_verruculosum_RSA_2127	Mucoromycota:MAT	scaffold_41	71863-103606	71863-103606	withheld:modelled_gene_bar+polish_capped	withheld:modelled_gene_bar+polish_capped	undetermined	undetermined							hsp_fragment	hsp_fragment	0.0	0.0	0.0	0.0	0.0	sexM,tptA	sexM,tptA		
Syncephalastrum_verruculosum_RSA_2127	Mucoromycota:MAT	scaffold_57	111997-112630	111997-112630	withheld:modelled_gene_bar+polish_capped	withheld:modelled_gene_bar+polish_capped	undetermined	undetermined							hsp_fragment	hsp_fragment	0.0	0.0	0.0	0.0	0.0	sexM,sexP	sexM,sexP		
Syncephalastrum_verruculosum_RSA_2127	Mucoromycota:MAT	scaffold_38	100750-141898	100750-141898	withheld:modelled_gene_bar+polish_capped	withheld:modelled_gene_bar+polish_capped	undetermined	undetermined							hsp_fragment	hsp_fragment	0.0	0.0	0.0	0.0	0.0	algA,sexM	algA,sexM		
Syncephalastrum_verruculosum_RSA_2127	Mucoromycota:MAT	scaffold_56	78271-113209	78271-113209	withheld:modelled_gene_bar+polish_capped	withheld:modelled_gene_bar+polish_capped	undetermined	undetermined							hsp_fragment	hsp_fragment	0.0	0.0	0.0	0.0	0.0	sexP,tptA	sexP,tptA		
Syncephalastrum_verruculosum_RSA_2127	Mucoromycota:MAT	scaffold_2	481903-513260	481903-513260	withheld:paralog_class	withheld:paralog_class	undetermined	undetermined							model	model	15.3	15.3	0.0	70.0	70.0	glrA,sexM	glrA,sexM		
Syncephalastrum_verruculosum_RSA_2127	Mucoromycota:MAT	scaffold_2	481903-513260	481903-513260	withheld:below_fraction_floor	withheld:below_fraction_floor	undetermined	undetermined							model	model	15.3	15.3	0.0	70.0	70.0	glrA,sexM	glrA,sexM		
Syzygites_megalocarpus_SC16	Mucoromycota:MAT	scaffold_211	3-25587	3-25587	called	called	Plus	Plus	high	high	mat_locus	mat_locus			model	model	235.8	235.8	0.0	292.5	292.5	glrA,rnhA,sexP	glrA,rnhA,sexP		
Syzygites_megalocarpus_SC16	Mucoromycota:MAT	scaffold_27	138094-187181	138094-187181	withheld:modelled_gene_bar	withheld:modelled_gene_bar	undetermined	undetermined							hsp_fragment	hsp_fragment	0.0	0.0	0.0	0.0	0.0	algA,btbA,rnhA,sexM,tptA	algA,btbA,rnhA,sexM,tptA		
Syzygites_megalocarpus_SC16	Mucoromycota:MAT	scaffold_68	84298-120095	84298-120095	withheld:modelled_gene_bar+polish_capped	withheld:modelled_gene_bar+polish_capped	undetermined	undetermined							hsp_fragment	hsp_fragment	10.1	10.1	0.0	27.3	27.3	rnhA,sexM,sexP	rnhA,sexM,sexP		
Syzygites_megalocarpus_SC16	Mucoromycota:MAT	scaffold_26	134700-201066	134700-201066	withheld:modelled_gene_bar+polish_capped	withheld:modelled_gene_bar+polish_capped	undetermined	undetermined							hsp_fragment	hsp_fragment	5.8	5.8	0.0	54.3	54.3	glrA,sexM,sexP	glrA,sexM,sexP		
Syzygites_megalocarpus_SC16	Mucoromycota:MAT	scaffold_47	38443-89481	38443-89481	withheld:modelled_gene_bar	withheld:modelled_gene_bar	undetermined	undetermined							model	model	22.9	22.9	0.0	82.3	82.3	rnhA,sexM,sexP	rnhA,sexM,sexP		
Syzygites_megalocarpus_SC16	Mucoromycota:MAT	scaffold_97	22268-57008	22268-57008	withheld:modelled_gene_bar	withheld:modelled_gene_bar	undetermined	undetermined							hsp_fragment	hsp_fragment	5.2	5.2	0.0	5.2	5.2	sexM,sexP,tptA	sexM,sexP,tptA		
Syzygites_megalocarpus_SC16	Mucoromycota:MAT	scaffold_33	151461-182694	151461-182694	withheld:modelled_gene_bar+polish_capped	withheld:modelled_gene_bar+polish_capped	undetermined	undetermined							hsp_fragment	hsp_fragment	2.7	2.7	0.0	3.2	3.2	algA,rnhA,sexM	algA,rnhA,sexM		
Syzygites_megalocarpus_SC16	Mucoromycota:MAT	scaffold_17	91860-157410	91860-157410	withheld:modelled_gene_bar	withheld:modelled_gene_bar	undetermined	undetermined							hsp_fragment	hsp_fragment	3.2	3.2	0.0	33.3	33.3	rnhA,sexM,tptA	rnhA,sexM,tptA		
Syzygites_megalocarpus_SC16	Mucoromycota:MAT	scaffold_89	27339-79733	27339-79733	withheld:modelled_gene_bar	withheld:modelled_gene_bar	undetermined	undetermined														glrA,rnhA,tptA	glrA,rnhA,tptA		
Syzygites_megalocarpus_SC16	Mucoromycota:MAT	scaffold_38	1-9448	1-9448	withheld:below_fraction_floor	withheld:below_fraction_floor	Minus	Minus							model	model	154.5	154.5	0.0	221.4	221.4	btbA,rnhA,sexM	btbA,rnhA,sexM		
Syzygites_sp._MES_3091	Mucoromycota:MAT	scaffold_201	1-24259	1-24259	called	called	Plus	Plus	medium	medium	partial_locus	partial_locus			model	model	235.8	235.8	0.0	292.5	292.5	glrA,sexP	glrA,sexP		
Syzygites_sp._MES_3091	Mucoromycota:MAT	scaffold_132	3-32121	3-32121	called	called	Minus	Minus	medium	medium	partial_locus	partial_locus			model	model	154.5	154.5	0.0	221.4	221.4	btbA,rnhA,sexM	btbA,rnhA,sexM		
Syzygites_sp._MES_3091	Mucoromycota:MAT	scaffold_59	27354-76528	27354-76528	withheld:modelled_gene_bar	withheld:modelled_gene_bar	undetermined	undetermined							hsp_fragment	hsp_fragment	0.0	0.0	0.0	0.0	0.0	algA,btbA,rnhA,sexM,tptA	algA,btbA,rnhA,sexM,tptA		
Syzygites_sp._MES_3091	Mucoromycota:MAT	scaffold_15	113503-187827	113503-187827	withheld:modelled_gene_bar+polish_capped	withheld:modelled_gene_bar+polish_capped	undetermined	undetermined							hsp_fragment	hsp_fragment	12.8	12.8	0.0	40.0	40.0	rnhA,sexM,sexP	rnhA,sexM,sexP		
Syzygites_sp._MES_3091	Mucoromycota:MAT	scaffold_190	7561-14667	7561-14667	withheld:modelled_gene_bar	withheld:modelled_gene_bar	undetermined	undetermined							model	model	22.9	22.9	0.0	82.3	82.3	rnhA,sexM,sexP	rnhA,sexM,sexP		
Syzygites_sp._MES_3091	Mucoromycota:MAT	scaffold_82	30378-65131	30378-65131	withheld:modelled_gene_bar	withheld:modelled_gene_bar	undetermined	undetermined							hsp_fragment	hsp_fragment	5.2	5.2	0.0	5.2	5.2	sexM,sexP,tptA	sexM,sexP,tptA		
Syzygites_sp._MES_3091	Mucoromycota:MAT	scaffold_12	91749-157583	91749-157583	withheld:modelled_gene_bar	withheld:modelled_gene_bar	undetermined	undetermined							hsp_fragment	hsp_fragment	3.2	3.2	0.0	33.3	33.3	rnhA,sexM,tptA	rnhA,sexM,tptA		
Syzygites_sp._MES_3091	Mucoromycota:MAT	scaffold_10	285913-338276	285913-338276	withheld:modelled_gene_bar	withheld:modelled_gene_bar	undetermined	undetermined														glrA,rnhA,tptA	glrA,rnhA,tptA		
Syzygites_sp._MES_3091	Mucoromycota:MAT	scaffold_2	358851-381416	358851-381416	withheld:modelled_gene_bar+polish_capped	withheld:modelled_gene_bar+polish_capped	undetermined	undetermined							hsp_fragment	hsp_fragment	0.0	0.0	0.0	0.0	0.0	sexM,sexP	sexM,sexP		
Syzygites_sp._MES_3091	Mucoromycota:MAT	scaffold_73	77285-122763	77285-122763	withheld:modelled_gene_bar+polish_capped	withheld:modelled_gene_bar+polish_capped	undetermined	undetermined							hsp_fragment	hsp_fragment	0.6	0.6	0.0	22.5	22.5	rnhA,sexP	rnhA,sexP		
Syzygites_sp._MES_3091	Mucoromycota:MAT	scaffold_11	143196-148805	143196-148805	withheld:modelled_gene_bar+polish_capped	withheld:modelled_gene_bar+polish_capped	undetermined	undetermined							hsp_fragment	hsp_fragment	14.5	14.5	0.0	66.5	66.5	sexM,sexP	sexM,sexP		
Syzygites_sp._MES_3091	Mucoromycota:MAT	scaffold_49	151370-151865	151370-151865	withheld:modelled_gene_bar+polish_capped	withheld:modelled_gene_bar+polish_capped	undetermined	undetermined							hsp_fragment	hsp_fragment	5.8	5.8	0.0	54.3	54.3	sexM,sexP	sexM,sexP		
Syzygites_sp._MES_3091	Mucoromycota:MAT	scaffold_21	108261-134242	108261-134242	withheld:modelled_gene_bar+polish_capped	withheld:modelled_gene_bar+polish_capped	undetermined	undetermined							hsp_fragment	hsp_fragment	23.7	23.7	0.0	40.3	40.3	glrA,sexM	glrA,sexM		
Syzygites_sp._MES_3091	Mucoromycota:MAT	scaffold_19	43272-79400	43272-79400	withheld:modelled_gene_bar+polish_capped	withheld:modelled_gene_bar+polish_capped	undetermined	undetermined							hsp_fragment	hsp_fragment	0.0	0.0	0.0	0.0	0.0	rnhA,sexP	rnhA,sexP		
Syzygites_sp._MES_3091	Mucoromycota:MAT	scaffold_39	40877-53089	40877-53089	withheld:modelled_gene_bar+polish_capped	withheld:modelled_gene_bar+polish_capped	undetermined	undetermined							hsp_fragment	hsp_fragment	0.0	0.0	0.0	0.0	0.0	rnhA,sexP	rnhA,sexP		
Syzygites_sp._MES_3091	Mucoromycota:MAT	scaffold_109	179-43446	179-43446	withheld:modelled_gene_bar+polish_capped	withheld:modelled_gene_bar+polish_capped	undetermined	undetermined							hsp_fragment	hsp_fragment	0.0	0.0	0.0	0.0	0.0	sexP,tptA	sexP,tptA		
Syzygites_sp._MES_3091	Mucoromycota:MAT	scaffold_135	26688-50341	26688-50341	withheld:modelled_gene_bar+polish_capped	withheld:modelled_gene_bar+polish_capped	undetermined	undetermined							hsp_fragment	hsp_fragment	0.0	0.0	0.0	0.0	0.0	sexM,tptA	sexM,tptA		
Thamnidium_ctenidium_NRRL_2929	Mucoromycota:MAT	scaffold_181	1077-15838	1077-15838	called	called	Minus	Minus	high	high	mat_locus	mat_locus			model	model	84.2	84.2	0.0	128.0	128.0	algA,glrA,rnhA,sexM,tptA	algA,glrA,rnhA,sexM,tptA		
Thamnidium_ctenidium_NRRL_2929	Mucoromycota:MAT	scaffold_112	10502-36049	10502-36049	withheld:below_fraction_floor	withheld:below_fraction_floor	undetermined	undetermined							model	model	12.3	12.3	0.0	74.0	74.0	sexM,tptA	sexM,tptA		
Thamnidium_ctenidium_NRRL_2929	Mucoromycota:MAT	scaffold_616	7289-13535	7289-13535	withheld:below_fraction_floor	withheld:below_fraction_floor	undetermined	undetermined							hsp_fragment	hsp_fragment	0.0	0.0	0.0	0.0	0.0	sexP,tptA	sexP,tptA		
Thamnidium_elegans_NRRL_1613	Mucoromycota:MAT	scaffold_112	8513-16779	8513-16779	called	called	Plus	Plus	high	high	mat_locus	mat_locus			model	model	292.5	292.5	0.0	363.3	363.3	algA,rnhA,sexP,tptA	algA,rnhA,sexP,tptA		
Thamnidium_elegans_NRRL_2467	Mucoromycota:MAT	scaffold_81	12179-81997	12179-81997	called	called	Plus	Plus	high	high	mat_locus	mat_locus			model	model	182.8	182.8	0.0	219.1	219.1	algA,rnhA,sexP	algA,rnhA,sexP		
Thamnidium_elegans_NRRL_2467	Mucoromycota:MAT	scaffold_3	83514-147972	83514-147972	withheld:modelled_gene_bar+polish_capped	withheld:modelled_gene_bar+polish_capped	undetermined	undetermined							hsp_fragment	hsp_fragment	18.6	18.6	0.0	34.0	34.0	algA,sexM,sexP	algA,sexM,sexP		
Thamnidium_elegans_NRRL_2467	Mucoromycota:MAT	scaffold_5	362314-453787	362314-453787	withheld:modelled_gene_bar	withheld:modelled_gene_bar	undetermined	undetermined							hsp_fragment	hsp_fragment	7.5	7.5	0.0	39.8	39.8	algA,rnhA,sexM,sexP	algA,rnhA,sexM,sexP		
Thamnidium_elegans_NRRL_2467	Mucoromycota:MAT	scaffold_66	14956-110369	14956-110369	withheld:modelled_gene_bar	withheld:modelled_gene_bar	undetermined	undetermined							hsp_fragment	hsp_fragment	3.2	3.2	0.0	5.8	5.8	btbA,rnhA,sexM,sexP	btbA,rnhA,sexM,sexP		
Thamnidium_elegans_NRRL_2467	Mucoromycota:MAT	scaffold_46	35992-43919	35992-43919	withheld:modelled_gene_bar+polish_capped	withheld:modelled_gene_bar+polish_capped	undetermined	undetermined							hsp_fragment	hsp_fragment	0.0	0.0	0.0	0.0	0.0	algA,rnhA,sexP	algA,rnhA,sexP		
Thamnidium_elegans_NRRL_2467	Mucoromycota:MAT	scaffold_18	43482-102313	43482-102313	withheld:modelled_gene_bar	withheld:modelled_gene_bar	undetermined	undetermined							hsp_fragment	hsp_fragment	1.8	1.8	0.0	1.8	1.8	algA,glrA,rnhA,sexM	algA,glrA,rnhA,sexM		
Thamnidium_elegans_NRRL_2467	Mucoromycota:MAT	scaffold_11	269388-335334	269388-335334	withheld:modelled_gene_bar+polish_capped	withheld:modelled_gene_bar+polish_capped	undetermined	undetermined							hsp_fragment	hsp_fragment	16.6	16.6	0.0	39.3	39.3	glrA,sexP,tptA	glrA,sexP,tptA		
Thamnidium_elegans_NRRL_2467	Mucoromycota:MAT	scaffold_23	29469-121385	29469-121385	withheld:modelled_gene_bar	withheld:modelled_gene_bar	undetermined	undetermined														glrA,rnhA,tptA	glrA,rnhA,tptA		
Thamnidium_elegans_NRRL_2467	Mucoromycota:MAT	scaffold_54	8288-60662	8288-60662	withheld:below_fraction_floor	withheld:below_fraction_floor	undetermined	undetermined							hsp_fragment	hsp_fragment	10.3	10.3	0.0	57.8	57.8	sexP,tptA	sexP,tptA		
Thamnidium_elegans_NRRL_2467	Mucoromycota:MAT	scaffold_2	639748-655745	639748-655745	withheld:below_fraction_floor	withheld:below_fraction_floor	Minus	Minus							model	model	35.5	35.5	0.0	101.4	101.4	rnhA,sexM	rnhA,sexM		
Thamnidium_elegans_NRRL_2468	Mucoromycota:MAT	scaffold_93	1350-32518	1350-32518	called	called	Minus	Minus	high	high	mat_locus	mat_locus			model	model	111.3	111.3	0.0	188.0	188.0	algA,glrA,rnhA,sexM,tptA	algA,glrA,rnhA,sexM,tptA		
Thamnostylum_lucknowense_RSA_1015_Plus-T	Mucoromycota:MAT	scaffold_383	878-8171	878-8171	called	called	Minus	Minus	medium	medium	partial_locus	partial_locus			model	model	100.8	100.8	0.0	159.6	159.6	rnhA,sexM	rnhA,sexM		
Thamnostylum_lucknowense_RSA_1015_Plus-T	Mucoromycota:MAT	scaffold_329	16463-25146	16463-25146	withheld:modelled_gene_bar	withheld:modelled_gene_bar	undetermined	undetermined														algA,rnhA,tptA	algA,rnhA,tptA		
Thamnostylum_lucknowense_RSA_1015_Plus-T	Mucoromycota:MAT	scaffold_190	44238-45133	44238-45133	withheld:modelled_gene_bar+polish_capped	withheld:modelled_gene_bar+polish_capped	undetermined	undetermined							hsp_fragment	hsp_fragment	4.4	4.4	0.0	61.7	61.7	sexM,sexP	sexM,sexP		
Thamnostylum_lucknowense_RSA_1015_Plus-T	Mucoromycota:MAT	scaffold_224	7947-9877	7947-9877	withheld:modelled_gene_bar	withheld:modelled_gene_bar	undetermined	undetermined							hsp_fragment	hsp_fragment	0.5	0.5	0.0	35.0	35.0	sexM,sexP	sexM,sexP		
Thamnostylum_lucknowense_RSA_1015_Plus-T	Mucoromycota:MAT	scaffold_728	2087-11827	2087-11827	withheld:modelled_gene_bar	withheld:modelled_gene_bar	undetermined	undetermined							hsp_fragment	hsp_fragment	0.0	0.0	0.0	0.0	0.0	rnhA,sexM	rnhA,sexM		
Thamnostylum_lucknowense_RSA_1015_Plus-T	Mucoromycota:MAT	scaffold_6	21355-54460	21355-54460	withheld:modelled_gene_bar	withheld:modelled_gene_bar	undetermined	undetermined							model	model	22.8	22.8	0.0	44.9	44.9	sexM,tptA	sexM,tptA		
Thamnostylum_lucknowense_RSA_1015_Plus-T	Mucoromycota:MAT	scaffold_423	2909-6966	2909-6966	withheld:modelled_gene_bar+polish_capped	withheld:modelled_gene_bar+polish_capped	undetermined	undetermined							hsp_fragment	hsp_fragment	0.0	0.0	0.0	0.0	0.0	glrA,sexM	glrA,sexM		
Thamnostylum_lucknowense_RSA_1015_Plus-T	Mucoromycota:MAT	scaffold_27	18750-39919	18750-39919	withheld:modelled_gene_bar	withheld:modelled_gene_bar	undetermined	undetermined							hsp_fragment	hsp_fragment	0.0	0.0	0.0	0.0	0.0	glrA,sexM	glrA,sexM		
Thamnostylum_lucknowense_RSA_1015_Plus-T	Mucoromycota:MAT	scaffold_142	23381-32148	23381-32148	withheld:modelled_gene_bar	withheld:modelled_gene_bar	undetermined	undetermined							hsp_fragment	hsp_fragment	0.0	0.0	0.0	0.0	0.0	sexM,sexP	sexM,sexP		
Thamnostylum_lucknowense_RSA_1015_Plus-T	Mucoromycota:MAT	scaffold_6	21355-54460	21355-54460	withheld:below_fraction_floor	withheld:below_fraction_floor	undetermined	undetermined							model	model	22.8	22.8	0.0	44.9	44.9	sexM,tptA	sexM,tptA		
Thamnostylum_lucknowense_RSA_1093-	Mucoromycota:MAT	scaffold_203	27763-35415	27763-35415	called	called	Plus	Plus	medium	medium	partial_locus	partial_locus			model	model	73.8	73.8	0.0	99.7	99.7	rnhA,sexP	rnhA,sexP		
Thamnostylum_lucknowense_RSA_1093-	Mucoromycota:MAT	scaffold_151	65967-74674	65967-74674	withheld:modelled_gene_bar	withheld:modelled_gene_bar	undetermined	undetermined														algA,rnhA,tptA	algA,rnhA,tptA		
Thamnostylum_lucknowense_RSA_1093-	Mucoromycota:MAT	scaffold_141	38914-83206	38914-83206	withheld:modelled_gene_bar	withheld:modelled_gene_bar	undetermined	undetermined							hsp_fragment	hsp_fragment	0.5	0.5	0.0	0.5	0.5	algA,rnhA,sexM	algA,rnhA,sexM		
Thamnostylum_lucknowense_RSA_1093-	Mucoromycota:MAT	scaffold_266	35329-36255	35329-36255	withheld:modelled_gene_bar	withheld:modelled_gene_bar	undetermined	undetermined							model	model	2.3	2.3	0.0	61.5	61.5	sexM,sexP	sexM,sexP		
Thamnostylum_lucknowense_RSA_1093-	Mucoromycota:MAT	scaffold_9	143773-192915	143773-192915	withheld:modelled_gene_bar+polish_capped	withheld:modelled_gene_bar+polish_capped	undetermined	undetermined							hsp_fragment	hsp_fragment	14.4	14.4	0.0	57.0	57.0	sexM,sexP	sexM,sexP		
Thamnostylum_lucknowense_RSA_1093-	Mucoromycota:MAT	scaffold_105	106146-107976	106146-107976	withheld:modelled_gene_bar	withheld:modelled_gene_bar	undetermined	undetermined							hsp_fragment	hsp_fragment	0.2	0.2	0.0	33.3	33.3	sexM,sexP	sexM,sexP		
Thamnostylum_lucknowense_RSA_1093-	Mucoromycota:MAT	scaffold_52	30703-48702	30703-48702	withheld:modelled_gene_bar+polish_capped	withheld:modelled_gene_bar+polish_capped	undetermined	undetermined							hsp_fragment	hsp_fragment	0.1	0.1	0.0	18.7	18.7	sexM,sexP	sexM,sexP		
Thamnostylum_lucknowense_RSA_1093-	Mucoromycota:MAT	scaffold_172	18012-64464	18012-64464	withheld:modelled_gene_bar+polish_capped	withheld:modelled_gene_bar+polish_capped	undetermined	undetermined							hsp_fragment	hsp_fragment	0.0	0.0	0.0	0.0	0.0	rnhA,sexM	rnhA,sexM		
Thamnostylum_lucknowense_RSA_1093-	Mucoromycota:MAT	scaffold_244	17626-45555	17626-45555	withheld:modelled_gene_bar	withheld:modelled_gene_bar	undetermined	undetermined							model	model	18.5	18.5	0.0	36.9	36.9	sexM,sexP	sexM,sexP		
Thamnostylum_lucknowense_RSA_1093-	Mucoromycota:MAT	scaffold_4	319762-330049	319762-330049	withheld:modelled_gene_bar+polish_capped	withheld:modelled_gene_bar+polish_capped	undetermined	undetermined							hsp_fragment	hsp_fragment	6.6	6.6	0.0	6.6	6.6	sexP,tptA	sexP,tptA		
Thamnostylum_lucknowense_RSA_1093-	Mucoromycota:MAT	scaffold_2	4204-25223	4204-25223	withheld:modelled_gene_bar	withheld:modelled_gene_bar	undetermined	undetermined							hsp_fragment	hsp_fragment	0.0	0.0	0.0	0.0	0.0	glrA,sexM	glrA,sexM		
Thamnostylum_lucknowense_RSA_1093-	Mucoromycota:MAT	scaffold_266	35329-36255	35329-36255	withheld:below_fraction_floor	withheld:below_fraction_floor	undetermined	undetermined							model	model	2.3	2.3	0.0	61.5	61.5	sexM,sexP	sexM,sexP		
Thamnostylum_lucknowense_RSA_1093-	Mucoromycota:MAT	scaffold_244	17626-45555	17626-45555	withheld:below_fraction_floor	withheld:below_fraction_floor	undetermined	undetermined							model	model	18.5	18.5	0.0	36.9	36.9	sexM,sexP	sexM,sexP		
Thamnostylum_nigricans_RSA_1405-	Mucoromycota:MAT	scaffold_274	1413-11787	1413-11787	called	withheld:mat_gene_gate	Plus	Plus	medium		partial_locus				model	model	48.6	48.6	0.0	76.3	76.3	rnhA,sexP	rnhA,sexP	no_gene_evidence_in_candidate	call_lost
Thamnostylum_nigricans_RSA_1405-	Mucoromycota:MAT	scaffold_3	143235-227763	143235-227763	withheld:modelled_gene_bar	withheld:modelled_gene_bar	undetermined	undetermined							hsp_fragment	hsp_fragment	0.0	0.0	0.0	0.0	0.0	glrA,rnhA,sexP	glrA,rnhA,sexP		
Thamnostylum_nigricans_RSA_1405-	Mucoromycota:MAT	scaffold_4	119436-170718	119436-170718	withheld:modelled_gene_bar	withheld:modelled_gene_bar	undetermined	undetermined							hsp_fragment	hsp_fragment	0.0	0.0	0.0	0.0	0.0	rnhA,sexM,sexP	rnhA,sexM,sexP		
Thamnostylum_nigricans_RSA_1405-	Mucoromycota:MAT	scaffold_46	158770-166759	158770-166759	withheld:modelled_gene_bar	withheld:modelled_gene_bar	undetermined	undetermined														algA,rnhA,tptA	algA,rnhA,tptA		
Thamnostylum_nigricans_RSA_1405-	Mucoromycota:MAT	scaffold_17	169761-229042	169761-229042	withheld:modelled_gene_bar	withheld:modelled_gene_bar	undetermined	undetermined														glrA,rnhA,tptA	glrA,rnhA,tptA		
Thamnostylum_nigricans_RSA_1405-	Mucoromycota:MAT	scaffold_34	82306-90560	82306-90560	withheld:modelled_gene_bar	withheld:modelled_gene_bar	undetermined	undetermined							hsp_fragment	hsp_fragment	1.0	1.0	0.0	37.4	37.4	sexM,sexP,tptA	sexM,sexP,tptA		
Thamnostylum_nigricans_RSA_1405-	Mucoromycota:MAT	scaffold_85	4864-89648	4864-89648	withheld:modelled_gene_bar	withheld:modelled_gene_bar	undetermined	undetermined							hsp_fragment	hsp_fragment	0.0	0.0	0.0	0.0	0.0	btbA,rnhA,sexP,tptA	btbA,rnhA,sexP,tptA		
Thamnostylum_nigricans_RSA_1405-	Mucoromycota:MAT	scaffold_21	184802-186231	184802-186231	withheld:modelled_gene_bar+polish_capped	withheld:modelled_gene_bar+polish_capped	undetermined	undetermined							hsp_fragment	hsp_fragment	3.0	3.0	0.0	34.4	34.4	sexM,sexP	sexM,sexP		
Thamnostylum_nigricans_RSA_1405-	Mucoromycota:MAT	scaffold_52	44862-45587	44862-45587	withheld:modelled_gene_bar+polish_capped	withheld:modelled_gene_bar+polish_capped	undetermined	undetermined							hsp_fragment	hsp_fragment	6.4	6.4	0.0	61.5	61.5	sexM,sexP	sexM,sexP		
Thamnostylum_nigricans_RSA_1405-	Mucoromycota:MAT	scaffold_3	31118-61978	31118-61978	withheld:modelled_gene_bar+polish_capped	withheld:modelled_gene_bar+polish_capped	undetermined	undetermined							hsp_fragment	hsp_fragment	0.0	0.0	0.0	0.0	0.0	sexP,tptA	sexP,tptA		
Thamnostylum_nigricans_RSA_1405-	Mucoromycota:MAT	scaffold_13	206040-248542	206040-248542	withheld:modelled_gene_bar+polish_capped	withheld:modelled_gene_bar+polish_capped	undetermined	undetermined							hsp_fragment	hsp_fragment	0.0	0.0	0.0	0.0	0.0	rnhA,sexP	rnhA,sexP		
Thamnostylum_nigricans_RSA_1405-	Mucoromycota:MAT	scaffold_256	16821-17190	16821-17190	withheld:modelled_gene_bar+polish_capped	withheld:modelled_gene_bar+polish_capped	undetermined	undetermined							hsp_fragment	hsp_fragment	10.9	10.9	0.0	59.0	59.0	sexM,sexP	sexM,sexP		
Thamnostylum_nigricans_RSA_1405-	Mucoromycota:MAT	scaffold_134	20789-65662	20789-65662	withheld:modelled_gene_bar+polish_capped	withheld:modelled_gene_bar+polish_capped	undetermined	undetermined							hsp_fragment	hsp_fragment	0.2	0.2	0.0	0.2	0.2	glrA,sexP	glrA,sexP		
Thamnostylum_nigricans_RSA_1405-	Mucoromycota:MAT	scaffold_169	28396-31941	28396-31941	withheld:modelled_gene_bar+polish_capped	withheld:modelled_gene_bar+polish_capped	undetermined	undetermined							hsp_fragment	hsp_fragment	10.2	10.2	0.0	23.4	23.4	algA,sexP	algA,sexP		
Thamnostylum_nigricans_RSA_1405-	Mucoromycota:MAT	scaffold_211	38236-41042	38236-41042	withheld:modelled_gene_bar+polish_capped	withheld:modelled_gene_bar+polish_capped	undetermined	undetermined							hsp_fragment	hsp_fragment	10.2	10.2	0.0	10.2	10.2	algA,sexM	algA,sexM		
Thamnostylum_nigricans_RSA_1405-	Mucoromycota:MAT	scaffold_258	10945-37238	10945-37238	withheld:modelled_gene_bar+polish_capped	withheld:modelled_gene_bar+polish_capped	undetermined	undetermined							hsp_fragment	hsp_fragment	4.9	4.9	0.0	4.9	4.9	rnhA,sexM	rnhA,sexM		
Thamnostylum_nigricans_RSA_1405-	Mucoromycota:MAT	scaffold_78	80555-100939	80555-100939	withheld:modelled_gene_bar	withheld:modelled_gene_bar	undetermined	undetermined							hsp_fragment	hsp_fragment	5.3	5.3	0.0	5.3	5.3	btbA,sexM	btbA,sexM		
Thamnostylum_nigricans_RSA_1405-	Mucoromycota:MAT	scaffold_78	80555-100939	80555-100939	withheld:below_fraction_floor	withheld:below_fraction_floor	undetermined	undetermined							hsp_fragment	hsp_fragment	5.3	5.3	0.0	5.3	5.3	btbA,sexM	btbA,sexM		
Thamnostylum_nigricans_RSA_1405-	Mucoromycota:MAT	scaffold_274		1413-11787	absent	withheld:below_fraction_floor		Plus								model		48.6			76.3		rnhA,sexP		withheld_reason_changed
Thamnostylum_nigricans_RSA_1406	Mucoromycota:MAT	scaffold_270	27694-37678	27694-37678	called	called	Minus	Minus	medium	medium	partial_locus	partial_locus			model	model	71.9	71.9	0.0	146.5	146.5	rnhA,sexM	rnhA,sexM		
Thamnostylum_nigricans_RSA_1406	Mucoromycota:MAT	scaffold_4	156427-240986	156427-240986	withheld:modelled_gene_bar	withheld:modelled_gene_bar	undetermined	undetermined							hsp_fragment	hsp_fragment	0.0	0.0	0.0	0.0	0.0	glrA,rnhA,sexP	glrA,rnhA,sexP		
Thamnostylum_nigricans_RSA_1406	Mucoromycota:MAT	scaffold_5	170769-221992	170769-221992	withheld:modelled_gene_bar	withheld:modelled_gene_bar	undetermined	undetermined							hsp_fragment	hsp_fragment	0.0	0.0	0.0	0.0	0.0	rnhA,sexM,sexP	rnhA,sexM,sexP		
Thamnostylum_nigricans_RSA_1406	Mucoromycota:MAT	scaffold_29	159040-167029	159040-167029	withheld:modelled_gene_bar	withheld:modelled_gene_bar	undetermined	undetermined														algA,rnhA,tptA	algA,rnhA,tptA		
Thamnostylum_nigricans_RSA_1406	Mucoromycota:MAT	scaffold_2	7332-66615	7332-66615	withheld:modelled_gene_bar	withheld:modelled_gene_bar	undetermined	undetermined														glrA,rnhA,tptA	glrA,rnhA,tptA		
Thamnostylum_nigricans_RSA_1406	Mucoromycota:MAT	scaffold_1	52472-115790	52472-115790	withheld:modelled_gene_bar	withheld:modelled_gene_bar	undetermined	undetermined							hsp_fragment	hsp_fragment	2.5	2.5	0.0	44.5	44.5	sexM,sexP,tptA	sexM,sexP,tptA		
Thamnostylum_nigricans_RSA_1406	Mucoromycota:MAT	scaffold_23	184701-186130	184701-186130	withheld:modelled_gene_bar+polish_capped	withheld:modelled_gene_bar+polish_capped	undetermined	undetermined							hsp_fragment	hsp_fragment	3.0	3.0	0.0	34.4	34.4	sexM,sexP	sexM,sexP		
Thamnostylum_nigricans_RSA_1406	Mucoromycota:MAT	scaffold_184	15681-16406	15681-16406	withheld:modelled_gene_bar+polish_capped	withheld:modelled_gene_bar+polish_capped	undetermined	undetermined							hsp_fragment	hsp_fragment	6.4	6.4	0.0	61.5	61.5	sexM,sexP	sexM,sexP		
Thamnostylum_nigricans_RSA_1406	Mucoromycota:MAT	scaffold_3	383978-386787	383978-386787	withheld:modelled_gene_bar+polish_capped	withheld:modelled_gene_bar+polish_capped	undetermined	undetermined							hsp_fragment	hsp_fragment	10.2	10.2	0.0	10.2	10.2	algA,sexM	algA,sexM		
Thamnostylum_nigricans_RSA_1406	Mucoromycota:MAT	scaffold_2	250450-292939	250450-292939	withheld:modelled_gene_bar+polish_capped	withheld:modelled_gene_bar+polish_capped	undetermined	undetermined							hsp_fragment	hsp_fragment	0.0	0.0	0.0	0.0	0.0	rnhA,sexP	rnhA,sexP		
Thamnostylum_nigricans_RSA_1406	Mucoromycota:MAT	scaffold_110	68856-69225	68856-69225	withheld:modelled_gene_bar	withheld:modelled_gene_bar	undetermined	undetermined							model	model	12.7	12.7	0.0	84.3	84.3	sexM,sexP	sexM,sexP		
Thamnostylum_nigricans_RSA_1406	Mucoromycota:MAT	scaffold_136	14685-59559	14685-59559	withheld:modelled_gene_bar+polish_capped	withheld:modelled_gene_bar+polish_capped	undetermined	undetermined							hsp_fragment	hsp_fragment	0.2	0.2	0.0	0.2	0.2	glrA,sexP	glrA,sexP		
Thamnostylum_nigricans_RSA_1406	Mucoromycota:MAT	scaffold_285	2464-28757	2464-28757	withheld:modelled_gene_bar+polish_capped	withheld:modelled_gene_bar+polish_capped	undetermined	undetermined							hsp_fragment	hsp_fragment	4.9	4.9	0.0	4.9	4.9	rnhA,sexM	rnhA,sexM		
Thamnostylum_nigricans_RSA_1406	Mucoromycota:MAT	scaffold_83	51923-56914	51923-56914	withheld:modelled_gene_bar+polish_capped	withheld:modelled_gene_bar+polish_capped	undetermined	undetermined							hsp_fragment	hsp_fragment	0.0	0.0	0.0	0.0	0.0	sexM,sexP	sexM,sexP		
Thamnostylum_nigricans_RSA_1406	Mucoromycota:MAT	scaffold_68	34805-55189	34805-55189	withheld:modelled_gene_bar	withheld:modelled_gene_bar	undetermined	undetermined							hsp_fragment	hsp_fragment	5.3	5.3	0.0	5.3	5.3	btbA,sexM	btbA,sexM		
Thamnostylum_nigricans_RSA_1406	Mucoromycota:MAT	scaffold_110	68856-69225	68856-69225	withheld:below_fraction_floor	withheld:below_fraction_floor	undetermined	undetermined							model	model	12.7	12.7	0.0	84.3	84.3	sexM,sexP	sexM,sexP		
Thamnostylum_nigricans_RSA_1406	Mucoromycota:MAT	scaffold_68	34805-55189	34805-55189	withheld:below_fraction_floor	withheld:below_fraction_floor	undetermined	undetermined							hsp_fragment	hsp_fragment	5.3	5.3	0.0	5.3	5.3	btbA,sexM	btbA,sexM		
Thamnostylum_piriforme_NRRL_A-21589	Mucoromycota:MAT	scaffold_25	8548-56632	8548-56632	called	called	Minus	Minus	medium	medium	partial_locus	partial_locus			model	model	84.1	84.1	0.0	155.2	155.2	glrA,sexM	glrA,sexM		
Thamnostylum_piriforme_NRRL_A-21589	Mucoromycota:MAT	scaffold_39	45298-56633	45298-56633	withheld:modelled_gene_bar	withheld:modelled_gene_bar	undetermined	undetermined														algA,rnhA,tptA	algA,rnhA,tptA		
Thamnostylum_piriforme_NRRL_A-21589	Mucoromycota:MAT	scaffold_126	57255-57989	57255-57989	withheld:modelled_gene_bar+polish_capped	withheld:modelled_gene_bar+polish_capped	undetermined	undetermined							hsp_fragment	hsp_fragment	6.9	6.9	0.0	63.2	63.2	sexM,sexP	sexM,sexP		
Thamnostylum_piriforme_NRRL_A-21589	Mucoromycota:MAT	scaffold_105	34838-35592	34838-35592	withheld:modelled_gene_bar+polish_capped	withheld:modelled_gene_bar+polish_capped	undetermined	undetermined							hsp_fragment	hsp_fragment	2.5	2.5	0.0	42.9	42.9	sexM,sexP	sexM,sexP		
Thamnostylum_piriforme_NRRL_A-21589	Mucoromycota:MAT	scaffold_383	14215-24767	14215-24767	withheld:modelled_gene_bar+polish_capped	withheld:modelled_gene_bar+polish_capped	undetermined	undetermined							hsp_fragment	hsp_fragment	0.0	0.0	0.0	0.0	0.0	sexP,tptA	sexP,tptA		
Thamnostylum_piriforme_NRRL_A-21589	Mucoromycota:MAT	scaffold_52	50537-98188	50537-98188	withheld:modelled_gene_bar+polish_capped	withheld:modelled_gene_bar+polish_capped	undetermined	undetermined							hsp_fragment	hsp_fragment	2.9	2.9	0.0	2.9	2.9	rnhA,sexP	rnhA,sexP		
Thamnostylum_piriforme_NRRL_A-21589	Mucoromycota:MAT	scaffold_110	8324-8801	8324-8801	withheld:modelled_gene_bar+polish_capped	withheld:modelled_gene_bar+polish_capped	undetermined	undetermined							hsp_fragment	hsp_fragment	18.7	18.7	0.0	61.7	61.7	sexM,sexP	sexM,sexP		
Thamnostylum_piriforme_NRRL_A-21589	Mucoromycota:MAT	scaffold_180	14622-42743	14622-42743	withheld:modelled_gene_bar	withheld:modelled_gene_bar	undetermined	undetermined							hsp_fragment	hsp_fragment	0.3	0.3	0.0	0.3	0.3	sexM,tptA	sexM,tptA		
Thamnostylum_piriforme_NRRL_A-21589	Mucoromycota:MAT	scaffold_21	125515-133667	125515-133667	withheld:modelled_gene_bar	withheld:modelled_gene_bar	undetermined	undetermined							model	model	17.9	17.9	0.0	36.6	36.6	sexM,sexP	sexM,sexP		
Thamnostylum_piriforme_NRRL_A-21589	Mucoromycota:MAT	scaffold_134	60720-61392	60720-61392	withheld:modelled_gene_bar+polish_capped	withheld:modelled_gene_bar+polish_capped	undetermined	undetermined							hsp_fragment	hsp_fragment	2.3	2.3	0.0	35.5	35.5	sexM,sexP	sexM,sexP		
Thamnostylum_piriforme_NRRL_A-21589	Mucoromycota:MAT	scaffold_128	61770-70945	61770-70945	withheld:modelled_gene_bar+polish_capped	withheld:modelled_gene_bar+polish_capped	undetermined	undetermined							hsp_fragment	hsp_fragment	0.0	0.0	0.0	0.0	0.0	algA,sexP	algA,sexP		
Thamnostylum_piriforme_NRRL_A-21589	Mucoromycota:MAT	scaffold_14	65764-68358	65764-68358	withheld:modelled_gene_bar	withheld:modelled_gene_bar	undetermined	undetermined							hsp_fragment	hsp_fragment	0.0	0.0	0.0	0.0	0.0	rnhA,sexP	rnhA,sexP		
Thamnostylum_piriforme_NRRL_A-21589	Mucoromycota:MAT	scaffold_98	55846-77810	55846-77810	withheld:modelled_gene_bar+polish_capped	withheld:modelled_gene_bar+polish_capped	undetermined	undetermined							hsp_fragment	hsp_fragment	1.6	1.6	0.0	2.1	2.1	algA,sexP	algA,sexP		
Thamnostylum_piriforme_NRRL_A-21589	Mucoromycota:MAT	scaffold_201	21717-29566	21717-29566	withheld:modelled_gene_bar	withheld:modelled_gene_bar	undetermined	undetermined							hsp_fragment	hsp_fragment	0.0	0.0	0.0	0.0	0.0	algA,sexP	algA,sexP		
Thamnostylum_piriforme_NRRL_A-21589	Mucoromycota:MAT	scaffold_480	4544-8686	4544-8686	withheld:modelled_gene_bar+polish_capped	withheld:modelled_gene_bar+polish_capped	undetermined	undetermined							hsp_fragment	hsp_fragment	0.0	0.0	0.0	0.0	0.0	algA,sexM	algA,sexM		
Thamnostylum_piriforme_NRRL_A-21589	Mucoromycota:MAT	scaffold_100	67389-85923	67389-85923	withheld:modelled_gene_bar	withheld:modelled_gene_bar	undetermined	undetermined							hsp_fragment	hsp_fragment	0.0	0.0	0.0	0.0	0.0	sexM,sexP	sexM,sexP		
Thamnostylum_piriforme_NRRL_A-21589	Mucoromycota:MAT	scaffold_21	125515-133667	125515-133667	withheld:below_fraction_floor	withheld:below_fraction_floor	undetermined	undetermined							model	model	17.9	17.9	0.0	36.6	36.6	sexM,sexP	sexM,sexP		
Thamnostylum_piriforme_RSA_251	Mucoromycota:MAT	scaffold_693	490-8180	490-8180	called	called	Minus	Minus	medium	medium	partial_locus	partial_locus			model	model	88.8	88.8	0.0	159.7	159.7	rnhA,sexM	rnhA,sexM		
Thamnostylum_piriforme_RSA_251	Mucoromycota:MAT	scaffold_17	59006-59731	59006-59731	withheld:modelled_gene_bar	withheld:modelled_gene_bar	undetermined	undetermined							model	model	10.1	10.1	0.0	60.9	60.9	sexM,sexP	sexM,sexP		
Thamnostylum_piriforme_RSA_251	Mucoromycota:MAT	scaffold_297	25563-26330	25563-26330	withheld:modelled_gene_bar	withheld:modelled_gene_bar	undetermined	undetermined							hsp_fragment	hsp_fragment	1.2	1.2	0.0	43.0	43.0	sexM,sexP	sexM,sexP		
Thamnostylum_piriforme_RSA_251	Mucoromycota:MAT	scaffold_416	1723-14713	1723-14713	withheld:modelled_gene_bar+polish_capped	withheld:modelled_gene_bar+polish_capped	undetermined	undetermined							hsp_fragment	hsp_fragment	0.4	0.4	0.0	1.9	1.9	glrA,sexM	glrA,sexM		
Thamnostylum_piriforme_RSA_251	Mucoromycota:MAT	scaffold_604	1821-11102	1821-11102	withheld:modelled_gene_bar+polish_capped	withheld:modelled_gene_bar+polish_capped	undetermined	undetermined							hsp_fragment	hsp_fragment	0.0	0.0	0.0	0.0	0.0	algA,sexM	algA,sexM		
Thamnostylum_piriforme_RSA_251	Mucoromycota:MAT	scaffold_222	17840-25723	17840-25723	withheld:modelled_gene_bar	withheld:modelled_gene_bar	undetermined	undetermined							model	model	17.7	17.7	0.0	36.5	36.5	sexM,sexP	sexM,sexP		
Thamnostylum_piriforme_RSA_251	Mucoromycota:MAT	scaffold_141	28273-56655	28273-56655	withheld:modelled_gene_bar	withheld:modelled_gene_bar	undetermined	undetermined							hsp_fragment	hsp_fragment	0.0	0.0	0.0	0.0	0.0	algA,sexM	algA,sexM		
Thamnostylum_piriforme_RSA_251	Mucoromycota:MAT	scaffold_6	160115-184581	160115-184581	withheld:modelled_gene_bar+polish_capped	withheld:modelled_gene_bar+polish_capped	undetermined	undetermined							hsp_fragment	hsp_fragment	2.8	2.8	0.0	2.8	2.8	glrA,sexM	glrA,sexM		
Thamnostylum_piriforme_RSA_251	Mucoromycota:MAT	scaffold_51	33018-42882	33018-42882	withheld:modelled_gene_bar	withheld:modelled_gene_bar	undetermined	undetermined							hsp_fragment	hsp_fragment	0.5	0.5	0.0	0.5	0.5	algA,sexM	algA,sexM		
Thamnostylum_piriforme_RSA_251	Mucoromycota:MAT	scaffold_17	59006-59731	59006-59731	withheld:below_fraction_floor	withheld:below_fraction_floor	undetermined	undetermined							model	model	10.1	10.1	0.0	60.9	60.9	sexM,sexP	sexM,sexP		
Thamnostylum_piriforme_RSA_251	Mucoromycota:MAT	scaffold_222	17840-25723	17840-25723	withheld:below_fraction_floor	withheld:below_fraction_floor	undetermined	undetermined							model	model	17.7	17.7	0.0	36.5	36.5	sexM,sexP	sexM,sexP		
Thamnostylum_repens_RSA_459_Plus	Mucoromycota:MAT	scaffold_351	20638-29415	20638-29415	called	called	Minus	Minus	medium	medium	partial_locus	partial_locus			model	model	82.9	82.9	0.0	151.9	151.9	rnhA,sexM	rnhA,sexM		
Thamnostylum_repens_RSA_459_Plus	Mucoromycota:MAT	scaffold_114	63875-71687	63875-71687	withheld:modelled_gene_bar	withheld:modelled_gene_bar	undetermined	undetermined														algA,rnhA,tptA	algA,rnhA,tptA		
Thamnostylum_repens_RSA_459_Plus	Mucoromycota:MAT	scaffold_173	41145-52784	41145-52784	withheld:modelled_gene_bar	withheld:modelled_gene_bar	undetermined	undetermined							hsp_fragment	hsp_fragment	0.0	0.0	0.0	0.0	0.0	rnhA,sexM,sexP	rnhA,sexM,sexP		
Thamnostylum_repens_RSA_459_Plus	Mucoromycota:MAT	scaffold_194	4218-5613	4218-5613	withheld:modelled_gene_bar	withheld:modelled_gene_bar	undetermined	undetermined							hsp_fragment	hsp_fragment	1.7	1.7	0.0	37.9	37.9	sexM,sexP	sexM,sexP		
Thamnostylum_repens_RSA_459_Plus	Mucoromycota:MAT	scaffold_149	59228-59953	59228-59953	withheld:modelled_gene_bar+polish_capped	withheld:modelled_gene_bar+polish_capped	undetermined	undetermined							hsp_fragment	hsp_fragment	8.7	8.7	0.0	60.3	60.3	sexM,sexP	sexM,sexP		
Thamnostylum_repens_RSA_459_Plus	Mucoromycota:MAT	scaffold_202	56033-56932	56033-56932	withheld:modelled_gene_bar	withheld:modelled_gene_bar	undetermined	undetermined							hsp_fragment	hsp_fragment	2.6	2.6	0.0	41.8	41.8	sexM,sexP	sexM,sexP		
Thamnostylum_repens_RSA_459_Plus	Mucoromycota:MAT	scaffold_166	37226-54829	37226-54829	withheld:modelled_gene_bar+polish_capped	withheld:modelled_gene_bar+polish_capped	undetermined	undetermined							hsp_fragment	hsp_fragment	0.0	0.0	0.0	0.0	0.0	algA,sexP	algA,sexP		
Thamnostylum_repens_RSA_459_Plus	Mucoromycota:MAT	scaffold_21	41702-82487	41702-82487	withheld:modelled_gene_bar	withheld:modelled_gene_bar	undetermined	undetermined							model	model	18.6	18.6	0.0	83.6	83.6	rnhA,sexM	rnhA,sexM		
Thamnostylum_repens_RSA_459_Plus	Mucoromycota:MAT	scaffold_483	5005-5573	5005-5573	withheld:modelled_gene_bar+polish_capped	withheld:modelled_gene_bar+polish_capped	undetermined	undetermined							hsp_fragment	hsp_fragment	9.7	9.7	0.0	56.7	56.7	sexM,sexP	sexM,sexP		
Thamnostylum_repens_RSA_459_Plus	Mucoromycota:MAT	scaffold_56	49238-113219	49238-113219	withheld:modelled_gene_bar	withheld:modelled_gene_bar	undetermined	undetermined							model	model	18.7	18.7	0.0	35.8	35.8	sexM,sexP	sexM,sexP		
Thamnostylum_repens_RSA_459_Plus	Mucoromycota:MAT	scaffold_1	273281-316162	273281-316162	withheld:modelled_gene_bar+polish_capped	withheld:modelled_gene_bar+polish_capped	undetermined	undetermined							hsp_fragment	hsp_fragment	6.0	6.0	0.0	6.0	6.0	sexM,sexP	sexM,sexP		
Thamnostylum_repens_RSA_459_Plus	Mucoromycota:MAT	scaffold_5	185435-221957	185435-221957	withheld:modelled_gene_bar+polish_capped	withheld:modelled_gene_bar+polish_capped	undetermined	undetermined							hsp_fragment	hsp_fragment	0.0	0.0	0.0	0.0	0.0	glrA,sexM	glrA,sexM		
Thamnostylum_repens_RSA_459_Plus	Mucoromycota:MAT	scaffold_24	8795-40893	8795-40893	withheld:modelled_gene_bar+polish_capped	withheld:modelled_gene_bar+polish_capped	undetermined	undetermined							hsp_fragment	hsp_fragment	0.6	0.6	0.0	0.6	0.6	sexM,sexP	sexM,sexP		
Thamnostylum_repens_RSA_459_Plus	Mucoromycota:MAT	scaffold_292	33322-35183	33322-35183	withheld:modelled_gene_bar+polish_capped	withheld:modelled_gene_bar+polish_capped	undetermined	undetermined							hsp_fragment	hsp_fragment	0.0	0.0	0.0	0.0	0.0	algA,sexP	algA,sexP		
Thamnostylum_repens_RSA_459_Plus	Mucoromycota:MAT	scaffold_289	685-42793	685-42793	withheld:modelled_gene_bar+polish_capped	withheld:modelled_gene_bar+polish_capped	undetermined	undetermined							hsp_fragment	hsp_fragment	0.5	0.5	0.0	2.0	2.0	glrA,sexM	glrA,sexM		
Thamnostylum_repens_RSA_459_Plus	Mucoromycota:MAT	scaffold_142	15124-63037	15124-63037	withheld:modelled_gene_bar+polish_capped	withheld:modelled_gene_bar+polish_capped	undetermined	undetermined							hsp_fragment	hsp_fragment	0.0	0.0	0.0	0.0	0.0	sexM,sexP	sexM,sexP		
Thamnostylum_repens_RSA_459_Plus	Mucoromycota:MAT	scaffold_128	20728-44757	20728-44757	withheld:modelled_gene_bar+polish_capped	withheld:modelled_gene_bar+polish_capped	undetermined	undetermined							hsp_fragment	hsp_fragment	0.0	0.0	0.0	0.0	0.0	sexM,tptA	sexM,tptA		
Thamnostylum_repens_RSA_459_Plus	Mucoromycota:MAT	scaffold_21	41702-82487	41702-82487	withheld:below_fraction_floor	withheld:below_fraction_floor	undetermined	undetermined							model	model	18.6	18.6	0.0	83.6	83.6	rnhA,sexM	rnhA,sexM		
Thamnostylum_repens_RSA_459_Plus	Mucoromycota:MAT	scaffold_56	49238-113219	49238-113219	withheld:below_fraction_floor	withheld:below_fraction_floor	undetermined	undetermined							model	model	18.7	18.7	0.0	35.8	35.8	sexM,sexP	sexM,sexP		
Thamnostylum_repens_Tieghem_Upadhyay_NRRL_6240	Mucoromycota:MAT	scaffold_561	1544-16343	1544-16343	called	called	Plus	Plus	high	high	mat_locus	mat_locus			model	model	346.6	346.6	0.0	396.0	396.0	algA,glrA,rnhA,sexP,tptA	algA,glrA,rnhA,sexP,tptA		
Thamnostylum_repens_Tieghem_Upadhyay_NRRL_6240	Mucoromycota:MAT	scaffold_258	15789-32627	15789-32627	withheld:modelled_gene_bar+polish_capped	withheld:modelled_gene_bar+polish_capped	undetermined	undetermined							hsp_fragment	hsp_fragment	2.1	2.1	0.0	2.1	2.1	rnhA,sexP,tptA	rnhA,sexP,tptA		
Thamnostylum_repens_Tieghem_Upadhyay_NRRL_6240	Mucoromycota:MAT	scaffold_112	2101-8578	2101-8578	withheld:modelled_gene_bar	withheld:modelled_gene_bar	undetermined	undetermined							hsp_fragment	hsp_fragment	1.2	1.2	0.0	35.8	35.8	glrA,sexM,sexP	glrA,sexM,sexP		
Thamnostylum_repens_Tieghem_Upadhyay_NRRL_6240	Mucoromycota:MAT	scaffold_717	4726-15722	4726-15722	withheld:modelled_gene_bar	withheld:modelled_gene_bar	undetermined	undetermined							hsp_fragment	hsp_fragment	0.0	0.0	0.0	0.0	0.0	glrA,rnhA,sexM	glrA,rnhA,sexM		
Thamnostylum_repens_Tieghem_Upadhyay_NRRL_6240	Mucoromycota:MAT	scaffold_510	20763-24422	20763-24422	withheld:below_fraction_floor	withheld:below_fraction_floor	undetermined	undetermined							model	model	14.7	14.7	0.0	73.9	73.9	rnhA,sexP	rnhA,sexP		
Umbelopsis_ovata_NRRL_13127T	Mucoromycota:MAT	scaffold_114	18696-23608	18696-23608	called	called	Minus	Minus	high	high	mat_locus	mat_locus			model	model	33.3	33.3	0.0	50.2	50.2	algA,sexM,tptA	algA,sexM,tptA		
Umbelopsis_ovata_NRRL_13127T	Mucoromycota:MAT	scaffold_12	21095-116469	21095-116469	withheld:mat_gene_gate	withheld:mat_gene_gate	undetermined	undetermined							model	model	23.5	23.5	0.0	39.5	39.5	glrA,rnhA,sexM	glrA,rnhA,sexM		
Umbelopsis_ovata_NRRL_13127T	Mucoromycota:MAT	scaffold_77	16165-19084	16165-19084	withheld:below_fraction_floor	withheld:below_fraction_floor	undetermined	undetermined							hsp_fragment	hsp_fragment	5.4	5.4	0.0	5.4	5.4	rnhA,sexP	rnhA,sexP		
Zygorhynchus_exponens_NRRL_1492	Mucoromycota:MAT	scaffold_614	9261-20453	9261-20453	called	called	Plus	Plus	high	high	mat_locus	mat_locus			model	model	292.5	292.5	0.0	346.8	346.8	glrA,rnhA,sexP	glrA,rnhA,sexP		
Zygorhynchus_exponens_NRRL_1492	Mucoromycota:MAT	scaffold_605	2863-8369	2863-8369	called	called	Minus	Minus	high	high	mat_locus	mat_locus			model	model	35.8	35.8	0.0	92.0	92.0	algA,sexM,tptA	algA,sexM,tptA		
Zygorhynchus_exponens_NRRL_1492	Mucoromycota:MAT	scaffold_119	10028-42520	10028-42520	withheld:modelled_gene_bar	withheld:modelled_gene_bar	undetermined	undetermined							hsp_fragment	hsp_fragment	6.6	6.6	0.0	42.7	42.7	rnhA,sexM,sexP	rnhA,sexM,sexP		
Zygorhynchus_exponens_NRRL_1492	Mucoromycota:MAT	scaffold_256	8477-11179	8477-11179	withheld:below_fraction_floor	withheld:below_fraction_floor	undetermined	undetermined							hsp_fragment	hsp_fragment	1.6	1.6	0.0	3.7	3.7	rnhA,sexP	rnhA,sexP		
Zygorhynchus_exponens_NRRL_1492	Mucoromycota:MAT	scaffold_34	39061-41498	39061-41498	withheld:below_fraction_floor	withheld:below_fraction_floor	undetermined	undetermined							model	model	24.1	24.1	0.0	39.1	39.1	algA,sexM	algA,sexM		
Zygorhynchus_exponens_var._smithii_NRRL_2572T	Mucoromycota:MAT	scaffold_567	9730-20950	9730-20950	called	called	Plus	Plus	high	high	mat_locus	mat_locus			model	model	291.8	291.8	0.0	348.1	348.1	glrA,rnhA,sexP	glrA,rnhA,sexP		
Zygorhynchus_exponens_var._smithii_NRRL_2572T	Mucoromycota:MAT	scaffold_401	2712-8124	2712-8124	called	called	Minus	Minus	high	high	mat_locus	mat_locus			model	model	34.4	34.4	0.0	91.2	91.2	algA,sexM,tptA	algA,sexM,tptA		
Zygorhynchus_exponens_var._smithii_NRRL_2572T	Mucoromycota:MAT	scaffold_193	1656-2149	1656-2149	withheld:below_fraction_floor	withheld:below_fraction_floor	undetermined	undetermined							model	model	10.5	10.5	0.0	59.7	59.7	sexM,sexP	sexM,sexP		
Zygorhynchus_exponens_var._smithii_NRRL_2572T	Mucoromycota:MAT	scaffold_192	26381-29118	26381-29118	withheld:below_fraction_floor	withheld:below_fraction_floor	undetermined	undetermined							hsp_fragment	hsp_fragment	1.6	1.6	0.0	3.7	3.7	rnhA,sexP	rnhA,sexP		
Zygorhynchus_exponens_var._smithii_NRRL_2572T	Mucoromycota:MAT	scaffold_123	16054-38240	16054-38240	withheld:below_fraction_floor	withheld:below_fraction_floor	undetermined	undetermined							model	model	20.1	20.1	0.0	42.2	42.2	algA,sexP	algA,sexP		
Zygorhynchus_heterogamus_Vuillemin_NRRL_1489	Mucoromycota:MAT	scaffold_1293	2483-5953	2483-5953	called	called	Minus	Minus	medium	medium	partial_locus	partial_locus			model	model	69.1	69.1	0.0	144.5	144.5	algA,sexM	algA,sexM		
Zygorhynchus_heterogamus_Vuillemin_NRRL_1489	Mucoromycota:MAT	scaffold_4125	2121-2849	2121-2849	withheld:modelled_gene_bar	withheld:modelled_gene_bar	undetermined	undetermined							model	model	4.2	4.2	0.0	52.0	52.0	sexM,sexP	sexM,sexP		
Zygorhynchus_heterogamus_Vuillemin_NRRL_1489	Mucoromycota:MAT	scaffold_4339	1235-2039	1235-2039	withheld:modelled_gene_bar	withheld:modelled_gene_bar	undetermined	undetermined							hsp_fragment	hsp_fragment	5.8	5.8	0.0	42.3	42.3	sexM,sexP	sexM,sexP		
Zygorhynchus_heterogamus_Vuillemin_NRRL_1489	Mucoromycota:MAT	scaffold_96	8045-10341	8045-10341	withheld:modelled_gene_bar	withheld:modelled_gene_bar	undetermined	undetermined							hsp_fragment	hsp_fragment	5.8	5.8	0.0	25.1	25.1	algA,sexP	algA,sexP		
Zygorhynchus_heterogamus_Vuillemin_NRRL_1489	Mucoromycota:MAT	scaffold_4125	2121-2849	2121-2849	withheld:below_fraction_floor	withheld:below_fraction_floor	undetermined	undetermined							model	model	4.2	4.2	0.0	52.0	52.0	sexM,sexP	sexM,sexP		
Zygorhynchus_macrocarpus_NRRL_2663	Mucoromycota:MAT	scaffold_123	11311-20779	11311-20779	called	called	Minus	Minus	medium	medium	mat_locus	mat_locus			model	model	78.4	78.4	0.0	152.6	152.6	algA,glrA,sexM	algA,glrA,sexM		
Zygorhynchus_macrocarpus_NRRL_2663	Mucoromycota:MAT	scaffold_100	2733-8939	2733-8939	withheld:modelled_gene_bar	withheld:modelled_gene_bar	undetermined	undetermined							model	model	11.1	11.1	0.0	39.1	39.1	rnhA,sexM,sexP	rnhA,sexM,sexP		
Zygorhynchus_moelleri_NRRL_1498	Mucoromycota:MAT	scaffold_428	773-16075	773-16075	called	called	Plus	Plus	high	high	mat_locus	mat_locus			model	model	266.9	266.9	0.0	355.1	355.1	glrA,rnhA,sexM,sexP	glrA,rnhA,sexM,sexP		
Zygorhynchus_moelleri_NRRL_1625	Mucoromycota:MAT	scaffold_404	393-15686	393-15686	called	called	Plus	Plus	high	high	mat_locus	mat_locus			model	model	266.9	266.9	0.0	355.1	355.1	glrA,rnhA,sexM,sexP	glrA,rnhA,sexM,sexP		
Zygorhynchus_moelleri_NRRL_1625	Mucoromycota:MAT	scaffold_100	72413-76144	72413-76144	withheld:below_fraction_floor	withheld:below_fraction_floor	undetermined	undetermined							hsp_fragment	hsp_fragment	0.0	0.0	0.0	0.0	0.0	rnhA,sexP	rnhA,sexP		
Zygorhynchus_moelleri_NRRL_3138	Mucoromycota:MAT	scaffold_445	1073-16390	1073-16390	called	called	Plus	Plus	high	high	mat_locus	mat_locus			model	model	268.3	268.3	0.0	356.7	356.7	glrA,rnhA,sexM,sexP	glrA,rnhA,sexM,sexP		
Zygorhynchus_moelleri_NRRL_3138	Mucoromycota:MAT	scaffold_1	20090-87092	20090-87092	withheld:modelled_gene_bar	withheld:modelled_gene_bar	undetermined	undetermined							hsp_fragment	hsp_fragment	4.1	4.1	0.0	6.0	6.0	glrA,rnhA,sexM,sexP	glrA,rnhA,sexM,sexP		
Zygorhynchus_moelleri_Vuillemin_NRRL_1497	Mucoromycota:MAT	scaffold_468	809-16165	809-16165	called	called	Plus	Plus	high	high	mat_locus	mat_locus			model	model	266.8	266.8	0.0	355.0	355.0	glrA,rnhA,sexM,sexP	glrA,rnhA,sexM,sexP		
Zygorhynchus_moelleri_Vuillemin_NRRL_1497	Mucoromycota:MAT	scaffold_5	207685-274946	207685-274946	withheld:modelled_gene_bar	withheld:modelled_gene_bar	undetermined	undetermined							hsp_fragment	hsp_fragment	4.1	4.1	0.0	6.0	6.0	glrA,rnhA,sexM,sexP	glrA,rnhA,sexM,sexP		
Zygorhynchus_sp._NRRL_3102	Mucoromycota:MAT	scaffold_58	1378-53825	1378-53825	called	called	Plus	Plus	high	high	mat_locus	mat_locus			model	model	295.6	295.6	0.0	366.0	366.0	algA,glrA,rnhA,sexP,tptA	algA,glrA,rnhA,sexP,tptA		
Zygorhynchus_sp._NRRL_3102	Mucoromycota:MAT	scaffold_79	6718-11712	6718-11712	withheld:below_fraction_floor	withheld:below_fraction_floor	Minus	Minus							model	model	106.8	106.8	0.0	168.6	168.6	rnhA,sexM	rnhA,sexM		
Zygorhynchus_sp._NRRL_3102	Mucoromycota:MAT	scaffold_55	46540-93535	46540-93535	withheld:below_fraction_floor	withheld:below_fraction_floor	undetermined	undetermined							hsp_fragment	hsp_fragment	1.4	1.4	0.0	25.6	25.6	btbA,sexP	btbA,sexP		
