family	genome	run	absent_genes	contig	core_evidence	end	flanks	idiomorph	locus_class	max_absent_identity	polished_genes	reported	reproduced	reproduced_ok	start	unpolished	variant_A	variant_B	variant_Bp	why_A	why_B	why_Bp	why_current
Ascomycota:MATsc	GCA_000147375.2_WaNRRLY366_v02	cap6_f7b9773		JH119216.1	MATA1:63.64:polished_single	35563	sla2	MATa	partial_locus		2	medium	medium	True	27609		medium	medium	medium	core_not_found	core_not_found	core_not_found	core_not_found
Ascomycota:MATsc	GCA_000256865.1_Saccharomyces_kudriavzevii_strain_FM1069_v1.0	cap6_f7b9773		JH628216.1	MATALPHA2:97.22:polished_agree;MATALPHA1:72.46:polished_agree	5864		MATalpha	idiomorph_gene_only		2	high	high	True	5077		high	high	high	no_flank_req	no_flank_req	no_flank_req	no_flank_req
Ascomycota:MATsc	GCA_000328385.1_Cuti_1.0	cap6_f7b9773		DG000068.1	MATA2:37.037:unpolished;MATA1:48.05:polished_agree	770071	sla2	MATa	mat_locus		2	medium	medium	True	764805	MATA2	medium	medium	medium	unpolished	unpolished	unpolished	unpolished
Ascomycota:MATsc	GCA_000416405.1_S._cerevisiae_NY1308	cap6_f7b9773	MATA2:100.0:polished_agree	ASJZ01000023.1	MATA2:100.0:polished_agree;MATALPHA2:100.0:polished_agree;MATALPHA1:99.43:polished_agree	109383		MATalpha	idiomorph_gene_only	100.0	3	medium	medium	True	107966		medium	high	medium	core_not_found	no_flank_req	core_not_found	core_not_found
Ascomycota:MATsc	GCA_000416405.1_S._cerevisiae_NY1308	cap6_f7b9773	MATALPHA2:100.0:polished_agree;MATALPHA1:97.5:polished_agree	ASJZ01000023.1	MATA2:100.0:polished_agree;MATALPHA2:100.0:polished_agree;MATA1:99.21:polished_agree;MATALPHA1:97.5:polished_agree	203049		MATa	idiomorph_gene_only	100.0	4	high	high	True	201737		high	high	high	no_flank_req	no_flank_req	no_flank_req	no_flank_req
Ascomycota:MAT	GCA_000467715.1_ASM46771v1	cap6_f7b9773		AJFK01000280.1	MAT1-1-1:41.96:polished_single	40767	APN2;COX13	MAT1-1	mat_locus		3	high	high	True	31085		high	high	high	flank_ok	flank_ok	flank_ok	flank_ok
Ascomycota:MAT	GCA_000496955.1_PseDes1.0	cap6_f7b9773	MAT1-2-1:48.485:unpolished	AYKP01002682.1	MAT1-1-1:41.32:polished_disagree;MAT1-1-5:31.667:unpolished;MAT1-2-1:48.485:unpolished	32849	APN2;COX13;SLA2	MAT1-1	mat_locus	48.485	4	medium	medium	True	10867	MAT1-1-5;MAT1-2-1	medium	medium	medium	unpolished	unpolished	unpolished	unpolished
Ascomycota:MAT	GCA_000498155.1_1.0	cap6_f7b9773	MAT1-1-4:39.474:unpolished;MAT1-1-3:47.222:not_polish_candidate	AXZN01000055.1	MAT1-1-4:39.474:unpolished;MAT1-2-1:34.78:polished_single;MAT1-1-3:47.222:not_polish_candidate	136999	APN2;COX13	MAT1-2	mat_locus	47.222	3	medium	medium	True	110965	MAT1-1-4	medium	high	high	core_not_found	flank_ok	flank_ok	core_not_found
Ascomycota:MAT	GCA_000611755.1_Endpu1.0	cap6_f7b9773	MAT1-2-1:62.35:polished_agree	KK106948.1	MAT1-1-1:45.75:polished_single;MAT1-1-4:23.418:unpolished;MAT1-2-1:62.35:polished_agree;MAT1-1-3:41.026:not_polish_candidate	1368298	APN2;COX13;SLA2	MAT1-1	mat_locus	62.35	5	medium	medium	True	1342215	MAT1-1-4	medium	medium	medium	unpolished	unpolished	unpolished	unpolished
Ascomycota:MATsc	GCA_000768095.1_ASM76809v1	cap6_f7b9773	MATA2:100.0:polished_agree	JRIM01000122.1	MATALPHA1:99.43:polished_agree;MATALPHA2:100.0:polished_agree;MATA2:100.0:polished_agree	6435		MATalpha	idiomorph_gene_only	100.0	3	medium	medium	True	4770		medium	high	medium	core_not_found	no_flank_req	core_not_found	core_not_found
Ascomycota:MATsc	GCA_000768095.1_ASM76809v1	cap6_f7b9773	MATALPHA2:100.0:polished_agree	JRIM01000853.1	MATA1:98.41:polished_disagree;MATALPHA2:100.0:polished_agree;MATA2:100.0:polished_agree	2677		MATa	idiomorph_gene_only	100.0	3	medium	medium	True	1541		medium	high	medium	core_not_found	no_flank_req	core_not_found	core_not_found
Ascomycota:MATsc	GCA_000768095.1_ASM76809v1	cap6_f7b9773		JRIM01000143.1	MATALPHA2:100.0:polished_agree;MATA2:100.0:polished_agree	555		undetermined	idiomorph_gene_only		2	medium	medium	True	1		medium	medium	medium	core_not_found	core_not_found	core_not_found	core_not_found
Ascomycota:MAT	GCA_000966595.1_ASM96659v1	cap6_f7b9773		LAFY01004296.1	MAT1-1-1:45.78:polished_single	9210	APN2	MAT1-1	partial_locus		2	medium	medium	True	3059		medium	medium	medium	flank_ok+partial	flank_ok+partial	flank_ok+partial	flank_ok+partial
Ascomycota:MATsc	GCA_000975765.2_Sc_YJM193_v1	cap6_f7b9773	MATA2:100.0:polished_agree	CP006332.2	MATA2:100.0:polished_agree;MATALPHA2:100.0:polished_agree;MATALPHA1:99.43:polished_agree	12771		MATalpha	idiomorph_gene_only	100.0	3	medium	medium	True	11354		medium	high	medium	core_not_found	no_flank_req	core_not_found	core_not_found
Ascomycota:MATsc	GCA_000975765.2_Sc_YJM193_v1	cap6_f7b9773	MATA2:100.0:polished_agree	CP006332.2	MATA2:100.0:polished_agree;MATALPHA2:100.0:polished_agree;MATALPHA1:99.43:polished_agree	193513		MATalpha	idiomorph_gene_only	100.0	3	medium	medium	True	192096		medium	high	medium	core_not_found	no_flank_req	core_not_found	core_not_found
Ascomycota:MATsc	GCA_000975765.2_Sc_YJM193_v1	cap6_f7b9773	MATALPHA2:100.0:polished_agree;MATALPHA1:97.5:polished_agree	CP006332.2	MATA2:100.0:polished_agree;MATALPHA2:100.0:polished_agree;MATA1:98.41:polished_disagree;MATALPHA1:97.5:polished_agree	287344		MATa	idiomorph_gene_only	100.0	4	high	high	True	286032		high	high	high	no_flank_req	no_flank_req	no_flank_req	no_flank_req
Ascomycota:MATsc	GCA_000976185.3_Sc_YJM555_v1	cap6_f7b9773	MATA2:100.0:polished_agree	CP006348.2	MATA2:100.0:polished_agree;MATALPHA2:100.0:polished_agree;MATALPHA1:100.0:polished_agree	13469		MATalpha	idiomorph_gene_only	100.0	3	medium	medium	True	12052		medium	high	medium	core_not_found	no_flank_req	core_not_found	core_not_found
Ascomycota:MATsc	GCA_000976185.3_Sc_YJM555_v1	cap6_f7b9773	MATA2:100.0:polished_agree	CP006348.2	MATA2:100.0:polished_agree;MATALPHA2:100.0:polished_agree;MATALPHA1:100.0:polished_agree	195437		MATalpha	idiomorph_gene_only	100.0	3	medium	medium	True	194020		medium	high	medium	core_not_found	no_flank_req	core_not_found	core_not_found
Ascomycota:MATsc	GCA_000976185.3_Sc_YJM555_v1	cap6_f7b9773	MATALPHA2:100.0:polished_agree;MATALPHA1:97.5:polished_agree	CP006348.2	MATA2:100.0:polished_agree;MATALPHA2:100.0:polished_agree;MATA1:97.62:polished_disagree;MATALPHA1:97.5:polished_agree	289005		MATa	idiomorph_gene_only	100.0	4	high	high	True	287693		high	high	high	no_flank_req	no_flank_req	no_flank_req	no_flank_req
Ascomycota:MATsc	GCA_000977055.4_Sc_YJM1307_v1	cap6_f7b9773	MATA2:100.0:polished_agree	CP006287.1	MATA2:100.0:polished_agree;MATALPHA2:100.0:polished_agree;MATALPHA1:99.43:polished_agree	14005		MATalpha	idiomorph_gene_only	100.0	3	medium	medium	True	12588		medium	high	medium	core_not_found	no_flank_req	core_not_found	core_not_found
Ascomycota:MATsc	GCA_000977055.4_Sc_YJM1307_v1	cap6_f7b9773	MATA2:100.0:polished_agree	CP006287.1	MATA2:100.0:polished_agree;MATALPHA2:100.0:polished_agree;MATALPHA1:99.43:polished_agree	194378		MATalpha	idiomorph_gene_only	100.0	3	medium	medium	True	192961		medium	high	medium	core_not_found	no_flank_req	core_not_found	core_not_found
Ascomycota:MATsc	GCA_000977055.4_Sc_YJM1307_v1	cap6_f7b9773	MATALPHA2:100.0:polished_agree;MATALPHA1:97.5:polished_agree	CP006287.1	MATA2:100.0:polished_agree;MATALPHA2:100.0:polished_agree;MATA1:97.62:polished_disagree;MATALPHA1:97.5:polished_agree	288739		MATa	idiomorph_gene_only	100.0	4	high	high	True	287427		high	high	high	no_flank_req	no_flank_req	no_flank_req	no_flank_req
Ascomycota:MATsc	GCA_000977115.3_Sc_YJM1326_v1	cap6_f7b9773	MATA2:100.0:polished_agree	CP006289.2	MATA2:100.0:polished_agree;MATALPHA2:100.0:polished_agree;MATALPHA1:100.0:polished_agree	13134		MATalpha	idiomorph_gene_only	100.0	3	medium	medium	True	11717		medium	high	medium	core_not_found	no_flank_req	core_not_found	core_not_found
Ascomycota:MATsc	GCA_000977115.3_Sc_YJM1326_v1	cap6_f7b9773	MATA2:100.0:polished_agree	CP006289.2	MATA2:100.0:polished_agree;MATALPHA2:100.0:polished_agree;MATALPHA1:100.0:polished_agree	193626		MATalpha	idiomorph_gene_only	100.0	3	medium	medium	True	192209		medium	high	medium	core_not_found	no_flank_req	core_not_found	core_not_found
Ascomycota:MATsc	GCA_000977115.3_Sc_YJM1326_v1	cap6_f7b9773	MATALPHA2:100.0:polished_agree;MATALPHA1:97.5:polished_agree	CP006289.2	MATA2:100.0:polished_agree;MATALPHA2:100.0:polished_agree;MATA1:97.62:polished_disagree;MATALPHA1:97.5:polished_agree	287164		MATa	idiomorph_gene_only	100.0	4	high	high	True	285852		high	high	high	no_flank_req	no_flank_req	no_flank_req	no_flank_req
Ascomycota:MATsc	GCA_000977505.2_Sc_YJM1388_v1	cap6_f7b9773	MATA2:100.0:polished_agree	CP006302.2	MATA2:100.0:polished_agree;MATALPHA2:100.0:polished_agree;MATALPHA1:99.43:polished_agree	10131		MATalpha	idiomorph_gene_only	100.0	3	medium	medium	True	8714		medium	high	medium	core_not_found	no_flank_req	core_not_found	core_not_found
Ascomycota:MATsc	GCA_000977505.2_Sc_YJM1388_v1	cap6_f7b9773	MATA2:100.0:polished_agree	CP006302.2	MATA2:100.0:polished_agree;MATALPHA2:100.0:polished_agree;MATALPHA1:99.43:polished_agree	190316		MATalpha	idiomorph_gene_only	100.0	3	medium	medium	True	188899		medium	high	medium	core_not_found	no_flank_req	core_not_found	core_not_found
Ascomycota:MATsc	GCA_000977505.2_Sc_YJM1388_v1	cap6_f7b9773	MATALPHA2:100.0:polished_agree;MATALPHA1:97.5:polished_agree	CP006302.2	MATA2:100.0:polished_agree;MATALPHA2:100.0:polished_agree;MATA1:99.21:polished_agree;MATALPHA1:97.5:polished_agree	283624		MATa	idiomorph_gene_only	100.0	4	high	high	True	282312		high	high	high	no_flank_req	no_flank_req	no_flank_req	no_flank_req
Ascomycota:MATsc	GCA_000977805.2_Sc_YJM1433_v1	cap6_f7b9773	MATA2:100.0:polished_agree	CP006312.2	MATA2:100.0:polished_agree;MATALPHA2:100.0:polished_agree;MATALPHA1:99.43:polished_agree	14034		MATalpha	idiomorph_gene_only	100.0	3	medium	medium	True	12617		medium	high	medium	core_not_found	no_flank_req	core_not_found	core_not_found
Ascomycota:MATsc	GCA_000977805.2_Sc_YJM1433_v1	cap6_f7b9773	MATA2:100.0:polished_agree	CP006312.2	MATA2:100.0:polished_agree;MATALPHA2:100.0:polished_agree;MATALPHA1:99.43:polished_agree	193599		MATalpha	idiomorph_gene_only	100.0	3	medium	medium	True	192182		medium	high	medium	core_not_found	no_flank_req	core_not_found	core_not_found
Ascomycota:MATsc	GCA_000977805.2_Sc_YJM1433_v1	cap6_f7b9773	MATALPHA2:100.0:polished_agree;MATALPHA1:97.5:polished_agree	CP006312.2	MATA2:100.0:polished_agree;MATALPHA2:100.0:polished_agree;MATA1:98.41:polished_disagree;MATALPHA1:97.5:polished_agree	287036		MATa	idiomorph_gene_only	100.0	4	high	high	True	285724		high	high	high	no_flank_req	no_flank_req	no_flank_req	no_flank_req
Ascomycota:MAT	GCA_001006345.1_UCRPA7V1.0	cap6_f7b9773		LCWF01000091.1	MAT1-1-1:45.7:polished_disagree	35862	APN2;COX13;SLA2	MAT1-1	mat_locus		4	high	high	True	23840		high	high	high	flank_ok	flank_ok	flank_ok	flank_ok
Ascomycota:MATyl	GCA_001307795.1_ASM130779v1	cap6_f7b9773		LJBI01000003.1	mata2:100.0:polished_agree;mata1:100.0:polished_agree	970900	apn2;sla2	A	mat_locus		4	high	high	True	964153		high	high	high	flank_ok	flank_ok	flank_ok	flank_ok
Ascomycota:MAT	GCA_001510565.1_ASM151056v1	cap6_f7b9773	MAT1-1-1:41.79:polished_single;MAT1-1-3:37.143:not_polish_candidate	LNGL01000024.1	MAT1-1-1:41.79:polished_single;MAT1-2-1:46.88:polished_agree;MAT1-1-3:37.143:not_polish_candidate	403819	APN2;COX13;SLA2	MAT1-2	mat_locus	41.79	5	medium	medium	True	379889		medium	medium	medium	flank_ok+margin	flank_ok+margin	flank_ok+margin	flank_ok+margin
Ascomycota:MAT	GCA_001557505.1_ASM155750v1	cap6_f7b9773	MAT1-2-1:30.172:not_polish_candidate	LSAX01000007.1	MAT1-2-1:30.172:not_polish_candidate;MAT1-1-3:41.33:polished_single;MAT1-1-1:39.58:polished_single	2746128	APN2;COX13;SLA2	MAT1-1	mat_locus	30.172	5	high	high	True	2729756		high	high	high	flank_ok	flank_ok	flank_ok	flank_ok
Ascomycota:MAT	GCA_001600575.1_JCM_8837_assembly_v001	cap6_f7b9773	MAT1-2-1:39.394:unpolished;MAT1-2-4:33.735:unpolished	BCKI01000011.1	MAT1-1-2:36.066:unpolished;MAT1-1-3:34.375:not_polish_candidate;MAT1-2-1:39.394:unpolished;MAT1-1-4:34.694:unpolished;MAT1-2-4:33.735:unpolished	1376537	APN2;COX13;SLA2	MAT1-1	mat_locus	39.394	3	medium	medium	True	1298709	MAT1-1-2;MAT1-1-4;MAT1-2-1;MAT1-2-4	medium	medium	medium	core_not_found	core_not_found	core_not_found	core_not_found
Ascomycota:MAT	GCA_001602355.1_JCM_30695_assembly_v001	cap6_f7b9773		BCLX01000007.1	MAT1-1-2:33.333:unpolished;MAT1-1-1:36.667:unpolished	318629	APN2;SLA2	MAT1-1	mat_locus		2	medium	medium	True	270934	MAT1-1-1;MAT1-1-2	medium	medium	medium	unpolished	unpolished	unpolished	unpolished
Ascomycota:MATsc	GCA_001671405.1_ASM167140v1	cap6_f7b9773	MATA2:100.0:polished_agree	CP008204.1	MATA2:100.0:polished_agree;MATALPHA2:98.0:not_polish_candidate;MATALPHA1:92.11:polished_agree	13159		MATalpha	idiomorph_gene_only	100.0	2	medium	medium	True	11946		medium	low	medium	core_not_found	core_not_found	core_not_found	core_not_found
Ascomycota:MATsc	GCA_001671405.1_ASM167140v1	cap6_f7b9773	MATA2:97.14:polished_single	CP008204.1	MATA2:97.14:polished_single;MATALPHA2:48.571:not_polish_candidate;MATALPHA1:98.43:polished_agree	200319		MATalpha	idiomorph_gene_only	97.14	2	medium	medium	True	199025		medium	low	medium	core_not_found	core_not_found	core_not_found	core_not_found
Ascomycota:MATsc	GCA_001671405.1_ASM167140v1	cap6_f7b9773	MATALPHA2:100.0:polished_agree;MATALPHA1:97.5:polished_agree	CP008204.1	MATA2:100.0:polished_agree;MATALPHA2:100.0:polished_agree;MATA1:99.21:polished_disagree;MATALPHA1:97.5:polished_agree	293847		MATa	idiomorph_gene_only	100.0	4	high	high	True	292535		high	high	high	no_flank_req	no_flank_req	no_flank_req	no_flank_req
Ascomycota:MATsc	GCA_001671685.1_ASM167168v1	cap6_f7b9773	MATA2:51.515:not_polish_candidate	CP008680.1	MATA2:51.515:not_polish_candidate;MATALPHA2:69.16:polished_disagree;MATALPHA1:72.0:polished_agree	13041		MATalpha	idiomorph_gene_only	51.515	2	high	high	True	11882		high	high	high	no_flank_req	no_flank_req	no_flank_req	no_flank_req
Ascomycota:MATsc	GCA_001671685.1_ASM167168v1	cap6_f7b9773		CP008680.1	MATALPHA2:96.0:polished_agree;MATALPHA1:89.39:polished_agree	200201		MATalpha	idiomorph_gene_only		2	high	high	True	199246		high	high	high	no_flank_req	no_flank_req	no_flank_req	no_flank_req
Ascomycota:MATsc	GCA_001671685.1_ASM167168v1	cap6_f7b9773	MATALPHA2:100.0:polished_agree;MATALPHA1:97.5:polished_agree	CP008680.1	MATA2:100.0:polished_agree;MATALPHA2:100.0:polished_agree;MATA1:99.21:polished_disagree;MATALPHA1:97.5:polished_agree	293729		MATa	idiomorph_gene_only	100.0	4	high	high	True	292417		high	high	high	no_flank_req	no_flank_req	no_flank_req	no_flank_req
Ascomycota:MATsc	GCA_001671985.1_ASM167198v1	cap6_f7b9773		CP008238.1	MATALPHA2:87.21:polished_agree;MATALPHA1:99.27:polished_agree	13366		MATalpha	idiomorph_gene_only		2	high	high	True	12294		high	high	high	no_flank_req	no_flank_req	no_flank_req	no_flank_req
Ascomycota:MATsc	GCA_001671985.1_ASM167198v1	cap6_f7b9773	MATA2:79.83:polished_agree	CP008238.1	MATA2:79.83:polished_agree;MATALPHA2:71.77:not_polish_candidate;MATALPHA1:99.28:polished_agree	200526		MATalpha	idiomorph_gene_only	79.83	2	medium	medium	True	199109		medium	low	medium	core_not_found	core_not_found	core_not_found	core_not_found
Ascomycota:MATsc	GCA_001671985.1_ASM167198v1	cap6_f7b9773	MATALPHA2:100.0:polished_agree;MATALPHA1:97.5:polished_agree	CP008238.1	MATA2:100.0:polished_agree;MATALPHA2:100.0:polished_agree;MATA1:100.0:polished_disagree;MATALPHA1:97.5:polished_agree	294054		MATa	idiomorph_gene_only	100.0	4	high	high	True	292742		high	high	high	no_flank_req	no_flank_req	no_flank_req	no_flank_req
Ascomycota:MAT	GCA_001692735.1_Leppa1	cap6_f7b9773	MAT1-1-3:25.51:not_polish_candidate	KV744868.1	MAT1-2-1:32.62:polished_disagree;MAT1-1-3:25.51:not_polish_candidate	62072	APN2;COX13	MAT1-2	mat_locus	25.51	3	high	high	True	35860		high	high	high	flank_ok	flank_ok	flank_ok	flank_ok
Ascomycota:MATsc	GCA_001738125.1_ASM173812v1	cap6_f7b9773	MATA2:90.141:not_polish_candidate	CM005233.1	MATA2:90.141:not_polish_candidate;MATALPHA2:99.07:polished_disagree;MATALPHA1:100.0:polished_agree	200768		MATalpha	idiomorph_gene_only	90.141	2	medium	medium	True	199168		medium	high	medium	core_not_found	no_flank_req	core_not_found	core_not_found
Ascomycota:MATsc	GCA_001738125.1_ASM173812v1	cap6_f7b9773	MATALPHA2:100.0:polished_disagree;MATALPHA1:97.5:polished_agree	CM005233.1	MATA2:100.0:polished_disagree;MATALPHA2:100.0:polished_disagree;MATA1:99.21:polished_disagree;MATALPHA1:97.5:polished_agree	294486		MATa	idiomorph_gene_only	100.0	4	high	high	True	293175		high	high	high	no_flank_req	no_flank_req	no_flank_req	no_flank_req
Ascomycota:MATsc	GCA_001738265.1_ASM173826v1	cap6_f7b9773	MATA2:100.0:polished_agree	CM005313.1	MATA2:100.0:polished_agree;MATALPHA2:99.52:polished_disagree;MATALPHA1:99.43:polished_agree	196132		MATalpha	idiomorph_gene_only	100.0	3	medium	medium	True	194217		medium	high	medium	core_not_found	no_flank_req	core_not_found	core_not_found
Ascomycota:MATsc	GCA_001738265.1_ASM173826v1	cap6_f7b9773	MATALPHA2:100.0:polished_disagree;MATALPHA1:97.5:polished_agree	CM005313.1	MATA2:100.0:polished_disagree;MATALPHA2:100.0:polished_disagree;MATA1:98.41:polished_agree;MATALPHA1:97.5:polished_agree	290136		MATa	idiomorph_gene_only	100.0	4	high	high	True	288576		high	high	high	no_flank_req	no_flank_req	no_flank_req	no_flank_req
Ascomycota:MATsc	GCA_001738485.1_ASM173848v1	cap6_f7b9773	MATALPHA2:100.0:polished_disagree;MATALPHA1:97.5:polished_agree	CM005425.1	MATA2:100.0:polished_disagree;MATALPHA2:100.0:polished_disagree;MATA1:98.41:polished_disagree;MATALPHA1:97.5:polished_agree	193221		MATa	idiomorph_gene_only	100.0	4	high	high	True	191910		high	high	high	no_flank_req	no_flank_req	no_flank_req	no_flank_req
Ascomycota:MATsc	GCA_001738485.1_ASM173848v1	cap6_f7b9773	MATA2:100.0:polished_agree	CM005425.1	MATA2:100.0:polished_agree;MATALPHA2:100.0:polished_agree;MATALPHA1:100.0:polished_agree	287035		MATalpha	idiomorph_gene_only	100.0	3	medium	medium	True	285724		medium	high	medium	core_not_found	no_flank_req	core_not_found	core_not_found
Ascomycota:MATsc	GCA_001738855.1_ASM173885v1	cap6_f7b9773	MATA2:100.0:polished_agree;MATA1:99.15:polished_disagree	CM005633.1	MATA2:100.0:polished_agree;MATA1:99.15:polished_disagree;MATALPHA2:100.0:not_polish_candidate;MATALPHA1:99.43:polished_agree	197017		MATalpha	idiomorph_gene_only	100.0	3	high	high	True	193967		high	high	high	no_flank_req	no_flank_req	no_flank_req	no_flank_req
Ascomycota:MATsc	GCA_001739335.1_ASM173933v1	cap6_f7b9773	MATA2:100.0:polished_agree	CM005857.1	MATA2:100.0:polished_agree;MATALPHA2:99.52:polished_disagree;MATALPHA1:100.0:polished_agree	200837		MATalpha	idiomorph_gene_only	100.0	3	medium	medium	True	199171		medium	high	medium	core_not_found	no_flank_req	core_not_found	core_not_found
Ascomycota:MATsc	GCA_001739335.1_ASM173933v1	cap6_f7b9773	MATALPHA2:100.0:polished_agree;MATALPHA1:97.5:polished_agree	CM005857.1	MATALPHA2:100.0:polished_agree;MATA1:98.41:polished_disagree;MATALPHA1:97.5:polished_agree	294709		MATa	idiomorph_gene_only	100.0	3	medium	medium	True	293712		medium	low	medium	core_not_found	core_not_found	core_not_found	core_not_found
Ascomycota:MATsc	GCA_001739425.1_ASM173942v1	cap6_f7b9773	MATA2:99.16:polished_agree	CM005905.1	MATA2:99.16:polished_agree;MATALPHA2:99.52:polished_agree;MATALPHA1:99.43:polished_agree	203192		MATalpha	idiomorph_gene_only	99.16	3	medium	medium	True	201518		medium	high	medium	core_not_found	no_flank_req	core_not_found	core_not_found
Ascomycota:MATsc	GCA_001739425.1_ASM173942v1	cap6_f7b9773	MATALPHA2:100.0:polished_disagree;MATALPHA1:97.5:polished_agree	CM005905.1	MATA2:100.0:polished_disagree;MATALPHA2:100.0:polished_disagree;MATA1:98.41:polished_disagree;MATALPHA1:97.5:polished_agree	298773		MATa	idiomorph_gene_only	100.0	4	high	high	True	296937		high	high	high	no_flank_req	no_flank_req	no_flank_req	no_flank_req
Ascomycota:MATsc	GCA_001740175.1_ASM174017v1	cap6_f7b9773	MATA2:100.0:polished_agree	CM006305.1	MATA2:100.0:polished_agree;MATALPHA2:99.52:polished_disagree;MATALPHA1:99.43:polished_agree	190306		MATalpha	idiomorph_gene_only	100.0	3	medium	medium	True	188391		medium	high	medium	core_not_found	no_flank_req	core_not_found	core_not_found
Ascomycota:MATsc	GCA_001740175.1_ASM174017v1	cap6_f7b9773	MATALPHA2:100.0:polished_disagree;MATALPHA1:97.5:polished_agree	CM006305.1	MATA2:100.0:polished_disagree;MATALPHA2:100.0:polished_disagree;MATA1:98.41:polished_disagree;MATALPHA1:97.5:polished_agree	283944		MATa	idiomorph_gene_only	100.0	4	high	high	True	282633		high	high	high	no_flank_req	no_flank_req	no_flank_req	no_flank_req
Ascomycota:MATsc	GCA_001740225.1_ASM174022v1	cap6_f7b9773	MATA2:70.588:not_polish_candidate;MATA1:97.62:polished_disagree	CM006353.1	MATA2:70.588:not_polish_candidate;MATA1:97.62:polished_disagree;MATALPHA2:100.0:polished_disagree;MATALPHA1:99.43:polished_agree	194081		MATalpha	idiomorph_gene_only	97.62	3	medium	medium	True	190417		medium	high	medium	core_not_found	no_flank_req	core_not_found	core_not_found
Ascomycota:MATsc	GCA_001740665.1_ASM174066v1	cap6_f7b9773	MATA2:100.0:polished_agree	CM006593.1	MATA2:100.0:polished_agree;MATALPHA2:99.52:polished_disagree;MATALPHA1:100.0:polished_disagree	203306		MATalpha	idiomorph_gene_only	100.0	3	medium	medium	True	201391		medium	high	medium	core_not_found	no_flank_req	core_not_found	core_not_found
Ascomycota:MATsc	GCA_001740665.1_ASM174066v1	cap6_f7b9773	MATALPHA2:100.0:polished_agree;MATALPHA1:97.5:polished_agree	CM006593.1	MATALPHA2:100.0:polished_agree;MATA1:99.21:polished_disagree;MATALPHA1:97.5:polished_agree	298888		MATa	idiomorph_gene_only	100.0	3	medium	medium	True	297891		medium	low	medium	core_not_found	core_not_found	core_not_found	core_not_found
Ascomycota:MATsc	GCA_001741035.1_ASM174103v1	cap6_f7b9773	MATA2:100.0:polished_agree	CM006801.1	MATA2:100.0:polished_agree;MATALPHA2:99.52:polished_disagree;MATALPHA1:99.43:polished_agree	191323		MATalpha	idiomorph_gene_only	100.0	3	medium	medium	True	188938		medium	high	medium	core_not_found	no_flank_req	core_not_found	core_not_found
Ascomycota:MATsc	GCA_001741035.1_ASM174103v1	cap6_f7b9773	MATALPHA2:100.0:polished_disagree;MATALPHA1:97.5:polished_agree	CM006801.1	MATA2:100.0:polished_disagree;MATALPHA2:100.0:polished_disagree;MATA1:99.21:polished_disagree;MATALPHA1:97.5:polished_agree	285719		MATa	idiomorph_gene_only	100.0	4	high	high	True	284159		high	high	high	no_flank_req	no_flank_req	no_flank_req	no_flank_req
Ascomycota:MATsc	GCA_001741405.1_ASM174140v1	cap6_f7b9773	MATA2:100.0:polished_disagree	CM006977.1	MATA2:100.0:polished_disagree;MATALPHA2:100.0:polished_disagree;MATALPHA1:100.0:polished_agree	14803		MATalpha	idiomorph_gene_only	100.0	3	medium	medium	True	13387		medium	high	medium	core_not_found	no_flank_req	core_not_found	core_not_found
Ascomycota:MATsc	GCA_001741405.1_ASM174140v1	cap6_f7b9773	MATA2:100.0:polished_agree	CM006977.1	MATA2:100.0:polished_agree;MATALPHA2:100.0:polished_agree;MATALPHA1:97.44:polished_agree	203850		MATalpha	idiomorph_gene_only	100.0	3	medium	medium	True	202434		medium	high	medium	core_not_found	no_flank_req	core_not_found	core_not_found
Ascomycota:MATsc	GCA_001741405.1_ASM174140v1	cap6_f7b9773	MATALPHA2:100.0:polished_disagree;MATALPHA1:97.5:polished_agree	CM006977.1	MATA2:100.0:polished_disagree;MATALPHA2:100.0:polished_disagree;MATA1:99.21:polished_disagree;MATALPHA1:97.5:polished_agree	297547		MATa	idiomorph_gene_only	100.0	4	high	high	True	296236		high	high	high	no_flank_req	no_flank_req	no_flank_req	no_flank_req
Ascomycota:MATsc	GCA_001741525.1_ASM174152v1	cap6_f7b9773		CM007025.1	MATALPHA2:100.0:polished_disagree;MATALPHA1:99.43:polished_agree	188608		MATalpha	idiomorph_gene_only		2	high	high	True	187506		high	high	high	no_flank_req	no_flank_req	no_flank_req	no_flank_req
Ascomycota:MATsc	GCA_001741525.1_ASM174152v1	cap6_f7b9773	MATALPHA2:100.0:polished_disagree;MATALPHA1:97.5:polished_agree	CM007025.1	MATA2:96.67:polished_single;MATALPHA2:100.0:polished_disagree;MATA1:98.41:polished_disagree;MATALPHA1:97.5:polished_agree	281749		MATa	idiomorph_gene_only	100.0	4	high	high	True	280438		high	high	high	no_flank_req	no_flank_req	no_flank_req	no_flank_req
Ascomycota:MATsc	GCA_001741705.1_ASM174170v1	cap6_f7b9773		CM007121.1	MATALPHA2:100.0:polished_agree;MATALPHA1:100.0:polished_agree	14253		MATalpha	idiomorph_gene_only		2	high	high	True	13151		high	high	high	no_flank_req	no_flank_req	no_flank_req	no_flank_req
Ascomycota:MATsc	GCA_001741705.1_ASM174170v1	cap6_f7b9773	MATA2:100.0:polished_agree	CM007121.1	MATA2:100.0:polished_agree;MATALPHA2:100.0:polished_agree;MATALPHA1:97.44:polished_agree	195873		MATalpha	idiomorph_gene_only	100.0	3	medium	medium	True	194208		medium	high	medium	core_not_found	no_flank_req	core_not_found	core_not_found
Ascomycota:MATsc	GCA_001741705.1_ASM174170v1	cap6_f7b9773	MATALPHA2:100.0:polished_disagree;MATALPHA1:97.5:polished_agree	CM007121.1	MATA2:100.0:polished_disagree;MATALPHA2:100.0:polished_disagree;MATA1:99.21:polished_disagree;MATALPHA1:97.5:polished_agree	289960		MATa	idiomorph_gene_only	100.0	4	high	high	True	288400		high	high	high	no_flank_req	no_flank_req	no_flank_req	no_flank_req
Ascomycota:MATsc	GCA_001936135.1_KJJ81	cap6_f7b9773	MATA1:47.222:unpolished;MATA2:40.45:polished_agree	CP012819.1	MATA1:47.222:unpolished;MATALPHA1:40.51:polished_single;MATA2:40.45:polished_agree;MATALPHA2:40.45:polished_disagree	1945007	sla2	MATalpha	mat_locus	47.222	4	medium	medium	True	1926085	MATA1	high	high	high	no_flank_req	no_flank_req	no_flank_req	unpolished
Ascomycota:MTL	GCA_001936135.1_KJJ81	cap6_f7b9773	MTLA1:47.222:unpolished;MTLA2:29.27:polished_single	CP012819.1	MTLA1:47.222:unpolished;MTLA2:29.27:polished_single;MTLalpha1:47.19:polished_single;MTLalpha2:22.6:polished_single	1945025		alpha	idiomorph_gene_only	47.222	3	medium	medium	True	1926085	MTLA1	high	high	high	no_flank_req	no_flank_req	no_flank_req	unpolished
Ascomycota:MTL	GCA_001936135.1_KJJ81	cap6_f7b9773	MTLA1:50.0:unpolished;MTLA2:31.71:polished_single	CP012812.1	MTLA1:50.0:unpolished;MTLA2:31.71:polished_single;MTLalpha1:42.34:polished_single;MTLalpha2:22.93:polished_single	1972723		alpha	idiomorph_gene_only	50.0	3	medium	medium	True	1952777	MTLA1	high	high	medium	no_flank_req	no_flank_req	core_not_found	unpolished
Ascomycota:MATsc	GCA_001936135.1_KJJ81	cap6_f7b9773	MATA1:35.294:unpolished;MATA2:32.26:polished_single	CP012812.1	MATA1:35.294:unpolished;MATALPHA1:37.33:polished_single;MATALPHA2:30.928:not_polish_candidate;MATA2:32.26:polished_single	1972723	sla2	MATalpha	mat_locus	35.294	3	medium	medium	True	1952777	MATA1	medium	medium	medium	core_not_found	core_not_found	core_not_found	core_not_found
Ascomycota:MAT	GCA_001939105.2_Sxyl_2.0	cap6_f7b9773		MQSX02000010.1	MAT1-2-1:39.474:unpolished	180995	APN2;SLA2	MAT1-2	mat_locus		2	medium	medium	True	173788	MAT1-2-1	medium	medium	medium	unpolished	unpolished	unpolished	unpolished
Ascomycota:MATyl	GCA_001939105.2_Sxyl_2.0	cap6_f7b9773		MQSX02000010.1	mata1:45.238:unpolished	180995	apn2;sla2	A	mat_locus		2	medium	medium	True	173788	mata1	medium	medium	medium	core_not_found	core_not_found	core_not_found	core_not_found
Ascomycota:MAT	GCA_002105025.1_Cloaq1	cap6_f7b9773		MCFA01000060.1	MAT1-1-4:46.512:unpolished;MAT1-1-1:38.84:polished_single	173338	APN2;COX13	MAT1-1	mat_locus		3	medium	medium	True	142398	MAT1-1-4	medium	medium	medium	unpolished	unpolished	unpolished	unpolished
Ascomycota:MAT	GCA_002221725.1_ScBoyd1.0	cap6_f7b9773		NJFT01000211.1	MAT1-1-1:45.34:polished_agree	18217	APN2;COX13	MAT1-1	mat_locus		3	high	high	True	1144		high	high	high	flank_ok	flank_ok	flank_ok	flank_ok
Ascomycota:MAT	GCA_002892985.1_ASM289298v1	cap6_f7b9773	MAT1-1-3:30.0:not_polish_candidate	MPSH01000039.1	MAT1-1-3:30.0:not_polish_candidate;MAT1-2-1:43.22:polished_single	61657	APN2;COX13;SLA2	MAT1-2	mat_locus	30.0	4	medium	medium	True	26110		medium	high	high	core_not_found	flank_ok	flank_ok	core_not_found
Ascomycota:MAT	GCA_002924885.1_ASM292488v1	cap6_f7b9773	MAT1-2-1:38.235:unpolished	PJYB01000136.1	MAT1-1-3:35.294:not_polish_candidate;MAT1-2-1:38.235:unpolished;MAT1-1-1:33.55:polished_single	65174	APN2;COX13	MAT1-1	mat_locus	38.235	3	medium	medium	True	48044	MAT1-2-1	high	high	high	flank_ok	flank_ok	flank_ok	unpolished
Ascomycota:MATsc	GCA_003046745.1_ASM304674v1	cap6_f7b9773	MATA2:99.16:not_polish_candidate	PTER01000021.1	MATA2:99.16:not_polish_candidate;MATALPHA2:99.52:polished_agree;MATALPHA1:100.0:polished_agree	109604		MATalpha	idiomorph_gene_only	99.16	2	medium	medium	True	108187		medium	medium	medium	no_flank_req+margin	no_flank_req+margin	no_flank_req+margin	no_flank_req+margin
Ascomycota:MATsc	GCA_003046745.1_ASM304674v1	cap6_f7b9773	MATALPHA1:97.5:polished_agree;MATALPHA2:100.0:polished_agree	PTER01000026.1	MATALPHA1:97.5:polished_agree;MATA1:99.21:polished_disagree;MATALPHA2:100.0:polished_agree;MATA2:100.0:polished_agree	10961		MATa	idiomorph_gene_only	100.0	4	high	high	True	9649		high	high	high	no_flank_req	no_flank_req	no_flank_req	no_flank_req
Ascomycota:MATsc	GCA_003046745.1_ASM304674v1	cap6_f7b9773	MATALPHA1:97.5:polished_agree;MATALPHA2:100.0:polished_agree	PTER01000026.1	MATALPHA1:97.5:polished_agree;MATA1:99.21:polished_disagree;MATALPHA2:100.0:polished_agree	104064		MATa	idiomorph_gene_only	100.0	3	medium	medium	True	103181		medium	low	medium	core_not_found	core_not_found	core_not_found	core_not_found
Ascomycota:MAT	GCA_003049395.1_ASM304939v1	cap6_f7b9773	MAT1-2-1:64.706:not_polish_candidate	PYSP01000496.1	MAT1-1-3:57.576:not_polish_candidate;MAT1-1-2:35.714:unpolished;MAT1-2-1:64.706:not_polish_candidate;MAT1-1-1:51.11:polished_single	15325	APN2;SLA2	MAT1-1	mat_locus	64.706	3	medium	medium	True	189	MAT1-1-2	medium	medium	medium	unpolished	unpolished	unpolished	unpolished
Ascomycota:MTL	GCA_003243015.1_ASM324301v1	cap6_f7b9773		NHAM01000013.1	MTLalpha2:18.93:polished_single;MTLalpha1:29.14:polished_disagree	328987		alpha	idiomorph_gene_only		2	medium	medium	True	323463		medium	medium	medium	no_flank_req+margin	no_flank_req+margin	no_flank_req+margin	no_flank_req+margin
Ascomycota:MATsc	GCA_003243015.1_ASM324301v1	cap6_f7b9773	MATA2:37.62:polished_single	NHAM01000013.1	MATALPHA2:37.879:not_polish_candidate;MATA2:37.62:polished_single;MATALPHA1:39.44:polished_single	328987	sla2	MATalpha	partial_locus	37.62	3	medium	medium	True	323577		medium	medium	medium	core_not_found	core_not_found	core_not_found	core_not_found
Ascomycota:MATsc	GCA_003272075.1_ASM327207v1	cap6_f7b9773		CM014665.1	MATALPHA2:100.0:polished_agree;MATALPHA1:99.43:polished_agree	978		MATalpha	idiomorph_gene_only		2	high	high	True	2		high	high	high	no_flank_req	no_flank_req	no_flank_req	no_flank_req
Ascomycota:MATsc	GCA_003272075.1_ASM327207v1	cap6_f7b9773	MATALPHA2:100.0:polished_agree;MATALPHA1:97.5:polished_agree	CM014665.1	MATA2:100.0:polished_agree;MATALPHA2:100.0:polished_agree;MATA1:99.21:polished_agree;MATALPHA1:97.5:polished_agree	275459		MATa	idiomorph_gene_only	100.0	4	high	high	True	274147		high	high	high	no_flank_req	no_flank_req	no_flank_req	no_flank_req
Ascomycota:MATsc	GCA_003272315.1_ASM327231v1	cap6_f7b9773	MATA2:100.0:polished_agree	CM015178.1	MATA2:100.0:polished_agree;MATALPHA2:100.0:polished_agree;MATALPHA1:99.43:polished_agree	180653		MATalpha	idiomorph_gene_only	100.0	3	medium	medium	True	179302		medium	high	medium	core_not_found	no_flank_req	core_not_found	core_not_found
Ascomycota:MATsc	GCA_003272315.1_ASM327231v1	cap6_f7b9773	MATALPHA2:100.0:polished_agree;MATALPHA1:97.5:polished_agree	CM015178.1	MATA2:100.0:polished_agree;MATALPHA2:100.0:polished_agree;MATA1:99.21:polished_disagree;MATALPHA1:97.5:polished_agree	275773		MATa	idiomorph_gene_only	100.0	4	high	high	True	274518		high	high	high	no_flank_req	no_flank_req	no_flank_req	no_flank_req
Ascomycota:MATsc	GCA_003272595.1_ASM327259v1	cap6_f7b9773	MATA2:100.0:polished_agree	CM013902.1	MATA2:100.0:polished_agree;MATALPHA2:100.0:polished_agree;MATALPHA1:100.0:polished_agree	12804		MATalpha	idiomorph_gene_only	100.0	3	medium	medium	True	11852		medium	high	medium	core_not_found	no_flank_req	core_not_found	core_not_found
Ascomycota:MATsc	GCA_003272595.1_ASM327259v1	cap6_f7b9773	MATA2:100.0:polished_agree	CM013902.1	MATA2:100.0:polished_agree;MATALPHA2:100.0:polished_agree;MATALPHA1:99.43:polished_agree	195071		MATalpha	idiomorph_gene_only	100.0	3	medium	medium	True	193891		medium	high	medium	core_not_found	no_flank_req	core_not_found	core_not_found
Ascomycota:MATsc	GCA_003272595.1_ASM327259v1	cap6_f7b9773	MATALPHA2:100.0:polished_agree;MATALPHA1:97.5:polished_agree	CM013902.1	MATA2:100.0:polished_agree;MATALPHA2:100.0:polished_agree;MATA1:99.21:polished_disagree;MATALPHA1:97.5:polished_agree	290819		MATa	idiomorph_gene_only	100.0	4	high	high	True	289507		high	high	high	no_flank_req	no_flank_req	no_flank_req	no_flank_req
Ascomycota:MATsc	GCA_003272815.1_ASM327281v1	cap6_f7b9773		CM014122.1	MATALPHA2:100.0:polished_agree;MATALPHA1:99.43:polished_agree	12924		MATalpha	idiomorph_gene_only		2	high	high	True	11807		high	high	high	no_flank_req	no_flank_req	no_flank_req	no_flank_req
Ascomycota:MATsc	GCA_003272815.1_ASM327281v1	cap6_f7b9773		CM014122.1	MATA2:100.0:polished_agree;MATALPHA2:100.0:polished_agree	193616		undetermined	idiomorph_gene_only		2	medium	medium	True	192987		medium	medium	medium	core_not_found	core_not_found	core_not_found	core_not_found
Ascomycota:MATsc	GCA_003272815.1_ASM327281v1	cap6_f7b9773	MATALPHA2:57.69:polished_single;MATALPHA1:97.5:polished_agree	CM014122.1	MATALPHA2:57.69:polished_single;MATA1:99.21:polished_disagree;MATALPHA1:97.5:polished_agree	289463		MATa	idiomorph_gene_only	97.5	3	medium	medium	True	288667		medium	low	medium	core_not_found	core_not_found	core_not_found	core_not_found
Ascomycota:MATsc	GCA_003272925.1_ASM327292v1	cap6_f7b9773	MATA2:100.0:polished_agree	CM014154.1	MATA2:100.0:polished_agree;MATALPHA2:100.0:polished_agree;MATALPHA1:99.43:polished_agree	224505		MATalpha	idiomorph_gene_only	100.0	3	medium	medium	True	223088		medium	high	medium	core_not_found	no_flank_req	core_not_found	core_not_found
Ascomycota:MATsc	GCA_003272925.1_ASM327292v1	cap6_f7b9773	MATALPHA2:100.0:polished_agree;MATALPHA1:97.5:polished_agree	CM014154.1	MATA2:100.0:polished_agree;MATALPHA2:100.0:polished_agree;MATA1:99.21:polished_agree;MATALPHA1:97.5:polished_agree	288627		MATa	idiomorph_gene_only	100.0	4	high	high	True	287315		high	high	high	no_flank_req	no_flank_req	no_flank_req	no_flank_req
Ascomycota:MATsc	GCA_003273295.1_ASM327329v1	cap6_f7b9773	MATA2:100.0:polished_agree	CM015882.1	MATA2:100.0:polished_agree;MATALPHA2:100.0:polished_agree;MATALPHA1:99.43:polished_agree	180376		MATalpha	idiomorph_gene_only	100.0	3	medium	medium	True	178959		medium	high	medium	core_not_found	no_flank_req	core_not_found	core_not_found
Ascomycota:MATsc	GCA_003273295.1_ASM327329v1	cap6_f7b9773	MATALPHA1:97.5:polished_agree	CM015882.1	MATA1:99.21:polished_agree;MATALPHA1:97.5:polished_agree	274782		MATa	idiomorph_gene_only	97.5	2	medium	medium	True	274123		medium	low	medium	core_not_found	core_not_found	core_not_found	core_not_found
Ascomycota:MATsc	GCA_003273585.1_ASM327358v1	cap6_f7b9773	MATA2:100.0:polished_agree	CM015098.1	MATA2:100.0:polished_agree;MATALPHA2:100.0:polished_agree;MATALPHA1:99.43:polished_agree	182975		MATalpha	idiomorph_gene_only	100.0	3	medium	medium	True	181786		medium	high	medium	core_not_found	no_flank_req	core_not_found	core_not_found
Ascomycota:MATsc	GCA_003273585.1_ASM327358v1	cap6_f7b9773	MATALPHA2:100.0:polished_agree;MATALPHA1:97.5:polished_agree	CM015098.1	MATA2:100.0:polished_agree;MATALPHA2:100.0:polished_agree;MATA1:99.21:polished_agree;MATALPHA1:97.5:polished_agree	276739		MATa	idiomorph_gene_only	100.0	4	high	high	True	275427		high	high	high	no_flank_req	no_flank_req	no_flank_req	no_flank_req
Ascomycota:MATsc	GCA_003273695.1_ASM327369v1	cap6_f7b9773	MATA2:100.0:polished_agree	CM015066.1	MATA2:100.0:polished_agree;MATALPHA2:100.0:polished_agree;MATALPHA1:99.43:polished_agree	194478		MATalpha	idiomorph_gene_only	100.0	3	medium	medium	True	193061		medium	high	medium	core_not_found	no_flank_req	core_not_found	core_not_found
Ascomycota:MATsc	GCA_003273695.1_ASM327369v1	cap6_f7b9773	MATALPHA2:100.0:polished_agree	CM015066.1	MATALPHA2:100.0:polished_agree;MATA1:99.21:polished_agree	288206		MATa	idiomorph_gene_only	100.0	2	medium	medium	True	287484		medium	low	medium	core_not_found	core_not_found	core_not_found	core_not_found
Ascomycota:MATsc	GCA_003273805.1_ASM327380v1	cap6_f7b9773	MATA2:100.0:polished_agree	CM014713.1	MATA2:100.0:polished_agree;MATALPHA2:100.0:polished_agree;MATALPHA1:99.43:polished_agree	12908		MATalpha	idiomorph_gene_only	100.0	3	medium	medium	True	11491		medium	high	medium	core_not_found	no_flank_req	core_not_found	core_not_found
Ascomycota:MATsc	GCA_003273805.1_ASM327380v1	cap6_f7b9773	MATA2:100.0:polished_agree	CM014713.1	MATA2:100.0:polished_agree;MATALPHA2:100.0:polished_agree;MATALPHA1:100.0:polished_agree	195131		MATalpha	idiomorph_gene_only	100.0	3	medium	medium	True	194444		medium	high	medium	core_not_found	no_flank_req	core_not_found	core_not_found
Ascomycota:MATsc	GCA_003273805.1_ASM327380v1	cap6_f7b9773	MATALPHA2:99.459:not_polish_candidate;MATALPHA1:97.5:polished_agree	CM014713.1	MATA2:100.0:polished_agree;MATALPHA2:99.459:not_polish_candidate;MATA1:99.21:polished_agree;MATALPHA1:97.5:polished_agree	292025		MATa	idiomorph_gene_only	99.459	3	medium	medium	True	290713		medium	high	medium	core_not_found	no_flank_req	core_not_found	core_not_found
Ascomycota:MATsc	GCA_003273985.1_ASM327398v1	cap6_f7b9773		CM014393.1	MATALPHA2:100.0:polished_agree;MATALPHA1:99.43:polished_agree	195304		MATalpha	idiomorph_gene_only		2	high	high	True	194196		high	high	high	no_flank_req	no_flank_req	no_flank_req	no_flank_req
Ascomycota:MATsc	GCA_003273985.1_ASM327398v1	cap6_f7b9773	MATALPHA2:100.0:polished_agree;MATALPHA1:97.5:polished_agree	CM014393.1	MATA2:100.0:polished_agree;MATALPHA2:100.0:polished_agree;MATA1:98.41:polished_disagree;MATALPHA1:97.5:polished_agree	290773		MATa	idiomorph_gene_only	100.0	4	high	high	True	289461		high	high	high	no_flank_req	no_flank_req	no_flank_req	no_flank_req
Ascomycota:MATsc	GCA_003274095.1_ASM327409v1	cap6_f7b9773		CM013635.1	MATALPHA2:100.0:polished_agree;MATALPHA1:99.43:polished_agree	192762		MATalpha	idiomorph_gene_only		2	high	high	True	191750		high	high	high	no_flank_req	no_flank_req	no_flank_req	no_flank_req
Ascomycota:MATsc	GCA_003274095.1_ASM327409v1	cap6_f7b9773	MATALPHA2:100.0:polished_agree;MATALPHA1:97.5:polished_agree	CM013635.1	MATA2:100.0:polished_agree;MATALPHA2:100.0:polished_agree;MATA1:99.21:polished_agree;MATALPHA1:97.5:polished_agree	286351		MATa	idiomorph_gene_only	100.0	4	high	high	True	285039		high	high	high	no_flank_req	no_flank_req	no_flank_req	no_flank_req
Ascomycota:MATsc	GCA_003274715.1_ASM327471v1	cap6_f7b9773	MATA2:100.0:polished_agree	CM013252.1	MATA2:100.0:polished_agree;MATALPHA2:100.0:polished_agree;MATALPHA1:100.0:polished_agree	180755		MATalpha	idiomorph_gene_only	100.0	3	medium	medium	True	179338		medium	high	medium	core_not_found	no_flank_req	core_not_found	core_not_found
Ascomycota:MATsc	GCA_003274715.1_ASM327471v1	cap6_f7b9773	MATALPHA2:100.0:polished_agree;MATALPHA1:97.5:polished_agree	CM013252.1	MATA2:100.0:polished_agree;MATALPHA2:100.0:polished_agree;MATA1:99.21:polished_disagree;MATALPHA1:97.5:polished_agree	274428		MATa	idiomorph_gene_only	100.0	3	medium	medium	True	273389		medium	high	medium	core_not_found	no_flank_req	core_not_found	core_not_found
Ascomycota:MATsc	GCA_003275785.1_ASM327578v1	cap6_f7b9773		CM012463.1	MATALPHA2:100.0:polished_agree;MATALPHA1:98.86:polished_agree	189362		MATalpha	idiomorph_gene_only		2	high	high	True	188296		high	high	high	no_flank_req	no_flank_req	no_flank_req	no_flank_req
Ascomycota:MATsc	GCA_003275785.1_ASM327578v1	cap6_f7b9773	MATALPHA2:100.0:polished_agree;MATALPHA1:97.5:polished_agree	CM012463.1	MATA2:100.0:polished_agree;MATALPHA2:100.0:polished_agree;MATA1:99.21:polished_disagree;MATALPHA1:97.5:polished_agree	283583		MATa	idiomorph_gene_only	100.0	4	high	high	True	282271		high	high	high	no_flank_req	no_flank_req	no_flank_req	no_flank_req
Ascomycota:MATsc	GCA_003275875.1_ASM327587v1	cap6_f7b9773	MATA2:100.0:polished_agree	CM012327.1	MATA2:100.0:polished_agree;MATALPHA2:100.0:polished_agree;MATALPHA1:98.86:polished_agree	14056		MATalpha	idiomorph_gene_only	100.0	3	medium	medium	True	12843		medium	high	medium	core_not_found	no_flank_req	core_not_found	core_not_found
Ascomycota:MATsc	GCA_003275875.1_ASM327587v1	cap6_f7b9773	MATA2:100.0:polished_agree	CM012327.1	MATA2:100.0:polished_agree;MATALPHA2:100.0:polished_agree;MATALPHA1:95.45:polished_single	195464		MATalpha	idiomorph_gene_only	100.0	3	medium	medium	True	194469		medium	high	medium	core_not_found	no_flank_req	core_not_found	core_not_found
Ascomycota:MATsc	GCA_003275875.1_ASM327587v1	cap6_f7b9773	MATALPHA2:100.0:polished_agree;MATALPHA1:97.5:polished_agree	CM012327.1	MATA2:100.0:polished_agree;MATALPHA2:100.0:polished_agree;MATA1:99.21:polished_disagree;MATALPHA1:97.5:polished_agree	290252		MATa	idiomorph_gene_only	100.0	4	high	high	True	288976		high	high	high	no_flank_req	no_flank_req	no_flank_req	no_flank_req
Ascomycota:MATsc	GCA_003276145.1_ASM327614v1	cap6_f7b9773		CM013123.1	MATALPHA2:100.0:polished_agree;MATALPHA1:99.43:polished_agree	989		MATalpha	idiomorph_gene_only		2	high	high	True	1		high	high	high	no_flank_req	no_flank_req	no_flank_req	no_flank_req
Ascomycota:MATsc	GCA_003276145.1_ASM327614v1	cap6_f7b9773	MATALPHA2:99.46:polished_agree;MATALPHA1:97.5:polished_agree	CM013123.1	MATA2:99.16:not_polish_candidate;MATALPHA2:99.46:polished_agree;MATA1:97.62:polished_disagree;MATALPHA1:97.5:polished_agree	185078		MATa	idiomorph_gene_only	99.46	3	medium	medium	True	183766		medium	low	medium	core_not_found	core_not_found	core_not_found	core_not_found
Ascomycota:MATsc	GCA_003276405.1_ASM327640v1	cap6_f7b9773		CM012543.1	MATALPHA2:100.0:polished_agree;MATALPHA1:99.43:polished_agree	192039		MATalpha	idiomorph_gene_only		2	high	high	True	191024		high	high	high	no_flank_req	no_flank_req	no_flank_req	no_flank_req
Ascomycota:MATsc	GCA_003276405.1_ASM327640v1	cap6_f7b9773	MATALPHA2:100.0:polished_agree;MATALPHA1:97.5:polished_agree	CM012543.1	MATA2:100.0:polished_agree;MATALPHA2:100.0:polished_agree;MATA1:99.21:polished_disagree;MATALPHA1:97.5:polished_agree	288482		MATa	idiomorph_gene_only	100.0	4	high	high	True	287170		high	high	high	no_flank_req	no_flank_req	no_flank_req	no_flank_req
Ascomycota:MATsc	GCA_003276635.1_ASM327663v1	cap6_f7b9773	MATA2:100.0:polished_agree	CM011732.1	MATA2:100.0:polished_agree;MATALPHA2:100.0:polished_agree;MATALPHA1:99.43:polished_agree	185442		MATalpha	idiomorph_gene_only	100.0	3	medium	medium	True	184025		medium	high	medium	core_not_found	no_flank_req	core_not_found	core_not_found
Ascomycota:MATsc	GCA_003276635.1_ASM327663v1	cap6_f7b9773	MATALPHA2:100.0:polished_agree;MATALPHA1:97.5:polished_agree	CM011732.1	MATALPHA2:100.0:polished_agree;MATA1:98.41:polished_disagree;MATALPHA1:97.5:polished_agree	280659		MATa	idiomorph_gene_only	100.0	3	medium	medium	True	279806		medium	low	medium	core_not_found	core_not_found	core_not_found	core_not_found
Ascomycota:MATsc	GCA_003277255.1_ASM327725v1	cap6_f7b9773	MATA2:100.0:polished_agree	CM011479.1	MATA2:100.0:polished_agree;MATALPHA2:100.0:polished_agree;MATALPHA1:100.0:polished_agree	4770		MATalpha	idiomorph_gene_only	100.0	3	medium	medium	True	3918		medium	high	medium	core_not_found	no_flank_req	core_not_found	core_not_found
Ascomycota:MATsc	GCA_003277255.1_ASM327725v1	cap6_f7b9773	MATALPHA2:100.0:polished_agree;MATALPHA1:97.5:polished_agree	CM011479.1	MATA2:100.0:polished_agree;MATALPHA2:100.0:polished_agree;MATA1:99.21:polished_disagree;MATALPHA1:97.5:polished_agree	186359		MATa	idiomorph_gene_only	100.0	4	high	high	True	185047		high	high	high	no_flank_req	no_flank_req	no_flank_req	no_flank_req
Ascomycota:MATsc	GCA_003277255.1_ASM327725v1	cap6_f7b9773	MATALPHA2:100.0:polished_agree;MATALPHA1:97.5:polished_agree	CM011479.1	MATA2:100.0:polished_agree;MATALPHA2:100.0:polished_agree;MATA1:99.21:polished_disagree;MATALPHA1:97.5:polished_agree	290290		MATa	idiomorph_gene_only	100.0	4	high	high	True	270197		high	high	high	no_flank_req	no_flank_req	no_flank_req	no_flank_req
Ascomycota:MATsc	GCA_003277505.1_ASM327750v1	cap6_f7b9773	MATA2:100.0:polished_agree	CM011271.1	MATA2:100.0:polished_agree;MATALPHA2:100.0:polished_agree;MATALPHA1:99.43:polished_agree	196264		MATalpha	idiomorph_gene_only	100.0	3	medium	medium	True	194847		medium	high	medium	core_not_found	no_flank_req	core_not_found	core_not_found
Ascomycota:MATsc	GCA_003277505.1_ASM327750v1	cap6_f7b9773	MATALPHA2:100.0:polished_agree;MATALPHA1:97.5:polished_agree	CM011271.1	MATALPHA2:100.0:polished_agree;MATA1:98.41:polished_disagree;MATALPHA1:97.5:polished_agree	289895		MATa	idiomorph_gene_only	100.0	3	medium	medium	True	289051		medium	low	medium	core_not_found	core_not_found	core_not_found	core_not_found
Ascomycota:MAT	GCA_003313425.1_ASM331342v1	cap6_f7b9773	MAT1-1-4:34.091:unpolished;MAT1-1-3:31.707:not_polish_candidate	NHZP01000004.1	MAT1-1-4:34.091:unpolished;MAT1-2-1:35.09:polished_single;MAT1-1-3:31.707:not_polish_candidate	1650536	APN2;COX13	MAT1-2	mat_locus	34.091	3	medium	medium	True	1623092	MAT1-1-4	medium	high	high	core_not_found	flank_ok	flank_ok	core_not_found
Ascomycota:MATyl	GCA_003367845.1_YarliYB567	cap6_f7b9773		KZ859276.1	mata1:100.0:polished_agree;mata2:99.66:polished_agree	158662	apn2;sla2	A	mat_locus		4	high	high	True	151915		high	high	high	flank_ok	flank_ok	flank_ok	flank_ok
Ascomycota:MATyl	GCA_003367965.1_YarliYB420	cap6_f7b9773		KZ858600.1	mata1:100.0:polished_agree;mata2:99.66:polished_agree	256361	apn2;sla2	A	mat_locus		4	high	high	True	249614		high	high	high	flank_ok	flank_ok	flank_ok	flank_ok
Ascomycota:MAT	GCA_003497825.1_ASM349782v1	cap6_f7b9773	MAT1-2-1:40.0:not_polish_candidate	QVWQ01000014.1	MAT1-1-1:32.203:unpolished;MAT1-1-4:44.737:unpolished;MAT1-1-3:40.0:polished_single;MAT1-2-1:40.0:not_polish_candidate	362111	APN2;COX13	MAT1-1	mat_locus	40.0	3	medium	medium	True	315988	MAT1-1-1;MAT1-1-4	medium	medium	medium	unpolished	unpolished	unpolished	unpolished
Ascomycota:MATyl	GCA_003571385.1_ASM357138v1	cap6_f7b9773		NKYS01000311.1	mata2:99.66:polished_agree;mata1:99.43:polished_agree	113191	apn2;sla2	A	mat_locus		4	high	high	True	106444		high	high	high	flank_ok	flank_ok	flank_ok	flank_ok
Ascomycota:MAT	GCA_003689415.1_ASM368941v1	cap6_f7b9773		QWWI01000166.1	MAT1-1-4:31.343:unpolished;MAT1-1-1:39.71:polished_disagree	21588	APN2;COX13	MAT1-1	mat_locus		3	medium	medium	True	14949	MAT1-1-4	medium	medium	medium	unpolished	unpolished	unpolished	unpolished
Ascomycota:MAT	GCA_003690525.1_ASM369052v1	cap6_f7b9773		QWXJ01000135.1	MAT1-1-1:39.71:polished_disagree;MAT1-1-4:31.343:unpolished	53638	APN2;COX13	MAT1-1	mat_locus		3	medium	medium	True	47013	MAT1-1-4	medium	medium	medium	unpolished	unpolished	unpolished	unpolished
Ascomycota:MAT	GCA_003691075.1_ASM369107v1	cap6_f7b9773	MAT1-1-3:31.707:not_polish_candidate;MAT1-1-4:32.836:unpolished	QWYX01000077.1	MAT1-2-1:57.3:polished_single;MAT1-1-3:31.707:not_polish_candidate;MAT1-1-4:32.836:unpolished	41956	APN2;COX13	MAT1-2	mat_locus	32.836	3	medium	medium	True	35272	MAT1-1-4	medium	high	high	core_not_found	flank_ok	flank_ok	core_not_found
Ascomycota:MAT	GCA_003705735.3_ASM370573v3	cap6_f7b9773		PPJJ03000115.1	MAT1-1-3:40.0:unpolished	32941	APN2;SLA2	MAT1-1	partial_locus		2	medium	medium	True	9423	MAT1-1-3	medium	medium	medium	core_not_found	core_not_found	core_not_found	core_not_found
Ascomycota:MATtub	GCA_003705735.3_ASM370573v3	cap6_f7b9773		PPJJ03000115.1	MAT1-2-1:25.49:unpolished	32941	APN2;SLA2	MAT1-2	mat_locus		2	medium	medium	True	9423	MAT1-2-1	medium	medium	medium	unpolished	unpolished	unpolished	unpolished
Ascomycota:MAT	GCA_003705895.2_ASM370589v2	cap6_f7b9773	MAT1-1-4:40.625:unpolished;MAT1-1-2:34.043:unpolished;MAT1-1-3:29.703:not_polish_candidate;MAT1-1-1:28.571:unpolished	PPJV02000047.1	MAT1-1-4:40.625:unpolished;MAT1-2-1:47.5:polished_single;MAT1-1-2:34.043:unpolished;MAT1-1-3:29.703:not_polish_candidate;MAT1-1-1:28.571:unpolished	32524	APN2;SLA2	MAT1-2	mat_locus	40.625	3	medium	medium	True	230	MAT1-1-1;MAT1-1-2;MAT1-1-4	high	high	high	flank_ok	flank_ok	flank_ok	unpolished
Ascomycota:MATtub	GCA_003705895.2_ASM370589v2	cap6_f7b9773		PPJV02000047.1	MAT1-2-1:44.44:polished_single	32524	APN2;SLA2	MAT1-2	mat_locus		3	medium	medium	True	230		medium	medium	medium	flank_ok+margin	flank_ok+margin	flank_ok+margin	flank_ok+margin
Ascomycota:MTL	GCA_003706615.3_ASM370661v3	cap6_f7b9773		PPLU03000009.1	MTLA2:46.15:polished_single;MTLA1:47.69:polished_disagree	165215		A	idiomorph_gene_only		2	high	high	True	138887		high	high	high	no_flank_req	no_flank_req	no_flank_req	no_flank_req
Ascomycota:MATsc	GCA_003706615.3_ASM370661v3	cap6_f7b9773	MATALPHA2:26.087:not_polish_candidate	PPLU03000009.1	MATA1:55.93:polished_disagree;MATALPHA2:26.087:not_polish_candidate	165215	sla2	MATa	partial_locus	26.087	2	medium	medium	True	138887		medium	medium	medium	core_not_found	core_not_found	core_not_found	core_not_found
Ascomycota:MTL	GCA_003706705.3_ASM370670v3	cap6_f7b9773	MTLalpha2:25.893:unpolished;MTLalpha1:43.42:polished_disagree	PPLZ03000061.1	MTLalpha2:25.893:unpolished;MTLalpha1:43.42:polished_disagree;MTLA1:48.28:polished_agree;MTLA2:41.935:unpolished	6658	OBP1	A	mat_locus	43.42	2	medium	medium	True	107	MTLA2;MTLalpha2;OBP1	medium	medium	medium	unpolished	unpolished	unpolished	unpolished
Ascomycota:MTL	GCA_003707015.3_ASM370701v3	cap6_f7b9773		PPMU03000001.1	MTLA1:58.18:polished_disagree;MTLA2:34.69:polished_single	258375		A	idiomorph_gene_only		2	high	high	True	253294		high	high	high	no_flank_req	no_flank_req	no_flank_req	no_flank_req
Ascomycota:MATsc	GCA_003707015.3_ASM370701v3	cap6_f7b9773		PPMU03000001.1	MATA1:62.5:polished_agree	258375	sla2	MATa	partial_locus		2	medium	medium	True	253294		medium	medium	medium	core_not_found	core_not_found	core_not_found	core_not_found
Ascomycota:MAT	GCA_003707065.3_ASM370706v3	cap6_f7b9773	MAT1-1-3:37.209:not_polish_candidate	PPXM03000002.1	MAT1-2-1:48.485:unpolished;MAT1-1-3:37.209:not_polish_candidate	1206054	APN2;SLA2	MAT1-2	mat_locus	37.209	2	medium	medium	True	1171733	MAT1-2-1	medium	medium	medium	unpolished	unpolished	unpolished	unpolished
Ascomycota:MATtub	GCA_003707065.3_ASM370706v3	cap6_f7b9773		PPXM03000002.1	MAT1-2-1:36.047:unpolished	1206054	APN2;SLA2	MAT1-2	mat_locus		2	medium	medium	True	1171733	MAT1-2-1	medium	medium	medium	unpolished	unpolished	unpolished	unpolished
Ascomycota:MAT	GCA_003707485.3_ASM370748v3	cap6_f7b9773		PPJI03000071.1	MAT1-1-2:34.043:unpolished;MAT1-1-1:24.691:unpolished	18026	APN2;SLA2	MAT1-1	mat_locus		2	medium	medium	True	2066	MAT1-1-1;MAT1-1-2	medium	medium	medium	unpolished	unpolished	unpolished	unpolished
Ascomycota:MAT	GCA_003707485.3_ASM370748v3	cap6_f7b9773		PPJI03000006.1	MAT1-2-1:34.043:unpolished	274844	APN2;SLA2	MAT1-2	mat_locus		2	medium	medium	True	258089	MAT1-2-1	medium	medium	medium	unpolished	unpolished	unpolished	unpolished
Ascomycota:MAT	GCA_003708045.1_ASM370804v1	cap6_f7b9773		PPMY01000040.1	MAT1-1-1:34.783:unpolished	10786	APN2;SLA2	MAT1-1	mat_locus		2	medium	medium	True	2767	MAT1-1-1	medium	medium	medium	unpolished	unpolished	unpolished	unpolished
Ascomycota:MATsc	GCA_003708295.3_ASM370829v3	cap6_f7b9773		PPNU03000009.1	MATA1:43.02:polished_agree;MATA2:27.273:unpolished	83395	sla2	MATa	mat_locus		2	medium	medium	True	72331	MATA2	medium	medium	medium	unpolished	unpolished	unpolished	unpolished
Ascomycota:MTL	GCA_003708295.3_ASM370829v3	cap6_f7b9773		PPNU03000009.1	MTLA1:50.0:polished_disagree;MTLA2:44.83:polished_single	83395		A	idiomorph_gene_only		2	medium	medium	True	72331		medium	medium	medium	no_flank_req+margin	no_flank_req+margin	no_flank_req+margin	no_flank_req+margin
Ascomycota:MAT	GCA_003709005.1_ASM370900v1	cap6_f7b9773	MAT1-1-3:38.71:not_polish_candidate	PELF01000002.1	MAT1-2-1:47.96:polished_single;MAT1-1-3:38.71:not_polish_candidate	2368724	APN2;COX13;SLA2	MAT1-2	mat_locus	38.71	4	medium	medium	True	2343381		medium	medium	medium	flank_ok+margin	flank_ok+margin	flank_ok+margin	flank_ok+margin
Ascomycota:MAT	GCA_004918105.1_ASM491810v1	cap6_f7b9773	MAT1-1-3:35.135:not_polish_candidate;MAT1-1-1:51.72:polished_single	QZBS01000102.1	MAT1-2-1:46.98:polished_disagree;MAT1-1-3:35.135:not_polish_candidate;MAT1-1-1:51.72:polished_single	58780	APN2;COX13;SLA2	MAT1-2	mat_locus	51.72	4	medium	medium	True	32127	SLA2	medium	medium	medium	unpolished	unpolished	unpolished	unpolished
Ascomycota:MTL	GCA_004919795.1_ASM491979v1	cap6_f7b9773		SRHF01000012.1	MTLA1:31.707:unpolished	103430	OBP1;PAP1;PIK1	A	partial_locus		2	medium	medium	True	60204	MTLA1;PIK1	medium	medium	medium	core_not_found	core_not_found	core_not_found	core_not_found
Ascomycota:MAT	GCA_005188305.1_ASM518830v1	cap6_f7b9773	MAT1-1-3:28.571:not_polish_candidate	SSCS01000001.1	MAT1-1-3:28.571:not_polish_candidate;MAT1-2-1:35.66:polished_single	1189294	APN2;COX13;SLA2	MAT1-2	mat_locus	28.571	4	high	high	True	1179033		high	high	high	flank_ok	flank_ok	flank_ok	flank_ok
Ascomycota:MAT	GCA_007556565.1_ASM755656v1	cap6_f7b9773	MAT1-1-3:32.222:not_polish_candidate	SWCR01000009.1	MAT1-1-3:32.222:not_polish_candidate;MAT1-2-1:43.0:polished_single	1490847	APN2;COX13	MAT1-2	mat_locus	32.222	3	high	high	True	1486467		high	high	high	flank_ok	flank_ok	flank_ok	flank_ok
Ascomycota:MAT	GCA_009193115.1_UBA_Ckiku_1.0	cap6_f7b9773		VTAY01000105.1	MAT1-1-1:54.17:polished_disagree	2620267	COX13	MAT1-1	partial_locus		2	medium	medium	True	2599255		medium	medium	medium	flank_ok+partial	flank_ok+partial	flank_ok+partial	flank_ok+partial
Ascomycota:MATyl	GCA_009194645.1_YarliYlCW001	cap6_f7b9773		ML736673.1	mata2:100.0:polished_agree;mata1:100.0:polished_agree	7802	apn2;sla2	A	mat_locus		4	high	high	True	1055		high	high	high	flank_ok	flank_ok	flank_ok	flank_ok
Ascomycota:MATsc	GCA_009665705.1_ASM966570v1	cap6_f7b9773		VZVF01000336.1	MATA2:100.0:polished_agree;MATALPHA2:100.0:polished_agree	3448		undetermined	idiomorph_gene_only		2	medium	medium	True	3341		medium	medium	medium	core_not_found	core_not_found	core_not_found	core_not_found
Ascomycota:MATsc	GCA_009665705.1_ASM966570v1	cap6_f7b9773		VZVF01000306.1	MATA2:100.0:polished_agree;MATALPHA2:100.0:polished_agree	108		undetermined	idiomorph_gene_only		2	medium	medium	True	1		medium	medium	medium	core_not_found	core_not_found	core_not_found	core_not_found
Ascomycota:MATsc	GCA_009666115.1_ASM966611v1	cap6_f7b9773		VZVV01000226.1	MATA2:100.0:polished_agree;MATALPHA2:100.0:polished_agree	108		undetermined	idiomorph_gene_only		2	medium	medium	True	1		medium	medium	medium	core_not_found	core_not_found	core_not_found	core_not_found
Ascomycota:MATsc	GCA_009666115.1_ASM966611v1	cap6_f7b9773		VZVV01000137.1	MATA2:100.0:polished_agree;MATALPHA2:100.0:polished_agree	47371		undetermined	idiomorph_gene_only		2	medium	medium	True	47264		medium	medium	medium	core_not_found	core_not_found	core_not_found	core_not_found
Ascomycota:MATsc	GCA_009666905.1_ASM966690v1	cap6_f7b9773		VZXD01000095.1	MATALPHA2:100.0:polished_agree;MATALPHA1:81.14:polished_agree	983		MATalpha	idiomorph_gene_only		2	high	high	True	1		high	high	high	no_flank_req	no_flank_req	no_flank_req	no_flank_req
Ascomycota:MATsc	GCA_009666905.1_ASM966690v1	cap6_f7b9773	MATALPHA1:97.5:polished_agree;MATALPHA2:87.23:polished_disagree	VZXD01000165.1	MATALPHA1:97.5:polished_agree;MATA1:90.48:polished_agree;MATALPHA2:87.23:polished_disagree	14607		MATa	idiomorph_gene_only	97.5	3	medium	medium	True	13735		medium	low	medium	core_not_found	core_not_found	core_not_found	core_not_found
Ascomycota:MATsc	GCA_009666905.1_ASM966690v1	cap6_f7b9773	MATALPHA1:97.5:polished_agree;MATALPHA2:85.42:polished_disagree	VZXD01000151.1	MATALPHA1:97.5:polished_agree;MATA1:86.51:polished_agree;MATALPHA2:85.42:polished_disagree	18615		MATa	idiomorph_gene_only	97.5	3	medium	medium	True	17745		medium	low	medium	core_not_found	core_not_found	core_not_found	core_not_found
Ascomycota:MAT	GCA_009982855.1_Lizem1	cap6_f7b9773	MAT1-2-1:35.92:polished_single	JAADKA010000001.1	MAT1-1-1:39.66:polished_single;MAT1-2-1:35.92:polished_single;MAT1-1-3:38.095:not_polish_candidate	489890	APN2;COX13	MAT1-1	mat_locus	35.92	4	high	high	True	450650		high	high	high	flank_ok	flank_ok	flank_ok	flank_ok
Ascomycota:MAT	GCA_010015635.1_Clael1	cap6_f7b9773		ML975999.1	MAT1-1-1:40.0:polished_single	342444	APN2;COX13	MAT1-1	mat_locus		3	high	high	True	333453		high	high	high	flank_ok	flank_ok	flank_ok	flank_ok
Ascomycota:MAT	GCA_010015725.1_Amnli1	cap6_f7b9773		ML977587.1	MAT1-1-1:31.09:polished_single	460633	APN2;COX13	MAT1-1	mat_locus		3	high	high	True	453130		high	high	high	flank_ok	flank_ok	flank_ok	flank_ok
Ascomycota:MAT	GCA_010015785.1_Sacpr1	cap6_f7b9773	MAT1-1-4:25.15:unpolished;MAT1-1-3:30.769:not_polish_candidate;MAT1-1-1:31.111:not_polish_candidate	ML978713.1	MAT1-1-4:25.15:unpolished;MAT1-2-1:33.58:polished_single;MAT1-1-3:30.769:not_polish_candidate;MAT1-1-1:31.111:not_polish_candidate	625940	APN2;COX13	MAT1-2	mat_locus	31.111	3	medium	medium	True	619813	MAT1-1-4	medium	high	high	core_not_found	flank_ok	flank_ok	core_not_found
Ascomycota:MAT	GCA_010015805.1_Rhili1	cap6_f7b9773	MAT1-1-3:34.694:not_polish_candidate	ML978121.1	MAT1-2-1:52.07:polished_disagree;MAT1-1-3:34.694:not_polish_candidate	3850631	APN2;COX13	MAT1-2	mat_locus	34.694	3	high	high	True	3841469		high	high	high	flank_ok	flank_ok	flank_ok	flank_ok
Ascomycota:MAT	GCA_010015825.1_Lopnu1	cap6_f7b9773		ML977371.1	MAT1-1-4:37.778:unpolished	128984	APN2;COX13	MAT1-1	partial_locus		2	medium	medium	True	108801	MAT1-1-4	medium	medium	medium	core_not_found	core_not_found	core_not_found	core_not_found
Ascomycota:MAT	GCA_010093605.1_Lopmy1	cap6_f7b9773	MAT1-1-3:32.075:not_polish_candidate;MAT1-1-1:38.298:unpolished	MU004200.1	MAT1-2-1:27.45:polished_single;MAT1-1-3:32.075:not_polish_candidate;MAT1-1-1:38.298:unpolished	427313	APN2;COX13	MAT1-2	mat_locus	38.298	3	medium	medium	True	415265	MAT1-1-1	high	high	high	flank_ok	flank_ok	flank_ok	unpolished
Ascomycota:MAT	GCA_010093705.1_Patat1	cap6_f7b9773	MAT1-1-3:29.474:not_polish_candidate;MAT1-1-1:32.46:polished_single	MU006095.1	MAT1-2-1:46.22:polished_disagree;MAT1-1-3:29.474:not_polish_candidate;MAT1-1-1:32.46:polished_single	22946	COX13	MAT1-2	mat_locus	32.46	3	high	high	True	18197		high	high	high	flank_ok	flank_ok	flank_ok	flank_ok
Ascomycota:MAT	GCA_010093715.1_Plesi1	cap6_f7b9773	MAT1-1-3:27.551:not_polish_candidate	MU005770.1	MAT1-2-1:33.76:polished_single;MAT1-1-3:27.551:not_polish_candidate	1923021	APN2;COX13	MAT1-2	mat_locus	27.551	3	high	high	True	1917686		high	high	high	flank_ok	flank_ok	flank_ok	flank_ok
Ascomycota:MAT	GCA_010093785.1_Polci1	cap6_f7b9773	MAT1-1-3:30.108:not_polish_candidate	MU003770.1	MAT1-2-1:49.04:polished_disagree;MAT1-1-3:30.108:not_polish_candidate	59830	APN2;COX13;SLA2	MAT1-2	mat_locus	30.108	3	medium	medium	True	46315	SLA2	medium	medium	medium	unpolished	unpolished	unpolished	unpolished
Ascomycota:MAT	GCA_010093805.1_Polfu1	cap6_f7b9773	MAT1-1-3:39.024:not_polish_candidate	ML996139.1	MAT1-2-1:40.0:polished_single;MAT1-1-3:39.024:not_polish_candidate	95278	APN2;COX13	MAT1-2	mat_locus	39.024	3	medium	medium	True	82648		medium	medium	medium	flank_ok+margin	flank_ok+margin	flank_ok+margin	flank_ok+margin
Ascomycota:MAT	GCA_010093895.1_Myrdu1	cap6_f7b9773	MAT1-1-3:36.957:not_polish_candidate	ML996089.1	MAT1-2-1:51.46:polished_disagree;MAT1-1-3:36.957:not_polish_candidate	424548	APN2;COX13	MAT1-2	mat_locus	36.957	3	high	high	True	413652		high	high	high	flank_ok	flank_ok	flank_ok	flank_ok
Ascomycota:MAT	GCA_010093925.1_Zoprh1	cap6_f7b9773	MAT1-2-1:48.21:polished_single	ML994713.1	MAT1-1-1:37.12:polished_single;MAT1-2-1:48.21:polished_single;MAT1-1-3:28.788:not_polish_candidate	105491	APN2;COX13	MAT1-1	mat_locus	48.21	4	high	high	True	91831		high	high	high	flank_ok	flank_ok	flank_ok	flank_ok
Ascomycota:MAT	GCA_010093945.1_Delco1	cap6_f7b9773		ML993862.1	MAT1-1-1:39.0:polished_single	99254	APN2;COX13	MAT1-1	mat_locus		3	high	high	True	94718		high	high	high	flank_ok	flank_ok	flank_ok	flank_ok
Ascomycota:MAT	GCA_010356995.1_Tribi1	cap6_f7b9773		ML996703.1	MAT1-1-1:43.51:polished_disagree	488886	APN2;COX13;SLA2	MAT1-1	mat_locus		4	high	high	True	464826		high	high	high	flank_ok	flank_ok	flank_ok	flank_ok
Ascomycota:MAT	GCA_010405375.1_Lopma1	cap6_f7b9773	MAT1-1-4:28.302:unpolished;MAT1-1-3:39.474:not_polish_candidate	MU004372.1	MAT1-1-4:28.302:unpolished;MAT1-1-3:39.474:not_polish_candidate;MAT1-2-1:33.64:polished_single	140832	APN2;COX13	MAT1-2	mat_locus	39.474	3	medium	medium	True	117528	MAT1-1-4	medium	high	high	core_not_found	flank_ok	flank_ok	core_not_found
Ascomycota:MAT	GCA_010405405.1_Micmi1	cap6_f7b9773		MU004230.1	MAT1-1-1:48.42:polished_single	2648769	APN2;COX13	MAT1-1	mat_locus		3	high	high	True	2641757		high	high	high	flank_ok	flank_ok	flank_ok	flank_ok
Ascomycota:MAT	GCA_010405425.1_Lenfl1	cap6_f7b9773	MAT1-2-1:48.485:not_polish_candidate	MU005569.1	MAT1-1-1:35.37:polished_single;MAT1-1-3:41.463:not_polish_candidate;MAT1-2-1:48.485:not_polish_candidate;MAT1-1-4:31.481:unpolished	479743	APN2;COX13;SLA2	MAT1-1	mat_locus	48.485	3	medium	medium	True	443864	MAT1-1-4;SLA2	medium	medium	medium	unpolished	unpolished	unpolished	unpolished
Ascomycota:MAT	GCA_010583015.1_Totfu1	cap6_f7b9773	MAT1-2-1:36.31:polished_disagree	MU007023.1	MAT1-1-5:24.39:unpolished;MAT1-1-1:43.79:polished_single;MAT1-2-1:36.31:polished_disagree;MAT1-1-3:44.444:not_polish_candidate	330347	APN2;COX13	MAT1-1	mat_locus	36.31	4	medium	medium	True	308377	MAT1-1-5	medium	medium	medium	unpolished	unpolished	unpolished	unpolished
Ascomycota:MTL	GCA_010994365.1_ASM1099436v1	cap6_f7b9773	MTLA1:52.78:polished_single	JNFU01000001.1	MTLalpha2:23.810000000000002:polished_single;MTLalpha1:39.76:polished_disagree;MTLA1:52.78:polished_single	1753531		alpha	idiomorph_gene_only	52.78	3	medium	medium	True	1750657		medium	high	medium	core_not_found	no_flank_req	core_not_found	core_not_found
Ascomycota:MATsc	GCA_010994405.1_ASM1099440v1	cap6_f7b9773	MATA2:33.333:not_polish_candidate	JNFX01000008.1	MATALPHA2:28.73:polished_single;MATA2:33.333:not_polish_candidate;MATALPHA1:37.93:polished_single	498126	sla2	MATalpha	mat_locus	33.333	3	medium	medium	True	470489		medium	medium	medium	no_flank_req+margin	no_flank_req+margin	no_flank_req+margin	no_flank_req+margin
Ascomycota:MAT	GCA_011067015.1_ASM1106701v1	cap6_f7b9773		JAABLO010000001.1	MAT1-1-2:27.523:unpolished	893700	APN2;COX13	MAT1-1	partial_locus		2	medium	medium	True	878630	MAT1-1-2	medium	medium	medium	core_not_found	core_not_found	core_not_found	core_not_found
Ascomycota:MAT	GCA_011068445.1_ASM1106844v1	cap6_f7b9773		JAAGKP010000022.1	MAT1-2-1:31.915:unpolished	50164	APN2;COX13	MAT1-2	mat_locus		2	medium	medium	True	29726	MAT1-2-1	medium	medium	medium	unpolished	unpolished	unpolished	unpolished
Ascomycota:MATsc	GCA_011316215.1_ASM1131621v1	cap6_f7b9773	MATA2:100.0:polished_agree	CM022137.1	MATA2:100.0:polished_agree;MATALPHA2:100.0:polished_agree;MATALPHA1:99.43:polished_agree	14326		MATalpha	idiomorph_gene_only	100.0	3	medium	medium	True	12909		medium	high	medium	core_not_found	no_flank_req	core_not_found	core_not_found
Ascomycota:MATsc	GCA_011316215.1_ASM1131621v1	cap6_f7b9773	MATALPHA2:100.0:polished_agree;MATALPHA1:100.0:polished_agree	CM022137.1	MATA2:100.0:polished_agree;MATALPHA2:100.0:polished_agree;MATA1:82.91:polished_disagree;MATALPHA1:100.0:polished_agree	199423		MATa	idiomorph_gene_only	100.0	4	high	high	True	198119		high	high	high	no_flank_req	no_flank_req	no_flank_req	no_flank_req
Ascomycota:MAT	GCA_012184295.1_ASM1218429v1	cap6_f7b9773		LDUD01000016.1	MAT1-2-1:40.541:unpolished	343862	APN2;COX13	MAT1-2	mat_locus		2	medium	medium	True	314157	MAT1-2-1	medium	medium	medium	unpolished	unpolished	unpolished	unpolished
Ascomycota:MAT	GCA_012184355.1_ASM1218435v1	cap6_f7b9773		LDUC01000161.1	MAT1-1-1:33.766:unpolished	311206	APN2;COX13	MAT1-1	mat_locus		2	medium	medium	True	295392	MAT1-1-1	medium	medium	medium	unpolished	unpolished	unpolished	unpolished
Ascomycota:MATsc	GCA_013179855.1_ASM1317985v1	cap6_f7b9773		DUXD01000114.1	MATALPHA2:100.0:polished_agree;MATALPHA1:81.14:polished_agree	921		MATalpha	idiomorph_gene_only		2	high	high	True	2		high	high	high	no_flank_req	no_flank_req	no_flank_req	no_flank_req
Ascomycota:MATsc	GCA_013179855.1_ASM1317985v1	cap6_f7b9773	MATALPHA1:97.5:polished_agree	DUXD01000521.1	MATALPHA1:97.5:polished_agree;MATA1:90.48:polished_agree	5194		MATa	idiomorph_gene_only	97.5	2	medium	medium	True	4536		medium	low	medium	core_not_found	core_not_found	core_not_found	core_not_found
Ascomycota:MATsc	GCA_013180005.1_ASM1318000v1	cap6_f7b9773	MATALPHA2:96.89:polished_disagree;MATALPHA1:97.5:polished_agree	DUXH01000268.1	MATA2:100.0:polished_agree;MATALPHA2:96.89:polished_disagree;MATA1:90.48:polished_agree;MATALPHA1:97.5:polished_agree	293734		MATa	idiomorph_gene_only	97.5	4	high	high	True	292424		high	high	high	no_flank_req	no_flank_req	no_flank_req	no_flank_req
Ascomycota:MATsc	GCA_013265745.1_ASM1326574v1	cap6_f7b9773	MATALPHA2:96.89:polished_disagree	DUYS01000204.1	MATA2:100.0:polished_agree;MATALPHA2:96.89:polished_disagree;MATA1:88.57:polished_agree	17012		MATa	idiomorph_gene_only	96.89	3	medium	medium	True	16256		medium	high	medium	core_not_found	no_flank_req	core_not_found	core_not_found
Ascomycota:MAT	GCA_014905255.1_Rac_1.0	cap6_f7b9773		BLYF01000030.1	MAT1-1-1:32.5:polished_single	387447	APN2;COX13	MAT1-1	mat_locus		3	high	high	True	381888		high	high	high	flank_ok	flank_ok	flank_ok	flank_ok
Ascomycota:MAT	GCA_016162255.1_ASM1616225v1	cap6_f7b9773		JACADK010000001.1	MAT1-1-2:27.66:unpolished;MAT1-1-1:29.412:unpolished;MAT1-1-3:29.63:unpolished	2205085	APN2;SLA2	MAT1-1	mat_locus		2	medium	medium	True	2159529	MAT1-1-1;MAT1-1-2;MAT1-1-3	medium	medium	medium	unpolished	unpolished	unpolished	unpolished
Ascomycota:MAT	GCA_016612005.1_ASM1661200v1	cap6_f7b9773	MAT1-1-4:29.412:unpolished;MAT1-1-3:37.778:not_polish_candidate;MAT1-1-1:34.921:unpolished	PEBR01000018.1	MAT1-1-4:29.412:unpolished;MAT1-2-1:35.09:polished_single;MAT1-1-3:37.778:not_polish_candidate;MAT1-1-1:34.921:unpolished	295021	APN2;COX13	MAT1-2	mat_locus	37.778	3	medium	medium	True	276041	MAT1-1-1;MAT1-1-4	high	high	high	flank_ok	flank_ok	flank_ok	unpolished
Ascomycota:MATyl	GCA_017635955.1_ASM1763595v1	cap6_f7b9773		JAAQQV010000003.1	mata1:76.0:polished_disagree;mata2:75.82:polished_disagree	2180704	apn2;sla2	A	mat_locus		4	high	high	True	2172378		high	high	high	flank_ok	flank_ok	flank_ok	flank_ok
Ascomycota:MAT	GCA_017635955.1_ASM1763595v1	cap6_f7b9773	MAT1-1-1:34.783:unpolished	JAAQQV010000003.1	MAT1-1-1:34.783:unpolished;MAT1-2-1:25.641:unpolished	2180704	APN2;SLA2	MAT1-2	mat_locus	34.783	2	medium	medium	True	2172378	MAT1-1-1;MAT1-2-1	medium	medium	medium	unpolished	unpolished	unpolished	unpolished
Ascomycota:MATsc	GCA_017866315.1_ASM1786631v1	cap6_f7b9773		JAEDRG010000058.1	MATALPHA1:99.43:polished_agree;MATALPHA2:100.0:polished_agree	71315		MATalpha	idiomorph_gene_only		2	high	high	True	70378		high	high	high	no_flank_req	no_flank_req	no_flank_req	no_flank_req
Ascomycota:MATsc	GCA_017866315.1_ASM1786631v1	cap6_f7b9773	MATALPHA2:100.0:polished_agree;MATALPHA1:97.5:polished_agree	JAEDRG010000046.1	MATALPHA2:100.0:polished_agree;MATA1:99.21:polished_agree;MATALPHA1:97.5:polished_agree	835		MATa	idiomorph_gene_only	100.0	3	medium	medium	True	3		medium	low	medium	core_not_found	core_not_found	core_not_found	core_not_found
Ascomycota:MATsc	GCA_017866465.1_ASM1786646v1	cap6_f7b9773		JAEDRN010000078.1	MATALPHA1:99.43:polished_agree;MATALPHA2:100.0:polished_agree	41873		MATalpha	idiomorph_gene_only		2	high	high	True	40936		high	high	high	no_flank_req	no_flank_req	no_flank_req	no_flank_req
Ascomycota:MATsc	GCA_017866465.1_ASM1786646v1	cap6_f7b9773	MATALPHA2:100.0:polished_agree;MATALPHA1:97.5:polished_agree	JAEDRN010000052.1	MATALPHA2:100.0:polished_agree;MATA1:99.21:polished_agree;MATALPHA1:97.5:polished_agree	835		MATa	idiomorph_gene_only	100.0	3	medium	medium	True	3		medium	low	medium	core_not_found	core_not_found	core_not_found	core_not_found
Ascomycota:MATsc	GCA_017867205.1_ASM1786720v1	cap6_f7b9773		JAEDRZ010000064.1	MATALPHA1:99.43:polished_agree;MATALPHA2:100.0:polished_agree	70772		MATalpha	idiomorph_gene_only		2	high	high	True	69835		high	high	high	no_flank_req	no_flank_req	no_flank_req	no_flank_req
Ascomycota:MATsc	GCA_017867205.1_ASM1786720v1	cap6_f7b9773	MATALPHA1:97.5:polished_agree;MATALPHA2:100.0:polished_agree	JAEDRZ010000227.1	MATALPHA1:97.5:polished_agree;MATA1:98.41:polished_disagree;MATALPHA2:100.0:polished_agree	2643		MATa	idiomorph_gene_only	100.0	3	medium	medium	True	1811		medium	low	medium	core_not_found	core_not_found	core_not_found	core_not_found
Ascomycota:MATsc	GCA_017868175.1_ASM1786817v1	cap6_f7b9773		JAEDSS010000039.1	MATALPHA2:100.0:polished_agree;MATALPHA1:100.0:polished_agree	940		MATalpha	idiomorph_gene_only		2	high	high	True	3		high	high	high	no_flank_req	no_flank_req	no_flank_req	no_flank_req
Ascomycota:MATsc	GCA_017869325.1_ASM1786932v1	cap6_f7b9773		JAEDTI010000027.1	MATALPHA2:100.0:polished_agree;MATALPHA1:99.43:polished_agree	940		MATalpha	idiomorph_gene_only		2	high	high	True	3		high	high	high	no_flank_req	no_flank_req	no_flank_req	no_flank_req
Ascomycota:MATsc	GCA_017869325.1_ASM1786932v1	cap6_f7b9773	MATALPHA2:100.0:polished_agree;MATALPHA1:97.5:polished_agree	JAEDTI010000151.1	MATALPHA2:100.0:polished_agree;MATA1:99.21:polished_agree;MATALPHA1:97.5:polished_agree	835		MATa	idiomorph_gene_only	100.0	3	medium	medium	True	3		medium	low	medium	core_not_found	core_not_found	core_not_found	core_not_found
Ascomycota:MATsc	GCA_017871065.1_ASM1787106v1	cap6_f7b9773		JAEDUN010000049.1	MATALPHA2:100.0:polished_agree;MATALPHA1:100.0:polished_agree	940		MATalpha	idiomorph_gene_only		2	high	high	True	3		high	high	high	no_flank_req	no_flank_req	no_flank_req	no_flank_req
Ascomycota:MATsc	GCA_018343995.1_ASM1834399v1	cap6_f7b9773		JADIOT010002609.1	MATA1:48.33:polished_disagree	5662	sla2	MATa	partial_locus		2	medium	medium	True	1933		medium	medium	medium	core_not_found	core_not_found	core_not_found	core_not_found
Ascomycota:MATsc	GCA_018344405.1_ASM1834440v1	cap6_f7b9773	MATA2:43.75:not_polish_candidate	JADLID010000356.1	MATALPHA1:26.761:unpolished;MATA2:43.75:not_polish_candidate;MATALPHA2:30.77:polished_single	24122	sla2	MATalpha	mat_locus	43.75	2	medium	medium	True	18646	MATALPHA1	medium	medium	medium	unpolished	unpolished	unpolished	unpolished
Ascomycota:MATsc	GCA_018344405.1_ASM1834440v1	cap6_f7b9773		JADLID010000130.1	MATA2:21.875:unpolished;MATA1:54.55:polished_single	155985	sla2	MATa	mat_locus		2	medium	medium	True	151080	MATA2	medium	medium	medium	unpolished	unpolished	unpolished	unpolished
Ascomycota:MAT	GCA_018467035.1_ASM1846703v1	cap6_f7b9773	MAT1-1-3:30.108:not_polish_candidate	JACSZZ010000003.1	MAT1-1-3:30.108:not_polish_candidate;MAT1-2-1:41.55:polished_single	2646923	APN2;COX13	MAT1-2	mat_locus	30.108	3	high	high	True	2633988		high	high	high	flank_ok	flank_ok	flank_ok	flank_ok
Ascomycota:MAT	GCA_018804115.1_ASM1880411v1	cap6_f7b9773	MAT1-2-1:51.22:not_polish_candidate	JAGJTG010000006.1	MAT1-1-3:48.649:not_polish_candidate;MAT1-2-1:51.22:not_polish_candidate;MAT1-1-1:41.463:unpolished	441228	APN2;SLA2	MAT1-1	mat_locus	51.22	2	medium	medium	True	412571	MAT1-1-1	medium	medium	medium	unpolished	unpolished	unpolished	unpolished
Ascomycota:MATyl	GCA_018804115.1_ASM1880411v1	cap6_f7b9773		JAGJTG010000006.1	mata1:34.146:unpolished	441228	apn2;sla2	A	mat_locus		2	medium	medium	True	412571	mata1	medium	medium	medium	core_not_found	core_not_found	core_not_found	core_not_found
Ascomycota:MATtub	GCA_018804115.1_ASM1880411v1	cap6_f7b9773	MAT1-1-1:37.778:unpolished	JAGJTG010000006.1	MAT1-2-1:38.0:polished_single;MAT1-1-1:37.778:unpolished	441228	APN2;SLA2	MAT1-2	partial_locus	37.778	3	medium	medium	True	412571	MAT1-1-1	medium	medium	medium	flank_ok+partial	flank_ok+partial	flank_ok+partial	unpolished
Ascomycota:MAT	GCA_018992335.1_ASM1899233v1	cap6_f7b9773	MAT1-1-3:25.153:not_polish_candidate	JABUKR010000177.1	MAT1-1-3:25.153:not_polish_candidate;MAT1-2-1:43.09:polished_agree	59500	APN2;COX13	MAT1-2	mat_locus	25.153	3	high	high	True	52168		high	high	high	flank_ok	flank_ok	flank_ok	flank_ok
Ascomycota:MAT	GCA_019022785.1_UFMT_Lindgomycetaceae_A73	cap6_f7b9773		JAFHBV010000536.1	MAT1-1-1:34.85:polished_single	12332	APN2	MAT1-1	partial_locus		2	medium	medium	True	8621		medium	medium	medium	flank_ok+partial	flank_ok+partial	flank_ok+partial	flank_ok+partial
Ascomycota:MAT	GCA_019670975.1_ASM1967097v1	cap6_f7b9773	MAT1-1-3:35.135:not_polish_candidate	JAGUCJ010000016.1	MAT1-2-1:48.74:polished_disagree;MAT1-1-3:35.135:not_polish_candidate	329657	APN2;COX13	MAT1-2	mat_locus	35.135	3	high	high	True	312525		high	high	high	flank_ok	flank_ok	flank_ok	flank_ok
Ascomycota:MAT	GCA_019775845.1_ASM1977584v1	cap6_f7b9773	MAT1-2-1:42.11:polished_disagree	JADQAV010000008.1	MAT1-2-1:42.11:polished_disagree;MAT1-1-3:30.769:not_polish_candidate;MAT1-1-1:42.28:polished_single;MAT1-1-4:22.754:unpolished	398039	APN2;COX13;SLA2	MAT1-1	mat_locus	42.11	5	medium	medium	True	359190	MAT1-1-4	medium	medium	medium	unpolished	unpolished	unpolished	unpolished
Ascomycota:MAT	GCA_020064725.1_ASM2006472v1	cap6_f7b9773	MAT1-1-1:36.957:unpolished	JAGTWJ010000007.1	MAT1-2-1:42.857:unpolished;MAT1-1-1:36.957:unpolished	1535314	APN2;COX13	MAT1-2	mat_locus	36.957	2	medium	medium	True	1520388	MAT1-1-1;MAT1-2-1	medium	medium	medium	unpolished	unpolished	unpolished	unpolished
Ascomycota:MAT	GCA_020465795.1_43379	cap6_f7b9773	MAT1-1-3:43.59:not_polish_candidate	JACXGO010000019.1	MAT1-2-1:49.43:polished_disagree;MAT1-1-3:43.59:not_polish_candidate	39053	APN2;COX13;SLA2	MAT1-2	mat_locus	43.59	4	high	high	True	19929		high	high	high	flank_ok	flank_ok	flank_ok	flank_ok
Ascomycota:MAT	GCA_020572305.1_ASM2057230v1	cap6_f7b9773		JAIRHC010000001.1	MAT1-1-4:39.474:unpolished;MAT1-1-1:31.62:polished_single	1662736	APN2;COX13	MAT1-1	mat_locus		3	medium	medium	True	1639748	MAT1-1-4	medium	medium	medium	unpolished	unpolished	unpolished	unpolished
Ascomycota:MAT	GCA_020573595.1_ASM2057359v1	cap6_f7b9773	MAT1-2-1:40.0:not_polish_candidate	JAIRHO010000005.1	MAT1-1-3:40.0:polished_single;MAT1-2-1:40.0:not_polish_candidate;MAT1-1-4:44.737:unpolished;MAT1-1-1:32.203:unpolished	938163	APN2;COX13	MAT1-1	mat_locus	40.0	3	medium	medium	True	892039	MAT1-1-1;MAT1-1-4	medium	medium	medium	unpolished	unpolished	unpolished	unpolished
Ascomycota:MAT	GCA_020744415.1_Denna1	cap6_f7b9773		JAGMWT010000006.1	MAT1-1-1:41.77:polished_single	528644	APN2;COX13	MAT1-1	mat_locus		3	high	high	True	521359		high	high	high	flank_ok	flank_ok	flank_ok	flank_ok
Ascomycota:MATsc	GCA_021020675.1_ASM2102067v1	cap6_f7b9773		PIOA01000100.1	MATA1:63.64:polished_single	34663	sla2	MATa	partial_locus		2	medium	medium	True	31183		medium	medium	medium	core_not_found	core_not_found	core_not_found	core_not_found
Ascomycota:MAT	GCA_021030975.1_ASM2103097v1	cap6_f7b9773	MAT1-1-3:29.167:not_polish_candidate	JAGFMK010000047.1	MAT1-2-1:37.67:polished_disagree;MAT1-1-3:29.167:not_polish_candidate	35474	APN2;COX13	MAT1-2	mat_locus	29.167	3	high	high	True	29233		high	high	high	flank_ok	flank_ok	flank_ok	flank_ok
Ascomycota:MATsc	GCA_021403145.1_ASM2140314v1	cap6_f7b9773		JAIUYG010000039.1	MATALPHA1:90.29:polished_agree;MATALPHA2:100.0:polished_agree	110966		MATalpha	idiomorph_gene_only		2	high	high	True	110027		high	high	high	no_flank_req	no_flank_req	no_flank_req	no_flank_req
Ascomycota:MATsc	GCA_021403605.1_ASM2140360v1	cap6_f7b9773		JAIUYW010000046.1	MATALPHA1:90.29:polished_agree;MATALPHA2:100.0:polished_agree	93294		MATalpha	idiomorph_gene_only		2	high	high	True	92310		high	high	high	no_flank_req	no_flank_req	no_flank_req	no_flank_req
Ascomycota:MATsc	GCA_021403665.1_ASM2140366v1	cap6_f7b9773		JAIUYY010000049.1	MATALPHA1:89.71:polished_agree;MATALPHA2:100.0:polished_agree	44532		MATalpha	idiomorph_gene_only		2	high	high	True	43549		high	high	high	no_flank_req	no_flank_req	no_flank_req	no_flank_req
Ascomycota:MATsc	GCA_021403665.1_ASM2140366v1	cap6_f7b9773	MATALPHA1:97.5:polished_agree;MATALPHA2:100.0:polished_agree	JAIUYY010000037.1	MATALPHA1:97.5:polished_agree;MATA1:96.03:polished_agree;MATALPHA2:100.0:polished_agree	93877		MATa	idiomorph_gene_only	100.0	3	medium	medium	True	92999		medium	low	medium	core_not_found	core_not_found	core_not_found	core_not_found
Ascomycota:MAT	GCA_021432605.1_ConPMI546	cap6_f7b9773	MAT1-1-3:34.483:not_polish_candidate	MU271147.1	MAT1-2-1:53.66:polished_disagree;MAT1-1-3:34.483:not_polish_candidate	461290	APN2;COX13;SLA2	MAT1-2	mat_locus	34.483	4	high	high	True	445217		high	high	high	flank_ok	flank_ok	flank_ok	flank_ok
Ascomycota:MAT	GCA_022345705.2_ASM2234570v2	cap6_f7b9773		JAJDMY020001099.1	MAT1-1-4:29.487:unpolished;MAT1-1-1:45.16:polished_single;MAT1-1-5:25.143:unpolished	23159	APN2;COX13;SLA2	MAT1-1	mat_locus		3	medium	medium	True	5400	MAT1-1-4;MAT1-1-5;SLA2	medium	medium	medium	unpolished	unpolished	unpolished	unpolished
Ascomycota:MAT	GCA_022560085.1_ASM2256008v1	cap6_f7b9773		JAFISD010000043.1	MAT1-1-1:39.17:polished_single	153228	APN2;COX13	MAT1-1	mat_locus		3	high	high	True	147991		high	high	high	flank_ok	flank_ok	flank_ok	flank_ok
Ascomycota:MAT	GCA_022577695.1_ASM2257769v1	cap6_f7b9773		JAKIRT010000005.1	MAT1-1-5:39.13:unpolished;MAT1-1-4:36.667:unpolished;MAT1-1-1:38.71:unpolished	481875	APN2;COX13;SLA2	MAT1-1	mat_locus		2	medium	medium	True	305568	COX13;MAT1-1-1;MAT1-1-4;MAT1-1-5	medium	medium	medium	unpolished	unpolished	unpolished	unpolished
Ascomycota:MAT	GCA_022609195.1_ASM2260919v1	cap6_f7b9773	MAT1-1-1:33.962:unpolished;MAT1-1-2:32.35:polished_single;MAT1-1-3:34.951:not_polish_candidate	JAGKQA010000053.1	MAT1-2-1:59.459:not_polish_candidate;MAT1-1-1:33.962:unpolished;MAT1-1-2:32.35:polished_single;MAT1-1-3:34.951:not_polish_candidate	97416	APN2;COX13;SLA2	MAT1-2	mat_locus	34.951	4	medium	medium	True	80251	MAT1-1-1	medium	medium	medium	flank_ok+margin	flank_ok+margin	flank_ok+margin	unpolished
Ascomycota:MATsc	GCA_022641835.1_ASM2264183v1	cap6_f7b9773		CP048715.1	MATA2:28.571:unpolished;MATA1:58.18:polished_agree	685843	sla2	MATa	mat_locus		2	medium	medium	True	588654	MATA2	medium	medium	medium	unpolished	unpolished	unpolished	unpolished
Ascomycota:MTL	GCA_022641835.1_ASM2264183v1	cap6_f7b9773		CP048715.1	MTLA2:48.15:polished_single;MTLA1:57.14:polished_disagree	685843	PIK1	A	mat_locus		2	medium	medium	True	588654	PIK1	medium	medium	medium	unpolished	unpolished	unpolished	unpolished
Ascomycota:MATyl	GCA_022641835.1_ASM2264183v1	cap6_f7b9773		CP048715.1	mata1:41.67:polished_single	685843	sla2	A	partial_locus		2	medium	medium	True	588654		medium	medium	medium	core_not_found	core_not_found	core_not_found	core_not_found
Ascomycota:MAT	GCA_022664585.2_ASM2266458v2	cap6_f7b9773	MAT1-2-1:41.176:not_polish_candidate	JAKWBI020000083.1	MAT1-1-3:42.86:polished_single;MAT1-2-1:41.176:not_polish_candidate;MAT1-1-2:34.375:unpolished;MAT1-1-1:48.387:unpolished	87768	APN2;COX13;SLA2	MAT1-1	mat_locus	41.176	4	medium	medium	True	72785	MAT1-1-1;MAT1-1-2	medium	medium	medium	unpolished	unpolished	unpolished	unpolished
Ascomycota:MAT	GCA_022813065.1_ASM2281306v1	cap6_f7b9773	MAT1-2-1:53.125:not_polish_candidate	JAHCSW010000007.1	MAT1-1-1:40.0:polished_single;MAT1-1-3:50.0:not_polish_candidate;MAT1-2-1:53.125:not_polish_candidate	651031	APN2;COX13	MAT1-1	mat_locus	53.125	3	high	high	True	641778		high	high	high	flank_ok	flank_ok	flank_ok	flank_ok
Ascomycota:MAT	GCA_022813225.1_ASM2281322v1	cap6_f7b9773		JAKLMX010000008.1	MAT1-1-5:28.431:unpolished;MAT1-1-1:42.86:polished_disagree;MAT1-1-4:27.273:unpolished	587498	APN2;COX13	MAT1-1	mat_locus		3	medium	medium	True	571288	MAT1-1-4;MAT1-1-5	medium	medium	medium	unpolished	unpolished	unpolished	unpolished
Ascomycota:MAT	GCA_022813925.1_ASM2281392v1	cap6_f7b9773		JALDZU010000500.1	MAT1-1-4:23.03:unpolished;MAT1-1-1:43.7:polished_disagree	14118	SLA2	MAT1-1	partial_locus		2	medium	medium	True	2722	MAT1-1-4	medium	medium	medium	unpolished	unpolished	unpolished	unpolished
Ascomycota:MAT	GCA_022813925.1_ASM2281392v1	cap6_f7b9773	MAT1-1-3:36.364:not_polish_candidate	JALDZU010000168.1	MAT1-1-3:36.364:not_polish_candidate;MAT1-2-1:58.14:polished_disagree	12910	APN2;COX13	MAT1-2	mat_locus	36.364	3	high	high	True	6020		high	high	high	flank_ok	flank_ok	flank_ok	flank_ok
Ascomycota:MAT	GCA_022813965.1_ASM2281396v1	cap6_f7b9773		JALDZS010000421.1	MAT1-1-4:24.615:unpolished;MAT1-1-1:43.66:polished_disagree	5728	APN2	MAT1-1	partial_locus		2	medium	medium	True	3	MAT1-1-4	medium	medium	medium	unpolished	unpolished	unpolished	unpolished
Ascomycota:MAT	GCA_022813965.1_ASM2281396v1	cap6_f7b9773		JALDZS010000198.1	MAT1-1-3:30.769:unpolished	14009	APN2;COX13	MAT1-1	partial_locus		2	medium	medium	True	2	MAT1-1-3	medium	medium	medium	core_not_found	core_not_found	core_not_found	core_not_found
Ascomycota:MAT	GCA_022814105.1_ASM2281410v1	cap6_f7b9773	MAT1-1-3:32.5:not_polish_candidate;MAT1-1-1:25.0:unpolished	JALDZM010000006.1	MAT1-2-1:45.1:polished_disagree;MAT1-1-3:32.5:not_polish_candidate;MAT1-1-1:25.0:unpolished	57072	APN2;COX13;SLA2	MAT1-2	mat_locus	32.5	4	medium	medium	True	40505	MAT1-1-1	high	high	high	flank_ok	flank_ok	flank_ok	unpolished
Ascomycota:MAT	GCA_022814315.1_ASM2281431v1	cap6_f7b9773		JALDZC010000325.1	MAT1-1-1:44.87:polished_disagree;MAT1-1-4:24.841:unpolished	27231	SLA2	MAT1-1	partial_locus		2	medium	medium	True	17541	MAT1-1-4	medium	medium	medium	unpolished	unpolished	unpolished	unpolished
Ascomycota:MAT	GCA_022814315.1_ASM2281431v1	cap6_f7b9773	MAT1-1-3:33.333:not_polish_candidate	JALDZC010000030.1	MAT1-2-1:44.97:polished_disagree;MAT1-1-3:33.333:not_polish_candidate	34972	APN2;COX13	MAT1-2	mat_locus	33.333	3	high	high	True	3481		high	high	high	flank_ok	flank_ok	flank_ok	flank_ok
Ascomycota:MATsc	GCA_022837015.1_ASM2283701v1	cap6_f7b9773	MATALPHA1:97.5:polished_agree;MATALPHA2:100.0:polished_agree	CM040882.1	MATALPHA1:97.5:polished_agree;MATA1:98.41:polished_agree;MATALPHA2:100.0:polished_agree;MATA2:100.0:polished_agree	26929		MATa	idiomorph_gene_only	100.0	4	high	high	True	25617		high	high	high	no_flank_req	no_flank_req	no_flank_req	no_flank_req
Ascomycota:MATsc	GCA_022837015.1_ASM2283701v1	cap6_f7b9773	MATALPHA1:97.5:polished_agree;MATALPHA2:100.0:polished_agree	CM040882.1	MATALPHA1:97.5:polished_agree;MATA1:98.41:polished_agree;MATALPHA2:100.0:polished_agree;MATA2:100.0:polished_agree	120862		MATa	idiomorph_gene_only	100.0	4	high	high	True	119550		high	high	high	no_flank_req	no_flank_req	no_flank_req	no_flank_req
Ascomycota:MATsc	GCA_022837015.1_ASM2283701v1	cap6_f7b9773	MATA2:100.0:polished_agree	CM040882.1	MATALPHA1:99.43:polished_agree;MATALPHA2:100.0:polished_agree;MATA2:100.0:polished_agree	300861		MATalpha	idiomorph_gene_only	100.0	3	medium	medium	True	299444		medium	high	medium	core_not_found	no_flank_req	core_not_found	core_not_found
Ascomycota:MAT	GCA_023079245.1_ASM2307924v1	cap6_f7b9773		JAJMVB010000003.1	MAT1-1-4:32.727:unpolished;MAT1-1-1:47.62:polished_single	933967	APN2;COX13	MAT1-1	mat_locus		3	medium	medium	True	924346	MAT1-1-4	medium	medium	medium	unpolished	unpolished	unpolished	unpolished
Ascomycota:MAT	GCA_023084885.1_ASM2308488v1	cap6_f7b9773	MAT1-2-1:33.33:polished_single	JAJMWO010000038.1	MAT1-2-1:33.33:polished_single;MAT1-1-3:29.412:not_polish_candidate;MAT1-1-1:44.06:polished_disagree	311609	APN2;COX13	MAT1-1	mat_locus	33.33	4	high	high	True	299551		high	high	high	flank_ok	flank_ok	flank_ok	flank_ok
Ascomycota:MAT	GCA_023084905.1_ASM2308490v1	cap6_f7b9773	MAT1-2-1:33.33:polished_single	JAJMWN010000084.1	MAT1-2-1:33.33:polished_single;MAT1-1-3:28.261:not_polish_candidate;MAT1-1-1:44.76:polished_disagree	178183	APN2;COX13	MAT1-1	mat_locus	33.33	4	high	high	True	166073		high	high	high	flank_ok	flank_ok	flank_ok	flank_ok
Ascomycota:MAT	GCA_023184715.1_ASM2318471v1	cap6_f7b9773		JALILS010000001.1	MAT1-1-1:46.58:polished_disagree;MAT1-1-4:23.721:unpolished	1250732	APN2;COX13;SLA2	MAT1-1	mat_locus		4	medium	medium	True	1236296	MAT1-1-4	medium	medium	medium	unpolished	unpolished	unpolished	unpolished
Ascomycota:MATsc	GCA_023627765.1_ASM2362776v1	cap6_f7b9773	MATALPHA1:30.357:unpolished	JAMAIF010000014.1	MATALPHA1:30.357:unpolished;MATA1:55.93:polished_agree;MATA2:39.024:unpolished	22030	sla2	MATa	mat_locus	30.357	2	medium	medium	True	2877	MATA2;MATALPHA1	medium	medium	medium	core_not_found	unpolished	unpolished	core_not_found
Ascomycota:MAT	GCA_023628915.1_ASM2362891v1	cap6_f7b9773	MAT1-1-1:26.0:unpolished	JAMAJT010000002.1	MAT1-2-1:33.962:unpolished;MAT1-1-1:26.0:unpolished	243754	APN2;SLA2	MAT1-2	mat_locus	26.0	2	medium	medium	True	199621	MAT1-1-1;MAT1-2-1	medium	medium	medium	unpolished	unpolished	unpolished	unpolished
Ascomycota:MAT	GCA_023645945.1_KEW_Ddia	cap6_f7b9773		JALAIB010000011.1	MAT1-1-1:38.62:polished_disagree;MAT1-1-4:33.333:unpolished	45633	APN2;COX13;SLA2	MAT1-1	mat_locus		4	medium	medium	True	28613	MAT1-1-4	medium	medium	medium	unpolished	unpolished	unpolished	unpolished
Ascomycota:MAT	GCA_023653545.1_ASM2365354v1	cap6_f7b9773		JAMKBD010000140.1	MAT1-1-1:38.26:polished_single	81923	APN2;COX13	MAT1-1	mat_locus		3	high	high	True	77252		high	high	high	flank_ok	flank_ok	flank_ok	flank_ok
Ascomycota:MATsc	GCA_024267825.1_ASM2426782v1	cap6_f7b9773	MATALPHA1:95.0:polished_disagree;MATALPHA2:100.0:polished_agree	JAMQBE010000013.1	MATALPHA1:95.0:polished_disagree;MATA1:100.0:polished_disagree;MATALPHA2:100.0:polished_agree;MATA2:100.0:polished_agree	46223		MATa	idiomorph_gene_only	100.0	4	high	high	True	44911		high	high	high	no_flank_req	no_flank_req	no_flank_req	no_flank_req
Ascomycota:MATsc	GCA_024267825.1_ASM2426782v1	cap6_f7b9773	MATALPHA1:95.0:polished_disagree;MATALPHA2:100.0:polished_agree	JAMQBE010000013.1	MATALPHA1:95.0:polished_disagree;MATA1:100.0:polished_disagree;MATALPHA2:100.0:polished_agree;MATA2:100.0:polished_agree	139730		MATa	idiomorph_gene_only	100.0	4	high	high	True	138418		high	high	high	no_flank_req	no_flank_req	no_flank_req	no_flank_req
Ascomycota:MATsc	GCA_024267825.1_ASM2426782v1	cap6_f7b9773	MATALPHA1:95.0:polished_disagree;MATALPHA2:100.0:polished_agree	JAMQBE010000013.1	MATALPHA1:95.0:polished_disagree;MATA1:100.0:polished_disagree;MATALPHA2:100.0:polished_agree;MATA2:100.0:polished_agree	351935		MATa	idiomorph_gene_only	100.0	4	high	high	True	350623		high	high	high	no_flank_req	no_flank_req	no_flank_req	no_flank_req
Ascomycota:MAT	GCA_024752435.1_ASM2475243v1	cap6_f7b9773	MAT1-1-3:45.161:not_polish_candidate;MAT1-1-1:34.043:unpolished	CP103027.1	MAT1-2-1:59.62:polished_disagree;MAT1-1-3:45.161:not_polish_candidate;MAT1-1-1:34.043:unpolished	1103680	APN2;SLA2	MAT1-2	mat_locus	45.161	3	medium	medium	True	1088753	MAT1-1-1	medium	medium	medium	flank_ok+margin	flank_ok+margin	flank_ok+margin	unpolished
Ascomycota:MAT	GCA_024761825.1_ASM2476182v1	cap6_f7b9773	MAT1-1-3:34.146:not_polish_candidate	JAHCTR010002111.1	MAT1-2-1:51.55:polished_agree;MAT1-1-3:34.146:not_polish_candidate	2943	APN2	MAT1-2	partial_locus	34.146	2	medium	medium	True	1		medium	medium	medium	flank_ok+partial	flank_ok+partial	flank_ok+partial	flank_ok+partial
Ascomycota:MATsc	GCA_025383845.1_ASM2538384v1	cap6_f7b9773	MATALPHA1:97.5:polished_agree;MATALPHA2:100.0:polished_agree	CP088331.1	MATALPHA1:97.5:polished_agree;MATA1:99.2:polished_agree;MATALPHA2:100.0:polished_agree;MATA2:100.0:polished_agree	15335		MATa	idiomorph_gene_only	100.0	4	high	high	True	14024		high	high	high	no_flank_req	no_flank_req	no_flank_req	no_flank_req
Ascomycota:MATsc	GCA_025383845.1_ASM2538384v1	cap6_f7b9773	MATALPHA1:97.5:polished_agree;MATALPHA2:100.0:polished_agree	CP088331.1	MATALPHA1:97.5:polished_agree;MATA1:99.21:polished_agree;MATALPHA2:100.0:polished_agree;MATA2:100.0:polished_agree	109500		MATa	idiomorph_gene_only	100.0	4	high	high	True	108188		high	high	high	no_flank_req	no_flank_req	no_flank_req	no_flank_req
Ascomycota:MATsc	GCA_025383845.1_ASM2538384v1	cap6_f7b9773	MATA2:100.0:polished_agree	CP088331.1	MATALPHA1:99.43:polished_agree;MATALPHA2:100.0:polished_agree;MATA2:100.0:polished_agree	289164		MATalpha	idiomorph_gene_only	100.0	3	medium	medium	True	287747		medium	high	medium	core_not_found	no_flank_req	core_not_found	core_not_found
Ascomycota:MAT	GCA_025503055.1_ASM2550305v1	cap6_f7b9773	MAT1-2-1:42.857:not_polish_candidate	JAMFQS010000080.1	MAT1-1-3:37.78:polished_single;MAT1-2-1:42.857:not_polish_candidate;MAT1-1-2:40.0:unpolished;MAT1-1-1:42.59:polished_single	36112	APN2;COX13;SLA2	MAT1-1	mat_locus	42.857	5	medium	medium	True	15570	MAT1-1-2	medium	medium	medium	unpolished	unpolished	unpolished	unpolished
Ascomycota:MATsc	GCA_025531735.1_ASM2553173v1	cap6_f7b9773		JAMYHB010000436.1	MATA2:37.037:unpolished;MATA1:48.05:polished_agree	6102	sla2	MATa	mat_locus		2	medium	medium	True	836	MATA2	medium	medium	medium	unpolished	unpolished	unpolished	unpolished
Ascomycota:MATsc	GCA_025531735.1_ASM2553173v1	cap6_f7b9773	MATA2:42.39:polished_single	JAMYHB010000690.1	MATALPHA1:39.62:polished_single;MATA2:42.39:polished_single;MATALPHA2:37.17:polished_single	4616		MATalpha	idiomorph_gene_only	42.39	3	medium	medium	True	410		medium	high	high	core_not_found	no_flank_req	no_flank_req	core_not_found
Ascomycota:MAT	GCA_025742355.1_Cglycines_RA-1	cap6_f7b9773	MAT1-1-3:36.735:not_polish_candidate	JAMXIK010000002.1	MAT1-2-1:37.07:polished_single;MAT1-1-3:36.735:not_polish_candidate	993668	APN2;COX13	MAT1-2	mat_locus	36.735	3	high	high	True	988482		high	high	high	flank_ok	flank_ok	flank_ok	flank_ok
Ascomycota:MAT	GCA_025802115.2_ASM2580211v2	cap6_f7b9773		JAOYNC020110414.1	MAT1-1-2:35.0:unpolished;MAT1-1-1:46.53:polished_disagree	16481	SLA2	MAT1-1	partial_locus		2	medium	medium	True	8091	MAT1-1-2	medium	medium	medium	unpolished	unpolished	unpolished	unpolished
Ascomycota:MAT	GCA_025802115.2_ASM2580211v2	cap6_f7b9773	MAT1-1-3:40.0:not_polish_candidate	JAOYNC020059261.1	MAT1-2-1:67.89:polished_disagree;MAT1-1-3:40.0:not_polish_candidate;MAT1-2-4:42.15:polished_single	32626	APN2;COX13;SLA2	MAT1-2	mat_locus	40.0	5	high	high	True	22395		high	high	high	flank_ok	flank_ok	flank_ok	flank_ok
Ascomycota:MAT	GCA_026023515.1_ASM2602351v1	cap6_f7b9773	MAT1-2-1:34.62:polished_single	JAPETT010000019.1	MAT1-1-1:40.43:polished_disagree;MAT1-1-5:26.108:unpolished;MAT1-1-3:35.135:not_polish_candidate;MAT1-2-1:34.62:polished_single	301149	APN2;COX13;SLA2	MAT1-1	mat_locus	34.62	5	medium	medium	True	262315	MAT1-1-5	medium	medium	medium	unpolished	unpolished	unpolished	unpolished
Ascomycota:MAT	GCA_026023555.1_ASM2602355v1	cap6_f7b9773	MAT1-1-1:31.25:not_polish_candidate;MAT1-1-3:33.333:not_polish_candidate	JAPETR010000115.1	MAT1-1-1:31.25:not_polish_candidate;MAT1-1-3:33.333:not_polish_candidate;MAT1-2-1:43.18:polished_disagree	60128	APN2;COX13	MAT1-2	mat_locus	33.333	3	high	high	True	54070		high	high	high	flank_ok	flank_ok	flank_ok	flank_ok
Ascomycota:MAT	GCA_026027315.1_ASM2602731v1	cap6_f7b9773	MAT1-1-3:28.261:not_polish_candidate	JAPEUA010000057.1	MAT1-2-1:61.06:polished_disagree;MAT1-1-3:28.261:not_polish_candidate	41130	APN2;COX13;SLA2	MAT1-2	mat_locus	28.261	4	high	high	True	6134		high	high	high	flank_ok	flank_ok	flank_ok	flank_ok
Ascomycota:MAT	GCA_026027315.1_ASM2602731v1	cap6_f7b9773		JAPEUA010001018.1	MAT1-1-1:44.44:polished_disagree;MAT1-1-4:45.0:polished_single;MAT1-1-5:26.712:unpolished	6473	APN2	MAT1-1	partial_locus		3	medium	medium	True	2243	MAT1-1-5	medium	medium	medium	unpolished	unpolished	unpolished	unpolished
Ascomycota:MAT	GCA_026054615.1_ASM2605461v1	cap6_f7b9773	MAT1-2-1:41.62:polished_disagree	JAPETX010000099.1	MAT1-1-1:47.56:polished_disagree;MAT1-2-1:41.62:polished_disagree;MAT1-1-3:30.0:not_polish_candidate	9694	SLA2	MAT1-1	mat_locus	41.62	3	high	high	True	850		high	high	high	flank_ok	flank_ok	flank_ok	flank_ok
Ascomycota:MATsc	GCA_026545255.1_WickAnom_M2_INAB_v1	cap6_f7b9773		JAOBAW010000006.1	MATA1:63.64:polished_single	341815	sla2	MATa	partial_locus		2	medium	medium	True	336542		medium	medium	medium	core_not_found	core_not_found	core_not_found	core_not_found
Ascomycota:MAT	GCA_026745395.1_ASM2674539v1	cap6_f7b9773	MAT1-1-3:27.473:not_polish_candidate	JAOYNU010106665.1	MAT1-2-1:45.0:polished_single;MAT1-1-3:27.473:not_polish_candidate	36814	APN2;COX13;SLA2	MAT1-2	mat_locus	27.473	3	medium	medium	True	26935	COX13	medium	medium	medium	unpolished	unpolished	unpolished	unpolished
Ascomycota:MAT	GCA_027946365.1_ASM2794636v1	cap6_f7b9773		JAPEUQ010000020.1	MAT1-1-1:33.12:polished_single;MAT1-1-3:26.882:unpolished	264705	APN2	MAT1-1	partial_locus		2	medium	medium	True	235891	MAT1-1-3	medium	medium	medium	unpolished	unpolished	unpolished	unpolished
Ascomycota:MAT	GCA_028476805.1_ASM2847680v1	cap6_f7b9773		JAQGEP010000048.1	MAT1-1-1:36.03:polished_single	128197	APN2	MAT1-1	partial_locus		2	medium	medium	True	124348		medium	medium	medium	flank_ok+partial	flank_ok+partial	flank_ok+partial	flank_ok+partial
Ascomycota:MAT	GCA_028984885.1_ASM2898488v1	cap6_f7b9773	MAT1-1-1:36.957:unpolished	JAQGDS010000001.1	MAT1-2-1:42.857:unpolished;MAT1-1-1:36.957:unpolished	1335205	APN2;COX13	MAT1-2	mat_locus	36.957	2	medium	medium	True	1320279	MAT1-1-1;MAT1-2-1	medium	medium	medium	unpolished	unpolished	unpolished	unpolished
Ascomycota:MTL	GCA_029290875.1_ASM2929087v1	cap6_f7b9773		DAGWRA010000020.1	MTLA2:37.14:polished_disagree	143847	OBP1;PAP1;PIK1	A	partial_locus		4	medium	medium	True	85498		medium	medium	medium	core_not_found	core_not_found	core_not_found	core_not_found
Ascomycota:MAT	GCA_029339225.1_ASM2933922v1	cap6_f7b9773	MAT1-1-3:35.484:not_polish_candidate	JAQQPM010000009.1	MAT1-2-1:44.57:polished_agree;MAT1-1-3:35.484:not_polish_candidate	926022	APN2;COX13;SLA2	MAT1-2	mat_locus	35.484	4	high	high	True	916136		high	high	high	flank_ok	flank_ok	flank_ok	flank_ok
Ascomycota:MATsc	GCA_029403705.1_ASM2940370v1	cap6_f7b9773	MATA2:100.0:polished_agree	CP080605.1	MATA2:100.0:polished_agree;MATALPHA2:100.0:polished_agree;MATALPHA1:99.43:polished_agree	14490		MATalpha	idiomorph_gene_only	100.0	3	medium	medium	True	13073		medium	high	medium	core_not_found	no_flank_req	core_not_found	core_not_found
Ascomycota:MATsc	GCA_029403705.1_ASM2940370v1	cap6_f7b9773	MATALPHA2:100.0:polished_agree;MATALPHA1:97.5:polished_agree	CP080605.1	MATA2:100.0:polished_agree;MATALPHA2:100.0:polished_agree;MATA1:99.2:polished_agree;MATALPHA1:97.5:polished_agree	194151		MATa	idiomorph_gene_only	100.0	4	high	high	True	192840		high	high	high	no_flank_req	no_flank_req	no_flank_req	no_flank_req
Ascomycota:MATsc	GCA_029403705.1_ASM2940370v1	cap6_f7b9773	MATALPHA2:99.46:polished_agree;MATALPHA1:97.5:polished_agree	CP080605.1	MATA2:99.167:not_polish_candidate;MATALPHA2:99.46:polished_agree;MATA1:99.19:polished_agree;MATALPHA1:97.5:polished_agree	288007		MATa	idiomorph_gene_only	99.46	3	medium	medium	True	286695		medium	low	medium	core_not_found	core_not_found	core_not_found	core_not_found
Ascomycota:MATsc	GCA_029747685.1_ASM2974768v1	cap6_f7b9773		JALMRP010000197.1	MATA2:100.0:polished_agree;MATALPHA2:100.0:polished_agree	15549		undetermined	idiomorph_gene_only		2	medium	medium	True	14811		medium	medium	medium	core_not_found	core_not_found	core_not_found	core_not_found
Ascomycota:MATsc	GCA_030034875.1_ASM3003487v1	cap6_f7b9773	MATA2:100.0:polished_agree	CP125433.1	MATA2:100.0:polished_agree;MATALPHA2:100.0:polished_agree;MATALPHA1:90.8:polished_agree	4434		MATalpha	idiomorph_gene_only	100.0	3	medium	medium	True	3016		medium	high	medium	core_not_found	no_flank_req	core_not_found	core_not_found
Ascomycota:MATsc	GCA_030034875.1_ASM3003487v1	cap6_f7b9773	MATA2:100.0:polished_agree	CP125433.1	MATA2:100.0:polished_agree;MATALPHA2:100.0:polished_agree;MATALPHA1:90.29:polished_agree	188574		MATalpha	idiomorph_gene_only	100.0	3	medium	medium	True	187155		medium	high	medium	core_not_found	no_flank_req	core_not_found	core_not_found
Ascomycota:MATsc	GCA_030034875.1_ASM3003487v1	cap6_f7b9773	MATALPHA2:100.0:polished_agree;MATALPHA1:95.0:polished_agree	CP125433.1	MATA2:100.0:polished_agree;MATALPHA2:100.0:polished_agree;MATA1:95.24:polished_disagree;MATALPHA1:95.0:polished_agree	282522		MATa	idiomorph_gene_only	100.0	4	high	high	True	281210		high	high	high	no_flank_req	no_flank_req	no_flank_req	no_flank_req
Ascomycota:MAT	GCA_030052745.1_ASM3005274v1	cap6_f7b9773	MAT1-1-3:34.444:not_polish_candidate	JANBVO010000003.1	MAT1-2-1:39.44:polished_disagree;MAT1-1-3:34.444:not_polish_candidate	254265	APN2;COX13;SLA2	MAT1-2	mat_locus	34.444	4	high	high	True	237949		high	high	high	flank_ok	flank_ok	flank_ok	flank_ok
Ascomycota:MAT	GCA_030247885.1_UCR_JES119	cap6_f7b9773		JAPDRO010000028.1	MAT1-1-4:28.571:unpolished;MAT1-1-1:48.87:polished_disagree	239884	APN2;COX13;SLA2	MAT1-1	mat_locus		4	medium	medium	True	197825	MAT1-1-4	medium	medium	medium	unpolished	unpolished	unpolished	unpolished
Ascomycota:MATsc	GCA_030292175.1_ASM3029217v1	cap6_f7b9773	MATA2:100.0:polished_agree	CP127197.1	MATA2:100.0:polished_agree;MATALPHA2:100.0:polished_agree;MATALPHA1:100.0:polished_agree	14504		MATalpha	idiomorph_gene_only	100.0	3	medium	medium	True	13087		medium	high	medium	core_not_found	no_flank_req	core_not_found	core_not_found
Ascomycota:MATsc	GCA_030292175.1_ASM3029217v1	cap6_f7b9773	MATALPHA2:100.0:polished_agree;MATALPHA1:97.5:polished_agree	CP127197.1	MATA2:100.0:polished_agree;MATALPHA2:100.0:polished_agree;MATA1:96.83:polished_disagree;MATALPHA1:97.5:polished_agree	215245		MATa	idiomorph_gene_only	100.0	4	high	high	True	213933		high	high	high	no_flank_req	no_flank_req	no_flank_req	no_flank_req
Ascomycota:MATsc	GCA_030292175.1_ASM3029217v1	cap6_f7b9773	MATALPHA2:100.0:polished_agree;MATALPHA1:97.5:polished_agree	CP127197.1	MATA2:100.0:polished_agree;MATALPHA2:100.0:polished_agree;MATA1:96.83:polished_disagree;MATALPHA1:97.5:polished_agree	309584		MATa	idiomorph_gene_only	100.0	4	high	high	True	308272		high	high	high	no_flank_req	no_flank_req	no_flank_req	no_flank_req
Ascomycota:MATtub	GCA_030407185.1_ASM3040718v1	cap6_f7b9773		JANJPG010000479.1	MAT1-2-1:38.0:polished_single	5725	APN2	MAT1-2	mat_locus		2	medium	medium	True	796		medium	medium	medium	flank_ok+margin	flank_ok+margin	flank_ok+margin	flank_ok+margin
Ascomycota:MATsc	GCA_030407195.1_ASM3040719v1	cap6_f7b9773	MATALPHA2:36.364:not_polish_candidate	JANJPH010000098.1	MATA2:38.776:unpolished;MATA1:42.59:polished_single;MATALPHA2:36.364:not_polish_candidate	32670	sla2	MATa	mat_locus	36.364	2	medium	medium	True	7586	MATA2	medium	medium	medium	unpolished	unpolished	unpolished	unpolished
Ascomycota:MATyl	GCA_030407195.1_ASM3040719v1	cap6_f7b9773		JANJPH010000098.1	mata1:45.0:unpolished	32670	apn2;sla2	A	mat_locus		2	medium	medium	True	7586	mata1	medium	medium	medium	core_not_found	core_not_found	core_not_found	core_not_found
Ascomycota:MAT	GCA_030407195.1_ASM3040719v1	cap6_f7b9773		JANJPH010000098.1	MAT1-1-3:37.5:unpolished	32670	APN2;SLA2	MAT1-1	partial_locus		2	medium	medium	True	7586	MAT1-1-3	medium	medium	medium	core_not_found	core_not_found	core_not_found	core_not_found
Ascomycota:MATtub	GCA_030407195.1_ASM3040719v1	cap6_f7b9773		JANJPH010000098.1	MAT1-2-1:28.636:unpolished	32670	APN2;SLA2	MAT1-2	mat_locus		2	medium	medium	True	7586	MAT1-2-1	medium	medium	medium	unpolished	unpolished	unpolished	unpolished
Ascomycota:MTL	GCA_030407195.1_ASM3040719v1	cap6_f7b9773		JANJPH010000085.1	MTLA2:28.09:unpolished	33969	OBP1;PAP1	A	partial_locus		2	medium	medium	True	18359	MTLA2	medium	medium	medium	core_not_found	core_not_found	core_not_found	core_not_found
Ascomycota:MAT	GCA_030412595.1_ASM3041259v1	cap6_f7b9773		JAQJCZ010000002.1	MAT1-2-1:25.0:unpolished	1805718	APN2;COX13	MAT1-2	mat_locus		2	medium	medium	True	1784030	MAT1-2-1	medium	medium	medium	unpolished	unpolished	unpolished	unpolished
Ascomycota:MAT	GCA_030450195.1_ASM3045019v1	cap6_f7b9773		JASJSC010000012.1	MAT1-1-5:30.263:unpolished;MAT1-1-1:43.14:polished_single	320979	APN2;COX13;SLA2	MAT1-1	mat_locus		3	medium	medium	True	277972	APN2;MAT1-1-5	medium	medium	medium	unpolished	unpolished	unpolished	unpolished
Ascomycota:MATsc	GCA_030450195.1_ASM3045019v1	cap6_f7b9773	MATA2:29.474:not_polish_candidate;MATA1:31.481:not_polish_candidate	JASJSC010000012.1	MATALPHA2:22.56:polished_single;MATA2:29.474:not_polish_candidate;MATA1:31.481:not_polish_candidate;MATALPHA1:42.03:polished_single	320979	sla2	MATalpha	mat_locus	31.481	3	high	high	True	277972		high	high	high	no_flank_req	no_flank_req	no_flank_req	no_flank_req
Ascomycota:MTL	GCA_030450195.1_ASM3045019v1	cap6_f7b9773		JASJSC010000026.1	MTLA2:49.12:polished_single;MTLA1:54.9:polished_single	83001		A	idiomorph_gene_only		2	high	high	True	45489		high	high	high	no_flank_req	no_flank_req	no_flank_req	no_flank_req
Ascomycota:MAT	GCA_030553385.1_ASM3055338v1	cap6_f7b9773	MAT1-2-1:52.38:polished_disagree	JAUJLD010000103.1	MAT1-1-1:37.43:polished_disagree;MAT1-2-1:52.38:polished_disagree;MAT1-1-3:30.769:not_polish_candidate	131806	APN2;COX13	MAT1-1	mat_locus	52.38	4	high	high	True	116554		high	high	high	flank_ok	flank_ok	flank_ok	flank_ok
Ascomycota:MAT	GCA_030553385.1_ASM3055338v1	cap6_f7b9773	MAT1-1-1:41.67:polished_single;MAT1-1-3:34.286:not_polish_candidate	JAUJLD010000039.1	MAT1-1-1:41.67:polished_single;MAT1-1-3:34.286:not_polish_candidate;MAT1-2-1:48.6:polished_disagree	147132	APN2;COX13	MAT1-2	mat_locus	41.67	4	high	high	True	131631		high	high	high	flank_ok	flank_ok	flank_ok	flank_ok
Ascomycota:MAT	GCA_030555625.1_ASM3055562v1	cap6_f7b9773		JANIWH010000001.1	MAT1-1-1:36.842:unpolished	633908	APN2;SLA2	MAT1-1	mat_locus		2	medium	medium	True	578960	MAT1-1-1	medium	medium	medium	unpolished	unpolished	unpolished	unpolished
Ascomycota:MATtub	GCA_030555625.1_ASM3055562v1	cap6_f7b9773		JANIWH010000001.1	MAT1-1-1:29.688:unpolished	633908	APN2;SLA2	MAT1-1	mat_locus		2	medium	medium	True	578960	MAT1-1-1	medium	medium	medium	unpolished	unpolished	unpolished	unpolished
Ascomycota:MATyl	GCA_030556875.1_ASM3055687v1	cap6_f7b9773		JAKTUV010000016.1	mata1:30.303:unpolished	180263	apn2;sla2	A	mat_locus		2	medium	medium	True	146587	mata1	medium	medium	medium	core_not_found	core_not_found	core_not_found	core_not_found
Ascomycota:MAT	GCA_030556875.1_ASM3055687v1	cap6_f7b9773	MAT1-2-1:31.818:unpolished	JAKTUV010000016.1	MAT1-1-3:30.928:not_polish_candidate;MAT1-2-1:31.818:unpolished	180263	APN2;SLA2	MAT1-1	mat_locus	31.818	2	medium	medium	True	146587	MAT1-2-1	medium	medium	medium	core_not_found	core_not_found	core_not_found	core_not_found
Ascomycota:MATtub	GCA_030556875.1_ASM3055687v1	cap6_f7b9773		JAKTUV010000016.1	MAT1-2-1:31.818:unpolished	180263	APN2;SLA2	MAT1-2	mat_locus		2	medium	medium	True	146587	MAT1-2-1	medium	medium	medium	unpolished	unpolished	unpolished	unpolished
Ascomycota:MATyl	GCA_030557175.1_ASM3055717v1	cap6_f7b9773		JAKTVL010000211.1	mata2:33.333:unpolished;mata1:47.62:polished_single	7606	sla2	A	mat_locus		2	medium	medium	True	751	mata2	medium	medium	medium	unpolished	unpolished	unpolished	unpolished
Ascomycota:MATsc	GCA_030557175.1_ASM3055717v1	cap6_f7b9773		JAKTVL010000211.1	MATA1:60.0:polished_agree	7606	sla2	MATa	partial_locus		2	medium	medium	True	751		medium	medium	medium	core_not_found	core_not_found	core_not_found	core_not_found
Ascomycota:MATsc	GCA_030557175.1_ASM3055717v1	cap6_f7b9773	MATA2:38.61:polished_single	JAKTVL010000070.1	MATA2:38.61:polished_single;MATALPHA2:38.61:polished_single;MATALPHA1:37.31:polished_single	52577	sla2	MATalpha	mat_locus	38.61	3	medium	medium	True	27498	sla2	medium	medium	medium	core_not_found	unpolished	unpolished	core_not_found
Ascomycota:MATsc	GCA_030557345.1_ASM3055734v1	cap6_f7b9773		JAKTOZ010000022.1	MATA1:43.9:polished_disagree;MATA2:24.615:unpolished	228134	sla2	MATa	mat_locus		2	medium	medium	True	223244	MATA2	medium	medium	medium	unpolished	unpolished	unpolished	unpolished
Ascomycota:MTL	GCA_030558145.1_ASM3055814v1	cap6_f7b9773	MTLalpha1:43.42:polished_disagree	JAJMRY010000070.1	MTLalpha1:43.42:polished_disagree;MTLA1:50.0:polished_agree;MTLA2:37.143:unpolished	5944	OBP1	A	mat_locus	43.42	2	medium	medium	True	324	MTLA2;OBP1	medium	medium	medium	unpolished	unpolished	unpolished	unpolished
Ascomycota:MTL	GCA_030558335.1_ASM3055833v1	cap6_f7b9773		JAJMSG010000009.1	MTLA1:52.38:polished_disagree;MTLA2:51.72:polished_single	262296	PIK1	A	mat_locus		2	medium	medium	True	219103	PIK1	medium	medium	medium	unpolished	unpolished	unpolished	unpolished
Ascomycota:MATsc	GCA_030558335.1_ASM3055833v1	cap6_f7b9773	MATALPHA2:23.288:not_polish_candidate	JAJMSG010000009.1	MATA1:44.93:polished_disagree;MATALPHA2:23.288:not_polish_candidate	262296	sla2	MATa	partial_locus	23.288	2	medium	medium	True	219103		medium	medium	medium	core_not_found	core_not_found	core_not_found	core_not_found
Ascomycota:MATyl	GCA_030558335.1_ASM3055833v1	cap6_f7b9773		JAJMSG010000009.1	mata1:50.0:polished_single	262296	sla2	A	partial_locus		2	medium	medium	True	219103		medium	medium	medium	core_not_found	core_not_found	core_not_found	core_not_found
Ascomycota:MAT	GCA_030558825.1_ASM3055882v1	cap6_f7b9773		JAKTQM010000007.1	MAT1-2-1:27.143:unpolished	10793	APN2;SLA2	MAT1-2	mat_locus		2	medium	medium	True	4498	MAT1-2-1	medium	medium	medium	unpolished	unpolished	unpolished	unpolished
Ascomycota:MATtub	GCA_030558825.1_ASM3055882v1	cap6_f7b9773		JAKTQM010000007.1	MAT1-2-1:22.222:unpolished	10793	APN2;SLA2	MAT1-2	mat_locus		2	medium	medium	True	4498	MAT1-2-1	medium	medium	medium	unpolished	unpolished	unpolished	unpolished
Ascomycota:MAT	GCA_030560625.1_ASM3056062v1	cap6_f7b9773		JAKTVP010000079.1	MAT1-1-1:29.333:unpolished	27922	APN2;SLA2	MAT1-1	mat_locus		2	medium	medium	True	15781	MAT1-1-1	medium	medium	medium	unpolished	unpolished	unpolished	unpolished
Ascomycota:MATsc	GCA_030561065.1_ASM3056106v1	cap6_f7b9773	MATA2:37.805:not_polish_candidate;MATA1:30.556:not_polish_candidate	JAKTWI010001458.1	MATALPHA1:42.47:polished_single;MATALPHA2:39.53:polished_disagree;MATA2:37.805:not_polish_candidate;MATA1:30.556:not_polish_candidate	1715		MATalpha	idiomorph_gene_only	37.805	2	medium	medium	True	202		medium	medium	medium	no_flank_req+margin	no_flank_req+margin	no_flank_req+margin	no_flank_req+margin
Ascomycota:MTL	GCA_030561065.1_ASM3056106v1	cap6_f7b9773	MTLA1:30.769:not_polish_candidate	JAKTWI010001458.1	MTLalpha1:42.19:polished_single;MTLalpha2:38.81:polished_single;MTLA1:30.769:not_polish_candidate	1715		alpha	idiomorph_gene_only	30.769	2	medium	medium	True	202		medium	medium	medium	no_flank_req+margin	no_flank_req+margin	no_flank_req+margin	no_flank_req+margin
Ascomycota:MATsc	GCA_030561705.1_ASM3056170v1	cap6_f7b9773	MATALPHA1:30.357:unpolished	JAKTXY010002096.1	MATA2:39.024:unpolished;MATA1:59.32:polished_agree;MATALPHA1:30.357:unpolished	50046	sla2	MATa	mat_locus	30.357	2	medium	medium	True	12418	MATA2;MATALPHA1	medium	medium	medium	core_not_found	unpolished	unpolished	core_not_found
Ascomycota:MATsc	GCA_030561705.1_ASM3056170v1	cap6_f7b9773	MATA2:37.313:not_polish_candidate	JAKTXY010002112.1	MATALPHA1:36.486:unpolished;MATA2:37.313:not_polish_candidate;MATALPHA2:31.25:polished_single	11198	sla2	MATalpha	mat_locus	37.313	2	medium	medium	True	2721	MATALPHA1	medium	medium	medium	unpolished	unpolished	unpolished	unpolished
Ascomycota:MATsc	GCA_030563005.1_ASM3056300v1	cap6_f7b9773		JAKUAP010000035.1	MATA2:41.935:unpolished;MATA1:54.69:polished_disagree	35625	sla2	MATa	mat_locus		2	medium	medium	True	30563	MATA2	medium	medium	medium	unpolished	unpolished	unpolished	unpolished
Ascomycota:MATyl	GCA_030563005.1_ASM3056300v1	cap6_f7b9773		JAKUAP010000035.1	mata2:32.353:unpolished;mata1:46.34:polished_single	35625	sla2	A	mat_locus		2	medium	medium	True	30563	mata2	medium	medium	medium	unpolished	unpolished	unpolished	unpolished
Ascomycota:MATsc	GCA_030564145.1_ASM3056414v1	cap6_f7b9773	MATA2:40.24:polished_single	JAJMLK010000014.1	MATALPHA2:32.203:not_polish_candidate;MATA2:40.24:polished_single;MATALPHA1:40.98:polished_single	55533	sla2	MATalpha	partial_locus	40.24	3	medium	medium	True	40202		medium	medium	medium	core_not_found	core_not_found	core_not_found	core_not_found
Ascomycota:MAT	GCA_030564325.1_ASM3056432v1	cap6_f7b9773		JAJLUL010000195.1	MAT1-1-1:26.316:unpolished	14859	APN2;SLA2	MAT1-1	mat_locus		2	medium	medium	True	4418	MAT1-1-1	medium	medium	medium	unpolished	unpolished	unpolished	unpolished
Ascomycota:MAT	GCA_030564385.1_ASM3056438v1	cap6_f7b9773		JAJLUQ010000034.1	MAT1-1-1:29.412:unpolished	36447	APN2;SLA2	MAT1-1	mat_locus		2	medium	medium	True	26340	MAT1-1-1	medium	medium	medium	unpolished	unpolished	unpolished	unpolished
Ascomycota:MATtub	GCA_030564385.1_ASM3056438v1	cap6_f7b9773		JAJLUQ010000034.1	MAT1-1-1:27.451:unpolished	36447	APN2;SLA2	MAT1-1	mat_locus		2	medium	medium	True	26340	MAT1-1-1	medium	medium	medium	unpolished	unpolished	unpolished	unpolished
Ascomycota:MATtub	GCA_030566855.1_ASM3056685v1	cap6_f7b9773		JAKUBJ010000120.1	MAT1-2-1:37.97:polished_single	18869	APN2	MAT1-2	mat_locus		2	medium	medium	True	16970		medium	medium	medium	flank_ok+margin	flank_ok+margin	flank_ok+margin	flank_ok+margin
Ascomycota:MATsc	GCA_030566895.1_ASM3056689v1	cap6_f7b9773		JAKUBM010000001.1	MATA1:41.98:polished_disagree;MATA2:35.62:polished_single	449445	sla2	MATa	mat_locus		3	medium	medium	True	431250		medium	medium	medium	no_flank_req+margin	no_flank_req+margin	no_flank_req+margin	no_flank_req+margin
Ascomycota:MATsc	GCA_030567895.1_ASM3056789v1	cap6_f7b9773	MATALPHA2:38.889:not_polish_candidate	JAJLTA010000039.1	MATA1:33.33:polished_single;MATALPHA2:38.889:not_polish_candidate	43241	sla2	MATa	partial_locus	38.889	2	medium	medium	True	31318		medium	medium	medium	core_not_found	core_not_found	core_not_found	core_not_found
Ascomycota:MAT	GCA_030568195.1_ASM3056819v1	cap6_f7b9773	MAT1-1-1:35.593:unpolished;MAT1-1-3:54.054:not_polish_candidate	JAJLTO010000001.1	MAT1-1-1:35.593:unpolished;MAT1-2-1:43.902:not_polish_candidate;MAT1-1-3:54.054:not_polish_candidate	245169	APN2;SLA2	MAT1-2	mat_locus	54.054	2	medium	medium	True	187875	MAT1-1-1	high	high	medium	flank_ok	flank_ok	core_not_found	unpolished
Ascomycota:MATtub	GCA_030568195.1_ASM3056819v1	cap6_f7b9773	MAT1-1-1:37.209:unpolished	JAJLTO010000001.1	MAT1-1-1:37.209:unpolished;MAT1-2-1:39.39:polished_single	245169	APN2;SLA2	MAT1-2	partial_locus	37.209	3	medium	medium	True	187875	MAT1-1-1	medium	medium	medium	flank_ok+partial	flank_ok+partial	flank_ok+partial	unpolished
Ascomycota:MAT	GCA_030568255.1_ASM3056825v1	cap6_f7b9773	MAT1-1-1:34.04:polished_single;MAT1-1-3:32.0:not_polish_candidate	JAJLTQ010000008.1	MAT1-1-1:34.04:polished_single;MAT1-2-1:47.5:not_polish_candidate;MAT1-1-3:32.0:not_polish_candidate	277247	APN2;SLA2	MAT1-2	mat_locus	34.04	3	high	high	True	248464		high	high	high	flank_ok	flank_ok	flank_ok	flank_ok
Ascomycota:MATyl	GCA_030568255.1_ASM3056825v1	cap6_f7b9773		JAJLTQ010000008.1	mata1:37.838:unpolished	277238	apn2;sla2	A	mat_locus		2	medium	medium	True	248464	mata1	medium	medium	medium	core_not_found	core_not_found	core_not_found	core_not_found
Ascomycota:MATtub	GCA_030568255.1_ASM3056825v1	cap6_f7b9773		JAJLTQ010000008.1	MAT1-2-1:37.37:polished_single	277247	APN2;SLA2	MAT1-2	mat_locus		3	medium	medium	True	248464		medium	medium	medium	flank_ok+margin	flank_ok+margin	flank_ok+margin	flank_ok+margin
Ascomycota:MAT	GCA_030568335.1_ASM3056833v1	cap6_f7b9773	MAT1-1-1:34.04:polished_single;MAT1-1-3:32.0:not_polish_candidate	JAJLTR010000025.1	MAT1-1-1:34.04:polished_single;MAT1-2-1:47.5:not_polish_candidate;MAT1-1-3:32.0:not_polish_candidate	84449	APN2;COX13;SLA2	MAT1-2	mat_locus	34.04	3	medium	medium	True	53438	COX13	medium	medium	medium	unpolished	unpolished	unpolished	unpolished
Ascomycota:MATyl	GCA_030568335.1_ASM3056833v1	cap6_f7b9773		JAJLTR010000025.1	mata1:37.838:unpolished	84440	apn2;sla2	A	mat_locus		2	medium	medium	True	53438	mata1	medium	medium	medium	core_not_found	core_not_found	core_not_found	core_not_found
Ascomycota:MATtub	GCA_030568335.1_ASM3056833v1	cap6_f7b9773		JAJLTR010000025.1	MAT1-2-1:37.37:polished_single	84449	APN2;SLA2	MAT1-2	mat_locus		3	medium	medium	True	53438		medium	medium	medium	flank_ok+margin	flank_ok+margin	flank_ok+margin	flank_ok+margin
Ascomycota:MATsc	GCA_030569745.1_ASM3056974v1	cap6_f7b9773	MATALPHA2:25.0:not_polish_candidate	JAJMLR010000017.1	MATA1:41.38:polished_agree;MATALPHA2:25.0:not_polish_candidate;MATA2:36.111:unpolished	216227	sla2	MATa	mat_locus	25.0	2	medium	medium	True	192444	MATA2	medium	medium	medium	unpolished	unpolished	unpolished	unpolished
Ascomycota:MTL	GCA_030569745.1_ASM3056974v1	cap6_f7b9773		JAJMLR010000017.1	MTLA1:45.59:polished_disagree;MTLA2:38.46:polished_single	216227		A	idiomorph_gene_only		2	medium	medium	True	192444		medium	medium	medium	no_flank_req+margin	no_flank_req+margin	no_flank_req+margin	no_flank_req+margin
Ascomycota:MATsc	GCA_030572555.1_ASM3057255v1	cap6_f7b9773		JAJMAJ010000003.1	MATA2:25.664:unpolished;MATA1:62.07:polished_agree	195518	sla2	MATa	mat_locus		2	medium	medium	True	116722	MATA2	medium	medium	medium	unpolished	unpolished	unpolished	unpolished
Ascomycota:MTL	GCA_030572555.1_ASM3057255v1	cap6_f7b9773		JAJMAJ010000003.1	MTLA2:43.08:polished_single;MTLA1:55.17:polished_disagree	195518	OBP1	A	mat_locus		2	medium	medium	True	116722	OBP1	medium	medium	medium	unpolished	unpolished	unpolished	unpolished
Ascomycota:MAT	GCA_030572735.1_ASM3057273v1	cap6_f7b9773		JAJMBN010000106.1	MAT1-1-1:26.866:unpolished;MAT1-1-3:33.333:unpolished	46563	APN2;SLA2	MAT1-1	mat_locus		2	medium	medium	True	21004	MAT1-1-1;MAT1-1-3	medium	medium	medium	unpolished	unpolished	unpolished	unpolished
Ascomycota:MTL	GCA_030573575.1_ASM3057357v1	cap6_f7b9773		JAJMDL010000012.1	MTLA1:31.707:unpolished	103430	OBP1;PAP1;PIK1	A	partial_locus		2	medium	medium	True	60204	MTLA1;PIK1	medium	medium	medium	core_not_found	core_not_found	core_not_found	core_not_found
Ascomycota:MATsc	GCA_030573755.1_ASM3057375v1	cap6_f7b9773		JAJMDW010000174.1	MATA2:29.577:unpolished;MATA1:50.0:polished_single	71245	sla2	MATa	mat_locus		2	medium	medium	True	59056	MATA2	medium	medium	medium	unpolished	unpolished	unpolished	unpolished
Ascomycota:MATsc	GCA_030574135.1_ASM3057413v1	cap6_f7b9773		JAJMEM010000026.1	MATA1:50.82:polished_agree	143906	sla2	MATa	partial_locus		2	medium	medium	True	130941		medium	medium	medium	core_not_found	core_not_found	core_not_found	core_not_found
Ascomycota:MTL	GCA_030574175.1_ASM3057417v1	cap6_f7b9773	MTLalpha1:50.79:polished_single	JAJMEN010000065.1	MTLA2:37.78:polished_single;MTLA1:37.23:polished_agree;MTLalpha1:50.79:polished_single	39245	PAP1	A	mat_locus	50.79	3	medium	medium	True	371	PAP1	medium	medium	medium	unpolished	unpolished	unpolished	unpolished
Ascomycota:MATsc	GCA_030574175.1_ASM3057417v1	cap6_f7b9773	MATALPHA1:35.938:unpolished;MATALPHA2:41.176:not_polish_candidate	JAJMEN010000065.1	MATA1:63.64:polished_agree;MATALPHA1:35.938:unpolished;MATA2:36.364:not_polish_candidate;MATALPHA2:41.176:not_polish_candidate	39245	sla2	MATa	mat_locus	41.176	2	medium	medium	True	509	MATALPHA1	medium	medium	medium	core_not_found	core_not_found	core_not_found	core_not_found
Ascomycota:MATyl	GCA_030574175.1_ASM3057417v1	cap6_f7b9773		JAJMEN010000065.1	mata2:31.343:unpolished;mata1:41.18:polished_single	39245	sla2	A	mat_locus		2	medium	medium	True	509	mata2	medium	medium	medium	unpolished	unpolished	unpolished	unpolished
Ascomycota:MAT	GCA_030574475.1_ASM3057447v1	cap6_f7b9773		JAJMFC010000045.1	MAT1-1-1:37.255:unpolished	34412	APN2;SLA2	MAT1-1	mat_locus		2	medium	medium	True	4430	MAT1-1-1	medium	medium	medium	unpolished	unpolished	unpolished	unpolished
Ascomycota:MATsc	GCA_030574595.1_ASM3057459v1	cap6_f7b9773	MATA2:42.7:polished_single	JAJMFI010000625.1	MATALPHA1:47.95:polished_single;MATALPHA2:38.57:polished_single;MATA2:42.7:polished_single	14737	sla2	MATalpha	mat_locus	42.7	4	medium	medium	True	5415		medium	high	high	core_not_found	no_flank_req	no_flank_req	core_not_found
Ascomycota:MTL	GCA_030574595.1_ASM3057459v1	cap6_f7b9773	MTLA1:34.375:unpolished	JAJMFI010000625.1	MTLA1:34.375:unpolished;MTLalpha1:44.3:polished_single;MTLalpha2:42.86:polished_single	14737		alpha	idiomorph_gene_only	34.375	2	medium	medium	True	5415	MTLA1	medium	high	high	core_not_found	no_flank_req	no_flank_req	core_not_found
Ascomycota:MTL	GCA_030574595.1_ASM3057459v1	cap6_f7b9773		JAJMFI010000654.1	MTLA1:50.0:polished_single;MTLA2:43.08:polished_single	7704		A	idiomorph_gene_only		2	high	high	True	2055		high	high	high	no_flank_req	no_flank_req	no_flank_req	no_flank_req
Ascomycota:MATsc	GCA_030574595.1_ASM3057459v1	cap6_f7b9773		JAJMFI010000654.1	MATA1:58.18:polished_single	7704	sla2	MATa	partial_locus		2	medium	medium	True	2055		medium	medium	medium	core_not_found	core_not_found	core_not_found	core_not_found
Ascomycota:MATsc	GCA_030574675.1_ASM3057467v1	cap6_f7b9773		JAJMFK010000001.1	MATA2:43.75:unpolished;MATA1:52.73:polished_disagree	536260	sla2	MATa	mat_locus		2	medium	medium	True	462974	MATA2	medium	medium	medium	unpolished	unpolished	unpolished	unpolished
Ascomycota:MATsc	GCA_030574695.1_ASM3057469v1	cap6_f7b9773	MATA2:31.111:not_polish_candidate	JAJMFH010000094.1	MATALPHA1:36.84:polished_single;MATALPHA2:43.75:not_polish_candidate;MATA2:31.111:not_polish_candidate	15205	sla2	MATalpha	mat_locus	31.111	2	medium	medium	True	8091		medium	medium	medium	core_not_found	no_flank_req+margin	no_flank_req+margin	core_not_found
Ascomycota:MATsc	GCA_030574875.1_ASM3057487v1	cap6_f7b9773		JAJMFM010000007.1	MATA1:56.36:polished_disagree;MATA2:31.395:unpolished	130345	sla2	MATa	mat_locus		2	medium	medium	True	77812	MATA2	medium	medium	medium	unpolished	unpolished	unpolished	unpolished
Ascomycota:MTL	GCA_030574875.1_ASM3057487v1	cap6_f7b9773	MTLalpha1:37.5:unpolished	JAJMFM010000007.1	MTLalpha1:37.5:unpolished;MTLA1:42.68:polished_disagree;MTLA2:36.84:polished_single	130345	PAP1	A	mat_locus	37.5	2	medium	medium	True	77812	MTLalpha1;PAP1	medium	medium	medium	unpolished	unpolished	unpolished	unpolished
Ascomycota:MAT	GCA_030575175.1_ASM3057517v1	cap6_f7b9773		JAJMIH010000041.1	MAT1-2-1:34.0:unpolished	80862	APN2;SLA2	MAT1-2	mat_locus		2	medium	medium	True	19452	MAT1-2-1	medium	medium	medium	unpolished	unpolished	unpolished	unpolished
Ascomycota:MATyl	GCA_030575175.1_ASM3057517v1	cap6_f7b9773		JAJMIH010000041.1	mata2:29.31:unpolished	80862	apn2;sla2	A	mat_locus		2	medium	medium	True	19452	mata2	medium	medium	medium	core_not_found	core_not_found	core_not_found	core_not_found
Ascomycota:PM	GCA_030575175.1_ASM3057517v1	cap6_f7b9773	matMc:37.08:polished_single	JAJMIH010000089.1	matMc:37.08:polished_single;matPi:43.84:polished_single	28524		P	idiomorph_gene_only	37.08	2	medium	medium	True	22690		medium	low	low	core_not_found	isolated	isolated	core_not_found
Ascomycota:MATyl	GCA_030575195.1_ASM3057519v1	cap6_f7b9773		JAJMIE010000008.1	mata1:29.73:unpolished	149841	apn2;sla2	A	mat_locus		2	medium	medium	True	135154	mata1	medium	medium	medium	core_not_found	core_not_found	core_not_found	core_not_found
Ascomycota:MTL	GCA_030575215.1_ASM3057521v1	cap6_f7b9773		JAJMII010000120.1	MTLalpha1:52.38:polished_disagree;MTLalpha2:22.15:polished_single	1764		alpha	idiomorph_gene_only		2	high	high	True	8		high	high	high	no_flank_req	no_flank_req	no_flank_req	no_flank_req
Ascomycota:MATsc	GCA_030575215.1_ASM3057521v1	cap6_f7b9773	MATA2:37.89:polished_single	JAJMII010000120.1	MATALPHA1:35.8:polished_single;MATA2:37.89:polished_single;MATALPHA2:29.080000000000002:polished_single	1878		MATalpha	idiomorph_gene_only	37.89	3	medium	medium	True	8		medium	high	high	core_not_found	no_flank_req	no_flank_req	core_not_found
Ascomycota:MTL	GCA_030575215.1_ASM3057521v1	cap6_f7b9773		JAJMII010000111.1	MTLA1:46.51:polished_single;MTLA2:46.3:polished_single	1916		A	idiomorph_gene_only		2	high	high	True	8		high	high	high	no_flank_req	no_flank_req	no_flank_req	no_flank_req
Ascomycota:MATsc	GCA_030579035.1_ASM3057903v1	cap6_f7b9773		JAKTZZ010000030.1	MATA1:61.11:polished_disagree	38044	sla2	MATa	partial_locus		2	medium	medium	True	33190		medium	medium	medium	core_not_found	core_not_found	core_not_found	core_not_found
Ascomycota:MATsc	GCA_030579615.1_ASM3057961v1	cap6_f7b9773	MATALPHA1:35.849:unpolished;MATALPHA2:33.333:not_polish_candidate	JAKTRI010000005.1	MATA2:41.86:polished_single;MATALPHA1:35.849:unpolished;MATA1:43.478:not_polish_candidate;MATALPHA2:33.333:not_polish_candidate	38447	sla2	MATa	mat_locus	35.849	2	medium	medium	True	9416	MATALPHA1	high	high	high	no_flank_req	no_flank_req	no_flank_req	unpolished
Ascomycota:MATsc	GCA_030581615.1_ASM3058161v1	cap6_f7b9773		JAKTTT010000031.1	MATALPHA1:37.84:polished_single	212683	sla2	MATalpha	partial_locus		2	medium	medium	True	167477		medium	medium	medium	core_not_found	core_not_found	core_not_found	core_not_found
Ascomycota:MTL	GCA_030583325.1_ASM3058332v1	cap6_f7b9773	MTLA1:38.776:unpolished;MTLA2:39.51:polished_single	JAJMHY010000050.1	MTLA1:38.776:unpolished;MTLA2:39.51:polished_single;MTLalpha2:36.364:not_polish_candidate;MTLalpha1:50.0:polished_single	56945		alpha	idiomorph_gene_only	39.51	2	medium	medium	True	40055	MTLA1	high	high	high	no_flank_req	no_flank_req	no_flank_req	unpolished
Ascomycota:MAT	GCA_030583505.1_ASM3058350v1	cap6_f7b9773		JAJMIF010000016.1	MAT1-2-1:32.759:unpolished	123125	APN2;SLA2	MAT1-2	mat_locus		2	medium	medium	True	96725	MAT1-2-1	medium	medium	medium	unpolished	unpolished	unpolished	unpolished
Ascomycota:MAT	GCA_030585005.1_ASM3058500v1	cap6_f7b9773		JAJMCE010000186.1	MAT1-1-1:34.783:unpolished	10962	APN2;SLA2	MAT1-1	mat_locus		2	medium	medium	True	2943	MAT1-1-1	medium	medium	medium	unpolished	unpolished	unpolished	unpolished
Ascomycota:MAT	GCA_030772445.1_ASM3077244v1	cap6_f7b9773		JAPHCH010000069.1	MAT1-1-1:59.34:polished_single	97730	APN2;COX13	MAT1-1	mat_locus		3	high	high	True	89140		high	high	high	flank_ok	flank_ok	flank_ok	flank_ok
Ascomycota:MTL	GCA_031125185.1_ASM3112518v1	cap6_f7b9773	MTLA1:38.776:unpolished;MTLA2:38.16:polished_single	JASTUF010000406.1	MTLA1:38.776:unpolished;MTLA2:38.16:polished_single;MTLalpha2:36.364:not_polish_candidate;MTLalpha1:50.0:polished_single	10252		alpha	idiomorph_gene_only	38.776	2	medium	medium	True	114	MTLA1	high	high	high	no_flank_req	no_flank_req	no_flank_req	unpolished
Ascomycota:MTL	GCA_031125485.1_ASM3112548v1	cap6_f7b9773		JASTUL010000009.1	MTLA1:46.51:polished_single;MTLA2:46.3:polished_single	1794		A	idiomorph_gene_only		2	high	high	True	246		high	high	high	no_flank_req	no_flank_req	no_flank_req	no_flank_req
Ascomycota:MTL	GCA_031125485.1_ASM3112548v1	cap6_f7b9773		JASTUL010000111.1	MTLalpha2:22.15:polished_single;MTLalpha1:52.38:polished_disagree	2715		alpha	idiomorph_gene_only		2	high	high	True	1497		high	high	high	no_flank_req	no_flank_req	no_flank_req	no_flank_req
Ascomycota:MATsc	GCA_031125485.1_ASM3112548v1	cap6_f7b9773	MATA2:37.89:polished_single	JASTUL010000111.1	MATALPHA2:29.080000000000002:polished_single;MATA2:37.89:polished_single;MATALPHA1:35.8:polished_single	2715		MATalpha	idiomorph_gene_only	37.89	3	medium	medium	True	1383		medium	high	high	core_not_found	no_flank_req	no_flank_req	core_not_found
Ascomycota:MAT	GCA_031125595.1_ASM3112559v1	cap6_f7b9773		JASTUX010000026.1	MAT1-1-1:42.593:unpolished	116290	APN2;COX13;SLA2	MAT1-1	mat_locus		2	medium	medium	True	70693	APN2;MAT1-1-1	medium	medium	medium	unpolished	unpolished	unpolished	unpolished
Ascomycota:MTL	GCA_031125595.1_ASM3112559v1	cap6_f7b9773		JASTUX010000026.1	MTLalpha1:28.65:polished_disagree;MTLalpha2:19.53:polished_single	116290	PIK1	alpha	mat_locus		2	medium	medium	True	70693	PIK1	medium	medium	medium	unpolished	unpolished	unpolished	unpolished
Ascomycota:MATsc	GCA_031125595.1_ASM3112559v1	cap6_f7b9773	MATA2:35.0:polished_disagree;MATA1:27.5:unpolished	JASTUX010000026.1	MATALPHA1:39.44:polished_single;MATA2:35.0:polished_disagree;MATALPHA2:39.394:not_polish_candidate;MATA1:27.5:unpolished	116290	sla2	MATalpha	mat_locus	35.0	3	medium	medium	True	70693	MATA1	medium	medium	medium	core_not_found	core_not_found	core_not_found	core_not_found
Ascomycota:MAT	GCA_031125765.1_ASM3112576v1	cap6_f7b9773		JASTVC010000035.1	MAT1-1-2:31.25:unpolished;MAT1-1-1:43.75:unpolished	88744	COX13;SLA2	MAT1-1	mat_locus		2	medium	medium	True	10715	MAT1-1-1;MAT1-1-2	medium	medium	medium	unpolished	unpolished	unpolished	unpolished
Ascomycota:MTL	GCA_031126305.1_ASM3112630v1	cap6_f7b9773		JASTUP010000673.1	MTLalpha1:42.34:polished_single;MTLalpha2:22.93:polished_single	3907		alpha	idiomorph_gene_only		2	high	high	True	2307		high	high	high	no_flank_req	no_flank_req	no_flank_req	no_flank_req
Ascomycota:MATsc	GCA_031126305.1_ASM3112630v1	cap6_f7b9773	MATA2:32.26:polished_single	JASTUP010000673.1	MATALPHA1:37.33:polished_single;MATALPHA2:30.928:not_polish_candidate;MATA2:32.26:polished_single	3907		MATalpha	idiomorph_gene_only	32.26	2	medium	medium	True	2307		medium	low	low	core_not_found	core_not_found	core_not_found	core_not_found
Ascomycota:MAT	GCA_031142775.1_ASM3114277v1	cap6_f7b9773	MAT1-2-1:33.333:not_polish_candidate	JAVBIV010000002.1	MAT1-1-3:25.51:not_polish_candidate;MAT1-1-1:38.095:unpolished;MAT1-2-1:33.333:not_polish_candidate	1323659	APN2;COX13;SLA2	MAT1-1	mat_locus	33.333	3	medium	medium	True	1313320	MAT1-1-1	medium	medium	medium	unpolished	unpolished	unpolished	unpolished
Ascomycota:MAT	GCA_031310005.1_ASM3131000v1	cap6_f7b9773		CM062383.1	MAT1-2-1:42.424:unpolished	1304918	APN2;COX13	MAT1-2	mat_locus		2	medium	medium	True	1296513	MAT1-2-1	medium	medium	medium	unpolished	unpolished	unpolished	unpolished
Ascomycota:MAT	GCA_032357745.1_ASM3235774v1	cap6_f7b9773	MAT1-2-1:26.389:not_polish_candidate	JAOTMB010000044.1	MAT1-1-4:27.673:unpolished;MAT1-2-1:26.389:not_polish_candidate;MAT1-1-1:34.68:polished_single	8875	SLA2	MAT1-1	partial_locus	26.389	2	medium	medium	True	1259	MAT1-1-4	medium	medium	medium	unpolished	unpolished	unpolished	unpolished
Ascomycota:MAT	GCA_033220655.1_ASM3322065v1	cap6_f7b9773	MAT1-1-3:20.968:not_polish_candidate	WVTA01000001.1	MAT1-1-3:20.968:not_polish_candidate;MAT1-2-1:36.89:polished_single	1549282	APN2;COX13	MAT1-2	mat_locus	20.968	3	medium	medium	True	1520153		medium	high	high	core_not_found	flank_ok	flank_ok	core_not_found
Ascomycota:MAT	GCA_034509035.1_ASM3450903v1	cap6_f7b9773	MAT1-1-3:36.364:not_polish_candidate	JAWXCT010000141.1	MAT1-2-1:53.0:polished_single;MAT1-1-3:36.364:not_polish_candidate	65832	APN2;COX13	MAT1-2	mat_locus	36.364	3	high	high	True	50875		high	high	high	flank_ok	flank_ok	flank_ok	flank_ok
Ascomycota:MATyl	GCA_034642105.1_ASM3464210v1	cap6_f7b9773		JAWWNC010000004.1	mata2:100.0:polished_agree;mata1:100.0:polished_agree	984471	apn2;sla2	A	mat_locus		4	high	high	True	977724		high	high	high	flank_ok	flank_ok	flank_ok	flank_ok
Ascomycota:MAT	GCA_035926905.1_ASM3592690v1	cap6_f7b9773	MAT1-1-3:33.333:not_polish_candidate	JAVRRJ010000003.1	MAT1-2-1:57.41:polished_disagree;MAT1-1-3:33.333:not_polish_candidate	2110382	APN2;COX13	MAT1-2	mat_locus	33.333	3	high	high	True	2104710		high	high	high	flank_ok	flank_ok	flank_ok	flank_ok
Ascomycota:MAT	GCA_035928665.1_ASM3592866v1	cap6_f7b9773		JAXLPU010000008.1	MAT1-1-1:40.15:polished_single	1107922	APN2;SLA2	MAT1-1	mat_locus		3	high	high	True	1081545		high	high	high	flank_ok	flank_ok	flank_ok	flank_ok
Ascomycota:MAT	GCA_036872635.1_ASM3687263v1	cap6_f7b9773		JAVHNQ010000003.1	MAT1-2-1:56.667:unpolished	2121978	APN2;COX13	MAT1-2	mat_locus		2	medium	medium	True	2110495	MAT1-2-1	medium	medium	medium	unpolished	unpolished	unpolished	unpolished
Ascomycota:MAT	GCA_036872755.1_ASM3687275v1	cap6_f7b9773		JAVHNS010000010.1	MAT1-2-10:27.473:unpolished	372013	APN2;COX13	MAT1-2	partial_locus		2	medium	medium	True	358519	MAT1-2-10	medium	medium	medium	core_not_found	core_not_found	core_not_found	core_not_found
Ascomycota:MAT	GCA_036971165.1_ASM3697116v1	cap6_f7b9773		JAJTTS010000003.1	MAT1-2-1:35.85:polished_single	2514933	APN2;COX13	MAT1-2	mat_locus		3	high	high	True	2503477		high	high	high	flank_ok	flank_ok	flank_ok	flank_ok
Ascomycota:MAT	GCA_036971245.1_ASM3697124v1	cap6_f7b9773		JAJTTW010000008.1	MAT1-1-2:31.667:unpolished	1401256	APN2;COX13	MAT1-1	partial_locus		2	medium	medium	True	1380115	MAT1-1-2	medium	medium	medium	core_not_found	core_not_found	core_not_found	core_not_found
Ascomycota:MAT	GCA_036971255.1_ASM3697125v1	cap6_f7b9773		JAJTTX010000027.1	MAT1-2-10:27.473:unpolished	22700	APN2;COX13	MAT1-2	partial_locus		2	medium	medium	True	9396	MAT1-2-10	medium	medium	medium	core_not_found	core_not_found	core_not_found	core_not_found
Ascomycota:MAT	GCA_036971285.1_ASM3697128v1	cap6_f7b9773	MAT1-2-1:32.653:unpolished	JAJTTZ010000015.1	MAT1-1-1:28.947:unpolished;MAT1-2-1:32.653:unpolished	1471653	APN2;COX13	MAT1-1	mat_locus	32.653	2	medium	medium	True	1452914	MAT1-1-1;MAT1-2-1	medium	medium	medium	unpolished	unpolished	unpolished	unpolished
Ascomycota:MAT	GCA_036971295.1_ASM3697129v1	cap6_f7b9773		JAJTTY010000005.1	MAT1-2-1:28.916:unpolished	358436	APN2;COX13	MAT1-2	mat_locus		2	medium	medium	True	340799	MAT1-2-1	medium	medium	medium	unpolished	unpolished	unpolished	unpolished
Ascomycota:MAT	GCA_036971325.1_ASM3697132v1	cap6_f7b9773		JAJTUA010000003.1	MAT1-1-1:32.203:unpolished	300427	APN2;COX13	MAT1-1	mat_locus		2	medium	medium	True	289601	MAT1-1-1	medium	medium	medium	unpolished	unpolished	unpolished	unpolished
Ascomycota:MAT	GCA_036971385.1_ASM3697138v1	cap6_f7b9773		JAJTUD010000010.1	MAT1-1-1:34.694:unpolished	293016	APN2;COX13	MAT1-1	mat_locus		2	medium	medium	True	284030	MAT1-1-1	medium	medium	medium	unpolished	unpolished	unpolished	unpolished
Ascomycota:MAT	GCA_036971405.1_ASM3697140v1	cap6_f7b9773		JAJTUE010000010.1	MAT1-2-1:53.125:unpolished	329618	APN2;COX13	MAT1-2	mat_locus		2	medium	medium	True	321015	MAT1-2-1	medium	medium	medium	unpolished	unpolished	unpolished	unpolished
Ascomycota:MAT	GCA_036971435.1_ASM3697143v1	cap6_f7b9773		JAKDFA010000013.1	MAT1-2-1:45.238:unpolished	1280614	APN2;COX13	MAT1-2	mat_locus		2	medium	medium	True	1228770	MAT1-2-1	medium	medium	medium	unpolished	unpolished	unpolished	unpolished
Ascomycota:MAT	GCA_036971535.1_ASM3697153v1	cap6_f7b9773	MAT1-1-1:36.957:unpolished	JAJTUG010000022.1	MAT1-1-1:36.957:unpolished;MAT1-2-1:42.857:unpolished	356785	APN2;COX13	MAT1-2	mat_locus	36.957	2	medium	medium	True	341859	MAT1-1-1;MAT1-2-1	medium	medium	medium	unpolished	unpolished	unpolished	unpolished
Ascomycota:MAT	GCA_036971555.1_ASM3697155v1	cap6_f7b9773		JAJTUH010000011.1	MAT1-1-2:25.275:unpolished;MAT1-1-1:38.462:unpolished	398488	APN2;COX13	MAT1-1	mat_locus		2	medium	medium	True	371954	MAT1-1-1;MAT1-1-2	medium	medium	medium	unpolished	unpolished	unpolished	unpolished
Ascomycota:MAT	GCA_036971575.1_ASM3697157v1	cap6_f7b9773		JAJTUI010000009.1	MAT1-1-1:41.463:unpolished	281577	APN2;COX13	MAT1-1	mat_locus		2	medium	medium	True	278087	MAT1-1-1	medium	medium	medium	unpolished	unpolished	unpolished	unpolished
Ascomycota:MAT	GCA_036971655.1_TWF281	cap6_f7b9773		JAVHJN010000012.1	MAT1-2-1:48.387:unpolished	312358	APN2;COX13	MAT1-2	mat_locus		2	medium	medium	True	300759	MAT1-2-1	medium	medium	medium	unpolished	unpolished	unpolished	unpolished
Ascomycota:MAT	GCA_037040375.1_ASM3704037v1	cap6_f7b9773	MAT1-1-3:43.75:not_polish_candidate	JAXQGT010001053.1	MAT1-2-1:57.14:polished_disagree;MAT1-1-3:43.75:not_polish_candidate	8048	APN2;SLA2	MAT1-2	mat_locus	43.75	3	high	high	True	1707		high	high	high	flank_ok	flank_ok	flank_ok	flank_ok
Ascomycota:MTL	GCA_037041065.1_ASM3704106v1	cap6_f7b9773		JAXQHV010000076.1	MTLA1:42.37:polished_single;MTLA2:51.72:polished_single	311882		A	idiomorph_gene_only		2	high	high	True	281945		high	high	high	no_flank_req	no_flank_req	no_flank_req	no_flank_req
Ascomycota:MATsc	GCA_037041065.1_ASM3704106v1	cap6_f7b9773		JAXQHV010000076.1	MATA1:61.02:polished_disagree	311882	sla2	MATa	partial_locus		2	medium	medium	True	281945		medium	medium	medium	core_not_found	core_not_found	core_not_found	core_not_found
Ascomycota:MAT	GCA_037042115.1_ASM3704211v1	cap6_f7b9773		JAXQJU010000475.1	MAT1-1-1:34.426:unpolished	6820	APN2;SLA2	MAT1-1	mat_locus		2	medium	medium	True	4361	MAT1-1-1	medium	medium	medium	unpolished	unpolished	unpolished	unpolished
Ascomycota:MTL	GCA_037042445.1_ASM3704244v1	cap6_f7b9773		JAXQKK010000058.1	MTLA1:42.37:polished_single;MTLA2:51.72:polished_single	39371		A	idiomorph_gene_only		2	high	high	True	9434		high	high	high	no_flank_req	no_flank_req	no_flank_req	no_flank_req
Ascomycota:MATsc	GCA_037042445.1_ASM3704244v1	cap6_f7b9773		JAXQKK010000058.1	MATA1:61.02:polished_disagree	39371	sla2	MATa	partial_locus		2	medium	medium	True	9434		medium	medium	medium	core_not_found	core_not_found	core_not_found	core_not_found
Ascomycota:MAT	GCA_037179295.1_NZFS_809	cap6_f7b9773	MAT1-1-3:31.25:not_polish_candidate;MAT1-1-1:47.06:polished_single	JAKZHP010000011.1	MAT1-2-1:48.42:polished_single;MAT1-1-3:31.25:not_polish_candidate;MAT1-1-1:47.06:polished_single	289990	APN2;COX13;SLA2	MAT1-2	mat_locus	47.06	5	high	high	True	250911		high	high	high	flank_ok	flank_ok	flank_ok	flank_ok
Ascomycota:MTL	GCA_037355565.1_Ssch_CD502	cap6_f7b9773		JBAKGB010000901.1	MTLalpha2:22.45:polished_single;MTLalpha1:39.76:polished_disagree	1871		alpha	idiomorph_gene_only		2	medium	medium	True	722		medium	medium	medium	no_flank_req+margin	no_flank_req+margin	no_flank_req+margin	no_flank_req+margin
Ascomycota:MATsc	GCA_037355565.1_Ssch_CD502	cap6_f7b9773	MATA2:34.339999999999996:polished_single	JBAKGB010000901.1	MATA2:34.339999999999996:polished_single;MATALPHA2:35.714:not_polish_candidate;MATALPHA1:37.14:polished_single	1871		MATalpha	idiomorph_gene_only	34.339999999999996	2	medium	medium	True	722		medium	low	low	core_not_found	core_not_found	core_not_found	core_not_found
Ascomycota:MAT	GCA_038497395.1_Lipokono1	cap6_f7b9773	MAT1-2-1:43.902:not_polish_candidate	MU971340.1	MAT1-1-3:44.118:not_polish_candidate;MAT1-2-1:43.902:not_polish_candidate;MAT1-1-1:39.29:polished_single;MAT1-1-2:34.043:unpolished	350779	APN2;SLA2	MAT1-1	mat_locus	43.902	3	medium	medium	True	257291	MAT1-1-2	medium	medium	medium	unpolished	unpolished	unpolished	unpolished
Ascomycota:MATyl	GCA_038497395.1_Lipokono1	cap6_f7b9773		MU971340.1	mata1:40.541:unpolished	350779	apn2;sla2	A	mat_locus		2	medium	medium	True	257291	mata1	medium	medium	medium	core_not_found	core_not_found	core_not_found	core_not_found
Ascomycota:MATtub	GCA_038497395.1_Lipokono1	cap6_f7b9773		MU971340.1	MAT1-2-1:39.56:polished_single	350779	APN2;SLA2	MAT1-2	mat_locus		3	medium	medium	True	257291		medium	medium	medium	flank_ok+margin	flank_ok+margin	flank_ok+margin	flank_ok+margin
Ascomycota:MAT	GCA_038497425.1_Liptetra1	cap6_f7b9773	MAT1-1-1:34.04:polished_single;MAT1-1-3:32.0:not_polish_candidate	MU968990.1	MAT1-1-1:34.04:polished_single;MAT1-2-1:47.5:not_polish_candidate;MAT1-1-3:32.0:not_polish_candidate	244096	APN2;SLA2	MAT1-2	mat_locus	34.04	3	high	high	True	215332		high	high	high	flank_ok	flank_ok	flank_ok	flank_ok
Ascomycota:MATyl	GCA_038497425.1_Liptetra1	cap6_f7b9773		MU968990.1	mata1:37.838:unpolished	244087	apn2;sla2	A	mat_locus		2	medium	medium	True	215332	mata1	medium	medium	medium	core_not_found	core_not_found	core_not_found	core_not_found
Ascomycota:MATtub	GCA_038497425.1_Liptetra1	cap6_f7b9773		MU968990.1	MAT1-2-1:37.37:polished_single	244096	APN2;SLA2	MAT1-2	mat_locus		3	medium	medium	True	215332		medium	medium	medium	flank_ok+margin	flank_ok+margin	flank_ok+margin	flank_ok+margin
Ascomycota:MAT	GCA_038497925.1_Lst7851_1	cap6_f7b9773	MAT1-2-1:51.22:not_polish_candidate	MU971828.1	MAT1-1-1:41.463:unpolished;MAT1-2-1:51.22:not_polish_candidate;MAT1-1-3:48.649:not_polish_candidate	299933	APN2;SLA2	MAT1-1	mat_locus	51.22	2	medium	medium	True	274502	MAT1-1-1	medium	medium	medium	unpolished	unpolished	unpolished	unpolished
Ascomycota:MATyl	GCA_038497925.1_Lst7851_1	cap6_f7b9773		MU971828.1	mata1:37.838:unpolished	299933	apn2;sla2	A	mat_locus		2	medium	medium	True	274502	mata1	medium	medium	medium	core_not_found	core_not_found	core_not_found	core_not_found
Ascomycota:MATtub	GCA_038497925.1_Lst7851_1	cap6_f7b9773		MU971828.1	MAT1-2-1:40.66:polished_single	299933	APN2;SLA2	MAT1-2	mat_locus		3	medium	medium	True	274502		medium	medium	medium	flank_ok+margin	flank_ok+margin	flank_ok+margin	flank_ok+margin
Ascomycota:MATsc	GCA_039844365.1_ASM3984436v1	cap6_f7b9773	MATA2:100.0:polished_agree	CP156557.1	MATA2:100.0:polished_agree;MATALPHA2:100.0:polished_agree;MATALPHA1:100.0:polished_agree	13481		MATalpha	idiomorph_gene_only	100.0	3	medium	medium	True	12064		medium	high	medium	core_not_found	no_flank_req	core_not_found	core_not_found
Ascomycota:MATsc	GCA_039844365.1_ASM3984436v1	cap6_f7b9773	MATA2:100.0:polished_agree	CP156557.1	MATA2:100.0:polished_agree;MATALPHA2:100.0:polished_agree;MATALPHA1:100.0:polished_agree	218174		MATalpha	idiomorph_gene_only	100.0	3	medium	medium	True	216757		medium	high	medium	core_not_found	no_flank_req	core_not_found	core_not_found
Ascomycota:MATsc	GCA_039844365.1_ASM3984436v1	cap6_f7b9773	MATALPHA2:100.0:polished_agree;MATALPHA1:95.0:polished_disagree	CP156557.1	MATA2:100.0:polished_agree;MATALPHA2:100.0:polished_agree;MATA1:100.0:polished_disagree;MATALPHA1:95.0:polished_disagree	311693		MATa	idiomorph_gene_only	100.0	4	high	high	True	310381		high	high	high	no_flank_req	no_flank_req	no_flank_req	no_flank_req
Ascomycota:MAT	GCA_040333265.2_ASM4033326v2	cap6_f7b9773	MAT1-1-3:37.5:not_polish_candidate	JBEBNI020000118.1	MAT1-1-3:37.5:not_polish_candidate;MAT1-2-1:41.07:polished_single	180377	APN2;COX13	MAT1-2	mat_locus	37.5	3	high	high	True	173048		high	high	high	flank_ok	flank_ok	flank_ok	flank_ok
Ascomycota:MAT	GCA_040333465.2_ASM4033346v2	cap6_f7b9773		JBEBNO020000001.1	MAT1-1-1:31.51:polished_single;MAT1-1-4:40.426:unpolished	8398333	APN2;COX13	MAT1-1	mat_locus		3	medium	medium	True	8366560	MAT1-1-4	medium	medium	medium	unpolished	unpolished	unpolished	unpolished
Ascomycota:MAT	GCA_040369945.1_JCM_9995_assembly_v001	cap6_f7b9773	MAT1-1-3:35.484:not_polish_candidate	BCGV01000002.1	MAT1-2-1:44.66:polished_disagree;MAT1-1-3:35.484:not_polish_candidate	1350295	APN2;COX13;SLA2	MAT1-2	mat_locus	35.484	4	high	high	True	1324322		high	high	high	flank_ok	flank_ok	flank_ok	flank_ok
Ascomycota:MATyl	GCA_040938765.1_ASM4093876v1	cap6_f7b9773		CM081966.1	mata2:100.0:polished_agree;mata1:100.0:polished_agree	1038496	apn2;sla2	A	mat_locus		4	high	high	True	1031749		high	high	high	flank_ok	flank_ok	flank_ok	flank_ok
Ascomycota:MAT	GCA_041228655.1_ASM4122865v1	cap6_f7b9773		JAUPWQ010000004.1	MAT1-1-1:43.85:polished_disagree;MAT1-1-4:26.437:unpolished	486639	APN2;COX13;SLA2	MAT1-1	mat_locus		4	medium	medium	True	470500	MAT1-1-4	medium	medium	medium	unpolished	unpolished	unpolished	unpolished
Ascomycota:MAT	GCA_042366435.1_Acrth1	cap6_f7b9773	MAT1-1-3:37.5:not_polish_candidate;MAT1-1-1:27.907:unpolished	JAZHXJ010000277.1	MAT1-2-1:45.36:polished_disagree;MAT1-1-3:37.5:not_polish_candidate;MAT1-1-1:27.907:unpolished	22333	APN2;SLA2	MAT1-2	mat_locus	37.5	3	medium	medium	True	10866	MAT1-1-1	high	high	high	flank_ok	flank_ok	flank_ok	unpolished
Ascomycota:MAT	GCA_043388505.1_ASM4338850v1	cap6_f7b9773	MAT1-1-1:35.484:unpolished;MAT1-1-3:32.432:not_polish_candidate	JAKTQQ010000040.1	MAT1-1-1:35.484:unpolished;MAT1-2-1:32.18:polished_single;MAT1-1-3:32.432:not_polish_candidate	57512	APN2	MAT1-2	mat_locus	35.484	2	medium	medium	True	27359	MAT1-1-1	high	high	high	flank_ok	flank_ok	flank_ok	unpolished
Ascomycota:MATsc	GCA_043521475.1_ASM4352147v1	cap6_f7b9773	MATA2:42.39:polished_single	JBHFOP010000010.1	MATALPHA1:39.62:polished_single;MATA2:42.39:polished_single;MATALPHA2:37.17:polished_single	55677	sla2	MATalpha	mat_locus	42.39	4	medium	medium	True	47999		medium	high	high	core_not_found	no_flank_req	no_flank_req	core_not_found
Ascomycota:MATsc	GCA_043643545.1_ASM4364354v1	cap6_f7b9773	MATA2:99.16:not_polish_candidate	CM092890.1	MATA2:99.16:not_polish_candidate;MATALPHA2:99.52:polished_agree;MATALPHA1:99.43:polished_agree	20949		MATalpha	idiomorph_gene_only	99.16	2	medium	medium	True	19532		medium	medium	medium	no_flank_req+margin	no_flank_req+margin	no_flank_req+margin	no_flank_req+margin
Ascomycota:MATsc	GCA_043643545.1_ASM4364354v1	cap6_f7b9773	MATA2:100.0:polished_agree	CM092890.1	MATA2:100.0:polished_agree;MATALPHA2:100.0:polished_agree;MATALPHA1:99.43:polished_agree	201247		MATalpha	idiomorph_gene_only	100.0	3	medium	medium	True	199830		medium	high	medium	core_not_found	no_flank_req	core_not_found	core_not_found
Ascomycota:MATsc	GCA_043643545.1_ASM4364354v1	cap6_f7b9773	MATALPHA2:100.0:polished_agree;MATALPHA1:97.5:polished_agree	CM092890.1	MATA2:100.0:polished_agree;MATALPHA2:100.0:polished_agree;MATA1:99.21:polished_disagree;MATALPHA1:97.5:polished_agree	296086		MATa	idiomorph_gene_only	100.0	4	high	high	True	294774		high	high	high	no_flank_req	no_flank_req	no_flank_req	no_flank_req
Ascomycota:MATsc	GCA_043643545.1_ASM4364354v1	cap6_f7b9773	MATALPHA2:100.0:polished_agree;MATALPHA1:97.5:polished_agree	JBIEIP010000017.1	MATA2:100.0:polished_agree;MATALPHA2:100.0:polished_agree;MATA1:99.21:polished_disagree;MATALPHA1:97.5:polished_agree	25678		MATa	idiomorph_gene_only	100.0	4	high	high	True	24366		high	high	high	no_flank_req	no_flank_req	no_flank_req	no_flank_req
Ascomycota:MAT	GCA_046056215.1_ASM4605621v1	cap6_f7b9773	MAT1-1-3:35.294:not_polish_candidate	JBISDC010000038.1	MAT1-2-1:52.27:polished_disagree;MAT1-1-3:35.294:not_polish_candidate	64267	APN2;COX13;SLA2	MAT1-2	mat_locus	35.294	4	high	high	True	50872		high	high	high	flank_ok	flank_ok	flank_ok	flank_ok
Ascomycota:MATsc	GCA_046457515.1_Macr_Wsub_1	cap6_f7b9773	MATA2:37.209:not_polish_candidate	JAIZYX010000002.1	MATALPHA2:31.91:polished_single;MATA2:37.209:not_polish_candidate;MATALPHA1:44.615:unpolished	1805922	sla2	MATalpha	mat_locus	37.209	2	medium	medium	True	1742374	MATALPHA1	medium	medium	medium	unpolished	unpolished	unpolished	unpolished
Ascomycota:MATsc	GCA_046457575.1_Ther_W.ano11_1	cap6_f7b9773		JAIZYZ010000009.1	MATA1:63.64:polished_single	152888	sla2	MATa	partial_locus		2	medium	medium	True	147615		medium	medium	medium	core_not_found	core_not_found	core_not_found	core_not_found
Ascomycota:MAT	GCA_046563265.1_ASM4656326v1	cap6_f7b9773	MAT1-1-3:29.348:not_polish_candidate	JBKFYL010000031.1	MAT1-2-1:43.12:polished_disagree;MAT1-1-3:29.348:not_polish_candidate	239732	APN2;COX13;SLA2	MAT1-2	mat_locus	29.348	4	high	high	True	206348		high	high	high	flank_ok	flank_ok	flank_ok	flank_ok
Ascomycota:MAT	GCA_047671915.1_ASM4767191v1	cap6_f7b9773		JBAMKL010000499.1	MAT1-1-1:29.73:unpolished	16349	APN2;COX13;SLA2	MAT1-1	mat_locus		3	medium	medium	True	3799	MAT1-1-1	medium	medium	medium	unpolished	unpolished	unpolished	unpolished
Ascomycota:MATsc	GCA_047671915.1_ASM4767191v1	cap6_f7b9773		JBAMKL010000648.1	MATA2:39.58:polished_single;MATALPHA2:37.93:polished_single	5716		undetermined	idiomorph_gene_only		2	medium	medium	True	5396		medium	medium	medium	core_not_found	core_not_found	core_not_found	core_not_found
Ascomycota:MAT	GCA_047671935.1_ASM4767193v1	cap6_f7b9773		JBAMKM010000545.1	MAT1-2-1:45.455:unpolished	13554	APN2;COX13;SLA2	MAT1-2	mat_locus		3	medium	medium	True	544	MAT1-2-1	medium	medium	medium	unpolished	unpolished	unpolished	unpolished
Ascomycota:MATtub	GCA_047671935.1_ASM4767193v1	cap6_f7b9773		JBAMKM010000545.1	MAT1-2-1:42.424:unpolished	13439	APN2;SLA2	MAT1-2	mat_locus		2	medium	medium	True	990	MAT1-2-1	medium	medium	medium	unpolished	unpolished	unpolished	unpolished
Ascomycota:MTL	GCA_047716205.1_ASM4771620v1	cap6_f7b9773		JBKKQX010000078.1	MTLA1:55.56:polished_single;MTLA2:43.75:polished_single	32646		A	idiomorph_gene_only		2	high	high	True	291		high	high	high	no_flank_req	no_flank_req	no_flank_req	no_flank_req
Ascomycota:MTL	GCA_047716225.1_ASM4771622v1	cap6_f7b9773		JBKKQW010000153.1	MTLA2:43.75:polished_single;MTLA1:55.56:polished_single	2105		A	idiomorph_gene_only		2	high	high	True	617		high	high	high	no_flank_req	no_flank_req	no_flank_req	no_flank_req
Ascomycota:MAT	GCA_047716655.1_ASM4771665v1	cap6_f7b9773		JBAMJN010000737.1	MAT1-2-1:45.455:unpolished	20268	APN2;COX13	MAT1-2	mat_locus		2	medium	medium	True	13443	MAT1-2-1	medium	medium	medium	unpolished	unpolished	unpolished	unpolished
Ascomycota:MATsc	GCA_047716685.1_ASM4771668v1	cap6_f7b9773		JBAMJO010000854.1	MATALPHA2:39.66:polished_single;MATA2:39.22:polished_single	11167		undetermined	idiomorph_gene_only		2	medium	medium	True	10847		medium	medium	medium	core_not_found	core_not_found	core_not_found	core_not_found
Ascomycota:MAT	GCA_047728055.1_ASM4772805v1	cap6_f7b9773		JBBYDG010000133.1	MAT1-1-1:38.73:polished_disagree	51138	APN2;COX13	MAT1-1	mat_locus		3	high	high	True	42239		high	high	high	flank_ok	flank_ok	flank_ok	flank_ok
Ascomycota:MAT	GCA_047839845.1_ASM4783984v1	cap6_f7b9773		JBCINM010000079.1	MAT1-1-1:38.73:polished_disagree	31476	APN2;COX13	MAT1-1	mat_locus		3	high	high	True	22582		high	high	high	flank_ok	flank_ok	flank_ok	flank_ok
Ascomycota:MAT	GCA_047844905.1_ASM4784490v1	cap6_f7b9773		JBCISX010000156.1	MAT1-1-1:38.73:polished_disagree	45652	APN2;COX13	MAT1-1	mat_locus		3	high	high	True	36753		high	high	high	flank_ok	flank_ok	flank_ok	flank_ok
Ascomycota:MAT	GCA_049307695.1_EMGR_V1	cap6_f7b9773	MAT1-1-3:28.099:not_polish_candidate	JBMIHJ010000012.1	MAT1-2-4:98.78:polished_disagree;CIMG_00407:23.077:unpolished;MAT1-2-1:97.81:polished_disagree;MAT1-1-3:28.099:not_polish_candidate	129824	APN2;COX13;SLA2	MAT1-2	mat_locus	28.099	5	medium	medium	True	99298	CIMG_00407	medium	medium	medium	unpolished	unpolished	unpolished	unpolished
Ascomycota:MAT	GCA_049996175.1_ASM4999617v1	cap6_f7b9773		JBAWTN010000008.1	MAT1-1-1:46.01:polished_disagree	399065	APN2;COX13	MAT1-1	mat_locus		2	medium	medium	True	369285	COX13	medium	medium	medium	unpolished	unpolished	unpolished	unpolished
Ascomycota:MAT	GCA_049996355.1_ASM4999635v1	cap6_f7b9773	MAT1-1-3:36.0:not_polish_candidate	JBAWTW010000003.1	MAT1-2-1:40.93:polished_disagree;MAT1-1-3:36.0:not_polish_candidate	3508948	APN2;COX13;SLA2	MAT1-2	mat_locus	36.0	4	high	high	True	3496518		high	high	high	flank_ok	flank_ok	flank_ok	flank_ok
Ascomycota:MATsc	GCA_050230685.1_HoccT2T	cap6_f7b9773		CM114667.1	MATALPHA1:38.89:polished_single	362257	sla2	MATalpha	partial_locus		2	medium	medium	True	342226		medium	medium	medium	core_not_found	core_not_found	core_not_found	core_not_found
Ascomycota:MAT	GCA_050273025.1_ASM5027302v1	cap6_f7b9773	MAT1-2-1:47.619:unpolished	CP158638.1	MAT1-2-1:47.619:unpolished;MAT1-1-4:25.405:unpolished;MAT1-1-1:42.74:polished_single	10927470	APN2;COX13	MAT1-1	mat_locus	47.619	3	medium	medium	True	10915999	MAT1-1-4;MAT1-2-1	medium	medium	medium	unpolished	unpolished	unpolished	unpolished
Ascomycota:MAT	GCA_050613695.1_ASM5061369v1	cap6_f7b9773	MAT1-1-3:33.962:not_polish_candidate	JBNDYI010000007.1	MAT1-2-1:47.73:polished_disagree;MAT1-1-3:33.962:not_polish_candidate	52030	APN2;COX13;SLA2	MAT1-2	mat_locus	33.962	4	high	high	True	6174		high	high	high	flank_ok	flank_ok	flank_ok	flank_ok
Ascomycota:MAT	GCA_051938765.1_ASM5193876v1	cap6_f7b9773	MAT1-1-3:41.176:not_polish_candidate	CM123377.1	MAT1-2-1:42.86:polished_disagree;MAT1-1-3:41.176:not_polish_candidate	1353250	APN2;COX13;SLA2	MAT1-2	mat_locus	41.176	4	medium	medium	True	1309843		medium	high	high	core_not_found	flank_ok	flank_ok	core_not_found
Ascomycota:MAT	GCA_051942085.1_KEW_Pyoc	cap6_f7b9773	MAT1-1-3:28.571:not_polish_candidate	JAVECT010000007.1	MAT1-2-1:31.62:polished_single;MAT1-1-3:28.571:not_polish_candidate	76302	SLA2	MAT1-2	partial_locus	28.571	2	medium	medium	True	69282		medium	medium	medium	flank_ok+partial	flank_ok+partial	flank_ok+partial	flank_ok+partial
Ascomycota:MAT	GCA_051942165.1_KEW_Cica	cap6_f7b9773		JAVECS010000011.1	MAT1-1-1:47.33:polished_disagree;MAT1-1-4:24.845:unpolished;MAT1-1-5:21.714:unpolished	44333	APN2;COX13;SLA2	MAT1-1	mat_locus		4	medium	medium	True	30232	MAT1-1-4;MAT1-1-5	medium	medium	medium	unpolished	unpolished	unpolished	unpolished
Ascomycota:MAT	GCA_051942165.1_KEW_Cica	cap6_f7b9773	MAT1-1-3:36.364:not_polish_candidate	JAVECS010001956.1	MAT1-2-1:42.67:polished_disagree;MAT1-1-3:36.364:not_polish_candidate	3341	APN2	MAT1-2	partial_locus	36.364	2	medium	medium	True	639		medium	medium	medium	flank_ok+partial	flank_ok+partial	flank_ok+partial	flank_ok+partial
Ascomycota:MAT	GCA_051942775.1_ASM5194277v1	cap6_f7b9773	MAT1-1-1:32.17:polished_single;MAT1-1-3:35.135:not_polish_candidate	JBPPNM010000009.1	MAT1-1-1:32.17:polished_single;MAT1-2-1:50.41:polished_disagree;MAT1-1-3:35.135:not_polish_candidate	809055	APN2;COX13	MAT1-2	mat_locus	35.135	4	high	high	True	801607		high	high	high	flank_ok	flank_ok	flank_ok	flank_ok
Ascomycota:MAT	GCA_051996595.1_ASM5199659v1	cap6_f7b9773	MAT1-2-1:42.857:unpolished	JBNOXM010000008.1	MAT1-1-1:51.02:polished_single;MAT1-2-1:42.857:unpolished;MAT1-1-3:41.667:not_polish_candidate	83149	APN2;COX13;SLA2	MAT1-1	mat_locus	42.857	4	medium	medium	True	70964	MAT1-2-1	high	high	high	flank_ok	flank_ok	flank_ok	unpolished
Ascomycota:MAT	GCA_051996655.1_ASM5199665v1	cap6_f7b9773	MAT1-1-3:43.333:not_polish_candidate	JBNOXO010000144.1	MAT1-1-3:43.333:not_polish_candidate;MAT1-2-1:54.32:polished_disagree	9637	APN2;COX13	MAT1-2	mat_locus	43.333	3	high	high	True	4210		high	high	high	flank_ok	flank_ok	flank_ok	flank_ok
Ascomycota:MAT	GCA_052057045.1_ASM5205704v1	cap6_f7b9773	MAT1-1-3:35.135:not_polish_candidate;MAT1-1-1:31.25:unpolished	JBMEYE010000022.1	MAT1-2-1:46.98:polished_disagree;MAT1-1-3:35.135:not_polish_candidate;MAT1-1-1:31.25:unpolished	59119	APN2;COX13;SLA2	MAT1-2	mat_locus	35.135	3	medium	medium	True	32562	MAT1-1-1;SLA2	medium	medium	medium	unpolished	unpolished	unpolished	unpolished
Ascomycota:MAT	GCA_052323615.1_ASM5232361v1	cap6_f7b9773	MAT1-1-3:36.17:not_polish_candidate	JBQMWY010000037.1	MAT1-1-3:36.17:not_polish_candidate;MAT1-2-1:37.63:polished_single	38856	APN2;COX13	MAT1-2	mat_locus	36.17	3	high	high	True	32938		high	high	high	flank_ok	flank_ok	flank_ok	flank_ok
Ascomycota:MATsc	GCA_052576265.1_ASM5257626v1	cap6_f7b9773		JBOOIY010000006.1	MATA1:63.64:polished_single	111157	sla2	MATa	partial_locus		2	medium	medium	True	64724		medium	medium	medium	core_not_found	core_not_found	core_not_found	core_not_found
Ascomycota:MATsc	GCA_053455635.1_ASM5345563v1	cap6_f7b9773		JBQYEW010000016.1	MATA1:58.18:polished_single;MATA2:24.242:unpolished	213883	sla2	MATa	mat_locus		2	medium	medium	True	172216	MATA2	medium	medium	medium	unpolished	unpolished	unpolished	unpolished
Ascomycota:MTL	GCA_053455635.1_ASM5345563v1	cap6_f7b9773		JBQYEW010000016.1	MTLA1:55.0:polished_single;MTLA2:43.08:polished_single	213883		A	idiomorph_gene_only		2	high	high	True	172216		high	high	high	no_flank_req	no_flank_req	no_flank_req	no_flank_req
Ascomycota:MATsc	GCA_054085705.1_DORT_Sapseu_12643	cap6_f7b9773	MATA2:37.838:not_polish_candidate	JBSZQX010000011.1	MATALPHA2:31.6:polished_single;MATA2:37.838:not_polish_candidate;MATALPHA1:36.62:polished_single	675983	sla2	MATalpha	mat_locus	37.838	3	high	high	True	644859		high	high	high	no_flank_req	no_flank_req	no_flank_req	no_flank_req
Ascomycota:MTL	GCA_054085705.1_DORT_Sapseu_12643	cap6_f7b9773		JBSZQX010000011.1	MTLalpha2:38.89:polished_single;MTLalpha1:29.49:polished_single	675983	PIK1	alpha	mat_locus		2	medium	medium	True	644859	PIK1	medium	medium	medium	unpolished	unpolished	unpolished	unpolished
Ascomycota:MAT	GCA_054600435.1_NU230_1.0	cap6_f7b9773	MAT1-1-3:29.688:not_polish_candidate;MAT1-1-1:38.636:unpolished	BAAIJX010000006.1	MAT1-1-3:29.688:not_polish_candidate;MAT1-2-1:55.56:polished_disagree;MAT1-1-1:38.636:unpolished	171260	APN2;COX13;SLA2	MAT1-2	mat_locus	38.636	4	medium	medium	True	128112	MAT1-1-1	high	high	high	flank_ok	flank_ok	flank_ok	unpolished
Ascomycota:MAT	GCA_054600475.1_NU419_1.0	cap6_f7b9773	MAT1-1-3:41.463:not_polish_candidate	BAAIJU010000013.1	MAT1-2-1:54.29:polished_disagree;MAT1-1-3:41.463:not_polish_candidate	693286	APN2;COX13	MAT1-2	mat_locus	41.463	3	high	high	True	666789		high	high	high	flank_ok	flank_ok	flank_ok	flank_ok
Ascomycota:MATsc	GCA_054643295.1_ASM5464329v1	cap6_f7b9773	MATA2:100.0:polished_agree	CM138005.1	MATA2:100.0:polished_agree;MATALPHA2:100.0:polished_agree;MATALPHA1:100.0:polished_agree	13806		MATalpha	idiomorph_gene_only	100.0	3	medium	medium	True	12389		medium	high	medium	core_not_found	no_flank_req	core_not_found	core_not_found
Ascomycota:MATsc	GCA_054643295.1_ASM5464329v1	cap6_f7b9773	MATA2:100.0:polished_agree	CM138005.1	MATA2:100.0:polished_agree;MATALPHA2:100.0:polished_agree;MATALPHA1:100.0:polished_agree	200966		MATalpha	idiomorph_gene_only	100.0	3	medium	medium	True	199549		medium	high	medium	core_not_found	no_flank_req	core_not_found	core_not_found
Ascomycota:MATsc	GCA_054643295.1_ASM5464329v1	cap6_f7b9773	MATALPHA2:100.0:polished_agree;MATALPHA1:95.0:polished_disagree	CM138005.1	MATA2:100.0:polished_agree;MATALPHA2:100.0:polished_agree;MATA1:100.0:polished_disagree;MATALPHA1:95.0:polished_disagree	294494		MATa	idiomorph_gene_only	100.0	4	high	high	True	293182		high	high	high	no_flank_req	no_flank_req	no_flank_req	no_flank_req
Ascomycota:MAT	GCA_056506435.1_ASM5650643v1	cap6_f7b9773	MAT1-1-1:42.68:polished_single;MAT1-1-3:34.146:not_polish_candidate	JBJXHP010000007.1	MAT1-1-1:42.68:polished_single;MAT1-2-1:48.89:polished_disagree;MAT1-1-3:34.146:not_polish_candidate	568415	APN2;COX13	MAT1-2	mat_locus	42.68	4	high	high	True	559608		high	high	high	flank_ok	flank_ok	flank_ok	flank_ok
Ascomycota:MAT	GCA_056513245.1_ASM5651324v1	cap6_f7b9773	MAT1-1-3:25.781:not_polish_candidate;MAT1-1-1:32.62:polished_single;MAT1-1-4:27.564:unpolished	JBQQWM010000077.1	MAT1-2-1:40.93:polished_agree;MAT1-1-3:25.781:not_polish_candidate;MAT1-1-1:32.62:polished_single;MAT1-1-4:27.564:unpolished	131976	APN2;COX13;SLA2	MAT1-2	mat_locus	32.62	5	medium	medium	True	117862	MAT1-1-4	high	high	high	flank_ok	flank_ok	flank_ok	unpolished
Ascomycota:MATsc	GCA_057557315.1_ASM5755731v1	cap6_f7b9773	MATA2:33.884:not_polish_candidate	JBXQSK010000245.1	MATA2:33.884:not_polish_candidate;MATALPHA2:53.85:polished_agree;MATALPHA1:33.33:polished_single	7805	sla2	MATalpha	mat_locus	33.884	3	high	high	True	2818		high	high	high	no_flank_req	no_flank_req	no_flank_req	no_flank_req
Ascomycota:MATsc	GCA_057557315.1_ASM5755731v1	cap6_f7b9773		JBXQSK010000251.1	MATA1:50.0:polished_single	6166	sla2	MATa	partial_locus		2	medium	medium	True	2667		medium	medium	medium	core_not_found	core_not_found	core_not_found	core_not_found
Ascomycota:MATyl	GCA_057557895.1_ASM5755789v1	cap6_f7b9773		JBWXUM010000152.1	mata1:39.024:unpolished	26837	apn2;sla2	A	mat_locus		2	medium	medium	True	19788	mata1	medium	medium	medium	core_not_found	core_not_found	core_not_found	core_not_found
Ascomycota:MAT	GCA_057978465.1_Crustfungi9_Epicoc	cap6_f7b9773		JBYJWE010000028.1	MAT1-1-1:40.3:polished_single	134774	APN2;COX13	MAT1-1	mat_locus		3	high	high	True	129659		high	high	high	flank_ok	flank_ok	flank_ok	flank_ok
Ascomycota:MAT	GCA_059054025.1_ASM5905402v1	cap6_f7b9773	MAT1-1-3:34.694:not_polish_candidate	JBWGWF010000011.1	MAT1-2-1:41.73:polished_disagree;MAT1-1-3:34.694:not_polish_candidate	1168307	APN2;COX13	MAT1-2	mat_locus	34.694	3	high	high	True	1159617		high	high	high	flank_ok	flank_ok	flank_ok	flank_ok
Ascomycota:MAT	GCA_059623555.1_ASM5962355v1	cap6_f7b9773		CM184477.1	MAT1-1-1:50.0:polished_single	1930264	APN2	MAT1-1	partial_locus		2	medium	medium	True	1922576		medium	medium	medium	flank_ok+partial	flank_ok+partial	flank_ok+partial	flank_ok+partial
Ascomycota:MAT	GCA_059628815.1_ASM5962881v1	cap6_f7b9773	MAT1-1-3:33.962:not_polish_candidate	JBWQEY010000008.1	MAT1-2-1:47.73:polished_disagree;MAT1-1-3:33.962:not_polish_candidate	51958	APN2;COX13;SLA2	MAT1-2	mat_locus	33.962	4	high	high	True	6102		high	high	high	flank_ok	flank_ok	flank_ok	flank_ok
Ascomycota:MAT	GCA_059927665.1_ASM5992766v1	cap6_f7b9773	MAT1-1-3:29.565:not_polish_candidate	CM187708.1	MAT1-2-1:44.76:polished_disagree;MAT1-1-3:29.565:not_polish_candidate	979219	APN2;COX13;SLA2	MAT1-2	mat_locus	29.565	4	high	high	True	961752		high	high	high	flank_ok	flank_ok	flank_ok	flank_ok
Ascomycota:MATsc	GCA_060251675.1_ASM6025167v1	cap6_f7b9773	MATA2:46.875:unpolished	JBSNFQ010000016.1	MATALPHA1:37.5:polished_single;MATA2:46.875:unpolished;MATALPHA2:46.875:unpolished	45334	sla2	MATalpha	mat_locus	46.875	2	medium	medium	True	33861	MATA2;MATALPHA2	medium	medium	medium	core_not_found	unpolished	unpolished	core_not_found
Ascomycota:MATsc	GCA_060251825.1_ASM6025182v1	cap6_f7b9773	MATALPHA2:31.25:not_polish_candidate;MATALPHA1:30.357:unpolished	JBSNFW010000043.1	MATA2:36.585:unpolished;MATA1:60.66:polished_agree;MATALPHA2:31.25:not_polish_candidate;MATALPHA1:30.357:unpolished	78657	sla2	MATa	mat_locus	31.25	2	medium	medium	True	26189	MATA2;MATALPHA1	medium	medium	medium	core_not_found	unpolished	unpolished	core_not_found
Ascomycota:MAT	GCA_060307455.1_ASM6030745v1	cap6_f7b9773	MAT1-1-3:24.39:not_polish_candidate	JCBLTT010000052.1	MAT1-2-1:44.444:unpolished;MAT1-1-3:24.39:not_polish_candidate	12206	APN2;COX13;SLA2	MAT1-2	mat_locus	24.39	3	medium	medium	True	10	MAT1-2-1	medium	medium	medium	unpolished	unpolished	unpolished	unpolished
Ascomycota:MATsc	GCA_900178265.1_ED_SoucheMTF2387_V1	cap6_f7b9773	MATALPHA2:100.0:polished_agree;MATALPHA1:97.5:polished_agree	FXCW01002435.1	MATALPHA2:100.0:polished_agree;MATA1:100.0:polished_disagree;MATALPHA1:97.5:polished_agree	840		MATa	idiomorph_gene_only	100.0	3	medium	medium	True	2		medium	low	medium	core_not_found	core_not_found	core_not_found	core_not_found
Ascomycota:MATsc	GCA_900178395.1_CB_SoucheMTF2357_V1	cap6_f7b9773		FXDB01002331.1	MATALPHA2:100.0:polished_agree;MATALPHA1:100.0:polished_agree	917		MATalpha	idiomorph_gene_only		2	high	high	True	1		high	high	high	no_flank_req	no_flank_req	no_flank_req	no_flank_req
Ascomycota:MATsc	GCA_900178395.1_CB_SoucheMTF2357_V1	cap6_f7b9773		FXDB01002357.1	MATA2:100.0:polished_agree;MATALPHA2:100.0:polished_agree	235		undetermined	idiomorph_gene_only		2	medium	medium	True	2		medium	medium	medium	core_not_found	core_not_found	core_not_found	core_not_found
Ascomycota:MATsc	GCA_900178395.1_CB_SoucheMTF2357_V1	cap6_f7b9773		FXDB01002280.1	MATA2:98.72:polished_agree;MATALPHA2:98.72:polished_agree	8653		undetermined	idiomorph_gene_only		2	medium	medium	True	8420		medium	medium	medium	core_not_found	core_not_found	core_not_found	core_not_found
Ascomycota:MAT	GCA_900232045.3_PTTW11	cap6_f7b9773	MAT1-1-3:40.0:not_polish_candidate	HG992985.1	MAT1-2-1:36.89:polished_single;MAT1-1-3:40.0:not_polish_candidate	1119827	APN2;COX13	MAT1-2	mat_locus	40.0	3	high	high	True	1112824		high	high	high	flank_ok	flank_ok	flank_ok	flank_ok
Ascomycota:MAT	GCA_900518985.1_YAAL0	cap6_f7b9773		ULGN01000006.1	MAT1-1-1:31.915:unpolished;MAT1-1-5:31.034:unpolished;MAT1-2-4:24.39:unpolished	309793	APN2;SLA2	undetermined	mat_locus		2	medium	medium	True	292382	MAT1-1-1;MAT1-1-5;MAT1-2-4	medium	medium	medium	core_not_found	core_not_found	core_not_found	core_not_found
Ascomycota:MATtub	GCA_900518985.1_YAAL0	cap6_f7b9773		ULGN01000006.1	MAT1-2-1:20.603:unpolished	309793	APN2;SLA2	MAT1-2	mat_locus		2	medium	medium	True	292382	MAT1-2-1	medium	medium	medium	unpolished	unpolished	unpolished	unpolished
Ascomycota:MAT	GCA_900519055.1_YAGA0	cap6_f7b9773		ULGS01000006.1	MAT1-1-1:34.783:unpolished	153691	APN2;SLA2	MAT1-1	mat_locus		2	medium	medium	True	145622	MAT1-1-1	medium	medium	medium	unpolished	unpolished	unpolished	unpolished
Ascomycota:MATtub	GCA_900519055.1_YAGA0	cap6_f7b9773		ULGS01000006.1	MAT1-1-1:25.688:unpolished	153691	APN2;SLA2	MAT1-1	mat_locus		2	medium	medium	True	145622	MAT1-1-1	medium	medium	medium	unpolished	unpolished	unpolished	unpolished
Ascomycota:MATsc	GCA_900682665.1_SKCA111	cap6_f7b9773		LR215937.1	MATALPHA2:98.11:polished_agree;MATALPHA1:81.61:polished_agree	25082		MATalpha	idiomorph_gene_only		2	high	high	True	24136		high	high	high	no_flank_req	no_flank_req	no_flank_req	no_flank_req
Ascomycota:MATsc	GCA_900682665.1_SKCA111	cap6_f7b9773	MATALPHA2:100.0:polished_agree;MATALPHA1:97.5:polished_agree	LR215937.1	MATALPHA2:100.0:polished_agree;MATA1:92.06:polished_agree;MATALPHA1:97.5:polished_agree	220448	sla2	MATa	mat_locus	100.0	3	medium	medium	True	195603	sla2	medium	medium	medium	core_not_found	core_not_found	core_not_found	core_not_found
Ascomycota:MATsc	GCA_918250775.1_IFO1815	cap6_f7b9773	MATA2:100.0:polished_agree	CAKJYE010000003.1	MATA2:100.0:polished_agree;MATALPHA2:100.0:polished_agree;MATALPHA1:85.71:polished_agree	280359		MATalpha	idiomorph_gene_only	100.0	3	medium	medium	True	278933		medium	high	medium	core_not_found	no_flank_req	core_not_found	core_not_found
Ascomycota:MAT	GCA_937854325.1_SRR12240182_bin.18_CONCOCT_v1.1_MAG	cap6_f7b9773		CALHDC010000043.1	MAT1-1-1:40.97:polished_disagree	209545	APN2;COX13;SLA2	MAT1-1	mat_locus		4	high	high	True	198163		high	high	high	flank_ok	flank_ok	flank_ok	flank_ok
Ascomycota:MAT	GCA_937863395.1_SRR6425773_bin.116_CONCOCT_v1.1_MAG	cap6_f7b9773	MAT1-1-3:42.424:not_polish_candidate	CALMFO010000733.1	MAT1-2-1:38.64:polished_single;MAT1-1-3:42.424:not_polish_candidate	33060	APN2;COX13;SLA2	MAT1-2	mat_locus	42.424	4	high	high	True	14712		high	high	high	flank_ok	flank_ok	flank_ok	flank_ok
Ascomycota:MAT	GCA_937873565.1_ERR599223_bin.4_CONCOCT_v1.1_MAG	cap6_f7b9773	MAT1-1-3:27.273:not_polish_candidate	CALMRN010000153.1	MAT1-1-3:27.273:not_polish_candidate;MAT1-2-1:35.19:polished_single	372767	APN2;COX13	MAT1-2	mat_locus	27.273	3	high	high	True	366781		high	high	high	flank_ok	flank_ok	flank_ok	flank_ok
Ascomycota:MTL	GCA_937898345.1_SRR3997477_bin.88_CONCOCT_v1.1_MAG	cap6_f7b9773		CALEJJ010000961.1	MTLA1:31.58:polished_single;MTLA2:37.04:polished_single	22805	PIK1	A	mat_locus		3	high	high	True	18435		high	high	high	no_flank_req	no_flank_req	no_flank_req	no_flank_req
Ascomycota:MATsc	GCA_947343055.1_NCYC695	cap6_f7b9773	MATA2:100.0:polished_agree	CAMZPH010000003.1	MATA2:100.0:polished_agree;MATALPHA2:100.0:polished_agree;MATALPHA1:97.44:polished_agree	15065		MATalpha	idiomorph_gene_only	100.0	3	medium	medium	True	12091		medium	high	medium	core_not_found	no_flank_req	core_not_found	core_not_found
Ascomycota:MATsc	GCA_947343055.1_NCYC695	cap6_f7b9773	MATA2:100.0:polished_agree	CAMZPH010000003.1	MATA2:100.0:polished_agree;MATALPHA2:100.0:polished_agree;MATALPHA1:100.0:polished_agree	199949		MATalpha	idiomorph_gene_only	100.0	3	medium	medium	True	198532		medium	high	medium	core_not_found	no_flank_req	core_not_found	core_not_found
Ascomycota:MATsc	GCA_947343055.1_NCYC695	cap6_f7b9773	MATALPHA2:100.0:polished_agree;MATALPHA1:97.5:polished_agree	CAMZPH010000003.1	MATA2:100.0:polished_agree;MATALPHA2:100.0:polished_agree;MATA1:97.62:polished_disagree;MATALPHA1:97.5:polished_agree	295238		MATa	idiomorph_gene_only	100.0	4	high	high	True	293746		high	high	high	no_flank_req	no_flank_req	no_flank_req	no_flank_req
Ascomycota:MATsc	GCA_947343065.1_NCYC3497	cap6_f7b9773	MATALPHA2:100.0:polished_agree;MATALPHA1:97.5:polished_agree	CAMZOW010000003.1	MATA2:100.0:polished_agree;MATALPHA2:100.0:polished_agree;MATA1:99.21:polished_agree;MATALPHA1:97.5:polished_agree	19718		MATa	idiomorph_gene_only	100.0	4	high	high	True	18406		high	high	high	no_flank_req	no_flank_req	no_flank_req	no_flank_req
Ascomycota:MATsc	GCA_947343065.1_NCYC3497	cap6_f7b9773	MATA2:100.0:polished_agree	CAMZOW010000003.1	MATA2:100.0:polished_agree;MATALPHA2:100.0:polished_agree;MATALPHA1:99.43:polished_agree	217876		MATalpha	idiomorph_gene_only	100.0	3	medium	medium	True	216459		medium	high	medium	core_not_found	no_flank_req	core_not_found	core_not_found
Ascomycota:MATsc	GCA_947343065.1_NCYC3497	cap6_f7b9773	MATALPHA2:100.0:polished_agree;MATALPHA1:97.5:polished_disagree	CAMZOW010000003.1	MATA2:100.0:polished_agree;MATALPHA2:100.0:polished_agree;MATA1:99.21:polished_agree;MATALPHA1:97.5:polished_disagree	313627		MATa	idiomorph_gene_only	100.0	4	high	high	True	311366		high	high	high	no_flank_req	no_flank_req	no_flank_req	no_flank_req
Ascomycota:MATsc	GCA_947343165.1_NCYC96	cap6_f7b9773	MATA2:100.0:polished_agree	CAMZOO010000003.1	MATA2:100.0:polished_agree;MATALPHA2:100.0:polished_agree;MATALPHA1:100.0:polished_agree	3474		MATalpha	idiomorph_gene_only	100.0	3	medium	medium	True	2057		medium	high	medium	core_not_found	no_flank_req	core_not_found	core_not_found
Ascomycota:MATsc	GCA_947343165.1_NCYC96	cap6_f7b9773		CAMZOO010000003.1	MATA2:100.0:polished_agree;MATALPHA2:100.0:polished_agree	277225		undetermined	idiomorph_gene_only		2	medium	medium	True	276671		medium	medium	medium	core_not_found	core_not_found	core_not_found	core_not_found
Ascomycota:MATsc	GCA_947343455.1_NCYC2402	cap6_f7b9773	MATA2:100.0:polished_agree;MATA1:99.21:polished_agree	CAMZQJ010000003.1	MATA2:100.0:polished_agree;MATALPHA1:99.43:polished_agree;MATALPHA2:100.0:not_polish_candidate;MATA1:99.21:polished_agree	219643		MATalpha	idiomorph_gene_only	100.0	3	high	high	True	203217		high	high	high	no_flank_req	no_flank_req	no_flank_req	no_flank_req
Ascomycota:MATsc	GCA_947343455.1_NCYC2402	cap6_f7b9773	MATA1:100.0:polished_disagree	CAMZQJ010000003.1	MATA1:100.0:polished_disagree;MATALPHA1:97.5:polished_agree	315812		MATalpha	idiomorph_gene_only	100.0	2	medium	medium	True	315495		medium	low	medium	core_not_found	core_not_found	core_not_found	core_not_found
Ascomycota:MATsc	GCA_947343485.1_NCYC3052	cap6_f7b9773	MATALPHA2:100.0:polished_agree;MATALPHA1:97.5:polished_agree	CAMZPV010000003.1	MATA2:100.0:polished_agree;MATALPHA2:100.0:polished_agree;MATA1:99.21:polished_disagree;MATALPHA1:97.5:polished_agree	156951		MATa	idiomorph_gene_only	100.0	4	high	high	True	155639		high	high	high	no_flank_req	no_flank_req	no_flank_req	no_flank_req
Ascomycota:MATsc	GCA_947343485.1_NCYC3052	cap6_f7b9773		CAMZPV010000003.1	MATA2:100.0:polished_agree;MATALPHA2:100.0:polished_agree	250704		undetermined	idiomorph_gene_only		2	medium	medium	True	250267		medium	medium	medium	core_not_found	core_not_found	core_not_found	core_not_found
Ascomycota:MATsc	GCA_947343485.1_NCYC3052	cap6_f7b9773	MATALPHA1:97.5:polished_agree	CAMZPV010000016.1	MATALPHA1:97.5:polished_agree;MATA1:100.0:polished_agree	44309		MATa	idiomorph_gene_only	97.5	2	medium	medium	True	43818		medium	low	medium	core_not_found	core_not_found	core_not_found	core_not_found
Ascomycota:MATsc	GCA_947343495.1_NCYC1097	cap6_f7b9773	MATALPHA2:100.0:polished_agree;MATALPHA1:97.5:polished_agree	CAMZQB010000003.1	MATA2:100.0:polished_agree;MATALPHA2:100.0:polished_agree;MATA1:98.41:polished_disagree;MATALPHA1:97.5:polished_agree	285707		MATa	idiomorph_gene_only	100.0	4	high	high	True	284395		high	high	high	no_flank_req	no_flank_req	no_flank_req	no_flank_req
Ascomycota:MATsc	GCA_947343655.1_NCYC2974	cap6_f7b9773	MATALPHA2:100.0:polished_agree;MATALPHA1:97.5:polished_agree	CAMZQZ010000003.1	MATA2:100.0:polished_disagree;MATALPHA2:100.0:polished_agree;MATA1:99.21:polished_agree;MATALPHA1:97.5:polished_agree	177280		MATa	idiomorph_gene_only	100.0	4	high	high	True	175365		high	high	high	no_flank_req	no_flank_req	no_flank_req	no_flank_req
Ascomycota:MATsc	GCA_947343655.1_NCYC2974	cap6_f7b9773	MATALPHA2:100.0:polished_agree;MATALPHA1:97.5:polished_agree	CAMZQZ010000003.1	MATA2:100.0:polished_agree;MATALPHA2:100.0:polished_agree;MATA1:100.0:polished_disagree;MATALPHA1:97.5:polished_agree	272265		MATa	idiomorph_gene_only	100.0	4	high	high	True	270953		high	high	high	no_flank_req	no_flank_req	no_flank_req	no_flank_req
Ascomycota:MATsc	GCA_947343725.1_NCYC3038	cap6_f7b9773	MATA2:100.0:polished_agree	CAMZRG010000003.1	MATA2:100.0:polished_agree;MATALPHA2:100.0:polished_agree;MATALPHA1:99.43:polished_agree	189076		MATalpha	idiomorph_gene_only	100.0	3	medium	medium	True	187659		medium	high	medium	core_not_found	no_flank_req	core_not_found	core_not_found
Ascomycota:MATsc	GCA_947343725.1_NCYC3038	cap6_f7b9773	MATALPHA2:79.46:polished_agree;MATALPHA1:97.5:polished_disagree	CAMZRG010000003.1	MATA2:68.067:not_polish_candidate;MATALPHA2:79.46:polished_agree;MATA1:98.41:polished_disagree;MATALPHA1:97.5:polished_disagree	288741		MATa	idiomorph_gene_only	97.5	3	medium	medium	True	286594		medium	low	medium	core_not_found	core_not_found	core_not_found	core_not_found
Ascomycota:MATsc	GCA_947343785.1_NCYC88	cap6_f7b9773	MATA2:100.0:polished_agree	CAMZRK010000003.1	MATA2:100.0:polished_agree;MATALPHA2:100.0:polished_agree;MATALPHA1:100.0:polished_agree	1469		MATalpha	idiomorph_gene_only	100.0	3	medium	medium	True	52		medium	high	medium	core_not_found	no_flank_req	core_not_found	core_not_found
Ascomycota:MATsc	GCA_947343785.1_NCYC88	cap6_f7b9773	MATA2:100.0:polished_agree	CAMZRK010000003.1	MATA2:100.0:polished_agree;MATALPHA2:100.0:polished_agree;MATALPHA1:100.0:polished_agree	193290		MATalpha	idiomorph_gene_only	100.0	3	medium	medium	True	191873		medium	high	medium	core_not_found	no_flank_req	core_not_found	core_not_found
Ascomycota:MATsc	GCA_947343785.1_NCYC88	cap6_f7b9773		CAMZRK010000003.1	MATA2:100.0:polished_agree;MATALPHA2:100.0:polished_agree	287260		undetermined	idiomorph_gene_only		2	medium	medium	True	286706		medium	medium	medium	core_not_found	core_not_found	core_not_found	core_not_found
Ascomycota:MATsc	GCA_947343805.1_NCYC619	cap6_f7b9773	MATALPHA2:88.59:polished_disagree;MATALPHA1:97.5:polished_agree	CAMZRN010000003.1	MATA2:100.0:polished_agree;MATALPHA2:88.59:polished_disagree;MATA1:99.21:polished_disagree;MATALPHA1:97.5:polished_agree	202398		MATa	idiomorph_gene_only	97.5	4	high	high	True	201049		high	high	high	no_flank_req	no_flank_req	no_flank_req	no_flank_req
Ascomycota:MATsc	GCA_947343805.1_NCYC619	cap6_f7b9773	MATA2:100.0:polished_agree;MATA1:99.21:polished_disagree	CAMZRN010000003.1	MATA2:100.0:polished_agree;MATALPHA2:100.0:polished_agree;MATALPHA1:100.0:polished_agree;MATA1:99.21:polished_disagree	311221		MATalpha	idiomorph_gene_only	100.0	4	high	high	True	295007		high	high	high	no_flank_req	no_flank_req	no_flank_req	no_flank_req
Ascomycota:MATsc	GCA_947344485.1_NCYC3460	cap6_f7b9773	MATA2:100.0:polished_agree	CAMZUL010000003.1	MATA2:100.0:polished_agree;MATALPHA2:100.0:polished_agree;MATALPHA1:98.86:polished_agree	14156		MATalpha	idiomorph_gene_only	100.0	3	medium	medium	True	12739		medium	high	medium	core_not_found	no_flank_req	core_not_found	core_not_found
Ascomycota:MATsc	GCA_947344485.1_NCYC3460	cap6_f7b9773	MATALPHA2:100.0:polished_agree;MATALPHA1:97.5:polished_agree	CAMZUL010000003.1	MATA2:100.0:polished_agree;MATALPHA2:100.0:polished_agree;MATA1:99.21:polished_agree;MATALPHA1:97.5:polished_agree	194466		MATa	idiomorph_gene_only	100.0	4	high	high	True	192974		high	high	high	no_flank_req	no_flank_req	no_flank_req	no_flank_req
Ascomycota:MATsc	GCA_947344485.1_NCYC3460	cap6_f7b9773	MATALPHA2:100.0:polished_agree;MATALPHA1:97.5:polished_agree	CAMZUL010000003.1	MATA2:100.0:polished_agree;MATALPHA2:100.0:polished_agree;MATA1:99.21:polished_agree;MATALPHA1:97.5:polished_agree	288953		MATa	idiomorph_gene_only	100.0	4	high	high	True	287461		high	high	high	no_flank_req	no_flank_req	no_flank_req	no_flank_req
Ascomycota:MATsc	GCA_947344725.1_NCYC3406	cap6_f7b9773	MATA2:100.0:polished_agree	CAMZUC010000003.1	MATA2:100.0:polished_agree;MATALPHA2:100.0:polished_agree;MATALPHA1:99.43:polished_agree	198494		MATalpha	idiomorph_gene_only	100.0	3	medium	medium	True	196369		medium	high	medium	core_not_found	no_flank_req	core_not_found	core_not_found
Ascomycota:MATsc	GCA_947344725.1_NCYC3406	cap6_f7b9773	MATALPHA2:100.0:polished_agree;MATALPHA1:97.5:polished_agree	CAMZUC010000003.1	MATA2:100.0:polished_agree;MATALPHA2:100.0:polished_agree;MATA1:99.21:polished_disagree;MATALPHA1:97.5:polished_agree	292270		MATa	idiomorph_gene_only	100.0	4	high	high	True	290958		high	high	high	no_flank_req	no_flank_req	no_flank_req	no_flank_req
Ascomycota:MATsc	GCA_947345115.1_NCYC3311	cap6_f7b9773		CAMZVV010000003.1	MATALPHA2:100.0:polished_agree;MATALPHA1:100.0:polished_agree	943		MATalpha	idiomorph_gene_only		2	high	high	True	3		high	high	high	no_flank_req	no_flank_req	no_flank_req	no_flank_req
Ascomycota:MATsc	GCA_947345115.1_NCYC3311	cap6_f7b9773		CAMZVV010000003.1	MATA2:100.0:polished_agree;MATALPHA2:100.0:polished_agree	181341		undetermined	idiomorph_gene_only		2	medium	medium	True	180787		medium	medium	medium	core_not_found	core_not_found	core_not_found	core_not_found
Ascomycota:MATsc	GCA_947345115.1_NCYC3311	cap6_f7b9773	MATALPHA2:100.0:polished_agree;MATALPHA1:97.5:polished_agree	CAMZVV010000003.1	MATA2:100.0:polished_agree;MATALPHA2:100.0:polished_agree;MATA1:98.41:polished_disagree;MATALPHA1:97.5:polished_agree	276910		MATa	idiomorph_gene_only	100.0	4	high	high	True	275418		high	high	high	no_flank_req	no_flank_req	no_flank_req	no_flank_req
Ascomycota:MAT	GCA_948474695.1_Periconia_digitata_genome_assembly	cap6_f7b9773	MAT1-1-4:21.429:unpolished;MAT1-1-3:39.535:not_polish_candidate	CAOQHR010000006.1	MAT1-1-4:21.429:unpolished;MAT1-2-1:31.75:polished_single;MAT1-1-3:39.535:not_polish_candidate	641414	APN2;COX13	MAT1-2	mat_locus	39.535	3	medium	medium	True	615269	MAT1-1-4	medium	high	high	core_not_found	flank_ok	flank_ok	core_not_found
Ascomycota:MATsc	GCA_949649765.1_2578_Saccharomyces_bayanus	cap6_f7b9773	MATA2:100.0:polished_agree	CATIWL010000030.1	MATA2:100.0:polished_agree;MATALPHA2:99.524:not_polish_candidate;MATALPHA1:80.57:polished_agree	9561		MATalpha	idiomorph_gene_only	100.0	2	medium	medium	True	8141		medium	low	medium	core_not_found	core_not_found	core_not_found	core_not_found
Ascomycota:MATsc	GCA_949649765.1_2578_Saccharomyces_bayanus	cap6_f7b9773	MATA2:100.0:polished_agree	CATIWL010000030.1	MATA2:100.0:polished_agree;MATALPHA2:100.0:polished_agree;MATALPHA1:81.14:polished_agree	195749		MATalpha	idiomorph_gene_only	100.0	3	medium	medium	True	194329		medium	high	medium	core_not_found	no_flank_req	core_not_found	core_not_found
Ascomycota:MATsc	GCA_949649765.1_2578_Saccharomyces_bayanus	cap6_f7b9773	MATA2:100.0:polished_agree	CATIWL010000021.1	MATA2:100.0:polished_agree;MATALPHA2:100.0:polished_agree;MATALPHA1:81.14:polished_agree	6244		MATalpha	idiomorph_gene_only	100.0	3	medium	medium	True	4824		medium	high	medium	core_not_found	no_flank_req	core_not_found	core_not_found
Ascomycota:MATsc	GCA_949649765.1_2578_Saccharomyces_bayanus	cap6_f7b9773	MATALPHA2:96.89:polished_disagree;MATALPHA1:97.5:polished_agree	CATIWL010000021.1	MATA2:100.0:polished_agree;MATALPHA2:96.89:polished_disagree;MATA1:90.48:polished_agree;MATALPHA1:97.5:polished_agree	193093		MATa	idiomorph_gene_only	97.5	4	high	high	True	191783		high	high	high	no_flank_req	no_flank_req	no_flank_req	no_flank_req
Ascomycota:MATsc	GCA_949649765.1_2578_Saccharomyces_bayanus	cap6_f7b9773	MATALPHA1:97.5:polished_agree;MATALPHA2:96.89:polished_disagree	CATIWL010000020.1	MATALPHA1:97.5:polished_agree;MATA1:90.48:polished_agree;MATALPHA2:96.89:polished_disagree;MATA2:100.0:polished_agree	12966		MATa	idiomorph_gene_only	97.5	4	high	high	True	11656		high	high	high	no_flank_req	no_flank_req	no_flank_req	no_flank_req
Ascomycota:MAT	GCA_964106605.1_gdRhiKalk1.hap1.1	cap6_f7b9773	MAT1-1-3:32.0:not_polish_candidate	OZ066570.1	MAT1-2-1:51.46:polished_disagree;MAT1-1-3:32.0:not_polish_candidate	1315618	APN2;COX13	MAT1-2	mat_locus	32.0	3	high	high	True	1310191		high	high	high	flank_ok	flank_ok	flank_ok	flank_ok
Ascomycota:MAT	GCA_964254465.1_private_X5_concoct_bin.21	cap6_f7b9773	MAT1-1-1:34.146:not_polish_candidate;MAT1-1-3:31.25:not_polish_candidate	CAXUUA010000001.1	MAT1-2-1:43.93:polished_disagree;MAT1-1-1:34.146:not_polish_candidate;MAT1-1-3:31.25:not_polish_candidate	182494	APN2;COX13;SLA2	MAT1-2	mat_locus	34.146	4	high	high	True	170900		high	high	high	flank_ok	flank_ok	flank_ok	flank_ok
Ascomycota:MAT	GCA_964254495.1_public_SRR14722135_metabat2_bin.8	cap6_f7b9773		CAXUXK010000276.1	MAT1-1-1:39.84:polished_single	10209	APN2;COX13	MAT1-1	mat_locus		3	high	high	True	2936		high	high	high	flank_ok	flank_ok	flank_ok	flank_ok
Ascomycota:MAT	GCA_964254685.1_public_SRR1531517_concoct_bin.16	cap6_f7b9773		CAXUTT010000267.1	MAT1-1-1:33.613:unpolished	18172	APN2;COX13;SLA2	MAT1-1	mat_locus		3	medium	medium	True	5504	MAT1-1-1	medium	medium	medium	unpolished	unpolished	unpolished	unpolished
Ascomycota:MAT	GCA_964254715.1_public_SRR14722112_metabat2_bin.8	cap6_f7b9773	MAT1-1-3:40.0:not_polish_candidate	CAXUWN010000865.1	MAT1-2-1:41.94:polished_disagree;MAT1-1-3:40.0:not_polish_candidate	11390	APN2;SLA2	MAT1-2	mat_locus	40.0	3	high	high	True	1082		high	high	high	flank_ok	flank_ok	flank_ok	flank_ok
Ascomycota:MAT	GCA_964254795.1_public_SRR14722032_metabat2_bin.2	cap6_f7b9773		CAXUUP010000527.1	MAT1-1-1:43.48:polished_disagree;MAT1-1-4:25.153:unpolished	9584	APN2;COX13	MAT1-1	mat_locus		3	medium	medium	True	427	MAT1-1-4	medium	medium	medium	unpolished	unpolished	unpolished	unpolished
Ascomycota:MAT	GCA_964254995.1_public_SRR14722113_metabat2_bin.5	cap6_f7b9773	MAT1-1-3:28.409:not_polish_candidate	CAXUWS010000056.1	MAT1-2-1:62.86:polished_disagree;MAT1-1-3:28.409:not_polish_candidate	28364	APN2;COX13	MAT1-2	mat_locus	28.409	3	high	high	True	3628		high	high	high	flank_ok	flank_ok	flank_ok	flank_ok
Ascomycota:MAT	GCA_964255065.1_public_SRR14722143_metabat2_bin.4	cap6_f7b9773	MAT1-2-1:48.571:unpolished	CAXUUG010000098.1	MAT1-2-1:48.571:unpolished;MAT1-1-1:36.05:polished_disagree;MAT1-1-5:26.415:unpolished	35324	APN2;COX13;SLA2	MAT1-1	mat_locus	48.571	4	medium	medium	True	2	MAT1-1-5;MAT1-2-1	medium	medium	medium	unpolished	unpolished	unpolished	unpolished
Ascomycota:MAT	GCA_964255105.1_public_SRR14722050_metabat2_bin.2	cap6_f7b9773		CAXUWE010000002.1	MAT1-1-4:24.837:unpolished;MAT1-1-1:45.45:polished_disagree	48760	APN2;COX13;SLA2	MAT1-1	mat_locus		4	medium	medium	True	26142	MAT1-1-4	medium	medium	medium	unpolished	unpolished	unpolished	unpolished
Ascomycota:MAT	GCA_964255155.1_public_SRR14722037_metabat2_bin.2	cap6_f7b9773		CAXUVS010000087.1	MAT1-1-1:44.78:polished_disagree;MAT1-1-4:26.829:unpolished	34136	APN2;COX13;SLA2	MAT1-1	mat_locus		4	medium	medium	True	4233	MAT1-1-4	medium	medium	medium	unpolished	unpolished	unpolished	unpolished
Ascomycota:MAT	GCA_964255385.1_public_SRR14722086_metabat2_bin.14	cap6_f7b9773	MAT1-1-3:35.938:not_polish_candidate	CAXUUE010000029.1	MAT1-2-1:45.68:polished_disagree;MAT1-1-3:35.938:not_polish_candidate	9938	SLA2	MAT1-2	partial_locus	35.938	2	medium	medium	True	906		medium	medium	medium	flank_ok+partial	flank_ok+partial	flank_ok+partial	flank_ok+partial
Ascomycota:MAT	GCA_964255475.1_public_SRR14721990_metabat2_bin.6	cap6_f7b9773	MAT1-2-1:40.426:unpolished	CAXUWU010000039.1	MAT1-1-1:48.61:polished_disagree;MAT1-2-1:40.426:unpolished	24671	APN2;COX13;SLA2	MAT1-1	mat_locus	40.426	4	medium	medium	True	12097	MAT1-2-1	high	high	high	flank_ok	flank_ok	flank_ok	unpolished
Ascomycota:MAT	GCA_964255695.1_public_SRR14722165_metabat2_bin.16	cap6_f7b9773	MAT1-1-3:32.99:not_polish_candidate;MAT1-1-1:35.849:not_polish_candidate	CAXUYV010000011.1	MAT1-2-1:38.87:polished_disagree;MAT1-1-3:32.99:not_polish_candidate;MAT1-1-1:35.849:not_polish_candidate	13173	APN2;COX13;SLA2	MAT1-2	mat_locus	35.849	4	high	high	True	2848		high	high	high	flank_ok	flank_ok	flank_ok	flank_ok
Ascomycota:MAT	GCA_964256315.1_public_SRR14722197_metabat2_bin.3	cap6_f7b9773	MAT1-1-1:26.923:unpolished;MAT1-1-3:30.0:not_polish_candidate;MAT1-1-4:23.858:unpolished	CAXVBD010000001.1	MAT1-1-1:26.923:unpolished;MAT1-2-1:56.56:polished_disagree;MAT1-1-3:30.0:not_polish_candidate;MAT1-1-4:23.858:unpolished	18235	APN2;COX13;SLA2	MAT1-2	mat_locus	30.0	4	medium	medium	True	967	MAT1-1-1;MAT1-1-4	high	high	high	flank_ok	flank_ok	flank_ok	unpolished
Ascomycota:MAT	GCA_964256445.1_public_SRR14721971_concoct_merged.0	cap6_f7b9773	MAT1-1-3:51.429:not_polish_candidate	CAXVCA010000148.1	MAT1-2-1:54.46:polished_disagree;MAT1-1-3:51.429:not_polish_candidate	8946	SLA2	MAT1-2	partial_locus	51.429	2	medium	medium	True	1147		medium	medium	medium	flank_ok+partial	flank_ok+partial	flank_ok+partial	flank_ok+partial
Ascomycota:MAT	GCA_964256495.1_private_T1887_metabat2_bin.36	cap6_f7b9773	MAT1-1-3:35.135:not_polish_candidate	CAXVAJ010000117.1	MAT1-2-1:37.28:polished_disagree;MAT1-1-3:35.135:not_polish_candidate	41284	APN2;COX13;SLA2	MAT1-2	mat_locus	35.135	4	high	high	True	27184		high	high	high	flank_ok	flank_ok	flank_ok	flank_ok
Ascomycota:MAT	GCA_964256515.1_public_SRR14721983_metabat2_bin.1	cap6_f7b9773	MAT1-1-3:25.455:not_polish_candidate	CAXVAY010000120.1	MAT1-1-3:25.455:not_polish_candidate;MAT1-2-1:48.41:polished_disagree	33806	APN2;COX13;SLA2	MAT1-2	mat_locus	25.455	4	medium	medium	True	3382		medium	high	high	core_not_found	flank_ok	flank_ok	core_not_found
Ascomycota:MAT	GCA_964256565.1_private_X13_concoct_bin.5	cap6_f7b9773	MAT1-1-3:27.273:not_polish_candidate	CAXVAP010000044.1	MAT1-2-1:42.26:polished_disagree;MAT1-1-3:27.273:not_polish_candidate	81222	APN2;COX13;SLA2	MAT1-2	mat_locus	27.273	4	high	high	True	63390		high	high	high	flank_ok	flank_ok	flank_ok	flank_ok
Ascomycota:MAT	GCA_964256825.1_public_SRR14722274_metabat2_bin.2	cap6_f7b9773	MAT1-1-1:24.719:not_polish_candidate;MAT1-1-3:26.042:not_polish_candidate	CAXVDB010000016.1	MAT1-2-1:37.7:polished_agree;MAT1-1-1:24.719:not_polish_candidate;MAT1-1-3:26.042:not_polish_candidate	6824	APN2;COX13	MAT1-2	mat_locus	26.042	3	high	high	True	2298		high	high	high	flank_ok	flank_ok	flank_ok	flank_ok
Ascomycota:MAT	GCA_964256885.1_public_SRR14722307_metabat2_bin.5	cap6_f7b9773		CAXVCT010000008.1	MAT1-1-4:23.967:unpolished;MAT1-1-1:43.8:polished_single	34470	APN2;COX13	MAT1-1	mat_locus		3	medium	medium	True	28500	MAT1-1-4	medium	medium	medium	unpolished	unpolished	unpolished	unpolished
Ascomycota:MAT	GCA_964257425.1_public_SRR14721999_concoct_bin.2	cap6_f7b9773	MAT1-1-1:43.55:polished_single;MAT1-1-3:43.243:not_polish_candidate	CAXVEZ010000211.1	MAT1-1-1:43.55:polished_single;MAT1-2-1:53.42:polished_disagree;MAT1-1-3:43.243:not_polish_candidate	21985	SLA2	MAT1-2	mat_locus	43.55	3	high	high	True	10113		high	high	high	flank_ok	flank_ok	flank_ok	flank_ok
Ascomycota:MAT	GCA_964257505.1_public_SRR14722012_metabat2_bin.2	cap6_f7b9773	MAT1-2-1:32.143:not_polish_candidate	CAXVFL010001073.1	MAT1-1-1:40.36:polished_agree;MAT1-2-1:32.143:not_polish_candidate;MAT1-1-4:22.46:unpolished	7564	APN2;COX13	MAT1-1	mat_locus	32.143	3	medium	medium	True	751	MAT1-1-4	medium	medium	medium	unpolished	unpolished	unpolished	unpolished
Ascomycota:MAT	GCA_964257585.1_public_SRR14722046_concoct_bin.7	cap6_f7b9773	MAT1-1-1:27.33:polished_single;MAT1-1-3:26.923:not_polish_candidate	CAXVFU010000062.1	MAT1-2-1:63.37:polished_disagree;MAT1-1-1:27.33:polished_single;MAT1-1-3:26.923:not_polish_candidate	29480	APN2;COX13;SLA2	MAT1-2	mat_locus	27.33	5	high	high	True	11566		high	high	high	flank_ok	flank_ok	flank_ok	flank_ok
Ascomycota:MAT	GCA_965113265.1_glEphLana1.1	cap6_f7b9773		OZ220097.1	MAT1-1-1:53.66:polished_disagree	2352849	APN2;COX13;SLA2	MAT1-1	mat_locus		4	high	high	True	2339011		high	high	high	flank_ok	flank_ok	flank_ok	flank_ok
Ascomycota:MATsc	GCA_965282845.1_W303	cap6_f7b9773	MATA2:100.0:polished_agree	CBDILZ010000003.1	MATA2:100.0:polished_agree;MATALPHA2:100.0:polished_agree;MATALPHA1:100.0:polished_agree	14011		MATalpha	idiomorph_gene_only	100.0	3	medium	medium	True	12594		medium	high	medium	core_not_found	no_flank_req	core_not_found	core_not_found
Ascomycota:MATsc	GCA_965282845.1_W303	cap6_f7b9773	MATALPHA2:100.0:polished_agree;MATALPHA1:97.5:polished_agree	CBDILZ010000003.1	MATA2:100.0:polished_agree;MATALPHA2:100.0:polished_agree;MATA1:99.21:polished_disagree;MATALPHA1:97.5:polished_agree	226266		MATa	idiomorph_gene_only	100.0	4	high	high	True	224954		high	high	high	no_flank_req	no_flank_req	no_flank_req	no_flank_req
Ascomycota:MATsc	GCA_965282845.1_W303	cap6_f7b9773	MATALPHA2:100.0:polished_agree;MATALPHA1:97.5:polished_agree	CBDILZ010000003.1	MATA2:100.0:polished_agree;MATALPHA2:100.0:polished_agree;MATA1:99.21:polished_disagree;MATALPHA1:97.5:polished_agree	319785		MATa	idiomorph_gene_only	100.0	4	high	high	True	318473		high	high	high	no_flank_req	no_flank_req	no_flank_req	no_flank_req
Ascomycota:MATsc	GCA_965637945.1_SCKFAY2_assembly	cap6_f7b9773	MATA2:100.0:polished_agree	CBFEWO010000018.1	MATA2:100.0:polished_agree;MATALPHA2:100.0:polished_agree;MATALPHA1:100.0:polished_agree	19469		MATalpha	idiomorph_gene_only	100.0	3	medium	medium	True	18052		medium	high	medium	core_not_found	no_flank_req	core_not_found	core_not_found
Ascomycota:MATsc	GCA_965637945.1_SCKFAY2_assembly	cap6_f7b9773	MATA2:100.0:polished_agree;MATA1:43.82:not_polish_candidate	CBFEWO010000018.1	MATA2:100.0:polished_agree;MATALPHA2:91.943:not_polish_candidate;MATA1:43.82:not_polish_candidate;MATALPHA1:62.79:polished_disagree	200007		MATalpha	idiomorph_gene_only	100.0	2	medium	medium	True	198540		medium	low	medium	core_not_found	core_not_found	core_not_found	core_not_found
Ascomycota:MATsc	GCA_965637945.1_SCKFAY2_assembly	cap6_f7b9773	MATALPHA2:100.0:polished_agree;MATALPHA1:97.5:polished_agree	CBFEWO010000018.1	MATA2:100.0:polished_agree;MATALPHA2:100.0:polished_agree;MATA1:99.21:polished_disagree;MATALPHA1:97.5:polished_agree	293776		MATa	idiomorph_gene_only	100.0	4	high	high	True	292464		high	high	high	no_flank_req	no_flank_req	no_flank_req	no_flank_req
Ascomycota:MAT	GCA_965645245.1_glMasCarn1.1	cap6_f7b9773	MAT1-2-1:46.39:polished_disagree	OZ287076.1	MAT1-2-1:46.39:polished_disagree;MAT1-1-3:43.75:not_polish_candidate;MAT1-1-1:47.95:polished_single	1299094	APN2;COX13;SLA2	MAT1-1	mat_locus	46.39	5	high	high	True	1284071		high	high	high	flank_ok	flank_ok	flank_ok	flank_ok
Ascomycota:MATsc	GCA_977014385.1_UCD2211_Cansol	cap6_f7b9773		CDRNKE010000003.1	MATA2:27.731:unpolished;MATA1:50.0:polished_agree	1856813	sla2	MATa	mat_locus		2	medium	medium	True	1802229	MATA2	medium	medium	medium	unpolished	unpolished	unpolished	unpolished
Ascomycota:MAT	GCF_000281105.1_Coni_apol_CBS100218_V1	cap6_f7b9773		NW_006913298.1	MAT1-1-1:41.01:polished_disagree;MAT1-1-4:26.829:unpolished	158614	APN2;COX13	MAT1-1	mat_locus		3	medium	medium	True	151768	MAT1-1-4	medium	medium	medium	unpolished	unpolished	unpolished	unpolished
Ascomycota:MATsc	GCF_000313485.1_ASM31348v1	cap6_f7b9773	MATALPHA2:27.66:unpolished	NW_011887701.1	MATALPHA2:27.66:unpolished;MATA1:54.55:polished_single;MATA2:21.875:unpolished	84036	sla2	MATa	mat_locus	27.66	2	medium	medium	True	58390	MATA2;MATALPHA2	medium	medium	medium	core_not_found	unpolished	unpolished	core_not_found
Ascomycota:MAT	GCF_000338955.1_Bauco1	cap6_f7b9773	MAT1-1-3:35.0:not_polish_candidate	NW_006911260.1	MAT1-2-1:50.42:polished_disagree;MAT1-1-3:35.0:not_polish_candidate	891245	APN2	MAT1-2	partial_locus	35.0	2	medium	medium	True	879955		medium	medium	medium	flank_ok+partial	flank_ok+partial	flank_ok+partial	flank_ok+partial
Ascomycota:MAT	GCF_000392275.1_UCRPA7V03	cap6_f7b9773	MAT1-2-1:47.059:unpolished	NW_006921138.1	MAT1-1-1:42.22:polished_single;MAT1-1-2:31.429:unpolished;MAT1-2-1:47.059:unpolished;MAT1-1-3:42.5:not_polish_candidate	12238	APN2;COX13	MAT1-1	mat_locus	47.059	3	medium	medium	True	2645	MAT1-1-2;MAT1-2-1	medium	medium	medium	unpolished	unpolished	unpolished	unpolished
Ascomycota:MAT	GCF_000441935.1_MHA_v2	cap6_f7b9773		NW_011644707.1	MAT1-2-1:32.394:unpolished	35833	APN2;COX13	MAT1-2	mat_locus		2	medium	medium	True	27407	MAT1-2-1	medium	medium	medium	unpolished	unpolished	unpolished	unpolished
Ascomycota:MAT	GCF_000836295.1_O_gall_CBS43764	cap6_f7b9773	MAT1-1-4:29.63:unpolished;MAT1-1-3:31.579:not_polish_candidate;MAT1-1-1:33.333:not_polish_candidate	NW_015622140.1	MAT1-1-4:29.63:unpolished;MAT1-2-1:55.77:polished_disagree;MAT1-1-3:31.579:not_polish_candidate;MAT1-1-1:33.333:not_polish_candidate	1011723	APN2;COX13	MAT1-2	mat_locus	33.333	3	medium	medium	True	1003290	MAT1-1-4	medium	high	high	core_not_found	flank_ok	flank_ok	core_not_found
Ascomycota:MAT	GCF_004353045.1_ASM435304v1	cap6_f7b9773	MAT1-2-1:40.625:not_polish_candidate	NW_022156780.1	MAT1-1-3:43.33:polished_single;MAT1-2-1:40.625:not_polish_candidate;MAT1-1-2:31.25:unpolished;MAT1-1-1:39.69:polished_single	172582	APN2;COX13;SLA2	MAT1-1	mat_locus	40.625	5	medium	medium	True	152964	MAT1-1-2	medium	medium	medium	unpolished	unpolished	unpolished	unpolished
Ascomycota:MAT	GCF_010015565.1_Disac1	cap6_f7b9773	MAT1-1-3:34.783:not_polish_candidate;MAT1-1-1:23.762:unpolished	NW_022984964.1	MAT1-2-1:36.79:polished_single;MAT1-1-3:34.783:not_polish_candidate;MAT1-1-1:23.762:unpolished	194364	APN2;COX13	MAT1-2	mat_locus	34.783	3	medium	medium	True	156222	MAT1-1-1	high	high	high	flank_ok	flank_ok	flank_ok	unpolished
Ascomycota:MAT	GCF_010015585.1_Erebi1	cap6_f7b9773	MAT1-1-3:31.915:not_polish_candidate	NW_022985081.1	MAT1-2-1:40.2:polished_single;MAT1-1-3:31.915:not_polish_candidate	431412	APN2;COX13	MAT1-2	mat_locus	31.915	3	high	high	True	424647		high	high	high	flank_ok	flank_ok	flank_ok	flank_ok
Ascomycota:MAT	GCF_010015615.1_Cucbe1	cap6_f7b9773	MAT1-1-3:27.673:not_polish_candidate	NW_024468939.1	MAT1-1-3:27.673:not_polish_candidate;MAT1-2-1:35.92:polished_single	363844	APN2;COX13	MAT1-2	mat_locus	27.673	3	high	high	True	355360		high	high	high	flank_ok	flank_ok	flank_ok	flank_ok
Ascomycota:MAT	GCF_010015815.1_Dotsy1	cap6_f7b9773		NW_022985012.1	MAT1-1-1:33.62:polished_single	1163707	APN2;COX13;SLA2	MAT1-1	mat_locus		3	medium	medium	True	1138369	SLA2	medium	medium	medium	unpolished	unpolished	unpolished	unpolished
Ascomycota:MAT	GCF_010093815.1_Psehy1	cap6_f7b9773		NW_022985557.1	MAT1-1-4:33.333:unpolished;MAT1-1-1:43.75:polished_single;MAT1-1-3:38.462:unpolished	97541	APN2;COX13	MAT1-1	mat_locus		3	medium	medium	True	78653	MAT1-1-3;MAT1-1-4	medium	medium	medium	unpolished	unpolished	unpolished	unpolished
Ascomycota:MATsc	GCF_020623625.1_UHD_SCDLUD_16	cap6_f7b9773	MATA2:41.584:not_polish_candidate	NC_060204.1	MATA2:41.584:not_polish_candidate;MATALPHA2:31.75:polished_single;MATALPHA1:34.67:polished_single	625360	sla2	MATalpha	mat_locus	41.584	3	high	high	True	583930		high	high	high	no_flank_req	no_flank_req	no_flank_req	no_flank_req
Ascomycota:MTL	GCF_020623625.1_UHD_SCDLUD_16	cap6_f7b9773		NC_060204.1	MTLalpha2:37.5:polished_single;MTLalpha1:31.94:polished_single	625360	PIK1	alpha	mat_locus		2	medium	medium	True	583930	PIK1	medium	medium	medium	unpolished	unpolished	unpolished	unpolished
Ascomycota:MAT	GCF_029532465.1_Liptet1	cap6_f7b9773	MAT1-1-1:34.04:polished_single;MAT1-1-3:32.0:not_polish_candidate	NW_026611597.1	MAT1-1-1:34.04:polished_single;MAT1-2-1:47.5:not_polish_candidate;MAT1-1-3:32.0:not_polish_candidate	1187117	APN2;SLA2	MAT1-2	mat_locus	34.04	3	high	high	True	1158352		high	high	high	flank_ok	flank_ok	flank_ok	flank_ok
Ascomycota:MATyl	GCF_029532465.1_Liptet1	cap6_f7b9773		NW_026611597.1	mata1:37.838:unpolished	1187108	apn2;sla2	A	mat_locus		2	medium	medium	True	1158352	mata1	medium	medium	medium	core_not_found	core_not_found	core_not_found	core_not_found
Ascomycota:MATtub	GCF_029532465.1_Liptet1	cap6_f7b9773		NW_026611597.1	MAT1-2-1:37.37:polished_single	1187117	APN2;SLA2	MAT1-2	mat_locus		3	medium	medium	True	1158352		medium	medium	medium	flank_ok+margin	flank_ok+margin	flank_ok+margin	flank_ok+margin
Ascomycota:MAT	GCF_038497785.1_Lipsmi1	cap6_f7b9773	MAT1-1-3:47.727:not_polish_candidate	NW_027117628.1	MAT1-2-1:45.98:polished_single;MAT1-1-3:47.727:not_polish_candidate	222170	APN2;SLA2	MAT1-2	mat_locus	47.727	3	medium	medium	True	183462		medium	medium	medium	flank_ok+margin	flank_ok+margin	flank_ok+margin	flank_ok+margin
Ascomycota:MATtub	GCF_038497785.1_Lipsmi1	cap6_f7b9773		NW_027117628.1	MAT1-2-1:41.18:polished_single	222170	APN2;SLA2	MAT1-2	mat_locus		3	medium	medium	True	183462		medium	medium	medium	flank_ok+margin	flank_ok+margin	flank_ok+margin	flank_ok+margin
