genome	family	contig	base_span	cand_span	base_state	cand_state	base_idiomorph	cand_idiomorph	base_confidence	cand_confidence	base_locus_class	cand_locus_class	base_verification	cand_verification	base_clf_input	cand_clf_input	base_margin	cand_margin	margin_delta	base_best_score	cand_best_score	base_genes	cand_genes	model_changes	change_types
GCA_000150145.1_ASM15014v1	Ascomycota:MAT	DS499596.1	2517393-2547708	2517393-2547708	called	called	MAT1-1	MAT1-1	high	high	homothallic_candidate	homothallic_candidate										APN2,COX13,MAT1-1-1,MAT1-2-1,SLA2	APN2,COX13,MAT1-1-1,MAT1-2-1,SLA2		
GCA_000150145.1_ASM15014v1	Ascomycota:MAT	DS499594.1	788511-814238	788511-814238	withheld:modelled_gene_bar+polish_capped	withheld:modelled_gene_bar+polish_capped	MAT1-1	MAT1-1														MAT1-1-1,SLA2	MAT1-1-1,SLA2		
GCA_000150145.1_ASM15014v1	Ascomycota:MAT	DS499594.1	1426373-1444522	1426373-1444522	withheld:modelled_gene_bar	withheld:modelled_gene_bar	MAT1-1	MAT1-1														COX13,MAT1-1-1,MAT1-1-5	COX13,MAT1-1-1,MAT1-1-5		
GCA_000150145.1_ASM15014v1	Ascomycota:MAT	DS499594.1	3158387-3160845	3158387-3160845	withheld:modelled_gene_bar+polish_capped	withheld:modelled_gene_bar+polish_capped	MAT1-2	MAT1-2														APN2,MAT1-2-1	APN2,MAT1-2-1		
GCA_000150145.1_ASM15014v1	Ascomycota:MAT	DS499595.1	1700104-1712202	1700104-1712202	withheld:modelled_gene_bar+polish_capped	withheld:modelled_gene_bar+polish_capped	MAT1-2	MAT1-2														APN2,MAT1-2-1	APN2,MAT1-2-1		
GCA_000150145.1_ASM15014v1	Ascomycota:MAT	DS499599.1	71186-112857	71186-112857	withheld:modelled_gene_bar+polish_capped	withheld:modelled_gene_bar+polish_capped	MAT1-1	MAT1-1														APN2,MAT1-1-1	APN2,MAT1-1-1		
GCA_000150145.1_ASM15014v1	Ascomycota:MAT	DS499599.1	1203331-1228415	1203331-1228415	withheld:modelled_gene_bar	withheld:modelled_gene_bar	MAT1-1	MAT1-1														COX13,MAT1-1-3,SLA2	COX13,MAT1-1-3,SLA2		
GCA_000150145.1_ASM15014v1	Ascomycota:MAT	DS499599.1	2089163-2109551	2089163-2109551	withheld:modelled_gene_bar+polish_capped	withheld:modelled_gene_bar+polish_capped	MAT1-1	MAT1-1														APN2,MAT1-1-1	APN2,MAT1-1-1		
GCA_000150145.1_ASM15014v1	Ascomycota:MAT	DS499601.1	417509-426014	417509-426014	withheld:modelled_gene_bar+polish_capped	withheld:modelled_gene_bar+polish_capped	MAT1-2	MAT1-2														COX13,MAT1-2-1	COX13,MAT1-2-1		
GCA_003014415.1_Cand_auris_B11243	Ascomycota:MTL	PYGM01000086.1	8313-16156	8313-16156	called	called	A	A	high	high	mat_locus	mat_locus										MTLA1,MTLA2,OBP1,PAP1,PIK1	MTLA1,MTLA2,OBP1,PAP1,PIK1		
GCA_003014415.1_Cand_auris_B11243	Ascomycota:MTL	PYGM01000017.1	149809-152374	149809-152374	withheld:modelled_gene_bar	withheld:modelled_gene_bar	alpha	alpha														MTLalpha1	MTLalpha1		
GCA_003014415.1_Cand_auris_B11243	Ascomycota:MTL	PYGM01000041.1	17115-17231	17115-17231	withheld:modelled_gene_bar	withheld:modelled_gene_bar	alpha	alpha														MTLalpha1	MTLalpha1		
GCA_003014415.1_Cand_auris_B11243	Ascomycota:MTL	PYGM01000031.1	66037-66369	66037-66369	withheld:modelled_gene_bar	withheld:modelled_gene_bar	A	A														MTLA1	MTLA1		
GCA_003014415.1_Cand_auris_B11243	Ascomycota:MTL	PYGM01000003.1	123135-145079	123135-145079	withheld:modelled_gene_bar	withheld:modelled_gene_bar	A	A														MTLA1,PIK1	MTLA1,PIK1		
GCA_003014415.1_Cand_auris_B11243	Ascomycota:MTL	PYGM01000006.1	6821-21741	6821-21741	withheld:modelled_gene_bar+polish_capped	withheld:modelled_gene_bar+polish_capped	A	A														MTLA1,OBP1	MTLA1,OBP1		
GCA_003014415.1_Cand_auris_B11243	Ascomycota:MTL	PYGM01000002.1	100617-117990	100617-117990	withheld:modelled_gene_bar+polish_capped	withheld:modelled_gene_bar+polish_capped	A	A														MTLA1,PIK1	MTLA1,PIK1		
GCA_003014415.1_Cand_auris_B11243	Ascomycota:MTL	PYGM01000002.1	237980-238087	237980-238087	withheld:modelled_gene_bar	withheld:modelled_gene_bar	A	A														MTLA2	MTLA2		
GCA_003014415.1_Cand_auris_B11243	Ascomycota:MTL	PYGM01000004.1	173857-209725	173857-209725	withheld:modelled_gene_bar	withheld:modelled_gene_bar	alpha	alpha														MTLalpha1,OBP1,PAP1	MTLalpha1,OBP1,PAP1		
GCA_003014415.1_Cand_auris_B11243	Ascomycota:MTL	PYGM01000015.1	128312-128461	128312-128461	withheld:modelled_gene_bar	withheld:modelled_gene_bar	A	A														MTLA2	MTLA2		
GCA_003014415.1_Cand_auris_B11243	Ascomycota:MTL	PYGM01000119.1	18270-27038	18270-27038	withheld:modelled_gene_bar+polish_capped	withheld:modelled_gene_bar+polish_capped	A	A														MTLA1,OBP1	MTLA1,OBP1		
GCA_003014415.1_Cand_auris_B11243	Ascomycota:MTL	PYGM01000063.1	11175-27831	11175-27831	withheld:modelled_gene_bar	withheld:modelled_gene_bar	A	A														MTLA1,PAP1,PIK1	MTLA1,PAP1,PIK1		
GCA_003014415.1_Cand_auris_B11243	Ascomycota:MTL	PYGM01000056.1	44905-56464	44905-56464	withheld:modelled_gene_bar+polish_capped	withheld:modelled_gene_bar+polish_capped	A	A														MTLA1,PIK1	MTLA1,PIK1		
GCA_003014415.1_Cand_auris_B11243	Ascomycota:MTL	PYGM01000014.1	52816-53055	52816-53055	withheld:modelled_gene_bar	withheld:modelled_gene_bar	A	A														MTLA2	MTLA2		
GCA_003014415.1_Cand_auris_B11243	Ascomycota:MTL	PYGM01000022.1	54485-72120	54485-72120	withheld:modelled_gene_bar+polish_capped	withheld:modelled_gene_bar+polish_capped	A	A														MTLA1,MTLA2	MTLA1,MTLA2		
GCA_003014415.1_Cand_auris_B11243	Ascomycota:MTL	PYGM01000026.1	103340-106305	103340-106305	withheld:modelled_gene_bar+polish_capped	withheld:modelled_gene_bar+polish_capped	A	A														MTLA1,MTLA2	MTLA1,MTLA2		
GCA_003014415.1_Cand_auris_B11243	Ascomycota:MTL	PYGM01000013.1	152517-152678	152517-152678	withheld:modelled_gene_bar	withheld:modelled_gene_bar	A	A														MTLA2	MTLA2		
GCA_003014415.1_Cand_auris_B11243	Ascomycota:MTL	PYGM01000089.1	40370-40555	40370-40555	withheld:modelled_gene_bar	withheld:modelled_gene_bar	A	A														MTLA1	MTLA1		
GCA_003014415.1_Cand_auris_B11243	Ascomycota:MTL	PYGM01000135.1	26701-26796	26701-26796	withheld:modelled_gene_bar	withheld:modelled_gene_bar	A	A														MTLA1	MTLA1		
GCA_003014415.1_Cand_auris_B11243	Ascomycota:MTL	PYGM01000201.1	4453-4587	4453-4587	withheld:modelled_gene_bar	withheld:modelled_gene_bar	A	A														MTLA1	MTLA1		
GCA_003014415.1_Cand_auris_B11243	Ascomycota:MTL	PYGM01000012.1	173284-173463	173284-173463	withheld:modelled_gene_bar	withheld:modelled_gene_bar	A	A														MTLA1	MTLA1		
GCA_003014415.1_Cand_auris_B11243	Ascomycota:MTL	PYGM01000057.1	27062-27232	27062-27232	withheld:modelled_gene_bar	withheld:modelled_gene_bar	alpha	alpha														MTLalpha1	MTLalpha1		
GCA_003014415.1_Cand_auris_B11243	Ascomycota:MTL	PYGM01000140.1	3708-3872	3708-3872	withheld:modelled_gene_bar	withheld:modelled_gene_bar	alpha	alpha														MTLalpha1	MTLalpha1		
GCA_003014415.1_Cand_auris_B11243	Ascomycota:MTL	PYGM01000193.1	3937-4080	3937-4080	withheld:modelled_gene_bar	withheld:modelled_gene_bar	alpha	alpha														MTLalpha1	MTLalpha1		
GCA_003014415.1_Cand_auris_B11243	Ascomycota:MTL	PYGM01000048.1	44746-44895	44746-44895	withheld:modelled_gene_bar	withheld:modelled_gene_bar	alpha	alpha														MTLalpha1	MTLalpha1		
GCA_003014415.1_Cand_auris_B11243	Ascomycota:MTL	PYGM01000065.1	36696-51774	36696-51774	withheld:modelled_gene_bar	withheld:modelled_gene_bar	alpha	alpha														MTLalpha1	MTLalpha1		
GCA_003014415.1_Cand_auris_B11243	Ascomycota:MTL	PYGM01000028.1	98344-98457	98344-98457	withheld:modelled_gene_bar	withheld:modelled_gene_bar	A	A														MTLA2	MTLA2		
GCA_003014415.1_Cand_auris_B11243	Ascomycota:MTL	PYGM01000110.1	33487-33645	33487-33645	withheld:modelled_gene_bar	withheld:modelled_gene_bar	A	A														MTLA1	MTLA1		
GCA_003014415.1_Cand_auris_B11243	Ascomycota:MTL	PYGM01000005.1	169953-170165	169953-170165	withheld:modelled_gene_bar	withheld:modelled_gene_bar	alpha	alpha														MTLalpha1	MTLalpha1		
GCA_003014415.1_Cand_auris_B11243	Ascomycota:MTL	PYGM01000081.1	47878-48042	47878-48042	withheld:modelled_gene_bar	withheld:modelled_gene_bar	alpha	alpha														MTLalpha1	MTLalpha1		
GCA_003014415.1_Cand_auris_B11243	Ascomycota:MTL	PYGM01000147.1	4927-5070	4927-5070	withheld:modelled_gene_bar	withheld:modelled_gene_bar	alpha	alpha														MTLalpha1	MTLalpha1		
GCA_003014415.1_Cand_auris_B11243	Ascomycota:MTL	PYGM01000021.1	74680-74889	74680-74889	withheld:modelled_gene_bar	withheld:modelled_gene_bar	A	A														MTLA1	MTLA1		
GCA_003014415.1_Cand_auris_B11243	Ascomycota:MTL	PYGM01000075.1	3454-3654	3454-3654	withheld:modelled_gene_bar	withheld:modelled_gene_bar	A	A														MTLA1	MTLA1		
GCA_003014415.1_Cand_auris_B11243	Ascomycota:MTL	PYGM01000034.1	86768-86968	86768-86968	withheld:modelled_gene_bar	withheld:modelled_gene_bar	alpha	alpha														MTLalpha1	MTLalpha1		
GCA_003014415.1_Cand_auris_B11243	Ascomycota:MTL	PYGM01000139.1	24866-24967	24866-24967	withheld:modelled_gene_bar	withheld:modelled_gene_bar	alpha	alpha														MTLalpha1	MTLalpha1		
GCA_003014415.1_Cand_auris_B11243	Ascomycota:MTL	PYGM01000044.1	43846-44022	43846-44022	withheld:modelled_gene_bar	withheld:modelled_gene_bar	alpha	alpha														MTLalpha1	MTLalpha1		
GCA_003014415.1_Cand_auris_B11243	Ascomycota:MTL	PYGM01000030.1	71234-72847	71234-72847	withheld:modelled_gene_bar+polish_capped	withheld:modelled_gene_bar+polish_capped	alpha	alpha														MTLalpha1,OBP1	MTLalpha1,OBP1		
GCA_003014415.1_Cand_auris_B11243	Ascomycota:MTL	PYGM01000009.1	112226-112348	112226-112348	withheld:modelled_gene_bar	withheld:modelled_gene_bar	A	A														MTLA2	MTLA2		
GCA_003014415.1_Cand_auris_B11243	Ascomycota:MTL	PYGM01000162.1	12234-12341	12234-12341	withheld:modelled_gene_bar	withheld:modelled_gene_bar	A	A														MTLA2	MTLA2		
GCA_003014415.1_Cand_auris_B11243	Ascomycota:MTL	PYGM01000222.1	963-1055	963-1055	withheld:modelled_gene_bar	withheld:modelled_gene_bar	A	A														MTLA2	MTLA2		
GCA_003014415.1_Cand_auris_B11243	Ascomycota:MTL	PYGM01000209.1	1790-1930	1790-1930	withheld:modelled_gene_bar	withheld:modelled_gene_bar	A	A														MTLA2	MTLA2		
GCA_003014415.1_Cand_auris_B11243	Ascomycota:MTL	PYGM01000050.1	13304-13456	13304-13456	withheld:modelled_gene_bar	withheld:modelled_gene_bar	A	A														MTLA1	MTLA1		
GCA_003014415.1_Cand_auris_B11243	Ascomycota:MTL	PYGM01000102.1	15000-28432	15000-28432	withheld:modelled_gene_bar+polish_capped	withheld:modelled_gene_bar+polish_capped	alpha	alpha														MTLalpha1,OBP1	MTLalpha1,OBP1		
GCA_003014415.1_Cand_auris_B11243	Ascomycota:MTL	PYGM01000051.1	54481-54609	54481-54609	withheld:modelled_gene_bar	withheld:modelled_gene_bar	A	A														MTLA2	MTLA2		
GCA_003014415.1_Cand_auris_B11243	Ascomycota:MTL	PYGM01000090.1	16871-17200	16871-17200	withheld:modelled_gene_bar	withheld:modelled_gene_bar	A	A														MTLA2	MTLA2		
GCA_003014415.1_Cand_auris_B11243	Ascomycota:MTL	PYGM01000117.1	20707-20928	20707-20928	withheld:modelled_gene_bar	withheld:modelled_gene_bar	A	A														MTLA1	MTLA1		
GCA_003014415.1_Cand_auris_B11243	Ascomycota:MTL	PYGM01000033.1	37617-62065	37617-62065	withheld:modelled_gene_bar+polish_capped	withheld:modelled_gene_bar+polish_capped	alpha	alpha														MTLalpha1,OBP1	MTLalpha1,OBP1		
GCA_005281805.1_ASM528180v1	Ascomycota:PM	RHGF01000006.1	51688-52236	51688-52236	withheld:modelled_gene_bar	withheld:modelled_gene_bar	P	P														matPi	matPi		
GCA_005281805.1_ASM528180v1	Ascomycota:PM	RHGF01000006.1	91885-93298	91885-93298	withheld:modelled_gene_bar	withheld:modelled_gene_bar	M	M														matMc,matPi	matMc,matPi		
GCA_005281805.1_ASM528180v1	Ascomycota:PM	RHGF01000011.1	218412-218606	218412-218606	withheld:modelled_gene_bar	withheld:modelled_gene_bar	P	P														matPi	matPi		
GCA_005281805.1_ASM528180v1	Ascomycota:PM	RHGF01000011.1	375235-375456	375235-375456	withheld:modelled_gene_bar	withheld:modelled_gene_bar	M	M														matMc	matMc		
GCA_005281805.1_ASM528180v1	Ascomycota:PM	RHGF01000004.1	457710-457901	457710-457901	withheld:modelled_gene_bar	withheld:modelled_gene_bar	P	P														matPi	matPi		
GCA_005281805.1_ASM528180v1	Ascomycota:PM	RHGF01000012.1	141682-141831	141682-141831	withheld:modelled_gene_bar	withheld:modelled_gene_bar	M	M														matMi	matMi		
GCA_005281805.1_ASM528180v1	Ascomycota:PM	RHGF01000012.1	309090-309206	309090-309206	withheld:modelled_gene_bar	withheld:modelled_gene_bar	P	P														matPi	matPi		
GCA_005281805.1_ASM528180v1	Ascomycota:PM	RHGF01000017.1	310077-310259	310077-310259	withheld:modelled_gene_bar	withheld:modelled_gene_bar	P	P														matPi	matPi		
GCA_005281805.1_ASM528180v1	Ascomycota:PM	RHGF01000028.1	47828-47956	47828-47956	withheld:modelled_gene_bar	withheld:modelled_gene_bar	P	P														matPi	matPi		
GCA_005281805.1_ASM528180v1	Ascomycota:PM	RHGF01000038.1	51322-51414	51322-51414	withheld:modelled_gene_bar	withheld:modelled_gene_bar	P	P														matPi	matPi		
GCA_005281805.1_ASM528180v1	Ascomycota:PM	RHGF01000001.1	299493-299603	299493-299603	withheld:modelled_gene_bar	withheld:modelled_gene_bar	M	M														matMc	matMc		
GCA_005281805.1_ASM528180v1	Ascomycota:PM	RHGF01000001.1	503204-503368	503204-503368	withheld:modelled_gene_bar	withheld:modelled_gene_bar	P	P														matPi	matPi		
GCA_005281805.1_ASM528180v1	Ascomycota:PM	RHGF01000002.1	156738-157220	156738-157220	withheld:modelled_gene_bar	withheld:modelled_gene_bar	M	M														matMc	matMc		
GCA_005281805.1_ASM528180v1	Ascomycota:PM	RHGF01000002.1	599603-599755	599603-599755	withheld:modelled_gene_bar	withheld:modelled_gene_bar	M	M														matMc	matMc		
GCA_005281805.1_ASM528180v1	Ascomycota:PM	RHGF01000013.1	324875-325009	324875-325009	withheld:modelled_gene_bar	withheld:modelled_gene_bar	M	M														matMc	matMc		
GCA_005281805.1_ASM528180v1	Ascomycota:PM	RHGF01000007.1	77858-80370	77858-80370	withheld:modelled_gene_bar	withheld:modelled_gene_bar	M	M														matMc,matPi	matMc,matPi		
GCA_005281805.1_ASM528180v1	Ascomycota:PM	RHGF01000014.1	60478-60633	60478-60633	withheld:modelled_gene_bar	withheld:modelled_gene_bar	P	P														matPi	matPi		
GCA_005281805.1_ASM528180v1	Ascomycota:PM	RHGF01000014.1	132160-132303	132160-132303	withheld:modelled_gene_bar	withheld:modelled_gene_bar	M	M														matMc	matMc		
GCA_005281805.1_ASM528180v1	Ascomycota:PM	RHGF01000026.1	168843-168977	168843-168977	withheld:modelled_gene_bar	withheld:modelled_gene_bar	M	M														matMi	matMi		
GCA_005281805.1_ASM528180v1	Ascomycota:PM	RHGF01000009.1	263702-263812	263702-263812	withheld:modelled_gene_bar	withheld:modelled_gene_bar	P	P														matPi	matPi		
GCA_005281805.1_ASM528180v1	Ascomycota:PM	RHGF01000009.1	393093-393218	393093-393218	withheld:modelled_gene_bar	withheld:modelled_gene_bar	M	M														matMi	matMi		
GCA_005281805.1_ASM528180v1	Ascomycota:PM	RHGF01000029.1	7127-7315	7127-7315	withheld:modelled_gene_bar	withheld:modelled_gene_bar	P	P														matPi	matPi		
GCA_005281805.1_ASM528180v1	Ascomycota:PM	RHGF01000020.1	282270-282461	282270-282461	withheld:modelled_gene_bar	withheld:modelled_gene_bar	P	P														matPi	matPi		
GCA_005281805.1_ASM528180v1	Ascomycota:PM	RHGF01000008.1	76083-76256	76083-76256	withheld:modelled_gene_bar	withheld:modelled_gene_bar	P	P														matPi	matPi		
GCA_005281805.1_ASM528180v1	Ascomycota:PM	RHGF01000008.1	375210-375440	375210-375440	withheld:modelled_gene_bar	withheld:modelled_gene_bar	P	P														matPi	matPi		
GCA_005281805.1_ASM528180v1	Ascomycota:PM	RHGF01000021.1	237670-237771	237670-237771	withheld:modelled_gene_bar	withheld:modelled_gene_bar	M	M														matMc	matMc		
GCA_005281805.1_ASM528180v1	Ascomycota:PM	RHGF01000042.1	25695-25787	25695-25787	withheld:modelled_gene_bar	withheld:modelled_gene_bar	P	P														matPi	matPi		
GCA_005281805.1_ASM528180v1	Ascomycota:PM	RHGF01000019.1	42601-42696	42601-42696	withheld:modelled_gene_bar	withheld:modelled_gene_bar	P	P														matPi	matPi		
GCA_005281805.1_ASM528180v1	Ascomycota:PM	RHGF01000048.1	29282-29383	29282-29383	withheld:modelled_gene_bar	withheld:modelled_gene_bar	P	P														matPi	matPi		
GCA_005281805.1_ASM528180v1	Ascomycota:PM	RHGF01000018.1	86289-86501	86289-86501	withheld:modelled_gene_bar	withheld:modelled_gene_bar	P	P														matPi	matPi		
GCA_005281805.1_ASM528180v1	Ascomycota:PM	RHGF01000025.1	99102-99311	99102-99311	withheld:modelled_gene_bar	withheld:modelled_gene_bar	M	M														matMc	matMc		
GCA_016772135.1_ASM1677213v1	Ascomycota:MTL	CP060341.1	195876-203714	195876-203714	called	called	A	A	high	high	mat_locus	mat_locus										MTLA1,MTLA2,OBP1,PAP1,PIK1	MTLA1,MTLA2,OBP1,PAP1,PIK1		
GCA_016772135.1_ASM1677213v1	Ascomycota:MTL	CP060340.1	37699-37878	37699-37878	withheld:modelled_gene_bar	withheld:modelled_gene_bar	A	A														MTLA1	MTLA1		
GCA_016772135.1_ASM1677213v1	Ascomycota:MTL	CP060340.1	182587-182736	182587-182736	withheld:modelled_gene_bar	withheld:modelled_gene_bar	A	A														MTLA2	MTLA2		
GCA_016772135.1_ASM1677213v1	Ascomycota:MTL	CP060340.1	519553-519690	519553-519690	withheld:modelled_gene_bar	withheld:modelled_gene_bar	A	A														MTLA1	MTLA1		
GCA_016772135.1_ASM1677213v1	Ascomycota:MTL	CP060340.1	618463-618675	618463-618675	withheld:modelled_gene_bar	withheld:modelled_gene_bar	alpha	alpha														MTLalpha1	MTLalpha1		
GCA_016772135.1_ASM1677213v1	Ascomycota:MTL	CP060340.1	1112802-1113002	1112802-1113002	withheld:modelled_gene_bar	withheld:modelled_gene_bar	A	A														MTLA1	MTLA1		
GCA_016772135.1_ASM1677213v1	Ascomycota:MTL	CP060340.1	1563963-1588812	1563963-1588812	withheld:modelled_gene_bar+polish_capped	withheld:modelled_gene_bar+polish_capped	alpha	alpha														MTLA1,MTLalpha1	MTLA1,MTLalpha1		
GCA_016772135.1_ASM1677213v1	Ascomycota:MTL	CP060340.1	2088895-2110631	2088895-2110631	withheld:modelled_gene_bar+polish_capped	withheld:modelled_gene_bar+polish_capped	alpha	alpha														MTLalpha1,OBP1	MTLalpha1,OBP1		
GCA_016772135.1_ASM1677213v1	Ascomycota:MTL	CP060340.1	2147483-2147599	2147483-2147599	withheld:modelled_gene_bar	withheld:modelled_gene_bar	alpha	alpha														MTLalpha1	MTLalpha1		
GCA_016772135.1_ASM1677213v1	Ascomycota:MTL	CP060340.1	2260156-2260305	2260156-2260305	withheld:modelled_gene_bar	withheld:modelled_gene_bar	alpha	alpha														MTLalpha1	MTLalpha1		
GCA_016772135.1_ASM1677213v1	Ascomycota:MTL	CP060341.1	647893-648009	647893-648009	withheld:modelled_gene_bar	withheld:modelled_gene_bar	alpha	alpha														MTLalpha1	MTLalpha1		
GCA_016772135.1_ASM1677213v1	Ascomycota:MTL	CP060341.1	714677-733452	714677-733452	withheld:modelled_gene_bar	withheld:modelled_gene_bar	A	A														MTLA1,OBP1,PIK1	MTLA1,OBP1,PIK1		
GCA_016772135.1_ASM1677213v1	Ascomycota:MTL	CP060341.1	1059703-1059864	1059703-1059864	withheld:modelled_gene_bar	withheld:modelled_gene_bar	A	A														MTLA2	MTLA2		
GCA_016772135.1_ASM1677213v1	Ascomycota:MTL	CP060341.1	1267543-1267782	1267543-1267782	withheld:modelled_gene_bar	withheld:modelled_gene_bar	alpha	alpha														MTLalpha1	MTLalpha1		
GCA_016772135.1_ASM1677213v1	Ascomycota:MTL	CP060341.1	1382545-1385511	1382545-1385511	withheld:modelled_gene_bar+polish_capped	withheld:modelled_gene_bar+polish_capped	A	A														MTLA1,MTLA2	MTLA1,MTLA2		
GCA_016772135.1_ASM1677213v1	Ascomycota:MTL	CP060344.1	174713-176329	174713-176329	withheld:modelled_gene_bar+polish_capped	withheld:modelled_gene_bar+polish_capped	alpha	alpha														MTLalpha1,OBP1	MTLalpha1,OBP1		
GCA_016772135.1_ASM1677213v1	Ascomycota:MTL	CP060344.1	217220-217318	217220-217318	withheld:modelled_gene_bar	withheld:modelled_gene_bar	alpha	alpha														MTLalpha1	MTLalpha1		
GCA_016772135.1_ASM1677213v1	Ascomycota:MTL	CP060344.1	321040-321204	321040-321204	withheld:modelled_gene_bar	withheld:modelled_gene_bar	alpha	alpha														MTLalpha1	MTLalpha1		
GCA_016772135.1_ASM1677213v1	Ascomycota:MTL	CP060344.1	484620-484754	484620-484754	withheld:modelled_gene_bar	withheld:modelled_gene_bar	alpha	alpha														MTLalpha1	MTLalpha1		
GCA_016772135.1_ASM1677213v1	Ascomycota:MTL	CP060344.1	585176-585508	585176-585508	withheld:modelled_gene_bar	withheld:modelled_gene_bar	A	A														MTLA1	MTLA1		
GCA_016772135.1_ASM1677213v1	Ascomycota:MTL	CP060344.1	740451-740576	740451-740576	withheld:modelled_gene_bar	withheld:modelled_gene_bar	A	A														MTLA2	MTLA2		
GCA_016772135.1_ASM1677213v1	Ascomycota:MTL	CP060344.1	817972-839987	817972-839987	withheld:modelled_gene_bar	withheld:modelled_gene_bar	A	A														MTLA1,PIK1	MTLA1,PIK1		
GCA_016772135.1_ASM1677213v1	Ascomycota:MTL	CP060342.1	117141-117326	117141-117326	withheld:modelled_gene_bar	withheld:modelled_gene_bar	A	A														MTLA2	MTLA2		
GCA_016772135.1_ASM1677213v1	Ascomycota:MTL	CP060342.1	458791-458922	458791-458922	withheld:modelled_gene_bar	withheld:modelled_gene_bar	A	A														MTLA1	MTLA1		
GCA_016772135.1_ASM1677213v1	Ascomycota:MTL	CP060342.1	807639-807746	807639-807746	withheld:modelled_gene_bar	withheld:modelled_gene_bar	A	A														MTLA2	MTLA2		
GCA_016772135.1_ASM1677213v1	Ascomycota:MTL	CP060342.1	927262-927465	927262-927465	withheld:modelled_gene_bar	withheld:modelled_gene_bar	A	A														MTLA1	MTLA1		
GCA_016772135.1_ASM1677213v1	Ascomycota:MTL	CP060342.1	960081-960185	960081-960185	withheld:modelled_gene_bar	withheld:modelled_gene_bar	alpha	alpha														MTLalpha1	MTLalpha1		
GCA_016772135.1_ASM1677213v1	Ascomycota:MTL	CP060342.1	1085851-1108926	1085851-1108926	withheld:modelled_gene_bar+polish_capped	withheld:modelled_gene_bar+polish_capped	alpha	alpha														MTLalpha1,MTLalpha2	MTLalpha1,MTLalpha2		
GCA_016772135.1_ASM1677213v1	Ascomycota:MTL	CP060339.1	336835-339819	336835-339819	withheld:modelled_gene_bar+polish_capped	withheld:modelled_gene_bar+polish_capped	A	A														MTLA1,PAP1	MTLA1,PAP1		
GCA_016772135.1_ASM1677213v1	Ascomycota:MTL	CP060339.1	594859-595059	594859-595059	withheld:modelled_gene_bar	withheld:modelled_gene_bar	alpha	alpha														MTLalpha1	MTLalpha1		
GCA_016772135.1_ASM1677213v1	Ascomycota:MTL	CP060339.1	874472-891097	874472-891097	withheld:modelled_gene_bar	withheld:modelled_gene_bar	A	A														MTLA1,PAP1,PIK1	MTLA1,PAP1,PIK1		
GCA_016772135.1_ASM1677213v1	Ascomycota:MTL	CP060339.1	927152-935931	927152-935931	withheld:modelled_gene_bar+polish_capped	withheld:modelled_gene_bar+polish_capped	A	A														MTLA1,OBP1	MTLA1,OBP1		
GCA_016772135.1_ASM1677213v1	Ascomycota:MTL	CP060339.1	2247169-2247261	2247169-2247261	withheld:modelled_gene_bar	withheld:modelled_gene_bar	A	A														MTLA2	MTLA2		
GCA_016772135.1_ASM1677213v1	Ascomycota:MTL	CP060339.1	2353768-2353860	2353768-2353860	withheld:modelled_gene_bar	withheld:modelled_gene_bar	A	A														MTLA1	MTLA1		
GCA_016772135.1_ASM1677213v1	Ascomycota:MTL	CP060339.1	2579825-2579947	2579825-2579947	withheld:modelled_gene_bar	withheld:modelled_gene_bar	A	A														MTLA2	MTLA2		
GCA_016772135.1_ASM1677213v1	Ascomycota:MTL	CP060339.1	2909640-2930001	2909640-2930001	withheld:modelled_gene_bar+polish_capped	withheld:modelled_gene_bar+polish_capped	A	A														MTLA1,MTLalpha1	MTLA1,MTLalpha1		
GCA_016772135.1_ASM1677213v1	Ascomycota:MTL	CP060339.1	3450614-3450784	3450614-3450784	withheld:modelled_gene_bar	withheld:modelled_gene_bar	A	A														MTLA2	MTLA2		
GCA_016772135.1_ASM1677213v1	Ascomycota:MTL	CP060343.1	418111-418350	418111-418350	withheld:modelled_gene_bar	withheld:modelled_gene_bar	A	A														MTLA2	MTLA2		
GCA_016772135.1_ASM1677213v1	Ascomycota:MTL	CP060343.1	845928-880611	845928-880611	withheld:modelled_gene_bar	withheld:modelled_gene_bar	A	A														MTLA2,OBP1,PAP1,PIK1	MTLA2,OBP1,PAP1,PIK1		
GCA_016772135.1_ASM1677213v1	Ascomycota:MTL	CP060343.1	983477-983617	983477-983617	withheld:modelled_gene_bar	withheld:modelled_gene_bar	A	A														MTLA2	MTLA2		
GCA_016772135.1_ASM1677213v1	Ascomycota:MTL	CP060345.1	107893-108063	107893-108063	withheld:modelled_gene_bar	withheld:modelled_gene_bar	alpha	alpha														MTLalpha1	MTLalpha1		
GCA_016772135.1_ASM1677213v1	Ascomycota:MTL	CP060345.1	219708-219881	219708-219881	withheld:modelled_gene_bar	withheld:modelled_gene_bar	A	A														MTLA1	MTLA1		
GCA_016772295.1_ASM1677229v1	Basidiomycota:Aalpha	JAAGWA010000001.1	1625683-1631394	1622916-1632613	called	called	undetermined	undetermined	high	high	idiomorph_gene_only	idiomorph_gene_only										HD1,HD2,Y,Z	HD1,HD2,MIP1,Y,Z,beta_fg		span_changed,gene_set_changed
GCA_016772295.1_ASM1677229v1	Basidiomycota:PR	JAAGWA010000010.1	1806650-1826463	1806650-1826463	called	called	undetermined	undetermined	high	high	idiomorph_gene_only	idiomorph_gene_only										caax_precursor,fungal_mating_type_pheromone,pheromone_B43,pheromone_B44,pheromone_receptor	caax_precursor,fungal_mating_type_pheromone,pheromone_B43,pheromone_B44,pheromone_receptor		
GCA_016772295.1_ASM1677229v1	Basidiomycota:Balpha	JAAGWA010000001.1	60356-60466	57440-60466	withheld:modelled_gene_bar	withheld:modelled_gene_bar	undetermined	undetermined														bap3-3	bap3-3		span_changed
GCA_016772295.1_ASM1677229v1	Basidiomycota:Balpha	JAAGWA010000001.1	324727-324840	324727-324840	withheld:modelled_gene_bar	withheld:modelled_gene_bar	undetermined	undetermined														bap3-3	bap3-3		
GCA_016772295.1_ASM1677229v1	Basidiomycota:Aalpha	JAAGWA010000001.1	1311138-1311245	1311111-1311245	withheld:modelled_gene_bar	withheld:modelled_gene_bar	undetermined	undetermined														Y	Y		span_changed
GCA_016772295.1_ASM1677229v1	Basidiomycota:HD	JAAGWA010000001.1	2127625-2149599	2127625-2149599	withheld:modelled_gene_bar	withheld:modelled_gene_bar	undetermined	undetermined														HD1,HD2	HD1,HD2		
GCA_016772295.1_ASM1677229v1	Basidiomycota:HD	JAAGWA010000001.1	2789028-2789177	2789028-2789177	withheld:modelled_gene_bar	withheld:modelled_gene_bar	undetermined	undetermined														HD2	HD2		
GCA_016772295.1_ASM1677229v1	Basidiomycota:Aalpha	JAAGWA010000001.1	3913338-3913640	3913338-3930918	withheld:modelled_gene_bar	withheld:modelled_gene_bar	undetermined	undetermined														Y	Y		span_changed
GCA_016772295.1_ASM1677229v1	Basidiomycota:Aalpha	JAAGWA010000007.1	984226-988082	984226-988082	withheld:modelled_gene_bar	withheld:modelled_gene_bar	undetermined	undetermined														Y	Y		
GCA_016772295.1_ASM1677229v1	Basidiomycota:HD	JAAGWA010000007.1	1465149-1465280	1465149-1465283	withheld:modelled_gene_bar	withheld:modelled_gene_bar	undetermined	undetermined														HD2	HD1,HD2		span_changed,gene_set_changed
GCA_016772295.1_ASM1677229v1	Basidiomycota:Aalpha	JAAGWA010000007.1	1465149-1465280	1465149-1465283	withheld:modelled_gene_bar	withheld:modelled_gene_bar	undetermined	undetermined														Z	Z		span_changed
GCA_016772295.1_ASM1677229v1	Basidiomycota:Aalpha	JAAGWA010000007.1	2009728-2009871	2009728-2009871	withheld:modelled_gene_bar	withheld:modelled_gene_bar	undetermined	undetermined														Z	Z		
GCA_016772295.1_ASM1677229v1	Basidiomycota:HD	JAAGWA010000007.1	2380779-2380973	2380779-2380973	withheld:modelled_gene_bar	withheld:modelled_gene_bar	undetermined	undetermined														HD2	HD2		
GCA_016772295.1_ASM1677229v1	Basidiomycota:Aalpha	JAAGWA010000003.1	1154302-1154427	1154302-1158192	withheld:modelled_gene_bar	withheld:modelled_gene_bar	undetermined	undetermined														Y	Y		span_changed
GCA_016772295.1_ASM1677229v1	Basidiomycota:HD	JAAGWA010000003.1	1723271-1723423	1723271-1723423	withheld:modelled_gene_bar	withheld:modelled_gene_bar	undetermined	undetermined														HD1	HD1		
GCA_016772295.1_ASM1677229v1	Basidiomycota:HD	JAAGWA010000003.1	1754263-1754391	1754263-1754391	withheld:modelled_gene_bar	withheld:modelled_gene_bar	undetermined	undetermined														HD1	HD1		
GCA_016772295.1_ASM1677229v1	Basidiomycota:Balpha	JAAGWA010000003.1	1858127-1858255	1858127-1858255	withheld:modelled_gene_bar	withheld:modelled_gene_bar	undetermined	undetermined														bap3-3	bap3-3		
GCA_016772295.1_ASM1677229v1	Basidiomycota:HD	JAAGWA010000003.1	2195481-2195624	2195478-2217934	withheld:modelled_gene_bar	withheld:modelled_gene_bar	undetermined	undetermined														HD2	HD2		span_changed
GCA_016772295.1_ASM1677229v1	Basidiomycota:Aalpha	JAAGWA010000003.1	2195481-2195624	2195478-2217934	withheld:modelled_gene_bar	withheld:modelled_gene_bar	undetermined	undetermined														Y	Y		span_changed
GCA_016772295.1_ASM1677229v1	Basidiomycota:HD	JAAGWA010000009.1	179223-179333	179223-179333	withheld:modelled_gene_bar	withheld:modelled_gene_bar	undetermined	undetermined														HD1	HD1		
GCA_016772295.1_ASM1677229v1	Basidiomycota:HD	JAAGWA010000009.1	1851258-1870148	1851258-1870148	withheld:modelled_gene_bar	withheld:modelled_gene_bar	undetermined	undetermined														HD1	HD1		
GCA_016772295.1_ASM1677229v1	Basidiomycota:HD	JAAGWA010000008.1	2118663-2118905	2118663-2118905	withheld:modelled_gene_bar	withheld:modelled_gene_bar	undetermined	undetermined														HD1	HD1		
GCA_016772295.1_ASM1677229v1	Basidiomycota:PR	JAAGWA010000004.1	2155782-2187065	2151431-2187428	withheld:modelled_gene_bar	withheld:modelled_gene_bar	undetermined	undetermined														pheromone_B43,pheromone_receptor	pheromone_B43,pheromone_receptor		span_changed
GCA_016772295.1_ASM1677229v1	Basidiomycota:Balpha	JAAGWA010000004.1	2155782-2187065	2151431-2187428	withheld:modelled_gene_bar	withheld:modelled_gene_bar	undetermined	undetermined														bar3	bar3		span_changed
GCA_016772295.1_ASM1677229v1	Basidiomycota:Bbeta	JAAGWA010000004.1	2155782-2187065	2151431-2187428	withheld:modelled_gene_bar	withheld:modelled_gene_bar	undetermined	undetermined														bbp2-6,bbr2	bbp2-6,bbr2		span_changed
GCA_016772295.1_ASM1677229v1	Basidiomycota:Aalpha	JAAGWA010000004.1	3525580-3542225	3497313-3542225	withheld:modelled_gene_bar	withheld:modelled_gene_bar	undetermined	undetermined														Z	Z		span_changed
GCA_016772295.1_ASM1677229v1	Basidiomycota:Balpha	JAAGWA010000004.1	3525580-3542225	3497313-3542225	withheld:modelled_gene_bar	withheld:modelled_gene_bar	undetermined	undetermined														bap3-3	bap3-3		span_changed
GCA_016772295.1_ASM1677229v1	Basidiomycota:Aalpha	JAAGWA010000002.1	764721-764897	764721-764897	withheld:modelled_gene_bar	withheld:modelled_gene_bar	undetermined	undetermined														Z	Z		
GCA_016772295.1_ASM1677229v1	Basidiomycota:Balpha	JAAGWA010000002.1	1083960-1084052	1083960-1084052	withheld:modelled_gene_bar	withheld:modelled_gene_bar	undetermined	undetermined														bap3-3	bap3-3		
GCA_016772295.1_ASM1677229v1	Basidiomycota:Aalpha	JAAGWA010000002.1	3247289-3247411	3247289-3247411	withheld:modelled_gene_bar	withheld:modelled_gene_bar	undetermined	undetermined														Z	Z		
GCA_016772295.1_ASM1677229v1	Basidiomycota:Aalpha	JAAGWA010000015.1	43468-43584	43468-43584	withheld:modelled_gene_bar	withheld:modelled_gene_bar	undetermined	undetermined														Y	Y		
GCA_016772295.1_ASM1677229v1	Basidiomycota:Aalpha	JAAGWA010000006.1	1257088-1257186	1257088-1257186	withheld:modelled_gene_bar	withheld:modelled_gene_bar	undetermined	undetermined														Y	Y		
GCA_016772295.1_ASM1677229v1	Basidiomycota:Balpha	JAAGWA010000010.1	1806650-1826463	1806650-1826463	withheld:modelled_gene_bar	withheld:modelled_gene_bar	undetermined	undetermined														bap3-3,bar3	bap3-3,bar3		
GCA_016772295.1_ASM1677229v1	Basidiomycota:Bbeta	JAAGWA010000010.1	1806650-1826463	1806650-1826463	withheld:modelled_gene_bar	withheld:modelled_gene_bar	undetermined	undetermined														bbr2	bbr2		
GCA_016772295.1_ASM1677229v1	Basidiomycota:Balpha	JAAGWA010000010.1	1873681-1878632	1873663-1878635	withheld:modelled_gene_bar	withheld:modelled_gene_bar	undetermined	undetermined														bar3	bar3		span_changed
GCA_016772295.1_ASM1677229v1	Basidiomycota:HD	JAAGWA010000010.1	2020206-2020400	2020206-2040108	withheld:modelled_gene_bar	withheld:modelled_gene_bar	undetermined	undetermined														HD1	HD1		span_changed
GCA_016772295.1_ASM1677229v1	Basidiomycota:PR	JAAGWA010000004.1	196117-199430	196117-199430	withheld:below_fraction_floor	withheld:below_fraction_floor	undetermined	undetermined														caax_precursor,pheromone_receptor	caax_precursor,pheromone_receptor		
GCA_016772295.1_ASM1677229v1	Basidiomycota:HD	JAAGWA010000001.1		157256-157360	absent	withheld:modelled_gene_bar		undetermined															HD2		withheld_reason_changed
GCA_016772295.1_ASM1677229v1	Basidiomycota:HD	JAAGWA010000001.1		911755-912015	absent	withheld:modelled_gene_bar		undetermined															HD2		withheld_reason_changed
GCA_016772295.1_ASM1677229v1	Basidiomycota:HD	JAAGWA010000001.1		1072938-1073174	absent	withheld:modelled_gene_bar		undetermined															HD2		withheld_reason_changed
GCA_016772295.1_ASM1677229v1	Basidiomycota:HD	JAAGWA010000001.1		1311111-1311245	absent	withheld:modelled_gene_bar		undetermined															HD2		withheld_reason_changed
GCA_016772295.1_ASM1677229v1	Basidiomycota:HD	JAAGWA010000001.1		2364922-2365020	absent	withheld:modelled_gene_bar		undetermined															HD2		withheld_reason_changed
GCA_016772295.1_ASM1677229v1	Basidiomycota:HD	JAAGWA010000001.1		2612632-2612901	absent	withheld:modelled_gene_bar		undetermined															HD2		withheld_reason_changed
GCA_016772295.1_ASM1677229v1	Basidiomycota:HD	JAAGWA010000001.1		2712096-2712206	absent	withheld:modelled_gene_bar		undetermined															HD2		withheld_reason_changed
GCA_016772295.1_ASM1677229v1	Basidiomycota:HD	JAAGWA010000001.1		3280155-3280247	absent	withheld:modelled_gene_bar		undetermined															HD1		withheld_reason_changed
GCA_016772295.1_ASM1677229v1	Basidiomycota:PR	JAAGWA010000001.1		3993441-4008265	absent	withheld:modelled_gene_bar		undetermined															fungal_mating_type_pheromone,pheromone_receptor		withheld_reason_changed
GCA_016772295.1_ASM1677229v1	Basidiomycota:HD	JAAGWA010000007.1		673052-673261	absent	withheld:modelled_gene_bar		undetermined															HD1		withheld_reason_changed
GCA_016772295.1_ASM1677229v1	Basidiomycota:HD	JAAGWA010000007.1		2716366-2716584	absent	withheld:modelled_gene_bar		undetermined															HD1		withheld_reason_changed
GCA_016772295.1_ASM1677229v1	Basidiomycota:PR	JAAGWA010000003.1		507166-545183	absent	withheld:modelled_gene_bar		undetermined															fungal_mating_type_pheromone,pheromone_B43		withheld_reason_changed
GCA_016772295.1_ASM1677229v1	Basidiomycota:PR	JAAGWA010000003.1		2195478-2217934	absent	withheld:modelled_gene_bar		undetermined															fungal_mating_type_pheromone,pheromone_receptor		withheld_reason_changed
GCA_016772295.1_ASM1677229v1	Basidiomycota:HD	JAAGWA010000003.1		3206571-3206678	absent	withheld:modelled_gene_bar		undetermined															HD2		withheld_reason_changed
GCA_016772295.1_ASM1677229v1	Basidiomycota:HD	JAAGWA010000003.1		3400885-3400986	absent	withheld:modelled_gene_bar		undetermined															HD1		withheld_reason_changed
GCA_016772295.1_ASM1677229v1	Basidiomycota:HD	JAAGWA010000003.1		3649433-3663932	absent	withheld:modelled_gene_bar		undetermined															HD1		withheld_reason_changed
GCA_016772295.1_ASM1677229v1	Basidiomycota:HD	JAAGWA010000009.1		1453126-1477220	absent	withheld:modelled_gene_bar		undetermined															HD2		withheld_reason_changed
GCA_016772295.1_ASM1677229v1	Basidiomycota:HD	JAAGWA010000008.1		1021369-1021509	absent	withheld:modelled_gene_bar		undetermined															HD1		withheld_reason_changed
GCA_016772295.1_ASM1677229v1	Basidiomycota:HD	JAAGWA010000012.1		33722-34021	absent	withheld:modelled_gene_bar		undetermined															HD1		withheld_reason_changed
GCA_016772295.1_ASM1677229v1	Basidiomycota:HD	JAAGWA010000012.1		353277-353528	absent	withheld:modelled_gene_bar		undetermined															HD1		withheld_reason_changed
GCA_016772295.1_ASM1677229v1	Basidiomycota:HD	JAAGWA010000012.1		577690-577899	absent	withheld:modelled_gene_bar		undetermined															HD1		withheld_reason_changed
GCA_016772295.1_ASM1677229v1	Basidiomycota:HD	JAAGWA010000012.1		1406963-1407136	absent	withheld:modelled_gene_bar		undetermined															HD1		withheld_reason_changed
GCA_016772295.1_ASM1677229v1	Basidiomycota:HD	JAAGWA010000004.1		642094-642252	absent	withheld:modelled_gene_bar		undetermined															HD2		withheld_reason_changed
GCA_016772295.1_ASM1677229v1	Basidiomycota:HD	JAAGWA010000004.1		1875990-1893481	absent	withheld:modelled_gene_bar		undetermined															HD2		withheld_reason_changed
GCA_016772295.1_ASM1677229v1	Basidiomycota:HD	JAAGWA010000004.1		2151431-2187428	absent	withheld:modelled_gene_bar		undetermined															HD1,MIP1		withheld_reason_changed
GCA_016772295.1_ASM1677229v1	Basidiomycota:HD	JAAGWA010000004.1		3497313-3542225	absent	withheld:modelled_gene_bar		undetermined															HD2		withheld_reason_changed
GCA_016772295.1_ASM1677229v1	Basidiomycota:PR	JAAGWA010000004.1		3497313-3542225	absent	withheld:modelled_gene_bar		undetermined															fungal_mating_type_pheromone		withheld_reason_changed
GCA_016772295.1_ASM1677229v1	Basidiomycota:HD	JAAGWA010000002.1		371984-372112	absent	withheld:modelled_gene_bar		undetermined															HD1		withheld_reason_changed
GCA_016772295.1_ASM1677229v1	Basidiomycota:HD	JAAGWA010000002.1		684152-684367	absent	withheld:modelled_gene_bar		undetermined															HD2		withheld_reason_changed
GCA_016772295.1_ASM1677229v1	Basidiomycota:HD	JAAGWA010000002.1		3640701-3640835	absent	withheld:modelled_gene_bar		undetermined															HD1		withheld_reason_changed
GCA_016772295.1_ASM1677229v1	Basidiomycota:HD	JAAGWA010000006.1		745746-745847	absent	withheld:modelled_gene_bar		undetermined															HD2		withheld_reason_changed
GCA_016772295.1_ASM1677229v1	Basidiomycota:HD	JAAGWA010000010.1		530306-530548	absent	withheld:modelled_gene_bar		undetermined															HD2		withheld_reason_changed
GCA_016772295.1_ASM1677229v1	Basidiomycota:HD	JAAGWA010000010.1		560030-583229	absent	withheld:modelled_gene_bar		undetermined															HD2		withheld_reason_changed
GCA_016772295.1_ASM1677229v1	Basidiomycota:HD	JAAGWA010000010.1		1302466-1302837	absent	withheld:modelled_gene_bar		undetermined															HD2		withheld_reason_changed
GCA_016772295.1_ASM1677229v1	Basidiomycota:HD	JAAGWA010000005.1		35207-35710	absent	withheld:modelled_gene_bar		undetermined															HD2,MIP1		withheld_reason_changed
GCA_016772295.1_ASM1677229v1	Basidiomycota:HD	JAAGWA010000005.1		1548268-1571965	absent	withheld:modelled_gene_bar		undetermined															HD2		withheld_reason_changed
GCA_016772295.1_ASM1677229v1	Basidiomycota:HD	JAAGWA010000005.1		3103034-3103174	absent	withheld:modelled_gene_bar		undetermined															HD1		withheld_reason_changed
GCA_016772295.1_ASM1677229v1	Basidiomycota:HD	JAAGWA010000005.1		3137362-3162635	absent	withheld:modelled_gene_bar		undetermined															HD1		withheld_reason_changed
GCA_016772295.1_ASM1677229v1	Basidiomycota:HD	JAAGWA010000011.1		631322-631513	absent	withheld:modelled_gene_bar		undetermined															HD1		withheld_reason_changed
GCA_023646395.1_KEW_Xsp1	Ascomycota:MAT	JALAIM010000088.1	43481-53088	43481-53088	called	called	MAT1-2	MAT1-2	high	high	mat_locus	mat_locus										APN2,COX13,MAT1-1-1,MAT1-2-1	APN2,COX13,MAT1-1-1,MAT1-2-1		
GCA_023646395.1_KEW_Xsp1	Ascomycota:MAT	JALAIM010000209.1	16612-26365	16612-26365	withheld:modelled_gene_bar	withheld:modelled_gene_bar	MAT1-2	MAT1-2														COX13,MAT1-2-1	COX13,MAT1-2-1		
GCA_023646395.1_KEW_Xsp1	Ascomycota:MAT	JALAIM010002493.1	4184-5552	4184-5552	withheld:modelled_gene_bar	withheld:modelled_gene_bar	MAT1-1	MAT1-1														APN2,MAT1-1-1	APN2,MAT1-1-1		
GCA_023647215.1_KEW_Xsp2	Ascomycota:MAT	JALAIR010000062.1	30978-46009	30978-46009	called	called	MAT1-2	MAT1-2	high	high	mat_locus	mat_locus										APN2,COX13,MAT1-1-1,MAT1-2-1,SLA2	APN2,COX13,MAT1-1-1,MAT1-2-1,SLA2		
GCA_023647215.1_KEW_Xsp2	Ascomycota:MAT	JALAIR010000031.1	40497-64386	40497-64386	withheld:modelled_gene_bar	withheld:modelled_gene_bar	MAT1-2	MAT1-2														COX13,MAT1-2-1	COX13,MAT1-2-1		
GCA_023647215.1_KEW_Xsp2	Ascomycota:MAT	JALAIR010000119.1	7144-12126	7144-12126	withheld:modelled_gene_bar+polish_capped	withheld:modelled_gene_bar+polish_capped	MAT1-2	MAT1-2														COX13,MAT1-2-1	COX13,MAT1-2-1		
GCA_023647215.1_KEW_Xsp2	Ascomycota:MAT	JALAIR010000086.1	26860-27969	26860-27969	withheld:modelled_gene_bar+polish_capped	withheld:modelled_gene_bar+polish_capped	MAT1-2	MAT1-2														APN2,MAT1-2-1	APN2,MAT1-2-1		
GCA_023647215.1_KEW_Xsp2	Ascomycota:MAT	JALAIR010000288.1	2373-15843	2373-15843	withheld:below_fraction_floor	withheld:below_fraction_floor	MAT1-2	MAT1-2														MAT1-1-1,MAT1-2-1	MAT1-1-1,MAT1-2-1		
GCA_964255735.1_public_SRR14722176_metabat2_bin.14	Ascomycota:MAT	CAXUYH010000110.1	36254-44130	36254-44130	called	called	MAT1-2	MAT1-2	medium	medium	partial_locus	partial_locus										MAT1-2-1,SLA2	MAT1-2-1,SLA2		
GCA_964255735.1_public_SRR14722176_metabat2_bin.14	Ascomycota:MAT	CAXUYH010000065.1	41062-55329	41062-55329	called	called	MAT1-1	MAT1-1	high	high	mat_locus	mat_locus										APN2,COX13,MAT1-1-1,MAT1-1-2,MAT1-1-3	APN2,COX13,MAT1-1-1,MAT1-1-2,MAT1-1-3		
GCA_964255735.1_public_SRR14722176_metabat2_bin.14	Ascomycota:MAT	CAXUYH010000112.1	7839-17248	7839-17248	withheld:modelled_gene_bar+polish_capped	withheld:modelled_gene_bar+polish_capped	MAT1-2	MAT1-2														APN2,MAT1-2-1	APN2,MAT1-2-1		
GCA_964255735.1_public_SRR14722176_metabat2_bin.14	Ascomycota:MAT	CAXUYH010000005.1	102028-117418	102028-117418	withheld:modelled_gene_bar+polish_capped	withheld:modelled_gene_bar+polish_capped	MAT1-2	MAT1-2														COX13,MAT1-2-1	COX13,MAT1-2-1		
GCA_964255735.1_public_SRR14722176_metabat2_bin.14	Ascomycota:MAT	CAXUYH010000759.1	3893-5727	3893-5727	withheld:modelled_gene_bar+polish_capped	withheld:modelled_gene_bar+polish_capped	MAT1-1	MAT1-1														MAT1-1-1,SLA2	MAT1-1-1,SLA2		
GCA_964255735.1_public_SRR14722176_metabat2_bin.14	Ascomycota:MAT	CAXUYH010000055.1	17051-17257	17051-17257	withheld:modelled_gene_bar+polish_capped	withheld:modelled_gene_bar+polish_capped	MAT1-2	MAT1-2														MAT1-2-1,SLA2	MAT1-2-1,SLA2		
GCA_964255735.1_public_SRR14722176_metabat2_bin.14	Ascomycota:MAT	CAXUYH010000077.1	43815-49309	43815-49309	withheld:modelled_gene_bar+polish_capped	withheld:modelled_gene_bar+polish_capped	MAT1-1	MAT1-1														APN2,MAT1-1-1	APN2,MAT1-1-1		
GCA_964255735.1_public_SRR14722176_metabat2_bin.14	Ascomycota:MAT	CAXUYH010000090.1	31622-41071	31622-41071	withheld:modelled_gene_bar+polish_capped	withheld:modelled_gene_bar+polish_capped	MAT1-2	MAT1-2														APN2,MAT1-2-1	APN2,MAT1-2-1		
GCA_964255735.1_public_SRR14722176_metabat2_bin.14	Ascomycota:MAT	CAXUYH010000158.1	11441-23294	11441-23294	withheld:modelled_gene_bar+polish_capped	withheld:modelled_gene_bar+polish_capped	MAT1-2	MAT1-2														APN2,MAT1-2-1	APN2,MAT1-2-1		
GCA_964255735.1_public_SRR14722176_metabat2_bin.14	Ascomycota:MAT	CAXUYH010000773.1	142-3695	142-3695	withheld:modelled_gene_bar+polish_capped	withheld:modelled_gene_bar+polish_capped	MAT1-2	MAT1-2														COX13,MAT1-2-1	COX13,MAT1-2-1		
GCA_964255735.1_public_SRR14722176_metabat2_bin.14	Ascomycota:MAT	CAXUYH010000187.1	9930-23090	9930-23090	withheld:modelled_gene_bar+polish_capped	withheld:modelled_gene_bar+polish_capped	MAT1-1	MAT1-1														APN2,MAT1-1-1	APN2,MAT1-1-1		
GCA_964255735.1_public_SRR14722176_metabat2_bin.14	Ascomycota:MAT	CAXUYH010000072.1	11641-36099	11641-36099	withheld:modelled_gene_bar+polish_capped	withheld:modelled_gene_bar+polish_capped	MAT1-2	MAT1-2														APN2,MAT1-2-1	APN2,MAT1-2-1		
GCF_000002515.2_ASM251v1	Ascomycota:MATsc	NC_006039.1	22568-25800	22568-25800	called	called	MATalpha	MATalpha	high	high	mat_locus	mat_locus										MATALPHA1,MATALPHA2,sla2	MATALPHA1,MATALPHA2,sla2		
GCF_000002515.2_ASM251v1	Ascomycota:MATsc	NC_006039.1	277789-282180	277789-282180	called	called	MATa	MATa	high	high	mat_locus	mat_locus										MATA1,MATA2,sla2	MATA1,MATA2,sla2		
GCF_000002515.2_ASM251v1	Ascomycota:MATsc	NC_006038.1	1278189-1280933	1278189-1280933	called	called	MATa	MATa	high	high	mat_locus	mat_locus										MATA1,MATA2,sla2	MATA1,MATA2,sla2		
GCF_000002515.2_ASM251v1	Ascomycota:MATsc	NC_006042.1	157779-157934	157779-157934	withheld:modelled_gene_bar	withheld:modelled_gene_bar	MATalpha	MATalpha														MATALPHA1	MATALPHA1		
GCF_000002515.2_ASM251v1	Ascomycota:MATsc	NC_006042.1	281244-281390	281244-281390	withheld:modelled_gene_bar	withheld:modelled_gene_bar	undetermined	undetermined														MATALPHA2	MATALPHA2		
GCF_000002515.2_ASM251v1	Ascomycota:MATsc	NC_006042.1	469379-469576	469379-469576	withheld:modelled_gene_bar	withheld:modelled_gene_bar	undetermined	undetermined														MATALPHA2	MATALPHA2		
GCF_000002515.2_ASM251v1	Ascomycota:MATsc	NC_006042.1	1235035-1235145	1235035-1235145	withheld:modelled_gene_bar	withheld:modelled_gene_bar	undetermined	undetermined														MATA2	MATA2		
GCF_000002515.2_ASM251v1	Ascomycota:MATsc	NC_006042.1	1783344-1783490	1783344-1783490	withheld:modelled_gene_bar	withheld:modelled_gene_bar	MATalpha	MATalpha														MATALPHA1	MATALPHA1		
GCF_000002515.2_ASM251v1	Ascomycota:MATsc	NC_006042.1	2080264-2080458	2080264-2080458	withheld:modelled_gene_bar	withheld:modelled_gene_bar	MATalpha	MATalpha														MATALPHA1	MATALPHA1		
GCF_000002515.2_ASM251v1	Ascomycota:MATsc	NC_006041.1	24438-24530	24438-24530	withheld:modelled_gene_bar	withheld:modelled_gene_bar	undetermined	undetermined														MATALPHA2	MATALPHA2		
GCF_000002515.2_ASM251v1	Ascomycota:MATsc	NC_006041.1	477038-477307	477038-477307	withheld:modelled_gene_bar	withheld:modelled_gene_bar	undetermined	undetermined														MATALPHA2	MATALPHA2		
GCF_000002515.2_ASM251v1	Ascomycota:MATsc	NC_006041.1	664952-665122	664952-665122	withheld:modelled_gene_bar	withheld:modelled_gene_bar	MATalpha	MATalpha														MATALPHA1	MATALPHA1		
GCF_000002515.2_ASM251v1	Ascomycota:MATsc	NC_006041.1	695802-695957	695802-695957	withheld:modelled_gene_bar	withheld:modelled_gene_bar	undetermined	undetermined														MATALPHA2	MATALPHA2		
GCF_000002515.2_ASM251v1	Ascomycota:MATsc	NC_006041.1	1443177-1443368	1443177-1443368	withheld:modelled_gene_bar	withheld:modelled_gene_bar	MATa	MATa														MATA1	MATA1		
GCF_000002515.2_ASM251v1	Ascomycota:MATsc	NC_006041.1	1562792-1563220	1562792-1563220	withheld:modelled_gene_bar	withheld:modelled_gene_bar	MATalpha	MATalpha														MATALPHA1	MATALPHA1		
GCF_000002515.2_ASM251v1	Ascomycota:MATsc	NC_006041.1	1755934-1756065	1755934-1756065	withheld:modelled_gene_bar	withheld:modelled_gene_bar	undetermined	undetermined														MATA2	MATA2		
GCF_000002515.2_ASM251v1	Ascomycota:MATsc	NC_006038.1	125621-125800	125621-125800	withheld:modelled_gene_bar	withheld:modelled_gene_bar	undetermined	undetermined														MATALPHA2	MATALPHA2		
GCF_000002515.2_ASM251v1	Ascomycota:MATsc	NC_006038.1	913642-913797	913642-913797	withheld:modelled_gene_bar	withheld:modelled_gene_bar	undetermined	undetermined														MATALPHA2	MATALPHA2		
GCF_000002515.2_ASM251v1	Ascomycota:MATsc	NC_006038.1	1233930-1234028	1233930-1234028	withheld:modelled_gene_bar	withheld:modelled_gene_bar	undetermined	undetermined														MATALPHA2	MATALPHA2		
GCF_000002515.2_ASM251v1	Ascomycota:MATsc	NC_006040.1	849849-850787	849849-850787	withheld:modelled_gene_bar	withheld:modelled_gene_bar	MATa	MATa														MATA1,sla2	MATA1,sla2		
GCF_000002515.2_ASM251v1	Ascomycota:MATsc	NC_006040.1	1065373-1065522	1065373-1065522	withheld:modelled_gene_bar	withheld:modelled_gene_bar	undetermined	undetermined														MATALPHA2	MATALPHA2		
GCF_000002515.2_ASM251v1	Ascomycota:MATsc	NC_006037.1	522010-522294	522010-522294	withheld:modelled_gene_bar	withheld:modelled_gene_bar	undetermined	undetermined														MATALPHA2	MATALPHA2		
GCF_000002515.2_ASM251v1	Ascomycota:MATsc	NC_006037.1	656890-657165	656890-657165	withheld:modelled_gene_bar	withheld:modelled_gene_bar	MATalpha	MATalpha														MATALPHA1	MATALPHA1		
GCF_000002655.1_ASM265v1	Ascomycota:MAT	NC_007196.1	1499275-1529803	1499275-1529803	called	called	MAT1-2	MAT1-2	medium	medium	mat_locus	mat_locus										APN2,CIMG_00407,COX13,MAT1-2-1,MAT1-2-4,SLA2	APN2,CIMG_00407,COX13,MAT1-2-1,MAT1-2-4,SLA2		
GCF_000002655.1_ASM265v1	Ascomycota:MAT	NC_007194.1	425038-445438	425038-445438	withheld:modelled_gene_bar+polish_capped	withheld:modelled_gene_bar+polish_capped	MAT1-1	MAT1-1														APN2,MAT1-1-1	APN2,MAT1-1-1		
GCF_000002655.1_ASM265v1	Ascomycota:MAT	NC_007194.1	715977-741704	715977-741704	withheld:modelled_gene_bar+polish_capped	withheld:modelled_gene_bar+polish_capped	MAT1-1	MAT1-1														MAT1-1-1,SLA2	MAT1-1-1,SLA2		
GCF_000002655.1_ASM265v1	Ascomycota:MAT	NC_007194.1	1347016-1365165	1347016-1365165	withheld:modelled_gene_bar	withheld:modelled_gene_bar	MAT1-1	MAT1-1														COX13,MAT1-1-1,MAT1-1-5	COX13,MAT1-1-1,MAT1-1-5		
GCF_000002655.1_ASM265v1	Ascomycota:MAT	NC_007194.1	3090546-3093004	3090546-3093004	withheld:modelled_gene_bar+polish_capped	withheld:modelled_gene_bar+polish_capped	MAT1-2	MAT1-2														APN2,MAT1-2-1	APN2,MAT1-2-1		
GCF_000002655.1_ASM265v1	Ascomycota:MAT	NC_007197.1	293043-295394	293043-295394	withheld:modelled_gene_bar+polish_capped	withheld:modelled_gene_bar+polish_capped	MAT1-2	MAT1-2														COX13,MAT1-2-1	COX13,MAT1-2-1		
GCF_000002655.1_ASM265v1	Ascomycota:MAT	NC_007197.1	1834638-1848755	1834638-1848755	withheld:modelled_gene_bar	withheld:modelled_gene_bar	MAT1-1	MAT1-1														MAT1-1-1,MAT1-1-5,SLA2	MAT1-1-1,MAT1-1-5,SLA2		
GCF_000002655.1_ASM265v1	Ascomycota:MAT	NC_007198.1	240563-263875	240563-263875	withheld:modelled_gene_bar+polish_capped	withheld:modelled_gene_bar+polish_capped	MAT1-1	MAT1-1														COX13,MAT1-1-1	COX13,MAT1-1-1		
GCF_000002655.1_ASM265v1	Ascomycota:MAT	NC_007200.1	417688-426147	417688-426147	withheld:modelled_gene_bar+polish_capped	withheld:modelled_gene_bar+polish_capped	MAT1-2	MAT1-2														COX13,MAT1-2-1	COX13,MAT1-2-1		
GCF_000002655.1_ASM265v1	Ascomycota:MAT	NC_007195.1	1713330-1725428	1713330-1725428	withheld:modelled_gene_bar+polish_capped	withheld:modelled_gene_bar+polish_capped	MAT1-2	MAT1-2														APN2,MAT1-2-1	APN2,MAT1-2-1		
GCF_000002655.1_ASM265v1	Ascomycota:MAT	NC_007199.1	1410558-1452254	1410558-1452254	withheld:modelled_gene_bar+polish_capped	withheld:modelled_gene_bar+polish_capped	MAT1-1	MAT1-1														APN2,MAT1-1-1	APN2,MAT1-1-1		
GCF_000002655.1_ASM265v1	Ascomycota:MAT	NC_007199.1	2516096-2541179	2516096-2541179	withheld:modelled_gene_bar	withheld:modelled_gene_bar	MAT1-1	MAT1-1														COX13,MAT1-1-3,SLA2	COX13,MAT1-1-3,SLA2		
GCF_000002945.2_ASM294v3	Ascomycota:mat1	NC_003423.3	2114222-2133391	2114222-2133391	called	called	M	M	high	high	idiomorph_gene_only	idiomorph_gene_only										mat1-Mc,mat1-Mi	mat1-Mc,mat1-Mi		
GCF_000002945.2_ASM294v3	Ascomycota:mat1	NC_003423.3	135835-136038	135835-136038	withheld:modelled_gene_bar	withheld:modelled_gene_bar	P	P														mat1-Pi	mat1-Pi		
GCF_000002945.2_ASM294v3	Ascomycota:mat2	NC_003423.3	220076-220318	220076-220318	withheld:modelled_gene_bar	withheld:modelled_gene_bar	P	P														matPi	matPi		
GCF_000002945.2_ASM294v3	Ascomycota:PM	NC_003423.3	368308-368421	368308-368421	withheld:modelled_gene_bar	withheld:modelled_gene_bar	M	M														matMi	matMi		
GCF_000002945.2_ASM294v3	Ascomycota:PM	NC_003423.3	450308-450469	450308-450469	withheld:modelled_gene_bar	withheld:modelled_gene_bar	M	M														matMc	matMc		
GCF_000002945.2_ASM294v3	Ascomycota:PM	NC_003423.3	1181985-1182101	1181985-1182101	withheld:modelled_gene_bar	withheld:modelled_gene_bar	P	P														matPi	matPi		
GCF_000002945.2_ASM294v3	Ascomycota:PM	NC_003423.3	1589899-1590108	1589899-1590108	withheld:modelled_gene_bar	withheld:modelled_gene_bar	M	M														matMc	matMc		
GCF_000002945.2_ASM294v3	Ascomycota:PM	NC_003423.3	2114222-2133391	2114222-2133391	withheld:modelled_gene_bar	withheld:modelled_gene_bar	M	M														matMc	matMc		
GCF_000002945.2_ASM294v3	Ascomycota:PM	NC_003423.3	2554272-2554415	2554272-2554415	withheld:modelled_gene_bar	withheld:modelled_gene_bar	M	M														matMc	matMc		
GCF_000002945.2_ASM294v3	Ascomycota:PM	NC_003423.3	2746523-2746825	2746523-2746825	withheld:modelled_gene_bar	withheld:modelled_gene_bar	P	P														matPi	matPi		
GCF_000002945.2_ASM294v3	Ascomycota:PM	NC_003423.3	2787798-2788052	2787798-2788052	withheld:modelled_gene_bar	withheld:modelled_gene_bar	P	P														matPi	matPi		
GCF_000002945.2_ASM294v3	Ascomycota:PM	NC_003423.3	3852226-3852327	3852226-3852327	withheld:modelled_gene_bar	withheld:modelled_gene_bar	M	M														matMc	matMc		
GCF_000002945.2_ASM294v3	Ascomycota:mat1	NC_003423.3	3979418-3985873	3979418-3985873	withheld:modelled_gene_bar	withheld:modelled_gene_bar	M	M														mat1-Mc	mat1-Mc		
GCF_000002945.2_ASM294v3	Ascomycota:PM	NC_003423.3	3979418-3985873	3979418-3985873	withheld:modelled_gene_bar	withheld:modelled_gene_bar	M	M														matMc,matPi	matMc,matPi		
GCF_000002945.2_ASM294v3	Ascomycota:mat2	NC_003423.3	4362989-4363099	4362989-4363099	withheld:modelled_gene_bar	withheld:modelled_gene_bar	P	P														matPc	matPc		
GCF_000002945.2_ASM294v3	Ascomycota:mat2	NC_003424.3	309322-309414	309322-309414	withheld:modelled_gene_bar	withheld:modelled_gene_bar	P	P														matPi	matPi		
GCF_000002945.2_ASM294v3	Ascomycota:PM	NC_003424.3	485233-485355	485233-485355	withheld:modelled_gene_bar	withheld:modelled_gene_bar	M	M														matMi	matMi		
GCF_000002945.2_ASM294v3	Ascomycota:mat1	NC_003424.3	1165353-1165445	1165353-1165445	withheld:modelled_gene_bar	withheld:modelled_gene_bar	P	P														mat1-Pc	mat1-Pc		
GCF_000002945.2_ASM294v3	Ascomycota:PM	NC_003424.3	1726930-1727022	1726930-1727022	withheld:modelled_gene_bar	withheld:modelled_gene_bar	P	P														matPi	matPi		
GCF_000002945.2_ASM294v3	Ascomycota:mat1	NC_003424.3	2331758-2331919	2331758-2331919	withheld:modelled_gene_bar	withheld:modelled_gene_bar	P	P														mat1-Pi	mat1-Pi		
GCF_000002945.2_ASM294v3	Ascomycota:PM	NC_003424.3	2778851-2778961	2778851-2778961	withheld:modelled_gene_bar	withheld:modelled_gene_bar	M	M														matMi	matMi		
GCF_000002945.2_ASM294v3	Ascomycota:mat1	NC_003424.3	2804492-2822367	2804492-2822367	withheld:modelled_gene_bar	withheld:modelled_gene_bar	M	M														mat1-Mc	mat1-Mc		
GCF_000002945.2_ASM294v3	Ascomycota:mat2	NC_003424.3	2804492-2822367	2804492-2822367	withheld:modelled_gene_bar	withheld:modelled_gene_bar	P	P														matPi	matPi		
GCF_000002945.2_ASM294v3	Ascomycota:PM	NC_003424.3	3031133-3031222	3031133-3031222	withheld:modelled_gene_bar	withheld:modelled_gene_bar	M	M														matMc	matMc		
GCF_000002945.2_ASM294v3	Ascomycota:mat1	NC_003424.3	3130505-3130726	3130505-3130726	withheld:modelled_gene_bar	withheld:modelled_gene_bar	M	M														mat1-Mc	mat1-Mc		
GCF_000002945.2_ASM294v3	Ascomycota:PM	NC_003424.3	3659235-3659351	3659235-3659351	withheld:modelled_gene_bar	withheld:modelled_gene_bar	P	P														matPi	matPi		
GCF_000002945.2_ASM294v3	Ascomycota:mat2	NC_003424.3	3820304-3820405	3820304-3820405	withheld:modelled_gene_bar	withheld:modelled_gene_bar	P	P														matPc	matPc		
GCF_000002945.2_ASM294v3	Ascomycota:mat1	NC_003424.3	4670524-4670919	4670524-4670919	withheld:modelled_gene_bar	withheld:modelled_gene_bar	P	P														mat1-Pi	mat1-Pi		
GCF_000002945.2_ASM294v3	Ascomycota:PM	NC_003421.2	56496-56639	56496-56639	withheld:modelled_gene_bar	withheld:modelled_gene_bar	P	P														matPi	matPi		
GCF_000002945.2_ASM294v3	Ascomycota:mat2	NC_003421.2	212414-228299	212414-228299	withheld:modelled_gene_bar	withheld:modelled_gene_bar	P	P														matPi	matPi		
GCF_000002945.2_ASM294v3	Ascomycota:mat2	NC_003421.2	1008739-1008828	1008739-1008828	withheld:modelled_gene_bar	withheld:modelled_gene_bar	P	P														matPc	matPc		
GCF_000002945.2_ASM294v3	Ascomycota:mat2	NC_003421.2	1183236-1183361	1183236-1183361	withheld:modelled_gene_bar	withheld:modelled_gene_bar	P	P														matPc	matPc		
GCF_000006445.2_ASM644v2	Ascomycota:MTL	NC_006047.2	1587957-1591344	1587957-1591344	called	called	A	A	high	high	homothallic_candidate	homothallic_candidate										MTLA1,MTLA2,MTLalpha1	MTLA1,MTLA2,MTLalpha1		
GCF_000006445.2_ASM644v2	Ascomycota:MTL	NC_006047.2	334157-346159	334157-346159	withheld:modelled_gene_bar	withheld:modelled_gene_bar	A	A														MTLA2,PIK1	MTLA2,PIK1		
GCF_000006445.2_ASM644v2	Ascomycota:MTL	NC_006047.2	553678-553830	553678-553830	withheld:modelled_gene_bar	withheld:modelled_gene_bar	alpha	alpha														MTLalpha1	MTLalpha1		
GCF_000006445.2_ASM644v2	Ascomycota:MTL	NC_006047.2	635620-635766	635620-635766	withheld:modelled_gene_bar	withheld:modelled_gene_bar	A	A														MTLA1	MTLA1		
GCF_000006445.2_ASM644v2	Ascomycota:MTL	NC_006047.2	749527-749859	749527-749859	withheld:modelled_gene_bar	withheld:modelled_gene_bar	A	A														MTLA2	MTLA2		
GCF_000006445.2_ASM644v2	Ascomycota:MTL	NC_006047.2	805142-805249	805142-805249	withheld:modelled_gene_bar	withheld:modelled_gene_bar	alpha	alpha														MTLalpha1	MTLalpha1		
GCF_000006445.2_ASM644v2	Ascomycota:MTL	NC_006047.2	1855848-1864765	1855848-1864765	withheld:modelled_gene_bar+polish_capped	withheld:modelled_gene_bar+polish_capped	alpha	alpha														MTLalpha1,PIK1	MTLalpha1,PIK1		
GCF_000006445.2_ASM644v2	Ascomycota:MTL	NC_006049.2	601961-602113	601961-602113	withheld:modelled_gene_bar	withheld:modelled_gene_bar	A	A														MTLA1	MTLA1		
GCF_000006445.2_ASM644v2	Ascomycota:MTL	NC_006049.2	703299-728911	703299-728911	withheld:modelled_gene_bar	withheld:modelled_gene_bar	A	A														MTLA1,PAP1,PIK1	MTLA1,PAP1,PIK1		
GCF_000006445.2_ASM644v2	Ascomycota:MTL	NC_006049.2	1159381-1164394	1159381-1164394	withheld:modelled_gene_bar+polish_capped	withheld:modelled_gene_bar+polish_capped	alpha	alpha														MTLalpha1,PIK1	MTLalpha1,PIK1		
GCF_000006445.2_ASM644v2	Ascomycota:MTL	NC_006049.2	1364868-1364960	1364868-1364960	withheld:modelled_gene_bar	withheld:modelled_gene_bar	A	A														MTLA2	MTLA2		
GCF_000006445.2_ASM644v2	Ascomycota:MTL	NC_006049.2	1706519-1706758	1706519-1706758	withheld:modelled_gene_bar	withheld:modelled_gene_bar	A	A														MTLA1	MTLA1		
GCF_000006445.2_ASM644v2	Ascomycota:MTL	NC_006048.2	155651-155767	155651-155767	withheld:modelled_gene_bar	withheld:modelled_gene_bar	alpha	alpha														MTLalpha1	MTLalpha1		
GCF_000006445.2_ASM644v2	Ascomycota:MTL	NC_006048.2	751812-752105	751812-752105	withheld:modelled_gene_bar	withheld:modelled_gene_bar	alpha	alpha														MTLalpha1	MTLalpha1		
GCF_000006445.2_ASM644v2	Ascomycota:MTL	NC_006048.2	832783-832890	832783-832890	withheld:modelled_gene_bar	withheld:modelled_gene_bar	alpha	alpha														MTLalpha1	MTLalpha1		
GCF_000006445.2_ASM644v2	Ascomycota:MTL	NC_006048.2	1080654-1080797	1080654-1080797	withheld:modelled_gene_bar	withheld:modelled_gene_bar	A	A														MTLA1	MTLA1		
GCF_000006445.2_ASM644v2	Ascomycota:MTL	NC_006048.2	1844949-1856346	1844949-1856346	withheld:modelled_gene_bar	withheld:modelled_gene_bar	A	A														MTLA1,PAP1	MTLA1,PAP1		
GCF_000006445.2_ASM644v2	Ascomycota:MTL	NC_006048.2	1907833-1907967	1907833-1907967	withheld:modelled_gene_bar	withheld:modelled_gene_bar	A	A														MTLA1	MTLA1		
GCF_000006445.2_ASM644v2	Ascomycota:MTL	NC_006043.2	380844-381071	380844-381071	withheld:modelled_gene_bar	withheld:modelled_gene_bar	A	A														MTLA2	MTLA2		
GCF_000006445.2_ASM644v2	Ascomycota:MTL	NC_006043.2	576913-577089	576913-577089	withheld:modelled_gene_bar	withheld:modelled_gene_bar	alpha	alpha														MTLalpha1	MTLalpha1		
GCF_000006445.2_ASM644v2	Ascomycota:MTL	NC_006043.2	773788-773919	773788-773919	withheld:modelled_gene_bar	withheld:modelled_gene_bar	A	A														MTLA1	MTLA1		
GCF_000006445.2_ASM644v2	Ascomycota:MTL	NC_006043.2	1137549-1137647	1137549-1137647	withheld:modelled_gene_bar	withheld:modelled_gene_bar	alpha	alpha														MTLalpha1	MTLalpha1		
GCF_000006445.2_ASM644v2	Ascomycota:MTL	NC_006046.2	75576-75671	75576-75671	withheld:modelled_gene_bar	withheld:modelled_gene_bar	alpha	alpha														MTLalpha1	MTLalpha1		
GCF_000006445.2_ASM644v2	Ascomycota:MTL	NC_006046.2	917945-920122	917945-920122	withheld:modelled_gene_bar+polish_capped	withheld:modelled_gene_bar+polish_capped	A	A														MTLA2,PAP1	MTLA2,PAP1		
GCF_000006445.2_ASM644v2	Ascomycota:MTL	NC_006045.2	605754-625216	605754-625216	withheld:modelled_gene_bar+polish_capped	withheld:modelled_gene_bar+polish_capped	alpha	alpha														MTLalpha1,PIK1	MTLalpha1,PIK1		
GCF_000006445.2_ASM644v2	Ascomycota:MTL	NC_006045.2	689465-689554	689465-689554	withheld:modelled_gene_bar	withheld:modelled_gene_bar	alpha	alpha														MTLalpha1	MTLalpha1		
GCF_000006445.2_ASM644v2	Ascomycota:MTL	NC_006045.2	810006-810134	810006-810134	withheld:modelled_gene_bar	withheld:modelled_gene_bar	alpha	alpha														MTLalpha1	MTLalpha1		
GCF_000006445.2_ASM644v2	Ascomycota:MTL	NC_006045.2	1010211-1010351	1010211-1010351	withheld:modelled_gene_bar	withheld:modelled_gene_bar	alpha	alpha														MTLalpha1	MTLalpha1		
GCF_000006445.2_ASM644v2	Ascomycota:MTL	NC_006045.2	1049233-1065513	1049233-1065513	withheld:modelled_gene_bar+polish_capped	withheld:modelled_gene_bar+polish_capped	alpha	alpha														MTLalpha1,PIK1	MTLalpha1,PIK1		
GCF_000006445.2_ASM644v2	Ascomycota:MTL	NC_006044.2	78454-78684	78454-78684	withheld:modelled_gene_bar	withheld:modelled_gene_bar	alpha	alpha														MTLalpha1	MTLalpha1		
GCF_000006445.2_ASM644v2	Ascomycota:MTL	NC_006044.2	398148-415433	398148-415433	withheld:modelled_gene_bar+polish_capped	withheld:modelled_gene_bar+polish_capped	A	A														MTLA2,PIK1	MTLA2,PIK1		
GCF_000006445.2_ASM644v2	Ascomycota:MTL	NC_006044.2	748174-768191	748174-768191	withheld:modelled_gene_bar	withheld:modelled_gene_bar	alpha	alpha														MTLalpha1,PIK1	MTLalpha1,PIK1		
GCF_000006445.2_ASM644v2	Ascomycota:MTL	NC_006044.2	1282064-1282162	1282064-1282162	withheld:modelled_gene_bar	withheld:modelled_gene_bar	A	A														MTLA1	MTLA1		
GCF_000006445.2_ASM644v2	Ascomycota:MTL	NC_006044.2	1340523-1340618	1340523-1340618	withheld:modelled_gene_bar	withheld:modelled_gene_bar	alpha	alpha														MTLalpha1	MTLalpha1		
GCF_000006445.2_ASM644v2	Ascomycota:MTL	NC_006047.2	882001-897501	882001-897501	withheld:flank_carried_core_outside_flank_span	withheld:flank_carried_core_outside_flank_span	A	A														MTLA2,OBP1,PAP1,PIK1	MTLA2,OBP1,PAP1,PIK1		
GCF_000011425.1_ASM1142v1	Ascomycota:MAT	NC_066259.1	1138242-1147296	1138242-1147296	called	called	MAT1-2	MAT1-2	high	high	mat_locus	mat_locus										APN2,COX13,MAT1-2-1	APN2,COX13,MAT1-2-1		
GCF_000011425.1_ASM1142v1	Ascomycota:MAT	NC_066262.1	2851649-2858417	2851649-2858417	withheld:modelled_gene_bar+polish_capped	withheld:modelled_gene_bar+polish_capped	MAT1-1	MAT1-1														MAT1-1-1,SLA2	MAT1-1-1,SLA2		
GCF_000011425.1_ASM1142v1	Ascomycota:MAT	NC_066262.1	2978755-3001264	2978755-3001264	withheld:modelled_gene_bar+polish_capped	withheld:modelled_gene_bar+polish_capped	MAT1-2	MAT1-2														APN2,MAT1-2-1	APN2,MAT1-2-1		
GCF_000011425.1_ASM1142v1	Ascomycota:MAT	NC_066263.1	1582835-1589405	1582835-1589405	withheld:modelled_gene_bar+polish_capped	withheld:modelled_gene_bar+polish_capped	MAT1-2	MAT1-2														COX13,MAT1-2-1	COX13,MAT1-2-1		
GCF_000011425.1_ASM1142v1	Ascomycota:MAT	NC_066263.1	2520196-2523745	2520196-2523745	withheld:modelled_gene_bar+polish_capped	withheld:modelled_gene_bar+polish_capped	MAT1-1	MAT1-1														APN2,MAT1-1-1	APN2,MAT1-1-1		
GCF_000011425.1_ASM1142v1	Ascomycota:MAT	NC_066263.1	3839957-3842111	3839957-3842111	withheld:modelled_gene_bar+polish_capped	withheld:modelled_gene_bar+polish_capped	MAT1-2	MAT1-2														COX13,MAT1-2-1	COX13,MAT1-2-1		
GCF_000011425.1_ASM1142v1	Ascomycota:MAT	NC_066261.1	586663-607486	586663-607486	withheld:modelled_gene_bar	withheld:modelled_gene_bar	MAT1-1	MAT1-1														APN2,MAT1-1-1,SLA2	APN2,MAT1-1-1,SLA2		
GCF_000011425.1_ASM1142v1	Ascomycota:MAT	NC_066261.1	1335380-1357993	1335380-1357993	withheld:modelled_gene_bar+polish_capped	withheld:modelled_gene_bar+polish_capped	MAT1-2	MAT1-2														APN2,MAT1-2-1	APN2,MAT1-2-1		
GCF_000011425.1_ASM1142v1	Ascomycota:MAT	NC_066261.1	2343635-2367364	2343635-2367364	withheld:modelled_gene_bar	withheld:modelled_gene_bar	undetermined	undetermined														MAT1-1-1,MAT1-2-1,SLA2	MAT1-1-1,MAT1-2-1,SLA2		
GCF_000011425.1_ASM1142v1	Ascomycota:MAT	NC_066258.1	1090053-1112643	1090053-1112643	withheld:modelled_gene_bar+polish_capped	withheld:modelled_gene_bar+polish_capped	MAT1-1	MAT1-1														MAT1-1-1,SLA2	MAT1-1-1,SLA2		
GCF_000011425.1_ASM1142v1	Ascomycota:MAT	NC_066258.1	2899340-2915675	2899340-2915675	withheld:modelled_gene_bar+polish_capped	withheld:modelled_gene_bar+polish_capped	MAT1-2	MAT1-2														MAT1-2-1,SLA2	MAT1-2-1,SLA2		
GCF_000011425.1_ASM1142v1	Ascomycota:MAT	NC_066258.1	3644748-3659595	3644748-3659595	withheld:modelled_gene_bar+polish_capped	withheld:modelled_gene_bar+polish_capped	MAT1-2	MAT1-2														COX13,MAT1-2-1	COX13,MAT1-2-1		
GCF_000011425.1_ASM1142v1	Ascomycota:MAT	NC_066259.1	324021-342364	324021-342364	withheld:modelled_gene_bar	withheld:modelled_gene_bar	MAT1-1	MAT1-1														COX13,MAT1-1-1,MAT1-1-3	COX13,MAT1-1-1,MAT1-1-3		
GCF_000011425.1_ASM1142v1	Ascomycota:MAT	NC_066264.1	2906916-2907545	2906916-2907545	withheld:modelled_gene_bar+polish_capped	withheld:modelled_gene_bar+polish_capped	MAT1-1	MAT1-1														APN2,MAT1-1-1	APN2,MAT1-1-1		
GCF_000011425.1_ASM1142v1	Ascomycota:MAT	NC_066264.1	3073819-3084545	3073819-3084545	withheld:modelled_gene_bar	withheld:modelled_gene_bar	MAT1-1	MAT1-1														APN2,MAT1-1-1,MAT1-2-1	APN2,MAT1-1-1,MAT1-2-1		
GCF_000011425.1_ASM1142v1	Ascomycota:MAT	NC_066264.1	4075666-4090331	4075666-4090331	withheld:modelled_gene_bar+polish_capped	withheld:modelled_gene_bar+polish_capped	MAT1-1	MAT1-1														COX13,MAT1-1-1	COX13,MAT1-1-1		
GCF_000011425.1_ASM1142v1	Ascomycota:MAT	NC_066264.1	4196285-4207278	4196285-4207278	withheld:modelled_gene_bar+polish_capped	withheld:modelled_gene_bar+polish_capped	MAT1-2	MAT1-2														APN2,MAT1-2-1	APN2,MAT1-2-1		
GCF_000011425.1_ASM1142v1	Ascomycota:MAT	NC_066260.1	601006-624663	601006-624663	withheld:modelled_gene_bar	withheld:modelled_gene_bar	MAT1-2	MAT1-2														APN2,MAT1-1-1,MAT1-2-1,MAT1-2-10	APN2,MAT1-1-1,MAT1-2-1,MAT1-2-10		
GCF_000011425.1_ASM1142v1	Ascomycota:MAT	NC_066260.1	653380-665604	653380-665604	withheld:modelled_gene_bar+polish_capped	withheld:modelled_gene_bar+polish_capped	MAT1-2	MAT1-2														APN2,MAT1-2-1	APN2,MAT1-2-1		
GCF_000142805.1_ASM14280v1	Ascomycota:MATsc	NC_013082.1	21982-32609	21982-32609	called	called	MATalpha	MATalpha	high	high	idiomorph_gene_only	idiomorph_gene_only										MATA1,MATA2,MATALPHA1,MATALPHA2	MATA1,MATA2,MATALPHA1,MATALPHA2		
GCF_000142805.1_ASM14280v1	Ascomycota:MATsc	NC_013082.1	280245-283451	280245-283451	called	called	MATa	MATa	high	high	mat_locus	mat_locus										MATA1,MATA2,sla2	MATA1,MATA2,sla2		
GCF_000142805.1_ASM14280v1	Ascomycota:MATsc	NC_013082.1	143600-164210	143600-164210	withheld:modelled_gene_bar	withheld:modelled_gene_bar	MATalpha	MATalpha														MATALPHA1,sla2	MATALPHA1,sla2		
GCF_000142805.1_ASM14280v1	Ascomycota:MATsc	NC_013082.1	720793-720885	720793-720885	withheld:modelled_gene_bar	withheld:modelled_gene_bar	MATalpha	MATalpha														MATALPHA1	MATALPHA1		
GCF_000142805.1_ASM14280v1	Ascomycota:MATsc	NC_013082.1	835931-836116	835931-836116	withheld:modelled_gene_bar	withheld:modelled_gene_bar	MATa	MATa														MATA1	MATA1		
GCF_000142805.1_ASM14280v1	Ascomycota:MATsc	NC_013082.1	945914-946027	945914-946027	withheld:modelled_gene_bar	withheld:modelled_gene_bar	MATa	MATa														MATA1	MATA1		
GCF_000142805.1_ASM14280v1	Ascomycota:MATsc	NC_013082.1	1088639-1088821	1088639-1088821	withheld:modelled_gene_bar	withheld:modelled_gene_bar	MATa	MATa														MATA1	MATA1		
GCF_000142805.1_ASM14280v1	Ascomycota:MATsc	NC_013082.1	1142849-1146097	1142849-1146097	withheld:modelled_gene_bar+polish_capped	withheld:modelled_gene_bar+polish_capped	MATalpha	MATalpha														MATA2,MATALPHA1	MATA2,MATALPHA1		
GCF_000142805.1_ASM14280v1	Ascomycota:MATsc	NC_013082.1	1313058-1313210	1313058-1313210	withheld:modelled_gene_bar	withheld:modelled_gene_bar	MATalpha	MATalpha														MATALPHA1	MATALPHA1		
GCF_000142805.1_ASM14280v1	Ascomycota:MATsc	NC_013082.1	1369657-1369755	1369657-1369755	withheld:modelled_gene_bar	withheld:modelled_gene_bar	undetermined	undetermined														MATA2	MATA2		
GCF_000142805.1_ASM14280v1	Ascomycota:MATsc	NC_013082.1	1504824-1504943	1504824-1504943	withheld:modelled_gene_bar	withheld:modelled_gene_bar	MATalpha	MATalpha														MATALPHA1	MATALPHA1		
GCF_000142805.1_ASM14280v1	Ascomycota:MATsc	NC_013079.1	365563-365832	365563-365832	withheld:modelled_gene_bar	withheld:modelled_gene_bar	undetermined	undetermined														MATA2	MATA2		
GCF_000142805.1_ASM14280v1	Ascomycota:MATsc	NC_013079.1	396003-396194	396003-396194	withheld:modelled_gene_bar	withheld:modelled_gene_bar	MATalpha	MATalpha														MATALPHA1	MATALPHA1		
GCF_000142805.1_ASM14280v1	Ascomycota:MATsc	NC_013079.1	895575-895733	895575-895733	withheld:modelled_gene_bar	withheld:modelled_gene_bar	MATalpha	MATalpha														MATALPHA1	MATALPHA1		
GCF_000142805.1_ASM14280v1	Ascomycota:MATsc	NC_013077.1	163376-163516	163376-163516	withheld:modelled_gene_bar	withheld:modelled_gene_bar	MATalpha	MATalpha														MATALPHA1	MATALPHA1		
GCF_000142805.1_ASM14280v1	Ascomycota:MATsc	NC_013077.1	223419-223517	223419-223517	withheld:modelled_gene_bar	withheld:modelled_gene_bar	undetermined	undetermined														MATALPHA2	MATALPHA2		
GCF_000142805.1_ASM14280v1	Ascomycota:MATsc	NC_013077.1	292065-292292	292065-292292	withheld:modelled_gene_bar	withheld:modelled_gene_bar	undetermined	undetermined														MATALPHA2	MATALPHA2		
GCF_000142805.1_ASM14280v1	Ascomycota:MATsc	NC_013083.1	257028-257237	257028-257237	withheld:modelled_gene_bar	withheld:modelled_gene_bar	MATa	MATa														MATA1	MATA1		
GCF_000142805.1_ASM14280v1	Ascomycota:MATsc	NC_013083.1	371720-375100	371720-375100	withheld:modelled_gene_bar	withheld:modelled_gene_bar	MATalpha	MATalpha														MATALPHA1,MATALPHA2	MATALPHA1,MATALPHA2		
GCF_000142805.1_ASM14280v1	Ascomycota:MATsc	NC_013083.1	612616-612735	612616-612735	withheld:modelled_gene_bar	withheld:modelled_gene_bar	MATalpha	MATalpha														MATALPHA1	MATALPHA1		
GCF_000142805.1_ASM14280v1	Ascomycota:MATsc	NC_013083.1	1063834-1063965	1063834-1063965	withheld:modelled_gene_bar	withheld:modelled_gene_bar	MATalpha	MATalpha														MATALPHA1	MATALPHA1		
GCF_000142805.1_ASM14280v1	Ascomycota:MATsc	NC_013083.1	1101284-1101385	1101284-1101385	withheld:modelled_gene_bar	withheld:modelled_gene_bar	undetermined	undetermined														MATALPHA2	MATALPHA2		
GCF_000142805.1_ASM14280v1	Ascomycota:MATsc	NC_013083.1	1242756-1242914	1242756-1242914	withheld:modelled_gene_bar	withheld:modelled_gene_bar	undetermined	undetermined														MATA2	MATA2		
GCF_000142805.1_ASM14280v1	Ascomycota:MATsc	NC_013084.1	253697-253810	253697-253810	withheld:modelled_gene_bar	withheld:modelled_gene_bar	MATalpha	MATalpha														MATALPHA1	MATALPHA1		
GCF_000142805.1_ASM14280v1	Ascomycota:MATsc	NC_013084.1	466226-466378	466226-466378	withheld:modelled_gene_bar	withheld:modelled_gene_bar	undetermined	undetermined														MATA2,MATALPHA2	MATA2,MATALPHA2		
GCF_000142805.1_ASM14280v1	Ascomycota:MATsc	NC_013084.1	509578-509694	509578-509694	withheld:modelled_gene_bar	withheld:modelled_gene_bar	MATalpha	MATalpha														MATALPHA1	MATALPHA1		
GCF_000142805.1_ASM14280v1	Ascomycota:MATsc	NC_013084.1	789415-789507	789415-789507	withheld:modelled_gene_bar	withheld:modelled_gene_bar	undetermined	undetermined														MATA2	MATA2		
GCF_000142805.1_ASM14280v1	Ascomycota:MATsc	NC_013080.1	107810-107899	107810-107899	withheld:modelled_gene_bar	withheld:modelled_gene_bar	undetermined	undetermined														MATALPHA2	MATALPHA2		
GCF_000142805.1_ASM14280v1	Ascomycota:MATsc	NC_013080.1	256784-256963	256784-256963	withheld:modelled_gene_bar	withheld:modelled_gene_bar	MATalpha	MATalpha														MATALPHA1	MATALPHA1		
GCF_000142805.1_ASM14280v1	Ascomycota:MATsc	NC_013080.1	558451-558582	558451-558582	withheld:modelled_gene_bar	withheld:modelled_gene_bar	MATa	MATa														MATA1	MATA1		
GCF_000142805.1_ASM14280v1	Ascomycota:MATsc	NC_013080.1	1035121-1035225	1035121-1035225	withheld:modelled_gene_bar	withheld:modelled_gene_bar	undetermined	undetermined														MATALPHA2	MATALPHA2		
GCF_000142805.1_ASM14280v1	Ascomycota:MATsc	NC_013078.1	55639-57798	55639-57798	withheld:modelled_gene_bar	withheld:modelled_gene_bar	MATalpha	MATalpha														MATALPHA1,MATALPHA2	MATALPHA1,MATALPHA2		
GCF_000142805.1_ASM14280v1	Ascomycota:MATsc	NC_013078.1	337141-337377	337141-337377	withheld:modelled_gene_bar	withheld:modelled_gene_bar	MATalpha	MATalpha														MATALPHA1	MATALPHA1		
GCF_000142805.1_ASM14280v1	Ascomycota:MATsc	NC_013078.1	862111-862408	862111-862408	withheld:modelled_gene_bar	withheld:modelled_gene_bar	MATalpha	MATalpha														MATALPHA1	MATALPHA1		
GCF_000142805.1_ASM14280v1	Ascomycota:MATsc	NC_013081.1	18409-18504	18409-18504	withheld:modelled_gene_bar	withheld:modelled_gene_bar	MATalpha	MATalpha														MATALPHA1	MATALPHA1		
GCF_000142805.1_ASM14280v1	Ascomycota:MATsc	NC_013081.1	368517-368609	368517-368609	withheld:modelled_gene_bar	withheld:modelled_gene_bar	undetermined	undetermined														MATALPHA2	MATALPHA2		
GCF_000143185.2_Schco3	Basidiomycota:HD	NW_026089539.1	1245862-1269816	1245769-1269870	called	called	undetermined	undetermined	high	high	idiomorph_gene_only	idiomorph_gene_only										HD1,HD2	HD1,HD2		span_changed
GCF_000143185.2_Schco3	Basidiomycota:Aalpha	NW_026089539.1	1821010-1827453	1817709-1827453	called	called	undetermined	undetermined	high	high	idiomorph_gene_only	idiomorph_gene_only										HD1,HD2,Y,Z	HD1,HD2,MIP1,Y,Z	HD1:105bp/42.86%->255bp/34.52%	span_changed,gene_set_changed,core_model_changed
GCF_000143185.2_Schco3	Basidiomycota:Bbeta	NW_026089548.1	190191-273652	190191-273652	called	called	undetermined	undetermined	high	high	idiomorph_gene_only	idiomorph_gene_only	"{'status': 'unverified', 'reason': ""admitted only through a strict-CAAX scan precursor; the scan's false-positive rate is not yet bounded (0/25 non-mating STE3 copies flagged, 95% upper limit 13.7%)"", 'evidence': 'results/2026-09-28_validation_f3_f4/NOTE.md'}"	"{'status': 'unverified', 'reason': ""admitted only through a strict-CAAX scan precursor; the scan's false-positive rate is not yet bounded (0/25 non-mating STE3 copies flagged, 95% upper limit 13.7%)"", 'evidence': 'results/2026-09-28_validation_f3_f4/NOTE.md'}"								bap3-1,bap3-3,bar3,bbp2-1,bbp2-2,bbp2-5,bbp2-6,bbp2-8,bbp2_a,bbp2_b,bbr2,caax_precursor,pheromone_receptor	bap3-1,bap3-3,bar3,bbp2-1,bbp2-2,bbp2-5,bbp2-6,bbp2-8,bbp2_a,bbp2_b,bbr2,caax_precursor,fungal_mating_type_pheromone,pheromone_receptor	fungal_mating_type_pheromone:added;pheromone_receptor:948bp/54.81%->984bp/54.77%	gene_set_changed,core_model_changed
GCF_000143185.2_Schco3	Basidiomycota:HD	NW_026089539.1	758476-770819	758476-770819	withheld:modelled_gene_bar	withheld:modelled_gene_bar	undetermined	undetermined														HD1	HD1		
GCF_000143185.2_Schco3	Basidiomycota:Aalpha	NW_026089539.1	1245862-1269816	1245769-1269870	withheld:modelled_gene_bar	withheld:modelled_gene_bar	undetermined	undetermined														Y,Z	Y,Z		span_changed
GCF_000143185.2_Schco3	Basidiomycota:Aalpha	NW_026089539.1	3326578-3326721	3326449-3326721	withheld:modelled_gene_bar	withheld:modelled_gene_bar	undetermined	undetermined														Y	Y		span_changed
GCF_000143185.2_Schco3	Basidiomycota:HD	NW_026089540.1	1340670-1340801	1340667-1340837	withheld:modelled_gene_bar	withheld:modelled_gene_bar	undetermined	undetermined														HD2	HD1,HD2		span_changed,gene_set_changed
GCF_000143185.2_Schco3	Basidiomycota:Aalpha	NW_026089540.1	1340670-1340801	1340667-1340837	withheld:modelled_gene_bar	withheld:modelled_gene_bar	undetermined	undetermined														Z	Z		span_changed
GCF_000143185.2_Schco3	Basidiomycota:Balpha	NW_026089540.1	1547349-1547621	1547325-1547621	withheld:modelled_gene_bar	withheld:modelled_gene_bar	undetermined	undetermined														bar3	bar3		span_changed
GCF_000143185.2_Schco3	Basidiomycota:Balpha	NW_026089540.1	2029409-2029498	2029409-2029498	withheld:modelled_gene_bar	withheld:modelled_gene_bar	undetermined	undetermined														bap3-3	bap3-3		
GCF_000143185.2_Schco3	Basidiomycota:HD	NW_026089540.1	2546645-2546851	2546645-2546851	withheld:modelled_gene_bar	withheld:modelled_gene_bar	undetermined	undetermined														HD1	HD1		
GCF_000143185.2_Schco3	Basidiomycota:Aalpha	NW_026089542.1	483858-484073	483858-484073	withheld:modelled_gene_bar	withheld:modelled_gene_bar	undetermined	undetermined														Y	Y		
GCF_000143185.2_Schco3	Basidiomycota:HD	NW_026089542.1	583396-583524	583396-584466	withheld:modelled_gene_bar	withheld:modelled_gene_bar	undetermined	undetermined														HD1	HD1		span_changed
GCF_000143185.2_Schco3	Basidiomycota:HD	NW_026089542.1	1642406-1642624	1642406-1642624	withheld:modelled_gene_bar	withheld:modelled_gene_bar	undetermined	undetermined														HD2	HD2		
GCF_000143185.2_Schco3	Basidiomycota:HD	NW_026089542.1	2164158-2164448	2164158-2164448	withheld:modelled_gene_bar	withheld:modelled_gene_bar	undetermined	undetermined														HD1	HD1		
GCF_000143185.2_Schco3	Basidiomycota:Balpha	NW_026089542.1	2393283-2393381	2393283-2393381	withheld:modelled_gene_bar	withheld:modelled_gene_bar	undetermined	undetermined														bap3-3	bap3-3		
GCF_000143185.2_Schco3	Basidiomycota:HD	NW_026089550.1	666991-667125	666991-667125	withheld:modelled_gene_bar	withheld:modelled_gene_bar	undetermined	undetermined														HD2	HD2		
GCF_000143185.2_Schco3	Basidiomycota:Aalpha	NW_026089550.1	870581-870808	853117-870808	withheld:modelled_gene_bar	withheld:modelled_gene_bar	undetermined	undetermined														Z	Z		span_changed
GCF_000143185.2_Schco3	Basidiomycota:HD	NW_026089549.1	821480-821629	821480-821629	withheld:modelled_gene_bar	withheld:modelled_gene_bar	undetermined	undetermined														HD2	HD2		
GCF_000143185.2_Schco3	Basidiomycota:HD	NW_026089538.1	91931-92107	91931-92107	withheld:modelled_gene_bar	withheld:modelled_gene_bar	undetermined	undetermined														HD2	HD2		
GCF_000143185.2_Schco3	Basidiomycota:HD	NW_026089538.1	1043164-1043307	1039918-1043307	withheld:modelled_gene_bar	withheld:modelled_gene_bar+polish_capped	undetermined	undetermined														HD1	HD1,HD2		withheld_reason_changed,span_changed,gene_set_changed
GCF_000143185.2_Schco3	Basidiomycota:HD	NW_026089538.1	1742593-1742862	1742593-1742862	withheld:modelled_gene_bar	withheld:modelled_gene_bar	undetermined	undetermined														HD2	HD2		
GCF_000143185.2_Schco3	Basidiomycota:Balpha	NW_026089538.1	1773442-1784782	1773442-1784782	withheld:modelled_gene_bar	withheld:modelled_gene_bar	undetermined	undetermined														bar3	bar3		
GCF_000143185.2_Schco3	Basidiomycota:HD	NW_026089538.1	3339333-3339488	3339333-3339488	withheld:modelled_gene_bar	withheld:modelled_gene_bar	undetermined	undetermined														HD1	HD1		
GCF_000143185.2_Schco3	Basidiomycota:Balpha	NW_026089538.1	3859148-3859312	3859148-3859312	withheld:modelled_gene_bar	withheld:modelled_gene_bar	undetermined	undetermined														bar3	bar3		
GCF_000143185.2_Schco3	Basidiomycota:HD	NW_026089543.1	216582-216791	216582-238894	withheld:modelled_gene_bar	withheld:modelled_gene_bar	undetermined	undetermined														HD2	HD2		span_changed
GCF_000143185.2_Schco3	Basidiomycota:HD	NW_026089543.1	289901-293740	289901-293740	withheld:modelled_gene_bar	withheld:modelled_gene_bar	undetermined	undetermined														HD1	HD1		
GCF_000143185.2_Schco3	Basidiomycota:Aalpha	NW_026089543.1	1243860-1256392	1243857-1256392	withheld:modelled_gene_bar	withheld:modelled_gene_bar	undetermined	undetermined														Y	Y		span_changed
GCF_000143185.2_Schco3	Basidiomycota:Aalpha	NW_026089543.1	2329568-2329825	2329568-2329825	withheld:modelled_gene_bar	withheld:modelled_gene_bar	undetermined	undetermined														Z	Z		
GCF_000143185.2_Schco3	Basidiomycota:HD	NW_026089543.1	2398763-2399053	2398763-2399053	withheld:modelled_gene_bar	withheld:modelled_gene_bar	undetermined	undetermined														HD1	HD1		
GCF_000143185.2_Schco3	Basidiomycota:Aalpha	NW_026089544.1	252200-252346	252200-252346	withheld:modelled_gene_bar	withheld:modelled_gene_bar	undetermined	undetermined														Y	Y		
GCF_000143185.2_Schco3	Basidiomycota:Balpha	NW_026089544.1	302955-319923	302955-319923	withheld:modelled_gene_bar	withheld:modelled_gene_bar	undetermined	undetermined														bar3	bar3		
GCF_000143185.2_Schco3	Basidiomycota:Aalpha	NW_026089544.1	1052263-1052421	1035245-1069835	withheld:modelled_gene_bar	withheld:modelled_gene_bar	undetermined	undetermined														Z	Z		span_changed
GCF_000143185.2_Schco3	Basidiomycota:HD	NW_026089544.1	1250071-1250304	1241771-1250304	withheld:modelled_gene_bar	withheld:modelled_gene_bar	undetermined	undetermined														HD1	HD1,HD2		span_changed,gene_set_changed
GCF_000143185.2_Schco3	Basidiomycota:Aalpha	NW_026089548.1	531809-531934	531809-531934	withheld:modelled_gene_bar	withheld:modelled_gene_bar	undetermined	undetermined														Z	Z		
GCF_000143185.2_Schco3	Basidiomycota:HD	NW_026089548.1	1154785-1155102	1154785-1155102	withheld:modelled_gene_bar	withheld:modelled_gene_bar	undetermined	undetermined														HD1	HD1		
GCF_000143185.2_Schco3	Basidiomycota:HD	NW_026089548.1	1505675-1506232	1505675-1506232	withheld:modelled_gene_bar	withheld:modelled_gene_bar	undetermined	undetermined														HD2	HD2		
GCF_000143185.2_Schco3	Basidiomycota:Aalpha	NW_026089553.1	285089-285301	285089-285337	withheld:modelled_gene_bar	withheld:modelled_gene_bar	undetermined	undetermined														Y	Y		span_changed
GCF_000143185.2_Schco3	Basidiomycota:Aalpha	NW_026089554.1	270175-270345	270175-270345	withheld:modelled_gene_bar	withheld:modelled_gene_bar	undetermined	undetermined														Y	Y		
GCF_000143185.2_Schco3	Basidiomycota:Balpha	NW_026089554.1	393753-393941	393753-400952	withheld:modelled_gene_bar	withheld:modelled_gene_bar	undetermined	undetermined														bar3	bar3		span_changed
GCF_000143185.2_Schco3	Basidiomycota:Balpha	NW_026089541.1	958012-958140	958012-958140	withheld:modelled_gene_bar	withheld:modelled_gene_bar	undetermined	undetermined														bap3-3	bap3-3		
GCF_000143185.2_Schco3	Basidiomycota:HD	NW_026089547.1	105513-105608	105513-105608	withheld:modelled_gene_bar	withheld:modelled_gene_bar	undetermined	undetermined														HD2	HD2		
GCF_000143185.2_Schco3	Basidiomycota:Balpha	NW_026089547.1	500245-500367	483512-500367	withheld:modelled_gene_bar	withheld:modelled_gene_bar	undetermined	undetermined														bap3-3	bap3-3		span_changed
GCF_000143185.2_Schco3	Basidiomycota:Balpha	NW_026089547.1	1078459-1078644	1078459-1078644	withheld:modelled_gene_bar	withheld:modelled_gene_bar	undetermined	undetermined														bar3	bar3		
GCF_000143185.2_Schco3	Basidiomycota:HD	NW_026089547.1	1149370-1166248	1149370-1166248	withheld:modelled_gene_bar	withheld:modelled_gene_bar	undetermined	undetermined														HD2	HD2		
GCF_000143185.2_Schco3	Basidiomycota:HD	NW_026089545.1	1757674-1757808	1757674-1757808	withheld:modelled_gene_bar	withheld:modelled_gene_bar	undetermined	undetermined														HD2	HD2		
GCF_000143185.2_Schco3	Basidiomycota:HD	NW_026089546.1	822251-835890	822251-835890	withheld:modelled_gene_bar	withheld:modelled_gene_bar	undetermined	undetermined														HD1	HD1		
GCF_000143185.2_Schco3	Basidiomycota:Balpha	NW_026089546.1	2064790-2065825	2064790-2066065	withheld:modelled_gene_bar	withheld:modelled_gene_bar	undetermined	undetermined														bar3	bar3		span_changed
GCF_000143185.2_Schco3	Basidiomycota:HD	NW_026089555.1	324170-324412	324170-324412	withheld:modelled_gene_bar	withheld:modelled_gene_bar	undetermined	undetermined														HD2	HD2		
GCF_000143185.2_Schco3	Basidiomycota:PR	NW_026089545.1	137389-141102	137389-141102	withheld:below_fraction_floor	withheld:below_fraction_floor+polish_capped	undetermined	undetermined														caax_precursor,pheromone_receptor	caax_precursor,pheromone_receptor		withheld_reason_changed
GCF_000143185.2_Schco3	Basidiomycota:HD	NW_026089539.1		307087-307272	absent	withheld:modelled_gene_bar		undetermined															HD2		withheld_reason_changed
GCF_000143185.2_Schco3	Basidiomycota:PR	NW_026089539.1		344240-355910	absent	withheld:modelled_gene_bar		undetermined															fungal_mating_type_pheromone,pheromone_receptor		withheld_reason_changed
GCF_000143185.2_Schco3	Basidiomycota:HD	NW_026089539.1		526380-526493	absent	withheld:modelled_gene_bar		undetermined															HD1		withheld_reason_changed
GCF_000143185.2_Schco3	Basidiomycota:HD	NW_026089539.1		671671-671766	absent	withheld:modelled_gene_bar		undetermined															HD1		withheld_reason_changed
GCF_000143185.2_Schco3	Basidiomycota:HD	NW_026089539.1		1885801-1893286	absent	withheld:modelled_gene_bar		undetermined															HD1		withheld_reason_changed
GCF_000143185.2_Schco3	Basidiomycota:HD	NW_026089539.1		2261455-2261637	absent	withheld:modelled_gene_bar		undetermined															HD1		withheld_reason_changed
GCF_000143185.2_Schco3	Basidiomycota:HD	NW_026089539.1		3326449-3326721	absent	withheld:modelled_gene_bar		undetermined															HD2		withheld_reason_changed
GCF_000143185.2_Schco3	Basidiomycota:HD	NW_026089539.1		3717447-3723981	absent	withheld:modelled_gene_bar		undetermined															HD2		withheld_reason_changed
GCF_000143185.2_Schco3	Basidiomycota:HD	NW_026089540.1		1146696-1169251	absent	withheld:modelled_gene_bar		undetermined															HD1		withheld_reason_changed
GCF_000143185.2_Schco3	Basidiomycota:HD	NW_026089540.1		1478502-1493999	absent	withheld:modelled_gene_bar		undetermined															HD1		withheld_reason_changed
GCF_000143185.2_Schco3	Basidiomycota:HD	NW_026089540.1		1827380-1827532	absent	withheld:modelled_gene_bar		undetermined															HD1		withheld_reason_changed
GCF_000143185.2_Schco3	Basidiomycota:HD	NW_026089540.1		2213456-2229270	absent	withheld:modelled_gene_bar		undetermined															HD2		withheld_reason_changed
GCF_000143185.2_Schco3	Basidiomycota:HD	NW_026089542.1		169922-170107	absent	withheld:modelled_gene_bar		undetermined															HD1		withheld_reason_changed
GCF_000143185.2_Schco3	Basidiomycota:HD	NW_026089542.1		1412357-1412515	absent	withheld:modelled_gene_bar		undetermined															HD2		withheld_reason_changed
GCF_000143185.2_Schco3	Basidiomycota:HD	NW_026089542.1		2022521-2022751	absent	withheld:modelled_gene_bar		undetermined															HD2		withheld_reason_changed
GCF_000143185.2_Schco3	Basidiomycota:HD	NW_026089542.1		2429947-2430054	absent	withheld:modelled_gene_bar		undetermined															HD2		withheld_reason_changed
GCF_000143185.2_Schco3	Basidiomycota:HD	NW_026089542.1		2678206-2678391	absent	withheld:modelled_gene_bar		undetermined															HD2		withheld_reason_changed
GCF_000143185.2_Schco3	Basidiomycota:HD	NW_026089550.1		620168-631575	absent	withheld:modelled_gene_bar		undetermined															HD1		withheld_reason_changed
GCF_000143185.2_Schco3	Basidiomycota:HD	NW_026089550.1		1157472-1157576	absent	withheld:modelled_gene_bar		undetermined															HD2		withheld_reason_changed
GCF_000143185.2_Schco3	Basidiomycota:HD	NW_026089549.1		112138-120241	absent	withheld:modelled_gene_bar		undetermined															HD2		withheld_reason_changed
GCF_000143185.2_Schco3	Basidiomycota:HD	NW_026089549.1		708654-730262	absent	withheld:modelled_gene_bar		undetermined															HD1		withheld_reason_changed
GCF_000143185.2_Schco3	Basidiomycota:HD	NW_026089538.1		1232528-1232827	absent	withheld:modelled_gene_bar		undetermined															HD1		withheld_reason_changed
GCF_000143185.2_Schco3	Basidiomycota:HD	NW_026089538.1		1694745-1716257	absent	withheld:modelled_gene_bar		undetermined															HD1,HD2		withheld_reason_changed
GCF_000143185.2_Schco3	Basidiomycota:HD	NW_026089538.1		2321479-2330793	absent	withheld:modelled_gene_bar		undetermined															HD1		withheld_reason_changed
GCF_000143185.2_Schco3	Basidiomycota:HD	NW_026089538.1		3021639-3031150	absent	withheld:modelled_gene_bar		undetermined															HD2		withheld_reason_changed
GCF_000143185.2_Schco3	Basidiomycota:HD	NW_026089538.1		4125639-4125737	absent	withheld:modelled_gene_bar		undetermined															HD1		withheld_reason_changed
GCF_000143185.2_Schco3	Basidiomycota:PR	NW_026089543.1		392467-395139	absent	withheld:modelled_gene_bar		undetermined															fungal_mating_type_pheromone,pheromone_receptor		withheld_reason_changed
GCF_000143185.2_Schco3	Basidiomycota:HD	NW_026089543.1		588581-588868	absent	withheld:modelled_gene_bar		undetermined															HD2		withheld_reason_changed
GCF_000143185.2_Schco3	Basidiomycota:HD	NW_026089543.1		749967-750203	absent	withheld:modelled_gene_bar		undetermined															HD2		withheld_reason_changed
GCF_000143185.2_Schco3	Basidiomycota:HD	NW_026089543.1		1243857-1256392	absent	withheld:modelled_gene_bar		undetermined															HD2		withheld_reason_changed
GCF_000143185.2_Schco3	Basidiomycota:PR	NW_026089543.1		1243857-1256392	absent	withheld:modelled_gene_bar		undetermined															pheromone_B43		withheld_reason_changed
GCF_000143185.2_Schco3	Basidiomycota:HD	NW_026089543.1		2157143-2198017	absent	withheld:modelled_gene_bar+polish_capped		undetermined															HD1,MIP1		withheld_reason_changed
GCF_000143185.2_Schco3	Basidiomycota:PR	NW_026089544.1		1035245-1069835	absent	withheld:modelled_gene_bar		undetermined															fungal_mating_type_pheromone,pheromone_receptor		withheld_reason_changed
GCF_000143185.2_Schco3	Basidiomycota:HD	NW_026089544.1		1124787-1124978	absent	withheld:modelled_gene_bar		undetermined															HD2		withheld_reason_changed
GCF_000143185.2_Schco3	Basidiomycota:HD	NW_026089544.1		1351533-1367313	absent	withheld:modelled_gene_bar		undetermined															HD2		withheld_reason_changed
GCF_000143185.2_Schco3	Basidiomycota:HD	NW_026089548.1		190191-273652	absent	withheld:modelled_gene_bar		undetermined															HD1		withheld_reason_changed
GCF_000143185.2_Schco3	Basidiomycota:HD	NW_026089547.1		537864-538268	absent	withheld:modelled_gene_bar		undetermined															HD1		withheld_reason_changed
GCF_000143185.2_Schco3	Basidiomycota:HD	NW_026089547.1		721778-721984	absent	withheld:modelled_gene_bar		undetermined															HD2		withheld_reason_changed
GCF_000143185.2_Schco3	Basidiomycota:HD	NW_026089541.1		41913-42035	absent	withheld:modelled_gene_bar		undetermined															HD1		withheld_reason_changed
GCF_000143185.2_Schco3	Basidiomycota:HD	NW_026089541.1		477726-482570	absent	withheld:modelled_gene_bar		undetermined															HD2		withheld_reason_changed
GCF_000143185.2_Schco3	Basidiomycota:HD	NW_026089541.1		1200051-1200254	absent	withheld:modelled_gene_bar		undetermined															HD2		withheld_reason_changed
GCF_000143185.2_Schco3	Basidiomycota:HD	NW_026089541.1		1893610-1893777	absent	withheld:modelled_gene_bar		undetermined															HD2		withheld_reason_changed
GCF_000143185.2_Schco3	Basidiomycota:HD	NW_026089541.1		2056396-2056605	absent	withheld:modelled_gene_bar		undetermined															HD1		withheld_reason_changed
GCF_000143185.2_Schco3	Basidiomycota:HD	NW_026089541.1		2129103-2129306	absent	withheld:modelled_gene_bar		undetermined															HD2		withheld_reason_changed
GCF_000143185.2_Schco3	Basidiomycota:HD	NW_026089553.1		20463-20654	absent	withheld:modelled_gene_bar		undetermined															HD1		withheld_reason_changed
GCF_000143185.2_Schco3	Basidiomycota:HD	NW_026089553.1		244885-245076	absent	withheld:modelled_gene_bar		undetermined															HD1		withheld_reason_changed
GCF_000143185.2_Schco3	Basidiomycota:HD	NW_026089553.1		285089-285337	absent	withheld:modelled_gene_bar		undetermined															HD2		withheld_reason_changed
GCF_000143185.2_Schco3	Basidiomycota:HD	NW_026089553.1		543743-543958	absent	withheld:modelled_gene_bar		undetermined															HD2		withheld_reason_changed
GCF_000143185.2_Schco3	Basidiomycota:HD	NW_026089554.1		393753-400952	absent	withheld:modelled_gene_bar		undetermined															HD1		withheld_reason_changed
GCF_000143185.2_Schco3	Basidiomycota:HD	NW_026089552.1		596064-596249	absent	withheld:modelled_gene_bar		undetermined															HD1		withheld_reason_changed
GCF_000143185.2_Schco3	Basidiomycota:HD	NW_026089545.1		492314-492559	absent	withheld:modelled_gene_bar		undetermined															HD1		withheld_reason_changed
GCF_000143185.2_Schco3	Basidiomycota:HD	NW_026089545.1		1864556-1864666	absent	withheld:modelled_gene_bar		undetermined															HD2		withheld_reason_changed
GCF_000143185.2_Schco3	Basidiomycota:HD	NW_026089545.1		2179216-2200502	absent	withheld:modelled_gene_bar+polish_capped		undetermined															HD1,MIP1		withheld_reason_changed
GCF_000143185.2_Schco3	Basidiomycota:HD	NW_026089545.1		2274461-2289390	absent	withheld:modelled_gene_bar		undetermined															HD2		withheld_reason_changed
GCF_000143185.2_Schco3	Basidiomycota:HD	NW_026089546.1		1274561-1277299	absent	withheld:modelled_gene_bar		undetermined															HD2,MIP1		withheld_reason_changed
GCF_000143185.2_Schco3	Basidiomycota:HD	NW_026089546.1		1728891-1729031	absent	withheld:modelled_gene_bar		undetermined															HD1		withheld_reason_changed
GCF_000143185.2_Schco3	Basidiomycota:HD	NW_026089555.1		370895-371188	absent	withheld:modelled_gene_bar		undetermined															HD1		withheld_reason_changed
GCF_000143185.2_Schco3	Basidiomycota:PR	NW_026089539.1		2890727-2898224	absent	withheld:below_fraction_floor		undetermined															caax_precursor,pheromone_receptor		withheld_reason_changed
GCF_000143185.2_Schco3	Basidiomycota:PR	NW_026089539.1		3579865-3583087	absent	withheld:below_fraction_floor		undetermined															caax_precursor,pheromone_receptor		withheld_reason_changed
GCF_000146045.2_R64	Ascomycota:MATsc	NC_001135.5	12389-13806	12389-13806	called	called	MATalpha	MATalpha	medium	medium	idiomorph_gene_only	idiomorph_gene_only										MATA2,MATALPHA1,MATALPHA2	MATA2,MATALPHA1,MATALPHA2		
GCF_000146045.2_R64	Ascomycota:MATsc	NC_001135.5	199549-200966	199549-200966	called	called	MATalpha	MATalpha	medium	medium	idiomorph_gene_only	idiomorph_gene_only										MATA2,MATALPHA1,MATALPHA2	MATA2,MATALPHA1,MATALPHA2		
GCF_000146045.2_R64	Ascomycota:MATsc	NC_001135.5	293182-294494	293182-294494	called	called	MATa	MATa	high	high	idiomorph_gene_only	idiomorph_gene_only										MATA1,MATA2,MATALPHA1,MATALPHA2	MATA1,MATA2,MATALPHA1,MATALPHA2		
GCF_000146045.2_R64	Ascomycota:MATsc	NC_001140.6	192640-192915	192640-192915	withheld:modelled_gene_bar	withheld:modelled_gene_bar	MATalpha	MATalpha														MATALPHA1	MATALPHA1		
GCF_000146045.2_R64	Ascomycota:MATsc	NC_001140.6	499208-499312	499208-499312	withheld:modelled_gene_bar	withheld:modelled_gene_bar	undetermined	undetermined														MATALPHA2	MATALPHA2		
GCF_000146045.2_R64	Ascomycota:MATsc	NC_001136.10	72500-72616	72500-72616	withheld:modelled_gene_bar	withheld:modelled_gene_bar	MATalpha	MATalpha														MATALPHA1	MATALPHA1		
GCF_000146045.2_R64	Ascomycota:MATsc	NC_001136.10	271473-271739	271473-271739	withheld:modelled_gene_bar	withheld:modelled_gene_bar	MATa	MATa														MATA1	MATA1		
GCF_000146045.2_R64	Ascomycota:MATsc	NC_001136.10	480906-481169	480906-481169	withheld:modelled_gene_bar	withheld:modelled_gene_bar	MATa	MATa														MATA1	MATA1		
GCF_000146045.2_R64	Ascomycota:MATsc	NC_001136.10	1144383-1144535	1144383-1144535	withheld:modelled_gene_bar	withheld:modelled_gene_bar	MATa	MATa														MATA1	MATA1		
GCF_000146045.2_R64	Ascomycota:MATsc	NC_001136.10	1273025-1273126	1273025-1273126	withheld:modelled_gene_bar	withheld:modelled_gene_bar	MATalpha	MATalpha														MATALPHA1	MATALPHA1		
GCF_000146045.2_R64	Ascomycota:MATsc	NC_001136.10	1299866-1300120	1299866-1300120	withheld:modelled_gene_bar	withheld:modelled_gene_bar	MATalpha	MATalpha														MATALPHA1	MATALPHA1		
GCF_000146045.2_R64	Ascomycota:MATsc	NC_001136.10	1361471-1361626	1361471-1361626	withheld:modelled_gene_bar	withheld:modelled_gene_bar	undetermined	undetermined														MATALPHA2	MATALPHA2		
GCF_000146045.2_R64	Ascomycota:MATsc	NC_001145.3	221940-222131	221940-222131	withheld:modelled_gene_bar	withheld:modelled_gene_bar	MATa	MATa														MATA1	MATA1		
GCF_000146045.2_R64	Ascomycota:MATsc	NC_001145.3	694821-694943	694821-694943	withheld:modelled_gene_bar	withheld:modelled_gene_bar	undetermined	undetermined														MATALPHA2	MATALPHA2		
GCF_000146045.2_R64	Ascomycota:MATsc	NC_001145.3	897463-897648	897463-897648	withheld:modelled_gene_bar	withheld:modelled_gene_bar	MATalpha	MATalpha														MATALPHA1	MATALPHA1		
GCF_000146045.2_R64	Ascomycota:MATsc	NC_001148.4	15119-15274	15119-15274	withheld:modelled_gene_bar	withheld:modelled_gene_bar	MATalpha	MATalpha														MATALPHA1	MATALPHA1		
GCF_000146045.2_R64	Ascomycota:MATsc	NC_001148.4	213261-213575	213261-213575	withheld:modelled_gene_bar	withheld:modelled_gene_bar	undetermined	undetermined														MATALPHA2	MATALPHA2		
GCF_000146045.2_R64	Ascomycota:MATsc	NC_001148.4	679702-679938	679702-679938	withheld:modelled_gene_bar	withheld:modelled_gene_bar	undetermined	undetermined														MATA2	MATA2		
GCF_000146045.2_R64	Ascomycota:MATsc	NC_001147.6	942522-942716	942522-942716	withheld:modelled_gene_bar	withheld:modelled_gene_bar	undetermined	undetermined														MATA2	MATA2		
GCF_000146045.2_R64	Ascomycota:MATsc	NC_001147.6	1075866-1076021	1075866-1076021	withheld:modelled_gene_bar	withheld:modelled_gene_bar	MATalpha	MATalpha														MATALPHA1	MATALPHA1		
GCF_000146045.2_R64	Ascomycota:MATsc	NC_001144.5	240155-240277	240155-240277	withheld:modelled_gene_bar	withheld:modelled_gene_bar	MATalpha	MATalpha														MATALPHA1	MATALPHA1		
GCF_000146045.2_R64	Ascomycota:MATsc	NC_001144.5	573273-573461	573273-573461	withheld:modelled_gene_bar	withheld:modelled_gene_bar	MATalpha	MATalpha														MATALPHA1	MATALPHA1		
GCF_000146045.2_R64	Ascomycota:MATsc	NC_001139.9	119225-127079	119225-127079	withheld:modelled_gene_bar	withheld:modelled_gene_bar	undetermined	undetermined														MATALPHA2	MATALPHA2		
GCF_000146045.2_R64	Ascomycota:MATsc	NC_001139.9	325850-326116	325850-326116	withheld:modelled_gene_bar	withheld:modelled_gene_bar	undetermined	undetermined														MATALPHA2	MATALPHA2		
GCF_000146045.2_R64	Ascomycota:MATsc	NC_001139.9	763231-763326	763231-763326	withheld:modelled_gene_bar	withheld:modelled_gene_bar	MATa	MATa														MATA1	MATA1		
GCF_000146045.2_R64	Ascomycota:MATsc	NC_001139.9	907908-908015	907908-908015	withheld:modelled_gene_bar	withheld:modelled_gene_bar	MATalpha	MATalpha														MATALPHA1	MATALPHA1		
GCF_000146045.2_R64	Ascomycota:MATsc	NC_001146.8	188051-209377	188051-209377	withheld:modelled_gene_bar	withheld:modelled_gene_bar	undetermined	undetermined														MATALPHA2,sla2	MATALPHA2,sla2		
GCF_000146045.2_R64	Ascomycota:MATsc	NC_001134.8	406755-406928	406755-406928	withheld:modelled_gene_bar	withheld:modelled_gene_bar	undetermined	undetermined														MATALPHA2	MATALPHA2		
GCF_000146045.2_R64	Ascomycota:MATsc	NC_001134.8	432021-434201	432021-434201	withheld:modelled_gene_bar	withheld:modelled_gene_bar	MATa	MATa														MATA1,MATA2	MATA1,MATA2		
GCF_000146045.2_R64	Ascomycota:MATsc	NC_001134.8	566017-566154	566017-566154	withheld:modelled_gene_bar	withheld:modelled_gene_bar	undetermined	undetermined														MATA2	MATA2		
GCF_000146045.2_R64	Ascomycota:MATsc	NC_001137.3	23345-23446	23345-23446	withheld:modelled_gene_bar	withheld:modelled_gene_bar	MATa	MATa														MATA1	MATA1		
GCF_000146045.2_R64	Ascomycota:MATsc	NC_001137.3	296155-296310	296155-296310	withheld:modelled_gene_bar	withheld:modelled_gene_bar	MATa	MATa														MATA1	MATA1		
GCF_000146045.2_R64	Ascomycota:MATsc	NC_001142.9	516083-516247	516083-516247	withheld:modelled_gene_bar	withheld:modelled_gene_bar	MATa	MATa														MATA1	MATA1		
GCF_000146045.2_R64	Ascomycota:MATsc	NC_001143.9	49069-49266	49069-49266	withheld:modelled_gene_bar	withheld:modelled_gene_bar	MATalpha	MATalpha														MATALPHA1	MATALPHA1		
GCF_000149335.2_ASM14933v2	Ascomycota:MAT	NW_004504310.1	7370949-7383202	7370949-7383202	called	called	MAT1-2	MAT1-2	high	high	mat_locus	mat_locus										APN2,CIMG_00407,COX13,MAT1-2-1,MAT1-2-4,SLA2	APN2,CIMG_00407,COX13,MAT1-2-1,MAT1-2-4,SLA2		
GCF_000149335.2_ASM14933v2	Ascomycota:MAT	NW_004504310.1	6998741-7023669	6998741-7023669	withheld:modelled_gene_bar+polish_capped	withheld:modelled_gene_bar+polish_capped	MAT1-2	MAT1-2														COX13,MAT1-2-1	COX13,MAT1-2-1		
GCF_000149335.2_ASM14933v2	Ascomycota:MAT	NW_004504309.1	3969663-4004921	3969663-4004921	withheld:modelled_gene_bar	withheld:modelled_gene_bar	MAT1-2	MAT1-2														MAT1-1-1,MAT1-2-1,SLA2	MAT1-1-1,MAT1-2-1,SLA2		
GCF_000149335.2_ASM14933v2	Ascomycota:MAT	NW_004504312.1	193676-195320	193676-195320	withheld:modelled_gene_bar+polish_capped	withheld:modelled_gene_bar+polish_capped	MAT1-2	MAT1-2														APN2,MAT1-2-1	APN2,MAT1-2-1		
GCF_000149335.2_ASM14933v2	Ascomycota:MAT	NW_004504312.1	2222672-2238360	2222672-2238360	withheld:modelled_gene_bar	withheld:modelled_gene_bar	MAT1-1	MAT1-1														APN2,MAT1-1-1,MAT1-1-5	APN2,MAT1-1-1,MAT1-1-5		
GCF_000149335.2_ASM14933v2	Ascomycota:MAT	NW_004504308.1	1617978-1625624	1617978-1625624	withheld:modelled_gene_bar+polish_capped	withheld:modelled_gene_bar+polish_capped	MAT1-2	MAT1-2														APN2,MAT1-2-1	APN2,MAT1-2-1		
GCF_000149335.2_ASM14933v2	Ascomycota:MAT	NW_004504308.1	1900984-1908155	1900984-1908155	withheld:modelled_gene_bar+polish_capped	withheld:modelled_gene_bar+polish_capped	MAT1-1	MAT1-1														COX13,MAT1-1-1	COX13,MAT1-1-1		
GCF_000149335.2_ASM14933v2	Ascomycota:MAT	NW_004504308.1	2057392-2075165	2057392-2075165	withheld:modelled_gene_bar+polish_capped	withheld:modelled_gene_bar+polish_capped	MAT1-1	MAT1-1														MAT1-1-1,SLA2	MAT1-1-1,SLA2		
GCF_000149335.2_ASM14933v2	Ascomycota:MAT	NW_004504308.1	3323395-3337129	3323395-3337129	withheld:modelled_gene_bar+polish_capped	withheld:modelled_gene_bar+polish_capped	MAT1-2	MAT1-2														APN2,MAT1-2-1	APN2,MAT1-2-1		
GCF_000149335.2_ASM14933v2	Ascomycota:MAT	NW_004504307.1	475667-485638	475667-485638	withheld:modelled_gene_bar+polish_capped	withheld:modelled_gene_bar+polish_capped	MAT1-1	MAT1-1														APN2,MAT1-1-1	APN2,MAT1-1-1		
GCF_000149335.2_ASM14933v2	Ascomycota:MAT	NW_004504311.1	781867-829769	781867-829769	withheld:modelled_gene_bar	withheld:modelled_gene_bar	MAT1-1	MAT1-1														APN2,MAT1-1-1,MAT1-2-1,SLA2	APN2,MAT1-1-1,MAT1-2-1,SLA2		
GCF_000149335.2_ASM14933v2	Ascomycota:MAT	NW_004504309.1	1887971-1902857	1887971-1902857	withheld:below_fraction_floor	withheld:below_fraction_floor	MAT1-1	MAT1-1														MAT1-1-2,MAT1-1-4,SLA2	MAT1-1-2,MAT1-1-4,SLA2		
GCF_000150505.1_SO6	Ascomycota:mat1	NW_013185623.1	935-1889	935-1889	called	called	P	P	high	high	idiomorph_gene_only	idiomorph_gene_only										mat1-Pc,mat1-Pi	mat1-Pc,mat1-Pi		
GCF_000150505.1_SO6	Ascomycota:mat1	NW_013185619.1	3770348-3796539	3770348-3796539	called	called	P	P	high	high	idiomorph_gene_only	idiomorph_gene_only										mat1-Mc,mat1-Mi,mat1-Pc,mat1-Pi	mat1-Mc,mat1-Mi,mat1-Pc,mat1-Pi		
GCF_000150505.1_SO6	Ascomycota:PM	NW_013185623.1	935-1889	935-1889	withheld:modelled_gene_bar	withheld:modelled_gene_bar	P	P														matPi	matPi		
GCF_000150505.1_SO6	Ascomycota:PM	NW_013185619.1	58620-58760	58620-58760	withheld:modelled_gene_bar	withheld:modelled_gene_bar	P	P														matPi	matPi		
GCF_000150505.1_SO6	Ascomycota:mat1	NW_013185619.1	85953-86159	85953-86159	withheld:modelled_gene_bar	withheld:modelled_gene_bar	P	P														mat1-Pc	mat1-Pc		
GCF_000150505.1_SO6	Ascomycota:PM	NW_013185619.1	579880-579984	579880-579984	withheld:modelled_gene_bar	withheld:modelled_gene_bar	M	M														matMc	matMc		
GCF_000150505.1_SO6	Ascomycota:mat1	NW_013185619.1	837771-837860	837771-837860	withheld:modelled_gene_bar	withheld:modelled_gene_bar	P	P														mat1-Pi	mat1-Pi		
GCF_000150505.1_SO6	Ascomycota:mat1	NW_013185619.1	1142229-1142327	1142229-1142327	withheld:modelled_gene_bar	withheld:modelled_gene_bar	M	M														mat1-Mi	mat1-Mi		
GCF_000150505.1_SO6	Ascomycota:PM	NW_013185619.1	1685849-1685944	1685849-1685944	withheld:modelled_gene_bar	withheld:modelled_gene_bar	M	M														matMi	matMi		
GCF_000150505.1_SO6	Ascomycota:mat1	NW_013185619.1	1815359-1815490	1815359-1815490	withheld:modelled_gene_bar	withheld:modelled_gene_bar	P	P														mat1-Pi	mat1-Pi		
GCF_000150505.1_SO6	Ascomycota:mat1	NW_013185619.1	2113287-2113394	2113287-2113394	withheld:modelled_gene_bar	withheld:modelled_gene_bar	P	P														mat1-Pc	mat1-Pc		
GCF_000150505.1_SO6	Ascomycota:PM	NW_013185619.1	2780429-2780518	2780429-2780518	withheld:modelled_gene_bar	withheld:modelled_gene_bar	M	M														matMc	matMc		
GCF_000150505.1_SO6	Ascomycota:PM	NW_013185619.1	3064500-3064646	3064500-3064646	withheld:modelled_gene_bar	withheld:modelled_gene_bar	P	P														matPi	matPi		
GCF_000150505.1_SO6	Ascomycota:mat1	NW_013185619.1	3120986-3121105	3120986-3121105	withheld:modelled_gene_bar	withheld:modelled_gene_bar	P	P														mat1-Pi	mat1-Pi		
GCF_000150505.1_SO6	Ascomycota:PM	NW_013185619.1	3770348-3796539	3770348-3796539	withheld:modelled_gene_bar	withheld:modelled_gene_bar	M	M														matMc,matPi	matMc,matPi		
GCF_000150505.1_SO6	Ascomycota:mat1	NW_013185619.1	4275438-4275698	4275438-4275698	withheld:modelled_gene_bar	withheld:modelled_gene_bar	P	P														mat1-Pc	mat1-Pc		
GCF_000150505.1_SO6	Ascomycota:mat1	NW_013185619.1	4586343-4586459	4586343-4586459	withheld:modelled_gene_bar	withheld:modelled_gene_bar	P	P														mat1-Pi	mat1-Pi		
GCF_000150505.1_SO6	Ascomycota:PM	NW_013185621.1	279929-280066	279929-280066	withheld:modelled_gene_bar	withheld:modelled_gene_bar	P	P														matPi	matPi		
GCF_000150505.1_SO6	Ascomycota:PM	NW_013185621.1	328868-328984	328868-328984	withheld:modelled_gene_bar	withheld:modelled_gene_bar	M	M														matMi	matMi		
GCF_000150505.1_SO6	Ascomycota:mat1	NW_013185621.1	910307-910423	910307-910423	withheld:modelled_gene_bar	withheld:modelled_gene_bar	P	P														mat1-Pc	mat1-Pc		
GCF_000150505.1_SO6	Ascomycota:PM	NW_013185621.1	1028050-1028283	1028050-1028283	withheld:modelled_gene_bar	withheld:modelled_gene_bar	M	M														matMc	matMc		
GCF_000150505.1_SO6	Ascomycota:PM	NW_013185621.1	1468411-1468530	1468411-1468530	withheld:modelled_gene_bar	withheld:modelled_gene_bar	M	M														matMc	matMc		
GCF_000150505.1_SO6	Ascomycota:PM	NW_013185621.1	1946714-1946935	1946714-1946935	withheld:modelled_gene_bar	withheld:modelled_gene_bar	P	P														matPi	matPi		
GCF_000150505.1_SO6	Ascomycota:PM	NW_013185621.1	2020451-2025120	2020451-2025120	withheld:modelled_gene_bar	withheld:modelled_gene_bar	M	M														matMc,matMi	matMc,matMi		
GCF_000150505.1_SO6	Ascomycota:mat1	NW_013185621.1	2020478-2025120	2020478-2025120	withheld:modelled_gene_bar	withheld:modelled_gene_bar	M	M														mat1-Mc	mat1-Mc		
GCF_000150505.1_SO6	Ascomycota:mat1	NW_013185621.1	2256495-2256638	2256495-2256638	withheld:modelled_gene_bar	withheld:modelled_gene_bar	M	M														mat1-Mc	mat1-Mc		
GCF_000150505.1_SO6	Ascomycota:mat1	NW_013185621.1	3009298-3009414	3009298-3009414	withheld:modelled_gene_bar	withheld:modelled_gene_bar	P	P														mat1-Pi	mat1-Pi		
GCF_000150505.1_SO6	Ascomycota:PM	NW_013185621.1	3045573-3045707	3045573-3045707	withheld:modelled_gene_bar	withheld:modelled_gene_bar	P	P														matPi	matPi		
GCF_000150505.1_SO6	Ascomycota:PM	NW_013185620.1	1307560-1307874	1307560-1307874	withheld:modelled_gene_bar	withheld:modelled_gene_bar	M	M														matMc	matMc		
GCF_000150505.1_SO6	Ascomycota:PM	NW_013185620.1	2259318-2259473	2259318-2259473	withheld:modelled_gene_bar	withheld:modelled_gene_bar	P	P														matPi	matPi		
GCF_000150505.1_SO6	Ascomycota:PM	NW_013185620.1	2439528-2439620	2439528-2439620	withheld:modelled_gene_bar	withheld:modelled_gene_bar	P	P														matPi	matPi		
GCF_000150505.1_SO6	Ascomycota:PM	NW_013185620.1	2467481-2508498	2467481-2508498	withheld:modelled_gene_bar	withheld:modelled_gene_bar	M	M														matMc	matMc		
GCF_000150505.1_SO6	Ascomycota:mat1	NW_013185620.1	2467481-2508498	2467481-2508498	withheld:modelled_gene_bar	withheld:modelled_gene_bar	P	P														mat1-Pi	mat1-Pi		
GCF_000150505.1_SO6	Ascomycota:PM	NW_013185620.1	2550981-2551157	2550981-2551157	withheld:modelled_gene_bar	withheld:modelled_gene_bar	P	P														matPi	matPi		
GCF_000150505.1_SO6	Ascomycota:mat1	NW_013185620.1	2708654-2708755	2708654-2708755	withheld:modelled_gene_bar	withheld:modelled_gene_bar	M	M														mat1-Mi	mat1-Mi		
GCF_000150505.1_SO6	Ascomycota:PM	NW_013185620.1	2840482-2840595	2840482-2840595	withheld:modelled_gene_bar	withheld:modelled_gene_bar	M	M														matMi	matMi		
GCF_000300575.1_Agabi_varbisH97_2	Basidiomycota:HD	NW_006267344.1	896300-902098	887978-904939	called	called	undetermined	undetermined	high	high	idiomorph_gene_only	mat_locus										HD1,HD2	HD1,HD2,MIP1,beta_fg		locus_class_changed,span_changed,gene_set_changed
GCF_000300575.1_Agabi_varbisH97_2	Basidiomycota:Aalpha	NW_006267344.1	896300-902018	887978-904939	withheld:modelled_gene_bar	withheld:modelled_gene_bar	undetermined	undetermined														Y,Z	Y,Z		span_changed
GCF_000300575.1_Agabi_varbisH97_2	Basidiomycota:PR	NW_006267344.1	896300-902018	887978-904939	withheld:modelled_gene_bar	withheld:modelled_gene_bar	undetermined	undetermined														pheromone_receptor	pheromone_receptor		span_changed
GCF_000300575.1_Agabi_varbisH97_2	Basidiomycota:HD	NW_006267344.1	3007202-3007336	3007202-3007336	withheld:modelled_gene_bar	withheld:modelled_gene_bar	undetermined	undetermined														HD1	HD1		
GCF_000300575.1_Agabi_varbisH97_2	Basidiomycota:HD	NW_006267370.1	118769-118900	118769-118900	withheld:modelled_gene_bar	withheld:modelled_gene_bar	undetermined	undetermined														HD1	HD1		
GCF_000300575.1_Agabi_varbisH97_2	Basidiomycota:HD	NW_006267370.1	584579-584740	584579-584740	withheld:modelled_gene_bar	withheld:modelled_gene_bar	undetermined	undetermined														HD1	HD1		
GCF_000300575.1_Agabi_varbisH97_2	Basidiomycota:HD	NW_006267370.1	1002225-1002494	1002198-1002494	withheld:modelled_gene_bar	withheld:modelled_gene_bar	undetermined	undetermined														HD1,HD2	HD1,HD2		span_changed
GCF_000300575.1_Agabi_varbisH97_2	Basidiomycota:Aalpha	NW_006267370.1	1002225-1002494	1002198-1002494	withheld:modelled_gene_bar	withheld:modelled_gene_bar	undetermined	undetermined														Y,Z	Y,Z		span_changed
GCF_000300575.1_Agabi_varbisH97_2	Basidiomycota:HD	NW_006267348.1	996753-1007581	996753-1007581	withheld:modelled_gene_bar	withheld:modelled_gene_bar	undetermined	undetermined														HD1	HD1		
GCF_000300575.1_Agabi_varbisH97_2	Basidiomycota:HD	NW_006267347.1	330662-330787	330662-330787	withheld:modelled_gene_bar	withheld:modelled_gene_bar	undetermined	undetermined														HD1	HD1		
GCF_000300575.1_Agabi_varbisH97_2	Basidiomycota:Balpha	NW_006267347.1	455047-456180	455047-456216	withheld:modelled_gene_bar	withheld:modelled_gene_bar	undetermined	undetermined														bar3	bar3		span_changed
GCF_000300575.1_Agabi_varbisH97_2	Basidiomycota:HD	NW_006267347.1	549723-549869	549723-549869	withheld:modelled_gene_bar	withheld:modelled_gene_bar	undetermined	undetermined														HD1	HD1		
GCF_000300575.1_Agabi_varbisH97_2	Basidiomycota:HD	NW_006267371.1	135615-141343	135615-143843	withheld:modelled_gene_bar	withheld:modelled_gene_bar	undetermined	undetermined														HD1	HD1		span_changed
GCF_000300575.1_Agabi_varbisH97_2	Basidiomycota:HD	NW_006267371.1	171506-184758	171506-184758	withheld:modelled_gene_bar	withheld:modelled_gene_bar	undetermined	undetermined														HD1	HD1		
GCF_000300575.1_Agabi_varbisH97_2	Basidiomycota:HD	NW_006267371.1	218977-219102	218977-219102	withheld:modelled_gene_bar	withheld:modelled_gene_bar	undetermined	undetermined														HD1	HD1		
GCF_000300575.1_Agabi_varbisH97_2	Basidiomycota:HD	NW_006267355.1	845989-846138	845989-846138	withheld:modelled_gene_bar	withheld:modelled_gene_bar	undetermined	undetermined														HD1	HD1		
GCF_000300575.1_Agabi_varbisH97_2	Basidiomycota:HD	NW_006267355.1	1826087-1826212	1826087-1826212	withheld:modelled_gene_bar	withheld:modelled_gene_bar	undetermined	undetermined														HD1	HD1		
GCF_000300575.1_Agabi_varbisH97_2	Basidiomycota:HD	NW_006267355.1	1921013-1921204	1921013-1921204	withheld:modelled_gene_bar	withheld:modelled_gene_bar	undetermined	undetermined														HD1	HD1		
GCF_000300575.1_Agabi_varbisH97_2	Basidiomycota:Aalpha	NW_006267355.1	2658955-2668910	2658955-2668910	withheld:modelled_gene_bar	withheld:modelled_gene_bar	undetermined	undetermined														Z	Z		
GCF_000300575.1_Agabi_varbisH97_2	Basidiomycota:Balpha	NW_006267355.1	2803859-2803972	2803859-2803972	withheld:modelled_gene_bar	withheld:modelled_gene_bar	undetermined	undetermined														bap3-3	bap3-3		
GCF_000300575.1_Agabi_varbisH97_2	Basidiomycota:Aalpha	NW_006267345.1	695372-695578	695372-695578	withheld:modelled_gene_bar	withheld:modelled_gene_bar	undetermined	undetermined														Y	Y		
GCF_000300575.1_Agabi_varbisH97_2	Basidiomycota:HD	NW_006267345.1	1140274-1140405	1140274-1140405	withheld:modelled_gene_bar	withheld:modelled_gene_bar	undetermined	undetermined														HD1	HD1		
GCF_000300575.1_Agabi_varbisH97_2	Basidiomycota:HD	NW_006267345.1	1231904-1232029	1231904-1232029	withheld:modelled_gene_bar	withheld:modelled_gene_bar	undetermined	undetermined														HD1	HD1		
GCF_000300575.1_Agabi_varbisH97_2	Basidiomycota:HD	NW_006267369.1	1541442-1541576	1541442-1542573	withheld:modelled_gene_bar	withheld:modelled_gene_bar	undetermined	undetermined														HD1	HD1,HD2		span_changed,gene_set_changed
GCF_000300575.1_Agabi_varbisH97_2	Basidiomycota:HD	NW_006267367.1	353004-377479	353004-377479	withheld:modelled_gene_bar	withheld:modelled_gene_bar	undetermined	undetermined														HD1	HD1		
GCF_000300575.1_Agabi_varbisH97_2	Basidiomycota:Balpha	NW_006267367.1	638313-638474	638313-638474	withheld:modelled_gene_bar	withheld:modelled_gene_bar	undetermined	undetermined														bap3-3	bap3-3		
GCF_000300575.1_Agabi_varbisH97_2	Basidiomycota:HD	NW_006267368.1	551060-551167	551054-551167	withheld:modelled_gene_bar	withheld:modelled_gene_bar	undetermined	undetermined														HD2	HD2		span_changed
GCF_000300575.1_Agabi_varbisH97_2	Basidiomycota:HD	NW_006267368.1	834204-834377	834204-834377	withheld:modelled_gene_bar	withheld:modelled_gene_bar	undetermined	undetermined														HD1	HD1		
GCF_000300575.1_Agabi_varbisH97_2	Basidiomycota:Aalpha	NW_006267368.1	1109581-1109724	1109581-1109724	withheld:modelled_gene_bar	withheld:modelled_gene_bar	undetermined	undetermined														Z	Z		
GCF_000300575.1_Agabi_varbisH97_2	Basidiomycota:HD	NW_006267357.1	11067-11162	11067-11162	withheld:modelled_gene_bar	withheld:modelled_gene_bar	undetermined	undetermined														HD1	HD1		
GCF_000300575.1_Agabi_varbisH97_2	Basidiomycota:Balpha	NW_006267366.1	1640900-1641100	1640900-1641100	withheld:modelled_gene_bar	withheld:modelled_gene_bar	undetermined	undetermined														bar3	bar3		
GCF_000300575.1_Agabi_varbisH97_2	Basidiomycota:Balpha	NW_006267366.1	2039373-2040700	2039373-2040718	withheld:modelled_gene_bar	withheld:modelled_gene_bar	undetermined	undetermined														bar3	bar3		span_changed
GCF_000300575.1_Agabi_varbisH97_2	Basidiomycota:Balpha	NW_006267346.1	276367-277834	276346-277978	withheld:modelled_gene_bar	withheld:modelled_gene_bar	undetermined	undetermined														bar3	bar3		span_changed
GCF_000300575.1_Agabi_varbisH97_2	Basidiomycota:Balpha	NW_006267346.1	391357-392362	391294-393178	withheld:modelled_gene_bar	withheld:modelled_gene_bar	undetermined	undetermined														bar3	bar3		span_changed
GCF_000300575.1_Agabi_varbisH97_2	Basidiomycota:HD	NW_006267349.1	771209-771406	771209-771406	withheld:modelled_gene_bar	withheld:modelled_gene_bar	undetermined	undetermined														HD1	HD1		
GCF_000300575.1_Agabi_varbisH97_2	Basidiomycota:HD	NW_006267351.1	535564-535851	535564-535851	withheld:modelled_gene_bar	withheld:modelled_gene_bar	undetermined	undetermined														HD1	HD1		
GCF_000300575.1_Agabi_varbisH97_2	Basidiomycota:HD	NW_006267344.1		195315-209202	absent	withheld:modelled_gene_bar		undetermined															HD2		withheld_reason_changed
GCF_000300575.1_Agabi_varbisH97_2	Basidiomycota:HD	NW_006267344.1		585782-586042	absent	withheld:modelled_gene_bar		undetermined															HD2		withheld_reason_changed
GCF_000300575.1_Agabi_varbisH97_2	Basidiomycota:HD	NW_006267344.1		1789879-1804505	absent	withheld:modelled_gene_bar		undetermined															HD1		withheld_reason_changed
GCF_000300575.1_Agabi_varbisH97_2	Basidiomycota:HD	NW_006267348.1		817960-821229	absent	withheld:modelled_gene_bar		undetermined															HD2		withheld_reason_changed
GCF_000300575.1_Agabi_varbisH97_2	Basidiomycota:HD	NW_006267347.1		241700-266336	absent	withheld:modelled_gene_bar		undetermined															HD1		withheld_reason_changed
GCF_000300575.1_Agabi_varbisH97_2	Basidiomycota:PR	NW_006267347.1		856059-862979	absent	withheld:modelled_gene_bar		undetermined															fungal_mating_type_pheromone,pheromone_receptor		withheld_reason_changed
GCF_000300575.1_Agabi_varbisH97_2	Basidiomycota:HD	NW_006267371.1		1401790-1401960	absent	withheld:modelled_gene_bar		undetermined															HD1		withheld_reason_changed
GCF_000300575.1_Agabi_varbisH97_2	Basidiomycota:HD	NW_006267371.1		1450669-1450785	absent	withheld:modelled_gene_bar		undetermined															HD1		withheld_reason_changed
GCF_000300575.1_Agabi_varbisH97_2	Basidiomycota:HD	NW_006267355.1		1798345-1798641	absent	withheld:modelled_gene_bar		undetermined															HD2		withheld_reason_changed
GCF_000300575.1_Agabi_varbisH97_2	Basidiomycota:HD	NW_006267355.1		2267567-2267845	absent	withheld:modelled_gene_bar		undetermined															HD2		withheld_reason_changed
GCF_000300575.1_Agabi_varbisH97_2	Basidiomycota:HD	NW_006267369.1		82202-82384	absent	withheld:modelled_gene_bar		undetermined															HD2		withheld_reason_changed
GCF_000300575.1_Agabi_varbisH97_2	Basidiomycota:HD	NW_006267369.1		349719-349952	absent	withheld:modelled_gene_bar		undetermined															HD2		withheld_reason_changed
GCF_000300575.1_Agabi_varbisH97_2	Basidiomycota:HD	NW_006267369.1		669763-686126	absent	withheld:modelled_gene_bar		undetermined															HD2		withheld_reason_changed
GCF_000300575.1_Agabi_varbisH97_2	Basidiomycota:HD	NW_006267369.1		773890-774003	absent	withheld:modelled_gene_bar		undetermined															HD1		withheld_reason_changed
GCF_000300575.1_Agabi_varbisH97_2	Basidiomycota:HD	NW_006267369.1		1058941-1082415	absent	withheld:modelled_gene_bar		undetermined															HD1		withheld_reason_changed
GCF_000300575.1_Agabi_varbisH97_2	Basidiomycota:HD	NW_006267369.1		2028299-2028460	absent	withheld:modelled_gene_bar		undetermined															HD1		withheld_reason_changed
GCF_000300575.1_Agabi_varbisH97_2	Basidiomycota:HD	NW_006267369.1		2184524-2184697	absent	withheld:modelled_gene_bar		undetermined															HD1		withheld_reason_changed
GCF_000300575.1_Agabi_varbisH97_2	Basidiomycota:HD	NW_006267369.1		2313441-2313635	absent	withheld:modelled_gene_bar		undetermined															HD1		withheld_reason_changed
GCF_000300575.1_Agabi_varbisH97_2	Basidiomycota:PR	NW_006267367.1		151272-161839	absent	withheld:modelled_gene_bar		undetermined															pheromone_B43,pheromone_receptor		withheld_reason_changed
GCF_000300575.1_Agabi_varbisH97_2	Basidiomycota:HD	NW_006267367.1		2364146-2364283	absent	withheld:modelled_gene_bar		undetermined															HD1		withheld_reason_changed
GCF_000300575.1_Agabi_varbisH97_2	Basidiomycota:HD	NW_006267368.1		72147-72455	absent	withheld:modelled_gene_bar		undetermined															HD1		withheld_reason_changed
GCF_000300575.1_Agabi_varbisH97_2	Basidiomycota:HD	NW_006267368.1		219153-219278	absent	withheld:modelled_gene_bar		undetermined															HD2		withheld_reason_changed
GCF_000300575.1_Agabi_varbisH97_2	Basidiomycota:HD	NW_006267368.1		657366-657482	absent	withheld:modelled_gene_bar		undetermined															HD2		withheld_reason_changed
GCF_000300575.1_Agabi_varbisH97_2	Basidiomycota:PR	NW_006267368.1		2226771-2240098	absent	withheld:modelled_gene_bar		undetermined															pheromone_B43,pheromone_receptor		withheld_reason_changed
GCF_000300575.1_Agabi_varbisH97_2	Basidiomycota:HD	NW_006267366.1		130990-131085	absent	withheld:modelled_gene_bar		undetermined															HD1		withheld_reason_changed
GCF_000300575.1_Agabi_varbisH97_2	Basidiomycota:HD	NW_006267366.1		228012-228152	absent	withheld:modelled_gene_bar		undetermined															HD1		withheld_reason_changed
GCF_000300575.1_Agabi_varbisH97_2	Basidiomycota:PR	NW_006267366.1		784958-802016	absent	withheld:modelled_gene_bar		undetermined															fungal_mating_type_pheromone,pheromone_receptor		withheld_reason_changed
GCF_000300575.1_Agabi_varbisH97_2	Basidiomycota:HD	NW_006267366.1		1127397-1127723	absent	withheld:modelled_gene_bar		undetermined															HD2		withheld_reason_changed
GCF_000300575.1_Agabi_varbisH97_2	Basidiomycota:HD	NW_006267346.1		1244130-1244243	absent	withheld:modelled_gene_bar		undetermined															HD1		withheld_reason_changed
GCF_000300575.1_Agabi_varbisH97_2	Basidiomycota:HD	NW_006267372.1		662408-684013	absent	withheld:modelled_gene_bar		undetermined															HD2,MIP1		withheld_reason_changed
GCF_000300575.1_Agabi_varbisH97_2	Basidiomycota:HD	NW_006267349.1		648970-649206	absent	withheld:modelled_gene_bar		undetermined															HD2		withheld_reason_changed
GCF_000300575.1_Agabi_varbisH97_2	Basidiomycota:HD	NW_006267349.1		699309-704020	absent	withheld:modelled_gene_bar		undetermined															HD1		withheld_reason_changed
GCF_000300575.1_Agabi_varbisH97_2	Basidiomycota:HD	NW_006267353.1		113922-138212	absent	withheld:modelled_gene_bar		undetermined															HD1		withheld_reason_changed
GCF_000300575.1_Agabi_varbisH97_2	Basidiomycota:HD	NW_006267352.1		105516-105794	absent	withheld:modelled_gene_bar		undetermined															HD2		withheld_reason_changed
GCF_000300575.1_Agabi_varbisH97_2	Basidiomycota:HD	NW_006267352.1		152603-152833	absent	withheld:modelled_gene_bar		undetermined															HD1		withheld_reason_changed
GCF_000300575.1_Agabi_varbisH97_2	Basidiomycota:PR	NW_006267372.1		71694-74778	absent	withheld:below_fraction_floor		undetermined															caax_precursor,pheromone_receptor		withheld_reason_changed
GCF_000328475.2_Umaydis521_2.0	Basidiomycota:bLocus	NC_026478.1	1688463-1693902	1688463-1693902	called	called	undetermined	undetermined	high	high	idiomorph_gene_only	idiomorph_gene_only										bE,bW	bE,bW		
GCF_000328475.2_Umaydis521_2.0	Basidiomycota:aLocus	NC_026482.1	1023525-1028134	1023525-1028134	called	called	undetermined	undetermined	high	high	mat_locus	mat_locus										mfa1,pra1,rba1	mfa1,pra1,rba1		
GCF_000328475.2_Umaydis521_2.0	Basidiomycota:bLocus	NC_026478.1	24799-24999	24799-24999	withheld:modelled_gene_bar	withheld:modelled_gene_bar	undetermined	undetermined														bW	bW		
GCF_000328475.2_Umaydis521_2.0	Basidiomycota:bLocus	NC_026478.1	44923-45027	44923-45027	withheld:modelled_gene_bar	withheld:modelled_gene_bar	undetermined	undetermined														bE	bE		
GCF_000328475.2_Umaydis521_2.0	Basidiomycota:aLocus	NC_026478.1	61614-61742	61614-61742	withheld:modelled_gene_bar	withheld:modelled_gene_bar	undetermined	undetermined														pra1	pra1		
GCF_000328475.2_Umaydis521_2.0	Basidiomycota:bLocus	NC_026478.1	93397-93519	93397-93519	withheld:modelled_gene_bar	withheld:modelled_gene_bar	undetermined	undetermined														bE	bE		
GCF_000328475.2_Umaydis521_2.0	Basidiomycota:bLocus	NC_026478.1	133864-133989	133864-133989	withheld:modelled_gene_bar	withheld:modelled_gene_bar	undetermined	undetermined														bE	bE		
GCF_000328475.2_Umaydis521_2.0	Basidiomycota:aLocus	NC_026478.1	236343-236471	236343-236471	withheld:modelled_gene_bar	withheld:modelled_gene_bar	undetermined	undetermined														pra1	pra1		
GCF_000328475.2_Umaydis521_2.0	Basidiomycota:bLocus	NC_026478.1	270776-270898	270776-270898	withheld:modelled_gene_bar	withheld:modelled_gene_bar	undetermined	undetermined														bE	bE		
GCF_000328475.2_Umaydis521_2.0	Basidiomycota:aLocus	NC_026478.1	297082-297240	297082-297240	withheld:modelled_gene_bar	withheld:modelled_gene_bar	undetermined	undetermined														pra1	pra1		
GCF_000328475.2_Umaydis521_2.0	Basidiomycota:bLocus	NC_026478.1	437868-441987	437868-441987	withheld:modelled_gene_bar+polish_capped	withheld:modelled_gene_bar+polish_capped	undetermined	undetermined														bE,bW	bE,bW		
GCF_000328475.2_Umaydis521_2.0	Basidiomycota:aLocus	NC_026478.1	527160-527345	527160-527345	withheld:modelled_gene_bar	withheld:modelled_gene_bar	undetermined	undetermined														pra1	pra1		
GCF_000328475.2_Umaydis521_2.0	Basidiomycota:aLocus	NC_026478.1	611027-611128	611027-611128	withheld:modelled_gene_bar	withheld:modelled_gene_bar	undetermined	undetermined														pra1	pra1		
GCF_000328475.2_Umaydis521_2.0	Basidiomycota:bLocus	NC_026478.1	703988-704122	703988-704122	withheld:modelled_gene_bar	withheld:modelled_gene_bar	undetermined	undetermined														bE	bE		
GCF_000328475.2_Umaydis521_2.0	Basidiomycota:aLocus	NC_026478.1	742173-744731	742173-744731	withheld:modelled_gene_bar	withheld:modelled_gene_bar	undetermined	undetermined														pra1	pra1		
GCF_000328475.2_Umaydis521_2.0	Basidiomycota:bLocus	NC_026478.1	742173-744731	742173-744731	withheld:modelled_gene_bar	withheld:modelled_gene_bar	undetermined	undetermined														bE	bE		
GCF_000328475.2_Umaydis521_2.0	Basidiomycota:bLocus	NC_026478.1	834755-834847	834755-834847	withheld:modelled_gene_bar	withheld:modelled_gene_bar	undetermined	undetermined														bE	bE		
GCF_000328475.2_Umaydis521_2.0	Basidiomycota:bLocus	NC_026478.1	868309-868434	868309-868434	withheld:modelled_gene_bar	withheld:modelled_gene_bar	undetermined	undetermined														bW	bW		
GCF_000328475.2_Umaydis521_2.0	Basidiomycota:aLocus	NC_026478.1	971804-971986	971804-971986	withheld:modelled_gene_bar	withheld:modelled_gene_bar	undetermined	undetermined														pra1	pra1		
GCF_000328475.2_Umaydis521_2.0	Basidiomycota:bLocus	NC_026478.1	980379-980708	980379-980708	withheld:modelled_gene_bar	withheld:modelled_gene_bar	undetermined	undetermined														bE	bE		
GCF_000328475.2_Umaydis521_2.0	Basidiomycota:bLocus	NC_026478.1	1093673-1093843	1093673-1093843	withheld:modelled_gene_bar	withheld:modelled_gene_bar	undetermined	undetermined														bW	bW		
GCF_000328475.2_Umaydis521_2.0	Basidiomycota:bLocus	NC_026478.1	1189781-1189921	1189781-1189921	withheld:modelled_gene_bar	withheld:modelled_gene_bar	undetermined	undetermined														bE	bE		
GCF_000328475.2_Umaydis521_2.0	Basidiomycota:bLocus	NC_026478.1	1370776-1370892	1370776-1370892	withheld:modelled_gene_bar	withheld:modelled_gene_bar	undetermined	undetermined														bE	bE		
GCF_000328475.2_Umaydis521_2.0	Basidiomycota:bLocus	NC_026478.1	1407837-1408214	1407837-1408214	withheld:modelled_gene_bar	withheld:modelled_gene_bar	undetermined	undetermined														bE,bW	bE,bW		
GCF_000328475.2_Umaydis521_2.0	Basidiomycota:bLocus	NC_026478.1	1562311-1562487	1562311-1562487	withheld:modelled_gene_bar	withheld:modelled_gene_bar	undetermined	undetermined														bE	bE		
GCF_000328475.2_Umaydis521_2.0	Basidiomycota:bLocus	NC_026478.1	1598230-1598373	1598230-1598373	withheld:modelled_gene_bar	withheld:modelled_gene_bar	undetermined	undetermined														bE	bE		
GCF_000328475.2_Umaydis521_2.0	Basidiomycota:aLocus	NC_026478.1	1776787-1779505	1776787-1779505	withheld:modelled_gene_bar	withheld:modelled_gene_bar	undetermined	undetermined														pra1	pra1		
GCF_000328475.2_Umaydis521_2.0	Basidiomycota:bLocus	NC_026478.1	1776787-1779505	1776787-1779505	withheld:modelled_gene_bar	withheld:modelled_gene_bar	undetermined	undetermined														bE	bE		
GCF_000328475.2_Umaydis521_2.0	Basidiomycota:bLocus	NC_026478.1	1897697-1897798	1897697-1897798	withheld:modelled_gene_bar	withheld:modelled_gene_bar	undetermined	undetermined														bE	bE		
GCF_000328475.2_Umaydis521_2.0	Basidiomycota:bLocus	NC_026478.1	1912840-1913010	1912840-1913010	withheld:modelled_gene_bar	withheld:modelled_gene_bar	undetermined	undetermined														bE	bE		
GCF_000328475.2_Umaydis521_2.0	Basidiomycota:bLocus	NC_026478.1	1939134-1939412	1939134-1939412	withheld:modelled_gene_bar	withheld:modelled_gene_bar	undetermined	undetermined														bE	bE		
GCF_000328475.2_Umaydis521_2.0	Basidiomycota:bLocus	NC_026478.1	2049539-2049730	2049539-2049730	withheld:modelled_gene_bar	withheld:modelled_gene_bar	undetermined	undetermined														bW	bW		
GCF_000328475.2_Umaydis521_2.0	Basidiomycota:bLocus	NC_026478.1	2151989-2152159	2151989-2152159	withheld:modelled_gene_bar	withheld:modelled_gene_bar	undetermined	undetermined														bE	bE		
GCF_000328475.2_Umaydis521_2.0	Basidiomycota:aLocus	NC_026478.1	2214537-2214653	2214537-2214653	withheld:modelled_gene_bar	withheld:modelled_gene_bar	undetermined	undetermined														pra1	pra1		
GCF_000328475.2_Umaydis521_2.0	Basidiomycota:bLocus	NC_026478.1	2333242-2333370	2333242-2333370	withheld:modelled_gene_bar	withheld:modelled_gene_bar	undetermined	undetermined														bW	bW		
GCF_000328475.2_Umaydis521_2.0	Basidiomycota:bLocus	NC_026478.1	2461073-2461372	2461073-2461372	withheld:modelled_gene_bar	withheld:modelled_gene_bar	undetermined	undetermined														bE	bE		
GCF_000328475.2_Umaydis521_2.0	Basidiomycota:bLocus	NC_026496.1	126254-126382	126254-126382	withheld:modelled_gene_bar	withheld:modelled_gene_bar	undetermined	undetermined														bW	bW		
GCF_000328475.2_Umaydis521_2.0	Basidiomycota:bLocus	NC_026496.1	136348-136455	136348-136455	withheld:modelled_gene_bar	withheld:modelled_gene_bar	undetermined	undetermined														bE	bE		
GCF_000328475.2_Umaydis521_2.0	Basidiomycota:aLocus	NC_026496.1	193147-193443	193147-193443	withheld:modelled_gene_bar	withheld:modelled_gene_bar	undetermined	undetermined														pra1	pra1		
GCF_000328475.2_Umaydis521_2.0	Basidiomycota:aLocus	NC_026496.1	199029-199133	199029-199133	withheld:modelled_gene_bar	withheld:modelled_gene_bar	undetermined	undetermined														pra1	pra1		
GCF_000328475.2_Umaydis521_2.0	Basidiomycota:bLocus	NC_026496.1	232303-232548	232303-232548	withheld:modelled_gene_bar	withheld:modelled_gene_bar	undetermined	undetermined														bW	bW		
GCF_000328475.2_Umaydis521_2.0	Basidiomycota:aLocus	NC_026496.1	467265-467378	467265-467378	withheld:modelled_gene_bar	withheld:modelled_gene_bar	undetermined	undetermined														rba1	rba1		
GCF_000328475.2_Umaydis521_2.0	Basidiomycota:bLocus	NC_026496.1	534573-534671	534573-534671	withheld:modelled_gene_bar	withheld:modelled_gene_bar	undetermined	undetermined														bW	bW		
GCF_000328475.2_Umaydis521_2.0	Basidiomycota:bLocus	NC_026499.1	17426-17908	17426-17908	withheld:modelled_gene_bar	withheld:modelled_gene_bar	undetermined	undetermined														bW	bW		
GCF_000328475.2_Umaydis521_2.0	Basidiomycota:aLocus	NC_026499.1	24110-24277	24110-24277	withheld:modelled_gene_bar	withheld:modelled_gene_bar	undetermined	undetermined														pra1	pra1		
GCF_000328475.2_Umaydis521_2.0	Basidiomycota:bLocus	NC_026499.1	43636-46834	43636-46834	withheld:modelled_gene_bar	withheld:modelled_gene_bar	undetermined	undetermined														bE,bW	bE,bW		
GCF_000328475.2_Umaydis521_2.0	Basidiomycota:bLocus	NC_026499.1	174787-174885	174787-174885	withheld:modelled_gene_bar	withheld:modelled_gene_bar	undetermined	undetermined														bW	bW		
GCF_000328475.2_Umaydis521_2.0	Basidiomycota:bLocus	NC_026499.1	400305-400550	400305-400550	withheld:modelled_gene_bar	withheld:modelled_gene_bar	undetermined	undetermined														bW	bW		
GCF_000328475.2_Umaydis521_2.0	Basidiomycota:bLocus	NC_026484.1	82660-82770	82660-82770	withheld:modelled_gene_bar	withheld:modelled_gene_bar	undetermined	undetermined														bW	bW		
GCF_000328475.2_Umaydis521_2.0	Basidiomycota:aLocus	NC_026484.1	121758-122027	121758-122027	withheld:modelled_gene_bar	withheld:modelled_gene_bar	undetermined	undetermined														pra1	pra1		
GCF_000328475.2_Umaydis521_2.0	Basidiomycota:bLocus	NC_026484.1	134755-135120	134755-135120	withheld:modelled_gene_bar	withheld:modelled_gene_bar	undetermined	undetermined														bW	bW		
GCF_000328475.2_Umaydis521_2.0	Basidiomycota:bLocus	NC_026484.1	303228-303491	303228-303491	withheld:modelled_gene_bar	withheld:modelled_gene_bar	undetermined	undetermined														bW	bW		
GCF_000328475.2_Umaydis521_2.0	Basidiomycota:aLocus	NC_026484.1	453150-453428	453150-453428	withheld:modelled_gene_bar	withheld:modelled_gene_bar	undetermined	undetermined														pra1	pra1		
GCF_000328475.2_Umaydis521_2.0	Basidiomycota:bLocus	NC_026484.1	477215-477406	477215-477406	withheld:modelled_gene_bar	withheld:modelled_gene_bar	undetermined	undetermined														bW	bW		
GCF_000328475.2_Umaydis521_2.0	Basidiomycota:bLocus	NC_026484.1	565157-565291	565157-565291	withheld:modelled_gene_bar	withheld:modelled_gene_bar	undetermined	undetermined														bE	bE		
GCF_000328475.2_Umaydis521_2.0	Basidiomycota:bLocus	NC_026484.1	613940-614044	613940-614044	withheld:modelled_gene_bar	withheld:modelled_gene_bar	undetermined	undetermined														bE	bE		
GCF_000328475.2_Umaydis521_2.0	Basidiomycota:bLocus	NC_026484.1	642313-642456	642313-642456	withheld:modelled_gene_bar	withheld:modelled_gene_bar	undetermined	undetermined														bW	bW		
GCF_000328475.2_Umaydis521_2.0	Basidiomycota:bLocus	NC_026484.1	664380-664640	664380-664640	withheld:modelled_gene_bar	withheld:modelled_gene_bar	undetermined	undetermined														bE	bE		
GCF_000328475.2_Umaydis521_2.0	Basidiomycota:bLocus	NC_026484.1	677020-677112	677020-677112	withheld:modelled_gene_bar	withheld:modelled_gene_bar	undetermined	undetermined														bW	bW		
GCF_000328475.2_Umaydis521_2.0	Basidiomycota:bLocus	NC_026484.1	785140-785475	785140-785475	withheld:modelled_gene_bar	withheld:modelled_gene_bar	undetermined	undetermined														bW	bW		
GCF_000328475.2_Umaydis521_2.0	Basidiomycota:bLocus	NC_026484.1	793431-793661	793431-793661	withheld:modelled_gene_bar	withheld:modelled_gene_bar	undetermined	undetermined														bW	bW		
GCF_000328475.2_Umaydis521_2.0	Basidiomycota:bLocus	NC_026480.1	91729-96680	91729-96680	withheld:modelled_gene_bar	withheld:modelled_gene_bar	undetermined	undetermined														bE,bW	bE,bW		
GCF_000328475.2_Umaydis521_2.0	Basidiomycota:bLocus	NC_026480.1	165814-170019	165814-170019	withheld:modelled_gene_bar	withheld:modelled_gene_bar	undetermined	undetermined														bE,bW	bE,bW		
GCF_000328475.2_Umaydis521_2.0	Basidiomycota:bLocus	NC_026480.1	210893-211039	210893-211039	withheld:modelled_gene_bar	withheld:modelled_gene_bar	undetermined	undetermined														bE	bE		
GCF_000328475.2_Umaydis521_2.0	Basidiomycota:aLocus	NC_026480.1	416160-416267	416160-416267	withheld:modelled_gene_bar	withheld:modelled_gene_bar	undetermined	undetermined														pra1	pra1		
GCF_000328475.2_Umaydis521_2.0	Basidiomycota:bLocus	NC_026480.1	460552-460650	460552-460650	withheld:modelled_gene_bar	withheld:modelled_gene_bar	undetermined	undetermined														bW	bW		
GCF_000328475.2_Umaydis521_2.0	Basidiomycota:bLocus	NC_026480.1	479170-479268	479170-479268	withheld:modelled_gene_bar	withheld:modelled_gene_bar	undetermined	undetermined														bW	bW		
GCF_000328475.2_Umaydis521_2.0	Basidiomycota:bLocus	NC_026480.1	572011-572115	572011-572115	withheld:modelled_gene_bar	withheld:modelled_gene_bar	undetermined	undetermined														bW	bW		
GCF_000328475.2_Umaydis521_2.0	Basidiomycota:bLocus	NC_026480.1	675950-676075	675950-676075	withheld:modelled_gene_bar	withheld:modelled_gene_bar	undetermined	undetermined														bE	bE		
GCF_000328475.2_Umaydis521_2.0	Basidiomycota:bLocus	NC_026480.1	772034-772258	772034-772258	withheld:modelled_gene_bar	withheld:modelled_gene_bar	undetermined	undetermined														bW	bW		
GCF_000328475.2_Umaydis521_2.0	Basidiomycota:bLocus	NC_026480.1	834055-834249	834055-834249	withheld:modelled_gene_bar	withheld:modelled_gene_bar	undetermined	undetermined														bE	bE		
GCF_000328475.2_Umaydis521_2.0	Basidiomycota:bLocus	NC_026480.1	921731-922000	921731-922000	withheld:modelled_gene_bar	withheld:modelled_gene_bar	undetermined	undetermined														bE	bE		
GCF_000328475.2_Umaydis521_2.0	Basidiomycota:aLocus	NC_026480.1	927341-927538	927341-927538	withheld:modelled_gene_bar	withheld:modelled_gene_bar	undetermined	undetermined														pra1	pra1		
GCF_000328475.2_Umaydis521_2.0	Basidiomycota:aLocus	NC_026480.1	932817-933456	932817-933456	withheld:modelled_gene_bar	withheld:modelled_gene_bar	undetermined	undetermined														pra1	pra1		
GCF_000328475.2_Umaydis521_2.0	Basidiomycota:bLocus	NC_026480.1	932817-933456	932817-933456	withheld:modelled_gene_bar	withheld:modelled_gene_bar	undetermined	undetermined														bW	bW		
GCF_000328475.2_Umaydis521_2.0	Basidiomycota:bLocus	NC_026480.1	978366-978566	978366-978566	withheld:modelled_gene_bar	withheld:modelled_gene_bar	undetermined	undetermined														bE	bE		
GCF_000328475.2_Umaydis521_2.0	Basidiomycota:aLocus	NC_026480.1	1004975-1005079	1004975-1005079	withheld:modelled_gene_bar	withheld:modelled_gene_bar	undetermined	undetermined														rba1	rba1		
GCF_000328475.2_Umaydis521_2.0	Basidiomycota:bLocus	NC_026480.1	1112926-1113291	1112926-1113291	withheld:modelled_gene_bar	withheld:modelled_gene_bar	undetermined	undetermined														bE	bE		
GCF_000328475.2_Umaydis521_2.0	Basidiomycota:aLocus	NC_026480.1	1118709-1118843	1118709-1118843	withheld:modelled_gene_bar	withheld:modelled_gene_bar	undetermined	undetermined														pra1	pra1		
GCF_000328475.2_Umaydis521_2.0	Basidiomycota:bLocus	NC_026480.1	1125385-1125702	1125385-1125702	withheld:modelled_gene_bar	withheld:modelled_gene_bar	undetermined	undetermined														bE	bE		
GCF_000328475.2_Umaydis521_2.0	Basidiomycota:bLocus	NC_026480.1	1163592-1166078	1163592-1166078	withheld:modelled_gene_bar	withheld:modelled_gene_bar	undetermined	undetermined														bE,bW	bE,bW		
GCF_000328475.2_Umaydis521_2.0	Basidiomycota:bLocus	NC_026480.1	1173312-1173446	1173312-1173446	withheld:modelled_gene_bar	withheld:modelled_gene_bar	undetermined	undetermined														bW	bW		
GCF_000328475.2_Umaydis521_2.0	Basidiomycota:bLocus	NC_026480.1	1357657-1357935	1357657-1357935	withheld:modelled_gene_bar	withheld:modelled_gene_bar	undetermined	undetermined														bE	bE		
GCF_000328475.2_Umaydis521_2.0	Basidiomycota:bLocus	NC_026480.1	1380429-1380581	1380429-1380581	withheld:modelled_gene_bar	withheld:modelled_gene_bar	undetermined	undetermined														bW	bW		
GCF_000328475.2_Umaydis521_2.0	Basidiomycota:bLocus	NC_026480.1	1385938-1386108	1385938-1386108	withheld:modelled_gene_bar	withheld:modelled_gene_bar	undetermined	undetermined														bE	bE		
GCF_000328475.2_Umaydis521_2.0	Basidiomycota:bLocus	NC_026495.1	49053-49283	49053-49283	withheld:modelled_gene_bar	withheld:modelled_gene_bar	undetermined	undetermined														bW	bW		
GCF_000328475.2_Umaydis521_2.0	Basidiomycota:bLocus	NC_026495.1	76752-76850	76752-76850	withheld:modelled_gene_bar	withheld:modelled_gene_bar	undetermined	undetermined														bW	bW		
GCF_000328475.2_Umaydis521_2.0	Basidiomycota:bLocus	NC_026495.1	281820-281918	281820-281918	withheld:modelled_gene_bar	withheld:modelled_gene_bar	undetermined	undetermined														bE	bE		
GCF_000328475.2_Umaydis521_2.0	Basidiomycota:bLocus	NC_026495.1	301351-301458	301351-301458	withheld:modelled_gene_bar	withheld:modelled_gene_bar	undetermined	undetermined														bE	bE		
GCF_000328475.2_Umaydis521_2.0	Basidiomycota:bLocus	NC_026495.1	505082-505219	505082-505219	withheld:modelled_gene_bar	withheld:modelled_gene_bar	undetermined	undetermined														bE	bE		
GCF_000328475.2_Umaydis521_2.0	Basidiomycota:bLocus	NC_026494.1	100823-100921	100823-100921	withheld:modelled_gene_bar	withheld:modelled_gene_bar	undetermined	undetermined														bW	bW		
GCF_000328475.2_Umaydis521_2.0	Basidiomycota:bLocus	NC_026494.1	126895-127053	126895-127053	withheld:modelled_gene_bar	withheld:modelled_gene_bar	undetermined	undetermined														bW	bW		
GCF_000328475.2_Umaydis521_2.0	Basidiomycota:bLocus	NC_026494.1	265329-265460	265329-265460	withheld:modelled_gene_bar	withheld:modelled_gene_bar	undetermined	undetermined														bE	bE		
GCF_000328475.2_Umaydis521_2.0	Basidiomycota:bLocus	NC_026494.1	321175-321270	321175-321270	withheld:modelled_gene_bar	withheld:modelled_gene_bar	undetermined	undetermined														bE	bE		
GCF_000328475.2_Umaydis521_2.0	Basidiomycota:bLocus	NC_026494.1	337154-337552	337154-337552	withheld:modelled_gene_bar	withheld:modelled_gene_bar	undetermined	undetermined														bW	bW		
GCF_000328475.2_Umaydis521_2.0	Basidiomycota:aLocus	NC_026494.1	473680-473832	473680-473832	withheld:modelled_gene_bar	withheld:modelled_gene_bar	undetermined	undetermined														pra1	pra1		
GCF_000328475.2_Umaydis521_2.0	Basidiomycota:aLocus	NC_026494.1	515315-515440	515315-515440	withheld:modelled_gene_bar	withheld:modelled_gene_bar	undetermined	undetermined														pra1	pra1		
GCF_000328475.2_Umaydis521_2.0	Basidiomycota:bLocus	NC_026491.1	61963-62421	61963-62421	withheld:modelled_gene_bar	withheld:modelled_gene_bar	undetermined	undetermined														bW	bW		
GCF_000328475.2_Umaydis521_2.0	Basidiomycota:bLocus	NC_026491.1	106652-106834	106652-106834	withheld:modelled_gene_bar	withheld:modelled_gene_bar	undetermined	undetermined														bW	bW		
GCF_000328475.2_Umaydis521_2.0	Basidiomycota:bLocus	NC_026491.1	144946-145116	144946-145116	withheld:modelled_gene_bar	withheld:modelled_gene_bar	undetermined	undetermined														bW	bW		
GCF_000328475.2_Umaydis521_2.0	Basidiomycota:bLocus	NC_026491.1	202998-203105	202998-203105	withheld:modelled_gene_bar	withheld:modelled_gene_bar	undetermined	undetermined														bE	bE		
GCF_000328475.2_Umaydis521_2.0	Basidiomycota:bLocus	NC_026491.1	237869-237964	237869-237964	withheld:modelled_gene_bar	withheld:modelled_gene_bar	undetermined	undetermined														bW	bW		
GCF_000328475.2_Umaydis521_2.0	Basidiomycota:bLocus	NC_026491.1	361698-361796	361698-361796	withheld:modelled_gene_bar	withheld:modelled_gene_bar	undetermined	undetermined														bW	bW		
GCF_000328475.2_Umaydis521_2.0	Basidiomycota:bLocus	NC_026491.1	529843-533762	529843-533762	withheld:modelled_gene_bar	withheld:modelled_gene_bar	undetermined	undetermined														bW	bW		
GCF_000328475.2_Umaydis521_2.0	Basidiomycota:aLocus	NC_026491.1	562251-562553	562251-562553	withheld:modelled_gene_bar	withheld:modelled_gene_bar	undetermined	undetermined														pra1	pra1		
GCF_000328475.2_Umaydis521_2.0	Basidiomycota:bLocus	NC_026491.1	577341-577457	577341-577457	withheld:modelled_gene_bar	withheld:modelled_gene_bar	undetermined	undetermined														bE	bE		
GCF_000328475.2_Umaydis521_2.0	Basidiomycota:aLocus	NC_026483.1	124979-125131	124979-125131	withheld:modelled_gene_bar	withheld:modelled_gene_bar	undetermined	undetermined														pra1	pra1		
GCF_000328475.2_Umaydis521_2.0	Basidiomycota:bLocus	NC_026483.1	154860-155039	154860-155039	withheld:modelled_gene_bar	withheld:modelled_gene_bar	undetermined	undetermined														bW	bW		
GCF_000328475.2_Umaydis521_2.0	Basidiomycota:bLocus	NC_026483.1	196475-196657	196475-196657	withheld:modelled_gene_bar	withheld:modelled_gene_bar	undetermined	undetermined														bE	bE		
GCF_000328475.2_Umaydis521_2.0	Basidiomycota:bLocus	NC_026483.1	231947-232237	231947-232237	withheld:modelled_gene_bar	withheld:modelled_gene_bar	undetermined	undetermined														bE	bE		
GCF_000328475.2_Umaydis521_2.0	Basidiomycota:bLocus	NC_026483.1	376147-376677	376147-376677	withheld:modelled_gene_bar	withheld:modelled_gene_bar	undetermined	undetermined														bW	bW		
GCF_000328475.2_Umaydis521_2.0	Basidiomycota:bLocus	NC_026483.1	658148-658324	658148-658324	withheld:modelled_gene_bar	withheld:modelled_gene_bar	undetermined	undetermined														bE	bE		
GCF_000328475.2_Umaydis521_2.0	Basidiomycota:bLocus	NC_026483.1	666170-666385	666170-666385	withheld:modelled_gene_bar	withheld:modelled_gene_bar	undetermined	undetermined														bE	bE		
GCF_000328475.2_Umaydis521_2.0	Basidiomycota:aLocus	NC_026483.1	687591-687713	687591-687713	withheld:modelled_gene_bar	withheld:modelled_gene_bar	undetermined	undetermined														pra1	pra1		
GCF_000328475.2_Umaydis521_2.0	Basidiomycota:bLocus	NC_026483.1	946327-946491	946327-946491	withheld:modelled_gene_bar	withheld:modelled_gene_bar	undetermined	undetermined														bW	bW		
GCF_000328475.2_Umaydis521_2.0	Basidiomycota:bLocus	NC_026482.1	74280-74489	74280-74489	withheld:modelled_gene_bar	withheld:modelled_gene_bar	undetermined	undetermined														bE	bE		
GCF_000328475.2_Umaydis521_2.0	Basidiomycota:bLocus	NC_026482.1	168619-168913	168619-168913	withheld:modelled_gene_bar	withheld:modelled_gene_bar	undetermined	undetermined														bE	bE		
GCF_000328475.2_Umaydis521_2.0	Basidiomycota:aLocus	NC_026482.1	186676-186771	186676-186771	withheld:modelled_gene_bar	withheld:modelled_gene_bar	undetermined	undetermined														pra1	pra1		
GCF_000328475.2_Umaydis521_2.0	Basidiomycota:bLocus	NC_026482.1	454124-454300	454124-454300	withheld:modelled_gene_bar	withheld:modelled_gene_bar	undetermined	undetermined														bE	bE		
GCF_000328475.2_Umaydis521_2.0	Basidiomycota:aLocus	NC_026482.1	507845-507949	507845-507949	withheld:modelled_gene_bar	withheld:modelled_gene_bar	undetermined	undetermined														pra1	pra1		
GCF_000328475.2_Umaydis521_2.0	Basidiomycota:bLocus	NC_026482.1	599317-599460	599317-599460	withheld:modelled_gene_bar	withheld:modelled_gene_bar	undetermined	undetermined														bE	bE		
GCF_000328475.2_Umaydis521_2.0	Basidiomycota:bLocus	NC_026482.1	637696-637794	637696-637794	withheld:modelled_gene_bar	withheld:modelled_gene_bar	undetermined	undetermined														bW	bW		
GCF_000328475.2_Umaydis521_2.0	Basidiomycota:aLocus	NC_026482.1	669496-669825	669496-669825	withheld:modelled_gene_bar	withheld:modelled_gene_bar	undetermined	undetermined														pra1	pra1		
GCF_000328475.2_Umaydis521_2.0	Basidiomycota:bLocus	NC_026482.1	683859-684185	683859-684185	withheld:modelled_gene_bar	withheld:modelled_gene_bar	undetermined	undetermined														bE	bE		
GCF_000328475.2_Umaydis521_2.0	Basidiomycota:bLocus	NC_026482.1	724702-725295	724702-725295	withheld:modelled_gene_bar	withheld:modelled_gene_bar	undetermined	undetermined														bE	bE		
GCF_000328475.2_Umaydis521_2.0	Basidiomycota:bLocus	NC_026482.1	733703-733957	733703-733957	withheld:modelled_gene_bar	withheld:modelled_gene_bar	undetermined	undetermined														bE	bE		
GCF_000328475.2_Umaydis521_2.0	Basidiomycota:bLocus	NC_026482.1	1294504-1294671	1294504-1294671	withheld:modelled_gene_bar	withheld:modelled_gene_bar	undetermined	undetermined														bE	bE		
GCF_000328475.2_Umaydis521_2.0	Basidiomycota:bLocus	NC_026493.1	167058-167225	167058-167225	withheld:modelled_gene_bar	withheld:modelled_gene_bar	undetermined	undetermined														bW	bW		
GCF_000328475.2_Umaydis521_2.0	Basidiomycota:aLocus	NC_026493.1	268062-268418	268062-268418	withheld:modelled_gene_bar	withheld:modelled_gene_bar	undetermined	undetermined														pra1	pra1		
GCF_000328475.2_Umaydis521_2.0	Basidiomycota:bLocus	NC_026493.1	282637-282732	282637-282732	withheld:modelled_gene_bar	withheld:modelled_gene_bar	undetermined	undetermined														bW	bW		
GCF_000328475.2_Umaydis521_2.0	Basidiomycota:bLocus	NC_026493.1	364552-364800	364552-364800	withheld:modelled_gene_bar	withheld:modelled_gene_bar	undetermined	undetermined														bE	bE		
GCF_000328475.2_Umaydis521_2.0	Basidiomycota:aLocus	NC_026493.1	374249-374491	374249-374491	withheld:modelled_gene_bar	withheld:modelled_gene_bar	undetermined	undetermined														pra1	pra1		
GCF_000328475.2_Umaydis521_2.0	Basidiomycota:bLocus	NC_026493.1	416634-416732	416634-416732	withheld:modelled_gene_bar	withheld:modelled_gene_bar	undetermined	undetermined														bW	bW		
GCF_000328475.2_Umaydis521_2.0	Basidiomycota:bLocus	NC_026493.1	441321-441497	441321-441497	withheld:modelled_gene_bar	withheld:modelled_gene_bar	undetermined	undetermined														bW	bW		
GCF_000328475.2_Umaydis521_2.0	Basidiomycota:bLocus	NC_026486.1	277798-277911	277798-277911	withheld:modelled_gene_bar	withheld:modelled_gene_bar	undetermined	undetermined														bW	bW		
GCF_000328475.2_Umaydis521_2.0	Basidiomycota:aLocus	NC_026486.1	309065-309340	309065-309340	withheld:modelled_gene_bar	withheld:modelled_gene_bar	undetermined	undetermined														pra1	pra1		
GCF_000328475.2_Umaydis521_2.0	Basidiomycota:bLocus	NC_026486.1	399710-399895	399710-399895	withheld:modelled_gene_bar	withheld:modelled_gene_bar	undetermined	undetermined														bW	bW		
GCF_000328475.2_Umaydis521_2.0	Basidiomycota:aLocus	NC_026486.1	429185-429304	429185-429304	withheld:modelled_gene_bar	withheld:modelled_gene_bar	undetermined	undetermined														pra1	pra1		
GCF_000328475.2_Umaydis521_2.0	Basidiomycota:bLocus	NC_026486.1	726090-726380	726090-726380	withheld:modelled_gene_bar	withheld:modelled_gene_bar	undetermined	undetermined														bE	bE		
GCF_000328475.2_Umaydis521_2.0	Basidiomycota:bLocus	NC_026490.1	30919-31116	30919-31116	withheld:modelled_gene_bar	withheld:modelled_gene_bar	undetermined	undetermined														bW	bW		
GCF_000328475.2_Umaydis521_2.0	Basidiomycota:bLocus	NC_026490.1	100501-100830	100501-100830	withheld:modelled_gene_bar	withheld:modelled_gene_bar	undetermined	undetermined														bW	bW		
GCF_000328475.2_Umaydis521_2.0	Basidiomycota:aLocus	NC_026490.1	200941-201210	200941-201210	withheld:modelled_gene_bar	withheld:modelled_gene_bar	undetermined	undetermined														pra1	pra1		
GCF_000328475.2_Umaydis521_2.0	Basidiomycota:bLocus	NC_026490.1	386273-386371	386273-386371	withheld:modelled_gene_bar	withheld:modelled_gene_bar	undetermined	undetermined														bW	bW		
GCF_000328475.2_Umaydis521_2.0	Basidiomycota:bLocus	NC_026490.1	392183-392281	392183-392281	withheld:modelled_gene_bar	withheld:modelled_gene_bar	undetermined	undetermined														bW	bW		
GCF_000328475.2_Umaydis521_2.0	Basidiomycota:bLocus	NC_026490.1	452419-452526	452419-452526	withheld:modelled_gene_bar	withheld:modelled_gene_bar	undetermined	undetermined														bW	bW		
GCF_000328475.2_Umaydis521_2.0	Basidiomycota:bLocus	NC_026490.1	499285-499464	499285-499464	withheld:modelled_gene_bar	withheld:modelled_gene_bar	undetermined	undetermined														bW	bW		
GCF_000328475.2_Umaydis521_2.0	Basidiomycota:bLocus	NC_026481.1	40667-40792	40667-40792	withheld:modelled_gene_bar	withheld:modelled_gene_bar	undetermined	undetermined														bE	bE		
GCF_000328475.2_Umaydis521_2.0	Basidiomycota:bLocus	NC_026481.1	63208-63300	63208-63300	withheld:modelled_gene_bar	withheld:modelled_gene_bar	undetermined	undetermined														bW	bW		
GCF_000328475.2_Umaydis521_2.0	Basidiomycota:bLocus	NC_026481.1	325457-325618	325457-325618	withheld:modelled_gene_bar	withheld:modelled_gene_bar	undetermined	undetermined														bE	bE		
GCF_000328475.2_Umaydis521_2.0	Basidiomycota:bLocus	NC_026481.1	379703-379924	379703-379924	withheld:modelled_gene_bar	withheld:modelled_gene_bar	undetermined	undetermined														bE	bE		
GCF_000328475.2_Umaydis521_2.0	Basidiomycota:bLocus	NC_026481.1	420112-420282	420112-420282	withheld:modelled_gene_bar	withheld:modelled_gene_bar	undetermined	undetermined														bE	bE		
GCF_000328475.2_Umaydis521_2.0	Basidiomycota:bLocus	NC_026481.1	461527-461643	461527-461643	withheld:modelled_gene_bar	withheld:modelled_gene_bar	undetermined	undetermined														bW	bW		
GCF_000328475.2_Umaydis521_2.0	Basidiomycota:bLocus	NC_026481.1	626765-627025	626765-627025	withheld:modelled_gene_bar	withheld:modelled_gene_bar	undetermined	undetermined														bW	bW		
GCF_000328475.2_Umaydis521_2.0	Basidiomycota:bLocus	NC_026481.1	702102-702287	702102-702287	withheld:modelled_gene_bar	withheld:modelled_gene_bar	undetermined	undetermined														bE	bE		
GCF_000328475.2_Umaydis521_2.0	Basidiomycota:aLocus	NC_026481.1	721908-722072	721908-722072	withheld:modelled_gene_bar	withheld:modelled_gene_bar	undetermined	undetermined														pra1	pra1		
GCF_000328475.2_Umaydis521_2.0	Basidiomycota:aLocus	NC_026481.1	759439-761140	759439-761140	withheld:modelled_gene_bar	withheld:modelled_gene_bar	undetermined	undetermined														pra1	pra1		
GCF_000328475.2_Umaydis521_2.0	Basidiomycota:bLocus	NC_026481.1	759439-761140	759439-761140	withheld:modelled_gene_bar	withheld:modelled_gene_bar	undetermined	undetermined														bW	bW		
GCF_000328475.2_Umaydis521_2.0	Basidiomycota:bLocus	NC_026498.1	46023-46145	46023-46145	withheld:modelled_gene_bar	withheld:modelled_gene_bar	undetermined	undetermined														bW	bW		
GCF_000328475.2_Umaydis521_2.0	Basidiomycota:bLocus	NC_026498.1	103256-103363	103256-103363	withheld:modelled_gene_bar	withheld:modelled_gene_bar	undetermined	undetermined														bW	bW		
GCF_000328475.2_Umaydis521_2.0	Basidiomycota:aLocus	NC_026498.1	178380-178499	178380-178499	withheld:modelled_gene_bar	withheld:modelled_gene_bar	undetermined	undetermined														pra1	pra1		
GCF_000328475.2_Umaydis521_2.0	Basidiomycota:bLocus	NC_026498.1	393418-393603	393418-393603	withheld:modelled_gene_bar	withheld:modelled_gene_bar	undetermined	undetermined														bW	bW		
GCF_000328475.2_Umaydis521_2.0	Basidiomycota:bLocus	NC_026500.1	76683-76958	76683-76958	withheld:modelled_gene_bar	withheld:modelled_gene_bar	undetermined	undetermined														bW	bW		
GCF_000328475.2_Umaydis521_2.0	Basidiomycota:bLocus	NC_026500.1	245941-246039	245941-246039	withheld:modelled_gene_bar	withheld:modelled_gene_bar	undetermined	undetermined														bW	bW		
GCF_000328475.2_Umaydis521_2.0	Basidiomycota:bLocus	NC_026500.1	271167-271256	271167-271256	withheld:modelled_gene_bar	withheld:modelled_gene_bar	undetermined	undetermined														bE	bE		
GCF_000328475.2_Umaydis521_2.0	Basidiomycota:bLocus	NC_026497.1	211889-211984	211889-211984	withheld:modelled_gene_bar	withheld:modelled_gene_bar	undetermined	undetermined														bW	bW		
GCF_000328475.2_Umaydis521_2.0	Basidiomycota:bLocus	NC_026497.1	262848-262970	262848-262970	withheld:modelled_gene_bar	withheld:modelled_gene_bar	undetermined	undetermined														bW	bW		
GCF_000328475.2_Umaydis521_2.0	Basidiomycota:bLocus	NC_026497.1	312100-312291	312100-312291	withheld:modelled_gene_bar	withheld:modelled_gene_bar	undetermined	undetermined														bW	bW		
GCF_000328475.2_Umaydis521_2.0	Basidiomycota:bLocus	NC_026497.1	341439-341531	341439-341531	withheld:modelled_gene_bar	withheld:modelled_gene_bar	undetermined	undetermined														bE	bE		
GCF_000328475.2_Umaydis521_2.0	Basidiomycota:bLocus	NC_026497.1	463269-463382	463269-463382	withheld:modelled_gene_bar	withheld:modelled_gene_bar	undetermined	undetermined														bW	bW		
GCF_000328475.2_Umaydis521_2.0	Basidiomycota:bLocus	NC_026497.1	478093-478191	478093-478191	withheld:modelled_gene_bar	withheld:modelled_gene_bar	undetermined	undetermined														bW	bW		
GCF_000328475.2_Umaydis521_2.0	Basidiomycota:bLocus	NC_026497.1	497613-497891	497613-497891	withheld:modelled_gene_bar	withheld:modelled_gene_bar	undetermined	undetermined														bE	bE		
GCF_000328475.2_Umaydis521_2.0	Basidiomycota:bLocus	NC_026489.1	89813-89911	89813-89911	withheld:modelled_gene_bar	withheld:modelled_gene_bar	undetermined	undetermined														bW	bW		
GCF_000328475.2_Umaydis521_2.0	Basidiomycota:bLocus	NC_026489.1	168576-168797	168576-168797	withheld:modelled_gene_bar	withheld:modelled_gene_bar	undetermined	undetermined														bE	bE		
GCF_000328475.2_Umaydis521_2.0	Basidiomycota:aLocus	NC_026489.1	355409-355549	355409-355549	withheld:modelled_gene_bar	withheld:modelled_gene_bar	undetermined	undetermined														pra1	pra1		
GCF_000328475.2_Umaydis521_2.0	Basidiomycota:aLocus	NC_026489.1	439307-439453	439307-439453	withheld:modelled_gene_bar	withheld:modelled_gene_bar	undetermined	undetermined														pra1	pra1		
GCF_000328475.2_Umaydis521_2.0	Basidiomycota:bLocus	NC_026489.1	583967-584170	583967-584170	withheld:modelled_gene_bar	withheld:modelled_gene_bar	undetermined	undetermined														bW	bW		
GCF_000328475.2_Umaydis521_2.0	Basidiomycota:bLocus	NC_026489.1	629846-629935	629846-629935	withheld:modelled_gene_bar	withheld:modelled_gene_bar	undetermined	undetermined														bE	bE		
GCF_000328475.2_Umaydis521_2.0	Basidiomycota:aLocus	NC_026489.1	638591-638866	638591-638866	withheld:modelled_gene_bar	withheld:modelled_gene_bar	undetermined	undetermined														pra1	pra1		
GCF_000328475.2_Umaydis521_2.0	Basidiomycota:bLocus	NC_026485.1	106321-106605	106321-106605	withheld:modelled_gene_bar+polish_capped	withheld:modelled_gene_bar+polish_capped	undetermined	undetermined														bE,bW	bE,bW		
GCF_000328475.2_Umaydis521_2.0	Basidiomycota:bLocus	NC_026485.1	179369-179467	179369-179467	withheld:modelled_gene_bar	withheld:modelled_gene_bar	undetermined	undetermined														bW	bW		
GCF_000328475.2_Umaydis521_2.0	Basidiomycota:bLocus	NC_026485.1	405266-405475	405266-405475	withheld:modelled_gene_bar	withheld:modelled_gene_bar	undetermined	undetermined														bW	bW		
GCF_000328475.2_Umaydis521_2.0	Basidiomycota:bLocus	NC_026492.1	30199-30309	30199-30309	withheld:modelled_gene_bar	withheld:modelled_gene_bar	undetermined	undetermined														bW	bW		
GCF_000328475.2_Umaydis521_2.0	Basidiomycota:bLocus	NC_026492.1	108240-108341	108240-108341	withheld:modelled_gene_bar	withheld:modelled_gene_bar	undetermined	undetermined														bW	bW		
GCF_000328475.2_Umaydis521_2.0	Basidiomycota:bLocus	NC_026492.1	120036-120428	120036-120428	withheld:modelled_gene_bar	withheld:modelled_gene_bar	undetermined	undetermined														bW	bW		
GCF_000328475.2_Umaydis521_2.0	Basidiomycota:bLocus	NC_026492.1	144968-145126	144968-145126	withheld:modelled_gene_bar	withheld:modelled_gene_bar	undetermined	undetermined														bE	bE		
GCF_000328475.2_Umaydis521_2.0	Basidiomycota:bLocus	NC_026492.1	291036-291185	291036-291185	withheld:modelled_gene_bar	withheld:modelled_gene_bar	undetermined	undetermined														bW	bW		
GCF_000328475.2_Umaydis521_2.0	Basidiomycota:bLocus	NC_026492.1	354933-355052	354933-355052	withheld:modelled_gene_bar	withheld:modelled_gene_bar	undetermined	undetermined														bW	bW		
GCF_000328475.2_Umaydis521_2.0	Basidiomycota:aLocus	NC_026492.1	386853-387008	386853-387008	withheld:modelled_gene_bar	withheld:modelled_gene_bar	undetermined	undetermined														pra1	pra1		
GCF_000328475.2_Umaydis521_2.0	Basidiomycota:bLocus	NC_026492.1	443323-443517	443323-443517	withheld:modelled_gene_bar	withheld:modelled_gene_bar	undetermined	undetermined														bW	bW		
GCF_000328475.2_Umaydis521_2.0	Basidiomycota:bLocus	NC_026492.1	474940-475173	474940-475173	withheld:modelled_gene_bar	withheld:modelled_gene_bar	undetermined	undetermined														bE	bE		
GCF_000328475.2_Umaydis521_2.0	Basidiomycota:bLocus	NC_026492.1	539788-539928	539788-539928	withheld:modelled_gene_bar	withheld:modelled_gene_bar	undetermined	undetermined														bE	bE		
GCF_000328475.2_Umaydis521_2.0	Basidiomycota:bLocus	NC_026479.1	278393-278614	278393-278614	withheld:modelled_gene_bar	withheld:modelled_gene_bar	undetermined	undetermined														bE	bE		
GCF_000328475.2_Umaydis521_2.0	Basidiomycota:bLocus	NC_026479.1	323302-323481	323302-323481	withheld:modelled_gene_bar	withheld:modelled_gene_bar	undetermined	undetermined														bE	bE		
GCF_000328475.2_Umaydis521_2.0	Basidiomycota:bLocus	NC_026479.1	499961-500116	499961-500116	withheld:modelled_gene_bar	withheld:modelled_gene_bar	undetermined	undetermined														bW	bW		
GCF_000328475.2_Umaydis521_2.0	Basidiomycota:bLocus	NC_026479.1	723810-724100	723810-724100	withheld:modelled_gene_bar	withheld:modelled_gene_bar	undetermined	undetermined														bW	bW		
GCF_000328475.2_Umaydis521_2.0	Basidiomycota:aLocus	NC_026479.1	813246-813443	813246-813443	withheld:modelled_gene_bar	withheld:modelled_gene_bar	undetermined	undetermined														pra1	pra1		
GCF_000328475.2_Umaydis521_2.0	Basidiomycota:bLocus	NC_026479.1	843243-843404	843243-843404	withheld:modelled_gene_bar	withheld:modelled_gene_bar	undetermined	undetermined														bW	bW		
GCF_000328475.2_Umaydis521_2.0	Basidiomycota:aLocus	NC_026479.1	1026676-1026894	1026676-1026894	withheld:modelled_gene_bar	withheld:modelled_gene_bar	undetermined	undetermined														pra1	pra1		
GCF_000328475.2_Umaydis521_2.0	Basidiomycota:bLocus	NC_026479.1	1036115-1036342	1036115-1036342	withheld:modelled_gene_bar	withheld:modelled_gene_bar	undetermined	undetermined														bW	bW		
GCF_000328475.2_Umaydis521_2.0	Basidiomycota:bLocus	NC_026479.1	1276216-1276317	1276216-1276317	withheld:modelled_gene_bar	withheld:modelled_gene_bar	undetermined	undetermined														bW	bW		
GCF_000328475.2_Umaydis521_2.0	Basidiomycota:aLocus	NC_026479.1	1431243-1433928	1431243-1433928	withheld:modelled_gene_bar	withheld:modelled_gene_bar	undetermined	undetermined														pra1	pra1		
GCF_000328475.2_Umaydis521_2.0	Basidiomycota:bLocus	NC_026479.1	1431243-1433928	1431243-1433928	withheld:modelled_gene_bar	withheld:modelled_gene_bar	undetermined	undetermined														bE	bE		
GCF_000328475.2_Umaydis521_2.0	Basidiomycota:bLocus	NC_026479.1	1613105-1613257	1613105-1613257	withheld:modelled_gene_bar	withheld:modelled_gene_bar	undetermined	undetermined														bE	bE		
GCF_000328475.2_Umaydis521_2.0	Basidiomycota:bLocus	NC_026479.1	1622535-1622750	1622535-1622750	withheld:modelled_gene_bar	withheld:modelled_gene_bar	undetermined	undetermined														bE	bE		
GCF_000328475.2_Umaydis521_2.0	Basidiomycota:bLocus	NC_026479.1	1756896-1757150	1756896-1757150	withheld:modelled_gene_bar	withheld:modelled_gene_bar	undetermined	undetermined														bE	bE		
GCF_000328475.2_Umaydis521_2.0	Basidiomycota:bLocus	NC_026487.1	148781-149110	148781-149110	withheld:modelled_gene_bar	withheld:modelled_gene_bar	undetermined	undetermined														bE	bE		
GCF_000328475.2_Umaydis521_2.0	Basidiomycota:bLocus	NC_026487.1	231561-231779	231561-231779	withheld:modelled_gene_bar	withheld:modelled_gene_bar	undetermined	undetermined														bW	bW		
GCF_000328475.2_Umaydis521_2.0	Basidiomycota:bLocus	NC_026487.1	444540-444806	444540-444806	withheld:modelled_gene_bar	withheld:modelled_gene_bar	undetermined	undetermined														bW	bW		
GCF_000328475.2_Umaydis521_2.0	Basidiomycota:bLocus	NC_026487.1	664545-664634	664545-664634	withheld:modelled_gene_bar	withheld:modelled_gene_bar	undetermined	undetermined														bE	bE		
GCF_000328475.2_Umaydis521_2.0	Basidiomycota:aLocus	NC_026487.1	687355-687528	687355-687528	withheld:modelled_gene_bar	withheld:modelled_gene_bar	undetermined	undetermined														pra1	pra1		
GCF_000328475.2_Umaydis521_2.0	Basidiomycota:bLocus	NC_026488.1	32917-33042	32917-33042	withheld:modelled_gene_bar	withheld:modelled_gene_bar	undetermined	undetermined														bW	bW		
GCF_000328475.2_Umaydis521_2.0	Basidiomycota:bLocus	NC_026488.1	75696-75992	75696-75992	withheld:modelled_gene_bar	withheld:modelled_gene_bar	undetermined	undetermined														bW	bW		
GCF_000328475.2_Umaydis521_2.0	Basidiomycota:bLocus	NC_026488.1	305578-305916	305578-305916	withheld:modelled_gene_bar	withheld:modelled_gene_bar	undetermined	undetermined														bW	bW		
GCF_000328475.2_Umaydis521_2.0	Basidiomycota:bLocus	NC_026488.1	525929-526027	525929-526027	withheld:modelled_gene_bar	withheld:modelled_gene_bar	undetermined	undetermined														bE	bE		
GCF_000328475.2_Umaydis521_2.0	Basidiomycota:bLocus	NC_026488.1	577167-577334	577167-577334	withheld:modelled_gene_bar	withheld:modelled_gene_bar	undetermined	undetermined														bW	bW		
GCF_000328475.2_Umaydis521_2.0	Basidiomycota:aLocus	NC_026488.1	668932-669171	668932-669171	withheld:modelled_gene_bar	withheld:modelled_gene_bar	undetermined	undetermined														pra1	pra1		
GCF_001477535.1_Pneu_jiro_RU7_V2	Ascomycota:PM	NW_017264783.1	211243-225204	211243-225204	called	called	M	M	high	high	idiomorph_gene_only	idiomorph_gene_only										matMc,matMi,matPi	matMc,matMi,matPi		
GCF_001477535.1_Pneu_jiro_RU7_V2	Ascomycota:PM	NW_017264775.1	262046-262267	262046-262267	withheld:modelled_gene_bar	withheld:modelled_gene_bar	P	P														matPi	matPi		
GCF_001477535.1_Pneu_jiro_RU7_V2	Ascomycota:PM	NW_017264782.1	339714-340100	339714-340100	withheld:modelled_gene_bar	withheld:modelled_gene_bar	M	M														matMc	matMc		
GCF_001477535.1_Pneu_jiro_RU7_V2	Ascomycota:PM	NW_017264791.1	123487-123645	123487-123645	withheld:modelled_gene_bar	withheld:modelled_gene_bar	M	M														matMc	matMc		
GCF_001477535.1_Pneu_jiro_RU7_V2	Ascomycota:PM	NW_017264791.1	256383-256571	256383-256571	withheld:modelled_gene_bar	withheld:modelled_gene_bar	M	M														matMc	matMc		
GCF_001477535.1_Pneu_jiro_RU7_V2	Ascomycota:PM	NW_017264784.1	117362-117520	117362-117520	withheld:modelled_gene_bar	withheld:modelled_gene_bar	M	M														matMc	matMc		
GCF_001477535.1_Pneu_jiro_RU7_V2	Ascomycota:PM	NW_017264785.1	185602-185766	185602-185766	withheld:modelled_gene_bar	withheld:modelled_gene_bar	M	M														matMc	matMc		
GCF_001477535.1_Pneu_jiro_RU7_V2	Ascomycota:PM	NW_017264785.1	371437-371640	371437-371640	withheld:modelled_gene_bar	withheld:modelled_gene_bar	M	M														matMc	matMc		
GCF_001477535.1_Pneu_jiro_RU7_V2	Ascomycota:PM	NW_017264776.1	31619-31753	31619-31753	withheld:modelled_gene_bar	withheld:modelled_gene_bar	M	M														matMi	matMi		
GCF_001477535.1_Pneu_jiro_RU7_V2	Ascomycota:PM	NW_017264776.1	421493-421615	421493-421615	withheld:modelled_gene_bar	withheld:modelled_gene_bar	P	P														matPi	matPi		
GCF_001477535.1_Pneu_jiro_RU7_V2	Ascomycota:PM	NW_017264786.1	374071-374319	374071-374319	withheld:modelled_gene_bar	withheld:modelled_gene_bar	P	P														matPi	matPi		
GCF_001477535.1_Pneu_jiro_RU7_V2	Ascomycota:PM	NW_017264779.1	434566-434730	434566-434730	withheld:modelled_gene_bar	withheld:modelled_gene_bar	M	M														matMc	matMc		
GCF_001477535.1_Pneu_jiro_RU7_V2	Ascomycota:PM	NW_017264794.1	29751-29879	29751-29879	withheld:modelled_gene_bar	withheld:modelled_gene_bar	P	P														matPi	matPi		
GCF_001477545.1_Pneu_cari_B80_V3	Ascomycota:PM	NW_017264725.1	71360-84134	71360-84134	called	called	M	M	medium	medium	idiomorph_gene_only	idiomorph_gene_only										matMc,matPi	matMc,matPi		
GCF_001477545.1_Pneu_cari_B80_V3	Ascomycota:PM	NW_017264714.1	216899-217015	216899-217015	withheld:modelled_gene_bar	withheld:modelled_gene_bar	P	P														matPi	matPi		
GCF_001477545.1_Pneu_cari_B80_V3	Ascomycota:PM	NW_017264727.1	198439-198693	198439-198693	withheld:modelled_gene_bar	withheld:modelled_gene_bar	P	P														matPi	matPi		
GCF_001477545.1_Pneu_cari_B80_V3	Ascomycota:PM	NW_017264723.1	70628-70801	70628-70801	withheld:modelled_gene_bar	withheld:modelled_gene_bar	P	P														matPi	matPi		
GCF_001477545.1_Pneu_cari_B80_V3	Ascomycota:PM	NW_017264723.1	144739-144990	144739-144990	withheld:modelled_gene_bar	withheld:modelled_gene_bar	M	M														matMc	matMc		
GCF_001477545.1_Pneu_cari_B80_V3	Ascomycota:PM	NW_017264764.1	660-839	660-839	withheld:modelled_gene_bar	withheld:modelled_gene_bar	M	M														matMc	matMc		
GCF_001477545.1_Pneu_cari_B80_V3	Ascomycota:PM	NW_017264756.1	665-844	665-844	withheld:modelled_gene_bar	withheld:modelled_gene_bar	M	M														matMc	matMc		
GCF_001477545.1_Pneu_cari_B80_V3	Ascomycota:PM	NW_017264717.1	398788-398910	398788-398910	withheld:modelled_gene_bar	withheld:modelled_gene_bar	M	M														matMi	matMi		
GCF_001477545.1_Pneu_cari_B80_V3	Ascomycota:PM	NW_017264729.1	28852-28947	28852-28947	withheld:modelled_gene_bar	withheld:modelled_gene_bar	P	P														matPi	matPi		
GCF_002775015.1_Cand_auris_B11221_V1	Ascomycota:MTL	NW_021640163.1	189357-195813	189357-195813	called	called	alpha	alpha	high	high	mat_locus	mat_locus										MTLalpha1,OBP1,PAP1,PIK1	MTLalpha1,OBP1,PAP1,PIK1		
GCF_002775015.1_Cand_auris_B11221_V1	Ascomycota:MTL	NW_021640163.1	634278-634394	634278-634394	withheld:modelled_gene_bar	withheld:modelled_gene_bar	alpha	alpha														MTLalpha1	MTLalpha1		
GCF_002775015.1_Cand_auris_B11221_V1	Ascomycota:MTL	NW_021640163.1	701067-719844	701067-719844	withheld:modelled_gene_bar	withheld:modelled_gene_bar	A	A														MTLA1,OBP1,PIK1	MTLA1,OBP1,PIK1		
GCF_002775015.1_Cand_auris_B11221_V1	Ascomycota:MTL	NW_021640163.1	1046062-1046223	1046062-1046223	withheld:modelled_gene_bar	withheld:modelled_gene_bar	A	A														MTLA2	MTLA2		
GCF_002775015.1_Cand_auris_B11221_V1	Ascomycota:MTL	NW_021640163.1	1253882-1254121	1253882-1254121	withheld:modelled_gene_bar	withheld:modelled_gene_bar	alpha	alpha														MTLalpha1	MTLalpha1		
GCF_002775015.1_Cand_auris_B11221_V1	Ascomycota:MTL	NW_021640162.1	79727-79876	79727-79876	withheld:modelled_gene_bar	withheld:modelled_gene_bar	alpha	alpha														MTLalpha1	MTLalpha1		
GCF_002775015.1_Cand_auris_B11221_V1	Ascomycota:MTL	NW_021640162.1	192853-192969	192853-192969	withheld:modelled_gene_bar	withheld:modelled_gene_bar	alpha	alpha														MTLalpha1	MTLalpha1		
GCF_002775015.1_Cand_auris_B11221_V1	Ascomycota:MTL	NW_021640162.1	229831-251566	229831-251566	withheld:modelled_gene_bar+polish_capped	withheld:modelled_gene_bar+polish_capped	alpha	alpha														MTLalpha1,OBP1	MTLalpha1,OBP1		
GCF_002775015.1_Cand_auris_B11221_V1	Ascomycota:MTL	NW_021640162.1	751917-776766	751917-776766	withheld:modelled_gene_bar+polish_capped	withheld:modelled_gene_bar+polish_capped	alpha	alpha														MTLA1,MTLalpha1	MTLA1,MTLalpha1		
GCF_002775015.1_Cand_auris_B11221_V1	Ascomycota:MTL	NW_021640162.1	1227853-1228053	1227853-1228053	withheld:modelled_gene_bar	withheld:modelled_gene_bar	A	A														MTLA1	MTLA1		
GCF_002775015.1_Cand_auris_B11221_V1	Ascomycota:MTL	NW_021640162.1	1720076-1720288	1720076-1720288	withheld:modelled_gene_bar	withheld:modelled_gene_bar	alpha	alpha														MTLalpha1	MTLalpha1		
GCF_002775015.1_Cand_auris_B11221_V1	Ascomycota:MTL	NW_021640162.1	2176540-2176689	2176540-2176689	withheld:modelled_gene_bar	withheld:modelled_gene_bar	A	A														MTLA2	MTLA2		
GCF_002775015.1_Cand_auris_B11221_V1	Ascomycota:MTL	NW_021640162.1	2321461-2321640	2321461-2321640	withheld:modelled_gene_bar	withheld:modelled_gene_bar	A	A														MTLA1	MTLA1		
GCF_002775015.1_Cand_auris_B11221_V1	Ascomycota:MTL	NW_021640166.1	173686-175312	173686-175312	withheld:modelled_gene_bar+polish_capped	withheld:modelled_gene_bar+polish_capped	alpha	alpha														MTLalpha1,OBP1	MTLalpha1,OBP1		
GCF_002775015.1_Cand_auris_B11221_V1	Ascomycota:MTL	NW_021640166.1	216184-216282	216184-216282	withheld:modelled_gene_bar	withheld:modelled_gene_bar	alpha	alpha														MTLalpha1	MTLalpha1		
GCF_002775015.1_Cand_auris_B11221_V1	Ascomycota:MTL	NW_021640166.1	320023-320187	320023-320187	withheld:modelled_gene_bar	withheld:modelled_gene_bar	alpha	alpha														MTLalpha1	MTLalpha1		
GCF_002775015.1_Cand_auris_B11221_V1	Ascomycota:MTL	NW_021640166.1	476864-476998	476864-476998	withheld:modelled_gene_bar	withheld:modelled_gene_bar	alpha	alpha														MTLalpha1	MTLalpha1		
GCF_002775015.1_Cand_auris_B11221_V1	Ascomycota:MTL	NW_021640166.1	577503-577835	577503-577835	withheld:modelled_gene_bar	withheld:modelled_gene_bar	A	A														MTLA1	MTLA1		
GCF_002775015.1_Cand_auris_B11221_V1	Ascomycota:MTL	NW_021640166.1	732691-732816	732691-732816	withheld:modelled_gene_bar	withheld:modelled_gene_bar	A	A														MTLA2	MTLA2		
GCF_002775015.1_Cand_auris_B11221_V1	Ascomycota:MTL	NW_021640166.1	810289-845407	810289-845407	withheld:modelled_gene_bar	withheld:modelled_gene_bar	A	A														MTLA1,OBP1,PIK1	MTLA1,OBP1,PIK1		
GCF_002775015.1_Cand_auris_B11221_V1	Ascomycota:MTL	NW_021640168.1	331422-331601	331422-331601	withheld:modelled_gene_bar	withheld:modelled_gene_bar	alpha	alpha														MTLalpha1	MTLalpha1		
GCF_002775015.1_Cand_auris_B11221_V1	Ascomycota:MTL	NW_021640168.1	480183-480287	480183-480287	withheld:modelled_gene_bar	withheld:modelled_gene_bar	alpha	alpha														MTLalpha1	MTLalpha1		
GCF_002775015.1_Cand_auris_B11221_V1	Ascomycota:MTL	NW_021640168.1	512897-513100	512897-513100	withheld:modelled_gene_bar	withheld:modelled_gene_bar	A	A														MTLA1	MTLA1		
GCF_002775015.1_Cand_auris_B11221_V1	Ascomycota:MTL	NW_021640168.1	632687-632794	632687-632794	withheld:modelled_gene_bar	withheld:modelled_gene_bar	A	A														MTLA2	MTLA2		
GCF_002775015.1_Cand_auris_B11221_V1	Ascomycota:MTL	NW_021640168.1	981446-981577	981446-981577	withheld:modelled_gene_bar	withheld:modelled_gene_bar	A	A														MTLA1	MTLA1		
GCF_002775015.1_Cand_auris_B11221_V1	Ascomycota:MTL	NW_021640168.1	1320741-1320926	1320741-1320926	withheld:modelled_gene_bar	withheld:modelled_gene_bar	A	A														MTLA2	MTLA2		
GCF_002775015.1_Cand_auris_B11221_V1	Ascomycota:MTL	NW_021640167.1	18869-19009	18869-19009	withheld:modelled_gene_bar	withheld:modelled_gene_bar	A	A														MTLA2	MTLA2		
GCF_002775015.1_Cand_auris_B11221_V1	Ascomycota:MTL	NW_021640167.1	121916-156511	121916-156511	withheld:modelled_gene_bar	withheld:modelled_gene_bar	A	A														MTLA2,OBP1,PAP1,PIK1	MTLA2,OBP1,PAP1,PIK1		
GCF_002775015.1_Cand_auris_B11221_V1	Ascomycota:MTL	NW_021640167.1	583238-583477	583238-583477	withheld:modelled_gene_bar	withheld:modelled_gene_bar	A	A														MTLA2	MTLA2		
GCF_002775015.1_Cand_auris_B11221_V1	Ascomycota:MTL	NW_021640165.1	321887-324853	321887-324853	withheld:modelled_gene_bar+polish_capped	withheld:modelled_gene_bar+polish_capped	A	A														MTLA1,MTLA2	MTLA1,MTLA2		
GCF_002775015.1_Cand_auris_B11221_V1	Ascomycota:MTL	NW_021640165.1	871490-871660	871490-871660	withheld:modelled_gene_bar	withheld:modelled_gene_bar	A	A														MTLA2	MTLA2		
GCF_002775015.1_Cand_auris_B11221_V1	Ascomycota:MTL	NW_021640165.1	1387214-1407551	1387214-1407551	withheld:modelled_gene_bar+polish_capped	withheld:modelled_gene_bar+polish_capped	A	A														MTLA1,MTLalpha1	MTLA1,MTLalpha1		
GCF_002775015.1_Cand_auris_B11221_V1	Ascomycota:MTL	NW_021640165.1	1730459-1730581	1730459-1730581	withheld:modelled_gene_bar	withheld:modelled_gene_bar	A	A														MTLA2	MTLA2		
GCF_002775015.1_Cand_auris_B11221_V1	Ascomycota:MTL	NW_021640165.1	1985706-1985798	1985706-1985798	withheld:modelled_gene_bar	withheld:modelled_gene_bar	A	A														MTLA1	MTLA1		
GCF_002775015.1_Cand_auris_B11221_V1	Ascomycota:MTL	NW_021640165.1	2092295-2092387	2092295-2092387	withheld:modelled_gene_bar	withheld:modelled_gene_bar	A	A														MTLA2	MTLA2		
GCF_002775015.1_Cand_auris_B11221_V1	Ascomycota:MTL	NW_021640165.1	3394786-3403554	3394786-3403554	withheld:modelled_gene_bar+polish_capped	withheld:modelled_gene_bar+polish_capped	A	A														MTLA1,OBP1	MTLA1,OBP1		
GCF_002775015.1_Cand_auris_B11221_V1	Ascomycota:MTL	NW_021640165.1	3527764-3544392	3527764-3544392	withheld:modelled_gene_bar	withheld:modelled_gene_bar	A	A														MTLA1,PAP1,PIK1	MTLA1,PAP1,PIK1		
GCF_002775015.1_Cand_auris_B11221_V1	Ascomycota:MTL	NW_021640165.1	3728785-3728985	3728785-3728985	withheld:modelled_gene_bar	withheld:modelled_gene_bar	alpha	alpha														MTLalpha1	MTLalpha1		
GCF_002775015.1_Cand_auris_B11221_V1	Ascomycota:MTL	NW_021640165.1	3983965-3986949	3983965-3986949	withheld:modelled_gene_bar+polish_capped	withheld:modelled_gene_bar+polish_capped	A	A														MTLA1,PAP1	MTLA1,PAP1		
GCF_002775015.1_Cand_auris_B11221_V1	Ascomycota:MTL	NW_021640164.1	107902-108072	107902-108072	withheld:modelled_gene_bar	withheld:modelled_gene_bar	alpha	alpha														MTLalpha1	MTLalpha1		
GCF_002775015.1_Cand_auris_B11221_V1	Ascomycota:MTL	NW_021640164.1	219474-219659	219474-219659	withheld:modelled_gene_bar	withheld:modelled_gene_bar	A	A														MTLA1	MTLA1		
GCF_002775015.1_Cand_auris_B11221_V1	Ascomycota:MTL	NW_021640164.1	735094-735213	735094-735213	withheld:modelled_gene_bar	withheld:modelled_gene_bar	A	A														MTLA2	MTLA2		
