IQ-TREE version 3.0.1 for Linux x86 64-bit built May 14 2025
Developed by Bui Quang Minh, Thomas Wong, Nhan Ly-Trong, Huaiyan Ren
Contributed by Lam-Tung Nguyen, Dominik Schrempf, Chris Bielow,
Olga Chernomor, Michael Woodhams, Diep Thi Hoang, Heiko Schmidt

Host:    r27 (AVX2, FMA3, 1007 GB RAM)
Command: iqtree3 -s aln_mafft.ids.fa -st AA -m MFP -B 1000 -alrt 1000 -T 8 --prefix tree_mafft -redo
Seed:    805060 (Using SPRNG - Scalable Parallel Random Number Generator)
Time:    Sat Sep 26 13:11:54 2026
Kernel:  AVX+FMA - 8 threads (8 CPU cores detected)

Reading alignment file aln_mafft.ids.fa ... Fasta format detected
Reading fasta file: done in 0.00361382 secs using 84.04% CPU
Alignment most likely contains protein sequences
Constructing alignment: done in 0.00250195 secs using 320.6% CPU
Alignment has 878 sequences with 161 columns, 161 distinct patterns
107 parsimony-informative, 49 singleton sites, 5 constant sites
       Gap/Ambiguity  Composition  p-value
Analyzing sequences: done in 0.0171425 secs using 394% CPU
   1  T0000   56.52%    passed     72.88%
   2  T0001   53.42%    passed     49.15%
   3  T0002   60.25%    passed     80.98%
   4  T0003   62.11%    passed     91.75%
   5  T0004   53.42%    passed     87.08%
   6  T0005   50.93%    failed      4.44%
   7  T0006   51.55%    passed     98.06%
   8  T0007   53.42%    passed     98.94%
   9  T0008   61.49%    passed     83.91%
  10  T0009   50.93%    passed     71.44%
  11  T0010   55.90%    passed     82.53%
  12  T0011   58.39%    passed     88.32%
  13  T0012   52.80%    passed     61.91%
  14  T0013   62.11%    passed     95.55%
  15  T0014   57.76%    passed     99.11%
  16  T0015   54.04%    passed     27.72%
  17  T0016   50.93%    passed     91.06%
  18  T0017   54.04%    passed     84.11%
  19  T0018   62.11%    passed     82.95%
  20  T0019   48.45%    passed     93.52%
  21  T0020   50.93%    passed     91.83%
  22  T0021   54.04%    passed     93.05%
  23  T0022   50.93%    passed     94.81%
  24  T0023   50.93%    passed     39.43%
  25  T0024   50.93%    passed     99.12%
  26  T0025   50.93%    passed     97.60%
  27  T0026   50.93%    passed     27.02%
  28  T0027   55.28%    passed     63.62%
  29  T0028   50.93%    passed     80.72%
  30  T0029   55.28%    passed     90.77%
  31  T0030   55.90%    passed     98.84%
  32  T0031   52.17%    passed     91.60%
  33  T0032   51.55%    passed     96.63%
  34  T0033   50.93%    passed     89.99%
  35  T0034   55.28%    passed     90.27%
  36  T0035   50.93%    passed     88.91%
  37  T0036   51.55%    passed     94.30%
  38  T0037   57.14%    passed     86.65%
  39  T0038   57.14%    passed     93.18%
  40  T0039   55.28%    passed     92.64%
  41  T0040   59.63%    passed     95.54%
  42  T0041   50.93%    passed     44.74%
  43  T0042   54.66%    passed     97.19%
  44  T0043   55.28%    passed     61.97%
  45  T0044   58.39%    passed     82.00%
  46  T0045   51.55%    passed     85.95%
  47  T0046   58.39%    passed     92.48%
  48  T0047   51.55%    passed     82.75%
  49  T0048   50.93%    passed     85.78%
  50  T0049   54.66%    passed     84.70%
  51  T0050   57.76%    passed     72.02%
  52  T0051   50.93%    passed     92.19%
  53  T0052   54.04%    passed     94.42%
  54  T0053   54.66%    passed     87.47%
  55  T0054   57.76%    passed     99.99%
  56  T0055   54.04%    passed     85.58%
  57  T0056   53.42%    passed     65.40%
  58  T0057   53.42%    passed     40.57%
  59  T0058   53.42%    passed     79.39%
  60  T0059   51.55%    passed     95.47%
  61  T0060   53.42%    passed     95.68%
  62  T0061   54.04%    passed     93.49%
  63  T0062   54.04%    passed     76.79%
  64  T0063   55.90%    passed     44.16%
  65  T0064   55.28%    passed     92.69%
  66  T0065   54.66%    passed     93.12%
  67  T0066   50.93%    passed     76.25%
  68  T0067   50.93%    passed     77.64%
  69  T0068   54.04%    passed     89.66%
  70  T0069   50.93%    passed     58.04%
  71  T0070   50.93%    passed     71.69%
  72  T0071   57.14%    passed     67.53%
  73  T0072   50.93%    passed     88.39%
  74  T0073   50.93%    passed     77.06%
  75  T0074   54.66%    passed     97.44%
  76  T0075   54.04%    passed     99.37%
  77  T0076   50.93%    passed     83.29%
  78  T0077   55.28%    passed     90.77%
  79  T0078   50.93%    passed     89.80%
  80  T0079   52.80%    passed     93.79%
  81  T0080   54.66%    passed     80.13%
  82  T0081   57.14%    passed     92.95%
  83  T0082   54.66%    passed     99.27%
  84  T0083   54.04%    passed     99.15%
  85  T0084   50.93%    passed     77.45%
  86  T0085   54.66%    passed     84.78%
  87  T0086   50.93%    passed     90.04%
  88  T0087   51.55%    passed     72.04%
  89  T0088   50.93%    passed     81.79%
  90  T0089   50.93%    passed     86.00%
  91  T0090   54.04%    passed     99.40%
  92  T0091   50.93%    passed     96.08%
  93  T0092   50.93%    passed     73.58%
  94  T0093   50.93%    passed     96.83%
  95  T0094   54.04%    passed     98.44%
  96  T0095   55.28%    passed     97.99%
  97  T0096   54.66%    passed     58.71%
  98  T0097   50.93%    passed     89.90%
  99  T0098   54.04%    passed     98.78%
 100  T0099   54.04%    passed     81.47%
 101  T0100   54.66%    passed     92.37%
 102  T0101   55.28%    passed     84.31%
 103  T0102   56.52%    passed     87.49%
 104  T0103   50.93%    passed     89.00%
 105  T0104   54.66%    passed     99.02%
 106  T0105   54.04%    passed     98.49%
 107  T0106   55.90%    passed     87.68%
 108  T0107   50.93%    passed     72.50%
 109  T0108   54.66%    passed     79.85%
 110  T0109   50.93%    passed     86.99%
 111  T0110   54.66%    passed     98.72%
 112  T0111   54.04%    passed     46.73%
 113  T0112   57.14%    passed     64.28%
 114  T0113   55.28%    passed     90.52%
 115  T0114   54.66%    passed     70.15%
 116  T0115   50.93%    passed     37.98%
 117  T0116   52.17%    passed     93.50%
 118  T0117   54.66%    passed     98.09%
 119  T0118   55.90%    passed     81.67%
 120  T0119   54.66%    passed     89.09%
 121  T0120   52.17%    passed     55.20%
 122  T0121   54.66%    passed     52.58%
 123  T0122   50.93%    passed     81.78%
 124  T0123   55.28%    passed     98.16%
 125  T0124   54.04%    passed     79.20%
 126  T0125   54.66%    passed     76.44%
 127  T0126   56.52%    passed     92.11%
 128  T0127   50.93%    passed     73.23%
 129  T0128   55.28%    passed     66.65%
 130  T0129   53.42%    passed     71.87%
 131  T0130   55.28%    passed     84.44%
 132  T0131   50.93%    passed     76.96%
 133  T0132   50.93%    passed     98.23%
 134  T0133   50.93%    passed     83.97%
 135  T0134   50.93%    passed     79.61%
 136  T0135   50.93%    passed     98.05%
 137  T0136   50.93%    passed     99.97%
 138  T0137   54.66%    passed     92.90%
 139  T0138   50.93%    passed     46.69%
 140  T0139   57.14%    passed     32.15%
 141  T0140   54.66%    passed     96.80%
 142  T0141   51.55%    passed     63.31%
 143  T0142   51.55%    passed     93.36%
 144  T0143   50.93%    passed     97.83%
 145  T0144   54.66%    passed     85.27%
 146  T0145   50.93%    passed     41.71%
 147  T0146   55.28%    passed     92.29%
 148  T0147   54.66%    passed     81.25%
 149  T0148   62.11%    passed     44.72%
 150  T0149   50.93%    passed     75.68%
 151  T0150   50.93%    passed     89.71%
 152  T0151   51.55%    passed     77.41%
 153  T0152   50.93%    passed     98.75%
 154  T0153   54.04%    passed     83.74%
 155  T0154   50.93%    passed     97.98%
 156  T0155   62.73%    passed     98.35%
 157  T0156   50.93%    passed     20.52%
 158  T0157   55.90%    passed     74.60%
 159  T0158   52.17%    passed     99.34%
 160  T0159   50.93%    passed     29.16%
 161  T0160   55.28%    passed     86.31%
 162  T0161   50.93%    passed     74.02%
 163  T0162   56.52%    passed     99.86%
 164  T0163   50.93%    passed     99.15%
 165  T0164   55.90%    passed     80.36%
 166  T0165   50.93%    passed     57.84%
 167  T0166   50.93%    passed     99.99%
 168  T0167   50.93%    passed     95.77%
 169  T0168   57.76%    passed     97.97%
 170  T0169   57.14%    passed     80.52%
 171  T0170   52.80%    passed     71.84%
 172  T0171   55.28%    passed     32.02%
 173  T0172   50.93%    passed     64.38%
 174  T0173   50.93%    passed     88.44%
 175  T0174   50.93%    passed     83.76%
 176  T0175   50.93%    passed     93.94%
 177  T0176   50.93%    passed     61.65%
 178  T0177   54.04%    passed     51.44%
 179  T0178   50.93%    passed     88.65%
 180  T0179   50.93%    passed     79.08%
 181  T0180   62.73%    passed     98.27%
 182  T0181   54.66%    passed     92.12%
 183  T0182   50.93%    passed     96.31%
 184  T0183   50.93%    passed     96.45%
 185  T0184   50.93%    passed     96.82%
 186  T0185   50.93%    passed     26.28%
 187  T0186   50.93%    passed     99.84%
 188  T0187   55.90%    passed     55.00%
 189  T0188   55.28%    passed     81.54%
 190  T0189   55.28%    passed     60.95%
 191  T0190   50.93%    passed     97.37%
 192  T0191   50.93%    passed     91.81%
 193  T0192   50.93%    passed     48.09%
 194  T0193   50.93%    passed     93.66%
 195  T0194   50.93%    passed     75.88%
 196  T0195   53.42%    passed     94.83%
 197  T0196   50.93%    passed     93.93%
 198  T0197   54.04%    passed     42.05%
 199  T0198   57.14%    passed     32.67%
 200  T0199   51.55%    passed     55.55%
 201  T0200   55.90%    passed     80.25%
 202  T0201   50.93%    passed     56.86%
 203  T0202   50.93%    passed     87.53%
 204  T0203   50.93%    passed     41.34%
 205  T0204   53.42%    passed     84.69%
 206  T0205   50.93%    passed     52.59%
 207  T0206   52.17%    passed     65.07%
 208  T0207   59.63%    passed     74.89%
 209  T0208   54.66%    passed     57.19%
 210  T0209   53.42%    passed     46.78%
 211  T0210   51.55%    passed     83.27%
 212  T0211   63.35%    passed     80.75%
 213  T0212   50.93%    passed     79.88%
 214  T0213   51.55%    passed     99.14%
 215  T0214   50.93%    passed     76.68%
 216  T0215   56.52%    passed     81.28%
 217  T0216   63.35%    passed     97.55%
 218  T0217   53.42%    passed     83.09%
 219  T0218   50.93%    passed     86.94%
 220  T0219   53.42%    passed     96.00%
 221  T0220   65.84%    passed     10.26%
 222  T0221   54.66%    passed     89.93%
 223  T0222   54.04%    passed     85.61%
 224  T0223   52.17%    passed     94.42%
 225  T0224   55.28%    passed     96.98%
 226  T0225   50.93%    passed     68.88%
 227  T0226   50.93%    passed     95.12%
 228  T0227   50.93%    passed     97.45%
 229  T0228   50.93%    passed     29.43%
 230  T0229   55.90%    passed     90.68%
 231  T0230   55.28%    passed     87.15%
 232  T0231   52.80%    passed     85.26%
 233  T0232   50.93%    passed     67.87%
 234  T0233   65.84%    passed     30.98%
 235  T0234   52.17%    passed     56.02%
 236  T0235   50.93%    passed     72.72%
 237  T0236   55.28%    passed     53.78%
 238  T0237   51.55%    passed     84.18%
 239  T0238   53.42%    passed     99.94%
 240  T0239   52.80%    passed     49.84%
 241  T0240   68.94%    passed     79.58%
 242  T0241   55.28%    passed     63.31%
 243  T0242   51.55%    passed     75.31%
 244  T0243   55.28%    passed     72.53%
 245  T0244   56.52%    passed     48.62%
 246  T0245   50.93%    passed     98.12%
 247  T0246   65.84%    passed     49.96%
 248  T0247   50.93%    passed     79.44%
 249  T0248   54.66%    passed     94.14%
 250  T0249   65.22%    passed      6.57%
 251  T0250   53.42%    passed     86.33%
 252  T0251   55.28%    passed     95.99%
 253  T0252   60.25%    passed     72.72%
 254  T0253   50.93%    passed     92.19%
 255  T0254   50.93%    passed     89.18%
 256  T0255   63.98%    passed     94.50%
 257  T0256   57.14%    passed     85.99%
 258  T0257   54.66%    passed     90.33%
 259  T0258   50.93%    passed     51.81%
 260  T0259   51.55%    passed     67.89%
 261  T0260   57.14%    passed     99.19%
 262  T0261   53.42%    passed     11.20%
 263  T0262   50.93%    passed     75.15%
 264  T0263   52.80%    passed     93.48%
 265  T0264   53.42%    passed     81.85%
 266  T0265   50.93%    passed     59.12%
 267  T0266   55.28%    passed     99.15%
 268  T0267   50.93%    passed     88.38%
 269  T0268   55.28%    passed     95.19%
 270  T0269   54.04%    passed     83.99%
 271  T0270   59.01%    passed     32.27%
 272  T0271   56.52%    passed     60.95%
 273  T0272   55.90%    passed     31.88%
 274  T0273   54.66%    passed     93.30%
 275  T0274   53.42%    passed     42.18%
 276  T0275   50.93%    passed     83.64%
 277  T0276   68.94%    passed     29.87%
 278  T0277   74.53%    passed     95.64%
 279  T0278   61.49%    passed     99.03%
 280  T0279   54.66%    passed     49.85%
 281  T0280   50.93%    passed     95.91%
 282  T0281   54.04%    passed     99.77%
 283  T0282   50.93%    passed     95.83%
 284  T0283   55.28%    passed     45.01%
 285  T0284   62.73%    passed     87.92%
 286  T0285   65.22%    passed      7.83%
 287  T0286   55.28%    passed     87.32%
 288  T0287   50.93%    passed     41.39%
 289  T0288   53.42%    passed     97.53%
 290  T0289   60.87%    passed     68.12%
 291  T0290   54.04%    passed     71.95%
 292  T0291   56.52%    passed     85.34%
 293  T0292   55.90%    passed     66.77%
 294  T0293   64.60%    passed     45.55%
 295  T0294   50.93%    passed     62.27%
 296  T0295   59.63%    passed     74.51%
 297  T0296   55.90%    passed     57.09%
 298  T0297   62.73%    passed     96.61%
 299  T0298   65.84%    passed     99.59%
 300  T0299   51.55%    passed     94.42%
 301  T0300   55.90%    passed     95.80%
 302  T0301   53.42%    passed     44.29%
 303  T0302   50.93%    passed     86.93%
 304  T0303   55.28%    passed     91.84%
 305  T0304   54.66%    passed     97.80%
 306  T0305   65.22%    passed     71.66%
 307  T0306   59.63%    passed     72.39%
 308  T0307   61.49%    passed     67.66%
 309  T0308   55.28%    passed     62.34%
 310  T0309   52.17%    passed     82.79%
 311  T0310   50.93%    passed     80.84%
 312  T0311   54.66%    passed     22.39%
 313  T0312   54.04%    passed     57.07%
 314  T0313   50.93%    passed     69.67%
 315  T0314   60.87%    passed     21.76%
 316  T0315   52.17%    passed     86.43%
 317  T0316   52.17%    passed     17.90%
 318  T0317   64.60%    passed     66.09%
 319  T0318   60.87%    passed     47.84%
 320  T0319   57.76%    passed     71.88%
 321  T0320   52.80%    passed     88.13%
 322  T0321   50.93%    passed     80.46%
 323  T0322   57.76%    passed     26.95%
 324  T0323   54.66%    passed     74.87%
 325  T0324   50.93%    passed     97.65%
 326  T0325   52.17%    passed     97.19%
 327  T0326   57.14%    passed     95.04%
 328  T0327   57.76%    passed     86.81%
 329  T0328   55.90%    passed     98.07%
 330  T0329   55.28%    passed     95.12%
 331  T0330   51.55%    passed     98.70%
 332  T0331   68.32%    passed     33.41%
 333  T0332   64.60%    passed     55.59%
 334  T0333   68.32%    passed     55.07%
 335  T0334   57.76%    passed     20.00%
 336  T0335   53.42%    passed     42.13%
 337  T0336   53.42%    passed     82.63%
 338  T0337   57.76%    passed     58.81%
 339  T0338   53.42%    passed     97.22%
 340  T0339   51.55%    passed     34.59%
 341  T0340   50.93%    passed     66.48%
 342  T0341   50.93%    passed     52.95%
 343  T0342   51.55%    passed     21.82%
 344  T0343   54.66%    passed     28.03%
 345  T0344   50.93%    passed     54.57%
 346  T0345   55.90%    passed     92.01%
 347  T0346   62.73%    passed     97.93%
 348  T0347   56.52%    passed     21.91%
 349  T0348   56.52%    passed     62.39%
 350  T0349   60.87%    passed     21.41%
 351  T0350   68.32%    passed     45.75%
 352  T0351   54.04%    passed     49.99%
 353  T0352   62.11%    passed     56.01%
 354  T0353   60.25%    passed     32.84%
 355  T0354   64.60%    passed     47.49%
 356  T0355   59.01%    failed      2.97%
 357  T0356   65.84%    passed     85.60%
 358  T0357   59.01%    passed     27.08%
 359  T0358   64.60%    passed     63.97%
 360  T0359   50.93%    passed     47.08%
 361  T0360   52.17%    passed     59.51%
 362  T0361   54.66%    passed     97.85%
 363  T0362   55.28%    passed     69.67%
 364  T0363   57.14%    passed     56.08%
 365  T0364   57.14%    passed     91.04%
 366  T0365   60.87%    passed     82.36%
 367  T0366   59.01%    passed     80.48%
 368  T0367   52.80%    passed     82.81%
 369  T0368   54.66%    passed     97.37%
 370  T0369   51.55%    passed     94.75%
 371  T0370   63.98%    passed     25.78%
 372  T0371   53.42%    passed     89.46%
 373  T0372   54.04%    passed     90.66%
 374  T0373   54.66%    passed     72.32%
 375  T0374   54.66%    passed     85.04%
 376  T0375   52.17%    passed     72.98%
 377  T0376   56.52%    passed     95.99%
 378  T0377   56.52%    passed     18.73%
 379  T0378   53.42%    passed     69.75%
 380  T0379   64.60%    passed     34.99%
 381  T0380   50.93%    passed     86.25%
 382  T0381   52.17%    passed     97.70%
 383  T0382   50.93%    passed     71.08%
 384  T0383   54.04%    passed     50.89%
 385  T0384   57.76%    passed     71.63%
 386  T0385   50.93%    passed     81.44%
 387  T0386   50.93%    passed     85.32%
 388  T0387   55.90%    passed     98.65%
 389  T0388   50.93%    passed     87.05%
 390  T0389   52.80%    passed     18.03%
 391  T0390   53.42%    passed     72.80%
 392  T0391   56.52%    passed     82.84%
 393  T0392   60.87%    passed     92.01%
 394  T0393   60.87%    passed     76.06%
 395  T0394   54.04%    passed     46.29%
 396  T0395   53.42%    passed     99.18%
 397  T0396   65.22%    passed     99.62%
 398  T0397   50.93%    passed     73.59%
 399  T0398   70.19%    passed     99.47%
 400  T0399   55.28%    passed     50.92%
 401  T0400   54.04%    passed     57.79%
 402  T0401   50.93%    passed     80.63%
 403  T0402   50.93%    passed     98.30%
 404  T0403   50.93%    passed     98.72%
 405  T0404   63.35%    passed     60.13%
 406  T0405   52.17%    passed     58.39%
 407  T0406   53.42%    passed     41.19%
 408  T0407   54.66%    passed     50.48%
 409  T0408   50.93%    passed     61.74%
 410  T0409   58.39%    passed     50.78%
 411  T0410   52.17%    passed     89.67%
 412  T0411   50.93%    passed     40.13%
 413  T0412   54.66%    passed     81.41%
 414  T0413   54.04%    passed     78.32%
 415  T0414   50.93%    passed     88.78%
 416  T0415   53.42%    passed     69.82%
 417  T0416   56.52%    passed     55.96%
 418  T0417   53.42%    passed     93.99%
 419  T0418   53.42%    passed     42.94%
 420  T0419   50.31%    passed     83.24%
 421  T0420   53.42%    passed     56.50%
 422  T0421   52.17%    passed     64.38%
 423  T0422   53.42%    passed     44.56%
 424  T0423   50.93%    passed     83.69%
 425  T0424   54.66%    passed     79.64%
 426  T0425   54.66%    passed     67.80%
 427  T0426   60.25%    passed     55.59%
 428  T0427   59.01%    passed     86.59%
 429  T0428   51.55%    passed     82.24%
 430  T0429   51.55%    passed     82.77%
 431  T0430   68.94%    passed     26.88%
 432  T0431   55.28%    passed     47.37%
 433  T0432   50.93%    passed     72.06%
 434  T0433   51.55%    passed     62.85%
 435  T0434   52.80%    passed     59.66%
 436  T0435   55.28%    passed     71.15%
 437  T0436   68.32%    passed     46.77%
 438  T0437   55.90%    passed     36.80%
 439  T0438   53.42%    failed      4.87%
 440  T0439   54.66%    passed     97.45%
 441  T0440   53.42%    passed     63.11%
 442  T0441   51.55%    passed     82.77%
 443  T0442   63.35%    passed     64.42%
 444  T0443   50.93%    passed     77.72%
 445  T0444   51.55%    passed     80.80%
 446  T0445   53.42%    passed     96.73%
 447  T0446   60.87%    passed     92.25%
 448  T0447   58.39%    passed     90.43%
 449  T0448   54.04%    passed     38.98%
 450  T0449   63.98%    passed     84.78%
 451  T0450   54.66%    passed     85.33%
 452  T0451   53.42%    passed     23.88%
 453  T0452   53.42%    passed     74.80%
 454  T0453   57.76%    passed     54.72%
 455  T0454   60.25%    passed     94.65%
 456  T0455   50.93%    passed     38.39%
 457  T0456   66.46%    passed     71.75%
 458  T0457   58.39%    passed     99.77%
 459  T0458   56.52%    passed     67.67%
 460  T0459   57.14%    passed     89.32%
 461  T0460   54.66%    passed     66.97%
 462  T0461   60.87%    passed     98.94%
 463  T0462   56.52%    passed     40.45%
 464  T0463   64.60%    passed     50.70%
 465  T0464   50.93%    passed     99.28%
 466  T0465   55.28%    passed     89.08%
 467  T0466   69.57%    passed     42.84%
 468  T0467   57.76%    passed     97.22%
 469  T0468   52.80%    passed     63.41%
 470  T0469   55.90%    passed     25.90%
 471  T0470   61.49%    passed     70.11%
 472  T0471   53.42%    passed     90.32%
 473  T0472   55.28%    passed     95.86%
 474  T0473   63.98%    passed     84.62%
 475  T0474   53.42%    passed     95.26%
 476  T0475   60.25%    passed     69.84%
 477  T0476   65.22%    passed     30.28%
 478  T0477   55.28%    passed     52.46%
 479  T0478   53.42%    passed     41.33%
 480  T0479   66.46%    passed     20.12%
 481  T0480   53.42%    passed     65.59%
 482  T0481   52.80%    passed     62.48%
 483  T0482   60.87%    passed     92.28%
 484  T0483   59.63%    passed     49.26%
 485  T0484   65.22%    passed     87.63%
 486  T0485   57.76%    passed     36.91%
 487  T0486   52.80%    passed     22.33%
 488  T0487   68.32%    passed     32.12%
 489  T0488   52.17%    passed     17.32%
 490  T0489   65.22%    passed     80.48%
 491  T0490   63.35%    passed     17.81%
 492  T0491   59.01%    passed     47.39%
 493  T0492   53.42%    passed     96.69%
 494  T0493   68.32%    passed     60.09%
 495  T0494   53.42%    passed     36.83%
 496  T0495   62.73%    passed     75.52%
 497  T0496   50.93%    passed     38.27%
 498  T0497   53.42%    passed     19.72%
 499  T0498   60.87%    passed     97.25%
 500  T0499   52.80%    passed     77.94%
 501  T0500   55.28%    passed     24.21%
 502  T0501   54.66%    passed     79.35%
 503  T0502   65.22%    passed     90.97%
 504  T0503   57.76%    passed     98.99%
 505  T0504   52.80%    passed     49.46%
 506  T0505   52.80%    passed     62.66%
 507  T0506   50.93%    passed     65.81%
 508  T0507   54.66%    passed     69.52%
 509  T0508   55.90%    passed     90.09%
 510  T0509   65.22%    passed     41.24%
 511  T0510   70.19%    passed     61.13%
 512  T0511   50.93%    passed     93.52%
 513  T0512   55.90%    passed     73.71%
 514  T0513   51.55%    passed     80.71%
 515  T0514   67.08%    passed     57.81%
 516  T0515   56.52%    passed     65.71%
 517  T0516   55.28%    passed     72.10%
 518  T0517   56.52%    passed     98.99%
 519  T0518   57.14%    passed     62.07%
 520  T0519   54.66%    passed     96.41%
 521  T0520   67.70%    passed     73.80%
 522  T0521   55.90%    passed     84.69%
 523  T0522   59.01%    passed     43.45%
 524  T0523   49.07%    passed     74.73%
 525  T0524   54.66%    passed     32.04%
 526  T0525   54.04%    passed     91.56%
 527  T0526   60.87%    passed     69.59%
 528  T0527   57.14%    passed     91.66%
 529  T0528   55.90%    passed     91.18%
 530  T0529   67.08%    passed     96.52%
 531  T0530   52.17%    passed     94.32%
 532  T0531   59.01%    passed     74.65%
 533  T0532   50.93%    passed     54.72%
 534  T0533   63.35%    passed     34.29%
 535  T0534   69.57%    passed     69.56%
 536  T0535   51.55%    passed     77.66%
 537  T0536   59.01%    failed      2.28%
 538  T0537   63.35%    passed     89.06%
 539  T0538   55.90%    passed     67.94%
 540  T0539   64.60%    passed     27.70%
 541  T0540   62.11%    passed     88.53%
 542  T0541   47.83%    passed     52.88%
 543  T0542   53.42%    passed     69.30%
 544  T0543   65.84%    passed     77.83%
 545  T0544   60.87%    passed     97.11%
 546  T0545   61.49%    passed     29.78%
 547  T0546   53.42%    passed     37.39%
 548  T0547   75.78%    passed     95.93%
 549  T0548   59.01%    passed     91.75%
 550  T0549   55.90%    passed     79.20%
 551  T0550   75.16%    passed     86.68%
 552  T0551   53.42%    passed     67.84%
 553  T0552   59.63%    passed     90.53%
 554  T0553   55.90%    passed     75.72%
 555  T0554   50.93%    passed     87.65%
 556  T0555   59.01%    passed     52.55%
 557  T0556   55.28%    passed     73.93%
 558  T0557   54.04%    passed     88.15%
 559  T0558   57.14%    passed     91.33%
 560  T0559   53.42%    passed     77.77%
 561  T0560   64.60%    passed     97.92%
 562  T0561   52.17%    passed     69.37%
 563  T0562   59.63%    passed     90.84%
 564  T0563   66.46%    passed     25.47%
 565  T0564   51.55%    passed     77.07%
 566  T0565   51.55%    passed     89.74%
 567  T0566   55.28%    passed     56.09%
 568  T0567   54.66%    passed     89.86%
 569  T0568   49.07%    passed     99.61%
 570  T0569   58.39%    passed     86.03%
 571  T0570   50.93%    passed     79.48%
 572  T0571   60.25%    passed     99.90%
 573  T0572   54.66%    passed     48.59%
 574  T0573   68.32%    passed     11.14%
 575  T0574   50.93%    passed     66.77%
 576  T0575   55.28%    passed     76.16%
 577  T0576   61.49%    passed     60.13%
 578  T0577   57.76%    passed     40.70%
 579  T0578   63.98%    passed     97.49%
 580  T0579   68.94%    passed     97.35%
 581  T0580   61.49%    passed     98.17%
 582  T0581   51.55%    passed     99.00%
 583  T0582   52.17%    passed     98.76%
 584  T0583   50.93%    passed     79.31%
 585  T0584   53.42%    failed      3.12%
 586  T0585   55.28%    passed     99.22%
 587  T0586   52.80%    passed     84.95%
 588  T0587   50.93%    passed     97.52%
 589  T0588   50.93%    passed     96.26%
 590  T0589   56.52%    passed     96.03%
 591  T0590   55.90%    passed     96.86%
 592  T0591   54.04%    passed     85.07%
 593  T0592   48.45%    passed     81.60%
 594  T0593   50.93%    passed     79.92%
 595  T0594   51.55%    passed     93.15%
 596  T0595   72.05%    passed     71.99%
 597  T0596   51.55%    passed     94.01%
 598  T0597   50.93%    passed     99.39%
 599  T0598   69.57%    passed     98.55%
 600  T0599   57.14%    passed     86.97%
 601  T0600   62.73%    passed     81.95%
 602  T0601   55.28%    passed     91.35%
 603  T0602   50.93%    passed     86.21%
 604  T0603   55.28%    passed     96.26%
 605  T0604   55.90%    passed     23.84%
 606  T0605   65.84%    passed     27.34%
 607  T0606   60.25%    passed     54.81%
 608  T0607   52.80%    passed     87.94%
 609  T0608   54.66%    passed     98.74%
 610  T0609   55.90%    passed     98.71%
 611  T0610   55.90%    passed     99.51%
 612  T0611   57.76%    passed     97.45%
 613  T0612   54.66%    passed     23.34%
 614  T0613   57.76%    passed     75.25%
 615  T0614   53.42%    passed     24.94%
 616  T0615   50.93%    passed     95.51%
 617  T0616   65.22%    passed     90.92%
 618  T0617   51.55%    passed     91.31%
 619  T0618   70.19%    passed     77.44%
 620  T0619   51.55%    passed     94.83%
 621  T0620   51.55%    passed     92.36%
 622  T0621   61.49%    passed     34.18%
 623  T0622   65.84%    passed     27.83%
 624  T0623   51.55%    passed     90.40%
 625  T0624   50.93%    passed     95.19%
 626  T0625   52.80%    passed     45.00%
 627  T0626   67.70%    failed      0.81%
 628  T0627   55.90%    passed     84.16%
 629  T0628   61.49%    passed     86.02%
 630  T0629   58.39%    passed     96.62%
 631  T0630   67.70%    passed     42.69%
 632  T0631   60.87%    passed     71.13%
 633  T0632   56.52%    passed     80.49%
 634  T0633   51.55%    passed     45.41%
 635  T0634   59.63%    passed     60.22%
 636  T0635   68.32%    passed     37.21%
 637  T0636   72.05%    passed     82.79%
 638  T0637   55.28%    passed     47.08%
 639  T0638   63.98%    passed     44.09%
 640  T0639   62.73%    passed     82.26%
 641  T0640   62.11%    passed     44.53%
 642  T0641   64.60%    passed     72.80%
 643  T0642   55.90%    passed     95.31%
 644  T0643   74.53%    passed     68.89%
 645  T0644   57.14%    passed     88.89%
 646  T0645   69.57%    passed     42.24%
 647  T0646   51.55%    passed     98.06%
 648  T0647   54.66%    passed     99.59%
 649  T0648   52.17%    passed     92.39%
 650  T0649   68.32%    passed     14.18%
 651  T0650   55.28%    passed     87.59%
 652  T0651   51.55%    passed     49.99%
 653  T0652   50.93%    passed     50.85%
 654  T0653   70.81%    passed     61.05%
 655  T0654   63.35%    passed     27.65%
 656  T0655   53.42%    passed     20.11%
 657  T0656   58.39%    passed     75.43%
 658  T0657   69.57%    passed     89.48%
 659  T0658   72.05%    passed     83.84%
 660  T0659   57.14%    passed     98.23%
 661  T0660   64.60%    passed     93.84%
 662  T0661   72.05%    passed     64.86%
 663  T0662   50.93%    passed     41.54%
 664  T0663   52.80%    passed     41.77%
 665  T0664   62.11%    passed     96.68%
 666  T0665   60.25%    passed     66.81%
 667  T0666   67.08%    passed     54.55%
 668  T0667   54.04%    passed     48.12%
 669  T0668   47.83%    passed     57.92%
 670  T0669   55.90%    passed     44.57%
 671  T0670   57.76%    failed      1.17%
 672  T0671   56.52%    passed      6.97%
 673  T0672   50.93%    passed     92.87%
 674  T0673   52.80%    passed     60.53%
 675  T0674   63.98%    passed     65.99%
 676  T0675   70.81%    passed     51.12%
 677  T0676   53.42%    passed     81.65%
 678  T0677   69.57%    failed      3.74%
 679  T0678   57.76%    passed     39.90%
 680  T0679   64.60%    failed      1.14%
 681  T0680   68.32%    passed     63.00%
 682  T0681   54.66%    passed     49.55%
 683  T0682   55.90%    passed     52.84%
 684  T0683   48.45%    passed     68.64%
 685  T0684   65.22%    passed     72.97%
 686  T0685   57.14%    passed     99.93%
 687  T0686   63.98%    passed     89.93%
 688  T0687   51.55%    passed     31.59%
 689  T0688   67.70%    passed     46.60%
 690  T0689   54.04%    passed     56.70%
 691  T0690   62.73%    passed      6.52%
 692  T0691   70.19%    passed     77.39%
 693  T0692   54.66%    passed     98.27%
 694  T0693   63.35%    passed     70.22%
 695  T0694   72.05%    passed     81.15%
 696  T0695   65.22%    passed     73.52%
 697  T0696   69.57%    passed     17.75%
 698  T0697   54.66%    passed     97.92%
 699  T0698   63.98%    passed     66.69%
 700  T0699   53.42%    passed     17.84%
 701  T0700   60.87%    passed     98.24%
 702  T0701   63.35%    passed     10.14%
 703  T0702   55.90%    passed     56.36%
 704  T0703   55.28%    passed     90.89%
 705  T0704   50.93%    passed     53.20%
 706  T0705   50.93%    passed     46.61%
 707  T0706   63.35%    passed     83.26%
 708  T0707   47.83%    passed     48.34%
 709  T0708   67.08%    passed     58.02%
 710  T0709   60.25%    passed     77.07%
 711  T0710   52.80%    failed      2.38%
 712  T0711   66.46%    passed     22.96%
 713  T0712   67.08%    failed      1.92%
 714  T0713   52.17%    passed     99.47%
 715  T0714   62.73%    passed     82.43%
 716  T0715   67.70%    passed     41.45%
 717  T0716   65.84%    passed     68.06%
 718  T0717   51.55%    passed     97.07%
 719  T0718   54.04%    passed     64.34%
 720  T0719   53.42%    failed      4.77%
 721  T0720   62.11%    passed     54.16%
 722  T0721   52.17%    passed     84.71%
 723  T0722   62.73%    passed     64.58%
 724  T0723   65.84%    passed     28.42%
 725  T0724   54.04%    passed     50.95%
 726  T0725   50.93%    passed     81.28%
 727  T0726   58.39%    passed     96.92%
 728  T0727   68.94%    passed     41.44%
 729  T0728   62.11%    passed     23.32%
 730  T0729   67.70%    passed     95.65%
 731  T0730   65.22%    passed     94.14%
 732  T0731   60.25%    passed     57.35%
 733  T0732   59.01%    passed     88.76%
 734  T0733   55.90%    passed     71.11%
 735  T0734   62.73%    passed     49.73%
 736  T0735   47.20%    passed     78.38%
 737  T0736   69.57%    passed     83.45%
 738  T0737   52.17%    passed     13.38%
 739  T0738   72.05%    passed     68.87%
 740  T0739   61.49%    passed     88.03%
 741  T0740   63.98%    passed     72.82%
 742  T0741   62.11%    passed     47.13%
 743  T0742   52.80%    failed      0.79%
 744  T0743   64.60%    passed     73.73%
 745  T0744   66.46%    passed     98.70%
 746  T0745   63.35%    passed     68.04%
 747  T0746   58.39%    passed     43.20%
 748  T0747   70.81%    passed     11.90%
 749  T0748   56.52%    passed     99.10%
 750  T0749   55.90%    failed      0.80%
 751  T0750   64.60%    passed     97.84%
 752  T0751   65.84%    passed     92.15%
 753  T0752   58.39%    passed     25.22%
 754  T0753   54.66%    passed     79.85%
 755  T0754   56.52%    passed     10.87%
 756  T0755   63.35%    passed     92.97%
 757  T0756   57.14%    passed     11.03%
 758  T0757   53.42%    passed     45.65%
 759  T0758   56.52%    passed     78.48%
 760  T0759   52.17%    passed     37.60%
 761  T0760   50.31%    passed     72.21%
 762  T0761   70.81%    passed     72.68%
 763  T0762   66.46%    passed      8.34%
 764  T0763   63.35%    passed     56.99%
 765  T0764   57.76%    passed     30.36%
 766  T0765   60.87%    failed      1.10%
 767  T0766   65.22%    passed     88.32%
 768  T0767   58.39%    passed     82.13%
 769  T0768   54.04%    passed     53.63%
 770  T0769   56.52%    passed     56.49%
 771  T0770   56.52%    passed      5.05%
 772  T0771   55.90%    passed     84.30%
 773  T0772   47.83%    passed     58.43%
 774  T0773   58.39%    passed     30.93%
 775  T0774   53.42%    passed     88.71%
 776  T0775   61.49%    passed     66.67%
 777  T0776   63.98%    passed     60.53%
 778  T0777   56.52%    passed     30.69%
 779  T0778   67.08%    passed     40.59%
 780  T0779   57.14%    passed     43.35%
 781  T0780   51.55%    passed     22.35%
 782  T0781   53.42%    passed     52.51%
 783  T0782   59.63%    passed     91.31%
 784  T0783   65.84%    passed     97.51%
 785  T0784   62.11%    passed     56.80%
 786  T0785   56.52%    passed     34.56%
 787  T0786   52.17%    failed      0.30%
 788  T0787   54.04%    passed     10.95%
 789  T0788   62.11%    passed     85.73%
 790  T0789   55.28%    passed     31.34%
 791  T0790   63.35%    passed     45.38%
 792  T0791   54.04%    passed     49.21%
 793  T0792   54.04%    passed     62.49%
 794  T0793   63.35%    passed     86.84%
 795  T0794   53.42%    passed     79.59%
 796  T0795   65.84%    passed     97.65%
 797  T0796   67.70%    passed     73.44%
 798  T0797   47.83%    passed     99.39%
 799  T0798   50.31%    passed     65.46%
 800  T0799   71.43%    passed     92.27%
 801  T0800   56.52%    failed      0.01%
 802  T0801   52.80%    passed     31.48%
 803  T0802   59.63%    passed     25.88%
 804  T0803   69.57%    passed     33.67%
 805  T0804   59.63%    passed     52.46%
 806  T0805   75.16%    passed     64.01%
 807  T0806   52.80%    passed     87.26%
 808  T0807   67.08%    passed     25.08%
 809  T0808   52.80%    passed     53.46%
 810  T0809   57.76%    passed     26.53%
 811  T0810   52.80%    passed     80.72%
 812  T0811   63.98%    passed     16.71%
 813  T0812   68.32%    passed     54.41%
 814  T0813   68.32%    passed     64.27%
 815  T0814   63.98%    passed     18.73%
 816  T0815   52.80%    passed     72.36%
 817  T0816   50.31%    passed     96.16%
 818  T0817   53.42%    passed     39.14%
 819  T0818   55.28%    passed     23.17%
 820  T0819   52.80%    passed     76.64%
 821  T0820   63.98%    passed     77.17%
 822  T0821   59.63%    passed     31.50%
 823  T0822   50.93%    passed     81.96%
 824  T0823   52.17%    passed     40.01%
 825  T0824   63.35%    passed     69.42%
 826  T0825   59.63%    passed     68.84%
 827  T0826   69.57%    passed     61.31%
 828  T0827   55.90%    passed     97.58%
 829  T0828   52.80%    passed     74.75%
 830  T0829   52.80%    passed     78.12%
 831  T0830   52.80%    passed     73.13%
 832  T0831   51.55%    passed     34.88%
 833  T0832   63.98%    passed     34.10%
 834  T0833   54.04%    passed     61.24%
 835  T0834   50.31%    passed     90.56%
 836  T0835   67.08%    passed     72.74%
 837  T0836   65.22%    passed     61.45%
 838  T0837   69.57%    passed     35.30%
 839  T0838   70.19%    passed     73.47%
 840  T0839   63.98%    passed     95.63%
 841  T0840   68.94%    failed      1.84%
 842  T0841   67.70%    failed      0.62%
 843  T0842   49.07%    passed     65.12%
 844  T0843   69.57%    passed     29.36%
 845  T0844   70.81%    passed     14.83%
 846  T0845   66.46%    passed     25.71%
 847  T0846   64.60%    passed     89.58%
 848  T0847   75.78%    passed     81.64%
 849  T0848   73.29%    passed     29.82%
 850  T0849   53.42%    passed     71.12%
 851  T0850   70.19%    passed     71.50%
 852  T0851   75.16%    passed     68.55%
 853  T0852   70.19%    passed     60.55%
 854  T0853   72.67%    passed     81.20%
 855  T0854   61.49%    failed      0.01%
 856  T0855   72.05%    failed      3.94%
 857  T0856   52.80%    passed     35.96%
 858  T0857   72.67%    passed     86.88%
 859  T0858   66.46%    passed     84.83%
 860  T0859   51.55%    passed     30.95%
 861  T0860   70.19%    passed     30.05%
 862  T0861   49.07%    passed      6.11%
 863  T0862   73.29%    passed     99.36%
 864  T0863   62.11%    passed     61.42%
 865  T0864   72.05%    failed      1.37%
 866  T0865   65.84%    passed     66.05%
 867  T0866   77.64%    passed     43.78%
 868  T0867   60.25%    passed     51.42%
 869  T0868   72.05%    passed     99.98%
 870  T0869   75.16%    passed     84.06%
 871  T0870   50.31%    failed      0.00%
 872  T0871   50.93%    passed     22.99%
 873  T0872   57.14%    passed     57.06%
 874  T0873   72.67%    passed     69.79%
 875  T0874   72.05%    passed     85.99%
 876  T0875   83.23%    passed     85.96%
 877  T0876   80.75%    passed     77.50%
 878  T0877   69.57%    passed     36.74%
WARNING: 865 sequences contain more than 50% gaps/ambiguity
****  TOTAL   57.01%  23 sequences failed composition chi2 test (p-value<5%; df=19)
Checking for duplicate sequences: done in 0.0121861 secs using 361.1% CPU


Create initial parsimony tree by phylogenetic likelihood library (PLL)... 0.598 seconds
Perform fast likelihood tree search using LG+I+G model...
Estimate model parameters (epsilon = 5.000)
Perform nearest neighbor interchange...
Optimizing NNI: done in 15.0538 secs using 786.5% CPU
Estimate model parameters (epsilon = 1.000)
1. Initial log-likelihood: -60680.293
Optimal log-likelihood: -60680.190
Proportion of invariable sites: 0.007
Gamma shape alpha: 1.300
Parameters optimization took 1 rounds (0.834 sec)
Time for fast ML tree search: 20.192 seconds

NOTE: ModelFinder requires 250 MB RAM!
ModelFinder will test up to 1232 protein models (sample size: 161 epsilon: 0.100) ...
 No. Model         -LnL         df  AIC          AICc         BIC
  1  LG            63035.340    1753 129576.679   6279100.679  134978.381
  2  LG+I          62929.169    1754 129366.338   6285906.338  134771.121
  3  LG+G4         60698.182    1754 124904.365   6281444.365  130309.148
  4  LG+I+G4       60680.198    1755 124870.395   6288430.395  130278.260
  5  LG+R2         61240.968    1755 125991.936   6289551.936  131399.801
  6  LG+R3         60828.965    1757 125171.930   6302783.930  130585.958
  7  LG+R4         60720.605    1759 124959.209   6316639.209  130379.400
  8  LG+R5         60536.820    1761 124595.641   6330359.641  130021.994
  9  LG+R6         60494.078    1763 124514.156   6344378.156  129946.672
 10  LG+R7         60483.067    1765 124496.135   6358476.135  129934.813
 11  LG+R8         60476.506    1767 124487.012   6372599.012  129931.853
 12  LG+R9         60476.409    1769 124490.819   6386750.819  129941.823
 14  LG+I+R2       61202.822    1756 125917.644   6296501.644  131328.590
 15  LG+I+R3       60786.164    1758 125088.327   6309732.327  130505.436
 16  LG+I+R4       60697.153    1760 124914.306   6323634.306  130337.577
 17  LG+I+R5       60553.728    1762 124631.457   6337443.457  130060.891
 18  LG+I+R6       60475.251    1764 124478.502   6351398.502  129914.099
 19  LG+I+R7       60464.039    1766 124460.078   6365504.078  129901.838
 20  LG+I+R8       60457.334    1768 124450.668   6379634.668  129898.591
 21  LG+I+R9       60457.110    1770 124454.221   6393794.221  129908.307
 41  LG+F+I+R7     60833.265    1785 125236.530   6501256.530  130736.836
 42  LG+F+I+R8     60825.771    1787 125225.541   6515537.541  130732.011
 43  LG+F+I+R9     60825.801    1789 125229.602   6529849.602  130742.234
 63  WAG+I+R7      60691.402    1766 124914.804   6365958.804  130356.564
 64  WAG+I+R8      60687.521    1768 124911.043   6380095.043  130358.966
 85  WAG+F+I+R7    61021.845    1785 125613.691   6501633.691  131113.998
 86  WAG+F+I+R8    61018.864    1787 125611.728   6515923.728  131118.198
107  JTT+I+R7      60805.793    1766 125143.587   6366187.587  130585.347
+I+R8 reinitialized from +I+R7 with factor 0.500
108  JTT+I+R8      60790.108    1768 125116.216   6380300.216  130564.139
+I+R9 reinitialized from +I+R8 with factor 0.500
109  JTT+I+R9      60786.884    1770 125113.768   6394453.768  130567.854
129  JTT+F+I+R7    60861.433    1785 125292.867   6501312.867  130793.173
130  JTT+F+I+R8    60851.660    1787 125277.320   6515589.320  130783.790
131  JTT+F+I+R9    60848.921    1789 125275.842   6529895.842  130788.474
151  Q.PFAM+I+R7   60485.839    1766 124503.678   6365547.678  129945.438
152  Q.PFAM+I+R8   60473.319    1768 124482.638   6379666.638  129930.561
153  Q.PFAM+I+R9   60469.921    1770 124479.843   6393819.843  129933.928
173  Q.PFAM+F+I+R7 60660.373    1785 124890.746   6500910.746  130391.053
174  Q.PFAM+F+I+R8 60649.561    1787 124873.122   6515185.122  130379.591
175  Q.PFAM+F+I+R9 60645.826    1789 124869.653   6529489.653  130382.285
195  Q.BIRD+I+R7   61974.302    1766 127480.603   6368524.603  132922.363
196  Q.BIRD+I+R8   61957.928    1768 127451.856   6382635.856  132899.779
197  Q.BIRD+I+R9   61952.000    1770 127444.000   6396784.000  132898.085
217  Q.BIRD+F+I+R7 61798.680    1785 127167.359   6503187.359  132667.666
218  Q.BIRD+F+I+R8 61793.448    1787 127160.897   6517472.897  132667.366
219  Q.BIRD+F+I+R9 61785.853    1789 127149.706   6531769.706  132662.339
239  Q.MAMMAL+I+R7 61450.334    1766 126432.668   6367476.668  131874.429
240  Q.MAMMAL+I+R8 61432.928    1768 126401.856   6381585.856  131849.779
241  Q.MAMMAL+I+R9 61430.180    1770 126400.360   6395740.360  131854.446
261  Q.MAMMAL+F+I+R7 61250.667    1785 126071.334   6502091.334  131571.641
262  Q.MAMMAL+F+I+R8 61243.169    1787 126060.338   6516372.338  131566.808
263  Q.MAMMAL+F+I+R9 61238.610    1789 126055.221   6530675.221  131567.853
283  Q.INSECT+I+R7 60469.222    1766 124470.445   6365514.445  129912.205
284  Q.INSECT+I+R8 60458.914    1768 124453.828   6379637.828  129901.751
285  Q.INSECT+I+R9 60456.454    1770 124452.908   6393792.908  129906.993
305  Q.INSECT+F+I+R7 60514.440    1785 124598.880   6500618.880  130099.186
306  Q.INSECT+F+I+R8 60504.893    1787 124583.787   6514895.787  130090.256
307  Q.INSECT+F+I+R9 60500.290    1789 124578.579   6529198.579  130091.211
327  Q.PLANT+I+R7  61059.261    1766 125650.521   6366694.521  131092.281
328  Q.PLANT+I+R8  61048.947    1768 125633.894   6380817.894  131081.817
329  Q.PLANT+I+R9  61033.171    1770 125606.342   6394946.342  131060.428
349  Q.PLANT+F+I+R7 61155.113    1785 125880.227   6501900.227  131380.534
350  Q.PLANT+F+I+R8 61149.389    1787 125872.777   6516184.777  131379.247
351  Q.PLANT+F+I+R9 61138.381    1789 125854.763   6530474.763  131367.395
371  Q.YEAST+I+R7  60710.921    1766 124953.843   6365997.843  130395.603
372  Q.YEAST+I+R8  60698.729    1768 124933.458   6380117.458  130381.381
373  Q.YEAST+I+R9  60693.857    1770 124927.714   6394267.714  130381.800
393  Q.YEAST+F+I+R7 60656.571    1785 124883.143   6500903.143  130383.450
394  Q.YEAST+F+I+R8 60651.274    1787 124876.549   6515188.549  130383.018
395  Q.YEAST+F+I+R9 60642.803    1789 124863.606   6529483.606  130376.238
415  JTTDCMUT+I+R7 60798.344    1766 125128.689   6366172.689  130570.449
416  JTTDCMUT+I+R8 60782.120    1768 125100.240   6380284.240  130548.163
417  JTTDCMUT+I+R9 60774.945    1770 125089.891   6394429.891  130543.977
437  JTTDCMUT+F+I+R7 60863.467    1785 125296.933   6501316.933  130797.240
438  JTTDCMUT+F+I+R8 60853.505    1787 125281.009   6515593.009  130787.479
439  JTTDCMUT+F+I+R9 60846.224    1789 125270.449   6529890.449  130783.081
459  DCMUT+I+R7    61491.570    1766 126515.139   6367559.139  131956.899
460  DCMUT+I+R8    61482.307    1768 126500.614   6381684.614  131948.537
461  DCMUT+I+R9    61463.929    1770 126467.859   6395807.859  131921.944
481  DCMUT+F+I+R7  61222.053    1785 126014.105   6502034.105  131514.412
482  DCMUT+F+I+R8  61211.111    1787 125996.221   6516308.221  131502.691
483  DCMUT+F+I+R9  61198.348    1789 125974.696   6530594.696  131487.328
503  VT+I+R7       60590.289    1766 124712.578   6365756.578  130154.339
504  VT+I+R8       60566.968    1768 124669.937   6379853.937  130117.860
505  VT+I+R9       60560.236    1770 124660.471   6394000.471  130114.557
525  VT+F+I+R7     60874.485    1785 125318.971   6501338.971  130819.277
526  VT+F+I+R8     60853.089    1787 125280.178   6515592.178  130786.648
527  VT+F+I+R9     60850.058    1789 125278.115   6529898.115  130790.748
547  PMB+I+R7      60980.881    1766 125493.762   6366537.762  130935.522
548  PMB+I+R8      60957.160    1768 125450.319   6380634.319  130898.242
549  PMB+I+R9      60957.149    1770 125454.298   6394794.298  130908.384
569  PMB+F+I+R7    61330.095    1785 126230.191   6502250.191  131730.498
570  PMB+F+I+R8    61315.453    1787 126204.907   6516516.907  131711.376
571  PMB+F+I+R9    61312.003    1789 126202.006   6530822.006  131714.638
591  BLOSUM62+I+R7 60920.412    1766 125372.824   6366416.824  130814.584
592  BLOSUM62+I+R8 60902.090    1768 125340.181   6380524.181  130788.104
593  BLOSUM62+I+R9 60901.572    1770 125343.145   6394683.145  130797.230
613  BLOSUM62+F+I+R7 61386.042    1785 126342.084   6502362.084  131842.390
614  BLOSUM62+F+I+R8 61372.310    1787 126318.619   6516630.619  131825.089
615  BLOSUM62+F+I+R9 61370.612    1789 126319.225   6530939.225  131831.857
635  DAYHOFF+I+R7  61510.792    1766 126553.585   6367597.585  131995.345
636  DAYHOFF+I+R8  61485.783    1768 126507.566   6381691.566  131955.488
637  DAYHOFF+I+R9  61468.067    1770 126476.135   6395816.135  131930.221
657  DAYHOFF+F+I+R7 61228.882    1785 126027.764   6502047.764  131528.071
658  DAYHOFF+F+I+R8 61215.495    1787 126004.990   6516316.990  131511.460
659  DAYHOFF+F+I+R9 61202.621    1789 125983.243   6530603.243  131495.875
679  MTREV+I+R7    64395.025    1766 132322.050   6373366.050  137763.810
680  MTREV+I+R8    64375.061    1768 132286.122   6387470.122  137734.045
681  MTREV+I+R9    64370.246    1770 132280.492   6401620.492  137734.578
701  MTREV+F+I+R7  62475.573    1785 128521.145   6504541.145  134021.452
702  MTREV+F+I+R8  62449.773    1787 128473.546   6518785.546  133980.016
703  MTREV+F+I+R9  62437.589    1789 128453.177   6533073.177  133965.810
723  MTART+I+R7    65704.641    1766 134941.282   6375985.282  140383.042
724  MTART+I+R8    65646.272    1768 134828.544   6390012.544  140276.466
+I+R9 reinitialized from +I+R8 with factor 0.500
725  MTART+I+R9    65635.094    1770 134810.188   6404150.188  140264.274
745  MTART+F+I+R7  62841.872    1785 129253.744   6505273.744  134754.051
746  MTART+F+I+R8  62829.791    1787 129233.581   6519545.581  134740.051
747  MTART+F+I+R9  62814.254    1789 129206.507   6533826.507  134719.140
767  MTZOA+I+R7    63643.176    1766 130818.353   6371862.353  136260.113
768  MTZOA+I+R8    63623.437    1768 130782.874   6385966.874  136230.797
769  MTZOA+I+R9    63614.080    1770 130768.160   6400108.160  136222.246
789  MTZOA+F+I+R7  62014.900    1785 127599.800   6503619.800  133100.107
790  MTZOA+F+I+R8  61987.969    1787 127549.938   6517861.938  133056.407
791  MTZOA+F+I+R9  61985.038    1789 127548.075   6532168.075  133060.708
811  MTMET+I+R7    64398.252    1766 132328.503   6373372.503  137770.263
812  MTMET+I+R8    64384.672    1768 132305.343   6387489.343  137753.266
813  MTMET+I+R9    64375.408    1770 132290.816   6401630.816  137744.902
833  MTMET+F+I+R7  61874.979    1785 127319.958   6503339.958  132820.265
834  MTMET+F+I+R8  61839.535    1787 127253.071   6517565.071  132759.540
835  MTMET+F+I+R9  61828.656    1789 127235.311   6531855.311  132747.943
855  MTVER+I+R7    65188.683    1766 133909.366   6374953.366  139351.126
856  MTVER+I+R8    65165.206    1768 133866.411   6389050.411  139314.334
857  MTVER+I+R9    65158.876    1770 133857.752   6403197.752  139311.838
877  MTVER+F+I+R7  63141.519    1785 129853.037   6505873.037  135353.344
878  MTVER+F+I+R8  63098.994    1787 129771.987   6520083.987  135278.457
879  MTVER+F+I+R9  63083.081    1789 129744.163   6534364.163  135256.795
899  MTINV+I+R7    64656.371    1766 132844.741   6373888.741  138286.501
900  MTINV+I+R8    64615.587    1768 132767.173   6387951.173  138215.096
901  MTINV+I+R9    64606.859    1770 132753.717   6402093.717  138207.803
921  MTINV+F+I+R7  61514.920    1785 126599.840   6502619.840  132100.146
922  MTINV+F+I+R8  61489.575    1787 126553.150   6516865.150  132059.619
923  MTINV+F+I+R9  61468.681    1789 126515.362   6531135.362  132027.994
943  MTMAM+I+R7    66064.606    1766 135661.211   6376705.211  141102.971
944  MTMAM+I+R8    66049.017    1768 135634.034   6390818.034  141081.957
945  MTMAM+I+R9    66009.981    1770 135559.961   6404899.961  141014.047
965  MTMAM+F+I+R7  63763.688    1785 131097.376   6507117.376  136597.682
966  MTMAM+F+I+R8  63753.272    1787 131080.544   6521392.544  136587.014
967  MTMAM+F+I+R9  63701.355    1789 130980.711   6535600.711  136493.343
987  FLAVI+I+R7    63875.720    1766 131283.439   6372327.439  136725.199
988  FLAVI+I+R8    63825.472    1768 131186.943   6386370.943  136634.866
989  FLAVI+I+R9    63823.953    1770 131187.907   6400527.907  136641.992
1009  FLAVI+F+I+R7  63876.476    1785 131322.952   6507342.952  136823.258
1010  FLAVI+F+I+R8  63855.236    1787 131284.472   6521596.472  136790.942
1011  FLAVI+F+I+R9  63849.334    1789 131276.668   6535896.668  136789.300
1031  HIVB+I+R7     62364.815    1766 128261.629   6369305.629  133703.389
1032  HIVB+I+R8     62334.233    1768 128204.467   6383388.467  133652.390
1033  HIVB+I+R9     62327.376    1770 128194.751   6397534.751  133648.837
1053  HIVB+F+I+R7   62375.973    1785 128321.946   6504341.946  133822.253
1054  HIVB+F+I+R8   62375.806    1787 128325.613   6518637.613  133832.082
1075  HIVW+I+R7     65287.081    1766 134106.161   6375150.161  139547.922
1076  HIVW+I+R8     65252.310    1768 134040.620   6389224.620  139488.543
1077  HIVW+I+R9     65246.162    1770 134032.323   6403372.323  139486.409
1097  HIVW+F+I+R7   64306.901    1785 132183.802   6508203.802  137684.109
1098  HIVW+F+I+R8   64288.125    1787 132150.251   6522462.251  137656.720
1099  HIVW+F+I+R9   64281.419    1789 132140.838   6536760.838  137653.470
1119  FLU+I+R7      62461.683    1766 128455.366   6369499.366  133897.126
1120  FLU+I+R8      62444.219    1768 128424.437   6383608.437  133872.360
1121  FLU+I+R9      62436.412    1770 128412.823   6397752.823  133866.909
1141  FLU+F+I+R7    62489.544    1785 128549.088   6504569.088  134049.395
1142  FLU+F+I+R8    62473.209    1787 128520.419   6518832.419  134026.888
1143  FLU+F+I+R9    62468.939    1789 128515.877   6533135.877  134028.510
1163  RTREV+I+R7    60904.602    1766 125341.204   6366385.204  130782.964
1164  RTREV+I+R8    60902.986    1768 125341.971   6380525.971  130789.894
1185  RTREV+F+I+R7  60826.725    1785 125223.451   6501243.451  130723.758
1186  RTREV+F+I+R8  60823.077    1787 125220.153   6515532.153  130726.623
1207  CPREV+I+R7    61252.042    1766 126036.084   6367080.084  131477.844
1208  CPREV+I+R8    61234.791    1768 126005.583   6381189.583  131453.506
1209  CPREV+I+R9    61222.107    1770 125984.214   6395324.214  131438.300
1229  CPREV+F+I+R7  62025.114    1785 127620.228   6503640.228  133120.535
1230  CPREV+F+I+R8  62006.284    1787 127586.567   6517898.567  133093.037
1231  CPREV+F+I+R9  61993.759    1789 127565.517   6532185.517  133078.150
Akaike Information Criterion:           LG+I+R8
Corrected Akaike Information Criterion: LG
Bayesian Information Criterion:         LG+I+R8
Best-fit model: LG+I+R8 chosen according to BIC

All model information printed to tree_mafft.model.gz
CPU time for ModelFinder: 79848.531 seconds (22h:10m:48s)
Wall-clock time for ModelFinder: 10077.130 seconds (2h:47m:57s)
Generating 1000 samples for ultrafast bootstrap (seed: 805060)...

NOTE: 200 MB RAM (0 GB) is required!
Estimate model parameters (epsilon = 0.100)
1. Initial log-likelihood: -60552.053
2. Current log-likelihood: -60445.756
3. Current log-likelihood: -60442.418
4. Current log-likelihood: -60442.318
Optimal log-likelihood: -60442.215
Proportion of invariable sites: 0.007
Site proportion and rates:  (0.039,0.083) (0.092,0.198) (0.091,0.294) (0.126,0.459) (0.175,0.649) (0.172,0.933) (0.116,1.232) (0.182,2.630)
Parameters optimization took 4 rounds (20.972 sec)
Wrote distance file to... 
Computing ML distances based on estimated model parameters...
Calculating distance matrix: done in 46.2609 secs using 795.1% CPU
Computing ML distances took 46.296127 sec (of wall-clock time) 367.835076 sec (of CPU time)
WARNING: Some pairwise ML distances are too long (saturated)
Setting up auxiliary I and S matrices: done in 0.00915016 secs using 400.9% CPU
Constructing RapidNJ tree: done in 2.34018 secs using 59.14% CPU
Computing RapidNJ tree took 2.349575 sec (of wall-clock time) 1.421025 sec (of CPU time)
Log-likelihood of RapidNJ tree: -61531.139
--------------------------------------------------------------------
|             INITIALIZING CANDIDATE TREE SET                      |
--------------------------------------------------------------------
Generating 98 parsimony trees... 51.477 second
Computing log-likelihood of 98 initial trees ... 57.789 seconds
Current best score: -60442.215

Do NNI search on 20 best initial trees
Optimizing NNI: done in 17.6264 secs using 792.7% CPU
Estimate model parameters (epsilon = 0.100)
BETTER TREE FOUND at iteration 1: -60392.222
Optimizing NNI: done in 35.4142 secs using 792.6% CPU
Optimizing NNI: done in 35.2005 secs using 792.3% CPU
Estimate model parameters (epsilon = 0.100)
BETTER TREE FOUND at iteration 3: -60239.065
Optimizing NNI: done in 33.0083 secs using 792.6% CPU
Optimizing NNI: done in 49.4131 secs using 792.6% CPU
Optimizing NNI: done in 36.0377 secs using 792.4% CPU
Optimizing NNI: done in 31.4738 secs using 792.1% CPU
Optimizing NNI: done in 38.9468 secs using 792.3% CPU
Optimizing NNI: done in 32.5342 secs using 792.5% CPU
Optimizing NNI: done in 63.4303 secs using 792.8% CPU
Iteration 10 / LogL: -60311.550 / Time: 2h:57m:40s
Optimizing NNI: done in 34.7923 secs using 792.1% CPU
Optimizing NNI: done in 52.0975 secs using 792.8% CPU
Optimizing NNI: done in 32.697 secs using 792.7% CPU
Optimizing NNI: done in 34.9246 secs using 792.7% CPU
Optimizing NNI: done in 26.887 secs using 792.7% CPU
Optimizing NNI: done in 38.0607 secs using 792.7% CPU
Optimizing NNI: done in 30.562 secs using 792.6% CPU
Optimizing NNI: done in 43.1737 secs using 792.4% CPU
Optimizing NNI: done in 61.3783 secs using 792.7% CPU
Estimate model parameters (epsilon = 0.100)
BETTER TREE FOUND at iteration 19: -60193.711
Optimizing NNI: done in 30.9914 secs using 792.3% CPU
Iteration 20 / LogL: -60697.344 / Time: 3h:4m:25s
Finish initializing candidate tree set (20)
Current best tree score: -60193.711 / CPU time: 911.743
Number of iterations: 20
--------------------------------------------------------------------
|               OPTIMIZING CANDIDATE TREE SET                      |
--------------------------------------------------------------------
Optimizing NNI: done in 28.0947 secs using 792.1% CPU
Optimizing NNI: done in 25.8899 secs using 791.9% CPU
Estimate model parameters (epsilon = 0.100)
BETTER TREE FOUND at iteration 22: -60114.193
Optimizing NNI: done in 21.7129 secs using 792% CPU
Optimizing NNI: done in 24.281 secs using 792.6% CPU
Optimizing NNI: done in 23.2804 secs using 791.9% CPU
Optimizing NNI: done in 27.119 secs using 792.1% CPU
Optimizing NNI: done in 26.7415 secs using 792.3% CPU
Optimizing NNI: done in 27.2947 secs using 792.4% CPU
Optimizing NNI: done in 23.7209 secs using 792% CPU
Estimate model parameters (epsilon = 0.100)
BETTER TREE FOUND at iteration 29: -60114.032
Optimizing NNI: done in 27.0565 secs using 792% CPU
Estimate model parameters (epsilon = 0.100)
BETTER TREE FOUND at iteration 30: -60054.048
Iteration 30 / LogL: -60054.048 / Time: 3h:9m:1s (1h:12m:41s left)
Optimizing NNI: done in 23.9455 secs using 792.2% CPU
Optimizing NNI: done in 24.4249 secs using 792% CPU
Optimizing NNI: done in 26.3271 secs using 791.8% CPU
Optimizing NNI: done in 21.8124 secs using 792.4% CPU
Optimizing NNI: done in 23.8379 secs using 791.4% CPU
Optimizing NNI: done in 26.3154 secs using 791.5% CPU
Optimizing NNI: done in 24.042 secs using 791.6% CPU
Optimizing NNI: done in 26.4389 secs using 792.1% CPU
Estimate model parameters (epsilon = 0.100)
BETTER TREE FOUND at iteration 38: -60048.379
Optimizing NNI: done in 23.0082 secs using 792.1% CPU
Optimizing NNI: done in 23.3641 secs using 792.2% CPU
Estimate model parameters (epsilon = 0.100)
BETTER TREE FOUND at iteration 40: -60036.847
Iteration 40 / LogL: -60036.847 / Time: 3h:13m:26s (1h:5m:21s left)
Optimizing NNI: done in 22.2369 secs using 791.1% CPU
Estimate model parameters (epsilon = 0.100)
BETTER TREE FOUND at iteration 41: -59997.363
Optimizing NNI: done in 23.9883 secs using 778.1% CPU
Optimizing NNI: done in 22.9802 secs using 791.9% CPU
Optimizing NNI: done in 21.0553 secs using 792.2% CPU
Optimizing NNI: done in 23.0221 secs using 792% CPU
Optimizing NNI: done in 27.3168 secs using 792.5% CPU
Optimizing NNI: done in 23.2055 secs using 791.8% CPU
Optimizing NNI: done in 24.4228 secs using 791% CPU
Estimate model parameters (epsilon = 0.100)
BETTER TREE FOUND at iteration 48: -59956.957
Optimizing NNI: done in 22.4591 secs using 791.9% CPU
Optimizing NNI: done in 25.058 secs using 792.4% CPU
Iteration 50 / LogL: -59957.454 / Time: 3h:17m:38s (0h:59m:21s left)
Log-likelihood cutoff on original alignment: -60205.418
Optimizing NNI: done in 25.1072 secs using 792.2% CPU
Optimizing NNI: done in 25.0696 secs using 792.4% CPU
Optimizing NNI: done in 23.0547 secs using 792.1% CPU
Optimizing NNI: done in 21.4874 secs using 790.9% CPU
Optimizing NNI: done in 25.4551 secs using 791.8% CPU
Optimizing NNI: done in 23.5516 secs using 791.7% CPU
Optimizing NNI: done in 24.9873 secs using 791.5% CPU
Optimizing NNI: done in 22.4881 secs using 792% CPU
Optimizing NNI: done in 20.531 secs using 791.4% CPU
Optimizing NNI: done in 22.1087 secs using 792% CPU
Iteration 60 / LogL: -60005.942 / Time: 3h:21m:37s (0h:50m:14s left)
Optimizing NNI: done in 24.7291 secs using 792.8% CPU
Optimizing NNI: done in 24.4492 secs using 791.8% CPU
Optimizing NNI: done in 21.4405 secs using 792% CPU
Optimizing NNI: done in 27.5035 secs using 791.6% CPU
Estimate model parameters (epsilon = 0.100)
BETTER TREE FOUND at iteration 64: -59946.741
Optimizing NNI: done in 21.4928 secs using 791.1% CPU
Optimizing NNI: done in 25.2491 secs using 791.9% CPU
Estimate model parameters (epsilon = 0.100)
BETTER TREE FOUND at iteration 66: -59943.070
Optimizing NNI: done in 26.2299 secs using 792% CPU
Optimizing NNI: done in 21.0375 secs using 792.2% CPU
Optimizing NNI: done in 24.6866 secs using 791.9% CPU
Optimizing NNI: done in 25.6238 secs using 791.9% CPU
Iteration 70 / LogL: -59960.307 / Time: 3h:25m:56s (0h:52m:50s left)
Optimizing NNI: done in 23.674 secs using 792.1% CPU
Optimizing NNI: done in 20.2563 secs using 791.8% CPU
Optimizing NNI: done in 20.0108 secs using 791% CPU
Optimizing NNI: done in 24.0076 secs using 792.2% CPU
Estimate model parameters (epsilon = 0.100)
BETTER TREE FOUND at iteration 74: -59941.200
Optimizing NNI: done in 26.9933 secs using 792% CPU
Optimizing NNI: done in 21.7855 secs using 791.1% CPU
Optimizing NNI: done in 30.9862 secs using 792.1% CPU
Optimizing NNI: done in 20.7717 secs using 791.9% CPU
Optimizing NNI: done in 22.7243 secs using 791.4% CPU
Estimate model parameters (epsilon = 0.100)
BETTER TREE FOUND at iteration 79: -59928.349
Optimizing NNI: done in 24.4785 secs using 791.7% CPU
Iteration 80 / LogL: -59947.862 / Time: 3h:30m:9s (0h:52m:53s left)
Optimizing NNI: done in 23.3809 secs using 791.6% CPU
Optimizing NNI: done in 22.931 secs using 791.5% CPU
Optimizing NNI: done in 24.0187 secs using 791.6% CPU
Optimizing NNI: done in 26.2275 secs using 792.3% CPU
Optimizing NNI: done in 27.3114 secs using 791.5% CPU
Optimizing NNI: done in 28.1531 secs using 792.2% CPU
Optimizing NNI: done in 24.0192 secs using 791.7% CPU
Optimizing NNI: done in 22.3186 secs using 791.2% CPU
Optimizing NNI: done in 30.6416 secs using 791.4% CPU
Optimizing NNI: done in 19.1246 secs using 791.2% CPU
Iteration 90 / LogL: -59948.381 / Time: 3h:34m:19s (0h:46m:22s left)
Optimizing NNI: done in 28.6732 secs using 792.2% CPU
Optimizing NNI: done in 25.4248 secs using 792% CPU
Optimizing NNI: done in 24.5342 secs using 791.5% CPU
Optimizing NNI: done in 23.8293 secs using 791.3% CPU
Estimate model parameters (epsilon = 0.100)
BETTER TREE FOUND at iteration 94: -59923.609
Optimizing NNI: done in 23.1193 secs using 791.4% CPU
Optimizing NNI: done in 20.8281 secs using 791.8% CPU
Optimizing NNI: done in 20.7841 secs using 790.4% CPU
Optimizing NNI: done in 20.7637 secs using 791% CPU
Optimizing NNI: done in 22.7769 secs using 791.7% CPU
Optimizing NNI: done in 22.0794 secs using 791.4% CPU
Estimate model parameters (epsilon = 0.100)
BETTER TREE FOUND at iteration 100: -59920.922
Iteration 100 / LogL: -59920.922 / Time: 3h:38m:22s (0h:50m:56s left)
Log-likelihood cutoff on original alignment: -60162.750
NOTE: Bootstrap correlation coefficient of split occurrence frequencies: 0.915
NOTE: UFBoot does not converge, continue at least 100 more iterations
Optimizing NNI: done in 22.2293 secs using 791.5% CPU
Optimizing NNI: done in 28.5217 secs using 791.6% CPU
Optimizing NNI: done in 28.6615 secs using 792.2% CPU
Optimizing NNI: done in 24.2945 secs using 791.7% CPU
Optimizing NNI: done in 20.3798 secs using 791.6% CPU
Optimizing NNI: done in 27.9275 secs using 792.3% CPU
Optimizing NNI: done in 21.7487 secs using 791.2% CPU
Optimizing NNI: done in 24.4962 secs using 792.1% CPU
Optimizing NNI: done in 29.888 secs using 792% CPU
Optimizing NNI: done in 22.9804 secs using 791.8% CPU
Iteration 110 / LogL: -59969.796 / Time: 3h:42m:39s (0h:45m:10s left)
Optimizing NNI: done in 22.2435 secs using 791.4% CPU
Optimizing NNI: done in 24.3564 secs using 791.6% CPU
Optimizing NNI: done in 19.8438 secs using 789.9% CPU
Optimizing NNI: done in 22.891 secs using 789.3% CPU
Estimate model parameters (epsilon = 0.100)
BETTER TREE FOUND at iteration 114: -59909.326
Optimizing NNI: done in 23.8719 secs using 790% CPU
Optimizing NNI: done in 22.286 secs using 790.6% CPU
Optimizing NNI: done in 22.2199 secs using 790.6% CPU
Optimizing NNI: done in 28.2078 secs using 790.3% CPU
Optimizing NNI: done in 24.1507 secs using 790.6% CPU
Optimizing NNI: done in 21.6166 secs using 790.7% CPU
Iteration 120 / LogL: -59995.687 / Time: 3h:46m:39s (0h:46m:22s left)
Optimizing NNI: done in 24.0004 secs using 791.7% CPU
Optimizing NNI: done in 24.1309 secs using 788.9% CPU
Optimizing NNI: done in 21.9441 secs using 789.2% CPU
Optimizing NNI: done in 23.1239 secs using 790.5% CPU
Optimizing NNI: done in 23.6821 secs using 790.7% CPU
Optimizing NNI: done in 24.4303 secs using 789.9% CPU
Optimizing NNI: done in 23.7279 secs using 789.8% CPU
Optimizing NNI: done in 19.4569 secs using 789.8% CPU
Optimizing NNI: done in 27.2851 secs using 790.5% CPU
Optimizing NNI: done in 26.67 secs using 790.6% CPU
Iteration 130 / LogL: -59913.849 / Time: 3h:50m:39s (0h:40m:50s left)
Optimizing NNI: done in 22.5185 secs using 791% CPU
Optimizing NNI: done in 25.8591 secs using 789.4% CPU
Optimizing NNI: done in 35.9702 secs using 789.6% CPU
Optimizing NNI: done in 19.8101 secs using 788.5% CPU
Optimizing NNI: done in 21.804 secs using 789.3% CPU
Optimizing NNI: done in 24.8919 secs using 790.3% CPU
Optimizing NNI: done in 20.0472 secs using 790.2% CPU
Optimizing NNI: done in 17.9758 secs using 790.4% CPU
Optimizing NNI: done in 21.8333 secs using 789.6% CPU
Optimizing NNI: done in 31.3844 secs using 791% CPU
Estimate model parameters (epsilon = 0.100)
BETTER TREE FOUND at iteration 140: -59887.029
Iteration 140 / LogL: -59887.029 / Time: 3h:54m:48s (0h:48m:5s left)
Optimizing NNI: done in 23.6155 secs using 790.2% CPU
Optimizing NNI: done in 22.1242 secs using 789.2% CPU
Optimizing NNI: done in 28.3262 secs using 789.4% CPU
Optimizing NNI: done in 30.5307 secs using 790.3% CPU
Optimizing NNI: done in 28.2492 secs using 791.5% CPU
Optimizing NNI: done in 31.2167 secs using 791.3% CPU
Optimizing NNI: done in 26.3948 secs using 789.5% CPU
Optimizing NNI: done in 21.373 secs using 792.3% CPU
Optimizing NNI: done in 23.4077 secs using 790.4% CPU
Optimizing NNI: done in 22.9305 secs using 789.6% CPU
Iteration 150 / LogL: -59980.677 / Time: 3h:59m:8s (0h:43m:0s left)
Log-likelihood cutoff on original alignment: -60162.750
Optimizing NNI: done in 22.6332 secs using 790.9% CPU
Optimizing NNI: done in 24.6407 secs using 790.5% CPU
Optimizing NNI: done in 21.968 secs using 790.8% CPU
Optimizing NNI: done in 23.0949 secs using 791.2% CPU
Optimizing NNI: done in 22.4224 secs using 789.4% CPU
Optimizing NNI: done in 24.7732 secs using 789.6% CPU
Optimizing NNI: done in 31.9025 secs using 791.3% CPU
Optimizing NNI: done in 25.6654 secs using 789.2% CPU
Optimizing NNI: done in 27.3083 secs using 789.6% CPU
Optimizing NNI: done in 27.5598 secs using 789.4% CPU
Iteration 160 / LogL: -59940.112 / Time: 4h:3m:27s (0h:37m:59s left)
Optimizing NNI: done in 21.4276 secs using 790% CPU
Optimizing NNI: done in 25.7499 secs using 790.2% CPU
Optimizing NNI: done in 23.4818 secs using 790.6% CPU
Optimizing NNI: done in 27.2324 secs using 789% CPU
Optimizing NNI: done in 28.2183 secs using 789% CPU
Optimizing NNI: done in 30.1132 secs using 788.8% CPU
Optimizing NNI: done in 24.4622 secs using 789.5% CPU
Optimizing NNI: done in 24.8752 secs using 789.6% CPU
Optimizing NNI: done in 20.8938 secs using 790.1% CPU
Optimizing NNI: done in 17.0332 secs using 790.5% CPU
Estimate model parameters (epsilon = 0.100)
BETTER TREE FOUND at iteration 170: -59885.562
Iteration 170 / LogL: -59885.562 / Time: 4h:7m:45s (0h:47m:13s left)
Optimizing NNI: done in 28.2578 secs using 789.8% CPU
Optimizing NNI: done in 25.8284 secs using 789.1% CPU
Optimizing NNI: done in 33.2186 secs using 789.7% CPU
Optimizing NNI: done in 23.5513 secs using 790.3% CPU
Optimizing NNI: done in 20.9471 secs using 789% CPU
Optimizing NNI: done in 25.4018 secs using 789.3% CPU
Optimizing NNI: done in 25.9098 secs using 790.7% CPU
Optimizing NNI: done in 28.365 secs using 789.6% CPU
Optimizing NNI: done in 25.1957 secs using 790.1% CPU
Estimate model parameters (epsilon = 0.100)
BETTER TREE FOUND at iteration 179: -59881.834
Optimizing NNI: done in 25.3043 secs using 790.2% CPU
Iteration 180 / LogL: -59915.266 / Time: 4h:12m:15s (0h:46m:37s left)
Optimizing NNI: done in 20.7228 secs using 789.2% CPU
Optimizing NNI: done in 21.5857 secs using 789.1% CPU
Optimizing NNI: done in 23.9973 secs using 789.8% CPU
Optimizing NNI: done in 28.8225 secs using 791.2% CPU
Optimizing NNI: done in 24.3006 secs using 789.6% CPU
Optimizing NNI: done in 24.5381 secs using 789.1% CPU
Optimizing NNI: done in 26.5794 secs using 791.2% CPU
Optimizing NNI: done in 26.8573 secs using 789.9% CPU
Optimizing NNI: done in 23.5569 secs using 788.7% CPU
Optimizing NNI: done in 24.5017 secs using 788.6% CPU
Iteration 190 / LogL: -59932.216 / Time: 4h:16m:24s (0h:41m:39s left)
Optimizing NNI: done in 18.713 secs using 789% CPU
Optimizing NNI: done in 19.0089 secs using 788.7% CPU
Optimizing NNI: done in 22.4216 secs using 789.6% CPU
Optimizing NNI: done in 25.3046 secs using 790.5% CPU
Optimizing NNI: done in 24.645 secs using 790.1% CPU
Optimizing NNI: done in 21.5375 secs using 789.7% CPU
Optimizing NNI: done in 36.7905 secs using 790.4% CPU
Optimizing NNI: done in 21.7234 secs using 790.1% CPU
Optimizing NNI: done in 23.6336 secs using 789.8% CPU
Optimizing NNI: done in 25.5481 secs using 791.1% CPU
Iteration 200 / LogL: -59889.711 / Time: 4h:20m:26s (0h:36m:42s left)
Log-likelihood cutoff on original alignment: -60022.908
NOTE: Bootstrap correlation coefficient of split occurrence frequencies: 0.922
NOTE: UFBoot does not converge, continue at least 100 more iterations
Optimizing NNI: done in 27.5389 secs using 791.1% CPU
Optimizing NNI: done in 24.625 secs using 790.3% CPU
Optimizing NNI: done in 27.8877 secs using 790.7% CPU
Optimizing NNI: done in 24.3162 secs using 789.7% CPU
Optimizing NNI: done in 23.2073 secs using 789.4% CPU
Optimizing NNI: done in 19.315 secs using 789% CPU
Optimizing NNI: done in 25.1867 secs using 791% CPU
Optimizing NNI: done in 25.326 secs using 789.5% CPU
Optimizing NNI: done in 20.4387 secs using 789% CPU
Optimizing NNI: done in 26.9613 secs using 789.8% CPU
Iteration 210 / LogL: -59916.846 / Time: 4h:24m:37s (0h:41m:37s left)
Optimizing NNI: done in 26.5127 secs using 789.5% CPU
Optimizing NNI: done in 24.9802 secs using 790.6% CPU
Optimizing NNI: done in 19.7879 secs using 789.4% CPU
Optimizing NNI: done in 26.5114 secs using 789.2% CPU
Optimizing NNI: done in 26.0606 secs using 790.5% CPU
Optimizing NNI: done in 24.7274 secs using 790% CPU
Optimizing NNI: done in 25.0262 secs using 789.3% CPU
Optimizing NNI: done in 23.7837 secs using 789.9% CPU
Optimizing NNI: done in 22.2893 secs using 789.3% CPU
Optimizing NNI: done in 19.0885 secs using 790.6% CPU
Iteration 220 / LogL: -59897.173 / Time: 4h:28m:39s (0h:36m:47s left)
Optimizing NNI: done in 21.4235 secs using 791.3% CPU
Optimizing NNI: done in 21.4247 secs using 789.4% CPU
Optimizing NNI: done in 21.604 secs using 788.9% CPU
Optimizing NNI: done in 23.3403 secs using 788.8% CPU
Optimizing NNI: done in 29.8351 secs using 789.4% CPU
Optimizing NNI: done in 23.2399 secs using 790% CPU
Optimizing NNI: done in 16.1679 secs using 790.5% CPU
Optimizing NNI: done in 28.8374 secs using 790.9% CPU
Optimizing NNI: done in 24.2677 secs using 789.4% CPU
Optimizing NNI: done in 26.2297 secs using 789.1% CPU
Iteration 230 / LogL: -59890.101 / Time: 4h:32m:38s (0h:32m:0s left)
Optimizing NNI: done in 24.1643 secs using 790.8% CPU
Optimizing NNI: done in 19.1038 secs using 790.4% CPU
Optimizing NNI: done in 21.8491 secs using 790.4% CPU
Optimizing NNI: done in 26.2943 secs using 789.9% CPU
Optimizing NNI: done in 25.2345 secs using 789.8% CPU
Optimizing NNI: done in 27.6328 secs using 790.3% CPU
Optimizing NNI: done in 23.9911 secs using 789.4% CPU
Optimizing NNI: done in 23.2417 secs using 789.2% CPU
Optimizing NNI: done in 21.6716 secs using 788.8% CPU
Optimizing NNI: done in 20.1733 secs using 788.7% CPU
Iteration 240 / LogL: -59919.844 / Time: 4h:36m:34s (0h:27m:16s left)
Optimizing NNI: done in 20.5035 secs using 789.4% CPU
Optimizing NNI: done in 21.1547 secs using 789.9% CPU
Optimizing NNI: done in 23.2419 secs using 789.9% CPU
Optimizing NNI: done in 22.6665 secs using 788.9% CPU
Optimizing NNI: done in 22.6947 secs using 789.5% CPU
Optimizing NNI: done in 27.8354 secs using 789% CPU
Optimizing NNI: done in 22.3015 secs using 789.8% CPU
Optimizing NNI: done in 22.8992 secs using 790.4% CPU
Optimizing NNI: done in 20.5329 secs using 790.6% CPU
Optimizing NNI: done in 24.5263 secs using 789.8% CPU
Iteration 250 / LogL: -59942.415 / Time: 4h:40m:26s (0h:22m:35s left)
Log-likelihood cutoff on original alignment: -60008.509
Optimizing NNI: done in 25.5947 secs using 790.9% CPU
Optimizing NNI: done in 23.7399 secs using 790.1% CPU
Optimizing NNI: done in 34.0806 secs using 790.3% CPU
Optimizing NNI: done in 26.5146 secs using 790% CPU
Estimate model parameters (epsilon = 0.100)
BETTER TREE FOUND at iteration 254: -59877.022
Optimizing NNI: done in 25.6816 secs using 788.4% CPU
Optimizing NNI: done in 21.7679 secs using 788.8% CPU
Optimizing NNI: done in 24.0147 secs using 789.6% CPU
Optimizing NNI: done in 22.3678 secs using 790.7% CPU
Optimizing NNI: done in 19.4435 secs using 788.4% CPU
Optimizing NNI: done in 23.1562 secs using 788.2% CPU
Iteration 260 / LogL: -59930.831 / Time: 4h:44m:45s (0h:42m:23s left)
Optimizing NNI: done in 25.8121 secs using 787.1% CPU
Optimizing NNI: done in 27.4857 secs using 788.9% CPU
Optimizing NNI: done in 25.8813 secs using 786.6% CPU
Optimizing NNI: done in 26.3084 secs using 787.4% CPU
Optimizing NNI: done in 23.5121 secs using 787.8% CPU
Optimizing NNI: done in 28.355 secs using 788.8% CPU
Optimizing NNI: done in 26.487 secs using 789.6% CPU
Optimizing NNI: done in 25.0236 secs using 788.7% CPU
Optimizing NNI: done in 29.1872 secs using 789.7% CPU
Optimizing NNI: done in 27.3049 secs using 787% CPU
Iteration 270 / LogL: -59957.671 / Time: 4h:49m:13s (0h:37m:52s left)
Optimizing NNI: done in 21.29 secs using 787.9% CPU
Optimizing NNI: done in 24.8004 secs using 787.8% CPU
Optimizing NNI: done in 25.4925 secs using 788.4% CPU
Optimizing NNI: done in 18.124 secs using 786% CPU
Optimizing NNI: done in 22.4532 secs using 786.3% CPU
Optimizing NNI: done in 24.3092 secs using 788.5% CPU
Optimizing NNI: done in 22.1271 secs using 788.7% CPU
Optimizing NNI: done in 24.1143 secs using 789.1% CPU
Optimizing NNI: done in 27.9872 secs using 788.1% CPU
Optimizing NNI: done in 23.753 secs using 788% CPU
Iteration 280 / LogL: -59897.627 / Time: 4h:53m:11s (0h:33m:13s left)
Optimizing NNI: done in 27.0513 secs using 788.2% CPU
Optimizing NNI: done in 29.9909 secs using 788.9% CPU
Optimizing NNI: done in 20.7443 secs using 788.2% CPU
Optimizing NNI: done in 23.1466 secs using 788.9% CPU
Optimizing NNI: done in 20.5623 secs using 788.4% CPU
Optimizing NNI: done in 23.3786 secs using 789.7% CPU
Optimizing NNI: done in 28.9487 secs using 788.6% CPU
Optimizing NNI: done in 27.149 secs using 788.3% CPU
Optimizing NNI: done in 25.4119 secs using 789.2% CPU
Optimizing NNI: done in 22.0635 secs using 788% CPU
Iteration 290 / LogL: -59900.550 / Time: 4h:57m:23s (0h:28m:39s left)
Optimizing NNI: done in 22.5592 secs using 787.8% CPU
Optimizing NNI: done in 23.9999 secs using 787.5% CPU
Optimizing NNI: done in 21.6377 secs using 787.6% CPU
Optimizing NNI: done in 16.2122 secs using 786.9% CPU
Optimizing NNI: done in 25.4635 secs using 788% CPU
Optimizing NNI: done in 23.7423 secs using 788.2% CPU
Optimizing NNI: done in 24.823 secs using 787.9% CPU
Optimizing NNI: done in 25.5221 secs using 789.2% CPU
Optimizing NNI: done in 30.4811 secs using 788.5% CPU
Estimate model parameters (epsilon = 0.100)
BETTER TREE FOUND at iteration 299: -59875.984
Optimizing NNI: done in 22.7384 secs using 789.2% CPU
Iteration 300 / LogL: -59898.630 / Time: 5h:1m:31s (0h:44m:13s left)
Log-likelihood cutoff on original alignment: -60008.509
NOTE: Bootstrap correlation coefficient of split occurrence frequencies: 0.971
NOTE: UFBoot does not converge, continue at least 100 more iterations
Optimizing NNI: done in 24.629 secs using 788.4% CPU
Optimizing NNI: done in 24.514 secs using 788.6% CPU
Optimizing NNI: done in 28.3038 secs using 789.7% CPU
Optimizing NNI: done in 27.2313 secs using 788% CPU
Optimizing NNI: done in 26.7456 secs using 789.2% CPU
Optimizing NNI: done in 26.854 secs using 790.1% CPU
Optimizing NNI: done in 22.2057 secs using 788.6% CPU
Optimizing NNI: done in 20.9816 secs using 787% CPU
Optimizing NNI: done in 30.6983 secs using 789.8% CPU
Optimizing NNI: done in 23.7675 secs using 788.6% CPU
Iteration 310 / LogL: -59930.225 / Time: 5h:5m:55s (0h:40m:11s left)
Optimizing NNI: done in 25.9904 secs using 789.2% CPU
Optimizing NNI: done in 24.5379 secs using 787.4% CPU
Optimizing NNI: done in 28.0811 secs using 789.5% CPU
Optimizing NNI: done in 25.6507 secs using 790.2% CPU
Optimizing NNI: done in 21.4821 secs using 788.1% CPU
Optimizing NNI: done in 22.2703 secs using 787.3% CPU
Optimizing NNI: done in 33.7104 secs using 788.6% CPU
Optimizing NNI: done in 24.6275 secs using 788.1% CPU
Optimizing NNI: done in 24.0922 secs using 789.9% CPU
Estimate model parameters (epsilon = 0.100)
BETTER TREE FOUND at iteration 319: -59863.764
Optimizing NNI: done in 28.756 secs using 788.6% CPU
Iteration 320 / LogL: -59899.862 / Time: 5h:10m:23s (0h:44m:12s left)
Optimizing NNI: done in 20.5608 secs using 787.2% CPU
Optimizing NNI: done in 25.253 secs using 787.7% CPU
Optimizing NNI: done in 26.6123 secs using 787.8% CPU
Optimizing NNI: done in 20.9806 secs using 787.4% CPU
Optimizing NNI: done in 25.1181 secs using 787.5% CPU
Optimizing NNI: done in 17.2467 secs using 787.3% CPU
Optimizing NNI: done in 20.3666 secs using 788.9% CPU
Optimizing NNI: done in 24.2469 secs using 790.2% CPU
Optimizing NNI: done in 21.41 secs using 787.6% CPU
Optimizing NNI: done in 18.2744 secs using 786.5% CPU
Iteration 330 / LogL: -59897.232 / Time: 5h:14m:7s (0h:39m:32s left)
Optimizing NNI: done in 25.3419 secs using 787.5% CPU
Optimizing NNI: done in 18.7758 secs using 787% CPU
Optimizing NNI: done in 22.6583 secs using 788.7% CPU
Optimizing NNI: done in 18.872 secs using 787.7% CPU
Optimizing NNI: done in 18.4956 secs using 788.3% CPU
Optimizing NNI: done in 21.135 secs using 789.9% CPU
Optimizing NNI: done in 20.1097 secs using 789.8% CPU
Optimizing NNI: done in 22.9446 secs using 788.4% CPU
Optimizing NNI: done in 19.9953 secs using 788% CPU
Optimizing NNI: done in 21.2079 secs using 790% CPU
Iteration 340 / LogL: -59920.899 / Time: 5h:17m:40s (0h:34m:53s left)
Optimizing NNI: done in 22.3712 secs using 789.6% CPU
Optimizing NNI: done in 18.984 secs using 790.4% CPU
Optimizing NNI: done in 20.7426 secs using 789.7% CPU
Optimizing NNI: done in 20.4207 secs using 789.3% CPU
Optimizing NNI: done in 24.5612 secs using 790.3% CPU
Optimizing NNI: done in 26.287 secs using 789.6% CPU
Optimizing NNI: done in 26.9017 secs using 790.6% CPU
Optimizing NNI: done in 37.9057 secs using 790.8% CPU
Optimizing NNI: done in 24.0271 secs using 790.4% CPU
Optimizing NNI: done in 14.5086 secs using 789.3% CPU
Iteration 350 / LogL: -59993.346 / Time: 5h:21m:40s (0h:30m:23s left)
Log-likelihood cutoff on original alignment: -59985.547
Optimizing NNI: done in 19.4047 secs using 789.6% CPU
Optimizing NNI: done in 26.3572 secs using 789.3% CPU
Optimizing NNI: done in 24.2202 secs using 789.4% CPU
Optimizing NNI: done in 21.4809 secs using 789.7% CPU
Optimizing NNI: done in 23.7248 secs using 789% CPU
Optimizing NNI: done in 24.8845 secs using 788.7% CPU
Optimizing NNI: done in 22.0272 secs using 788.7% CPU
Optimizing NNI: done in 26.9604 secs using 789.3% CPU
Optimizing NNI: done in 25.5123 secs using 789.7% CPU
Optimizing NNI: done in 25.6383 secs using 790.1% CPU
Iteration 360 / LogL: -59928.165 / Time: 5h:25m:48s (0h:25m:56s left)
Optimizing NNI: done in 29.2271 secs using 790.6% CPU
Optimizing NNI: done in 21.8897 secs using 789.8% CPU
Optimizing NNI: done in 20.7472 secs using 788.5% CPU
Optimizing NNI: done in 25.1671 secs using 790.3% CPU
Optimizing NNI: done in 21.6985 secs using 789.9% CPU
Optimizing NNI: done in 22.108 secs using 786.4% CPU
Optimizing NNI: done in 22.3085 secs using 786.3% CPU
Optimizing NNI: done in 25.4372 secs using 787.6% CPU
Optimizing NNI: done in 24.4435 secs using 789.6% CPU
Optimizing NNI: done in 24.4506 secs using 789.7% CPU
Iteration 370 / LogL: -59877.571 / Time: 5h:29m:49s (0h:21m:29s left)
Optimizing NNI: done in 21.6636 secs using 789.5% CPU
Optimizing NNI: done in 24.6402 secs using 789.5% CPU
Optimizing NNI: done in 23.2395 secs using 786.4% CPU
Optimizing NNI: done in 24.648 secs using 787.1% CPU
Optimizing NNI: done in 22.8051 secs using 789.2% CPU
Estimate model parameters (epsilon = 0.100)
BETTER TREE FOUND at iteration 375: -59859.000
Optimizing NNI: done in 22.8121 secs using 788.2% CPU
Optimizing NNI: done in 23.3193 secs using 788.2% CPU
Optimizing NNI: done in 32.8222 secs using 788.6% CPU
Optimizing NNI: done in 27.0713 secs using 791% CPU
Optimizing NNI: done in 22.2603 secs using 788% CPU
Iteration 380 / LogL: -59865.325 / Time: 5h:34m:4s (0h:41m:38s left)
Optimizing NNI: done in 20.0827 secs using 787.1% CPU
Optimizing NNI: done in 24.8241 secs using 787.4% CPU
Optimizing NNI: done in 20.5171 secs using 790% CPU
Optimizing NNI: done in 29.9826 secs using 790.2% CPU
Optimizing NNI: done in 22.797 secs using 787.2% CPU
Optimizing NNI: done in 21.2506 secs using 787.1% CPU
Optimizing NNI: done in 23.7247 secs using 786.9% CPU
Optimizing NNI: done in 18.2722 secs using 786.6% CPU
Optimizing NNI: done in 22.8789 secs using 789.4% CPU
Optimizing NNI: done in 23.5693 secs using 790.5% CPU
Iteration 390 / LogL: -59942.719 / Time: 5h:37m:55s (0h:37m:8s left)
Optimizing NNI: done in 20.5625 secs using 789.3% CPU
Optimizing NNI: done in 28.2998 secs using 790.5% CPU
Optimizing NNI: done in 26.1327 secs using 788.9% CPU
Optimizing NNI: done in 25.7398 secs using 787.9% CPU
Optimizing NNI: done in 28.547 secs using 788.6% CPU
Optimizing NNI: done in 28.8808 secs using 790% CPU
Optimizing NNI: done in 27.3234 secs using 789.6% CPU
Optimizing NNI: done in 22.4467 secs using 787.5% CPU
Optimizing NNI: done in 25.3714 secs using 790.1% CPU
Optimizing NNI: done in 26.1696 secs using 790.1% CPU
Iteration 400 / LogL: -59896.485 / Time: 5h:42m:19s (0h:32m:46s left)
Log-likelihood cutoff on original alignment: -59985.547
NOTE: Bootstrap correlation coefficient of split occurrence frequencies: 0.978
NOTE: UFBoot does not converge, continue at least 100 more iterations
Optimizing NNI: done in 22.7798 secs using 788% CPU
Optimizing NNI: done in 25.2402 secs using 787.5% CPU
Optimizing NNI: done in 28.6081 secs using 786.3% CPU
Optimizing NNI: done in 29.0909 secs using 788.3% CPU
Optimizing NNI: done in 22.4665 secs using 788.5% CPU
Optimizing NNI: done in 21.9861 secs using 787.6% CPU
Optimizing NNI: done in 22.3807 secs using 787.6% CPU
Optimizing NNI: done in 26.8052 secs using 789.5% CPU
Optimizing NNI: done in 22.6495 secs using 787.6% CPU
Optimizing NNI: done in 15.8931 secs using 789.4% CPU
Iteration 410 / LogL: -59884.642 / Time: 5h:46m:25s (0h:39m:16s left)
Optimizing NNI: done in 24.5468 secs using 789.5% CPU
Optimizing NNI: done in 19.1346 secs using 789.5% CPU
Optimizing NNI: done in 22.033 secs using 789% CPU
Optimizing NNI: done in 21.7207 secs using 788.4% CPU
Optimizing NNI: done in 28.468 secs using 788.5% CPU
Optimizing NNI: done in 25.9554 secs using 788.9% CPU
Optimizing NNI: done in 25.0225 secs using 788.2% CPU
Optimizing NNI: done in 22.3338 secs using 789.8% CPU
Optimizing NNI: done in 23.3772 secs using 790.1% CPU
Optimizing NNI: done in 30.4488 secs using 789.1% CPU
Iteration 420 / LogL: -59902.510 / Time: 5h:50m:32s (0h:34m:51s left)
Optimizing NNI: done in 22.4289 secs using 788.4% CPU
Optimizing NNI: done in 23.8082 secs using 789.3% CPU
Optimizing NNI: done in 25.4031 secs using 789.9% CPU
Optimizing NNI: done in 23.4963 secs using 789% CPU
Optimizing NNI: done in 19.9881 secs using 789.3% CPU
Optimizing NNI: done in 32.3223 secs using 789.9% CPU
Optimizing NNI: done in 27.0742 secs using 788.9% CPU
Optimizing NNI: done in 23.2489 secs using 789.1% CPU
Optimizing NNI: done in 22.256 secs using 789.9% CPU
Optimizing NNI: done in 20.3268 secs using 787.6% CPU
Iteration 430 / LogL: -59874.919 / Time: 5h:54m:37s (0h:30m:27s left)
Optimizing NNI: done in 29.6398 secs using 789.5% CPU
Optimizing NNI: done in 23.5663 secs using 790.3% CPU
Optimizing NNI: done in 25.8711 secs using 789.6% CPU
Optimizing NNI: done in 24.0508 secs using 789.3% CPU
Optimizing NNI: done in 26.3743 secs using 790.5% CPU
Optimizing NNI: done in 24.7392 secs using 789% CPU
Optimizing NNI: done in 21.1991 secs using 788.7% CPU
Optimizing NNI: done in 29.008 secs using 790.7% CPU
Optimizing NNI: done in 31.1579 secs using 789.6% CPU
Optimizing NNI: done in 24.8219 secs using 788.5% CPU
Iteration 440 / LogL: -59878.346 / Time: 5h:59m:2s (0h:26m:6s left)
Optimizing NNI: done in 22.8057 secs using 789.1% CPU
Optimizing NNI: done in 17.6471 secs using 790.1% CPU
Optimizing NNI: done in 22.7742 secs using 788.7% CPU
Optimizing NNI: done in 21.8922 secs using 789.8% CPU
Optimizing NNI: done in 21.407 secs using 789.8% CPU
Optimizing NNI: done in 22.6826 secs using 788.5% CPU
Optimizing NNI: done in 26.7878 secs using 787.3% CPU
Optimizing NNI: done in 20.3777 secs using 788.8% CPU
Optimizing NNI: done in 25.6407 secs using 790% CPU
Optimizing NNI: done in 22.1899 secs using 789.2% CPU
Iteration 450 / LogL: -59901.488 / Time: 6h:2m:50s (0h:21m:42s left)
Log-likelihood cutoff on original alignment: -59970.204
Optimizing NNI: done in 22.3363 secs using 789.3% CPU
Optimizing NNI: done in 19.5336 secs using 788.9% CPU
Optimizing NNI: done in 19.5591 secs using 789.2% CPU
Optimizing NNI: done in 26.7334 secs using 789.1% CPU
Optimizing NNI: done in 21.3065 secs using 789.6% CPU
Optimizing NNI: done in 30.9111 secs using 789.1% CPU
Optimizing NNI: done in 21.9019 secs using 788% CPU
Optimizing NNI: done in 25.6786 secs using 788.2% CPU
Optimizing NNI: done in 21.2688 secs using 787.7% CPU
Optimizing NNI: done in 26.5477 secs using 790.5% CPU
Iteration 460 / LogL: -59871.683 / Time: 6h:6m:54s (0h:17m:20s left)
Optimizing NNI: done in 26.8386 secs using 789.9% CPU
Optimizing NNI: done in 21.6778 secs using 790% CPU
Optimizing NNI: done in 16.747 secs using 789% CPU
Optimizing NNI: done in 24.5857 secs using 787.4% CPU
Optimizing NNI: done in 20.257 secs using 789.1% CPU
Optimizing NNI: done in 20.0955 secs using 789.3% CPU
Optimizing NNI: done in 15.5803 secs using 788.4% CPU
Optimizing NNI: done in 24.1528 secs using 789.3% CPU
Optimizing NNI: done in 24.7099 secs using 789.8% CPU
Optimizing NNI: done in 29.3038 secs using 790% CPU
Iteration 470 / LogL: -59883.178 / Time: 6h:10m:43s (0h:12m:58s left)
Optimizing NNI: done in 24.8583 secs using 790.2% CPU
Optimizing NNI: done in 19.9152 secs using 789.6% CPU
Optimizing NNI: done in 20.994 secs using 788.5% CPU
Optimizing NNI: done in 22.696 secs using 789.4% CPU
Optimizing NNI: done in 21.6017 secs using 789.6% CPU
Optimizing NNI: done in 24.8985 secs using 790.1% CPU
Optimizing NNI: done in 24.8268 secs using 789.9% CPU
Optimizing NNI: done in 28.5239 secs using 789.6% CPU
Optimizing NNI: done in 18.9049 secs using 787.5% CPU
Optimizing NNI: done in 28.5541 secs using 788.8% CPU
Iteration 480 / LogL: -59923.306 / Time: 6h:14m:43s (0h:8m:38s left)
Optimizing NNI: done in 20.8753 secs using 789.3% CPU
Optimizing NNI: done in 20.1418 secs using 789.5% CPU
Optimizing NNI: done in 24.9318 secs using 790.2% CPU
Optimizing NNI: done in 19.6816 secs using 789.2% CPU
Optimizing NNI: done in 20.5229 secs using 789.1% CPU
Optimizing NNI: done in 20.4837 secs using 789% CPU
Optimizing NNI: done in 24.7994 secs using 789.2% CPU
Optimizing NNI: done in 23.8325 secs using 789.5% CPU
Optimizing NNI: done in 30.6263 secs using 788.5% CPU
Optimizing NNI: done in 20.1183 secs using 787.1% CPU
Iteration 490 / LogL: -59911.566 / Time: 6h:18m:34s (0h:4m:18s left)
Optimizing NNI: done in 25.5599 secs using 788.6% CPU
Optimizing NNI: done in 20.2191 secs using 787.8% CPU
Optimizing NNI: done in 27.9821 secs using 788.5% CPU
Optimizing NNI: done in 20.7154 secs using 787.7% CPU
Optimizing NNI: done in 25.4294 secs using 787.5% CPU
Optimizing NNI: done in 20.3544 secs using 787.7% CPU
Optimizing NNI: done in 16.4874 secs using 786.9% CPU
Optimizing NNI: done in 20.9097 secs using 788.5% CPU
Optimizing NNI: done in 22.3881 secs using 787.5% CPU
Optimizing NNI: done in 20.9136 secs using 787.6% CPU
Iteration 500 / LogL: -59930.230 / Time: 6h:22m:19s (0h:0m:0s left)
Log-likelihood cutoff on original alignment: -59966.433
NOTE: Bootstrap correlation coefficient of split occurrence frequencies: 0.970
NOTE: UFBoot does not converge, continue at least 100 more iterations
Optimizing NNI: done in 22.6609 secs using 788.7% CPU
Optimizing NNI: done in 24.1594 secs using 788.3% CPU
Optimizing NNI: done in 26.3878 secs using 787.7% CPU
Optimizing NNI: done in 19.4599 secs using 788% CPU
Optimizing NNI: done in 24.3303 secs using 788.2% CPU
Optimizing NNI: done in 18.4908 secs using 787% CPU
Optimizing NNI: done in 21.18 secs using 789.3% CPU
Optimizing NNI: done in 20.3998 secs using 789.6% CPU
Optimizing NNI: done in 21.924 secs using 789.8% CPU
Optimizing NNI: done in 21.0721 secs using 788.6% CPU
Iteration 510 / LogL: -59893.885 / Time: 6h:26m:8s (0h:38m:34s left)
Optimizing NNI: done in 22.2127 secs using 788.9% CPU
Optimizing NNI: done in 26.6363 secs using 788.9% CPU
Optimizing NNI: done in 22.7124 secs using 787.6% CPU
Optimizing NNI: done in 30.8308 secs using 789.4% CPU
Optimizing NNI: done in 21.4869 secs using 788.5% CPU
Optimizing NNI: done in 27.6801 secs using 788.1% CPU
Optimizing NNI: done in 20.0665 secs using 788.9% CPU
Optimizing NNI: done in 23.9595 secs using 790.7% CPU
Estimate model parameters (epsilon = 0.100)
BETTER TREE FOUND at iteration 518: -59857.482
Optimizing NNI: done in 23.7818 secs using 788.4% CPU
Optimizing NNI: done in 24.6172 secs using 790.5% CPU
Iteration 520 / LogL: -59876.903 / Time: 6h:30m:26s (0h:42m:0s left)
Optimizing NNI: done in 26.4863 secs using 789.5% CPU
Optimizing NNI: done in 26.5053 secs using 789.7% CPU
Optimizing NNI: done in 21.4337 secs using 789.2% CPU
Optimizing NNI: done in 24.9614 secs using 789.8% CPU
Optimizing NNI: done in 21.0175 secs using 788.3% CPU
Optimizing NNI: done in 25.2501 secs using 787.7% CPU
Optimizing NNI: done in 22.0764 secs using 788.7% CPU
Optimizing NNI: done in 21.7738 secs using 789.2% CPU
Optimizing NNI: done in 23.9572 secs using 789.5% CPU
Optimizing NNI: done in 23.217 secs using 789.4% CPU
Iteration 530 / LogL: -59876.433 / Time: 6h:34m:27s (0h:37m:40s left)
Optimizing NNI: done in 16.5781 secs using 787.9% CPU
Optimizing NNI: done in 23.2484 secs using 787.8% CPU
Optimizing NNI: done in 27.0634 secs using 789% CPU
Optimizing NNI: done in 24.5112 secs using 790% CPU
Optimizing NNI: done in 23.1159 secs using 790% CPU
Optimizing NNI: done in 21.901 secs using 789.4% CPU
Optimizing NNI: done in 18.0046 secs using 787.2% CPU
Optimizing NNI: done in 17.5752 secs using 787.3% CPU
Optimizing NNI: done in 17.2275 secs using 787.3% CPU
Optimizing NNI: done in 27.417 secs using 789.8% CPU
Iteration 540 / LogL: -59878.682 / Time: 6h:38m:9s (0h:33m:18s left)
Optimizing NNI: done in 23.1204 secs using 789.2% CPU
Optimizing NNI: done in 17.7968 secs using 786.8% CPU
Optimizing NNI: done in 19.0787 secs using 788.2% CPU
Optimizing NNI: done in 26.8617 secs using 790.9% CPU
Optimizing NNI: done in 23.1843 secs using 788.6% CPU
Optimizing NNI: done in 21.5993 secs using 789.3% CPU
Optimizing NNI: done in 25.8663 secs using 790.3% CPU
Optimizing NNI: done in 20.4466 secs using 788.6% CPU
Optimizing NNI: done in 23.1195 secs using 788% CPU
Optimizing NNI: done in 18.4018 secs using 788.4% CPU
Iteration 550 / LogL: -59880.791 / Time: 6h:41m:53s (0h:28m:58s left)
Log-likelihood cutoff on original alignment: -59966.433
Optimizing NNI: done in 23.7916 secs using 788.6% CPU
Optimizing NNI: done in 24.495 secs using 788.9% CPU
Optimizing NNI: done in 22.5651 secs using 788.3% CPU
Optimizing NNI: done in 20.8205 secs using 787.7% CPU
Optimizing NNI: done in 23.4514 secs using 790% CPU
Optimizing NNI: done in 27.0631 secs using 789.7% CPU
Optimizing NNI: done in 21.8003 secs using 787.7% CPU
Optimizing NNI: done in 21.4051 secs using 786.5% CPU
Optimizing NNI: done in 20.9357 secs using 787.4% CPU
Optimizing NNI: done in 20.7764 secs using 789.4% CPU
Iteration 560 / LogL: -59902.773 / Time: 6h:45m:49s (0h:24m:40s left)
Optimizing NNI: done in 25.0007 secs using 789.2% CPU
Optimizing NNI: done in 33.8077 secs using 787.5% CPU
Optimizing NNI: done in 20.2973 secs using 786.6% CPU
Optimizing NNI: done in 19.0608 secs using 786.9% CPU
Optimizing NNI: done in 24.7062 secs using 790.8% CPU
Optimizing NNI: done in 21.4863 secs using 790.2% CPU
Optimizing NNI: done in 23.0659 secs using 789.7% CPU
Optimizing NNI: done in 23.2287 secs using 788.3% CPU
Optimizing NNI: done in 22.8636 secs using 789.2% CPU
Optimizing NNI: done in 24.2195 secs using 787.4% CPU
Iteration 570 / LogL: -59867.672 / Time: 6h:49m:52s (0h:20m:24s left)
Optimizing NNI: done in 26.7533 secs using 788.8% CPU
Optimizing NNI: done in 39.6582 secs using 790.5% CPU
Optimizing NNI: done in 20.6549 secs using 787.2% CPU
Optimizing NNI: done in 20.5836 secs using 789.8% CPU
Optimizing NNI: done in 25.2433 secs using 787.7% CPU
Optimizing NNI: done in 20.1663 secs using 786.8% CPU
Optimizing NNI: done in 21.7254 secs using 787.2% CPU
Optimizing NNI: done in 24.951 secs using 789.5% CPU
Optimizing NNI: done in 19.1807 secs using 789.5% CPU
Optimizing NNI: done in 21.3981 secs using 788.8% CPU
Iteration 580 / LogL: -59892.634 / Time: 6h:53m:58s (0h:16m:8s left)
Optimizing NNI: done in 21.9551 secs using 789.1% CPU
Optimizing NNI: done in 24.9999 secs using 789.9% CPU
Optimizing NNI: done in 23.9368 secs using 790.2% CPU
Optimizing NNI: done in 22.122 secs using 790.1% CPU
Optimizing NNI: done in 25.1527 secs using 789% CPU
Optimizing NNI: done in 19.2548 secs using 788.8% CPU
Optimizing NNI: done in 20.0939 secs using 790.2% CPU
Optimizing NNI: done in 24.6912 secs using 790.1% CPU
Optimizing NNI: done in 26.6005 secs using 791.1% CPU
Optimizing NNI: done in 25.6154 secs using 790.1% CPU
Iteration 590 / LogL: -59891.734 / Time: 6h:57m:57s (0h:11m:53s left)
Optimizing NNI: done in 23.2211 secs using 790.4% CPU
Optimizing NNI: done in 24.559 secs using 790.1% CPU
Optimizing NNI: done in 22.935 secs using 790.5% CPU
Optimizing NNI: done in 23.7682 secs using 789.9% CPU
Optimizing NNI: done in 17.7676 secs using 788.2% CPU
Optimizing NNI: done in 25.4866 secs using 790.7% CPU
Optimizing NNI: done in 22.6468 secs using 789.3% CPU
Optimizing NNI: done in 17.0976 secs using 789.1% CPU
Optimizing NNI: done in 27.1406 secs using 790.2% CPU
Optimizing NNI: done in 18.8006 secs using 788.8% CPU
Iteration 600 / LogL: -59892.452 / Time: 7h:1m:46s (0h:7m:37s left)
Log-likelihood cutoff on original alignment: -59966.433
NOTE: Bootstrap correlation coefficient of split occurrence frequencies: 0.972
NOTE: UFBoot does not converge, continue at least 100 more iterations
Optimizing NNI: done in 21.7055 secs using 789.5% CPU
Optimizing NNI: done in 23.5834 secs using 788.3% CPU
Optimizing NNI: done in 24.7572 secs using 789.9% CPU
Optimizing NNI: done in 20.3026 secs using 790% CPU
Optimizing NNI: done in 23.3362 secs using 790% CPU
Optimizing NNI: done in 23.968 secs using 789.7% CPU
Optimizing NNI: done in 26.0658 secs using 789.7% CPU
Optimizing NNI: done in 23.0126 secs using 789.4% CPU
Optimizing NNI: done in 25.2983 secs using 789.3% CPU
Optimizing NNI: done in 23.23 secs using 789.8% CPU
Iteration 610 / LogL: -59891.556 / Time: 7h:5m:50s (0h:38m:6s left)
Optimizing NNI: done in 24.1515 secs using 790.1% CPU
Optimizing NNI: done in 31.0231 secs using 790.8% CPU
Optimizing NNI: done in 22.7486 secs using 789.1% CPU
Optimizing NNI: done in 23.7395 secs using 790.3% CPU
Optimizing NNI: done in 22.0185 secs using 790.3% CPU
Optimizing NNI: done in 23.0345 secs using 790.2% CPU
Optimizing NNI: done in 29.1389 secs using 791.3% CPU
Estimate model parameters (epsilon = 0.100)
BETTER TREE FOUND at iteration 617: -59855.335
Optimizing NNI: done in 22.1816 secs using 790.5% CPU
Optimizing NNI: done in 18.2657 secs using 790.4% CPU
Optimizing NNI: done in 32.6847 secs using 790.4% CPU
Iteration 620 / LogL: -59905.336 / Time: 7h:10m:9s (0h:41m:5s left)
Optimizing NNI: done in 25.8518 secs using 790.6% CPU
Optimizing NNI: done in 25.4854 secs using 790.1% CPU
Optimizing NNI: done in 25.4485 secs using 790.8% CPU
Optimizing NNI: done in 27.744 secs using 791% CPU
Optimizing NNI: done in 26.0829 secs using 791% CPU
Optimizing NNI: done in 26.9456 secs using 790.5% CPU
Optimizing NNI: done in 23.0707 secs using 789.9% CPU
Optimizing NNI: done in 23.5259 secs using 789.6% CPU
Optimizing NNI: done in 22.0948 secs using 789.9% CPU
Optimizing NNI: done in 21.3215 secs using 788.9% CPU
Iteration 630 / LogL: -59942.230 / Time: 7h:14m:23s (0h:36m:51s left)
Optimizing NNI: done in 21.997 secs using 790.7% CPU
Optimizing NNI: done in 27.4233 secs using 790.4% CPU
Optimizing NNI: done in 17.9307 secs using 788% CPU
Optimizing NNI: done in 22.3129 secs using 788.8% CPU
Optimizing NNI: done in 21.526 secs using 788.9% CPU
Optimizing NNI: done in 25.4017 secs using 789.2% CPU
Optimizing NNI: done in 31.5014 secs using 789.6% CPU
Optimizing NNI: done in 24.4096 secs using 789.9% CPU
Optimizing NNI: done in 22.8537 secs using 789.6% CPU
Optimizing NNI: done in 26.8552 secs using 790.4% CPU
Iteration 640 / LogL: -60042.058 / Time: 7h:18m:30s (0h:32m:36s left)
Optimizing NNI: done in 23.3232 secs using 789.2% CPU
Optimizing NNI: done in 21.5689 secs using 790.1% CPU
Optimizing NNI: done in 27.6718 secs using 790.9% CPU
Optimizing NNI: done in 23.424 secs using 789% CPU
Optimizing NNI: done in 25.0318 secs using 788.9% CPU
Optimizing NNI: done in 21.1047 secs using 788% CPU
Optimizing NNI: done in 21.3109 secs using 788% CPU
Optimizing NNI: done in 31.1241 secs using 790.6% CPU
Optimizing NNI: done in 21.6397 secs using 788.3% CPU
Optimizing NNI: done in 23.41 secs using 787.7% CPU
Iteration 650 / LogL: -59903.515 / Time: 7h:22m:35s (0h:28m:21s left)
Log-likelihood cutoff on original alignment: -59966.433
Optimizing NNI: done in 22.6781 secs using 788.5% CPU
Optimizing NNI: done in 20.3198 secs using 788.6% CPU
Optimizing NNI: done in 26.3753 secs using 789.1% CPU
Optimizing NNI: done in 18.0611 secs using 789.2% CPU
Optimizing NNI: done in 23.7381 secs using 790.8% CPU
Optimizing NNI: done in 19.7051 secs using 791.2% CPU
Optimizing NNI: done in 21.375 secs using 791.2% CPU
Optimizing NNI: done in 20.5555 secs using 788.2% CPU
Optimizing NNI: done in 26.7423 secs using 788.5% CPU
Optimizing NNI: done in 25.4368 secs using 788.7% CPU
Iteration 660 / LogL: -59904.619 / Time: 7h:26m:29s (0h:24m:5s left)
Optimizing NNI: done in 22.9724 secs using 790.6% CPU
Optimizing NNI: done in 21.3415 secs using 789.5% CPU
Optimizing NNI: done in 21.0193 secs using 789% CPU
Optimizing NNI: done in 26.7223 secs using 791.3% CPU
Optimizing NNI: done in 19.7313 secs using 790.2% CPU
Optimizing NNI: done in 20.5348 secs using 788.4% CPU
Optimizing NNI: done in 23.748 secs using 788.6% CPU
Optimizing NNI: done in 20.5769 secs using 789.4% CPU
Optimizing NNI: done in 30.0722 secs using 789.6% CPU
Optimizing NNI: done in 26.7686 secs using 790.3% CPU
Iteration 670 / LogL: -59909.694 / Time: 7h:30m:28s (0h:19m:50s left)
Optimizing NNI: done in 19.3768 secs using 787.6% CPU
Optimizing NNI: done in 23.0381 secs using 789.4% CPU
Optimizing NNI: done in 34.9322 secs using 791.1% CPU
Optimizing NNI: done in 25.5765 secs using 790.8% CPU
Optimizing NNI: done in 25.505 secs using 791.3% CPU
Optimizing NNI: done in 23.1043 secs using 791.2% CPU
Optimizing NNI: done in 22.9998 secs using 790.9% CPU
Optimizing NNI: done in 25.7267 secs using 790.4% CPU
Optimizing NNI: done in 20.1667 secs using 789.1% CPU
Optimizing NNI: done in 22.3302 secs using 791.4% CPU
Iteration 680 / LogL: -59893.033 / Time: 7h:34m:37s (0h:15m:37s left)
Optimizing NNI: done in 24.2175 secs using 790.4% CPU
Optimizing NNI: done in 23.8838 secs using 790.2% CPU
Optimizing NNI: done in 25.257 secs using 789% CPU
Optimizing NNI: done in 22.9661 secs using 789.4% CPU
Optimizing NNI: done in 25.586 secs using 791.2% CPU
Optimizing NNI: done in 20.9547 secs using 790.6% CPU
Optimizing NNI: done in 23.787 secs using 791.8% CPU
Optimizing NNI: done in 23.6871 secs using 791.2% CPU
Optimizing NNI: done in 17.8052 secs using 789.1% CPU
Optimizing NNI: done in 20.8695 secs using 791.3% CPU
Iteration 690 / LogL: -59887.370 / Time: 7h:38m:32s (0h:11m:23s left)
Optimizing NNI: done in 24.0122 secs using 791.2% CPU
Optimizing NNI: done in 27.4944 secs using 789.2% CPU
Optimizing NNI: done in 15.4262 secs using 789.2% CPU
Optimizing NNI: done in 28.371 secs using 791% CPU
Optimizing NNI: done in 22.0902 secs using 790.5% CPU
Optimizing NNI: done in 23.5948 secs using 791.5% CPU
Optimizing NNI: done in 20.7724 secs using 791.1% CPU
Optimizing NNI: done in 24.789 secs using 790.2% CPU
Optimizing NNI: done in 19.5584 secs using 790.6% CPU
Optimizing NNI: done in 20.0253 secs using 790.8% CPU
Iteration 700 / LogL: -59964.613 / Time: 7h:42m:23s (0h:7m:9s left)
Log-likelihood cutoff on original alignment: -59966.433
NOTE: Bootstrap correlation coefficient of split occurrence frequencies: 0.971
NOTE: UFBoot does not converge, continue at least 100 more iterations
Optimizing NNI: done in 20.9691 secs using 790.7% CPU
Optimizing NNI: done in 18.1398 secs using 790.6% CPU
Optimizing NNI: done in 23.6732 secs using 791% CPU
Estimate model parameters (epsilon = 0.100)
BETTER TREE FOUND at iteration 703: -59851.298
Optimizing NNI: done in 25.9794 secs using 791.4% CPU
Optimizing NNI: done in 18.2627 secs using 789% CPU
Optimizing NNI: done in 22.2563 secs using 790.3% CPU
Optimizing NNI: done in 28.7524 secs using 791.6% CPU
Optimizing NNI: done in 24.6889 secs using 790.3% CPU
Optimizing NNI: done in 23.8782 secs using 791.4% CPU
Optimizing NNI: done in 18.9295 secs using 790.1% CPU
Iteration 710 / LogL: -59889.676 / Time: 7h:46m:23s (0h:39m:8s left)
Optimizing NNI: done in 26.5064 secs using 791% CPU
Optimizing NNI: done in 24.8612 secs using 791.6% CPU
Optimizing NNI: done in 25.8723 secs using 792% CPU
Optimizing NNI: done in 21.5167 secs using 791.5% CPU
Optimizing NNI: done in 21.9432 secs using 791.4% CPU
Optimizing NNI: done in 24.5256 secs using 791.9% CPU
Optimizing NNI: done in 17.3148 secs using 792.2% CPU
Optimizing NNI: done in 18.9814 secs using 791.6% CPU
Optimizing NNI: done in 21.024 secs using 792.2% CPU
Optimizing NNI: done in 18.6576 secs using 791.2% CPU
Iteration 720 / LogL: -59878.276 / Time: 7h:50m:10s (0h:34m:53s left)
Optimizing NNI: done in 26.0847 secs using 792.2% CPU
Optimizing NNI: done in 27.8301 secs using 792.4% CPU
Optimizing NNI: done in 25.6197 secs using 791.7% CPU
Optimizing NNI: done in 24.0097 secs using 791.7% CPU
Optimizing NNI: done in 26.8253 secs using 792% CPU
Optimizing NNI: done in 21.6008 secs using 791.8% CPU
Optimizing NNI: done in 21.1085 secs using 791.7% CPU
Optimizing NNI: done in 25.7239 secs using 791.8% CPU
Optimizing NNI: done in 19.9589 secs using 791.7% CPU
Optimizing NNI: done in 36.6716 secs using 792.3% CPU
Iteration 730 / LogL: -59888.936 / Time: 7h:54m:32s (0h:30m:42s left)
Optimizing NNI: done in 27.0893 secs using 791.9% CPU
Optimizing NNI: done in 23.8331 secs using 791.7% CPU
Optimizing NNI: done in 22.4729 secs using 790.8% CPU
Optimizing NNI: done in 24.6174 secs using 792.2% CPU
Optimizing NNI: done in 19.9023 secs using 791.7% CPU
Optimizing NNI: done in 24.5925 secs using 791.9% CPU
Optimizing NNI: done in 24.5624 secs using 791.9% CPU
Optimizing NNI: done in 22.9425 secs using 792.1% CPU
Optimizing NNI: done in 27.6613 secs using 791.9% CPU
Optimizing NNI: done in 23.58 secs using 792.1% CPU
Iteration 740 / LogL: -59890.540 / Time: 7h:58m:39s (0h:26m:29s left)
Optimizing NNI: done in 20.8959 secs using 791.1% CPU
Optimizing NNI: done in 26.4939 secs using 791.5% CPU
Optimizing NNI: done in 21.0049 secs using 791.4% CPU
Optimizing NNI: done in 21.5317 secs using 791.2% CPU
Optimizing NNI: done in 19.8359 secs using 791.4% CPU
Optimizing NNI: done in 25.0307 secs using 791.7% CPU
Optimizing NNI: done in 17.1165 secs using 790.9% CPU
Optimizing NNI: done in 22.1547 secs using 792.2% CPU
Optimizing NNI: done in 24.9431 secs using 791.7% CPU
Optimizing NNI: done in 24.7903 secs using 792.1% CPU
Iteration 750 / LogL: -59880.305 / Time: 8h:2m:29s (0h:22m:15s left)
Log-likelihood cutoff on original alignment: -59966.433
Optimizing NNI: done in 25.6779 secs using 791.8% CPU
Optimizing NNI: done in 23.7748 secs using 791.3% CPU
Optimizing NNI: done in 23.9927 secs using 791.4% CPU
Optimizing NNI: done in 23.4681 secs using 791.1% CPU
Optimizing NNI: done in 20.6557 secs using 791.7% CPU
Optimizing NNI: done in 21.7684 secs using 791.2% CPU
Optimizing NNI: done in 23.0108 secs using 792% CPU
Optimizing NNI: done in 21.3499 secs using 791.4% CPU
Optimizing NNI: done in 27.1163 secs using 791.9% CPU
Optimizing NNI: done in 23.9197 secs using 792% CPU
Iteration 760 / LogL: -59874.467 / Time: 8h:6m:33s (0h:18m:3s left)
Optimizing NNI: done in 24.3336 secs using 791.6% CPU
Optimizing NNI: done in 22.6831 secs using 791.4% CPU
Optimizing NNI: done in 23.5624 secs using 791.7% CPU
Optimizing NNI: done in 19.5553 secs using 792.1% CPU
Optimizing NNI: done in 22.9235 secs using 791.3% CPU
Optimizing NNI: done in 24.9016 secs using 791.9% CPU
Optimizing NNI: done in 22.8741 secs using 791.6% CPU
Optimizing NNI: done in 20.0971 secs using 791.5% CPU
Optimizing NNI: done in 23.7663 secs using 791.6% CPU
Optimizing NNI: done in 22.6349 secs using 791.6% CPU
Iteration 770 / LogL: -59868.091 / Time: 8h:10m:27s (0h:13m:50s left)
Optimizing NNI: done in 28.2569 secs using 791.7% CPU
Optimizing NNI: done in 21.3424 secs using 791.4% CPU
Optimizing NNI: done in 26.121 secs using 792.1% CPU
Optimizing NNI: done in 19.2889 secs using 791.5% CPU
Optimizing NNI: done in 20.715 secs using 791.4% CPU
Optimizing NNI: done in 22.6306 secs using 791.9% CPU
Optimizing NNI: done in 20.7133 secs using 791.5% CPU
Optimizing NNI: done in 16.87 secs using 791.3% CPU
Optimizing NNI: done in 26.3417 secs using 791.6% CPU
Optimizing NNI: done in 25.2559 secs using 791.7% CPU
Iteration 780 / LogL: -59948.830 / Time: 8h:14m:21s (0h:9m:38s left)
Optimizing NNI: done in 21.2749 secs using 791.9% CPU
Optimizing NNI: done in 23.7429 secs using 791.2% CPU
Optimizing NNI: done in 17.5577 secs using 790.9% CPU
Optimizing NNI: done in 18.4202 secs using 790.3% CPU
Optimizing NNI: done in 24.4888 secs using 790.2% CPU
Estimate model parameters (epsilon = 0.100)
BETTER TREE FOUND at iteration 785: -59850.821
Optimizing NNI: done in 21.0658 secs using 790.7% CPU
Optimizing NNI: done in 21.7372 secs using 791% CPU
Optimizing NNI: done in 17.9805 secs using 788.7% CPU
Optimizing NNI: done in 25.9973 secs using 788.8% CPU
Optimizing NNI: done in 19.3774 secs using 788.8% CPU
Iteration 790 / LogL: -59885.210 / Time: 8h:18m:6s (0h:39m:45s left)
Optimizing NNI: done in 19.6632 secs using 788.5% CPU
Optimizing NNI: done in 21.5419 secs using 789.1% CPU
Optimizing NNI: done in 22.0019 secs using 788.2% CPU
Optimizing NNI: done in 19.3949 secs using 788.5% CPU
Optimizing NNI: done in 22.1083 secs using 788.8% CPU
Optimizing NNI: done in 24.9098 secs using 788.9% CPU
Optimizing NNI: done in 17.9317 secs using 788.2% CPU
Optimizing NNI: done in 24.3939 secs using 788.6% CPU
Optimizing NNI: done in 20.6295 secs using 789.6% CPU
Optimizing NNI: done in 18.044 secs using 788.4% CPU
Iteration 800 / LogL: -59950.384 / Time: 8h:21m:43s (0h:35m:30s left)
Log-likelihood cutoff on original alignment: -59966.433
NOTE: Bootstrap correlation coefficient of split occurrence frequencies: 0.969
NOTE: UFBoot does not converge, continue at least 100 more iterations
Optimizing NNI: done in 27.4162 secs using 790% CPU
Estimate model parameters (epsilon = 0.100)
BETTER TREE FOUND at iteration 801: -59847.619
Optimizing NNI: done in 22.326 secs using 788.3% CPU
Estimate model parameters (epsilon = 0.100)
BETTER TREE FOUND at iteration 802: -59844.662
Optimizing NNI: done in 22.3051 secs using 787.6% CPU
Optimizing NNI: done in 22.0701 secs using 788.9% CPU
Optimizing NNI: done in 18.0579 secs using 788% CPU
Optimizing NNI: done in 24.2382 secs using 787.8% CPU
Optimizing NNI: done in 21.0592 secs using 787.2% CPU
Optimizing NNI: done in 22.1597 secs using 788.1% CPU
Optimizing NNI: done in 20.2881 secs using 787.3% CPU
Optimizing NNI: done in 26.7359 secs using 788.5% CPU
Iteration 810 / LogL: -59893.531 / Time: 8h:25m:53s (0h:38m:25s left)
Optimizing NNI: done in 26.0167 secs using 790.2% CPU
Optimizing NNI: done in 21.6009 secs using 789.2% CPU
Optimizing NNI: done in 24.0548 secs using 790.2% CPU
Optimizing NNI: done in 19.2833 secs using 790.5% CPU
Optimizing NNI: done in 16.9245 secs using 790.7% CPU
Optimizing NNI: done in 21.2236 secs using 790.6% CPU
Optimizing NNI: done in 26.7653 secs using 790.2% CPU
Optimizing NNI: done in 19.6243 secs using 789.6% CPU
Optimizing NNI: done in 23.944 secs using 791% CPU
Optimizing NNI: done in 23.1704 secs using 790.2% CPU
Iteration 820 / LogL: -59889.800 / Time: 8h:29m:42s (0h:34m:13s left)
Optimizing NNI: done in 22.5834 secs using 790.3% CPU
Optimizing NNI: done in 23.1363 secs using 790.5% CPU
Optimizing NNI: done in 16.6726 secs using 790.1% CPU
Optimizing NNI: done in 24.7091 secs using 791.4% CPU
Optimizing NNI: done in 23.0143 secs using 790.4% CPU
Optimizing NNI: done in 28.6462 secs using 790.6% CPU
Optimizing NNI: done in 26.2724 secs using 790.8% CPU
